dataset_family,file_module_id,code_churn,commit_count,num_developers,bugfix_commit_count,days_since_last_modified,lines_added,lines_deleted,numberOfRefactoringsUntil,maxLinesAddedUntil,avgLinesAddedUntil,maxLinesRemovedUntil,avgLinesRemovedUntil,maxCodeChurnUntil,avgCodeChurnUntil,weightedAgeWithRespectTo,numberOfBugsFoundUntil,numberOfNonTrivialBugsFoundUntil,numberOfMajorBugsFoundUntil,numberOfCriticalBugsFoundUntil,numberOfHighPriorityBugsFoundUntil,CvsEntropy,CvsWEntropy,CvsLinEntropy,CvsLogEntropy,CvsExpEntropy
aeeem,org::eclipse::pde::internal::core::text::toc::TocAnchor,161.0,5,2,0,59.5714,185.0,24.0,0,95.0,37.0,20.0,4.8,95.0,32.2,0.96139,0,0,0,0,0,3.71677,0.0116199,0.0160982,0.117977,0.0417074
aeeem,org::eclipse::pde::internal::ui::editor::SystemFileEditorInputFactory,10.0,10,7,1,335.286,22.0,12.0,0,10.0,2.2,3.0,1.2,10.0,1.0,121.584,0,0,0,0,0,6.41569,0.00243687,0.0163241,0.169334,0.0343568
aeeem,org::eclipse::pde::internal::ui::editor::cheatsheet::simple::actions::SimpleCSRemoveRunObjectAction,-7.0,2,2,0,103.429,8.0,15.0,0,8.0,4.0,15.0,7.5,0.0,-3.5,69.2857,1,1,0,0,0,1.76682,0.000573661,0.0100966,0.0617154,0.0339284
aeeem,org::eclipse::pde::internal::ui::editor::outline::QuickOutlineNamePatternFilter,-8.0,2,2,0,92.2857,10.0,18.0,0,10.0,5.0,18.0,9.0,0.0,-4.0,58.1429,1,0,0,0,0,1.76682,0.000698369,0.0100966,0.0617154,0.0339284
aeeem,org::eclipse::pde::internal::ui::tests::macro::FocusCommand,3.0,5,3,0,183.857,14.0,11.0,0,6.0,2.8,5.0,2.2,2.0,0.6,103.633,0,0,0,0,0,6.01575,0.00555764,0.0177997,0.167057,0.0373325
aeeem,org::eclipse::pde::internal::ui::build::ProductExportJob,-248.0,75,5,0,188.143,1019.0,1267.0,0,107.0,13.5867,559.0,16.8933,104.0,-3.30667,16.434,8,5,0,0,0,21.9852,0.487638,0.0409818,0.542209,0.0434607
aeeem,org::eclipse::pde::internal::ui::PDEUIMessages,1473.0,410,8,15,178.714,2715.0,1242.0,7,81.0,6.62195,326.0,3.02927,81.0,3.59268,68.0586,232,143,7,0,0,58.1518,0.575244,0.287622,5.64663,0.595488
aeeem,org::eclipse::pde::internal::ui::wizards::tools::ConvertedProjectWizard,4.0,10,5,0,240.714,42.0,38.0,0,17.0,4.2,18.0,3.8,3.0,0.4,115.966,1,1,0,0,0,7.72196,0.00473706,0.0177746,0.198359,0.0343746
aeeem,org::eclipse::pde::internal::ui::correction::OrganizeExportPackageResolution,1.0,8,3,1,150.429,21.0,20.0,1,10.0,2.625,6.0,2.5,10.0,0.125,32.0612,1,0,0,0,0,6.4354,0.00661633,0.0172875,0.173563,0.0347422
aeeem,org::eclipse::pde::internal::ui::views::plugins::JavaSearchOperation,-39.0,5,3,0,85.2857,12.0,51.0,0,8.0,2.4,46.0,10.2,6.0,-7.8,31.7857,3,3,0,0,0,4.51037,0.00871249,0.0197511,0.14367,0.0516451
aeeem,org::eclipse::pde::internal::ui::editor::PDEFormTextEditorContributor,34.0,6,3,0,113.286,82.0,48.0,0,50.0,13.6667,42.0,8.0,50.0,5.66667,38.7613,3,0,0,0,0,7.63864,0.0174392,0.0239307,0.218025,0.0447282
aeeem,org::eclipse::pde::internal::core::builders::SchemaErrorReporter,25.0,8,5,0,133.571,107.0,82.0,0,49.0,13.375,63.0,10.25,33.0,3.125,87.9239,5,4,0,0,0,10.3932,0.0289439,0.0341136,0.300803,0.0684971
aeeem,org::eclipse::pde::internal::core::cheatsheet::comp::CompCSDependency,4.0,5,3,0,102.0,14.0,10.0,0,8.0,2.8,8.0,2.0,8.0,0.8,24.8776,2,2,0,0,0,6.12275,0.00547908,0.020705,0.179163,0.04143
aeeem,org::eclipse::pde::internal::ui::editor::target::ArgumentsSection,26.0,9,4,0,144.286,79.0,53.0,0,32.0,8.77778,42.0,5.88889,26.0,2.88889,74.7306,2,0,0,0,0,8.98492,0.0192032,0.0257861,0.249354,0.0451591
aeeem,org::eclipse::pde::internal::core::product::ArgumentsInfo,183.0,7,4,0,186.714,314.0,131.0,0,106.0,44.8571,88.0,18.7143,91.0,26.1429,70.7525,1,0,0,0,0,4.87416,0.0423102,0.013344,0.130918,0.0310698
aeeem,org::eclipse::pde::internal::core::search::ExtensionPluginSearchScope,87.0,6,3,1,64.0,94.0,7.0,0,39.0,15.6667,5.0,1.16667,39.0,14.5,7.75988,4,4,0,0,0,5.85726,0.0236388,0.0247221,0.184515,0.061849
aeeem,org::eclipse::ui::internal::views::log::Messages,31.0,17,1,1,49.4286,44.0,13.0,0,9.0,2.58824,7.0,0.764706,8.0,1.82353,13.8409,13,6,0,0,0,7.94205,0.0098549,0.0457686,0.277405,0.152188
aeeem,org::eclipse::pde::internal::ui::wizards::plugin::PluginContentPage,251.0,45,8,1,222.0,986.0,735.0,1,179.0,21.9111,150.0,16.3333,91.0,5.57778,104.763,14,11,3,1,0,22.9998,0.191977,0.0844452,0.660711,0.220466
aeeem,org::eclipse::pde::internal::ui::wizards::ctxhelp::NewCtxHelpOperation,0.0,1,1,0,33.1429,0.0,0.0,0,0.0,0.0,0.0,0.0,0.0,0.0,0.0,1,0,0,0,0,0.0,0.0,0.0,0.0,0.0
aeeem,org::eclipse::pde::internal::core::build::Build,10.0,12,7,1,335.286,81.0,71.0,0,47.0,6.75,41.0,5.91667,6.0,0.833333,133.847,0,0,0,0,0,6.42599,0.00396796,0.0158461,0.168539,0.0313813
aeeem,org::eclipse::pde::internal::ui::editor::cheatsheet::simple::details::SimpleCSItemDetails,-202.0,31,4,0,104.286,472.0,674.0,0,105.0,15.2258,378.0,21.7419,75.0,-6.51613,27.5042,23,9,0,0,0,15.7896,0.212011,0.0445231,0.439259,0.0636045
aeeem,org::eclipse::pde::internal::runtime::spy::dialogs::SpyDialog,-271.0,17,1,0,52.4286,126.0,397.0,3,23.0,7.41176,326.0,23.3529,22.0,-15.9412,10.4875,5,3,0,0,0,8.96501,0.177304,0.0603233,0.329377,0.209759
aeeem,org::eclipse::pde::internal::ui::build::BuildFeatureAction,-32.0,36,5,0,240.714,176.0,208.0,0,17.0,4.88889,37.0,5.77778,15.0,-0.888889,65.1428,9,9,0,0,0,18.6755,0.0320414,0.0389264,0.472019,0.0534281
aeeem,org::eclipse::pde::ui::launcher::EquinoxLaunchConfiguration,210.0,39,4,0,155.429,627.0,417.0,2,185.0,16.0769,91.0,10.6923,185.0,5.38462,41.0601,11,11,4,1,0,21.0216,0.162209,0.0722067,0.604907,0.1722
aeeem,org::eclipse::pde::internal::core::exports::FeatureExportInfo,2.0,5,3,0,128.143,15.0,13.0,0,11.0,3.0,11.0,2.6,1.0,0.4,83.4857,2,1,0,0,0,5.98814,0.00344743,0.027985,0.189977,0.0871514
aeeem,org::eclipse::pde::internal::ui::launcher::ProgramBlock,372.0,15,3,0,156.429,440.0,68.0,0,191.0,29.3333,45.0,4.53333,191.0,24.8,13.2305,2,2,0,0,0,11.1043,0.0350077,0.0294145,0.301086,0.0468669
aeeem,org::eclipse::pde::internal::ui::PDEPlugin,-151.0,61,8,1,335.286,592.0,743.0,1,62.0,9.70492,176.0,12.1803,53.0,-2.47541,156.247,8,6,1,0,0,22.1695,0.127705,0.0650466,0.608177,0.142486
aeeem,org::eclipse::pde::internal::core::text::bundle::ExportPackageObject,438.0,18,5,1,151.143,706.0,268.0,0,157.0,39.2222,160.0,14.8889,121.0,24.3333,60.9278,7,6,0,0,0,14.0182,0.153476,0.0431189,0.396183,0.0851413
aeeem,org::eclipse::pde::internal::ui::wizards::product::NewProductFileAction,13.0,6,3,1,169.0,22.0,9.0,0,10.0,3.66667,6.0,1.5,10.0,2.16667,74.5844,0,0,0,0,0,5.32582,0.00301835,0.015453,0.14652,0.0344466
aeeem,org::eclipse::pde::internal::ui::search::dependencies::AddNewDependenciesAction,2.0,3,3,0,128.429,21.0,19.0,0,11.0,7.0,19.0,6.33333,10.0,0.666667,49.8639,0,0,0,0,0,3.18664,0.00253204,0.0122967,0.0957854,0.0341758
aeeem,org::eclipse::pde::internal::ui::tests::macro::NewMacroWizard,3.0,4,3,0,183.857,18.0,15.0,0,10.0,4.5,9.0,3.75,2.0,0.75,116.056,0,0,0,0,0,4.68802,0.00595426,0.0163329,0.13759,0.0373153
aeeem,org::eclipse::pde::internal::ui::editor::feature::PluginSection,181.0,54,9,1,335.286,775.0,594.0,0,195.0,14.3519,127.0,11.0,79.0,3.35185,138.62,24,20,1,0,2,16.953,0.107788,0.0361462,0.432626,0.0444842
aeeem,org::eclipse::pde::internal::core::text::bundle::SingleManifestHeader,163.0,12,4,0,151.0,277.0,114.0,0,116.0,23.0833,58.0,9.5,116.0,13.5833,21.1171,2,1,0,0,0,7.10446,0.0319829,0.0198681,0.194702,0.0377208
aeeem,org::eclipse::pde::internal::ui::refactoring::ManifestPackageMoveParticipant,54.0,12,2,0,158.0,94.0,40.0,1,34.0,7.83333,23.0,3.33333,34.0,4.5,25.3055,2,1,0,0,0,12.8088,0.0266778,0.0340185,0.34727,0.0555389
aeeem,org::eclipse::pde::internal::core::plugin::Fragment,36.0,34,8,2,335.286,204.0,168.0,1,30.0,6.0,38.0,4.94118,10.0,1.05882,133.715,4,4,0,0,0,12.3547,0.0114085,0.0297891,0.324343,0.049381
aeeem,org::eclipse::pde::internal::ui::editor::site::SiteEditor,191.0,42,9,1,302.571,657.0,466.0,0,203.0,15.6429,141.0,11.0952,194.0,4.54762,88.4264,8,7,2,0,0,17.2555,0.038878,0.0380987,0.44291,0.0543633
aeeem,org::eclipse::pde::internal::core::target::TargetObject,-1.0,5,3,0,144.857,8.0,9.0,1,4.0,1.6,6.0,1.8,1.0,-0.2,94.2143,1,1,0,0,0,6.09363,0.00329454,0.0232348,0.185614,0.0518362
aeeem,org::eclipse::pde::ui::launcher::MainTab,308.0,24,4,0,156.571,937.0,629.0,0,640.0,39.0417,564.0,26.2083,640.0,12.8333,11.344,7,4,0,0,0,17.0132,0.127028,0.0906105,0.560387,0.227326
aeeem,org::eclipse::pde::internal::ui::editor::context::XMLDocumentSetupParticpant,13.0,7,4,0,187.143,28.0,15.0,0,10.0,4.0,5.0,2.14286,10.0,1.85714,65.3571,1,1,0,0,0,9.16205,0.00559238,0.0224331,0.240619,0.0410128
aeeem,org::eclipse::pde::internal::ui::editor::build::JARFileFilter,14.0,10,5,0,263.429,52.0,38.0,0,18.0,5.2,20.0,3.8,11.0,1.4,112.464,1,1,0,0,0,7.83167,0.00405687,0.0182508,0.202284,0.0344576
aeeem,org::eclipse::pde::internal::ui::templates::osgi::OSGiPreferencesServiceTemplate,-7.0,2,2,0,95.5714,14.0,21.0,1,14.0,7.0,21.0,10.5,0.0,-3.5,58.5714,2,0,0,0,0,1.56044,0.00581974,0.00803114,0.0525856,0.0247077
aeeem,org::eclipse::pde::internal::core::text::toc::TocLink,205.0,5,2,0,59.5714,242.0,37.0,0,118.0,48.4,23.0,7.4,118.0,41.0,1.63872,0,0,0,0,0,3.71677,0.0150895,0.0160982,0.117977,0.0417074
aeeem,org::eclipse::pde::internal::ui::wizards::extension::ExtensionEditorSelectionPage,5.0,10,6,0,227.0,42.0,37.0,0,10.0,4.2,9.0,3.7,3.0,0.5,71.4558,0,0,0,0,0,9.36692,0.00986558,0.0197926,0.235736,0.0344271
aeeem,org::eclipse::pde::internal::core::text::bundle::BundleClasspathHeader,71.0,7,3,0,151.143,106.0,35.0,0,49.0,15.1429,14.0,5.0,49.0,10.1429,20.6159,1,0,0,0,0,5.36088,0.0112258,0.0176093,0.153661,0.0410516
aeeem,org::eclipse::pde::internal::ui::wizards::RenameDialog,96.0,16,7,0,246.571,204.0,108.0,0,75.0,12.75,71.0,6.75,69.0,6.0,99.1989,3,3,0,0,0,13.5092,0.0461181,0.039444,0.362505,0.100537
aeeem,org::eclipse::pde::internal::ui::editor::site::SiteInputContext,-1.0,12,7,0,227.429,96.0,97.0,0,54.0,8.0,52.0,8.08333,4.0,-0.0833333,70.3393,1,1,0,0,0,8.39741,0.005304,0.0196272,0.217436,0.0354069
aeeem,org::eclipse::pde::internal::ui::wizards::target::TargetDefinitionFromTargetOperation,9.0,5,4,0,136.286,17.0,8.0,0,10.0,3.4,6.0,1.6,10.0,1.8,34.1597,1,1,0,0,0,5.70432,0.0031823,0.0167261,0.157991,0.0353891
aeeem,org::eclipse::pde::internal::ui::refactoring::ResourceMoveParticipant,4.0,5,2,0,98.2857,41.0,37.0,2,11.0,8.2,35.0,7.4,10.0,0.8,48.4634,2,0,0,0,0,5.2122,0.0144765,0.024863,0.169698,0.0746005
aeeem,org::eclipse::pde::internal::runtime::MessageHelper,0.0,1,1,0,43.5714,0.0,0.0,0,0.0,0.0,0.0,0.0,0.0,0.0,0.0,1,0,0,0,0,0.0,0.0,0.0,0.0,0.0
aeeem,org::eclipse::pde::internal::ui::editor::plugin::ExtensionContentProvider,80.0,2,1,0,36.0,80.0,0.0,0,80.0,40.0,0.0,0.0,80.0,40.0,0.0,0,0,0,0,0,1.77712,0.00311572,0.00961856,0.0609203,0.0309529
aeeem,org::eclipse::pde::internal::ui::editor::target::JRESection,78.0,15,5,0,144.286,196.0,118.0,0,45.0,13.0667,51.0,7.86667,43.0,5.2,56.9934,5,4,0,0,0,12.5528,0.0608909,0.0566341,0.389329,0.148516
aeeem,org::eclipse::pde::internal::ui::editor::plugin::RuntimePage,-10.0,28,7,0,227.429,136.0,146.0,0,25.0,4.85714,30.0,5.21429,12.0,-0.357143,78.4916,4,3,0,0,0,17.1566,0.0269107,0.0359634,0.434798,0.0472794
aeeem,org::eclipse::pde::internal::ui::editor::actions::HyperlinkAction,4.0,5,4,0,110.143,53.0,49.0,0,24.0,10.6,25.0,9.8,10.0,0.8,39.5687,3,1,0,0,0,5.38823,0.01693,0.0191494,0.159697,0.0421158
aeeem,org::eclipse::pde::internal::ui::wizards::tools::ExtensionPointMappings,7.0,8,5,0,240.714,41.0,34.0,0,17.0,5.125,17.0,4.25,10.0,0.875,62.4983,0,0,0,0,0,8.04434,0.00382388,0.0180291,0.205054,0.0343696
aeeem,org::eclipse::pde::internal::ui::wizards::feature::CreateFeatureProjectFromLaunchOperation,8.0,4,2,0,71.8571,26.0,18.0,0,11.0,6.5,13.0,4.5,9.0,2.0,27.3242,3,3,0,0,0,4.41939,0.0170584,0.0479936,0.197615,0.128048
aeeem,org::eclipse::pde::internal::core::text::plugin::PluginAttribute,320.0,13,5,0,151.143,410.0,90.0,0,130.0,31.5385,33.0,6.92308,130.0,24.6154,31.6415,4,3,1,0,0,12.3849,0.0642079,0.0339074,0.339617,0.0543606
aeeem,org::eclipse::pde::internal::ui::editor::text::ManifestConfiguration,132.0,32,4,3,147.429,254.0,122.0,0,78.0,7.9375,50.0,3.8125,74.0,4.125,32.0484,11,9,0,0,0,16.5679,0.0467654,0.0415204,0.440819,0.0673065
aeeem,org::eclipse::pde::internal::ui::editor::text::ExternalizedStringRule,-3.0,2,2,0,51.8571,5.0,8.0,0,5.0,2.5,8.0,4.0,0.0,-1.5,17.7143,1,0,0,0,0,1.76682,0.000324243,0.0100966,0.0617154,0.0339284
aeeem,org::eclipse::pde::internal::core::site::SiteObject,3.0,20,7,1,302.571,110.0,107.0,0,24.0,5.5,26.0,5.35,22.0,0.15,107.86,2,2,0,0,0,14.705,0.0129053,0.0333169,0.37988,0.0501621
aeeem,org::eclipse::pde::internal::core::variables::TargetOSVariableResolver,-1.0,2,2,0,69.0,1.0,2.0,0,1.0,0.5,2.0,1.0,0.0,-0.5,32.8571,1,1,1,0,0,1.77712,0.000116839,0.00961856,0.0609203,0.0309529
aeeem,org::eclipse::pde::internal::ui::editor::product::PluginSection,429.0,49,5,2,189.429,910.0,481.0,0,216.0,18.5714,162.0,9.81633,210.0,8.7551,49.2801,15,13,1,0,0,27.4268,0.222613,0.0555872,0.691779,0.0615408
aeeem,org::eclipse::pde::internal::ui::templates::ide::BuilderTemplate,6.0,7,4,0,95.5714,34.0,28.0,3,15.0,4.85714,24.0,4.0,15.0,0.857143,40.2227,4,1,0,0,0,6.33209,0.0169707,0.0229523,0.189626,0.0492202
aeeem,org::eclipse::pde::internal::core::natures::PluginProject,1.0,3,3,0,133.571,16.0,15.0,0,15.0,5.33333,14.0,5.0,1.0,0.333333,91.7232,1,1,0,0,0,3.19695,0.00148621,0.0118187,0.0949903,0.0312002
aeeem,org::eclipse::pde::internal::ui::wizards::plugin::NewLibraryPluginCreationOperation,197.0,29,5,2,175.857,613.0,416.0,1,232.0,21.1379,170.0,14.3448,199.0,6.7931,97.6434,8,7,0,0,0,21.8404,0.210853,0.0487781,0.563558,0.068871
aeeem,org::eclipse::pde::internal::ui::correction::ChooseClassXMLResolution,-7.0,11,4,2,128.286,26.0,33.0,2,10.0,2.36364,23.0,3.0,10.0,-0.636364,17.7967,2,0,0,0,0,9.25652,0.0108596,0.0285892,0.262784,0.0537596
aeeem,org::eclipse::pde::internal::ui::editor::contentassist::XMLElementProposalComputer,-26.0,4,2,0,100.143,53.0,79.0,0,40.0,13.25,66.0,19.75,0.0,-6.5,59.6846,3,0,0,0,0,4.385,0.00606564,0.0188731,0.138801,0.0486389
aeeem,org::eclipse::pde::internal::core::WorkspacePluginModelManager,754.0,19,4,2,92.5714,889.0,135.0,0,224.0,46.7895,102.0,7.10526,224.0,39.6842,16.5832,9,9,2,2,0,16.6538,0.152424,0.0567706,0.489805,0.109758
aeeem,org::eclipse::pde::internal::ui::editor::toc::actions::TocRemoveObjectAction,201.0,7,2,0,61.1429,216.0,15.0,0,100.0,30.8571,9.0,2.14286,100.0,28.7143,2.64087,0,0,0,0,0,4.33338,0.023859,0.0185353,0.13686,0.0475072
aeeem,org::eclipse::pde::internal::ui::wizards::plugin::NewPluginProjectWizard,7.0,35,8,0,240.714,293.0,286.0,0,76.0,8.37143,104.0,8.17143,22.0,0.2,69.0843,7,6,1,1,0,18.4091,0.0459401,0.0634261,0.522088,0.170188
aeeem,org::eclipse::pde::internal::ui::editor::build::BuildClasspathSection,44.0,38,8,2,263.429,715.0,671.0,0,146.0,18.8158,125.0,17.6579,82.0,1.15789,62.9702,6,3,0,0,0,17.8255,0.0436149,0.0373687,0.453107,0.0454314
aeeem,org::eclipse::pde::internal::ui::correction::AddSingletonToSymbolicName,107.0,10,3,1,150.571,123.0,16.0,1,52.0,12.3,6.0,1.6,52.0,10.7,9.13357,2,2,0,0,0,8.10954,0.0185241,0.0229354,0.223317,0.0424798
aeeem,org::eclipse::pde::internal::ui::views::dependencies::CallersContentProvider,-27.0,4,2,0,108.143,21.0,48.0,1,13.0,5.25,37.0,12.0,0.0,-6.75,36.4082,3,3,0,0,0,4.69981,0.0169326,0.0172661,0.140719,0.0394385
aeeem,org::eclipse::pde::internal::runtime::spy::SpyFormToolkit,174.0,10,1,0,52.1429,257.0,83.0,1,86.0,25.7,66.0,8.3,85.0,17.4,10.075,5,1,0,0,0,7.08412,0.0647126,0.0398057,0.244579,0.127607
aeeem,org::eclipse::pde::internal::runtime::registry::ServiceReferenceAdapter,0.0,1,1,0,20.0,0.0,0.0,0,0.0,0.0,0.0,0.0,0.0,0.0,0.0,1,0,0,0,0,0.0,0.0,0.0,0.0,0.0
aeeem,org::eclipse::pde::internal::ui::wizards::exports::BaseExportWizard,-121.0,48,7,1,297.571,920.0,1041.0,0,132.0,19.1667,305.0,21.6875,78.0,-2.52083,45.7129,7,7,1,0,1,12.0569,0.0697004,0.0227136,0.295255,0.0344309
aeeem,org::eclipse::pde::internal::ui::tests::macro::PlaybackAction,0.0,6,3,0,183.857,10.0,10.0,0,4.0,1.66667,4.0,1.66667,2.0,0.0,95.3429,0,0,0,0,0,7.26436,0.00506713,0.0191685,0.19472,0.0373481
aeeem,org::eclipse::pde::internal::ui::editor::plugin::rows::TranslatableAttributeRow,-1.0,2,2,0,109.286,3.0,4.0,0,3.0,1.5,4.0,2.0,0.0,-0.5,75.1429,1,0,0,0,0,1.76682,0.000174592,0.0100966,0.0617154,0.0339284
aeeem,org::eclipse::pde::internal::ui::wizards::product::NewProductFileWizard,13.0,13,5,0,191.143,53.0,40.0,0,13.0,4.07692,11.0,3.07692,10.0,1.0,44.8544,1,1,0,0,0,15.5592,0.0195871,0.0318389,0.39123,0.0431759
aeeem,org::eclipse::pde::internal::ui::wizards::site::NewSiteProjectWizard,-516.0,19,6,1,240.714,391.0,907.0,0,281.0,20.5789,516.0,47.7368,5.0,-27.1579,26.0142,3,3,0,0,0,10.2202,0.0121545,0.0206814,0.254429,0.0344335
aeeem,org::eclipse::pde::internal::core::util::Headers,-3.0,2,1,0,72.4286,2.0,5.0,0,2.0,1.0,5.0,2.5,0.0,-1.5,1.0,1,1,0,0,0,1.50465,0.00154681,0.0041253,0.0418317,0.00433591
aeeem,org::eclipse::pde::internal::core::site::WorkspaceSiteModel,8.0,22,9,1,302.571,107.0,99.0,0,24.0,4.86364,44.0,4.5,9.0,0.363636,137.402,2,1,0,0,0,8.48552,0.0318272,0.0192217,0.218306,0.0324314
aeeem,org::eclipse::pde::internal::ui::editor::schema::SchemaDtdDetailsSection,-7.0,2,2,0,60.2857,10.0,17.0,0,10.0,5.0,17.0,8.5,0.0,-3.5,26.1429,1,0,0,0,0,1.76682,0.000673428,0.0100966,0.0617154,0.0339284
aeeem,org::eclipse::pde::internal::core::util::XMLComponentRegistry,-1.0,2,2,0,110.429,25.0,26.0,0,25.0,12.5,26.0,13.0,0.0,-0.5,74.2857,1,1,0,0,0,1.77712,0.00198627,0.00961856,0.0609203,0.0309529
aeeem,org::eclipse::pde::internal::core::text::cheatsheet::simple::SimpleCSModel,15.0,8,3,0,59.2857,111.0,96.0,0,86.0,13.875,86.0,12.0,86.0,1.875,1.8314,1,0,0,0,0,4.41258,0.0154475,0.0185832,0.138856,0.0463837
aeeem,org::eclipse::pde::internal::ui::editor::build::SrcSection,-60.0,19,5,0,263.429,235.0,295.0,0,43.0,12.3684,89.0,15.5263,20.0,-3.15789,41.0887,1,1,0,0,0,7.72196,0.00444565,0.0177746,0.198359,0.0343746
aeeem,org::eclipse::pde::internal::core::search::PluginJavaSearchUtil,-15.0,14,6,1,180.571,72.0,87.0,0,23.0,5.14286,29.0,6.21429,14.0,-1.07143,64.8433,5,5,0,0,0,14.1511,0.0224982,0.030134,0.360466,0.0401246
aeeem,org::eclipse::pde::internal::core::text::bundle::BundleSymbolicNameHeader,109.0,6,3,0,151.0,124.0,15.0,0,52.0,20.6667,14.0,2.5,52.0,18.1667,10.7108,2,2,0,0,0,5.07878,0.00796279,0.0144447,0.13901,0.0313983
aeeem,org::eclipse::pde::internal::ui::editor::site::SiteUndoManager,-11.0,14,5,1,302.571,174.0,185.0,0,45.0,12.4286,58.0,13.2143,28.0,-0.785714,72.6289,0,0,0,0,0,4.22329,0.00333836,0.0127115,0.11579,0.033951
aeeem,org::eclipse::pde::internal::core::text::plugin::DocumentGenericNode,2.0,4,1,0,59.2857,34.0,32.0,0,31.0,8.5,31.0,8.0,31.0,0.5,0.252101,1,0,0,0,0,2.63545,0.00572814,0.00896467,0.0779359,0.0154308
aeeem,org::eclipse::pde::internal::core::plugin::Plugin,25.0,31,8,2,335.286,228.0,203.0,1,103.0,7.35484,100.0,6.54839,6.0,0.806452,97.2782,3,3,0,0,0,11.6831,0.00993753,0.0288014,0.308426,0.0492983
aeeem,org::eclipse::pde::internal::ui::tests::macro::WidgetIdentifier,6.0,2,2,0,183.857,11.0,5.0,0,11.0,5.5,5.0,2.5,6.0,3.0,148.0,0,0,0,0,0,1.77712,0.000623143,0.00961856,0.0609203,0.0309529
aeeem,org::eclipse::pde::internal::ui::editor::feature::EditorBuildFeatureAction,18.0,18,7,1,335.286,131.0,113.0,0,38.0,7.27778,43.0,6.27778,14.0,1.0,103.218,0,0,0,0,0,7.72196,0.00282017,0.0177746,0.198359,0.0343746
aeeem,org::eclipse::pde::internal::ui::search::ManifestEditorOpener,103.0,14,5,1,201.286,230.0,127.0,0,53.0,16.4286,33.0,9.07143,32.0,7.35714,123.433,7,4,0,0,0,10.3576,0.0651482,0.0390835,0.309082,0.104285
aeeem,org::eclipse::pde::internal::core::feature::Feature,324.0,46,8,3,335.286,970.0,646.0,0,176.0,21.087,178.0,14.0435,81.0,7.04348,113.183,13,13,3,0,1,20.5295,0.0980409,0.0641916,0.570897,0.152313
aeeem,org::eclipse::pde::internal::core::builders::ElementOccurenceChecker,36.0,4,2,0,100.143,198.0,162.0,0,94.0,49.5,146.0,40.5,80.0,9.0,30.6407,1,0,0,0,0,3.71865,0.0493813,0.0134989,0.110538,0.0323967
aeeem,org::eclipse::pde::internal::ui::refactoring::ContainerMoveParticipant,9.0,3,1,0,98.2857,10.0,1.0,1,10.0,3.33333,1.0,0.333333,10.0,3.0,2.85714,1,0,0,0,0,2.97312,0.00267786,0.0125834,0.09279,0.0349721
aeeem,org::eclipse::pde::internal::ui::templates::ide::ViewNewWizard,0.0,2,2,0,95.5714,2.0,2.0,1,2.0,1.0,2.0,1.0,0.0,0.0,58.5714,2,0,0,0,0,1.56044,0.000665113,0.00803114,0.0525856,0.0247077
aeeem,org::eclipse::pde::internal::ui::views::dependencies::DependenciesView,76.0,12,3,0,108.143,265.0,189.0,1,97.0,22.0833,135.0,15.75,49.0,6.33333,48.9294,13,12,0,0,0,6.85196,0.0542647,0.0230101,0.200102,0.0450851
aeeem,org::eclipse::pde::internal::ui::editor::toc::TocInputContextManager,86.0,3,1,0,61.1429,86.0,0.0,0,43.0,28.6667,0.0,0.0,43.0,28.6667,1.42857,0,0,0,0,0,2.56656,0.0102665,0.00843875,0.0751441,0.0135788
aeeem,org::eclipse::pde::internal::ui::editor::build::RuntimeInfoSection,20.0,60,7,1,263.429,3422.0,3402.0,0,490.0,57.0333,490.0,56.7,209.0,0.333333,53.676,13,11,1,0,0,18.208,0.185011,0.0372959,0.458825,0.0473298
aeeem,org::eclipse::pde::internal::ui::launcher::PluginBlock,399.0,23,4,0,155.857,580.0,181.0,0,168.0,25.2174,47.0,7.86956,168.0,17.3478,29.2953,7,6,1,0,0,12.4581,0.111078,0.0469926,0.370047,0.123234
aeeem,org::eclipse::pde::internal::ui::wizards::exports::FeatureDestinationTab,64.0,5,3,0,139.571,67.0,3.0,0,32.0,13.4,2.0,0.6,32.0,12.8,3.46482,0,0,0,0,0,4.43166,0.00824204,0.0140646,0.125048,0.0342961
aeeem,org::eclipse::pde::internal::ui::editor::feature::InfoSection,72.0,45,8,2,335.286,742.0,670.0,1,304.0,16.4889,223.0,14.8889,81.0,1.6,120.691,8,6,1,0,1,15.1921,0.0808413,0.0368833,0.400782,0.0554278
aeeem,org::eclipse::pde::internal::ui::editor::schema::SchemaOverviewPage,255.0,13,4,0,147.0,394.0,139.0,0,114.0,30.3077,84.0,10.6923,109.0,19.6154,45.653,3,2,0,0,0,11.1198,0.0558906,0.0295924,0.301819,0.0478237
aeeem,org::eclipse::pde::internal::ui::nls::ExternalizeStringsOperation,360.0,23,4,0,154.857,559.0,199.0,0,140.0,24.3043,48.0,8.65217,140.0,15.6522,37.1881,9,5,0,0,0,17.2562,0.105731,0.0551561,0.489061,0.120031
aeeem,org::eclipse::pde::internal::core::text::AbstractKeyValueTextChangeListener,20.0,4,3,0,129.429,50.0,30.0,0,33.0,12.5,23.0,7.5,10.0,5.0,60.6971,2,2,0,0,0,4.53091,0.00804301,0.0163445,0.134411,0.0389393
aeeem,org::eclipse::pde::internal::core::text::bundle::BundleModel,174.0,11,4,0,151.143,194.0,20.0,0,83.0,17.6364,7.0,1.81818,83.0,15.8182,11.8527,3,3,0,0,0,11.8519,0.0174869,0.0291747,0.315309,0.0413877
aeeem,org::eclipse::pde::internal::ui::templates::rcp::IntroTemplate,-10.0,5,4,0,95.5714,107.0,117.0,1,101.0,21.4,115.0,23.4,3.0,-2.0,57.0841,4,1,0,0,0,5.87009,0.0394107,0.0222232,0.178441,0.0492627
aeeem,org::eclipse::pde::internal::core::text::plugin::PluginExtensionNode,285.0,10,4,0,151.143,314.0,29.0,0,130.0,31.4,12.0,2.9,130.0,28.5,15.9236,2,1,0,0,0,8.42497,0.0269429,0.0273545,0.243099,0.0532619
aeeem,org::eclipse::pde::internal::core::text::bundle::ImportPackageObject,149.0,13,4,0,151.143,221.0,72.0,0,62.0,17.0,50.0,5.53846,62.0,11.4615,35.0976,1,1,0,0,0,8.47144,0.0229737,0.0233045,0.231447,0.0417032
aeeem,org::eclipse::pde::internal::ui::editor::cheatsheet::simple::details::SimpleCSIntroDetails,14.0,19,3,0,104.286,296.0,282.0,0,105.0,15.5789,115.0,14.8421,79.0,0.736842,32.4546,16,7,0,0,0,15.7896,0.107786,0.0445231,0.439259,0.0636045
aeeem,org::eclipse::pde::internal::ui::correction::DeletePluginBaseResolution,0.0,1,1,0,28.4286,0.0,0.0,0,0.0,0.0,0.0,0.0,0.0,0.0,0.0,1,0,0,0,0,0.0,0.0,0.0,0.0,0.0
aeeem,org::eclipse::pde::internal::core::text::bundle::Bundle,322.0,10,4,1,151.143,391.0,69.0,0,162.0,39.1,37.0,6.9,162.0,32.2,15.5722,2,2,0,0,0,10.9041,0.0331425,0.02671,0.289278,0.0390316
aeeem,org::eclipse::pde::internal::ui::compare::PluginStructureViewer,32.0,3,2,0,59.0,44.0,12.0,0,34.0,14.6667,11.0,4.0,33.0,10.6667,7.41558,2,2,0,0,0,3.10682,0.00424976,0.0147289,0.101533,0.0421491
aeeem,org::eclipse::pde::internal::ui::editor::plugin::BundleInputContext,96.0,26,6,0,227.429,233.0,137.0,0,55.0,8.96154,43.0,5.26923,53.0,3.69231,58.3875,1,1,0,0,0,16.6473,0.0201589,0.0289924,0.402197,0.0347774
aeeem,org::eclipse::pde::internal::core::text::cheatsheet::simple::SimpleCS,-400.0,13,3,0,59.2857,480.0,880.0,0,382.0,36.9231,382.0,67.6923,382.0,-30.7692,0.961607,1,0,0,0,0,4.41258,0.10999,0.0185832,0.138856,0.0463837
aeeem,org::eclipse::pde::internal::ui::editor::PDEFormEditorContributor,2.0,23,7,1,227.429,298.0,296.0,0,117.0,12.9565,211.0,12.8696,36.0,0.0869565,109.638,7,3,0,0,0,17.0697,0.109004,0.0380708,0.440287,0.0519595
aeeem,org::eclipse::pde::internal::ui::search::dependencies::UnusedDependenciesAction,2.0,9,4,0,201.286,22.0,20.0,0,6.0,2.44444,5.0,2.22222,3.0,0.222222,50.4221,0,0,0,0,0,9.36692,0.00585635,0.0197926,0.235736,0.0344271
aeeem,org::eclipse::pde::internal::core::bundle::BundlePluginModel,-1.0,7,4,0,227.429,22.0,23.0,0,10.0,3.14286,12.0,3.28571,10.0,-0.142857,54.9675,0,0,0,0,0,6.42599,0.00262373,0.0158461,0.168539,0.0313813
aeeem,org::eclipse::pde::internal::ui::refactoring::ManifestTypeMoveParticipant,62.0,9,3,0,158.0,133.0,71.0,1,75.0,14.7778,29.0,7.88889,74.0,6.88889,24.5231,2,1,0,0,0,9.58809,0.0404439,0.024989,0.257069,0.0460318
aeeem,org::eclipse::pde::internal::core::schema::Schema,325.0,83,9,3,335.286,1996.0,1671.0,1,718.0,24.0482,657.0,20.1325,83.0,3.91566,109.549,24,18,5,0,0,28.1851,0.123242,0.0862295,0.784593,0.191565
aeeem,org::eclipse::pde::internal::core::text::toc::TocTopic,383.0,9,4,0,59.5714,516.0,133.0,0,277.0,57.3333,107.0,14.7778,277.0,42.5556,1.29956,3,1,0,0,0,5.26723,0.0478987,0.032172,0.185298,0.0966321
aeeem,org::eclipse::pde::internal::core::product::ProductFeature,12.0,4,3,0,188.429,16.0,4.0,0,10.0,4.0,3.0,1.0,10.0,3.0,25.1875,0,0,0,0,0,4.87416,0.00300521,0.013344,0.130918,0.0310698
aeeem,org::eclipse::pde::internal::ui::editor::EditorUtilities,85.0,21,4,1,143.857,501.0,416.0,0,104.0,23.8571,104.0,19.8095,40.0,4.04762,24.8993,7,6,0,0,0,11.0027,0.147013,0.0294021,0.299304,0.0466369
aeeem,org::eclipse::pde::internal::ui::editor::LaunchShortcutOverviewPage,-77.0,4,2,0,76.0,34.0,111.0,0,17.0,8.5,88.0,27.75,0.0,-19.25,26.1345,3,2,0,0,0,4.58578,0.0156194,0.0187836,0.142625,0.0465309
aeeem,org::eclipse::pde::internal::ui::samples::SampleWizard,8.0,4,3,0,151.143,64.0,56.0,0,46.0,16.0,48.0,14.0,10.0,2.0,88.2589,0,0,0,0,0,4.73464,0.0066424,0.0145253,0.132287,0.0343406
aeeem,org::eclipse::pde::internal::core::util::DOMParserWrapper,0.0,2,2,0,116.143,11.0,11.0,0,11.0,5.5,11.0,5.5,0.0,0.0,80.0,1,0,0,0,0,1.77712,0.000856822,0.00961856,0.0609203,0.0309529
aeeem,org::eclipse::pde::internal::core::ModelFileAdapter,0.0,3,3,0,85.2857,2.0,2.0,0,1.0,0.666667,1.0,0.666667,0.0,0.0,34.2857,0,0,0,0,0,3.37663,0.00134503,0.0143904,0.106458,0.0371456
aeeem,org::eclipse::pde::internal::core::plugin::PluginAttribute,30.0,22,8,2,335.286,172.0,142.0,0,78.0,7.81818,72.0,6.45455,15.0,1.36364,129.655,5,5,1,0,0,10.0245,0.00945136,0.026166,0.268815,0.0473569
aeeem,org::eclipse::pde::internal::ui::editor::build::BuildSourceViewerConfiguration,52.0,10,3,1,150.857,219.0,167.0,0,113.0,21.9,69.0,16.7,62.0,5.2,30.2061,3,2,0,0,0,7.73771,0.0423501,0.0189779,0.203534,0.0348171
aeeem,org::eclipse::pde::ui::launcher::JUnitWorkbenchLaunchShortcut,-7.0,12,2,0,104.429,72.0,79.0,1,40.0,6.0,46.0,6.58333,2.0,-0.583333,17.1627,6,6,3,0,0,11.9634,0.0243484,0.0351703,0.336504,0.0549701
aeeem,org::eclipse::pde::internal::ui::views::dependencies::OpenPluginDependenciesAction,-1.0,2,1,0,72.1429,5.0,6.0,0,5.0,2.5,6.0,3.0,0.0,-0.5,38.0,2,2,0,0,0,1.76682,0.000274359,0.0100966,0.0617154,0.0339284
aeeem,org::eclipse::pde::internal::core::text::plugin::PluginModel,102.0,4,2,0,151.143,106.0,4.0,0,51.0,26.5,4.0,1.0,51.0,25.5,4.61456,0,0,0,0,0,3.30831,0.00564356,0.0116346,0.0962807,0.0310383
aeeem,org::eclipse::pde::internal::ui::wizards::WizardCollectionComparator,2.0,2,1,0,102.143,22.0,20.0,0,22.0,11.0,20.0,10.0,2.0,1.0,68.0,1,1,0,0,0,1.76682,0.00104755,0.0100966,0.0617154,0.0339284
aeeem,org::eclipse::pde::internal::ui::editor::contentassist::TypeProposalLabelProvider,0.0,2,2,0,94.4286,1.0,1.0,0,1.0,0.5,1.0,0.5,0.0,0.0,60.2857,1,1,0,0,0,1.76682,4.98835e-05,0.0100966,0.0617154,0.0339284
aeeem,org::eclipse::pde::internal::core::schema::EditableSchema,15.0,11,7,1,335.286,59.0,44.0,0,33.0,5.36364,24.0,4.0,9.0,1.36364,127.363,0,0,0,0,0,6.42599,0.00308585,0.0158461,0.168539,0.0313813
aeeem,org::eclipse::pde::internal::ui::preferences::MainPreferencePage,10.0,27,8,1,335.286,351.0,341.0,0,87.0,13.0,89.0,12.6296,43.0,0.37037,98.7196,3,3,0,0,0,11.4044,0.0878664,0.0425909,0.325439,0.109312
aeeem,org::eclipse::pde::internal::ui::wizards::feature::NewFeaturePatchWizard,-327.0,33,5,0,226.571,969.0,1296.0,0,345.0,29.3636,345.0,39.2727,23.0,-9.90909,9.91906,10,10,0,0,0,13.6235,0.0895162,0.0244603,0.330033,0.0344928
aeeem,org::eclipse::ui::internal::views::log::OpenIDELogFileAction,-3.0,2,1,0,49.4286,7.0,10.0,0,7.0,3.5,10.0,5.0,0.0,-1.5,13.0,0,0,0,0,0,1.77712,0.00066209,0.00961856,0.0609203,0.0309529
aeeem,org::eclipse::pde::internal::ui::editor::feature::Choice,0.0,6,4,0,205.857,12.0,12.0,0,5.0,2.0,5.0,2.0,4.0,0.0,93.6071,1,1,0,0,0,7.47927,0.00349934,0.0178894,0.194515,0.0345277
aeeem,org::eclipse::pde::internal::ui::editor::feature::IncludedFeaturesDetailsSection,-6.0,11,4,0,188.429,102.0,108.0,0,26.0,9.27273,33.0,9.81818,21.0,-0.545455,66.3235,4,2,0,0,0,10.137,0.0279366,0.0266855,0.272522,0.0472278
aeeem,org::eclipse::pde::internal::core::builders::ElementOccurrenceResult,-2.0,2,2,0,97.0,10.0,12.0,0,10.0,5.0,12.0,6.0,0.0,-1.0,60.8571,0,0,0,0,0,1.77712,0.000856822,0.00961856,0.0609203,0.0309529
aeeem,org::eclipse::pde::internal::ui::editor::text::ResourceHyperlink,60.0,6,3,0,118.0,80.0,20.0,0,50.0,13.3333,9.0,3.33333,43.0,10.0,51.3429,3,1,0,0,0,5.88907,0.0179567,0.0216427,0.176443,0.0493192
aeeem,org::eclipse::pde::internal::ui::wizards::plugin::OpenProjectWizardAction,25.0,13,6,1,234.714,66.0,41.0,0,18.0,5.07692,12.0,3.15385,11.0,1.92308,42.5519,1,1,0,0,0,8.67904,0.00546606,0.0189907,0.220203,0.034465
aeeem,org::eclipse::pde::internal::core::exports::FeatureExportOperation,85.0,16,3,1,128.143,325.0,240.0,0,100.0,20.3125,110.0,15.0,72.0,5.3125,85.4026,10,8,0,0,0,14.2492,0.169755,0.0639535,0.449008,0.183001
aeeem,org::eclipse::pde::internal::ui::editor::cheatsheet::simple::SimpleCSDefinitionPage,40.0,4,3,0,64.4286,101.0,61.0,0,74.0,25.25,44.0,15.25,61.0,10.0,13.5219,3,0,0,0,0,3.15241,0.012891,0.0149602,0.103077,0.0427992
aeeem,org::eclipse::pde::internal::ui::launcher::LaunchAction,70.0,32,6,1,187.286,264.0,194.0,0,50.0,8.25,74.0,6.0625,18.0,2.1875,86.5887,10,8,1,0,0,24.7436,0.0565871,0.064461,0.660045,0.121457
aeeem,org::eclipse::pde::internal::ui::util::PersistablePluginObject,54.0,8,4,0,207.714,76.0,22.0,0,26.0,9.5,17.0,2.75,24.0,6.75,78.6128,3,3,0,0,0,10.7641,0.026681,0.0271364,0.286389,0.0449285
aeeem,org::eclipse::pde::internal::ui::editor::ctxhelp::CtxHelpSourcePage,0.0,1,1,0,33.4286,0.0,0.0,0,0.0,0.0,0.0,0.0,0.0,0.0,0.0,1,0,0,0,0,0.0,0.0,0.0,0.0,0.0
aeeem,org::eclipse::pde::internal::ui::search::dependencies::DependencyExtentSearchResultPage,24.0,9,4,0,201.286,88.0,64.0,0,27.0,9.77778,45.0,7.11111,20.0,2.66667,77.5779,1,1,0,0,0,10.2628,0.017182,0.0217895,0.259347,0.0353005
aeeem,org::eclipse::pde::internal::ui::editor::plugin::rows::TextAttributeRow,25.0,16,6,1,227.429,68.0,43.0,0,20.0,4.25,14.0,2.6875,20.0,1.5625,125.456,5,4,1,0,0,16.0268,0.0245388,0.0381988,0.421753,0.0526203
aeeem,org::eclipse::pde::internal::core::text::toc::Toc,170.0,8,3,0,59.5714,260.0,90.0,0,155.0,32.5,77.0,11.25,155.0,21.25,1.3511,2,1,0,0,0,3.71677,0.0223466,0.0160982,0.117977,0.0417074
aeeem,org::eclipse::pde::internal::ui::correction::OptionalRequireBundleResolution,6.0,4,3,1,150.429,17.0,11.0,1,10.0,4.25,10.0,2.75,10.0,1.5,55.8739,0,0,0,0,0,3.18664,0.00253962,0.0122967,0.0957854,0.0341758
aeeem,org::eclipse::pde::internal::ui::editor::JarEntryEditorInput,2.0,9,4,0,204.0,41.0,39.0,0,20.0,4.55556,28.0,4.33333,4.0,0.222222,112.836,2,1,0,0,0,10.7189,0.00850752,0.0270066,0.285475,0.0440914
aeeem,org::eclipse::pde::internal::ui::compare::PluginStructureViewerCreator,0.0,1,1,0,59.0,0.0,0.0,0,0.0,0.0,0.0,0.0,0.0,0.0,0.0,1,1,0,0,0,0.0,0.0,0.0,0.0,0.0
aeeem,org::eclipse::pde::internal::ui::elements::ElementList,13.0,6,6,1,335.286,53.0,40.0,0,35.0,8.83333,29.0,6.66667,6.0,2.16667,234.383,0,0,0,0,0,6.41569,0.00428655,0.0163241,0.169334,0.0343568
aeeem,org::eclipse::pde::internal::core::build::ExternalBuildModel,11.0,15,7,2,335.286,80.0,69.0,0,46.0,5.33333,42.0,4.6,6.0,0.733333,129.786,0,0,0,0,0,7.91391,0.00455011,0.0176965,0.20238,0.0314831
aeeem,org::eclipse::pde::internal::core::natures::SiteProject,2.0,3,3,0,133.571,12.0,10.0,0,11.0,4.0,9.0,3.33333,2.0,0.666667,89.8214,1,1,0,0,0,3.19695,0.00113569,0.0118187,0.0949903,0.0312002
aeeem,org::eclipse::pde::internal::ui::editor::contentassist::display::SubstitutionTextReader,-3.0,3,2,1,110.857,28.0,31.0,0,27.0,9.33333,30.0,10.3333,0.0,-1.0,74.0051,1,1,0,0,0,3.19189,0.00228693,0.0126634,0.097192,0.03454
aeeem,org::eclipse::pde::internal::ui::editor::schema::SchemaStringAttributeDetails,-6.0,3,2,0,60.1429,34.0,40.0,0,32.0,11.3333,40.0,13.3333,2.0,-2.0,24.479,2,1,0,0,0,3.01668,0.00196509,0.0141977,0.0982896,0.0404884
aeeem,org::eclipse::pde::internal::core::PDERegistryStrategy,587.0,14,3,1,63.0,749.0,162.0,0,279.0,53.5,63.0,11.5714,279.0,41.9286,7.94602,5,5,1,0,0,10.6231,0.182762,0.0453749,0.335727,0.115083
aeeem,org::eclipse::pde::internal::ui::launcher::FilteredCheckboxTree,34.0,3,2,0,28.8571,36.0,2.0,0,26.0,12.0,2.0,0.666667,26.0,11.3333,8.77778,3,2,0,0,0,2.06344,0.0508732,0.0286532,0.10439,0.103181
aeeem,org::eclipse::pde::internal::ui::editor::schema::SchemaCompositorDetails,187.0,15,3,0,147.0,257.0,70.0,0,105.0,17.1333,36.0,4.66667,105.0,12.4667,10.6598,5,3,0,0,0,14.266,0.0331897,0.0363816,0.383392,0.0529748
aeeem,org::eclipse::pde::internal::core::text::bundle::BundleActivatorHeader,62.0,4,2,0,151.0,64.0,2.0,0,31.0,16.0,2.0,0.5,31.0,15.5,3.79688,0,0,0,0,0,3.30831,0.0033968,0.0116346,0.0962807,0.0310383
aeeem,org::eclipse::pde::internal::ui::editor::plugin::ExportPackageSection,991.0,55,7,1,180.571,1897.0,906.0,1,458.0,34.4909,494.0,16.4727,372.0,18.0182,57.3516,20,16,1,0,0,27.4277,0.345489,0.076166,0.741349,0.151917
aeeem,org::eclipse::pde::internal::core::variables::TargetNLVariableResolver,-1.0,2,2,0,69.0,1.0,2.0,0,1.0,0.5,2.0,1.0,0.0,-0.5,32.8571,1,1,1,0,0,1.77712,0.000116839,0.00961856,0.0609203,0.0309529
aeeem,org::eclipse::pde::internal::ui::wizards::product::UpdateSplashProgressOperation,-31.0,2,2,0,68.2857,74.0,105.0,0,74.0,37.0,105.0,52.5,0.0,-15.5,34.1429,1,1,0,0,0,1.76682,0.00446458,0.0100966,0.0617154,0.0339284
aeeem,org::eclipse::pde::internal::ui::templates::osgi::OSGiPreferencesServiceNewWizard,-2.0,2,2,0,95.5714,4.0,6.0,1,4.0,2.0,6.0,3.0,0.0,-1.0,58.5714,2,0,0,0,0,1.56044,0.00166278,0.00803114,0.0525856,0.0247077
aeeem,org::eclipse::pde::ui::launcher::OSGiLaunchConfigurationInitializer,44.0,6,2,0,104.429,67.0,23.0,1,47.0,11.1667,11.0,3.83333,47.0,7.33333,19.9211,3,3,0,0,0,6.80521,0.0139623,0.024297,0.201654,0.0548101
aeeem,org::eclipse::pde::internal::core::build::BuildEntry,-21.0,14,8,1,335.286,226.0,247.0,0,140.0,16.1429,90.0,17.6429,50.0,-1.5,66.9412,1,1,0,0,1,7.57392,0.013825,0.0496178,0.262607,0.121165
aeeem,org::eclipse::pde::internal::core::plugin::ImportObject,61.0,17,8,1,335.286,96.0,35.0,0,22.0,5.64706,10.0,2.05882,22.0,3.58824,195.335,1,1,0,0,0,9.53015,0.0166614,0.0247432,0.255908,0.0419099
aeeem,org::eclipse::pde::internal::ui::editor::feature::SynchronizeVersionsWizardPage,-37.0,38,8,2,335.286,502.0,539.0,0,149.0,13.2105,241.0,14.1842,66.0,-0.973684,165.423,9,9,1,0,0,17.2944,0.162237,0.0343306,0.431978,0.0434472
aeeem,org::eclipse::pde::internal::ui::editor::feature::FeatureEditor,154.0,51,9,3,335.286,687.0,533.0,0,170.0,13.4706,150.0,10.451,51.0,3.01961,123.062,8,7,3,1,2,19.8138,0.0632377,0.049639,0.524193,0.0888565
aeeem,org::eclipse::pde::internal::ui::editor::cheatsheet::comp::CompCSMasterTreeSection,7.0,13,3,0,99.2857,545.0,538.0,0,280.0,41.9231,289.0,41.3846,42.0,0.538462,18.9756,7,5,0,0,0,11.5775,0.24729,0.0344374,0.326755,0.0548109
aeeem,org::eclipse::pde::internal::ui::correction::BuildEntryMarkerResolution,-1.0,7,3,2,130.857,30.0,31.0,0,10.0,4.28571,18.0,4.42857,10.0,-0.142857,18.4,3,3,0,0,0,3.82133,0.00769724,0.0132583,0.110934,0.0342712
aeeem,org::eclipse::pde::internal::ui::elements::NamedElement,21.0,10,6,1,335.286,96.0,75.0,0,31.0,9.6,23.0,7.5,17.0,2.1,188.814,3,2,0,0,0,6.95514,0.025552,0.017229,0.181513,0.036886
aeeem,org::eclipse::pde::internal::ui::editor::contentassist::ManifestContentAssistProcessor,1397.0,34,4,3,114.0,1947.0,550.0,2,597.0,57.2647,224.0,16.1765,597.0,41.0882,14.3983,17,13,0,0,0,12.9364,0.465812,0.040144,0.367558,0.0760782
aeeem,org::eclipse::pde::internal::ui::editor::text::ReconcilingStrategy,10.0,10,4,0,227.429,36.0,26.0,0,10.0,3.6,8.0,2.6,10.0,1.0,88.4841,0,0,0,0,0,10.2185,0.00667513,0.0208912,0.255261,0.0344906
aeeem,org::eclipse::pde::internal::ui::wizards::provisioner::DirectorySelectionPage,359.0,8,3,0,92.0,462.0,103.0,0,186.0,57.75,52.0,12.875,186.0,44.875,3.43043,2,2,0,0,0,3.17095,0.0979357,0.0131168,0.0982862,0.0354147
aeeem,org::eclipse::pde::internal::core::exports::ProductExportOperation,-128.0,40,4,1,128.143,431.0,559.0,1,102.0,10.775,257.0,13.975,56.0,-3.2,71.7083,25,24,3,0,1,18.4647,0.35218,0.113534,4.43194,0.241672
aeeem,org::eclipse::pde::internal::ui::editor::text::PDEDefaultInformationControl,0.0,3,2,1,104.286,7.0,7.0,0,4.0,2.33333,4.0,2.33333,0.0,0.0,72.7755,2,2,1,1,0,2.71813,0.00333712,0.0166509,0.0972656,0.0585437
aeeem,org::eclipse::pde::internal::ui::editor::plugin::PluginGeneralInfoSection,460.0,45,6,2,181.429,866.0,406.0,2,208.0,19.2444,58.0,9.02222,208.0,10.2222,36.9553,20,13,2,0,0,32.4055,0.16008,0.0906032,0.877723,0.152441
aeeem,org::eclipse::pde::internal::ui::templates::ide::NewWizardTemplate,2.0,3,2,0,95.5714,31.0,29.0,1,29.0,10.3333,27.0,9.66667,2.0,0.666667,58.1567,3,0,0,0,0,2.84822,0.011072,0.0137564,0.0939435,0.0397209
aeeem,org::eclipse::pde::internal::ui::editor::plugin::ExtensionPointsPage,42.0,19,7,0,227.429,123.0,81.0,0,26.0,6.47368,31.0,4.26316,26.0,2.21053,112.632,7,3,0,0,0,20.1475,0.0332613,0.0427678,0.513333,0.0537173
aeeem,org::eclipse::pde::internal::ui::editor::feature::HandlerSection,-44.0,23,7,1,335.286,214.0,258.0,0,64.0,9.30435,91.0,11.2174,10.0,-1.91304,123.165,2,2,1,0,1,8.67717,0.0255641,0.0225766,0.231637,0.0426041
aeeem,org::eclipse::pde::internal::core::schema::SchemaElement,151.0,32,9,1,335.286,493.0,342.0,0,238.0,15.4062,177.0,10.6875,61.0,4.71875,161.197,11,6,0,0,0,17.0249,0.0361032,0.0481429,0.462573,0.101882
aeeem,org::eclipse::pde::internal::ui::wizards::templates::NewPluginTemplateChoiceWizard,86.0,14,6,2,335.286,160.0,74.0,0,55.0,11.4286,52.0,5.28571,45.0,6.14286,192.072,5,4,1,0,0,10.786,0.0242674,0.0260378,0.283064,0.043076
aeeem,org::eclipse::pde::internal::core::text::bundle::LazyStartHeader,62.0,5,2,0,151.143,71.0,9.0,0,36.0,14.2,8.0,1.8,36.0,12.4,1.87525,0,0,0,0,0,3.9513,0.00540288,0.0124807,0.111127,0.0310739
aeeem,org::eclipse::pde::internal::ui::editor::target::EnvironmentPage,19.0,12,4,0,144.286,49.0,30.0,0,10.0,4.08333,13.0,2.5,10.0,1.58333,56.1283,5,3,0,0,0,12.0117,0.00920929,0.0319751,0.326155,0.0515692
aeeem,org::eclipse::pde::internal::core::builders::FeatureRebuilder,-88.0,10,4,0,133.571,67.0,155.0,0,46.0,6.7,132.0,15.5,2.0,-8.8,34.3731,4,4,0,0,0,10.3419,0.0612079,0.0278812,0.282827,0.0422552
aeeem,org::eclipse::pde::internal::ui::templates::ide::HelloWorldCmdTemplate,-15.0,2,2,0,72.1429,14.0,29.0,0,14.0,7.0,29.0,14.5,0.0,-7.5,35.1429,2,1,0,0,0,1.56044,0.00714996,0.00803114,0.0525856,0.0247077
aeeem,org::eclipse::pde::internal::ui::compare::ManifestStructureMergeViewerCreator,10.0,3,1,0,144.429,11.0,1.0,0,10.0,3.66667,1.0,0.333333,10.0,3.33333,17.3896,2,1,0,0,0,2.5349,0.00238503,0.00398611,0.0610414,0.000487047
aeeem,org::eclipse::pde::internal::ui::OpenPDEPerspectiveAction,11.0,10,7,1,326.429,38.0,27.0,0,10.0,3.8,9.0,2.7,10.0,1.1,119.259,0,0,0,0,0,6.41569,0.0026364,0.0163241,0.169334,0.0343568
aeeem,org::eclipse::pde::internal::ui::refactoring::ContainerRenameParticipant,86.0,11,3,0,98.2857,149.0,63.0,3,58.0,13.5455,27.0,5.72727,55.0,7.81818,30.791,5,3,0,0,0,10.4273,0.0816984,0.0408034,0.318859,0.0974644
aeeem,org::eclipse::pde::internal::ui::editor::ctxhelp::CtxHelpPage,-1.0,3,1,0,33.4286,4.0,5.0,0,3.0,1.33333,3.0,1.66667,0.0,-0.333333,7.75,3,2,0,0,0,2.15793,0.00460785,0.0171558,0.0851431,0.0673045
aeeem,org::eclipse::pde::internal::core::FeatureModelDelta,-2.0,3,2,0,187.429,15.0,17.0,0,11.0,5.0,13.0,5.66667,0.0,-0.666667,111.552,0,0,0,0,0,3.45817,0.00244716,0.0114173,0.0979672,0.0309691
aeeem,org::eclipse::pde::internal::core::TracingOptionsManager,20.0,24,8,1,335.286,222.0,202.0,0,69.0,9.25,62.0,8.41667,46.0,0.833333,145.326,3,2,0,0,0,10.1212,0.029797,0.0247283,0.267058,0.0397416
aeeem,org::eclipse::pde::internal::ui::tests::macro::IndexAction,-4.0,4,3,0,183.857,7.0,11.0,0,4.0,1.75,5.0,2.75,0.0,-1.0,135.143,0,0,0,0,0,4.68802,0.00468175,0.0163329,0.13759,0.0373153
aeeem,org::eclipse::pde::internal::core::text::bundle::BasePackageHeader,136.0,9,3,0,151.143,201.0,65.0,0,76.0,22.3333,34.0,7.22222,76.0,15.1111,26.2587,1,1,0,0,0,6.83528,0.0223939,0.0199593,0.189942,0.0385014
aeeem,org::eclipse::pde::internal::ui::launcher::WorkspaceDataBlock,273.0,21,4,0,156.429,367.0,94.0,0,120.0,17.4762,31.0,4.47619,120.0,13.0,17.4554,3,1,0,0,0,10.2902,0.0403195,0.0315387,0.28873,0.0681467
aeeem,org::eclipse::pde::internal::ui::editor::product::SplashPage,-6.0,6,4,0,77.1429,12.0,18.0,0,8.0,2.0,12.0,3.0,0.0,-1.0,31.1429,4,3,0,0,0,5.97024,0.00236479,0.0225576,0.181044,0.0504901
aeeem,org::eclipse::pde::ui::launcher::JUnitLaunchConfigurationDelegate,22.0,29,4,1,104.429,528.0,506.0,3,202.0,18.2069,142.0,17.4483,60.0,0.758621,25.2757,15,13,2,0,0,17.3217,0.29679,0.066235,0.520802,0.145362
aeeem,org::eclipse::pde::internal::core::build::BuildObject,20.0,16,8,1,335.286,99.0,79.0,0,40.0,6.1875,33.0,4.9375,7.0,1.25,123.701,1,1,0,0,0,12.396,0.00658475,0.0272895,0.317887,0.0395718
aeeem,org::eclipse::pde::internal::core::text::build::BuildModel,161.0,8,3,0,151.143,172.0,11.0,0,80.0,21.5,6.0,1.375,80.0,20.125,5.81063,2,2,0,0,0,7.53549,0.01117,0.0184416,0.198653,0.0319903
aeeem,org::eclipse::pde::internal::core::text::plugin::PluginModelBase,351.0,12,5,0,151.143,383.0,32.0,0,165.0,31.9167,13.0,2.66667,165.0,29.25,10.7885,3,1,1,0,0,11.9716,0.0345545,0.0333089,0.330129,0.0533545
aeeem,org::eclipse::pde::internal::ui::editor::outline::QuickOutlinePopupDialog,-28.0,6,2,0,92.2857,93.0,121.0,0,67.0,15.5,105.0,20.1667,8.0,-4.66667,42.5438,4,3,0,0,0,6.31854,0.0133507,0.0215314,0.185109,0.0440499
aeeem,org::eclipse::pde::internal::core::search::PluginSearchOperation,71.0,17,6,1,306.0,225.0,154.0,0,104.0,13.2353,37.0,9.05882,82.0,4.17647,52.9251,0,0,0,0,0,7.27922,0.022593,0.0167348,0.187232,0.0313877
aeeem,org::eclipse::pde::internal::ui::editor::plugin::ExtensionElementBodyTextDetails,146.0,4,2,0,85.0,236.0,90.0,0,175.0,59.0,83.0,22.5,172.0,36.5,12.431,3,3,0,0,0,3.3149,0.0442056,0.0137393,0.103001,0.036371
aeeem,org::eclipse::pde::internal::ui::editor::ctxhelp::details::CtxHelpAbstractDetails,0.0,1,1,0,33.4286,0.0,0.0,0,0.0,0.0,0.0,0.0,0.0,0.0,0.0,1,0,0,0,0,0.0,0.0,0.0,0.0,0.0
aeeem,org::eclipse::pde::internal::ui::editor::context::InputContextManager,82.0,13,6,0,227.429,199.0,117.0,0,71.0,15.3077,71.0,9.0,48.0,6.30769,112.184,3,2,0,0,0,8.4335,0.0364982,0.0215477,0.223727,0.0411337
aeeem,org::eclipse::pde::internal::core::bundle::WorkspaceBundleModel,0.0,2,1,0,258.571,0.0,0.0,0,0.0,0.0,0.0,0.0,0.0,0.0,0.0,0,0,0,0,0,0.0,0.0,0.0,0.0,0.0
aeeem,org::eclipse::pde::internal::ui::wizards::feature::CreateFeaturePatchOperation,7.0,4,2,0,133.429,15.0,8.0,0,10.0,3.75,6.0,2.0,10.0,1.75,23.8952,1,1,0,0,0,4.49802,0.00271471,0.0142392,0.126917,0.0343454
aeeem,org::eclipse::pde::internal::ui::launcher::ConfigurationTemplateBlock,377.0,16,4,1,156.429,493.0,116.0,0,183.0,30.8125,69.0,7.25,183.0,23.5625,17.9507,5,3,1,1,0,8.00679,0.0381391,0.0253128,0.225817,0.0600888
aeeem,org::eclipse::pde::ui::templates::AbstractChoiceOption,17.0,5,3,0,137.143,49.0,32.0,0,42.0,9.8,21.0,6.4,40.0,3.4,91.9125,2,2,0,0,0,4.4013,0.0304559,0.0174753,0.134278,0.0470382
aeeem,org::eclipse::pde::internal::ui::wizards::target::BaseTargetDefinitionOperation,5.0,5,3,1,136.286,27.0,22.0,0,14.0,5.4,21.0,4.4,10.0,1.0,59.8307,1,1,0,0,0,5.15731,0.00303281,0.018295,0.151683,0.04468
aeeem,org::eclipse::pde::internal::ui::wizards::templates::ControlStack,10.0,9,7,1,335.286,41.0,31.0,0,16.0,4.55556,19.0,3.44444,10.0,1.11111,176.348,0,0,0,0,0,6.41569,0.00318512,0.0163241,0.169334,0.0343568
aeeem,org::eclipse::pde::internal::ui::correction::RemoveImportExportServicesResolution,-1.0,2,2,0,100.857,3.0,4.0,0,3.0,1.5,4.0,2.0,0.0,-0.5,66.7143,2,0,0,0,0,1.76682,0.000174592,0.0100966,0.0617154,0.0339284
aeeem,org::eclipse::pde::internal::core::XMLPrintHandler,58.0,13,5,0,195.429,157.0,99.0,0,46.0,12.0769,46.0,7.61538,25.0,4.46154,74.919,3,3,0,0,0,10.2527,0.0309219,0.0217499,0.259914,0.0325577
aeeem,org::eclipse::pde::internal::core::feature::FeaturePlugin,45.0,25,7,1,335.286,181.0,136.0,0,41.0,7.24,23.0,5.44,18.0,1.8,142.445,5,5,2,0,1,10.6277,0.0269349,0.0266091,0.281968,0.0439772
aeeem,org::eclipse::pde::internal::ui::templates::osgi::HelloOSGiTemplate,-4.0,3,3,0,95.5714,16.0,20.0,1,15.0,5.33333,19.0,6.66667,0.0,-1.33333,56.7679,2,0,0,0,0,3.15995,0.00692059,0.0128029,0.0981234,0.0309004
aeeem,org::eclipse::pde::internal::core::text::ctxhelp::CtxHelpObject,7.0,2,1,0,33.4286,7.0,0.0,0,7.0,3.5,0.0,0.0,7.0,3.5,1.28571,2,1,0,0,0,1.38451,0.00139051,0.00833719,0.0492619,0.0290675
aeeem,org::eclipse::pde::internal::core::product::WindowImages,66.0,10,4,0,188.429,153.0,87.0,0,73.0,15.3,46.0,8.7,46.0,6.6,66.817,1,1,0,0,0,10.9582,0.0364604,0.0222284,0.274605,0.0321033
aeeem,org::eclipse::pde::internal::ui::refactoring::RefactoringInfo,0.0,2,1,0,45.8571,5.0,5.0,1,5.0,2.5,5.0,2.5,0.0,0.0,11.7143,1,0,0,0,0,1.76682,0.000249418,0.0100966,0.0617154,0.0339284
aeeem,org::eclipse::pde::internal::ui::wizards::cheatsheet::SimpleCSFileWizardPage,-5.0,4,2,0,98.0,18.0,23.0,0,15.0,4.5,19.0,5.75,0.0,-1.25,56.6667,2,2,0,0,0,4.91442,0.00318422,0.0185111,0.148539,0.0425637
aeeem,org::eclipse::pde::internal::ui::editor::toc::actions::TocAddObjectAction,162.0,6,2,0,61.1429,184.0,22.0,0,82.0,30.6667,17.0,3.66667,82.0,27.0,3.62811,0,0,0,0,0,4.33338,0.0138569,0.0185353,0.13686,0.0475072
aeeem,org::eclipse::pde::internal::ui::launcher::LaunchListener,114.0,29,8,1,299.286,645.0,531.0,1,187.0,22.2414,196.0,18.3103,43.0,3.93103,137.167,8,5,0,0,0,19.8036,0.158569,0.046258,0.514681,0.075247
aeeem,org::eclipse::pde::internal::ui::wizards::NewWizard,13.0,13,7,1,335.286,90.0,77.0,0,46.0,6.92308,31.0,5.92308,15.0,1.0,128.394,0,0,0,0,0,7.72196,0.00313114,0.0177746,0.198359,0.0343746
aeeem,org::eclipse::pde::internal::ui::editor::plugin::PluginUndoManager,14.0,15,5,0,227.429,125.0,111.0,0,31.0,8.33333,63.0,7.4,17.0,0.933333,86.8217,1,1,0,0,0,9.30009,0.00893413,0.0200703,0.235653,0.0345816
aeeem,org::eclipse::pde::internal::ui::editor::LinkSection,15.0,6,5,0,227.429,67.0,52.0,0,45.0,11.1667,38.0,8.66667,8.0,2.5,153.461,0,0,0,0,0,6.41569,0.00760175,0.0163241,0.169334,0.0343568
aeeem,org::eclipse::pde::internal::core::bundle::BundlePluginBase,390.0,55,7,2,227.429,1160.0,770.0,0,135.0,21.0909,137.0,14.0,114.0,7.09091,96.5483,12,10,1,1,0,24.0348,0.174071,0.0527493,0.617363,0.0709443
aeeem,org::eclipse::pde::internal::core::text::bundle::PDEManifestElement,526.0,22,5,2,151.0,730.0,204.0,0,253.0,33.1818,111.0,9.27273,253.0,23.9091,20.4826,4,4,0,0,0,11.7184,0.0642438,0.0302972,0.316134,0.0450439
aeeem,org::eclipse::pde::internal::ui::editor::schema::NewElementAction,6.0,17,8,2,335.286,97.0,91.0,0,29.0,5.70588,27.0,5.35294,6.0,0.352941,136.047,2,2,0,0,0,11.1153,0.00991769,0.0248751,0.28513,0.0411319
aeeem,org::eclipse::pde::internal::ui::wizards::imports::PluginImportWizardFirstPage,43.0,66,8,2,335.286,1141.0,1098.0,1,370.0,17.2879,366.0,16.6364,44.0,0.651515,108.214,12,10,2,1,1,21.3635,0.261921,0.0586961,0.574178,0.12329
aeeem,org::eclipse::pde::internal::core::text::bundle::BundleTextChangeListener,15.0,10,3,1,150.429,126.0,111.0,0,64.0,12.6,52.0,11.1,60.0,1.5,65.0283,3,2,0,0,0,8.36237,0.0369051,0.0223217,0.226477,0.0396751
aeeem,org::eclipse::pde::internal::core::bundle::BundlePlugin,31.0,20,7,0,227.429,102.0,71.0,0,26.0,5.1,11.0,3.55,18.0,1.55,47.8207,1,1,0,0,0,14.4321,0.0127153,0.0299157,0.364765,0.039515
aeeem,org::eclipse::pde::internal::ui::editor::plugin::RequiresSection,409.0,61,9,2,227.429,1255.0,846.0,0,253.0,20.5738,301.0,13.8689,246.0,6.70492,126.056,24,18,1,0,0,32.7874,0.241356,0.0900921,0.884419,0.179263
aeeem,org::eclipse::pde::internal::core::site::ExternalSiteModel,9.0,5,4,0,194.571,13.0,4.0,0,10.0,2.6,2.0,0.8,10.0,1.8,29.044,0,0,0,0,0,6.42599,0.00269259,0.0158461,0.168539,0.0313813
aeeem,org::eclipse::pde::internal::core::schema::RepeatableSchemaObject,14.0,10,8,1,335.286,56.0,42.0,0,33.0,5.6,27.0,4.2,6.0,1.4,221.936,1,1,0,0,0,7.6507,0.00633243,0.0206492,0.206349,0.0419545
aeeem,org::eclipse::pde::internal::core::plugin::PluginParent,38.0,23,9,3,335.286,189.0,151.0,0,74.0,8.21739,71.0,6.56522,18.0,1.65217,168.672,5,5,0,0,0,17.0076,0.0395573,0.0417645,0.449897,0.0654593
aeeem,org::eclipse::pde::internal::ui::search::dependencies::DependencyExtentAction,-3.0,7,4,0,201.286,15.0,18.0,0,5.0,2.14286,6.0,2.57143,0.0,-0.428571,82.7238,0,0,0,0,0,7.72196,0.00356641,0.0177746,0.198359,0.0343746
aeeem,org::eclipse::pde::internal::ui::views::dependencies::OpenPluginReferencesAction,-1.0,2,1,0,72.1429,5.0,6.0,0,5.0,2.5,6.0,3.0,0.0,-0.5,38.0,2,2,0,0,0,1.76682,0.000274359,0.0100966,0.0617154,0.0339284
aeeem,org::eclipse::pde::internal::core::search::PluginSearchScope,41.0,20,6,2,306.143,159.0,118.0,0,56.0,7.95,44.0,5.9,52.0,2.05,70.6496,5,5,0,0,0,14.0791,0.0127675,0.0384387,0.38395,0.0675978
aeeem,org::eclipse::ui::internal::views::log::TailInputStream,0.0,2,1,0,49.4286,4.0,4.0,0,4.0,2.0,4.0,2.0,0.0,0.0,13.0,0,0,0,0,0,1.77712,0.000311572,0.00961856,0.0609203,0.0309529
aeeem,org::eclipse::pde::ui::templates::BlankField,0.0,2,2,0,135.0,5.0,5.0,0,5.0,2.5,5.0,2.5,0.0,0.0,100.857,1,1,0,0,0,1.76682,0.000249418,0.0100966,0.0617154,0.0339284
aeeem,org::eclipse::pde::ui::launcher::OSGiSettingsTab,279.0,10,4,0,107.857,301.0,22.0,0,140.0,30.1,16.0,2.2,140.0,27.9,8.43901,3,2,0,0,0,10.4245,0.0876052,0.0711615,0.377147,0.188775
aeeem,org::eclipse::pde::internal::ui::wizards::cheatsheet::SimpleCSCreationOperation,-2.0,6,3,0,98.8571,27.0,29.0,0,15.0,4.5,22.0,4.83333,3.0,-0.333333,50.9947,4,2,0,0,0,7.44245,0.00535825,0.0263275,0.221039,0.0545804
aeeem,org::eclipse::pde::internal::ui::refactoring::FindReferenceOperation,15.0,3,1,0,71.8571,55.0,40.0,1,36.0,18.3333,31.0,13.3333,27.0,5.0,13.4026,2,2,0,0,0,3.27147,0.0111909,0.0142219,0.103547,0.0382643
aeeem,org::eclipse::pde::internal::core::target::TargetModelFactory,45.0,10,3,0,144.857,54.0,9.0,0,15.0,5.4,4.0,0.9,15.0,4.5,9.12963,0,0,0,0,0,6.61569,0.00827103,0.0166424,0.175221,0.0315184
aeeem,org::eclipse::pde::internal::ui::editor::plugin::JavaAttributeValue,3.0,6,4,0,227.429,26.0,23.0,0,17.0,4.33333,14.0,3.83333,3.0,0.5,146.115,0,0,0,0,0,6.41569,0.00324957,0.0163241,0.169334,0.0343568
aeeem,org::eclipse::pde::internal::ui::tests::macro::EditorCommandTarget,0.0,4,3,0,183.857,6.0,6.0,0,3.0,1.5,3.0,1.5,0.0,0.0,116.833,0,0,0,0,0,4.68802,0.0043104,0.0163329,0.13759,0.0373153
aeeem,org::eclipse::pde::internal::ui::editor::plugin::ManifestEditorMatchingStrategy,32.0,16,3,1,177.143,127.0,95.0,0,54.0,7.9375,65.0,5.9375,33.0,2.0,103.288,5,5,0,0,0,14.6314,0.0223238,0.036613,0.388401,0.0612663
aeeem,org::eclipse::pde::internal::ui::editor::plugin::rows::BooleanAttributeRow,-85.0,14,6,0,227.429,109.0,194.0,0,19.0,7.78571,81.0,13.8571,16.0,-6.07143,27.6356,3,3,0,0,0,8.04434,0.00636456,0.0180291,0.205054,0.0343696
aeeem,org::eclipse::pde::internal::core::schema::SchemaSimpleType,20.0,12,7,1,335.286,75.0,55.0,0,41.0,6.25,28.0,4.58333,13.0,1.66667,79.4971,0,0,0,0,0,6.42599,0.0033111,0.0158461,0.168539,0.0313813
aeeem,org::eclipse::pde::internal::ui::templates::ide::HelpNewWizard,0.0,2,2,0,95.5714,2.0,2.0,1,2.0,1.0,2.0,1.0,0.0,0.0,58.5714,2,0,0,0,0,1.56044,0.000665113,0.00803114,0.0525856,0.0247077
aeeem,org::eclipse::pde::core::plugin::TargetPlatform,116.0,13,3,0,85.2857,184.0,68.0,0,48.0,14.1538,16.0,5.23077,48.0,8.92308,13.2958,6,4,1,1,0,8.84204,0.0876132,0.0628371,0.325697,0.158513
aeeem,org::eclipse::pde::internal::ui::editor::feature::PluginPortabilitySection,-5.0,4,3,0,188.429,8.0,13.0,0,4.0,2.0,7.0,3.25,0.0,-1.25,24.5714,0,0,0,0,0,4.75414,0.0028054,0.0133458,0.127787,0.0339624
aeeem,org::eclipse::pde::internal::ui::tests::macro::IndexWizard,-2.0,4,3,0,183.857,7.0,9.0,0,4.0,1.75,5.0,2.25,0.0,-0.5,135.143,0,0,0,0,0,4.68802,0.00432853,0.0163329,0.13759,0.0373153
aeeem,org::eclipse::pde::internal::ui::editor::feature::SynchronizeVersionsAction,-24.0,18,7,1,335.286,122.0,146.0,0,43.0,6.77778,47.0,8.11111,6.0,-1.33333,105.317,1,1,0,0,0,7.7645,0.00538474,0.0178722,0.199447,0.0344574
aeeem,org::eclipse::pde::internal::ui::editor::product::ProductLauncherFormPageHelper,6.0,2,2,0,56.1429,11.0,5.0,0,11.0,5.5,5.0,2.5,6.0,3.0,22.0,1,0,0,0,0,1.76682,0.000399068,0.0100966,0.0617154,0.0339284
aeeem,org::eclipse::pde::internal::ui::views::dependencies::DependenciesViewPageContentProvider,21.0,5,2,0,108.143,73.0,52.0,1,54.0,14.6,23.0,10.4,31.0,4.2,36.6458,3,3,0,0,0,4.63681,0.0323862,0.0170151,0.13874,0.0389926
aeeem,org::eclipse::pde::internal::core::builders::PluginBaseErrorReporter,-4.0,6,4,0,133.571,35.0,39.0,0,28.0,5.83333,33.0,6.5,1.0,-0.666667,85.5837,3,2,0,0,0,7.722,0.00617739,0.0228127,0.216467,0.0404622
aeeem,org::eclipse::pde::internal::ui::editor::text::PDESourceInfoProvider,-3.0,3,3,0,92.2857,27.0,30.0,0,22.0,9.0,17.0,10.0,5.0,-1.0,56.963,3,1,0,0,0,1.77712,0.00221995,0.00961856,0.0609203,0.0309529
aeeem,org::eclipse::pde::internal::core::schema::ChoiceRestriction,13.0,15,7,1,335.286,153.0,140.0,0,94.0,10.2,86.0,9.33333,8.0,0.866667,79.2708,0,0,0,0,0,6.42599,0.00422373,0.0158461,0.168539,0.0313813
aeeem,org::eclipse::pde::ui::launcher::EquinoxPluginsTab,16.0,12,3,0,155.429,384.0,368.0,0,199.0,32.0,176.0,30.6667,199.0,1.33333,4.52827,2,1,1,1,0,9.00686,0.127777,0.0297572,0.257634,0.0701123
aeeem,org::eclipse::pde::internal::core::site::Site,37.0,19,7,1,302.571,157.0,120.0,0,35.0,8.26316,47.0,6.31579,23.0,1.94737,118.944,2,2,1,0,0,11.1262,0.0143355,0.0212689,0.273849,0.0314792
aeeem,org::eclipse::pde::internal::ui::wizards::imports::FeatureImportWizardPage,-22.0,8,3,1,132.429,180.0,202.0,0,119.0,22.5,109.0,25.25,10.0,-2.75,26.9929,3,3,0,0,0,7.08227,0.0588443,0.0194478,0.193119,0.0363101
aeeem,org::eclipse::pde::internal::ui::parts::ConditionalListSelectionDialog,6.0,4,3,1,127.286,19.0,13.0,0,10.0,4.75,12.0,3.25,10.0,1.5,42.6316,2,1,0,0,0,4.2852,0.00388015,0.0145559,0.124116,0.0349831
aeeem,org::eclipse::pde::internal::core::util::CoreUtility,229.0,25,5,0,176.714,438.0,209.0,2,65.0,17.52,52.0,8.36,65.0,9.16,29.349,5,5,1,0,0,21.0564,0.15206,0.0419265,0.5292,0.0448998
aeeem,org::eclipse::pde::internal::ui::wizards::plugin::LibraryPluginFieldData,40.0,8,3,0,182.0,51.0,11.0,0,24.0,6.375,5.0,1.375,21.0,5.0,90.619,4,3,0,0,0,7.08978,0.0147344,0.0245508,0.207289,0.0569088
aeeem,org::eclipse::pde::internal::ui::wizards::feature::AbstractCreateFeatureOperation,-35.0,6,2,1,133.429,92.0,127.0,0,51.0,15.3333,68.0,21.1667,10.0,-5.83333,28.9488,2,2,0,0,0,5.13272,0.0253728,0.0152009,0.142065,0.0344409
aeeem,org::eclipse::pde::internal::ui::commands::CommandTreeContentProvider,7.0,3,2,0,104.857,22.0,15.0,0,12.0,7.33333,15.0,5.0,10.0,2.33333,44.1558,0,0,0,0,0,3.17095,0.00260645,0.0131168,0.0982862,0.0354147
aeeem,org::eclipse::pde::internal::ui::editor::text::XMLTagRule,-61.0,10,6,0,241.0,89.0,150.0,0,77.0,8.9,59.0,15.0,58.0,-6.1,92.0546,0,0,0,0,0,8.62632,0.0159929,0.0193103,0.220689,0.0345061
aeeem,org::eclipse::pde::internal::ui::search::dependencies::ShowResultsAction,41.0,13,4,0,201.286,87.0,46.0,0,48.0,6.69231,15.0,3.53846,42.0,3.15385,35.179,2,2,0,0,0,15.0796,0.0133642,0.0326646,0.385503,0.0449413
aeeem,org::eclipse::pde::internal::core::text::cheatsheet::simple::SimpleCSRunObject,-1.0,2,2,0,52.4286,2.0,3.0,0,2.0,1.0,3.0,1.5,0.0,-0.5,16.2857,1,1,0,0,0,1.77712,0.000194732,0.00961856,0.0609203,0.0309529
aeeem,org::eclipse::pde::internal::core::util::SAXParserWrapper,0.0,2,2,0,116.143,9.0,9.0,0,9.0,4.5,9.0,4.5,0.0,0.0,80.0,1,0,0,0,0,1.77712,0.000701036,0.00961856,0.0609203,0.0309529
aeeem,org::eclipse::pde::internal::ui::preferences::TargetPlatformPreferenceNode,-2.0,9,5,0,239.0,24.0,26.0,0,9.0,2.66667,9.0,2.88889,4.0,-0.222222,75.1845,0,0,0,0,0,7.00075,0.00352932,0.01696,0.182272,0.0343634
aeeem,org::eclipse::pde::internal::ui::util::StringMatcher,9.0,3,2,0,92.2857,113.0,104.0,0,112.0,37.6667,103.0,34.6667,9.0,3.0,57.8622,1,0,0,0,0,3.36633,0.00662961,0.0148684,0.107253,0.0401211
aeeem,org::eclipse::pde::internal::ui::tests::macro::MacroUtil,37.0,5,3,0,183.857,347.0,310.0,0,236.0,69.4,241.0,62.0,38.0,7.4,102.326,0,0,0,0,0,5.45209,0.0420761,0.0139186,0.143516,0.0310417
aeeem,org::eclipse::pde::internal::core::plugin::WorkspacePluginModel,10.0,12,7,2,335.286,43.0,33.0,0,17.0,3.58333,12.0,2.75,6.0,0.833333,133.997,4,4,0,0,0,9.97572,0.00342991,0.0264423,0.268533,0.0491907
aeeem,org::eclipse::pde::internal::ui::search::ShowDescriptionAction,234.0,44,9,2,305.0,544.0,310.0,0,101.0,12.3636,53.0,7.04545,95.0,5.31818,127.624,13,11,1,0,0,23.0656,0.0904989,0.0539942,0.603103,0.0770797
aeeem,org::eclipse::pde::internal::ui::util::ChoicePropertyDescriptor,10.0,8,6,1,335.286,50.0,40.0,0,28.0,6.25,26.0,5.0,6.0,1.25,209.046,0,0,0,0,0,6.41569,0.00387292,0.0163241,0.169334,0.0343568
aeeem,org::eclipse::pde::ui::templates::BooleanOption,24.0,10,6,1,333.143,113.0,89.0,0,42.0,11.3,42.0,8.9,42.0,2.4,84.6068,0,0,0,0,0,6.41569,0.00282556,0.0163241,0.169334,0.0343568
aeeem,org::eclipse::pde::internal::ui::wizards::feature::NewFeatureProjectWizard,-43.0,35,6,0,240.714,527.0,570.0,0,283.0,15.0571,368.0,16.2857,246.0,-1.22857,36.527,13,12,0,0,1,17.575,0.0976143,0.0337324,0.435284,0.0412355
aeeem,org::eclipse::pde::internal::core::builders::JarManifestErrorReporter,-9.0,9,4,0,133.571,130.0,139.0,0,40.0,14.4444,89.0,15.4444,32.0,-1.0,44.1066,6,5,1,0,0,6.60445,0.0319905,0.0194663,0.184495,0.0365434
aeeem,org::eclipse::pde::internal::ui::editor::cheatsheet::comp::actions::CompCSRemoveTaskObjectAction,-3.0,2,2,0,98.0,8.0,11.0,0,8.0,4.0,11.0,5.5,0.0,-1.5,63.8571,1,1,0,0,0,1.76682,0.000473893,0.0100966,0.0617154,0.0339284
aeeem,org::eclipse::pde::internal::ui::editor::cheatsheet::simple::SimpleCSSourcePage,74.0,9,3,0,64.4286,163.0,89.0,0,103.0,18.1111,46.0,9.88889,85.0,8.22222,13.8379,4,2,0,0,0,4.41258,0.021928,0.0185832,0.138856,0.0463837
aeeem,org::eclipse::pde::internal::core::builders::UpdateSiteErrorReporter,3.0,4,3,0,133.571,18.0,15.0,0,10.0,4.5,13.0,3.75,6.0,0.75,58.9683,2,2,0,0,0,4.3792,0.00575621,0.0137402,0.123688,0.0314785
aeeem,org::eclipse::pde::internal::core::WorkspaceModelManager,-811.0,114,9,2,335.286,2068.0,2879.0,0,547.0,18.1404,709.0,25.2544,100.0,-7.11403,133.395,17,17,7,5,2,27.3621,0.425979,0.0607412,0.706161,0.0782246
aeeem,org::eclipse::pde::internal::runtime::registry::ExtensionPointAdapter,4.0,3,2,0,381.0,4.0,0.0,0,4.0,1.33333,0.0,0.0,4.0,1.33333,0.571429,0,0,0,0,0,0.0,0.0,0.0,0.0,0.0
aeeem,org::eclipse::pde::internal::ui::wizards::product::BaseManifestOperation,190.0,12,3,0,150.571,271.0,81.0,0,106.0,22.5833,47.0,6.75,106.0,15.8333,11.2177,1,1,0,0,0,11.8796,0.0502055,0.0313731,0.320965,0.053463
aeeem,org::eclipse::pde::internal::ui::preferences::XMLSyntaxColorTab,123.0,12,3,0,149.143,163.0,40.0,0,79.0,13.5833,13.0,3.33333,79.0,10.25,5.0447,1,0,0,0,0,5.24229,0.0159569,0.0179873,0.152022,0.0444688
aeeem,org::eclipse::pde::internal::ui::editor::schema::ElementSection,661.0,66,9,2,335.286,2036.0,1375.0,2,286.0,30.8485,224.0,20.8333,129.0,10.0152,180.901,27,22,0,0,0,26.2376,0.272418,0.067819,0.705353,0.107311
aeeem,org::eclipse::pde::internal::ui::editor::schema::ElementSectionDragAdapter,5.0,10,7,1,303.571,56.0,51.0,0,18.0,5.6,22.0,5.1,10.0,0.5,142.923,1,1,0,0,0,7.39875,0.0101825,0.0178081,0.192754,0.0345324
aeeem,org::eclipse::pde::ui::launcher::BundlesTab,-19.0,13,4,0,104.429,35.0,54.0,0,9.0,2.69231,28.0,4.15385,7.0,-1.46154,46.1959,5,4,1,1,0,9.56944,0.0272052,0.0704335,0.35829,0.190859
aeeem,org::eclipse::pde::internal::ui::wizards::product::ProductFromConfigOperation,35.0,15,4,0,190.143,101.0,66.0,0,26.0,6.73333,16.0,4.4,20.0,2.33333,68.7341,2,2,0,0,0,15.1351,0.0246781,0.0450429,0.417368,0.101606
aeeem,org::eclipse::pde::internal::ui::refactoring::CreateHeaderChangeOperation,2.0,5,2,0,71.8571,38.0,36.0,2,20.0,7.6,35.0,7.2,14.0,0.4,22.0226,3,3,0,0,0,5.83014,0.00668139,0.0235508,0.180778,0.0565766
aeeem,org::eclipse::pde::internal::ui::build::PluginExportJob,-75.0,9,4,0,170.286,19.0,94.0,0,7.0,2.11111,71.0,10.4444,7.0,-8.33333,46.1429,2,2,0,0,0,8.66479,0.0215941,0.0243177,0.237853,0.0451376
aeeem,org::eclipse::pde::internal::ui::editor::schema::SchemaFormOutlinePage,-10.0,22,8,1,335.286,132.0,142.0,0,35.0,6.0,49.0,6.45455,7.0,-0.454545,138.313,3,2,0,0,0,11.7129,0.0163425,0.0358245,0.321985,0.0910991
aeeem,org::eclipse::pde::internal::ui::editor::site::SiteLabelProvider,-10.0,11,5,0,194.143,48.0,58.0,0,24.0,4.36364,22.0,5.27273,22.0,-0.909091,102.824,5,5,0,0,0,10.1348,0.0152872,0.0262155,0.271462,0.0451843
aeeem,org::eclipse::pde::internal::ui::launcher::TracingPropertySource,56.0,18,7,1,335.286,449.0,393.0,0,167.0,24.9444,156.0,21.8333,15.0,3.11111,130.322,4,3,2,0,0,7.22788,0.0490896,0.0656056,0.298961,0.138708
aeeem,org::eclipse::pde::internal::ui::refactoring::RenamePluginWizardPage,-51.0,5,2,0,79.8571,32.0,83.0,2,20.0,6.4,74.0,16.6,3.0,-10.2,33.1875,4,2,0,0,0,5.65618,0.0496529,0.0408704,0.211,0.125862
aeeem,org::eclipse::pde::internal::ui::wizards::WizardNode,12.0,13,8,2,335.286,86.0,74.0,0,44.0,6.61538,43.0,5.69231,6.0,0.923077,232.954,1,1,0,0,0,10.8895,0.0125432,0.037552,0.307941,0.101694
aeeem,org::eclipse::pde::internal::ui::wizards::feature::FeatureSpecPage,-78.0,21,6,1,240.714,267.0,345.0,0,73.0,12.7143,209.0,16.4286,32.0,-3.71429,56.2836,6,6,1,0,0,9.9241,0.0344885,0.0205227,0.248526,0.0345085
aeeem,org::eclipse::pde::internal::runtime::registry::ExtensionAdapter,4.0,3,2,0,381.0,4.0,0.0,0,4.0,1.33333,0.0,0.0,4.0,1.33333,0.571429,0,0,0,0,0,0.0,0.0,0.0,0.0,0.0
aeeem,org::eclipse::pde::internal::ui::wizards::PDEWizardNewFileCreationPage,16.0,3,3,0,83.0,22.0,6.0,1,19.0,7.33333,5.0,2.0,18.0,5.33333,7.77273,1,1,0,0,0,3.20993,0.00916013,0.0135718,0.10044,0.0364377
aeeem,org::eclipse::pde::ui::templates::TemplateOption,49.0,14,6,2,333.143,176.0,127.0,0,72.0,12.5714,72.0,9.07143,72.0,3.5,68.6713,2,2,0,0,0,5.98276,0.00246646,0.0158814,0.159804,0.0344317
aeeem,org::eclipse::pde::internal::ui::util::LineBreakingReader,-4.0,2,2,0,111.714,2.0,6.0,0,2.0,1.0,6.0,3.0,0.0,-2.0,77.5714,1,0,0,0,0,1.76682,0.000199534,0.0100966,0.0617154,0.0339284
aeeem,org::eclipse::pde::internal::ui::util::XMLRootElementMatcher,-6.0,2,2,0,55.1429,10.0,16.0,0,10.0,5.0,16.0,8.0,0.0,-3.0,21.0,1,1,0,0,0,1.76682,0.000648486,0.0100966,0.0617154,0.0339284
aeeem,org::eclipse::pde::internal::ui::editor::plugin::DependencyManagementSection,422.0,23,4,2,128.429,770.0,348.0,0,219.0,33.4783,263.0,15.1304,219.0,18.3478,66.7935,14,10,0,0,0,11.6025,0.1664,0.0329527,0.321663,0.0549521
aeeem,org::eclipse::pde::internal::ui::templates::rcp::ViewRCPTemplate,1.0,6,4,0,95.5714,37.0,36.0,1,31.0,6.16667,33.0,6.0,3.0,0.166667,53.0772,5,2,0,0,0,7.21846,0.0143621,0.0252565,0.213975,0.0510125
aeeem,org::eclipse::pde::internal::core::text::XMLEditingModel,354.0,15,4,0,151.143,440.0,86.0,0,111.0,29.3333,25.0,5.73333,110.0,23.6,62.825,4,3,2,1,0,12.5527,0.0759616,0.0444917,0.365311,0.107408
aeeem,org::eclipse::pde::internal::core::SearchablePluginsManager,209.0,51,8,1,307.0,886.0,677.0,0,239.0,17.3725,275.0,13.2745,59.0,4.09804,160.78,18,15,3,1,0,27.2338,0.205914,0.0701576,0.724685,0.124462
aeeem,org::eclipse::pde::internal::ui::editor::site::ArchiveSection,10.0,17,6,0,257.429,476.0,466.0,0,213.0,28.0,298.0,27.4118,189.0,0.588235,51.6633,2,1,0,0,0,12.0816,0.0255831,0.0277645,0.313029,0.0431372
aeeem,org::eclipse::pde::internal::core::AbstractNLModel,104.0,7,4,0,92.5714,110.0,6.0,0,56.0,15.7143,4.0,0.857143,56.0,14.8571,6.81558,1,1,0,0,0,8.13388,0.021011,0.0270611,0.23711,0.0521245
aeeem,org::eclipse::pde::internal::ui::editor::feature::IncludedFeaturesSection,212.0,42,8,1,331.714,666.0,454.0,0,179.0,15.8571,123.0,10.8095,66.0,5.04762,147.961,19,15,1,0,1,15.7846,0.0939523,0.0347609,0.405879,0.0459457
aeeem,org::eclipse::pde::internal::ui::refactoring::RenameProjectChange,-5.0,4,1,0,79.8571,21.0,26.0,1,17.0,5.25,24.0,6.5,2.0,-1.25,37.9456,2,1,0,0,0,4.63082,0.00267482,0.0176659,0.140528,0.0411674
aeeem,org::eclipse::pde::internal::ui::editor::text::PDESelectAnnotationRulerAction,-11.0,4,3,0,130.0,11.0,22.0,0,10.0,2.75,19.0,5.5,0.0,-2.75,92.974,1,1,0,0,0,4.7997,0.00254292,0.0186918,0.146801,0.0438528
aeeem,org::eclipse::pde::internal::ui::wizards::imports::FeatureImportWizard,-75.0,20,8,2,299.429,243.0,318.0,0,86.0,12.15,112.0,15.9,14.0,-3.75,178.855,3,2,0,0,0,14.2974,0.0909471,0.0310537,0.365666,0.0433387
aeeem,org::eclipse::pde::internal::ui::templates::ide::UniversalWelcomeTemplate,2.0,5,3,0,95.5714,33.0,31.0,1,17.0,6.6,26.0,6.2,14.0,0.4,37.0693,4,1,0,0,0,5.87009,0.0151196,0.0222232,0.178441,0.0492627
aeeem,org::eclipse::pde::internal::ui::editor::PDEProjectionSourcePage,274.0,10,4,1,122.429,327.0,53.0,0,106.0,32.7,40.0,5.3,106.0,27.4,12.1857,3,1,0,0,0,6.91542,0.116567,0.019516,0.190289,0.0366319
aeeem,org::eclipse::pde::internal::core::exports::BuildUtilities,0.0,2,2,0,128.143,1.0,1.0,0,1.0,0.5,1.0,0.5,0.0,0.0,92.0,0,0,0,0,0,1.77712,7.78929e-05,0.00961856,0.0609203,0.0309529
aeeem,org::eclipse::pde::internal::ui::correction::RemoveRequireBundleResolution,8.0,5,4,1,150.429,15.0,7.0,1,10.0,3.0,5.0,1.4,10.0,1.6,43.819,1,0,0,0,0,4.47111,0.00279577,0.0150035,0.129062,0.0354106
aeeem,org::eclipse::pde::internal::ui::commands::TagManager,-3.0,3,2,0,104.857,32.0,35.0,0,28.0,10.6667,31.0,11.6667,0.0,-1.0,63.4107,0,0,0,0,0,3.17095,0.00301798,0.0131168,0.0982862,0.0354147
aeeem,org::eclipse::pde::internal::ui::search::dependencies::PackageFinder,-29.0,3,1,0,83.8571,80.0,109.0,0,79.0,26.6667,108.0,36.3333,0.0,-9.66667,49.1643,2,2,0,0,0,3.12618,0.00543243,0.0135406,0.0986963,0.0368315
aeeem,org::eclipse::pde::internal::core::schema::SchemaRegistry,-104.0,43,9,4,335.286,760.0,864.0,0,332.0,17.6744,385.0,20.093,66.0,-2.4186,91.8015,9,9,1,1,2,17.4516,0.0436441,0.0433158,0.46316,0.0688407
aeeem,org::eclipse::pde::internal::ui::editor::site::NewArchiveDialog,51.0,18,6,1,287.857,223.0,172.0,0,141.0,12.3889,69.0,9.55556,72.0,2.83333,93.8065,2,2,0,0,0,10.6248,0.0141928,0.0212265,0.26377,0.034525
aeeem,org::eclipse::pde::internal::core::text::bundle::BundleNameHeader,63.0,4,2,0,151.0,67.0,4.0,0,32.0,16.75,4.0,1.0,32.0,15.75,5.34755,0,0,0,0,0,3.30831,0.00361819,0.0116346,0.0962807,0.0310383
aeeem,org::eclipse::pde::internal::ui::wizards::exports::FeatureOptionsTab,181.0,10,4,0,140.0,214.0,33.0,0,77.0,21.4,20.0,3.3,77.0,18.1,28.3264,2,1,0,0,0,7.17242,0.0549387,0.0339255,0.228232,0.104807
aeeem,org::eclipse::pde::internal::core::exports::SiteBuildOperation,46.0,7,3,0,128.143,62.0,16.0,0,34.0,8.85714,6.0,2.28571,33.0,6.57143,110.7,4,3,0,0,0,5.05091,0.0566947,0.0647697,0.247483,0.207366
aeeem,org::eclipse::pde::internal::core::converter::PluginConverter,17.0,7,3,0,106.0,85.0,68.0,0,41.0,12.1429,30.0,9.71429,11.0,2.42857,30.2353,4,3,0,0,0,8.61553,0.0282923,0.0295969,0.252942,0.0617146
aeeem,org::eclipse::pde::internal::ui::nls::ExternalizeStringsProcessor,-13.0,2,2,0,58.0,8.0,21.0,0,8.0,4.0,21.0,10.5,0.0,-6.5,23.8571,1,0,0,0,0,1.76682,0.000723311,0.0100966,0.0617154,0.0339284
aeeem,org::eclipse::pde::internal::core::text::ctxhelp::CtxHelpContext,0.0,1,1,0,33.4286,0.0,0.0,0,0.0,0.0,0.0,0.0,0.0,0.0,0.0,1,0,0,0,0,0.0,0.0,0.0,0.0,0.0
aeeem,org::eclipse::pde::internal::ui::wizards::feature::OpenProjectWizardAction,10.0,15,6,1,228.0,48.0,38.0,0,10.0,3.2,8.0,2.53333,10.0,0.666667,79.1696,2,2,0,0,0,12.9417,0.0112638,0.0244018,0.317737,0.034705
aeeem,org::eclipse::pde::internal::ui::editor::ctxhelp::CtxHelpContentProvider,0.0,1,1,0,33.4286,0.0,0.0,0,0.0,0.0,0.0,0.0,0.0,0.0,0.0,1,0,0,0,0,0.0,0.0,0.0,0.0,0.0
aeeem,org::eclipse::pde::internal::ui::wizards::product::BaseProductCreationOperation,48.0,26,5,1,190.143,168.0,120.0,0,29.0,6.46154,49.0,4.61538,15.0,1.84615,66.2338,7,6,1,0,0,25.2449,0.0389087,0.0635022,0.664292,0.119833
aeeem,org::eclipse::pde::internal::ui::editor::site::FeaturesPage,78.0,17,6,0,241.714,195.0,117.0,0,49.0,11.4706,31.0,6.88235,36.0,4.58824,62.1326,1,1,0,0,0,10.9524,0.0164397,0.0252949,0.283022,0.0426652
aeeem,org::eclipse::pde::internal::ui::preferences::TargetEnvironmentPreferenceNode,-87.0,8,3,0,239.0,20.0,107.0,0,10.0,2.5,93.0,13.375,10.0,-10.875,75.6929,1,1,0,0,0,4.02695,0.0243572,0.00559731,0.0939898,0.000502744
aeeem,org::eclipse::pde::internal::core::feature::FeatureInfo,10.0,20,7,1,335.286,110.0,100.0,0,38.0,5.5,39.0,5.0,10.0,0.5,79.8883,1,1,0,0,0,9.5123,0.00558744,0.0193122,0.237287,0.031428
aeeem,org::eclipse::pde::internal::ui::wizards::product::ProductDefinitionOperation,560.0,39,6,0,187.857,1217.0,657.0,0,223.0,31.2051,118.0,16.8462,220.0,14.359,61.2122,13,12,1,0,0,26.3437,0.273569,0.0534454,0.662987,0.0653376
aeeem,org::eclipse::pde::internal::ui::launcher::OSGiValidationOperation,0.0,2,1,0,77.4286,1.0,1.0,0,1.0,0.5,1.0,0.5,0.0,0.0,5.85714,1,1,0,0,0,1.50465,0.000441945,0.0041253,0.0418317,0.00433591
aeeem,org::eclipse::pde::internal::core::util::HeaderMap,0.0,2,2,0,72.4286,4.0,4.0,0,4.0,2.0,4.0,2.0,0.0,0.0,36.2857,1,1,0,0,0,1.77712,0.000311572,0.00961856,0.0609203,0.0309529
aeeem,org::eclipse::pde::internal::core::text::DocumentXMLNode,0.0,2,2,0,56.4286,1.0,1.0,0,1.0,0.5,1.0,0.5,0.0,0.0,20.2857,1,0,0,0,0,1.77712,7.78929e-05,0.00961856,0.0609203,0.0309529
aeeem,org::eclipse::pde::internal::ui::refactoring::PDERefactoringAction,10.0,3,1,0,45.8571,22.0,12.0,1,12.0,7.33333,12.0,4.0,10.0,3.33333,7.75325,1,0,0,0,0,3.05459,0.00499974,0.0158218,0.103073,0.0489416
aeeem,org::eclipse::ui::internal::views::log::SharedImages,1.0,3,1,0,49.4286,12.0,11.0,0,9.0,4.0,10.0,3.66667,2.0,0.333333,10.5,1,0,0,0,0,2.99178,0.00257075,0.0147972,0.0994126,0.0438154
aeeem,org::eclipse::pde::internal::ui::editor::text::XMLDoubleClickStrategy,-3.0,4,3,0,147.571,6.0,9.0,0,4.0,1.5,7.0,2.25,0.0,-0.75,83.0476,1,1,0,0,0,4.30172,0.00123235,0.0140827,0.122757,0.0344154
aeeem,org::eclipse::pde::internal::runtime::PDERuntimePlugin,4.0,4,2,0,381.0,5.0,1.0,0,4.0,1.25,1.0,0.25,4.0,1.0,3.25714,0,0,0,0,0,0.0,0.0,0.0,0.0,0.0
aeeem,org::eclipse::pde::internal::core::builders::PDEMarkerFactory,43.0,23,4,7,133.571,94.0,51.0,1,24.0,4.08696,18.0,2.21739,11.0,1.86957,32.6565,19,7,0,0,0,12.4057,0.0268853,0.0381883,0.350401,0.0766164
aeeem,org::eclipse::pde::internal::ui::correction::AddBuildEntryResolution,6.0,4,2,2,130.857,11.0,5.0,1,10.0,2.75,4.0,1.25,10.0,1.5,11.9091,1,1,0,0,0,3.18664,0.00254719,0.0122967,0.0957854,0.0341758
aeeem,org::eclipse::pde::internal::ui::editor::toc::details::TocLinkDetails,366.0,10,4,0,61.1429,455.0,89.0,0,212.0,45.5,46.0,8.9,212.0,36.6,3.5551,4,2,0,0,0,5.02919,0.0482,0.0210204,0.157739,0.0521834
aeeem,org::eclipse::pde::internal::core::plugin::AbstractPluginModelBase,2.0,61,9,2,335.286,508.0,506.0,1,54.0,8.32787,82.0,8.29508,40.0,0.0327869,120.229,6,6,1,1,1,22.588,0.0495584,0.0493253,0.581421,0.0586375
aeeem,org::eclipse::pde::internal::ui::wizards::imports::PluginImportWizardExpressPage,126.0,46,7,0,275.429,428.0,302.0,0,50.0,9.30435,72.0,6.56522,41.0,2.73913,80.5377,8,7,1,1,0,19.4361,0.0329271,0.0421124,0.49789,0.0542399
aeeem,org::eclipse::pde::internal::ui::editor::build::BuildInputContextManager,-2.0,8,4,0,227.429,23.0,25.0,0,10.0,2.875,10.0,3.125,4.0,-0.25,19.646,0,0,0,0,0,4.64887,0.00198373,0.00622749,0.107619,0.000428437
aeeem,org::eclipse::pde::internal::ui::tests::macro::ViewCommandTarget,-6.0,5,3,0,183.857,6.0,12.0,0,3.0,1.2,6.0,2.4,0.0,-1.2,116.833,0,0,0,0,0,6.18007,0.00568366,0.0179441,0.170538,0.037331
aeeem,org::eclipse::pde::internal::ui::correction::AbstractManifestMarkerResolution,-8.0,6,3,2,128.286,20.0,28.0,1,10.0,3.33333,18.0,4.66667,7.0,-1.33333,28.5714,1,1,0,0,0,3.18664,0.00672095,0.0122967,0.0957854,0.0341758
aeeem,org::eclipse::pde::internal::ui::editor::target::TargetInputContext,-9.0,4,3,0,144.857,10.0,19.0,0,7.0,2.5,17.0,4.75,1.0,-2.25,95.1714,1,1,0,0,0,4.57263,0.00266161,0.0173552,0.138328,0.0411648
aeeem,org::eclipse::pde::internal::ui::nls::ModelChangeTable,110.0,10,3,0,154.857,170.0,60.0,0,74.0,17.0,43.0,6.0,74.0,11.0,9.96639,1,1,0,0,0,6.30121,0.0130875,0.0166482,0.168658,0.0345068
aeeem,org::eclipse::pde::internal::ui::samples::SelectionPage,0.0,2,2,0,151.143,32.0,32.0,0,32.0,16.0,32.0,16.0,0.0,0.0,117.0,0,0,0,0,0,1.76682,0.00159627,0.0100966,0.0617154,0.0339284
aeeem,org::eclipse::pde::internal::ui::wizards::extension::NewSchemaFileMainPage,169.0,22,8,1,335.286,340.0,171.0,0,93.0,15.4545,28.0,7.77273,67.0,7.68182,182.176,4,4,1,0,0,16.1061,0.116715,0.0344706,0.410909,0.0448919
aeeem,org::eclipse::pde::internal::core::util::CheatSheetUtil,57.0,4,3,0,102.0,69.0,12.0,0,61.0,17.25,8.0,3.0,58.0,14.25,31.0745,2,2,0,0,0,4.79899,0.0212025,0.0180854,0.145418,0.0404947
aeeem,org::eclipse::pde::internal::ui::editor::toc::details::TocTopicDetails,444.0,9,4,0,61.1429,542.0,98.0,0,252.0,60.2222,51.0,10.8889,252.0,49.3333,3.74275,3,1,0,0,0,5.02919,0.0582724,0.0210204,0.157739,0.0521834
aeeem,org::eclipse::pde::internal::ui::refactoring::MoveFromChange,37.0,8,3,0,157.286,67.0,30.0,0,21.0,8.375,14.0,3.75,18.0,4.625,16.2964,0,0,0,0,0,5.35698,0.00982125,0.0148854,0.144873,0.0341501
aeeem,org::eclipse::pde::internal::ui::wizards::FeatureSelectionDialog,-11.0,9,5,0,188.286,23.0,34.0,0,10.0,2.55556,9.0,3.77778,8.0,-1.22222,104.404,2,2,0,0,0,11.7134,0.0376238,0.0404395,0.332493,0.106803
aeeem,org::eclipse::pde::internal::ui::preferences::TargetPlatformPreferencePage,707.0,104,10,3,335.286,1965.0,1258.0,0,290.0,18.8942,164.0,12.0962,250.0,6.79808,166.53,35,33,5,2,1,34.5185,0.215509,0.102973,0.948907,0.226757
aeeem,org::eclipse::pde::internal::ui::refactoring::PDERenameParticipant,43.0,12,4,0,158.143,139.0,96.0,2,42.0,11.5833,49.0,8.0,32.0,3.58333,49.7225,3,1,0,0,0,11.9189,0.0427451,0.0333459,0.324421,0.0707195
aeeem,org::eclipse::pde::internal::core::text::bundle::ExportPackageHeader,92.0,13,4,2,151.143,145.0,53.0,0,48.0,11.1538,30.0,4.07692,48.0,7.07692,28.4443,4,3,0,0,0,9.66991,0.0155881,0.0256749,0.262385,0.0412338
aeeem,org::eclipse::pde::internal::core::ant::ConvertSchemaToHTML,-44.0,13,5,0,133.571,55.0,99.0,0,33.0,4.23077,58.0,7.61538,1.0,-3.38462,75.4987,6,5,0,0,0,13.2632,0.0196488,0.0375789,0.36862,0.0580681
aeeem,org::eclipse::pde::internal::ui::compare::ManifestContentMergeViewerCreator,10.0,3,1,0,144.429,11.0,1.0,0,10.0,3.66667,1.0,0.333333,10.0,3.33333,17.3896,2,1,0,0,0,2.5349,0.00238503,0.00398611,0.0610414,0.000487047
aeeem,org::eclipse::pde::internal::ui::launcher::BundleLauncherHelper,37.0,7,3,0,71.5714,74.0,37.0,0,33.0,10.5714,20.0,5.28571,27.0,5.28571,39.6236,7,7,1,0,0,7.25623,0.0197049,0.043408,0.254391,0.144345
aeeem,org::eclipse::pde::internal::ui::wizards::templates::TemplateSelectionPage,5.0,25,6,2,335.286,264.0,259.0,0,82.0,10.56,65.0,10.36,23.0,0.2,92.7451,6,5,1,0,0,8.42705,0.02255,0.0222931,0.226056,0.042673
aeeem,org::eclipse::pde::internal::ui::wizards::toc::TocOperation,190.0,6,3,0,61.1429,231.0,41.0,0,99.0,38.5,27.0,6.83333,99.0,31.6667,3.54174,2,1,0,0,0,5.02919,0.0276205,0.0210204,0.157739,0.0521834
aeeem,org::eclipse::pde::internal::ui::wizards::imports::PluginImportOperation,403.0,133,9,4,335.286,3644.0,3241.0,0,368.0,27.3985,617.0,24.3684,148.0,3.03008,151.622,40,35,7,4,4,37.6698,0.571881,0.112971,1.03804,0.252898
aeeem,org::eclipse::pde::internal::ui::editor::plugin::rows::ChoiceAttributeRow,75.0,17,6,1,227.429,129.0,54.0,0,30.0,7.58824,28.0,3.17647,28.0,4.41176,71.0277,5,4,1,0,0,14.001,0.0132737,0.0340241,0.370064,0.0496795
aeeem,org::eclipse::pde::internal::ui::launcher::BaseBlock,375.0,17,4,1,156.429,481.0,106.0,0,182.0,28.2941,64.0,6.23529,182.0,22.0588,21.0582,2,1,0,0,0,11.1725,0.0513363,0.032988,0.310246,0.0683092
aeeem,org::eclipse::pde::internal::ui::editor::ctxhelp::CtxHelpTreeSection,-2.0,2,1,0,33.4286,5.0,7.0,0,5.0,2.5,7.0,3.5,0.0,-1.0,1.14286,2,1,0,0,0,1.38451,0.00238374,0.00833719,0.0492619,0.0290675
aeeem,org::eclipse::pde::internal::ui::editor::cheatsheet::comp::actions::CompCSAbstractAddAction,-15.0,3,2,0,98.0,17.0,32.0,0,9.0,5.66667,22.0,10.6667,0.0,-5.0,48.3529,2,2,0,0,0,3.1496,0.00973053,0.0143462,0.101419,0.0398337
aeeem,org::eclipse::pde::internal::core::builders::PluginErrorReporter,-42.0,6,4,0,335.286,38.0,80.0,0,30.0,6.33333,70.0,13.3333,0.0,-7.0,180.481,1,1,0,0,0,4.50833,0.0182125,0.0137612,0.126122,0.0313699
aeeem,org::eclipse::pde::internal::ui::editor::plugin::DependenciesPage,-21.0,33,8,1,227.429,325.0,346.0,0,38.0,9.84848,75.0,10.4848,36.0,-0.636364,80.1776,6,5,0,0,0,23.6028,0.0792191,0.0482927,0.594342,0.062639
aeeem,org::eclipse::pde::internal::ui::editor::feature::FeatureOutlinePage,4.0,23,7,1,335.286,252.0,248.0,0,100.0,10.9565,75.0,10.7826,58.0,0.173913,131.959,5,4,0,0,0,15.4609,0.0403147,0.034877,0.398501,0.0533119
aeeem,org::eclipse::pde::internal::core::product::ConfigurationFileInfo,171.0,14,4,1,190.857,266.0,95.0,0,185.0,19.0,36.0,6.78571,157.0,12.2143,136.083,3,2,0,0,0,8.50408,0.149015,0.02671,0.234636,0.0738205
aeeem,org::eclipse::pde::internal::ui::editor::TreeSection,39.0,14,6,1,335.286,83.0,44.0,0,17.0,5.92857,6.0,3.14286,12.0,2.78571,190.706,4,2,0,0,0,10.7594,0.0127959,0.0258963,0.282301,0.043071
aeeem,org::eclipse::pde::internal::ui::editor::schema::NewAttributeAction,2.0,14,9,1,335.286,97.0,95.0,0,41.0,6.92857,44.0,6.78571,6.0,0.142857,217.811,4,3,0,0,0,10.5501,0.0157771,0.0303891,0.28857,0.0683741
aeeem,org::eclipse::pde::internal::ui::samples::SampleStandbyContent,-8.0,4,2,0,151.143,49.0,57.0,0,46.0,12.25,54.0,14.25,0.0,-2.0,113.484,0,0,0,0,0,4.76964,0.00451157,0.0175417,0.142682,0.0409361
aeeem,org::eclipse::pde::internal::ui::wizards::product::ProductIntroWizardPage,14.0,16,3,2,158.286,175.0,161.0,0,49.0,10.9375,50.0,10.0625,24.0,0.875,46.9641,5,5,0,0,0,12.713,0.0427051,0.0386161,0.358507,0.0735318
aeeem,org::eclipse::pde::internal::core::target::ArgumentsInfo,10.0,4,3,0,144.286,20.0,10.0,0,10.0,5.0,9.0,2.5,10.0,2.5,58.15,1,1,0,0,0,4.31202,0.00308606,0.0136047,0.121962,0.0314399
aeeem,org::eclipse::pde::internal::ui::editor::contentassist::display::SingleCharReader,-1.0,3,2,1,110.857,9.0,10.0,0,8.0,3.0,9.0,3.33333,0.0,-0.333333,68.2857,1,1,0,0,0,3.19189,0.00128925,0.0126634,0.097192,0.03454
aeeem,org::eclipse::pde::internal::ui::tests::macro::StructuredSelectionCommand,13.0,6,3,0,183.857,46.0,33.0,0,19.0,7.66667,19.0,5.5,11.0,2.16667,70.1087,0,0,0,0,0,7.2787,0.0106166,0.0194086,0.196003,0.037387
aeeem,org::eclipse::pde::internal::core::text::bundle::RequiredExecutionEnvironmentHeader,205.0,17,4,1,151.143,459.0,254.0,0,117.0,27.0,97.0,14.9412,117.0,12.0588,23.3249,1,0,0,0,0,9.64564,0.0678908,0.0266966,0.26412,0.0479881
aeeem,org::eclipse::pde::ui::launcher::EquinoxSettingsTab,-201.0,8,4,0,154.429,8.0,209.0,0,2.0,1.0,102.0,26.125,1.0,-25.125,82.8214,2,1,0,0,0,8.00589,0.0621135,0.0288973,0.236267,0.0703376
aeeem,org::eclipse::pde::internal::ui::editor::contentassist::TypePackageCompletionProcessor,446.0,15,3,1,114.0,701.0,255.0,1,203.0,46.7333,126.0,17.0,203.0,29.7333,15.2189,5,4,0,0,0,11.0132,0.186016,0.0362948,0.319893,0.069738
aeeem,org::eclipse::pde::internal::ui::editor::actions::SortAction,36.0,11,3,0,110.143,88.0,52.0,0,56.0,8.0,23.0,4.72727,48.0,3.27273,17.7208,11,9,0,0,0,10.5919,0.0369478,0.0306694,0.29603,0.0493015
aeeem,org::eclipse::pde::internal::ui::wizards::cheatsheet::RegisterCSWizardPage,240.0,9,2,0,97.4286,541.0,301.0,0,418.0,60.1111,143.0,33.4444,354.0,26.6667,14.2345,6,6,0,0,0,9.50088,0.168814,0.031553,0.276775,0.0604422
aeeem,org::eclipse::ui::internal::views::log::LogSession,16.0,6,1,0,49.4286,79.0,63.0,0,40.0,13.1667,32.0,10.5,26.0,2.66667,15.0362,4,2,1,0,0,6.6749,0.105389,0.0821671,0.332866,0.209245
aeeem,org::eclipse::pde::internal::ui::launcher::OSGiFrameworkBlock,342.0,10,3,0,107.0,391.0,49.0,2,176.0,39.1,29.0,4.9,176.0,34.2,7.31129,3,2,0,0,0,10.3881,0.0899472,0.0345272,0.30102,0.0719625
aeeem,org::eclipse::pde::internal::ui::editor::build::AbstractJavaScanner,0.0,2,2,0,150.857,0.0,0.0,0,0.0,0.0,0.0,0.0,0.0,0.0,0.0,0,0,0,0,0,0.0,0.0,0.0,0.0,0.0
aeeem,org::eclipse::pde::internal::ui::editor::text::PDETextHover,35.0,8,5,1,106.286,90.0,55.0,0,47.0,11.25,27.0,6.875,47.0,4.375,29.1524,6,5,1,1,0,7.69368,0.0360164,0.0276421,0.227626,0.0650362
aeeem,org::eclipse::pde::internal::core::text::cheatsheet::simple::SimpleCSDocumentFactory,-20.0,8,2,0,59.2857,498.0,518.0,0,358.0,62.25,358.0,64.75,358.0,-2.5,2.76822,1,0,0,0,0,4.41258,0.0665647,0.0185832,0.138856,0.0463837
aeeem,org::eclipse::pde::internal::ui::views::plugins::PluginsContentProvider,-25.0,7,3,0,108.143,106.0,131.0,1,49.0,15.1429,84.0,18.7143,19.0,-3.57143,47.5148,5,5,0,0,0,7.96788,0.0371273,0.0356692,0.252799,0.0995875
aeeem,org::eclipse::pde::internal::ui::nls::ModelChangeElement,241.0,17,4,0,154.857,308.0,67.0,0,98.0,18.1176,22.0,3.94118,98.0,14.1765,14.3302,3,2,0,0,0,9.95543,0.0215888,0.0245355,0.262579,0.0434871
aeeem,org::eclipse::pde::internal::core::product::ProductObject,26.0,13,5,0,191.143,106.0,80.0,1,40.0,8.15385,25.0,6.15385,39.0,2.0,22.1887,1,1,0,0,0,12.5339,0.0272541,0.03059,0.32952,0.0519916
aeeem,org::eclipse::pde::internal::ui::properties::SelfHostingPropertyPage,31.0,20,4,0,224.286,117.0,86.0,0,30.0,5.85,41.0,4.3,14.0,1.55,79.1001,5,5,0,0,0,15.9552,0.0210278,0.029741,0.392385,0.0360891
aeeem,org::eclipse::pde::internal::core::text::bundle::BundleVersionHeader,64.0,4,2,0,151.0,66.0,2.0,0,32.0,16.5,2.0,0.5,32.0,16.0,3.68831,0,0,0,0,0,3.30831,0.00350135,0.0116346,0.0962807,0.0310383
aeeem,org::eclipse::pde::internal::core::text::ctxhelp::CtxHelpModel,0.0,1,1,0,33.4286,0.0,0.0,0,0.0,0.0,0.0,0.0,0.0,0.0,0.0,1,0,0,0,0,0.0,0.0,0.0,0.0,0.0
aeeem,org::eclipse::pde::internal::ui::editor::PDEMultiPageContentOutline,90.0,20,6,1,335.286,272.0,182.0,0,75.0,13.6,70.0,9.1,43.0,4.5,130.877,1,1,0,0,0,9.56428,0.012684,0.0200502,0.240212,0.0345105
aeeem,org::eclipse::pde::internal::ui::wizards::imports::BinaryProjectFilter,-30.0,16,7,1,328.571,107.0,137.0,0,36.0,6.6875,40.0,8.5625,31.0,-1.875,101.621,1,1,0,0,0,10.8518,0.0290265,0.0274827,0.289639,0.0442557
aeeem,org::eclipse::pde::internal::ui::editor::plugin::OverviewPage,87.0,60,8,1,227.429,877.0,790.0,0,130.0,14.6167,138.0,13.1667,63.0,1.45,90.7566,16,12,1,1,0,31.5637,0.193112,0.0641694,0.794498,0.0792176
aeeem,org::eclipse::pde::internal::core::util::PDEJavaHelper,23.0,6,3,1,72.7143,145.0,122.0,1,84.0,24.1667,90.0,20.3333,19.0,3.83333,32.3054,3,2,0,0,1,4.23308,0.0454446,0.0202982,0.138302,0.0599041
aeeem,org::eclipse::pde::internal::core::TargetDefinitionManager,11.0,5,3,1,136.286,35.0,24.0,0,22.0,7.0,22.0,4.8,10.0,2.2,65.7102,0,0,0,0,0,4.50833,0.00438048,0.0137612,0.126122,0.0313699
aeeem,org::eclipse::pde::internal::core::util::VMUtil,0.0,1,1,0,9.28571,0.0,0.0,0,0.0,0.0,0.0,0.0,0.0,0.0,0.0,1,1,0,0,0,0.0,0.0,0.0,0.0,0.0
aeeem,org::eclipse::pde::internal::ui::search::dependencies::GatherUnusedDependenciesOperation,18.0,12,3,0,135.0,177.0,159.0,0,59.0,14.75,104.0,13.25,44.0,1.5,40.6538,5,5,0,0,0,11.0213,0.0346931,0.0290785,0.298719,0.0456286
aeeem,org::eclipse::pde::internal::core::text::plugin::PluginElementNode,368.0,18,5,1,151.143,469.0,101.0,0,168.0,26.0556,16.0,5.61111,168.0,20.4444,19.3119,5,4,0,0,0,12.6078,0.0580007,0.035403,0.348779,0.0564535
aeeem,org::eclipse::pde::internal::core::text::cheatsheet::simple::SimpleCSDocumentHandler,-59.0,9,2,0,59.2857,268.0,327.0,0,126.0,29.7778,126.0,36.3333,126.0,-6.55556,2.71109,1,0,0,0,0,4.41258,0.0258538,0.0185832,0.138856,0.0463837
aeeem,org::eclipse::pde::internal::core::LoadTargetOperation,-55.0,14,4,0,132.286,224.0,279.0,1,109.0,16.0,114.0,19.9286,10.0,-3.92857,74.2283,8,8,0,0,1,13.0943,0.175564,0.0551471,0.400439,0.12469
aeeem,org::eclipse::pde::internal::ui::editor::PDELauncherFormEditor,-5.0,2,2,0,56.1429,21.0,26.0,0,21.0,10.5,26.0,13.0,0.0,-2.5,22.0,1,0,0,0,0,1.76682,0.00117226,0.0100966,0.0617154,0.0339284
aeeem,org::eclipse::pde::internal::core::util::ManifestUtils,2.0,10,3,0,92.7143,135.0,133.0,0,87.0,13.5,87.0,13.3,87.0,0.2,11.7185,5,3,0,0,0,9.08201,0.0678959,0.0389108,0.282282,0.102926
aeeem,org::eclipse::pde::internal::ui::editor::schema::NewCompositorAction,15.0,18,8,1,335.286,156.0,141.0,0,41.0,8.66667,48.0,7.83333,18.0,0.833333,194.463,3,3,0,0,0,11.7919,0.0199272,0.0255442,0.300092,0.0404153
aeeem,org::eclipse::pde::internal::core::ExecutionEnvironmentAnalyzer,98.0,14,4,2,144.286,248.0,150.0,0,110.0,17.7143,77.0,10.7143,33.0,7.0,27.0668,5,5,0,0,0,9.06318,0.0539174,0.0255882,0.249566,0.0474077
aeeem,org::eclipse::pde::internal::core::text::cheatsheet::simple::SimpleCSConditionalSubItem,-65.0,9,2,0,59.2857,184.0,249.0,0,160.0,20.4444,160.0,27.6667,160.0,-7.22222,0.541925,1,0,0,0,0,4.41258,0.0293969,0.0185832,0.138856,0.0463837
aeeem,org::eclipse::pde::internal::ui::editor::target::TargetProfileWindow,28.0,14,3,0,138.429,119.0,91.0,0,41.0,8.5,55.0,6.5,15.0,2.0,43.2557,6,5,0,0,0,10.193,0.0218995,0.0264681,0.274414,0.0431753
aeeem,org::eclipse::pde::internal::ui::wizards::templates::PreprocessorParser,19.0,13,7,1,335.286,91.0,72.0,0,22.0,7.0,21.0,5.53846,12.0,1.46154,138.545,0,0,0,0,0,6.41569,0.00333477,0.0163241,0.169334,0.0343568
aeeem,org::eclipse::pde::internal::core::PluginPathFinder,209.0,37,9,1,300.0,415.0,206.0,0,64.0,11.2162,52.0,5.56757,47.0,5.64865,159.309,11,9,5,3,0,22.1232,0.179403,0.167613,4.62534,0.333614
aeeem,org::eclipse::pde::internal::ui::views::dependencies::CalleesListContentProvider,8.0,6,2,0,108.143,65.0,57.0,1,22.0,10.8333,29.0,9.5,16.0,1.33333,43.8527,6,5,0,0,0,5.42268,0.0165156,0.0192198,0.160736,0.0414136
aeeem,org::eclipse::pde::ui::launcher::EclipseLaunchShortcut,79.0,19,4,0,104.429,209.0,130.0,1,43.0,11.0,51.0,6.84211,40.0,4.15789,37.4655,15,15,4,0,0,17.5007,0.0843158,0.0827338,0.557642,0.201748
aeeem,org::eclipse::pde::internal::core::ExternalModelManager,-442.0,68,8,2,335.286,1072.0,1514.0,0,168.0,15.7647,501.0,22.2647,100.0,-6.5,95.6461,10,10,1,1,3,17.039,0.127542,0.0366884,0.436048,0.0453971
aeeem,org::eclipse::pde::internal::ui::editor::target::ContentSection,115.0,29,6,1,144.0,501.0,386.0,0,133.0,17.2759,178.0,13.3103,26.0,3.96552,58.3305,17,11,1,0,0,21.326,0.1339,0.0689832,0.606667,0.143122
aeeem,org::eclipse::pde::internal::ui::search::BaseSearchAction,10.0,6,4,0,201.286,17.0,7.0,0,10.0,2.83333,3.0,1.16667,10.0,1.66667,45.0252,0,0,0,0,0,6.41569,0.00319309,0.0163241,0.169334,0.0343568
aeeem,org::eclipse::pde::internal::core::text::plugin::PluginLibraryNode,455.0,6,3,0,151.143,491.0,36.0,0,225.0,81.8333,27.0,6.0,225.0,75.8333,9.49287,1,0,0,0,0,4.6939,0.0279833,0.0164982,0.137642,0.0399091
aeeem,org::eclipse::pde::internal::core::schema::SchemaInclude,58.0,18,7,1,295.0,150.0,92.0,0,49.0,8.33333,54.0,5.11111,42.0,3.22222,74.8924,0,0,0,0,0,10.2088,0.00843235,0.0203995,0.254071,0.0315143
aeeem,org::eclipse::pde::internal::core::schema::SchemaElementHandler,-6.0,4,3,0,111.0,29.0,35.0,0,18.0,7.25,19.0,8.75,0.0,-1.5,48.1281,3,3,0,0,0,3.82071,0.00517985,0.0134045,0.112153,0.0319774
aeeem,org::eclipse::pde::internal::ui::editor::contentassist::XMLInsertionComputer,106.0,13,3,0,112.0,274.0,168.0,0,153.0,21.0769,109.0,12.9231,125.0,8.15385,31.1548,9,8,0,0,0,10.2464,0.075869,0.0309427,0.289839,0.0531628
aeeem,org::eclipse::pde::internal::core::variables::TargetOSArchVariableResolver,-1.0,2,2,0,69.0,1.0,2.0,0,1.0,0.5,2.0,1.0,0.0,-0.5,32.8571,1,1,1,0,0,1.77712,0.000116839,0.00961856,0.0609203,0.0309529
aeeem,org::eclipse::pde::internal::ui::editor::GenericSourcePage,19.0,9,6,0,227.429,49.0,30.0,0,14.0,5.44444,9.0,3.33333,10.0,2.11111,88.0379,2,1,0,0,0,9.23472,0.00775232,0.0220921,0.241801,0.0367513
aeeem,org::eclipse::pde::internal::ui::editor::FormOutlinePage,133.0,28,7,2,335.286,422.0,289.0,0,116.0,15.0714,96.0,10.3214,33.0,4.75,167.299,7,5,0,0,0,19.7652,0.0496991,0.0408245,0.500969,0.0477095
aeeem,org::eclipse::pde::internal::core::exports::PluginExportOperation,30.0,3,2,0,128.143,45.0,15.0,0,38.0,15.0,14.0,5.0,37.0,10.0,64.1333,1,1,0,0,0,3.23696,0.0103546,0.0137275,0.101805,0.0355765
aeeem,org::eclipse::pde::internal::ui::editor::PDEDropAdapter,-1.0,2,2,0,55.1429,24.0,25.0,0,24.0,12.0,25.0,12.5,0.0,-0.5,21.0,1,0,0,0,0,1.76682,0.00122215,0.0100966,0.0617154,0.0339284
aeeem,org::eclipse::pde::internal::ui::commands::CommandView,0.0,6,2,0,104.857,17.0,17.0,0,9.0,2.83333,9.0,2.83333,1.0,0.0,40.4622,2,2,0,0,0,4.57426,0.00349589,0.0157901,0.133715,0.0362297
aeeem,org::eclipse::pde::internal::core::text::ctxhelp::CtxHelpDocumentHandler,0.0,1,1,0,33.4286,0.0,0.0,0,0.0,0.0,0.0,0.0,0.0,0.0,0.0,1,0,0,0,0,0.0,0.0,0.0,0.0,0.0
aeeem,org::eclipse::pde::internal::ui::editor::text::BasePDEScanner,172.0,5,2,0,148.429,212.0,40.0,0,76.0,42.4,31.0,8.0,76.0,34.4,16.8288,0,0,0,0,0,3.26332,0.02535,0.0121046,0.0964264,0.0340244
aeeem,org::eclipse::pde::internal::runtime::spy::SpyIDEUtil,23.0,7,1,0,52.4286,43.0,20.0,0,11.0,6.14286,12.0,2.85714,11.0,3.28571,18.3954,4,3,0,0,0,5.05758,0.0182673,0.0313161,0.180782,0.10687
aeeem,org::eclipse::pde::internal::core::cheatsheet::comp::CompCS,3.0,5,3,0,102.0,27.0,24.0,0,17.0,5.4,22.0,4.8,8.0,0.6,44.6085,2,2,0,0,0,6.12275,0.00653064,0.020705,0.179163,0.04143
aeeem,org::eclipse::pde::internal::ui::editor::plugin::JarSelectionValidator,0.0,9,5,1,227.429,71.0,71.0,0,49.0,7.88889,60.0,7.88889,10.0,0.0,145.65,0,0,0,0,0,9.31549,0.00598493,0.0210053,0.239474,0.0352678
aeeem,org::eclipse::pde::internal::runtime::registry::ParentAdapter,4.0,3,2,0,381.0,4.0,0.0,0,4.0,1.33333,0.0,0.0,4.0,1.33333,0.571429,0,0,0,0,0,0.0,0.0,0.0,0.0,0.0
aeeem,org::eclipse::pde::internal::ui::parts::FormEntry,121.0,33,7,0,227.429,377.0,256.0,0,136.0,11.4242,76.0,7.75758,60.0,3.66667,96.3914,5,1,0,0,0,18.7155,0.0923441,0.0386882,0.473389,0.0476152
aeeem,org::eclipse::pde::internal::core::schema::SchemaDescriptor,13.0,6,4,1,197.429,26.0,13.0,0,10.0,4.33333,5.0,2.16667,10.0,2.16667,51.2363,0,0,0,0,0,7.80551,0.00553249,0.0176486,0.200341,0.0314537
aeeem,org::eclipse::pde::internal::ui::wizards::exports::AntGeneratingExportWizard,263.0,7,4,0,140.0,287.0,24.0,0,100.0,41.0,15.0,3.42857,100.0,37.5714,35.4629,2,2,0,0,0,6.08968,0.201236,0.036309,0.205786,0.10913
aeeem,org::eclipse::pde::internal::core::feature::FeatureInstallHandler,-18.0,14,6,1,335.286,96.0,114.0,0,33.0,6.85714,46.0,8.14286,10.0,-1.28571,79.6012,0,0,0,0,0,5.4727,0.00869213,0.0136179,0.142564,0.0309933
aeeem,org::eclipse::pde::internal::core::text::NodeDocumentHandler,-1.0,7,2,0,58.4286,162.0,163.0,0,139.0,23.1429,139.0,23.2857,139.0,-0.142857,1.7866,1,0,0,0,0,3.8069,0.0294367,0.0166294,0.12122,0.0433682
aeeem,org::eclipse::ui::internal::views::log::LogView,521.0,33,2,0,49.4286,1008.0,487.0,0,227.0,30.5455,150.0,14.7576,189.0,15.7879,12.8822,27,15,3,0,0,13.0688,0.393324,0.13859,0.593991,0.403804
aeeem,org::eclipse::pde::internal::ui::editor::SystemFileMarkerAnnotationModel,-151.0,9,6,1,305.143,30.0,181.0,0,10.0,3.33333,156.0,20.1111,0.0,-16.7778,91.2428,0,0,0,0,0,7.00075,0.0376037,0.01696,0.182272,0.0343634
aeeem,org::eclipse::pde::internal::core::text::DocumentNodeFactory,-5.0,7,2,0,58.4286,93.0,98.0,0,78.0,13.2857,78.0,14.0,78.0,-0.714286,1.41321,1,0,0,0,0,3.8069,0.0164865,0.0166294,0.12122,0.0433682
aeeem,org::eclipse::pde::internal::ui::editor::plugin::PackageSelectionDialog,-73.0,22,5,0,227.429,71.0,144.0,2,15.0,3.22727,45.0,6.54545,10.0,-3.31818,72.1871,0,0,0,0,0,17.842,0.0237447,0.0357579,0.446948,0.0452928
aeeem,org::eclipse::pde::internal::ui::editor::cheatsheet::comp::actions::CompCSAddTaskAction,-1.0,3,2,0,98.0,11.0,12.0,0,8.0,3.66667,11.0,4.0,2.0,-0.333333,55.8701,2,2,0,0,0,3.1496,0.00167152,0.0143462,0.101419,0.0398337
aeeem,org::eclipse::pde::internal::ui::editor::feature::DataPortabilitySection,-42.0,8,5,0,188.429,83.0,125.0,0,44.0,10.375,74.0,15.625,5.0,-5.25,97.2702,2,1,0,0,0,8.51102,0.0154047,0.0216282,0.225648,0.0401432
aeeem,org::eclipse::pde::internal::core::site::SiteFeature,162.0,17,7,1,302.571,290.0,128.0,0,162.0,17.0588,36.0,7.52941,126.0,9.52941,61.6778,0,0,0,0,0,8.14056,0.00670645,0.0177707,0.206728,0.031407
aeeem,org::eclipse::pde::internal::ui::editor::target::EnvironmentSection,65.0,12,5,0,144.286,197.0,132.0,0,60.0,16.4167,73.0,11.0,51.0,5.41667,71.876,4,1,0,0,0,9.57998,0.0674326,0.0291849,0.2679,0.063506
aeeem,org::eclipse::pde::internal::ui::views::dependencies::DependenciesViewComparator,-2.0,3,1,0,74.0,12.0,14.0,1,9.0,4.0,11.0,4.66667,0.0,-0.666667,30.0714,1,1,0,0,0,3.20019,0.00215627,0.01392,0.101264,0.0376601
aeeem,org::eclipse::pde::internal::ui::wizards::feature::BasePluginListPage,-4.0,7,5,0,226.571,16.0,20.0,0,5.0,2.28571,5.0,2.85714,0.0,-0.571429,93.5,1,1,0,0,0,8.04434,0.00534711,0.0180291,0.205054,0.0343696
aeeem,org::eclipse::pde::internal::ui::editor::site::SiteInputContextManager,-2.0,7,4,0,227.429,21.0,23.0,0,10.0,3.0,16.0,3.28571,10.0,-0.285714,26.0408,0,0,0,0,0,4.64887,0.00236185,0.00622749,0.107619,0.000428437
aeeem,org::eclipse::pde::internal::ui::editor::build::BuildSourcePage,128.0,24,8,1,335.286,247.0,119.0,0,59.0,10.2917,28.0,4.95833,46.0,5.33333,172.444,4,1,0,0,0,13.9484,0.0308673,0.0325538,0.363242,0.0500639
aeeem,org::eclipse::pde::internal::core::plugin::AttributeChangedEvent,2.0,14,7,1,335.286,37.0,35.0,0,8.0,2.64286,7.0,2.5,4.0,0.142857,125.417,0,0,0,0,0,7.95718,0.00345971,0.0178621,0.203899,0.0314667
aeeem,org::eclipse::pde::internal::ui::util::PixelConverter,0.0,9,6,1,335.286,27.0,27.0,0,8.0,3.0,8.0,3.0,4.0,0.0,145.683,1,1,0,0,0,7.47927,0.00384683,0.0178894,0.194515,0.0345277
aeeem,org::eclipse::pde::ui::launcher::PDESourcePathProvider,0.0,6,2,1,104.429,94.0,94.0,2,73.0,15.6667,67.0,15.6667,6.0,0.0,10.4073,0,0,0,0,0,6.26191,0.0310588,0.021583,0.184027,0.0450535
aeeem,org::eclipse::pde::internal::ui::editor::cheatsheet::comp::details::CompCSIntroductionTextListener,35.0,5,2,0,98.0,68.0,33.0,0,35.0,13.6,22.0,6.6,33.0,7.0,36.8887,3,1,0,0,0,4.82617,0.0169117,0.0189773,0.148137,0.0447448
aeeem,org::eclipse::pde::internal::ui::templates::Activator,0.0,2,2,0,95.5714,4.0,4.0,1,4.0,2.0,4.0,2.0,0.0,0.0,58.5714,2,0,0,0,0,1.56044,0.00133023,0.00803114,0.0525856,0.0247077
aeeem,org::eclipse::pde::internal::ui::editor::feature::InfoFormPage,49.0,19,8,1,335.286,121.0,72.0,0,54.0,6.36842,19.0,3.78947,42.0,2.57895,155.978,4,3,0,0,0,11.0669,0.0111361,0.0264468,0.289658,0.0430933
aeeem,org::eclipse::pde::internal::ui::editor::plugin::CreateManifestOperation,219.0,15,4,0,181.429,267.0,48.0,0,111.0,17.8,32.0,3.2,111.0,14.6,17.7892,3,2,0,0,0,16.6139,0.027919,0.0408209,0.43976,0.0638822
aeeem,org::eclipse::pde::internal::ui::elements::DefaultContentProvider,11.0,6,5,1,335.286,27.0,16.0,0,11.0,4.5,6.0,2.66667,6.0,1.83333,131.069,1,1,0,0,0,5.65358,0.00474994,0.0076904,0.13134,0.000587423
aeeem,org::eclipse::pde::internal::ui::util::FileExtensionsFilter,-5.0,2,2,0,52.0,9.0,14.0,0,9.0,4.5,14.0,7.0,0.0,-2.5,17.8571,1,0,0,0,0,1.76682,0.000573661,0.0100966,0.0617154,0.0339284
aeeem,org::eclipse::pde::internal::ui::wizards::product::SynchronizationOperation,49.0,15,6,0,187.429,91.0,42.0,0,29.0,6.06667,15.0,2.8,29.0,3.26667,34.697,3,2,1,0,0,16.6315,0.0193062,0.0381928,0.430581,0.0600897
aeeem,org::eclipse::pde::internal::ui::editor::validation::ControlValidationUtility,-39.0,3,3,0,83.8571,44.0,83.0,1,42.0,14.6667,75.0,27.6667,0.0,-13.0,47.961,1,0,0,0,0,3.2591,0.00533646,0.0141379,0.10306,0.0380458
aeeem,org::eclipse::pde::internal::ui::util::PDEJavaHelperUI,-19.0,6,3,0,72.7143,83.0,102.0,1,43.0,13.8333,86.0,17.0,12.0,-3.16667,39.4028,2,1,1,1,0,4.36826,0.0124601,0.0285572,0.159775,0.10271
aeeem,org::eclipse::pde::internal::ui::editor::build::BuildInputContext,19.0,19,6,0,227.429,115.0,96.0,0,23.0,6.05263,34.0,5.05263,11.0,1.0,81.3491,2,2,1,0,0,12.7082,0.0161854,0.0240224,0.312137,0.0346074
aeeem,org::eclipse::pde::internal::core::feature::FeatureData,20.0,16,8,1,335.286,123.0,103.0,0,23.0,7.6875,28.0,6.4375,22.0,1.25,134.844,2,2,0,0,0,8.45689,0.0293872,0.0215909,0.224389,0.0420471
aeeem,org::eclipse::pde::internal::ui::tests::macro::CheckCommand,7.0,5,3,0,183.857,28.0,21.0,0,12.0,5.6,11.0,4.2,6.0,1.4,90.898,0,0,0,0,0,5.97053,0.00823911,0.0177353,0.165989,0.0373304
aeeem,org::eclipse::pde::internal::ui::editor::toc::HelpEditorUtil,0.0,1,1,0,33.4286,0.0,0.0,0,0.0,0.0,0.0,0.0,0.0,0.0,0.0,1,0,0,0,0,0.0,0.0,0.0,0.0,0.0
aeeem,org::eclipse::pde::internal::core::plugin::Extensions,-12.0,23,7,1,258.857,117.0,129.0,0,12.0,5.08696,34.0,5.6087,10.0,-0.521739,120.578,5,5,0,0,0,13.2919,0.0367196,0.0336411,0.354358,0.0555397
aeeem,org::eclipse::pde::internal::ui::tests::macro::ChoiceSelectionCommand,-2.0,7,3,0,183.857,26.0,28.0,0,14.0,3.71429,7.0,4.0,9.0,-0.285714,61.1978,0,0,0,0,0,8.62288,0.0117802,0.0211969,0.226977,0.0375879
aeeem,org::eclipse::pde::internal::ui::templates::osgi::HelloOSGiServiceTemplate,-4.0,2,2,0,95.5714,13.0,17.0,1,13.0,6.5,17.0,8.5,0.0,-2.0,58.5714,2,0,0,0,0,1.56044,0.00498835,0.00803114,0.0525856,0.0247077
aeeem,org::eclipse::pde::internal::ui::util::ImageOverlayIcon,3.0,7,6,1,335.286,20.0,17.0,0,10.0,2.85714,5.0,2.42857,6.0,0.428571,129.364,0,0,0,0,0,6.41569,0.00272559,0.0163241,0.169334,0.0343568
aeeem,org::eclipse::pde::internal::ui::editor::OrientableBlock,0.0,2,2,0,110.0,3.0,3.0,0,3.0,1.5,3.0,1.5,0.0,0.0,75.8571,1,1,0,0,0,1.76682,0.000149651,0.0100966,0.0617154,0.0339284
aeeem,org::eclipse::pde::internal::core::plugin::PluginHandler,28.0,14,5,0,177.571,81.0,53.0,1,28.0,5.78571,30.0,3.78571,12.0,2.0,81.8254,3,3,0,0,0,13.6128,0.0217375,0.0316108,0.35577,0.0432797
aeeem,org::eclipse::pde::internal::ui::refactoring::MovedTextFileChange,4.0,4,2,0,80.2857,24.0,20.0,0,10.0,6.0,17.0,5.0,10.0,1.0,29.5714,2,1,0,0,0,4.77591,0.00803778,0.019997,0.149787,0.0500988
aeeem,org::eclipse::pde::internal::ui::tests::macro::MacroIndex,-18.0,3,2,0,183.857,11.0,29.0,0,7.0,3.66667,25.0,9.66667,0.0,-6.0,56.9091,0,0,0,0,0,3.10486,0.00460232,0.0110853,0.0903881,0.0309701
aeeem,org::eclipse::pde::internal::ui::wizards::exports::CrossPlatformExportPage,7.0,13,5,0,174.429,88.0,81.0,0,33.0,6.76923,46.0,6.23077,24.0,0.538462,100.872,3,3,0,0,0,7.7065,0.0287269,0.0233066,0.212698,0.0589568
aeeem,org::eclipse::pde::internal::runtime::registry::RegistryBrowser,4.0,3,2,0,381.0,4.0,0.0,0,4.0,1.33333,0.0,0.0,4.0,1.33333,0.571429,0,0,0,0,0,0.0,0.0,0.0,0.0,0.0
aeeem,org::eclipse::pde::internal::ui::editor::plugin::ExtensionHyperLink,-4.0,4,3,0,118.0,7.0,11.0,0,4.0,1.75,5.0,2.75,0.0,-1.0,12.3061,2,1,0,0,0,2.90397,0.00396163,0.0120073,0.0895433,0.0342557
aeeem,org::eclipse::pde::internal::core::schema::BaseSchemaHandler,-7.0,3,3,0,111.0,9.0,16.0,0,9.0,3.0,9.0,5.33333,0.0,-2.33333,74.8571,2,2,0,0,0,3.12148,0.00329041,0.0120852,0.0945425,0.0315916
aeeem,org::eclipse::pde::internal::ui::preferences::TargetSourceTab,677.0,20,5,1,149.143,793.0,116.0,0,295.0,39.65,70.0,5.8,295.0,33.85,24.6835,12,11,0,0,0,19.6298,0.0990434,0.0665464,0.568623,0.147024
aeeem,org::eclipse::pde::internal::core::site::VersionableObject,4.0,12,7,1,302.571,38.0,34.0,0,11.0,3.16667,8.0,2.83333,6.0,0.333333,92.1428,1,1,0,0,0,7.23217,0.00356231,0.0167878,0.186578,0.0314739
aeeem,org::eclipse::pde::internal::ui::editor::cheatsheet::CSAbstractSubDetails,0.0,2,2,0,92.0,1.0,1.0,0,1.0,0.5,1.0,0.5,0.0,0.0,57.8571,1,0,0,0,0,1.76682,4.98835e-05,0.0100966,0.0617154,0.0339284
aeeem,org::eclipse::pde::internal::ui::editor::cheatsheet::simple::actions::SimpleCSAddSubStepAction,49.0,8,2,0,105.0,142.0,93.0,0,59.0,17.75,28.0,11.625,39.0,6.125,27.1429,5,4,0,0,0,8.77144,0.048885,0.0272046,0.249935,0.0489358
aeeem,org::eclipse::pde::internal::ui::launcher::LaunchPluginValidator,556.0,36,5,0,155.714,973.0,417.0,1,262.0,27.0278,105.0,11.5833,262.0,15.4444,23.8523,10,10,1,0,0,23.0493,0.146628,0.0673603,0.637645,0.13037
aeeem,org::eclipse::pde::internal::ui::build::BaseBuildAction,31.0,35,7,1,240.714,421.0,390.0,0,77.0,12.0286,87.0,11.1429,74.0,0.885714,57.5979,7,6,0,0,0,17.3959,0.0646069,0.0838467,0.550306,0.14765
aeeem,org::eclipse::pde::internal::ui::tests::macro::MacroCommandShell,-4.0,10,3,0,183.857,145.0,149.0,0,44.0,14.5,68.0,14.9,19.0,-0.4,45.6493,0,0,0,0,0,6.94415,0.0216451,0.0155298,0.176464,0.0310574
aeeem,org::eclipse::pde::internal::ui::SWTFactory,8.0,2,1,0,21.0,8.0,0.0,0,8.0,4.0,0.0,0.0,8.0,4.0,1.28571,2,1,0,0,0,1.42715,0.00518667,0.0136159,0.0607108,0.0552336
aeeem,org::eclipse::pde::internal::ui::editor::schema::SchemaAttributeDetails,700.0,43,4,1,147.0,1500.0,800.0,0,431.0,34.8837,391.0,18.6047,431.0,16.2791,16.389,20,15,0,0,0,20.29,0.185114,0.0511894,0.544254,0.0713045
aeeem,org::eclipse::pde::internal::ui::launcher::LauncherUtils,283.0,123,7,1,266.714,2765.0,2482.0,1,484.0,22.4797,641.0,20.1789,484.0,2.30081,55.6424,28,21,4,2,1,31.2801,0.321151,0.074687,0.820523,0.113891
aeeem,org::eclipse::pde::internal::ui::correction::CreateClassXMLResolution,-73.0,13,4,3,128.286,48.0,121.0,2,11.0,3.69231,93.0,9.30769,10.0,-5.61538,23.6786,3,2,0,0,0,9.15622,0.0276673,0.0284323,0.260371,0.0537435
aeeem,org::eclipse::pde::internal::ui::util::FileNameFilter,12.0,4,3,0,188.571,27.0,15.0,0,10.0,6.75,10.0,3.75,10.0,3.0,51.7831,0,0,0,0,0,4.8313,0.010288,0.0136123,0.130281,0.0339931
aeeem,org::eclipse::pde::internal::ui::wizards::cheatsheet::RegisterCSOperation,-43.0,7,3,0,96.0,148.0,191.0,0,110.0,21.1429,173.0,27.2857,20.0,-6.14286,55.0956,5,5,0,0,0,6.83071,0.0234099,0.0247524,0.204273,0.0534494
aeeem,org::eclipse::pde::internal::ui::editor::cheatsheet::simple::SimpleCSEditor,59.0,11,3,0,105.857,106.0,47.0,0,29.0,9.63636,29.0,4.27273,24.0,5.36364,35.3693,8,3,0,0,0,10.2283,0.0276174,0.0323701,0.293581,0.0584108
aeeem,org::eclipse::pde::internal::ui::editor::ctxhelp::CtxHelpBlock,-1.0,2,1,0,33.4286,2.0,3.0,0,2.0,1.0,3.0,1.5,0.0,-0.5,18.2857,2,1,0,0,0,1.39536,0.00971457,0.0164715,0.0652651,0.0659895
aeeem,org::eclipse::pde::internal::ui::views::dependencies::DependenciesViewPage,167.0,10,2,0,108.143,375.0,208.0,3,117.0,37.5,106.0,20.8,116.0,16.7,41.0549,9,7,0,0,0,7.28484,0.0723867,0.0260172,0.21678,0.0555868
aeeem,org::eclipse::pde::internal::ui::editor::plugin::LibraryVisibilitySection,587.0,20,5,1,180.714,767.0,180.0,0,280.0,38.35,114.0,9.0,280.0,29.35,25.8774,4,3,0,0,0,16.789,0.109524,0.0376663,0.434841,0.048534
aeeem,org::eclipse::pde::internal::ui::editor::site::SiteSourcePage,43.0,18,8,1,302.571,101.0,58.0,0,24.0,5.61111,14.0,3.22222,20.0,2.38889,130.274,3,2,0,0,0,9.23472,0.0104671,0.0220921,0.241801,0.0367513
aeeem,org::eclipse::pde::ui::launcher::PluginJUnitMainTab,72.0,10,4,0,155.857,94.0,22.0,0,31.0,9.4,18.0,2.2,31.0,7.2,17.4802,3,2,0,0,0,7.2298,0.0164681,0.0611215,0.28347,0.178824
aeeem,org::eclipse::pde::internal::ui::launcher::PluginStatusDialog,85.0,17,5,0,207.286,168.0,83.0,0,69.0,9.88235,26.0,4.88235,62.0,5.0,124.771,5,5,0,0,0,15.3807,0.0832302,0.0492056,0.428461,0.121265
aeeem,org::eclipse::pde::internal::ui::editor::plugin::ExtensionsPage,56.0,24,7,0,227.429,199.0,143.0,0,36.0,8.29167,49.0,5.95833,29.0,2.33333,121.825,11,6,0,0,0,20.9156,0.05088,0.0445965,0.533881,0.0549902
aeeem,org::eclipse::pde::internal::core::text::plugin::PluginParentNode,163.0,7,4,0,151.143,180.0,17.0,0,79.0,25.7143,9.0,2.42857,79.0,23.2857,12.6397,2,1,0,0,0,7.2288,0.0115544,0.0204843,0.198684,0.0403961
aeeem,org::eclipse::pde::internal::ui::editor::schema::SchemaRearranger,97.0,7,3,0,145.857,173.0,76.0,1,109.0,24.7143,69.0,10.8571,103.0,13.8571,33.1808,1,1,0,0,0,8.02724,0.0205919,0.0214236,0.216466,0.041053
aeeem,org::eclipse::pde::internal::ui::launcher::LaunchValidationOperation,-5.0,5,2,0,77.4286,26.0,31.0,0,16.0,5.2,26.0,6.2,5.0,-1.0,26.9945,3,3,0,0,0,3.83668,0.00408396,0.0154103,0.118227,0.0385881
aeeem,org::eclipse::pde::internal::core::text::bundle::PackageFriend,96.0,8,4,0,151.143,136.0,40.0,0,40.0,17.0,35.0,5.0,40.0,12.0,42.0,1,1,0,0,0,6.41247,0.0134787,0.0205318,0.18365,0.0415669
aeeem,org::eclipse::pde::internal::ui::editor::plugin::DependencyPropertiesDialog,318.0,19,5,0,180.857,742.0,424.0,0,209.0,39.0526,180.0,22.3158,175.0,16.7368,31.8883,5,4,0,0,0,16.9705,0.25337,0.0424086,0.450077,0.0720121
aeeem,org::eclipse::pde::internal::core::feature::FeatureFactory,23.0,7,6,1,335.286,91.0,68.0,0,59.0,13.0,58.0,9.71429,9.0,3.28571,230.173,0,0,0,0,0,6.42599,0.00823229,0.0158461,0.168539,0.0313813
aeeem,org::eclipse::pde::internal::core::MinimalState,812.0,54,5,0,175.714,1305.0,493.0,1,476.0,24.1667,145.0,9.12963,476.0,15.037,14.3502,14,11,2,1,0,29.9939,0.210493,0.0787387,0.803194,0.142929
aeeem,org::eclipse::pde::internal::core::cheatsheet::comp::CompCSTask,27.0,3,2,0,102.0,39.0,12.0,0,28.0,13.0,12.0,4.0,28.0,9.0,21.4469,1,1,0,0,0,3.00782,0.00957733,0.0121052,0.0924599,0.0319177
aeeem,org::eclipse::pde::internal::core::product::WorkspaceProductModel,42.0,14,5,0,191.143,90.0,48.0,0,22.0,6.42857,18.0,3.42857,20.0,3.0,86.5159,4,3,0,0,0,11.9584,0.0222243,0.0363843,0.331568,0.0835176
aeeem,org::eclipse::pde::internal::ui::editor::cheatsheet::comp::CompCSInputContextManager,0.0,1,1,0,99.2857,0.0,0.0,0,0.0,0.0,0.0,0.0,0.0,0.0,0.0,1,1,0,0,0,0.0,0.0,0.0,0.0,0.0
aeeem,org::eclipse::pde::internal::ui::templates::ide::BuilderNewWizard,0.0,2,2,0,95.5714,1.0,1.0,1,1.0,0.5,1.0,0.5,0.0,0.0,58.5714,2,0,0,0,0,1.56044,0.000332557,0.00803114,0.0525856,0.0247077
aeeem,org::eclipse::pde::internal::core::plugin::AbstractExtensions,108.0,27,7,2,258.857,399.0,291.0,0,101.0,14.7778,45.0,10.7778,56.0,4.0,179.22,7,7,0,0,0,18.4852,0.10781,0.0478039,0.49561,0.0817115
aeeem,org::eclipse::pde::internal::ui::editor::schema::SchemaFormPage,224.0,29,9,1,335.286,538.0,314.0,0,108.0,18.5517,61.0,10.8276,106.0,7.72414,204.206,12,8,0,0,0,19.2402,0.0861538,0.0490894,0.513978,0.0810609
aeeem,org::eclipse::pde::internal::ui::wizards::provisioner::update::UpdateSiteProvisionerDialog,-13.0,4,3,0,83.1429,18.0,31.0,1,14.0,4.5,27.0,7.75,0.0,-3.25,41.8968,1,1,0,0,0,4.56477,0.00195808,0.0178404,0.139575,0.042931
aeeem,org::eclipse::pde::internal::ui::editor::toc::details::TocDetails,525.0,8,4,0,61.1429,624.0,99.0,0,292.0,78.0,58.0,12.375,292.0,65.625,3.58608,2,0,0,0,0,5.02919,0.0679795,0.0210204,0.157739,0.0521834
aeeem,org::eclipse::pde::internal::ui::tests::macro::Macro,23.0,7,2,0,183.857,93.0,70.0,0,60.0,13.2857,56.0,10.0,19.0,3.28571,98.1044,0,0,0,0,0,4.18914,0.00819525,0.0123097,0.11457,0.0309872
aeeem,org::eclipse::pde::internal::core::text::AbstractTextChangeListener,-39.0,3,3,0,135.571,5.0,44.0,0,3.0,1.66667,41.0,14.6667,0.0,-13.0,62.1143,1,1,0,0,0,3.17625,0.0116641,0.0117563,0.0943806,0.0311753
aeeem,org::eclipse::pde::internal::ui::parts::CheckboxTablePart,7.0,11,6,1,335.286,53.0,46.0,0,12.0,4.81818,21.0,4.18182,7.0,0.636364,140.989,1,1,0,0,0,7.47927,0.00479464,0.0178894,0.194515,0.0345277
aeeem,org::eclipse::pde::internal::core::text::bundle::CompositeManifestHeader,548.0,22,5,2,151.0,682.0,134.0,0,191.0,31.0,94.0,6.09091,191.0,24.9091,38.9948,5,1,0,0,0,11.3454,0.0654996,0.0307019,0.309686,0.0500978
aeeem,org::eclipse::pde::internal::ui::editor::feature::RequiresSection,340.0,51,9,1,335.286,1064.0,724.0,0,200.0,20.8627,182.0,14.1961,119.0,6.66667,121.519,22,18,1,0,1,17.1453,0.123153,0.0387393,0.444446,0.0511211
aeeem,org::eclipse::pde::internal::ui::editor::plugin::ManifestEditor,398.0,87,8,3,227.429,1353.0,955.0,0,182.0,15.5517,238.0,10.977,91.0,4.57471,85.472,19,15,1,0,0,36.1864,0.28815,0.0781505,0.926008,0.101493
aeeem,org::eclipse::pde::internal::ui::preferences::TabFolderLayout,106.0,4,2,0,149.286,127.0,21.0,0,54.0,31.75,21.0,5.25,54.0,26.5,17.5906,0,0,0,0,0,3.11166,0.00915069,0.0118911,0.0928682,0.0340114
aeeem,org::eclipse::pde::internal::ui::editor::cheatsheet::simple::SimpleCSContentProvider,0.0,3,2,0,105.857,7.0,7.0,0,4.0,2.33333,6.0,2.33333,2.0,0.0,41.3469,2,2,0,0,0,3.13086,0.00140482,0.012647,0.0959915,0.034646
aeeem,org::eclipse::pde::internal::ui::editor::cheatsheet::comp::details::CompCSTaskDetails,428.0,18,2,0,99.2857,638.0,210.0,0,397.0,35.4444,136.0,11.6667,391.0,23.7778,15.03,13,5,0,0,0,12.3564,0.180108,0.0359347,0.346518,0.0550598
aeeem,org::eclipse::pde::internal::ui::util::SharedLabelProvider,113.0,34,8,1,335.286,306.0,193.0,0,51.0,9.0,64.0,5.67647,29.0,3.32353,160.338,8,7,2,0,1,14.7298,0.0586856,0.0374549,0.392315,0.0657509
aeeem,org::eclipse::pde::internal::core::product::Product,351.0,41,6,1,191.143,696.0,345.0,0,83.0,16.9756,36.0,8.41463,61.0,8.56098,47.6605,10,8,0,0,0,23.6105,0.188985,0.0592699,0.619785,0.114436
aeeem,org::eclipse::pde::internal::core::schema::SchemaRootElement,90.0,9,2,0,146.857,108.0,18.0,0,32.0,12.0,8.0,2.0,32.0,10.0,30.0556,1,0,0,0,0,8.07975,0.0259589,0.0301888,0.236319,0.0867035
aeeem,org::eclipse::pde::internal::ui::wizards::provisioner::update::UpdateSiteProvisionerEntry,0.0,1,1,0,83.2857,0.0,0.0,0,0.0,0.0,0.0,0.0,0.0,0.0,0.0,0,0,0,0,0,0.0,0.0,0.0,0.0,0.0
aeeem,org::eclipse::pde::internal::ui::editor::feature::FeatureAdvancedPage,64.0,17,7,1,331.714,190.0,126.0,0,66.0,11.1765,52.0,7.41176,60.0,3.76471,147.751,2,1,0,0,0,10.6096,0.0302709,0.0247821,0.274838,0.0426379
aeeem,org::eclipse::pde::internal::ui::util::PluginWorkingSet,75.0,17,5,1,207.714,219.0,144.0,0,71.0,12.8824,65.0,8.47059,35.0,4.41176,95.544,5,3,0,0,0,17.9064,0.0610224,0.0374867,0.454358,0.046823
aeeem,org::eclipse::pde::internal::ui::views::plugins::JavaSearchActionGroup,-32.0,5,2,0,108.143,37.0,69.0,1,26.0,7.4,52.0,13.8,0.0,-6.4,35.4479,3,3,0,0,0,6.08326,0.0147983,0.0208297,0.178371,0.0433258
aeeem,org::eclipse::pde::internal::ui::editor::toc::TocSourcePage,214.0,16,3,0,60.2857,292.0,78.0,0,94.0,18.25,27.0,4.875,94.0,13.375,4.07877,7,3,0,0,0,4.41258,0.021183,0.0185832,0.138856,0.0463837
aeeem,org::eclipse::pde::internal::ui::editor::toc::actions::TocAddAnchorAction,84.0,6,2,0,61.1429,92.0,8.0,0,44.0,15.3333,4.0,1.33333,44.0,14.0,1.98913,0,0,0,0,0,4.33338,0.010707,0.0185353,0.13686,0.0475072
aeeem,org::eclipse::pde::internal::core::text::toc::TocDocumentHandler,96.0,6,3,0,59.5714,187.0,91.0,0,126.0,31.1667,85.0,15.1667,126.0,16.0,0.799083,1,0,0,0,0,4.41258,0.0140735,0.0185832,0.138856,0.0463837
aeeem,org::eclipse::pde::internal::ui::editor::ctxhelp::CtxHelpFormOutlinePage,0.0,1,1,0,33.4286,0.0,0.0,0,0.0,0.0,0.0,0.0,0.0,0.0,0.0,1,0,0,0,0,0.0,0.0,0.0,0.0,0.0
aeeem,org::eclipse::pde::internal::core::text::bundle::BundleModelFactory,148.0,7,3,0,151.143,212.0,64.0,0,75.0,30.2857,42.0,9.14286,75.0,21.1429,29.3241,2,2,0,0,0,6.31552,0.0183289,0.0216623,0.183292,0.0527643
aeeem,org::eclipse::pde::internal::ui::editor::feature::FeatureEditorContributor,26.0,15,6,1,335.286,100.0,74.0,0,33.0,6.66667,34.0,4.93333,21.0,1.73333,113.589,0,0,0,0,0,6.79305,0.00881137,0.0191719,0.185277,0.0404867
aeeem,org::eclipse::pde::internal::ui::nls::ModelChange,327.0,16,3,0,154.857,449.0,122.0,0,156.0,28.0625,38.0,7.625,156.0,20.4375,8.88673,3,3,0,0,0,9.70651,0.0396649,0.0222391,0.251458,0.035488
aeeem,org::eclipse::pde::internal::core::PDECoreMessages,209.0,58,6,2,178.857,307.0,98.0,2,143.0,5.2931,12.0,1.68966,143.0,3.60345,68.9618,42,27,1,0,0,35.8788,0.0959055,0.199176,4.99501,0.400336
aeeem,org::eclipse::pde::internal::ui::wizards::feature::PluginListPage,68.0,19,6,0,240.714,206.0,138.0,0,109.0,10.8421,40.0,7.26316,99.0,3.57895,150.542,8,8,0,0,0,13.4381,0.0569865,0.0614036,0.41057,0.131413
aeeem,org::eclipse::pde::internal::core::plugin::WorkspaceFragmentModel,11.0,12,7,2,335.286,47.0,36.0,0,21.0,3.91667,15.0,3.0,6.0,0.916667,134.495,4,4,0,0,0,9.97572,0.00342991,0.0264423,0.268533,0.0491907
aeeem,org::eclipse::pde::internal::core::builders::UpdateSiteBuilder,0.0,4,4,0,133.571,8.0,8.0,0,6.0,2.0,6.0,2.0,0.0,0.0,76.0178,2,1,0,0,0,4.19546,0.00124767,0.0135242,0.119524,0.0315169
aeeem,org::eclipse::pde::internal::core::product::SplashInfo,208.0,15,6,0,188.429,324.0,116.0,0,151.0,21.6,52.0,7.73333,150.0,13.8667,77.0463,4,3,0,0,0,12.6913,0.095102,0.0302997,0.333497,0.0446214
aeeem,org::eclipse::pde::internal::ui::editor::site::MirrorsSection,3.0,7,3,0,187.286,47.0,44.0,0,23.0,6.71429,26.0,6.28571,8.0,0.428571,108.763,2,1,0,0,0,9.5467,0.0137255,0.0237783,0.251988,0.0426502
aeeem,org::eclipse::pde::internal::ui::editor::text::PackageHyperlink,-15.0,6,3,0,118.0,6.0,21.0,1,2.0,1.0,18.0,3.5,1.0,-2.5,30.2143,1,0,0,0,0,5.99576,0.00693483,0.0208205,0.176426,0.0445658
aeeem,org::eclipse::pde::internal::ui::wizards::product::UpdateSplashHandlerAction,-61.0,2,2,0,76.0,124.0,185.0,0,124.0,62.0,185.0,92.5,0.0,-30.5,41.8571,1,1,0,0,0,1.76682,0.007707,0.0100966,0.0617154,0.0339284
aeeem,org::eclipse::pde::internal::ui::editor::text::ColorManager,115.0,25,9,2,335.286,244.0,129.0,0,47.0,9.76,26.0,5.16,33.0,4.6,147.823,5,4,0,0,0,12.2832,0.0302827,0.0331938,0.330444,0.0699515
aeeem,org::eclipse::pde::internal::core::SourceLocation,-42.0,16,7,1,328.143,44.0,86.0,0,10.0,2.75,30.0,5.375,10.0,-2.625,117.25,2,2,1,0,0,9.90134,0.0087528,0.0243592,0.259,0.0494578
aeeem,org::eclipse::pde::internal::ui::wizards::tools::UpdateBuildpathWizardPage,-36.0,12,5,0,240.714,61.0,97.0,0,18.0,5.08333,41.0,8.08333,5.0,-3.0,76.2295,2,2,0,0,0,9.33423,0.00731166,0.02078,0.238731,0.0353663
aeeem,org::eclipse::pde::internal::ui::search::dependencies::DependencyExtentQuery,27.0,9,4,0,201.286,51.0,24.0,0,21.0,5.66667,15.0,2.66667,21.0,3.0,47.1204,0,0,0,0,0,9.95198,0.0102309,0.0204285,0.248675,0.0344336
aeeem,org::eclipse::pde::internal::ui::wizards::tools::UpdateClasspathJob,1.0,18,5,0,195.286,60.0,59.0,0,16.0,3.33333,23.0,3.27778,6.0,0.0555556,69.1167,2,1,0,0,0,12.3495,0.00915739,0.0289569,0.317897,0.0591609
aeeem,org::eclipse::pde::internal::ui::wizards::plugin::LibraryPluginJarsPage,21.0,11,4,0,182.0,133.0,112.0,0,72.0,12.0909,51.0,10.1818,45.0,1.90909,40.0462,5,4,0,0,0,9.89425,0.0436281,0.0379087,0.287869,0.114415
aeeem,org::eclipse::pde::internal::ui::wizards::exports::ExportDestinationTab,404.0,7,3,0,140.0,429.0,25.0,0,207.0,61.2857,17.0,3.57143,207.0,57.7143,2.10589,0,0,0,0,0,4.43166,0.053021,0.0140646,0.125048,0.0342961
aeeem,org::eclipse::pde::internal::ui::editor::product::ProductEditorContributor,9.0,5,3,0,189.571,13.0,4.0,0,10.0,2.6,2.0,0.8,10.0,1.8,18.8901,0,0,0,0,0,5.63928,0.00224195,0.0146382,0.14874,0.0340518
aeeem,org::eclipse::pde::internal::ui::editor::feature::FeatureReferencePage,78.0,18,7,1,335.286,192.0,114.0,0,82.0,10.6667,42.0,6.33333,70.0,4.33333,145.682,4,2,0,0,0,10.7325,0.0238668,0.0258437,0.281121,0.0432243
aeeem,org::eclipse::pde::internal::core::feature::FeatureImport,181.0,25,7,1,335.286,455.0,274.0,0,73.0,18.2,103.0,10.96,71.0,7.24,98.0553,5,3,0,0,0,14.5908,0.0374299,0.0329215,0.376646,0.0479813
aeeem,org::eclipse::pde::internal::ui::wizards::cheatsheet::RegisterCSWizard,-15.0,3,2,0,97.4286,16.0,31.0,0,15.0,5.33333,18.0,10.3333,0.0,-5.0,59.4196,1,1,0,0,0,2.97312,0.00453716,0.0125834,0.09279,0.0349721
aeeem,org::eclipse::pde::internal::ui::refactoring::FileRenameParticipant,9.0,3,1,0,98.2857,12.0,3.0,1,10.0,4.0,3.0,1.0,10.0,3.0,13.0714,1,0,0,0,0,2.97312,0.00277762,0.0125834,0.09279,0.0349721
aeeem,org::eclipse::pde::internal::core::PluginModelDelta,17.0,10,7,1,335.286,27.0,10.0,0,10.0,2.7,3.0,1.0,10.0,1.7,149.767,1,1,0,0,0,9.53614,0.00359939,0.0240924,0.25412,0.039735
aeeem,org::eclipse::pde::internal::ui::correction::RemoveInternalDirectiveEntryResolution,-3.0,3,3,2,126.143,11.0,14.0,0,7.0,3.66667,7.0,4.66667,0.0,-1.0,33.5455,1,1,0,0,0,2.91017,0.00211893,0.0118952,0.0892507,0.0341478
aeeem,org::eclipse::pde::internal::ui::editor::toc::TocDragAdapter,263.0,7,2,0,61.1429,312.0,49.0,0,138.0,44.5714,34.0,7.0,138.0,37.5714,3.24863,0,0,0,0,0,4.33338,0.0202006,0.0185353,0.13686,0.0475072
aeeem,org::eclipse::pde::internal::ui::util::TextUtil,-1.0,3,2,0,72.7143,8.0,9.0,1,7.0,2.66667,8.0,3.0,0.0,-0.333333,34.6071,0,0,0,0,0,3.36633,0.00164126,0.0148684,0.107253,0.0401211
aeeem,org::eclipse::pde::internal::ui::refactoring::RefactoringActionFactory,6.0,3,1,0,45.8571,23.0,17.0,1,13.0,7.66667,17.0,5.66667,10.0,2.0,7.92547,1,0,0,0,0,3.05459,0.00514939,0.0158218,0.103073,0.0489416
aeeem,org::eclipse::pde::internal::ui::editor::target::OverviewPage,56.0,16,5,0,144.857,117.0,61.0,0,72.0,7.3125,21.0,3.8125,59.0,3.5,59.0806,7,3,0,0,0,14.5859,0.0256083,0.0381953,0.394849,0.057889
aeeem,org::eclipse::pde::internal::ui::views::dependencies::CallersTreeContentProvider,-14.0,4,2,0,108.143,18.0,32.0,1,11.0,4.5,19.0,8.0,0.0,-3.5,48.9444,2,2,0,0,0,3.18918,0.0109568,0.0137916,0.100676,0.0372775
aeeem,org::eclipse::pde::internal::ui::templates::ide::PreferencePageTemplate,-12.0,3,2,0,95.5714,24.0,36.0,1,22.0,8.0,34.0,12.0,0.0,-4.0,58.0357,3,0,0,0,0,2.84822,0.011072,0.0137564,0.0939435,0.0397209
aeeem,org::eclipse::pde::internal::ui::wizards::tools::ConvertJarsAction,-7.0,3,2,0,40.4286,22.0,29.0,0,14.0,7.33333,24.0,9.66667,9.0,-2.33333,5.01299,1,0,0,0,0,2.6367,0.00113474,0.0146749,0.0912533,0.0483074
aeeem,org::eclipse::pde::internal::ui::editor::ctxhelp::details::CtxHelpContextDetails,0.0,1,1,0,33.4286,0.0,0.0,0,0.0,0.0,0.0,0.0,0.0,0.0,0.0,1,0,0,0,0,0.0,0.0,0.0,0.0,0.0
aeeem,org::eclipse::pde::internal::ui::editor::PDESourcePage,619.0,89,8,4,335.286,1833.0,1214.0,0,178.0,20.5955,269.0,13.6404,115.0,6.95506,187.438,32,24,3,0,3,28.2531,0.319564,0.0926766,0.799906,0.193841
aeeem,org::eclipse::pde::internal::ui::editor::site::SynchronizePropertiesWizardPage,-33.0,7,4,0,194.0,57.0,90.0,0,20.0,8.14286,34.0,12.8571,0.0,-4.71429,103.602,1,1,0,0,0,7.56943,0.0132363,0.019991,0.201354,0.0439551
aeeem,org::eclipse::pde::internal::core::builders::ExtensionsErrorReporter,95.0,35,5,2,133.571,440.0,345.0,1,106.0,12.5714,162.0,9.85714,78.0,2.71429,63.5704,20,13,1,0,0,25.1717,0.119315,0.0893426,0.736829,0.208576
aeeem,org::eclipse::pde::internal::ui::editor::site::SiteOutlinePage,-37.0,11,7,0,302.571,122.0,159.0,0,97.0,11.0909,117.0,14.4545,6.0,-3.36364,110.391,2,1,0,0,0,7.38689,0.00317731,0.0189017,0.196374,0.0359179
aeeem,org::eclipse::pde::internal::core::text::bundle::PackageObject,146.0,14,5,1,151.143,299.0,153.0,0,139.0,21.3571,72.0,10.9286,139.0,10.4286,24.6966,3,3,0,0,0,10.9347,0.0407368,0.0278306,0.29316,0.0427283
aeeem,org::eclipse::pde::internal::ui::templates::rcp::HelloNonUIRCPTemplate,-8.0,3,2,0,95.5714,26.0,34.0,1,24.0,8.66667,32.0,11.3333,0.0,-2.66667,58.0769,3,0,0,0,0,2.84822,0.011072,0.0137564,0.0939435,0.0397209
aeeem,org::eclipse::pde::internal::ui::util::FileValidator,3.0,5,4,0,188.429,20.0,17.0,0,10.0,4.0,12.0,3.4,10.0,0.6,48.4429,0,0,0,0,0,6.41569,0.00412431,0.0163241,0.169334,0.0343568
aeeem,org::eclipse::pde::internal::ui::templates::ide::CommonNavigatorTemplate,0.0,1,1,0,9.28571,0.0,0.0,0,0.0,0.0,0.0,0.0,0.0,0.0,0.0,1,0,0,0,0,0.0,0.0,0.0,0.0,0.0
aeeem,org::eclipse::pde::internal::ui::util::ModelModification,77.0,10,3,2,127.0,132.0,55.0,0,70.0,13.2,18.0,5.5,54.0,7.7,12.0433,4,2,0,0,0,6.84217,0.0307902,0.0186668,0.186014,0.0355578
aeeem,org::eclipse::pde::internal::ui::views::dependencies::HistoryDropDownAction,-4.0,2,2,0,108.143,3.0,7.0,1,3.0,1.5,7.0,3.5,0.0,-2.0,74.0,1,1,0,0,0,1.76682,0.000249418,0.0100966,0.0617154,0.0339284
aeeem,org::eclipse::pde::internal::core::cheatsheet::comp::CompCSTaskObject,-4.0,6,3,0,102.0,53.0,57.0,0,40.0,8.83333,54.0,9.5,8.0,-0.666667,53.8032,3,3,0,0,0,7.34746,0.0106187,0.0255082,0.216974,0.0520032
aeeem,org::eclipse::pde::internal::ui::launcher::AbstractPluginBlock,1222.0,42,6,0,155.857,1834.0,612.0,0,541.0,43.6667,166.0,14.5714,541.0,29.0952,30.5993,15,13,0,0,0,24.0899,0.318937,0.0866316,0.701512,0.193329
aeeem,org::eclipse::pde::internal::core::text::plugin::PluginDocumentNodeFactory,376.0,14,5,0,151.143,487.0,111.0,0,203.0,34.7857,74.0,7.92857,203.0,26.8571,14.6624,3,2,1,0,0,9.58427,0.0670502,0.0282715,0.268476,0.0501224
aeeem,org::eclipse::pde::internal::core::text::toc::TocObject,372.0,12,4,0,59.5714,685.0,313.0,0,399.0,57.0833,235.0,26.0833,399.0,31.0,1.43733,5,3,0,0,0,5.63729,0.0648981,0.0233864,0.176667,0.0569569
aeeem,org::eclipse::pde::internal::ui::editor::plugin::PluginInputContextManager,30.0,12,5,0,227.429,107.0,77.0,0,32.0,8.91667,39.0,6.41667,23.0,2.5,73.526,0,0,0,0,0,6.41569,0.00703886,0.0163241,0.169334,0.0343568
aeeem,org::eclipse::pde::internal::ui::editor::product::SplashConfigurationSection,34.0,5,3,0,76.0,223.0,189.0,0,111.0,44.6,155.0,37.8,58.0,6.8,26.8917,3,3,0,0,0,5.38037,0.0783064,0.0218424,0.167073,0.0527928
aeeem,org::eclipse::pde::internal::ui::build::BuildSiteAction,47.0,21,5,1,240.714,207.0,160.0,0,55.0,9.85714,39.0,7.61905,37.0,2.2381,77.0476,3,2,0,0,0,11.2074,0.031029,0.0241802,0.284853,0.0378972
aeeem,org::eclipse::pde::internal::ui::editor::target::TargetInputContextManager,-1.0,2,2,0,144.857,1.0,2.0,0,1.0,0.5,2.0,1.0,0.0,-0.5,110.714,0,0,0,0,0,1.76682,7.48253e-05,0.0100966,0.0617154,0.0339284
aeeem,org::eclipse::pde::internal::runtime::spy::sections::ActiveHelpSection,108.0,12,1,0,51.8571,228.0,120.0,0,120.0,19.0,32.0,10.0,88.0,9.0,3.81892,4,2,0,0,0,6.39356,0.0986146,0.0363528,0.221531,0.117278
aeeem,org::eclipse::pde::internal::ui::editor::cheatsheet::CSAbstractEditor,-4.0,3,3,0,56.1429,19.0,23.0,0,18.0,6.33333,21.0,7.66667,0.0,-1.33333,20.9624,2,1,0,0,0,3.1764,0.0014136,0.0152252,0.104249,0.0439061
aeeem,org::eclipse::pde::internal::ui::editor::plugin::rows::ReferenceAttributeRow,-2.0,19,7,0,227.429,62.0,64.0,0,10.0,3.26316,20.0,3.36842,10.0,-0.105263,90.4263,5,4,0,0,0,17.5389,0.0250811,0.0382495,0.450224,0.0490216
aeeem,org::eclipse::pde::ui::launcher::JUnitTabGroup,-27.0,7,2,0,104.429,12.0,39.0,1,7.0,1.71429,20.0,5.57143,7.0,-3.85714,27.1429,0,0,0,0,0,6.28027,0.00673955,0.0210162,0.182725,0.0430971
aeeem,org::eclipse::pde::internal::ui::build::BuildSiteJob,233.0,29,6,0,230.714,544.0,311.0,0,186.0,18.7586,99.0,10.7241,161.0,8.03448,48.3149,10,8,0,0,0,17.5231,0.163396,0.06725,0.506508,0.132606
aeeem,org::eclipse::pde::internal::ui::editor::contentassist::XMLElementProposalComparator,-1.0,2,2,0,61.4286,4.0,5.0,0,4.0,2.0,5.0,2.5,0.0,-0.5,27.2857,1,0,0,0,0,1.76682,0.000224476,0.0100966,0.0617154,0.0339284
aeeem,org::eclipse::pde::internal::core::RequiredPluginsInitializer,24.0,18,7,1,313.571,84.0,60.0,0,16.0,4.66667,28.0,3.33333,11.0,1.33333,154.308,3,3,0,0,0,13.8167,0.0206613,0.0303429,0.355037,0.0407507
aeeem,org::eclipse::pde::internal::ui::editor::ToggleLinkWithEditorAction,-5.0,7,4,0,203.0,19.0,24.0,0,6.0,2.71429,10.0,3.42857,0.0,-0.714286,76.8271,1,1,0,0,0,8.934,0.00900097,0.0193499,0.226206,0.0345019
aeeem,org::eclipse::pde::internal::core::converter::PluginConverterParser,0.0,2,2,0,106.0,7.0,7.0,0,7.0,3.5,7.0,3.5,0.0,0.0,69.8571,1,0,0,0,0,1.77712,0.00054525,0.00961856,0.0609203,0.0309529
aeeem,org::eclipse::pde::internal::ui::editor::cheatsheet::simple::details::SimpleCSCommandComboPart,-4.0,2,2,0,70.2857,21.0,25.0,0,21.0,10.5,25.0,12.5,0.0,-2.0,36.1429,1,0,0,0,0,1.76682,0.00114732,0.0100966,0.0617154,0.0339284
aeeem,org::eclipse::pde::internal::ui::editor::plugin::rows::ClassAttributeRow,-62.0,32,7,1,227.429,188.0,250.0,1,34.0,5.875,115.0,7.8125,34.0,-1.9375,100.904,9,4,1,0,0,21.1016,0.0568547,0.0427873,0.532385,0.0478013
aeeem,org::eclipse::pde::internal::ui::correction::OptionalImportPackageResolution,7.0,4,3,1,150.429,16.0,9.0,1,10.0,4.0,8.0,2.25,10.0,1.75,52.0982,0,0,0,0,0,3.18664,0.00246479,0.0122967,0.0957854,0.0341758
aeeem,org::eclipse::pde::internal::ui::editor::feature::FeatureInputContextManager,4.0,7,4,0,227.429,21.0,17.0,0,10.0,3.0,10.0,2.42857,10.0,0.571429,26.0408,0,0,0,0,0,4.64887,0.00236185,0.00622749,0.107619,0.000428437
aeeem,org::eclipse::pde::internal::ui::editor::plugin::JavaAttributeWizardPage,-5.0,15,6,0,227.429,107.0,112.0,0,31.0,7.13333,49.0,7.46667,15.0,-0.333333,112.838,3,3,0,0,0,13.6058,0.021725,0.0314492,0.354085,0.0461377
aeeem,org::eclipse::pde::internal::ui::parts::MessageLine,8.0,6,6,1,304.429,34.0,26.0,0,13.0,5.66667,19.0,4.33333,10.0,1.33333,157.155,0,0,0,0,0,6.41569,0.00398105,0.0163241,0.169334,0.0343568
aeeem,org::eclipse::pde::internal::ui::parts::StructuredViewerPart,-4.0,11,6,1,335.286,70.0,74.0,0,26.0,6.36364,27.0,6.72727,4.0,-0.363636,150.545,2,2,0,0,0,8.90433,0.0257911,0.0204562,0.229991,0.0351393
aeeem,org::eclipse::pde::internal::ui::templates::ide::PopupMenuTemplate,-27.0,3,2,0,95.5714,36.0,63.0,1,32.0,12.0,61.0,21.0,2.0,-9.0,57.8571,3,0,0,0,0,2.84822,0.0181046,0.0137564,0.0939435,0.0397209
aeeem,org::eclipse::pde::internal::core::util::SchemaUtil,-58.0,6,3,0,111.0,31.0,89.0,0,17.0,5.16667,55.0,14.8333,6.0,-9.66667,13.4332,5,5,0,0,0,5.77253,0.0171817,0.0172227,0.161748,0.0333258
aeeem,org::eclipse::pde::internal::ui::editor::toc::details::TocAnchorDetails,285.0,7,3,0,61.1429,315.0,30.0,0,138.0,45.0,25.0,4.28571,138.0,40.7143,3.50794,2,1,0,0,0,5.02919,0.0344334,0.0210204,0.157739,0.0521834
aeeem,org::eclipse::pde::internal::ui::editor::product::ArgumentsSection,101.0,16,6,0,186.714,374.0,273.0,0,149.0,23.375,98.0,17.0625,139.0,6.3125,57.0699,4,1,0,0,0,14.1689,0.112854,0.0312548,0.363458,0.0450554
aeeem,org::eclipse::pde::internal::ui::correction::ExternalizeResolution,64.0,7,3,2,128.857,102.0,38.0,1,47.0,14.5714,25.0,5.42857,45.0,9.14286,52.2003,3,2,0,0,0,6.70338,0.0173861,0.0214269,0.19164,0.0444528
aeeem,org::eclipse::pde::internal::ui::correction::CreateJREBundleHeaderResolution,0.0,5,2,2,152.0,4.0,4.0,1,1.0,0.8,1.0,0.8,0.0,0.0,12.6429,0,0,0,0,0,2.95101,0.000922614,0.00421617,0.0694303,0.000332797
aeeem,org::eclipse::pde::internal::ui::commands::CommandDetails,17.0,15,5,0,104.857,328.0,311.0,0,116.0,21.8667,148.0,20.7333,34.0,1.13333,28.5192,6,6,0,0,0,10.8989,0.0855333,0.0358001,0.315203,0.0713196
aeeem,org::eclipse::pde::internal::ui::correction::OrganizeRequireBundleResolution,11.0,6,3,1,150.429,16.0,5.0,1,10.0,2.66667,2.0,0.833333,10.0,1.83333,26.9732,0,0,0,0,0,5.33086,0.00295369,0.0154462,0.146586,0.0344382
aeeem,org::eclipse::pde::internal::ui::editor::actions::FormatAction,8.0,3,2,0,110.143,17.0,9.0,0,10.0,5.66667,9.0,3.0,10.0,2.66667,57.3445,1,0,0,0,0,3.36633,0.00673473,0.0148684,0.107253,0.0401211
aeeem,org::eclipse::pde::internal::ui::wizards::product::ProductDefinitionWizard,42.0,11,4,0,188.0,71.0,29.0,0,25.0,6.45455,12.0,2.63636,24.0,3.81818,22.0523,1,1,0,0,0,10.731,0.0137423,0.0213446,0.266196,0.0344553
aeeem,org::eclipse::pde::internal::ui::editor::cheatsheet::simple::actions::SimpleCSAddStepAction,61.0,10,3,0,105.0,126.0,65.0,0,67.0,12.6,28.0,6.5,59.0,6.1,28.3016,6,4,0,0,0,10.8049,0.04321,0.0326266,0.306018,0.0543154
aeeem,org::eclipse::pde::internal::ui::samples::ReviewPage,4.0,5,3,1,151.143,20.0,16.0,0,15.0,4.0,13.0,3.2,2.0,0.8,92.4929,0,0,0,0,0,5.36933,0.00187044,0.015487,0.147436,0.034436
aeeem,org::eclipse::pde::internal::core::site::SiteDescription,54.0,19,8,1,302.571,123.0,69.0,0,35.0,6.47368,13.0,3.63158,23.0,2.84211,139.639,3,2,0,0,0,12.1216,0.0882196,0.0548508,0.36444,0.121258
aeeem,org::eclipse::pde::internal::ui::templates::ide::PropertyPageTemplate,-17.0,3,2,0,95.5714,33.0,50.0,1,29.0,11.0,48.0,16.6667,2.0,-5.66667,57.7922,3,0,0,0,0,2.84822,0.0154441,0.0137564,0.0939435,0.0397209
aeeem,org::eclipse::pde::internal::runtime::spy::sections::ActiveDialogPageSection,0.0,5,1,0,45.2857,24.0,24.0,0,13.0,4.8,15.0,4.8,4.0,0.0,5.90476,3,0,0,0,0,5.05758,0.0128962,0.0313161,0.180782,0.10687
aeeem,org::eclipse::pde::internal::core::NLResourceHelper,10.0,15,8,1,335.286,113.0,103.0,0,36.0,7.53333,51.0,6.86667,11.0,0.666667,89.7939,2,2,2,2,1,9.57359,0.00574061,0.0242606,0.255362,0.0400166
aeeem,org::eclipse::pde::internal::ui::editor::cheatsheet::comp::CompCSContentProvider,-2.0,2,2,0,99.2857,4.0,6.0,0,4.0,2.0,6.0,3.0,0.0,-1.0,65.1429,1,1,0,0,0,1.76682,0.000249418,0.0100966,0.0617154,0.0339284
aeeem,org::eclipse::pde::internal::ui::editor::PDEDetailsSections,-4.0,5,4,0,188.429,7.0,11.0,0,4.0,1.4,4.0,2.2,0.0,-0.8,56.449,1,0,0,0,0,6.59546,0.00392348,0.0203098,0.185585,0.0425799
aeeem,org::eclipse::pde::internal::core::text::cheatsheet::simple::SimpleCSIntro,1.0,10,2,0,59.2857,163.0,162.0,0,105.0,16.3,105.0,16.2,105.0,0.1,0.366345,1,0,0,0,0,4.41258,0.0277865,0.0185832,0.138856,0.0463837
aeeem,org::eclipse::ui::internal::views::log::FilterDialog,130.0,5,2,0,49.4286,204.0,74.0,0,132.0,40.8,55.0,14.8,130.0,26.0,16.348,3,2,0,0,0,4.3791,0.0460086,0.0366915,0.175778,0.139632
aeeem,org::eclipse::pde::internal::ui::editor::cheatsheet::comp::CompCSBlock,12.0,6,2,0,99.2857,76.0,64.0,0,43.0,12.6667,32.0,10.6667,13.0,2.0,35.2387,3,1,0,0,0,6.05686,0.0241605,0.0214639,0.179677,0.0457096
aeeem,org::eclipse::pde::internal::core::text::plugin::PluginBaseNode,880.0,14,5,0,151.143,994.0,114.0,0,407.0,71.0,65.0,8.14286,407.0,62.8571,16.6904,8,6,1,0,0,12.7295,0.0760025,0.0341695,0.346092,0.0578577
aeeem,org::eclipse::pde::internal::ui::search::dialogs::FilteredPluginArtifactsSelectionDialog,162.0,11,2,0,39.5714,350.0,188.0,2,147.0,31.8182,133.0,17.0909,140.0,14.7273,9.83918,6,4,0,0,0,7.03016,0.147133,0.0510299,0.266561,0.185238
aeeem,org::eclipse::pde::internal::core::text::DocumentTextNode,223.0,12,4,0,151.143,261.0,38.0,0,70.0,21.75,21.0,3.16667,70.0,18.5833,43.1483,2,1,0,0,0,9.06916,0.0270893,0.0295017,0.262037,0.0568064
aeeem,org::eclipse::pde::internal::ui::editor::XMLSourcePage,24.0,19,5,0,272.857,182.0,158.0,0,41.0,9.57895,69.0,8.31579,25.0,1.26316,86.0306,2,1,0,0,0,12.4285,0.0364065,0.0263632,0.314288,0.0408781
aeeem,org::eclipse::pde::internal::ui::search::dependencies::UnusedDependenciesJob,13.0,24,4,0,201.286,327.0,314.0,0,111.0,13.625,194.0,13.0833,84.0,0.541667,47.5806,4,4,0,0,0,17.5178,0.0953705,0.0300501,0.421899,0.0348275
aeeem,org::eclipse::pde::internal::ui::editor::text::TranslationHyperlink,27.0,5,3,0,117.429,44.0,17.0,0,22.0,8.8,11.0,3.4,17.0,5.4,36.8799,2,0,0,0,0,6.15544,0.0191429,0.0199856,0.177006,0.0414503
aeeem,org::eclipse::pde::internal::ui::PDEPerspective,10.0,24,7,2,335.286,149.0,139.0,0,75.0,6.20833,55.0,5.79167,20.0,0.416667,109.177,3,3,0,0,0,10.9039,0.00594352,0.0252203,0.281217,0.0465997
aeeem,org::eclipse::pde::internal::ui::editor::text::MultilineDamagerRepairer,-3.0,2,2,0,148.429,4.0,7.0,0,4.0,2.0,7.0,3.5,0.0,-1.5,114.286,0,0,0,0,0,1.76682,0.000274359,0.0100966,0.0617154,0.0339284
aeeem,org::eclipse::pde::internal::ui::editor::PDEDetails,20.0,12,7,0,226.857,75.0,55.0,0,23.0,6.25,23.0,4.58333,23.0,1.66667,109.756,3,2,0,0,0,9.20458,0.0143029,0.0238609,0.246125,0.0440426
aeeem,org::eclipse::pde::internal::ui::views::plugins::PluginsLabelProvider,-11.0,6,3,0,108.143,79.0,90.0,1,50.0,13.1667,45.0,15.0,5.0,-1.83333,39.9132,4,4,0,0,0,7.20709,0.0223957,0.0282523,0.220095,0.0690486
aeeem,org::eclipse::pde::internal::ui::refactoring::BuildPropertiesChange,8.0,6,3,0,98.2857,36.0,28.0,4,14.0,6.0,23.0,4.66667,10.0,1.33333,36.7937,4,2,0,0,0,5.25839,0.00764696,0.0236636,0.167761,0.0673264
aeeem,org::eclipse::pde::internal::core::text::DocumentAttributeNode,32.0,10,2,0,63.8571,73.0,41.0,0,32.0,7.3,17.0,4.1,32.0,3.2,8.82192,1,0,0,0,0,4.41258,0.00704989,0.0185832,0.138856,0.0463837
aeeem,org::eclipse::pde::internal::ui::wizards::WizardCollectionElement,26.0,11,7,1,335.286,91.0,65.0,0,55.0,8.27273,48.0,5.90909,13.0,2.36364,226.597,0,0,0,0,0,6.41569,0.00455274,0.0163241,0.169334,0.0343568
aeeem,org::eclipse::pde::internal::ui::wizards::ctxhelp::RegisterCtxHelpOperation,0.0,1,1,0,22.7143,0.0,0.0,0,0.0,0.0,0.0,0.0,0.0,0.0,0.0,1,0,0,0,0,0.0,0.0,0.0,0.0,0.0
aeeem,org::eclipse::pde::internal::ui::preferences::PDECompilersConfigurationBlock,13.0,8,1,0,21.0,31.0,18.0,0,14.0,3.875,6.0,2.25,10.0,1.625,11.1336,8,4,1,0,0,3.81443,0.0678821,0.0989784,4.09013,0.214649
aeeem,org::eclipse::pde::internal::core::EclipseHomeInitializer,9.0,25,7,1,335.0,197.0,188.0,0,45.0,7.88,47.0,7.52,24.0,0.36,62.794,3,3,0,0,0,10.9403,0.0052762,0.0271126,0.290691,0.0412213
aeeem,org::eclipse::pde::internal::ui::wizards::plugin::TemplateListSelectionPage,80.0,31,7,0,227.0,215.0,135.0,0,49.0,6.93548,52.0,4.35484,31.0,2.58065,75.6545,3,3,0,0,0,11.4311,0.0255993,0.0260631,0.293069,0.0493396
aeeem,org::eclipse::pde::internal::runtime::registry::PluginObjectAdapter,4.0,3,2,0,381.0,4.0,0.0,0,4.0,1.33333,0.0,0.0,4.0,1.33333,0.571429,0,0,0,0,0,0.0,0.0,0.0,0.0,0.0
aeeem,org::eclipse::pde::internal::core::site::SiteCategoryDefinition,21.0,16,7,1,302.571,79.0,58.0,0,18.0,4.9375,15.0,3.625,17.0,1.3125,80.8897,1,1,0,0,0,9.09107,0.00664488,0.0190451,0.228716,0.0315303
aeeem,org::eclipse::pde::internal::ui::launcher::OpenLogDialog,88.0,11,6,0,223.857,513.0,425.0,0,229.0,46.6364,239.0,38.6364,87.0,8.0,90.8243,2,2,1,0,0,10.2788,0.0370031,0.0699281,0.370556,0.139066
aeeem,org::eclipse::pde::internal::core::product::AboutInfo,24.0,8,3,0,191.143,48.0,24.0,0,10.0,6.0,9.0,3.0,10.0,3.0,31.6012,0,0,0,0,0,5.72876,0.013729,0.0142256,0.149601,0.0310756
aeeem,org::eclipse::pde::internal::ui::wizards::tools::OrganizeManifest,-97.0,21,5,2,134.286,236.0,333.0,0,86.0,11.2381,141.0,15.8571,30.0,-4.61905,54.7088,8,3,0,0,0,18.1407,0.0828102,0.0538928,0.508653,0.0975919
aeeem,org::eclipse::pde::internal::core::ExternalJavaSearchInitializer,0.0,9,6,0,225.286,37.0,37.0,0,20.0,4.11111,15.0,4.11111,5.0,0.0,121.344,1,1,0,0,0,9.53614,0.00993165,0.0240924,0.25412,0.039735
aeeem,org::eclipse::pde::internal::ui::editor::schema::SchemaEditorContributor,48.0,16,7,1,335.286,90.0,42.0,0,35.0,5.625,7.0,2.625,35.0,3.0,82.0413,0,0,0,0,0,11.7532,0.00786325,0.0234079,0.292636,0.0348708
aeeem,org::eclipse::pde::internal::core::PDEAuxiliaryState,79.0,10,3,0,132.571,203.0,124.0,1,91.0,20.3,91.0,12.4,73.0,7.9,85.5735,4,4,0,0,0,10.571,0.0585229,0.0351578,0.307588,0.0702372
aeeem,org::eclipse::pde::internal::ui::editor::plugin::BundleHyperlinkDetector,77.0,13,5,0,118.143,143.0,66.0,0,83.0,11.0,40.0,5.07692,69.0,5.92308,15.3197,3,2,0,0,0,7.67578,0.0374137,0.0278229,0.227349,0.0669757
aeeem,org::eclipse::pde::internal::core::SourceLocationManager,208.0,49,8,2,328.143,1106.0,898.0,0,220.0,22.5714,205.0,18.3265,129.0,4.2449,139.893,20,19,5,3,2,22.4197,0.236427,0.0747592,0.644259,0.165723
aeeem,org::eclipse::pde::internal::ui::views::dependencies::HistoryListAction,-5.0,4,2,0,108.143,6.0,11.0,1,3.0,1.5,7.0,2.75,0.0,-1.25,51.619,2,2,0,0,0,4.87697,0.00231155,0.0183429,0.147296,0.0422821
aeeem,org::eclipse::pde::internal::ui::util::SWTUtil,-5.0,15,7,2,335.286,79.0,84.0,0,39.0,5.26667,28.0,5.6,11.0,-0.333333,61.7107,2,2,0,0,1,9.31549,0.00436962,0.0210053,0.239474,0.0352678
aeeem,org::eclipse::ui::internal::views::log::EventDetailsDialogAction,9.0,5,1,0,49.4286,36.0,27.0,0,21.0,7.2,19.0,5.4,6.0,1.8,12.4167,3,0,0,0,0,4.25341,0.00551503,0.0209694,0.141215,0.0618726
aeeem,org::eclipse::pde::internal::core::FeatureModelManager,306.0,28,6,1,188.429,462.0,156.0,0,268.0,16.5,44.0,5.57143,224.0,10.9286,20.7536,11,10,0,0,0,18.222,0.075287,0.0410528,0.472256,0.0536475
aeeem,org::eclipse::pde::internal::ui::wizards::provisioner::ProvisionerListSelectionPage,246.0,10,3,0,92.8571,276.0,30.0,0,116.0,27.6,25.0,3.0,116.0,24.6,7.2707,3,2,0,0,0,8.97676,0.0411087,0.0403795,0.285053,0.114071
aeeem,org::eclipse::pde::internal::ui::wizards::plugin::AbstractFieldData,50.0,17,6,0,239.0,122.0,72.0,0,30.0,7.17647,27.0,4.23529,11.0,2.94118,113.299,4,3,0,0,0,12.178,0.0264782,0.029039,0.316429,0.0546652
aeeem,org::eclipse::pde::internal::ui::templates::osgi::HelloOSGiNewWizard,-1.0,3,3,0,95.5714,4.0,5.0,1,3.0,1.33333,4.0,1.66667,0.0,-0.333333,51.3571,2,0,0,0,0,3.15995,0.00243108,0.0128029,0.0981234,0.0309004
aeeem,org::eclipse::pde::internal::ui::editor::plugin::ExtensionDetails,90.0,29,7,2,227.429,337.0,247.0,0,117.0,11.6207,78.0,8.51724,78.0,3.10345,117.679,10,8,0,0,0,21.4513,0.0830507,0.0475214,0.553435,0.0602143
aeeem,org::eclipse::pde::internal::ui::correction::AddBundleClassPathMarkerResolution,-3.0,2,2,0,49.0,3.0,6.0,0,3.0,1.5,6.0,3.0,0.0,-1.5,14.8571,1,0,0,0,0,1.76682,0.000224476,0.0100966,0.0617154,0.0339284
aeeem,org::eclipse::pde::internal::core::text::build::Build,306.0,7,3,1,151.143,330.0,24.0,0,147.0,47.1429,19.0,3.42857,147.0,43.7143,8.41169,2,2,0,0,0,6.19566,0.0195928,0.0160034,0.165168,0.0314739
aeeem,org::eclipse::pde::internal::ui::search::dependencies::AddNewBinaryDependenciesOperation,-2.0,2,1,0,83.8571,6.0,8.0,0,6.0,3.0,8.0,4.0,0.0,-1.0,49.7143,1,1,0,0,0,1.76682,0.000349185,0.0100966,0.0617154,0.0339284
aeeem,org::eclipse::pde::internal::ui::correction::AddSourceBuildEntryResolution,3.0,6,3,2,130.857,25.0,22.0,1,10.0,4.16667,10.0,3.66667,10.0,0.5,48.68,3,2,0,0,0,5.01058,0.0064729,0.0181079,0.148312,0.0446836
aeeem,org::eclipse::pde::internal::ui::editor::product::ProductOutlinePage,6.0,5,4,0,188.143,24.0,18.0,0,10.0,4.8,10.0,3.6,10.0,1.2,59.0,0,0,0,0,0,4.78875,0.00486233,0.0137441,0.130061,0.0340497
aeeem,org::eclipse::pde::internal::ui::views::plugins::CopyToClipboardAction,-6.0,2,2,0,108.143,26.0,32.0,1,26.0,13.0,32.0,16.0,0.0,-3.0,74.0,1,1,0,0,0,1.76682,0.00144662,0.0100966,0.0617154,0.0339284
aeeem,org::eclipse::pde::internal::ui::editor::build::AddLibraryDialog,83.0,19,6,0,263.286,231.0,148.0,0,106.0,12.1579,62.0,7.78947,75.0,4.36842,82.7761,6,6,1,0,0,11.8849,0.0396537,0.0380003,0.327927,0.100611
aeeem,org::eclipse::pde::internal::ui::editor::NullUndoManager,1.0,10,6,1,335.286,25.0,24.0,0,8.0,2.5,4.0,2.4,4.0,0.1,118.171,1,1,0,0,0,7.47927,0.00317111,0.0178894,0.194515,0.0345277
aeeem,org::eclipse::pde::internal::ui::launcher::JREBlock,549.0,19,4,0,156.429,740.0,191.0,0,221.0,38.9474,65.0,10.0526,221.0,28.8947,42.3033,9,7,1,1,0,14.3803,0.147213,0.0642199,0.44699,0.167895
aeeem,org::eclipse::pde::internal::ui::templates::ide::MultiPageEditorTemplate,-16.0,5,3,1,95.5714,33.0,49.0,1,29.0,6.6,44.0,9.8,0.0,-3.2,54.5758,4,1,0,0,0,5.95836,0.0150807,0.0220027,0.179524,0.0480746
aeeem,org::eclipse::pde::internal::core::PDEExtensionRegistry,-36.0,26,3,3,132.571,617.0,653.0,2,168.0,23.7308,263.0,25.1154,52.0,-1.38462,73.066,10,10,2,0,0,17.9368,0.252955,0.06219,0.528067,0.131198
aeeem,org::eclipse::pde::internal::runtime::PDERuntimeMessages,-41.0,27,4,0,178.714,82.0,123.0,0,15.0,3.03704,61.0,4.55556,15.0,-1.51852,117.416,20,9,0,0,0,15.3743,0.0745761,0.0612589,0.465938,0.167274
aeeem,org::eclipse::pde::internal::core::text::ctxhelp::CtxHelpDescription,7.0,2,1,0,33.4286,7.0,0.0,0,7.0,3.5,0.0,0.0,7.0,3.5,1.28571,2,1,0,0,0,1.38451,0.00139051,0.00833719,0.0492619,0.0290675
aeeem,org::eclipse::pde::internal::ui::editor::text::AnnotationHover,1.0,9,6,1,300.571,34.0,33.0,0,10.0,3.77778,16.0,3.66667,10.0,0.111111,72.8992,1,1,0,0,0,5.98276,0.00261611,0.0158814,0.159804,0.0344317
aeeem,org::eclipse::pde::internal::core::text::build::BuildEntry,424.0,11,5,1,151.143,460.0,36.0,0,146.0,41.8182,24.0,3.27273,146.0,38.5455,29.0764,3,1,0,0,0,11.9472,0.0564088,0.0318798,0.324418,0.052581
aeeem,org::eclipse::pde::internal::ui::tests::macro::DefaultWidgetResolver,-5.0,5,3,0,183.857,12.0,17.0,0,6.0,2.4,14.0,3.4,6.0,-1.0,37.7857,0,0,0,0,0,3.96663,0.00411263,0.0119962,0.10933,0.0309772
aeeem,org::eclipse::pde::internal::ui::search::dependencies::UnusedImportsDialog,26.0,15,5,0,201.286,94.0,68.0,0,26.0,6.26667,18.0,4.53333,20.0,1.73333,73.2188,2,2,0,0,0,16.1857,0.0395174,0.0444194,0.429977,0.101605
aeeem,org::eclipse::pde::internal::core::target::WorkspaceTargetModel,20.0,6,4,0,144.857,49.0,29.0,0,21.0,8.16667,17.0,4.83333,19.0,3.33333,86.6939,2,1,0,0,0,6.02605,0.014315,0.0203524,0.176257,0.0406986
aeeem,org::eclipse::pde::internal::ui::launcher::LaunchConfigurationListener,15.0,8,3,0,205.571,37.0,22.0,0,11.0,4.625,5.0,2.75,10.0,1.875,76.6988,2,0,0,0,0,9.06665,0.00929487,0.0264969,0.251627,0.05128
aeeem,org::eclipse::pde::internal::ui::editor::validation::AbstractControlValidator,77.0,4,2,0,84.8571,148.0,71.0,0,117.0,37.0,37.0,17.75,84.0,19.25,11.1988,1,0,0,0,0,4.91442,0.0350103,0.0185111,0.148539,0.0425637
aeeem,org::eclipse::pde::internal::ui::editor::build::BuildEditorContributor,15.0,11,7,1,335.286,51.0,36.0,0,12.0,4.63636,12.0,3.27273,8.0,1.36364,131.927,0,0,0,0,0,7.38593,0.00482928,0.0180127,0.193283,0.0346998
aeeem,org::eclipse::pde::internal::ui::preferences::SourceCodeLocationsPreferenceNode,-87.0,9,4,0,239.0,24.0,111.0,0,10.0,2.66667,93.0,12.3333,10.0,-9.66667,72.0536,1,1,0,0,0,6.42966,0.0269167,0.00812579,0.146747,0.000522622
aeeem,org::eclipse::pde::internal::ui::editor::plugin::ExtensionElementDetails,43.0,29,8,2,227.429,224.0,181.0,0,56.0,7.72414,73.0,6.24138,18.0,1.48276,123.196,11,8,1,0,0,19.8234,0.0485914,0.0488224,0.524726,0.0764942
aeeem,org::eclipse::pde::internal::ui::editor::plugin::ExecutionEnvironmentSection,317.0,25,6,2,143.571,575.0,258.0,0,188.0,23.0,205.0,10.32,181.0,12.68,78.0228,13,8,0,0,0,19.4569,0.104276,0.0662411,0.560133,0.150287
aeeem,org::eclipse::pde::internal::ui::samples::ProjectNamesPage,4.0,5,3,1,151.143,60.0,56.0,0,47.0,12.0,50.0,11.2,6.0,0.8,95.1357,0,0,0,0,0,5.36933,0.00539777,0.015487,0.147436,0.034436
aeeem,org::eclipse::pde::internal::ui::search::PluginSearchQuery,10.0,5,4,0,201.286,22.0,12.0,0,10.0,4.4,6.0,2.4,10.0,2.0,52.2467,0,0,0,0,0,6.41569,0.00474584,0.0163241,0.169334,0.0343568
aeeem,org::eclipse::pde::internal::ui::editor::target::TargetOutlinePage,12.0,11,4,0,143.857,126.0,114.0,0,51.0,11.4545,44.0,10.3636,10.0,1.09091,29.3878,4,3,0,0,0,11.6615,0.0332194,0.0313233,0.318039,0.0486964
aeeem,org::eclipse::pde::internal::ui::wizards::tools::UpdateBuildpathWizard,8.0,12,5,0,240.714,36.0,28.0,0,8.0,3.0,9.0,2.33333,3.0,0.666667,88.1389,1,0,0,0,0,9.02416,0.00570178,0.0192797,0.227553,0.0343998
aeeem,org::eclipse::pde::internal::ui::wizards::WizardTreeSelectionPage,6.0,18,7,1,335.286,259.0,253.0,0,162.0,14.3889,128.0,14.0556,34.0,0.333333,75.4093,3,3,0,0,0,11.2037,0.0223831,0.0234545,0.282767,0.0355469
aeeem,org::eclipse::pde::internal::ui::correction::ResolutionGenerator,126.0,39,4,13,152.143,284.0,158.0,1,70.0,7.28205,84.0,4.05128,41.0,3.23077,45.2912,19,8,0,0,0,18.2366,0.0436818,0.0541736,0.508446,0.109583
aeeem,org::eclipse::pde::internal::ui::editor::cheatsheet::simple::SimpleCSEditorContributor,46.0,7,2,0,105.857,79.0,33.0,0,39.0,11.2857,20.0,4.71429,39.0,6.57143,40.7523,5,2,0,0,0,6.82195,0.0324436,0.0251663,0.205427,0.0543254
aeeem,org::eclipse::pde::internal::ui::correction::RenameProvidePackageResolution,0.0,2,2,1,59.0,1.0,1.0,0,1.0,0.5,1.0,0.5,0.0,0.0,24.8571,1,0,0,0,0,1.76682,4.98835e-05,0.0100966,0.0617154,0.0339284
aeeem,org::eclipse::pde::internal::core::feature::FeatureURL,26.0,15,7,1,335.286,109.0,83.0,0,35.0,7.26667,29.0,5.53333,8.0,1.73333,155.125,1,1,1,0,0,9.74272,0.0132911,0.0195518,0.242331,0.0314307
aeeem,org::eclipse::pde::internal::ui::search::OpenPluginSearchPageAction,9.0,3,1,0,90.1429,15.0,6.0,0,10.0,5.0,6.0,2.0,10.0,3.0,34.8571,1,0,0,0,0,3.36633,0.00661002,0.0148684,0.107253,0.0401211
aeeem,org::eclipse::pde::internal::core::site::AbstractSiteModel,21.0,26,8,1,302.571,122.0,101.0,0,16.0,4.69231,24.0,3.88462,14.0,0.807692,85.3115,2,2,0,0,0,10.231,0.011532,0.0236969,0.264389,0.0420777
aeeem,org::eclipse::pde::internal::ui::editor::contentassist::VirtualSchemaObject,-6.0,7,4,0,111.0,42.0,48.0,0,18.0,6.0,22.0,6.85714,4.0,-0.857143,35.517,6,4,0,0,0,5.96006,0.0190845,0.0182341,0.168039,0.0367438
aeeem,org::eclipse::pde::internal::ui::editor::plugin::ResourceAttributeValue,3.0,6,4,0,227.429,23.0,20.0,0,16.0,3.83333,13.0,3.33333,3.0,0.5,148.894,0,0,0,0,0,6.41569,0.00254283,0.0163241,0.169334,0.0343568
aeeem,org::eclipse::pde::ui::templates::ComboChoiceOption,46.0,7,3,0,137.143,67.0,21.0,0,20.0,9.57143,13.0,3.0,19.0,6.57143,71.3326,3,3,0,0,0,5.7361,0.0244119,0.0281054,0.186302,0.089645
aeeem,org::eclipse::pde::internal::ui::wizards::extension::NewExtensionPointMainPage,24.0,23,8,1,335.286,276.0,252.0,0,45.0,12.0,47.0,10.9565,32.0,1.04348,154.131,6,6,1,0,1,14.7861,0.0799793,0.028504,0.3663,0.0366624
aeeem,org::eclipse::pde::internal::ui::editor::feature::FeatureIncludesPage,-8.0,11,5,0,188.429,44.0,52.0,0,14.0,4.0,23.0,4.72727,14.0,-0.727273,93.2013,4,2,0,0,0,11.602,0.0168039,0.0270455,0.301471,0.0432703
aeeem,org::eclipse::pde::internal::ui::editor::toc::details::HelpEditorFilter,0.0,1,1,0,33.4286,0.0,0.0,0,0.0,0.0,0.0,0.0,0.0,0.0,0.0,1,0,0,0,0,0.0,0.0,0.0,0.0,0.0
aeeem,org::eclipse::pde::internal::ui::wizards::tools::ConvertProjectsAction,6.0,13,5,0,213.286,94.0,88.0,0,34.0,7.23077,23.0,6.76923,11.0,0.461538,30.4088,4,4,0,0,0,12.307,0.011871,0.0234401,0.302588,0.0346096
aeeem,org::eclipse::pde::internal::ui::elements::ListContentProvider,6.0,7,6,1,335.286,25.0,19.0,0,10.0,3.57143,8.0,2.71429,6.0,0.857143,167.829,0,0,0,0,0,6.41569,0.00262164,0.0163241,0.169334,0.0343568
aeeem,org::eclipse::pde::internal::core::text::plugin::PluginNode,94.0,4,2,0,151.143,96.0,2.0,0,46.0,24.0,2.0,0.5,46.0,23.5,5.06548,0,0,0,0,0,3.30831,0.00504292,0.0116346,0.0962807,0.0310383
aeeem,org::eclipse::pde::internal::ui::parts::FormBrowser,8.0,11,6,1,335.286,92.0,84.0,0,23.0,8.36364,48.0,7.63636,12.0,0.727273,144.776,0,0,0,0,0,6.41569,0.00410596,0.0163241,0.169334,0.0343568
aeeem,org::eclipse::pde::internal::ui::wizards::target::TargetDefinitionFromPlatformOperation,17.0,7,3,0,136.286,53.0,36.0,0,18.0,7.57143,24.0,5.14286,18.0,2.42857,40.0943,2,2,0,0,0,8.22594,0.0105499,0.0238583,0.228725,0.0434576
aeeem,org::eclipse::pde::internal::ui::editor::text::PDEQuickAssistAssistant,54.0,12,4,2,130.857,145.0,91.0,0,37.0,12.0833,34.0,7.58333,26.0,4.5,85.5951,4,1,0,0,0,8.29798,0.100987,0.0400425,0.265539,0.130547
aeeem,org::eclipse::pde::internal::ui::editor::cheatsheet::simple::SimpleCSInputContext,-4.0,5,2,0,105.857,119.0,123.0,0,54.0,23.8,100.0,24.6,46.0,-0.8,47.3061,4,2,0,0,0,5.74149,0.0358568,0.0216966,0.173855,0.0497481
aeeem,org::eclipse::pde::internal::ui::correction::ExternalizeStringsResolution,16.0,6,3,3,130.429,40.0,24.0,1,25.0,6.66667,13.0,4.0,19.0,2.66667,11.8607,2,2,0,0,0,3.18664,0.0101888,0.0122967,0.0957854,0.0341758
aeeem,org::eclipse::pde::internal::core::text::cheatsheet::simple::SimpleCSAction,-22.0,9,2,0,59.2857,233.0,255.0,0,160.0,25.8889,160.0,28.3333,160.0,-2.44444,0.896383,2,1,0,0,0,5.74856,0.0425027,0.0236199,0.179606,0.0567925
aeeem,org::eclipse::pde::internal::ui::wizards::toc::NewTocFileWizard,135.0,5,3,0,61.1429,154.0,19.0,0,71.0,30.8,12.0,3.8,71.0,27.0,2.33024,1,0,0,0,0,5.02919,0.0173144,0.0210204,0.157739,0.0521834
aeeem,org::eclipse::pde::internal::ui::editor::plugin::ImportPackageSection,1184.0,67,6,2,181.0,2508.0,1324.0,1,489.0,37.4328,549.0,19.7612,423.0,17.6716,52.4617,22,15,2,0,0,31.2057,0.491876,0.0848408,0.842852,0.153551
aeeem,org::eclipse::pde::internal::ui::editor::toc::TocFileValidator,247.0,7,4,0,61.1429,372.0,125.0,0,174.0,53.1429,92.0,17.8571,174.0,35.2857,2.46697,3,2,0,0,0,5.02919,0.043105,0.0210204,0.157739,0.0521834
aeeem,org::eclipse::pde::internal::ui::wizards::provisioner::update::UpdateSiteProvisionerPage,46.0,9,3,0,83.2857,118.0,72.0,1,26.0,13.1111,47.0,8.0,19.0,5.11111,8.51574,1,1,0,0,0,4.77474,0.0283127,0.0178482,0.143885,0.0409946
aeeem,org::eclipse::pde::internal::ui::editor::toc::TocDropAdapter,451.0,11,4,0,61.1429,574.0,123.0,0,223.0,52.1818,95.0,11.1818,223.0,41.0,5.70508,5,4,0,0,0,5.02919,0.0330101,0.0210204,0.157739,0.0521834
aeeem,org::eclipse::pde::internal::ui::templates::ide::DecoratorTemplate,-25.0,5,4,0,95.5714,59.0,84.0,1,56.0,11.8,81.0,16.8,0.0,-5.0,57.2784,4,1,0,0,0,5.80709,0.0256958,0.0219722,0.176462,0.0488167
aeeem,org::eclipse::pde::internal::runtime::OverlayIcon,11.0,9,6,1,362.0,188.0,177.0,0,116.0,20.8889,116.0,19.6667,6.0,1.22222,297.757,1,1,0,0,0,8.70423,0.113067,0.0225901,0.232212,0.0444147
aeeem,org::eclipse::pde::internal::core::text::bundle::RequireBundleObject,20.0,6,4,1,150.429,60.0,40.0,0,30.0,10.0,32.0,6.66667,24.0,3.33333,84.6548,1,0,0,0,0,7.56276,0.0111103,0.0217829,0.209902,0.0393548
aeeem,org::eclipse::pde::internal::ui::editor::target::LocationsSection,20.0,14,4,1,137.143,156.0,136.0,0,56.0,11.1429,74.0,9.71429,21.0,1.42857,65.6273,5,2,0,0,0,12.5792,0.0360789,0.0356114,0.349068,0.0563994
aeeem,org::eclipse::pde::internal::ui::search::dependencies::CalculateUsesAction,-6.0,2,1,0,83.8571,8.0,14.0,0,8.0,4.0,14.0,7.0,0.0,-3.0,49.7143,1,1,0,0,0,1.76682,0.000548719,0.0100966,0.0617154,0.0339284
aeeem,org::eclipse::pde::internal::ui::editor::target::TargetDefinitionSection,153.0,14,4,1,144.286,327.0,174.0,0,142.0,23.3571,69.0,12.4286,137.0,10.9286,29.5933,6,3,0,0,0,13.1504,0.0838039,0.0341952,0.354994,0.0525157
aeeem,org::eclipse::pde::internal::ui::editor::cheatsheet::comp::CompCSInputContext,-10.0,3,2,0,99.2857,13.0,23.0,0,9.0,4.33333,21.0,7.66667,2.0,-3.33333,46.1099,2,2,0,0,0,2.97312,0.00234,0.0125834,0.09279,0.0349721
aeeem,org::eclipse::pde::internal::ui::editor::toc::TocTreeSection,2315.0,23,5,0,61.1429,3117.0,802.0,0,1110.0,135.522,376.0,34.8696,1110.0,100.652,4.58729,10,5,1,0,0,6.59762,0.271423,0.0372528,0.225835,0.107733
aeeem,org::eclipse::pde::internal::ui::refactoring::RefactoringPluginInfo,10.0,3,1,0,45.8571,14.0,4.0,1,10.0,4.66667,4.0,1.33333,10.0,3.33333,5.4898,1,0,0,0,0,3.05459,0.00460067,0.0158218,0.103073,0.0489416
aeeem,org::eclipse::pde::internal::core::util::IdUtil,103.0,13,5,0,181.143,162.0,59.0,1,53.0,12.4615,40.0,4.53846,53.0,7.92308,97.9771,7,6,1,0,0,10.7326,0.0879251,0.0464726,0.326582,0.116528
aeeem,org::eclipse::pde::internal::ui::editor::feature::PluginDetailsSection,2.0,9,5,0,188.429,76.0,74.0,0,25.0,8.44444,26.0,8.22222,22.0,0.222222,99.1654,2,1,0,0,0,11.6158,0.0262648,0.0277551,0.30391,0.0448193
aeeem,org::eclipse::pde::internal::ui::tests::macro::ToggleStructuredCommand,-5.0,4,3,0,183.857,9.0,14.0,0,6.0,2.25,6.0,3.5,1.0,-1.25,100.286,0,0,0,0,0,4.59691,0.00251104,0.0126965,0.123336,0.0309858
aeeem,org::eclipse::pde::internal::core::target::LocationInfo,19.0,7,3,0,144.0,41.0,22.0,0,15.0,5.85714,8.0,3.14286,10.0,2.71429,20.1185,0,0,0,0,0,6.04232,0.00927538,0.0158621,0.161875,0.0314807
aeeem,org::eclipse::pde::internal::ui::nls::ExternalizeStringsWizard,80.0,9,3,0,154.857,104.0,24.0,0,45.0,11.5556,19.0,2.66667,45.0,8.88889,9.81319,2,1,0,0,0,7.63517,0.00793529,0.021174,0.208079,0.0422458
aeeem,org::eclipse::pde::internal::ui::templates::osgi::OSGiSimpleLogServiceNewWizard,-1.0,2,2,0,95.5714,3.0,4.0,1,3.0,1.5,4.0,2.0,0.0,-0.5,58.5714,2,0,0,0,0,1.56044,0.00116395,0.00803114,0.0525856,0.0247077
aeeem,org::eclipse::pde::internal::core::text::cheatsheet::simple::SimpleCSItem,-38.0,13,3,0,59.2857,463.0,501.0,0,293.0,35.6154,293.0,38.5385,293.0,-2.92308,1.1623,1,0,0,0,0,4.41258,0.0758643,0.0185832,0.138856,0.0463837
aeeem,org::eclipse::pde::internal::ui::editor::cheatsheet::simple::details::SimpleCSSubItemDetails,-246.0,24,3,0,104.286,215.0,461.0,0,27.0,8.95833,279.0,19.2083,22.0,-10.25,20.0897,19,12,0,0,0,14.5398,0.127435,0.040422,0.402685,0.0570445
aeeem,org::eclipse::pde::internal::core::builders::BuildErrorReporter,221.0,38,5,3,133.571,636.0,415.0,0,112.0,16.7368,83.0,10.9211,59.0,5.81579,33.6534,27,19,0,0,0,23.5046,0.231115,0.075255,0.666988,0.16107
aeeem,org::eclipse::pde::internal::core::schema::SchemaAttribute,29.0,34,8,2,335.286,446.0,417.0,0,243.0,13.1176,176.0,12.2647,67.0,0.852941,160.52,7,4,0,0,0,14.6883,0.0363477,0.0336094,0.378963,0.0572992
aeeem,org::eclipse::pde::internal::ui::wizards::site::NewSiteProjectCreationOperation,15.0,14,4,0,194.143,133.0,118.0,0,35.0,9.5,48.0,8.42857,12.0,1.07143,49.3136,2,2,0,0,0,12.3915,0.0321326,0.023141,0.302879,0.03448
aeeem,org::eclipse::pde::ui::launcher::OSGiLaunchConfigurationDelegate,-5.0,3,2,0,104.429,13.0,18.0,1,9.0,4.33333,16.0,6.0,2.0,-1.66667,48.9231,0,0,0,0,0,3.17013,0.00174893,0.0127699,0.0971444,0.0347434
aeeem,org::eclipse::pde::internal::core::cheatsheet::comp::CompCSModel,-5.0,3,2,0,102.0,12.0,17.0,0,11.0,4.0,17.0,5.66667,1.0,-1.66667,61.0238,2,1,0,0,0,3.0616,0.00131835,0.0123254,0.094197,0.0321877
aeeem,org::eclipse::pde::internal::core::text::cheatsheet::simple::SimpleCSPerformWhen,-4.0,9,2,0,59.2857,131.0,135.0,0,98.0,14.5556,98.0,15.0,98.0,-0.444444,0.994547,1,0,0,0,0,4.41258,0.0183996,0.0185832,0.138856,0.0463837
aeeem,org::eclipse::pde::internal::core::AbstractModelManager,102.0,8,4,0,92.5714,126.0,24.0,0,60.0,15.75,13.0,3.0,60.0,12.75,11.1236,2,2,0,0,0,8.88385,0.0341483,0.0346881,0.269441,0.0855135
aeeem,org::eclipse::pde::internal::ui::editor::schema::SchemaInputContextManager,-2.0,7,4,0,227.429,21.0,23.0,0,10.0,3.0,16.0,3.28571,10.0,-0.285714,26.0408,0,0,0,0,0,4.64887,0.00236185,0.00622749,0.107619,0.000428437
aeeem,org::eclipse::pde::internal::ui::editor::schema::SchemaSpecSection,-18.0,25,8,1,335.286,297.0,315.0,0,89.0,11.88,129.0,12.6,26.0,-0.72,162.38,3,2,0,0,0,14.8927,0.0380334,0.0334547,0.384781,0.0465649
aeeem,org::eclipse::pde::internal::core::builders::XMLErrorReporter,98.0,15,3,2,133.571,217.0,119.0,0,61.0,14.4667,65.0,7.93333,52.0,6.53333,32.6182,7,6,0,0,0,9.65979,0.0509512,0.0254201,0.261031,0.0428162
aeeem,org::eclipse::pde::internal::core::product::ProductModelFactory,51.0,14,4,0,191.143,78.0,27.0,0,13.0,5.57143,13.0,1.92857,12.0,3.64286,47.3278,1,0,0,0,0,11.4216,0.0128268,0.0238156,0.28814,0.0346645
aeeem,org::eclipse::pde::internal::ui::editor::actions::PDEActionConstants,2.0,5,4,0,110.143,5.0,3.0,0,2.0,1.0,2.0,0.6,2.0,0.4,29.6857,3,1,0,0,0,5.89435,0.00187782,0.0191113,0.169543,0.0390354
aeeem,org::eclipse::pde::internal::ui::editor::plugin::NewElementAction,-127.0,25,7,1,227.429,250.0,377.0,0,142.0,10.0,122.0,15.08,23.0,-5.08,56.7046,10,7,1,0,0,18.9709,0.142096,0.0444525,0.496521,0.0619546
aeeem,org::eclipse::pde::internal::ui::editor::schema::SchemaSourcePage,50.0,20,8,1,335.286,138.0,88.0,0,25.0,6.9,14.0,4.4,21.0,2.5,155.316,4,3,0,0,0,11.9006,0.0125231,0.0281199,0.311325,0.043412
aeeem,org::eclipse::pde::internal::ui::editor::text::PDEWordFinder,-3.0,2,2,0,92.2857,13.0,16.0,0,13.0,6.5,16.0,8.0,0.0,-1.5,58.1429,1,0,0,0,0,1.76682,0.000723311,0.0100966,0.0617154,0.0339284
aeeem,org::eclipse::pde::internal::ui::editor::ctxhelp::CtxHelpEditor,64.0,3,1,0,33.4286,72.0,8.0,0,55.0,24.0,6.0,2.66667,53.0,21.3333,11.8611,3,1,0,0,0,2.53371,0.0716073,0.0245168,0.108391,0.0989131
aeeem,org::eclipse::pde::internal::ui::nls::ExternalizeStringsLabelProvider,96.0,10,3,0,154.857,129.0,33.0,0,64.0,12.9,21.0,3.3,64.0,9.6,7.37542,1,1,0,0,0,6.30121,0.00885042,0.0166482,0.168658,0.0345068
aeeem,org::eclipse::pde::internal::ui::util::OverlayIcon,3.0,7,6,1,335.286,20.0,17.0,0,10.0,2.85714,4.0,2.42857,6.0,0.428571,134.5,0,0,0,0,0,6.41569,0.00256138,0.0163241,0.169334,0.0343568
aeeem,org::eclipse::pde::internal::ui::parts::StatusInfo,9.0,7,6,3,304.429,47.0,38.0,0,28.0,6.71429,29.0,5.42857,10.0,1.28571,192.79,0,0,0,0,0,6.90569,0.00463263,0.0177303,0.18341,0.0351024
aeeem,org::eclipse::pde::internal::core::RequiredPluginsClasspathContainer,646.0,101,7,1,313.571,1457.0,811.0,0,263.0,14.4257,103.0,8.0297,247.0,6.39604,150.749,17,14,1,0,1,31.5124,0.243971,0.0755851,0.81994,0.132906
aeeem,org::eclipse::pde::internal::ui::tests::macro::WindowCommandTarget,0.0,2,2,0,183.857,2.0,2.0,0,2.0,1.0,2.0,1.0,0.0,0.0,148.0,0,0,0,0,0,1.77712,0.000155786,0.00961856,0.0609203,0.0309529
aeeem,org::eclipse::pde::internal::ui::editor::feature::URLDetailsSection,-30.0,4,3,0,188.429,18.0,48.0,0,9.0,4.5,26.0,12.0,0.0,-7.5,80.5714,0,0,0,0,0,4.75414,0.0051871,0.0133458,0.127787,0.0339624
aeeem,org::eclipse::pde::internal::ui::editor::context::XMLInputContext,60.0,33,7,0,227.429,312.0,252.0,1,65.0,9.45454,80.0,7.63636,26.0,1.81818,124.027,7,6,0,0,0,21.0274,0.0797291,0.0557017,0.564533,0.102155
aeeem,org::eclipse::pde::internal::ui::wizards::feature::CreateFeatureProjectOperation,9.0,4,2,0,133.429,13.0,4.0,0,10.0,3.25,2.0,1.0,10.0,2.25,21.7253,2,2,0,0,0,4.69129,0.00274251,0.016422,0.137617,0.0385117
aeeem,org::eclipse::pde::internal::ui::editor::cheatsheet::simple::SimpleCSBlock,43.0,10,2,0,105.857,163.0,120.0,0,51.0,16.3,33.0,12.0,37.0,4.3,21.4733,6,3,0,0,0,10.2582,0.0629433,0.0304571,0.288809,0.0506845
aeeem,org::eclipse::pde::internal::ui::editor::plugin::ExtensionAttributePointDectector,-51.0,5,2,0,95.0,58.0,109.0,0,26.0,11.6,60.0,21.8,0.0,-10.2,31.399,3,0,0,0,0,4.46612,0.022392,0.0177016,0.137024,0.0440071
aeeem,org::eclipse::pde::internal::core::text::bundle::ExecutionEnvironment,5.0,6,4,1,143.571,9.0,4.0,0,4.0,1.5,2.0,0.666667,3.0,0.833333,54.0159,1,1,0,0,0,5.82553,0.00369887,0.0186983,0.167057,0.0380883
aeeem,org::eclipse::pde::internal::ui::editor::contentassist::TypeCompletionProposal,79.0,13,4,2,117.429,128.0,49.0,0,46.0,9.84615,17.0,3.76923,45.0,6.07692,12.1808,7,5,0,0,0,6.75539,0.0259817,0.0200421,0.188915,0.0383631
aeeem,org::eclipse::pde::internal::ui::correction::RemoveImportPackageResolution,8.0,4,3,1,150.429,15.0,7.0,1,10.0,3.75,6.0,1.75,10.0,2.0,47.819,0,0,0,0,0,3.18664,0.00238997,0.0122967,0.0957854,0.0341758
aeeem,org::eclipse::pde::internal::ui::util::TemplateFileGenerator,-41.0,4,2,0,77.1429,93.0,134.0,0,81.0,23.25,127.0,33.5,6.0,-10.25,37.5668,3,1,0,0,0,3.18918,0.0109328,0.0137916,0.100676,0.0372775
aeeem,org::eclipse::pde::internal::ui::wizards::product::TextEditUtilities,11.0,11,4,0,187.429,52.0,41.0,1,14.0,4.72727,18.0,3.72727,10.0,1.0,79.2912,1,0,0,0,0,12.2071,0.0121906,0.0308467,0.32437,0.0532799
aeeem,org::eclipse::pde::internal::ui::commands::CommandCopyFilter,6.0,3,2,0,104.857,51.0,45.0,0,47.0,17.0,41.0,15.0,6.0,2.0,66.1317,0,0,0,0,0,3.17095,0.00374129,0.0131168,0.0982862,0.0354147
aeeem,org::eclipse::pde::internal::ui::correction::UnsupportedSingletonDirectiveResolution,-2.0,3,2,0,126.571,5.0,7.0,0,3.0,1.66667,5.0,2.33333,0.0,-0.666667,55.4571,1,1,0,0,0,2.91017,0.000726555,0.0118952,0.0892507,0.0341478
aeeem,org::eclipse::pde::internal::ui::wizards::cheatsheet::RegisterSimpleCSWizardPage,14.0,3,2,0,97.4286,17.0,3.0,0,14.0,5.66667,3.0,1.0,14.0,4.66667,12.3445,1,1,0,0,0,2.97312,0.00386373,0.0125834,0.09279,0.0349721
aeeem,org::eclipse::pde::internal::core::cheatsheet::comp::CompCSTaskGroup,48.0,4,2,0,102.0,81.0,33.0,0,29.0,20.25,33.0,8.25,29.0,12.0,23.1517,2,1,0,0,0,4.38535,0.0199817,0.014945,0.127942,0.0331231
aeeem,org::eclipse::pde::internal::core::product::JREInfo,45.0,10,1,0,84.5714,272.0,227.0,1,97.0,27.2,153.0,22.7,75.0,4.5,28.0924,3,3,1,0,0,6.45747,0.048193,0.0282688,0.204077,0.0784022
aeeem,org::eclipse::pde::internal::ui::wizards::product::RemoveSplashHandlerBindingAction,25.0,3,2,0,76.0,93.0,68.0,0,47.0,31.0,64.0,22.6667,43.0,8.33333,24.6743,2,2,0,0,0,3.28852,0.0324094,0.0145152,0.104707,0.0393029
aeeem,org::eclipse::pde::internal::ui::editor::text::XMLWhitespaceDetector,-1.0,6,5,0,241.0,7.0,8.0,0,3.0,1.16667,3.0,1.33333,0.0,-0.166667,62.9592,1,1,0,0,0,5.98276,0.00211727,0.0158814,0.159804,0.0344317
aeeem,org::eclipse::pde::internal::ui::editor::SourceOutlinePage,101.0,23,7,0,227.429,232.0,131.0,0,64.0,10.087,30.0,5.69565,64.0,4.3913,99.9187,8,8,0,0,0,17.5143,0.0514387,0.0460496,0.472641,0.0761209
aeeem,org::eclipse::pde::internal::ui::editor::plugin::JavaAttributeWizard,13.0,15,6,0,227.429,166.0,153.0,0,53.0,11.0667,57.0,10.2,10.0,0.866667,101.021,4,4,0,0,0,14.7948,0.0562208,0.0322131,0.378897,0.0440326
aeeem,org::eclipse::pde::internal::core::ExtensionDeltaEvent,70.0,4,2,1,64.0,73.0,3.0,0,35.0,18.25,3.0,0.75,35.0,17.5,5.87084,3,3,0,0,0,4.56949,0.0158563,0.0189968,0.143157,0.0468358
aeeem,org::eclipse::pde::internal::core::text::bundle::FragmentHostHeader,82.0,5,2,0,151.0,86.0,4.0,0,41.0,17.2,4.0,0.8,41.0,16.4,5.54651,0,0,0,0,0,3.30831,0.00459807,0.0116346,0.0962807,0.0310383
aeeem,org::eclipse::pde::internal::ui::editor::PDEProjectionViewer,-8.0,2,2,0,92.2857,17.0,25.0,0,17.0,8.5,25.0,12.5,0.0,-4.0,58.1429,1,0,0,0,0,1.76682,0.00104755,0.0100966,0.0617154,0.0339284
aeeem,org::eclipse::pde::internal::core::build::BuildModelFactory,8.0,7,6,1,335.286,27.0,19.0,0,10.0,3.85714,8.0,2.71429,6.0,1.14286,169.429,0,0,0,0,0,6.42599,0.00318815,0.0158461,0.168539,0.0313813
aeeem,org::eclipse::pde::internal::core::PDEManager,188.0,13,4,1,154.143,254.0,66.0,0,102.0,19.5385,19.0,5.07692,102.0,14.4615,12.8639,6,6,0,0,0,11.1884,0.035529,0.0312634,0.30825,0.0527766
aeeem,org::eclipse::pde::internal::ui::editor::target::LocationDialog,12.0,14,4,1,137.143,103.0,91.0,0,36.0,7.35714,52.0,6.5,18.0,0.857143,63.9806,4,4,0,0,0,10.548,0.0410564,0.041387,0.315123,0.108195
aeeem,org::eclipse::pde::internal::ui::refactoring::PDERefactor,0.0,2,1,0,58.8571,2.0,2.0,0,2.0,1.0,2.0,1.0,0.0,0.0,24.7143,1,0,0,0,0,1.76682,9.97671e-05,0.0100966,0.0617154,0.0339284
aeeem,org::eclipse::pde::internal::ui::views::dependencies::CalleesTreeContentProvider,0.0,6,2,0,108.143,35.0,35.0,1,17.0,5.83333,14.0,5.83333,5.0,0.0,42.6857,5,4,0,0,0,4.69981,0.014336,0.0172661,0.140719,0.0394385
aeeem,org::eclipse::pde::internal::ui::editor::build::BuildPage,134.0,25,8,1,335.286,320.0,186.0,0,157.0,12.8,46.0,7.44,147.0,5.36,146.28,3,2,0,0,0,15.1891,0.0318419,0.0315176,0.383475,0.0429943
aeeem,org::eclipse::pde::internal::ui::wizards::tools::OrganizeManifestsAction,11.0,8,3,0,135.0,48.0,37.0,0,12.0,6.0,18.0,4.625,10.0,1.375,49.6696,2,1,0,0,0,10.2622,0.00936641,0.0296069,0.285643,0.0507455
aeeem,org::eclipse::pde::internal::ui::editor::cheatsheet::simple::details::SimpleCSDetails,22.0,17,2,0,104.286,126.0,104.0,0,25.0,7.41176,29.0,6.11765,20.0,1.29412,27.9819,13,6,0,0,0,14.5398,0.0419732,0.040422,0.402685,0.0570445
aeeem,org::eclipse::pde::internal::ui::editor::plugin::ManifestSourcePage,121.0,47,7,1,227.429,468.0,347.0,2,68.0,9.95745,73.0,7.38298,28.0,2.57447,118.513,16,9,2,0,0,30.6794,0.103266,0.0648958,0.783861,0.0724263
aeeem,org::eclipse::pde::internal::core::util::PropertiesUtil,83.0,15,5,0,258.857,187.0,104.0,0,72.0,12.4667,44.0,6.93333,60.0,5.53333,114.778,3,3,2,0,1,9.59117,0.0866114,0.0193115,0.238698,0.0313689
aeeem,org::eclipse::pde::internal::ui::editor::contentassist::display::HTML2TextReader,-11.0,3,2,1,110.857,56.0,67.0,0,55.0,18.6667,66.0,22.3333,0.0,-3.66667,75.3597,1,1,0,0,0,3.19189,0.0038832,0.0126634,0.097192,0.03454
aeeem,org::eclipse::pde::ui::launcher::TracingTab,215.0,15,4,0,156.571,572.0,357.0,0,388.0,38.1333,329.0,23.8,388.0,14.3333,6.12712,3,2,0,0,0,7.17094,0.0687163,0.0617708,0.284786,0.179433
aeeem,org::eclipse::pde::internal::ui::refactoring::RenamePluginProcessor,-117.0,8,2,0,79.8571,169.0,286.0,3,94.0,21.125,147.0,35.75,37.0,-14.625,15.2443,4,2,0,0,0,7.92388,0.11683,0.0339695,0.249616,0.0890377
aeeem,org::eclipse::pde::internal::ui::correction::AddDefaultExecutionEnvironmentResolution,-7.0,4,2,1,50.4286,12.0,19.0,0,8.0,3.0,15.0,4.75,0.0,-1.75,9.33333,2,0,0,0,0,4.22264,0.0117018,0.0205882,0.139582,0.0600774
aeeem,org::eclipse::pde::internal::core::ClasspathUtilCore,-590.0,103,8,2,295.429,1628.0,2218.0,0,163.0,15.8058,411.0,21.534,56.0,-5.72815,85.5675,20,19,5,3,4,21.7149,0.213269,0.0524691,0.564719,0.0970395
aeeem,org::eclipse::pde::internal::ui::editor::actions::CollapseAction,44.0,6,3,0,110.143,71.0,27.0,0,56.0,11.8333,10.0,4.5,50.0,7.33333,15.7706,7,6,0,0,0,7.75438,0.0273184,0.0238257,0.219911,0.0440835
aeeem,org::eclipse::pde::ui::templates::PluginReference,17.0,7,2,0,43.4286,39.0,22.0,0,19.0,5.57143,11.0,3.14286,8.0,2.42857,3.8315,2,0,0,0,0,3.94798,0.0214394,0.0230052,0.138502,0.0773877
aeeem,org::eclipse::pde::internal::ui::launcher::VMHelper,-47.0,15,3,0,153.429,193.0,240.0,1,40.0,12.8667,62.0,16.0,39.0,-3.13333,101.376,7,6,0,0,0,16.519,0.261632,0.0715399,0.512102,0.17467
aeeem,org::eclipse::pde::internal::ui::refactoring::BundleManifestChange,114.0,23,4,0,158.286,692.0,578.0,5,179.0,30.087,115.0,25.1304,115.0,4.95652,21.4661,7,4,0,0,0,15.8933,0.243135,0.0399908,0.421662,0.0707494
aeeem,org::eclipse::pde::internal::core::builders::SchemaTransformer,107.0,14,5,0,335.286,500.0,393.0,0,381.0,35.7143,280.0,28.0714,101.0,7.64286,214.931,8,8,1,0,0,10.4263,0.157767,0.0467653,0.327015,0.136011
aeeem,org::eclipse::pde::internal::core::natures::PDE,-6.0,3,3,0,133.571,7.0,13.0,0,6.0,2.33333,12.0,4.33333,0.0,-2.0,84.3878,1,1,0,0,0,3.19695,0.00105779,0.0118187,0.0949903,0.0312002
aeeem,org::eclipse::pde::internal::ui::views::plugins::ImportActionGroup,-32.0,5,3,0,108.143,46.0,78.0,1,20.0,9.2,31.0,15.6,0.0,-6.4,44.8416,3,3,0,0,0,6.20292,0.0194681,0.0212552,0.18202,0.0438273
aeeem,org::eclipse::pde::internal::ui::refactoring::PluginManifestChange,35.0,17,4,0,158.286,227.0,192.0,3,50.0,13.3529,68.0,11.2941,36.0,2.05882,46.5261,5,3,0,0,0,12.5129,0.0648581,0.0304389,0.33012,0.0484947
aeeem,org::eclipse::pde::internal::core::target::TargetPlugin,23.0,4,3,0,144.0,27.0,4.0,0,16.0,6.75,3.0,1.0,13.0,5.75,16.8201,1,1,0,0,0,4.50329,0.00637735,0.013768,0.126056,0.0313783
aeeem,org::eclipse::pde::internal::ui::wizards::cheatsheet::CSCategoryTrackerUtil,-1.0,2,2,0,96.0,20.0,21.0,0,20.0,10.0,21.0,10.5,0.0,-0.5,61.8571,1,1,0,0,0,1.76682,0.00102261,0.0100966,0.0617154,0.0339284
aeeem,org::eclipse::pde::internal::ui::wizards::toc::RegisterTocOperation,-34.0,3,2,0,53.1429,121.0,155.0,0,90.0,40.3333,145.0,51.6667,21.0,-11.3333,14.4616,1,0,0,0,0,3.1028,0.0177836,0.0151333,0.102465,0.0443372
aeeem,org::eclipse::pde::internal::ui::search::PluginSearchPage,-65.0,27,7,2,305.286,279.0,344.0,0,64.0,10.3333,120.0,12.7407,15.0,-2.40741,154.25,11,9,0,0,0,14.4626,0.0439601,0.034343,0.378721,0.0529775
aeeem,org::eclipse::pde::core::ModelChangedEvent,35.0,14,6,1,335.286,141.0,106.0,0,48.0,10.0714,73.0,7.57143,48.0,2.5,84.8956,0,0,0,0,0,7.46676,0.0032692,0.0170365,0.191806,0.031409
aeeem,org::eclipse::pde::internal::ui::wizards::imports::BaseImportWizardSecondPage,114.0,37,6,0,275.429,368.0,254.0,0,78.0,9.94595,49.0,6.86486,78.0,3.08108,56.6002,6,5,0,0,0,20.424,0.0224887,0.047027,0.531043,0.0679657
aeeem,org::eclipse::pde::internal::ui::views::dependencies::DependenciesViewListPage,7.0,7,2,0,108.143,62.0,55.0,1,37.0,8.85714,36.0,7.85714,34.0,1.0,38.8387,5,5,0,0,0,5.97445,0.02779,0.0201118,0.174141,0.0414715
aeeem,org::eclipse::pde::internal::ui::wizards::Category,10.0,8,7,1,335.286,51.0,41.0,0,28.0,6.375,25.0,5.125,6.0,1.25,212.451,0,0,0,0,0,6.41569,0.00363407,0.0163241,0.169334,0.0343568
aeeem,org::eclipse::pde::internal::ui::editor::plugin::ExportPackageVisibilitySection,564.0,30,6,1,180.571,928.0,364.0,0,216.0,30.9333,226.0,12.1333,216.0,18.8,47.9244,7,5,0,0,1,19.9182,0.143404,0.0468897,0.519821,0.0736369
aeeem,org::eclipse::pde::internal::ui::editor::feature::DataSection,66.0,32,7,1,335.286,472.0,406.0,0,167.0,14.75,110.0,12.6875,57.0,2.0625,117.171,4,4,1,0,1,8.67717,0.0452289,0.0225766,0.231637,0.0426041
aeeem,org::eclipse::pde::internal::ui::wizards::tools::OrganizeManifestsWizardPage,89.0,10,4,0,135.0,221.0,132.0,0,94.0,22.1,59.0,13.2,65.0,8.9,75.8093,4,2,1,0,0,11.2422,0.0865919,0.0497807,0.351129,0.140146
aeeem,org::eclipse::pde::internal::ui::editor::plugin::rows::ButtonAttributeRow,4.0,5,3,0,109.286,20.0,16.0,0,11.0,4.0,9.0,3.2,2.0,0.8,49.9,3,1,0,0,0,6.25954,0.00700953,0.0228007,0.187686,0.0484765
aeeem,org::eclipse::pde::internal::core::cheatsheet::comp::CompCSOnCompletion,-1.0,2,2,0,102.0,1.0,2.0,0,1.0,0.5,2.0,1.0,0.0,-0.5,65.8571,1,1,0,0,0,1.77712,0.000116839,0.00961856,0.0609203,0.0309529
aeeem,org::eclipse::pde::internal::ui::editor::PDEDragAdapter,9.0,4,2,0,55.1429,67.0,58.0,0,36.0,16.75,50.0,14.5,17.0,2.25,12.3667,3,1,0,0,0,3.79861,0.00847428,0.0176183,0.123344,0.0490134
aeeem,org::eclipse::pde::internal::core::TargetPlatformResetJob,5.0,7,3,2,72.5714,27.0,22.0,1,13.0,3.85714,13.0,3.14286,2.0,0.714286,20.0317,5,5,0,0,1,7.93397,0.0282886,0.0469705,0.274432,0.130102
aeeem,org::eclipse::pde::internal::ui::editor::feature::FeatureInputContext,4.0,14,7,0,227.429,63.0,59.0,0,22.0,4.5,32.0,4.21429,11.0,0.285714,114.15,3,3,0,0,0,10.1254,0.0098297,0.022639,0.260074,0.036103
aeeem,org::eclipse::pde::internal::ui::tests::macro::XMLDefaultHandler,-1.0,4,3,0,179.0,114.0,115.0,0,102.0,28.5,109.0,28.75,6.0,-0.25,133.52,0,0,0,0,0,4.68802,0.0123106,0.0163329,0.13759,0.0373153
aeeem,org::eclipse::pde::internal::ui::editor::text::PluginXMLTextHover,38.0,9,3,0,106.286,150.0,112.0,0,51.0,16.6667,63.0,12.4444,18.0,4.22222,28.0886,6,5,0,0,0,7.66405,0.0469141,0.0259251,0.224176,0.052152
aeeem,org::eclipse::pde::internal::ui::search::ClassSearchParticipant,-47.0,14,4,1,151.429,173.0,220.0,0,63.0,12.3571,110.0,15.7143,10.0,-3.35714,51.9075,6,4,0,0,0,13.4531,0.0627962,0.0344321,0.361356,0.052727
aeeem,org::eclipse::pde::internal::core::feature::IdentifiableObject,14.0,13,7,1,335.286,43.0,29.0,0,11.0,3.30769,5.0,2.23077,7.0,1.07692,101.947,0,0,0,0,0,7.6651,0.00326978,0.0172304,0.196109,0.0313991
aeeem,org::eclipse::pde::internal::ui::editor::text::PluginXMLConfiguration,9.0,9,3,0,112.286,34.0,25.0,0,17.0,3.77778,16.0,2.77778,16.0,1.0,17.4034,5,3,0,0,0,8.70673,0.016626,0.0278744,0.250397,0.0525197
aeeem,org::eclipse::pde::internal::core::plugin::AbbreviatedFragmentModel,-1.0,2,2,0,96.0,8.0,9.0,0,8.0,4.0,9.0,4.5,0.0,-0.5,59.8571,1,1,0,0,0,1.77712,0.00066209,0.00961856,0.0609203,0.0309529
aeeem,org::eclipse::pde::internal::ui::wizards::extension::NewExtensionPointWizard,23.0,13,7,1,335.286,67.0,44.0,0,20.0,5.15385,8.0,3.38462,13.0,1.76923,126.104,0,0,0,0,0,7.72196,0.00415882,0.0177746,0.198359,0.0343746
aeeem,org::eclipse::pde::internal::ui::tests::macro::MacroInstruction,0.0,2,2,0,179.0,36.0,36.0,0,36.0,18.0,36.0,18.0,0.0,0.0,143.143,0,0,0,0,0,1.77712,0.00280414,0.00961856,0.0609203,0.0309529
aeeem,org::eclipse::pde::internal::core::plugin::WorkspacePluginModelBase,3.0,30,8,1,335.286,164.0,161.0,0,51.0,5.46667,69.0,5.36667,35.0,0.1,137.362,8,8,2,2,1,15.3538,0.0200703,0.0382883,0.406026,0.0676763
aeeem,org::eclipse::pde::internal::ui::wizards::plugin::NewFragmentProjectWizard,89.0,19,7,0,240.714,174.0,85.0,0,85.0,9.15789,24.0,4.47368,76.0,4.68421,47.1034,3,3,0,0,0,11.5519,0.012874,0.0257375,0.295297,0.0444112
aeeem,org::eclipse::pde::internal::ui::editor::FormEntryAdapter,20.0,10,5,0,227.429,52.0,32.0,0,15.0,5.2,6.0,3.2,11.0,2.0,82.8819,1,1,1,0,0,8.04434,0.00814252,0.0180291,0.205054,0.0343696
aeeem,org::eclipse::pde::internal::ui::editor::plugin::PluginInputContext,11.0,20,7,0,227.429,118.0,107.0,0,25.0,5.9,33.0,5.35,12.0,0.55,75.0387,2,1,0,0,0,11.3948,0.0106076,0.0256043,0.292328,0.0433734
aeeem,org::eclipse::pde::internal::ui::correction::AppendSeperatorBuildEntryResolution,6.0,4,2,2,130.857,11.0,5.0,1,10.0,2.75,4.0,1.25,10.0,1.5,11.9091,1,1,0,0,0,3.18664,0.00254719,0.0122967,0.0957854,0.0341758
aeeem,org::eclipse::pde::internal::core::target::EnvironmentInfo,9.0,3,3,0,138.429,17.0,8.0,0,10.0,5.66667,8.0,2.66667,10.0,3.0,48.5882,0,0,0,0,0,3.19695,0.00236799,0.0118187,0.0949903,0.0312002
aeeem,org::eclipse::pde::internal::core::plugin::PluginObject,46.0,47,8,1,335.286,294.0,248.0,1,36.0,6.25532,45.0,5.2766,20.0,0.978723,154.517,6,6,1,0,0,21.2841,0.0421467,0.0474154,0.550266,0.0594687
aeeem,org::eclipse::pde::internal::ui::util::AbstractOverlayIcon,8.0,7,6,1,335.286,22.0,14.0,0,11.0,3.14286,5.0,2.0,6.0,1.14286,133.468,0,0,0,0,0,6.41569,0.00279004,0.0163241,0.169334,0.0343568
aeeem,org::eclipse::pde::internal::ui::tests::macro::ExpansionCommand,7.0,4,3,0,183.857,22.0,15.0,0,11.0,5.5,10.0,3.75,6.0,1.75,108.636,0,0,0,0,0,4.68802,0.00638537,0.0163329,0.13759,0.0373153
aeeem,org::eclipse::pde::internal::ui::editor::product::IntroSection,6.0,34,4,3,158.286,399.0,393.0,0,90.0,11.7353,71.0,11.5588,78.0,0.176471,45.0279,12,10,1,0,0,21.9232,0.123119,0.0543863,0.584304,0.0779874
aeeem,org::eclipse::pde::internal::ui::wizards::exports::ProductConfigurationSection,493.0,13,4,1,140.0,581.0,88.0,0,254.0,44.6923,73.0,6.76923,254.0,37.9231,10.5815,2,2,0,0,0,7.57679,0.0796111,0.0332838,0.232433,0.100621
aeeem,org::eclipse::pde::internal::core::BinaryRepositoryProvider,4.0,17,7,1,302.0,98.0,94.0,0,23.0,5.76471,51.0,5.52941,13.0,0.235294,130.593,2,2,0,0,0,16.9512,0.0184052,0.037431,0.43579,0.0512815
aeeem,org::eclipse::pde::internal::core::util::PatternConstructor,10.0,5,4,0,192.0,36.0,26.0,0,19.0,7.2,16.0,5.2,15.0,2.0,71.6508,0,0,0,0,0,4.83769,0.00608071,0.0132199,0.129769,0.0310415
aeeem,org::eclipse::pde::internal::ui::editor::plugin::ManifestHyperlinkDetector,28.0,16,4,0,118.143,192.0,164.0,0,47.0,12.0,48.0,10.25,40.0,1.75,19.2046,3,1,0,0,0,6.85931,0.0551981,0.0233313,0.200392,0.0496622
aeeem,org::eclipse::pde::internal::ui::views::plugins::PluginsView,97.0,13,2,0,108.143,572.0,475.0,2,186.0,44.0,278.0,36.5385,72.0,7.46154,50.7845,11,9,0,0,0,12.2608,0.163597,0.0402415,0.355605,0.076696
aeeem,org::eclipse::pde::internal::ui::tests::macro::ModifyCommand,6.0,5,3,0,183.857,22.0,16.0,0,9.0,4.4,6.0,3.2,5.0,1.2,78.2013,0,0,0,0,0,6.01575,0.00750328,0.0177997,0.167057,0.0373325
aeeem,org::eclipse::pde::internal::ui::nls::GetNonExternalizedStringsAction,157.0,10,3,0,154.0,225.0,68.0,0,93.0,22.5,34.0,6.8,93.0,15.7,11.4775,2,0,0,0,0,7.20141,0.0251372,0.020533,0.197819,0.04215
aeeem,org::eclipse::pde::internal::ui::wizards::tools::OrganizeManifestsWizard,-10.0,9,4,0,135.0,36.0,46.0,0,10.0,4.0,24.0,5.11111,10.0,-1.11111,43.4921,5,1,0,0,0,7.38898,0.0110074,0.0272732,0.219524,0.0697153
aeeem,org::eclipse::pde::internal::ui::editor::cheatsheet::comp::CompCSEditor,33.0,9,3,0,99.2857,62.0,29.0,0,22.0,6.88889,20.0,3.22222,22.0,3.66667,19.9816,5,2,0,0,0,7.48725,0.0180878,0.0263439,0.221986,0.0542926
aeeem,org::eclipse::pde::internal::ui::templates::osgi::OSGiSimpleLogServiceTemplate,-9.0,2,2,0,95.5714,16.0,25.0,1,16.0,8.0,25.0,12.5,0.0,-4.5,58.5714,2,0,0,0,0,1.56044,0.00681741,0.00803114,0.0525856,0.0247077
aeeem,org::eclipse::pde::internal::ui::editor::toc::TocInputContext,225.0,8,3,0,61.1429,356.0,131.0,0,126.0,44.5,106.0,16.375,126.0,28.125,2.66132,1,1,0,0,0,4.33338,0.036912,0.0185353,0.13686,0.0475072
aeeem,org::eclipse::pde::internal::ui::editor::feature::SynchronizeVersionsWizard,6.0,10,7,1,335.286,40.0,34.0,0,17.0,4.0,16.0,3.4,6.0,0.6,192.589,0,0,0,0,0,7.72196,0.00403033,0.0177746,0.198359,0.0343746
aeeem,org::eclipse::pde::internal::core::text::DocumentElementNode,5.0,8,2,0,56.4286,240.0,235.0,0,123.0,30.0,146.0,29.375,23.0,0.625,11.6048,5,3,0,0,0,6.83452,0.0309707,0.0344104,0.227843,0.103915
aeeem,org::eclipse::pde::internal::ui::templates::rcp::HelloRCPNewWizard,0.0,2,2,0,95.5714,2.0,2.0,1,2.0,1.0,2.0,1.0,0.0,0.0,58.5714,2,0,0,0,0,1.56044,0.000665113,0.00803114,0.0525856,0.0247077
aeeem,org::eclipse::pde::internal::core::ClasspathHelper,196.0,29,4,1,183.0,667.0,471.0,0,165.0,23.0,127.0,16.2414,117.0,6.75862,87.0685,11,9,5,2,0,21.0803,0.186623,0.0628759,0.582136,0.139766
aeeem,org::eclipse::pde::ui::launcher::EclipseApplicationLaunchConfiguration,549.0,45,5,0,156.571,1358.0,809.0,2,384.0,30.1778,241.0,17.9778,384.0,12.2,16.6716,11,10,2,1,0,23.6268,0.274109,0.0760751,0.665848,0.164834
aeeem,org::eclipse::pde::internal::ui::parts::SharedPartWithButtons,31.0,15,7,1,335.286,167.0,136.0,0,39.0,11.1333,43.0,9.06667,14.0,2.06667,196.612,4,2,0,0,0,13.5695,0.0339432,0.0346818,0.362785,0.0583595
aeeem,org::eclipse::pde::internal::ui::editor::text::AnnotationModelFactory,-1.0,5,3,1,151.429,5.0,6.0,0,2.0,1.0,2.0,1.2,0.0,-0.2,55.8286,1,1,0,0,0,5.84059,0.00131365,0.0160157,0.15795,0.0344306
aeeem,org::eclipse::pde::internal::ui::search::dependencies::DependencyExtentOperation,7.0,20,4,0,201.286,99.0,92.0,0,29.0,4.95,57.0,4.6,17.0,0.35,84.8211,7,7,0,0,0,15.769,0.0228038,0.0326852,0.398003,0.0440925
aeeem,org::eclipse::pde::internal::ui::wizards::toc::RegisterTocWizard,-3.0,2,2,0,53.1429,13.0,16.0,0,13.0,6.5,16.0,8.0,0.0,-1.5,19.0,1,0,0,0,0,1.76682,0.000723311,0.0100966,0.0617154,0.0339284
aeeem,org::eclipse::ui::internal::views::log::LogViewLabelProvider,26.0,8,1,0,49.4286,113.0,87.0,0,34.0,14.125,32.0,10.875,23.0,3.25,10.3603,6,2,1,1,0,6.62605,0.0664936,0.0595443,0.273093,0.16223
aeeem,org::eclipse::pde::core::plugin::ModelEntry,93.0,7,3,0,85.2857,127.0,34.0,0,87.0,18.1429,25.0,4.85714,87.0,13.2857,11.5861,4,3,1,0,0,6.40904,0.0218543,0.0262141,0.197824,0.0674566
aeeem,org::eclipse::pde::internal::ui::search::dialogs::PluginArtifactSearchHandler,1.0,3,2,0,39.5714,15.0,14.0,0,12.0,5.0,7.0,4.66667,5.0,0.333333,8.85714,1,0,0,0,0,2.79724,0.0081651,0.0167473,0.0993054,0.0581063
aeeem,org::eclipse::pde::internal::core::TargetWeaver,-73.0,4,3,0,20.2857,14.0,87.0,0,14.0,3.5,39.0,21.75,5.0,-18.25,0.285714,3,2,2,1,0,2.57507,0.14763,0.0473877,0.154779,0.145018
aeeem,org::eclipse::pde::internal::ui::parts::PDESourceViewer,-13.0,2,2,0,60.1429,30.0,43.0,0,30.0,15.0,43.0,21.5,0.0,-6.5,26.0,1,0,0,0,0,1.76682,0.00182075,0.0100966,0.0617154,0.0339284
aeeem,org::eclipse::pde::internal::ui::editor::plugin::ExtensionPointDetails,10.0,26,9,0,227.429,264.0,254.0,0,72.0,10.1538,104.0,9.76923,28.0,0.384615,101.446,6,4,0,0,0,20.8861,0.0775691,0.0568496,0.558893,0.114071
aeeem,org::eclipse::pde::internal::ui::templates::ide::HelloWorldCmdNewWizard,0.0,2,2,0,72.1429,2.0,2.0,0,2.0,1.0,2.0,1.0,0.0,0.0,35.1429,2,1,0,0,0,1.56044,0.000665113,0.00803114,0.0525856,0.0247077
aeeem,org::eclipse::pde::internal::ui::editor::plugin::LoopDialog,26.0,13,6,0,227.429,79.0,53.0,0,19.0,6.07692,22.0,4.07692,9.0,2.0,129.101,3,3,0,0,0,12.9005,0.0502216,0.0630367,0.400366,0.180073
aeeem,org::eclipse::pde::internal::ui::editor::plugin::MissingResourcePage,6.0,3,2,0,124.286,13.0,7.0,0,10.0,4.33333,7.0,2.33333,10.0,2.0,21.6813,2,2,0,0,0,2.8819,0.0032556,0.0118826,0.0886869,0.0341681
aeeem,org::eclipse::pde::internal::ui::editor::cheatsheet::simple::actions::SimpleCSRemoveSubStepAction,49.0,4,2,0,105.0,82.0,33.0,0,55.0,20.5,22.0,8.25,50.0,12.25,14.7422,3,2,0,0,0,3.88096,0.0193376,0.0141637,0.115222,0.0352223
aeeem,org::eclipse::pde::internal::ui::wizards::exports::BaseExportWizardPage,-55.0,79,7,1,297.571,2331.0,2386.0,0,256.0,29.5063,453.0,30.2025,132.0,-0.696202,88.0706,11,9,0,0,0,25.1599,0.369512,0.0475058,0.623979,0.0465193
aeeem,org::eclipse::pde::internal::ui::editor::site::CategoryDetailsSection,-32.0,10,4,0,194.571,106.0,138.0,0,55.0,10.6,53.0,13.8,4.0,-3.2,49.8814,2,0,0,0,0,11.7472,0.0265659,0.0271614,0.304492,0.0432682
aeeem,org::eclipse::pde::internal::ui::wizards::imports::FeatureImportOperation,28.0,23,9,2,299.429,263.0,235.0,0,59.0,11.4348,92.0,10.2174,45.0,1.21739,122.481,5,5,1,1,0,17.6967,0.0449949,0.038232,0.452861,0.04899
aeeem,org::eclipse::pde::internal::ui::editor::schema::DocSection,-52.0,42,9,3,335.286,785.0,837.0,0,242.0,18.6905,212.0,19.9286,30.0,-1.2381,86.4495,7,5,2,1,1,17.6161,0.0633596,0.0497929,0.478782,0.103828
aeeem,org::eclipse::pde::internal::ui::editor::OpenManifestAction,2.0,9,2,0,128.143,42.0,40.0,0,14.0,4.66667,28.0,4.44444,14.0,0.222222,50.9252,5,4,1,0,0,10.3507,0.0159993,0.0309332,0.291224,0.0552006
aeeem,org::eclipse::pde::internal::core::plugin::IdentifiablePluginObject,20.0,13,8,1,335.286,61.0,41.0,0,23.0,4.69231,19.0,3.15385,13.0,1.53846,207.827,3,3,0,0,0,12.0774,0.0309584,0.0328115,0.329447,0.0550302
aeeem,org::eclipse::pde::internal::ui::editor::feature::URLSection,30.0,18,6,1,335.286,515.0,485.0,0,266.0,28.6111,289.0,26.9444,83.0,1.66667,117.004,2,2,1,0,1,5.52957,0.0660646,0.014162,0.144814,0.0339688
aeeem,org::eclipse::pde::internal::ui::search::dependencies::AddNewDependenciesOperation,-33.0,14,3,0,128.429,172.0,205.0,0,85.0,12.2857,138.0,14.6429,22.0,-2.35714,57.289,8,8,0,0,0,10.135,0.0414506,0.0276096,0.277599,0.0436375
aeeem,org::eclipse::pde::internal::ui::editor::cheatsheet::simple::actions::SimpleCSRemoveStepAction,30.0,4,2,0,105.0,40.0,10.0,0,34.0,10.0,8.0,2.5,33.0,7.5,13.6643,6,5,0,0,0,3.18172,0.0114499,0.0128443,0.0976115,0.0348366
aeeem,org::eclipse::pde::internal::ui::search::dependencies::CalculateUsesOperation,-13.0,5,2,0,84.0,41.0,54.0,1,31.0,8.2,52.0,10.8,6.0,-2.6,38.3798,2,2,0,0,0,4.80854,0.00427487,0.0177362,0.144244,0.0403242
aeeem,org::eclipse::pde::internal::ui::launcher::OSGiMigrationDelegate,-4.0,3,2,0,71.5714,19.0,23.0,0,17.0,6.33333,20.0,7.66667,0.0,-1.33333,6.2406,2,2,2,0,0,3.22666,0.00917235,0.0142055,0.1026,0.0385521
aeeem,org::eclipse::pde::internal::ui::editor::ctxhelp::details::CtxHelpCommandDetails,0.0,1,1,0,33.4286,0.0,0.0,0,0.0,0.0,0.0,0.0,0.0,0.0,0.0,1,0,0,0,0,0.0,0.0,0.0,0.0,0.0
aeeem,org::eclipse::pde::internal::ui::ShowErrorInStackTraceConsoleAction,0.0,1,1,0,4.42857,0.0,0.0,0,0.0,0.0,0.0,0.0,0.0,0.0,0.0,1,1,0,0,0,0.0,0.0,0.0,0.0,0.0
aeeem,org::eclipse::pde::internal::ui::editor::AbstractFoldingStructureProvider,180.0,5,2,0,122.429,199.0,19.0,0,93.0,39.8,18.0,3.8,93.0,36.0,5.79756,1,1,0,0,0,5.51129,0.0783366,0.0164957,0.153718,0.0351456
aeeem,org::eclipse::pde::internal::ui::wizards::WizardElement,64.0,18,7,1,335.286,227.0,163.0,0,103.0,12.6111,90.0,9.05556,30.0,3.55556,119.741,0,0,0,0,0,7.72707,0.0039873,0.0182666,0.200465,0.0345265
aeeem,org::eclipse::pde::internal::ui::editor::text::ArgumentRule,-5.0,2,2,0,147.571,3.0,8.0,0,3.0,1.5,8.0,4.0,0.0,-2.5,113.429,0,0,0,0,0,1.76682,0.000274359,0.0100966,0.0617154,0.0339284
aeeem,org::eclipse::pde::internal::ui::correction::RemoveLazyLoadingDirectiveResolution,-4.0,2,2,1,36.0,5.0,9.0,0,5.0,2.5,9.0,4.5,0.0,-2.0,3.0,2,0,0,0,0,1.76682,0.000349185,0.0100966,0.0617154,0.0339284
aeeem,org::eclipse::pde::internal::ui::views::dependencies::HistoryListDialog,-26.0,6,2,0,108.143,38.0,64.0,1,34.0,6.33333,60.0,10.6667,0.0,-4.33333,68.5188,3,3,0,0,0,7.696,0.00493297,0.0241109,0.219763,0.0446766
aeeem,org::eclipse::pde::internal::ui::tests::macro::RecordAction,-4.0,4,3,0,183.857,6.0,10.0,0,3.0,1.5,4.0,2.5,0.0,-1.0,133.0,0,0,0,0,0,4.68802,0.00460385,0.0163329,0.13759,0.0373153
aeeem,org::eclipse::pde::internal::ui::tests::macro::CommandTarget,3.0,4,3,0,183.857,10.0,7.0,0,5.0,2.5,3.0,1.75,2.0,0.75,119.6,0,0,0,0,0,4.68802,0.0046428,0.0163329,0.13759,0.0373153
aeeem,org::eclipse::pde::internal::ui::search::PreviewReferenceAction,5.0,8,6,1,294.0,40.0,35.0,0,13.0,5.0,20.0,4.375,10.0,0.625,95.9214,0,0,0,0,0,6.41569,0.00371068,0.0163241,0.169334,0.0343568
aeeem,org::eclipse::pde::internal::ui::editor::target::ContentPage,12.0,5,3,0,85.4286,23.0,11.0,0,10.0,4.6,10.0,2.2,10.0,2.4,29.4472,3,1,0,0,0,6.21176,0.00809812,0.0238409,0.189499,0.0536155
aeeem,org::eclipse::pde::internal::ui::wizards::extension::BaseExtensionPointMainPage,183.0,54,10,2,335.286,1084.0,901.0,0,181.0,20.0741,140.0,16.6852,124.0,3.38889,140.557,16,16,2,1,2,25.4544,0.260607,0.0626625,0.663793,0.113747
aeeem,org::eclipse::pde::internal::ui::wizards::exports::JNLPTab,267.0,7,3,0,140.0,309.0,42.0,0,137.0,44.1429,37.0,6.0,137.0,38.1429,9.98104,1,1,0,0,0,5.93615,0.0366829,0.0162593,0.160634,0.0344716
aeeem,org::eclipse::pde::internal::core::plugin::WorkspaceExtensionsModel,-27.0,25,8,1,258.857,152.0,179.0,0,49.0,6.08,67.0,7.16,24.0,-1.08,78.625,4,4,0,0,0,13.5775,0.0187758,0.0311606,0.35167,0.0483466
aeeem,org::eclipse::pde::internal::ui::editor::text::XMLPartitionScanner,-11.0,12,6,0,241.0,25.0,36.0,0,4.0,2.08333,15.0,3.0,3.0,-0.916667,72.7657,0,0,0,0,0,7.91219,0.00353889,0.018332,0.204045,0.0344528
aeeem,org::eclipse::pde::internal::ui::nls::ModelChangeFile,79.0,7,3,0,154.857,87.0,8.0,0,32.0,12.4286,4.0,1.14286,32.0,11.2857,13.8966,0,0,0,0,0,5.82082,0.00710629,0.0158238,0.156835,0.0343625
aeeem,org::eclipse::pde::internal::core::builders::FragmentErrorReporter,-1.0,3,3,0,133.571,10.0,11.0,0,9.0,3.33333,10.0,3.66667,0.0,-0.333333,88.3,1,1,0,0,0,3.19695,0.00109674,0.0118187,0.0949903,0.0312002
aeeem,org::eclipse::pde::internal::ui::correction::UpdateClasspathResolution,10.0,5,4,0,125.286,14.0,4.0,0,10.0,2.8,2.0,0.8,10.0,2.0,18.4898,4,3,0,0,0,5.17653,0.00595518,0.0165867,0.148103,0.0332087
aeeem,org::eclipse::pde::internal::ui::editor::plugin::DependencyAnalysisSection,-39.0,29,6,1,227.429,184.0,223.0,1,35.0,6.34483,41.0,7.68966,30.0,-1.34483,64.1933,8,7,0,0,0,20.3477,0.051409,0.0420564,0.515244,0.0498127
aeeem,org::eclipse::pde::internal::core::AbstractModel,33.0,37,9,1,335.286,352.0,319.0,1,83.0,9.51351,74.0,8.62162,17.0,0.891892,139.881,5,4,2,0,1,16.8267,0.0600861,0.0387867,0.438454,0.0532943
aeeem,org::eclipse::pde::internal::ui::editor::context::ManifestDocumentSetupParticipant,59.0,7,3,0,150.0,66.0,7.0,0,26.0,9.42857,5.0,1.0,26.0,8.42857,6.27489,1,1,0,0,0,6.44121,0.00723742,0.0169367,0.172314,0.034547
aeeem,org::eclipse::pde::internal::core::PDEState,222.0,141,7,2,233.143,3012.0,2790.0,1,537.0,21.3617,656.0,19.7872,446.0,1.57447,68.9672,24,23,1,1,2,38.2013,0.532839,0.0947053,1.01253,0.152349
aeeem,org::eclipse::pde::internal::ui::editor::plugin::BlankQuery,6.0,4,3,1,131.286,16.0,10.0,0,10.0,4.0,8.0,2.5,10.0,1.5,26.875,1,0,0,0,0,3.82133,0.00219679,0.0132583,0.110934,0.0342712
aeeem,org::eclipse::pde::internal::ui::editor::cheatsheet::simple::SimpleCSMasterTreeSection,713.0,25,3,0,99.2857,1322.0,609.0,0,560.0,52.88,327.0,24.36,559.0,28.52,41.9115,16,4,0,0,0,17.1691,0.23486,0.0513953,0.48637,0.0792696
aeeem,org::eclipse::pde::internal::ui::correction::UpdateActivationResolution,17.0,3,1,0,34.2857,45.0,28.0,0,28.0,15.0,22.0,9.33333,11.0,5.66667,0.8,2,1,0,0,0,1.76682,0.00182075,0.0100966,0.0617154,0.0339284
aeeem,org::eclipse::pde::internal::core::P2Utils,261.0,14,4,0,43.8571,408.0,147.0,0,126.0,29.1429,30.0,10.5,103.0,18.6429,19.9919,11,9,1,1,0,10.3631,0.464042,0.162985,4.37129,0.404081
aeeem,org::eclipse::pde::internal::core::feature::FeatureObject,10.0,25,6,2,335.286,157.0,147.0,1,25.0,6.28,48.0,5.88,23.0,0.4,106.793,4,4,2,0,2,14.0049,0.017553,0.0337458,0.367681,0.0538737
aeeem,org::eclipse::pde::internal::core::schema::StorageSchemaDescriptor,30.0,9,6,1,294.143,72.0,42.0,0,37.0,8.0,12.0,4.66667,25.0,3.33333,101.081,0,0,0,0,0,6.42599,0.00458586,0.0158461,0.168539,0.0313813
aeeem,org::eclipse::pde::internal::ui::editor::product::FeatureSection,357.0,36,6,1,188.571,628.0,271.0,0,150.0,17.4444,92.0,7.52778,97.0,9.91667,58.167,8,7,1,1,0,19.6259,0.190629,0.0397183,0.494429,0.0454563
aeeem,org::eclipse::pde::internal::ui::editor::PDEHyperlinkDetector,-4.0,5,3,0,56.4286,20.0,24.0,0,11.0,4.0,15.0,4.8,0.0,-0.8,13.7786,2,1,0,0,0,4.00609,0.00439492,0.021282,0.135862,0.0672337
aeeem,org::eclipse::pde::internal::core::cheatsheet::comp::CompCSParam,2.0,5,3,0,102.0,17.0,15.0,0,8.0,3.4,13.0,3.0,8.0,0.4,32.1092,2,2,0,0,0,6.12275,0.00579066,0.020705,0.179163,0.04143
aeeem,org::eclipse::pde::internal::ui::editor::MultiSourceEditor,3.0,9,5,0,227.429,26.0,23.0,0,10.0,2.88889,12.0,2.55556,10.0,0.333333,60.044,0,0,0,0,0,9.46033,0.00835223,0.0199558,0.238005,0.0344704
aeeem,org::eclipse::pde::internal::ui::wizards::provisioner::update::UpdateSiteProvisionerWizard,84.0,9,3,1,88.1429,133.0,49.0,0,104.0,14.7778,29.0,5.44444,100.0,9.33333,10.247,1,1,0,0,0,4.77474,0.0309155,0.0178482,0.143885,0.0409946
aeeem,org::eclipse::pde::internal::ui::editor::context::InputContext,202.0,33,6,2,227.429,547.0,345.0,0,144.0,16.5758,125.0,10.4545,144.0,6.12121,97.2126,7,6,1,0,0,22.5908,0.100048,0.0485959,0.577493,0.0625091
aeeem,org::eclipse::pde::internal::ui::editor::ctxhelp::details::CtxHelpDescriptionDetails,0.0,1,1,0,33.4286,0.0,0.0,0,0.0,0.0,0.0,0.0,0.0,0.0,0.0,1,0,0,0,0,0.0,0.0,0.0,0.0,0.0
aeeem,org::eclipse::pde::internal::core::text::cheatsheet::simple::SimpleCSDescription,-2.0,9,2,0,59.2857,118.0,120.0,0,75.0,13.1111,75.0,13.3333,75.0,-0.222222,0.784504,1,0,0,0,0,4.41258,0.0146691,0.0185832,0.138856,0.0463837
aeeem,org::eclipse::pde::internal::ui::commands::CommandComposerDialog,40.0,16,5,0,104.286,143.0,103.0,0,56.0,8.9375,39.0,6.4375,43.0,2.5,22.3427,7,7,0,0,0,12.6552,0.0704934,0.0494605,0.381441,0.118216
aeeem,org::eclipse::pde::internal::ui::editor::ctxhelp::CtxHelpInputContextManager,0.0,1,1,0,33.4286,0.0,0.0,0,0.0,0.0,0.0,0.0,0.0,0.0,0.0,1,0,0,0,0,0.0,0.0,0.0,0.0,0.0
aeeem,org::eclipse::pde::internal::ui::editor::schema::NewReferenceAction,13.0,14,6,1,335.286,64.0,51.0,0,19.0,4.57143,19.0,3.64286,10.0,0.928571,163.783,0,0,0,0,0,8.62632,0.0111728,0.0193103,0.220689,0.0345061
aeeem,org::eclipse::pde::internal::core::builders::PDEBuilderHelper,16.0,3,1,0,51.2857,22.0,6.0,0,18.0,7.33333,6.0,2.0,18.0,5.33333,4.62338,2,0,0,0,0,3.00184,0.0124609,0.0144217,0.0987309,0.0415261
aeeem,org::eclipse::pde::internal::ui::build::FeatureExportJob,-598.0,25,5,0,170.286,125.0,723.0,0,18.0,5.0,632.0,28.92,12.0,-23.92,38.0983,7,6,1,0,0,16.4861,0.18421,0.0368685,0.426508,0.0481895
aeeem,org::eclipse::pde::internal::ui::editor::site::DescriptionSection,-200.0,20,8,0,257.429,218.0,418.0,0,56.0,10.9,245.0,20.9,31.0,-10.0,108.011,3,1,0,0,0,15.5993,0.0942299,0.0644457,0.460971,0.132967
aeeem,org::eclipse::pde::internal::ui::editor::site::SiteEditorContributor,-34.0,13,5,1,302.571,66.0,100.0,0,19.0,5.07692,39.0,7.69231,10.0,-2.61538,30.6255,0,0,0,0,0,5.61911,0.00277289,0.00791609,0.131568,0.000771417
aeeem,org::eclipse::pde::internal::ui::preferences::CompilersPreferencePage,-40.0,33,8,1,301.286,508.0,548.0,0,107.0,15.3939,302.0,16.6061,72.0,-1.21212,101.663,6,6,0,0,0,15.7601,0.0808176,0.0419628,0.420319,0.0881056
aeeem,org::eclipse::pde::internal::ui::editor::schema::AbstractSchemaDetails,690.0,30,4,0,147.0,907.0,217.0,0,271.0,30.2333,74.0,7.23333,271.0,23.0,27.359,12,8,0,0,0,15.0607,0.0872602,0.0369317,0.40016,0.0519749
aeeem,org::eclipse::pde::internal::ui::wizards::exports::AbstractExportWizardPage,52.0,5,3,0,140.0,55.0,3.0,0,26.0,11.0,2.0,0.6,26.0,10.4,4.41558,0,0,0,0,0,4.43166,0.00678225,0.0140646,0.125048,0.0342961
aeeem,org::eclipse::pde::internal::ui::wizards::PluginSelectionDialog,49.0,15,6,0,246.571,147.0,98.0,0,56.0,9.8,28.0,6.53333,55.0,3.26667,158.308,3,3,0,0,0,16.6715,0.0666542,0.0507709,0.460028,0.113029
aeeem,org::eclipse::pde::internal::ui::editor::plugin::PluginFoldingStructureProvider,159.0,5,3,0,122.429,179.0,20.0,0,83.0,35.8,14.0,4.0,83.0,31.8,7.58579,1,0,0,0,0,5.47181,0.068983,0.0187925,0.159603,0.0434048
aeeem,org::eclipse::pde::internal::ui::templates::ide::HelloWorldTemplate,-11.0,2,2,0,95.5714,21.0,32.0,1,21.0,10.5,32.0,16.0,0.0,-5.5,58.5714,2,0,0,0,0,1.56044,0.00881275,0.00803114,0.0525856,0.0247077
aeeem,org::eclipse::pde::internal::core::product::IntroInfo,2.0,3,2,0,158.286,6.0,4.0,0,5.0,2.0,3.0,1.33333,2.0,0.666667,31.5476,0,0,0,0,0,3.19311,0.00111465,0.0115453,0.0938707,0.0310536
aeeem,org::eclipse::pde::internal::ui::templates::PDETemplateSection,-2.0,7,4,0,95.5714,29.0,31.0,2,17.0,4.14286,23.0,4.42857,3.0,-0.285714,38.9261,5,3,0,0,0,8.51529,0.0134104,0.0252703,0.240457,0.0393265
aeeem,org::eclipse::pde::internal::ui::editor::text::ChangeAwareSourceViewerConfiguration,186.0,16,5,0,149.857,256.0,70.0,0,58.0,16.0,46.0,4.375,58.0,11.625,52.9375,8,5,0,0,0,12.2306,0.0636154,0.0373907,0.341364,0.0856906
aeeem,org::eclipse::pde::internal::core::ant::ExportBuildListener,0.0,3,3,0,128.143,2.0,2.0,0,1.0,0.666667,1.0,0.666667,0.0,0.0,46.3571,0,0,0,0,0,3.19695,0.000434651,0.0118187,0.0949903,0.0312002
aeeem,org::eclipse::ui::internal::views::log::Activator,3.0,3,1,0,49.4286,9.0,6.0,0,7.0,3.0,6.0,2.0,2.0,1.0,10.7778,1,0,0,0,0,2.99178,0.00142169,0.0147972,0.0994126,0.0438154
aeeem,org::eclipse::pde::internal::core::text::cheatsheet::simple::SimpleCSCommand,-43.0,9,2,0,59.2857,180.0,223.0,0,136.0,20.0,136.0,24.7778,136.0,-4.77778,0.650794,2,1,0,0,0,5.74856,0.0385455,0.0236199,0.179606,0.0567925
aeeem,org::eclipse::pde::ui::templates::NewPluginTemplateWizard,5.0,13,6,1,333.143,89.0,84.0,0,43.0,6.84615,30.0,6.46154,30.0,0.384615,68.5746,1,1,0,0,0,5.98276,0.00231681,0.0158814,0.159804,0.0344317
aeeem,org::eclipse::pde::internal::ui::editor::toc::TocContentProvider,148.0,6,2,0,61.1429,157.0,9.0,0,75.0,26.1667,6.0,1.5,75.0,24.6667,2.09736,0,0,0,0,0,4.33338,0.0183949,0.0185353,0.13686,0.0475072
aeeem,org::eclipse::pde::internal::ui::editor::target::OpenTargetProfileAction,4.0,4,2,0,138.429,12.0,8.0,0,4.0,3.0,4.0,2.0,2.0,1.0,48.9524,1,1,0,0,0,2.80367,0.00183331,0.0118505,0.0871299,0.0342397
aeeem,org::eclipse::pde::internal::runtime::spy::sections::ActivePartSection,-16.0,8,1,0,52.2857,42.0,58.0,2,10.0,5.25,18.0,7.25,9.0,-2.0,19.0714,4,2,0,0,0,5.82803,0.0377449,0.0339965,0.203738,0.111609
aeeem,org::eclipse::pde::internal::ui::editor::contentassist::XMLCompletionProposal,1176.0,32,5,1,114.857,2019.0,843.0,1,637.0,63.0937,299.0,26.3438,637.0,36.75,7.78051,18,11,1,0,0,15.4536,0.291638,0.0489108,0.439562,0.0978128
aeeem,org::eclipse::pde::ui::launcher::ConfigurationTab,272.0,19,5,0,156.571,602.0,330.0,0,394.0,31.6842,300.0,17.3684,394.0,14.3158,6.30043,4,3,0,0,0,11.3416,0.0701744,0.0720093,0.397004,0.188507
aeeem,org::eclipse::pde::internal::ui::wizards::exports::JARSigningTab,351.0,8,3,0,140.0,401.0,50.0,0,181.0,50.125,44.0,6.25,181.0,43.875,8.57214,1,1,0,0,0,5.93615,0.0478807,0.0162593,0.160634,0.0344716
aeeem,org::eclipse::pde::internal::ui::views::plugins::PluginsDragAdapter,-2.0,2,2,0,108.143,11.0,13.0,1,11.0,5.5,13.0,6.5,0.0,-1.0,74.0,1,1,0,0,0,1.76682,0.000598602,0.0100966,0.0617154,0.0339284
aeeem,org::eclipse::pde::internal::ui::tests::macro::MacroCommand,32.0,4,2,0,183.857,63.0,31.0,0,33.0,15.75,30.0,7.75,26.0,8.0,79.9728,0,0,0,0,0,4.18914,0.00642282,0.0123097,0.11457,0.0309872
aeeem,org::eclipse::pde::internal::ui::wizards::exports::FeatureExportWizardPage,189.0,43,8,1,297.571,541.0,352.0,0,87.0,12.5814,60.0,8.18605,62.0,4.39535,116.69,4,3,0,0,0,18.6835,0.0839289,0.0500737,0.497542,0.104534
aeeem,org::eclipse::pde::internal::ui::parts::SharedPart,-5.0,11,6,1,335.286,41.0,46.0,0,9.0,3.72727,16.0,4.18182,4.0,-0.454545,137.794,1,1,0,0,0,7.47927,0.00369319,0.0178894,0.194515,0.0345277
aeeem,org::eclipse::pde::internal::core::builders::ManifestConsistencyChecker,223.0,22,5,1,335.286,571.0,348.0,0,224.0,25.9545,158.0,15.8182,165.0,10.1364,249.617,11,9,0,0,1,19.2408,0.199267,0.0515753,0.525815,0.0758459
aeeem,org::eclipse::pde::internal::core::plugin::AbstractExtensionsModel,-14.0,38,7,1,258.857,161.0,175.0,0,31.0,4.23684,37.0,4.60526,21.0,-0.368421,100.646,7,7,0,0,0,19.1282,0.021781,0.0483091,0.511397,0.0728782
aeeem,org::eclipse::pde::internal::ui::editor::contentassist::XMLContentAssistText,-6.0,2,2,0,110.0,12.0,18.0,0,12.0,6.0,18.0,9.0,0.0,-3.0,75.8571,1,1,0,0,0,1.76682,0.000748253,0.0100966,0.0617154,0.0339284
aeeem,org::eclipse::pde::internal::ui::editor::cheatsheet::simple::actions::SimpleCSPreviewAction,-9.0,2,2,0,64.4286,11.0,20.0,0,11.0,5.5,20.0,10.0,0.0,-4.5,30.2857,1,0,0,0,0,1.76682,0.000773195,0.0100966,0.0617154,0.0339284
aeeem,org::eclipse::pde::internal::core::plugin::AbbreviatedPluginModel,-1.0,2,2,0,96.0,9.0,10.0,0,9.0,4.5,10.0,5.0,0.0,-0.5,59.8571,1,1,0,0,0,1.77712,0.000739983,0.00961856,0.0609203,0.0309529
aeeem,org::eclipse::pde::ui::launcher::AbstractPDELaunchConfiguration,649.0,31,3,3,155.429,911.0,262.0,2,304.0,29.3871,95.0,8.45161,304.0,20.9355,31.7155,8,8,2,1,0,21.8778,0.149945,0.0582096,0.595141,0.0896118
aeeem,org::eclipse::pde::internal::core::text::cheatsheet::simple::SimpleCSOnCompletion,2.0,9,3,0,59.2857,117.0,115.0,0,73.0,13.0,73.0,12.7778,73.0,0.222222,1.02564,1,0,0,0,0,4.41258,0.0143539,0.0185832,0.138856,0.0463837
aeeem,org::eclipse::pde::internal::core::text::bundle::BundleLocalizationHeader,62.0,4,2,0,151.0,64.0,2.0,0,31.0,16.0,2.0,0.5,31.0,15.5,3.79688,0,0,0,0,0,3.30831,0.0033968,0.0116346,0.0962807,0.0310383
aeeem,org::eclipse::pde::internal::core::feature::FeatureChild,298.0,28,7,2,331.714,525.0,227.0,0,93.0,18.75,64.0,8.10714,71.0,10.6429,69.1657,3,3,1,0,1,11.181,0.0612098,0.0210766,0.273962,0.0314436
aeeem,org::eclipse::pde::internal::ui::search::FindPluginReferencesAction,-5.0,15,6,1,305.0,78.0,83.0,0,16.0,5.2,30.0,5.53333,10.0,-0.333333,108.108,2,2,1,1,0,9.52583,0.00991359,0.0245704,0.254915,0.0427105
aeeem,org::eclipse::pde::internal::ui::wizards::cheatsheet::NewCategoryNameDialog,6.0,3,3,0,97.4286,28.0,22.0,0,18.0,9.33333,22.0,7.33333,10.0,2.0,69.9694,1,1,0,0,0,3.16218,0.0204268,0.0265681,0.126981,0.0999179
aeeem,org::eclipse::pde::internal::core::text::cheatsheet::simple::SimpleCSSubItem,-6.0,9,2,0,59.2857,154.0,160.0,0,121.0,17.1111,121.0,17.7778,121.0,-0.666667,0.538033,1,0,0,0,0,4.41258,0.0222216,0.0185832,0.138856,0.0463837
aeeem,org::eclipse::pde::internal::core::ExternalFeatureModelManager,39.0,9,5,0,187.143,93.0,54.0,0,55.0,10.3333,24.0,6.0,31.0,4.33333,67.298,2,2,0,0,0,9.94289,0.0211387,0.0213199,0.2527,0.0325755
aeeem,org::eclipse::pde::internal::ui::editor::toc::TocHTMLTitleUtil,120.0,4,2,0,59.0,145.0,25.0,0,62.0,36.25,25.0,6.25,62.0,30.0,3.90542,0,0,0,0,0,3.06228,0.00724141,0.0144289,0.099834,0.0411384
aeeem,org::eclipse::pde::internal::ui::launcher::JUnitProgramBlock,150.0,11,2,0,156.429,182.0,32.0,0,75.0,16.5455,18.0,2.90909,75.0,13.6364,16.0526,2,2,0,0,0,8.83054,0.0162402,0.0268944,0.249487,0.0499931
aeeem,org::eclipse::pde::internal::ui::preferences::OSGiFrameworkPreferencePage,-24.0,8,3,2,104.429,39.0,63.0,0,28.0,4.875,44.0,7.875,3.0,-3.0,61.1245,6,5,0,0,0,8.3733,0.00731586,0.0295396,0.248802,0.0597077
aeeem,org::eclipse::pde::internal::ui::editor::build::BuildContentsSection,130.0,28,7,1,263.429,1082.0,952.0,0,181.0,38.6429,236.0,34.0,98.0,4.64286,53.422,5,4,0,0,0,12.4038,0.066557,0.0272895,0.317891,0.0400212
aeeem,org::eclipse::pde::ui::launcher::AbstractLauncherTab,139.0,10,3,0,156.0,168.0,29.0,0,56.0,16.8,17.0,2.9,56.0,13.9,14.6463,2,2,1,1,0,7.0311,0.0277501,0.0208561,0.196161,0.0413072
aeeem,org::eclipse::pde::internal::ui::editor::product::ConfigurationSection,277.0,22,6,1,189.429,447.0,170.0,0,107.0,20.3182,58.0,7.72727,102.0,12.5909,66.4506,5,4,1,1,0,17.1585,0.136505,0.0498024,0.466646,0.115743
aeeem,org::eclipse::pde::internal::ui::search::SearchResult,13.0,14,4,1,201.286,61.0,48.0,0,19.0,4.35714,20.0,3.42857,10.0,0.928571,70.5035,3,3,0,0,0,12.1593,0.0118685,0.0291708,0.317973,0.05031
aeeem,org::eclipse::pde::internal::ui::templates::ide::EditorTemplate,-16.0,5,3,1,95.5714,26.0,42.0,1,23.0,5.2,38.0,8.4,0.0,-3.2,55.3571,4,1,0,0,0,5.95836,0.0127673,0.0220027,0.179524,0.0480746
aeeem,org::eclipse::pde::internal::ui::editor::site::CategorySection,683.0,46,8,1,302.286,1922.0,1239.0,0,460.0,41.7826,292.0,26.9348,304.0,14.8478,111.785,12,10,2,1,0,19.5813,0.0909775,0.0400437,0.492669,0.0535802
aeeem,org::eclipse::pde::internal::ui::wizards::toc::TocWizardPage,161.0,7,2,1,61.1429,221.0,60.0,0,100.0,31.5714,42.0,8.57143,100.0,23.0,2.87072,1,1,0,0,0,4.33338,0.0301244,0.0185353,0.13686,0.0475072
aeeem,org::eclipse::pde::internal::ui::samples::ShowTargetPlatformAction,-2.0,2,2,0,151.143,4.0,6.0,0,4.0,2.0,6.0,3.0,0.0,-1.0,117.0,0,0,0,0,0,1.76682,0.000249418,0.0100966,0.0617154,0.0339284
aeeem,org::eclipse::pde::internal::ui::templates::ide::ImportWizardTemplate,-29.0,3,2,0,95.5714,41.0,70.0,1,39.0,13.6667,68.0,23.3333,0.0,-9.66667,58.2578,3,0,0,0,0,2.84822,0.0195522,0.0137564,0.0939435,0.0397209
aeeem,org::eclipse::pde::internal::ui::wizards::cheatsheet::NewCSFileWizard,-3.0,2,2,0,98.0,11.0,14.0,0,11.0,5.5,14.0,7.0,0.0,-1.5,63.8571,1,1,0,0,0,1.76682,0.000623544,0.0100966,0.0617154,0.0339284
aeeem,org::eclipse::pde::internal::ui::editor::toc::TocEditor,688.0,12,5,0,61.1429,827.0,139.0,0,301.0,68.9167,98.0,11.5833,301.0,57.3333,5.90672,3,2,2,1,0,8.16874,0.116717,0.0467862,0.282248,0.147652
aeeem,org::eclipse::pde::internal::ui::editor::site::ArchivePage,36.0,21,9,1,302.571,122.0,86.0,0,42.0,5.80952,15.0,4.09524,27.0,1.71429,110.289,2,1,0,0,0,13.9202,0.014265,0.0297237,0.353593,0.0430774
aeeem,org::eclipse::pde::internal::ui::editor::feature::FeatureDependenciesPage,-3.0,12,4,0,188.429,47.0,50.0,0,14.0,3.91667,17.0,4.16667,14.0,-0.25,89.0882,4,2,0,0,0,12.0347,0.0153123,0.0273489,0.310315,0.0432495
aeeem,org::eclipse::pde::internal::ui::wizards::exports::AbstractExportTab,142.0,6,3,0,140.0,157.0,15.0,0,73.0,26.1667,12.0,2.5,73.0,23.6667,5.80983,0,0,0,0,0,4.43166,0.0191029,0.0140646,0.125048,0.0342961
aeeem,org::eclipse::pde::internal::core::text::ctxhelp::CtxHelpTopic,0.0,1,1,0,33.4286,0.0,0.0,0,0.0,0.0,0.0,0.0,0.0,0.0,0.0,1,0,0,0,0,0.0,0.0,0.0,0.0,0.0
aeeem,org::eclipse::pde::internal::ui::wizards::toc::RegisterTocWizardPage,-67.0,3,2,0,53.1429,54.0,121.0,0,38.0,18.0,68.0,40.3333,0.0,-22.3333,13.7513,1,0,0,0,0,3.1028,0.0266958,0.0151333,0.102465,0.0443372
aeeem,org::eclipse::pde::internal::core::plugin::PluginReference,41.0,18,9,1,335.286,90.0,49.0,0,26.0,5.0,20.0,2.72222,10.0,2.27778,184.081,3,3,0,0,0,11.0408,0.0176222,0.0282177,0.295952,0.044071
aeeem,org::eclipse::pde::internal::core::target::TargetJRE,10.0,3,3,0,138.429,40.0,30.0,0,30.0,13.3333,30.0,10.0,10.0,3.33333,79.4643,0,0,0,0,0,3.19695,0.00412058,0.0118187,0.0949903,0.0312002
aeeem,org::eclipse::pde::internal::ui::compare::ManifestStructureCreator,28.0,12,3,0,144.429,301.0,273.0,0,65.0,25.0833,123.0,22.75,59.0,2.33333,45.9606,8,7,0,0,0,11.7134,0.0994137,0.0307243,0.316857,0.0485117
aeeem,org::eclipse::pde::internal::core::SourceLocationKey,0.0,0,0,0,0.0,0.0,0.0,0,0.0,0.0,0.0,0.0,0.0,0.0,0.0,0,0,0,0,0,0.0,0.0,0.0,0.0,0.0
aeeem,org::eclipse::pde::internal::core::text::plugin::PluginExtensionPointNode,214.0,13,5,0,151.143,243.0,29.0,0,91.0,18.6923,10.0,2.23077,91.0,16.4615,20.1869,4,3,0,0,0,10.9599,0.0265162,0.0313406,0.304141,0.053749
aeeem,org::eclipse::pde::internal::core::plugin::ExternalFragmentModel,10.0,14,8,2,335.286,53.0,43.0,0,23.0,3.78571,15.0,3.07143,8.0,0.714286,110.288,3,3,0,0,0,9.16954,0.00276277,0.0255005,0.250493,0.0490981
aeeem,org::eclipse::pde::internal::ui::preferences::PDEPreferencesUtil,-5.0,7,3,1,153.429,11.0,16.0,0,4.0,1.57143,7.0,2.28571,1.0,-0.714286,77.3507,2,1,0,0,0,8.05292,0.00539774,0.0273475,0.234844,0.0593621
aeeem,org::eclipse::pde::internal::core::XMLCopyrightHandler,8.0,4,2,0,92.4286,16.0,8.0,0,10.0,4.0,7.0,2.0,10.0,2.0,22.0179,1,1,0,0,0,4.72501,0.00506363,0.0174237,0.141992,0.0388954
aeeem,org::eclipse::pde::internal::ui::wizards::plugin::FragmentContentPage,277.0,29,7,1,240.714,599.0,322.0,0,124.0,20.6552,72.0,11.1034,88.0,9.55172,93.6301,9,8,0,0,0,21.3934,0.163565,0.0702804,0.598217,0.160057
aeeem,org::eclipse::pde::internal::core::builders::DefaultSAXParser,1.0,3,3,0,116.143,4.0,3.0,0,2.0,1.33333,2.0,1.0,1.0,0.333333,50.0714,2,1,0,0,0,2.98342,0.00095166,0.0121054,0.091995,0.0319966
aeeem,org::eclipse::pde::internal::ui::views::dependencies::StateViewPage,128.0,12,3,0,74.0,310.0,182.0,0,141.0,25.8333,129.0,15.1667,114.0,10.6667,13.7263,9,8,1,0,1,6.56161,0.0977287,0.0426901,0.234572,0.124734
aeeem,org::eclipse::pde::internal::ui::correction::java::QuickFixProcessor,123.0,6,2,3,53.2857,177.0,54.0,0,147.0,29.5,29.0,9.0,126.0,20.5,20.3519,4,2,0,0,0,4.8424,0.0380014,0.0235928,0.159886,0.0689127
aeeem,org::eclipse::pde::internal::ui::parts::TablePart,0.0,13,6,1,335.286,48.0,48.0,0,10.0,3.69231,14.0,3.69231,4.0,0.0,163.009,2,2,0,0,0,7.47927,0.00601947,0.0178894,0.194515,0.0345277
aeeem,org::eclipse::pde::internal::ui::wizards::tools::ConvertProjectToPluginOperation,-29.0,3,2,0,46.0,22.0,51.0,1,20.0,7.33333,46.0,17.0,0.0,-9.66667,12.5065,2,1,0,0,0,2.71813,0.00530667,0.0166509,0.0972656,0.0585437
aeeem,org::eclipse::pde::internal::ui::editor::schema::SchemaElementDetails,265.0,31,4,0,147.0,474.0,209.0,0,112.0,15.2903,67.0,6.74194,112.0,8.54839,21.0199,14,10,0,0,0,19.6349,0.0727834,0.0474709,0.520849,0.0610018
aeeem,org::eclipse::pde::internal::core::text::bundle::ImportPackageHeader,80.0,13,3,1,151.143,120.0,40.0,0,38.0,9.23077,23.0,3.07692,38.0,6.15385,25.1155,1,1,0,0,0,9.61458,0.0118821,0.0245645,0.257486,0.0398557
aeeem,org::eclipse::pde::internal::ui::views::dependencies::HistoryAction,-5.0,2,2,0,108.143,6.0,11.0,1,6.0,3.0,11.0,5.5,0.0,-2.5,74.0,1,1,0,0,0,1.76682,0.00042401,0.0100966,0.0617154,0.0339284
aeeem,org::eclipse::pde::internal::core::bundle::WorkspaceBundlePluginModelBase,10.0,6,2,1,105.857,29.0,19.0,0,14.0,4.83333,17.0,3.16667,9.0,1.66667,63.2808,4,4,0,0,0,7.14634,0.00602091,0.0279957,0.218953,0.0674444
aeeem,org::eclipse::pde::internal::ui::preferences::ManifestSyntaxColorTab,112.0,15,2,0,149.143,157.0,45.0,0,61.0,10.4667,12.0,3.0,61.0,7.46667,2.64422,0,0,0,0,0,3.90631,0.0174294,0.0129506,0.111273,0.0340599
aeeem,org::eclipse::pde::internal::ui::editor::schema::FilteredSchemaAttributeSelectionDialog,73.0,3,1,0,29.2857,79.0,6.0,0,70.0,26.3333,6.0,2.0,64.0,24.3333,3.4774,3,1,0,0,0,2.34667,0.057229,0.0230259,0.100815,0.0906048
aeeem,org::eclipse::pde::internal::ui::parts::EditableTablePart,22.0,17,6,2,335.286,116.0,94.0,0,41.0,6.82353,21.0,5.52941,20.0,1.29412,109.248,0,0,0,0,0,10.5804,0.0124057,0.0212339,0.2631,0.0344622
aeeem,org::eclipse::pde::internal::ui::tests::macro::MacroManager,13.0,7,3,0,183.857,100.0,87.0,0,41.0,14.2857,44.0,12.4286,11.0,1.85714,51.4429,0,0,0,0,0,5.68119,0.0192486,0.0139209,0.147519,0.0310029
aeeem,org::eclipse::pde::internal::ui::editor::outline::QuickOutlineMouseMoveListener,-2.0,2,2,0,92.2857,16.0,18.0,0,16.0,8.0,18.0,9.0,0.0,-1.0,58.1429,1,0,0,0,0,1.76682,0.00084802,0.0100966,0.0617154,0.0339284
aeeem,org::eclipse::pde::internal::ui::launcher::PDEMigrationDelegate,7.0,3,2,0,69.0,25.0,18.0,0,17.0,8.33333,17.0,6.0,16.0,2.33333,28.9314,2,2,1,0,0,3.05459,0.00854559,0.0158218,0.103073,0.0489416
aeeem,org::eclipse::pde::internal::ui::editor::toc::TocFoldingStructureProvider,121.0,5,3,0,58.4286,139.0,18.0,0,64.0,27.8,13.0,3.6,64.0,24.2,1.18602,1,0,0,0,0,3.79659,0.0135786,0.0171074,0.122015,0.0463437
aeeem,org::eclipse::pde::internal::core::text::plugin::PluginDocumentHandler,158.0,17,4,1,151.143,319.0,161.0,0,104.0,18.7647,91.0,9.47059,72.0,9.29412,37.1738,5,4,1,0,0,10.5825,0.101182,0.0279053,0.286375,0.0457871
aeeem,org::eclipse::pde::internal::ui::correction::ChooseManifestClassResolution,13.0,9,3,1,128.286,21.0,8.0,2,10.0,2.33333,2.0,0.888889,10.0,1.44444,15.1905,1,0,0,0,0,7.87093,0.00574127,0.0237256,0.221422,0.0448888
aeeem,org::eclipse::pde::internal::ui::parts::TreePart,4.0,12,6,1,335.286,53.0,49.0,0,11.0,4.41667,15.0,4.08333,4.0,0.333333,170.819,3,2,0,0,0,8.74592,0.00856593,0.020135,0.225924,0.035025
aeeem,org::eclipse::pde::internal::core::text::plugin::PluginImportNode,291.0,10,5,0,151.143,307.0,16.0,0,131.0,30.7,12.0,1.6,131.0,29.1,11.6361,4,3,0,0,0,10.2435,0.0254333,0.0267533,0.27664,0.0424087
aeeem,org::eclipse::pde::internal::ui::preferences::TargetEnvironmentTab,748.0,20,4,0,149.143,1011.0,263.0,0,314.0,50.55,93.0,13.15,314.0,37.4,18.2035,6,5,1,0,0,14.1924,0.172599,0.0571511,0.423048,0.141875
aeeem,org::eclipse::pde::internal::core::plugin::PluginBase,31.0,63,8,3,335.286,742.0,711.0,1,85.0,11.7778,148.0,11.2857,69.0,0.492063,135.849,12,12,1,0,2,25.6709,0.0898641,0.0594045,0.667679,0.0892959
aeeem,org::eclipse::ui::internal::views::log::OpenLogDialog,-24.0,3,1,0,49.4286,216.0,240.0,0,214.0,72.0,238.0,80.0,0.0,-8.0,13.3056,1,1,1,0,0,2.99199,0.0278326,0.0602148,0.202979,0.135636
aeeem,org::eclipse::ui::internal::views::log::EventDetailsDialog,114.0,13,3,0,49.4286,491.0,377.0,0,161.0,37.7692,179.0,29.0,93.0,8.76923,13.7495,11,7,3,1,0,9.48112,0.208214,0.112639,0.457951,0.30749
aeeem,org::eclipse::pde::internal::ui::editor::product::WindowImagesSection,147.0,28,6,1,189.286,529.0,382.0,0,142.0,18.8929,117.0,13.6429,112.0,5.25,49.7132,5,4,0,0,0,18.2694,0.144068,0.0411254,0.471438,0.06048
aeeem,org::eclipse::pde::internal::ui::wizards::extension::NewExtensionWizard,26.0,15,7,1,335.286,117.0,91.0,0,28.0,7.8,22.0,6.06667,14.0,1.73333,145.156,3,2,1,0,0,9.69581,0.0192702,0.0202675,0.24347,0.0344825
aeeem,org::eclipse::pde::internal::ui::editor::contentassist::TypeContentProposalListener,-5.0,2,2,0,94.4286,4.0,9.0,0,4.0,2.0,9.0,4.5,0.0,-2.5,60.2857,1,1,0,0,0,1.76682,0.000324243,0.0100966,0.0617154,0.0339284
aeeem,org::eclipse::pde::internal::ui::editor::ctxhelp::CtxHelpInputContext,0.0,1,1,0,33.4286,0.0,0.0,0,0.0,0.0,0.0,0.0,0.0,0.0,0.0,1,0,0,0,0,0.0,0.0,0.0,0.0,0.0
aeeem,org::eclipse::pde::ui::launcher::EclipseLauncherTabGroup,23.0,7,3,1,104.429,41.0,18.0,0,24.0,5.85714,13.0,2.57143,24.0,3.28571,42.7247,2,2,1,0,0,5.78633,0.00900236,0.0284999,0.189271,0.0874103
aeeem,org::eclipse::pde::internal::ui::editor::contentassist::TypeFieldAssistDisposer,-3.0,2,2,0,94.4286,6.0,9.0,0,6.0,3.0,9.0,4.5,0.0,-1.5,60.2857,1,1,0,0,0,1.76682,0.000374126,0.0100966,0.0617154,0.0339284
aeeem,org::eclipse::pde::internal::ui::editor::cheatsheet::comp::details::CompCSDetails,60.0,14,2,0,99.2857,142.0,82.0,0,31.0,10.1429,30.0,5.85714,25.0,4.28571,21.5412,10,4,0,0,0,11.695,0.0455483,0.0346945,0.329872,0.0547592
aeeem,org::eclipse::pde::internal::core::TargetPlatformHelper,-78.0,25,5,2,85.2857,400.0,478.0,1,90.0,16.0,171.0,19.12,89.0,-3.12,39.0829,18,15,3,1,1,17.978,0.318076,0.130902,0.682371,0.312836
aeeem,org::eclipse::pde::ui::launcher::OSGiLauncherTabGroup,-11.0,2,2,0,104.429,3.0,14.0,0,3.0,1.5,14.0,7.0,0.0,-5.5,70.2857,0,0,0,0,0,1.76682,0.00042401,0.0100966,0.0617154,0.0339284
aeeem,org::eclipse::pde::internal::ui::wizards::cheatsheet::BaseCSCreationOperation,6.0,5,3,0,98.0,27.0,21.0,0,13.0,5.4,19.0,4.2,13.0,1.2,44.8677,3,1,0,0,0,6.21176,0.00545945,0.0238409,0.189499,0.0536155
aeeem,org::eclipse::pde::internal::ui::templates::ide::PropertyPageNewWizard,1.0,2,2,0,95.5714,2.0,1.0,1,2.0,1.0,1.0,0.5,1.0,0.5,58.5714,2,0,0,0,0,1.56044,0.000498835,0.00803114,0.0525856,0.0247077
aeeem,org::eclipse::pde::internal::ui::editor::text::SourceInformationProvider,-54.0,3,3,0,106.143,13.0,67.0,0,12.0,4.33333,46.0,22.3333,0.0,-18.0,67.5275,2,0,0,0,0,3.17095,0.00990829,0.0131168,0.0982862,0.0354147
aeeem,org::eclipse::pde::internal::ui::wizards::plugin::PluginFieldData,31.0,14,6,0,239.0,104.0,73.0,0,27.0,7.42857,23.0,5.21429,20.0,2.21429,95.2527,2,2,1,1,0,9.83397,0.0324253,0.0336628,0.277706,0.0945328
aeeem,org::eclipse::pde::internal::ui::editor::toc::actions::TocAddTopicAction,80.0,6,2,0,61.1429,88.0,8.0,0,41.0,14.6667,5.0,1.33333,41.0,13.3333,2.32143,0,0,0,0,0,4.33338,0.0102273,0.0185353,0.13686,0.0475072
aeeem,org::eclipse::pde::internal::runtime::registry::DiagnosticsDialog,-2.0,2,1,0,43.5714,2.0,4.0,0,2.0,1.0,4.0,2.0,0.0,-1.0,7.42857,1,0,0,0,0,1.77712,0.000233679,0.00961856,0.0609203,0.0309529
aeeem,org::eclipse::pde::ui::templates::AbstractTemplateSection,322.0,45,8,1,333.286,866.0,544.0,1,152.0,19.2444,140.0,12.0889,132.0,7.15556,147.271,13,10,0,0,0,21.4383,0.140377,0.0565068,0.574608,0.104791
aeeem,org::eclipse::pde::internal::core::text::toc::TocModel,171.0,5,2,0,59.5714,179.0,8.0,0,86.0,35.8,8.0,1.6,86.0,34.2,1.56584,0,0,0,0,0,3.71677,0.00956618,0.0160982,0.117977,0.0417074
aeeem,org::eclipse::pde::internal::ui::editor::schema::SchemaElementReferenceDetails,178.0,15,3,0,147.0,243.0,65.0,0,98.0,16.2,35.0,4.33333,98.0,11.8667,11.0864,5,3,0,0,0,14.266,0.0339881,0.0363816,0.383392,0.0529748
aeeem,org::eclipse::pde::internal::ui::editor::toc::details::TocAbstractDetails,445.0,6,3,0,61.1429,493.0,48.0,0,212.0,82.1667,47.0,8.0,212.0,74.1667,3.77021,2,1,0,0,0,5.02919,0.0529186,0.0210204,0.157739,0.0521834
aeeem,org::eclipse::pde::internal::ui::wizards::ResizableWizardDialog,0.0,5,5,0,287.143,11.0,11.0,0,4.0,2.2,5.0,2.2,1.0,0.0,170.935,0,0,0,0,0,6.41569,0.00258632,0.0163241,0.169334,0.0343568
aeeem,org::eclipse::pde::internal::ui::editor::plugin::ManifestEditorContributor,55.0,11,5,0,227.429,90.0,35.0,0,41.0,8.18182,12.0,3.18182,38.0,5.0,95.8063,2,1,0,0,0,9.33201,0.0153196,0.0209169,0.239563,0.0349649
aeeem,org::eclipse::pde::internal::ui::wizards::exports::PluginExportWizard,33.0,57,7,1,297.571,549.0,516.0,0,109.0,9.63158,108.0,9.05263,96.0,0.578947,52.1124,6,5,2,0,1,12.4237,0.0545185,0.0243526,0.308169,0.0351955
aeeem,org::eclipse::pde::internal::ui::wizards::exports::ProductExportWizardPage,-216.0,29,7,0,182.286,693.0,909.0,0,123.0,23.8966,304.0,31.3448,96.0,-7.44828,46.6689,8,5,0,0,0,21.2282,0.240194,0.0568997,0.5632,0.12549
aeeem,org::eclipse::pde::internal::core::feature::ExternalFeatureModel,30.0,8,7,1,331.0,48.0,18.0,0,23.0,6.0,6.0,2.25,23.0,3.75,177.854,2,2,0,0,0,5.99307,0.0102301,0.0154034,0.159009,0.0314562
aeeem,org::eclipse::pde::internal::ui::editor::feature::FeatureSourcePage,40.0,16,7,1,335.286,100.0,60.0,0,22.0,6.25,15.0,3.75,18.0,2.5,146.501,3,2,0,0,0,8.64184,0.0109035,0.0232514,0.233794,0.0425382
aeeem,org::eclipse::pde::internal::ui::editor::toc::TocPage,380.0,9,3,0,61.1429,485.0,105.0,0,174.0,53.8889,65.0,11.6667,174.0,42.2222,4.16789,4,1,0,0,0,5.02919,0.0571699,0.0210204,0.157739,0.0521834
aeeem,org::eclipse::pde::internal::ui::samples::SampleEditor,8.0,5,3,0,151.143,78.0,70.0,0,42.0,15.6,58.0,14.0,24.0,1.6,70.5458,0,0,0,0,0,6.13795,0.0104981,0.0171986,0.167716,0.0351556
aeeem,org::eclipse::pde::internal::ui::editor::SourceViewerConfigurationFactory,0.0,3,3,0,118.143,11.0,11.0,0,6.0,3.66667,10.0,3.66667,5.0,0.0,41.3117,2,1,0,0,0,3.03348,0.00301977,0.0123421,0.0931244,0.0344258
aeeem,org::eclipse::pde::internal::ui::search::PluginSearchActionGroup,144.0,26,8,2,305.286,320.0,176.0,0,49.0,12.3077,63.0,6.76923,49.0,5.53846,102.246,9,6,0,0,0,16.4202,0.038333,0.043035,0.44382,0.0678992
aeeem,org::eclipse::pde::internal::ui::correction::java::FindClassResolutionsOperation,0.0,2,2,1,32.4286,3.0,3.0,0,3.0,1.5,3.0,1.5,0.0,0.0,0.142857,2,1,1,0,0,1.38451,0.00119187,0.00833719,0.0492619,0.0290675
aeeem,org::eclipse::pde::internal::ui::editor::cheatsheet::simple::details::SimpleCSHelpDetails,134.0,15,2,0,104.143,341.0,207.0,0,107.0,22.7333,79.0,13.8,89.0,8.93333,30.0637,12,4,0,0,0,14.4326,0.111827,0.0419836,0.40471,0.064944
aeeem,org::eclipse::pde::internal::ui::util::PDELabelUtility,153.0,7,3,0,78.1429,205.0,52.0,0,91.0,29.2857,26.0,7.42857,91.0,21.8571,19.0132,4,4,0,0,0,5.24311,0.0390742,0.0209286,0.161915,0.0495053
aeeem,org::eclipse::pde::internal::ui::editor::plugin::ExtensionPointsSection,36.0,40,8,1,227.429,535.0,499.0,2,123.0,13.375,105.0,12.475,65.0,0.9,95.6828,14,8,0,0,0,28.2413,0.204454,0.0909502,0.790734,0.177829
aeeem,org::eclipse::pde::internal::ui::templates::rcp::IntroNewWizard,0.0,3,3,0,95.5714,9.0,9.0,1,8.0,3.0,8.0,3.0,0.0,0.0,55.3651,2,0,0,0,0,3.15995,0.00392758,0.0128029,0.0981234,0.0309004
aeeem,org::eclipse::pde::internal::core::text::plugin::FragmentModel,100.0,4,2,0,151.143,104.0,4.0,0,50.0,26.0,4.0,1.0,50.0,25.0,4.6978,0,0,0,0,0,3.30831,0.00553901,0.0116346,0.0962807,0.0310383
aeeem,org::eclipse::pde::internal::core::text::build::BuildModelFactory,64.0,6,3,0,151.143,71.0,7.0,0,33.0,11.8333,4.0,1.16667,33.0,10.6667,5.67807,0,0,0,0,0,6.23261,0.00500173,0.0160295,0.165937,0.0314611
aeeem,org::eclipse::pde::internal::ui::wizards::site::OpenProjectWizardAction,11.0,12,6,1,228.0,35.0,24.0,0,10.0,2.91667,6.0,2.0,10.0,0.916667,74.551,0,0,0,0,0,11.6303,0.00767074,0.0224593,0.286605,0.0345353
aeeem,org::eclipse::pde::internal::core::target::ImplicitDependenciesInfo,7.0,3,3,0,139.286,17.0,10.0,0,10.0,5.66667,10.0,3.33333,10.0,2.33333,49.4454,0,0,0,0,0,3.19695,0.00244588,0.0118187,0.0949903,0.0312002
aeeem,org::eclipse::pde::internal::core::TargetPDERegistryStrategy,51.0,4,2,1,54.4286,54.0,3.0,0,26.0,13.5,3.0,0.75,26.0,12.75,0.814815,3,3,0,0,0,3.18671,0.00783643,0.0147472,0.103454,0.0409306
aeeem,org::eclipse::ui::internal::views::log::ImportLogAction,17.0,6,1,0,32.0,45.0,28.0,0,18.0,7.5,14.0,4.66667,11.0,2.83333,4.02857,6,2,0,0,0,3.09661,0.0187566,0.0223085,0.117516,0.0842216
aeeem,org::eclipse::pde::internal::core::builders::ExtensionPointSchemaBuilder,17.0,11,5,0,335.286,219.0,202.0,0,175.0,19.9091,158.0,18.3636,17.0,1.54545,197.595,3,2,0,0,0,10.0211,0.0636759,0.0267333,0.272807,0.0415266
aeeem,org::eclipse::pde::internal::core::ant::PluginExportTask,5.0,7,4,0,128.143,17.0,12.0,0,8.0,2.42857,5.0,1.71429,7.0,0.714286,44.9244,3,2,0,0,0,8.99489,0.00674961,0.025235,0.248592,0.0412069
aeeem,org::eclipse::pde::internal::ui::wizards::toc::TocHTMLWizardPage,2.0,4,3,0,55.1429,22.0,20.0,0,9.0,5.5,14.0,5.0,5.0,0.5,15.7727,3,1,1,0,0,3.1764,0.00190165,0.0152252,0.104249,0.0439061
aeeem,org::eclipse::pde::internal::ui::editor::text::JavaHyperlink,-17.0,4,2,0,118.143,13.0,30.0,0,8.0,3.25,20.0,7.5,2.0,-4.25,6.59341,1,0,0,0,0,2.90397,0.0094151,0.0120073,0.0895433,0.0342557
aeeem,org::eclipse::pde::internal::ui::editor::plugin::GeneralInfoSection,-415.0,40,8,0,227.429,729.0,1144.0,0,135.0,18.225,444.0,28.6,134.0,-10.375,75.826,6,5,0,0,0,19.1818,0.133105,0.0429176,0.495106,0.0591037
aeeem,org::eclipse::pde::internal::core::bundle::BundleFragment,63.0,19,6,0,227.429,157.0,94.0,0,31.0,8.26316,48.0,4.94737,28.0,3.31579,58.9445,1,1,0,0,0,13.6031,0.017011,0.029218,0.347253,0.039576
aeeem,org::eclipse::pde::internal::ui::wizards::ListUtil,76.0,14,7,2,335.286,146.0,70.0,0,52.0,10.4286,35.0,5.0,52.0,5.42857,145.402,6,6,0,0,0,11.6447,0.0187286,0.0291366,0.31008,0.0451614
aeeem,org::eclipse::pde::internal::ui::launcher::EclipsePluginValidationOperation,91.0,5,3,0,77.4286,123.0,32.0,1,103.0,24.6,28.0,6.4,103.0,18.2,5.98026,2,2,0,0,0,6.14016,0.04396,0.0220006,0.183033,0.0463234
aeeem,org::eclipse::pde::internal::core::schema::DocumentSection,47.0,15,9,1,335.286,109.0,62.0,0,44.0,7.26667,20.0,4.13333,42.0,3.13333,198.967,3,2,0,0,0,9.08573,0.0128166,0.0333749,0.264973,0.0924546
aeeem,org::eclipse::pde::internal::ui::templates::ide::ViewTemplate,26.0,6,4,0,95.5714,106.0,80.0,1,59.0,17.6667,58.0,13.3333,23.0,4.33333,47.3086,5,1,0,0,0,5.95086,0.0550862,0.0611209,4.05042,0.0919543
aeeem,org::eclipse::pde::internal::ui::util::PluginAdapter,0.0,2,1,0,81.0,4.0,4.0,0,4.0,2.0,4.0,2.0,0.0,0.0,46.8571,1,1,0,0,0,1.76682,0.000199534,0.0100966,0.0617154,0.0339284
aeeem,org::eclipse::pde::internal::ui::wizards::site::NewSiteProjectCreationPage,-5.0,18,5,1,223.0,127.0,132.0,0,33.0,7.05556,45.0,7.33333,9.0,-0.277778,51.1507,4,4,0,0,0,12.1236,0.0117119,0.0264942,0.308463,0.0445085
aeeem,org::eclipse::pde::internal::ui::editor::target::TargetErrorDialog,32.0,4,4,0,132.286,58.0,26.0,0,39.0,14.5,26.0,6.5,13.0,8.0,84.9631,2,2,0,0,0,4.582,0.0208912,0.0287682,0.16105,0.100165
aeeem,org::eclipse::pde::internal::ui::editor::plugin::FormFilteredTree,96.0,16,5,1,106.429,152.0,56.0,0,32.0,9.5,26.0,3.5,32.0,6.0,39.2096,13,12,1,0,0,14.1196,0.0609557,0.0615506,0.439291,0.140143
aeeem,org::eclipse::pde::internal::core::ClasspathComputer,558.0,12,2,0,178.571,826.0,268.0,0,242.0,68.8333,86.0,22.3333,156.0,46.5,45.7523,3,2,1,0,0,4.49111,0.283954,0.0106319,0.114846,0.0246831
aeeem,org::eclipse::pde::internal::ui::preferences::SyntaxColorTab,573.0,16,2,0,149.143,822.0,249.0,0,293.0,51.375,60.0,15.5625,293.0,35.8125,7.71794,2,2,0,0,0,8.24327,0.0930371,0.0237354,0.228435,0.0437079
aeeem,org::eclipse::pde::internal::ui::correction::OrganizeImportPackageResolution,10.0,6,3,1,150.429,17.0,7.0,1,10.0,2.83333,3.0,1.16667,10.0,1.66667,32.2269,0,0,0,0,0,5.33086,0.00302852,0.0154462,0.146586,0.0344382
aeeem,org::eclipse::pde::internal::runtime::registry::RegistryFilteredTree,7.0,4,1,0,96.4286,36.0,29.0,0,23.0,9.0,25.0,7.25,9.0,1.75,61.6032,3,3,0,0,0,4.0222,0.00911618,0.021448,0.137003,0.0679933
aeeem,org::eclipse::pde::internal::ui::editor::validation::TextValidator,-1.0,2,2,0,83.8571,13.0,14.0,0,13.0,6.5,14.0,7.0,0.0,-0.5,49.7143,1,0,0,0,0,1.76682,0.000673428,0.0100966,0.0617154,0.0339284
aeeem,org::eclipse::pde::ui::templates::StringOption,50.0,14,8,1,333.143,147.0,97.0,0,51.0,10.5,48.0,6.92857,51.0,3.57143,110.344,1,0,0,0,0,9.37455,0.012883,0.0245399,0.251853,0.0434527
aeeem,org::eclipse::pde::internal::ui::wizards::imports::ExternalPluginLibrariesFilter,0.0,3,2,1,59.0,2.0,2.0,0,1.0,0.666667,1.0,0.666667,0.0,0.0,12.4286,1,1,0,0,0,3.01668,0.000219165,0.0141977,0.0982896,0.0404884
aeeem,org::eclipse::pde::internal::ui::elements::TreeContentProvider,14.0,7,6,1,335.286,55.0,41.0,0,38.0,7.85714,30.0,5.85714,8.0,2.0,238.678,0,0,0,0,0,6.41569,0.00405789,0.0163241,0.169334,0.0343568
aeeem,org::eclipse::pde::internal::ui::editor::plugin::BundleFoldingStructureProvider,127.0,4,2,0,122.429,144.0,17.0,0,66.0,36.0,17.0,4.25,66.0,31.75,9.25595,0,0,0,0,0,4.08622,0.0540146,0.0139289,0.118241,0.034534
aeeem,org::eclipse::pde::internal::ui::refactoring::RenameExtensionPointProcessor,-13.0,3,1,0,45.8571,36.0,49.0,1,25.0,12.0,48.0,16.3333,10.0,-4.33333,9.05159,2,1,0,0,0,3.05459,0.00710211,0.0158218,0.103073,0.0489416
aeeem,org::eclipse::pde::internal::core::text::bundle::RequireBundleHeader,237.0,15,3,0,151.143,310.0,73.0,0,98.0,20.6667,29.0,4.86667,98.0,15.8,19.8433,1,0,0,0,0,5.36088,0.0268943,0.0176093,0.153661,0.0410516
aeeem,org::eclipse::pde::internal::ui::editor::text::XMLTagScanner,30.0,18,8,0,241.0,156.0,126.0,0,24.0,8.66667,23.0,7.0,20.0,1.66667,86.6639,4,3,0,0,0,10.6649,0.0243854,0.0343736,0.299704,0.0876613
aeeem,org::eclipse::pde::internal::ui::launcher::PDELogFileProvider,3.0,3,2,0,32.0,5.0,2.0,0,3.0,1.66667,1.0,0.666667,2.0,1.0,10.4286,3,1,0,0,0,2.53244,0.00589911,0.0421089,0.14333,0.118851
aeeem,org::eclipse::pde::internal::core::plugin::PluginExtension,136.0,33,8,2,335.286,446.0,310.0,0,119.0,13.5152,110.0,9.39394,51.0,4.12121,170.02,7,7,0,0,0,14.9163,0.085654,0.0404842,0.405823,0.071277
aeeem,org::eclipse::pde::internal::ui::wizards::feature::FeatureData,22.0,10,5,1,240.714,66.0,44.0,0,29.0,6.6,11.0,4.4,18.0,2.2,44.1126,2,2,0,0,0,6.17907,0.00628248,0.0160379,0.163964,0.0343617
aeeem,org::eclipse::pde::internal::ui::editor::contentassist::display::InfoControlTextPresenter,-27.0,3,2,0,110.857,20.0,47.0,0,13.0,6.66667,30.0,15.6667,0.0,-9.0,78.8643,2,2,0,0,0,2.71813,0.0136228,0.0166509,0.0972656,0.0585437
aeeem,org::eclipse::pde::internal::ui::editor::PDEFormEditor,449.0,65,8,2,227.429,993.0,544.0,0,127.0,15.2769,156.0,8.36923,74.0,6.90769,97.9691,24,16,2,0,1,29.2299,0.169126,0.0696654,0.769653,0.0959185
aeeem,org::eclipse::pde::internal::core::FeatureTable,5.0,3,2,0,187.429,15.0,10.0,0,10.0,5.0,10.0,3.33333,10.0,1.66667,51.9524,0,0,0,0,0,3.45817,0.00247476,0.0114173,0.0979672,0.0309691
aeeem,org::eclipse::pde::internal::ui::wizards::product::ProductFromExtensionOperation,8.0,11,4,0,190.143,49.0,41.0,0,10.0,4.45455,12.0,3.72727,10.0,0.727273,74.1283,2,2,1,0,0,13.9802,0.0152014,0.0326437,0.365025,0.0468874
aeeem,org::eclipse::pde::internal::ui::correction::RemoveStaticProjectReferences,93.0,10,3,2,150.571,117.0,24.0,0,44.0,11.7,13.0,2.4,44.0,9.3,9.17094,3,3,0,0,0,5.8987,0.0184303,0.0161187,0.159399,0.0344423
aeeem,org::eclipse::pde::internal::ui::parts::WizardCheckboxTablePart,-8.0,16,7,1,335.286,72.0,80.0,0,12.0,4.5,29.0,5.0,8.0,-0.5,173.083,3,3,0,0,0,13.3046,0.0122304,0.0309848,0.346805,0.0459823
aeeem,org::eclipse::pde::internal::ui::editor::product::AboutSection,153.0,29,6,1,189.286,377.0,224.0,0,109.0,13.0,61.0,7.72414,104.0,5.27586,60.9003,7,6,0,0,0,20.0741,0.0906165,0.0445425,0.516704,0.0618206
aeeem,org::eclipse::pde::internal::ui::correction::java::JavaResolutionFactory,0.0,1,1,1,32.4286,0.0,0.0,0,0.0,0.0,0.0,0.0,0.0,0.0,0.0,1,0,0,0,0,0.0,0.0,0.0,0.0,0.0
aeeem,org::eclipse::pde::internal::ui::editor::schema::SchemaOtherAttributeDetails,0.0,1,1,0,60.1429,0.0,0.0,0,0.0,0.0,0.0,0.0,0.0,0.0,0.0,1,0,0,0,0,0.0,0.0,0.0,0.0,0.0
aeeem,org::eclipse::pde::internal::ui::refactoring::FileMoveParticipant,9.0,3,1,0,98.2857,10.0,1.0,1,10.0,3.33333,1.0,0.333333,10.0,3.0,2.85714,1,0,0,0,0,2.97312,0.00267786,0.0125834,0.09279,0.0349721
aeeem,org::eclipse::pde::internal::ui::editor::FoldingStructureProviderFactory,73.0,6,2,0,122.429,80.0,7.0,0,32.0,13.3333,5.0,1.16667,32.0,12.1667,15.6821,0,0,0,0,0,5.42019,0.0274912,0.0184547,0.157662,0.0422731
aeeem,org::eclipse::pde::internal::ui::editor::feature::FeatureSpecSection,251.0,37,8,2,335.286,1158.0,907.0,0,340.0,31.2973,294.0,24.5135,122.0,6.78378,97.0822,8,7,2,0,1,15.0525,0.105636,0.032332,0.38367,0.044481
aeeem,org::eclipse::pde::internal::ui::nls::ModelChangeLabelProvider,158.0,6,2,0,154.857,266.0,108.0,0,158.0,44.3333,87.0,18.0,158.0,26.3333,4.83942,0,0,0,0,0,3.76631,0.016594,0.0126621,0.107617,0.0340197
aeeem,org::eclipse::pde::internal::ui::editor::text::PDEMarkerAnnotationModel,1.0,3,2,1,130.857,5.0,4.0,0,4.0,1.66667,3.0,1.33333,1.0,0.333333,78.0571,1,1,0,0,0,3.18664,0.000531351,0.0122967,0.0957854,0.0341758
aeeem,org::eclipse::pde::internal::ui::wizards::cheatsheet::CSFileWizardPage,-57.0,6,3,0,98.0,37.0,94.0,1,27.0,6.16667,44.0,15.6667,4.0,-9.5,52.583,3,3,0,0,0,7.04931,0.0170527,0.0242665,0.2076,0.0484237
aeeem,org::eclipse::pde::internal::ui::editor::toc::TocBlock,276.0,9,3,0,61.1429,323.0,47.0,0,143.0,35.8889,32.0,5.22222,143.0,30.6667,4.77444,1,1,0,0,0,6.4348,0.0501229,0.0420675,0.232775,0.142203
aeeem,org::eclipse::pde::internal::ui::editor::plugin::rows::ExtensionAttributeRow,6.0,21,7,2,227.429,187.0,181.0,0,33.0,8.90476,60.0,8.61905,30.0,0.285714,107.274,7,6,2,1,0,15.6337,0.0617726,0.0365949,0.409811,0.0485056
aeeem,org::eclipse::pde::internal::core::exports::FeatureBasedExportOperation,-2.0,7,3,0,128.143,15.0,17.0,0,8.0,2.14286,8.0,2.42857,0.0,-0.285714,62.0476,2,2,0,0,0,5.77294,0.00454954,0.0192827,0.167957,0.0393903
aeeem,org::eclipse::pde::internal::ui::wizards::product::ProductDefinitonWizardPage,129.0,23,4,2,188.0,314.0,185.0,0,69.0,13.6522,66.0,8.04348,53.0,5.6087,47.8644,7,7,0,0,0,19.4171,0.06572,0.0434037,0.500895,0.0597239
aeeem,org::eclipse::pde::internal::ui::wizards::tools::OrganizeManifestsProcessor,22.0,4,3,0,58.8571,95.0,73.0,0,66.0,23.75,65.0,18.25,18.0,5.5,24.6,3,1,0,0,0,4.0521,0.0188277,0.0211768,0.136686,0.0662827
aeeem,org::eclipse::pde::internal::ui::editor::plugin::PluginExportAction,5.0,9,5,1,227.429,44.0,39.0,0,14.0,4.88889,16.0,4.33333,3.0,0.555556,51.1688,0,0,0,0,0,7.05038,0.00270547,0.0172857,0.184482,0.0344522
aeeem,org::eclipse::pde::internal::ui::elements::DefaultTableProvider,4.0,8,6,1,335.286,23.0,19.0,0,8.0,2.875,5.0,2.375,4.0,0.5,108.323,1,1,0,0,0,7.4204,0.00375206,0.017787,0.193055,0.0345158
aeeem,org::eclipse::pde::internal::ui::editor::product::OverviewPage,-1.0,35,7,1,189.571,277.0,278.0,0,50.0,7.91429,85.0,7.94286,40.0,-0.0285714,47.7602,4,1,0,0,0,22.3051,0.103651,0.0466101,0.565657,0.0577716
aeeem,org::eclipse::pde::internal::ui::editor::site::FeatureDetailsSection,-35.0,9,4,0,194.571,70.0,105.0,0,32.0,7.77778,31.0,11.6667,1.0,-3.88889,42.9,1,0,0,0,0,10.3221,0.017749,0.0245946,0.269015,0.0426566
aeeem,org::eclipse::pde::internal::ui::parts::TreeMessageDialog,5.0,3,3,0,132.286,18.0,13.0,0,10.0,6.0,13.0,4.33333,10.0,1.66667,46.3175,1,1,0,0,0,3.18664,0.00230757,0.0122967,0.0957854,0.0341758
aeeem,org::eclipse::pde::internal::ui::editor::contentassist::display::JavaDocCommentReader,-3.0,3,2,1,110.857,23.0,26.0,0,22.0,7.66667,25.0,8.66667,0.0,-1.0,73.4161,1,1,0,0,0,3.19189,0.00203751,0.0126634,0.097192,0.03454
aeeem,org::eclipse::pde::internal::ui::parts::PluginVersionPart,154.0,13,5,0,136.143,405.0,251.0,0,188.0,31.1538,212.0,19.3077,96.0,11.8462,81.5577,8,7,0,0,0,13.8673,0.116048,0.0373717,0.378464,0.0596373
aeeem,org::eclipse::pde::internal::ui::launcher::OSGiBundleBlock,855.0,19,3,0,107.857,1266.0,411.0,0,427.0,66.6316,127.0,21.6316,427.0,45.0,24.159,11,8,0,0,0,14.7275,0.41752,0.0525817,0.436739,0.116808
aeeem,org::eclipse::pde::internal::core::cheatsheet::comp::CompCSDataObject,13.0,6,3,0,102.0,29.0,16.0,0,18.0,4.83333,12.0,2.66667,16.0,2.16667,23.8473,3,3,0,0,0,7.34746,0.0111711,0.0255082,0.216974,0.0520032
aeeem,org::eclipse::pde::internal::ui::editor::cheatsheet::comp::details::CompCSEnclosingTextDetails,106.0,16,3,0,99.2857,564.0,458.0,0,249.0,35.25,174.0,28.625,189.0,6.625,29.9248,12,3,0,0,0,15.0338,0.204601,0.0434686,0.421381,0.0641002
aeeem,org::eclipse::pde::internal::ui::search::FindDeclarationsAction,-2.0,15,8,2,305.0,80.0,82.0,0,18.0,5.33333,29.0,5.46667,10.0,-0.133333,115.632,4,3,0,0,0,11.828,0.00717663,0.0298943,0.314543,0.0514655
aeeem,org::eclipse::pde::internal::ui::editor::product::ProductInputContext,15.0,9,5,0,189.571,41.0,26.0,0,13.0,4.55556,20.0,2.88889,12.0,1.66667,93.1533,2,2,0,0,0,7.94243,0.0172083,0.0264773,0.226959,0.0659365
aeeem,org::eclipse::pde::internal::core::text::build::PropertiesTextChangeListener,-32.0,8,3,1,135.571,32.0,64.0,0,16.0,4.0,52.0,8.0,12.0,-4.0,52.7589,3,2,0,0,0,7.70698,0.0169837,0.0212977,0.210719,0.0395548
aeeem,org::eclipse::pde::internal::ui::wizards::exports::PluginExportWizardPage,51.0,43,7,1,297.571,433.0,382.0,0,166.0,10.0698,168.0,8.88372,166.0,1.18605,56.8298,7,7,1,0,0,17.3833,0.0399586,0.0352337,0.436927,0.0443635
aeeem,org::eclipse::pde::internal::ui::editor::toc::TocHyperlinkDetector,-10.0,6,3,0,58.1429,30.0,40.0,0,12.0,5.0,22.0,6.66667,10.0,-1.66667,23.3905,2,0,0,0,0,4.55719,0.0140367,0.0297843,0.165512,0.102901
aeeem,org::eclipse::pde::internal::ui::launcher::TracingBlock,758.0,13,4,0,156.0,866.0,108.0,0,384.0,66.6154,59.0,8.30769,384.0,58.3077,14.1886,5,3,0,0,0,11.5477,0.185996,0.0801491,0.429205,0.153375
aeeem,org::eclipse::pde::internal::core::schema::SchemaAnnotationHandler,-7.0,5,4,0,111.0,37.0,44.0,0,20.0,7.4,22.0,8.8,2.0,-1.4,54.0695,4,3,0,0,0,3.82071,0.00611049,0.0134045,0.112153,0.0319774
aeeem,org::eclipse::pde::internal::core::feature::FeatureURLElement,43.0,15,7,1,335.286,168.0,125.0,0,68.0,11.2,57.0,8.33333,20.0,2.86667,75.5978,0,0,0,0,0,8.44052,0.00923647,0.0180467,0.213136,0.0314055
aeeem,org::eclipse::pde::internal::ui::wizards::ctxhelp::RegisterCtxHelpWizard,0.0,1,1,0,22.7143,0.0,0.0,0,0.0,0.0,0.0,0.0,0.0,0.0,0.0,1,0,0,0,0,0.0,0.0,0.0,0.0,0.0
aeeem,org::eclipse::pde::internal::core::plugin::PluginElement,87.0,32,9,2,335.286,618.0,531.0,0,196.0,19.3125,176.0,16.5937,60.0,2.71875,142.466,5,5,0,0,0,14.4493,0.115525,0.038522,0.391226,0.0658733
aeeem,org::eclipse::pde::internal::ui::PDEPluginImages,109.0,115,9,4,335.286,513.0,404.0,2,145.0,4.46087,145.0,3.51304,9.0,0.947826,177.571,34,20,0,0,0,34.2777,0.0745133,0.08304,0.90343,0.127768
aeeem,org::eclipse::pde::internal::ui::editor::plugin::FragmentGeneralInfoSection,604.0,27,6,2,181.429,795.0,191.0,0,173.0,29.4444,89.0,7.07407,173.0,22.3704,34.1743,11,9,0,0,0,19.0251,0.206434,0.0566415,0.521957,0.12471
aeeem,org::eclipse::pde::internal::ui::tests::macro::BooleanSelectionCommand,8.0,6,3,0,183.857,58.0,50.0,0,38.0,9.66667,39.0,8.33333,8.0,1.33333,114.448,0,0,0,0,0,7.2787,0.010696,0.0194086,0.196003,0.037387
aeeem,org::eclipse::pde::internal::core::text::bundle::ManifestHeader,314.0,12,3,1,151.143,452.0,138.0,0,211.0,37.6667,97.0,11.5,211.0,26.1667,12.7911,2,0,0,0,0,9.96423,0.0505664,0.0221382,0.256597,0.0325264
aeeem,org::eclipse::pde::internal::ui::editor::cheatsheet::simple::SimpleCSCommandManager,-9.0,2,2,0,70.2857,22.0,31.0,0,22.0,11.0,31.0,15.5,0.0,-4.5,36.1429,1,0,0,0,0,1.76682,0.00132191,0.0100966,0.0617154,0.0339284
aeeem,org::eclipse::ui::internal::views::log::LogFilesManager,9.0,3,1,0,32.0,15.0,6.0,0,14.0,5.0,5.0,2.0,9.0,3.0,0.847619,3,1,0,0,0,2.59113,0.00475443,0.0189386,0.0988548,0.0717567
aeeem,org::eclipse::pde::internal::core::schema::SchemaCompositor,88.0,27,7,2,335.286,250.0,162.0,0,72.0,9.25926,45.0,6.0,63.0,3.25926,135.562,1,1,0,0,0,12.4862,0.0357485,0.0239731,0.308898,0.0319584
aeeem,org::eclipse::pde::internal::ui::editor::product::ConfigurationPage,24.0,22,7,1,189.286,74.0,50.0,0,11.0,3.36364,15.0,2.27273,10.0,1.09091,58.583,3,2,1,0,0,18.6113,0.0193352,0.035641,0.461356,0.0414631
aeeem,org::eclipse::pde::internal::core::text::cheatsheet::simple::SimpleCSRepeatedSubItem,-3.0,9,2,0,59.2857,120.0,123.0,0,90.0,13.3333,90.0,13.6667,90.0,-0.333333,0.845238,1,0,0,0,0,4.41258,0.0169269,0.0185832,0.138856,0.0463837
aeeem,org::eclipse::pde::internal::ui::refactoring::PDEMoveParticipant,33.0,8,2,0,158.0,79.0,46.0,1,28.0,9.875,27.0,5.75,25.0,4.125,46.358,1,0,0,0,0,8.45639,0.0254403,0.0256181,0.237405,0.0518075
aeeem,org::eclipse::pde::internal::ui::templates::ide::PopupMenuNewWizard,1.0,2,2,0,95.5714,2.0,1.0,1,2.0,1.0,1.0,0.5,1.0,0.5,58.5714,2,0,0,0,0,1.56044,0.000498835,0.00803114,0.0525856,0.0247077
aeeem,org::eclipse::pde::internal::core::feature::WorkspaceFeatureModel,28.0,33,9,2,335.286,229.0,201.0,0,124.0,6.93939,119.0,6.09091,10.0,0.848485,138.53,6,5,2,2,1,10.912,0.0111058,0.0229503,0.276409,0.0328408
aeeem,org::eclipse::pde::internal::core::ant::BaseExportTask,26.0,7,4,0,128.143,59.0,33.0,0,21.0,8.42857,16.0,4.71429,20.0,3.71429,40.3632,2,1,1,1,0,5.88694,0.0162336,0.0172815,0.16399,0.033463
aeeem,org::eclipse::pde::internal::ui::wizards::plugin::FragmentFieldData,6.0,8,5,0,239.0,24.0,18.0,0,10.0,3.0,6.0,2.25,10.0,0.75,77.75,1,1,0,0,0,8.04434,0.00413317,0.0180291,0.205054,0.0343696
aeeem,org::eclipse::pde::internal::ui::preferences::JavaArgumentsTab,58.0,12,3,0,145.143,95.0,37.0,0,20.0,7.91667,25.0,3.08333,15.0,4.83333,36.0857,2,2,1,0,0,10.9671,0.013328,0.029566,0.298623,0.0489967
aeeem,org::eclipse::pde::internal::core::cheatsheet::comp::CompCSObject,10.0,6,3,0,102.0,64.0,54.0,0,32.0,10.6667,39.0,9.0,8.0,1.66667,43.5804,3,3,0,0,0,7.34746,0.0194567,0.0255082,0.216974,0.0520032
aeeem,org::eclipse::ui::internal::views::log::LogReader,32.0,10,1,0,49.4286,145.0,113.0,0,53.0,14.5,46.0,11.3,11.0,3.2,9.86798,8,5,1,0,0,7.31355,0.0742412,0.08507,0.353524,0.217066
aeeem,org::eclipse::pde::internal::ui::editor::feature::FeatureEditorMatchingStrategy,10.0,10,4,1,177.143,91.0,81.0,0,30.0,9.1,28.0,8.1,15.0,1.0,54.0377,3,3,0,0,0,5.6766,0.0492271,0.0152159,0.151782,0.0342409
aeeem,org::eclipse::pde::ui::launcher::AbstractPDELaunchConfigurationTabGroup,6.0,14,3,0,104.0,57.0,51.0,0,20.0,4.07143,28.0,3.64286,6.0,0.428571,43.2682,8,7,4,0,0,14.5709,0.0146003,0.0499614,0.42749,0.100945
aeeem,org::eclipse::pde::internal::ui::correction::java::UnresolvedImportFixProcessor,-172.0,7,1,5,51.1429,174.0,346.0,0,74.0,24.8571,206.0,49.4286,17.0,-24.5714,9.73153,5,4,0,0,0,5.44491,0.132699,0.0260029,0.178602,0.0743785
aeeem,org::eclipse::pde::internal::ui::templates::rcp::HelloRCPTemplate,1.0,6,4,0,95.5714,36.0,35.0,1,30.0,6.0,32.0,5.83333,3.0,0.166667,52.9246,5,2,0,0,0,7.21846,0.0140295,0.0252565,0.213975,0.0510125
aeeem,org::eclipse::pde::internal::core::schema::IncludedSchemaDescriptor,53.0,25,8,2,294.857,190.0,137.0,0,65.0,7.6,45.0,5.48,22.0,2.12,111.928,4,4,0,0,0,16.2007,0.0202574,0.0337503,0.411045,0.0411819
aeeem,org::eclipse::pde::internal::ui::wizards::templates::NewExtensionTemplateWizard,-8.0,2,2,0,95.5714,7.0,15.0,0,7.0,3.5,15.0,7.5,0.0,-4.0,61.4286,0,0,0,0,0,1.76682,0.000548719,0.0100966,0.0617154,0.0339284
aeeem,org::eclipse::pde::internal::ui::util::LocaleUtil,0.0,1,1,0,26.2857,0.0,0.0,0,0.0,0.0,0.0,0.0,0.0,0.0,0.0,1,0,0,0,0,0.0,0.0,0.0,0.0,0.0
aeeem,org::eclipse::pde::internal::ui::editor::PDEStorageDocumentProvider,-2.0,4,3,0,147.571,6.0,8.0,0,4.0,1.5,6.0,2.0,0.0,-0.5,83.0476,1,1,0,0,0,4.30172,0.00120741,0.0140827,0.122757,0.0344154
aeeem,org::eclipse::pde::internal::ui::editor::FormLayoutFactory,31.0,5,2,0,85.8571,261.0,230.0,0,153.0,52.2,168.0,46.0,40.0,6.2,31.9425,4,2,0,0,0,5.41232,0.0791077,0.0190808,0.160138,0.0409565
aeeem,org::eclipse::pde::internal::core::text::ctxhelp::CtxHelpCommand,0.0,2,2,0,33.4286,1.0,1.0,0,1.0,0.5,1.0,0.5,0.0,0.0,24.4286,2,1,0,0,0,1.17006,0.0047838,0.0214698,0.068961,0.0747353
aeeem,org::eclipse::pde::internal::core::text::cheatsheet::simple::SimpleCSDocumentTextNode,-1.0,4,2,0,58.4286,56.0,57.0,0,51.0,14.0,51.0,14.25,51.0,-0.25,1.9898,1,0,0,0,0,3.11109,0.010836,0.0141444,0.100341,0.038692
aeeem,org::eclipse::pde::internal::core::bundle::WorkspaceBundleFragmentModel,-1.0,2,2,0,105.857,1.0,2.0,0,1.0,0.5,2.0,1.0,0.0,-0.5,69.7143,0,0,0,0,0,1.77712,0.000116839,0.00961856,0.0609203,0.0309529
aeeem,org::eclipse::pde::internal::ui::editor::build::BuildUtil,-1.0,5,4,0,263.429,6.0,7.0,0,4.0,1.2,4.0,1.4,0.0,-0.2,98.2381,1,1,0,0,0,5.98276,0.00249539,0.0158814,0.159804,0.0344317
aeeem,org::eclipse::pde::internal::ui::wizards::plugin::ContentPage,-204.0,42,8,0,239.0,496.0,700.0,0,153.0,11.8095,239.0,16.6667,37.0,-4.85714,54.5207,13,12,0,0,0,21.4581,0.0642518,0.0637418,0.581607,0.133499
aeeem,org::eclipse::pde::internal::core::site::SiteArchive,12.0,15,7,1,302.571,63.0,51.0,0,10.0,4.2,8.0,3.4,10.0,0.8,92.4603,1,1,0,0,0,8.61561,0.00588812,0.0185048,0.218097,0.0315224
aeeem,org::eclipse::pde::internal::core::FileAdapter,21.0,18,8,1,335.286,90.0,69.0,0,26.0,5.0,26.0,3.83333,10.0,1.16667,119.943,2,2,1,0,0,10.8383,0.0130349,0.0255975,0.283314,0.0397602
aeeem,org::eclipse::pde::internal::runtime::registry::RegistryBrowserContentProvider,4.0,3,2,0,381.0,4.0,0.0,0,4.0,1.33333,0.0,0.0,4.0,1.33333,0.571429,0,0,0,0,0,0.0,0.0,0.0,0.0,0.0
aeeem,org::eclipse::pde::internal::runtime::PDERuntimePluginImages,15.0,5,2,0,381.0,53.0,38.0,0,39.0,10.6,34.0,7.6,6.0,3.0,1.91914,0,0,0,0,0,0.0,0.0,0.0,0.0,0.0
aeeem,org::eclipse::pde::internal::ui::views::dependencies::CallersListContentProvider,-1.0,3,2,0,108.143,16.0,17.0,1,12.0,5.33333,9.0,5.66667,4.0,-0.333333,43.25,2,2,0,0,0,3.18918,0.00637149,0.0137916,0.100676,0.0372775
aeeem,org::eclipse::pde::internal::ui::editor::product::ProductEditor,92.0,30,6,0,191.143,199.0,107.0,0,41.0,6.63333,34.0,3.56667,33.0,3.06667,58.7078,8,5,1,0,0,25.7875,0.0554843,0.0573407,0.665477,0.0753838
aeeem,org::eclipse::pde::internal::ui::editor::cheatsheet::comp::details::CompCSConclusionTextListener,34.0,7,2,0,98.0,73.0,39.0,0,35.0,10.4286,26.0,5.57143,33.0,4.85714,37.2094,5,3,0,0,0,7.49997,0.0186025,0.0249391,0.218402,0.0482189
aeeem,org::eclipse::pde::internal::ui::templates::ide::BaseEditorTemplate,0.0,3,3,0,95.5714,3.0,3.0,1,2.0,1.0,2.0,1.0,0.0,0.0,48.9524,2,0,0,0,0,3.15995,0.00193225,0.0128029,0.0981234,0.0309004
aeeem,org::eclipse::pde::internal::core::text::plugin::PluginObjectNode,600.0,29,5,0,151.143,729.0,129.0,1,239.0,25.1379,42.0,4.44828,239.0,20.6897,30.9688,9,8,1,0,0,18.3841,0.118152,0.0629858,0.533019,0.133062
aeeem,org::eclipse::pde::internal::core::target::AdditionalDirectory,9.0,4,3,0,137.143,15.0,6.0,0,10.0,3.75,5.0,1.5,10.0,2.25,33.4667,0,0,0,0,0,4.70143,0.00253436,0.0140134,0.130576,0.0313757
aeeem,org::eclipse::pde::ui::templates::OptionTemplateSection,230.0,22,8,2,333.286,745.0,515.0,0,263.0,33.8636,148.0,23.4091,115.0,10.4545,43.4,2,2,0,0,0,10.0676,0.0132674,0.0216434,0.255266,0.0353943
aeeem,org::eclipse::pde::internal::core::util::PDETextHelper,374.0,8,3,0,104.286,584.0,210.0,0,191.0,73.0,120.0,26.25,188.0,46.75,14.3733,9,8,0,0,0,9.50502,0.153059,0.0295029,0.271362,0.0517031
aeeem,org::eclipse::pde::internal::ui::templates::ide::SplashHandlersTemplate,-30.0,8,2,0,77.1429,101.0,131.0,0,63.0,12.625,109.0,16.375,15.0,-3.75,26.9661,7,3,0,0,0,6.43978,0.0509811,0.0234888,0.193447,0.0497552
aeeem,org::eclipse::pde::internal::ui::editor::toc::TocFormOutlinePage,183.0,5,2,0,60.2857,207.0,24.0,0,93.0,41.4,22.0,4.8,93.0,36.6,3.31608,0,0,0,0,0,3.70646,0.0105719,0.0165762,0.118772,0.0446829
aeeem,org::eclipse::pde::internal::ui::editor::ctxhelp::details::CtxHelpRemoveAction,0.0,1,1,0,33.4286,0.0,0.0,0,0.0,0.0,0.0,0.0,0.0,0.0,0.0,1,0,0,0,0,0.0,0.0,0.0,0.0,0.0
aeeem,org::eclipse::pde::internal::ui::templates::ide::MultiPageEditorNewWizard,-1.0,2,2,0,95.5714,2.0,3.0,1,2.0,1.0,3.0,1.5,0.0,-0.5,58.5714,2,0,0,0,0,1.56044,0.000831391,0.00803114,0.0525856,0.0247077
aeeem,org::eclipse::pde::internal::runtime::registry::PluginAdapter,0.0,1,1,0,20.0,0.0,0.0,0,0.0,0.0,0.0,0.0,0.0,0.0,0.0,1,0,0,0,0,0.0,0.0,0.0,0.0,0.0
aeeem,org::eclipse::pde::internal::ui::editor::actions::ActionMenu,-3.0,2,2,0,56.1429,4.0,7.0,0,4.0,2.0,7.0,3.5,0.0,-1.5,22.0,1,0,0,0,0,1.76682,0.000274359,0.0100966,0.0617154,0.0339284
aeeem,org::eclipse::pde::internal::core::text::plugin::XMLTextChangeListener,244.0,15,5,1,129.429,399.0,155.0,1,68.0,26.6,70.0,10.3333,66.0,16.2667,35.7744,6,4,0,0,0,13.1185,0.0783298,0.0364959,0.362249,0.0566518
aeeem,org::eclipse::pde::internal::ui::compare::PluginContentMergeViewer,13.0,4,2,0,59.0,27.0,14.0,0,18.0,6.75,12.0,3.5,17.0,3.25,8.60317,2,2,0,0,0,3.70646,0.00243002,0.0165762,0.118772,0.0446829
aeeem,org::eclipse::pde::internal::ui::editor::plugin::MatchSection,-202.0,30,7,0,227.429,428.0,630.0,0,117.0,14.2667,231.0,21.0,30.0,-6.73333,57.474,4,2,0,0,0,17.7108,0.0719932,0.0363678,0.44627,0.0471804
aeeem,org::eclipse::pde::internal::ui::editor::JarEntryFile,22.0,10,4,1,204.0,47.0,25.0,0,13.0,4.7,14.0,2.5,10.0,2.2,58.8723,0,0,0,0,0,8.96317,0.00662557,0.0193884,0.226889,0.034476
aeeem,org::eclipse::pde::internal::core::JavaElementChangeListener,45.0,15,5,0,196.571,122.0,77.0,0,29.0,8.13333,34.0,5.13333,19.0,3.0,67.8677,3,3,0,0,0,13.1509,0.0207257,0.0302388,0.342488,0.0415576
aeeem,org::eclipse::pde::ui::launcher::AbstractLaunchShortcut,86.0,7,2,0,104.429,137.0,51.0,1,74.0,19.5714,31.0,7.28571,73.0,12.2857,12.7768,2,2,1,0,0,4.57971,0.0265213,0.0178985,0.139678,0.0447211
aeeem,org::eclipse::pde::internal::runtime::spy::handlers::SpyHandler,10.0,4,1,0,52.4286,19.0,9.0,0,8.0,4.75,7.0,2.25,7.0,2.5,17.5188,1,0,0,0,0,4.41398,0.00769759,0.0288568,0.161044,0.101736
aeeem,org::eclipse::pde::internal::ui::editor::cheatsheet::comp::CompCSPage,45.0,10,3,0,99.2857,120.0,75.0,0,29.0,12.0,48.0,7.5,29.0,4.5,26.8655,8,3,0,0,0,11.6432,0.0370385,0.0355701,0.331159,0.0592109
aeeem,org::eclipse::pde::internal::ui::templates::osgi::HelloOSGiServiceNewWizard,-1.0,2,2,0,95.5714,3.0,4.0,1,3.0,1.5,4.0,2.0,0.0,-0.5,58.5714,2,0,0,0,0,1.56044,0.00116395,0.00803114,0.0525856,0.0247077
aeeem,org::eclipse::pde::internal::ui::wizards::exports::ProductDestinationGroup,240.0,10,3,0,140.0,273.0,33.0,0,125.0,27.3,24.0,3.3,125.0,24.0,5.87075,0,0,0,0,0,4.43166,0.0336631,0.0140646,0.125048,0.0342961
aeeem,org::eclipse::pde::internal::ui::search::FindReferencesAction,10.0,21,9,2,305.0,92.0,82.0,0,16.0,4.38095,31.0,3.90476,10.0,0.47619,143.0,5,3,0,0,0,14.3549,0.015804,0.0362026,0.381548,0.0620639
aeeem,org::eclipse::pde::internal::ui::wizards::exports::FeatureExportWizard,84.0,67,8,2,297.571,659.0,575.0,0,107.0,9.83582,182.0,8.58209,88.0,1.25373,58.0098,11,9,1,0,1,16.4773,0.0605071,0.0462515,0.442735,0.106144
aeeem,org::eclipse::pde::internal::ui::elements::ElementLabelProvider,8.0,6,6,1,335.286,34.0,26.0,0,17.0,5.66667,15.0,4.33333,6.0,1.33333,200.097,0,0,0,0,0,6.41569,0.0033242,0.0163241,0.169334,0.0343568
aeeem,org::eclipse::pde::internal::core::util::PDEXMLHelper,76.0,7,4,0,116.143,90.0,14.0,1,44.0,12.8571,13.0,2.0,44.0,10.8571,52.9079,2,0,0,0,0,6.74569,0.0221565,0.0244919,0.202465,0.0506472
aeeem,org::eclipse::pde::internal::ui::editor::ModelDataTransfer,5.0,11,7,1,335.286,46.0,41.0,0,13.0,4.18182,18.0,3.72727,4.0,0.454545,155.776,1,1,0,0,0,7.47927,0.00449419,0.0178894,0.194515,0.0345277
aeeem,org::eclipse::pde::internal::core::ModelProviderEvent,7.0,8,6,1,335.286,52.0,45.0,0,31.0,6.5,31.0,5.625,6.0,0.875,217.591,1,1,1,0,0,6.42599,0.00439841,0.0158461,0.168539,0.0313813
aeeem,org::eclipse::pde::internal::ui::properties::CompilersPropertyPage,-54.0,15,5,0,201.0,180.0,234.0,0,85.0,12.0,118.0,15.6,4.0,-3.6,150.579,4,4,0,0,0,15.2441,0.120521,0.0741358,0.474406,0.191705
aeeem,org::eclipse::pde::internal::ui::launcher::RunWorkbenchAction,-1.0,7,5,0,227.857,17.0,18.0,0,7.0,2.42857,9.0,2.57143,1.0,-0.142857,115.252,1,1,0,0,0,7.38607,0.00305409,0.0185547,0.195233,0.0352467
aeeem,org::eclipse::pde::internal::ui::preferences::EditorPreferencePage,64.0,38,7,1,326.571,902.0,838.0,0,276.0,23.7368,303.0,22.0526,224.0,1.68421,168.697,2,2,0,0,0,13.8243,0.208582,0.0284788,0.347748,0.0409902
aeeem,org::eclipse::pde::internal::core::build::BuildModel,14.0,14,7,1,335.286,137.0,123.0,0,61.0,9.78571,51.0,8.78571,10.0,1.0,106.508,2,2,0,0,1,8.50394,0.0110983,0.021538,0.225042,0.0419609
aeeem,org::eclipse::pde::internal::ui::views::dependencies::CalleesContentProvider,65.0,7,2,0,108.143,119.0,54.0,1,52.0,17.0,21.0,7.71429,31.0,9.28571,38.0936,7,6,0,0,0,6.94439,0.0436568,0.0236384,0.203728,0.0467882
aeeem,org::eclipse::pde::internal::ui::editor::schema::SchemaPreviewLauncher,32.0,3,3,0,70.0,40.0,8.0,0,37.0,13.3333,8.0,2.66667,37.0,10.6667,2.82143,2,0,0,0,0,3.22666,0.009322,0.0142055,0.1026,0.0385521
aeeem,org::eclipse::pde::internal::ui::tests::macro::MacroPlugin,2.0,4,3,0,183.857,39.0,37.0,0,28.0,9.75,28.0,9.25,2.0,0.5,124.077,0,0,0,0,0,4.68802,0.00754102,0.0163329,0.13759,0.0373153
aeeem,org::eclipse::pde::internal::ui::editor::contentassist::TypeContentProposal,-1.0,2,2,0,94.4286,7.0,8.0,0,7.0,3.5,8.0,4.0,0.0,-0.5,60.2857,1,1,0,0,0,1.76682,0.000374126,0.0100966,0.0617154,0.0339284
aeeem,org::eclipse::pde::internal::ui::correction::RemoveExportPackageResolution,7.0,4,3,1,150.429,16.0,9.0,1,10.0,4.0,8.0,2.25,10.0,1.75,52.0982,0,0,0,0,0,3.18664,0.00246479,0.0122967,0.0957854,0.0341758
aeeem,org::eclipse::pde::internal::ui::correction::RemoveBuildEntryResolution,6.0,4,2,2,130.857,11.0,5.0,1,10.0,2.75,4.0,1.25,10.0,1.5,11.9091,1,1,0,0,0,3.18664,0.00254719,0.0122967,0.0957854,0.0341758
aeeem,org::eclipse::pde::internal::ui::editor::product::BrandingPage,46.0,24,7,0,189.571,112.0,66.0,0,34.0,4.66667,19.0,2.75,34.0,1.91667,44.4732,3,1,0,0,0,19.6689,0.0412643,0.0394019,0.493295,0.0471602
aeeem,org::eclipse::pde::internal::ui::editor::plugin::ManifestOutlinePage,5.0,13,5,0,227.429,68.0,63.0,0,18.0,5.23077,16.0,4.84615,18.0,0.384615,53.8655,1,1,0,0,0,12.2006,0.0154827,0.0233267,0.300266,0.0345879
aeeem,org::eclipse::pde::internal::ui::parts::ComboPart,76.0,18,5,2,227.429,131.0,55.0,0,28.0,7.27778,20.0,3.05556,18.0,4.22222,109.435,7,6,0,0,0,18.2442,0.0269151,0.0420687,0.474248,0.0612386
aeeem,org::eclipse::pde::ui::templates::RadioChoiceOption,18.0,6,2,0,137.143,48.0,30.0,0,17.0,8.0,14.0,5.0,17.0,3.0,17.2708,1,1,0,0,0,3.98647,0.00718052,0.013313,0.114134,0.0341759
aeeem,org::eclipse::pde::internal::core::PDEClasspathContainer,153.0,35,6,0,225.286,406.0,253.0,0,112.0,11.6,46.0,7.22857,68.0,4.37143,65.3638,7,6,2,0,0,19.5417,0.0992967,0.051806,0.521461,0.102926
aeeem,org::eclipse::pde::internal::ui::launcher::LaunchArgumentsHelper,564.0,33,5,0,155.714,796.0,232.0,1,225.0,24.1212,80.0,7.0303,225.0,17.0909,30.9934,12,12,2,0,0,22.5021,0.148818,0.0665303,0.623315,0.115857
aeeem,org::eclipse::pde::internal::ui::wizards::imports::PluginImportWizard,18.0,53,8,1,335.286,603.0,585.0,0,82.0,11.3774,93.0,11.0377,53.0,0.339623,140.258,12,9,3,0,2,17.2611,0.103528,0.0407386,0.450399,0.0662453
aeeem,org::eclipse::pde::internal::core::product::ProductPlugin,4.0,12,5,0,191.143,42.0,38.0,0,10.0,3.5,13.0,3.16667,10.0,0.333333,54.4354,3,3,0,0,0,11.3834,0.0120414,0.0261054,0.294949,0.0397964
aeeem,org::eclipse::pde::internal::ui::compare::PluginStructureCreator,-2.0,5,4,0,59.0,43.0,45.0,0,26.0,8.6,37.0,9.0,7.0,-0.4,20.4917,4,3,1,1,0,5.20137,0.0101639,0.0319316,0.18445,0.106445
aeeem,org::eclipse::pde::internal::ui::editor::ctxhelp::details::CtxHelpTopicDetails,0.0,1,1,0,33.4286,0.0,0.0,0,0.0,0.0,0.0,0.0,0.0,0.0,0.0,1,0,0,0,0,0.0,0.0,0.0,0.0,0.0
aeeem,org::eclipse::pde::internal::ui::wizards::plugin::NewLibraryPluginCreationPage,93.0,31,5,0,182.0,352.0,259.0,0,94.0,11.3548,68.0,8.35484,84.0,3.0,103.049,17,14,0,0,0,25.5219,0.255267,0.116361,0.784625,0.275399
aeeem,org::eclipse::pde::internal::core::PluginModelManager,748.0,137,9,5,335.286,2209.0,1461.0,1,577.0,16.1241,416.0,10.6642,161.0,5.45985,182.492,32,31,6,4,5,33.6659,0.373898,0.115257,0.958309,0.222775
aeeem,org::eclipse::pde::internal::ui::correction::RemoveSeperatorBuildEntryResolution,6.0,4,2,2,130.857,11.0,5.0,1,10.0,2.75,4.0,1.25,10.0,1.5,11.9091,1,1,0,0,0,3.18664,0.00254719,0.0122967,0.0957854,0.0341758
aeeem,org::eclipse::pde::internal::ui::nls::ExternalizeStringsWizardPage,1111.0,34,4,4,154.857,1678.0,567.0,0,563.0,49.3529,132.0,16.6765,563.0,32.6765,9.12728,7,5,1,0,0,17.0216,0.147613,0.0396755,0.445294,0.0554328
aeeem,org::eclipse::pde::internal::ui::editor::product::ProductInfoSection,537.0,49,7,4,189.571,935.0,398.0,1,148.0,19.0816,101.0,8.12245,143.0,10.9592,84.8982,13,9,0,0,0,29.4386,0.205533,0.0772426,0.787112,0.142391
aeeem,org::eclipse::pde::internal::core::schema::SchemaType,17.0,11,7,1,335.286,50.0,33.0,0,18.0,4.54545,16.0,3.0,7.0,1.54545,166.054,1,1,0,0,0,7.6507,0.00564825,0.0206492,0.206349,0.0419545
aeeem,org::eclipse::pde::internal::ui::PixelConverter,0.0,1,1,0,21.0,0.0,0.0,0,0.0,0.0,0.0,0.0,0.0,0.0,0.0,1,1,0,0,0,0.0,0.0,0.0,0.0,0.0
aeeem,org::eclipse::pde::internal::core::text::bundle::BundleVendorHeader,62.0,4,2,0,151.0,64.0,2.0,0,31.0,16.0,2.0,0.5,31.0,15.5,3.79688,0,0,0,0,0,3.30831,0.0033968,0.0116346,0.0962807,0.0310383
aeeem,org::eclipse::pde::internal::ui::editor::contentassist::display::BrowserInformationControl,-36.0,6,3,1,110.857,132.0,168.0,0,118.0,22.0,148.0,28.0,2.0,-6.0,70.2013,3,1,0,0,0,5.5393,0.0141319,0.0218939,0.168267,0.0596035
aeeem,org::eclipse::pde::internal::core::build::WorkspaceBuildModel,5.0,19,7,1,335.286,136.0,131.0,0,91.0,7.15789,99.0,6.89474,6.0,0.263158,127.958,2,2,1,1,1,7.27922,0.00572058,0.0167348,0.187232,0.0313877
aeeem,org::eclipse::pde::internal::core::schema::SchemaAttributeHandler,-8.0,4,3,0,111.0,34.0,42.0,0,23.0,8.5,26.0,10.5,0.0,-2.0,52.0588,3,3,0,0,0,3.82071,0.00564721,0.0134045,0.112153,0.0319774
aeeem,org::eclipse::pde::internal::ui::wizards::imports::PluginImportWizardDetailedPage,222.0,92,8,1,335.286,1806.0,1584.0,0,254.0,19.6304,500.0,17.2174,162.0,2.41304,128.619,31,23,2,2,3,25.1591,0.153394,0.0570972,0.651419,0.0818436
aeeem,org::eclipse::pde::internal::ui::views::dependencies::DependenciesViewTreePage,17.0,6,2,0,108.143,55.0,38.0,1,35.0,9.16667,30.0,6.33333,34.0,2.83333,46.4416,5,5,0,0,0,5.97445,0.014591,0.0201118,0.174141,0.0414715
aeeem,org::eclipse::pde::internal::ui::editor::text::AbstractHyperlink,10.0,3,2,0,118.0,12.0,2.0,0,10.0,4.0,2.0,0.666667,10.0,3.33333,57.4286,1,0,0,0,0,3.36633,0.00643543,0.0148684,0.107253,0.0401211
aeeem,org::eclipse::pde::internal::ui::commands::CommandComposerPart,57.0,15,4,0,104.286,174.0,117.0,0,36.0,11.6,44.0,7.8,30.0,3.8,23.7135,7,7,0,0,0,11.2702,0.0482636,0.032511,0.315381,0.0492514
aeeem,org::eclipse::pde::internal::ui::editor::plugin::ExtensionLabelProvider,204.0,2,1,0,36.0,204.0,0.0,0,204.0,102.0,0.0,0.0,204.0,102.0,0.0,0,0,0,0,0,1.77712,0.00794508,0.00961856,0.0609203,0.0309529
aeeem,org::eclipse::pde::internal::ui::editor::schema::SchemaEditor,173.0,47,7,3,335.286,675.0,502.0,0,135.0,14.3617,134.0,10.6809,65.0,3.68085,131.094,10,4,0,0,0,21.903,0.0728744,0.0468823,0.561237,0.0531828
aeeem,org::eclipse::pde::internal::ui::correction::CreateManifestClassResolution,11.0,11,3,2,128.286,30.0,19.0,2,10.0,2.72727,5.0,1.72727,10.0,1.0,29.6762,3,3,0,0,0,9.28127,0.00749144,0.0270432,0.259052,0.0470338
aeeem,org::eclipse::pde::internal::ui::tests::macro::WaitCommand,5.0,7,3,0,183.857,38.0,33.0,0,15.0,5.42857,11.0,4.71429,8.0,0.714286,85.2707,0,0,0,0,0,7.26436,0.0113311,0.0191685,0.19472,0.0373481
aeeem,org::eclipse::pde::internal::ui::editor::schema::NewClassCreationWizard,134.0,7,3,0,147.0,164.0,30.0,0,63.0,23.4286,20.0,4.28571,59.0,19.1429,44.3206,3,2,0,0,0,5.62327,0.0181486,0.0178333,0.159459,0.0401097
aeeem,org::eclipse::pde::internal::core::BundleValidationOperation,-14.0,3,2,0,77.4286,12.0,26.0,0,11.0,4.0,14.0,8.66667,0.0,-4.66667,38.0238,1,1,0,0,0,3.19948,0.00543121,0.0133136,0.0998805,0.034302
aeeem,org::eclipse::pde::internal::core::target::Target,413.0,20,3,2,144.857,549.0,136.0,1,179.0,27.45,48.0,6.8,178.0,20.65,11.1283,2,2,0,0,0,10.0124,0.103746,0.0220595,0.257273,0.0322708
aeeem,org::eclipse::ui::internal::views::log::Group,8.0,3,1,0,40.5714,13.0,5.0,0,8.0,4.33333,4.0,1.66667,7.0,2.66667,13.4615,2,1,0,0,0,2.98374,0.00476133,0.02022,0.110513,0.0736421
aeeem,org::eclipse::ui::internal::views::log::LogEntry,-12.0,5,1,0,49.4286,75.0,87.0,0,43.0,15.0,38.0,17.4,9.0,-2.4,8.60762,3,2,1,0,0,5.55124,0.0441936,0.0263191,0.181891,0.0745964
aeeem,org::eclipse::pde::internal::ui::editor::feature::FeatureFormPage,210.0,19,8,1,335.286,387.0,177.0,0,254.0,20.3684,45.0,9.31579,218.0,11.0526,152.426,3,1,0,0,0,14.3708,0.0562636,0.0333241,0.372883,0.0525525
aeeem,org::eclipse::pde::internal::ui::search::PluginSearchResultPage,24.0,11,5,0,201.286,68.0,44.0,1,19.0,6.18182,27.0,4.0,10.0,2.18182,92.6323,5,3,0,0,0,10.9766,0.0144924,0.0250545,0.284577,0.0372108
aeeem,org::eclipse::pde::internal::ui::editor::target::TargetEditorContributor,-1.0,2,2,0,144.857,1.0,2.0,0,1.0,0.5,2.0,1.0,0.0,-0.5,110.714,0,0,0,0,0,1.76682,7.48253e-05,0.0100966,0.0617154,0.0339284
aeeem,org::eclipse::pde::internal::ui::editor::contentassist::XMLContentAssistProcessor,1435.0,35,5,0,114.857,2229.0,794.0,1,589.0,63.6857,236.0,22.6857,589.0,41.0,13.3504,19,12,0,0,0,17.9211,0.354262,0.0585588,0.516434,0.115377
aeeem,org::eclipse::pde::internal::ui::tests::macro::RecordBlock,-5.0,4,3,0,183.857,15.0,20.0,0,12.0,3.75,13.0,5.0,0.0,-1.25,142.0,0,0,0,0,0,4.68802,0.0054815,0.0163329,0.13759,0.0373153
aeeem,org::eclipse::pde::internal::ui::editor::text::BundleHyperlink,0.0,1,1,0,118.0,0.0,0.0,0,0.0,0.0,0.0,0.0,0.0,0.0,0.0,1,0,0,0,0,0.0,0.0,0.0,0.0,0.0
aeeem,org::eclipse::pde::internal::ui::launcher::OSGiFrameworkManager,-13.0,2,2,0,104.429,28.0,41.0,0,28.0,14.0,41.0,20.5,0.0,-6.5,70.2857,0,0,0,0,0,1.76682,0.00172098,0.0100966,0.0617154,0.0339284
aeeem,org::eclipse::pde::internal::ui::templates::PDETemplateMessages,21.0,7,5,0,95.5714,48.0,27.0,1,15.0,6.85714,18.0,3.85714,14.0,3.0,39.9375,7,2,0,0,0,7.36317,0.0725297,0.079909,4.11741,0.151176
aeeem,org::eclipse::pde::internal::ui::refactoring::RenamePluginWizard,-1.0,3,1,0,79.8571,6.0,7.0,1,4.0,2.0,5.0,2.33333,0.0,-0.333333,41.8095,2,0,0,0,0,2.98148,0.00205524,0.0152753,0.100208,0.0467909
aeeem,org::eclipse::pde::internal::ui::editor::build::BuildOutlinePage,-75.0,12,6,1,335.286,65.0,140.0,0,29.0,5.41667,102.0,11.6667,6.0,-6.25,116.965,0,0,0,0,0,8.04434,0.00632068,0.0180291,0.205054,0.0343696
aeeem,org::eclipse::pde::internal::ui::editor::ctxhelp::details::CtxHelpAbstractAddAction,0.0,1,1,0,33.4286,0.0,0.0,0,0.0,0.0,0.0,0.0,0.0,0.0,0.0,1,0,0,0,0,0.0,0.0,0.0,0.0,0.0
aeeem,org::eclipse::pde::internal::core::util::PDESchemaHelper,12.0,4,1,0,29.2857,16.0,4.0,0,12.0,4.0,3.0,1.0,9.0,3.0,2.33036,4,1,0,0,0,1.84469,0.0111182,0.0137378,0.070979,0.0530614
aeeem,org::eclipse::pde::internal::ui::preferences::ProjectSelectionDialog,0.0,3,1,0,21.0,4.0,4.0,0,3.0,1.33333,3.0,1.33333,0.0,0.0,0.571429,2,2,0,0,0,1.42715,0.00518667,0.0136159,0.0607108,0.0552336
aeeem,org::eclipse::pde::internal::ui::wizards::exports::ProductExportWizard,77.0,28,6,0,182.286,218.0,141.0,0,48.0,7.78571,31.0,5.03571,39.0,2.75,46.6363,8,6,1,1,0,19.5212,0.0775922,0.052507,0.523646,0.10354
aeeem,org::eclipse::pde::internal::core::natures::FeatureProject,2.0,3,3,0,133.571,12.0,10.0,0,11.0,4.0,9.0,3.33333,2.0,0.666667,89.8214,1,1,0,0,0,3.19695,0.00113569,0.0118187,0.0949903,0.0312002
aeeem,org::eclipse::pde::internal::ui::editor::PDEFormPage,366.0,44,9,2,335.286,1016.0,650.0,0,173.0,23.0909,181.0,14.7727,132.0,8.31818,175.332,18,12,3,1,1,27.4287,0.16713,0.0585376,0.702761,0.0634595
aeeem,org::eclipse::pde::internal::ui::wizards::plugin::NewProjectCreationOperation,190.0,93,8,0,239.0,2671.0,2481.0,1,725.0,28.7204,421.0,26.6774,446.0,2.04301,60.0052,27,25,4,2,0,35.7287,0.37033,0.0960292,0.959499,0.188175
aeeem,org::eclipse::pde::internal::ui::wizards::feature::AbstractNewFeatureWizard,8.0,5,2,0,133.429,33.0,25.0,0,21.0,6.6,21.0,5.0,10.0,1.6,83.8874,3,3,0,0,0,6.00267,0.0044092,0.0183645,0.168748,0.0386814
aeeem,org::eclipse::pde::internal::core::text::cheatsheet::simple::SimpleCSObject,-26.0,11,2,0,59.2857,162.0,188.0,0,123.0,14.7273,123.0,17.0909,123.0,-2.36364,0.911816,1,0,0,0,0,4.41258,0.0249183,0.0185832,0.138856,0.0463837
aeeem,org::eclipse::pde::internal::ui::editor::SystemFileStorage,13.0,6,6,1,335.286,37.0,24.0,0,12.0,6.16667,15.0,4.0,10.0,2.16667,176.448,0,0,0,0,0,6.41569,0.00530912,0.0163241,0.169334,0.0343568
aeeem,org::eclipse::pde::internal::ui::editor::cheatsheet::simple::SimpleCSInputContextManager,0.0,1,1,0,105.857,0.0,0.0,0,0.0,0.0,0.0,0.0,0.0,0.0,0.0,1,1,0,0,0,0.0,0.0,0.0,0.0,0.0
aeeem,org::eclipse::pde::internal::core::text::DocumentObject,857.0,21,4,0,59.2857,1462.0,605.0,0,332.0,69.619,232.0,28.8095,322.0,40.8095,2.43336,4,2,0,0,0,6.35106,0.145847,0.02603,0.198321,0.0622583
aeeem,org::eclipse::pde::internal::ui::correction::RemoveNodeXMLResolution,3.0,6,2,1,129.429,39.0,36.0,1,22.0,6.5,23.0,6.0,10.0,0.5,15.5092,2,2,0,0,0,3.82133,0.0120166,0.0132583,0.110934,0.0342712
aeeem,org::eclipse::pde::internal::ui::editor::feature::DataDetailsSection,-22.0,8,4,0,188.429,36.0,58.0,0,14.0,4.5,31.0,7.25,2.0,-2.75,90.0079,1,1,0,0,0,10.3221,0.0125839,0.0245946,0.269015,0.0426566
aeeem,org::eclipse::pde::internal::ui::wizards::FolderSelectionDialog,5.0,12,6,0,246.571,60.0,55.0,0,19.0,5.0,31.0,4.58333,10.0,0.416667,148.738,3,3,0,0,0,12.0882,0.0281883,0.0391765,0.335725,0.101962
aeeem,org::eclipse::pde::internal::ui::editor::cheatsheet::simple::NewCommandKeyEvent,0.0,2,2,0,70.2857,2.0,2.0,0,2.0,1.0,2.0,1.0,0.0,0.0,36.1429,1,0,0,0,0,1.76682,9.97671e-05,0.0100966,0.0617154,0.0339284
aeeem,org::eclipse::pde::internal::core::text::ctxhelp::CtxHelpRoot,0.0,1,1,0,33.4286,0.0,0.0,0,0.0,0.0,0.0,0.0,0.0,0.0,0.0,1,0,0,0,0,0.0,0.0,0.0,0.0,0.0
aeeem,org::eclipse::pde::internal::ui::wizards::target::TargetDefinitionWizardPage,-15.0,11,4,0,136.286,97.0,112.0,1,72.0,8.81818,79.0,10.1818,10.0,-1.36364,82.3932,4,4,0,0,0,11.6789,0.0160891,0.030327,0.315377,0.0458118
aeeem,org::eclipse::pde::internal::ui::editor::schema::SchemaRootElementDetails,226.0,27,5,0,146.857,324.0,98.0,0,97.0,12.0,16.0,3.62963,97.0,8.37037,24.6561,8,4,0,0,0,16.753,0.0638048,0.0523993,0.47172,0.110958
aeeem,org::eclipse::pde::internal::core::JavadocLocationManager,47.0,20,6,1,201.143,246.0,199.0,0,90.0,12.3,54.0,9.95,36.0,2.35,76.975,9,9,0,0,0,20.6318,0.27717,0.0838237,0.616172,0.205717
aeeem,org::eclipse::pde::internal::runtime::registry::RegistryBrowserLabelProvider,4.0,3,2,0,381.0,4.0,0.0,0,4.0,1.33333,0.0,0.0,4.0,1.33333,0.571429,0,0,0,0,0,0.0,0.0,0.0,0.0,0.0
aeeem,org::eclipse::pde::internal::ui::editor::text::ManifestTextHover,26.0,7,4,0,106.286,39.0,13.0,1,17.0,5.57143,8.0,1.85714,16.0,3.71429,26.7253,3,3,0,0,0,8.35105,0.0136788,0.0263075,0.239145,0.0478755
aeeem,org::eclipse::pde::internal::ui::nls::GetNonExternalizedStringsOperation,420.0,18,4,0,154.0,831.0,411.0,0,273.0,46.1667,121.0,22.8333,273.0,23.3333,15.4734,4,3,0,0,0,14.3413,0.12801,0.0361341,0.383659,0.0536537
aeeem,org::eclipse::pde::internal::ui::editor::PDEMasterDetailsBlock,-13.0,19,6,1,227.429,81.0,94.0,0,14.0,4.26316,40.0,4.94737,10.0,-0.684211,104.247,3,1,0,0,0,19.1174,0.0436052,0.0387854,0.481436,0.0461118
aeeem,org::eclipse::pde::internal::ui::editor::schema::SchemaInputContext,16.0,16,7,0,227.429,95.0,79.0,0,26.0,5.9375,36.0,4.9375,15.0,1.0,107.445,3,3,0,0,0,13.6285,0.0207981,0.030153,0.350122,0.0434528
aeeem,org::eclipse::pde::internal::ui::editor::StructuredViewerSection,236.0,24,6,1,335.286,374.0,138.0,0,86.0,15.5833,71.0,5.75,85.0,9.83333,253.672,8,2,0,0,0,15.677,0.0445512,0.0406848,0.421727,0.0650901
aeeem,org::eclipse::pde::internal::ui::samples::SampleOperation,-29.0,6,3,1,151.143,94.0,123.0,0,65.0,15.6667,113.0,20.5,17.0,-4.83333,85.7128,0,0,0,0,0,6.68071,0.0107891,0.0174295,0.178567,0.0346057
aeeem,org::eclipse::pde::internal::ui::tests::macro::WizardCommandTarget,0.0,2,2,0,183.857,1.0,1.0,0,1.0,0.5,1.0,0.5,0.0,0.0,148.0,0,0,0,0,0,1.77712,7.78929e-05,0.00961856,0.0609203,0.0309529
aeeem,org::eclipse::pde::internal::ui::editor::feature::InstallSection,-11.0,8,4,0,188.429,50.0,61.0,0,14.0,6.25,20.0,7.625,9.0,-1.375,58.5486,2,2,0,0,0,8.67717,0.0147281,0.0225766,0.231637,0.0426041
aeeem,org::eclipse::pde::internal::ui::launcher::PDESourceLookupDirector,172.0,9,3,1,139.0,278.0,106.0,0,198.0,30.8889,73.0,11.7778,197.0,19.1111,83.8114,2,2,0,0,0,11.1107,0.0455531,0.0325849,0.310133,0.0595198
aeeem,org::eclipse::pde::internal::core::variables::TargetHomeDynamicVariableResolver,-2.0,4,3,0,125.286,5.0,7.0,0,2.0,1.25,4.0,1.75,0.0,-0.5,63.4857,2,1,0,0,0,4.88727,0.00213681,0.0178649,0.146501,0.0393066
aeeem,org::eclipse::pde::internal::core::plugin::ExternalPluginModel,9.0,14,8,2,335.286,43.0,34.0,0,11.0,3.07143,17.0,2.42857,6.0,0.642857,122.744,3,3,0,0,0,9.16954,0.00276277,0.0255005,0.250493,0.0490981
aeeem,org::eclipse::pde::ui::templates::AbstractNewPluginTemplateWizard,-162.0,47,7,1,333.143,521.0,683.0,0,140.0,11.0851,367.0,14.5319,129.0,-3.44681,79.6743,5,4,0,0,0,9.1054,0.00869594,0.0194916,0.229877,0.0344231
aeeem,org::eclipse::pde::internal::ui::editor::cheatsheet::comp::actions::CompCSAddGroupAction,0.0,3,2,0,98.0,9.0,9.0,0,6.0,3.0,8.0,3.0,2.0,0.0,54.0952,2,2,0,0,0,3.1496,0.00154681,0.0143462,0.101419,0.0398337
aeeem,org::eclipse::pde::internal::ui::templates::rcp::HelloNonUIRCPNewWizard,0.0,2,2,0,95.5714,2.0,2.0,1,2.0,1.0,2.0,1.0,0.0,0.0,58.5714,2,0,0,0,0,1.56044,0.000665113,0.00803114,0.0525856,0.0247077
aeeem,org::eclipse::pde::internal::core::builders::DependencyLoop,9.0,5,4,0,335.286,19.0,10.0,0,12.0,3.8,7.0,2.0,10.0,1.8,232.805,1,1,0,0,0,4.50833,0.0033356,0.0137612,0.126122,0.0313699
aeeem,org::eclipse::pde::internal::core::builders::JarManifestHeader,-3.0,4,3,0,133.571,7.0,10.0,0,4.0,1.75,8.0,2.5,1.0,-0.75,65.8163,2,1,0,0,0,4.61185,0.00174918,0.0145664,0.130886,0.0321085
aeeem,org::eclipse::pde::internal::ui::util::PluginContainmentAdapter,0.0,2,2,0,159.429,2.0,2.0,0,2.0,1.0,2.0,1.0,0.0,0.0,125.286,0,0,0,0,0,1.76682,9.97671e-05,0.0100966,0.0617154,0.0339284
aeeem,org::eclipse::pde::internal::ui::editor::plugin::NewRuntimeLibraryDialog,1.0,12,7,0,227.429,85.0,84.0,0,20.0,7.08333,25.0,7.0,10.0,0.0833333,118.113,2,2,0,0,0,11.2502,0.0423881,0.0370386,0.312778,0.100516
aeeem,org::eclipse::pde::internal::ui::parts::ComboViewerPart,0.0,1,1,0,26.8571,0.0,0.0,0,0.0,0.0,0.0,0.0,0.0,0.0,0.0,1,1,0,0,0,0.0,0.0,0.0,0.0,0.0
aeeem,org::eclipse::pde::internal::ui::editor::target::ImplicitDependenciesSection,19.0,12,4,0,139.286,127.0,108.0,0,80.0,10.5833,94.0,9.0,19.0,1.58333,80.3217,5,3,0,0,0,11.5044,0.0213193,0.0303751,0.312227,0.0463713
aeeem,org::eclipse::pde::internal::ui::editor::build::BuildUndoManager,-10.0,6,4,0,227.429,20.0,30.0,0,7.0,3.33333,21.0,5.0,4.0,-1.66667,111.421,0,0,0,0,0,6.41569,0.0038316,0.0163241,0.169334,0.0343568
aeeem,org::eclipse::pde::internal::ui::editor::PDESection,32.0,17,7,1,227.429,95.0,63.0,0,20.0,5.58824,12.0,3.70588,19.0,1.88235,113.765,5,1,0,0,0,17.1031,0.0293123,0.0418844,0.452716,0.0632738
aeeem,org::eclipse::pde::internal::ui::wizards::ctxhelp::NewCtxHelpWizard,0.0,1,1,0,33.1429,0.0,0.0,0,0.0,0.0,0.0,0.0,0.0,0.0,0.0,1,0,0,0,0,0.0,0.0,0.0,0.0,0.0
aeeem,org::eclipse::pde::internal::core::WorkspaceFeatureModelManager,155.0,8,4,0,92.5714,178.0,23.0,0,78.0,22.25,15.0,2.875,78.0,19.375,7.98234,0,0,0,0,0,6.90917,0.0318965,0.022258,0.1993,0.0415513
aeeem,org::eclipse::pde::internal::ui::compare::ManifestContentMergeViewer,20.0,6,3,0,144.429,37.0,17.0,0,13.0,6.16667,11.0,2.83333,10.0,3.33333,39.1313,2,1,0,0,0,7.34429,0.00695279,0.0212658,0.203375,0.0417262
aeeem,org::eclipse::pde::internal::ui::wizards::cheatsheet::RegisterCompCSWizardPage,14.0,3,2,0,97.4286,15.0,1.0,0,14.0,5.0,1.0,0.333333,14.0,4.66667,5.55238,1,1,0,0,0,2.97312,0.00376396,0.0125834,0.09279,0.0349721
aeeem,org::eclipse::pde::internal::core::PDEStateHelper,-145.0,20,6,1,233.143,179.0,324.0,1,54.0,8.95,138.0,16.2,45.0,-7.25,83.8404,5,5,0,0,0,18.2209,0.0870561,0.0403505,0.46937,0.0538456
aeeem,org::eclipse::pde::internal::ui::editor::schema::NewRestrictionDialog,100.0,7,3,0,146.857,114.0,14.0,0,44.0,16.2857,13.0,2.0,44.0,14.2857,19.4298,2,2,0,0,0,7.90771,0.0253458,0.0335405,0.239377,0.100554
aeeem,org::eclipse::pde::internal::ui::editor::actions::OpenSchemaAction,183.0,8,3,1,95.0,235.0,52.0,0,183.0,29.375,31.0,6.5,174.0,22.875,8.67599,7,5,0,0,0,9.64953,0.0547053,0.0318671,0.280825,0.0596411
aeeem,org::eclipse::pde::internal::core::cheatsheet::comp::CompCSModelFactory,0.0,2,2,0,102.0,2.0,2.0,0,2.0,1.0,2.0,1.0,0.0,0.0,65.8571,1,1,0,0,0,1.77712,0.000155786,0.00961856,0.0609203,0.0309529
aeeem,org::eclipse::pde::internal::ui::editor::toc::TocEditorContributor,35.0,5,3,0,61.1429,37.0,2.0,0,11.0,7.4,2.0,0.4,11.0,7.0,12.8764,1,0,0,0,0,3.97134,0.0126451,0.0232629,0.137579,0.0736805
aeeem,org::eclipse::pde::internal::ui::tests::macro::AbstractStructuredCommand,13.0,6,3,0,183.857,94.0,81.0,0,70.0,15.6667,70.0,13.5,9.0,2.16667,122.023,0,0,0,0,0,7.10003,0.0137629,0.019024,0.19124,0.0373496
aeeem,org::eclipse::pde::internal::ui::editor::feature::PluginReference,14.0,10,6,1,335.286,64.0,50.0,0,44.0,6.4,35.0,5.0,9.0,1.4,236.132,0,0,0,0,0,6.41569,0.00411835,0.0163241,0.169334,0.0343568
aeeem,org::eclipse::pde::internal::ui::wizards::target::NewTargetDefinitionWizard,21.0,4,3,0,136.286,33.0,12.0,0,14.0,8.25,12.0,3.0,14.0,5.25,50.1775,1,0,0,0,0,4.5126,0.00717993,0.015209,0.130509,0.0357209
aeeem,org::eclipse::pde::internal::ui::launcher::ApplicationSelectionDialog,27.0,13,5,0,207.429,78.0,51.0,0,17.0,6.0,23.0,3.92308,10.0,2.07692,100.982,1,1,0,0,0,14.8324,0.0358935,0.0456586,0.408289,0.10878
aeeem,org::eclipse::pde::internal::ui::editor::text::SchemaHyperlink,0.0,1,1,0,118.0,0.0,0.0,0,0.0,0.0,0.0,0.0,0.0,0.0,0.0,1,0,0,0,0,0.0,0.0,0.0,0.0,0.0
aeeem,org::eclipse::pde::ui::templates::ChoiceOption,20.0,15,6,1,333.143,126.0,106.0,0,36.0,8.4,36.0,7.06667,36.0,1.33333,110.753,1,1,0,0,0,6.41569,0.0127033,0.0163241,0.169334,0.0343568
aeeem,org::eclipse::pde::internal::ui::wizards::BaseWizardSelectionPage,19.0,11,7,1,335.286,79.0,60.0,0,35.0,7.18182,33.0,5.45455,6.0,1.72727,130.618,1,1,0,0,0,6.41569,0.00424621,0.0163241,0.169334,0.0343568
aeeem,org::eclipse::pde::internal::ui::templates::rcp::MailTemplate,0.0,7,4,0,95.5714,137.0,137.0,1,130.0,19.5714,133.0,19.5714,3.0,0.0,56.7842,6,3,0,0,0,7.41817,0.0476409,0.0258659,0.219727,0.0517052
aeeem,org::eclipse::pde::internal::core::schema::SchemaObject,-46.0,20,7,1,335.286,138.0,184.0,1,56.0,6.9,90.0,9.2,8.0,-2.3,115.211,3,3,1,0,0,11.5039,0.0116212,0.0292378,0.305795,0.0519128
aeeem,org::eclipse::pde::internal::ui::editor::toc::actions::TocAddLinkAction,76.0,6,2,0,61.1429,85.0,9.0,0,40.0,14.1667,5.0,1.5,40.0,12.6667,2.33613,0,0,0,0,0,4.33338,0.00980191,0.0185353,0.13686,0.0475072
aeeem,org::eclipse::pde::internal::ui::samples::ShowSampleAction,-4.0,9,4,1,151.143,65.0,69.0,0,43.0,7.22222,53.0,7.66667,7.0,-0.444444,86.5341,2,1,0,0,0,10.1089,0.0120441,0.0246681,0.267331,0.0383928
aeeem,org::eclipse::pde::internal::ui::elements::DefaultElement,6.0,9,7,1,335.286,33.0,27.0,0,15.0,3.66667,12.0,3.0,6.0,0.666667,188.078,1,1,0,0,0,5.98276,0.00276576,0.0158814,0.159804,0.0344317
aeeem,org::eclipse::pde::internal::ui::wizards::cheatsheet::NewSimpleCSFileWizard,-1.0,2,2,0,98.0,2.0,3.0,0,2.0,1.0,3.0,1.5,0.0,-0.5,63.8571,1,1,0,0,0,1.76682,0.000124709,0.0100966,0.0617154,0.0339284
aeeem,org::eclipse::pde::internal::core::bundle::WorkspaceBundlePluginModel,0.0,2,2,0,105.857,3.0,3.0,0,3.0,1.5,3.0,1.5,0.0,0.0,69.7143,0,0,0,0,0,1.77712,0.000233679,0.00961856,0.0609203,0.0309529
aeeem,org::eclipse::pde::internal::core::bundle::Bundle,0.0,2,1,0,258.571,0.0,0.0,0,0.0,0.0,0.0,0.0,0.0,0.0,0.0,0,0,0,0,0,0.0,0.0,0.0,0.0,0.0
aeeem,org::eclipse::pde::internal::ui::wizards::toc::TocHTMLWizard,-1.0,2,2,0,55.1429,31.0,32.0,0,31.0,15.5,32.0,16.0,0.0,-0.5,21.0,1,0,0,0,0,1.76682,0.00157133,0.0100966,0.0617154,0.0339284
aeeem,org::eclipse::pde::internal::ui::wizards::product::ProductIntroWizard,-9.0,3,2,0,158.286,12.0,21.0,0,11.0,4.0,20.0,7.0,0.0,-3.0,113.893,0,0,0,0,0,2.98549,0.00127029,0.0116299,0.0895667,0.033976
aeeem,org::eclipse::pde::internal::core::UpdateManagerHelper,-22.0,3,2,0,84.8571,24.0,46.0,0,23.0,8.0,45.0,15.3333,0.0,-7.33333,46.6964,1,0,0,0,0,3.32521,0.00307599,0.0132613,0.102206,0.0333955
aeeem,org::eclipse::pde::internal::ui::editor::plugin::ExtensionsSection,763.0,80,9,3,227.429,2065.0,1302.0,0,553.0,25.8125,409.0,16.275,545.0,9.5375,146.08,46,31,3,0,0,31.9437,0.443198,0.10678,0.908089,0.226077
aeeem,org::eclipse::pde::internal::core::schema::SchemaElementReference,121.0,22,8,1,335.286,386.0,265.0,0,175.0,17.5455,150.0,12.0455,31.0,5.5,93.1862,3,2,0,0,0,10.3534,0.0202426,0.0247946,0.271299,0.0409617
aeeem,org::eclipse::pde::internal::ui::search::dependencies::DependencyCalculator,-7.0,2,1,1,76.2857,21.0,28.0,0,21.0,10.5,28.0,14.0,0.0,-3.5,42.1429,1,1,1,0,0,1.76682,0.00122215,0.0100966,0.0617154,0.0339284
aeeem,org::eclipse::pde::internal::core::natures::BaseProject,-5.0,3,3,0,133.571,5.0,10.0,0,4.0,1.66667,9.0,3.33333,0.0,-1.66667,79.1714,1,1,0,0,0,3.19695,0.000863062,0.0118187,0.0949903,0.0312002
aeeem,org::eclipse::pde::internal::ui::editor::feature::OpenReferenceAction,19.0,20,6,1,335.286,157.0,138.0,0,43.0,7.85,31.0,6.9,16.0,0.95,143.175,3,3,1,1,0,8.16318,0.0595264,0.0196433,0.212081,0.0386175
aeeem,org::eclipse::pde::internal::ui::tests::macro::IndexPage,-1.0,2,2,0,183.857,19.0,20.0,0,19.0,9.5,20.0,10.0,0.0,-0.5,148.0,0,0,0,0,0,1.77712,0.00151891,0.00961856,0.0609203,0.0309529
aeeem,org::eclipse::pde::internal::ui::editor::cheatsheet::simple::SimpleCSFormOutlinePage,-6.0,6,2,0,104.143,25.0,31.0,0,17.0,4.16667,22.0,5.16667,1.0,-1.0,52.24,8,5,0,0,0,7.19932,0.00596246,0.0226008,0.205425,0.043193
aeeem,org::eclipse::pde::internal::core::cheatsheet::comp::CompCSIntro,0.0,1,1,0,102.0,0.0,0.0,0,0.0,0.0,0.0,0.0,0.0,0.0,0.0,1,1,0,0,0,0.0,0.0,0.0,0.0,0.0
aeeem,org::eclipse::pde::internal::ui::wizards::ctxhelp::NewCtxHelpWizardPage,0.0,1,1,0,33.1429,0.0,0.0,0,0.0,0.0,0.0,0.0,0.0,0.0,0.0,1,0,0,0,0,0.0,0.0,0.0,0.0,0.0
aeeem,org::eclipse::pde::internal::core::BundleManifestSourceLocationManager,127.0,3,2,0,41.1429,219.0,92.0,0,160.0,73.0,59.0,30.6667,127.0,42.3333,2.70385,2,2,0,0,0,3.03875,0.0701787,0.0157907,0.102722,0.0490101
aeeem,org::eclipse::pde::internal::ui::tests::macro::StopAction,-4.0,4,3,0,183.857,6.0,10.0,0,3.0,1.5,4.0,2.5,0.0,-1.0,133.0,0,0,0,0,0,4.68802,0.00460385,0.0163329,0.13759,0.0373153
aeeem,org::eclipse::pde::ui::templates::OptionTemplateWizardPage,47.0,23,7,1,333.286,152.0,105.0,0,37.0,6.6087,25.0,4.56522,27.0,2.04348,63.688,2,2,0,0,0,7.22187,0.00344657,0.0172658,0.187374,0.0344494
aeeem,org::eclipse::pde::internal::ui::wizards::tools::UpdateClasspathAction,-52.0,22,6,0,240.714,140.0,192.0,0,55.0,6.36364,75.0,8.72727,20.0,-2.36364,65.802,4,4,0,0,0,13.9237,0.0151066,0.0311568,0.358977,0.0443498
aeeem,org::eclipse::pde::internal::ui::editor::ModelUndoManager,-4.0,18,7,1,335.286,113.0,117.0,0,52.0,6.27778,49.0,6.5,4.0,-0.222222,194.853,1,1,0,0,0,8.78554,0.00891305,0.0193399,0.223539,0.0345454
aeeem,org::eclipse::pde::internal::core::text::plugin::FragmentNode,213.0,6,3,0,151.143,226.0,13.0,0,103.0,37.6667,11.0,2.16667,103.0,35.5,9.64855,1,1,0,0,0,5.84321,0.012856,0.0156208,0.157322,0.0315254
aeeem,org::eclipse::pde::internal::ui::preferences::PreferenceInitializer,8.0,14,4,0,205.571,25.0,17.0,0,10.0,1.78571,4.0,1.21429,10.0,0.571429,61.2229,1,1,0,0,0,14.2096,0.00737162,0.0253281,0.350393,0.0128305
aeeem,org::eclipse::pde::internal::ui::views::dependencies::OpenDependenciesAction,-17.0,5,2,0,108.143,10.0,27.0,1,6.0,2.0,17.0,5.4,0.0,-3.4,56.7714,4,4,0,0,0,6.38161,0.00620488,0.0224682,0.189128,0.046618
aeeem,org::eclipse::ui::internal::views::log::AbstractEntry,21.0,3,1,0,40.5714,49.0,28.0,0,41.0,16.3333,19.0,9.33333,22.0,7.0,0.795918,2,1,1,0,0,3.03875,0.0210506,0.0157907,0.102722,0.0490101
aeeem,org::eclipse::pde::internal::core::text::bundle::BundleActivationPolicyHeader,0.0,1,1,0,34.2857,0.0,0.0,0,0.0,0.0,0.0,0.0,0.0,0.0,0.0,1,1,0,0,0,0.0,0.0,0.0,0.0,0.0
aeeem,org::eclipse::pde::internal::ui::editor::build::BinSection,-21.0,23,5,0,263.429,397.0,418.0,0,109.0,17.2609,109.0,18.1739,66.0,-0.913043,47.1749,4,4,0,0,0,7.72196,0.00692083,0.0177746,0.198359,0.0343746
aeeem,org::eclipse::pde::internal::ui::editor::contentassist::TypeContentProposalProvider,-13.0,2,2,0,94.4286,35.0,48.0,0,35.0,17.5,48.0,24.0,0.0,-6.5,60.2857,1,1,0,0,0,1.76682,0.00207017,0.0100966,0.0617154,0.0339284
aeeem,org::eclipse::pde::internal::ui::editor::text::XMLConfiguration,36.0,23,4,1,148.429,163.0,127.0,0,34.0,7.08696,54.0,5.52174,25.0,1.56522,48.9246,6,3,0,0,0,16.617,0.0337362,0.0436979,0.450625,0.0658734
aeeem,org::eclipse::pde::internal::ui::wizards::product::ProductIntroOperation,-134.0,16,3,0,158.286,148.0,282.0,0,50.0,9.25,84.0,17.625,47.0,-8.375,38.2403,2,2,0,0,0,12.8864,0.0492078,0.0300268,0.336458,0.0437503
aeeem,org::eclipse::ui::internal::views::log::LogViewContentProvider,11.0,4,1,0,49.4286,27.0,16.0,0,13.0,6.75,14.0,4.0,13.0,2.75,7.41799,2,0,0,0,0,4.25341,0.0128347,0.0209694,0.141215,0.0618726
aeeem,org::eclipse::pde::internal::core::builders::PluginRebuilder,-4.0,5,3,0,70.2857,20.0,24.0,0,10.0,4.0,13.0,4.8,2.0,-0.8,17.4214,1,1,0,0,1,4.83647,0.00680899,0.0184993,0.147342,0.0417692
aeeem,org::eclipse::pde::internal::ui::wizards::extension::ExtensionEditorWizard,-5.0,8,6,0,227.0,20.0,25.0,0,6.0,2.5,10.0,3.125,2.0,-0.625,86.3571,0,0,0,0,0,7.72196,0.00315608,0.0177746,0.198359,0.0343746
aeeem,org::eclipse::pde::internal::ui::views::dependencies::DependenciesLabelProvider,40.0,7,2,0,108.143,83.0,43.0,1,30.0,11.8571,33.0,6.14286,29.0,5.71429,44.6747,6,5,1,0,0,6.1094,0.0213003,0.0223947,0.183252,0.0494162
aeeem,org::eclipse::pde::internal::ui::launcher::ConfigurationAreaBlock,243.0,17,4,0,156.429,293.0,50.0,0,116.0,17.2353,23.0,2.94118,116.0,14.2941,17.4651,5,3,1,1,0,11.171,0.026281,0.0362454,0.318856,0.0829084
aeeem,org::eclipse::pde::internal::ui::editor::schema::SchemaIncludesSection,494.0,23,4,1,146.857,680.0,186.0,0,237.0,29.5652,95.0,8.08696,237.0,21.4783,6.12353,5,5,0,0,0,13.7684,0.0875887,0.032547,0.361643,0.0456253
aeeem,org::eclipse::pde::internal::ui::wizards::toc::TocHTMLOperation,-2.0,4,2,0,55.1429,35.0,37.0,0,19.0,8.75,26.0,9.25,5.0,-0.5,11.4,1,0,0,0,0,3.15241,0.00436529,0.0149602,0.103077,0.0427992
aeeem,org::eclipse::pde::internal::core::XMLDefaultHandler,-77.0,20,4,0,251.286,108.0,185.0,0,22.0,5.4,67.0,9.25,10.0,-3.85,126.934,4,4,0,0,0,13.3755,0.0204963,0.0254588,0.330495,0.032299
aeeem,org::eclipse::pde::internal::core::feature::VersionableObject,12.0,14,7,1,335.286,48.0,36.0,0,11.0,3.42857,8.0,2.57143,8.0,0.857143,100.851,1,1,0,0,0,7.23217,0.00356231,0.0167878,0.186578,0.0314739
aeeem,org::eclipse::pde::internal::core::target::TargetModel,-3.0,4,3,0,144.857,8.0,11.0,0,4.0,2.0,8.0,2.75,2.0,-0.75,53.4107,2,2,0,0,0,3.54759,0.00153187,0.0124286,0.10365,0.0313129
aeeem,org::eclipse::pde::internal::core::builders::ManifestErrorReporter,-6.0,9,3,0,133.571,55.0,61.0,0,27.0,6.11111,38.0,6.77778,3.0,-0.666667,57.3299,5,4,0,0,0,7.18485,0.0160244,0.0187614,0.193361,0.0327839
aeeem,org::eclipse::pde::internal::ui::editor::actions::FormatOperation,-4.0,3,2,0,110.143,31.0,35.0,0,17.0,10.3333,31.0,11.6667,10.0,-1.33333,58.7097,2,1,0,0,0,3.27147,0.00517471,0.0142219,0.103547,0.0382643
aeeem,org::eclipse::pde::internal::ui::editor::product::LauncherSection,497.0,52,6,3,189.286,1277.0,780.0,0,257.0,24.5577,192.0,15.0,255.0,9.55769,41.6796,9,7,0,0,0,22.6033,0.303933,0.0448849,0.566813,0.0493641
aeeem,org::eclipse::pde::internal::ui::nls::StringHelper,46.0,10,4,0,154.0,127.0,81.0,0,49.0,12.7,31.0,8.1,22.0,4.6,90.6063,4,3,1,0,0,10.7456,0.0388223,0.0368397,0.308364,0.0928059
aeeem,org::eclipse::pde::internal::core::builders::BundleErrorReporter,-274.0,72,4,9,133.571,1919.0,2193.0,2,391.0,26.6528,584.0,30.4583,70.0,-3.80556,38.463,50,36,2,0,0,30.4541,0.782287,0.18529,4.84923,0.374889
aeeem,org::eclipse::pde::internal::core::DependencyManager,36.0,6,3,0,104.429,75.0,39.0,0,38.0,12.5,18.0,6.5,24.0,6.0,41.0876,3,2,0,0,0,5.4784,0.0209102,0.0193956,0.162692,0.0406163
aeeem,org::eclipse::pde::internal::ui::templates::rcp::MailNewWizard,0.0,2,2,0,95.5714,2.0,2.0,1,2.0,1.0,2.0,1.0,0.0,0.0,58.5714,2,0,0,0,0,1.56044,0.000665113,0.00803114,0.0525856,0.0247077
aeeem,org::eclipse::pde::internal::ui::wizards::WizardListSelectionPage,40.0,19,7,1,335.286,251.0,211.0,0,136.0,13.2105,127.0,11.1053,21.0,2.10526,127.428,3,3,0,0,0,8.91487,0.00890368,0.0202962,0.229412,0.0352821
aeeem,org::eclipse::pde::internal::ui::editor::TableSection,84.0,16,7,1,335.286,150.0,66.0,0,28.0,9.375,22.0,4.125,26.0,5.25,184.894,3,1,0,0,0,11.3595,0.019501,0.0273739,0.298535,0.0433163
aeeem,org::eclipse::pde::internal::ui::editor::cheatsheet::comp::CompCSFileValidator,-91.0,6,2,0,98.0,13.0,104.0,0,6.0,2.16667,85.0,17.3333,1.0,-15.1667,43.8022,4,4,0,0,0,7.38057,0.013786,0.0259138,0.21865,0.0533846
aeeem,org::eclipse::pde::internal::ui::editor::cheatsheet::simple::details::SimpleCSCommandDetails,252.0,23,4,0,104.143,610.0,358.0,0,185.0,26.5217,140.0,15.5652,84.0,10.9565,26.034,18,9,0,0,0,16.1068,0.162925,0.0504916,0.460277,0.0915345
aeeem,org::eclipse::pde::internal::ui::commands::QueryControl,-2.0,4,2,0,104.857,16.0,18.0,0,10.0,4.0,12.0,4.5,0.0,-0.5,47.3393,0,0,0,0,0,4.57426,0.0028454,0.0157901,0.133715,0.0362297
aeeem,org::eclipse::pde::internal::ui::commands::QueryByTag,-2.0,4,2,0,104.857,14.0,16.0,0,9.0,3.5,11.0,4.0,0.0,-0.5,49.0102,0,0,0,0,0,4.57426,0.00242038,0.0157901,0.133715,0.0362297
aeeem,org::eclipse::pde::internal::ui::editor::product::ProductInputContextManager,9.0,3,3,0,189.571,11.0,2.0,0,10.0,3.66667,2.0,0.666667,10.0,3.0,18.1558,0,0,0,0,0,3.44787,0.00196539,0.0118953,0.0987622,0.0339446
aeeem,org::eclipse::pde::internal::core::util::VersionUtil,24.0,6,3,0,111.857,54.0,30.0,0,14.0,9.0,18.0,5.0,13.0,4.0,63.4286,4,4,1,0,0,5.81133,0.0145983,0.0231173,0.178762,0.057388
aeeem,org::eclipse::pde::internal::ui::wizards::cheatsheet::CompCSCreationOperation,9.0,6,3,0,98.8571,74.0,65.0,0,35.0,12.3333,31.0,10.8333,19.0,1.5,23.8263,4,2,0,0,0,6.05686,0.0275694,0.0214639,0.179677,0.0457096
aeeem,org::eclipse::pde::internal::ui::editor::schema::SchemaIdentifierAttributeDetails,-9.0,5,1,0,29.2857,7.0,16.0,0,2.0,1.4,14.0,3.2,2.0,-1.8,1.02041,2,1,0,0,0,2.23703,0.00972909,0.0172521,0.0871829,0.0668671
aeeem,org::eclipse::pde::internal::ui::correction::AddNewExtensionResolution,0.0,1,1,0,28.4286,0.0,0.0,0,0.0,0.0,0.0,0.0,0.0,0.0,0.0,1,0,0,0,0,0.0,0.0,0.0,0.0,0.0
aeeem,org::eclipse::pde::internal::ui::launcher::EquinoxInitializer,5.0,8,2,0,104.429,57.0,52.0,0,25.0,7.125,33.0,6.5,9.0,0.625,48.3183,4,4,3,0,0,7.65733,0.00863774,0.0259876,0.224651,0.0504047
aeeem,org::eclipse::pde::internal::ui::commands::QueryByObjectSelection,-11.0,4,2,0,104.857,29.0,40.0,0,24.0,7.25,35.0,10.0,0.0,-2.75,60.2364,0,0,0,0,0,4.57426,0.00339311,0.0157901,0.133715,0.0362297
aeeem,org::eclipse::pde::internal::ui::commands::CommandList,91.0,16,4,0,104.857,277.0,186.0,0,48.0,17.3125,68.0,11.625,24.0,5.6875,14.4332,6,6,0,0,0,11.0533,0.0684212,0.0341109,0.314907,0.0599286
aeeem,org::eclipse::pde::internal::core::builders::CompilerFlags,-122.0,13,3,0,133.571,82.0,204.0,0,40.0,6.30769,159.0,15.6923,5.0,-9.38461,97.2857,12,5,1,0,0,10.9776,0.122363,0.120766,4.29487,0.261606
aeeem,org::eclipse::pde::internal::ui::correction::AddActivationHeaderResolution,0.0,1,1,0,33.0,0.0,0.0,0,0.0,0.0,0.0,0.0,0.0,0.0,0.0,1,0,0,0,0,0.0,0.0,0.0,0.0,0.0
aeeem,org::eclipse::pde::internal::ui::wizards::RequiredPluginsContainerPage,29.0,35,8,1,313.571,386.0,357.0,0,132.0,11.0286,136.0,10.2,82.0,0.828571,65.3164,7,6,0,0,0,18.2028,0.0571811,0.041528,0.469285,0.0685091
aeeem,org::eclipse::pde::internal::ui::search::AbstractSearchResultPage,9.0,7,4,0,201.286,35.0,26.0,0,12.0,5.0,19.0,3.71429,10.0,1.28571,89.0939,2,2,0,0,0,7.83059,0.0068412,0.0190718,0.20523,0.035265
aeeem,org::eclipse::pde::internal::ui::editor::PDEOutlinePage,-4.0,6,4,0,127.429,40.0,44.0,0,11.0,6.66667,29.0,7.33333,11.0,-0.666667,22.9786,3,2,0,0,0,6.81975,0.0177238,0.0188705,0.186258,0.0359893
aeeem,org::eclipse::pde::internal::ui::refactoring::RenameExtensionPointWizard,10.0,3,1,0,45.8571,14.0,4.0,1,10.0,4.66667,4.0,1.33333,10.0,3.33333,5.4898,1,0,0,0,0,3.05459,0.00460067,0.0158218,0.103073,0.0489416
aeeem,org::eclipse::pde::internal::core::plugin::ExternalPluginModelBase,7.0,35,8,1,335.286,185.0,178.0,1,28.0,5.28571,34.0,5.08571,20.0,0.2,138.999,2,2,0,0,0,13.1037,0.021243,0.0274795,0.330644,0.0423218
aeeem,org::eclipse::pde::internal::ui::util::PDEModelUtility,313.0,17,4,2,127.0,615.0,302.0,1,162.0,36.1765,123.0,17.7647,98.0,18.4118,39.7285,8,5,0,0,0,14.328,0.12552,0.0536209,0.426771,0.131196
aeeem,org::eclipse::pde::internal::ui::wizards::product::ProductFileWizardPage,-26.0,5,3,0,83.0,40.0,66.0,1,37.0,8.0,47.0,13.2,0.0,-5.2,46.0071,2,2,0,0,0,6.2318,0.0117402,0.0220386,0.184938,0.0459795
aeeem,org::eclipse::pde::internal::core::feature::AbstractFeatureModel,31.0,29,8,1,335.286,122.0,91.0,0,17.0,4.2069,19.0,3.13793,8.0,1.06897,134.643,6,6,1,0,1,13.06,0.0134918,0.0325702,0.346922,0.0517665
aeeem,org::eclipse::pde::internal::ui::search::dependencies::JavaEditorOpener,9.0,6,4,0,201.286,34.0,25.0,0,13.0,5.66667,11.0,4.16667,10.0,1.5,77.9706,0,0,0,0,0,7.26892,0.00758062,0.0172128,0.188027,0.0343632
aeeem,org::eclipse::pde::internal::core::schema::SchemaEnumeration,11.0,11,6,1,335.286,50.0,39.0,0,19.0,4.54545,18.0,3.54545,6.0,1.0,112.38,0,0,0,0,0,4.64887,0.00231216,0.00622749,0.107619,0.000428437
aeeem,org::eclipse::pde::internal::ui::editor::plugin::AbstractPluginElementDetails,0.0,2,2,0,83.4286,1.0,1.0,0,1.0,0.5,1.0,0.5,0.0,0.0,49.2857,1,1,0,0,0,1.76682,4.98835e-05,0.0100966,0.0617154,0.0339284
aeeem,org::eclipse::pde::internal::ui::wizards::extension::NewExtensionRegistryReader,34.0,17,7,1,335.286,300.0,266.0,0,196.0,17.6471,161.0,15.6471,35.0,2.0,137.041,1,1,1,0,0,11.9805,0.00943497,0.0232403,0.296062,0.034622
aeeem,org::eclipse::pde::internal::ui::editor::text::XMLUtil,245.0,14,5,1,117.143,378.0,133.0,1,120.0,27.0,64.0,9.5,117.0,17.5,24.0718,6,4,1,0,0,10.5179,0.148072,0.0454199,0.327386,0.118382
aeeem,org::eclipse::pde::internal::ui::wizards::feature::AbstractFeatureSpecPage,2.0,6,3,0,133.429,40.0,38.0,0,30.0,6.66667,32.0,6.33333,4.0,0.333333,75.775,4,4,0,0,0,6.39937,0.00530316,0.0174464,0.173474,0.0349383
aeeem,org::eclipse::pde::internal::core::product::LauncherInfo,3.0,16,5,0,188.429,117.0,114.0,0,38.0,7.3125,38.0,7.125,15.0,0.1875,27.619,2,2,0,0,0,14.2302,0.0290854,0.029913,0.360674,0.0406695
aeeem,org::eclipse::pde::internal::ui::editor::feature::PortabilityChoicesDialog,-15.0,20,7,1,335.286,76.0,91.0,0,20.0,3.8,29.0,4.55,8.0,-0.75,145.662,1,1,0,0,0,9.67792,0.00708781,0.0197192,0.240846,0.0343516
aeeem,org::eclipse::pde::internal::core::text::ctxhelp::CtxHelpDocumentFactory,0.0,1,1,0,33.4286,0.0,0.0,0,0.0,0.0,0.0,0.0,0.0,0.0,0.0,1,0,0,0,0,0.0,0.0,0.0,0.0,0.0
aeeem,org::eclipse::pde::internal::ui::editor::plugin::PluginLauncherFormPageHelper,4.0,2,2,0,56.1429,5.0,1.0,0,5.0,2.5,1.0,0.5,4.0,2.0,22.0,1,0,0,0,0,1.76682,0.000149651,0.0100966,0.0617154,0.0339284
aeeem,org::eclipse::pde::internal::ui::editor::feature::FeatureUndoManager,-13.0,10,5,1,331.429,127.0,140.0,0,56.0,12.7,47.0,14.0,9.0,-1.3,156.585,0,0,0,0,0,4.22329,0.0137718,0.0127115,0.11579,0.033951
aeeem,org::eclipse::pde::internal::core::target::TargetFeature,12.0,5,3,0,144.0,25.0,13.0,0,13.0,5.0,11.0,2.6,12.0,2.4,16.8286,1,1,0,0,0,5.84418,0.00722723,0.0156168,0.157355,0.0314834
aeeem,org::eclipse::pde::internal::core::builders::ValidatingSAXParser,0.0,4,4,0,133.571,8.0,8.0,0,5.0,2.0,6.0,2.0,1.0,0.0,71.0536,2,2,0,0,0,4.40324,0.00158104,0.0143055,0.126065,0.0322439
aeeem,org::eclipse::pde::internal::ui::launcher::PDESourceLookupQuery,-74.0,11,3,0,137.429,186.0,260.0,0,51.0,16.9091,132.0,23.6364,20.0,-6.72727,50.4654,5,5,0,0,0,11.2693,0.0779794,0.0444784,0.341903,0.112159
aeeem,org::eclipse::pde::internal::ui::editor::product::ProductExportAction,-28.0,11,5,1,188.143,59.0,87.0,0,19.0,5.36364,65.0,7.90909,10.0,-2.54545,41.908,1,0,0,0,0,11.8601,0.0260714,0.0273402,0.307225,0.0435098
aeeem,org::eclipse::pde::internal::core::PreferenceInitializer,37.0,11,4,0,132.286,73.0,36.0,0,33.0,6.63636,13.0,3.27273,31.0,3.36364,83.9785,7,5,1,1,0,9.92215,0.0335659,0.0854524,4.18617,0.181692
aeeem,org::eclipse::pde::internal::ui::templates::ide::HelpTemplate,-36.0,2,2,0,95.5714,43.0,79.0,1,43.0,21.5,79.0,39.5,0.0,-18.0,58.5714,2,0,0,0,0,1.56044,0.0202859,0.00803114,0.0525856,0.0247077
aeeem,org::eclipse::pde::internal::ui::preferences::TargetImplicitPluginsTab,532.0,16,4,0,140.0,675.0,143.0,0,267.0,42.1875,64.0,8.9375,267.0,33.25,8.5219,4,4,0,0,0,12.6447,0.0950541,0.0468461,0.372343,0.114264
aeeem,org::eclipse::pde::internal::ui::editor::product::SplashLocationSection,-9.0,3,2,0,77.1429,30.0,39.0,0,29.0,10.0,38.0,13.0,0.0,-3.0,41.9429,1,0,0,0,0,3.36633,0.00293823,0.0148684,0.107253,0.0401211
aeeem,org::eclipse::pde::internal::ui::editor::schema::SchemaJavaAttributeDetails,-14.0,2,2,0,60.1429,24.0,38.0,0,24.0,12.0,38.0,19.0,0.0,-7.0,26.0,1,0,0,0,0,1.76682,0.00154639,0.0100966,0.0617154,0.0339284
aeeem,org::eclipse::pde::internal::ui::wizards::imports::PluginImportFinishDialog,10.0,4,2,0,35.4286,13.0,3.0,0,6.0,3.25,2.0,0.75,6.0,2.5,19.8242,4,2,0,0,0,1.39536,0.0310866,0.0164715,0.0652651,0.0659895
aeeem,org::eclipse::pde::internal::ui::wizards::plugin::NewLibraryPluginCreationUpdateRefPage,-35.0,3,2,0,36.1429,24.0,59.0,0,24.0,8.0,38.0,19.6667,0.0,-11.6667,0.285714,2,1,0,0,0,3.20427,0.0160297,0.0232345,0.121631,0.0861865
aeeem,org::eclipse::pde::internal::ui::editor::site::SynchronizePropertiesAction,-3.0,7,5,0,194.0,16.0,19.0,0,6.0,2.28571,6.0,2.71429,1.0,-0.428571,94.9018,2,2,0,0,0,8.69863,0.00454238,0.0224606,0.231362,0.0444271
aeeem,org::eclipse::pde::internal::core::search::PluginSearchInput,29.0,9,5,1,306.143,58.0,29.0,0,27.0,6.44444,13.0,3.22222,27.0,3.22222,80.4951,1,1,0,0,0,5.99307,0.00386116,0.0154034,0.159009,0.0314562
aeeem,org::eclipse::pde::internal::runtime::registry::RegistryBrowserListener,46.0,6,3,0,43.0,203.0,157.0,0,139.0,33.8333,139.0,26.1667,35.0,7.66667,12.1203,6,4,1,0,0,5.8145,0.089486,0.0903023,0.328955,0.256859
aeeem,org::eclipse::pde::ui::templates::BaseOptionTemplateSection,118.0,25,8,1,333.143,438.0,320.0,0,158.0,17.52,134.0,12.8,92.0,4.72,109.664,5,4,0,0,0,12.5353,0.0288264,0.0326228,0.336625,0.0565803
aeeem,org::eclipse::pde::internal::ui::launcher::LaunchConfigurationHelper,767.0,51,5,3,155.714,1363.0,596.0,0,341.0,26.7255,81.0,11.6863,341.0,15.0392,34.2068,24,22,5,2,1,27.0841,0.321478,0.0940561,0.78547,0.220442
aeeem,org::eclipse::pde::internal::ui::wizards::plugin::NewProjectCreationPage,131.0,52,6,1,222.0,734.0,603.0,0,92.0,14.1154,112.0,11.5962,67.0,2.51923,104.653,19,16,0,0,0,27.2665,0.208845,0.133149,4.65711,0.198858
aeeem,org::eclipse::pde::internal::ui::PDELabelProvider,794.0,107,9,1,335.286,1479.0,685.0,1,149.0,13.8224,219.0,6.40187,76.0,7.42056,188.27,30,22,2,0,1,42.0495,0.223226,0.101742,1.10863,0.153951
aeeem,org::eclipse::pde::internal::ui::editor::site::SiteFeatureAdapter,45.0,9,4,0,241.714,65.0,20.0,0,28.0,7.22222,6.0,2.22222,25.0,5.0,60.5824,0,0,0,0,0,6.41569,0.00291495,0.0163241,0.169334,0.0343568
aeeem,org::eclipse::pde::internal::ui::wizards::provisioner::FileSystemProvisionerWizard,76.0,9,3,0,92.8571,174.0,98.0,0,114.0,19.3333,89.0,10.8889,114.0,8.44444,1.97455,1,1,0,0,0,6.90708,0.0343641,0.0227575,0.200311,0.0445852
aeeem,org::eclipse::pde::internal::runtime::spy::sections::ActiveWizardSection,-15.0,6,1,0,52.2857,20.0,35.0,2,9.0,3.33333,17.0,5.83333,3.0,-2.5,11.0,2,1,0,0,0,5.82803,0.0129251,0.0339965,0.203738,0.111609
aeeem,org::eclipse::pde::internal::ui::editor::schema::ElementSectionDropAdapter,17.0,11,6,1,303.571,79.0,62.0,0,42.0,7.18182,18.0,5.63636,27.0,1.54545,141.966,0,0,0,0,0,7.83167,0.0161612,0.0182508,0.202284,0.0344576
aeeem,org::eclipse::pde::internal::ui::wizards::feature::PatchSpecPage,138.0,30,5,1,226.571,381.0,243.0,0,149.0,12.7,70.0,8.1,79.0,4.6,65.7754,11,11,1,0,0,13.1737,0.0611214,0.0241888,0.320958,0.0345691
aeeem,org::eclipse::pde::internal::ui::editor::cheatsheet::comp::CompCSFormOutlinePage,-7.0,4,2,0,97.4286,17.0,24.0,0,13.0,4.25,18.0,6.0,0.0,-1.75,48.7479,2,0,0,0,0,4.40164,0.00364025,0.0156034,0.129826,0.0363795
aeeem,org::eclipse::pde::internal::core::util::PDEHTMLHelper,0.0,2,2,0,111.0,8.0,8.0,0,8.0,4.0,8.0,4.0,0.0,0.0,74.8571,1,1,0,0,0,1.77712,0.000623143,0.00961856,0.0609203,0.0309529
aeeem,org::eclipse::pde::internal::ui::search::dependencies::DependencyExtentSearchResult,-7.0,9,3,0,201.286,45.0,52.0,0,20.0,5.0,29.0,5.77778,10.0,-0.777778,66.8889,0,0,0,0,0,7.81509,0.0108611,0.0172905,0.198115,0.0341156
aeeem,org::eclipse::pde::internal::ui::wizards::extension::ExtensionTreeSelectionPage,5.0,10,6,0,227.0,39.0,34.0,1,12.0,3.9,12.0,3.4,5.0,0.5,92.3993,1,0,0,0,0,7.62199,0.00507003,0.0188109,0.200409,0.0354005
aeeem,org::eclipse::pde::internal::core::site::SiteModelFactory,11.0,7,6,1,302.571,26.0,15.0,0,10.0,3.71429,8.0,2.14286,10.0,1.57143,102.753,0,0,0,0,0,7.27922,0.00673162,0.0167348,0.187232,0.0313877
aeeem,org::eclipse::pde::internal::ui::search::PluginSearchOperation,-10.0,7,4,0,201.286,59.0,69.0,0,21.0,8.42857,41.0,9.85714,6.0,-1.42857,77.1598,0,0,0,0,0,7.26892,0.0193583,0.0172128,0.188027,0.0343632
aeeem,org::eclipse::pde::ui::launcher::PluginsTab,357.0,23,4,0,156.571,1167.0,810.0,0,803.0,50.7391,687.0,35.2174,803.0,15.5217,7.45758,8,6,1,0,0,14.5368,0.172025,0.0842357,0.493271,0.219136
aeeem,org::eclipse::pde::internal::ui::editor::feature::IncludedFeaturesPortabilitySection,-42.0,7,4,0,188.429,82.0,124.0,0,44.0,11.7143,75.0,17.7143,5.0,-6.0,97.1533,1,0,0,0,0,8.67717,0.015378,0.0225766,0.231637,0.0426041
aeeem,org::eclipse::pde::internal::core::converter::PDEPluginConverter,-109.0,11,3,0,106.0,38.0,147.0,0,12.0,3.45455,53.0,13.3636,2.0,-9.90909,39.1053,3,2,0,0,0,10.1597,0.035764,0.0341344,0.296223,0.0697541
aeeem,org::eclipse::pde::internal::ui::wizards::provisioner::AddTargetPluginsWizard,232.0,13,2,1,92.8571,271.0,39.0,0,107.0,20.8462,25.0,3.0,107.0,17.8462,8.30575,4,4,0,0,0,9.50905,0.0518343,0.0498304,0.315169,0.153264
aeeem,org::eclipse::pde::internal::ui::refactoring::ManifestTypeRenameParticipant,-19.0,7,2,0,158.286,51.0,70.0,0,24.0,7.28571,45.0,10.0,14.0,-2.71429,23.1317,0,0,0,0,0,4.40148,0.0218719,0.0135566,0.122517,0.0340768
aeeem,org::eclipse::pde::internal::core::bundle::BundleModel,0.0,2,1,0,258.571,0.0,0.0,0,0.0,0.0,0.0,0.0,0.0,0.0,0.0,0,0,0,0,0,0.0,0.0,0.0,0.0,0.0
aeeem,org::eclipse::pde::internal::ui::editor::product::JRESection,119.0,20,3,0,84.5714,530.0,411.0,1,105.0,26.5,93.0,20.55,37.0,5.95,30.0156,8,7,0,0,0,7.48098,0.203347,0.046376,0.261875,0.136886
aeeem,org::eclipse::pde::internal::ui::correction::AddNewExtensionPointResolution,0.0,1,1,0,28.4286,0.0,0.0,0,0.0,0.0,0.0,0.0,0.0,0.0,0.0,1,0,0,0,0,0.0,0.0,0.0,0.0,0.0
aeeem,org::eclipse::pde::internal::core::ExternalJavaSearchClasspathContainer,25.0,13,6,0,225.286,70.0,45.0,0,21.0,5.38462,20.0,3.46154,16.0,1.92308,73.3408,2,2,0,0,0,12.6847,0.015136,0.0278185,0.324998,0.0398887
aeeem,org::eclipse::pde::internal::ui::templates::ide::HelloWorldNewWizard,0.0,2,2,0,95.5714,2.0,2.0,1,2.0,1.0,2.0,1.0,0.0,0.0,58.5714,2,0,0,0,0,1.56044,0.000665113,0.00803114,0.0525856,0.0247077
aeeem,org::eclipse::pde::internal::core::product::ProductModel,1.0,7,4,0,191.143,40.0,39.0,0,13.0,5.71429,23.0,5.57143,10.0,0.142857,48.3429,2,2,0,0,0,8.27328,0.0108538,0.0178591,0.209368,0.0314427
aeeem,org::eclipse::pde::internal::ui::editor::cheatsheet::CSAbstractDetails,-21.0,9,2,0,99.2857,44.0,65.0,0,18.0,4.88889,29.0,7.22222,12.0,-2.33333,40.9416,7,1,0,0,0,9.75182,0.0174886,0.0303932,0.278914,0.0522764
aeeem,org::eclipse::pde::internal::ui::editor::plugin::BundleSourcePage,769.0,41,6,3,227.429,1334.0,565.0,1,311.0,32.5366,263.0,13.7805,294.0,18.7561,131.568,18,11,1,0,0,23.032,0.31972,0.0498801,0.591774,0.0587101
aeeem,org::eclipse::pde::internal::core::bundle::BundleFragmentModel,-1.0,8,4,0,227.429,22.0,23.0,0,10.0,2.75,12.0,2.875,10.0,-0.125,54.9675,0,0,0,0,0,6.42599,0.00262373,0.0158461,0.168539,0.0313813
aeeem,org::eclipse::pde::internal::ui::wizards::imports::JarImportOperation,789.0,11,2,0,176.571,889.0,100.0,0,310.0,80.8182,78.0,9.09091,310.0,71.7273,40.8758,2,2,0,0,0,5.42567,0.0925074,0.0211711,0.163456,0.0598357
aeeem,org::eclipse::pde::internal::core::cheatsheet::comp::CompCSWorkspaceModel,23.0,6,3,0,102.0,55.0,32.0,0,23.0,9.16667,20.0,5.33333,21.0,3.83333,43.9558,4,3,0,0,0,6.02605,0.0154837,0.0203524,0.176257,0.0406986
aeeem,org::eclipse::pde::internal::core::variables::TargetWSVariableResolver,-1.0,2,2,0,69.0,1.0,2.0,0,1.0,0.5,2.0,1.0,0.0,-0.5,32.8571,1,1,1,0,0,1.77712,0.000116839,0.00961856,0.0609203,0.0309529
aeeem,org::eclipse::pde::internal::ui::templates::ide::PerspectiveTemplate,-20.0,4,3,0,95.5714,46.0,66.0,1,34.0,11.5,64.0,16.5,10.0,-5.0,52.0186,3,0,0,0,0,4.44773,0.0243914,0.0185282,0.139481,0.0459136
aeeem,org::eclipse::pde::internal::ui::editor::plugin::rows::ResourceAttributeRow,64.0,16,5,1,227.429,160.0,96.0,0,42.0,10.0,45.0,6.0,30.0,4.0,107.09,5,4,1,0,0,12.7504,0.0687327,0.0259407,0.320106,0.0360695
aeeem,org::eclipse::pde::internal::runtime::spy::sections::ActiveSelectionSection,-21.0,5,1,0,52.2857,13.0,34.0,2,6.0,2.6,26.0,6.8,3.0,-4.2,11.9231,1,0,0,0,0,5.82803,0.0125199,0.0339965,0.203738,0.111609
aeeem,org::eclipse::pde::internal::ui::editor::text::ManifestPartitionScanner,9.0,6,3,0,147.571,27.0,18.0,0,15.0,4.5,12.0,3.0,11.0,1.5,38.5979,2,2,0,0,0,7.20153,0.00421232,0.018764,0.192897,0.0353264
aeeem,org::eclipse::pde::internal::ui::correction::AddExportPackageMarkerResolution,7.0,4,2,1,89.1429,19.0,12.0,0,13.0,4.75,10.0,3.0,12.0,1.75,18.3383,2,1,0,0,0,4.87697,0.00386726,0.0183429,0.147296,0.0422821
aeeem,org::eclipse::pde::internal::ui::wizards::extension::PointSelectionPage,334.0,85,9,4,335.286,1670.0,1336.0,2,342.0,19.6471,245.0,15.7176,144.0,3.92941,136.951,36,25,3,2,0,34.4797,0.220438,0.0707015,0.875189,0.0702713
aeeem,org::eclipse::pde::internal::core::text::DocumentHandler,571.0,26,5,0,151.143,724.0,153.0,1,238.0,27.8462,71.0,5.88462,238.0,21.9615,24.0201,9,8,1,0,0,19.2704,0.106021,0.0682528,0.561836,0.162104
aeeem,org::eclipse::pde::internal::core::builders::FeatureConsistencyChecker,-56.0,10,5,0,335.286,100.0,156.0,0,68.0,10.0,121.0,15.6,0.0,-5.6,176.006,3,2,0,0,0,10.0211,0.0369492,0.0267333,0.272807,0.0415266
aeeem,org::eclipse::pde::internal::ui::editor::EmptyOutlinePage,22.0,8,4,0,227.429,42.0,20.0,0,16.0,5.25,6.0,2.5,11.0,2.75,94.6599,0,0,0,0,0,8.04434,0.00624167,0.0180291,0.205054,0.0343696
aeeem,org::eclipse::pde::internal::ui::editor::product::LaunchingPage,-11.0,9,4,0,84.5714,31.0,42.0,0,12.0,3.44444,19.0,4.66667,3.0,-1.22222,14.0829,3,2,0,0,0,9.1192,0.0127149,0.0309276,0.267765,0.0589613
aeeem,org::eclipse::pde::internal::runtime::spy::sections::ActiveShellSection,-58.0,6,1,0,52.2857,13.0,71.0,3,5.0,2.16667,48.0,11.8333,3.0,-9.66667,13.1538,1,0,0,0,0,5.82803,0.0223742,0.0339965,0.203738,0.111609
aeeem,org::eclipse::pde::internal::ui::wizards::plugin::NewLibraryPluginProjectWizard,26.0,9,5,0,182.0,75.0,49.0,1,44.0,8.33333,36.0,5.44444,39.0,2.88889,135.33,3,1,0,0,0,10.1306,0.00744891,0.0278631,0.274225,0.0592115
aeeem,org::eclipse::pde::internal::core::site::IdentifiableObject,12.0,13,7,1,302.571,43.0,31.0,0,11.0,3.30769,6.0,2.38462,6.0,0.923077,90.2492,0,0,0,0,0,7.6651,0.00342557,0.0172304,0.196109,0.0313991
aeeem,org::eclipse::pde::internal::ui::build::BuildPluginAction,-2.0,29,6,1,240.714,91.0,93.0,0,15.0,3.13793,18.0,3.2069,8.0,-0.0689655,86.9482,4,4,0,0,0,15.172,0.0204186,0.0315121,0.38333,0.0421312
aeeem,org::eclipse::pde::internal::ui::editor::build::BuildEditor,15.0,23,8,0,227.429,147.0,132.0,0,38.0,6.3913,50.0,5.73913,15.0,0.652174,114.988,5,4,0,0,0,14.7404,0.0246504,0.0370337,0.393407,0.0563036
aeeem,org::eclipse::pde::ui::templates::TemplateField,32.0,12,6,1,333.143,109.0,77.0,0,42.0,9.08333,42.0,6.41667,42.0,2.66667,79.9371,0,0,0,0,0,6.41569,0.00218327,0.0163241,0.169334,0.0343568
aeeem,org::eclipse::pde::internal::core::builders::FeatureErrorReporter,-23.0,7,4,0,133.571,90.0,113.0,0,67.0,12.8571,94.0,16.1429,5.0,-3.28571,82.3413,3,2,0,0,0,9.04795,0.0179082,0.0257251,0.251191,0.0420074
aeeem,org::eclipse::pde::internal::core::plugin::PluginLibrary,86.0,40,9,1,335.286,442.0,356.0,1,203.0,11.05,121.0,8.9,82.0,2.15,115.056,6,6,2,0,0,16.7735,0.0505492,0.0372739,0.432571,0.0489734
aeeem,org::eclipse::pde::internal::ui::editor::target::TargetEditor,128.0,16,5,0,144.857,179.0,51.0,0,97.0,11.1875,41.0,3.1875,97.0,8.0,80.2315,8,5,0,0,0,12.7638,0.029334,0.0341052,0.347701,0.0524937
aeeem,org::eclipse::pde::internal::core::bundle::BundlePluginModelBase,43.0,31,5,1,227.429,312.0,269.0,0,74.0,10.0645,53.0,8.67742,21.0,1.3871,73.7633,5,4,0,0,0,20.1092,0.0357184,0.0486957,0.530239,0.0742309
aeeem,org::eclipse::pde::internal::ui::editor::text::HTMLPrinter,160.0,8,4,0,110.857,335.0,175.0,0,221.0,41.875,65.0,21.875,169.0,20.0,20.8367,4,2,0,0,0,5.15869,0.133329,0.0166206,0.147555,0.0360106
aeeem,org::eclipse::pde::internal::ui::editor::site::SynchronizePropertiesWizard,-3.0,7,5,0,194.0,15.0,18.0,0,6.0,2.14286,5.0,2.57143,1.0,-0.428571,90.5714,2,2,0,0,0,8.69863,0.0044925,0.0224606,0.231362,0.0444271
aeeem,org::eclipse::pde::internal::ui::wizards::exports::ExportOptionsTab,424.0,17,4,0,140.0,554.0,130.0,0,185.0,32.5882,82.0,7.64706,185.0,24.9412,20.6235,4,2,0,0,0,11.3129,0.0934679,0.0411838,0.331233,0.103476
aeeem,org::eclipse::pde::internal::runtime::registry::ConfigurationAttributeAdapter,10.0,2,1,0,131.857,10.0,0.0,0,10.0,5.0,0.0,0.0,10.0,5.0,0.428571,2,2,0,0,0,1.27443,0.00233191,0.00191648,0.0303627,0.00018245
aeeem,org::eclipse::pde::internal::ui::preferences::TargetPluginsTab,1858.0,64,6,3,149.143,2814.0,956.0,3,491.0,43.9687,256.0,14.9375,491.0,29.0313,29.6997,24,19,1,1,1,28.6537,0.562202,0.122037,0.884783,0.208569
aeeem,org::eclipse::pde::internal::ui::editor::SystemFileEditorInput,12.0,10,7,1,335.286,39.0,27.0,0,14.0,3.9,8.0,2.7,6.0,1.2,176.245,0,0,0,0,0,6.41569,0.00318931,0.0163241,0.169334,0.0343568
aeeem,org::eclipse::pde::internal::core::schema::SchemaComplexType,49.0,18,7,2,335.286,177.0,128.0,0,74.0,9.83333,65.0,7.11111,25.0,2.72222,111.533,0,0,0,0,0,8.47667,0.0108429,0.0187344,0.216638,0.0315775
aeeem,org::eclipse::pde::internal::ui::correction::AbstractPDEMarkerResolution,40.0,20,3,6,152.0,413.0,373.0,1,112.0,20.65,223.0,18.65,112.0,2.0,24.4732,7,6,0,0,0,7.53288,0.0825864,0.0188366,0.199282,0.0348956
aeeem,org::eclipse::pde::internal::core::ant::FeatureExportTask,7.0,5,4,0,128.143,15.0,8.0,0,8.0,3.0,6.0,1.6,7.0,1.4,47.2,2,1,0,0,0,5.88474,0.00460637,0.0169887,0.163011,0.0328532
aeeem,org::eclipse::pde::internal::ui::editor::text::XMLScanner,34.0,16,7,0,241.0,145.0,111.0,0,24.0,9.0625,24.0,6.9375,21.0,2.125,84.1744,3,2,0,0,0,8.81525,0.0203456,0.0229261,0.235264,0.0449365
aeeem,org::eclipse::pde::internal::ui::correction::RemoveUnknownExecEnvironments,8.0,3,2,0,125.286,12.0,4.0,0,10.0,4.0,4.0,1.33333,10.0,2.66667,16.9762,2,2,0,0,0,2.8819,0.00315583,0.0118826,0.0886869,0.0341681
aeeem,org::eclipse::pde::internal::ui::editor::site::PortabilitySection,-38.0,9,4,0,194.571,159.0,197.0,0,75.0,17.6667,72.0,21.8889,9.0,-4.22222,44.8239,1,0,0,0,0,8.67717,0.0279816,0.0225766,0.231637,0.0426041
aeeem,org::eclipse::pde::internal::ui::editor::build::BuildHyperlinkDetector,-11.0,5,4,0,118.0,22.0,33.0,0,19.0,4.4,30.0,6.6,0.0,-2.2,76.8896,2,1,0,0,0,3.69105,0.00346792,0.0182639,0.120863,0.058722
aeeem,org::eclipse::pde::internal::core::plugin::PluginImport,151.0,36,9,1,335.286,337.0,186.0,0,80.0,9.36111,45.0,5.16667,65.0,4.19444,171.594,9,9,1,0,0,17.3119,0.0528335,0.0372054,0.442344,0.0473836
aeeem,org::eclipse::pde::internal::ui::editor::cheatsheet::comp::CompCSEditorContributor,0.0,4,2,0,99.2857,22.0,22.0,0,21.0,5.5,21.0,5.5,21.0,0.0,17.6104,3,2,0,0,0,3.04262,0.0200844,0.00824699,0.0842624,0.00870198
aeeem,org::eclipse::pde::internal::ui::tests::macro::DefaultIndexHandler,0.0,2,2,0,183.857,4.0,4.0,0,4.0,2.0,4.0,2.0,0.0,0.0,148.0,0,0,0,0,0,1.77712,0.000311572,0.00961856,0.0609203,0.0309529
aeeem,org::eclipse::pde::internal::ui::compare::PluginContentMergeViewerCreator,0.0,1,1,0,59.0,0.0,0.0,0,0.0,0.0,0.0,0.0,0.0,0.0,0.0,1,1,0,0,0,0.0,0.0,0.0,0.0,0.0
aeeem,org::eclipse::pde::internal::ui::wizards::plugin::PluginClassCodeGenerator,46.0,34,6,0,240.714,852.0,806.0,0,233.0,25.0588,226.0,23.7059,55.0,1.35294,29.4946,8,6,0,0,0,19.0688,0.0636167,0.0369963,0.472586,0.0505126
aeeem,org::eclipse::pde::internal::ui::util::FileExtensionFilter,20.0,7,4,0,188.429,41.0,21.0,0,10.0,5.85714,11.0,3.0,10.0,2.85714,58.5575,1,1,1,0,0,8.1934,0.0148351,0.0186406,0.209779,0.0352596
aeeem,org::eclipse::pde::internal::ui::editor::plugin::LibrarySection,353.0,49,9,2,227.429,1329.0,976.0,0,267.0,27.1224,327.0,19.9184,202.0,7.20408,119.445,18,14,1,0,0,26.5914,0.271202,0.0693451,0.705493,0.130538
aeeem,org::eclipse::pde::internal::ui::editor::KeyValueSourcePage,9.0,20,5,0,227.429,93.0,84.0,0,16.0,4.65,26.0,4.2,10.0,0.45,82.0061,6,5,2,0,1,17.2695,0.0258595,0.0329428,0.428158,0.0375809
aeeem,org::eclipse::pde::internal::ui::wizards::extension::NewSchemaFileWizard,32.0,12,7,1,335.286,86.0,54.0,0,28.0,7.16667,19.0,4.5,12.0,2.66667,109.752,0,0,0,0,0,7.72196,0.00558685,0.0177746,0.198359,0.0343746
aeeem,org::eclipse::pde::internal::core::text::AbstractEditingModel,610.0,16,4,1,151.143,658.0,48.0,0,279.0,41.125,37.0,3.0,279.0,38.125,13.6928,5,4,1,0,0,12.8023,0.044066,0.0324599,0.343141,0.0490764
aeeem,org::eclipse::pde::internal::ui::editor::plugin::rows::IdAttributeRow,32.0,5,1,0,29.2857,39.0,7.0,0,34.0,7.8,3.0,1.4,32.0,6.4,8.90476,4,2,1,0,0,2.9034,0.027253,0.0234512,0.11519,0.0915618
aeeem,org::eclipse::pde::internal::ui::properties::PluginDevelopmentPage,15.0,10,3,0,158.0,56.0,41.0,0,24.0,5.6,18.0,4.1,15.0,1.5,39.2934,3,3,0,0,0,6.78705,0.0168739,0.0178616,0.182017,0.0349605
aeeem,org::eclipse::pde::internal::core::plugin::PluginExtensionPoint,89.0,36,8,2,335.286,330.0,241.0,0,79.0,9.16667,67.0,6.69444,35.0,2.47222,157.189,7,7,0,0,0,18.2025,0.0560302,0.0443091,0.481541,0.0652758
aeeem,org::eclipse::pde::internal::ui::editor::feature::PortabilitySection,35.0,28,7,1,335.286,822.0,787.0,0,269.0,29.3571,332.0,28.1071,196.0,1.25,96.9082,2,1,1,0,1,8.67717,0.0735075,0.0225766,0.231637,0.0426041
aeeem,org::eclipse::pde::internal::ui::editor::cheatsheet::simple::SimpleCSHyperlinkDetector,-1.0,4,2,0,56.4286,9.0,10.0,0,4.0,2.25,5.0,2.5,0.0,-0.25,9.90476,1,0,0,0,0,3.15241,0.00142556,0.0149602,0.103077,0.0427992
aeeem,org::eclipse::pde::internal::ui::templates::rcp::ViewRCPNewWizard,0.0,2,2,0,95.5714,2.0,2.0,1,2.0,1.0,2.0,1.0,0.0,0.0,58.5714,2,0,0,0,0,1.56044,0.000665113,0.00803114,0.0525856,0.0247077
aeeem,org::eclipse::pde::internal::ui::tests::macro::KeyCommand,3.0,5,3,0,183.857,18.0,15.0,0,8.0,3.6,9.0,3.0,5.0,0.6,93.6032,0,0,0,0,0,6.01575,0.00536829,0.0177997,0.167057,0.0373325
aeeem,org::eclipse::pde::internal::core::bundle::BundleObject,46.0,22,8,2,258.857,134.0,88.0,0,40.0,6.09091,39.0,4.0,36.0,2.09091,136.453,3,3,0,0,0,17.2759,0.0316434,0.0364657,0.439795,0.0447109
aeeem,org::eclipse::pde::internal::ui::refactoring::GeneralRenameIDWizardPage,4.0,3,1,0,45.8571,22.0,18.0,1,12.0,7.33333,18.0,6.0,10.0,1.33333,7.75325,1,0,0,0,0,3.05459,0.00514939,0.0158218,0.103073,0.0489416
aeeem,org::eclipse::pde::internal::core::text::toc::TocDocumentFactory,317.0,10,3,0,59.5714,414.0,97.0,0,187.0,41.4,25.0,9.7,187.0,31.7,1.77812,2,1,0,0,0,4.41258,0.0241977,0.0185832,0.138856,0.0463837
aeeem,org::eclipse::pde::internal::runtime::registry::ConfigurationElementAdapter,4.0,3,2,0,381.0,4.0,0.0,0,4.0,1.33333,0.0,0.0,4.0,1.33333,0.571429,0,0,0,0,0,0.0,0.0,0.0,0.0,0.0
aeeem,org::eclipse::pde::ui::launcher::OSGiLaunchShortcut,23.0,4,3,0,104.429,29.0,6.0,1,23.0,7.25,5.0,1.5,23.0,5.75,16.1872,1,1,0,0,0,4.31805,0.00796643,0.0465416,0.191213,0.124527
aeeem,org::eclipse::pde::internal::ui::editor::context::UTF8InputContext,10.0,7,5,0,227.429,21.0,11.0,0,10.0,3.0,4.0,1.57143,10.0,1.42857,52.6327,0,0,0,0,0,6.41569,0.00267571,0.0163241,0.169334,0.0343568
aeeem,org::eclipse::pde::internal::core::PDECore,-92.0,124,8,3,335.286,1505.0,1597.0,1,238.0,12.1371,287.0,12.879,35.0,-0.741935,110.56,27,27,8,6,6,34.7864,0.315343,0.0866736,0.92035,0.145977
aeeem,org::eclipse::pde::internal::ui::wizards::tools::ConvertedProjectsPage,-123.0,49,5,1,240.714,461.0,584.0,1,124.0,9.40816,223.0,11.9184,112.0,-2.5102,102.725,15,13,1,0,0,23.3982,0.207969,0.0512332,0.600741,0.0690419
aeeem,org::eclipse::pde::internal::ui::refactoring::ManifestPackageRenameParticipant,93.0,8,3,0,158.143,127.0,34.0,0,48.0,15.875,17.0,4.25,48.0,11.625,18.2104,1,1,0,0,0,7.67247,0.0193451,0.0220722,0.212049,0.0424553
aeeem,org::eclipse::pde::internal::ui::correction::AbstractXMLMarkerResolution,34.0,14,4,4,129.429,141.0,107.0,0,40.0,10.0714,33.0,7.64286,28.0,2.42857,22.9139,7,6,0,0,0,9.95194,0.0300361,0.0287108,0.276744,0.0503854
aeeem,org::eclipse::pde::internal::ui::editor::cheatsheet::comp::details::CompCSTaskGroupDetails,155.0,20,2,0,99.2857,293.0,138.0,0,97.0,14.65,70.0,6.9,91.0,7.75,22.1409,15,5,0,0,0,13.1365,0.0807899,0.0377487,0.367256,0.0562295
aeeem,org::eclipse::pde::internal::ui::editor::cheatsheet::comp::CompCSGroupValidator,-14.0,2,2,0,98.0,17.0,31.0,0,17.0,8.5,31.0,15.5,0.0,-7.0,63.8571,1,1,0,0,0,1.76682,0.0011972,0.0100966,0.0617154,0.0339284
aeeem,org::eclipse::pde::core::plugin::PluginRegistry,3.0,3,2,0,85.2857,13.0,10.0,0,9.0,4.33333,9.0,3.33333,3.0,1.0,52.7033,1,0,0,0,0,2.67051,0.00496457,0.016802,0.0963492,0.059399
aeeem,org::eclipse::pde::internal::core::site::SiteCategory,21.0,16,7,1,302.571,64.0,43.0,0,13.0,4.0,11.0,2.6875,10.0,1.3125,99.4174,1,1,0,0,0,10.1983,0.00586499,0.0202628,0.253344,0.0314679
aeeem,org::eclipse::pde::internal::ui::editor::text::ManifestElementHyperlink,-7.0,4,2,0,118.0,13.0,20.0,0,10.0,3.25,19.0,5.0,10.0,-1.75,46.5604,1,0,0,0,0,4.50348,0.0115197,0.0167792,0.135081,0.0404484
aeeem,org::eclipse::pde::internal::core::builders::ErrorReporter,7.0,5,3,0,133.571,35.0,28.0,0,11.0,7.0,12.0,5.6,10.0,1.4,47.2612,3,2,0,0,0,6.02143,0.011071,0.0196951,0.17342,0.0420861
aeeem,org::eclipse::pde::internal::core::builders::DependencyLoopFinder,53.0,8,5,0,335.286,110.0,57.0,0,87.0,13.75,30.0,7.125,57.0,6.625,203.332,2,2,0,0,0,7.61847,0.0243707,0.0220075,0.211703,0.0397237
aeeem,org::eclipse::pde::internal::ui::templates::ide::EditorNewWizard,1.0,2,2,0,95.5714,2.0,1.0,1,2.0,1.0,1.0,0.5,1.0,0.5,58.5714,2,0,0,0,0,1.56044,0.000498835,0.00803114,0.0525856,0.0247077
aeeem,org::eclipse::pde::internal::core::plugin::AbbreviatedPluginHandler,-1.0,2,2,0,96.0,6.0,7.0,0,6.0,3.0,7.0,3.5,0.0,-0.5,59.8571,1,1,0,0,0,1.77712,0.000506304,0.00961856,0.0609203,0.0309529
