dataset,feature_set,model,cv_folds,fold,row_index,y_true,y_pred,y_score
aeeem_pde,static,logistic_regression,5,1,3,0,0,0.3033635930134516
aeeem_pde,static,logistic_regression,5,1,4,0,0,0.2827148008143245
aeeem_pde,static,logistic_regression,5,1,5,0,0,0.24750731273095058
aeeem_pde,static,logistic_regression,5,1,11,0,0,0.44753801296775747
aeeem_pde,static,logistic_regression,5,1,15,0,0,0.23422793119465446
aeeem_pde,static,logistic_regression,5,1,25,1,1,0.7938119896997035
aeeem_pde,static,logistic_regression,5,1,48,0,0,0.35424918064595146
aeeem_pde,static,logistic_regression,5,1,55,0,0,0.31543516454032083
aeeem_pde,static,logistic_regression,5,1,57,0,0,0.3828857182138608
aeeem_pde,static,logistic_regression,5,1,60,0,1,0.9031830791195176
aeeem_pde,static,logistic_regression,5,1,64,0,0,0.1683158909688535
aeeem_pde,static,logistic_regression,5,1,67,0,0,0.320357539400221
aeeem_pde,static,logistic_regression,5,1,78,0,0,0.27463097765481237
aeeem_pde,static,logistic_regression,5,1,80,0,0,0.17962559739816172
aeeem_pde,static,logistic_regression,5,1,87,0,0,0.3421665483781514
aeeem_pde,static,logistic_regression,5,1,88,0,0,0.18790774174437766
aeeem_pde,static,logistic_regression,5,1,89,0,0,0.26039185596572034
aeeem_pde,static,logistic_regression,5,1,94,0,1,0.6020556582993593
aeeem_pde,static,logistic_regression,5,1,99,0,1,0.9772355999113382
aeeem_pde,static,logistic_regression,5,1,101,0,0,0.15023286489906668
aeeem_pde,static,logistic_regression,5,1,106,0,0,0.12504322989067482
aeeem_pde,static,logistic_regression,5,1,112,0,1,0.7114831285539408
aeeem_pde,static,logistic_regression,5,1,114,0,1,0.6939745128392137
aeeem_pde,static,logistic_regression,5,1,118,0,0,0.02812837768430778
aeeem_pde,static,logistic_regression,5,1,125,0,0,0.3994586106479328
aeeem_pde,static,logistic_regression,5,1,129,0,0,0.2404224372824581
aeeem_pde,static,logistic_regression,5,1,134,0,0,0.3252762364890536
aeeem_pde,static,logistic_regression,5,1,138,0,0,0.34184491746661344
aeeem_pde,static,logistic_regression,5,1,146,1,1,0.7599307894510601
aeeem_pde,static,logistic_regression,5,1,150,0,0,0.34342137600046313
aeeem_pde,static,logistic_regression,5,1,154,1,0,0.3405432130560951
aeeem_pde,static,logistic_regression,5,1,156,1,0,0.11276373154978488
aeeem_pde,static,logistic_regression,5,1,163,0,0,0.05324651306925795
aeeem_pde,static,logistic_regression,5,1,166,0,1,0.6667486724503056
aeeem_pde,static,logistic_regression,5,1,170,0,0,0.25545503376991635
aeeem_pde,static,logistic_regression,5,1,173,0,1,0.6001239435902589
aeeem_pde,static,logistic_regression,5,1,178,1,1,0.6215984355301117
aeeem_pde,static,logistic_regression,5,1,182,0,0,0.22443903309534075
aeeem_pde,static,logistic_regression,5,1,186,0,0,0.044798419689113377
aeeem_pde,static,logistic_regression,5,1,187,0,0,0.04556454430011661
aeeem_pde,static,logistic_regression,5,1,188,0,0,0.4862504826389789
aeeem_pde,static,logistic_regression,5,1,198,0,0,0.07576726971205278
aeeem_pde,static,logistic_regression,5,1,206,0,1,0.5705836589190336
aeeem_pde,static,logistic_regression,5,1,212,1,1,0.6487955149527281
aeeem_pde,static,logistic_regression,5,1,213,0,0,0.38767814568088044
aeeem_pde,static,logistic_regression,5,1,214,1,0,0.47099599630613315
aeeem_pde,static,logistic_regression,5,1,221,0,0,0.12294493164674862
aeeem_pde,static,logistic_regression,5,1,226,0,0,0.04933324926081559
aeeem_pde,static,logistic_regression,5,1,227,0,0,0.4127045201093243
aeeem_pde,static,logistic_regression,5,1,230,0,0,0.30973728245739646
aeeem_pde,static,logistic_regression,5,1,234,0,0,0.06486324906588357
aeeem_pde,static,logistic_regression,5,1,261,0,0,0.35417030338312505
aeeem_pde,static,logistic_regression,5,1,265,1,1,0.7451596184268664
aeeem_pde,static,logistic_regression,5,1,270,0,0,0.3745303842138097
aeeem_pde,static,logistic_regression,5,1,272,0,0,0.39362484299971745
aeeem_pde,static,logistic_regression,5,1,273,0,0,0.10208336184090572
aeeem_pde,static,logistic_regression,5,1,282,0,0,0.25692625368881866
aeeem_pde,static,logistic_regression,5,1,287,0,1,0.8406989030239677
aeeem_pde,static,logistic_regression,5,1,288,0,0,0.14669692708298346
aeeem_pde,static,logistic_regression,5,1,294,0,0,0.4308190195382195
aeeem_pde,static,logistic_regression,5,1,305,0,0,0.0856772935185503
aeeem_pde,static,logistic_regression,5,1,313,0,0,0.04213096955434825
aeeem_pde,static,logistic_regression,5,1,322,0,0,0.4162516254320681
aeeem_pde,static,logistic_regression,5,1,326,0,0,0.052688598197207365
aeeem_pde,static,logistic_regression,5,1,346,1,0,0.342557729436651
aeeem_pde,static,logistic_regression,5,1,351,0,0,0.2420702521291399
aeeem_pde,static,logistic_regression,5,1,358,1,1,0.5303556684455638
aeeem_pde,static,logistic_regression,5,1,361,0,0,0.44017030343757146
aeeem_pde,static,logistic_regression,5,1,362,1,1,0.9771999064184549
aeeem_pde,static,logistic_regression,5,1,379,0,0,0.0584601988188038
aeeem_pde,static,logistic_regression,5,1,400,0,0,0.05393434887522072
aeeem_pde,static,logistic_regression,5,1,401,0,0,0.05147579324578921
aeeem_pde,static,logistic_regression,5,1,404,0,1,0.9399287495917881
aeeem_pde,static,logistic_regression,5,1,415,0,0,0.34387831870525
aeeem_pde,static,logistic_regression,5,1,423,0,1,0.9472822715680356
aeeem_pde,static,logistic_regression,5,1,427,0,0,0.35416894645532576
aeeem_pde,static,logistic_regression,5,1,430,0,0,0.3204619992419274
aeeem_pde,static,logistic_regression,5,1,461,0,0,0.4143641531619302
aeeem_pde,static,logistic_regression,5,1,462,0,0,0.3575298012695073
aeeem_pde,static,logistic_regression,5,1,463,0,0,0.4183766966951533
aeeem_pde,static,logistic_regression,5,1,466,0,0,0.33758622860600124
aeeem_pde,static,logistic_regression,5,1,476,0,0,0.07619814078228383
aeeem_pde,static,logistic_regression,5,1,477,0,0,0.2326414308916419
aeeem_pde,static,logistic_regression,5,1,491,1,0,0.49121127210417914
aeeem_pde,static,logistic_regression,5,1,493,1,1,0.5633488650252902
aeeem_pde,static,logistic_regression,5,1,497,0,0,0.31214147966198286
aeeem_pde,static,logistic_regression,5,1,498,0,1,0.8960457626426762
aeeem_pde,static,logistic_regression,5,1,508,0,1,0.7053335747199347
aeeem_pde,static,logistic_regression,5,1,514,0,0,0.10319270396286019
aeeem_pde,static,logistic_regression,5,1,517,0,0,0.021013710924505064
aeeem_pde,static,logistic_regression,5,1,520,0,1,0.6414888059506455
aeeem_pde,static,logistic_regression,5,1,521,0,0,0.36714339144294783
aeeem_pde,static,logistic_regression,5,1,544,0,0,0.37708827569527453
aeeem_pde,static,logistic_regression,5,1,545,1,1,0.5292869768237339
aeeem_pde,static,logistic_regression,5,1,549,0,0,0.09113567991637314
aeeem_pde,static,logistic_regression,5,1,550,0,0,0.2988631930560267
aeeem_pde,static,logistic_regression,5,1,558,0,1,0.6742159525361351
aeeem_pde,static,logistic_regression,5,1,562,0,0,0.13565090844515307
aeeem_pde,static,logistic_regression,5,1,575,1,1,0.857393312099962
aeeem_pde,static,logistic_regression,5,1,576,0,0,0.4776502667150762
aeeem_pde,static,logistic_regression,5,1,578,0,0,0.2750056608562
aeeem_pde,static,logistic_regression,5,1,581,0,0,0.3781839807842878
aeeem_pde,static,logistic_regression,5,1,583,0,0,0.36094594914844763
aeeem_pde,static,logistic_regression,5,1,585,0,0,0.23929594544475086
aeeem_pde,static,logistic_regression,5,1,586,1,1,0.9954829380748037
aeeem_pde,static,logistic_regression,5,1,588,0,0,0.22690669562031518
aeeem_pde,static,logistic_regression,5,1,589,0,0,0.36875176195146825
aeeem_pde,static,logistic_regression,5,1,594,0,0,0.166117174561183
aeeem_pde,static,logistic_regression,5,1,602,0,0,0.34268728507824264
aeeem_pde,static,logistic_regression,5,1,612,0,0,0.43915252667703636
aeeem_pde,static,logistic_regression,5,1,613,0,0,0.37416192664930087
aeeem_pde,static,logistic_regression,5,1,615,0,1,0.7146181534371312
aeeem_pde,static,logistic_regression,5,1,621,0,0,0.2967081897207547
aeeem_pde,static,logistic_regression,5,1,622,0,0,0.18991393864900907
aeeem_pde,static,logistic_regression,5,1,626,0,0,0.14975026531702154
aeeem_pde,static,logistic_regression,5,1,634,0,1,0.5085915616672411
aeeem_pde,static,logistic_regression,5,1,635,0,0,0.24182495120386574
aeeem_pde,static,logistic_regression,5,1,638,0,0,0.07808391854903612
aeeem_pde,static,logistic_regression,5,1,643,0,1,0.778224269430898
aeeem_pde,static,logistic_regression,5,1,644,0,1,0.7528878156935768
aeeem_pde,static,logistic_regression,5,1,645,1,0,0.3500429000928349
aeeem_pde,static,logistic_regression,5,1,646,1,0,0.29790091193208945
aeeem_pde,static,logistic_regression,5,1,651,0,1,0.6993490576412604
aeeem_pde,static,logistic_regression,5,1,664,0,0,0.23533984213241255
aeeem_pde,static,logistic_regression,5,1,670,0,0,0.4591134875023833
aeeem_pde,static,logistic_regression,5,1,672,1,0,0.3500631356555596
aeeem_pde,static,logistic_regression,5,1,674,0,0,0.10409586100918339
aeeem_pde,static,logistic_regression,5,1,675,0,1,0.7708836537087774
aeeem_pde,static,logistic_regression,5,1,676,1,0,0.3702235522932216
aeeem_pde,static,logistic_regression,5,1,678,0,0,0.3918193097986889
aeeem_pde,static,logistic_regression,5,1,687,0,0,0.2723849356541241
aeeem_pde,static,logistic_regression,5,1,688,0,1,0.7025615983634184
aeeem_pde,static,logistic_regression,5,1,690,0,0,0.4012361779689435
aeeem_pde,static,logistic_regression,5,1,701,0,0,0.28062874504425256
aeeem_pde,static,logistic_regression,5,1,704,0,0,0.41505154827254914
aeeem_pde,static,logistic_regression,5,1,707,0,0,0.17034523279040886
aeeem_pde,static,logistic_regression,5,1,708,0,0,0.19566341127711798
aeeem_pde,static,logistic_regression,5,1,709,0,0,0.36089621591219423
aeeem_pde,static,logistic_regression,5,1,713,0,0,0.2662886436543268
aeeem_pde,static,logistic_regression,5,1,715,0,0,0.3085663679713982
aeeem_pde,static,logistic_regression,5,1,717,0,0,0.38730651254158965
aeeem_pde,static,logistic_regression,5,1,727,0,1,0.7113492592020456
aeeem_pde,static,logistic_regression,5,1,729,1,0,0.28113012626507955
aeeem_pde,static,logistic_regression,5,1,732,0,0,0.1720110427646422
aeeem_pde,static,logistic_regression,5,1,737,0,1,0.6397177405405609
aeeem_pde,static,logistic_regression,5,1,759,0,1,0.7896788270767828
aeeem_pde,static,logistic_regression,5,1,760,0,0,0.2597076560470721
aeeem_pde,static,logistic_regression,5,1,762,0,0,0.3971802859541603
aeeem_pde,static,logistic_regression,5,1,763,0,0,0.1552663377646562
aeeem_pde,static,logistic_regression,5,1,764,0,0,0.40692399960141784
aeeem_pde,static,logistic_regression,5,1,768,0,0,0.49344490471182867
aeeem_pde,static,logistic_regression,5,1,778,0,0,0.058171530029565564
aeeem_pde,static,logistic_regression,5,1,787,0,0,0.13483616128998993
aeeem_pde,static,logistic_regression,5,1,789,0,0,0.4623522163706686
aeeem_pde,static,logistic_regression,5,1,792,0,1,0.738731867992231
aeeem_pde,static,logistic_regression,5,1,794,0,1,0.7629250560531342
aeeem_pde,static,logistic_regression,5,1,797,0,0,0.39166324057699237
aeeem_pde,static,logistic_regression,5,1,800,0,0,0.3768472418094393
aeeem_pde,static,logistic_regression,5,1,801,0,0,0.3571255542681907
aeeem_pde,static,logistic_regression,5,1,816,0,1,0.7338590797685052
aeeem_pde,static,logistic_regression,5,1,817,0,1,0.5662746485339393
aeeem_pde,static,logistic_regression,5,1,820,0,0,0.4077775851770614
aeeem_pde,static,logistic_regression,5,1,824,0,0,0.008530359576420544
aeeem_pde,static,logistic_regression,5,1,828,0,0,0.3957270367544142
aeeem_pde,static,logistic_regression,5,1,833,0,0,0.4406761052743879
aeeem_pde,static,logistic_regression,5,1,839,0,0,0.39948391257361343
aeeem_pde,static,logistic_regression,5,1,840,0,1,0.5541322286920174
aeeem_pde,static,logistic_regression,5,1,841,1,1,0.9455624266386865
aeeem_pde,static,logistic_regression,5,1,842,0,0,0.3676740182337686
aeeem_pde,static,logistic_regression,5,1,843,0,0,0.4416550714439216
aeeem_pde,static,logistic_regression,5,1,847,0,0,0.25723131581596553
aeeem_pde,static,logistic_regression,5,1,848,0,0,0.3615236977581552
aeeem_pde,static,logistic_regression,5,1,851,0,1,0.8654493655628688
aeeem_pde,static,logistic_regression,5,1,860,0,0,0.49009357670642667
aeeem_pde,static,logistic_regression,5,1,867,1,1,0.9873740488995855
aeeem_pde,static,logistic_regression,5,1,874,1,1,0.9856277927002468
aeeem_pde,static,logistic_regression,5,1,877,0,0,0.2603853956764438
aeeem_pde,static,logistic_regression,5,1,881,0,0,0.16309621301224983
aeeem_pde,static,logistic_regression,5,1,882,0,0,0.43510813301943735
aeeem_pde,static,logistic_regression,5,1,888,0,0,0.3885233293953084
aeeem_pde,static,logistic_regression,5,1,897,0,0,0.09250413728045152
aeeem_pde,static,logistic_regression,5,1,903,1,1,0.6779696004723352
aeeem_pde,static,logistic_regression,5,1,910,0,0,0.1653563146776275
aeeem_pde,static,logistic_regression,5,1,920,0,0,0.15499855194084405
aeeem_pde,static,logistic_regression,5,1,926,0,0,0.1695707949891781
aeeem_pde,static,logistic_regression,5,1,931,0,0,0.41000838886730884
aeeem_pde,static,logistic_regression,5,1,940,0,0,0.3810896915046733
aeeem_pde,static,logistic_regression,5,1,944,1,1,0.6238783256221313
aeeem_pde,static,logistic_regression,5,1,945,0,0,0.08323914053180635
aeeem_pde,static,logistic_regression,5,1,946,0,0,0.3236317443856126
aeeem_pde,static,logistic_regression,5,1,949,1,1,0.9478089272241262
aeeem_pde,static,logistic_regression,5,1,956,1,1,0.5501652012074639
aeeem_pde,static,logistic_regression,5,1,962,0,1,0.6132891108006262
aeeem_pde,static,logistic_regression,5,1,964,0,0,0.10862930176600111
aeeem_pde,static,logistic_regression,5,1,968,0,0,0.24134356051401704
aeeem_pde,static,logistic_regression,5,1,978,0,1,0.6578064065108004
aeeem_pde,static,logistic_regression,5,1,981,0,0,0.01696624447228503
aeeem_pde,static,logistic_regression,5,1,983,0,0,0.33436703447499894
aeeem_pde,static,logistic_regression,5,1,990,0,0,0.13730803701380034
aeeem_pde,static,logistic_regression,5,1,1000,0,0,0.13961800315322445
aeeem_pde,static,logistic_regression,5,1,1001,0,1,0.666433260912417
aeeem_pde,static,logistic_regression,5,1,1004,0,0,0.2272269224620643
aeeem_pde,static,logistic_regression,5,1,1007,0,1,0.8215879966688227
aeeem_pde,static,logistic_regression,5,1,1011,0,0,0.3468236764316575
aeeem_pde,static,logistic_regression,5,1,1014,0,0,0.3289785989619663
aeeem_pde,static,logistic_regression,5,1,1015,0,0,0.1324249043130628
aeeem_pde,static,logistic_regression,5,1,1017,1,0,0.42296568531717593
aeeem_pde,static,logistic_regression,5,1,1024,0,1,0.9707346846655137
aeeem_pde,static,logistic_regression,5,1,1027,0,1,0.65231973435022
aeeem_pde,static,logistic_regression,5,1,1033,0,0,0.13373620241787545
aeeem_pde,static,logistic_regression,5,1,1044,0,0,0.3424060988142319
aeeem_pde,static,logistic_regression,5,1,1047,0,0,0.23858540093607852
aeeem_pde,static,logistic_regression,5,1,1052,0,0,0.21346765001699874
aeeem_pde,static,logistic_regression,5,1,1056,0,0,0.4622994253263734
aeeem_pde,static,logistic_regression,5,1,1060,0,0,0.41201727353894035
aeeem_pde,static,logistic_regression,5,1,1071,0,0,0.13319718574092643
aeeem_pde,static,logistic_regression,5,1,1076,0,0,0.29192610123434903
aeeem_pde,static,logistic_regression,5,1,1077,0,0,0.36862958344738905
aeeem_pde,static,logistic_regression,5,1,1078,0,0,0.4781307339704264
aeeem_pde,static,logistic_regression,5,1,1081,0,0,0.3393379041681003
aeeem_pde,static,logistic_regression,5,1,1094,0,1,0.7781823569577985
aeeem_pde,static,logistic_regression,5,1,1097,0,0,0.40687629010451
aeeem_pde,static,logistic_regression,5,1,1103,0,0,0.2140716856069044
aeeem_pde,static,logistic_regression,5,1,1110,0,0,0.0770412698575249
aeeem_pde,static,logistic_regression,5,1,1118,1,0,0.33872443191454565
aeeem_pde,static,logistic_regression,5,1,1121,0,0,0.1995604191147118
aeeem_pde,static,logistic_regression,5,1,1123,0,0,0.42170980870820785
aeeem_pde,static,logistic_regression,5,1,1129,1,0,0.0966893976103292
aeeem_pde,static,logistic_regression,5,1,1139,0,0,0.45345400492186266
aeeem_pde,static,logistic_regression,5,1,1140,0,0,0.21929305814037275
aeeem_pde,static,logistic_regression,5,1,1143,0,1,0.6613563111338062
aeeem_pde,static,logistic_regression,5,1,1153,0,0,0.08616117742024546
aeeem_pde,static,logistic_regression,5,1,1170,0,0,0.43743826053193197
aeeem_pde,static,logistic_regression,5,1,1171,0,1,0.555215473084246
aeeem_pde,static,logistic_regression,5,1,1173,0,0,0.3205490941298428
aeeem_pde,static,logistic_regression,5,1,1176,1,0,0.23635949820635951
aeeem_pde,static,logistic_regression,5,1,1181,0,1,0.6354127951468351
aeeem_pde,static,logistic_regression,5,1,1182,0,0,0.31398529794910673
aeeem_pde,static,logistic_regression,5,1,1185,1,1,0.580120971133958
aeeem_pde,static,logistic_regression,5,1,1187,0,0,0.09275584860504285
aeeem_pde,static,logistic_regression,5,1,1194,0,0,0.1806968831968633
aeeem_pde,static,logistic_regression,5,1,1195,1,0,0.315764013683976
aeeem_pde,static,logistic_regression,5,1,1196,0,0,0.18571050010734655
aeeem_pde,static,logistic_regression,5,1,1203,1,1,0.8203683719498138
aeeem_pde,static,logistic_regression,5,1,1215,0,0,0.3866330400042331
aeeem_pde,static,logistic_regression,5,1,1216,0,0,0.09435036736518523
aeeem_pde,static,logistic_regression,5,1,1219,0,1,0.8670758660955546
aeeem_pde,static,logistic_regression,5,1,1220,0,0,0.20994543240270472
aeeem_pde,static,logistic_regression,5,1,1232,0,0,0.1418452779674313
aeeem_pde,static,logistic_regression,5,1,1239,0,1,0.5832063078830912
aeeem_pde,static,logistic_regression,5,1,1243,1,1,0.9921378618513462
aeeem_pde,static,logistic_regression,5,1,1245,0,0,0.05209869801697045
aeeem_pde,static,logistic_regression,5,1,1248,0,1,0.6461102658541701
aeeem_pde,static,logistic_regression,5,1,1249,0,0,0.19014366265023475
aeeem_pde,static,logistic_regression,5,1,1251,0,1,0.5428985815799584
aeeem_pde,static,logistic_regression,5,1,1253,0,0,0.16220785447245248
aeeem_pde,static,logistic_regression,5,1,1258,0,0,0.2897339182133769
aeeem_pde,static,logistic_regression,5,1,1268,0,0,0.016975692156142457
aeeem_pde,static,logistic_regression,5,1,1278,0,0,0.3932482082000646
aeeem_pde,static,logistic_regression,5,1,1284,0,0,0.34915504686853427
aeeem_pde,static,logistic_regression,5,1,1286,0,1,0.5217137048115394
aeeem_pde,static,logistic_regression,5,1,1289,0,1,0.6223187518217955
aeeem_pde,static,logistic_regression,5,1,1296,0,0,0.45595821720579666
aeeem_pde,static,logistic_regression,5,1,1297,0,0,0.0940877837749173
aeeem_pde,static,logistic_regression,5,1,1299,0,0,0.46528520792906114
aeeem_pde,static,logistic_regression,5,1,1304,0,0,0.327350391291729
aeeem_pde,static,logistic_regression,5,1,1308,0,0,0.16009746523695204
aeeem_pde,static,logistic_regression,5,1,1309,0,1,0.5203702900176043
aeeem_pde,static,logistic_regression,5,1,1335,1,1,0.5863079563426279
aeeem_pde,static,logistic_regression,5,1,1342,0,1,0.7518068608632028
aeeem_pde,static,logistic_regression,5,1,1350,0,0,0.16287068561540022
aeeem_pde,static,logistic_regression,5,1,1364,0,1,0.5301559807861056
aeeem_pde,static,logistic_regression,5,1,1368,1,1,0.6753908061557272
aeeem_pde,static,logistic_regression,5,1,1373,0,0,0.059171895410676835
aeeem_pde,static,logistic_regression,5,1,1374,0,1,0.7996730100195155
aeeem_pde,static,logistic_regression,5,1,1376,0,1,0.8245153744083917
aeeem_pde,static,logistic_regression,5,1,1378,0,1,0.703985219188557
aeeem_pde,static,logistic_regression,5,1,1384,1,0,0.4543809375836811
aeeem_pde,static,logistic_regression,5,1,1388,1,1,0.8464369333326135
aeeem_pde,static,logistic_regression,5,1,1390,1,0,0.23289264316909286
aeeem_pde,static,logistic_regression,5,1,1393,0,0,0.3584926432172703
aeeem_pde,static,logistic_regression,5,1,1394,0,0,0.3538684539684837
aeeem_pde,static,logistic_regression,5,1,1398,1,1,0.5636281424782782
aeeem_pde,static,logistic_regression,5,1,1402,0,0,0.431508358355483
aeeem_pde,static,logistic_regression,5,1,1405,0,0,0.23980247243587793
aeeem_pde,static,logistic_regression,5,1,1418,0,0,0.3140695437585739
aeeem_pde,static,logistic_regression,5,1,1419,0,0,0.3470922501397934
aeeem_pde,static,logistic_regression,5,1,1429,0,0,0.12581746067077365
aeeem_pde,static,logistic_regression,5,1,1430,0,0,0.4082737647871152
aeeem_pde,static,logistic_regression,5,1,1434,0,1,0.8985299471437114
aeeem_pde,static,logistic_regression,5,1,1439,0,0,0.43760075141392485
aeeem_pde,static,logistic_regression,5,1,1440,0,0,0.19334485233881435
aeeem_pde,static,logistic_regression,5,1,1447,0,0,0.014543797057918566
aeeem_pde,static,logistic_regression,5,1,1451,0,0,0.13135838605170602
aeeem_pde,static,logistic_regression,5,1,1460,0,0,0.41836907967609643
aeeem_pde,static,logistic_regression,5,1,1469,0,0,0.36677002179773954
aeeem_pde,static,logistic_regression,5,1,1470,0,0,0.11685974482193796
aeeem_pde,static,logistic_regression,5,1,1483,0,0,0.10081556959391343
aeeem_pde,static,logistic_regression,5,1,1487,0,0,0.24592586347952933
aeeem_pde,static,logistic_regression,5,1,1491,0,0,0.2937567920354192
aeeem_pde,static,logistic_regression,5,2,2,0,0,0.38700140815236933
aeeem_pde,static,logistic_regression,5,2,7,0,0,0.2821731410435176
aeeem_pde,static,logistic_regression,5,2,13,0,0,0.4140710063283022
aeeem_pde,static,logistic_regression,5,2,19,0,1,0.506449792881815
aeeem_pde,static,logistic_regression,5,2,22,0,0,0.4700358231586841
aeeem_pde,static,logistic_regression,5,2,23,1,1,0.7904239303217545
aeeem_pde,static,logistic_regression,5,2,36,0,0,0.07188804394852555
aeeem_pde,static,logistic_regression,5,2,37,0,0,0.07371799136075549
aeeem_pde,static,logistic_regression,5,2,38,0,0,0.4109383637467174
aeeem_pde,static,logistic_regression,5,2,39,0,0,0.3213745494067093
aeeem_pde,static,logistic_regression,5,2,43,0,0,0.07171644140648452
aeeem_pde,static,logistic_regression,5,2,45,1,0,0.4425080679791763
aeeem_pde,static,logistic_regression,5,2,46,1,0,0.3080242169629857
aeeem_pde,static,logistic_regression,5,2,47,0,0,0.32938032134328665
aeeem_pde,static,logistic_regression,5,2,50,0,1,0.5972103995029419
aeeem_pde,static,logistic_regression,5,2,53,0,0,0.41204952103884895
aeeem_pde,static,logistic_regression,5,2,59,0,0,0.3811211569357616
aeeem_pde,static,logistic_regression,5,2,65,0,0,0.438962987829711
aeeem_pde,static,logistic_regression,5,2,66,1,1,0.9485769978817331
aeeem_pde,static,logistic_regression,5,2,71,0,0,0.10667372380082937
aeeem_pde,static,logistic_regression,5,2,79,0,0,0.46614558699720593
aeeem_pde,static,logistic_regression,5,2,81,0,0,0.4242393866800049
aeeem_pde,static,logistic_regression,5,2,83,0,0,0.08202366548621072
aeeem_pde,static,logistic_regression,5,2,85,0,1,0.5946428638044757
aeeem_pde,static,logistic_regression,5,2,93,0,1,0.7759910197167604
aeeem_pde,static,logistic_regression,5,2,97,1,0,0.00016624571854715605
aeeem_pde,static,logistic_regression,5,2,104,0,1,0.736016018257957
aeeem_pde,static,logistic_regression,5,2,105,0,0,0.16765172143233584
aeeem_pde,static,logistic_regression,5,2,110,0,0,0.2843116769141019
aeeem_pde,static,logistic_regression,5,2,121,0,0,0.3693019768799207
aeeem_pde,static,logistic_regression,5,2,122,0,0,0.2192124409491054
aeeem_pde,static,logistic_regression,5,2,137,0,0,0.17202847501319893
aeeem_pde,static,logistic_regression,5,2,139,0,0,0.4024478357662063
aeeem_pde,static,logistic_regression,5,2,143,0,0,0.42017759258112514
aeeem_pde,static,logistic_regression,5,2,147,0,0,0.3903478244507501
aeeem_pde,static,logistic_regression,5,2,152,0,0,0.15487052339037904
aeeem_pde,static,logistic_regression,5,2,158,0,0,0.4621542096595663
aeeem_pde,static,logistic_regression,5,2,165,0,0,0.3811211569357616
aeeem_pde,static,logistic_regression,5,2,167,0,0,0.02465527163516389
aeeem_pde,static,logistic_regression,5,2,168,1,1,0.6062178088013441
aeeem_pde,static,logistic_regression,5,2,169,0,0,0.49948805017975645
aeeem_pde,static,logistic_regression,5,2,180,0,0,0.3684930638478054
aeeem_pde,static,logistic_regression,5,2,190,0,0,0.18329431051099515
aeeem_pde,static,logistic_regression,5,2,193,0,1,0.558526192647023
aeeem_pde,static,logistic_regression,5,2,197,0,0,0.48611112002830015
aeeem_pde,static,logistic_regression,5,2,209,0,0,0.16068971595025974
aeeem_pde,static,logistic_regression,5,2,210,0,0,0.20301725955143693
aeeem_pde,static,logistic_regression,5,2,219,0,0,0.08204509067013344
aeeem_pde,static,logistic_regression,5,2,223,0,0,0.23283655461369335
aeeem_pde,static,logistic_regression,5,2,228,0,0,0.1732463391130223
aeeem_pde,static,logistic_regression,5,2,233,0,0,0.14116121651971808
aeeem_pde,static,logistic_regression,5,2,238,0,0,0.2262601257555691
aeeem_pde,static,logistic_regression,5,2,247,0,1,0.5536466902715558
aeeem_pde,static,logistic_regression,5,2,252,0,0,0.38092614691077675
aeeem_pde,static,logistic_regression,5,2,262,0,0,0.28226792029225095
aeeem_pde,static,logistic_regression,5,2,268,0,0,0.33655891016814793
aeeem_pde,static,logistic_regression,5,2,276,0,0,0.30420857257318806
aeeem_pde,static,logistic_regression,5,2,279,0,1,0.5490963029075343
aeeem_pde,static,logistic_regression,5,2,280,0,0,0.3617142825329386
aeeem_pde,static,logistic_regression,5,2,281,0,0,0.2173958794601262
aeeem_pde,static,logistic_regression,5,2,283,0,1,0.842252895455708
aeeem_pde,static,logistic_regression,5,2,284,0,0,0.38138581034041336
aeeem_pde,static,logistic_regression,5,2,285,0,1,0.5439596753033817
aeeem_pde,static,logistic_regression,5,2,297,0,0,0.1974655184669486
aeeem_pde,static,logistic_regression,5,2,298,0,0,0.44961299922918474
aeeem_pde,static,logistic_regression,5,2,309,0,0,0.2517438711500186
aeeem_pde,static,logistic_regression,5,2,311,0,1,0.8753591496163039
aeeem_pde,static,logistic_regression,5,2,312,0,0,0.42383587214763163
aeeem_pde,static,logistic_regression,5,2,316,0,0,0.3612722571228188
aeeem_pde,static,logistic_regression,5,2,317,0,0,0.4866929132782242
aeeem_pde,static,logistic_regression,5,2,327,1,0,0.4818926205155305
aeeem_pde,static,logistic_regression,5,2,330,0,0,0.46538248246964004
aeeem_pde,static,logistic_regression,5,2,333,0,0,0.2778245465416576
aeeem_pde,static,logistic_regression,5,2,335,0,0,0.4311538676504553
aeeem_pde,static,logistic_regression,5,2,337,0,0,0.258758799236613
aeeem_pde,static,logistic_regression,5,2,338,1,1,0.6129403528022237
aeeem_pde,static,logistic_regression,5,2,343,0,0,0.4979068229728461
aeeem_pde,static,logistic_regression,5,2,355,0,0,0.4866700464925311
aeeem_pde,static,logistic_regression,5,2,356,0,0,0.39477625944789435
aeeem_pde,static,logistic_regression,5,2,364,0,0,0.06222938824975185
aeeem_pde,static,logistic_regression,5,2,367,1,1,0.6617296829361062
aeeem_pde,static,logistic_regression,5,2,371,0,0,0.483823447559391
aeeem_pde,static,logistic_regression,5,2,372,1,1,0.6960044489983505
aeeem_pde,static,logistic_regression,5,2,373,0,1,0.7393170645210264
aeeem_pde,static,logistic_regression,5,2,376,0,1,0.5556188336798162
aeeem_pde,static,logistic_regression,5,2,377,0,0,0.13144394866752754
aeeem_pde,static,logistic_regression,5,2,386,0,0,0.10908205407651245
aeeem_pde,static,logistic_regression,5,2,393,0,0,0.19056533840515238
aeeem_pde,static,logistic_regression,5,2,395,0,0,0.3714472143120418
aeeem_pde,static,logistic_regression,5,2,396,0,0,0.2849796845518923
aeeem_pde,static,logistic_regression,5,2,397,0,1,0.6729004185972062
aeeem_pde,static,logistic_regression,5,2,405,1,1,0.6301218884195259
aeeem_pde,static,logistic_regression,5,2,407,0,1,0.5018264801283062
aeeem_pde,static,logistic_regression,5,2,414,0,0,0.44600712774055445
aeeem_pde,static,logistic_regression,5,2,416,0,0,0.03203688616625689
aeeem_pde,static,logistic_regression,5,2,422,1,0,0.46939027960583624
aeeem_pde,static,logistic_regression,5,2,431,0,0,0.033715950775473395
aeeem_pde,static,logistic_regression,5,2,432,0,0,0.21863892425134956
aeeem_pde,static,logistic_regression,5,2,433,0,1,0.5978114729878413
aeeem_pde,static,logistic_regression,5,2,434,0,0,0.43102193749172363
aeeem_pde,static,logistic_regression,5,2,435,0,0,0.25538742616799665
aeeem_pde,static,logistic_regression,5,2,441,0,0,0.41334369276707766
aeeem_pde,static,logistic_regression,5,2,447,0,0,0.49279547619660186
aeeem_pde,static,logistic_regression,5,2,455,0,0,0.3914793943928383
aeeem_pde,static,logistic_regression,5,2,468,0,0,0.4965502328350285
aeeem_pde,static,logistic_regression,5,2,475,0,0,0.37287093929471155
aeeem_pde,static,logistic_regression,5,2,483,0,1,0.8836803345533445
aeeem_pde,static,logistic_regression,5,2,485,0,0,0.407051244059269
aeeem_pde,static,logistic_regression,5,2,487,0,0,0.10687957704444091
aeeem_pde,static,logistic_regression,5,2,489,0,0,0.45218220736517833
aeeem_pde,static,logistic_regression,5,2,490,1,1,0.7416225386882936
aeeem_pde,static,logistic_regression,5,2,503,0,0,0.21042456135689439
aeeem_pde,static,logistic_regression,5,2,505,0,1,0.684509962014617
aeeem_pde,static,logistic_regression,5,2,512,0,1,0.5933844142186813
aeeem_pde,static,logistic_regression,5,2,513,1,1,0.5322383672704869
aeeem_pde,static,logistic_regression,5,2,518,0,1,0.8286313088152003
aeeem_pde,static,logistic_regression,5,2,524,0,0,0.14733987142502686
aeeem_pde,static,logistic_regression,5,2,541,0,0,0.1883464212926417
aeeem_pde,static,logistic_regression,5,2,543,0,0,0.27606983652045897
aeeem_pde,static,logistic_regression,5,2,551,0,0,0.19653337552568956
aeeem_pde,static,logistic_regression,5,2,552,0,0,0.23463743879253776
aeeem_pde,static,logistic_regression,5,2,554,0,0,0.4406750803184031
aeeem_pde,static,logistic_regression,5,2,572,0,0,0.18132940845431378
aeeem_pde,static,logistic_regression,5,2,577,0,1,0.9767272658355827
aeeem_pde,static,logistic_regression,5,2,579,0,0,0.18316154125152942
aeeem_pde,static,logistic_regression,5,2,582,0,0,0.17927899553900561
aeeem_pde,static,logistic_regression,5,2,595,0,0,0.16177288292688943
aeeem_pde,static,logistic_regression,5,2,599,0,0,0.36788997029849474
aeeem_pde,static,logistic_regression,5,2,608,0,0,0.1823084588476672
aeeem_pde,static,logistic_regression,5,2,616,0,0,0.1414772664843068
aeeem_pde,static,logistic_regression,5,2,617,0,0,0.4259683778916893
aeeem_pde,static,logistic_regression,5,2,636,1,0,0.3750743378206786
aeeem_pde,static,logistic_regression,5,2,642,0,0,0.13599686086092144
aeeem_pde,static,logistic_regression,5,2,647,0,0,0.3222778138996163
aeeem_pde,static,logistic_regression,5,2,650,0,0,0.2485510752801089
aeeem_pde,static,logistic_regression,5,2,656,1,0,0.023896662808379793
aeeem_pde,static,logistic_regression,5,2,660,0,1,0.7794768240494007
aeeem_pde,static,logistic_regression,5,2,661,1,1,0.6155817269865466
aeeem_pde,static,logistic_regression,5,2,663,0,0,0.024607213560708493
aeeem_pde,static,logistic_regression,5,2,667,0,0,0.306602410136096
aeeem_pde,static,logistic_regression,5,2,680,0,0,0.370445641569579
aeeem_pde,static,logistic_regression,5,2,681,0,1,0.6251158365193171
aeeem_pde,static,logistic_regression,5,2,691,0,0,0.1752090521199096
aeeem_pde,static,logistic_regression,5,2,694,0,1,0.5208200944950759
aeeem_pde,static,logistic_regression,5,2,697,0,0,0.37714619040466835
aeeem_pde,static,logistic_regression,5,2,705,0,0,0.3576965159276664
aeeem_pde,static,logistic_regression,5,2,712,0,0,0.27295327954385257
aeeem_pde,static,logistic_regression,5,2,718,0,1,0.7876842072279104
aeeem_pde,static,logistic_regression,5,2,721,0,0,0.4638751413029262
aeeem_pde,static,logistic_regression,5,2,725,0,1,0.6026005686651088
aeeem_pde,static,logistic_regression,5,2,728,0,0,0.282369751810587
aeeem_pde,static,logistic_regression,5,2,741,0,0,0.21521642722160844
aeeem_pde,static,logistic_regression,5,2,742,0,0,0.03197491153576546
aeeem_pde,static,logistic_regression,5,2,745,0,0,0.3996867564879454
aeeem_pde,static,logistic_regression,5,2,748,0,0,0.3783690691497577
aeeem_pde,static,logistic_regression,5,2,757,0,0,0.24368729173368786
aeeem_pde,static,logistic_regression,5,2,770,0,0,0.24371683468185662
aeeem_pde,static,logistic_regression,5,2,772,0,0,0.3329959539057326
aeeem_pde,static,logistic_regression,5,2,774,0,0,0.35869460078923754
aeeem_pde,static,logistic_regression,5,2,776,0,0,0.4680338925179348
aeeem_pde,static,logistic_regression,5,2,777,0,0,0.37943644596583453
aeeem_pde,static,logistic_regression,5,2,779,0,0,0.3509587331913686
aeeem_pde,static,logistic_regression,5,2,781,0,0,0.4082382245817065
aeeem_pde,static,logistic_regression,5,2,788,0,0,0.45277926585570083
aeeem_pde,static,logistic_regression,5,2,796,0,0,0.16797564576739318
aeeem_pde,static,logistic_regression,5,2,802,0,1,0.5147186529974256
aeeem_pde,static,logistic_regression,5,2,804,0,0,0.49852157296285565
aeeem_pde,static,logistic_regression,5,2,807,1,0,0.32690722909936987
aeeem_pde,static,logistic_regression,5,2,809,0,0,0.3149905898079852
aeeem_pde,static,logistic_regression,5,2,811,0,0,0.35437388813884463
aeeem_pde,static,logistic_regression,5,2,812,0,1,0.7516727815139611
aeeem_pde,static,logistic_regression,5,2,814,0,0,0.05608553401585869
aeeem_pde,static,logistic_regression,5,2,815,0,0,0.0009510848961710071
aeeem_pde,static,logistic_regression,5,2,827,1,0,0.05891905420141949
aeeem_pde,static,logistic_regression,5,2,832,0,0,0.25864966701484027
aeeem_pde,static,logistic_regression,5,2,836,1,1,0.5204082316765811
aeeem_pde,static,logistic_regression,5,2,857,0,0,0.38202084001111575
aeeem_pde,static,logistic_regression,5,2,858,0,0,0.42043097083966985
aeeem_pde,static,logistic_regression,5,2,862,1,0,0.442055009417928
aeeem_pde,static,logistic_regression,5,2,866,0,0,0.3960931303867817
aeeem_pde,static,logistic_regression,5,2,870,0,1,0.5458463143871004
aeeem_pde,static,logistic_regression,5,2,873,0,1,0.7673879046616461
aeeem_pde,static,logistic_regression,5,2,875,0,0,0.38411228294407
aeeem_pde,static,logistic_regression,5,2,878,0,0,0.20486998479466711
aeeem_pde,static,logistic_regression,5,2,879,0,0,0.3894947908851444
aeeem_pde,static,logistic_regression,5,2,889,0,1,0.9158498293013408
aeeem_pde,static,logistic_regression,5,2,892,0,0,0.40148520972126034
aeeem_pde,static,logistic_regression,5,2,895,0,0,0.24684243927225336
aeeem_pde,static,logistic_regression,5,2,911,0,1,0.8490325330983174
aeeem_pde,static,logistic_regression,5,2,912,0,0,0.19620790183469045
aeeem_pde,static,logistic_regression,5,2,917,0,0,0.4307892109927264
aeeem_pde,static,logistic_regression,5,2,918,0,0,0.4552236138900702
aeeem_pde,static,logistic_regression,5,2,919,0,0,0.45478392358505326
aeeem_pde,static,logistic_regression,5,2,923,0,0,0.28777705569135237
aeeem_pde,static,logistic_regression,5,2,927,0,0,0.21452796354528708
aeeem_pde,static,logistic_regression,5,2,935,0,0,0.3926013933756758
aeeem_pde,static,logistic_regression,5,2,937,1,0,0.47199127992500256
aeeem_pde,static,logistic_regression,5,2,941,0,0,0.16605929771584654
aeeem_pde,static,logistic_regression,5,2,947,0,0,0.46051686162693034
aeeem_pde,static,logistic_regression,5,2,950,0,0,0.05113921589969708
aeeem_pde,static,logistic_regression,5,2,952,0,0,0.29394282518143766
aeeem_pde,static,logistic_regression,5,2,966,0,0,0.3213705056000101
aeeem_pde,static,logistic_regression,5,2,969,0,0,0.4090408468743444
aeeem_pde,static,logistic_regression,5,2,970,0,1,0.6416924920472228
aeeem_pde,static,logistic_regression,5,2,979,1,0,0.37296957768743927
aeeem_pde,static,logistic_regression,5,2,991,0,0,0.06056399252150332
aeeem_pde,static,logistic_regression,5,2,997,0,1,0.6704444883759979
aeeem_pde,static,logistic_regression,5,2,998,0,0,0.4161159055408567
aeeem_pde,static,logistic_regression,5,2,1009,0,1,0.5094514850779616
aeeem_pde,static,logistic_regression,5,2,1012,0,0,0.2770999633332768
aeeem_pde,static,logistic_regression,5,2,1022,0,0,0.25576421782162334
aeeem_pde,static,logistic_regression,5,2,1025,0,0,0.05999346481376264
aeeem_pde,static,logistic_regression,5,2,1028,0,0,0.36129124576821753
aeeem_pde,static,logistic_regression,5,2,1030,1,0,0.30296169240221077
aeeem_pde,static,logistic_regression,5,2,1031,1,1,0.8024177629468807
aeeem_pde,static,logistic_regression,5,2,1036,1,0,0.40841984213584215
aeeem_pde,static,logistic_regression,5,2,1039,0,0,0.18906750621509885
aeeem_pde,static,logistic_regression,5,2,1048,0,0,0.4421911592549003
aeeem_pde,static,logistic_regression,5,2,1062,1,1,0.5998222408196373
aeeem_pde,static,logistic_regression,5,2,1063,0,1,0.662784607278975
aeeem_pde,static,logistic_regression,5,2,1065,0,0,0.1414772664843068
aeeem_pde,static,logistic_regression,5,2,1066,1,0,0.4662531401284248
aeeem_pde,static,logistic_regression,5,2,1072,0,1,0.649408236900728
aeeem_pde,static,logistic_regression,5,2,1082,0,0,0.22395488704865796
aeeem_pde,static,logistic_regression,5,2,1084,0,1,0.5584240575912675
aeeem_pde,static,logistic_regression,5,2,1090,0,0,0.11816812575221004
aeeem_pde,static,logistic_regression,5,2,1091,0,0,0.3944015455599312
aeeem_pde,static,logistic_regression,5,2,1093,0,0,0.3681070126615254
aeeem_pde,static,logistic_regression,5,2,1095,1,0,0.34047275643034214
aeeem_pde,static,logistic_regression,5,2,1100,1,1,0.5320916844272151
aeeem_pde,static,logistic_regression,5,2,1108,0,0,0.338979732158761
aeeem_pde,static,logistic_regression,5,2,1111,0,0,0.32796735148648537
aeeem_pde,static,logistic_regression,5,2,1113,1,1,0.7554222612697351
aeeem_pde,static,logistic_regression,5,2,1115,0,0,0.2365974804707506
aeeem_pde,static,logistic_regression,5,2,1116,0,0,0.438902479962806
aeeem_pde,static,logistic_regression,5,2,1120,0,0,0.48201140000791964
aeeem_pde,static,logistic_regression,5,2,1126,0,0,0.0287533990651268
aeeem_pde,static,logistic_regression,5,2,1130,0,0,0.38821440311525446
aeeem_pde,static,logistic_regression,5,2,1152,0,1,0.5977272852774287
aeeem_pde,static,logistic_regression,5,2,1159,0,0,0.4757168033962359
aeeem_pde,static,logistic_regression,5,2,1172,0,1,0.5877779872664434
aeeem_pde,static,logistic_regression,5,2,1188,0,0,0.42670515452751806
aeeem_pde,static,logistic_regression,5,2,1189,0,1,0.5122124372883805
aeeem_pde,static,logistic_regression,5,2,1193,0,0,0.4427830539084565
aeeem_pde,static,logistic_regression,5,2,1199,1,1,0.5679298102668745
aeeem_pde,static,logistic_regression,5,2,1207,1,1,0.8661749127238751
aeeem_pde,static,logistic_regression,5,2,1210,0,0,0.07321243315962889
aeeem_pde,static,logistic_regression,5,2,1214,1,1,0.6525486444886657
aeeem_pde,static,logistic_regression,5,2,1217,0,1,0.7172548040584116
aeeem_pde,static,logistic_regression,5,2,1223,0,0,0.4301223417817687
aeeem_pde,static,logistic_regression,5,2,1242,0,0,0.004355180118170891
aeeem_pde,static,logistic_regression,5,2,1250,0,0,0.36138536778782115
aeeem_pde,static,logistic_regression,5,2,1254,1,0,0.45128187775470774
aeeem_pde,static,logistic_regression,5,2,1257,0,0,0.353606244811013
aeeem_pde,static,logistic_regression,5,2,1264,0,0,0.14879042594325292
aeeem_pde,static,logistic_regression,5,2,1266,1,0,0.4715358716139431
aeeem_pde,static,logistic_regression,5,2,1267,0,0,0.3811211569357616
aeeem_pde,static,logistic_regression,5,2,1269,0,0,0.10603012765269608
aeeem_pde,static,logistic_regression,5,2,1275,0,1,0.6075396334846791
aeeem_pde,static,logistic_regression,5,2,1279,0,0,6.238837818199151e-05
aeeem_pde,static,logistic_regression,5,2,1283,0,0,0.24371683468185662
aeeem_pde,static,logistic_regression,5,2,1292,0,1,0.5728862811668207
aeeem_pde,static,logistic_regression,5,2,1293,0,0,0.23648326284932975
aeeem_pde,static,logistic_regression,5,2,1295,0,0,0.2985136687741662
aeeem_pde,static,logistic_regression,5,2,1302,0,0,0.0554315758630915
aeeem_pde,static,logistic_regression,5,2,1307,1,1,0.6809813440416994
aeeem_pde,static,logistic_regression,5,2,1314,0,0,0.0009510848961710071
aeeem_pde,static,logistic_regression,5,2,1318,0,0,0.4170084761290994
aeeem_pde,static,logistic_regression,5,2,1341,0,0,0.4671375300688069
aeeem_pde,static,logistic_regression,5,2,1351,0,1,0.5740759920863555
aeeem_pde,static,logistic_regression,5,2,1354,0,0,0.4451533188885496
aeeem_pde,static,logistic_regression,5,2,1366,0,0,0.3730602956156049
aeeem_pde,static,logistic_regression,5,2,1367,0,0,0.043647172605990825
aeeem_pde,static,logistic_regression,5,2,1379,0,0,0.28832189457540425
aeeem_pde,static,logistic_regression,5,2,1380,0,0,0.38716483449943956
aeeem_pde,static,logistic_regression,5,2,1381,0,0,0.33449830704271116
aeeem_pde,static,logistic_regression,5,2,1382,0,0,0.23919382234728864
aeeem_pde,static,logistic_regression,5,2,1400,0,0,0.42845465818333495
aeeem_pde,static,logistic_regression,5,2,1401,0,0,0.1485927758961692
aeeem_pde,static,logistic_regression,5,2,1404,1,1,0.6101460445326728
aeeem_pde,static,logistic_regression,5,2,1409,0,1,0.5302862390317471
aeeem_pde,static,logistic_regression,5,2,1412,0,0,0.3986141543740898
aeeem_pde,static,logistic_regression,5,2,1414,0,0,0.42625864351963105
aeeem_pde,static,logistic_regression,5,2,1416,0,0,0.2329616620112193
aeeem_pde,static,logistic_regression,5,2,1421,0,0,0.22319925020516831
aeeem_pde,static,logistic_regression,5,2,1432,0,0,0.1588628923537398
aeeem_pde,static,logistic_regression,5,2,1435,1,0,0.3724034516216112
aeeem_pde,static,logistic_regression,5,2,1442,1,1,0.8344824938987656
aeeem_pde,static,logistic_regression,5,2,1443,0,0,0.4138735752012152
aeeem_pde,static,logistic_regression,5,2,1444,1,1,0.6448124540147327
aeeem_pde,static,logistic_regression,5,2,1446,0,1,0.8212292769928345
aeeem_pde,static,logistic_regression,5,2,1463,0,0,0.40289645654545236
aeeem_pde,static,logistic_regression,5,2,1466,0,0,0.34643647375121644
aeeem_pde,static,logistic_regression,5,2,1472,0,0,0.4488533748043053
aeeem_pde,static,logistic_regression,5,2,1475,0,0,0.33440076064674396
aeeem_pde,static,logistic_regression,5,2,1478,0,0,0.4112078021795606
aeeem_pde,static,logistic_regression,5,2,1480,0,0,0.2972200345587478
aeeem_pde,static,logistic_regression,5,2,1484,1,1,0.616186815449206
aeeem_pde,static,logistic_regression,5,2,1488,0,0,0.239823264169578
aeeem_pde,static,logistic_regression,5,2,1490,0,1,0.5931394932241962
aeeem_pde,static,logistic_regression,5,3,6,1,1,0.999999999999158
aeeem_pde,static,logistic_regression,5,3,9,0,0,0.4145961434593829
aeeem_pde,static,logistic_regression,5,3,12,0,0,0.16794938832644032
aeeem_pde,static,logistic_regression,5,3,14,0,0,0.3491892320989622
aeeem_pde,static,logistic_regression,5,3,18,0,1,0.5785118777377989
aeeem_pde,static,logistic_regression,5,3,20,0,0,0.2185475479945495
aeeem_pde,static,logistic_regression,5,3,27,0,0,0.41455412117533974
aeeem_pde,static,logistic_regression,5,3,28,0,0,0.41339833576284585
aeeem_pde,static,logistic_regression,5,3,54,0,0,0.14507980716247582
aeeem_pde,static,logistic_regression,5,3,61,0,0,0.2519307104801041
aeeem_pde,static,logistic_regression,5,3,63,1,1,0.9724136028357445
aeeem_pde,static,logistic_regression,5,3,68,0,1,0.5119468115799889
aeeem_pde,static,logistic_regression,5,3,70,0,0,0.13281284865579446
aeeem_pde,static,logistic_regression,5,3,72,0,1,0.5904284298029266
aeeem_pde,static,logistic_regression,5,3,73,0,0,0.13645956894014455
aeeem_pde,static,logistic_regression,5,3,77,0,1,0.5040656324007659
aeeem_pde,static,logistic_regression,5,3,84,0,0,0.06424212567511924
aeeem_pde,static,logistic_regression,5,3,92,0,0,0.4703658878450769
aeeem_pde,static,logistic_regression,5,3,95,0,0,0.1081740288050228
aeeem_pde,static,logistic_regression,5,3,98,0,0,0.24767033075883169
aeeem_pde,static,logistic_regression,5,3,103,1,0,0.4303653113238775
aeeem_pde,static,logistic_regression,5,3,107,0,0,0.3438153682333473
aeeem_pde,static,logistic_regression,5,3,109,0,0,0.12075351051249429
aeeem_pde,static,logistic_regression,5,3,116,0,0,0.22414179401655493
aeeem_pde,static,logistic_regression,5,3,117,0,0,0.3960274723575566
aeeem_pde,static,logistic_regression,5,3,126,1,0,0.48337441029451444
aeeem_pde,static,logistic_regression,5,3,127,0,0,0.21615597076356977
aeeem_pde,static,logistic_regression,5,3,128,0,0,0.32779598493084733
aeeem_pde,static,logistic_regression,5,3,130,1,1,0.5823230930313382
aeeem_pde,static,logistic_regression,5,3,136,1,1,0.6127667966065307
aeeem_pde,static,logistic_regression,5,3,142,0,0,0.25472935231227495
aeeem_pde,static,logistic_regression,5,3,145,0,1,0.6499466258934451
aeeem_pde,static,logistic_regression,5,3,155,0,0,0.09864765157167028
aeeem_pde,static,logistic_regression,5,3,157,0,0,0.21563517919319627
aeeem_pde,static,logistic_regression,5,3,161,1,1,0.5699367231348899
aeeem_pde,static,logistic_regression,5,3,171,0,1,0.5292486477570119
aeeem_pde,static,logistic_regression,5,3,175,0,0,0.13412069814024044
aeeem_pde,static,logistic_regression,5,3,183,0,0,0.4448293294031332
aeeem_pde,static,logistic_regression,5,3,184,0,0,0.2589444582465987
aeeem_pde,static,logistic_regression,5,3,207,0,0,0.06248689874886241
aeeem_pde,static,logistic_regression,5,3,208,0,0,0.21221466615676812
aeeem_pde,static,logistic_regression,5,3,215,0,0,0.46245670766795044
aeeem_pde,static,logistic_regression,5,3,220,0,0,0.09150335764506279
aeeem_pde,static,logistic_regression,5,3,237,0,0,0.07925313295857603
aeeem_pde,static,logistic_regression,5,3,241,0,1,0.5647964148804242
aeeem_pde,static,logistic_regression,5,3,242,0,0,0.40935756322787387
aeeem_pde,static,logistic_regression,5,3,245,0,0,0.4662489617352532
aeeem_pde,static,logistic_regression,5,3,249,0,0,0.22880666773220795
aeeem_pde,static,logistic_regression,5,3,251,0,0,0.1944326268459418
aeeem_pde,static,logistic_regression,5,3,253,0,0,0.012637418535239416
aeeem_pde,static,logistic_regression,5,3,263,0,0,0.11800515510445175
aeeem_pde,static,logistic_regression,5,3,264,1,1,0.6903059147795397
aeeem_pde,static,logistic_regression,5,3,267,1,1,0.6508811941398751
aeeem_pde,static,logistic_regression,5,3,275,1,0,0.27719866386914765
aeeem_pde,static,logistic_regression,5,3,286,0,0,0.27353573417722216
aeeem_pde,static,logistic_regression,5,3,289,0,1,0.5590776070792873
aeeem_pde,static,logistic_regression,5,3,291,0,1,0.6487377546259563
aeeem_pde,static,logistic_regression,5,3,292,0,0,0.37430234892587355
aeeem_pde,static,logistic_regression,5,3,293,0,0,0.21064469143932144
aeeem_pde,static,logistic_regression,5,3,300,0,0,0.38423667682138113
aeeem_pde,static,logistic_regression,5,3,301,0,0,0.37262704640793815
aeeem_pde,static,logistic_regression,5,3,308,0,1,0.7740493533019601
aeeem_pde,static,logistic_regression,5,3,310,0,0,0.033581177351517645
aeeem_pde,static,logistic_regression,5,3,318,0,0,0.14690600353470207
aeeem_pde,static,logistic_regression,5,3,319,1,0,0.47608124219687803
aeeem_pde,static,logistic_regression,5,3,325,0,1,0.5251472997859489
aeeem_pde,static,logistic_regression,5,3,329,1,1,0.9495929978253786
aeeem_pde,static,logistic_regression,5,3,334,1,1,0.7806953612259997
aeeem_pde,static,logistic_regression,5,3,340,0,0,0.3807029824352712
aeeem_pde,static,logistic_regression,5,3,341,0,0,0.1922824670724402
aeeem_pde,static,logistic_regression,5,3,348,0,0,0.22979439812085398
aeeem_pde,static,logistic_regression,5,3,349,0,0,0.023432174513532578
aeeem_pde,static,logistic_regression,5,3,357,0,1,0.5983216155532305
aeeem_pde,static,logistic_regression,5,3,359,0,0,0.1948719863261625
aeeem_pde,static,logistic_regression,5,3,363,0,1,0.5846323751690427
aeeem_pde,static,logistic_regression,5,3,366,0,0,0.38423243356995423
aeeem_pde,static,logistic_regression,5,3,368,0,1,0.5768795345373265
aeeem_pde,static,logistic_regression,5,3,369,0,1,0.547336101561863
aeeem_pde,static,logistic_regression,5,3,370,1,1,0.9991040989594381
aeeem_pde,static,logistic_regression,5,3,374,0,0,0.2929980590289696
aeeem_pde,static,logistic_regression,5,3,382,0,1,0.5225885303529264
aeeem_pde,static,logistic_regression,5,3,384,0,0,0.27116933025277623
aeeem_pde,static,logistic_regression,5,3,387,0,0,0.11536576085501604
aeeem_pde,static,logistic_regression,5,3,394,0,0,0.25588096693074824
aeeem_pde,static,logistic_regression,5,3,402,0,0,0.34694887362488674
aeeem_pde,static,logistic_regression,5,3,406,0,0,0.4365797722908662
aeeem_pde,static,logistic_regression,5,3,408,0,1,0.6935364027127116
aeeem_pde,static,logistic_regression,5,3,409,0,0,0.19261500762488512
aeeem_pde,static,logistic_regression,5,3,424,0,0,0.29426184958555296
aeeem_pde,static,logistic_regression,5,3,425,0,0,0.3104814012247349
aeeem_pde,static,logistic_regression,5,3,428,0,1,0.9674094839229477
aeeem_pde,static,logistic_regression,5,3,436,0,0,0.37176715899821866
aeeem_pde,static,logistic_regression,5,3,438,0,0,0.2204561298727101
aeeem_pde,static,logistic_regression,5,3,444,0,0,0.2157600741681907
aeeem_pde,static,logistic_regression,5,3,448,0,0,0.3022106832642151
aeeem_pde,static,logistic_regression,5,3,451,0,0,0.18180645104567517
aeeem_pde,static,logistic_regression,5,3,452,0,0,0.19942194815812256
aeeem_pde,static,logistic_regression,5,3,454,0,0,0.3487628475600883
aeeem_pde,static,logistic_regression,5,3,464,0,0,0.4782423652872807
aeeem_pde,static,logistic_regression,5,3,471,0,0,0.24006310151913995
aeeem_pde,static,logistic_regression,5,3,484,0,0,0.22459149185145974
aeeem_pde,static,logistic_regression,5,3,492,0,0,0.4617514268818942
aeeem_pde,static,logistic_regression,5,3,495,1,1,0.7553867154422056
aeeem_pde,static,logistic_regression,5,3,499,0,1,0.5803956953862017
aeeem_pde,static,logistic_regression,5,3,500,0,0,0.33078306011013026
aeeem_pde,static,logistic_regression,5,3,501,0,1,0.6607839006082855
aeeem_pde,static,logistic_regression,5,3,502,0,0,0.20572029861442984
aeeem_pde,static,logistic_regression,5,3,522,0,1,0.5519212991692226
aeeem_pde,static,logistic_regression,5,3,525,0,0,0.11512580923518254
aeeem_pde,static,logistic_regression,5,3,529,0,0,0.2234235393790772
aeeem_pde,static,logistic_regression,5,3,534,0,0,0.3749379696910397
aeeem_pde,static,logistic_regression,5,3,547,0,0,0.006430424129027947
aeeem_pde,static,logistic_regression,5,3,555,0,0,0.4979491022361182
aeeem_pde,static,logistic_regression,5,3,556,0,0,0.406995683785782
aeeem_pde,static,logistic_regression,5,3,574,0,0,0.15122210073832834
aeeem_pde,static,logistic_regression,5,3,587,0,0,0.3444325634032662
aeeem_pde,static,logistic_regression,5,3,590,1,0,0.16694627743702228
aeeem_pde,static,logistic_regression,5,3,591,0,1,0.5690079274358257
aeeem_pde,static,logistic_regression,5,3,596,0,0,0.24680215333579122
aeeem_pde,static,logistic_regression,5,3,598,0,0,0.37820372100929894
aeeem_pde,static,logistic_regression,5,3,600,0,0,0.4066635983287895
aeeem_pde,static,logistic_regression,5,3,605,0,0,0.23498544938411242
aeeem_pde,static,logistic_regression,5,3,609,0,0,0.12945152191540624
aeeem_pde,static,logistic_regression,5,3,611,0,0,0.14462038636046612
aeeem_pde,static,logistic_regression,5,3,614,0,0,0.14278010131505167
aeeem_pde,static,logistic_regression,5,3,618,0,0,0.47222522296405983
aeeem_pde,static,logistic_regression,5,3,619,0,0,0.4722196899749558
aeeem_pde,static,logistic_regression,5,3,624,1,0,0.47794231839080564
aeeem_pde,static,logistic_regression,5,3,627,0,0,0.20705858976487135
aeeem_pde,static,logistic_regression,5,3,629,0,0,0.33439640214933813
aeeem_pde,static,logistic_regression,5,3,630,0,0,0.47533113472790356
aeeem_pde,static,logistic_regression,5,3,631,0,1,0.9568483717745832
aeeem_pde,static,logistic_regression,5,3,632,0,0,0.17386195345981745
aeeem_pde,static,logistic_regression,5,3,637,0,0,0.3553633955972705
aeeem_pde,static,logistic_regression,5,3,640,0,1,0.5230354602923452
aeeem_pde,static,logistic_regression,5,3,641,0,0,0.2132821842264943
aeeem_pde,static,logistic_regression,5,3,653,0,0,0.2112247685987754
aeeem_pde,static,logistic_regression,5,3,658,0,0,0.48216235458142165
aeeem_pde,static,logistic_regression,5,3,677,0,0,0.14623568562519793
aeeem_pde,static,logistic_regression,5,3,682,1,0,0.07192584592895986
aeeem_pde,static,logistic_regression,5,3,684,0,0,0.4255053313342618
aeeem_pde,static,logistic_regression,5,3,689,0,0,0.4106373402395531
aeeem_pde,static,logistic_regression,5,3,692,0,0,0.44214526547914723
aeeem_pde,static,logistic_regression,5,3,700,0,0,0.21827422433955604
aeeem_pde,static,logistic_regression,5,3,702,0,0,0.1775355493909027
aeeem_pde,static,logistic_regression,5,3,703,0,1,0.5325410501196094
aeeem_pde,static,logistic_regression,5,3,710,1,1,0.8987810876146759
aeeem_pde,static,logistic_regression,5,3,720,0,0,0.33735232464477877
aeeem_pde,static,logistic_regression,5,3,722,0,0,0.29231687104418114
aeeem_pde,static,logistic_regression,5,3,724,0,1,0.5055117644198783
aeeem_pde,static,logistic_regression,5,3,731,0,0,0.1148040140494835
aeeem_pde,static,logistic_regression,5,3,735,0,0,0.30226130086355363
aeeem_pde,static,logistic_regression,5,3,740,1,0,0.4199331776354311
aeeem_pde,static,logistic_regression,5,3,752,0,1,0.6694728483455984
aeeem_pde,static,logistic_regression,5,3,754,0,0,0.2568229084484151
aeeem_pde,static,logistic_regression,5,3,758,0,0,0.17559896313118722
aeeem_pde,static,logistic_regression,5,3,767,0,1,0.5521421867598746
aeeem_pde,static,logistic_regression,5,3,786,0,0,0.4407391161510734
aeeem_pde,static,logistic_regression,5,3,791,0,0,0.2753130265330633
aeeem_pde,static,logistic_regression,5,3,798,1,1,0.6386803692290172
aeeem_pde,static,logistic_regression,5,3,799,1,1,0.5279428698597185
aeeem_pde,static,logistic_regression,5,3,808,1,1,0.8304366389590581
aeeem_pde,static,logistic_regression,5,3,810,0,0,0.4114752398313022
aeeem_pde,static,logistic_regression,5,3,818,1,0,0.384238738325989
aeeem_pde,static,logistic_regression,5,3,819,0,1,0.6225109641613976
aeeem_pde,static,logistic_regression,5,3,822,0,0,0.10834403010798134
aeeem_pde,static,logistic_regression,5,3,826,0,0,0.34100534108753444
aeeem_pde,static,logistic_regression,5,3,829,0,0,0.017154642806656677
aeeem_pde,static,logistic_regression,5,3,835,0,0,0.12317179727362901
aeeem_pde,static,logistic_regression,5,3,837,0,1,0.9210445620048126
aeeem_pde,static,logistic_regression,5,3,849,1,1,0.564277003177594
aeeem_pde,static,logistic_regression,5,3,850,0,0,0.012637418535239416
aeeem_pde,static,logistic_regression,5,3,853,0,0,0.4950855656530081
aeeem_pde,static,logistic_regression,5,3,854,0,0,0.39585474864279513
aeeem_pde,static,logistic_regression,5,3,859,1,0,0.4349827476221028
aeeem_pde,static,logistic_regression,5,3,872,0,0,0.07358240029243568
aeeem_pde,static,logistic_regression,5,3,887,0,0,0.39693969179925015
aeeem_pde,static,logistic_regression,5,3,891,1,0,0.02290863463494469
aeeem_pde,static,logistic_regression,5,3,894,0,0,0.07843394290831457
aeeem_pde,static,logistic_regression,5,3,896,1,0,0.30088273771413426
aeeem_pde,static,logistic_regression,5,3,898,0,0,0.3826206340605087
aeeem_pde,static,logistic_regression,5,3,905,0,0,0.4501370269576025
aeeem_pde,static,logistic_regression,5,3,908,0,0,0.1725875216191377
aeeem_pde,static,logistic_regression,5,3,909,0,0,0.09295344405734007
aeeem_pde,static,logistic_regression,5,3,913,0,0,0.2641673935347612
aeeem_pde,static,logistic_regression,5,3,914,0,1,0.6247035498287704
aeeem_pde,static,logistic_regression,5,3,916,0,0,0.42073495238366787
aeeem_pde,static,logistic_regression,5,3,925,0,0,0.1280311696077191
aeeem_pde,static,logistic_regression,5,3,928,0,0,0.00035378390868512957
aeeem_pde,static,logistic_regression,5,3,929,0,0,0.35257042675275146
aeeem_pde,static,logistic_regression,5,3,934,0,0,0.2234235393790772
aeeem_pde,static,logistic_regression,5,3,943,0,0,0.4948367750262038
aeeem_pde,static,logistic_regression,5,3,948,0,0,0.0036493317993394796
aeeem_pde,static,logistic_regression,5,3,953,0,0,0.43212549007668627
aeeem_pde,static,logistic_regression,5,3,954,0,0,0.47171593175452475
aeeem_pde,static,logistic_regression,5,3,957,0,0,0.4976439618644252
aeeem_pde,static,logistic_regression,5,3,958,0,1,0.5163770777572035
aeeem_pde,static,logistic_regression,5,3,971,0,0,0.451811055188342
aeeem_pde,static,logistic_regression,5,3,972,0,0,0.4594287172464814
aeeem_pde,static,logistic_regression,5,3,984,1,1,0.5732345266269444
aeeem_pde,static,logistic_regression,5,3,987,0,0,0.44772649787178376
aeeem_pde,static,logistic_regression,5,3,988,0,0,0.055002712249254286
aeeem_pde,static,logistic_regression,5,3,989,0,1,0.7244513365584575
aeeem_pde,static,logistic_regression,5,3,992,0,0,0.4196626390040093
aeeem_pde,static,logistic_regression,5,3,995,0,1,0.9328817856221164
aeeem_pde,static,logistic_regression,5,3,1005,1,1,0.8711314511164521
aeeem_pde,static,logistic_regression,5,3,1010,0,0,0.26708994601253944
aeeem_pde,static,logistic_regression,5,3,1021,0,0,0.2152185738259913
aeeem_pde,static,logistic_regression,5,3,1023,0,0,0.4818756549543879
aeeem_pde,static,logistic_regression,5,3,1032,0,0,0.02969088601855411
aeeem_pde,static,logistic_regression,5,3,1034,0,1,0.5457642896175476
aeeem_pde,static,logistic_regression,5,3,1038,0,1,0.5147611905304599
aeeem_pde,static,logistic_regression,5,3,1040,0,1,0.5356241593055397
aeeem_pde,static,logistic_regression,5,3,1050,0,0,0.3637091157857198
aeeem_pde,static,logistic_regression,5,3,1053,0,1,0.9291310403344439
aeeem_pde,static,logistic_regression,5,3,1057,0,0,0.10592970471303428
aeeem_pde,static,logistic_regression,5,3,1059,0,0,0.42358552837672947
aeeem_pde,static,logistic_regression,5,3,1061,0,0,0.3507460250083483
aeeem_pde,static,logistic_regression,5,3,1067,0,1,0.6689222947919565
aeeem_pde,static,logistic_regression,5,3,1075,0,0,0.4545472142466569
aeeem_pde,static,logistic_regression,5,3,1079,0,1,0.9944633187673384
aeeem_pde,static,logistic_regression,5,3,1080,0,1,0.6270083509778506
aeeem_pde,static,logistic_regression,5,3,1089,0,1,0.7155012029059985
aeeem_pde,static,logistic_regression,5,3,1099,0,0,0.0092235402695448
aeeem_pde,static,logistic_regression,5,3,1101,0,0,0.1623888280339751
aeeem_pde,static,logistic_regression,5,3,1102,0,0,0.3534138188715347
aeeem_pde,static,logistic_regression,5,3,1105,0,1,0.9102464553130759
aeeem_pde,static,logistic_regression,5,3,1114,0,0,0.3791874599081863
aeeem_pde,static,logistic_regression,5,3,1117,1,1,0.5222119868839415
aeeem_pde,static,logistic_regression,5,3,1122,0,0,0.36216752703345534
aeeem_pde,static,logistic_regression,5,3,1135,0,0,0.45803021168330194
aeeem_pde,static,logistic_regression,5,3,1136,0,0,0.29877134541396816
aeeem_pde,static,logistic_regression,5,3,1141,1,0,0.47140469159027515
aeeem_pde,static,logistic_regression,5,3,1142,1,0,0.47662752822548216
aeeem_pde,static,logistic_regression,5,3,1154,0,1,0.5964732067791307
aeeem_pde,static,logistic_regression,5,3,1156,0,0,0.020463866115957845
aeeem_pde,static,logistic_regression,5,3,1160,0,1,0.5148851089867833
aeeem_pde,static,logistic_regression,5,3,1162,0,0,0.22822386123927083
aeeem_pde,static,logistic_regression,5,3,1165,0,0,0.14009093604446804
aeeem_pde,static,logistic_regression,5,3,1167,0,1,0.9115732354645626
aeeem_pde,static,logistic_regression,5,3,1186,0,0,0.07891461767600844
aeeem_pde,static,logistic_regression,5,3,1192,0,0,0.1413972087373523
aeeem_pde,static,logistic_regression,5,3,1197,0,1,0.771582327492815
aeeem_pde,static,logistic_regression,5,3,1198,1,1,0.8391443310204384
aeeem_pde,static,logistic_regression,5,3,1201,0,0,0.4315469019076833
aeeem_pde,static,logistic_regression,5,3,1212,1,0,0.08666783464732042
aeeem_pde,static,logistic_regression,5,3,1221,0,0,0.23689587749303825
aeeem_pde,static,logistic_regression,5,3,1226,0,1,0.5365053513232013
aeeem_pde,static,logistic_regression,5,3,1227,0,1,0.7100054749217103
aeeem_pde,static,logistic_regression,5,3,1246,0,0,0.40127289791883053
aeeem_pde,static,logistic_regression,5,3,1263,0,1,0.501932654768469
aeeem_pde,static,logistic_regression,5,3,1270,0,0,0.24145993054247164
aeeem_pde,static,logistic_regression,5,3,1273,0,0,0.423729838545522
aeeem_pde,static,logistic_regression,5,3,1282,0,1,0.6357440156766042
aeeem_pde,static,logistic_regression,5,3,1285,0,0,0.4940104479855513
aeeem_pde,static,logistic_regression,5,3,1287,0,0,0.4346003937469939
aeeem_pde,static,logistic_regression,5,3,1305,1,1,0.5370330020704568
aeeem_pde,static,logistic_regression,5,3,1306,0,1,0.590547565750427
aeeem_pde,static,logistic_regression,5,3,1310,0,0,0.337182166806012
aeeem_pde,static,logistic_regression,5,3,1315,0,0,0.2568741356082417
aeeem_pde,static,logistic_regression,5,3,1316,1,1,0.6085887606672341
aeeem_pde,static,logistic_regression,5,3,1319,0,1,0.5588554907456817
aeeem_pde,static,logistic_regression,5,3,1320,0,0,0.17584676192843826
aeeem_pde,static,logistic_regression,5,3,1322,0,0,0.39205886577794685
aeeem_pde,static,logistic_regression,5,3,1323,0,0,0.3630183518626916
aeeem_pde,static,logistic_regression,5,3,1327,0,0,0.32656963867030375
aeeem_pde,static,logistic_regression,5,3,1330,0,0,0.349569125476134
aeeem_pde,static,logistic_regression,5,3,1331,0,0,0.47280120755901284
aeeem_pde,static,logistic_regression,5,3,1332,0,0,0.4773146728575833
aeeem_pde,static,logistic_regression,5,3,1334,0,0,0.3679498914139698
aeeem_pde,static,logistic_regression,5,3,1337,0,1,0.5575851571298356
aeeem_pde,static,logistic_regression,5,3,1338,0,0,0.07151421699550896
aeeem_pde,static,logistic_regression,5,3,1339,1,0,0.10212146226844335
aeeem_pde,static,logistic_regression,5,3,1344,0,1,0.6074866524184374
aeeem_pde,static,logistic_regression,5,3,1346,0,0,0.012637418535239416
aeeem_pde,static,logistic_regression,5,3,1355,0,0,0.4740913804318958
aeeem_pde,static,logistic_regression,5,3,1359,0,0,0.45235191676418657
aeeem_pde,static,logistic_regression,5,3,1360,0,1,0.618420016511666
aeeem_pde,static,logistic_regression,5,3,1362,0,0,0.17810917551719674
aeeem_pde,static,logistic_regression,5,3,1363,0,0,0.3749142407849317
aeeem_pde,static,logistic_regression,5,3,1383,0,0,0.40061305556616794
aeeem_pde,static,logistic_regression,5,3,1389,0,0,0.32216856595024085
aeeem_pde,static,logistic_regression,5,3,1392,0,1,0.5659782694353381
aeeem_pde,static,logistic_regression,5,3,1397,1,1,0.903568329798874
aeeem_pde,static,logistic_regression,5,3,1403,0,0,0.2821008409399257
aeeem_pde,static,logistic_regression,5,3,1410,0,0,0.4913431768114961
aeeem_pde,static,logistic_regression,5,3,1420,0,0,0.012405493321975504
aeeem_pde,static,logistic_regression,5,3,1422,0,0,0.01610247394584038
aeeem_pde,static,logistic_regression,5,3,1423,1,0,0.2766500222385347
aeeem_pde,static,logistic_regression,5,3,1425,0,1,0.9974536798211832
aeeem_pde,static,logistic_regression,5,3,1437,0,0,0.4112001392881665
aeeem_pde,static,logistic_regression,5,3,1445,0,0,0.3787243717045947
aeeem_pde,static,logistic_regression,5,3,1448,1,0,0.38468143369604896
aeeem_pde,static,logistic_regression,5,3,1453,0,0,0.4561748900706101
aeeem_pde,static,logistic_regression,5,3,1456,0,0,0.38552579110477403
aeeem_pde,static,logistic_regression,5,3,1458,0,0,0.15065890453636024
aeeem_pde,static,logistic_regression,5,3,1462,0,0,0.22580115164649994
aeeem_pde,static,logistic_regression,5,3,1468,0,0,0.10128678472164451
aeeem_pde,static,logistic_regression,5,3,1481,0,0,0.14230123809906828
aeeem_pde,static,logistic_regression,5,4,17,1,1,0.5623883248327826
aeeem_pde,static,logistic_regression,5,4,21,0,1,0.7158022737919084
aeeem_pde,static,logistic_regression,5,4,30,0,0,0.3670925962349579
aeeem_pde,static,logistic_regression,5,4,35,1,1,0.9491472271662276
aeeem_pde,static,logistic_regression,5,4,41,0,0,0.12335260614658491
aeeem_pde,static,logistic_regression,5,4,42,0,0,0.17415290858506904
aeeem_pde,static,logistic_regression,5,4,44,0,1,0.6854460639859634
aeeem_pde,static,logistic_regression,5,4,51,0,0,0.472556588297407
aeeem_pde,static,logistic_regression,5,4,56,0,0,0.2798335995532343
aeeem_pde,static,logistic_regression,5,4,58,0,0,0.19526726309051906
aeeem_pde,static,logistic_regression,5,4,69,0,0,0.3826556985645495
aeeem_pde,static,logistic_regression,5,4,74,0,1,0.523099170718773
aeeem_pde,static,logistic_regression,5,4,75,0,0,0.4131374161422723
aeeem_pde,static,logistic_regression,5,4,76,0,0,0.1608762944379382
aeeem_pde,static,logistic_regression,5,4,86,0,0,0.07267116295041302
aeeem_pde,static,logistic_regression,5,4,91,0,0,0.4645253668711958
aeeem_pde,static,logistic_regression,5,4,102,0,1,0.6511946230556745
aeeem_pde,static,logistic_regression,5,4,113,1,0,0.38589712409578114
aeeem_pde,static,logistic_regression,5,4,115,0,0,0.17579891127704564
aeeem_pde,static,logistic_regression,5,4,119,0,1,0.533515212459889
aeeem_pde,static,logistic_regression,5,4,120,1,0,0.007301381290369368
aeeem_pde,static,logistic_regression,5,4,123,0,1,0.5470726116667944
aeeem_pde,static,logistic_regression,5,4,131,0,0,0.3730269892087139
aeeem_pde,static,logistic_regression,5,4,133,0,0,0.3535822875642927
aeeem_pde,static,logistic_regression,5,4,135,0,0,0.11218085334504856
aeeem_pde,static,logistic_regression,5,4,140,0,0,0.3697983105583807
aeeem_pde,static,logistic_regression,5,4,144,1,1,0.9972109367771637
aeeem_pde,static,logistic_regression,5,4,153,0,0,0.4543597932117228
aeeem_pde,static,logistic_regression,5,4,160,1,0,0.3862843362865381
aeeem_pde,static,logistic_regression,5,4,162,0,0,0.1679709524980388
aeeem_pde,static,logistic_regression,5,4,177,0,0,0.37226331540763996
aeeem_pde,static,logistic_regression,5,4,185,0,0,0.062425088942516645
aeeem_pde,static,logistic_regression,5,4,189,0,0,0.4455409343294785
aeeem_pde,static,logistic_regression,5,4,192,0,0,0.3862944829971563
aeeem_pde,static,logistic_regression,5,4,195,0,0,0.34869835471177524
aeeem_pde,static,logistic_regression,5,4,199,0,1,0.5752802633219792
aeeem_pde,static,logistic_regression,5,4,211,0,0,0.33319652950639944
aeeem_pde,static,logistic_regression,5,4,216,0,0,0.20056148230285506
aeeem_pde,static,logistic_regression,5,4,229,0,0,0.17425445814279433
aeeem_pde,static,logistic_regression,5,4,231,0,0,0.41807519836995044
aeeem_pde,static,logistic_regression,5,4,232,1,1,0.6443323021729938
aeeem_pde,static,logistic_regression,5,4,236,0,0,0.0731212083606225
aeeem_pde,static,logistic_regression,5,4,239,0,0,0.35202706341933876
aeeem_pde,static,logistic_regression,5,4,240,0,0,0.370410540834006
aeeem_pde,static,logistic_regression,5,4,255,0,0,0.08578361583724578
aeeem_pde,static,logistic_regression,5,4,256,0,0,0.3688850692453881
aeeem_pde,static,logistic_regression,5,4,257,0,0,0.4518468167333159
aeeem_pde,static,logistic_regression,5,4,258,0,0,0.4805140030207468
aeeem_pde,static,logistic_regression,5,4,259,0,0,0.12124199633193118
aeeem_pde,static,logistic_regression,5,4,260,0,0,0.35941951113321857
aeeem_pde,static,logistic_regression,5,4,266,0,0,0.4331242542915681
aeeem_pde,static,logistic_regression,5,4,269,0,1,0.802263085755603
aeeem_pde,static,logistic_regression,5,4,271,0,0,0.4018240576808269
aeeem_pde,static,logistic_regression,5,4,277,0,1,0.8281472753507212
aeeem_pde,static,logistic_regression,5,4,278,0,0,0.00833997563485328
aeeem_pde,static,logistic_regression,5,4,302,1,1,0.7107074769394855
aeeem_pde,static,logistic_regression,5,4,303,0,0,0.1822415737574532
aeeem_pde,static,logistic_regression,5,4,306,1,0,0.3208117168890694
aeeem_pde,static,logistic_regression,5,4,314,0,1,0.7921041852864728
aeeem_pde,static,logistic_regression,5,4,320,0,0,0.3653847329683353
aeeem_pde,static,logistic_regression,5,4,323,0,1,0.8351274884997845
aeeem_pde,static,logistic_regression,5,4,331,0,0,0.10593580504447885
aeeem_pde,static,logistic_regression,5,4,339,0,0,0.28307919665229914
aeeem_pde,static,logistic_regression,5,4,342,0,0,0.2047625112287449
aeeem_pde,static,logistic_regression,5,4,344,0,0,0.452780711926688
aeeem_pde,static,logistic_regression,5,4,350,0,1,0.6302145142283033
aeeem_pde,static,logistic_regression,5,4,352,0,0,0.2555295208111754
aeeem_pde,static,logistic_regression,5,4,354,0,0,0.43300996333315644
aeeem_pde,static,logistic_regression,5,4,360,0,0,0.41666324108397473
aeeem_pde,static,logistic_regression,5,4,365,0,1,0.6793196412858169
aeeem_pde,static,logistic_regression,5,4,378,0,0,0.12372832231912512
aeeem_pde,static,logistic_regression,5,4,383,0,0,0.1819651341753386
aeeem_pde,static,logistic_regression,5,4,388,1,0,0.22813013686320643
aeeem_pde,static,logistic_regression,5,4,390,0,0,0.19747427366354997
aeeem_pde,static,logistic_regression,5,4,391,0,0,0.23793399312309158
aeeem_pde,static,logistic_regression,5,4,399,0,1,0.6452649464651524
aeeem_pde,static,logistic_regression,5,4,403,0,0,0.3272932644047393
aeeem_pde,static,logistic_regression,5,4,411,1,1,0.9787191442580048
aeeem_pde,static,logistic_regression,5,4,412,1,0,0.37473347803362805
aeeem_pde,static,logistic_regression,5,4,413,0,0,0.39411345613854193
aeeem_pde,static,logistic_regression,5,4,419,1,1,0.7419683271594795
aeeem_pde,static,logistic_regression,5,4,420,0,0,0.12557028351876146
aeeem_pde,static,logistic_regression,5,4,421,1,1,0.6938379936477207
aeeem_pde,static,logistic_regression,5,4,429,0,0,0.3484654980683335
aeeem_pde,static,logistic_regression,5,4,437,0,0,0.44189109860556114
aeeem_pde,static,logistic_regression,5,4,440,0,0,0.01322111077834471
aeeem_pde,static,logistic_regression,5,4,443,1,1,0.5662169867717629
aeeem_pde,static,logistic_regression,5,4,445,0,0,0.3149678548293965
aeeem_pde,static,logistic_regression,5,4,449,0,0,0.4256377546052466
aeeem_pde,static,logistic_regression,5,4,450,0,0,0.25447722357699526
aeeem_pde,static,logistic_regression,5,4,456,0,0,0.24714656551330794
aeeem_pde,static,logistic_regression,5,4,457,1,0,0.2090135013567532
aeeem_pde,static,logistic_regression,5,4,459,0,0,0.40511822037840056
aeeem_pde,static,logistic_regression,5,4,460,0,0,0.47363259260940616
aeeem_pde,static,logistic_regression,5,4,470,1,1,0.7104624241372541
aeeem_pde,static,logistic_regression,5,4,478,0,0,0.29868557333502116
aeeem_pde,static,logistic_regression,5,4,481,0,0,0.25138458248368123
aeeem_pde,static,logistic_regression,5,4,482,0,0,0.48765693852081815
aeeem_pde,static,logistic_regression,5,4,494,1,0,0.04262689114194363
aeeem_pde,static,logistic_regression,5,4,504,0,0,0.18781939221430807
aeeem_pde,static,logistic_regression,5,4,506,0,0,0.3860300481585976
aeeem_pde,static,logistic_regression,5,4,507,0,0,0.06755971576203616
aeeem_pde,static,logistic_regression,5,4,510,0,0,0.2580339469142881
aeeem_pde,static,logistic_regression,5,4,515,1,0,0.11548314756460465
aeeem_pde,static,logistic_regression,5,4,516,0,0,0.24659124813911265
aeeem_pde,static,logistic_regression,5,4,519,1,0,0.47432096059272666
aeeem_pde,static,logistic_regression,5,4,526,0,1,0.787771973085976
aeeem_pde,static,logistic_regression,5,4,530,0,1,0.5388464848104729
aeeem_pde,static,logistic_regression,5,4,533,0,0,0.06976934729777698
aeeem_pde,static,logistic_regression,5,4,535,0,0,0.40108890148877846
aeeem_pde,static,logistic_regression,5,4,536,1,1,0.5595712805853105
aeeem_pde,static,logistic_regression,5,4,539,0,0,0.2650001600810374
aeeem_pde,static,logistic_regression,5,4,542,0,0,0.42798415493479397
aeeem_pde,static,logistic_regression,5,4,548,1,0,0.43442972958451104
aeeem_pde,static,logistic_regression,5,4,557,0,0,0.48826579658975516
aeeem_pde,static,logistic_regression,5,4,563,0,0,0.39094418508224255
aeeem_pde,static,logistic_regression,5,4,566,0,0,0.18104383738050955
aeeem_pde,static,logistic_regression,5,4,567,0,0,0.39148054323039344
aeeem_pde,static,logistic_regression,5,4,568,0,0,0.33383350441466275
aeeem_pde,static,logistic_regression,5,4,570,0,1,0.5364024873515336
aeeem_pde,static,logistic_regression,5,4,571,0,0,0.09661365061016308
aeeem_pde,static,logistic_regression,5,4,580,0,0,0.14262251690889285
aeeem_pde,static,logistic_regression,5,4,584,0,0,0.429612449965517
aeeem_pde,static,logistic_regression,5,4,592,0,0,0.24454076471385558
aeeem_pde,static,logistic_regression,5,4,593,0,1,0.5289129577744984
aeeem_pde,static,logistic_regression,5,4,603,0,0,0.16801661170423082
aeeem_pde,static,logistic_regression,5,4,606,1,0,0.40053374275116194
aeeem_pde,static,logistic_regression,5,4,620,0,0,0.41519091341544584
aeeem_pde,static,logistic_regression,5,4,623,0,0,0.4644484825181307
aeeem_pde,static,logistic_regression,5,4,628,0,1,0.6732965328085428
aeeem_pde,static,logistic_regression,5,4,633,1,0,0.005781653558921678
aeeem_pde,static,logistic_regression,5,4,639,0,0,0.4185709649639841
aeeem_pde,static,logistic_regression,5,4,648,0,0,0.3509880891153881
aeeem_pde,static,logistic_regression,5,4,649,0,1,0.7348053273455606
aeeem_pde,static,logistic_regression,5,4,652,0,0,0.36016672228944674
aeeem_pde,static,logistic_regression,5,4,654,0,1,0.9076254848501432
aeeem_pde,static,logistic_regression,5,4,655,0,0,0.35570937323243995
aeeem_pde,static,logistic_regression,5,4,665,0,0,0.1830025288496263
aeeem_pde,static,logistic_regression,5,4,671,0,1,0.634466626841401
aeeem_pde,static,logistic_regression,5,4,673,0,1,0.7308399670867113
aeeem_pde,static,logistic_regression,5,4,679,0,1,0.5204283927097783
aeeem_pde,static,logistic_regression,5,4,683,0,0,0.3919268801158778
aeeem_pde,static,logistic_regression,5,4,685,0,0,0.18756718004438583
aeeem_pde,static,logistic_regression,5,4,686,1,0,0.2812104041419262
aeeem_pde,static,logistic_regression,5,4,695,0,0,0.23921063496512895
aeeem_pde,static,logistic_regression,5,4,706,0,0,0.48103750756599245
aeeem_pde,static,logistic_regression,5,4,714,0,0,0.05503445593031523
aeeem_pde,static,logistic_regression,5,4,719,0,0,0.4297532192618636
aeeem_pde,static,logistic_regression,5,4,739,0,1,0.8178217174772447
aeeem_pde,static,logistic_regression,5,4,743,0,0,0.2135706659219843
aeeem_pde,static,logistic_regression,5,4,744,0,0,0.24714656551330794
aeeem_pde,static,logistic_regression,5,4,746,0,1,0.521634201185344
aeeem_pde,static,logistic_regression,5,4,747,1,0,0.4745017044419096
aeeem_pde,static,logistic_regression,5,4,750,0,0,0.24766601377859732
aeeem_pde,static,logistic_regression,5,4,753,0,0,0.3629029460394806
aeeem_pde,static,logistic_regression,5,4,755,0,0,0.41029366285297625
aeeem_pde,static,logistic_regression,5,4,765,0,0,0.1897539326926164
aeeem_pde,static,logistic_regression,5,4,766,0,1,0.8785667634826937
aeeem_pde,static,logistic_regression,5,4,769,0,0,0.18458254862475512
aeeem_pde,static,logistic_regression,5,4,771,0,0,0.1728738935681383
aeeem_pde,static,logistic_regression,5,4,783,0,0,0.3667294130084731
aeeem_pde,static,logistic_regression,5,4,784,0,0,0.09440937990525358
aeeem_pde,static,logistic_regression,5,4,795,0,0,0.3301399658255764
aeeem_pde,static,logistic_regression,5,4,821,1,0,0.3092858570998486
aeeem_pde,static,logistic_regression,5,4,823,0,0,0.14862026705685522
aeeem_pde,static,logistic_regression,5,4,825,0,0,0.14757733698938985
aeeem_pde,static,logistic_regression,5,4,831,0,0,0.1892329769441
aeeem_pde,static,logistic_regression,5,4,845,0,1,0.553555102942114
aeeem_pde,static,logistic_regression,5,4,852,0,1,0.8716962667938595
aeeem_pde,static,logistic_regression,5,4,861,0,0,0.4904155219824755
aeeem_pde,static,logistic_regression,5,4,863,0,0,0.030333351194492153
aeeem_pde,static,logistic_regression,5,4,864,0,1,0.6386788453619953
aeeem_pde,static,logistic_regression,5,4,868,0,0,0.3475514502740095
aeeem_pde,static,logistic_regression,5,4,871,0,0,0.4157964122822025
aeeem_pde,static,logistic_regression,5,4,880,0,0,0.08371070575841788
aeeem_pde,static,logistic_regression,5,4,884,0,1,0.6334361242245942
aeeem_pde,static,logistic_regression,5,4,885,0,0,0.47817994748861015
aeeem_pde,static,logistic_regression,5,4,899,1,1,0.8021792939720412
aeeem_pde,static,logistic_regression,5,4,900,0,0,0.4539276699692547
aeeem_pde,static,logistic_regression,5,4,901,0,1,0.6728989853302295
aeeem_pde,static,logistic_regression,5,4,902,0,0,0.2616670603244597
aeeem_pde,static,logistic_regression,5,4,904,0,0,0.36593656797633756
aeeem_pde,static,logistic_regression,5,4,907,0,0,0.16378801469325907
aeeem_pde,static,logistic_regression,5,4,922,0,0,0.41552547434262604
aeeem_pde,static,logistic_regression,5,4,930,0,0,0.3857596370489597
aeeem_pde,static,logistic_regression,5,4,938,0,0,0.2978376649497402
aeeem_pde,static,logistic_regression,5,4,942,0,1,0.9115307143500033
aeeem_pde,static,logistic_regression,5,4,951,0,0,0.056586030539190625
aeeem_pde,static,logistic_regression,5,4,967,0,0,0.37205106846669106
aeeem_pde,static,logistic_regression,5,4,975,0,1,0.5153377174387996
aeeem_pde,static,logistic_regression,5,4,976,0,0,0.24026141312361704
aeeem_pde,static,logistic_regression,5,4,980,1,0,0.20701969623439587
aeeem_pde,static,logistic_regression,5,4,982,0,0,0.3611523372644518
aeeem_pde,static,logistic_regression,5,4,985,0,0,0.3872111642673549
aeeem_pde,static,logistic_regression,5,4,986,1,1,0.6591323452862685
aeeem_pde,static,logistic_regression,5,4,999,0,0,0.26363601564004246
aeeem_pde,static,logistic_regression,5,4,1006,0,0,0.3222240975719433
aeeem_pde,static,logistic_regression,5,4,1013,0,0,0.2647941674196337
aeeem_pde,static,logistic_regression,5,4,1020,0,0,0.45233434617482277
aeeem_pde,static,logistic_regression,5,4,1026,0,0,0.14553359400984595
aeeem_pde,static,logistic_regression,5,4,1037,0,0,0.45396748935484366
aeeem_pde,static,logistic_regression,5,4,1041,0,1,0.8065768272732086
aeeem_pde,static,logistic_regression,5,4,1043,0,0,0.024982762944474875
aeeem_pde,static,logistic_regression,5,4,1045,0,0,0.4050857448891743
aeeem_pde,static,logistic_regression,5,4,1046,0,0,0.3195485145526795
aeeem_pde,static,logistic_regression,5,4,1054,0,0,0.07430218335150517
aeeem_pde,static,logistic_regression,5,4,1055,0,0,0.3466845626141751
aeeem_pde,static,logistic_regression,5,4,1068,0,0,0.18643414271034542
aeeem_pde,static,logistic_regression,5,4,1069,0,0,0.3312969907137567
aeeem_pde,static,logistic_regression,5,4,1070,0,0,0.15772428349398063
aeeem_pde,static,logistic_regression,5,4,1074,0,0,0.3491479464275135
aeeem_pde,static,logistic_regression,5,4,1086,0,0,0.06477191177033448
aeeem_pde,static,logistic_regression,5,4,1087,0,0,0.13628673021412951
aeeem_pde,static,logistic_regression,5,4,1092,0,0,0.26765818186734736
aeeem_pde,static,logistic_regression,5,4,1096,1,1,0.5715383310875156
aeeem_pde,static,logistic_regression,5,4,1104,0,1,0.5094696166797019
aeeem_pde,static,logistic_regression,5,4,1106,0,0,0.1345546242646245
aeeem_pde,static,logistic_regression,5,4,1107,0,0,0.1860691545893703
aeeem_pde,static,logistic_regression,5,4,1112,0,0,0.3264079130194333
aeeem_pde,static,logistic_regression,5,4,1124,0,0,0.21753678570248905
aeeem_pde,static,logistic_regression,5,4,1125,0,0,0.3990136016792126
aeeem_pde,static,logistic_regression,5,4,1127,0,0,0.29693735136858496
aeeem_pde,static,logistic_regression,5,4,1131,0,0,0.26540138927299806
aeeem_pde,static,logistic_regression,5,4,1133,0,0,0.09859396014193408
aeeem_pde,static,logistic_regression,5,4,1134,0,0,0.43556471743636804
aeeem_pde,static,logistic_regression,5,4,1144,0,0,0.1042448735511091
aeeem_pde,static,logistic_regression,5,4,1148,1,1,0.7067006194392159
aeeem_pde,static,logistic_regression,5,4,1149,0,0,0.2571963130382998
aeeem_pde,static,logistic_regression,5,4,1150,0,0,0.2449490556790456
aeeem_pde,static,logistic_regression,5,4,1155,0,0,0.4089880466484517
aeeem_pde,static,logistic_regression,5,4,1157,0,0,0.0250732920691485
aeeem_pde,static,logistic_regression,5,4,1158,0,0,0.16359713910744672
aeeem_pde,static,logistic_regression,5,4,1168,0,1,0.636442055078375
aeeem_pde,static,logistic_regression,5,4,1169,0,0,0.41632114995712793
aeeem_pde,static,logistic_regression,5,4,1175,0,0,0.030333351194492153
aeeem_pde,static,logistic_regression,5,4,1177,0,0,0.34518195797135975
aeeem_pde,static,logistic_regression,5,4,1179,0,0,0.2518856243378559
aeeem_pde,static,logistic_regression,5,4,1183,0,1,0.6677490963628816
aeeem_pde,static,logistic_regression,5,4,1200,1,0,0.16600560255832653
aeeem_pde,static,logistic_regression,5,4,1205,0,0,0.19729990060366753
aeeem_pde,static,logistic_regression,5,4,1208,0,0,0.1493994007495761
aeeem_pde,static,logistic_regression,5,4,1213,0,0,0.31087431401730947
aeeem_pde,static,logistic_regression,5,4,1231,0,1,0.560414989107268
aeeem_pde,static,logistic_regression,5,4,1233,0,0,0.477555858818896
aeeem_pde,static,logistic_regression,5,4,1234,0,1,0.9895336471268604
aeeem_pde,static,logistic_regression,5,4,1236,0,0,0.21938928363052584
aeeem_pde,static,logistic_regression,5,4,1237,0,0,0.1393850918224272
aeeem_pde,static,logistic_regression,5,4,1238,1,1,0.5219665194083523
aeeem_pde,static,logistic_regression,5,4,1255,0,0,0.14488168571591012
aeeem_pde,static,logistic_regression,5,4,1259,0,0,0.48138182158789106
aeeem_pde,static,logistic_regression,5,4,1261,0,1,0.5296393597413278
aeeem_pde,static,logistic_regression,5,4,1274,0,0,0.31822583472949595
aeeem_pde,static,logistic_regression,5,4,1276,1,0,0.4935082092206415
aeeem_pde,static,logistic_regression,5,4,1280,0,0,0.4898452326783103
aeeem_pde,static,logistic_regression,5,4,1288,0,0,0.14763878411152195
aeeem_pde,static,logistic_regression,5,4,1290,0,0,0.3992494130648063
aeeem_pde,static,logistic_regression,5,4,1291,1,1,0.5524781902903777
aeeem_pde,static,logistic_regression,5,4,1298,0,0,0.2656097223650354
aeeem_pde,static,logistic_regression,5,4,1303,0,0,0.4149440142249548
aeeem_pde,static,logistic_regression,5,4,1312,0,0,0.3518477144387021
aeeem_pde,static,logistic_regression,5,4,1321,0,0,0.13172865301274103
aeeem_pde,static,logistic_regression,5,4,1326,0,0,0.11710677583161329
aeeem_pde,static,logistic_regression,5,4,1328,0,0,0.2516383089628486
aeeem_pde,static,logistic_regression,5,4,1343,0,1,0.56668739854128
aeeem_pde,static,logistic_regression,5,4,1345,1,0,0.4335316334762953
aeeem_pde,static,logistic_regression,5,4,1347,0,0,0.35401650557871756
aeeem_pde,static,logistic_regression,5,4,1348,0,0,3.650723885635348e-06
aeeem_pde,static,logistic_regression,5,4,1352,0,0,0.44459704528041244
aeeem_pde,static,logistic_regression,5,4,1353,0,0,0.24454076471385558
aeeem_pde,static,logistic_regression,5,4,1357,0,0,0.3478095298432801
aeeem_pde,static,logistic_regression,5,4,1361,0,1,0.5585828413532514
aeeem_pde,static,logistic_regression,5,4,1365,0,0,0.15725547299454778
aeeem_pde,static,logistic_regression,5,4,1371,0,0,0.36192576100731133
aeeem_pde,static,logistic_regression,5,4,1372,0,0,0.15281139102292696
aeeem_pde,static,logistic_regression,5,4,1377,0,0,0.2959327774289726
aeeem_pde,static,logistic_regression,5,4,1386,1,0,0.453188484373179
aeeem_pde,static,logistic_regression,5,4,1406,0,0,0.32079271475554133
aeeem_pde,static,logistic_regression,5,4,1408,0,0,0.17064824034200685
aeeem_pde,static,logistic_regression,5,4,1413,0,0,0.4447212485173697
aeeem_pde,static,logistic_regression,5,4,1415,0,1,0.5024010850665214
aeeem_pde,static,logistic_regression,5,4,1417,0,1,0.5548960349449682
aeeem_pde,static,logistic_regression,5,4,1426,0,0,0.1045834834630469
aeeem_pde,static,logistic_regression,5,4,1427,0,0,0.3484654980683335
aeeem_pde,static,logistic_regression,5,4,1431,0,0,0.39982930416460316
aeeem_pde,static,logistic_regression,5,4,1436,0,0,0.2708427353127112
aeeem_pde,static,logistic_regression,5,4,1438,0,0,0.42166031350444
aeeem_pde,static,logistic_regression,5,4,1441,1,0,0.3460968651269736
aeeem_pde,static,logistic_regression,5,4,1449,0,0,0.3623850617318212
aeeem_pde,static,logistic_regression,5,4,1452,1,1,0.991756418877588
aeeem_pde,static,logistic_regression,5,4,1455,0,0,0.005994867869302244
aeeem_pde,static,logistic_regression,5,4,1459,0,0,0.40761111827445423
aeeem_pde,static,logistic_regression,5,4,1461,0,0,0.2888552311613614
aeeem_pde,static,logistic_regression,5,4,1465,1,1,0.670151657705024
aeeem_pde,static,logistic_regression,5,4,1467,0,1,0.8712936813202883
aeeem_pde,static,logistic_regression,5,4,1473,1,0,0.21010371854764673
aeeem_pde,static,logistic_regression,5,4,1476,0,0,0.02929314351611512
aeeem_pde,static,logistic_regression,5,4,1479,0,1,0.6127599643968935
aeeem_pde,static,logistic_regression,5,4,1485,0,0,0.4408595615680964
aeeem_pde,static,logistic_regression,5,4,1495,0,0,0.03033335119449218
aeeem_pde,static,logistic_regression,5,5,0,0,0,0.1715271578683063
aeeem_pde,static,logistic_regression,5,5,1,0,0,0.3878940190126056
aeeem_pde,static,logistic_regression,5,5,8,0,0,0.16769936036413538
aeeem_pde,static,logistic_regression,5,5,10,1,0,0.019575817330532753
aeeem_pde,static,logistic_regression,5,5,16,0,1,0.6760540251734463
aeeem_pde,static,logistic_regression,5,5,24,1,0,0.42037618339305227
aeeem_pde,static,logistic_regression,5,5,26,1,1,0.7014693547642231
aeeem_pde,static,logistic_regression,5,5,29,0,0,0.43865581591497455
aeeem_pde,static,logistic_regression,5,5,31,0,1,0.8512735300037757
aeeem_pde,static,logistic_regression,5,5,32,0,0,0.002023936442620683
aeeem_pde,static,logistic_regression,5,5,33,0,0,0.4144730539460895
aeeem_pde,static,logistic_regression,5,5,34,0,0,0.340071453014005
aeeem_pde,static,logistic_regression,5,5,40,0,0,0.07887278913746552
aeeem_pde,static,logistic_regression,5,5,49,0,0,0.31470935777155346
aeeem_pde,static,logistic_regression,5,5,52,0,1,0.5079432383421973
aeeem_pde,static,logistic_regression,5,5,62,0,0,0.23511205016072814
aeeem_pde,static,logistic_regression,5,5,82,0,0,0.39757645977132844
aeeem_pde,static,logistic_regression,5,5,90,0,0,0.4079855421760582
aeeem_pde,static,logistic_regression,5,5,96,0,0,0.020175674819719863
aeeem_pde,static,logistic_regression,5,5,100,1,1,0.8042083786336195
aeeem_pde,static,logistic_regression,5,5,108,0,0,0.2847923057849639
aeeem_pde,static,logistic_regression,5,5,111,0,0,0.2752908237757333
aeeem_pde,static,logistic_regression,5,5,124,0,0,0.4219074584838934
aeeem_pde,static,logistic_regression,5,5,132,0,0,0.026371653562748492
aeeem_pde,static,logistic_regression,5,5,141,0,0,0.3685289635566618
aeeem_pde,static,logistic_regression,5,5,148,0,0,0.3799288410303854
aeeem_pde,static,logistic_regression,5,5,149,0,1,0.587815669440277
aeeem_pde,static,logistic_regression,5,5,151,0,0,0.10478146366603724
aeeem_pde,static,logistic_regression,5,5,159,0,0,0.09110806025206511
aeeem_pde,static,logistic_regression,5,5,164,0,1,0.784440094519443
aeeem_pde,static,logistic_regression,5,5,172,1,1,0.9809378216310439
aeeem_pde,static,logistic_regression,5,5,174,0,0,0.0219499222737156
aeeem_pde,static,logistic_regression,5,5,176,1,1,0.9995360422436556
aeeem_pde,static,logistic_regression,5,5,179,1,1,0.9889494854476023
aeeem_pde,static,logistic_regression,5,5,181,0,0,0.35518474694342944
aeeem_pde,static,logistic_regression,5,5,191,0,0,0.3846316627607108
aeeem_pde,static,logistic_regression,5,5,194,0,1,0.53356857577646
aeeem_pde,static,logistic_regression,5,5,196,1,1,0.5581088308344325
aeeem_pde,static,logistic_regression,5,5,200,0,0,0.4304113648569648
aeeem_pde,static,logistic_regression,5,5,201,1,1,0.9873331519366613
aeeem_pde,static,logistic_regression,5,5,202,0,0,0.2969423990034822
aeeem_pde,static,logistic_regression,5,5,203,0,0,0.06704299343760874
aeeem_pde,static,logistic_regression,5,5,204,0,0,0.02418221186195189
aeeem_pde,static,logistic_regression,5,5,205,0,1,0.6716661238215778
aeeem_pde,static,logistic_regression,5,5,217,0,1,0.7693824871102872
aeeem_pde,static,logistic_regression,5,5,218,0,0,0.2130825695553536
aeeem_pde,static,logistic_regression,5,5,222,0,0,0.1782353531327115
aeeem_pde,static,logistic_regression,5,5,224,0,0,0.13440159374275706
aeeem_pde,static,logistic_regression,5,5,225,0,0,0.4804986656038298
aeeem_pde,static,logistic_regression,5,5,235,0,1,0.8807857954791001
aeeem_pde,static,logistic_regression,5,5,243,0,0,0.14379433150250018
aeeem_pde,static,logistic_regression,5,5,244,0,0,0.1950402783519947
aeeem_pde,static,logistic_regression,5,5,246,0,0,0.47857111378107803
aeeem_pde,static,logistic_regression,5,5,248,0,0,0.2404124653099425
aeeem_pde,static,logistic_regression,5,5,250,0,0,0.3929696146650968
aeeem_pde,static,logistic_regression,5,5,254,1,0,0.4759422335797338
aeeem_pde,static,logistic_regression,5,5,274,0,0,0.49381846417132635
aeeem_pde,static,logistic_regression,5,5,290,0,0,0.43845489391724746
aeeem_pde,static,logistic_regression,5,5,295,0,1,0.6025681839235943
aeeem_pde,static,logistic_regression,5,5,296,0,0,0.2670485889922209
aeeem_pde,static,logistic_regression,5,5,299,1,1,0.5149520113418129
aeeem_pde,static,logistic_regression,5,5,304,0,0,0.0697978912509422
aeeem_pde,static,logistic_regression,5,5,307,1,0,0.41165809674841
aeeem_pde,static,logistic_regression,5,5,315,0,0,0.4140340552178235
aeeem_pde,static,logistic_regression,5,5,321,0,0,0.16546840735314017
aeeem_pde,static,logistic_regression,5,5,324,0,0,0.44301402091396513
aeeem_pde,static,logistic_regression,5,5,328,1,0,0.27649041221518245
aeeem_pde,static,logistic_regression,5,5,332,0,0,0.4214671966933784
aeeem_pde,static,logistic_regression,5,5,336,1,0,0.2814939537419605
aeeem_pde,static,logistic_regression,5,5,345,0,0,0.47420182593457183
aeeem_pde,static,logistic_regression,5,5,347,0,0,0.16714866868693526
aeeem_pde,static,logistic_regression,5,5,353,0,0,7.180827960789662e-07
aeeem_pde,static,logistic_regression,5,5,375,0,0,0.09804906266334316
aeeem_pde,static,logistic_regression,5,5,380,0,0,0.44566966011182213
aeeem_pde,static,logistic_regression,5,5,381,0,0,0.4649303253640972
aeeem_pde,static,logistic_regression,5,5,385,0,0,0.3400158376408459
aeeem_pde,static,logistic_regression,5,5,389,0,0,0.37853487305905453
aeeem_pde,static,logistic_regression,5,5,392,0,0,0.4971807341531312
aeeem_pde,static,logistic_regression,5,5,398,0,0,0.0015348132361916128
aeeem_pde,static,logistic_regression,5,5,410,0,0,0.31092764545202317
aeeem_pde,static,logistic_regression,5,5,417,1,1,0.7302641919243834
aeeem_pde,static,logistic_regression,5,5,418,0,0,0.30765747231189344
aeeem_pde,static,logistic_regression,5,5,426,0,0,0.17457312855554802
aeeem_pde,static,logistic_regression,5,5,439,0,0,0.24442687654518205
aeeem_pde,static,logistic_regression,5,5,442,0,0,0.3919828432014756
aeeem_pde,static,logistic_regression,5,5,446,1,1,0.9282158477117715
aeeem_pde,static,logistic_regression,5,5,453,1,0,0.49104600291350164
aeeem_pde,static,logistic_regression,5,5,458,0,0,0.23419588451260065
aeeem_pde,static,logistic_regression,5,5,465,0,0,2.3610419984473365e-12
aeeem_pde,static,logistic_regression,5,5,467,1,0,0.1708215104371312
aeeem_pde,static,logistic_regression,5,5,469,0,1,0.695556518542878
aeeem_pde,static,logistic_regression,5,5,472,0,0,0.16033023230624005
aeeem_pde,static,logistic_regression,5,5,473,0,0,0.4520387094735353
aeeem_pde,static,logistic_regression,5,5,474,0,0,0.15443359239298923
aeeem_pde,static,logistic_regression,5,5,479,0,1,0.5732192367486575
aeeem_pde,static,logistic_regression,5,5,480,0,0,0.3653932594358926
aeeem_pde,static,logistic_regression,5,5,486,1,1,0.7683481790673286
aeeem_pde,static,logistic_regression,5,5,488,0,0,0.014848025454156982
aeeem_pde,static,logistic_regression,5,5,496,0,0,0.2808806329664933
aeeem_pde,static,logistic_regression,5,5,509,0,0,0.4372722450849833
aeeem_pde,static,logistic_regression,5,5,511,0,1,0.6235536151066429
aeeem_pde,static,logistic_regression,5,5,523,0,0,0.08864903569540894
aeeem_pde,static,logistic_regression,5,5,527,0,1,0.9921875400312508
aeeem_pde,static,logistic_regression,5,5,528,0,0,0.46732153361183504
aeeem_pde,static,logistic_regression,5,5,531,0,0,0.16301769309586717
aeeem_pde,static,logistic_regression,5,5,532,1,0,0.4311389222666875
aeeem_pde,static,logistic_regression,5,5,537,0,0,0.4400316986317229
aeeem_pde,static,logistic_regression,5,5,538,0,0,0.40584165116172016
aeeem_pde,static,logistic_regression,5,5,540,0,0,0.21945841467533286
aeeem_pde,static,logistic_regression,5,5,546,0,0,0.41398602641483556
aeeem_pde,static,logistic_regression,5,5,553,0,0,0.38724958276652344
aeeem_pde,static,logistic_regression,5,5,559,1,1,0.6053366698962381
aeeem_pde,static,logistic_regression,5,5,560,0,0,0.23178238031907114
aeeem_pde,static,logistic_regression,5,5,561,0,0,0.46837914623233096
aeeem_pde,static,logistic_regression,5,5,564,0,0,0.28903278956283857
aeeem_pde,static,logistic_regression,5,5,565,0,0,0.3854993103559626
aeeem_pde,static,logistic_regression,5,5,569,0,0,0.4139484362157082
aeeem_pde,static,logistic_regression,5,5,573,0,1,0.5441184658092374
aeeem_pde,static,logistic_regression,5,5,597,0,1,0.5779891623761101
aeeem_pde,static,logistic_regression,5,5,601,1,1,0.7860608363407492
aeeem_pde,static,logistic_regression,5,5,604,0,0,0.17328175681382335
aeeem_pde,static,logistic_regression,5,5,607,0,0,0.3970158142840732
aeeem_pde,static,logistic_regression,5,5,610,0,0,0.4906569930160312
aeeem_pde,static,logistic_regression,5,5,625,0,0,0.25011613422583984
aeeem_pde,static,logistic_regression,5,5,657,0,0,0.4200018866963482
aeeem_pde,static,logistic_regression,5,5,659,0,0,0.35355748674617676
aeeem_pde,static,logistic_regression,5,5,662,0,0,0.15608328481082798
aeeem_pde,static,logistic_regression,5,5,666,0,0,0.4076504848734839
aeeem_pde,static,logistic_regression,5,5,668,0,0,0.19132591228969853
aeeem_pde,static,logistic_regression,5,5,669,0,0,0.2153234746502339
aeeem_pde,static,logistic_regression,5,5,693,0,0,0.38429301090573004
aeeem_pde,static,logistic_regression,5,5,696,0,0,0.1614771741378951
aeeem_pde,static,logistic_regression,5,5,698,0,0,0.4273163663231711
aeeem_pde,static,logistic_regression,5,5,699,0,0,0.04991731720290132
aeeem_pde,static,logistic_regression,5,5,711,0,0,0.38177146701767595
aeeem_pde,static,logistic_regression,5,5,716,0,1,0.7864436617339049
aeeem_pde,static,logistic_regression,5,5,723,0,1,0.8026890955361313
aeeem_pde,static,logistic_regression,5,5,726,0,0,0.4481673921307775
aeeem_pde,static,logistic_regression,5,5,730,0,0,0.41367715542260053
aeeem_pde,static,logistic_regression,5,5,733,0,0,0.42775303201299086
aeeem_pde,static,logistic_regression,5,5,734,0,0,0.020249393797131556
aeeem_pde,static,logistic_regression,5,5,736,0,0,0.1863750820013062
aeeem_pde,static,logistic_regression,5,5,738,0,0,0.33115437851246327
aeeem_pde,static,logistic_regression,5,5,749,0,0,0.466361204051206
aeeem_pde,static,logistic_regression,5,5,751,0,0,0.3667185558044114
aeeem_pde,static,logistic_regression,5,5,756,0,1,0.7217393285015412
aeeem_pde,static,logistic_regression,5,5,761,0,0,0.3751061648760482
aeeem_pde,static,logistic_regression,5,5,773,0,0,0.3825614818815494
aeeem_pde,static,logistic_regression,5,5,775,0,0,0.283077360273837
aeeem_pde,static,logistic_regression,5,5,780,0,0,0.3909269923787175
aeeem_pde,static,logistic_regression,5,5,782,0,1,0.8307264875901176
aeeem_pde,static,logistic_regression,5,5,785,0,1,0.6151737739989716
aeeem_pde,static,logistic_regression,5,5,790,0,0,0.43001138044026477
aeeem_pde,static,logistic_regression,5,5,793,0,0,0.16305412751971754
aeeem_pde,static,logistic_regression,5,5,803,0,0,0.18048157029876333
aeeem_pde,static,logistic_regression,5,5,805,0,1,0.8350298838542088
aeeem_pde,static,logistic_regression,5,5,806,0,0,0.47758964587079233
aeeem_pde,static,logistic_regression,5,5,813,0,1,0.6124331874141562
aeeem_pde,static,logistic_regression,5,5,830,0,0,0.35426482782439894
aeeem_pde,static,logistic_regression,5,5,834,0,0,0.4123004478100704
aeeem_pde,static,logistic_regression,5,5,838,1,0,0.2792635750730223
aeeem_pde,static,logistic_regression,5,5,844,0,0,0.45624103080352535
aeeem_pde,static,logistic_regression,5,5,846,0,0,0.0800992412037062
aeeem_pde,static,logistic_regression,5,5,855,0,0,0.4667311322505416
aeeem_pde,static,logistic_regression,5,5,856,0,0,0.4061587972206335
aeeem_pde,static,logistic_regression,5,5,865,0,0,0.31748960539620324
aeeem_pde,static,logistic_regression,5,5,869,0,1,0.7184720280893729
aeeem_pde,static,logistic_regression,5,5,876,0,1,0.923839249458196
aeeem_pde,static,logistic_regression,5,5,883,0,0,0.1621913062923823
aeeem_pde,static,logistic_regression,5,5,886,0,0,0.10550699905864956
aeeem_pde,static,logistic_regression,5,5,890,0,1,0.7277248103880866
aeeem_pde,static,logistic_regression,5,5,893,0,1,0.5873337332050309
aeeem_pde,static,logistic_regression,5,5,906,1,1,0.7247526957835179
aeeem_pde,static,logistic_regression,5,5,915,0,0,0.2629041026411871
aeeem_pde,static,logistic_regression,5,5,921,0,1,0.6153244159900871
aeeem_pde,static,logistic_regression,5,5,924,0,1,0.6411827792031219
aeeem_pde,static,logistic_regression,5,5,932,0,0,0.11401475136872982
aeeem_pde,static,logistic_regression,5,5,933,0,0,1.68584043331938e-06
aeeem_pde,static,logistic_regression,5,5,936,0,1,0.590231078994515
aeeem_pde,static,logistic_regression,5,5,939,0,1,0.7280226319812791
aeeem_pde,static,logistic_regression,5,5,955,0,0,0.20217989603794692
aeeem_pde,static,logistic_regression,5,5,959,1,1,0.5813080593790577
aeeem_pde,static,logistic_regression,5,5,960,0,1,0.7654259564605825
aeeem_pde,static,logistic_regression,5,5,961,0,0,0.02674312404239092
aeeem_pde,static,logistic_regression,5,5,963,0,0,0.48604063446441653
aeeem_pde,static,logistic_regression,5,5,965,0,1,0.8242366555632011
aeeem_pde,static,logistic_regression,5,5,973,1,1,0.5320603522176652
aeeem_pde,static,logistic_regression,5,5,974,0,0,0.18003071489130165
aeeem_pde,static,logistic_regression,5,5,977,1,0,0.19406188353947135
aeeem_pde,static,logistic_regression,5,5,993,0,0,0.009901785998251337
aeeem_pde,static,logistic_regression,5,5,994,0,0,0.4370806063860152
aeeem_pde,static,logistic_regression,5,5,996,0,0,0.07187798368763428
aeeem_pde,static,logistic_regression,5,5,1002,0,0,0.1721857254553479
aeeem_pde,static,logistic_regression,5,5,1003,0,0,0.15244013470478604
aeeem_pde,static,logistic_regression,5,5,1008,0,1,0.9432385191684931
aeeem_pde,static,logistic_regression,5,5,1016,1,1,0.8322924444621249
aeeem_pde,static,logistic_regression,5,5,1018,0,0,0.24979605285470513
aeeem_pde,static,logistic_regression,5,5,1019,0,0,0.020175674819719863
aeeem_pde,static,logistic_regression,5,5,1029,0,0,0.21812465882499174
aeeem_pde,static,logistic_regression,5,5,1035,0,1,0.5384169613445123
aeeem_pde,static,logistic_regression,5,5,1042,0,0,0.019924871669359936
aeeem_pde,static,logistic_regression,5,5,1049,1,1,0.6691021624631512
aeeem_pde,static,logistic_regression,5,5,1051,0,1,0.6501597547717156
aeeem_pde,static,logistic_regression,5,5,1058,0,0,0.3255426001882684
aeeem_pde,static,logistic_regression,5,5,1064,1,0,0.4556116971996884
aeeem_pde,static,logistic_regression,5,5,1073,0,0,0.0950673883381218
aeeem_pde,static,logistic_regression,5,5,1083,0,0,0.01572741913826898
aeeem_pde,static,logistic_regression,5,5,1085,0,0,0.47779155416189384
aeeem_pde,static,logistic_regression,5,5,1088,0,0,0.3816029555046315
aeeem_pde,static,logistic_regression,5,5,1098,0,0,0.4570688911291625
aeeem_pde,static,logistic_regression,5,5,1109,0,0,0.48745431252668947
aeeem_pde,static,logistic_regression,5,5,1119,0,1,0.7129169334412421
aeeem_pde,static,logistic_regression,5,5,1128,0,0,0.020175674819719863
aeeem_pde,static,logistic_regression,5,5,1132,1,1,0.6885761270819993
aeeem_pde,static,logistic_regression,5,5,1137,0,0,0.4079023108258708
aeeem_pde,static,logistic_regression,5,5,1138,0,0,0.20017772635114675
aeeem_pde,static,logistic_regression,5,5,1145,0,0,0.16064057040115304
aeeem_pde,static,logistic_regression,5,5,1146,0,0,0.011923370122051998
aeeem_pde,static,logistic_regression,5,5,1147,0,0,0.39072035683249273
aeeem_pde,static,logistic_regression,5,5,1151,0,1,0.6518454272593992
aeeem_pde,static,logistic_regression,5,5,1161,0,0,0.25917844100634035
aeeem_pde,static,logistic_regression,5,5,1163,0,0,0.35262587840560605
aeeem_pde,static,logistic_regression,5,5,1164,0,0,0.02119492615407252
aeeem_pde,static,logistic_regression,5,5,1166,0,0,0.4299677260735854
aeeem_pde,static,logistic_regression,5,5,1174,0,1,0.5355481269650906
aeeem_pde,static,logistic_regression,5,5,1178,1,1,0.5433612512953806
aeeem_pde,static,logistic_regression,5,5,1180,0,1,0.6282788365804406
aeeem_pde,static,logistic_regression,5,5,1184,0,0,0.3821621904396459
aeeem_pde,static,logistic_regression,5,5,1190,0,0,0.3788912944145032
aeeem_pde,static,logistic_regression,5,5,1191,0,0,0.17342760622634043
aeeem_pde,static,logistic_regression,5,5,1202,0,0,0.4000478965177591
aeeem_pde,static,logistic_regression,5,5,1204,1,1,0.8240103372641046
aeeem_pde,static,logistic_regression,5,5,1206,0,1,0.7415400825311668
aeeem_pde,static,logistic_regression,5,5,1209,0,0,0.3868796041512155
aeeem_pde,static,logistic_regression,5,5,1211,1,0,0.48705831468978095
aeeem_pde,static,logistic_regression,5,5,1218,0,0,0.38107135415062987
aeeem_pde,static,logistic_regression,5,5,1222,0,0,0.23156895804476654
aeeem_pde,static,logistic_regression,5,5,1224,0,1,0.5216082596668005
aeeem_pde,static,logistic_regression,5,5,1225,0,0,0.1514488300369213
aeeem_pde,static,logistic_regression,5,5,1228,0,1,0.5765432667588631
aeeem_pde,static,logistic_regression,5,5,1229,0,0,0.23178238031907114
aeeem_pde,static,logistic_regression,5,5,1230,0,0,0.468284122939719
aeeem_pde,static,logistic_regression,5,5,1235,0,0,0.4298044148433056
aeeem_pde,static,logistic_regression,5,5,1240,1,1,0.7685191867480052
aeeem_pde,static,logistic_regression,5,5,1241,0,0,0.23444328858007027
aeeem_pde,static,logistic_regression,5,5,1244,0,0,0.18801679537346422
aeeem_pde,static,logistic_regression,5,5,1247,0,0,0.26182350491634193
aeeem_pde,static,logistic_regression,5,5,1252,0,0,0.3762164944223988
aeeem_pde,static,logistic_regression,5,5,1256,0,1,0.5459017972275318
aeeem_pde,static,logistic_regression,5,5,1260,0,0,0.00865876989717018
aeeem_pde,static,logistic_regression,5,5,1262,0,1,0.8336806088162031
aeeem_pde,static,logistic_regression,5,5,1265,0,0,0.3060095033000828
aeeem_pde,static,logistic_regression,5,5,1271,0,0,0.019924871669359936
aeeem_pde,static,logistic_regression,5,5,1272,0,0,0.43140255101258307
aeeem_pde,static,logistic_regression,5,5,1277,0,1,0.8318751980912532
aeeem_pde,static,logistic_regression,5,5,1281,0,1,0.577596309226586
aeeem_pde,static,logistic_regression,5,5,1294,0,0,0.18952091259490683
aeeem_pde,static,logistic_regression,5,5,1300,0,0,0.2563364880455112
aeeem_pde,static,logistic_regression,5,5,1301,0,0,0.233922433523332
aeeem_pde,static,logistic_regression,5,5,1311,0,0,0.44076041253392745
aeeem_pde,static,logistic_regression,5,5,1313,0,0,0.2453131992854385
aeeem_pde,static,logistic_regression,5,5,1317,0,0,0.46236109129265507
aeeem_pde,static,logistic_regression,5,5,1324,0,0,0.18525922321415494
aeeem_pde,static,logistic_regression,5,5,1325,0,0,0.027709622379957704
aeeem_pde,static,logistic_regression,5,5,1329,1,1,0.5996617861106082
aeeem_pde,static,logistic_regression,5,5,1333,0,0,0.4168953049878731
aeeem_pde,static,logistic_regression,5,5,1336,0,1,0.5260328512535258
aeeem_pde,static,logistic_regression,5,5,1340,0,1,0.8442467706001803
aeeem_pde,static,logistic_regression,5,5,1349,0,0,0.38196990460248365
aeeem_pde,static,logistic_regression,5,5,1356,0,0,0.1300220181951902
aeeem_pde,static,logistic_regression,5,5,1358,1,1,0.56050130697545
aeeem_pde,static,logistic_regression,5,5,1369,0,0,0.3678250888910663
aeeem_pde,static,logistic_regression,5,5,1370,0,0,0.03140901949608541
aeeem_pde,static,logistic_regression,5,5,1375,0,1,0.7059239407110747
aeeem_pde,static,logistic_regression,5,5,1385,0,0,0.40566214208884627
aeeem_pde,static,logistic_regression,5,5,1387,0,0,0.20329962040130234
aeeem_pde,static,logistic_regression,5,5,1391,0,1,0.5670416071847341
aeeem_pde,static,logistic_regression,5,5,1395,0,1,0.65542378949146
aeeem_pde,static,logistic_regression,5,5,1396,0,1,0.5446285229895109
aeeem_pde,static,logistic_regression,5,5,1399,1,0,0.1173408847397294
aeeem_pde,static,logistic_regression,5,5,1407,0,0,0.2525750200648651
aeeem_pde,static,logistic_regression,5,5,1411,1,0,0.3069167721929176
aeeem_pde,static,logistic_regression,5,5,1424,0,0,0.024073838891938613
aeeem_pde,static,logistic_regression,5,5,1428,0,0,0.18774218572474652
aeeem_pde,static,logistic_regression,5,5,1433,0,1,0.8323097193871211
aeeem_pde,static,logistic_regression,5,5,1450,1,1,0.957506944022732
aeeem_pde,static,logistic_regression,5,5,1454,0,0,0.42805087135688646
aeeem_pde,static,logistic_regression,5,5,1457,0,0,0.3493700647085818
aeeem_pde,static,logistic_regression,5,5,1464,0,0,0.37410083018253487
aeeem_pde,static,logistic_regression,5,5,1471,1,0,0.1649879160007967
aeeem_pde,static,logistic_regression,5,5,1474,0,0,0.41539731931100304
aeeem_pde,static,logistic_regression,5,5,1477,0,0,0.3067450507628392
aeeem_pde,static,logistic_regression,5,5,1482,1,0,0.42443772224365245
aeeem_pde,static,logistic_regression,5,5,1486,0,0,0.3935532557783511
aeeem_pde,static,logistic_regression,5,5,1489,0,0,0.4370744301320639
aeeem_pde,static,logistic_regression,5,5,1492,0,0,0.12576116830395587
aeeem_pde,static,logistic_regression,5,5,1493,0,0,0.36897606761033874
aeeem_pde,static,logistic_regression,5,5,1494,0,0,0.43119590641764277
aeeem_pde,static,logistic_regression,5,5,1496,0,0,0.3465068082069238
