dataset,feature_set,model,cv_folds,fold,row_index,y_true,y_pred,y_score
aeeem_mylyn,hybrid,xgboost,5,1,0,0,0,0.041815560311079025
aeeem_mylyn,hybrid,xgboost,5,1,9,0,0,0.008003925904631615
aeeem_mylyn,hybrid,xgboost,5,1,13,0,0,0.016387246549129486
aeeem_mylyn,hybrid,xgboost,5,1,17,0,0,0.2547639310359955
aeeem_mylyn,hybrid,xgboost,5,1,19,0,0,0.008551560342311859
aeeem_mylyn,hybrid,xgboost,5,1,20,0,0,0.005205586086958647
aeeem_mylyn,hybrid,xgboost,5,1,21,0,1,0.6330369710922241
aeeem_mylyn,hybrid,xgboost,5,1,22,0,1,0.5581925511360168
aeeem_mylyn,hybrid,xgboost,5,1,28,0,0,0.010527561418712139
aeeem_mylyn,hybrid,xgboost,5,1,32,0,0,0.03640538454055786
aeeem_mylyn,hybrid,xgboost,5,1,35,0,0,0.14823351800441742
aeeem_mylyn,hybrid,xgboost,5,1,36,0,1,0.6315401792526245
aeeem_mylyn,hybrid,xgboost,5,1,51,1,0,0.3259284198284149
aeeem_mylyn,hybrid,xgboost,5,1,52,0,0,0.12067852914333344
aeeem_mylyn,hybrid,xgboost,5,1,53,0,0,0.006609616335481405
aeeem_mylyn,hybrid,xgboost,5,1,54,0,0,0.11553947627544403
aeeem_mylyn,hybrid,xgboost,5,1,62,0,0,0.13116754591464996
aeeem_mylyn,hybrid,xgboost,5,1,69,0,0,0.01046462170779705
aeeem_mylyn,hybrid,xgboost,5,1,76,0,0,0.011352863162755966
aeeem_mylyn,hybrid,xgboost,5,1,78,0,0,0.05166530981659889
aeeem_mylyn,hybrid,xgboost,5,1,81,0,0,0.07538225501775742
aeeem_mylyn,hybrid,xgboost,5,1,90,0,0,0.23494115471839905
aeeem_mylyn,hybrid,xgboost,5,1,91,0,1,0.5917003750801086
aeeem_mylyn,hybrid,xgboost,5,1,94,0,0,0.09393935650587082
aeeem_mylyn,hybrid,xgboost,5,1,107,0,1,0.8926315903663635
aeeem_mylyn,hybrid,xgboost,5,1,114,1,0,0.3666209578514099
aeeem_mylyn,hybrid,xgboost,5,1,116,0,0,0.010930381715297699
aeeem_mylyn,hybrid,xgboost,5,1,129,1,0,0.45930013060569763
aeeem_mylyn,hybrid,xgboost,5,1,134,1,1,0.8926315903663635
aeeem_mylyn,hybrid,xgboost,5,1,140,0,0,0.059466734528541565
aeeem_mylyn,hybrid,xgboost,5,1,141,0,0,0.08958077430725098
aeeem_mylyn,hybrid,xgboost,5,1,144,0,0,0.05154361575841904
aeeem_mylyn,hybrid,xgboost,5,1,151,0,1,0.6931653618812561
aeeem_mylyn,hybrid,xgboost,5,1,152,0,0,0.1259433925151825
aeeem_mylyn,hybrid,xgboost,5,1,153,0,0,0.3207131028175354
aeeem_mylyn,hybrid,xgboost,5,1,154,0,0,0.17110127210617065
aeeem_mylyn,hybrid,xgboost,5,1,160,0,0,0.006015764083713293
aeeem_mylyn,hybrid,xgboost,5,1,162,0,0,0.01005675457417965
aeeem_mylyn,hybrid,xgboost,5,1,167,0,0,0.012553954496979713
aeeem_mylyn,hybrid,xgboost,5,1,170,0,0,0.02894032746553421
aeeem_mylyn,hybrid,xgboost,5,1,174,0,0,0.13829386234283447
aeeem_mylyn,hybrid,xgboost,5,1,176,0,1,0.7767281532287598
aeeem_mylyn,hybrid,xgboost,5,1,186,1,0,0.09677177667617798
aeeem_mylyn,hybrid,xgboost,5,1,187,0,0,0.015518479980528355
aeeem_mylyn,hybrid,xgboost,5,1,201,0,0,0.01700596697628498
aeeem_mylyn,hybrid,xgboost,5,1,219,0,0,0.008623277768492699
aeeem_mylyn,hybrid,xgboost,5,1,223,0,0,0.031596969813108444
aeeem_mylyn,hybrid,xgboost,5,1,225,0,0,0.06785538047552109
aeeem_mylyn,hybrid,xgboost,5,1,228,0,0,0.048121217638254166
aeeem_mylyn,hybrid,xgboost,5,1,235,0,0,0.14048869907855988
aeeem_mylyn,hybrid,xgboost,5,1,241,0,0,0.00976880919188261
aeeem_mylyn,hybrid,xgboost,5,1,245,0,0,0.05297053977847099
aeeem_mylyn,hybrid,xgboost,5,1,247,1,1,0.7822017669677734
aeeem_mylyn,hybrid,xgboost,5,1,251,0,0,0.029971912503242493
aeeem_mylyn,hybrid,xgboost,5,1,252,1,1,0.8941729068756104
aeeem_mylyn,hybrid,xgboost,5,1,261,1,1,0.6604713201522827
aeeem_mylyn,hybrid,xgboost,5,1,262,0,0,0.005898062139749527
aeeem_mylyn,hybrid,xgboost,5,1,263,0,0,0.22570806741714478
aeeem_mylyn,hybrid,xgboost,5,1,266,1,0,0.09897824376821518
aeeem_mylyn,hybrid,xgboost,5,1,279,0,0,0.27360832691192627
aeeem_mylyn,hybrid,xgboost,5,1,283,0,0,0.011493566446006298
aeeem_mylyn,hybrid,xgboost,5,1,295,0,0,0.009517508558928967
aeeem_mylyn,hybrid,xgboost,5,1,296,0,0,0.034476138651371
aeeem_mylyn,hybrid,xgboost,5,1,297,0,0,0.24214643239974976
aeeem_mylyn,hybrid,xgboost,5,1,298,0,0,0.12457699328660965
aeeem_mylyn,hybrid,xgboost,5,1,300,0,0,0.045342959463596344
aeeem_mylyn,hybrid,xgboost,5,1,302,0,0,0.016253076493740082
aeeem_mylyn,hybrid,xgboost,5,1,311,0,0,0.025442637503147125
aeeem_mylyn,hybrid,xgboost,5,1,335,0,0,0.006195681635290384
aeeem_mylyn,hybrid,xgboost,5,1,341,0,0,0.14259988069534302
aeeem_mylyn,hybrid,xgboost,5,1,343,1,0,0.1805362105369568
aeeem_mylyn,hybrid,xgboost,5,1,345,0,0,0.30025333166122437
aeeem_mylyn,hybrid,xgboost,5,1,351,0,0,0.007033901754766703
aeeem_mylyn,hybrid,xgboost,5,1,352,0,0,0.0031027793884277344
aeeem_mylyn,hybrid,xgboost,5,1,354,0,0,0.022050559520721436
aeeem_mylyn,hybrid,xgboost,5,1,365,0,1,0.9778832197189331
aeeem_mylyn,hybrid,xgboost,5,1,367,0,0,0.09078465402126312
aeeem_mylyn,hybrid,xgboost,5,1,375,1,1,0.5348654389381409
aeeem_mylyn,hybrid,xgboost,5,1,393,0,0,0.013432254083454609
aeeem_mylyn,hybrid,xgboost,5,1,397,0,0,0.013288341462612152
aeeem_mylyn,hybrid,xgboost,5,1,403,0,0,0.009358745068311691
aeeem_mylyn,hybrid,xgboost,5,1,407,0,0,0.23755936324596405
aeeem_mylyn,hybrid,xgboost,5,1,421,0,0,0.01815618760883808
aeeem_mylyn,hybrid,xgboost,5,1,423,1,0,0.20430301129817963
aeeem_mylyn,hybrid,xgboost,5,1,427,0,1,0.644028902053833
aeeem_mylyn,hybrid,xgboost,5,1,429,0,0,0.007635099813342094
aeeem_mylyn,hybrid,xgboost,5,1,432,0,0,0.018430307507514954
aeeem_mylyn,hybrid,xgboost,5,1,438,0,0,0.13750146329402924
aeeem_mylyn,hybrid,xgboost,5,1,441,1,0,0.2738162875175476
aeeem_mylyn,hybrid,xgboost,5,1,448,0,0,0.02221791073679924
aeeem_mylyn,hybrid,xgboost,5,1,469,1,1,0.8328545093536377
aeeem_mylyn,hybrid,xgboost,5,1,474,0,0,0.019057057797908783
aeeem_mylyn,hybrid,xgboost,5,1,476,0,0,0.10205503553152084
aeeem_mylyn,hybrid,xgboost,5,1,486,1,1,0.6778640747070312
aeeem_mylyn,hybrid,xgboost,5,1,487,0,0,0.02547665871679783
aeeem_mylyn,hybrid,xgboost,5,1,491,0,0,0.0032880499493330717
aeeem_mylyn,hybrid,xgboost,5,1,492,0,0,0.0785568580031395
aeeem_mylyn,hybrid,xgboost,5,1,496,0,0,0.04820968955755234
aeeem_mylyn,hybrid,xgboost,5,1,505,0,1,0.8926315903663635
aeeem_mylyn,hybrid,xgboost,5,1,506,0,0,0.05702349543571472
aeeem_mylyn,hybrid,xgboost,5,1,509,0,0,0.22421878576278687
aeeem_mylyn,hybrid,xgboost,5,1,515,0,1,0.6319500207901001
aeeem_mylyn,hybrid,xgboost,5,1,520,0,0,0.21865810453891754
aeeem_mylyn,hybrid,xgboost,5,1,526,0,0,0.14356990158557892
aeeem_mylyn,hybrid,xgboost,5,1,530,0,1,0.7268638610839844
aeeem_mylyn,hybrid,xgboost,5,1,534,0,0,0.007068181410431862
aeeem_mylyn,hybrid,xgboost,5,1,542,0,0,0.044651348143815994
aeeem_mylyn,hybrid,xgboost,5,1,548,0,0,0.016907794401049614
aeeem_mylyn,hybrid,xgboost,5,1,551,0,0,0.282327800989151
aeeem_mylyn,hybrid,xgboost,5,1,555,0,0,0.010083592496812344
aeeem_mylyn,hybrid,xgboost,5,1,560,0,0,0.14984464645385742
aeeem_mylyn,hybrid,xgboost,5,1,570,0,0,0.09907229989767075
aeeem_mylyn,hybrid,xgboost,5,1,593,0,0,0.007563430815935135
aeeem_mylyn,hybrid,xgboost,5,1,595,1,1,0.8780195116996765
aeeem_mylyn,hybrid,xgboost,5,1,596,0,0,0.0713864415884018
aeeem_mylyn,hybrid,xgboost,5,1,599,1,0,0.14836783707141876
aeeem_mylyn,hybrid,xgboost,5,1,603,0,0,0.042200248688459396
aeeem_mylyn,hybrid,xgboost,5,1,608,0,0,0.008660243824124336
aeeem_mylyn,hybrid,xgboost,5,1,614,0,0,0.1801588237285614
aeeem_mylyn,hybrid,xgboost,5,1,622,0,1,0.5734502077102661
aeeem_mylyn,hybrid,xgboost,5,1,628,0,0,0.26402437686920166
aeeem_mylyn,hybrid,xgboost,5,1,629,0,0,0.02233177050948143
aeeem_mylyn,hybrid,xgboost,5,1,640,0,0,0.21682427823543549
aeeem_mylyn,hybrid,xgboost,5,1,642,0,0,0.10715765506029129
aeeem_mylyn,hybrid,xgboost,5,1,644,0,0,0.0034903131891041994
aeeem_mylyn,hybrid,xgboost,5,1,647,0,0,0.280563622713089
aeeem_mylyn,hybrid,xgboost,5,1,648,0,0,0.006413893308490515
aeeem_mylyn,hybrid,xgboost,5,1,652,1,0,0.0907357856631279
aeeem_mylyn,hybrid,xgboost,5,1,658,0,0,0.022794609889388084
aeeem_mylyn,hybrid,xgboost,5,1,662,0,0,0.1422239989042282
aeeem_mylyn,hybrid,xgboost,5,1,666,0,1,0.7546331286430359
aeeem_mylyn,hybrid,xgboost,5,1,670,0,0,0.015176906250417233
aeeem_mylyn,hybrid,xgboost,5,1,679,0,0,0.03062506765127182
aeeem_mylyn,hybrid,xgboost,5,1,689,1,1,0.890693187713623
aeeem_mylyn,hybrid,xgboost,5,1,694,0,0,0.049388810992240906
aeeem_mylyn,hybrid,xgboost,5,1,698,0,0,0.3386653661727905
aeeem_mylyn,hybrid,xgboost,5,1,699,0,0,0.018809732049703598
aeeem_mylyn,hybrid,xgboost,5,1,701,0,0,0.16408124566078186
aeeem_mylyn,hybrid,xgboost,5,1,706,1,1,0.8252484202384949
aeeem_mylyn,hybrid,xgboost,5,1,708,0,0,0.11374667286872864
aeeem_mylyn,hybrid,xgboost,5,1,709,0,0,0.25662681460380554
aeeem_mylyn,hybrid,xgboost,5,1,734,0,0,0.43831804394721985
aeeem_mylyn,hybrid,xgboost,5,1,737,0,0,0.21271710097789764
aeeem_mylyn,hybrid,xgboost,5,1,738,0,0,0.41863173246383667
aeeem_mylyn,hybrid,xgboost,5,1,739,0,1,0.6653209328651428
aeeem_mylyn,hybrid,xgboost,5,1,740,0,0,0.07385831326246262
aeeem_mylyn,hybrid,xgboost,5,1,744,0,0,0.21351636946201324
aeeem_mylyn,hybrid,xgboost,5,1,750,0,0,0.33413296937942505
aeeem_mylyn,hybrid,xgboost,5,1,753,0,0,0.27836254239082336
aeeem_mylyn,hybrid,xgboost,5,1,758,0,1,0.5328044891357422
aeeem_mylyn,hybrid,xgboost,5,1,763,0,0,0.08168172836303711
aeeem_mylyn,hybrid,xgboost,5,1,766,1,0,0.052197474986314774
aeeem_mylyn,hybrid,xgboost,5,1,772,0,0,0.010806743986904621
aeeem_mylyn,hybrid,xgboost,5,1,775,0,1,0.6452232599258423
aeeem_mylyn,hybrid,xgboost,5,1,776,0,0,0.12827549874782562
aeeem_mylyn,hybrid,xgboost,5,1,777,0,0,0.01672101765871048
aeeem_mylyn,hybrid,xgboost,5,1,780,0,1,0.7601026296615601
aeeem_mylyn,hybrid,xgboost,5,1,782,0,0,0.0029247524216771126
aeeem_mylyn,hybrid,xgboost,5,1,783,0,0,0.0034903131891041994
aeeem_mylyn,hybrid,xgboost,5,1,802,0,0,0.034144822508096695
aeeem_mylyn,hybrid,xgboost,5,1,804,0,0,0.007140814326703548
aeeem_mylyn,hybrid,xgboost,5,1,818,0,0,0.0027877248357981443
aeeem_mylyn,hybrid,xgboost,5,1,826,0,0,0.16847164928913116
aeeem_mylyn,hybrid,xgboost,5,1,829,0,0,0.42871490120887756
aeeem_mylyn,hybrid,xgboost,5,1,831,0,0,0.08835410326719284
aeeem_mylyn,hybrid,xgboost,5,1,840,0,0,0.040970735251903534
aeeem_mylyn,hybrid,xgboost,5,1,842,0,0,0.03629223629832268
aeeem_mylyn,hybrid,xgboost,5,1,854,0,0,0.39257362484931946
aeeem_mylyn,hybrid,xgboost,5,1,856,1,1,0.586393415927887
aeeem_mylyn,hybrid,xgboost,5,1,859,0,0,0.06838643550872803
aeeem_mylyn,hybrid,xgboost,5,1,860,0,0,0.30978700518608093
aeeem_mylyn,hybrid,xgboost,5,1,861,0,0,0.24411137402057648
aeeem_mylyn,hybrid,xgboost,5,1,867,0,0,0.12277616560459137
aeeem_mylyn,hybrid,xgboost,5,1,870,0,0,0.0529647171497345
aeeem_mylyn,hybrid,xgboost,5,1,877,1,0,0.06188616901636124
aeeem_mylyn,hybrid,xgboost,5,1,885,0,0,0.015475659631192684
aeeem_mylyn,hybrid,xgboost,5,1,886,0,0,0.016676483675837517
aeeem_mylyn,hybrid,xgboost,5,1,889,0,0,0.16107740998268127
aeeem_mylyn,hybrid,xgboost,5,1,890,0,0,0.18089622259140015
aeeem_mylyn,hybrid,xgboost,5,1,892,0,0,0.014601941220462322
aeeem_mylyn,hybrid,xgboost,5,1,894,1,0,0.23873496055603027
aeeem_mylyn,hybrid,xgboost,5,1,895,0,0,0.13079862296581268
aeeem_mylyn,hybrid,xgboost,5,1,896,0,0,0.017570002004504204
aeeem_mylyn,hybrid,xgboost,5,1,900,0,1,0.7036893367767334
aeeem_mylyn,hybrid,xgboost,5,1,904,0,0,0.08398576825857162
aeeem_mylyn,hybrid,xgboost,5,1,914,1,1,0.6567583084106445
aeeem_mylyn,hybrid,xgboost,5,1,921,0,0,0.07769148051738739
aeeem_mylyn,hybrid,xgboost,5,1,923,0,0,0.10406719148159027
aeeem_mylyn,hybrid,xgboost,5,1,926,0,0,0.014745951630175114
aeeem_mylyn,hybrid,xgboost,5,1,927,0,1,0.6395999789237976
aeeem_mylyn,hybrid,xgboost,5,1,934,0,0,0.40438026189804077
aeeem_mylyn,hybrid,xgboost,5,1,938,0,0,0.08426977694034576
aeeem_mylyn,hybrid,xgboost,5,1,940,0,0,0.010426502674818039
aeeem_mylyn,hybrid,xgboost,5,1,942,0,0,0.10627512633800507
aeeem_mylyn,hybrid,xgboost,5,1,943,0,0,0.015743980184197426
aeeem_mylyn,hybrid,xgboost,5,1,945,0,0,0.017288895323872566
aeeem_mylyn,hybrid,xgboost,5,1,948,0,0,0.0400577150285244
aeeem_mylyn,hybrid,xgboost,5,1,957,0,0,0.03164893761277199
aeeem_mylyn,hybrid,xgboost,5,1,958,0,0,0.008176100440323353
aeeem_mylyn,hybrid,xgboost,5,1,960,0,0,0.057443469762802124
aeeem_mylyn,hybrid,xgboost,5,1,961,0,0,0.018690340220928192
aeeem_mylyn,hybrid,xgboost,5,1,963,0,0,0.07128263264894485
aeeem_mylyn,hybrid,xgboost,5,1,968,0,0,0.3533414900302887
aeeem_mylyn,hybrid,xgboost,5,1,969,0,0,0.159109428524971
aeeem_mylyn,hybrid,xgboost,5,1,970,0,0,0.1022244393825531
aeeem_mylyn,hybrid,xgboost,5,1,976,0,0,0.3478791117668152
aeeem_mylyn,hybrid,xgboost,5,1,986,0,0,0.16786141693592072
aeeem_mylyn,hybrid,xgboost,5,1,988,0,0,0.2513815760612488
aeeem_mylyn,hybrid,xgboost,5,1,993,0,0,0.03930368274450302
aeeem_mylyn,hybrid,xgboost,5,1,1006,0,0,0.09038535505533218
aeeem_mylyn,hybrid,xgboost,5,1,1008,0,0,0.157415971159935
aeeem_mylyn,hybrid,xgboost,5,1,1009,0,0,0.02877858281135559
aeeem_mylyn,hybrid,xgboost,5,1,1011,0,0,0.15759991109371185
aeeem_mylyn,hybrid,xgboost,5,1,1012,1,1,0.8545072674751282
aeeem_mylyn,hybrid,xgboost,5,1,1016,0,0,0.23122502863407135
aeeem_mylyn,hybrid,xgboost,5,1,1019,0,0,0.009431647136807442
aeeem_mylyn,hybrid,xgboost,5,1,1020,0,0,0.2608751356601715
aeeem_mylyn,hybrid,xgboost,5,1,1022,0,1,0.892530620098114
aeeem_mylyn,hybrid,xgboost,5,1,1034,0,0,0.0051385750994086266
aeeem_mylyn,hybrid,xgboost,5,1,1037,0,0,0.15535591542720795
aeeem_mylyn,hybrid,xgboost,5,1,1038,0,0,0.3635779917240143
aeeem_mylyn,hybrid,xgboost,5,1,1040,0,0,0.014018803834915161
aeeem_mylyn,hybrid,xgboost,5,1,1060,0,0,0.23827815055847168
aeeem_mylyn,hybrid,xgboost,5,1,1068,0,0,0.013197268359363079
aeeem_mylyn,hybrid,xgboost,5,1,1069,0,0,0.21222975850105286
aeeem_mylyn,hybrid,xgboost,5,1,1073,0,0,0.027762874960899353
aeeem_mylyn,hybrid,xgboost,5,1,1074,0,0,0.00628873985260725
aeeem_mylyn,hybrid,xgboost,5,1,1075,0,0,0.0893070250749588
aeeem_mylyn,hybrid,xgboost,5,1,1077,1,1,0.7543338537216187
aeeem_mylyn,hybrid,xgboost,5,1,1080,0,0,0.009004560299217701
aeeem_mylyn,hybrid,xgboost,5,1,1083,0,0,0.26149365305900574
aeeem_mylyn,hybrid,xgboost,5,1,1087,0,0,0.008348689414560795
aeeem_mylyn,hybrid,xgboost,5,1,1092,0,0,0.056987740099430084
aeeem_mylyn,hybrid,xgboost,5,1,1108,0,0,0.22263629734516144
aeeem_mylyn,hybrid,xgboost,5,1,1118,0,0,0.024697545915842056
aeeem_mylyn,hybrid,xgboost,5,1,1126,0,0,0.06825771927833557
aeeem_mylyn,hybrid,xgboost,5,1,1145,0,0,0.04375983029603958
aeeem_mylyn,hybrid,xgboost,5,1,1152,0,0,0.03798932954668999
aeeem_mylyn,hybrid,xgboost,5,1,1155,0,1,0.5406104326248169
aeeem_mylyn,hybrid,xgboost,5,1,1163,0,0,0.014018803834915161
aeeem_mylyn,hybrid,xgboost,5,1,1165,0,0,0.0066000306978821754
aeeem_mylyn,hybrid,xgboost,5,1,1168,0,0,0.010953283868730068
aeeem_mylyn,hybrid,xgboost,5,1,1170,0,0,0.04319022223353386
aeeem_mylyn,hybrid,xgboost,5,1,1171,0,0,0.274780809879303
aeeem_mylyn,hybrid,xgboost,5,1,1178,0,0,0.06604693830013275
aeeem_mylyn,hybrid,xgboost,5,1,1179,0,0,0.0811539813876152
aeeem_mylyn,hybrid,xgboost,5,1,1185,1,0,0.31017884612083435
aeeem_mylyn,hybrid,xgboost,5,1,1195,0,0,0.007266457658261061
aeeem_mylyn,hybrid,xgboost,5,1,1196,0,1,0.5754261016845703
aeeem_mylyn,hybrid,xgboost,5,1,1199,0,0,0.022469401359558105
aeeem_mylyn,hybrid,xgboost,5,1,1209,0,0,0.27917414903640747
aeeem_mylyn,hybrid,xgboost,5,1,1213,0,0,0.03356258198618889
aeeem_mylyn,hybrid,xgboost,5,1,1222,0,0,0.02675548940896988
aeeem_mylyn,hybrid,xgboost,5,1,1228,0,0,0.041326794773340225
aeeem_mylyn,hybrid,xgboost,5,1,1241,0,0,0.00904130470007658
aeeem_mylyn,hybrid,xgboost,5,1,1242,0,0,0.06333578377962112
aeeem_mylyn,hybrid,xgboost,5,1,1246,0,0,0.011019207537174225
aeeem_mylyn,hybrid,xgboost,5,1,1252,0,0,0.046508438885211945
aeeem_mylyn,hybrid,xgboost,5,1,1257,0,0,0.014957458712160587
aeeem_mylyn,hybrid,xgboost,5,1,1258,0,0,0.31561118364334106
aeeem_mylyn,hybrid,xgboost,5,1,1265,0,0,0.009520021267235279
aeeem_mylyn,hybrid,xgboost,5,1,1268,1,1,0.8789671063423157
aeeem_mylyn,hybrid,xgboost,5,1,1278,0,1,0.9361163377761841
aeeem_mylyn,hybrid,xgboost,5,1,1283,1,0,0.45286887884140015
aeeem_mylyn,hybrid,xgboost,5,1,1285,0,1,0.8071668148040771
aeeem_mylyn,hybrid,xgboost,5,1,1287,1,0,0.2963755130767822
aeeem_mylyn,hybrid,xgboost,5,1,1293,0,0,0.014018803834915161
aeeem_mylyn,hybrid,xgboost,5,1,1295,0,0,0.062399253249168396
aeeem_mylyn,hybrid,xgboost,5,1,1302,0,1,0.7375831604003906
aeeem_mylyn,hybrid,xgboost,5,1,1305,0,1,0.5408101081848145
aeeem_mylyn,hybrid,xgboost,5,1,1318,0,0,0.1552230268716812
aeeem_mylyn,hybrid,xgboost,5,1,1324,0,0,0.20449873805046082
aeeem_mylyn,hybrid,xgboost,5,1,1330,0,0,0.28703561425209045
aeeem_mylyn,hybrid,xgboost,5,1,1340,0,0,0.024486379697918892
aeeem_mylyn,hybrid,xgboost,5,1,1352,1,1,0.8424610495567322
aeeem_mylyn,hybrid,xgboost,5,1,1362,0,0,0.008412349037826061
aeeem_mylyn,hybrid,xgboost,5,1,1366,1,0,0.22175677120685577
aeeem_mylyn,hybrid,xgboost,5,1,1368,0,0,0.008943011984229088
aeeem_mylyn,hybrid,xgboost,5,1,1373,0,0,0.019081685692071915
aeeem_mylyn,hybrid,xgboost,5,1,1379,1,1,0.6041151881217957
aeeem_mylyn,hybrid,xgboost,5,1,1380,1,1,0.5521075129508972
aeeem_mylyn,hybrid,xgboost,5,1,1382,0,0,0.1379384994506836
aeeem_mylyn,hybrid,xgboost,5,1,1389,0,0,0.12422087788581848
aeeem_mylyn,hybrid,xgboost,5,1,1392,0,0,0.49303296208381653
aeeem_mylyn,hybrid,xgboost,5,1,1401,0,0,0.02312317304313183
aeeem_mylyn,hybrid,xgboost,5,1,1403,0,0,0.00854187086224556
aeeem_mylyn,hybrid,xgboost,5,1,1404,0,0,0.28644949197769165
aeeem_mylyn,hybrid,xgboost,5,1,1408,0,0,0.04868214949965477
aeeem_mylyn,hybrid,xgboost,5,1,1411,1,1,0.6851446032524109
aeeem_mylyn,hybrid,xgboost,5,1,1422,0,0,0.021498428657650948
aeeem_mylyn,hybrid,xgboost,5,1,1423,0,0,0.11280399560928345
aeeem_mylyn,hybrid,xgboost,5,1,1425,0,0,0.21657441556453705
aeeem_mylyn,hybrid,xgboost,5,1,1435,0,0,0.4840911328792572
aeeem_mylyn,hybrid,xgboost,5,1,1439,0,0,0.037822380661964417
aeeem_mylyn,hybrid,xgboost,5,1,1448,0,0,0.027555929496884346
aeeem_mylyn,hybrid,xgboost,5,1,1449,0,0,0.47265323996543884
aeeem_mylyn,hybrid,xgboost,5,1,1454,0,0,0.08383437246084213
aeeem_mylyn,hybrid,xgboost,5,1,1461,1,1,0.9575200080871582
aeeem_mylyn,hybrid,xgboost,5,1,1462,0,0,0.03385651111602783
aeeem_mylyn,hybrid,xgboost,5,1,1463,0,0,0.2567054033279419
aeeem_mylyn,hybrid,xgboost,5,1,1475,0,0,0.38298290967941284
aeeem_mylyn,hybrid,xgboost,5,1,1479,0,0,0.016770921647548676
aeeem_mylyn,hybrid,xgboost,5,1,1482,1,0,0.1626015454530716
aeeem_mylyn,hybrid,xgboost,5,1,1489,1,0,0.24370220303535461
aeeem_mylyn,hybrid,xgboost,5,1,1492,0,0,0.18571797013282776
aeeem_mylyn,hybrid,xgboost,5,1,1494,1,1,0.6824460029602051
aeeem_mylyn,hybrid,xgboost,5,1,1496,0,0,0.04536617547273636
aeeem_mylyn,hybrid,xgboost,5,1,1497,0,0,0.07727169245481491
aeeem_mylyn,hybrid,xgboost,5,1,1501,0,0,0.2879146933555603
aeeem_mylyn,hybrid,xgboost,5,1,1502,0,0,0.07723088562488556
aeeem_mylyn,hybrid,xgboost,5,1,1515,1,0,0.299613893032074
aeeem_mylyn,hybrid,xgboost,5,1,1521,0,0,0.006362470332533121
aeeem_mylyn,hybrid,xgboost,5,1,1528,0,0,0.4477575123310089
aeeem_mylyn,hybrid,xgboost,5,1,1534,0,0,0.37818366289138794
aeeem_mylyn,hybrid,xgboost,5,1,1538,0,1,0.6101856827735901
aeeem_mylyn,hybrid,xgboost,5,1,1539,0,0,0.06592652201652527
aeeem_mylyn,hybrid,xgboost,5,1,1543,0,0,0.06993622332811356
aeeem_mylyn,hybrid,xgboost,5,1,1547,0,0,0.014652222394943237
aeeem_mylyn,hybrid,xgboost,5,1,1552,0,0,0.17542412877082825
aeeem_mylyn,hybrid,xgboost,5,1,1563,0,0,0.19439132511615753
aeeem_mylyn,hybrid,xgboost,5,1,1566,0,0,0.33459925651550293
aeeem_mylyn,hybrid,xgboost,5,1,1576,1,1,0.8428325057029724
aeeem_mylyn,hybrid,xgboost,5,1,1578,0,0,0.023497052490711212
aeeem_mylyn,hybrid,xgboost,5,1,1588,0,0,0.011334110051393509
aeeem_mylyn,hybrid,xgboost,5,1,1592,0,0,0.05530743673443794
aeeem_mylyn,hybrid,xgboost,5,1,1595,0,0,0.04281216859817505
aeeem_mylyn,hybrid,xgboost,5,1,1597,0,0,0.2964133024215698
aeeem_mylyn,hybrid,xgboost,5,1,1598,0,0,0.010739036835730076
aeeem_mylyn,hybrid,xgboost,5,1,1601,0,0,0.22557006776332855
aeeem_mylyn,hybrid,xgboost,5,1,1603,0,0,0.17085082828998566
aeeem_mylyn,hybrid,xgboost,5,1,1605,0,0,0.4647887647151947
aeeem_mylyn,hybrid,xgboost,5,1,1612,0,1,0.8036327362060547
aeeem_mylyn,hybrid,xgboost,5,1,1614,0,0,0.006822646129876375
aeeem_mylyn,hybrid,xgboost,5,1,1615,0,0,0.005712749902158976
aeeem_mylyn,hybrid,xgboost,5,1,1630,1,1,0.6656838655471802
aeeem_mylyn,hybrid,xgboost,5,1,1635,0,0,0.0434395857155323
aeeem_mylyn,hybrid,xgboost,5,1,1668,1,0,0.4902321696281433
aeeem_mylyn,hybrid,xgboost,5,1,1676,1,0,0.4301207363605499
aeeem_mylyn,hybrid,xgboost,5,1,1678,0,0,0.11549962311983109
aeeem_mylyn,hybrid,xgboost,5,1,1688,0,0,0.04182824492454529
aeeem_mylyn,hybrid,xgboost,5,1,1704,0,0,0.038189586251974106
aeeem_mylyn,hybrid,xgboost,5,1,1712,0,0,0.15428419411182404
aeeem_mylyn,hybrid,xgboost,5,1,1713,0,0,0.021556438878178596
aeeem_mylyn,hybrid,xgboost,5,1,1716,0,0,0.011886895634233952
aeeem_mylyn,hybrid,xgboost,5,1,1718,0,0,0.16638760268688202
aeeem_mylyn,hybrid,xgboost,5,1,1720,0,0,0.2564161419868469
aeeem_mylyn,hybrid,xgboost,5,1,1733,0,1,0.8240178227424622
aeeem_mylyn,hybrid,xgboost,5,1,1734,0,0,0.040886957198381424
aeeem_mylyn,hybrid,xgboost,5,1,1739,0,0,0.017615435644984245
aeeem_mylyn,hybrid,xgboost,5,1,1741,0,1,0.7839536070823669
aeeem_mylyn,hybrid,xgboost,5,1,1747,0,0,0.012127850204706192
aeeem_mylyn,hybrid,xgboost,5,1,1754,0,0,0.006007068324834108
aeeem_mylyn,hybrid,xgboost,5,1,1757,0,0,0.4253405034542084
aeeem_mylyn,hybrid,xgboost,5,1,1758,0,0,0.27890244126319885
aeeem_mylyn,hybrid,xgboost,5,1,1771,0,0,0.023303622379899025
aeeem_mylyn,hybrid,xgboost,5,1,1772,0,0,0.398730993270874
aeeem_mylyn,hybrid,xgboost,5,1,1780,0,0,0.019401701167225838
aeeem_mylyn,hybrid,xgboost,5,1,1784,1,0,0.11713904142379761
aeeem_mylyn,hybrid,xgboost,5,1,1786,1,1,0.7655664682388306
aeeem_mylyn,hybrid,xgboost,5,1,1789,0,0,0.41205647587776184
aeeem_mylyn,hybrid,xgboost,5,1,1790,0,0,0.026203133165836334
aeeem_mylyn,hybrid,xgboost,5,1,1791,0,0,0.08444634079933167
aeeem_mylyn,hybrid,xgboost,5,1,1796,0,0,0.04630274325609207
aeeem_mylyn,hybrid,xgboost,5,1,1798,0,0,0.03989410772919655
aeeem_mylyn,hybrid,xgboost,5,1,1812,0,0,0.1578655242919922
aeeem_mylyn,hybrid,xgboost,5,1,1822,0,0,0.28273651003837585
aeeem_mylyn,hybrid,xgboost,5,1,1823,0,0,0.011523972265422344
aeeem_mylyn,hybrid,xgboost,5,1,1828,0,0,0.004650752991437912
aeeem_mylyn,hybrid,xgboost,5,1,1831,1,1,0.74381023645401
aeeem_mylyn,hybrid,xgboost,5,1,1835,1,1,0.6508340835571289
aeeem_mylyn,hybrid,xgboost,5,1,1842,0,0,0.038894109427928925
aeeem_mylyn,hybrid,xgboost,5,1,1846,0,0,0.058361075818538666
aeeem_mylyn,hybrid,xgboost,5,1,1852,0,0,0.004594151396304369
aeeem_mylyn,hybrid,xgboost,5,2,1,0,0,0.11999938637018204
aeeem_mylyn,hybrid,xgboost,5,2,3,0,0,0.22345997393131256
aeeem_mylyn,hybrid,xgboost,5,2,4,0,0,0.006957299541682005
aeeem_mylyn,hybrid,xgboost,5,2,10,0,0,0.01285545527935028
aeeem_mylyn,hybrid,xgboost,5,2,14,0,0,0.022182246670126915
aeeem_mylyn,hybrid,xgboost,5,2,16,0,0,0.09661249071359634
aeeem_mylyn,hybrid,xgboost,5,2,23,0,0,0.14329534769058228
aeeem_mylyn,hybrid,xgboost,5,2,25,0,0,0.1787727326154709
aeeem_mylyn,hybrid,xgboost,5,2,27,0,0,0.022104712203145027
aeeem_mylyn,hybrid,xgboost,5,2,30,1,0,0.32655972242355347
aeeem_mylyn,hybrid,xgboost,5,2,34,0,0,0.02442431077361107
aeeem_mylyn,hybrid,xgboost,5,2,41,0,1,0.8248376250267029
aeeem_mylyn,hybrid,xgboost,5,2,42,0,1,0.7488727569580078
aeeem_mylyn,hybrid,xgboost,5,2,44,0,0,0.030035680159926414
aeeem_mylyn,hybrid,xgboost,5,2,45,0,1,0.6031918525695801
aeeem_mylyn,hybrid,xgboost,5,2,55,0,0,0.39046481251716614
aeeem_mylyn,hybrid,xgboost,5,2,57,0,0,0.18798108398914337
aeeem_mylyn,hybrid,xgboost,5,2,58,0,0,0.08058241754770279
aeeem_mylyn,hybrid,xgboost,5,2,60,1,1,0.8171771168708801
aeeem_mylyn,hybrid,xgboost,5,2,61,0,0,0.3508523106575012
aeeem_mylyn,hybrid,xgboost,5,2,70,0,0,0.012774471193552017
aeeem_mylyn,hybrid,xgboost,5,2,84,0,1,0.5282350778579712
aeeem_mylyn,hybrid,xgboost,5,2,88,0,0,0.054751500487327576
aeeem_mylyn,hybrid,xgboost,5,2,93,0,0,0.04196455702185631
aeeem_mylyn,hybrid,xgboost,5,2,95,0,0,0.03343783691525459
aeeem_mylyn,hybrid,xgboost,5,2,99,1,0,0.32920393347740173
aeeem_mylyn,hybrid,xgboost,5,2,102,0,0,0.04456884786486626
aeeem_mylyn,hybrid,xgboost,5,2,111,1,1,0.8583113551139832
aeeem_mylyn,hybrid,xgboost,5,2,118,0,0,0.08989853411912918
aeeem_mylyn,hybrid,xgboost,5,2,119,0,0,0.09988272935152054
aeeem_mylyn,hybrid,xgboost,5,2,120,0,0,0.3193083703517914
aeeem_mylyn,hybrid,xgboost,5,2,122,0,0,0.002280159154906869
aeeem_mylyn,hybrid,xgboost,5,2,125,0,0,0.37692001461982727
aeeem_mylyn,hybrid,xgboost,5,2,127,0,0,0.02445254474878311
aeeem_mylyn,hybrid,xgboost,5,2,128,0,0,0.034015536308288574
aeeem_mylyn,hybrid,xgboost,5,2,132,0,0,0.3825312852859497
aeeem_mylyn,hybrid,xgboost,5,2,135,0,0,0.02243979275226593
aeeem_mylyn,hybrid,xgboost,5,2,142,0,0,0.0614340640604496
aeeem_mylyn,hybrid,xgboost,5,2,143,0,0,0.1401585042476654
aeeem_mylyn,hybrid,xgboost,5,2,148,0,0,0.08768832683563232
aeeem_mylyn,hybrid,xgboost,5,2,155,0,0,0.22170613706111908
aeeem_mylyn,hybrid,xgboost,5,2,156,1,0,0.4762100279331207
aeeem_mylyn,hybrid,xgboost,5,2,166,0,0,0.349844366312027
aeeem_mylyn,hybrid,xgboost,5,2,168,0,0,0.17567583918571472
aeeem_mylyn,hybrid,xgboost,5,2,172,0,0,0.040684774518013
aeeem_mylyn,hybrid,xgboost,5,2,173,1,0,0.06573119759559631
aeeem_mylyn,hybrid,xgboost,5,2,181,0,1,0.6421666741371155
aeeem_mylyn,hybrid,xgboost,5,2,183,0,0,0.037171490490436554
aeeem_mylyn,hybrid,xgboost,5,2,190,0,1,0.5956821441650391
aeeem_mylyn,hybrid,xgboost,5,2,193,0,0,0.035955801606178284
aeeem_mylyn,hybrid,xgboost,5,2,195,0,0,0.015186002478003502
aeeem_mylyn,hybrid,xgboost,5,2,198,0,0,0.00340388179756701
aeeem_mylyn,hybrid,xgboost,5,2,199,1,1,0.6219726800918579
aeeem_mylyn,hybrid,xgboost,5,2,202,0,0,0.08689343929290771
aeeem_mylyn,hybrid,xgboost,5,2,212,0,0,0.09839082509279251
aeeem_mylyn,hybrid,xgboost,5,2,214,0,0,0.06895900517702103
aeeem_mylyn,hybrid,xgboost,5,2,215,0,0,0.10802201926708221
aeeem_mylyn,hybrid,xgboost,5,2,217,1,1,0.8980234861373901
aeeem_mylyn,hybrid,xgboost,5,2,221,0,0,0.06483162194490433
aeeem_mylyn,hybrid,xgboost,5,2,229,0,0,0.006575122941285372
aeeem_mylyn,hybrid,xgboost,5,2,232,0,0,0.014283685944974422
aeeem_mylyn,hybrid,xgboost,5,2,239,1,1,0.775122344493866
aeeem_mylyn,hybrid,xgboost,5,2,242,0,0,0.2106877714395523
aeeem_mylyn,hybrid,xgboost,5,2,246,0,0,0.04574034363031387
aeeem_mylyn,hybrid,xgboost,5,2,249,0,0,0.05417724698781967
aeeem_mylyn,hybrid,xgboost,5,2,250,0,1,0.8610373139381409
aeeem_mylyn,hybrid,xgboost,5,2,253,0,1,0.6422693133354187
aeeem_mylyn,hybrid,xgboost,5,2,258,0,0,0.015897057950496674
aeeem_mylyn,hybrid,xgboost,5,2,259,0,0,0.020782480016350746
aeeem_mylyn,hybrid,xgboost,5,2,267,0,0,0.09207751601934433
aeeem_mylyn,hybrid,xgboost,5,2,274,0,0,0.10957518219947815
aeeem_mylyn,hybrid,xgboost,5,2,278,0,0,0.3512933850288391
aeeem_mylyn,hybrid,xgboost,5,2,280,0,0,0.48341140151023865
aeeem_mylyn,hybrid,xgboost,5,2,285,0,0,0.3475978374481201
aeeem_mylyn,hybrid,xgboost,5,2,288,0,0,0.006167612504214048
aeeem_mylyn,hybrid,xgboost,5,2,303,0,0,0.23153716325759888
aeeem_mylyn,hybrid,xgboost,5,2,304,0,0,0.10441020131111145
aeeem_mylyn,hybrid,xgboost,5,2,305,0,0,0.2912370562553406
aeeem_mylyn,hybrid,xgboost,5,2,306,0,1,0.890036404132843
aeeem_mylyn,hybrid,xgboost,5,2,307,0,0,0.1864548623561859
aeeem_mylyn,hybrid,xgboost,5,2,315,0,0,0.19071365892887115
aeeem_mylyn,hybrid,xgboost,5,2,317,1,0,0.4599129557609558
aeeem_mylyn,hybrid,xgboost,5,2,319,0,0,0.14526700973510742
aeeem_mylyn,hybrid,xgboost,5,2,323,0,0,0.04574034363031387
aeeem_mylyn,hybrid,xgboost,5,2,329,1,1,0.8823621273040771
aeeem_mylyn,hybrid,xgboost,5,2,336,0,0,0.005694604944437742
aeeem_mylyn,hybrid,xgboost,5,2,338,1,1,0.8069022297859192
aeeem_mylyn,hybrid,xgboost,5,2,342,0,0,0.4547886848449707
aeeem_mylyn,hybrid,xgboost,5,2,344,0,0,0.017385054379701614
aeeem_mylyn,hybrid,xgboost,5,2,347,0,0,0.0013294568052515388
aeeem_mylyn,hybrid,xgboost,5,2,349,0,1,0.6937231421470642
aeeem_mylyn,hybrid,xgboost,5,2,357,1,1,0.7674394249916077
aeeem_mylyn,hybrid,xgboost,5,2,363,0,0,0.04845645651221275
aeeem_mylyn,hybrid,xgboost,5,2,371,0,0,0.47603267431259155
aeeem_mylyn,hybrid,xgboost,5,2,374,0,0,0.18571843206882477
aeeem_mylyn,hybrid,xgboost,5,2,376,0,0,0.020100658759474754
aeeem_mylyn,hybrid,xgboost,5,2,384,0,1,0.6170252561569214
aeeem_mylyn,hybrid,xgboost,5,2,389,0,0,0.07361621409654617
aeeem_mylyn,hybrid,xgboost,5,2,410,0,0,0.014384525828063488
aeeem_mylyn,hybrid,xgboost,5,2,416,0,0,0.06524810940027237
aeeem_mylyn,hybrid,xgboost,5,2,428,0,0,0.04356317222118378
aeeem_mylyn,hybrid,xgboost,5,2,437,0,0,0.038678593933582306
aeeem_mylyn,hybrid,xgboost,5,2,451,0,0,0.13239547610282898
aeeem_mylyn,hybrid,xgboost,5,2,452,0,1,0.8763231635093689
aeeem_mylyn,hybrid,xgboost,5,2,456,0,0,0.21290463209152222
aeeem_mylyn,hybrid,xgboost,5,2,461,0,0,0.030741995200514793
aeeem_mylyn,hybrid,xgboost,5,2,464,0,0,0.015561249107122421
aeeem_mylyn,hybrid,xgboost,5,2,473,0,0,0.22490009665489197
aeeem_mylyn,hybrid,xgboost,5,2,475,1,0,0.1257694810628891
aeeem_mylyn,hybrid,xgboost,5,2,481,0,0,0.008266284130513668
aeeem_mylyn,hybrid,xgboost,5,2,484,0,0,0.004973965231329203
aeeem_mylyn,hybrid,xgboost,5,2,490,0,1,0.5054428577423096
aeeem_mylyn,hybrid,xgboost,5,2,494,0,0,0.04804566875100136
aeeem_mylyn,hybrid,xgboost,5,2,495,1,1,0.7689073085784912
aeeem_mylyn,hybrid,xgboost,5,2,501,0,0,0.10343474894762039
aeeem_mylyn,hybrid,xgboost,5,2,502,0,0,0.0411391481757164
aeeem_mylyn,hybrid,xgboost,5,2,510,0,0,0.008816903457045555
aeeem_mylyn,hybrid,xgboost,5,2,511,0,0,0.30084192752838135
aeeem_mylyn,hybrid,xgboost,5,2,517,0,0,0.007371936459094286
aeeem_mylyn,hybrid,xgboost,5,2,522,0,1,0.8823621273040771
aeeem_mylyn,hybrid,xgboost,5,2,524,0,1,0.5729374885559082
aeeem_mylyn,hybrid,xgboost,5,2,528,1,1,0.8763231635093689
aeeem_mylyn,hybrid,xgboost,5,2,529,0,0,0.12049766629934311
aeeem_mylyn,hybrid,xgboost,5,2,531,0,0,0.01724359393119812
aeeem_mylyn,hybrid,xgboost,5,2,532,0,0,0.029117602854967117
aeeem_mylyn,hybrid,xgboost,5,2,538,0,0,0.09796570241451263
aeeem_mylyn,hybrid,xgboost,5,2,539,0,0,0.0026493489276617765
aeeem_mylyn,hybrid,xgboost,5,2,546,0,0,0.011346256360411644
aeeem_mylyn,hybrid,xgboost,5,2,550,0,0,0.08922117948532104
aeeem_mylyn,hybrid,xgboost,5,2,556,1,1,0.5102482438087463
aeeem_mylyn,hybrid,xgboost,5,2,558,0,0,0.12279189378023148
aeeem_mylyn,hybrid,xgboost,5,2,569,0,0,0.008527321740984917
aeeem_mylyn,hybrid,xgboost,5,2,577,1,0,0.36696335673332214
aeeem_mylyn,hybrid,xgboost,5,2,579,0,0,0.031395282596349716
aeeem_mylyn,hybrid,xgboost,5,2,581,0,0,0.01869676448404789
aeeem_mylyn,hybrid,xgboost,5,2,584,0,0,0.2296523004770279
aeeem_mylyn,hybrid,xgboost,5,2,587,1,0,0.3728773891925812
aeeem_mylyn,hybrid,xgboost,5,2,590,0,0,0.025990422815084457
aeeem_mylyn,hybrid,xgboost,5,2,597,0,0,0.010344449430704117
aeeem_mylyn,hybrid,xgboost,5,2,604,0,0,0.2937372922897339
aeeem_mylyn,hybrid,xgboost,5,2,605,0,1,0.5901418328285217
aeeem_mylyn,hybrid,xgboost,5,2,612,1,1,0.5447375178337097
aeeem_mylyn,hybrid,xgboost,5,2,615,0,0,0.20722444355487823
aeeem_mylyn,hybrid,xgboost,5,2,616,0,0,0.03855622187256813
aeeem_mylyn,hybrid,xgboost,5,2,620,0,0,0.04743759334087372
aeeem_mylyn,hybrid,xgboost,5,2,625,0,0,0.011526927351951599
aeeem_mylyn,hybrid,xgboost,5,2,635,1,0,0.047045230865478516
aeeem_mylyn,hybrid,xgboost,5,2,636,0,1,0.6700642704963684
aeeem_mylyn,hybrid,xgboost,5,2,645,0,0,0.00935889221727848
aeeem_mylyn,hybrid,xgboost,5,2,646,0,0,0.032228223979473114
aeeem_mylyn,hybrid,xgboost,5,2,651,0,0,0.2833404839038849
aeeem_mylyn,hybrid,xgboost,5,2,653,1,0,0.1844244748353958
aeeem_mylyn,hybrid,xgboost,5,2,654,0,0,0.0597468838095665
aeeem_mylyn,hybrid,xgboost,5,2,655,0,0,0.009607247076928616
aeeem_mylyn,hybrid,xgboost,5,2,660,0,0,0.012988675385713577
aeeem_mylyn,hybrid,xgboost,5,2,664,0,0,0.1647086888551712
aeeem_mylyn,hybrid,xgboost,5,2,665,0,0,0.18132494390010834
aeeem_mylyn,hybrid,xgboost,5,2,668,0,0,0.028253762051463127
aeeem_mylyn,hybrid,xgboost,5,2,669,1,0,0.08801931142807007
aeeem_mylyn,hybrid,xgboost,5,2,671,0,0,0.3783126473426819
aeeem_mylyn,hybrid,xgboost,5,2,673,0,1,0.5519314408302307
aeeem_mylyn,hybrid,xgboost,5,2,677,0,0,0.066172294318676
aeeem_mylyn,hybrid,xgboost,5,2,680,0,1,0.7916604280471802
aeeem_mylyn,hybrid,xgboost,5,2,681,0,0,0.042080655694007874
aeeem_mylyn,hybrid,xgboost,5,2,695,0,0,0.009759625419974327
aeeem_mylyn,hybrid,xgboost,5,2,712,0,0,0.3317599892616272
aeeem_mylyn,hybrid,xgboost,5,2,713,0,0,0.011333425529301167
aeeem_mylyn,hybrid,xgboost,5,2,720,0,0,0.009926881641149521
aeeem_mylyn,hybrid,xgboost,5,2,721,0,0,0.07542784512042999
aeeem_mylyn,hybrid,xgboost,5,2,722,0,0,0.0463297963142395
aeeem_mylyn,hybrid,xgboost,5,2,726,1,1,0.8182922005653381
aeeem_mylyn,hybrid,xgboost,5,2,732,0,0,0.006667320616543293
aeeem_mylyn,hybrid,xgboost,5,2,745,0,0,0.031693268567323685
aeeem_mylyn,hybrid,xgboost,5,2,749,0,0,0.00775097357109189
aeeem_mylyn,hybrid,xgboost,5,2,755,0,0,0.016525324434041977
aeeem_mylyn,hybrid,xgboost,5,2,756,0,1,0.6195628046989441
aeeem_mylyn,hybrid,xgboost,5,2,765,0,0,0.15131646394729614
aeeem_mylyn,hybrid,xgboost,5,2,767,0,0,0.14633585512638092
aeeem_mylyn,hybrid,xgboost,5,2,768,0,0,0.009926741942763329
aeeem_mylyn,hybrid,xgboost,5,2,774,0,0,0.08165165036916733
aeeem_mylyn,hybrid,xgboost,5,2,778,0,0,0.009568067267537117
aeeem_mylyn,hybrid,xgboost,5,2,781,0,0,0.05428522452712059
aeeem_mylyn,hybrid,xgboost,5,2,790,1,1,0.5395476818084717
aeeem_mylyn,hybrid,xgboost,5,2,791,1,1,0.6704398393630981
aeeem_mylyn,hybrid,xgboost,5,2,796,0,0,0.11694899201393127
aeeem_mylyn,hybrid,xgboost,5,2,801,0,0,0.4202423095703125
aeeem_mylyn,hybrid,xgboost,5,2,803,0,0,0.04013776406645775
aeeem_mylyn,hybrid,xgboost,5,2,809,0,0,0.0397520549595356
aeeem_mylyn,hybrid,xgboost,5,2,810,0,0,0.44114625453948975
aeeem_mylyn,hybrid,xgboost,5,2,812,0,0,0.01865258254110813
aeeem_mylyn,hybrid,xgboost,5,2,813,0,0,0.009418779984116554
aeeem_mylyn,hybrid,xgboost,5,2,821,1,1,0.8653483390808105
aeeem_mylyn,hybrid,xgboost,5,2,827,0,0,0.0895860493183136
aeeem_mylyn,hybrid,xgboost,5,2,828,0,0,0.06966626644134521
aeeem_mylyn,hybrid,xgboost,5,2,835,0,0,0.009487334638834
aeeem_mylyn,hybrid,xgboost,5,2,836,1,1,0.6273698806762695
aeeem_mylyn,hybrid,xgboost,5,2,839,1,0,0.2431163191795349
aeeem_mylyn,hybrid,xgboost,5,2,849,0,0,0.0017232151003554463
aeeem_mylyn,hybrid,xgboost,5,2,853,0,0,0.0632208064198494
aeeem_mylyn,hybrid,xgboost,5,2,857,0,0,0.11155832558870316
aeeem_mylyn,hybrid,xgboost,5,2,858,0,1,0.5420463681221008
aeeem_mylyn,hybrid,xgboost,5,2,865,0,0,0.05748559534549713
aeeem_mylyn,hybrid,xgboost,5,2,876,1,0,0.46590861678123474
aeeem_mylyn,hybrid,xgboost,5,2,878,0,0,0.0027801422402262688
aeeem_mylyn,hybrid,xgboost,5,2,883,0,0,0.014377652667462826
aeeem_mylyn,hybrid,xgboost,5,2,887,0,0,0.4939342439174652
aeeem_mylyn,hybrid,xgboost,5,2,888,0,0,0.20980621874332428
aeeem_mylyn,hybrid,xgboost,5,2,891,0,1,0.8170414566993713
aeeem_mylyn,hybrid,xgboost,5,2,906,0,0,0.1952165812253952
aeeem_mylyn,hybrid,xgboost,5,2,911,0,0,0.4884444773197174
aeeem_mylyn,hybrid,xgboost,5,2,913,0,0,0.04684470221400261
aeeem_mylyn,hybrid,xgboost,5,2,915,0,0,0.16184386610984802
aeeem_mylyn,hybrid,xgboost,5,2,928,1,1,0.8188380002975464
aeeem_mylyn,hybrid,xgboost,5,2,930,0,0,0.0946580022573471
aeeem_mylyn,hybrid,xgboost,5,2,931,0,1,0.6704633235931396
aeeem_mylyn,hybrid,xgboost,5,2,947,0,0,0.06266587227582932
aeeem_mylyn,hybrid,xgboost,5,2,949,0,1,0.5445157289505005
aeeem_mylyn,hybrid,xgboost,5,2,953,1,1,0.904315710067749
aeeem_mylyn,hybrid,xgboost,5,2,956,1,1,0.5221158862113953
aeeem_mylyn,hybrid,xgboost,5,2,965,0,1,0.7181276082992554
aeeem_mylyn,hybrid,xgboost,5,2,967,0,0,0.027862003073096275
aeeem_mylyn,hybrid,xgboost,5,2,971,0,0,0.04982399195432663
aeeem_mylyn,hybrid,xgboost,5,2,974,0,0,0.025010766461491585
aeeem_mylyn,hybrid,xgboost,5,2,984,0,0,0.09231877326965332
aeeem_mylyn,hybrid,xgboost,5,2,987,0,1,0.8489294648170471
aeeem_mylyn,hybrid,xgboost,5,2,997,1,0,0.14832670986652374
aeeem_mylyn,hybrid,xgboost,5,2,1004,0,0,0.03642968088388443
aeeem_mylyn,hybrid,xgboost,5,2,1005,1,1,0.9377439022064209
aeeem_mylyn,hybrid,xgboost,5,2,1026,0,0,0.024328740313649178
aeeem_mylyn,hybrid,xgboost,5,2,1027,0,0,0.09391999989748001
aeeem_mylyn,hybrid,xgboost,5,2,1041,0,1,0.5386952757835388
aeeem_mylyn,hybrid,xgboost,5,2,1047,0,0,0.4204958379268646
aeeem_mylyn,hybrid,xgboost,5,2,1050,0,1,0.5594797134399414
aeeem_mylyn,hybrid,xgboost,5,2,1056,0,0,0.46754705905914307
aeeem_mylyn,hybrid,xgboost,5,2,1061,0,1,0.5699580311775208
aeeem_mylyn,hybrid,xgboost,5,2,1078,0,0,0.006739126984030008
aeeem_mylyn,hybrid,xgboost,5,2,1088,0,0,0.0229636337608099
aeeem_mylyn,hybrid,xgboost,5,2,1094,0,0,0.06531600654125214
aeeem_mylyn,hybrid,xgboost,5,2,1095,0,0,0.00566840311512351
aeeem_mylyn,hybrid,xgboost,5,2,1098,0,0,0.46056559681892395
aeeem_mylyn,hybrid,xgboost,5,2,1103,0,0,0.008350935764610767
aeeem_mylyn,hybrid,xgboost,5,2,1110,0,0,0.005170872434973717
aeeem_mylyn,hybrid,xgboost,5,2,1117,0,0,0.0036071385256946087
aeeem_mylyn,hybrid,xgboost,5,2,1133,0,0,0.14368975162506104
aeeem_mylyn,hybrid,xgboost,5,2,1137,0,0,0.03474416211247444
aeeem_mylyn,hybrid,xgboost,5,2,1149,0,0,0.10771670192480087
aeeem_mylyn,hybrid,xgboost,5,2,1151,0,0,0.06182815134525299
aeeem_mylyn,hybrid,xgboost,5,2,1153,0,0,0.37146151065826416
aeeem_mylyn,hybrid,xgboost,5,2,1159,0,0,0.09064366668462753
aeeem_mylyn,hybrid,xgboost,5,2,1161,0,0,0.0032716169953346252
aeeem_mylyn,hybrid,xgboost,5,2,1183,0,0,0.4013129770755768
aeeem_mylyn,hybrid,xgboost,5,2,1186,0,0,0.28979068994522095
aeeem_mylyn,hybrid,xgboost,5,2,1187,0,0,0.056433677673339844
aeeem_mylyn,hybrid,xgboost,5,2,1192,0,0,0.48416343331336975
aeeem_mylyn,hybrid,xgboost,5,2,1198,1,0,0.021531550213694572
aeeem_mylyn,hybrid,xgboost,5,2,1204,1,1,0.7044343948364258
aeeem_mylyn,hybrid,xgboost,5,2,1207,0,0,0.0025690565817058086
aeeem_mylyn,hybrid,xgboost,5,2,1208,0,0,0.019902033731341362
aeeem_mylyn,hybrid,xgboost,5,2,1215,0,0,0.4167459011077881
aeeem_mylyn,hybrid,xgboost,5,2,1218,0,0,0.27212265133857727
aeeem_mylyn,hybrid,xgboost,5,2,1230,0,0,0.1664252132177353
aeeem_mylyn,hybrid,xgboost,5,2,1240,0,0,0.0037223626859486103
aeeem_mylyn,hybrid,xgboost,5,2,1243,1,1,0.8055623173713684
aeeem_mylyn,hybrid,xgboost,5,2,1244,0,0,0.009719903580844402
aeeem_mylyn,hybrid,xgboost,5,2,1245,0,1,0.6695516705513
aeeem_mylyn,hybrid,xgboost,5,2,1251,0,0,0.04557938873767853
aeeem_mylyn,hybrid,xgboost,5,2,1267,0,0,0.06825090944766998
aeeem_mylyn,hybrid,xgboost,5,2,1274,0,0,0.04804566875100136
aeeem_mylyn,hybrid,xgboost,5,2,1277,0,0,0.013193542137742043
aeeem_mylyn,hybrid,xgboost,5,2,1279,0,0,0.04999062791466713
aeeem_mylyn,hybrid,xgboost,5,2,1282,0,1,0.5706577301025391
aeeem_mylyn,hybrid,xgboost,5,2,1288,1,0,0.33874809741973877
aeeem_mylyn,hybrid,xgboost,5,2,1292,0,0,0.009029550477862358
aeeem_mylyn,hybrid,xgboost,5,2,1294,0,0,0.4845646023750305
aeeem_mylyn,hybrid,xgboost,5,2,1306,0,0,0.01337648369371891
aeeem_mylyn,hybrid,xgboost,5,2,1309,0,0,0.006827923934906721
aeeem_mylyn,hybrid,xgboost,5,2,1317,0,0,0.03551077842712402
aeeem_mylyn,hybrid,xgboost,5,2,1319,0,1,0.5139024257659912
aeeem_mylyn,hybrid,xgboost,5,2,1321,0,0,0.4175451397895813
aeeem_mylyn,hybrid,xgboost,5,2,1322,0,1,0.5444880127906799
aeeem_mylyn,hybrid,xgboost,5,2,1323,0,0,0.0030322012025862932
aeeem_mylyn,hybrid,xgboost,5,2,1346,0,0,0.005474620033055544
aeeem_mylyn,hybrid,xgboost,5,2,1349,0,0,0.08920581638813019
aeeem_mylyn,hybrid,xgboost,5,2,1350,0,0,0.21958483755588531
aeeem_mylyn,hybrid,xgboost,5,2,1355,0,0,0.2524644136428833
aeeem_mylyn,hybrid,xgboost,5,2,1356,0,0,0.0398842990398407
aeeem_mylyn,hybrid,xgboost,5,2,1371,0,0,0.3415442407131195
aeeem_mylyn,hybrid,xgboost,5,2,1372,0,0,0.02200217917561531
aeeem_mylyn,hybrid,xgboost,5,2,1387,1,1,0.8955449461936951
aeeem_mylyn,hybrid,xgboost,5,2,1396,0,0,0.10381302237510681
aeeem_mylyn,hybrid,xgboost,5,2,1407,0,0,0.004843568429350853
aeeem_mylyn,hybrid,xgboost,5,2,1409,1,0,0.17560207843780518
aeeem_mylyn,hybrid,xgboost,5,2,1417,0,1,0.797126054763794
aeeem_mylyn,hybrid,xgboost,5,2,1420,0,0,0.14642074704170227
aeeem_mylyn,hybrid,xgboost,5,2,1421,0,1,0.62965989112854
aeeem_mylyn,hybrid,xgboost,5,2,1429,0,0,0.19718581438064575
aeeem_mylyn,hybrid,xgboost,5,2,1431,0,0,0.011592154391109943
aeeem_mylyn,hybrid,xgboost,5,2,1438,0,0,0.025479601696133614
aeeem_mylyn,hybrid,xgboost,5,2,1441,1,1,0.7518654465675354
aeeem_mylyn,hybrid,xgboost,5,2,1444,0,0,0.20642384886741638
aeeem_mylyn,hybrid,xgboost,5,2,1446,0,0,0.0013615606585517526
aeeem_mylyn,hybrid,xgboost,5,2,1459,0,0,0.06000238656997681
aeeem_mylyn,hybrid,xgboost,5,2,1464,0,0,0.00542475888505578
aeeem_mylyn,hybrid,xgboost,5,2,1466,1,0,0.3698345124721527
aeeem_mylyn,hybrid,xgboost,5,2,1472,0,0,0.019525084644556046
aeeem_mylyn,hybrid,xgboost,5,2,1474,0,0,0.30403876304626465
aeeem_mylyn,hybrid,xgboost,5,2,1483,0,1,0.7184759378433228
aeeem_mylyn,hybrid,xgboost,5,2,1499,0,0,0.10874389857053757
aeeem_mylyn,hybrid,xgboost,5,2,1506,0,0,0.06720320135354996
aeeem_mylyn,hybrid,xgboost,5,2,1511,0,0,0.016072450205683708
aeeem_mylyn,hybrid,xgboost,5,2,1516,1,0,0.10343562066555023
aeeem_mylyn,hybrid,xgboost,5,2,1530,0,0,0.010985026136040688
aeeem_mylyn,hybrid,xgboost,5,2,1535,0,0,0.08395712822675705
aeeem_mylyn,hybrid,xgboost,5,2,1540,0,0,0.35647904872894287
aeeem_mylyn,hybrid,xgboost,5,2,1551,0,0,0.0019487369572743773
aeeem_mylyn,hybrid,xgboost,5,2,1559,0,1,0.8960962891578674
aeeem_mylyn,hybrid,xgboost,5,2,1560,0,0,0.0036748109851032495
aeeem_mylyn,hybrid,xgboost,5,2,1567,0,0,0.26312577724456787
aeeem_mylyn,hybrid,xgboost,5,2,1568,0,0,0.06769302487373352
aeeem_mylyn,hybrid,xgboost,5,2,1571,0,0,0.06857695430517197
aeeem_mylyn,hybrid,xgboost,5,2,1573,0,0,0.11018684506416321
aeeem_mylyn,hybrid,xgboost,5,2,1580,0,0,0.29997560381889343
aeeem_mylyn,hybrid,xgboost,5,2,1585,0,0,0.014931431040167809
aeeem_mylyn,hybrid,xgboost,5,2,1591,0,0,0.217466801404953
aeeem_mylyn,hybrid,xgboost,5,2,1600,0,0,0.021299563348293304
aeeem_mylyn,hybrid,xgboost,5,2,1609,0,0,0.04810023307800293
aeeem_mylyn,hybrid,xgboost,5,2,1613,0,1,0.5935683250427246
aeeem_mylyn,hybrid,xgboost,5,2,1624,0,0,0.005669152829796076
aeeem_mylyn,hybrid,xgboost,5,2,1641,0,0,0.014583881013095379
aeeem_mylyn,hybrid,xgboost,5,2,1642,0,0,0.029830440878868103
aeeem_mylyn,hybrid,xgboost,5,2,1657,0,0,0.15494592487812042
aeeem_mylyn,hybrid,xgboost,5,2,1659,0,0,0.048484038561582565
aeeem_mylyn,hybrid,xgboost,5,2,1661,0,0,0.026248907670378685
aeeem_mylyn,hybrid,xgboost,5,2,1665,0,0,0.15408295392990112
aeeem_mylyn,hybrid,xgboost,5,2,1669,0,1,0.6024889349937439
aeeem_mylyn,hybrid,xgboost,5,2,1677,0,0,0.0395544171333313
aeeem_mylyn,hybrid,xgboost,5,2,1680,1,1,0.7889992594718933
aeeem_mylyn,hybrid,xgboost,5,2,1681,0,0,0.13935717940330505
aeeem_mylyn,hybrid,xgboost,5,2,1689,0,0,0.019780892878770828
aeeem_mylyn,hybrid,xgboost,5,2,1692,0,1,0.7328903675079346
aeeem_mylyn,hybrid,xgboost,5,2,1698,0,0,0.34203869104385376
aeeem_mylyn,hybrid,xgboost,5,2,1699,0,0,0.004225734621286392
aeeem_mylyn,hybrid,xgboost,5,2,1706,0,0,0.10652272403240204
aeeem_mylyn,hybrid,xgboost,5,2,1707,0,0,0.10895013809204102
aeeem_mylyn,hybrid,xgboost,5,2,1719,0,0,0.06271330267190933
aeeem_mylyn,hybrid,xgboost,5,2,1721,0,0,0.05960559472441673
aeeem_mylyn,hybrid,xgboost,5,2,1722,0,0,0.07812722772359848
aeeem_mylyn,hybrid,xgboost,5,2,1723,0,0,0.1421794444322586
aeeem_mylyn,hybrid,xgboost,5,2,1728,0,1,0.9013711810112
aeeem_mylyn,hybrid,xgboost,5,2,1731,0,0,0.24218451976776123
aeeem_mylyn,hybrid,xgboost,5,2,1737,0,0,0.24733301997184753
aeeem_mylyn,hybrid,xgboost,5,2,1738,0,0,0.4361761510372162
aeeem_mylyn,hybrid,xgboost,5,2,1745,0,0,0.03230232745409012
aeeem_mylyn,hybrid,xgboost,5,2,1751,0,0,0.013658775947988033
aeeem_mylyn,hybrid,xgboost,5,2,1761,0,0,0.34268152713775635
aeeem_mylyn,hybrid,xgboost,5,2,1765,0,0,0.16231466829776764
aeeem_mylyn,hybrid,xgboost,5,2,1774,0,0,0.005820919759571552
aeeem_mylyn,hybrid,xgboost,5,2,1783,0,0,0.41922619938850403
aeeem_mylyn,hybrid,xgboost,5,2,1792,0,1,0.537706732749939
aeeem_mylyn,hybrid,xgboost,5,2,1793,0,0,0.10372608155012131
aeeem_mylyn,hybrid,xgboost,5,2,1799,1,0,0.3389221727848053
aeeem_mylyn,hybrid,xgboost,5,2,1800,0,0,0.008647734299302101
aeeem_mylyn,hybrid,xgboost,5,2,1807,0,0,0.2480156123638153
aeeem_mylyn,hybrid,xgboost,5,2,1808,1,1,0.8628662824630737
aeeem_mylyn,hybrid,xgboost,5,2,1816,0,1,0.723783016204834
aeeem_mylyn,hybrid,xgboost,5,2,1818,0,0,0.015676122158765793
aeeem_mylyn,hybrid,xgboost,5,2,1825,0,0,0.05525711923837662
aeeem_mylyn,hybrid,xgboost,5,2,1832,0,0,0.3425275981426239
aeeem_mylyn,hybrid,xgboost,5,2,1838,0,0,0.4252828061580658
aeeem_mylyn,hybrid,xgboost,5,2,1848,0,0,0.29121387004852295
aeeem_mylyn,hybrid,xgboost,5,2,1850,1,1,0.830570638179779
aeeem_mylyn,hybrid,xgboost,5,2,1851,0,0,0.09014452248811722
aeeem_mylyn,hybrid,xgboost,5,2,1855,1,1,0.5574639439582825
aeeem_mylyn,hybrid,xgboost,5,3,7,0,0,0.006952563300728798
aeeem_mylyn,hybrid,xgboost,5,3,11,0,0,0.11117741465568542
aeeem_mylyn,hybrid,xgboost,5,3,12,0,0,0.0010807305807247758
aeeem_mylyn,hybrid,xgboost,5,3,15,0,0,0.39768606424331665
aeeem_mylyn,hybrid,xgboost,5,3,18,0,0,0.3126060962677002
aeeem_mylyn,hybrid,xgboost,5,3,31,0,0,0.01068908255547285
aeeem_mylyn,hybrid,xgboost,5,3,33,0,1,0.5551833510398865
aeeem_mylyn,hybrid,xgboost,5,3,46,1,1,0.5049208998680115
aeeem_mylyn,hybrid,xgboost,5,3,68,1,1,0.7763293981552124
aeeem_mylyn,hybrid,xgboost,5,3,79,0,0,0.17084695398807526
aeeem_mylyn,hybrid,xgboost,5,3,89,0,0,0.16668172180652618
aeeem_mylyn,hybrid,xgboost,5,3,96,0,0,0.021602142602205276
aeeem_mylyn,hybrid,xgboost,5,3,98,0,0,0.07671821117401123
aeeem_mylyn,hybrid,xgboost,5,3,101,0,0,0.07727519422769547
aeeem_mylyn,hybrid,xgboost,5,3,103,0,0,0.347613662481308
aeeem_mylyn,hybrid,xgboost,5,3,104,0,0,0.10295853018760681
aeeem_mylyn,hybrid,xgboost,5,3,105,0,0,0.0048688193783164024
aeeem_mylyn,hybrid,xgboost,5,3,115,1,0,0.1682920753955841
aeeem_mylyn,hybrid,xgboost,5,3,121,0,0,0.11276596784591675
aeeem_mylyn,hybrid,xgboost,5,3,130,0,0,0.08022558689117432
aeeem_mylyn,hybrid,xgboost,5,3,133,1,1,0.5312743186950684
aeeem_mylyn,hybrid,xgboost,5,3,136,0,1,0.916135847568512
aeeem_mylyn,hybrid,xgboost,5,3,137,0,0,0.016650473698973656
aeeem_mylyn,hybrid,xgboost,5,3,138,0,0,0.02930985763669014
aeeem_mylyn,hybrid,xgboost,5,3,139,0,0,0.12520179152488708
aeeem_mylyn,hybrid,xgboost,5,3,157,0,0,0.09074851125478745
aeeem_mylyn,hybrid,xgboost,5,3,165,0,1,0.7178955674171448
aeeem_mylyn,hybrid,xgboost,5,3,169,1,0,0.4404391646385193
aeeem_mylyn,hybrid,xgboost,5,3,177,0,0,0.1210610643029213
aeeem_mylyn,hybrid,xgboost,5,3,185,0,0,0.010521125979721546
aeeem_mylyn,hybrid,xgboost,5,3,191,0,0,0.040362171828746796
aeeem_mylyn,hybrid,xgboost,5,3,203,0,1,0.5109949111938477
aeeem_mylyn,hybrid,xgboost,5,3,205,1,0,0.47333982586860657
aeeem_mylyn,hybrid,xgboost,5,3,207,0,0,0.49290868639945984
aeeem_mylyn,hybrid,xgboost,5,3,208,1,0,0.21787284314632416
aeeem_mylyn,hybrid,xgboost,5,3,213,0,0,0.261625200510025
aeeem_mylyn,hybrid,xgboost,5,3,216,0,0,0.016959603875875473
aeeem_mylyn,hybrid,xgboost,5,3,220,0,0,0.07715408504009247
aeeem_mylyn,hybrid,xgboost,5,3,227,0,1,0.6905022859573364
aeeem_mylyn,hybrid,xgboost,5,3,234,0,0,0.17668595910072327
aeeem_mylyn,hybrid,xgboost,5,3,236,0,0,0.009851084090769291
aeeem_mylyn,hybrid,xgboost,5,3,237,0,1,0.8388431668281555
aeeem_mylyn,hybrid,xgboost,5,3,238,0,0,0.35166698694229126
aeeem_mylyn,hybrid,xgboost,5,3,244,0,0,0.08460177481174469
aeeem_mylyn,hybrid,xgboost,5,3,248,0,0,0.03811437264084816
aeeem_mylyn,hybrid,xgboost,5,3,255,0,1,0.5397560596466064
aeeem_mylyn,hybrid,xgboost,5,3,264,0,0,0.020443659275770187
aeeem_mylyn,hybrid,xgboost,5,3,265,0,0,0.22732555866241455
aeeem_mylyn,hybrid,xgboost,5,3,268,0,0,0.0047710975632071495
aeeem_mylyn,hybrid,xgboost,5,3,270,0,0,0.004957089200615883
aeeem_mylyn,hybrid,xgboost,5,3,289,1,0,0.28026869893074036
aeeem_mylyn,hybrid,xgboost,5,3,290,0,0,0.006121254991739988
aeeem_mylyn,hybrid,xgboost,5,3,291,1,0,0.23760031163692474
aeeem_mylyn,hybrid,xgboost,5,3,309,0,0,0.1263008415699005
aeeem_mylyn,hybrid,xgboost,5,3,310,0,0,0.27729734778404236
aeeem_mylyn,hybrid,xgboost,5,3,312,0,1,0.6481369137763977
aeeem_mylyn,hybrid,xgboost,5,3,313,0,0,0.15411895513534546
aeeem_mylyn,hybrid,xgboost,5,3,314,0,0,0.2326001226902008
aeeem_mylyn,hybrid,xgboost,5,3,321,0,0,0.08782363682985306
aeeem_mylyn,hybrid,xgboost,5,3,340,0,0,0.044807448983192444
aeeem_mylyn,hybrid,xgboost,5,3,359,0,0,0.17711149156093597
aeeem_mylyn,hybrid,xgboost,5,3,366,0,0,0.04754088819026947
aeeem_mylyn,hybrid,xgboost,5,3,377,0,0,0.04875863343477249
aeeem_mylyn,hybrid,xgboost,5,3,390,0,0,0.012386799789965153
aeeem_mylyn,hybrid,xgboost,5,3,395,0,0,0.008116178214550018
aeeem_mylyn,hybrid,xgboost,5,3,396,0,1,0.7993975877761841
aeeem_mylyn,hybrid,xgboost,5,3,398,0,0,0.06911659240722656
aeeem_mylyn,hybrid,xgboost,5,3,408,0,0,0.04816393554210663
aeeem_mylyn,hybrid,xgboost,5,3,411,0,0,0.37720879912376404
aeeem_mylyn,hybrid,xgboost,5,3,417,0,1,0.5337286591529846
aeeem_mylyn,hybrid,xgboost,5,3,420,0,1,0.582650363445282
aeeem_mylyn,hybrid,xgboost,5,3,425,0,0,0.037600405514240265
aeeem_mylyn,hybrid,xgboost,5,3,440,0,0,0.14231270551681519
aeeem_mylyn,hybrid,xgboost,5,3,447,0,0,0.11511407792568207
aeeem_mylyn,hybrid,xgboost,5,3,449,0,0,0.019568918272852898
aeeem_mylyn,hybrid,xgboost,5,3,453,0,0,0.08679275959730148
aeeem_mylyn,hybrid,xgboost,5,3,455,1,0,0.4668797552585602
aeeem_mylyn,hybrid,xgboost,5,3,459,1,1,0.781496524810791
aeeem_mylyn,hybrid,xgboost,5,3,462,0,0,0.18227697908878326
aeeem_mylyn,hybrid,xgboost,5,3,479,0,0,0.00598506536334753
aeeem_mylyn,hybrid,xgboost,5,3,485,0,0,0.00317612593062222
aeeem_mylyn,hybrid,xgboost,5,3,498,1,1,0.5902693867683411
aeeem_mylyn,hybrid,xgboost,5,3,500,0,1,0.5598143339157104
aeeem_mylyn,hybrid,xgboost,5,3,503,0,0,0.43512293696403503
aeeem_mylyn,hybrid,xgboost,5,3,504,0,0,0.24206987023353577
aeeem_mylyn,hybrid,xgboost,5,3,507,0,0,0.0240899920463562
aeeem_mylyn,hybrid,xgboost,5,3,508,0,0,0.3263658285140991
aeeem_mylyn,hybrid,xgboost,5,3,512,0,0,0.01639457978308201
aeeem_mylyn,hybrid,xgboost,5,3,535,0,0,0.4140702486038208
aeeem_mylyn,hybrid,xgboost,5,3,537,0,0,0.23393099009990692
aeeem_mylyn,hybrid,xgboost,5,3,540,0,0,0.060731783509254456
aeeem_mylyn,hybrid,xgboost,5,3,543,1,0,0.18354623019695282
aeeem_mylyn,hybrid,xgboost,5,3,545,1,0,0.17027592658996582
aeeem_mylyn,hybrid,xgboost,5,3,552,1,1,0.9088268280029297
aeeem_mylyn,hybrid,xgboost,5,3,557,1,1,0.8126496076583862
aeeem_mylyn,hybrid,xgboost,5,3,561,1,0,0.021979382261633873
aeeem_mylyn,hybrid,xgboost,5,3,562,0,0,0.009890958666801453
aeeem_mylyn,hybrid,xgboost,5,3,566,0,0,0.012397742830216885
aeeem_mylyn,hybrid,xgboost,5,3,572,0,0,0.35605597496032715
aeeem_mylyn,hybrid,xgboost,5,3,574,0,1,0.5504832863807678
aeeem_mylyn,hybrid,xgboost,5,3,575,0,0,0.00807209126651287
aeeem_mylyn,hybrid,xgboost,5,3,578,0,0,0.07483851909637451
aeeem_mylyn,hybrid,xgboost,5,3,580,0,0,0.03805069252848625
aeeem_mylyn,hybrid,xgboost,5,3,588,0,1,0.6676314473152161
aeeem_mylyn,hybrid,xgboost,5,3,591,0,0,0.00428031524643302
aeeem_mylyn,hybrid,xgboost,5,3,592,0,0,0.021406689658761024
aeeem_mylyn,hybrid,xgboost,5,3,601,0,0,0.48362165689468384
aeeem_mylyn,hybrid,xgboost,5,3,602,1,0,0.08821175247430801
aeeem_mylyn,hybrid,xgboost,5,3,606,0,0,0.07933545857667923
aeeem_mylyn,hybrid,xgboost,5,3,607,1,1,0.6009098887443542
aeeem_mylyn,hybrid,xgboost,5,3,609,0,0,0.004508119076490402
aeeem_mylyn,hybrid,xgboost,5,3,610,0,1,0.5551833510398865
aeeem_mylyn,hybrid,xgboost,5,3,618,0,0,0.4034702181816101
aeeem_mylyn,hybrid,xgboost,5,3,621,0,0,0.14210250973701477
aeeem_mylyn,hybrid,xgboost,5,3,632,0,0,0.014303222298622131
aeeem_mylyn,hybrid,xgboost,5,3,634,0,0,0.001729051349684596
aeeem_mylyn,hybrid,xgboost,5,3,638,0,0,0.009525805711746216
aeeem_mylyn,hybrid,xgboost,5,3,639,0,0,0.06765657663345337
aeeem_mylyn,hybrid,xgboost,5,3,649,0,0,0.005490326322615147
aeeem_mylyn,hybrid,xgboost,5,3,657,0,0,0.0031293139327317476
aeeem_mylyn,hybrid,xgboost,5,3,672,0,0,0.016405055299401283
aeeem_mylyn,hybrid,xgboost,5,3,678,0,0,0.01633838750422001
aeeem_mylyn,hybrid,xgboost,5,3,685,0,0,0.050288017839193344
aeeem_mylyn,hybrid,xgboost,5,3,691,0,0,0.0031080155167728662
aeeem_mylyn,hybrid,xgboost,5,3,697,1,1,0.721586287021637
aeeem_mylyn,hybrid,xgboost,5,3,702,0,0,0.2599397599697113
aeeem_mylyn,hybrid,xgboost,5,3,704,0,1,0.8895902037620544
aeeem_mylyn,hybrid,xgboost,5,3,711,0,0,0.04470674693584442
aeeem_mylyn,hybrid,xgboost,5,3,714,0,0,0.004450493957847357
aeeem_mylyn,hybrid,xgboost,5,3,719,0,0,0.30036690831184387
aeeem_mylyn,hybrid,xgboost,5,3,727,0,0,0.002147908555343747
aeeem_mylyn,hybrid,xgboost,5,3,728,0,0,0.013154915533959866
aeeem_mylyn,hybrid,xgboost,5,3,733,0,0,0.10194680094718933
aeeem_mylyn,hybrid,xgboost,5,3,743,0,0,0.11509434133768082
aeeem_mylyn,hybrid,xgboost,5,3,746,0,0,0.01646243780851364
aeeem_mylyn,hybrid,xgboost,5,3,757,0,0,0.02050391025841236
aeeem_mylyn,hybrid,xgboost,5,3,760,0,0,0.008398450911045074
aeeem_mylyn,hybrid,xgboost,5,3,773,0,0,0.44550156593322754
aeeem_mylyn,hybrid,xgboost,5,3,785,1,1,0.5493707060813904
aeeem_mylyn,hybrid,xgboost,5,3,788,0,0,0.013441280461847782
aeeem_mylyn,hybrid,xgboost,5,3,789,0,0,0.0724983736872673
aeeem_mylyn,hybrid,xgboost,5,3,794,0,0,0.26784634590148926
aeeem_mylyn,hybrid,xgboost,5,3,798,0,0,0.05770816653966904
aeeem_mylyn,hybrid,xgboost,5,3,799,0,0,0.020807957276701927
aeeem_mylyn,hybrid,xgboost,5,3,805,0,0,0.30632439255714417
aeeem_mylyn,hybrid,xgboost,5,3,806,0,0,0.06401525437831879
aeeem_mylyn,hybrid,xgboost,5,3,814,0,0,0.09100203961133957
aeeem_mylyn,hybrid,xgboost,5,3,817,0,0,0.07792208343744278
aeeem_mylyn,hybrid,xgboost,5,3,819,1,1,0.7770916223526001
aeeem_mylyn,hybrid,xgboost,5,3,823,1,1,0.8125512599945068
aeeem_mylyn,hybrid,xgboost,5,3,825,0,1,0.7000921964645386
aeeem_mylyn,hybrid,xgboost,5,3,830,1,1,0.731602132320404
aeeem_mylyn,hybrid,xgboost,5,3,832,1,0,0.17908844351768494
aeeem_mylyn,hybrid,xgboost,5,3,834,0,0,0.09626039117574692
aeeem_mylyn,hybrid,xgboost,5,3,837,0,0,0.00917883776128292
aeeem_mylyn,hybrid,xgboost,5,3,838,0,0,0.06399154663085938
aeeem_mylyn,hybrid,xgboost,5,3,847,0,0,0.0104376170784235
aeeem_mylyn,hybrid,xgboost,5,3,855,0,0,0.007070882245898247
aeeem_mylyn,hybrid,xgboost,5,3,863,0,0,0.011696250177919865
aeeem_mylyn,hybrid,xgboost,5,3,864,0,0,0.0678558275103569
aeeem_mylyn,hybrid,xgboost,5,3,868,1,1,0.6066814064979553
aeeem_mylyn,hybrid,xgboost,5,3,869,0,0,0.0698668584227562
aeeem_mylyn,hybrid,xgboost,5,3,875,0,0,0.010304603725671768
aeeem_mylyn,hybrid,xgboost,5,3,879,0,0,0.08138251304626465
aeeem_mylyn,hybrid,xgboost,5,3,880,0,0,0.07256139069795609
aeeem_mylyn,hybrid,xgboost,5,3,881,0,0,0.38010746240615845
aeeem_mylyn,hybrid,xgboost,5,3,893,0,0,0.3074781000614166
aeeem_mylyn,hybrid,xgboost,5,3,899,0,0,0.1030735895037651
aeeem_mylyn,hybrid,xgboost,5,3,908,0,0,0.2410946786403656
aeeem_mylyn,hybrid,xgboost,5,3,910,0,0,0.07424639910459518
aeeem_mylyn,hybrid,xgboost,5,3,916,0,0,0.09013216942548752
aeeem_mylyn,hybrid,xgboost,5,3,917,0,0,0.014356584288179874
aeeem_mylyn,hybrid,xgboost,5,3,919,0,0,0.05135827139019966
aeeem_mylyn,hybrid,xgboost,5,3,924,0,0,0.011265149340033531
aeeem_mylyn,hybrid,xgboost,5,3,929,0,0,0.18707652390003204
aeeem_mylyn,hybrid,xgboost,5,3,932,0,0,0.004823370836675167
aeeem_mylyn,hybrid,xgboost,5,3,941,0,0,0.005477393511682749
aeeem_mylyn,hybrid,xgboost,5,3,944,0,0,0.015538293868303299
aeeem_mylyn,hybrid,xgboost,5,3,951,1,0,0.2974921762943268
aeeem_mylyn,hybrid,xgboost,5,3,954,0,0,0.06500386446714401
aeeem_mylyn,hybrid,xgboost,5,3,955,1,1,0.6866769790649414
aeeem_mylyn,hybrid,xgboost,5,3,959,0,0,0.10595477372407913
aeeem_mylyn,hybrid,xgboost,5,3,966,0,0,0.2867961823940277
aeeem_mylyn,hybrid,xgboost,5,3,975,0,0,0.11668063700199127
aeeem_mylyn,hybrid,xgboost,5,3,977,0,0,0.0039048660546541214
aeeem_mylyn,hybrid,xgboost,5,3,980,0,0,0.16829408705234528
aeeem_mylyn,hybrid,xgboost,5,3,983,1,0,0.37419193983078003
aeeem_mylyn,hybrid,xgboost,5,3,1000,0,0,0.09738008677959442
aeeem_mylyn,hybrid,xgboost,5,3,1001,1,0,0.36096882820129395
aeeem_mylyn,hybrid,xgboost,5,3,1002,0,0,0.13953563570976257
aeeem_mylyn,hybrid,xgboost,5,3,1003,0,0,0.07467232644557953
aeeem_mylyn,hybrid,xgboost,5,3,1010,0,0,0.265954852104187
aeeem_mylyn,hybrid,xgboost,5,3,1015,0,0,0.040315963327884674
aeeem_mylyn,hybrid,xgboost,5,3,1023,0,1,0.7369607090950012
aeeem_mylyn,hybrid,xgboost,5,3,1028,0,0,0.1166602224111557
aeeem_mylyn,hybrid,xgboost,5,3,1030,0,0,0.05822053179144859
aeeem_mylyn,hybrid,xgboost,5,3,1039,0,0,0.2361871749162674
aeeem_mylyn,hybrid,xgboost,5,3,1043,0,0,0.020013445988297462
aeeem_mylyn,hybrid,xgboost,5,3,1048,0,0,0.008356955833733082
aeeem_mylyn,hybrid,xgboost,5,3,1049,0,0,0.06943853199481964
aeeem_mylyn,hybrid,xgboost,5,3,1051,0,1,0.5974540710449219
aeeem_mylyn,hybrid,xgboost,5,3,1052,0,0,0.0060423677787184715
aeeem_mylyn,hybrid,xgboost,5,3,1063,0,0,0.016308864578604698
aeeem_mylyn,hybrid,xgboost,5,3,1065,0,0,0.06085764616727829
aeeem_mylyn,hybrid,xgboost,5,3,1070,0,0,0.014354783110320568
aeeem_mylyn,hybrid,xgboost,5,3,1071,0,1,0.7516346573829651
aeeem_mylyn,hybrid,xgboost,5,3,1091,0,0,0.006250149570405483
aeeem_mylyn,hybrid,xgboost,5,3,1093,0,0,0.18890099227428436
aeeem_mylyn,hybrid,xgboost,5,3,1099,0,0,0.02103249542415142
aeeem_mylyn,hybrid,xgboost,5,3,1100,0,0,0.19319112598896027
aeeem_mylyn,hybrid,xgboost,5,3,1104,0,0,0.051410336047410965
aeeem_mylyn,hybrid,xgboost,5,3,1109,0,1,0.5612753629684448
aeeem_mylyn,hybrid,xgboost,5,3,1111,0,0,0.0019651271868497133
aeeem_mylyn,hybrid,xgboost,5,3,1113,0,0,0.011562377214431763
aeeem_mylyn,hybrid,xgboost,5,3,1115,0,0,0.008906285278499126
aeeem_mylyn,hybrid,xgboost,5,3,1116,0,0,0.057228103280067444
aeeem_mylyn,hybrid,xgboost,5,3,1120,0,0,0.034616004675626755
aeeem_mylyn,hybrid,xgboost,5,3,1127,1,1,0.7727172374725342
aeeem_mylyn,hybrid,xgboost,5,3,1130,0,0,0.0055044060572981834
aeeem_mylyn,hybrid,xgboost,5,3,1134,0,0,0.01169891282916069
aeeem_mylyn,hybrid,xgboost,5,3,1135,0,0,0.03373386338353157
aeeem_mylyn,hybrid,xgboost,5,3,1136,0,0,0.10132640600204468
aeeem_mylyn,hybrid,xgboost,5,3,1140,0,0,0.012648955918848515
aeeem_mylyn,hybrid,xgboost,5,3,1142,0,0,0.10368549078702927
aeeem_mylyn,hybrid,xgboost,5,3,1169,0,1,0.8578196167945862
aeeem_mylyn,hybrid,xgboost,5,3,1172,0,0,0.2718597650527954
aeeem_mylyn,hybrid,xgboost,5,3,1176,0,0,0.08529622107744217
aeeem_mylyn,hybrid,xgboost,5,3,1180,0,0,0.011671093292534351
aeeem_mylyn,hybrid,xgboost,5,3,1182,0,0,0.044619787484407425
aeeem_mylyn,hybrid,xgboost,5,3,1189,0,0,0.0016112615121528506
aeeem_mylyn,hybrid,xgboost,5,3,1190,0,1,0.644209623336792
aeeem_mylyn,hybrid,xgboost,5,3,1194,0,0,0.4271630346775055
aeeem_mylyn,hybrid,xgboost,5,3,1197,0,1,0.6706066727638245
aeeem_mylyn,hybrid,xgboost,5,3,1201,0,0,0.003986014518886805
aeeem_mylyn,hybrid,xgboost,5,3,1212,0,0,0.04729311168193817
aeeem_mylyn,hybrid,xgboost,5,3,1214,0,0,0.2847784459590912
aeeem_mylyn,hybrid,xgboost,5,3,1216,0,0,0.04778845235705376
aeeem_mylyn,hybrid,xgboost,5,3,1220,0,0,0.04075414687395096
aeeem_mylyn,hybrid,xgboost,5,3,1221,0,0,0.16800184547901154
aeeem_mylyn,hybrid,xgboost,5,3,1223,0,0,0.015011102892458439
aeeem_mylyn,hybrid,xgboost,5,3,1226,0,0,0.031184928491711617
aeeem_mylyn,hybrid,xgboost,5,3,1231,0,0,0.08350107073783875
aeeem_mylyn,hybrid,xgboost,5,3,1232,0,0,0.004459439776837826
aeeem_mylyn,hybrid,xgboost,5,3,1235,0,0,0.015734171494841576
aeeem_mylyn,hybrid,xgboost,5,3,1237,0,0,0.1358153074979782
aeeem_mylyn,hybrid,xgboost,5,3,1238,0,0,0.06923647969961166
aeeem_mylyn,hybrid,xgboost,5,3,1239,0,0,0.3955303132534027
aeeem_mylyn,hybrid,xgboost,5,3,1253,0,0,0.02507500909268856
aeeem_mylyn,hybrid,xgboost,5,3,1259,0,0,0.02445494569838047
aeeem_mylyn,hybrid,xgboost,5,3,1264,0,1,0.6365472674369812
aeeem_mylyn,hybrid,xgboost,5,3,1266,0,0,0.1392890363931656
aeeem_mylyn,hybrid,xgboost,5,3,1270,0,0,0.21936681866645813
aeeem_mylyn,hybrid,xgboost,5,3,1271,0,0,0.04104052856564522
aeeem_mylyn,hybrid,xgboost,5,3,1273,0,0,0.4722762107849121
aeeem_mylyn,hybrid,xgboost,5,3,1276,0,0,0.3979628384113312
aeeem_mylyn,hybrid,xgboost,5,3,1281,0,0,0.19134913384914398
aeeem_mylyn,hybrid,xgboost,5,3,1286,0,0,0.12875434756278992
aeeem_mylyn,hybrid,xgboost,5,3,1291,0,0,0.055706363171339035
aeeem_mylyn,hybrid,xgboost,5,3,1297,0,0,0.01161597203463316
aeeem_mylyn,hybrid,xgboost,5,3,1300,0,1,0.7476377487182617
aeeem_mylyn,hybrid,xgboost,5,3,1301,0,0,0.2296733558177948
aeeem_mylyn,hybrid,xgboost,5,3,1303,0,0,0.005929708480834961
aeeem_mylyn,hybrid,xgboost,5,3,1311,0,0,0.09811537712812424
aeeem_mylyn,hybrid,xgboost,5,3,1314,0,0,0.45550552010536194
aeeem_mylyn,hybrid,xgboost,5,3,1325,0,0,0.014624037779867649
aeeem_mylyn,hybrid,xgboost,5,3,1335,1,1,0.688957154750824
aeeem_mylyn,hybrid,xgboost,5,3,1337,0,0,0.24474872648715973
aeeem_mylyn,hybrid,xgboost,5,3,1345,0,0,0.04135387763381004
aeeem_mylyn,hybrid,xgboost,5,3,1347,0,0,0.06842406094074249
aeeem_mylyn,hybrid,xgboost,5,3,1354,0,0,0.32723361253738403
aeeem_mylyn,hybrid,xgboost,5,3,1360,0,1,0.895818293094635
aeeem_mylyn,hybrid,xgboost,5,3,1361,1,0,0.17848263680934906
aeeem_mylyn,hybrid,xgboost,5,3,1363,0,0,0.019059598445892334
aeeem_mylyn,hybrid,xgboost,5,3,1365,1,0,0.3982996344566345
aeeem_mylyn,hybrid,xgboost,5,3,1367,0,0,0.0411253347992897
aeeem_mylyn,hybrid,xgboost,5,3,1369,0,0,0.05244505777955055
aeeem_mylyn,hybrid,xgboost,5,3,1374,0,0,0.15790018439292908
aeeem_mylyn,hybrid,xgboost,5,3,1375,0,0,0.02188143879175186
aeeem_mylyn,hybrid,xgboost,5,3,1376,0,0,0.002873747842386365
aeeem_mylyn,hybrid,xgboost,5,3,1378,1,0,0.39146098494529724
aeeem_mylyn,hybrid,xgboost,5,3,1381,0,0,0.41865721344947815
aeeem_mylyn,hybrid,xgboost,5,3,1385,0,0,0.022142741829156876
aeeem_mylyn,hybrid,xgboost,5,3,1386,0,0,0.26966041326522827
aeeem_mylyn,hybrid,xgboost,5,3,1395,1,0,0.39740094542503357
aeeem_mylyn,hybrid,xgboost,5,3,1399,0,0,0.03812292218208313
aeeem_mylyn,hybrid,xgboost,5,3,1413,0,0,0.17320801317691803
aeeem_mylyn,hybrid,xgboost,5,3,1414,0,0,0.003925477620214224
aeeem_mylyn,hybrid,xgboost,5,3,1419,0,0,0.04810580983757973
aeeem_mylyn,hybrid,xgboost,5,3,1424,0,0,0.04875263199210167
aeeem_mylyn,hybrid,xgboost,5,3,1426,0,0,0.18202847242355347
aeeem_mylyn,hybrid,xgboost,5,3,1427,0,1,0.6008325815200806
aeeem_mylyn,hybrid,xgboost,5,3,1430,0,0,0.015578550286591053
aeeem_mylyn,hybrid,xgboost,5,3,1432,0,0,0.14593763649463654
aeeem_mylyn,hybrid,xgboost,5,3,1437,0,0,0.06839261204004288
aeeem_mylyn,hybrid,xgboost,5,3,1440,0,0,0.06277278065681458
aeeem_mylyn,hybrid,xgboost,5,3,1443,0,0,0.06095171347260475
aeeem_mylyn,hybrid,xgboost,5,3,1445,0,0,0.0987483561038971
aeeem_mylyn,hybrid,xgboost,5,3,1451,0,0,0.012429262511432171
aeeem_mylyn,hybrid,xgboost,5,3,1460,1,1,0.8608487844467163
aeeem_mylyn,hybrid,xgboost,5,3,1465,1,0,0.13512809574604034
aeeem_mylyn,hybrid,xgboost,5,3,1477,1,1,0.7715567350387573
aeeem_mylyn,hybrid,xgboost,5,3,1484,0,0,0.003530265763401985
aeeem_mylyn,hybrid,xgboost,5,3,1488,0,0,0.46997135877609253
aeeem_mylyn,hybrid,xgboost,5,3,1490,1,0,0.25920167565345764
aeeem_mylyn,hybrid,xgboost,5,3,1493,1,1,0.8578196167945862
aeeem_mylyn,hybrid,xgboost,5,3,1495,0,0,0.14361020922660828
aeeem_mylyn,hybrid,xgboost,5,3,1503,0,0,0.04029534384608269
aeeem_mylyn,hybrid,xgboost,5,3,1509,0,1,0.7293023467063904
aeeem_mylyn,hybrid,xgboost,5,3,1520,0,0,0.12462179362773895
aeeem_mylyn,hybrid,xgboost,5,3,1522,0,0,0.21393635869026184
aeeem_mylyn,hybrid,xgboost,5,3,1524,0,0,0.03488117456436157
aeeem_mylyn,hybrid,xgboost,5,3,1526,0,0,0.009542619809508324
aeeem_mylyn,hybrid,xgboost,5,3,1527,0,0,0.09374135732650757
aeeem_mylyn,hybrid,xgboost,5,3,1554,0,0,0.00757133774459362
aeeem_mylyn,hybrid,xgboost,5,3,1557,0,0,0.00701303081586957
aeeem_mylyn,hybrid,xgboost,5,3,1565,1,1,0.8302791714668274
aeeem_mylyn,hybrid,xgboost,5,3,1572,0,0,0.09019133448600769
aeeem_mylyn,hybrid,xgboost,5,3,1574,1,1,0.766568124294281
aeeem_mylyn,hybrid,xgboost,5,3,1581,0,0,0.3636144995689392
aeeem_mylyn,hybrid,xgboost,5,3,1583,0,0,0.06470141559839249
aeeem_mylyn,hybrid,xgboost,5,3,1586,1,1,0.9612661004066467
aeeem_mylyn,hybrid,xgboost,5,3,1593,0,0,0.006066497880965471
aeeem_mylyn,hybrid,xgboost,5,3,1596,0,0,0.04002312943339348
aeeem_mylyn,hybrid,xgboost,5,3,1604,0,0,0.022551951929926872
aeeem_mylyn,hybrid,xgboost,5,3,1611,0,0,0.006105222273617983
aeeem_mylyn,hybrid,xgboost,5,3,1616,0,0,0.1159343272447586
aeeem_mylyn,hybrid,xgboost,5,3,1618,0,0,0.1620110720396042
aeeem_mylyn,hybrid,xgboost,5,3,1628,0,0,0.1388762891292572
aeeem_mylyn,hybrid,xgboost,5,3,1636,0,0,0.06468674540519714
aeeem_mylyn,hybrid,xgboost,5,3,1637,0,0,0.2910926640033722
aeeem_mylyn,hybrid,xgboost,5,3,1645,1,0,0.47434359788894653
aeeem_mylyn,hybrid,xgboost,5,3,1656,0,0,0.39335235953330994
aeeem_mylyn,hybrid,xgboost,5,3,1660,0,0,0.24346330761909485
aeeem_mylyn,hybrid,xgboost,5,3,1672,0,0,0.05750584602355957
aeeem_mylyn,hybrid,xgboost,5,3,1684,0,0,0.09461329132318497
aeeem_mylyn,hybrid,xgboost,5,3,1685,0,0,0.02446955069899559
aeeem_mylyn,hybrid,xgboost,5,3,1686,0,0,0.04879380390048027
aeeem_mylyn,hybrid,xgboost,5,3,1690,0,0,0.1422247737646103
aeeem_mylyn,hybrid,xgboost,5,3,1691,0,0,0.18039482831954956
aeeem_mylyn,hybrid,xgboost,5,3,1693,0,0,0.07719431072473526
aeeem_mylyn,hybrid,xgboost,5,3,1697,1,1,0.7416998744010925
aeeem_mylyn,hybrid,xgboost,5,3,1701,0,0,0.012185255996882915
aeeem_mylyn,hybrid,xgboost,5,3,1702,0,0,0.484970360994339
aeeem_mylyn,hybrid,xgboost,5,3,1703,0,0,0.26823246479034424
aeeem_mylyn,hybrid,xgboost,5,3,1705,0,0,0.01551531907171011
aeeem_mylyn,hybrid,xgboost,5,3,1710,0,0,0.16722053289413452
aeeem_mylyn,hybrid,xgboost,5,3,1711,0,0,0.28865307569503784
aeeem_mylyn,hybrid,xgboost,5,3,1732,1,0,0.1305467039346695
aeeem_mylyn,hybrid,xgboost,5,3,1740,0,0,0.48707881569862366
aeeem_mylyn,hybrid,xgboost,5,3,1742,0,1,0.5070860385894775
aeeem_mylyn,hybrid,xgboost,5,3,1744,0,0,0.037257153540849686
aeeem_mylyn,hybrid,xgboost,5,3,1746,0,0,0.011340421624481678
aeeem_mylyn,hybrid,xgboost,5,3,1753,0,0,0.15615953505039215
aeeem_mylyn,hybrid,xgboost,5,3,1756,1,1,0.8996473550796509
aeeem_mylyn,hybrid,xgboost,5,3,1759,1,1,0.9125608801841736
aeeem_mylyn,hybrid,xgboost,5,3,1760,0,0,0.32183513045310974
aeeem_mylyn,hybrid,xgboost,5,3,1762,0,0,0.09543247520923615
aeeem_mylyn,hybrid,xgboost,5,3,1773,0,0,0.11575784534215927
aeeem_mylyn,hybrid,xgboost,5,3,1782,0,0,0.03504282236099243
aeeem_mylyn,hybrid,xgboost,5,3,1787,0,0,0.0852840319275856
aeeem_mylyn,hybrid,xgboost,5,3,1797,0,0,0.1494431346654892
aeeem_mylyn,hybrid,xgboost,5,3,1804,0,0,0.0611577033996582
aeeem_mylyn,hybrid,xgboost,5,3,1810,0,0,0.01621493138372898
aeeem_mylyn,hybrid,xgboost,5,3,1811,0,1,0.7106172442436218
aeeem_mylyn,hybrid,xgboost,5,3,1814,0,0,0.015147244557738304
aeeem_mylyn,hybrid,xgboost,5,3,1820,0,0,0.0022627541329711676
aeeem_mylyn,hybrid,xgboost,5,3,1821,0,0,0.13489073514938354
aeeem_mylyn,hybrid,xgboost,5,3,1829,0,0,0.27630046010017395
aeeem_mylyn,hybrid,xgboost,5,3,1833,0,0,0.005032633431255817
aeeem_mylyn,hybrid,xgboost,5,3,1839,0,0,0.023993995040655136
aeeem_mylyn,hybrid,xgboost,5,3,1843,0,1,0.6509071588516235
aeeem_mylyn,hybrid,xgboost,5,3,1858,0,0,0.021376263350248337
aeeem_mylyn,hybrid,xgboost,5,4,2,0,0,0.009142269380390644
aeeem_mylyn,hybrid,xgboost,5,4,5,0,0,0.007259767036885023
aeeem_mylyn,hybrid,xgboost,5,4,8,0,1,0.6764675378799438
aeeem_mylyn,hybrid,xgboost,5,4,38,0,0,0.17065352201461792
aeeem_mylyn,hybrid,xgboost,5,4,39,0,0,0.34914499521255493
aeeem_mylyn,hybrid,xgboost,5,4,40,1,1,0.8160991668701172
aeeem_mylyn,hybrid,xgboost,5,4,49,0,0,0.06152427941560745
aeeem_mylyn,hybrid,xgboost,5,4,50,0,0,0.02124682627618313
aeeem_mylyn,hybrid,xgboost,5,4,56,1,1,0.5637128353118896
aeeem_mylyn,hybrid,xgboost,5,4,64,0,0,0.05317814275622368
aeeem_mylyn,hybrid,xgboost,5,4,65,0,0,0.02075599506497383
aeeem_mylyn,hybrid,xgboost,5,4,66,0,0,0.04683299362659454
aeeem_mylyn,hybrid,xgboost,5,4,67,0,1,0.8697593212127686
aeeem_mylyn,hybrid,xgboost,5,4,71,0,0,0.07289255410432816
aeeem_mylyn,hybrid,xgboost,5,4,72,0,0,0.044514138251543045
aeeem_mylyn,hybrid,xgboost,5,4,73,0,0,0.010808038525283337
aeeem_mylyn,hybrid,xgboost,5,4,80,0,0,0.03339793533086777
aeeem_mylyn,hybrid,xgboost,5,4,85,0,0,0.1486371010541916
aeeem_mylyn,hybrid,xgboost,5,4,87,0,0,0.1315930038690567
aeeem_mylyn,hybrid,xgboost,5,4,92,0,0,0.007527804002165794
aeeem_mylyn,hybrid,xgboost,5,4,97,0,0,0.1924765408039093
aeeem_mylyn,hybrid,xgboost,5,4,100,0,0,0.021202636882662773
aeeem_mylyn,hybrid,xgboost,5,4,106,0,0,0.003126320894807577
aeeem_mylyn,hybrid,xgboost,5,4,108,0,0,0.3151310980319977
aeeem_mylyn,hybrid,xgboost,5,4,109,0,0,0.023700866848230362
aeeem_mylyn,hybrid,xgboost,5,4,113,1,0,0.1719530075788498
aeeem_mylyn,hybrid,xgboost,5,4,117,0,0,0.05418863520026207
aeeem_mylyn,hybrid,xgboost,5,4,124,0,0,0.17058546841144562
aeeem_mylyn,hybrid,xgboost,5,4,126,0,0,0.0057954504154622555
aeeem_mylyn,hybrid,xgboost,5,4,145,0,1,0.7192594408988953
aeeem_mylyn,hybrid,xgboost,5,4,146,0,0,0.09418967366218567
aeeem_mylyn,hybrid,xgboost,5,4,149,0,1,0.7769356369972229
aeeem_mylyn,hybrid,xgboost,5,4,150,0,0,0.1251719444990158
aeeem_mylyn,hybrid,xgboost,5,4,159,0,0,0.04888029396533966
aeeem_mylyn,hybrid,xgboost,5,4,163,0,0,0.11797627806663513
aeeem_mylyn,hybrid,xgboost,5,4,175,0,0,0.006542586255818605
aeeem_mylyn,hybrid,xgboost,5,4,178,0,0,0.029220646247267723
aeeem_mylyn,hybrid,xgboost,5,4,182,0,0,0.02053193375468254
aeeem_mylyn,hybrid,xgboost,5,4,189,0,0,0.011575458571314812
aeeem_mylyn,hybrid,xgboost,5,4,194,0,1,0.5287941694259644
aeeem_mylyn,hybrid,xgboost,5,4,206,0,0,0.10386084020137787
aeeem_mylyn,hybrid,xgboost,5,4,209,1,1,0.7772018313407898
aeeem_mylyn,hybrid,xgboost,5,4,218,0,0,0.17279855906963348
aeeem_mylyn,hybrid,xgboost,5,4,222,1,1,0.8697593212127686
aeeem_mylyn,hybrid,xgboost,5,4,224,0,0,0.194352924823761
aeeem_mylyn,hybrid,xgboost,5,4,230,0,0,0.03336206451058388
aeeem_mylyn,hybrid,xgboost,5,4,240,0,0,0.0014050223398953676
aeeem_mylyn,hybrid,xgboost,5,4,256,0,0,0.03443828597664833
aeeem_mylyn,hybrid,xgboost,5,4,269,0,0,0.010414637625217438
aeeem_mylyn,hybrid,xgboost,5,4,271,0,0,0.41732484102249146
aeeem_mylyn,hybrid,xgboost,5,4,272,1,1,0.6671517491340637
aeeem_mylyn,hybrid,xgboost,5,4,275,0,0,0.23218432068824768
aeeem_mylyn,hybrid,xgboost,5,4,276,0,0,0.004033895209431648
aeeem_mylyn,hybrid,xgboost,5,4,282,0,0,0.009701414965093136
aeeem_mylyn,hybrid,xgboost,5,4,284,0,0,0.017831334844231606
aeeem_mylyn,hybrid,xgboost,5,4,286,0,0,0.09608941525220871
aeeem_mylyn,hybrid,xgboost,5,4,287,0,1,0.6795272827148438
aeeem_mylyn,hybrid,xgboost,5,4,292,0,0,0.31382060050964355
aeeem_mylyn,hybrid,xgboost,5,4,293,0,0,0.017390308901667595
aeeem_mylyn,hybrid,xgboost,5,4,299,0,0,0.07721512019634247
aeeem_mylyn,hybrid,xgboost,5,4,316,1,1,0.5067657828330994
aeeem_mylyn,hybrid,xgboost,5,4,318,0,0,0.001971159130334854
aeeem_mylyn,hybrid,xgboost,5,4,322,0,0,0.13454033434391022
aeeem_mylyn,hybrid,xgboost,5,4,328,0,0,0.017494559288024902
aeeem_mylyn,hybrid,xgboost,5,4,331,0,0,0.019394738599658012
aeeem_mylyn,hybrid,xgboost,5,4,333,0,0,0.017674921080470085
aeeem_mylyn,hybrid,xgboost,5,4,334,0,0,0.22216854989528656
aeeem_mylyn,hybrid,xgboost,5,4,337,1,0,0.04002707079052925
aeeem_mylyn,hybrid,xgboost,5,4,346,0,0,0.03327491506934166
aeeem_mylyn,hybrid,xgboost,5,4,353,0,0,0.027341125532984734
aeeem_mylyn,hybrid,xgboost,5,4,355,0,1,0.5907760858535767
aeeem_mylyn,hybrid,xgboost,5,4,356,0,0,0.014171200804412365
aeeem_mylyn,hybrid,xgboost,5,4,358,0,0,0.4414946734905243
aeeem_mylyn,hybrid,xgboost,5,4,362,0,0,0.40700992941856384
aeeem_mylyn,hybrid,xgboost,5,4,370,0,0,0.05884208157658577
aeeem_mylyn,hybrid,xgboost,5,4,378,0,0,0.05789722129702568
aeeem_mylyn,hybrid,xgboost,5,4,381,0,0,0.046313777565956116
aeeem_mylyn,hybrid,xgboost,5,4,385,0,0,0.24481675028800964
aeeem_mylyn,hybrid,xgboost,5,4,386,0,0,0.024813616648316383
aeeem_mylyn,hybrid,xgboost,5,4,387,0,0,0.014785978011786938
aeeem_mylyn,hybrid,xgboost,5,4,388,0,0,0.02678873762488365
aeeem_mylyn,hybrid,xgboost,5,4,391,0,0,0.009855182841420174
aeeem_mylyn,hybrid,xgboost,5,4,392,0,0,0.011895176954567432
aeeem_mylyn,hybrid,xgboost,5,4,394,0,0,0.13427495956420898
aeeem_mylyn,hybrid,xgboost,5,4,401,0,0,0.0034952876158058643
aeeem_mylyn,hybrid,xgboost,5,4,402,0,0,0.007471540942788124
aeeem_mylyn,hybrid,xgboost,5,4,404,0,0,0.006199972704052925
aeeem_mylyn,hybrid,xgboost,5,4,405,0,0,0.4688633680343628
aeeem_mylyn,hybrid,xgboost,5,4,412,0,1,0.7281033992767334
aeeem_mylyn,hybrid,xgboost,5,4,413,1,1,0.6263313293457031
aeeem_mylyn,hybrid,xgboost,5,4,419,0,0,0.2755919396877289
aeeem_mylyn,hybrid,xgboost,5,4,424,0,0,0.06082591414451599
aeeem_mylyn,hybrid,xgboost,5,4,430,0,0,0.005337318871170282
aeeem_mylyn,hybrid,xgboost,5,4,433,1,0,0.010010323487222195
aeeem_mylyn,hybrid,xgboost,5,4,435,0,0,0.006902903318405151
aeeem_mylyn,hybrid,xgboost,5,4,436,0,0,0.02445070631802082
aeeem_mylyn,hybrid,xgboost,5,4,445,1,0,0.2688302993774414
aeeem_mylyn,hybrid,xgboost,5,4,446,0,0,0.027899552136659622
aeeem_mylyn,hybrid,xgboost,5,4,450,1,1,0.8271616697311401
aeeem_mylyn,hybrid,xgboost,5,4,460,0,0,0.006150295492261648
aeeem_mylyn,hybrid,xgboost,5,4,468,0,0,0.12378580123186111
aeeem_mylyn,hybrid,xgboost,5,4,470,0,0,0.01778031513094902
aeeem_mylyn,hybrid,xgboost,5,4,477,0,0,0.009619304910302162
aeeem_mylyn,hybrid,xgboost,5,4,478,0,0,0.2612697184085846
aeeem_mylyn,hybrid,xgboost,5,4,497,0,0,0.10299999266862869
aeeem_mylyn,hybrid,xgboost,5,4,499,0,0,0.047711990773677826
aeeem_mylyn,hybrid,xgboost,5,4,513,0,1,0.5135371088981628
aeeem_mylyn,hybrid,xgboost,5,4,514,1,0,0.3660324811935425
aeeem_mylyn,hybrid,xgboost,5,4,518,0,0,0.2585203945636749
aeeem_mylyn,hybrid,xgboost,5,4,523,0,0,0.20061735808849335
aeeem_mylyn,hybrid,xgboost,5,4,525,0,0,0.011537689715623856
aeeem_mylyn,hybrid,xgboost,5,4,533,0,0,0.06995008885860443
aeeem_mylyn,hybrid,xgboost,5,4,536,0,0,0.02826864644885063
aeeem_mylyn,hybrid,xgboost,5,4,541,1,1,0.69225013256073
aeeem_mylyn,hybrid,xgboost,5,4,544,0,0,0.12201648205518723
aeeem_mylyn,hybrid,xgboost,5,4,547,0,0,0.49507439136505127
aeeem_mylyn,hybrid,xgboost,5,4,549,0,0,0.1311996430158615
aeeem_mylyn,hybrid,xgboost,5,4,554,0,0,0.021349700167775154
aeeem_mylyn,hybrid,xgboost,5,4,559,0,0,0.010946105234324932
aeeem_mylyn,hybrid,xgboost,5,4,565,0,0,0.1324038952589035
aeeem_mylyn,hybrid,xgboost,5,4,571,0,0,0.0565665178000927
aeeem_mylyn,hybrid,xgboost,5,4,583,0,0,0.0744582861661911
aeeem_mylyn,hybrid,xgboost,5,4,585,0,0,0.09718134999275208
aeeem_mylyn,hybrid,xgboost,5,4,589,1,0,0.43092209100723267
aeeem_mylyn,hybrid,xgboost,5,4,594,0,0,0.06423785537481308
aeeem_mylyn,hybrid,xgboost,5,4,600,1,0,0.38840198516845703
aeeem_mylyn,hybrid,xgboost,5,4,611,0,0,0.018184106796979904
aeeem_mylyn,hybrid,xgboost,5,4,617,0,0,0.1361105889081955
aeeem_mylyn,hybrid,xgboost,5,4,619,1,0,0.3559210002422333
aeeem_mylyn,hybrid,xgboost,5,4,623,0,0,0.03948007524013519
aeeem_mylyn,hybrid,xgboost,5,4,630,0,0,0.25356990098953247
aeeem_mylyn,hybrid,xgboost,5,4,631,0,1,0.7205690741539001
aeeem_mylyn,hybrid,xgboost,5,4,633,0,0,0.003463765839114785
aeeem_mylyn,hybrid,xgboost,5,4,641,0,0,0.04891861975193024
aeeem_mylyn,hybrid,xgboost,5,4,656,0,0,0.028682883828878403
aeeem_mylyn,hybrid,xgboost,5,4,667,0,0,0.003405886935070157
aeeem_mylyn,hybrid,xgboost,5,4,675,0,0,0.026502911001443863
aeeem_mylyn,hybrid,xgboost,5,4,676,0,0,0.04888029396533966
aeeem_mylyn,hybrid,xgboost,5,4,683,0,0,0.07965418696403503
aeeem_mylyn,hybrid,xgboost,5,4,686,0,0,0.045304082334041595
aeeem_mylyn,hybrid,xgboost,5,4,687,0,0,0.03803711384534836
aeeem_mylyn,hybrid,xgboost,5,4,688,0,0,0.2896949052810669
aeeem_mylyn,hybrid,xgboost,5,4,690,0,0,0.008207922801375389
aeeem_mylyn,hybrid,xgboost,5,4,696,0,0,0.3287319839000702
aeeem_mylyn,hybrid,xgboost,5,4,703,0,0,0.44822970032691956
aeeem_mylyn,hybrid,xgboost,5,4,716,0,0,0.012409488670527935
aeeem_mylyn,hybrid,xgboost,5,4,718,0,0,0.005911822430789471
aeeem_mylyn,hybrid,xgboost,5,4,725,0,0,0.0666613057255745
aeeem_mylyn,hybrid,xgboost,5,4,730,1,1,0.8697593212127686
aeeem_mylyn,hybrid,xgboost,5,4,735,0,0,0.04527422413229942
aeeem_mylyn,hybrid,xgboost,5,4,736,0,0,0.09052802622318268
aeeem_mylyn,hybrid,xgboost,5,4,741,0,0,0.4362865090370178
aeeem_mylyn,hybrid,xgboost,5,4,742,0,0,0.08650727570056915
aeeem_mylyn,hybrid,xgboost,5,4,747,0,0,0.41813573241233826
aeeem_mylyn,hybrid,xgboost,5,4,748,0,0,0.023700866848230362
aeeem_mylyn,hybrid,xgboost,5,4,754,0,0,0.04770603030920029
aeeem_mylyn,hybrid,xgboost,5,4,759,0,0,0.09775128960609436
aeeem_mylyn,hybrid,xgboost,5,4,764,0,0,0.2070063352584839
aeeem_mylyn,hybrid,xgboost,5,4,779,0,0,0.03290047496557236
aeeem_mylyn,hybrid,xgboost,5,4,786,0,0,0.33915114402770996
aeeem_mylyn,hybrid,xgboost,5,4,792,1,1,0.780441164970398
aeeem_mylyn,hybrid,xgboost,5,4,793,0,0,0.24782419204711914
aeeem_mylyn,hybrid,xgboost,5,4,808,0,0,0.006536514963954687
aeeem_mylyn,hybrid,xgboost,5,4,815,0,1,0.7199772596359253
aeeem_mylyn,hybrid,xgboost,5,4,820,0,1,0.6160874962806702
aeeem_mylyn,hybrid,xgboost,5,4,822,0,0,0.01882566325366497
aeeem_mylyn,hybrid,xgboost,5,4,824,0,0,0.028719346970319748
aeeem_mylyn,hybrid,xgboost,5,4,833,0,0,0.10119745135307312
aeeem_mylyn,hybrid,xgboost,5,4,845,1,0,0.38699209690093994
aeeem_mylyn,hybrid,xgboost,5,4,846,0,0,0.00618829345330596
aeeem_mylyn,hybrid,xgboost,5,4,850,0,0,0.07915256172418594
aeeem_mylyn,hybrid,xgboost,5,4,852,0,0,0.006831725127995014
aeeem_mylyn,hybrid,xgboost,5,4,862,0,0,0.003223337698727846
aeeem_mylyn,hybrid,xgboost,5,4,873,0,0,0.030280590057373047
aeeem_mylyn,hybrid,xgboost,5,4,884,0,1,0.9179295301437378
aeeem_mylyn,hybrid,xgboost,5,4,897,1,1,0.8690578937530518
aeeem_mylyn,hybrid,xgboost,5,4,898,0,0,0.07143884152173996
aeeem_mylyn,hybrid,xgboost,5,4,903,0,0,0.4676223397254944
aeeem_mylyn,hybrid,xgboost,5,4,907,0,0,0.010812224820256233
aeeem_mylyn,hybrid,xgboost,5,4,909,0,0,0.020106466487050056
aeeem_mylyn,hybrid,xgboost,5,4,912,0,1,0.7383781671524048
aeeem_mylyn,hybrid,xgboost,5,4,920,0,0,0.2899782657623291
aeeem_mylyn,hybrid,xgboost,5,4,936,0,0,0.03626691550016403
aeeem_mylyn,hybrid,xgboost,5,4,937,0,0,0.0974021777510643
aeeem_mylyn,hybrid,xgboost,5,4,946,0,0,0.02119552716612816
aeeem_mylyn,hybrid,xgboost,5,4,952,0,0,0.011176323518157005
aeeem_mylyn,hybrid,xgboost,5,4,964,0,0,0.013477008789777756
aeeem_mylyn,hybrid,xgboost,5,4,979,1,0,0.04173337668180466
aeeem_mylyn,hybrid,xgboost,5,4,982,0,0,0.06171082332730293
aeeem_mylyn,hybrid,xgboost,5,4,991,0,0,0.3627847731113434
aeeem_mylyn,hybrid,xgboost,5,4,995,1,1,0.5136067271232605
aeeem_mylyn,hybrid,xgboost,5,4,999,1,0,0.06779392063617706
aeeem_mylyn,hybrid,xgboost,5,4,1014,1,0,0.20079749822616577
aeeem_mylyn,hybrid,xgboost,5,4,1018,0,0,0.009027332067489624
aeeem_mylyn,hybrid,xgboost,5,4,1024,0,0,0.1339777708053589
aeeem_mylyn,hybrid,xgboost,5,4,1032,0,0,0.20561160147190094
aeeem_mylyn,hybrid,xgboost,5,4,1033,0,0,0.005242573097348213
aeeem_mylyn,hybrid,xgboost,5,4,1036,0,1,0.505214512348175
aeeem_mylyn,hybrid,xgboost,5,4,1044,1,1,0.7743573188781738
aeeem_mylyn,hybrid,xgboost,5,4,1053,0,0,0.05401611328125
aeeem_mylyn,hybrid,xgboost,5,4,1054,0,0,0.019182613119482994
aeeem_mylyn,hybrid,xgboost,5,4,1055,0,0,0.19780102372169495
aeeem_mylyn,hybrid,xgboost,5,4,1059,0,0,0.3491112291812897
aeeem_mylyn,hybrid,xgboost,5,4,1066,0,1,0.7187707424163818
aeeem_mylyn,hybrid,xgboost,5,4,1067,0,0,0.21494346857070923
aeeem_mylyn,hybrid,xgboost,5,4,1072,0,1,0.5431286096572876
aeeem_mylyn,hybrid,xgboost,5,4,1081,0,0,0.007155376486480236
aeeem_mylyn,hybrid,xgboost,5,4,1086,0,0,0.09674160182476044
aeeem_mylyn,hybrid,xgboost,5,4,1089,0,0,0.0034589068964123726
aeeem_mylyn,hybrid,xgboost,5,4,1090,0,0,0.1136823296546936
aeeem_mylyn,hybrid,xgboost,5,4,1096,0,0,0.038834135979413986
aeeem_mylyn,hybrid,xgboost,5,4,1097,0,0,0.13435809314250946
aeeem_mylyn,hybrid,xgboost,5,4,1102,0,0,0.045436058193445206
aeeem_mylyn,hybrid,xgboost,5,4,1105,0,0,0.05516384541988373
aeeem_mylyn,hybrid,xgboost,5,4,1112,0,0,0.12457222491502762
aeeem_mylyn,hybrid,xgboost,5,4,1122,0,0,0.05290212109684944
aeeem_mylyn,hybrid,xgboost,5,4,1124,0,0,0.006312901619821787
aeeem_mylyn,hybrid,xgboost,5,4,1128,0,0,0.06224721670150757
aeeem_mylyn,hybrid,xgboost,5,4,1131,0,0,0.031058600172400475
aeeem_mylyn,hybrid,xgboost,5,4,1132,0,0,0.09052802622318268
aeeem_mylyn,hybrid,xgboost,5,4,1138,0,0,0.0017331442795693874
aeeem_mylyn,hybrid,xgboost,5,4,1139,1,1,0.934703528881073
aeeem_mylyn,hybrid,xgboost,5,4,1141,1,1,0.8631367683410645
aeeem_mylyn,hybrid,xgboost,5,4,1143,0,0,0.0710223987698555
aeeem_mylyn,hybrid,xgboost,5,4,1144,0,0,0.0352332703769207
aeeem_mylyn,hybrid,xgboost,5,4,1146,0,0,0.05771264061331749
aeeem_mylyn,hybrid,xgboost,5,4,1147,0,0,0.005590791814029217
aeeem_mylyn,hybrid,xgboost,5,4,1148,1,0,0.03658546507358551
aeeem_mylyn,hybrid,xgboost,5,4,1150,0,0,0.32161498069763184
aeeem_mylyn,hybrid,xgboost,5,4,1154,0,1,0.5028848648071289
aeeem_mylyn,hybrid,xgboost,5,4,1156,0,0,0.09482260793447495
aeeem_mylyn,hybrid,xgboost,5,4,1160,1,0,0.17608898878097534
aeeem_mylyn,hybrid,xgboost,5,4,1164,0,0,0.14937569200992584
aeeem_mylyn,hybrid,xgboost,5,4,1175,0,0,0.02841983363032341
aeeem_mylyn,hybrid,xgboost,5,4,1188,0,0,0.02001916989684105
aeeem_mylyn,hybrid,xgboost,5,4,1193,0,0,0.11116994172334671
aeeem_mylyn,hybrid,xgboost,5,4,1202,0,0,0.009675775654613972
aeeem_mylyn,hybrid,xgboost,5,4,1203,0,0,0.002338488819077611
aeeem_mylyn,hybrid,xgboost,5,4,1210,0,0,0.11471514403820038
aeeem_mylyn,hybrid,xgboost,5,4,1217,0,1,0.5979280471801758
aeeem_mylyn,hybrid,xgboost,5,4,1224,0,0,0.05650787800550461
aeeem_mylyn,hybrid,xgboost,5,4,1227,0,0,0.08211086690425873
aeeem_mylyn,hybrid,xgboost,5,4,1233,0,0,0.006344084162265062
aeeem_mylyn,hybrid,xgboost,5,4,1234,0,0,0.0106319859623909
aeeem_mylyn,hybrid,xgboost,5,4,1247,0,0,0.15217675268650055
aeeem_mylyn,hybrid,xgboost,5,4,1250,0,0,0.0017289904644712806
aeeem_mylyn,hybrid,xgboost,5,4,1254,0,0,0.06472082436084747
aeeem_mylyn,hybrid,xgboost,5,4,1256,1,0,0.17674869298934937
aeeem_mylyn,hybrid,xgboost,5,4,1261,0,0,0.050162095576524734
aeeem_mylyn,hybrid,xgboost,5,4,1262,1,0,0.17087116837501526
aeeem_mylyn,hybrid,xgboost,5,4,1263,0,1,0.8882368206977844
aeeem_mylyn,hybrid,xgboost,5,4,1275,0,0,0.032285746186971664
aeeem_mylyn,hybrid,xgboost,5,4,1289,0,0,0.01813890039920807
aeeem_mylyn,hybrid,xgboost,5,4,1296,0,0,0.0028811658266931772
aeeem_mylyn,hybrid,xgboost,5,4,1304,0,0,0.033230897039175034
aeeem_mylyn,hybrid,xgboost,5,4,1308,0,0,0.035260092467069626
aeeem_mylyn,hybrid,xgboost,5,4,1310,0,0,0.021473431959748268
aeeem_mylyn,hybrid,xgboost,5,4,1313,1,0,0.16137605905532837
aeeem_mylyn,hybrid,xgboost,5,4,1327,0,0,0.01181693933904171
aeeem_mylyn,hybrid,xgboost,5,4,1328,1,1,0.6946237683296204
aeeem_mylyn,hybrid,xgboost,5,4,1332,1,1,0.7825974225997925
aeeem_mylyn,hybrid,xgboost,5,4,1333,0,0,0.017885999754071236
aeeem_mylyn,hybrid,xgboost,5,4,1334,0,0,0.005013513378798962
aeeem_mylyn,hybrid,xgboost,5,4,1336,0,0,0.03312012553215027
aeeem_mylyn,hybrid,xgboost,5,4,1339,0,0,0.031209083274006844
aeeem_mylyn,hybrid,xgboost,5,4,1341,0,0,0.016810227185487747
aeeem_mylyn,hybrid,xgboost,5,4,1351,0,1,0.7013089060783386
aeeem_mylyn,hybrid,xgboost,5,4,1353,0,0,0.0264090858399868
aeeem_mylyn,hybrid,xgboost,5,4,1357,0,0,0.04470762982964516
aeeem_mylyn,hybrid,xgboost,5,4,1359,0,0,0.3302145004272461
aeeem_mylyn,hybrid,xgboost,5,4,1364,0,0,0.031180959194898605
aeeem_mylyn,hybrid,xgboost,5,4,1377,1,0,0.12906979024410248
aeeem_mylyn,hybrid,xgboost,5,4,1384,0,0,0.04278285801410675
aeeem_mylyn,hybrid,xgboost,5,4,1390,0,0,0.025355270132422447
aeeem_mylyn,hybrid,xgboost,5,4,1393,0,0,0.017319001257419586
aeeem_mylyn,hybrid,xgboost,5,4,1397,0,0,0.13977272808551788
aeeem_mylyn,hybrid,xgboost,5,4,1398,0,0,0.07100730389356613
aeeem_mylyn,hybrid,xgboost,5,4,1402,0,0,0.11050485074520111
aeeem_mylyn,hybrid,xgboost,5,4,1405,0,0,0.24294108152389526
aeeem_mylyn,hybrid,xgboost,5,4,1406,0,0,0.07023195177316666
aeeem_mylyn,hybrid,xgboost,5,4,1410,0,0,0.010281262919306755
aeeem_mylyn,hybrid,xgboost,5,4,1415,0,0,0.07720226049423218
aeeem_mylyn,hybrid,xgboost,5,4,1416,0,0,0.023569723591208458
aeeem_mylyn,hybrid,xgboost,5,4,1418,0,0,0.020075662061572075
aeeem_mylyn,hybrid,xgboost,5,4,1433,0,0,0.055038608610630035
aeeem_mylyn,hybrid,xgboost,5,4,1434,0,0,0.007695668842643499
aeeem_mylyn,hybrid,xgboost,5,4,1436,0,0,0.0018460680730640888
aeeem_mylyn,hybrid,xgboost,5,4,1452,0,0,0.05583827197551727
aeeem_mylyn,hybrid,xgboost,5,4,1455,0,0,0.15580052137374878
aeeem_mylyn,hybrid,xgboost,5,4,1456,0,0,0.05379824340343475
aeeem_mylyn,hybrid,xgboost,5,4,1468,1,1,0.5756184458732605
aeeem_mylyn,hybrid,xgboost,5,4,1473,0,0,0.062540702521801
aeeem_mylyn,hybrid,xgboost,5,4,1476,0,0,0.11093222349882126
aeeem_mylyn,hybrid,xgboost,5,4,1478,0,0,0.3461929261684418
aeeem_mylyn,hybrid,xgboost,5,4,1480,0,0,0.009717709384858608
aeeem_mylyn,hybrid,xgboost,5,4,1486,0,0,0.12557515501976013
aeeem_mylyn,hybrid,xgboost,5,4,1504,1,0,0.16333170235157013
aeeem_mylyn,hybrid,xgboost,5,4,1505,0,0,0.016023244708776474
aeeem_mylyn,hybrid,xgboost,5,4,1513,0,0,0.007043712772428989
aeeem_mylyn,hybrid,xgboost,5,4,1514,0,0,0.002333093900233507
aeeem_mylyn,hybrid,xgboost,5,4,1523,0,0,0.01920628920197487
aeeem_mylyn,hybrid,xgboost,5,4,1531,0,0,0.1259566992521286
aeeem_mylyn,hybrid,xgboost,5,4,1532,0,0,0.013564113527536392
aeeem_mylyn,hybrid,xgboost,5,4,1537,0,0,0.004203105811029673
aeeem_mylyn,hybrid,xgboost,5,4,1542,1,1,0.8076380491256714
aeeem_mylyn,hybrid,xgboost,5,4,1545,0,0,0.026386694982647896
aeeem_mylyn,hybrid,xgboost,5,4,1548,0,0,0.26122432947158813
aeeem_mylyn,hybrid,xgboost,5,4,1550,0,0,0.028400570154190063
aeeem_mylyn,hybrid,xgboost,5,4,1556,1,0,0.4884372055530548
aeeem_mylyn,hybrid,xgboost,5,4,1577,0,0,0.003390624187886715
aeeem_mylyn,hybrid,xgboost,5,4,1589,0,0,0.177775040268898
aeeem_mylyn,hybrid,xgboost,5,4,1590,0,1,0.5417881011962891
aeeem_mylyn,hybrid,xgboost,5,4,1594,0,0,0.02512660250067711
aeeem_mylyn,hybrid,xgboost,5,4,1602,0,0,0.25403067469596863
aeeem_mylyn,hybrid,xgboost,5,4,1608,0,0,0.0815446674823761
aeeem_mylyn,hybrid,xgboost,5,4,1622,0,0,0.28479066491127014
aeeem_mylyn,hybrid,xgboost,5,4,1625,0,0,0.1338818371295929
aeeem_mylyn,hybrid,xgboost,5,4,1626,0,1,0.8447390794754028
aeeem_mylyn,hybrid,xgboost,5,4,1633,0,0,0.006316345650702715
aeeem_mylyn,hybrid,xgboost,5,4,1639,0,0,0.37414196133613586
aeeem_mylyn,hybrid,xgboost,5,4,1640,0,0,0.3565281927585602
aeeem_mylyn,hybrid,xgboost,5,4,1647,0,0,0.05601106584072113
aeeem_mylyn,hybrid,xgboost,5,4,1649,1,0,0.10830729454755783
aeeem_mylyn,hybrid,xgboost,5,4,1650,0,1,0.5951082706451416
aeeem_mylyn,hybrid,xgboost,5,4,1655,1,1,0.8349299430847168
aeeem_mylyn,hybrid,xgboost,5,4,1658,0,0,0.0028883516788482666
aeeem_mylyn,hybrid,xgboost,5,4,1662,0,0,0.29140812158584595
aeeem_mylyn,hybrid,xgboost,5,4,1663,0,0,0.09449145197868347
aeeem_mylyn,hybrid,xgboost,5,4,1664,0,1,0.6653736233711243
aeeem_mylyn,hybrid,xgboost,5,4,1667,0,1,0.5795451402664185
aeeem_mylyn,hybrid,xgboost,5,4,1670,1,1,0.6579335927963257
aeeem_mylyn,hybrid,xgboost,5,4,1671,0,0,0.003771471558138728
aeeem_mylyn,hybrid,xgboost,5,4,1679,0,0,0.3325611352920532
aeeem_mylyn,hybrid,xgboost,5,4,1683,0,0,0.003131718374788761
aeeem_mylyn,hybrid,xgboost,5,4,1687,0,0,0.14872601628303528
aeeem_mylyn,hybrid,xgboost,5,4,1695,0,0,0.008197573013603687
aeeem_mylyn,hybrid,xgboost,5,4,1696,0,0,0.04278285801410675
aeeem_mylyn,hybrid,xgboost,5,4,1708,0,0,0.058256033807992935
aeeem_mylyn,hybrid,xgboost,5,4,1709,0,0,0.45998841524124146
aeeem_mylyn,hybrid,xgboost,5,4,1715,0,0,0.09465641528367996
aeeem_mylyn,hybrid,xgboost,5,4,1717,0,0,0.42027607560157776
aeeem_mylyn,hybrid,xgboost,5,4,1724,0,0,0.06109790876507759
aeeem_mylyn,hybrid,xgboost,5,4,1725,1,1,0.7324182987213135
aeeem_mylyn,hybrid,xgboost,5,4,1726,0,0,0.04350607097148895
aeeem_mylyn,hybrid,xgboost,5,4,1729,0,0,0.023875385522842407
aeeem_mylyn,hybrid,xgboost,5,4,1735,0,0,0.22404327988624573
aeeem_mylyn,hybrid,xgboost,5,4,1736,0,1,0.8022875785827637
aeeem_mylyn,hybrid,xgboost,5,4,1743,0,0,0.02155006304383278
aeeem_mylyn,hybrid,xgboost,5,4,1748,0,0,0.043611664324998856
aeeem_mylyn,hybrid,xgboost,5,4,1749,0,0,0.2383655458688736
aeeem_mylyn,hybrid,xgboost,5,4,1755,0,0,0.09373506158590317
aeeem_mylyn,hybrid,xgboost,5,4,1764,0,0,0.004456494003534317
aeeem_mylyn,hybrid,xgboost,5,4,1767,0,0,0.026787294074892998
aeeem_mylyn,hybrid,xgboost,5,4,1768,0,0,0.19423799216747284
aeeem_mylyn,hybrid,xgboost,5,4,1770,0,0,0.13176986575126648
aeeem_mylyn,hybrid,xgboost,5,4,1776,1,1,0.891128420829773
aeeem_mylyn,hybrid,xgboost,5,4,1788,1,0,0.21779048442840576
aeeem_mylyn,hybrid,xgboost,5,4,1802,0,0,0.006571728736162186
aeeem_mylyn,hybrid,xgboost,5,4,1805,0,0,0.07447905093431473
aeeem_mylyn,hybrid,xgboost,5,4,1813,0,0,0.28007781505584717
aeeem_mylyn,hybrid,xgboost,5,4,1817,0,0,0.02610165998339653
aeeem_mylyn,hybrid,xgboost,5,4,1819,1,1,0.5558884739875793
aeeem_mylyn,hybrid,xgboost,5,4,1826,1,0,0.27205100655555725
aeeem_mylyn,hybrid,xgboost,5,4,1827,0,0,0.3591512143611908
aeeem_mylyn,hybrid,xgboost,5,4,1830,0,0,0.0853504166007042
aeeem_mylyn,hybrid,xgboost,5,4,1844,0,0,0.004240437410771847
aeeem_mylyn,hybrid,xgboost,5,4,1849,0,1,0.5917319655418396
aeeem_mylyn,hybrid,xgboost,5,4,1853,0,0,0.06922388076782227
aeeem_mylyn,hybrid,xgboost,5,4,1854,0,0,0.2416137158870697
aeeem_mylyn,hybrid,xgboost,5,4,1856,0,0,0.0042454516515135765
aeeem_mylyn,hybrid,xgboost,5,4,1859,1,0,0.22653140127658844
aeeem_mylyn,hybrid,xgboost,5,4,1861,0,0,0.05697259306907654
aeeem_mylyn,hybrid,xgboost,5,5,6,0,0,0.0010690520284697413
aeeem_mylyn,hybrid,xgboost,5,5,24,0,0,0.4832378923892975
aeeem_mylyn,hybrid,xgboost,5,5,26,0,0,0.1539081633090973
aeeem_mylyn,hybrid,xgboost,5,5,29,0,0,0.034299544990062714
aeeem_mylyn,hybrid,xgboost,5,5,37,0,1,0.683881938457489
aeeem_mylyn,hybrid,xgboost,5,5,43,0,0,0.07385212928056717
aeeem_mylyn,hybrid,xgboost,5,5,47,0,0,0.00905529037117958
aeeem_mylyn,hybrid,xgboost,5,5,48,0,0,0.314507395029068
aeeem_mylyn,hybrid,xgboost,5,5,59,0,0,0.17837704718112946
aeeem_mylyn,hybrid,xgboost,5,5,63,1,0,0.23629668354988098
aeeem_mylyn,hybrid,xgboost,5,5,74,0,0,0.3714446723461151
aeeem_mylyn,hybrid,xgboost,5,5,75,0,0,0.28955787420272827
aeeem_mylyn,hybrid,xgboost,5,5,77,0,1,0.847219705581665
aeeem_mylyn,hybrid,xgboost,5,5,82,0,0,0.0018882702570408583
aeeem_mylyn,hybrid,xgboost,5,5,83,0,0,0.29140999913215637
aeeem_mylyn,hybrid,xgboost,5,5,86,0,0,0.08228380978107452
aeeem_mylyn,hybrid,xgboost,5,5,110,0,0,0.00422309897840023
aeeem_mylyn,hybrid,xgboost,5,5,112,0,0,0.17934764921665192
aeeem_mylyn,hybrid,xgboost,5,5,123,0,0,0.016733143478631973
aeeem_mylyn,hybrid,xgboost,5,5,131,0,0,0.0028165997937321663
aeeem_mylyn,hybrid,xgboost,5,5,147,0,0,0.01337825320661068
aeeem_mylyn,hybrid,xgboost,5,5,158,0,0,0.011453842744231224
aeeem_mylyn,hybrid,xgboost,5,5,161,0,0,0.0769364982843399
aeeem_mylyn,hybrid,xgboost,5,5,164,0,0,0.06250599026679993
aeeem_mylyn,hybrid,xgboost,5,5,171,0,0,0.22092093527317047
aeeem_mylyn,hybrid,xgboost,5,5,179,0,0,0.013512379489839077
aeeem_mylyn,hybrid,xgboost,5,5,180,0,0,0.0716884434223175
aeeem_mylyn,hybrid,xgboost,5,5,184,0,0,0.2852887213230133
aeeem_mylyn,hybrid,xgboost,5,5,188,0,0,0.12605416774749756
aeeem_mylyn,hybrid,xgboost,5,5,192,0,0,0.012536110356450081
aeeem_mylyn,hybrid,xgboost,5,5,196,0,1,0.6731587648391724
aeeem_mylyn,hybrid,xgboost,5,5,197,0,0,0.21973933279514313
aeeem_mylyn,hybrid,xgboost,5,5,200,0,0,0.30248966813087463
aeeem_mylyn,hybrid,xgboost,5,5,204,0,0,0.0025999718345701694
aeeem_mylyn,hybrid,xgboost,5,5,210,0,0,0.022941594943404198
aeeem_mylyn,hybrid,xgboost,5,5,211,0,0,0.031869713217020035
aeeem_mylyn,hybrid,xgboost,5,5,226,1,1,0.5603550672531128
aeeem_mylyn,hybrid,xgboost,5,5,231,0,1,0.8180184960365295
aeeem_mylyn,hybrid,xgboost,5,5,233,1,0,0.1712190806865692
aeeem_mylyn,hybrid,xgboost,5,5,243,0,0,0.34031039476394653
aeeem_mylyn,hybrid,xgboost,5,5,254,0,0,0.08170989900827408
aeeem_mylyn,hybrid,xgboost,5,5,257,1,1,0.8971723318099976
aeeem_mylyn,hybrid,xgboost,5,5,260,0,0,0.004698107019066811
aeeem_mylyn,hybrid,xgboost,5,5,273,0,0,0.19301153719425201
aeeem_mylyn,hybrid,xgboost,5,5,277,0,0,0.049317970871925354
aeeem_mylyn,hybrid,xgboost,5,5,281,0,0,0.028232835233211517
aeeem_mylyn,hybrid,xgboost,5,5,294,0,0,0.0034014773555099964
aeeem_mylyn,hybrid,xgboost,5,5,301,0,0,0.05616659298539162
aeeem_mylyn,hybrid,xgboost,5,5,308,0,0,0.015375285409390926
aeeem_mylyn,hybrid,xgboost,5,5,320,0,0,0.04878939688205719
aeeem_mylyn,hybrid,xgboost,5,5,324,0,0,0.18572765588760376
aeeem_mylyn,hybrid,xgboost,5,5,325,0,1,0.9356903433799744
aeeem_mylyn,hybrid,xgboost,5,5,326,1,0,0.010237733833491802
aeeem_mylyn,hybrid,xgboost,5,5,327,0,0,0.0268821083009243
aeeem_mylyn,hybrid,xgboost,5,5,330,0,0,0.0032910581212490797
aeeem_mylyn,hybrid,xgboost,5,5,332,1,1,0.5381606817245483
aeeem_mylyn,hybrid,xgboost,5,5,339,0,0,0.05287996679544449
aeeem_mylyn,hybrid,xgboost,5,5,348,0,0,0.0022175509948283434
aeeem_mylyn,hybrid,xgboost,5,5,350,0,0,0.01934864930808544
aeeem_mylyn,hybrid,xgboost,5,5,360,0,0,0.04220198094844818
aeeem_mylyn,hybrid,xgboost,5,5,361,0,0,0.09989678859710693
aeeem_mylyn,hybrid,xgboost,5,5,364,0,0,0.029230747371912003
aeeem_mylyn,hybrid,xgboost,5,5,368,0,0,0.030636997893452644
aeeem_mylyn,hybrid,xgboost,5,5,369,0,0,0.08154834061861038
aeeem_mylyn,hybrid,xgboost,5,5,372,0,0,0.012319321744143963
aeeem_mylyn,hybrid,xgboost,5,5,373,0,0,0.017570840194821358
aeeem_mylyn,hybrid,xgboost,5,5,379,0,0,0.06413232535123825
aeeem_mylyn,hybrid,xgboost,5,5,380,1,0,0.2455074042081833
aeeem_mylyn,hybrid,xgboost,5,5,382,0,0,0.04675540700554848
aeeem_mylyn,hybrid,xgboost,5,5,383,0,0,0.008787141181528568
aeeem_mylyn,hybrid,xgboost,5,5,399,0,0,0.12216926366090775
aeeem_mylyn,hybrid,xgboost,5,5,400,0,0,0.00906316190958023
aeeem_mylyn,hybrid,xgboost,5,5,406,0,0,0.11583751440048218
aeeem_mylyn,hybrid,xgboost,5,5,409,0,0,0.003939519636332989
aeeem_mylyn,hybrid,xgboost,5,5,414,0,0,0.03098192997276783
aeeem_mylyn,hybrid,xgboost,5,5,415,0,0,0.01945202797651291
aeeem_mylyn,hybrid,xgboost,5,5,418,0,0,0.47630125284194946
aeeem_mylyn,hybrid,xgboost,5,5,422,0,0,0.05678523704409599
aeeem_mylyn,hybrid,xgboost,5,5,426,0,0,0.17667973041534424
aeeem_mylyn,hybrid,xgboost,5,5,431,0,0,0.2664361894130707
aeeem_mylyn,hybrid,xgboost,5,5,434,0,0,0.12660259008407593
aeeem_mylyn,hybrid,xgboost,5,5,439,0,0,0.080810546875
aeeem_mylyn,hybrid,xgboost,5,5,442,0,0,0.08531361818313599
aeeem_mylyn,hybrid,xgboost,5,5,443,0,0,0.40679633617401123
aeeem_mylyn,hybrid,xgboost,5,5,444,0,1,0.7524219155311584
aeeem_mylyn,hybrid,xgboost,5,5,454,0,0,0.43181735277175903
aeeem_mylyn,hybrid,xgboost,5,5,457,0,0,0.058818116784095764
aeeem_mylyn,hybrid,xgboost,5,5,458,0,0,0.013177567161619663
aeeem_mylyn,hybrid,xgboost,5,5,463,0,0,0.038739100098609924
aeeem_mylyn,hybrid,xgboost,5,5,465,1,1,0.8683676719665527
aeeem_mylyn,hybrid,xgboost,5,5,466,0,0,0.17911608517169952
aeeem_mylyn,hybrid,xgboost,5,5,467,0,0,0.06842263787984848
aeeem_mylyn,hybrid,xgboost,5,5,471,0,0,0.0005059147370047867
aeeem_mylyn,hybrid,xgboost,5,5,472,0,0,0.008230865001678467
aeeem_mylyn,hybrid,xgboost,5,5,480,0,0,0.11784680187702179
aeeem_mylyn,hybrid,xgboost,5,5,482,0,0,0.3926270008087158
aeeem_mylyn,hybrid,xgboost,5,5,483,0,0,0.1915482133626938
aeeem_mylyn,hybrid,xgboost,5,5,488,0,0,0.08694301545619965
aeeem_mylyn,hybrid,xgboost,5,5,489,0,0,0.06484303623437881
aeeem_mylyn,hybrid,xgboost,5,5,493,0,0,0.025967556983232498
aeeem_mylyn,hybrid,xgboost,5,5,516,1,1,0.580816924571991
aeeem_mylyn,hybrid,xgboost,5,5,519,1,1,0.862088680267334
aeeem_mylyn,hybrid,xgboost,5,5,521,1,1,0.5120099782943726
aeeem_mylyn,hybrid,xgboost,5,5,527,1,0,0.2904631793498993
aeeem_mylyn,hybrid,xgboost,5,5,553,0,0,0.41599974036216736
aeeem_mylyn,hybrid,xgboost,5,5,563,0,0,0.03970682621002197
aeeem_mylyn,hybrid,xgboost,5,5,564,0,0,0.010752992704510689
aeeem_mylyn,hybrid,xgboost,5,5,567,0,0,0.014789178967475891
aeeem_mylyn,hybrid,xgboost,5,5,568,0,0,0.16297310590744019
aeeem_mylyn,hybrid,xgboost,5,5,573,0,0,0.04152237996459007
aeeem_mylyn,hybrid,xgboost,5,5,576,1,0,0.13396099209785461
aeeem_mylyn,hybrid,xgboost,5,5,582,0,0,0.09762557595968246
aeeem_mylyn,hybrid,xgboost,5,5,586,0,0,0.017940551042556763
aeeem_mylyn,hybrid,xgboost,5,5,598,0,0,0.09268124401569366
aeeem_mylyn,hybrid,xgboost,5,5,613,0,0,0.073720782995224
aeeem_mylyn,hybrid,xgboost,5,5,624,0,0,0.007026818115264177
aeeem_mylyn,hybrid,xgboost,5,5,626,0,0,0.04693977162241936
aeeem_mylyn,hybrid,xgboost,5,5,627,1,0,0.17355084419250488
aeeem_mylyn,hybrid,xgboost,5,5,637,0,1,0.9359651207923889
aeeem_mylyn,hybrid,xgboost,5,5,643,1,0,0.07646913826465607
aeeem_mylyn,hybrid,xgboost,5,5,650,0,0,0.2454073429107666
aeeem_mylyn,hybrid,xgboost,5,5,659,0,0,0.0598066970705986
aeeem_mylyn,hybrid,xgboost,5,5,661,0,0,0.1307835876941681
aeeem_mylyn,hybrid,xgboost,5,5,663,0,1,0.6121402382850647
aeeem_mylyn,hybrid,xgboost,5,5,674,0,0,0.009457296691834927
aeeem_mylyn,hybrid,xgboost,5,5,682,0,0,0.3981507420539856
aeeem_mylyn,hybrid,xgboost,5,5,684,0,0,0.22994191944599152
aeeem_mylyn,hybrid,xgboost,5,5,692,0,0,0.032911818474531174
aeeem_mylyn,hybrid,xgboost,5,5,693,0,0,0.051316216588020325
aeeem_mylyn,hybrid,xgboost,5,5,700,0,0,0.03970682621002197
aeeem_mylyn,hybrid,xgboost,5,5,705,0,0,0.029222028329968452
aeeem_mylyn,hybrid,xgboost,5,5,707,0,0,0.08983572572469711
aeeem_mylyn,hybrid,xgboost,5,5,710,0,0,0.006413756404072046
aeeem_mylyn,hybrid,xgboost,5,5,715,0,0,0.0075818863697350025
aeeem_mylyn,hybrid,xgboost,5,5,717,0,0,0.08929663151502609
aeeem_mylyn,hybrid,xgboost,5,5,723,0,1,0.5246075987815857
aeeem_mylyn,hybrid,xgboost,5,5,724,0,0,0.08477635681629181
aeeem_mylyn,hybrid,xgboost,5,5,729,0,1,0.730344295501709
aeeem_mylyn,hybrid,xgboost,5,5,731,0,0,0.010654455982148647
aeeem_mylyn,hybrid,xgboost,5,5,751,0,0,0.03970973938703537
aeeem_mylyn,hybrid,xgboost,5,5,752,0,0,0.4678332805633545
aeeem_mylyn,hybrid,xgboost,5,5,761,0,0,0.033624906092882156
aeeem_mylyn,hybrid,xgboost,5,5,762,0,0,0.012244620360434055
aeeem_mylyn,hybrid,xgboost,5,5,769,1,0,0.069910429418087
aeeem_mylyn,hybrid,xgboost,5,5,770,0,0,0.010735750198364258
aeeem_mylyn,hybrid,xgboost,5,5,771,0,0,0.31469643115997314
aeeem_mylyn,hybrid,xgboost,5,5,784,0,0,0.023582791909575462
aeeem_mylyn,hybrid,xgboost,5,5,787,0,0,0.025177180767059326
aeeem_mylyn,hybrid,xgboost,5,5,795,0,1,0.8069978356361389
aeeem_mylyn,hybrid,xgboost,5,5,797,0,0,0.25076133012771606
aeeem_mylyn,hybrid,xgboost,5,5,800,0,0,0.11373744904994965
aeeem_mylyn,hybrid,xgboost,5,5,807,0,0,0.0036402458790689707
aeeem_mylyn,hybrid,xgboost,5,5,811,1,1,0.759151816368103
aeeem_mylyn,hybrid,xgboost,5,5,816,0,0,0.060747552663087845
aeeem_mylyn,hybrid,xgboost,5,5,841,0,0,0.004215585999190807
aeeem_mylyn,hybrid,xgboost,5,5,843,0,0,0.0032646877225488424
aeeem_mylyn,hybrid,xgboost,5,5,844,1,1,0.7903271317481995
aeeem_mylyn,hybrid,xgboost,5,5,848,0,0,0.2757411003112793
aeeem_mylyn,hybrid,xgboost,5,5,851,0,0,0.03912036493420601
aeeem_mylyn,hybrid,xgboost,5,5,866,0,0,0.029170088469982147
aeeem_mylyn,hybrid,xgboost,5,5,871,1,1,0.7921101450920105
aeeem_mylyn,hybrid,xgboost,5,5,872,0,1,0.5386101603507996
aeeem_mylyn,hybrid,xgboost,5,5,874,0,1,0.7465690970420837
aeeem_mylyn,hybrid,xgboost,5,5,882,0,0,0.16439461708068848
aeeem_mylyn,hybrid,xgboost,5,5,901,0,0,0.009755206294357777
aeeem_mylyn,hybrid,xgboost,5,5,902,0,0,0.03967758268117905
aeeem_mylyn,hybrid,xgboost,5,5,905,0,0,0.017774220556020737
aeeem_mylyn,hybrid,xgboost,5,5,918,0,1,0.8803781867027283
aeeem_mylyn,hybrid,xgboost,5,5,922,0,0,0.014249768108129501
aeeem_mylyn,hybrid,xgboost,5,5,925,0,0,0.011385912075638771
aeeem_mylyn,hybrid,xgboost,5,5,933,0,0,0.3137517273426056
aeeem_mylyn,hybrid,xgboost,5,5,935,1,0,0.0863226056098938
aeeem_mylyn,hybrid,xgboost,5,5,939,0,0,0.28423941135406494
aeeem_mylyn,hybrid,xgboost,5,5,950,0,0,0.04916536062955856
aeeem_mylyn,hybrid,xgboost,5,5,962,0,0,0.011655399575829506
aeeem_mylyn,hybrid,xgboost,5,5,972,0,0,0.012989024631679058
aeeem_mylyn,hybrid,xgboost,5,5,973,1,0,0.17896418273448944
aeeem_mylyn,hybrid,xgboost,5,5,978,0,0,0.005081864073872566
aeeem_mylyn,hybrid,xgboost,5,5,981,0,0,0.21770596504211426
aeeem_mylyn,hybrid,xgboost,5,5,985,1,0,0.28147444128990173
aeeem_mylyn,hybrid,xgboost,5,5,989,0,1,0.8450132012367249
aeeem_mylyn,hybrid,xgboost,5,5,990,0,0,0.39859065413475037
aeeem_mylyn,hybrid,xgboost,5,5,992,0,0,0.003480150131508708
aeeem_mylyn,hybrid,xgboost,5,5,994,0,0,0.2359672337770462
aeeem_mylyn,hybrid,xgboost,5,5,996,0,0,0.0035480859223753214
aeeem_mylyn,hybrid,xgboost,5,5,998,0,0,0.22576028108596802
aeeem_mylyn,hybrid,xgboost,5,5,1007,0,0,0.041753996163606644
aeeem_mylyn,hybrid,xgboost,5,5,1013,0,0,0.012372498400509357
aeeem_mylyn,hybrid,xgboost,5,5,1017,0,0,0.14804503321647644
aeeem_mylyn,hybrid,xgboost,5,5,1021,0,1,0.6216385364532471
aeeem_mylyn,hybrid,xgboost,5,5,1025,0,0,0.12980157136917114
aeeem_mylyn,hybrid,xgboost,5,5,1029,1,1,0.8143768906593323
aeeem_mylyn,hybrid,xgboost,5,5,1031,1,0,0.2710054814815521
aeeem_mylyn,hybrid,xgboost,5,5,1035,0,0,0.007731359917670488
aeeem_mylyn,hybrid,xgboost,5,5,1042,0,0,0.02676006406545639
aeeem_mylyn,hybrid,xgboost,5,5,1045,0,0,0.009671075269579887
aeeem_mylyn,hybrid,xgboost,5,5,1046,0,0,0.022734224796295166
aeeem_mylyn,hybrid,xgboost,5,5,1057,0,0,0.49231722950935364
aeeem_mylyn,hybrid,xgboost,5,5,1058,0,0,0.026478124782443047
aeeem_mylyn,hybrid,xgboost,5,5,1062,0,0,0.04413960501551628
aeeem_mylyn,hybrid,xgboost,5,5,1064,0,0,0.018321331590414047
aeeem_mylyn,hybrid,xgboost,5,5,1076,0,0,0.005238371901214123
aeeem_mylyn,hybrid,xgboost,5,5,1079,0,0,0.1110842227935791
aeeem_mylyn,hybrid,xgboost,5,5,1082,0,0,0.09253775328397751
aeeem_mylyn,hybrid,xgboost,5,5,1084,0,0,0.01854988932609558
aeeem_mylyn,hybrid,xgboost,5,5,1085,0,0,0.3212445080280304
aeeem_mylyn,hybrid,xgboost,5,5,1101,0,0,0.009116536006331444
aeeem_mylyn,hybrid,xgboost,5,5,1106,0,0,0.21985001862049103
aeeem_mylyn,hybrid,xgboost,5,5,1107,1,0,0.3335294723510742
aeeem_mylyn,hybrid,xgboost,5,5,1114,0,0,0.0955539345741272
aeeem_mylyn,hybrid,xgboost,5,5,1119,0,0,0.07644166052341461
aeeem_mylyn,hybrid,xgboost,5,5,1121,0,0,0.0874469131231308
aeeem_mylyn,hybrid,xgboost,5,5,1123,0,0,0.010279273614287376
aeeem_mylyn,hybrid,xgboost,5,5,1125,0,0,0.0029576076194643974
aeeem_mylyn,hybrid,xgboost,5,5,1129,1,1,0.7781381011009216
aeeem_mylyn,hybrid,xgboost,5,5,1157,0,1,0.6983658075332642
aeeem_mylyn,hybrid,xgboost,5,5,1158,1,0,0.11423541605472565
aeeem_mylyn,hybrid,xgboost,5,5,1162,0,0,0.14393259584903717
aeeem_mylyn,hybrid,xgboost,5,5,1166,0,0,0.28302982449531555
aeeem_mylyn,hybrid,xgboost,5,5,1167,0,1,0.5136644244194031
aeeem_mylyn,hybrid,xgboost,5,5,1173,0,1,0.785027027130127
aeeem_mylyn,hybrid,xgboost,5,5,1174,1,1,0.6046224236488342
aeeem_mylyn,hybrid,xgboost,5,5,1177,0,0,0.06287174671888351
aeeem_mylyn,hybrid,xgboost,5,5,1181,0,1,0.6240813136100769
aeeem_mylyn,hybrid,xgboost,5,5,1184,0,0,0.04242849349975586
aeeem_mylyn,hybrid,xgboost,5,5,1191,0,0,0.14601470530033112
aeeem_mylyn,hybrid,xgboost,5,5,1200,0,0,0.3694832921028137
aeeem_mylyn,hybrid,xgboost,5,5,1205,0,0,0.0775098130106926
aeeem_mylyn,hybrid,xgboost,5,5,1206,1,1,0.8417302370071411
aeeem_mylyn,hybrid,xgboost,5,5,1211,0,0,0.22377555072307587
aeeem_mylyn,hybrid,xgboost,5,5,1219,1,0,0.33903640508651733
aeeem_mylyn,hybrid,xgboost,5,5,1225,0,0,0.10733246058225632
aeeem_mylyn,hybrid,xgboost,5,5,1229,0,0,0.0762869343161583
aeeem_mylyn,hybrid,xgboost,5,5,1236,0,0,0.08379070460796356
aeeem_mylyn,hybrid,xgboost,5,5,1248,0,0,0.0018064823234453797
aeeem_mylyn,hybrid,xgboost,5,5,1249,0,0,0.010281001217663288
aeeem_mylyn,hybrid,xgboost,5,5,1255,0,1,0.8417302370071411
aeeem_mylyn,hybrid,xgboost,5,5,1260,0,0,0.04399554058909416
aeeem_mylyn,hybrid,xgboost,5,5,1269,1,1,0.8148906826972961
aeeem_mylyn,hybrid,xgboost,5,5,1272,0,0,0.023649118840694427
aeeem_mylyn,hybrid,xgboost,5,5,1280,0,0,0.00797500740736723
aeeem_mylyn,hybrid,xgboost,5,5,1284,0,0,0.016009896993637085
aeeem_mylyn,hybrid,xgboost,5,5,1290,0,0,0.014470534399151802
aeeem_mylyn,hybrid,xgboost,5,5,1298,0,0,0.003241740632802248
aeeem_mylyn,hybrid,xgboost,5,5,1299,0,0,0.030587386339902878
aeeem_mylyn,hybrid,xgboost,5,5,1307,0,0,0.1919194459915161
aeeem_mylyn,hybrid,xgboost,5,5,1312,0,0,0.13179339468479156
aeeem_mylyn,hybrid,xgboost,5,5,1315,0,0,0.4454474151134491
aeeem_mylyn,hybrid,xgboost,5,5,1316,0,0,0.04531121626496315
aeeem_mylyn,hybrid,xgboost,5,5,1320,0,0,0.054400768131017685
aeeem_mylyn,hybrid,xgboost,5,5,1326,0,0,0.2929556667804718
aeeem_mylyn,hybrid,xgboost,5,5,1329,0,0,0.038865234702825546
aeeem_mylyn,hybrid,xgboost,5,5,1331,1,1,0.5828807353973389
aeeem_mylyn,hybrid,xgboost,5,5,1338,0,0,0.3007718026638031
aeeem_mylyn,hybrid,xgboost,5,5,1342,1,0,0.4512838125228882
aeeem_mylyn,hybrid,xgboost,5,5,1343,0,0,0.3817543089389801
aeeem_mylyn,hybrid,xgboost,5,5,1344,0,0,0.18232721090316772
aeeem_mylyn,hybrid,xgboost,5,5,1348,0,0,0.06741264462471008
aeeem_mylyn,hybrid,xgboost,5,5,1358,0,0,0.014678233303129673
aeeem_mylyn,hybrid,xgboost,5,5,1370,0,0,0.19679084420204163
aeeem_mylyn,hybrid,xgboost,5,5,1383,0,1,0.5945887565612793
aeeem_mylyn,hybrid,xgboost,5,5,1388,0,0,0.12882965803146362
aeeem_mylyn,hybrid,xgboost,5,5,1391,0,0,0.036467600613832474
aeeem_mylyn,hybrid,xgboost,5,5,1394,0,0,0.30560436844825745
aeeem_mylyn,hybrid,xgboost,5,5,1400,0,0,0.0915169045329094
aeeem_mylyn,hybrid,xgboost,5,5,1412,1,0,0.06090454384684563
aeeem_mylyn,hybrid,xgboost,5,5,1428,0,0,0.025876974686980247
aeeem_mylyn,hybrid,xgboost,5,5,1442,1,0,0.05955621972680092
aeeem_mylyn,hybrid,xgboost,5,5,1447,0,0,0.020013123750686646
aeeem_mylyn,hybrid,xgboost,5,5,1450,0,0,0.05574120581150055
aeeem_mylyn,hybrid,xgboost,5,5,1453,0,0,0.059185925871133804
aeeem_mylyn,hybrid,xgboost,5,5,1457,0,0,0.33128345012664795
aeeem_mylyn,hybrid,xgboost,5,5,1458,0,0,0.07396014034748077
aeeem_mylyn,hybrid,xgboost,5,5,1467,0,0,0.04693977162241936
aeeem_mylyn,hybrid,xgboost,5,5,1469,0,0,0.20297345519065857
aeeem_mylyn,hybrid,xgboost,5,5,1470,0,0,0.4633665382862091
aeeem_mylyn,hybrid,xgboost,5,5,1471,1,0,0.2501300573348999
aeeem_mylyn,hybrid,xgboost,5,5,1481,0,0,0.0035829776898026466
aeeem_mylyn,hybrid,xgboost,5,5,1485,0,0,0.045434705913066864
aeeem_mylyn,hybrid,xgboost,5,5,1487,0,0,0.11166812479496002
aeeem_mylyn,hybrid,xgboost,5,5,1491,0,0,0.16088257730007172
aeeem_mylyn,hybrid,xgboost,5,5,1498,1,1,0.8417302370071411
aeeem_mylyn,hybrid,xgboost,5,5,1500,0,0,0.0038830561097711325
aeeem_mylyn,hybrid,xgboost,5,5,1507,0,0,0.3797804117202759
aeeem_mylyn,hybrid,xgboost,5,5,1508,0,0,0.06795324385166168
aeeem_mylyn,hybrid,xgboost,5,5,1510,0,0,0.09237932413816452
aeeem_mylyn,hybrid,xgboost,5,5,1512,0,0,0.3743506371974945
aeeem_mylyn,hybrid,xgboost,5,5,1517,0,0,0.04174093157052994
aeeem_mylyn,hybrid,xgboost,5,5,1518,0,0,0.010696588084101677
aeeem_mylyn,hybrid,xgboost,5,5,1519,0,0,0.010745776817202568
aeeem_mylyn,hybrid,xgboost,5,5,1525,0,0,0.08855614066123962
aeeem_mylyn,hybrid,xgboost,5,5,1529,0,0,0.007481930311769247
aeeem_mylyn,hybrid,xgboost,5,5,1533,0,0,0.10097363591194153
aeeem_mylyn,hybrid,xgboost,5,5,1536,0,0,0.32452186942100525
aeeem_mylyn,hybrid,xgboost,5,5,1541,0,0,0.0062883226200938225
aeeem_mylyn,hybrid,xgboost,5,5,1544,0,0,0.003116483800113201
aeeem_mylyn,hybrid,xgboost,5,5,1546,0,0,0.010236366651952267
aeeem_mylyn,hybrid,xgboost,5,5,1549,0,0,0.008709008805453777
aeeem_mylyn,hybrid,xgboost,5,5,1553,0,0,0.3285748362541199
aeeem_mylyn,hybrid,xgboost,5,5,1555,0,0,0.009249882772564888
aeeem_mylyn,hybrid,xgboost,5,5,1558,0,0,0.21412301063537598
aeeem_mylyn,hybrid,xgboost,5,5,1561,1,1,0.7416043281555176
aeeem_mylyn,hybrid,xgboost,5,5,1562,0,1,0.5830914974212646
aeeem_mylyn,hybrid,xgboost,5,5,1564,0,0,0.05616659298539162
aeeem_mylyn,hybrid,xgboost,5,5,1569,0,0,0.04053884744644165
aeeem_mylyn,hybrid,xgboost,5,5,1570,0,0,0.03997667506337166
aeeem_mylyn,hybrid,xgboost,5,5,1575,0,0,0.010388843715190887
aeeem_mylyn,hybrid,xgboost,5,5,1579,0,0,0.006233234889805317
aeeem_mylyn,hybrid,xgboost,5,5,1582,0,0,0.050535961985588074
aeeem_mylyn,hybrid,xgboost,5,5,1584,0,0,0.08343684673309326
aeeem_mylyn,hybrid,xgboost,5,5,1587,0,0,0.025818532332777977
aeeem_mylyn,hybrid,xgboost,5,5,1599,0,0,0.05057789012789726
aeeem_mylyn,hybrid,xgboost,5,5,1606,0,1,0.5697586536407471
aeeem_mylyn,hybrid,xgboost,5,5,1607,0,1,0.5679007768630981
aeeem_mylyn,hybrid,xgboost,5,5,1610,0,0,0.004101220518350601
aeeem_mylyn,hybrid,xgboost,5,5,1617,0,0,0.03441667929291725
aeeem_mylyn,hybrid,xgboost,5,5,1619,0,0,0.015979008749127388
aeeem_mylyn,hybrid,xgboost,5,5,1620,0,0,0.046508438885211945
aeeem_mylyn,hybrid,xgboost,5,5,1621,0,0,0.34817957878112793
aeeem_mylyn,hybrid,xgboost,5,5,1623,0,0,0.17878080904483795
aeeem_mylyn,hybrid,xgboost,5,5,1627,0,1,0.5000826716423035
aeeem_mylyn,hybrid,xgboost,5,5,1629,1,1,0.5463247895240784
aeeem_mylyn,hybrid,xgboost,5,5,1631,0,1,0.6062368750572205
aeeem_mylyn,hybrid,xgboost,5,5,1632,1,1,0.8612433075904846
aeeem_mylyn,hybrid,xgboost,5,5,1634,0,0,0.02970508299767971
aeeem_mylyn,hybrid,xgboost,5,5,1638,0,0,0.04988838732242584
aeeem_mylyn,hybrid,xgboost,5,5,1643,0,0,0.031170496717095375
aeeem_mylyn,hybrid,xgboost,5,5,1644,0,0,0.010333837009966373
aeeem_mylyn,hybrid,xgboost,5,5,1646,0,0,0.022928345948457718
aeeem_mylyn,hybrid,xgboost,5,5,1648,0,0,0.01232362724840641
aeeem_mylyn,hybrid,xgboost,5,5,1651,0,0,0.12170306593179703
aeeem_mylyn,hybrid,xgboost,5,5,1652,0,1,0.8791106939315796
aeeem_mylyn,hybrid,xgboost,5,5,1653,0,0,0.06248855963349342
aeeem_mylyn,hybrid,xgboost,5,5,1654,0,0,0.2757411003112793
aeeem_mylyn,hybrid,xgboost,5,5,1666,1,0,0.04473045468330383
aeeem_mylyn,hybrid,xgboost,5,5,1673,0,0,0.008716014213860035
aeeem_mylyn,hybrid,xgboost,5,5,1674,0,1,0.723747730255127
aeeem_mylyn,hybrid,xgboost,5,5,1675,1,0,0.06870556622743607
aeeem_mylyn,hybrid,xgboost,5,5,1682,1,1,0.8924483060836792
aeeem_mylyn,hybrid,xgboost,5,5,1694,0,0,0.0066337427124381065
aeeem_mylyn,hybrid,xgboost,5,5,1700,1,0,0.3666287362575531
aeeem_mylyn,hybrid,xgboost,5,5,1714,1,1,0.6373383402824402
aeeem_mylyn,hybrid,xgboost,5,5,1727,0,0,0.12597867846488953
aeeem_mylyn,hybrid,xgboost,5,5,1730,0,0,0.31603336334228516
aeeem_mylyn,hybrid,xgboost,5,5,1750,0,0,0.12405472248792648
aeeem_mylyn,hybrid,xgboost,5,5,1752,0,0,0.1399957239627838
aeeem_mylyn,hybrid,xgboost,5,5,1763,0,0,0.05616659298539162
aeeem_mylyn,hybrid,xgboost,5,5,1766,0,0,0.4078356623649597
aeeem_mylyn,hybrid,xgboost,5,5,1769,0,0,0.0024654639419168234
aeeem_mylyn,hybrid,xgboost,5,5,1775,0,0,0.061539724469184875
aeeem_mylyn,hybrid,xgboost,5,5,1777,0,0,0.007989158853888512
aeeem_mylyn,hybrid,xgboost,5,5,1778,0,0,0.028832582756876945
aeeem_mylyn,hybrid,xgboost,5,5,1779,0,0,0.10533402860164642
aeeem_mylyn,hybrid,xgboost,5,5,1781,0,0,0.030755195766687393
aeeem_mylyn,hybrid,xgboost,5,5,1785,0,0,0.2959516942501068
aeeem_mylyn,hybrid,xgboost,5,5,1794,0,0,0.1899915188550949
aeeem_mylyn,hybrid,xgboost,5,5,1795,1,0,0.34817957878112793
aeeem_mylyn,hybrid,xgboost,5,5,1801,0,0,0.06270346790552139
aeeem_mylyn,hybrid,xgboost,5,5,1803,0,0,0.00253474828787148
aeeem_mylyn,hybrid,xgboost,5,5,1806,1,1,0.836879551410675
aeeem_mylyn,hybrid,xgboost,5,5,1809,0,0,0.21372269093990326
aeeem_mylyn,hybrid,xgboost,5,5,1815,0,0,0.0021922877058386803
aeeem_mylyn,hybrid,xgboost,5,5,1824,0,0,0.22341257333755493
aeeem_mylyn,hybrid,xgboost,5,5,1834,1,1,0.5253498554229736
aeeem_mylyn,hybrid,xgboost,5,5,1836,0,0,0.026842506602406502
aeeem_mylyn,hybrid,xgboost,5,5,1837,0,0,0.12689663469791412
aeeem_mylyn,hybrid,xgboost,5,5,1840,0,0,0.4031101167201996
aeeem_mylyn,hybrid,xgboost,5,5,1841,1,0,0.45248517394065857
aeeem_mylyn,hybrid,xgboost,5,5,1845,0,0,0.13970179855823517
aeeem_mylyn,hybrid,xgboost,5,5,1847,0,0,0.002789833350107074
aeeem_mylyn,hybrid,xgboost,5,5,1857,0,0,0.07561518251895905
aeeem_mylyn,hybrid,xgboost,5,5,1860,0,1,0.6947186589241028
