dataset,feature_set,model,cv_folds,fold,row_index,y_true,y_pred,y_score
aeeem_mylyn,static,xgboost,5,1,0,0,0,0.0711350068449974
aeeem_mylyn,static,xgboost,5,1,9,0,0,0.03789490461349487
aeeem_mylyn,static,xgboost,5,1,13,0,0,0.04021964222192764
aeeem_mylyn,static,xgboost,5,1,17,0,0,0.44879573583602905
aeeem_mylyn,static,xgboost,5,1,19,0,0,0.013355594128370285
aeeem_mylyn,static,xgboost,5,1,20,0,0,0.04089608043432236
aeeem_mylyn,static,xgboost,5,1,21,0,1,0.5085489749908447
aeeem_mylyn,static,xgboost,5,1,22,0,1,0.5679071545600891
aeeem_mylyn,static,xgboost,5,1,28,0,0,0.0152739891782403
aeeem_mylyn,static,xgboost,5,1,32,0,0,0.3386552035808563
aeeem_mylyn,static,xgboost,5,1,35,0,0,0.4892663061618805
aeeem_mylyn,static,xgboost,5,1,36,0,0,0.49374330043792725
aeeem_mylyn,static,xgboost,5,1,51,1,1,0.8765183687210083
aeeem_mylyn,static,xgboost,5,1,52,0,0,0.16582328081130981
aeeem_mylyn,static,xgboost,5,1,53,0,0,0.010774784721434116
aeeem_mylyn,static,xgboost,5,1,54,0,0,0.2672382891178131
aeeem_mylyn,static,xgboost,5,1,62,0,0,0.2289937287569046
aeeem_mylyn,static,xgboost,5,1,69,0,0,0.04099927097558975
aeeem_mylyn,static,xgboost,5,1,76,0,0,0.04994813725352287
aeeem_mylyn,static,xgboost,5,1,78,0,0,0.0275097843259573
aeeem_mylyn,static,xgboost,5,1,81,0,0,0.4179151952266693
aeeem_mylyn,static,xgboost,5,1,90,0,0,0.3732272684574127
aeeem_mylyn,static,xgboost,5,1,91,0,0,0.441927045583725
aeeem_mylyn,static,xgboost,5,1,94,0,0,0.16155079007148743
aeeem_mylyn,static,xgboost,5,1,107,0,1,0.8716999292373657
aeeem_mylyn,static,xgboost,5,1,114,1,0,0.19486185908317566
aeeem_mylyn,static,xgboost,5,1,116,0,0,0.10447810590267181
aeeem_mylyn,static,xgboost,5,1,129,1,0,0.23569168150424957
aeeem_mylyn,static,xgboost,5,1,134,1,1,0.8716999292373657
aeeem_mylyn,static,xgboost,5,1,140,0,0,0.08257564902305603
aeeem_mylyn,static,xgboost,5,1,141,0,0,0.2337719202041626
aeeem_mylyn,static,xgboost,5,1,144,0,0,0.023335464298725128
aeeem_mylyn,static,xgboost,5,1,151,0,0,0.3709641993045807
aeeem_mylyn,static,xgboost,5,1,152,0,0,0.30250194668769836
aeeem_mylyn,static,xgboost,5,1,153,0,0,0.2323138564825058
aeeem_mylyn,static,xgboost,5,1,154,0,0,0.2016686201095581
aeeem_mylyn,static,xgboost,5,1,160,0,0,0.03127868473529816
aeeem_mylyn,static,xgboost,5,1,162,0,0,0.03478005900979042
aeeem_mylyn,static,xgboost,5,1,167,0,0,0.26733076572418213
aeeem_mylyn,static,xgboost,5,1,170,0,0,0.07952266186475754
aeeem_mylyn,static,xgboost,5,1,174,0,0,0.4620530307292938
aeeem_mylyn,static,xgboost,5,1,176,0,1,0.8235653042793274
aeeem_mylyn,static,xgboost,5,1,186,1,0,0.2643272876739502
aeeem_mylyn,static,xgboost,5,1,187,0,0,0.005617574322968721
aeeem_mylyn,static,xgboost,5,1,201,0,1,0.5033916234970093
aeeem_mylyn,static,xgboost,5,1,219,0,0,0.10288924723863602
aeeem_mylyn,static,xgboost,5,1,223,0,0,0.025567781180143356
aeeem_mylyn,static,xgboost,5,1,225,0,0,0.17843256890773773
aeeem_mylyn,static,xgboost,5,1,228,0,0,0.06374040246009827
aeeem_mylyn,static,xgboost,5,1,235,0,1,0.6053937673568726
aeeem_mylyn,static,xgboost,5,1,241,0,0,0.07410166412591934
aeeem_mylyn,static,xgboost,5,1,245,0,0,0.0885632112622261
aeeem_mylyn,static,xgboost,5,1,247,1,1,0.5292201042175293
aeeem_mylyn,static,xgboost,5,1,251,0,0,0.08485115319490433
aeeem_mylyn,static,xgboost,5,1,252,1,0,0.20546579360961914
aeeem_mylyn,static,xgboost,5,1,261,1,1,0.7104845643043518
aeeem_mylyn,static,xgboost,5,1,262,0,0,0.05873432382941246
aeeem_mylyn,static,xgboost,5,1,263,0,0,0.2646723985671997
aeeem_mylyn,static,xgboost,5,1,266,1,0,0.06337486207485199
aeeem_mylyn,static,xgboost,5,1,279,0,0,0.06876124441623688
aeeem_mylyn,static,xgboost,5,1,283,0,0,0.017887599766254425
aeeem_mylyn,static,xgboost,5,1,295,0,0,0.026470977813005447
aeeem_mylyn,static,xgboost,5,1,296,0,0,0.09089809656143188
aeeem_mylyn,static,xgboost,5,1,297,0,1,0.5345645546913147
aeeem_mylyn,static,xgboost,5,1,298,0,0,0.17514948546886444
aeeem_mylyn,static,xgboost,5,1,300,0,0,0.06200064718723297
aeeem_mylyn,static,xgboost,5,1,302,0,0,0.1390710473060608
aeeem_mylyn,static,xgboost,5,1,311,0,0,0.3160776197910309
aeeem_mylyn,static,xgboost,5,1,335,0,0,0.05380324646830559
aeeem_mylyn,static,xgboost,5,1,341,0,0,0.2740604877471924
aeeem_mylyn,static,xgboost,5,1,343,1,0,0.11413688212633133
aeeem_mylyn,static,xgboost,5,1,345,0,1,0.8153564929962158
aeeem_mylyn,static,xgboost,5,1,351,0,0,0.0346674770116806
aeeem_mylyn,static,xgboost,5,1,352,0,0,0.010569845326244831
aeeem_mylyn,static,xgboost,5,1,354,0,0,0.04023396596312523
aeeem_mylyn,static,xgboost,5,1,365,0,1,0.8367742300033569
aeeem_mylyn,static,xgboost,5,1,367,0,0,0.030304495245218277
aeeem_mylyn,static,xgboost,5,1,375,1,0,0.24126332998275757
aeeem_mylyn,static,xgboost,5,1,393,0,0,0.0588596910238266
aeeem_mylyn,static,xgboost,5,1,397,0,0,0.030787790194153786
aeeem_mylyn,static,xgboost,5,1,403,0,0,0.05721832811832428
aeeem_mylyn,static,xgboost,5,1,407,0,0,0.4076271057128906
aeeem_mylyn,static,xgboost,5,1,421,0,0,0.2651521563529968
aeeem_mylyn,static,xgboost,5,1,423,1,0,0.04029356315732002
aeeem_mylyn,static,xgboost,5,1,427,0,0,0.3392302989959717
aeeem_mylyn,static,xgboost,5,1,429,0,0,0.0779091864824295
aeeem_mylyn,static,xgboost,5,1,432,0,0,0.07141683995723724
aeeem_mylyn,static,xgboost,5,1,438,0,0,0.2627527713775635
aeeem_mylyn,static,xgboost,5,1,441,1,0,0.4768739640712738
aeeem_mylyn,static,xgboost,5,1,448,0,0,0.02099120058119297
aeeem_mylyn,static,xgboost,5,1,469,1,1,0.912976086139679
aeeem_mylyn,static,xgboost,5,1,474,0,0,0.17870932817459106
aeeem_mylyn,static,xgboost,5,1,476,0,0,0.41219478845596313
aeeem_mylyn,static,xgboost,5,1,486,1,0,0.21755672991275787
aeeem_mylyn,static,xgboost,5,1,487,0,0,0.05089955776929855
aeeem_mylyn,static,xgboost,5,1,491,0,0,0.046280305832624435
aeeem_mylyn,static,xgboost,5,1,492,0,0,0.04013229161500931
aeeem_mylyn,static,xgboost,5,1,496,0,0,0.1722746342420578
aeeem_mylyn,static,xgboost,5,1,505,0,1,0.8716999292373657
aeeem_mylyn,static,xgboost,5,1,506,0,0,0.172970712184906
aeeem_mylyn,static,xgboost,5,1,509,0,0,0.13722190260887146
aeeem_mylyn,static,xgboost,5,1,515,0,0,0.20882272720336914
aeeem_mylyn,static,xgboost,5,1,520,0,1,0.6219208240509033
aeeem_mylyn,static,xgboost,5,1,526,0,0,0.42260003089904785
aeeem_mylyn,static,xgboost,5,1,530,0,0,0.39695486426353455
aeeem_mylyn,static,xgboost,5,1,534,0,0,0.06076998636126518
aeeem_mylyn,static,xgboost,5,1,542,0,0,0.2886948585510254
aeeem_mylyn,static,xgboost,5,1,548,0,0,0.16369840502738953
aeeem_mylyn,static,xgboost,5,1,551,0,0,0.3500000536441803
aeeem_mylyn,static,xgboost,5,1,555,0,0,0.24228538572788239
aeeem_mylyn,static,xgboost,5,1,560,0,0,0.21120384335517883
aeeem_mylyn,static,xgboost,5,1,570,0,0,0.06840695440769196
aeeem_mylyn,static,xgboost,5,1,593,0,0,0.05223700776696205
aeeem_mylyn,static,xgboost,5,1,595,1,1,0.8716999292373657
aeeem_mylyn,static,xgboost,5,1,596,0,0,0.04099927097558975
aeeem_mylyn,static,xgboost,5,1,599,1,0,0.4305935502052307
aeeem_mylyn,static,xgboost,5,1,603,0,0,0.250675231218338
aeeem_mylyn,static,xgboost,5,1,608,0,0,0.05283617228269577
aeeem_mylyn,static,xgboost,5,1,614,0,0,0.17377135157585144
aeeem_mylyn,static,xgboost,5,1,622,0,1,0.5033207535743713
aeeem_mylyn,static,xgboost,5,1,628,0,0,0.4138220250606537
aeeem_mylyn,static,xgboost,5,1,629,0,0,0.11688056588172913
aeeem_mylyn,static,xgboost,5,1,640,0,0,0.33481505513191223
aeeem_mylyn,static,xgboost,5,1,642,0,0,0.06666970252990723
aeeem_mylyn,static,xgboost,5,1,644,0,0,0.024819085374474525
aeeem_mylyn,static,xgboost,5,1,647,0,0,0.13272303342819214
aeeem_mylyn,static,xgboost,5,1,648,0,0,0.05038399249315262
aeeem_mylyn,static,xgboost,5,1,652,1,0,0.276150107383728
aeeem_mylyn,static,xgboost,5,1,658,0,0,0.07902133464813232
aeeem_mylyn,static,xgboost,5,1,662,0,0,0.2611331343650818
aeeem_mylyn,static,xgboost,5,1,666,0,1,0.8210623264312744
aeeem_mylyn,static,xgboost,5,1,670,0,0,0.08274606615304947
aeeem_mylyn,static,xgboost,5,1,679,0,0,0.10441501438617706
aeeem_mylyn,static,xgboost,5,1,689,1,1,0.8325628638267517
aeeem_mylyn,static,xgboost,5,1,694,0,0,0.07522435486316681
aeeem_mylyn,static,xgboost,5,1,698,0,1,0.6509228944778442
aeeem_mylyn,static,xgboost,5,1,699,0,0,0.022531893104314804
aeeem_mylyn,static,xgboost,5,1,701,0,0,0.08358131349086761
aeeem_mylyn,static,xgboost,5,1,706,1,1,0.5044381022453308
aeeem_mylyn,static,xgboost,5,1,708,0,0,0.20290277898311615
aeeem_mylyn,static,xgboost,5,1,709,0,1,0.5563618540763855
aeeem_mylyn,static,xgboost,5,1,734,0,0,0.40138328075408936
aeeem_mylyn,static,xgboost,5,1,737,0,0,0.050739090889692307
aeeem_mylyn,static,xgboost,5,1,738,0,1,0.5722528100013733
aeeem_mylyn,static,xgboost,5,1,739,0,0,0.313630610704422
aeeem_mylyn,static,xgboost,5,1,740,0,0,0.03779526799917221
aeeem_mylyn,static,xgboost,5,1,744,0,0,0.28589102625846863
aeeem_mylyn,static,xgboost,5,1,750,0,0,0.14521726965904236
aeeem_mylyn,static,xgboost,5,1,753,0,0,0.235284686088562
aeeem_mylyn,static,xgboost,5,1,758,0,1,0.6827211380004883
aeeem_mylyn,static,xgboost,5,1,763,0,0,0.20079869031906128
aeeem_mylyn,static,xgboost,5,1,766,1,0,0.04164156690239906
aeeem_mylyn,static,xgboost,5,1,772,0,0,0.12820516526699066
aeeem_mylyn,static,xgboost,5,1,775,0,1,0.5993831157684326
aeeem_mylyn,static,xgboost,5,1,776,0,0,0.035075586289167404
aeeem_mylyn,static,xgboost,5,1,777,0,0,0.16335885226726532
aeeem_mylyn,static,xgboost,5,1,780,0,1,0.574536919593811
aeeem_mylyn,static,xgboost,5,1,782,0,0,0.05663399398326874
aeeem_mylyn,static,xgboost,5,1,783,0,0,0.024819085374474525
aeeem_mylyn,static,xgboost,5,1,802,0,0,0.016386553645133972
aeeem_mylyn,static,xgboost,5,1,804,0,0,0.03582823649048805
aeeem_mylyn,static,xgboost,5,1,818,0,0,0.021518193185329437
aeeem_mylyn,static,xgboost,5,1,826,0,1,0.8110840916633606
aeeem_mylyn,static,xgboost,5,1,829,0,0,0.183038130402565
aeeem_mylyn,static,xgboost,5,1,831,0,0,0.05312320590019226
aeeem_mylyn,static,xgboost,5,1,840,0,0,0.06374040246009827
aeeem_mylyn,static,xgboost,5,1,842,0,0,0.21294915676116943
aeeem_mylyn,static,xgboost,5,1,854,0,0,0.204591765999794
aeeem_mylyn,static,xgboost,5,1,856,1,0,0.4245619475841522
aeeem_mylyn,static,xgboost,5,1,859,0,0,0.12476028501987457
aeeem_mylyn,static,xgboost,5,1,860,0,0,0.3326329290866852
aeeem_mylyn,static,xgboost,5,1,861,0,0,0.44998443126678467
aeeem_mylyn,static,xgboost,5,1,867,0,0,0.3686438798904419
aeeem_mylyn,static,xgboost,5,1,870,0,0,0.10682997107505798
aeeem_mylyn,static,xgboost,5,1,877,1,0,0.17974913120269775
aeeem_mylyn,static,xgboost,5,1,885,0,0,0.047086477279663086
aeeem_mylyn,static,xgboost,5,1,886,0,0,0.10247743874788284
aeeem_mylyn,static,xgboost,5,1,889,0,0,0.16375252604484558
aeeem_mylyn,static,xgboost,5,1,890,0,0,0.13443882763385773
aeeem_mylyn,static,xgboost,5,1,892,0,0,0.022383084520697594
aeeem_mylyn,static,xgboost,5,1,894,1,0,0.11518324911594391
aeeem_mylyn,static,xgboost,5,1,895,0,0,0.11503676325082779
aeeem_mylyn,static,xgboost,5,1,896,0,0,0.14468149840831757
aeeem_mylyn,static,xgboost,5,1,900,0,0,0.32056188583374023
aeeem_mylyn,static,xgboost,5,1,904,0,0,0.07083934545516968
aeeem_mylyn,static,xgboost,5,1,914,1,1,0.5755357146263123
aeeem_mylyn,static,xgboost,5,1,921,0,0,0.05890502408146858
aeeem_mylyn,static,xgboost,5,1,923,0,0,0.44877564907073975
aeeem_mylyn,static,xgboost,5,1,926,0,0,0.10475214570760727
aeeem_mylyn,static,xgboost,5,1,927,0,1,0.9177424311637878
aeeem_mylyn,static,xgboost,5,1,934,0,0,0.3185522258281708
aeeem_mylyn,static,xgboost,5,1,938,0,0,0.13040083646774292
aeeem_mylyn,static,xgboost,5,1,940,0,0,0.23265495896339417
aeeem_mylyn,static,xgboost,5,1,942,0,0,0.4602283537387848
aeeem_mylyn,static,xgboost,5,1,943,0,0,0.06449262797832489
aeeem_mylyn,static,xgboost,5,1,945,0,0,0.13529732823371887
aeeem_mylyn,static,xgboost,5,1,948,0,0,0.03528549149632454
aeeem_mylyn,static,xgboost,5,1,957,0,1,0.5033056139945984
aeeem_mylyn,static,xgboost,5,1,958,0,0,0.0948166772723198
aeeem_mylyn,static,xgboost,5,1,960,0,0,0.17514948546886444
aeeem_mylyn,static,xgboost,5,1,961,0,0,0.12408537417650223
aeeem_mylyn,static,xgboost,5,1,963,0,0,0.3373209536075592
aeeem_mylyn,static,xgboost,5,1,968,0,0,0.1278710812330246
aeeem_mylyn,static,xgboost,5,1,969,0,0,0.04757605120539665
aeeem_mylyn,static,xgboost,5,1,970,0,0,0.20672109723091125
aeeem_mylyn,static,xgboost,5,1,976,0,1,0.6664029359817505
aeeem_mylyn,static,xgboost,5,1,986,0,0,0.45287245512008667
aeeem_mylyn,static,xgboost,5,1,988,0,1,0.6323830485343933
aeeem_mylyn,static,xgboost,5,1,993,0,0,0.13108596205711365
aeeem_mylyn,static,xgboost,5,1,1006,0,0,0.22951658070087433
aeeem_mylyn,static,xgboost,5,1,1008,0,1,0.6500056385993958
aeeem_mylyn,static,xgboost,5,1,1009,0,0,0.027791164815425873
aeeem_mylyn,static,xgboost,5,1,1011,0,0,0.25980955362319946
aeeem_mylyn,static,xgboost,5,1,1012,1,1,0.894294798374176
aeeem_mylyn,static,xgboost,5,1,1016,0,1,0.9254774451255798
aeeem_mylyn,static,xgboost,5,1,1019,0,0,0.06799358874559402
aeeem_mylyn,static,xgboost,5,1,1020,0,1,0.5414820313453674
aeeem_mylyn,static,xgboost,5,1,1022,0,1,0.8716999292373657
aeeem_mylyn,static,xgboost,5,1,1034,0,0,0.03608497232198715
aeeem_mylyn,static,xgboost,5,1,1037,0,0,0.14921948313713074
aeeem_mylyn,static,xgboost,5,1,1038,0,0,0.19364632666110992
aeeem_mylyn,static,xgboost,5,1,1040,0,0,0.17202644050121307
aeeem_mylyn,static,xgboost,5,1,1060,0,0,0.14478708803653717
aeeem_mylyn,static,xgboost,5,1,1068,0,0,0.08805283159017563
aeeem_mylyn,static,xgboost,5,1,1069,0,1,0.8409727215766907
aeeem_mylyn,static,xgboost,5,1,1073,0,0,0.05731022730469704
aeeem_mylyn,static,xgboost,5,1,1074,0,0,0.019351495429873466
aeeem_mylyn,static,xgboost,5,1,1075,0,0,0.06918748468160629
aeeem_mylyn,static,xgboost,5,1,1077,1,0,0.46107274293899536
aeeem_mylyn,static,xgboost,5,1,1080,0,0,0.007777985651046038
aeeem_mylyn,static,xgboost,5,1,1083,0,0,0.32245656847953796
aeeem_mylyn,static,xgboost,5,1,1087,0,0,0.08241405338048935
aeeem_mylyn,static,xgboost,5,1,1092,0,0,0.06357783824205399
aeeem_mylyn,static,xgboost,5,1,1108,0,0,0.3558506965637207
aeeem_mylyn,static,xgboost,5,1,1118,0,0,0.154418483376503
aeeem_mylyn,static,xgboost,5,1,1126,0,0,0.34536847472190857
aeeem_mylyn,static,xgboost,5,1,1145,0,0,0.07461778074502945
aeeem_mylyn,static,xgboost,5,1,1152,0,0,0.03754374384880066
aeeem_mylyn,static,xgboost,5,1,1155,0,0,0.32209059596061707
aeeem_mylyn,static,xgboost,5,1,1163,0,0,0.14590950310230255
aeeem_mylyn,static,xgboost,5,1,1165,0,0,0.3103773891925812
aeeem_mylyn,static,xgboost,5,1,1168,0,0,0.05960758775472641
aeeem_mylyn,static,xgboost,5,1,1170,0,0,0.049898289144039154
aeeem_mylyn,static,xgboost,5,1,1171,0,0,0.14007683098316193
aeeem_mylyn,static,xgboost,5,1,1178,0,0,0.39251604676246643
aeeem_mylyn,static,xgboost,5,1,1179,0,0,0.11997110396623611
aeeem_mylyn,static,xgboost,5,1,1185,1,1,0.8143137097358704
aeeem_mylyn,static,xgboost,5,1,1195,0,0,0.12724381685256958
aeeem_mylyn,static,xgboost,5,1,1196,0,0,0.11135827004909515
aeeem_mylyn,static,xgboost,5,1,1199,0,0,0.15779370069503784
aeeem_mylyn,static,xgboost,5,1,1209,0,0,0.03262007236480713
aeeem_mylyn,static,xgboost,5,1,1213,0,0,0.09416596591472626
aeeem_mylyn,static,xgboost,5,1,1222,0,0,0.33131304383277893
aeeem_mylyn,static,xgboost,5,1,1228,0,0,0.06420476734638214
aeeem_mylyn,static,xgboost,5,1,1241,0,0,0.07790959626436234
aeeem_mylyn,static,xgboost,5,1,1242,0,0,0.23615433275699615
aeeem_mylyn,static,xgboost,5,1,1246,0,0,0.01966487430036068
aeeem_mylyn,static,xgboost,5,1,1252,0,0,0.09957608580589294
aeeem_mylyn,static,xgboost,5,1,1257,0,0,0.12862148880958557
aeeem_mylyn,static,xgboost,5,1,1258,0,0,0.43174320459365845
aeeem_mylyn,static,xgboost,5,1,1265,0,0,0.10475214570760727
aeeem_mylyn,static,xgboost,5,1,1268,1,1,0.5289841890335083
aeeem_mylyn,static,xgboost,5,1,1278,0,1,0.6746119260787964
aeeem_mylyn,static,xgboost,5,1,1283,1,0,0.2839895784854889
aeeem_mylyn,static,xgboost,5,1,1285,0,1,0.8183476328849792
aeeem_mylyn,static,xgboost,5,1,1287,1,1,0.5501987934112549
aeeem_mylyn,static,xgboost,5,1,1293,0,0,0.14590950310230255
aeeem_mylyn,static,xgboost,5,1,1295,0,0,0.12432119995355606
aeeem_mylyn,static,xgboost,5,1,1302,0,0,0.10863160341978073
aeeem_mylyn,static,xgboost,5,1,1305,0,0,0.26387834548950195
aeeem_mylyn,static,xgboost,5,1,1318,0,0,0.4063102900981903
aeeem_mylyn,static,xgboost,5,1,1324,0,0,0.037435516715049744
aeeem_mylyn,static,xgboost,5,1,1330,0,0,0.4811409115791321
aeeem_mylyn,static,xgboost,5,1,1340,0,0,0.19582217931747437
aeeem_mylyn,static,xgboost,5,1,1352,1,1,0.9253215789794922
aeeem_mylyn,static,xgboost,5,1,1362,0,0,0.07176027446985245
aeeem_mylyn,static,xgboost,5,1,1366,1,0,0.4241223931312561
aeeem_mylyn,static,xgboost,5,1,1368,0,0,0.04099927097558975
aeeem_mylyn,static,xgboost,5,1,1373,0,0,0.05110727995634079
aeeem_mylyn,static,xgboost,5,1,1379,1,1,0.7198851108551025
aeeem_mylyn,static,xgboost,5,1,1380,1,1,0.5804001688957214
aeeem_mylyn,static,xgboost,5,1,1382,0,0,0.10200107842683792
aeeem_mylyn,static,xgboost,5,1,1389,0,0,0.12499231100082397
aeeem_mylyn,static,xgboost,5,1,1392,0,0,0.2586401402950287
aeeem_mylyn,static,xgboost,5,1,1401,0,0,0.0520964041352272
aeeem_mylyn,static,xgboost,5,1,1403,0,0,0.08426681160926819
aeeem_mylyn,static,xgboost,5,1,1404,0,0,0.11964874714612961
aeeem_mylyn,static,xgboost,5,1,1408,0,0,0.025006255134940147
aeeem_mylyn,static,xgboost,5,1,1411,1,0,0.35119977593421936
aeeem_mylyn,static,xgboost,5,1,1422,0,0,0.14564044773578644
aeeem_mylyn,static,xgboost,5,1,1423,0,0,0.1242028996348381
aeeem_mylyn,static,xgboost,5,1,1425,0,0,0.2543089687824249
aeeem_mylyn,static,xgboost,5,1,1435,0,0,0.2650201618671417
aeeem_mylyn,static,xgboost,5,1,1439,0,0,0.023832427337765694
aeeem_mylyn,static,xgboost,5,1,1448,0,0,0.2965812385082245
aeeem_mylyn,static,xgboost,5,1,1449,0,0,0.32379794120788574
aeeem_mylyn,static,xgboost,5,1,1454,0,0,0.17661404609680176
aeeem_mylyn,static,xgboost,5,1,1461,1,1,0.9707014560699463
aeeem_mylyn,static,xgboost,5,1,1462,0,0,0.16155079007148743
aeeem_mylyn,static,xgboost,5,1,1463,0,0,0.3391420543193817
aeeem_mylyn,static,xgboost,5,1,1475,0,0,0.17920546233654022
aeeem_mylyn,static,xgboost,5,1,1479,0,0,0.11620056629180908
aeeem_mylyn,static,xgboost,5,1,1482,1,0,0.351837158203125
aeeem_mylyn,static,xgboost,5,1,1489,1,0,0.09988978505134583
aeeem_mylyn,static,xgboost,5,1,1492,0,0,0.44797855615615845
aeeem_mylyn,static,xgboost,5,1,1494,1,0,0.24205170571804047
aeeem_mylyn,static,xgboost,5,1,1496,0,0,0.06420476734638214
aeeem_mylyn,static,xgboost,5,1,1497,0,0,0.030141375958919525
aeeem_mylyn,static,xgboost,5,1,1501,0,1,0.652278482913971
aeeem_mylyn,static,xgboost,5,1,1502,0,0,0.27766889333724976
aeeem_mylyn,static,xgboost,5,1,1515,1,0,0.14704960584640503
aeeem_mylyn,static,xgboost,5,1,1521,0,0,0.2172553986310959
aeeem_mylyn,static,xgboost,5,1,1528,0,1,0.802769660949707
aeeem_mylyn,static,xgboost,5,1,1534,0,0,0.47813332080841064
aeeem_mylyn,static,xgboost,5,1,1538,0,1,0.5179774761199951
aeeem_mylyn,static,xgboost,5,1,1539,0,0,0.06759516149759293
aeeem_mylyn,static,xgboost,5,1,1543,0,0,0.21120384335517883
aeeem_mylyn,static,xgboost,5,1,1547,0,0,0.10466112196445465
aeeem_mylyn,static,xgboost,5,1,1552,0,0,0.12064583599567413
aeeem_mylyn,static,xgboost,5,1,1563,0,0,0.38358137011528015
aeeem_mylyn,static,xgboost,5,1,1566,0,0,0.3082870543003082
aeeem_mylyn,static,xgboost,5,1,1576,1,1,0.9325888752937317
aeeem_mylyn,static,xgboost,5,1,1578,0,0,0.04625604301691055
aeeem_mylyn,static,xgboost,5,1,1588,0,0,0.09126825630664825
aeeem_mylyn,static,xgboost,5,1,1592,0,0,0.08049904555082321
aeeem_mylyn,static,xgboost,5,1,1595,0,0,0.18899503350257874
aeeem_mylyn,static,xgboost,5,1,1597,0,0,0.11821725964546204
aeeem_mylyn,static,xgboost,5,1,1598,0,0,0.176073357462883
aeeem_mylyn,static,xgboost,5,1,1601,0,0,0.32458651065826416
aeeem_mylyn,static,xgboost,5,1,1603,0,1,0.7440325021743774
aeeem_mylyn,static,xgboost,5,1,1605,0,0,0.4347519278526306
aeeem_mylyn,static,xgboost,5,1,1612,0,1,0.5579099059104919
aeeem_mylyn,static,xgboost,5,1,1614,0,0,0.09965364634990692
aeeem_mylyn,static,xgboost,5,1,1615,0,0,0.04018809646368027
aeeem_mylyn,static,xgboost,5,1,1630,1,0,0.40078794956207275
aeeem_mylyn,static,xgboost,5,1,1635,0,0,0.12329840660095215
aeeem_mylyn,static,xgboost,5,1,1668,1,1,0.7751696109771729
aeeem_mylyn,static,xgboost,5,1,1676,1,0,0.24913495779037476
aeeem_mylyn,static,xgboost,5,1,1678,0,0,0.3761158585548401
aeeem_mylyn,static,xgboost,5,1,1688,0,0,0.021037159487605095
aeeem_mylyn,static,xgboost,5,1,1704,0,0,0.1967902034521103
aeeem_mylyn,static,xgboost,5,1,1712,0,0,0.18929250538349152
aeeem_mylyn,static,xgboost,5,1,1713,0,0,0.09912130236625671
aeeem_mylyn,static,xgboost,5,1,1716,0,0,0.21676409244537354
aeeem_mylyn,static,xgboost,5,1,1718,0,0,0.3134928345680237
aeeem_mylyn,static,xgboost,5,1,1720,0,0,0.3871370851993561
aeeem_mylyn,static,xgboost,5,1,1733,0,0,0.39639800786972046
aeeem_mylyn,static,xgboost,5,1,1734,0,0,0.06174110621213913
aeeem_mylyn,static,xgboost,5,1,1739,0,0,0.16037406027317047
aeeem_mylyn,static,xgboost,5,1,1741,0,1,0.6090824604034424
aeeem_mylyn,static,xgboost,5,1,1747,0,0,0.13968414068222046
aeeem_mylyn,static,xgboost,5,1,1754,0,0,0.24238725006580353
aeeem_mylyn,static,xgboost,5,1,1757,0,0,0.4013916254043579
aeeem_mylyn,static,xgboost,5,1,1758,0,0,0.365385502576828
aeeem_mylyn,static,xgboost,5,1,1771,0,0,0.04195788502693176
aeeem_mylyn,static,xgboost,5,1,1772,0,0,0.1715898960828781
aeeem_mylyn,static,xgboost,5,1,1780,0,0,0.026240138337016106
aeeem_mylyn,static,xgboost,5,1,1784,1,0,0.07852496951818466
aeeem_mylyn,static,xgboost,5,1,1786,1,1,0.8616992831230164
aeeem_mylyn,static,xgboost,5,1,1789,0,0,0.24931322038173676
aeeem_mylyn,static,xgboost,5,1,1790,0,0,0.0851641520857811
aeeem_mylyn,static,xgboost,5,1,1791,0,0,0.128407284617424
aeeem_mylyn,static,xgboost,5,1,1796,0,0,0.0947694182395935
aeeem_mylyn,static,xgboost,5,1,1798,0,0,0.021295102313160896
aeeem_mylyn,static,xgboost,5,1,1812,0,0,0.05990907549858093
aeeem_mylyn,static,xgboost,5,1,1822,0,0,0.16497650742530823
aeeem_mylyn,static,xgboost,5,1,1823,0,0,0.10649358481168747
aeeem_mylyn,static,xgboost,5,1,1828,0,0,0.03851700946688652
aeeem_mylyn,static,xgboost,5,1,1831,1,1,0.8368103504180908
aeeem_mylyn,static,xgboost,5,1,1835,1,0,0.19938597083091736
aeeem_mylyn,static,xgboost,5,1,1842,0,0,0.03821363300085068
aeeem_mylyn,static,xgboost,5,1,1846,0,0,0.07470142841339111
aeeem_mylyn,static,xgboost,5,1,1852,0,0,0.12476028501987457
aeeem_mylyn,static,xgboost,5,2,1,0,1,0.5620958209037781
aeeem_mylyn,static,xgboost,5,2,3,0,0,0.1720847487449646
aeeem_mylyn,static,xgboost,5,2,4,0,0,0.020051445811986923
aeeem_mylyn,static,xgboost,5,2,10,0,0,0.19517065584659576
aeeem_mylyn,static,xgboost,5,2,14,0,0,0.1296864002943039
aeeem_mylyn,static,xgboost,5,2,16,0,0,0.10797189921140671
aeeem_mylyn,static,xgboost,5,2,23,0,0,0.21005107462406158
aeeem_mylyn,static,xgboost,5,2,25,0,1,0.787641704082489
aeeem_mylyn,static,xgboost,5,2,27,0,0,0.005035795737057924
aeeem_mylyn,static,xgboost,5,2,30,1,0,0.4913278818130493
aeeem_mylyn,static,xgboost,5,2,34,0,0,0.21570754051208496
aeeem_mylyn,static,xgboost,5,2,41,0,1,0.737317681312561
aeeem_mylyn,static,xgboost,5,2,42,0,1,0.5962281227111816
aeeem_mylyn,static,xgboost,5,2,44,0,0,0.09041552990674973
aeeem_mylyn,static,xgboost,5,2,45,0,1,0.6999449729919434
aeeem_mylyn,static,xgboost,5,2,55,0,0,0.2926398515701294
aeeem_mylyn,static,xgboost,5,2,57,0,0,0.4827355146408081
aeeem_mylyn,static,xgboost,5,2,58,0,0,0.35772180557250977
aeeem_mylyn,static,xgboost,5,2,60,1,1,0.5569384694099426
aeeem_mylyn,static,xgboost,5,2,61,0,0,0.20902766287326813
aeeem_mylyn,static,xgboost,5,2,70,0,0,0.3972683548927307
aeeem_mylyn,static,xgboost,5,2,84,0,0,0.2442745566368103
aeeem_mylyn,static,xgboost,5,2,88,0,0,0.07280489057302475
aeeem_mylyn,static,xgboost,5,2,93,0,0,0.206667959690094
aeeem_mylyn,static,xgboost,5,2,95,0,0,0.03903856873512268
aeeem_mylyn,static,xgboost,5,2,99,1,0,0.2385682612657547
aeeem_mylyn,static,xgboost,5,2,102,0,0,0.11843569576740265
aeeem_mylyn,static,xgboost,5,2,111,1,1,0.6134439706802368
aeeem_mylyn,static,xgboost,5,2,118,0,0,0.4730622172355652
aeeem_mylyn,static,xgboost,5,2,119,0,0,0.32225263118743896
aeeem_mylyn,static,xgboost,5,2,120,0,0,0.33589068055152893
aeeem_mylyn,static,xgboost,5,2,122,0,0,0.10611072182655334
aeeem_mylyn,static,xgboost,5,2,125,0,0,0.19121722877025604
aeeem_mylyn,static,xgboost,5,2,127,0,0,0.07455392926931381
aeeem_mylyn,static,xgboost,5,2,128,0,0,0.12457194179296494
aeeem_mylyn,static,xgboost,5,2,132,0,0,0.4467300772666931
aeeem_mylyn,static,xgboost,5,2,135,0,0,0.04876048117876053
aeeem_mylyn,static,xgboost,5,2,142,0,0,0.00724386889487505
aeeem_mylyn,static,xgboost,5,2,143,0,0,0.0672837644815445
aeeem_mylyn,static,xgboost,5,2,148,0,0,0.11509982496500015
aeeem_mylyn,static,xgboost,5,2,155,0,0,0.05289896950125694
aeeem_mylyn,static,xgboost,5,2,156,1,0,0.25325942039489746
aeeem_mylyn,static,xgboost,5,2,166,0,0,0.2560678720474243
aeeem_mylyn,static,xgboost,5,2,168,0,0,0.3548499643802643
aeeem_mylyn,static,xgboost,5,2,172,0,0,0.2205483615398407
aeeem_mylyn,static,xgboost,5,2,173,1,0,0.31753700971603394
aeeem_mylyn,static,xgboost,5,2,181,0,1,0.6892022490501404
aeeem_mylyn,static,xgboost,5,2,183,0,0,0.05109182000160217
aeeem_mylyn,static,xgboost,5,2,190,0,0,0.47528353333473206
aeeem_mylyn,static,xgboost,5,2,193,0,0,0.028289100155234337
aeeem_mylyn,static,xgboost,5,2,195,0,1,0.6402231454849243
aeeem_mylyn,static,xgboost,5,2,198,0,0,0.011573799885809422
aeeem_mylyn,static,xgboost,5,2,199,1,0,0.23966620862483978
aeeem_mylyn,static,xgboost,5,2,202,0,0,0.25378718972206116
aeeem_mylyn,static,xgboost,5,2,212,0,1,0.5295956134796143
aeeem_mylyn,static,xgboost,5,2,214,0,0,0.1182134747505188
aeeem_mylyn,static,xgboost,5,2,215,0,0,0.11433037370443344
aeeem_mylyn,static,xgboost,5,2,217,1,1,0.8648751974105835
aeeem_mylyn,static,xgboost,5,2,221,0,1,0.5166822671890259
aeeem_mylyn,static,xgboost,5,2,229,0,0,0.2637956440448761
aeeem_mylyn,static,xgboost,5,2,232,0,0,0.09750425815582275
aeeem_mylyn,static,xgboost,5,2,239,1,1,0.8635045886039734
aeeem_mylyn,static,xgboost,5,2,242,0,0,0.1215108186006546
aeeem_mylyn,static,xgboost,5,2,246,0,0,0.07280489057302475
aeeem_mylyn,static,xgboost,5,2,249,0,0,0.37002283334732056
aeeem_mylyn,static,xgboost,5,2,250,0,1,0.822817325592041
aeeem_mylyn,static,xgboost,5,2,253,0,1,0.7523636817932129
aeeem_mylyn,static,xgboost,5,2,258,0,0,0.023721959441900253
aeeem_mylyn,static,xgboost,5,2,259,0,0,0.08389991521835327
aeeem_mylyn,static,xgboost,5,2,267,0,0,0.06829872727394104
aeeem_mylyn,static,xgboost,5,2,274,0,0,0.11657820641994476
aeeem_mylyn,static,xgboost,5,2,278,0,1,0.7217866778373718
aeeem_mylyn,static,xgboost,5,2,280,0,0,0.4209563732147217
aeeem_mylyn,static,xgboost,5,2,285,0,1,0.7988877296447754
aeeem_mylyn,static,xgboost,5,2,288,0,0,0.08065558224916458
aeeem_mylyn,static,xgboost,5,2,303,0,0,0.1440238356590271
aeeem_mylyn,static,xgboost,5,2,304,0,1,0.5215833187103271
aeeem_mylyn,static,xgboost,5,2,305,0,0,0.3515385389328003
aeeem_mylyn,static,xgboost,5,2,306,0,1,0.856440544128418
aeeem_mylyn,static,xgboost,5,2,307,0,0,0.12286484241485596
aeeem_mylyn,static,xgboost,5,2,315,0,0,0.3700428307056427
aeeem_mylyn,static,xgboost,5,2,317,1,0,0.41186007857322693
aeeem_mylyn,static,xgboost,5,2,319,0,0,0.18679434061050415
aeeem_mylyn,static,xgboost,5,2,323,0,0,0.07280489057302475
aeeem_mylyn,static,xgboost,5,2,329,1,1,0.856440544128418
aeeem_mylyn,static,xgboost,5,2,336,0,0,0.05651131272315979
aeeem_mylyn,static,xgboost,5,2,338,1,1,0.5512697696685791
aeeem_mylyn,static,xgboost,5,2,342,0,0,0.14694498479366302
aeeem_mylyn,static,xgboost,5,2,344,0,0,0.20492509007453918
aeeem_mylyn,static,xgboost,5,2,347,0,0,0.012055625207722187
aeeem_mylyn,static,xgboost,5,2,349,0,1,0.856440544128418
aeeem_mylyn,static,xgboost,5,2,357,1,1,0.8715857267379761
aeeem_mylyn,static,xgboost,5,2,363,0,0,0.2004302740097046
aeeem_mylyn,static,xgboost,5,2,371,0,0,0.07453060895204544
aeeem_mylyn,static,xgboost,5,2,374,0,1,0.864482581615448
aeeem_mylyn,static,xgboost,5,2,376,0,0,0.057709164917469025
aeeem_mylyn,static,xgboost,5,2,384,0,1,0.7462767958641052
aeeem_mylyn,static,xgboost,5,2,389,0,0,0.044730789959430695
aeeem_mylyn,static,xgboost,5,2,410,0,0,0.09205880016088486
aeeem_mylyn,static,xgboost,5,2,416,0,0,0.08268099278211594
aeeem_mylyn,static,xgboost,5,2,428,0,0,0.04620528593659401
aeeem_mylyn,static,xgboost,5,2,437,0,0,0.16889004409313202
aeeem_mylyn,static,xgboost,5,2,451,0,0,0.1882070004940033
aeeem_mylyn,static,xgboost,5,2,452,0,1,0.8541311025619507
aeeem_mylyn,static,xgboost,5,2,456,0,1,0.7090111970901489
aeeem_mylyn,static,xgboost,5,2,461,0,0,0.1883668303489685
aeeem_mylyn,static,xgboost,5,2,464,0,0,0.04422551766037941
aeeem_mylyn,static,xgboost,5,2,473,0,0,0.06145336106419563
aeeem_mylyn,static,xgboost,5,2,475,1,0,0.044285278767347336
aeeem_mylyn,static,xgboost,5,2,481,0,0,0.2035088837146759
aeeem_mylyn,static,xgboost,5,2,484,0,0,0.114739790558815
aeeem_mylyn,static,xgboost,5,2,490,0,0,0.32092708349227905
aeeem_mylyn,static,xgboost,5,2,494,0,0,0.07280489057302475
aeeem_mylyn,static,xgboost,5,2,495,1,1,0.5380223393440247
aeeem_mylyn,static,xgboost,5,2,501,0,0,0.15728510916233063
aeeem_mylyn,static,xgboost,5,2,502,0,0,0.11968522518873215
aeeem_mylyn,static,xgboost,5,2,510,0,0,0.08227815479040146
aeeem_mylyn,static,xgboost,5,2,511,0,1,0.5532057285308838
aeeem_mylyn,static,xgboost,5,2,517,0,0,0.023613378405570984
aeeem_mylyn,static,xgboost,5,2,522,0,1,0.856440544128418
aeeem_mylyn,static,xgboost,5,2,524,0,0,0.23047052323818207
aeeem_mylyn,static,xgboost,5,2,528,1,1,0.8541311025619507
aeeem_mylyn,static,xgboost,5,2,529,0,0,0.20855849981307983
aeeem_mylyn,static,xgboost,5,2,531,0,0,0.1431303173303604
aeeem_mylyn,static,xgboost,5,2,532,0,0,0.18861974775791168
aeeem_mylyn,static,xgboost,5,2,538,0,0,0.2205483615398407
aeeem_mylyn,static,xgboost,5,2,539,0,0,0.03237151354551315
aeeem_mylyn,static,xgboost,5,2,546,0,0,0.022958777844905853
aeeem_mylyn,static,xgboost,5,2,550,0,1,0.6070964932441711
aeeem_mylyn,static,xgboost,5,2,556,1,0,0.4084415137767792
aeeem_mylyn,static,xgboost,5,2,558,0,0,0.237020343542099
aeeem_mylyn,static,xgboost,5,2,569,0,0,0.01810157671570778
aeeem_mylyn,static,xgboost,5,2,577,1,1,0.5064881443977356
aeeem_mylyn,static,xgboost,5,2,579,0,0,0.03539254888892174
aeeem_mylyn,static,xgboost,5,2,581,0,0,0.1607286036014557
aeeem_mylyn,static,xgboost,5,2,584,0,0,0.09041552990674973
aeeem_mylyn,static,xgboost,5,2,587,1,1,0.7171861529350281
aeeem_mylyn,static,xgboost,5,2,590,0,0,0.03819979727268219
aeeem_mylyn,static,xgboost,5,2,597,0,0,0.0031500435434281826
aeeem_mylyn,static,xgboost,5,2,604,0,0,0.11504224687814713
aeeem_mylyn,static,xgboost,5,2,605,0,0,0.21336640417575836
aeeem_mylyn,static,xgboost,5,2,612,1,1,0.7967755794525146
aeeem_mylyn,static,xgboost,5,2,615,0,0,0.08247463405132294
aeeem_mylyn,static,xgboost,5,2,616,0,0,0.24202992022037506
aeeem_mylyn,static,xgboost,5,2,620,0,0,0.08147455006837845
aeeem_mylyn,static,xgboost,5,2,625,0,0,0.09457913041114807
aeeem_mylyn,static,xgboost,5,2,635,1,0,0.15482592582702637
aeeem_mylyn,static,xgboost,5,2,636,0,0,0.17243409156799316
aeeem_mylyn,static,xgboost,5,2,645,0,0,0.030997034162282944
aeeem_mylyn,static,xgboost,5,2,646,0,0,0.49105730652809143
aeeem_mylyn,static,xgboost,5,2,651,0,1,0.7043359279632568
aeeem_mylyn,static,xgboost,5,2,653,1,0,0.06535257399082184
aeeem_mylyn,static,xgboost,5,2,654,0,0,0.14375156164169312
aeeem_mylyn,static,xgboost,5,2,655,0,0,0.03678466007113457
aeeem_mylyn,static,xgboost,5,2,660,0,0,0.15825839340686798
aeeem_mylyn,static,xgboost,5,2,664,0,0,0.1517970860004425
aeeem_mylyn,static,xgboost,5,2,665,0,0,0.46539929509162903
aeeem_mylyn,static,xgboost,5,2,668,0,1,0.5014995336532593
aeeem_mylyn,static,xgboost,5,2,669,1,0,0.13815192878246307
aeeem_mylyn,static,xgboost,5,2,671,0,0,0.09575016796588898
aeeem_mylyn,static,xgboost,5,2,673,0,0,0.1516110599040985
aeeem_mylyn,static,xgboost,5,2,677,0,0,0.1457047015428543
aeeem_mylyn,static,xgboost,5,2,680,0,0,0.44637396931648254
aeeem_mylyn,static,xgboost,5,2,681,0,0,0.04917975515127182
aeeem_mylyn,static,xgboost,5,2,695,0,0,0.015137906186282635
aeeem_mylyn,static,xgboost,5,2,712,0,1,0.6753339767456055
aeeem_mylyn,static,xgboost,5,2,713,0,0,0.04104647785425186
aeeem_mylyn,static,xgboost,5,2,720,0,0,0.10756213963031769
aeeem_mylyn,static,xgboost,5,2,721,0,0,0.04580605402588844
aeeem_mylyn,static,xgboost,5,2,722,0,0,0.028485825285315514
aeeem_mylyn,static,xgboost,5,2,726,1,1,0.7939777970314026
aeeem_mylyn,static,xgboost,5,2,732,0,0,0.04110007733106613
aeeem_mylyn,static,xgboost,5,2,745,0,0,0.012632179073989391
aeeem_mylyn,static,xgboost,5,2,749,0,0,0.12525543570518494
aeeem_mylyn,static,xgboost,5,2,755,0,0,0.24014684557914734
aeeem_mylyn,static,xgboost,5,2,756,0,0,0.332811564207077
aeeem_mylyn,static,xgboost,5,2,765,0,0,0.1429341584444046
aeeem_mylyn,static,xgboost,5,2,767,0,0,0.1452605128288269
aeeem_mylyn,static,xgboost,5,2,768,0,0,0.23436181247234344
aeeem_mylyn,static,xgboost,5,2,774,0,0,0.21310965716838837
aeeem_mylyn,static,xgboost,5,2,778,0,0,0.0589875765144825
aeeem_mylyn,static,xgboost,5,2,781,0,0,0.10707150399684906
aeeem_mylyn,static,xgboost,5,2,790,1,1,0.6250728964805603
aeeem_mylyn,static,xgboost,5,2,791,1,1,0.7398881912231445
aeeem_mylyn,static,xgboost,5,2,796,0,1,0.8674162030220032
aeeem_mylyn,static,xgboost,5,2,801,0,0,0.12938742339611053
aeeem_mylyn,static,xgboost,5,2,803,0,0,0.1285250335931778
aeeem_mylyn,static,xgboost,5,2,809,0,0,0.014922679401934147
aeeem_mylyn,static,xgboost,5,2,810,0,0,0.23733781278133392
aeeem_mylyn,static,xgboost,5,2,812,0,0,0.3624002933502197
aeeem_mylyn,static,xgboost,5,2,813,0,0,0.1597173511981964
aeeem_mylyn,static,xgboost,5,2,821,1,1,0.7918544411659241
aeeem_mylyn,static,xgboost,5,2,827,0,0,0.11425149440765381
aeeem_mylyn,static,xgboost,5,2,828,0,0,0.18737833201885223
aeeem_mylyn,static,xgboost,5,2,835,0,0,0.20494481921195984
aeeem_mylyn,static,xgboost,5,2,836,1,1,0.8909310698509216
aeeem_mylyn,static,xgboost,5,2,839,1,1,0.5320526361465454
aeeem_mylyn,static,xgboost,5,2,849,0,0,0.14381150901317596
aeeem_mylyn,static,xgboost,5,2,853,0,0,0.2724591791629791
aeeem_mylyn,static,xgboost,5,2,857,0,0,0.1726982742547989
aeeem_mylyn,static,xgboost,5,2,858,0,0,0.3773505687713623
aeeem_mylyn,static,xgboost,5,2,865,0,0,0.12226184457540512
aeeem_mylyn,static,xgboost,5,2,876,1,0,0.43631574511528015
aeeem_mylyn,static,xgboost,5,2,878,0,0,0.05427534878253937
aeeem_mylyn,static,xgboost,5,2,883,0,0,0.017137734219431877
aeeem_mylyn,static,xgboost,5,2,887,0,1,0.669668972492218
aeeem_mylyn,static,xgboost,5,2,888,0,0,0.20055033266544342
aeeem_mylyn,static,xgboost,5,2,891,0,0,0.3838993310928345
aeeem_mylyn,static,xgboost,5,2,906,0,1,0.5867491960525513
aeeem_mylyn,static,xgboost,5,2,911,0,0,0.10175912827253342
aeeem_mylyn,static,xgboost,5,2,913,0,0,0.18995830416679382
aeeem_mylyn,static,xgboost,5,2,915,0,0,0.34210333228111267
aeeem_mylyn,static,xgboost,5,2,928,1,1,0.709863543510437
aeeem_mylyn,static,xgboost,5,2,930,0,0,0.18455597758293152
aeeem_mylyn,static,xgboost,5,2,931,0,0,0.09347525238990784
aeeem_mylyn,static,xgboost,5,2,947,0,0,0.04954749718308449
aeeem_mylyn,static,xgboost,5,2,949,0,1,0.5251262784004211
aeeem_mylyn,static,xgboost,5,2,953,1,1,0.685278058052063
aeeem_mylyn,static,xgboost,5,2,956,1,0,0.3945385217666626
aeeem_mylyn,static,xgboost,5,2,965,0,1,0.5462541580200195
aeeem_mylyn,static,xgboost,5,2,967,0,0,0.009939754381775856
aeeem_mylyn,static,xgboost,5,2,971,0,0,0.10106615722179413
aeeem_mylyn,static,xgboost,5,2,974,0,0,0.08691594004631042
aeeem_mylyn,static,xgboost,5,2,984,0,0,0.07044344395399094
aeeem_mylyn,static,xgboost,5,2,987,0,0,0.44984719157218933
aeeem_mylyn,static,xgboost,5,2,997,1,0,0.1358308643102646
aeeem_mylyn,static,xgboost,5,2,1004,0,0,0.15597932040691376
aeeem_mylyn,static,xgboost,5,2,1005,1,1,0.8484715819358826
aeeem_mylyn,static,xgboost,5,2,1026,0,0,0.010063240304589272
aeeem_mylyn,static,xgboost,5,2,1027,0,0,0.47966161370277405
aeeem_mylyn,static,xgboost,5,2,1041,0,0,0.13058286905288696
aeeem_mylyn,static,xgboost,5,2,1047,0,0,0.4343966543674469
aeeem_mylyn,static,xgboost,5,2,1050,0,1,0.8043854236602783
aeeem_mylyn,static,xgboost,5,2,1056,0,0,0.3886392116546631
aeeem_mylyn,static,xgboost,5,2,1061,0,1,0.5674685835838318
aeeem_mylyn,static,xgboost,5,2,1078,0,0,0.08218636363744736
aeeem_mylyn,static,xgboost,5,2,1088,0,0,0.04849247261881828
aeeem_mylyn,static,xgboost,5,2,1094,0,0,0.3868904411792755
aeeem_mylyn,static,xgboost,5,2,1095,0,0,0.02254468761384487
aeeem_mylyn,static,xgboost,5,2,1098,0,0,0.06419440358877182
aeeem_mylyn,static,xgboost,5,2,1103,0,0,0.04871492087841034
aeeem_mylyn,static,xgboost,5,2,1110,0,0,0.1944083422422409
aeeem_mylyn,static,xgboost,5,2,1117,0,0,0.03671379014849663
aeeem_mylyn,static,xgboost,5,2,1133,0,0,0.16817399859428406
aeeem_mylyn,static,xgboost,5,2,1137,0,0,0.027789732441306114
aeeem_mylyn,static,xgboost,5,2,1149,0,0,0.4595116674900055
aeeem_mylyn,static,xgboost,5,2,1151,0,0,0.10860438644886017
aeeem_mylyn,static,xgboost,5,2,1153,0,1,0.7424902319908142
aeeem_mylyn,static,xgboost,5,2,1159,0,0,0.0413656160235405
aeeem_mylyn,static,xgboost,5,2,1161,0,0,0.1377258151769638
aeeem_mylyn,static,xgboost,5,2,1183,0,0,0.31445765495300293
aeeem_mylyn,static,xgboost,5,2,1186,0,1,0.6291034817695618
aeeem_mylyn,static,xgboost,5,2,1187,0,0,0.25058722496032715
aeeem_mylyn,static,xgboost,5,2,1192,0,0,0.24782170355319977
aeeem_mylyn,static,xgboost,5,2,1198,1,0,0.20646266639232635
aeeem_mylyn,static,xgboost,5,2,1204,1,1,0.8843638896942139
aeeem_mylyn,static,xgboost,5,2,1207,0,0,0.0012653827434405684
aeeem_mylyn,static,xgboost,5,2,1208,0,0,0.0982520803809166
aeeem_mylyn,static,xgboost,5,2,1215,0,0,0.4673807621002197
aeeem_mylyn,static,xgboost,5,2,1218,0,0,0.3980105221271515
aeeem_mylyn,static,xgboost,5,2,1230,0,0,0.10487080365419388
aeeem_mylyn,static,xgboost,5,2,1240,0,0,0.01717139594256878
aeeem_mylyn,static,xgboost,5,2,1243,1,1,0.7855173945426941
aeeem_mylyn,static,xgboost,5,2,1244,0,0,0.2503122389316559
aeeem_mylyn,static,xgboost,5,2,1245,0,0,0.43119096755981445
aeeem_mylyn,static,xgboost,5,2,1251,0,0,0.11928931623697281
aeeem_mylyn,static,xgboost,5,2,1267,0,0,0.13822214305400848
aeeem_mylyn,static,xgboost,5,2,1274,0,0,0.07280489057302475
aeeem_mylyn,static,xgboost,5,2,1277,0,0,0.01293472945690155
aeeem_mylyn,static,xgboost,5,2,1279,0,0,0.21996255218982697
aeeem_mylyn,static,xgboost,5,2,1282,0,0,0.45552629232406616
aeeem_mylyn,static,xgboost,5,2,1288,1,0,0.25443682074546814
aeeem_mylyn,static,xgboost,5,2,1292,0,0,0.14206238090991974
aeeem_mylyn,static,xgboost,5,2,1294,0,1,0.7240188717842102
aeeem_mylyn,static,xgboost,5,2,1306,0,0,0.21909171342849731
aeeem_mylyn,static,xgboost,5,2,1309,0,0,0.094241663813591
aeeem_mylyn,static,xgboost,5,2,1317,0,0,0.05278701335191727
aeeem_mylyn,static,xgboost,5,2,1319,0,0,0.45525041222572327
aeeem_mylyn,static,xgboost,5,2,1321,0,1,0.8084383010864258
aeeem_mylyn,static,xgboost,5,2,1322,0,0,0.45395854115486145
aeeem_mylyn,static,xgboost,5,2,1323,0,0,0.04723816737532616
aeeem_mylyn,static,xgboost,5,2,1346,0,0,0.08710378408432007
aeeem_mylyn,static,xgboost,5,2,1349,0,0,0.05150898918509483
aeeem_mylyn,static,xgboost,5,2,1350,0,0,0.12202824652194977
aeeem_mylyn,static,xgboost,5,2,1355,0,0,0.08056655526161194
aeeem_mylyn,static,xgboost,5,2,1356,0,0,0.0995158851146698
aeeem_mylyn,static,xgboost,5,2,1371,0,1,0.8997911214828491
aeeem_mylyn,static,xgboost,5,2,1372,0,0,0.09589491784572601
aeeem_mylyn,static,xgboost,5,2,1387,1,1,0.8419400453567505
aeeem_mylyn,static,xgboost,5,2,1396,0,0,0.1444716900587082
aeeem_mylyn,static,xgboost,5,2,1407,0,0,0.00528910756111145
aeeem_mylyn,static,xgboost,5,2,1409,1,1,0.7101083397865295
aeeem_mylyn,static,xgboost,5,2,1417,0,1,0.8118525147438049
aeeem_mylyn,static,xgboost,5,2,1420,0,0,0.36513054370880127
aeeem_mylyn,static,xgboost,5,2,1421,0,0,0.0699588879942894
aeeem_mylyn,static,xgboost,5,2,1429,0,0,0.22990137338638306
aeeem_mylyn,static,xgboost,5,2,1431,0,0,0.03608011081814766
aeeem_mylyn,static,xgboost,5,2,1438,0,0,0.10995231568813324
aeeem_mylyn,static,xgboost,5,2,1441,1,1,0.856440544128418
aeeem_mylyn,static,xgboost,5,2,1444,0,1,0.5757241249084473
aeeem_mylyn,static,xgboost,5,2,1446,0,0,0.040375966578722
aeeem_mylyn,static,xgboost,5,2,1459,0,0,0.12755019962787628
aeeem_mylyn,static,xgboost,5,2,1464,0,0,0.007530398201197386
aeeem_mylyn,static,xgboost,5,2,1466,1,1,0.8084383010864258
aeeem_mylyn,static,xgboost,5,2,1472,0,0,0.2069380283355713
aeeem_mylyn,static,xgboost,5,2,1474,0,0,0.18555361032485962
aeeem_mylyn,static,xgboost,5,2,1483,0,0,0.2528848648071289
aeeem_mylyn,static,xgboost,5,2,1499,0,0,0.10707150399684906
aeeem_mylyn,static,xgboost,5,2,1506,0,0,0.11901330202817917
aeeem_mylyn,static,xgboost,5,2,1511,0,0,0.027939924970269203
aeeem_mylyn,static,xgboost,5,2,1516,1,0,0.18474668264389038
aeeem_mylyn,static,xgboost,5,2,1530,0,0,0.10382208228111267
aeeem_mylyn,static,xgboost,5,2,1535,0,0,0.25301676988601685
aeeem_mylyn,static,xgboost,5,2,1540,0,0,0.05487680435180664
aeeem_mylyn,static,xgboost,5,2,1551,0,0,0.05467328429222107
aeeem_mylyn,static,xgboost,5,2,1559,0,0,0.49228179454803467
aeeem_mylyn,static,xgboost,5,2,1560,0,0,0.03045072965323925
aeeem_mylyn,static,xgboost,5,2,1567,0,0,0.20835967361927032
aeeem_mylyn,static,xgboost,5,2,1568,0,1,0.555340051651001
aeeem_mylyn,static,xgboost,5,2,1571,0,0,0.02014172449707985
aeeem_mylyn,static,xgboost,5,2,1573,0,0,0.19243545830249786
aeeem_mylyn,static,xgboost,5,2,1580,0,0,0.18032735586166382
aeeem_mylyn,static,xgboost,5,2,1585,0,0,0.1454058140516281
aeeem_mylyn,static,xgboost,5,2,1591,0,0,0.08515480160713196
aeeem_mylyn,static,xgboost,5,2,1600,0,0,0.08568689972162247
aeeem_mylyn,static,xgboost,5,2,1609,0,0,0.15190672874450684
aeeem_mylyn,static,xgboost,5,2,1613,0,1,0.6294125914573669
aeeem_mylyn,static,xgboost,5,2,1624,0,0,0.17455580830574036
aeeem_mylyn,static,xgboost,5,2,1641,0,0,0.05949156731367111
aeeem_mylyn,static,xgboost,5,2,1642,0,0,0.22378700971603394
aeeem_mylyn,static,xgboost,5,2,1657,0,0,0.047415751963853836
aeeem_mylyn,static,xgboost,5,2,1659,0,0,0.033018771559000015
aeeem_mylyn,static,xgboost,5,2,1661,0,0,0.11693599075078964
aeeem_mylyn,static,xgboost,5,2,1665,0,0,0.13649499416351318
aeeem_mylyn,static,xgboost,5,2,1669,0,0,0.47183653712272644
aeeem_mylyn,static,xgboost,5,2,1677,0,1,0.5960260629653931
aeeem_mylyn,static,xgboost,5,2,1680,1,1,0.856440544128418
aeeem_mylyn,static,xgboost,5,2,1681,0,0,0.08920955657958984
aeeem_mylyn,static,xgboost,5,2,1689,0,0,0.2443666309118271
aeeem_mylyn,static,xgboost,5,2,1692,0,0,0.4395110011100769
aeeem_mylyn,static,xgboost,5,2,1698,0,1,0.8903868794441223
aeeem_mylyn,static,xgboost,5,2,1699,0,0,0.16889004409313202
aeeem_mylyn,static,xgboost,5,2,1706,0,0,0.21205809712409973
aeeem_mylyn,static,xgboost,5,2,1707,0,0,0.01459102239459753
aeeem_mylyn,static,xgboost,5,2,1719,0,0,0.11425550282001495
aeeem_mylyn,static,xgboost,5,2,1721,0,0,0.21568772196769714
aeeem_mylyn,static,xgboost,5,2,1722,0,0,0.18198929727077484
aeeem_mylyn,static,xgboost,5,2,1723,0,0,0.20124875009059906
aeeem_mylyn,static,xgboost,5,2,1728,0,1,0.6218427419662476
aeeem_mylyn,static,xgboost,5,2,1731,0,0,0.11212499439716339
aeeem_mylyn,static,xgboost,5,2,1737,0,0,0.4269006550312042
aeeem_mylyn,static,xgboost,5,2,1738,0,1,0.8972033262252808
aeeem_mylyn,static,xgboost,5,2,1745,0,0,0.1324382722377777
aeeem_mylyn,static,xgboost,5,2,1751,0,0,0.020780598744750023
aeeem_mylyn,static,xgboost,5,2,1761,0,0,0.20199628174304962
aeeem_mylyn,static,xgboost,5,2,1765,0,0,0.28869515657424927
aeeem_mylyn,static,xgboost,5,2,1774,0,0,0.007377325557172298
aeeem_mylyn,static,xgboost,5,2,1783,0,0,0.20498588681221008
aeeem_mylyn,static,xgboost,5,2,1792,0,0,0.4236491322517395
aeeem_mylyn,static,xgboost,5,2,1793,0,0,0.2011590152978897
aeeem_mylyn,static,xgboost,5,2,1799,1,1,0.5988105535507202
aeeem_mylyn,static,xgboost,5,2,1800,0,0,0.058055028319358826
aeeem_mylyn,static,xgboost,5,2,1807,0,0,0.2576974034309387
aeeem_mylyn,static,xgboost,5,2,1808,1,1,0.6521175503730774
aeeem_mylyn,static,xgboost,5,2,1816,0,0,0.31596580147743225
aeeem_mylyn,static,xgboost,5,2,1818,0,0,0.10489767789840698
aeeem_mylyn,static,xgboost,5,2,1825,0,0,0.24653767049312592
aeeem_mylyn,static,xgboost,5,2,1832,0,1,0.7465708255767822
aeeem_mylyn,static,xgboost,5,2,1838,0,0,0.10489803552627563
aeeem_mylyn,static,xgboost,5,2,1848,0,0,0.20793543756008148
aeeem_mylyn,static,xgboost,5,2,1850,1,1,0.8809986114501953
aeeem_mylyn,static,xgboost,5,2,1851,0,0,0.4797399938106537
aeeem_mylyn,static,xgboost,5,2,1855,1,0,0.22175878286361694
aeeem_mylyn,static,xgboost,5,3,7,0,0,0.1131533831357956
aeeem_mylyn,static,xgboost,5,3,11,0,0,0.10554453730583191
aeeem_mylyn,static,xgboost,5,3,12,0,0,0.04169449582695961
aeeem_mylyn,static,xgboost,5,3,15,0,0,0.15447963774204254
aeeem_mylyn,static,xgboost,5,3,18,0,0,0.4711190462112427
aeeem_mylyn,static,xgboost,5,3,31,0,0,0.11548265069723129
aeeem_mylyn,static,xgboost,5,3,33,0,0,0.05653902888298035
aeeem_mylyn,static,xgboost,5,3,46,1,1,0.6475191712379456
aeeem_mylyn,static,xgboost,5,3,68,1,1,0.802439272403717
aeeem_mylyn,static,xgboost,5,3,79,0,0,0.3699347972869873
aeeem_mylyn,static,xgboost,5,3,89,0,0,0.22293834388256073
aeeem_mylyn,static,xgboost,5,3,96,0,0,0.09480871260166168
aeeem_mylyn,static,xgboost,5,3,98,0,0,0.26065170764923096
aeeem_mylyn,static,xgboost,5,3,101,0,0,0.12952058017253876
aeeem_mylyn,static,xgboost,5,3,103,0,0,0.34657618403434753
aeeem_mylyn,static,xgboost,5,3,104,0,0,0.07549689710140228
aeeem_mylyn,static,xgboost,5,3,105,0,0,0.016163447871804237
aeeem_mylyn,static,xgboost,5,3,115,1,1,0.8149285316467285
aeeem_mylyn,static,xgboost,5,3,121,0,0,0.26940810680389404
aeeem_mylyn,static,xgboost,5,3,130,0,0,0.2976817786693573
aeeem_mylyn,static,xgboost,5,3,133,1,0,0.4857772886753082
aeeem_mylyn,static,xgboost,5,3,136,0,1,0.9258520007133484
aeeem_mylyn,static,xgboost,5,3,137,0,0,0.012666119262576103
aeeem_mylyn,static,xgboost,5,3,138,0,0,0.17633184790611267
aeeem_mylyn,static,xgboost,5,3,139,0,0,0.2563496530056
aeeem_mylyn,static,xgboost,5,3,157,0,0,0.42540478706359863
aeeem_mylyn,static,xgboost,5,3,165,0,0,0.3100758194923401
aeeem_mylyn,static,xgboost,5,3,169,1,0,0.4904080927371979
aeeem_mylyn,static,xgboost,5,3,177,0,0,0.12114325165748596
aeeem_mylyn,static,xgboost,5,3,185,0,0,0.1468081921339035
aeeem_mylyn,static,xgboost,5,3,191,0,0,0.3345337510108948
aeeem_mylyn,static,xgboost,5,3,203,0,1,0.7377041578292847
aeeem_mylyn,static,xgboost,5,3,205,1,1,0.6722137331962585
aeeem_mylyn,static,xgboost,5,3,207,0,1,0.6396822929382324
aeeem_mylyn,static,xgboost,5,3,208,1,0,0.3458741009235382
aeeem_mylyn,static,xgboost,5,3,213,0,1,0.6451713442802429
aeeem_mylyn,static,xgboost,5,3,216,0,0,0.046695731580257416
aeeem_mylyn,static,xgboost,5,3,220,0,0,0.12536635994911194
aeeem_mylyn,static,xgboost,5,3,227,0,0,0.3818555772304535
aeeem_mylyn,static,xgboost,5,3,234,0,1,0.5407949090003967
aeeem_mylyn,static,xgboost,5,3,236,0,0,0.09052935242652893
aeeem_mylyn,static,xgboost,5,3,237,0,1,0.7853584885597229
aeeem_mylyn,static,xgboost,5,3,238,0,0,0.19453787803649902
aeeem_mylyn,static,xgboost,5,3,244,0,0,0.06176174059510231
aeeem_mylyn,static,xgboost,5,3,248,0,0,0.2525020241737366
aeeem_mylyn,static,xgboost,5,3,255,0,1,0.6434708833694458
aeeem_mylyn,static,xgboost,5,3,264,0,0,0.05511601269245148
aeeem_mylyn,static,xgboost,5,3,265,0,0,0.050605617463588715
aeeem_mylyn,static,xgboost,5,3,268,0,0,0.12706850469112396
aeeem_mylyn,static,xgboost,5,3,270,0,0,0.09546967595815659
aeeem_mylyn,static,xgboost,5,3,289,1,0,0.09419649839401245
aeeem_mylyn,static,xgboost,5,3,290,0,0,0.11480802297592163
aeeem_mylyn,static,xgboost,5,3,291,1,1,0.811829686164856
aeeem_mylyn,static,xgboost,5,3,309,0,0,0.2839386761188507
aeeem_mylyn,static,xgboost,5,3,310,0,0,0.45501622557640076
aeeem_mylyn,static,xgboost,5,3,312,0,0,0.3405030369758606
aeeem_mylyn,static,xgboost,5,3,313,0,0,0.09268519282341003
aeeem_mylyn,static,xgboost,5,3,314,0,0,0.09994081407785416
aeeem_mylyn,static,xgboost,5,3,321,0,0,0.02018609270453453
aeeem_mylyn,static,xgboost,5,3,340,0,0,0.08420659601688385
aeeem_mylyn,static,xgboost,5,3,359,0,0,0.15859322249889374
aeeem_mylyn,static,xgboost,5,3,366,0,0,0.22293834388256073
aeeem_mylyn,static,xgboost,5,3,377,0,0,0.04234331473708153
aeeem_mylyn,static,xgboost,5,3,390,0,0,0.0886981338262558
aeeem_mylyn,static,xgboost,5,3,395,0,0,0.013206220231950283
aeeem_mylyn,static,xgboost,5,3,396,0,0,0.4434848427772522
aeeem_mylyn,static,xgboost,5,3,398,0,0,0.03576197847723961
aeeem_mylyn,static,xgboost,5,3,408,0,0,0.07127940654754639
aeeem_mylyn,static,xgboost,5,3,411,0,0,0.15523749589920044
aeeem_mylyn,static,xgboost,5,3,417,0,0,0.23739691078662872
aeeem_mylyn,static,xgboost,5,3,420,0,1,0.7907520532608032
aeeem_mylyn,static,xgboost,5,3,425,0,0,0.3170118033885956
aeeem_mylyn,static,xgboost,5,3,440,0,0,0.15505710244178772
aeeem_mylyn,static,xgboost,5,3,447,0,1,0.5848602056503296
aeeem_mylyn,static,xgboost,5,3,449,0,0,0.15756262838840485
aeeem_mylyn,static,xgboost,5,3,453,0,0,0.16917993128299713
aeeem_mylyn,static,xgboost,5,3,455,1,0,0.22672051191329956
aeeem_mylyn,static,xgboost,5,3,459,1,1,0.7181675434112549
aeeem_mylyn,static,xgboost,5,3,462,0,0,0.09161680191755295
aeeem_mylyn,static,xgboost,5,3,479,0,0,0.22875069081783295
aeeem_mylyn,static,xgboost,5,3,485,0,0,0.01147580984979868
aeeem_mylyn,static,xgboost,5,3,498,1,0,0.38287144899368286
aeeem_mylyn,static,xgboost,5,3,500,0,1,0.6207594275474548
aeeem_mylyn,static,xgboost,5,3,503,0,0,0.113832026720047
aeeem_mylyn,static,xgboost,5,3,504,0,0,0.22293834388256073
aeeem_mylyn,static,xgboost,5,3,507,0,1,0.5428987145423889
aeeem_mylyn,static,xgboost,5,3,508,0,0,0.1537971794605255
aeeem_mylyn,static,xgboost,5,3,512,0,0,0.04990625008940697
aeeem_mylyn,static,xgboost,5,3,535,0,1,0.660266637802124
aeeem_mylyn,static,xgboost,5,3,537,0,0,0.41597744822502136
aeeem_mylyn,static,xgboost,5,3,540,0,0,0.06876136362552643
aeeem_mylyn,static,xgboost,5,3,543,1,0,0.37908628582954407
aeeem_mylyn,static,xgboost,5,3,545,1,0,0.2112491875886917
aeeem_mylyn,static,xgboost,5,3,552,1,1,0.7295106649398804
aeeem_mylyn,static,xgboost,5,3,557,1,1,0.8459307551383972
aeeem_mylyn,static,xgboost,5,3,561,1,0,0.14462122321128845
aeeem_mylyn,static,xgboost,5,3,562,0,0,0.08089277893304825
aeeem_mylyn,static,xgboost,5,3,566,0,0,0.11266504228115082
aeeem_mylyn,static,xgboost,5,3,572,0,0,0.06533120572566986
aeeem_mylyn,static,xgboost,5,3,574,0,0,0.13032910227775574
aeeem_mylyn,static,xgboost,5,3,575,0,0,0.0712207779288292
aeeem_mylyn,static,xgboost,5,3,578,0,0,0.038285501301288605
aeeem_mylyn,static,xgboost,5,3,580,0,0,0.217328742146492
aeeem_mylyn,static,xgboost,5,3,588,0,1,0.8023996949195862
aeeem_mylyn,static,xgboost,5,3,591,0,0,0.040978893637657166
aeeem_mylyn,static,xgboost,5,3,592,0,0,0.04853203520178795
aeeem_mylyn,static,xgboost,5,3,601,0,0,0.015497295185923576
aeeem_mylyn,static,xgboost,5,3,602,1,0,0.36086535453796387
aeeem_mylyn,static,xgboost,5,3,606,0,0,0.427268385887146
aeeem_mylyn,static,xgboost,5,3,607,1,0,0.42813822627067566
aeeem_mylyn,static,xgboost,5,3,609,0,0,0.03277812898159027
aeeem_mylyn,static,xgboost,5,3,610,0,0,0.05653902888298035
aeeem_mylyn,static,xgboost,5,3,618,0,1,0.7760401964187622
aeeem_mylyn,static,xgboost,5,3,621,0,0,0.12015322595834732
aeeem_mylyn,static,xgboost,5,3,632,0,0,0.10009017586708069
aeeem_mylyn,static,xgboost,5,3,634,0,0,0.029334237799048424
aeeem_mylyn,static,xgboost,5,3,638,0,0,0.08089277893304825
aeeem_mylyn,static,xgboost,5,3,639,0,0,0.15118663012981415
aeeem_mylyn,static,xgboost,5,3,649,0,0,0.13555140793323517
aeeem_mylyn,static,xgboost,5,3,657,0,0,0.050807394087314606
aeeem_mylyn,static,xgboost,5,3,672,0,0,0.12930066883563995
aeeem_mylyn,static,xgboost,5,3,678,0,0,0.0849408209323883
aeeem_mylyn,static,xgboost,5,3,685,0,0,0.3839987516403198
aeeem_mylyn,static,xgboost,5,3,691,0,0,0.027775252237915993
aeeem_mylyn,static,xgboost,5,3,697,1,0,0.33907678723335266
aeeem_mylyn,static,xgboost,5,3,702,0,0,0.12641310691833496
aeeem_mylyn,static,xgboost,5,3,704,0,1,0.6689277291297913
aeeem_mylyn,static,xgboost,5,3,711,0,0,0.1321590393781662
aeeem_mylyn,static,xgboost,5,3,714,0,0,0.19829565286636353
aeeem_mylyn,static,xgboost,5,3,719,0,0,0.45668652653694153
aeeem_mylyn,static,xgboost,5,3,727,0,0,0.05976542457938194
aeeem_mylyn,static,xgboost,5,3,728,0,0,0.06687770038843155
aeeem_mylyn,static,xgboost,5,3,733,0,0,0.24034567177295685
aeeem_mylyn,static,xgboost,5,3,743,0,0,0.0298652034252882
aeeem_mylyn,static,xgboost,5,3,746,0,0,0.16179624199867249
aeeem_mylyn,static,xgboost,5,3,757,0,0,0.08621764928102493
aeeem_mylyn,static,xgboost,5,3,760,0,0,0.0632375106215477
aeeem_mylyn,static,xgboost,5,3,773,0,0,0.07084321975708008
aeeem_mylyn,static,xgboost,5,3,785,1,0,0.22693434357643127
aeeem_mylyn,static,xgboost,5,3,788,0,0,0.05406287685036659
aeeem_mylyn,static,xgboost,5,3,789,0,0,0.047668732702732086
aeeem_mylyn,static,xgboost,5,3,794,0,1,0.9192776679992676
aeeem_mylyn,static,xgboost,5,3,798,0,0,0.18178628385066986
aeeem_mylyn,static,xgboost,5,3,799,0,0,0.45176488161087036
aeeem_mylyn,static,xgboost,5,3,805,0,0,0.1692618876695633
aeeem_mylyn,static,xgboost,5,3,806,0,0,0.26369431614875793
aeeem_mylyn,static,xgboost,5,3,814,0,0,0.10794304311275482
aeeem_mylyn,static,xgboost,5,3,817,0,0,0.21055904030799866
aeeem_mylyn,static,xgboost,5,3,819,1,1,0.513726532459259
aeeem_mylyn,static,xgboost,5,3,823,1,0,0.46820929646492004
aeeem_mylyn,static,xgboost,5,3,825,0,1,0.6799572110176086
aeeem_mylyn,static,xgboost,5,3,830,1,1,0.8577859401702881
aeeem_mylyn,static,xgboost,5,3,832,1,0,0.43035629391670227
aeeem_mylyn,static,xgboost,5,3,834,0,0,0.1196884885430336
aeeem_mylyn,static,xgboost,5,3,837,0,0,0.05478189140558243
aeeem_mylyn,static,xgboost,5,3,838,0,0,0.03703426942229271
aeeem_mylyn,static,xgboost,5,3,847,0,0,0.13834773004055023
aeeem_mylyn,static,xgboost,5,3,855,0,0,0.21522121131420135
aeeem_mylyn,static,xgboost,5,3,863,0,0,0.15031155943870544
aeeem_mylyn,static,xgboost,5,3,864,0,0,0.13280430436134338
aeeem_mylyn,static,xgboost,5,3,868,1,1,0.8281006217002869
aeeem_mylyn,static,xgboost,5,3,869,0,0,0.1070367693901062
aeeem_mylyn,static,xgboost,5,3,875,0,0,0.06173654645681381
aeeem_mylyn,static,xgboost,5,3,879,0,0,0.06553349643945694
aeeem_mylyn,static,xgboost,5,3,880,0,0,0.15520906448364258
aeeem_mylyn,static,xgboost,5,3,881,0,0,0.2870334982872009
aeeem_mylyn,static,xgboost,5,3,893,0,0,0.24940429627895355
aeeem_mylyn,static,xgboost,5,3,899,0,0,0.46071821451187134
aeeem_mylyn,static,xgboost,5,3,908,0,0,0.13453133404254913
aeeem_mylyn,static,xgboost,5,3,910,0,0,0.11300447583198547
aeeem_mylyn,static,xgboost,5,3,916,0,0,0.040541525930166245
aeeem_mylyn,static,xgboost,5,3,917,0,0,0.2886192500591278
aeeem_mylyn,static,xgboost,5,3,919,0,0,0.347249299287796
aeeem_mylyn,static,xgboost,5,3,924,0,0,0.10533849895000458
aeeem_mylyn,static,xgboost,5,3,929,0,0,0.12458140403032303
aeeem_mylyn,static,xgboost,5,3,932,0,0,0.028957068920135498
aeeem_mylyn,static,xgboost,5,3,941,0,0,0.08048023283481598
aeeem_mylyn,static,xgboost,5,3,944,0,0,0.02641015127301216
aeeem_mylyn,static,xgboost,5,3,951,1,0,0.22347776591777802
aeeem_mylyn,static,xgboost,5,3,954,0,0,0.4134642779827118
aeeem_mylyn,static,xgboost,5,3,955,1,1,0.61257004737854
aeeem_mylyn,static,xgboost,5,3,959,0,0,0.16026407480239868
aeeem_mylyn,static,xgboost,5,3,966,0,0,0.0039567057974636555
aeeem_mylyn,static,xgboost,5,3,975,0,0,0.30715465545654297
aeeem_mylyn,static,xgboost,5,3,977,0,0,0.04856163635849953
aeeem_mylyn,static,xgboost,5,3,980,0,0,0.3025674819946289
aeeem_mylyn,static,xgboost,5,3,983,1,1,0.5305172801017761
aeeem_mylyn,static,xgboost,5,3,1000,0,0,0.32464540004730225
aeeem_mylyn,static,xgboost,5,3,1001,1,1,0.5678030848503113
aeeem_mylyn,static,xgboost,5,3,1002,0,0,0.37648141384124756
aeeem_mylyn,static,xgboost,5,3,1003,0,0,0.06920478492975235
aeeem_mylyn,static,xgboost,5,3,1010,0,0,0.3322785496711731
aeeem_mylyn,static,xgboost,5,3,1015,0,0,0.3280465304851532
aeeem_mylyn,static,xgboost,5,3,1023,0,0,0.43865296244621277
aeeem_mylyn,static,xgboost,5,3,1028,0,0,0.13494861125946045
aeeem_mylyn,static,xgboost,5,3,1030,0,0,0.15758715569972992
aeeem_mylyn,static,xgboost,5,3,1039,0,0,0.1429879516363144
aeeem_mylyn,static,xgboost,5,3,1043,0,0,0.03227609395980835
aeeem_mylyn,static,xgboost,5,3,1048,0,0,0.07813780754804611
aeeem_mylyn,static,xgboost,5,3,1049,0,0,0.11817257851362228
aeeem_mylyn,static,xgboost,5,3,1051,0,0,0.18678709864616394
aeeem_mylyn,static,xgboost,5,3,1052,0,0,0.010027984157204628
aeeem_mylyn,static,xgboost,5,3,1063,0,0,0.08504480868577957
aeeem_mylyn,static,xgboost,5,3,1065,0,0,0.2166842818260193
aeeem_mylyn,static,xgboost,5,3,1070,0,0,0.150415301322937
aeeem_mylyn,static,xgboost,5,3,1071,0,1,0.741847038269043
aeeem_mylyn,static,xgboost,5,3,1091,0,0,0.22009478509426117
aeeem_mylyn,static,xgboost,5,3,1093,0,0,0.19147105515003204
aeeem_mylyn,static,xgboost,5,3,1099,0,0,0.016908103600144386
aeeem_mylyn,static,xgboost,5,3,1100,0,0,0.283062219619751
aeeem_mylyn,static,xgboost,5,3,1104,0,0,0.17919130623340607
aeeem_mylyn,static,xgboost,5,3,1109,0,0,0.1444932371377945
aeeem_mylyn,static,xgboost,5,3,1111,0,0,0.07011689245700836
aeeem_mylyn,static,xgboost,5,3,1113,0,0,0.14396820962429047
aeeem_mylyn,static,xgboost,5,3,1115,0,0,0.05256151780486107
aeeem_mylyn,static,xgboost,5,3,1116,0,0,0.0850958377122879
aeeem_mylyn,static,xgboost,5,3,1120,0,0,0.05051589757204056
aeeem_mylyn,static,xgboost,5,3,1127,1,0,0.15541081130504608
aeeem_mylyn,static,xgboost,5,3,1130,0,0,0.19093650579452515
aeeem_mylyn,static,xgboost,5,3,1134,0,0,0.09857244044542313
aeeem_mylyn,static,xgboost,5,3,1135,0,1,0.6416521072387695
aeeem_mylyn,static,xgboost,5,3,1136,0,0,0.27946484088897705
aeeem_mylyn,static,xgboost,5,3,1140,0,0,0.053751781582832336
aeeem_mylyn,static,xgboost,5,3,1142,0,0,0.01788713037967682
aeeem_mylyn,static,xgboost,5,3,1169,0,1,0.8459307551383972
aeeem_mylyn,static,xgboost,5,3,1172,0,0,0.4027639329433441
aeeem_mylyn,static,xgboost,5,3,1176,0,0,0.042788367718458176
aeeem_mylyn,static,xgboost,5,3,1180,0,0,0.15393394231796265
aeeem_mylyn,static,xgboost,5,3,1182,0,0,0.02243630401790142
aeeem_mylyn,static,xgboost,5,3,1189,0,0,0.05476955696940422
aeeem_mylyn,static,xgboost,5,3,1190,0,0,0.11953128129243851
aeeem_mylyn,static,xgboost,5,3,1194,0,1,0.6453208327293396
aeeem_mylyn,static,xgboost,5,3,1197,0,0,0.4010855555534363
aeeem_mylyn,static,xgboost,5,3,1201,0,0,0.023857679218053818
aeeem_mylyn,static,xgboost,5,3,1212,0,0,0.21435613930225372
aeeem_mylyn,static,xgboost,5,3,1214,0,0,0.2185945063829422
aeeem_mylyn,static,xgboost,5,3,1216,0,0,0.06103963777422905
aeeem_mylyn,static,xgboost,5,3,1220,0,0,0.2778599262237549
aeeem_mylyn,static,xgboost,5,3,1221,0,0,0.49249395728111267
aeeem_mylyn,static,xgboost,5,3,1223,0,0,0.10587414354085922
aeeem_mylyn,static,xgboost,5,3,1226,0,0,0.22412218153476715
aeeem_mylyn,static,xgboost,5,3,1231,0,1,0.7047610878944397
aeeem_mylyn,static,xgboost,5,3,1232,0,0,0.026164516806602478
aeeem_mylyn,static,xgboost,5,3,1235,0,0,0.14215515553951263
aeeem_mylyn,static,xgboost,5,3,1237,0,0,0.12012942880392075
aeeem_mylyn,static,xgboost,5,3,1238,0,0,0.2697005867958069
aeeem_mylyn,static,xgboost,5,3,1239,0,1,0.6061655282974243
aeeem_mylyn,static,xgboost,5,3,1253,0,0,0.06109476089477539
aeeem_mylyn,static,xgboost,5,3,1259,0,0,0.14125493168830872
aeeem_mylyn,static,xgboost,5,3,1264,0,1,0.6464919447898865
aeeem_mylyn,static,xgboost,5,3,1266,0,0,0.13442197442054749
aeeem_mylyn,static,xgboost,5,3,1270,0,0,0.07682877033948898
aeeem_mylyn,static,xgboost,5,3,1271,0,0,0.1589185744524002
aeeem_mylyn,static,xgboost,5,3,1273,0,0,0.4715593457221985
aeeem_mylyn,static,xgboost,5,3,1276,0,1,0.6022863984107971
aeeem_mylyn,static,xgboost,5,3,1281,0,0,0.15866899490356445
aeeem_mylyn,static,xgboost,5,3,1286,0,0,0.4186204671859741
aeeem_mylyn,static,xgboost,5,3,1291,0,0,0.3291923403739929
aeeem_mylyn,static,xgboost,5,3,1297,0,0,0.36086535453796387
aeeem_mylyn,static,xgboost,5,3,1300,0,1,0.7667832970619202
aeeem_mylyn,static,xgboost,5,3,1301,0,1,0.6514327526092529
aeeem_mylyn,static,xgboost,5,3,1303,0,0,0.28309932351112366
aeeem_mylyn,static,xgboost,5,3,1311,0,0,0.047739069908857346
aeeem_mylyn,static,xgboost,5,3,1314,0,0,0.19235503673553467
aeeem_mylyn,static,xgboost,5,3,1325,0,0,0.0888611301779747
aeeem_mylyn,static,xgboost,5,3,1335,1,1,0.7142565846443176
aeeem_mylyn,static,xgboost,5,3,1337,0,0,0.24184152483940125
aeeem_mylyn,static,xgboost,5,3,1345,0,0,0.08420659601688385
aeeem_mylyn,static,xgboost,5,3,1347,0,0,0.36256131529808044
aeeem_mylyn,static,xgboost,5,3,1354,0,0,0.3156541883945465
aeeem_mylyn,static,xgboost,5,3,1360,0,1,0.7792559266090393
aeeem_mylyn,static,xgboost,5,3,1361,1,0,0.36667171120643616
aeeem_mylyn,static,xgboost,5,3,1363,0,0,0.01963941752910614
aeeem_mylyn,static,xgboost,5,3,1365,1,0,0.22908687591552734
aeeem_mylyn,static,xgboost,5,3,1367,0,0,0.030182231217622757
aeeem_mylyn,static,xgboost,5,3,1369,0,0,0.2170773148536682
aeeem_mylyn,static,xgboost,5,3,1374,0,0,0.1546970009803772
aeeem_mylyn,static,xgboost,5,3,1375,0,0,0.12115123122930527
aeeem_mylyn,static,xgboost,5,3,1376,0,0,0.005009436048567295
aeeem_mylyn,static,xgboost,5,3,1378,1,1,0.8459040522575378
aeeem_mylyn,static,xgboost,5,3,1381,0,0,0.2600858509540558
aeeem_mylyn,static,xgboost,5,3,1385,0,0,0.025219416245818138
aeeem_mylyn,static,xgboost,5,3,1386,0,0,0.11764007806777954
aeeem_mylyn,static,xgboost,5,3,1395,1,1,0.5655661821365356
aeeem_mylyn,static,xgboost,5,3,1399,0,0,0.11531785130500793
aeeem_mylyn,static,xgboost,5,3,1413,0,0,0.10031607747077942
aeeem_mylyn,static,xgboost,5,3,1414,0,0,0.05068626254796982
aeeem_mylyn,static,xgboost,5,3,1419,0,0,0.2857251763343811
aeeem_mylyn,static,xgboost,5,3,1424,0,0,0.0993097722530365
aeeem_mylyn,static,xgboost,5,3,1426,0,0,0.16759663820266724
aeeem_mylyn,static,xgboost,5,3,1427,0,1,0.5546043515205383
aeeem_mylyn,static,xgboost,5,3,1430,0,0,0.3475942015647888
aeeem_mylyn,static,xgboost,5,3,1432,0,0,0.1789705753326416
aeeem_mylyn,static,xgboost,5,3,1437,0,0,0.10085868090391159
aeeem_mylyn,static,xgboost,5,3,1440,0,0,0.36094287037849426
aeeem_mylyn,static,xgboost,5,3,1443,0,0,0.2519282400608063
aeeem_mylyn,static,xgboost,5,3,1445,0,0,0.14407789707183838
aeeem_mylyn,static,xgboost,5,3,1451,0,0,0.027240492403507233
aeeem_mylyn,static,xgboost,5,3,1460,1,1,0.8595238327980042
aeeem_mylyn,static,xgboost,5,3,1465,1,0,0.07783081382513046
aeeem_mylyn,static,xgboost,5,3,1477,1,0,0.4934917688369751
aeeem_mylyn,static,xgboost,5,3,1484,0,0,0.03581950068473816
aeeem_mylyn,static,xgboost,5,3,1488,0,1,0.8297402262687683
aeeem_mylyn,static,xgboost,5,3,1490,1,0,0.0604269877076149
aeeem_mylyn,static,xgboost,5,3,1493,1,1,0.8459307551383972
aeeem_mylyn,static,xgboost,5,3,1495,0,0,0.4970887303352356
aeeem_mylyn,static,xgboost,5,3,1503,0,0,0.0547981858253479
aeeem_mylyn,static,xgboost,5,3,1509,0,1,0.6620029211044312
aeeem_mylyn,static,xgboost,5,3,1520,0,0,0.22293834388256073
aeeem_mylyn,static,xgboost,5,3,1522,0,1,0.5248394012451172
aeeem_mylyn,static,xgboost,5,3,1524,0,0,0.14913704991340637
aeeem_mylyn,static,xgboost,5,3,1526,0,0,0.038419559597969055
aeeem_mylyn,static,xgboost,5,3,1527,0,0,0.1226574257016182
aeeem_mylyn,static,xgboost,5,3,1554,0,0,0.11123529821634293
aeeem_mylyn,static,xgboost,5,3,1557,0,0,0.3038829565048218
aeeem_mylyn,static,xgboost,5,3,1565,1,0,0.3588501214981079
aeeem_mylyn,static,xgboost,5,3,1572,0,0,0.23599612712860107
aeeem_mylyn,static,xgboost,5,3,1574,1,1,0.6887556910514832
aeeem_mylyn,static,xgboost,5,3,1581,0,0,0.17657144367694855
aeeem_mylyn,static,xgboost,5,3,1583,0,1,0.7694897651672363
aeeem_mylyn,static,xgboost,5,3,1586,1,1,0.7518097162246704
aeeem_mylyn,static,xgboost,5,3,1593,0,0,0.06139453873038292
aeeem_mylyn,static,xgboost,5,3,1596,0,0,0.3804660737514496
aeeem_mylyn,static,xgboost,5,3,1604,0,0,0.043097659945487976
aeeem_mylyn,static,xgboost,5,3,1611,0,0,0.10370032489299774
aeeem_mylyn,static,xgboost,5,3,1616,0,0,0.059697821736335754
aeeem_mylyn,static,xgboost,5,3,1618,0,1,0.6991254687309265
aeeem_mylyn,static,xgboost,5,3,1628,0,0,0.253312349319458
aeeem_mylyn,static,xgboost,5,3,1636,0,0,0.36828821897506714
aeeem_mylyn,static,xgboost,5,3,1637,0,1,0.5206982493400574
aeeem_mylyn,static,xgboost,5,3,1645,1,0,0.12134088575839996
aeeem_mylyn,static,xgboost,5,3,1656,0,0,0.24340741336345673
aeeem_mylyn,static,xgboost,5,3,1660,0,0,0.09548697620630264
aeeem_mylyn,static,xgboost,5,3,1672,0,0,0.33791643381118774
aeeem_mylyn,static,xgboost,5,3,1684,0,0,0.20666807889938354
aeeem_mylyn,static,xgboost,5,3,1685,0,0,0.07072858512401581
aeeem_mylyn,static,xgboost,5,3,1686,0,0,0.31062051653862
aeeem_mylyn,static,xgboost,5,3,1690,0,0,0.05237347260117531
aeeem_mylyn,static,xgboost,5,3,1691,0,0,0.034985415637493134
aeeem_mylyn,static,xgboost,5,3,1693,0,0,0.1978374719619751
aeeem_mylyn,static,xgboost,5,3,1697,1,1,0.5318554639816284
aeeem_mylyn,static,xgboost,5,3,1701,0,0,0.1385592818260193
aeeem_mylyn,static,xgboost,5,3,1702,0,1,0.9681978821754456
aeeem_mylyn,static,xgboost,5,3,1703,0,0,0.44672027230262756
aeeem_mylyn,static,xgboost,5,3,1705,0,0,0.030392266809940338
aeeem_mylyn,static,xgboost,5,3,1710,0,0,0.04396757110953331
aeeem_mylyn,static,xgboost,5,3,1711,0,0,0.4338039755821228
aeeem_mylyn,static,xgboost,5,3,1732,1,0,0.4150114357471466
aeeem_mylyn,static,xgboost,5,3,1740,0,0,0.17026585340499878
aeeem_mylyn,static,xgboost,5,3,1742,0,0,0.1648271232843399
aeeem_mylyn,static,xgboost,5,3,1744,0,0,0.09923513233661652
aeeem_mylyn,static,xgboost,5,3,1746,0,0,0.050780631601810455
aeeem_mylyn,static,xgboost,5,3,1753,0,0,0.22293834388256073
aeeem_mylyn,static,xgboost,5,3,1756,1,1,0.8555338978767395
aeeem_mylyn,static,xgboost,5,3,1759,1,1,0.8252755999565125
aeeem_mylyn,static,xgboost,5,3,1760,0,0,0.16229726374149323
aeeem_mylyn,static,xgboost,5,3,1762,0,0,0.16640996932983398
aeeem_mylyn,static,xgboost,5,3,1773,0,0,0.029249640181660652
aeeem_mylyn,static,xgboost,5,3,1782,0,0,0.03066587634384632
aeeem_mylyn,static,xgboost,5,3,1787,0,0,0.362155556678772
aeeem_mylyn,static,xgboost,5,3,1797,0,0,0.13050441443920135
aeeem_mylyn,static,xgboost,5,3,1804,0,0,0.08799088001251221
aeeem_mylyn,static,xgboost,5,3,1810,0,0,0.14321404695510864
aeeem_mylyn,static,xgboost,5,3,1811,0,1,0.8577859401702881
aeeem_mylyn,static,xgboost,5,3,1814,0,0,0.13830973207950592
aeeem_mylyn,static,xgboost,5,3,1820,0,0,0.15747259557247162
aeeem_mylyn,static,xgboost,5,3,1821,0,0,0.29600727558135986
aeeem_mylyn,static,xgboost,5,3,1829,0,1,0.7464095950126648
aeeem_mylyn,static,xgboost,5,3,1833,0,0,0.006449516862630844
aeeem_mylyn,static,xgboost,5,3,1839,0,0,0.05210015922784805
aeeem_mylyn,static,xgboost,5,3,1843,0,1,0.8395746946334839
aeeem_mylyn,static,xgboost,5,3,1858,0,0,0.04389156773686409
aeeem_mylyn,static,xgboost,5,4,2,0,0,0.039466094225645065
aeeem_mylyn,static,xgboost,5,4,5,0,0,0.03271900862455368
aeeem_mylyn,static,xgboost,5,4,8,0,0,0.36487632989883423
aeeem_mylyn,static,xgboost,5,4,38,0,0,0.06834820657968521
aeeem_mylyn,static,xgboost,5,4,39,0,0,0.11110279709100723
aeeem_mylyn,static,xgboost,5,4,40,1,1,0.8651087284088135
aeeem_mylyn,static,xgboost,5,4,49,0,1,0.5119444727897644
aeeem_mylyn,static,xgboost,5,4,50,0,0,0.23748552799224854
aeeem_mylyn,static,xgboost,5,4,56,1,0,0.39809897541999817
aeeem_mylyn,static,xgboost,5,4,64,0,0,0.41184669733047485
aeeem_mylyn,static,xgboost,5,4,65,0,0,0.12305407226085663
aeeem_mylyn,static,xgboost,5,4,66,0,0,0.03920411318540573
aeeem_mylyn,static,xgboost,5,4,67,0,1,0.8492984175682068
aeeem_mylyn,static,xgboost,5,4,71,0,0,0.07210757583379745
aeeem_mylyn,static,xgboost,5,4,72,0,0,0.3197615444660187
aeeem_mylyn,static,xgboost,5,4,73,0,0,0.11939137428998947
aeeem_mylyn,static,xgboost,5,4,80,0,1,0.9512185454368591
aeeem_mylyn,static,xgboost,5,4,85,0,0,0.44464969635009766
aeeem_mylyn,static,xgboost,5,4,87,0,0,0.15297773480415344
aeeem_mylyn,static,xgboost,5,4,92,0,0,0.044082365930080414
aeeem_mylyn,static,xgboost,5,4,97,0,0,0.23874452710151672
aeeem_mylyn,static,xgboost,5,4,100,0,0,0.4273725748062134
aeeem_mylyn,static,xgboost,5,4,106,0,0,0.14529652893543243
aeeem_mylyn,static,xgboost,5,4,108,0,0,0.2988373935222626
aeeem_mylyn,static,xgboost,5,4,109,0,0,0.008717588149011135
aeeem_mylyn,static,xgboost,5,4,113,1,0,0.3184601962566376
aeeem_mylyn,static,xgboost,5,4,117,0,0,0.47531595826148987
aeeem_mylyn,static,xgboost,5,4,124,0,0,0.19487476348876953
aeeem_mylyn,static,xgboost,5,4,126,0,0,0.0297256913036108
aeeem_mylyn,static,xgboost,5,4,145,0,0,0.27318480610847473
aeeem_mylyn,static,xgboost,5,4,146,0,0,0.260365754365921
aeeem_mylyn,static,xgboost,5,4,149,0,1,0.5952988266944885
aeeem_mylyn,static,xgboost,5,4,150,0,0,0.039178330451250076
aeeem_mylyn,static,xgboost,5,4,159,0,0,0.09103282541036606
aeeem_mylyn,static,xgboost,5,4,163,0,0,0.15417146682739258
aeeem_mylyn,static,xgboost,5,4,175,0,0,0.026490652933716774
aeeem_mylyn,static,xgboost,5,4,178,0,0,0.04438530281186104
aeeem_mylyn,static,xgboost,5,4,182,0,0,0.049263592809438705
aeeem_mylyn,static,xgboost,5,4,189,0,0,0.1895209699869156
aeeem_mylyn,static,xgboost,5,4,194,0,0,0.22208917140960693
aeeem_mylyn,static,xgboost,5,4,206,0,0,0.07145573198795319
aeeem_mylyn,static,xgboost,5,4,209,1,1,0.8287439942359924
aeeem_mylyn,static,xgboost,5,4,218,0,0,0.12570342421531677
aeeem_mylyn,static,xgboost,5,4,222,1,1,0.8552824854850769
aeeem_mylyn,static,xgboost,5,4,224,0,1,0.7148727178573608
aeeem_mylyn,static,xgboost,5,4,230,0,0,0.08452923595905304
aeeem_mylyn,static,xgboost,5,4,240,0,0,0.026481222361326218
aeeem_mylyn,static,xgboost,5,4,256,0,0,0.08026769012212753
aeeem_mylyn,static,xgboost,5,4,269,0,0,0.013677154667675495
aeeem_mylyn,static,xgboost,5,4,271,0,0,0.24388140439987183
aeeem_mylyn,static,xgboost,5,4,272,1,1,0.6633256077766418
aeeem_mylyn,static,xgboost,5,4,275,0,0,0.36988890171051025
aeeem_mylyn,static,xgboost,5,4,276,0,0,0.14570316672325134
aeeem_mylyn,static,xgboost,5,4,282,0,0,0.08152096718549728
aeeem_mylyn,static,xgboost,5,4,284,0,0,0.08162438869476318
aeeem_mylyn,static,xgboost,5,4,286,0,0,0.4075453281402588
aeeem_mylyn,static,xgboost,5,4,287,0,0,0.28855136036872864
aeeem_mylyn,static,xgboost,5,4,292,0,0,0.40333762764930725
aeeem_mylyn,static,xgboost,5,4,293,0,0,0.0822797417640686
aeeem_mylyn,static,xgboost,5,4,299,0,0,0.11610027402639389
aeeem_mylyn,static,xgboost,5,4,316,1,1,0.9204332828521729
aeeem_mylyn,static,xgboost,5,4,318,0,0,0.016126221045851707
aeeem_mylyn,static,xgboost,5,4,322,0,0,0.4705353379249573
aeeem_mylyn,static,xgboost,5,4,328,0,0,0.041019316762685776
aeeem_mylyn,static,xgboost,5,4,331,0,0,0.07566244155168533
aeeem_mylyn,static,xgboost,5,4,333,0,0,0.05094735696911812
aeeem_mylyn,static,xgboost,5,4,334,0,0,0.17242424190044403
aeeem_mylyn,static,xgboost,5,4,337,1,0,0.2074803113937378
aeeem_mylyn,static,xgboost,5,4,346,0,0,0.1276814192533493
aeeem_mylyn,static,xgboost,5,4,353,0,0,0.052122559398412704
aeeem_mylyn,static,xgboost,5,4,355,0,0,0.4481590986251831
aeeem_mylyn,static,xgboost,5,4,356,0,0,0.41784119606018066
aeeem_mylyn,static,xgboost,5,4,358,0,0,0.04088515043258667
aeeem_mylyn,static,xgboost,5,4,362,0,1,0.6411527395248413
aeeem_mylyn,static,xgboost,5,4,370,0,0,0.10162929445505142
aeeem_mylyn,static,xgboost,5,4,378,0,0,0.08141498267650604
aeeem_mylyn,static,xgboost,5,4,381,0,0,0.12301348149776459
aeeem_mylyn,static,xgboost,5,4,385,0,0,0.461984783411026
aeeem_mylyn,static,xgboost,5,4,386,0,1,0.5144460797309875
aeeem_mylyn,static,xgboost,5,4,387,0,0,0.03601904958486557
aeeem_mylyn,static,xgboost,5,4,388,0,0,0.1267426759004593
aeeem_mylyn,static,xgboost,5,4,391,0,0,0.03995869308710098
aeeem_mylyn,static,xgboost,5,4,392,0,0,0.02477727271616459
aeeem_mylyn,static,xgboost,5,4,394,0,0,0.06321736425161362
aeeem_mylyn,static,xgboost,5,4,401,0,0,0.003360731527209282
aeeem_mylyn,static,xgboost,5,4,402,0,0,0.08971211314201355
aeeem_mylyn,static,xgboost,5,4,404,0,0,0.14918379485607147
aeeem_mylyn,static,xgboost,5,4,405,0,1,0.5346582531929016
aeeem_mylyn,static,xgboost,5,4,412,0,0,0.34789109230041504
aeeem_mylyn,static,xgboost,5,4,413,1,0,0.43024763464927673
aeeem_mylyn,static,xgboost,5,4,419,0,0,0.11013732105493546
aeeem_mylyn,static,xgboost,5,4,424,0,0,0.16383269429206848
aeeem_mylyn,static,xgboost,5,4,430,0,0,0.013681297190487385
aeeem_mylyn,static,xgboost,5,4,433,1,0,0.014840764924883842
aeeem_mylyn,static,xgboost,5,4,435,0,0,0.05110401660203934
aeeem_mylyn,static,xgboost,5,4,436,0,0,0.3047814667224884
aeeem_mylyn,static,xgboost,5,4,445,1,0,0.34923428297042847
aeeem_mylyn,static,xgboost,5,4,446,0,0,0.127942755818367
aeeem_mylyn,static,xgboost,5,4,450,1,0,0.3769865334033966
aeeem_mylyn,static,xgboost,5,4,460,0,0,0.0278779324144125
aeeem_mylyn,static,xgboost,5,4,468,0,0,0.20625466108322144
aeeem_mylyn,static,xgboost,5,4,470,0,0,0.018091917037963867
aeeem_mylyn,static,xgboost,5,4,477,0,0,0.17699652910232544
aeeem_mylyn,static,xgboost,5,4,478,0,1,0.657077431678772
aeeem_mylyn,static,xgboost,5,4,497,0,0,0.3539522588253021
aeeem_mylyn,static,xgboost,5,4,499,0,0,0.09427332133054733
aeeem_mylyn,static,xgboost,5,4,513,0,1,0.621120810508728
aeeem_mylyn,static,xgboost,5,4,514,1,0,0.24185357987880707
aeeem_mylyn,static,xgboost,5,4,518,0,0,0.24151521921157837
aeeem_mylyn,static,xgboost,5,4,523,0,0,0.09803731739521027
aeeem_mylyn,static,xgboost,5,4,525,0,0,0.11991046369075775
aeeem_mylyn,static,xgboost,5,4,533,0,0,0.3411715626716614
aeeem_mylyn,static,xgboost,5,4,536,0,0,0.17659598588943481
aeeem_mylyn,static,xgboost,5,4,541,1,1,0.7207432985305786
aeeem_mylyn,static,xgboost,5,4,544,0,0,0.1952708512544632
aeeem_mylyn,static,xgboost,5,4,547,0,0,0.39655300974845886
aeeem_mylyn,static,xgboost,5,4,549,0,0,0.25081396102905273
aeeem_mylyn,static,xgboost,5,4,554,0,0,0.03159961849451065
aeeem_mylyn,static,xgboost,5,4,559,0,0,0.11423862725496292
aeeem_mylyn,static,xgboost,5,4,565,0,1,0.6116405129432678
aeeem_mylyn,static,xgboost,5,4,571,0,0,0.4626274108886719
aeeem_mylyn,static,xgboost,5,4,583,0,0,0.05127144604921341
aeeem_mylyn,static,xgboost,5,4,585,0,0,0.24831914901733398
aeeem_mylyn,static,xgboost,5,4,589,1,0,0.2511429786682129
aeeem_mylyn,static,xgboost,5,4,594,0,0,0.3969477415084839
aeeem_mylyn,static,xgboost,5,4,600,1,0,0.14625641703605652
aeeem_mylyn,static,xgboost,5,4,611,0,0,0.11174483597278595
aeeem_mylyn,static,xgboost,5,4,617,0,0,0.09255941212177277
aeeem_mylyn,static,xgboost,5,4,619,1,0,0.33793988823890686
aeeem_mylyn,static,xgboost,5,4,623,0,0,0.1847025454044342
aeeem_mylyn,static,xgboost,5,4,630,0,0,0.17036263644695282
aeeem_mylyn,static,xgboost,5,4,631,0,1,0.5961095094680786
aeeem_mylyn,static,xgboost,5,4,633,0,0,0.040820907801389694
aeeem_mylyn,static,xgboost,5,4,641,0,0,0.17297977209091187
aeeem_mylyn,static,xgboost,5,4,656,0,0,0.41302359104156494
aeeem_mylyn,static,xgboost,5,4,667,0,0,0.10252971202135086
aeeem_mylyn,static,xgboost,5,4,675,0,0,0.02153819240629673
aeeem_mylyn,static,xgboost,5,4,676,0,0,0.09103282541036606
aeeem_mylyn,static,xgboost,5,4,683,0,0,0.1304759979248047
aeeem_mylyn,static,xgboost,5,4,686,0,0,0.06467480212450027
aeeem_mylyn,static,xgboost,5,4,687,0,0,0.13200999796390533
aeeem_mylyn,static,xgboost,5,4,688,0,0,0.2295883446931839
aeeem_mylyn,static,xgboost,5,4,690,0,0,0.13610605895519257
aeeem_mylyn,static,xgboost,5,4,696,0,0,0.08025477826595306
aeeem_mylyn,static,xgboost,5,4,703,0,1,0.7993323802947998
aeeem_mylyn,static,xgboost,5,4,716,0,0,0.18216288089752197
aeeem_mylyn,static,xgboost,5,4,718,0,0,0.2771677076816559
aeeem_mylyn,static,xgboost,5,4,725,0,0,0.10727831721305847
aeeem_mylyn,static,xgboost,5,4,730,1,1,0.8552824854850769
aeeem_mylyn,static,xgboost,5,4,735,0,0,0.1180431917309761
aeeem_mylyn,static,xgboost,5,4,736,0,0,0.11110279709100723
aeeem_mylyn,static,xgboost,5,4,741,0,1,0.5833866596221924
aeeem_mylyn,static,xgboost,5,4,742,0,0,0.006511314306408167
aeeem_mylyn,static,xgboost,5,4,747,0,0,0.29880809783935547
aeeem_mylyn,static,xgboost,5,4,748,0,0,0.008717588149011135
aeeem_mylyn,static,xgboost,5,4,754,0,0,0.04859776049852371
aeeem_mylyn,static,xgboost,5,4,759,0,0,0.09657784551382065
aeeem_mylyn,static,xgboost,5,4,764,0,1,0.6345050930976868
aeeem_mylyn,static,xgboost,5,4,779,0,0,0.02153819240629673
aeeem_mylyn,static,xgboost,5,4,786,0,0,0.28865545988082886
aeeem_mylyn,static,xgboost,5,4,792,1,0,0.29285478591918945
aeeem_mylyn,static,xgboost,5,4,793,0,0,0.3314639925956726
aeeem_mylyn,static,xgboost,5,4,808,0,0,0.069622702896595
aeeem_mylyn,static,xgboost,5,4,815,0,0,0.33909961581230164
aeeem_mylyn,static,xgboost,5,4,820,0,1,0.5757924318313599
aeeem_mylyn,static,xgboost,5,4,822,0,0,0.024109309539198875
aeeem_mylyn,static,xgboost,5,4,824,0,0,0.0679638460278511
aeeem_mylyn,static,xgboost,5,4,833,0,0,0.37630900740623474
aeeem_mylyn,static,xgboost,5,4,845,1,0,0.42988529801368713
aeeem_mylyn,static,xgboost,5,4,846,0,0,0.012303804978728294
aeeem_mylyn,static,xgboost,5,4,850,0,0,0.11304245889186859
aeeem_mylyn,static,xgboost,5,4,852,0,0,0.10910949110984802
aeeem_mylyn,static,xgboost,5,4,862,0,0,0.048615917563438416
aeeem_mylyn,static,xgboost,5,4,873,0,0,0.042924001812934875
aeeem_mylyn,static,xgboost,5,4,884,0,1,0.7971088886260986
aeeem_mylyn,static,xgboost,5,4,897,1,0,0.4498266875743866
aeeem_mylyn,static,xgboost,5,4,898,0,0,0.24118629097938538
aeeem_mylyn,static,xgboost,5,4,903,0,1,0.9360305070877075
aeeem_mylyn,static,xgboost,5,4,907,0,0,0.40573862195014954
aeeem_mylyn,static,xgboost,5,4,909,0,0,0.12804259359836578
aeeem_mylyn,static,xgboost,5,4,912,0,1,0.9117215871810913
aeeem_mylyn,static,xgboost,5,4,920,0,0,0.40655410289764404
aeeem_mylyn,static,xgboost,5,4,936,0,0,0.13443231582641602
aeeem_mylyn,static,xgboost,5,4,937,0,0,0.25537848472595215
aeeem_mylyn,static,xgboost,5,4,946,0,1,0.6562124490737915
aeeem_mylyn,static,xgboost,5,4,952,0,0,0.09767960757017136
aeeem_mylyn,static,xgboost,5,4,964,0,0,0.28062376379966736
aeeem_mylyn,static,xgboost,5,4,979,1,0,0.007806092035025358
aeeem_mylyn,static,xgboost,5,4,982,0,0,0.03030349314212799
aeeem_mylyn,static,xgboost,5,4,991,0,1,0.7838659882545471
aeeem_mylyn,static,xgboost,5,4,995,1,0,0.19934988021850586
aeeem_mylyn,static,xgboost,5,4,999,1,0,0.3021242320537567
aeeem_mylyn,static,xgboost,5,4,1014,1,0,0.23553025722503662
aeeem_mylyn,static,xgboost,5,4,1018,0,0,0.05937477573752403
aeeem_mylyn,static,xgboost,5,4,1024,0,0,0.2947007417678833
aeeem_mylyn,static,xgboost,5,4,1032,0,1,0.5958686470985413
aeeem_mylyn,static,xgboost,5,4,1033,0,0,0.09853620827198029
aeeem_mylyn,static,xgboost,5,4,1036,0,1,0.5686823129653931
aeeem_mylyn,static,xgboost,5,4,1044,1,1,0.7953521609306335
aeeem_mylyn,static,xgboost,5,4,1053,0,0,0.03374585881829262
aeeem_mylyn,static,xgboost,5,4,1054,0,0,0.09768442064523697
aeeem_mylyn,static,xgboost,5,4,1055,0,0,0.3209807574748993
aeeem_mylyn,static,xgboost,5,4,1059,0,0,0.08178383111953735
aeeem_mylyn,static,xgboost,5,4,1066,0,1,0.6446505784988403
aeeem_mylyn,static,xgboost,5,4,1067,0,0,0.1268317997455597
aeeem_mylyn,static,xgboost,5,4,1072,0,1,0.5703685283660889
aeeem_mylyn,static,xgboost,5,4,1081,0,0,0.048528894782066345
aeeem_mylyn,static,xgboost,5,4,1086,0,0,0.13795237243175507
aeeem_mylyn,static,xgboost,5,4,1089,0,0,0.012523391284048557
aeeem_mylyn,static,xgboost,5,4,1090,0,0,0.1672694981098175
aeeem_mylyn,static,xgboost,5,4,1096,0,0,0.11304392665624619
aeeem_mylyn,static,xgboost,5,4,1097,0,0,0.12150726467370987
aeeem_mylyn,static,xgboost,5,4,1102,0,0,0.12342889606952667
aeeem_mylyn,static,xgboost,5,4,1105,0,0,0.06773515045642853
aeeem_mylyn,static,xgboost,5,4,1112,0,1,0.701204240322113
aeeem_mylyn,static,xgboost,5,4,1122,0,0,0.08862242102622986
aeeem_mylyn,static,xgboost,5,4,1124,0,0,0.10445576161146164
aeeem_mylyn,static,xgboost,5,4,1128,0,0,0.04278015345335007
aeeem_mylyn,static,xgboost,5,4,1131,0,0,0.12045012414455414
aeeem_mylyn,static,xgboost,5,4,1132,0,0,0.11110279709100723
aeeem_mylyn,static,xgboost,5,4,1138,0,0,0.008573557250201702
aeeem_mylyn,static,xgboost,5,4,1139,1,1,0.8131952285766602
aeeem_mylyn,static,xgboost,5,4,1141,1,0,0.2947922646999359
aeeem_mylyn,static,xgboost,5,4,1143,0,0,0.1594383865594864
aeeem_mylyn,static,xgboost,5,4,1144,0,0,0.4119926989078522
aeeem_mylyn,static,xgboost,5,4,1146,0,0,0.08565567433834076
aeeem_mylyn,static,xgboost,5,4,1147,0,0,0.09686081111431122
aeeem_mylyn,static,xgboost,5,4,1148,1,0,0.18343476951122284
aeeem_mylyn,static,xgboost,5,4,1150,0,0,0.37842267751693726
aeeem_mylyn,static,xgboost,5,4,1154,0,0,0.2601011097431183
aeeem_mylyn,static,xgboost,5,4,1156,0,0,0.14347831904888153
aeeem_mylyn,static,xgboost,5,4,1160,1,0,0.11110279709100723
aeeem_mylyn,static,xgboost,5,4,1164,0,1,0.8283780813217163
aeeem_mylyn,static,xgboost,5,4,1175,0,0,0.38425493240356445
aeeem_mylyn,static,xgboost,5,4,1188,0,0,0.12966009974479675
aeeem_mylyn,static,xgboost,5,4,1193,0,0,0.09229548275470734
aeeem_mylyn,static,xgboost,5,4,1202,0,0,0.031032895669341087
aeeem_mylyn,static,xgboost,5,4,1203,0,0,0.005923865363001823
aeeem_mylyn,static,xgboost,5,4,1210,0,0,0.11394406855106354
aeeem_mylyn,static,xgboost,5,4,1217,0,0,0.33416223526000977
aeeem_mylyn,static,xgboost,5,4,1224,0,0,0.36522069573402405
aeeem_mylyn,static,xgboost,5,4,1227,0,0,0.08257927745580673
aeeem_mylyn,static,xgboost,5,4,1233,0,0,0.34003832936286926
aeeem_mylyn,static,xgboost,5,4,1234,0,0,0.07771314680576324
aeeem_mylyn,static,xgboost,5,4,1247,0,0,0.1838773936033249
aeeem_mylyn,static,xgboost,5,4,1250,0,0,0.04008582606911659
aeeem_mylyn,static,xgboost,5,4,1254,0,0,0.15502099692821503
aeeem_mylyn,static,xgboost,5,4,1256,1,0,0.048528894782066345
aeeem_mylyn,static,xgboost,5,4,1261,0,0,0.15215425193309784
aeeem_mylyn,static,xgboost,5,4,1262,1,0,0.4621114730834961
aeeem_mylyn,static,xgboost,5,4,1263,0,1,0.7342588901519775
aeeem_mylyn,static,xgboost,5,4,1275,0,0,0.3095528185367584
aeeem_mylyn,static,xgboost,5,4,1289,0,0,0.2029019147157669
aeeem_mylyn,static,xgboost,5,4,1296,0,0,0.006511314306408167
aeeem_mylyn,static,xgboost,5,4,1304,0,0,0.20579266548156738
aeeem_mylyn,static,xgboost,5,4,1308,0,0,0.4908307194709778
aeeem_mylyn,static,xgboost,5,4,1310,0,0,0.20356129109859467
aeeem_mylyn,static,xgboost,5,4,1313,1,0,0.14412686228752136
aeeem_mylyn,static,xgboost,5,4,1327,0,0,0.04862595349550247
aeeem_mylyn,static,xgboost,5,4,1328,1,0,0.2402539998292923
aeeem_mylyn,static,xgboost,5,4,1332,1,1,0.7715022563934326
aeeem_mylyn,static,xgboost,5,4,1333,0,0,0.04118811711668968
aeeem_mylyn,static,xgboost,5,4,1334,0,0,0.0669582262635231
aeeem_mylyn,static,xgboost,5,4,1336,0,0,0.016734186559915543
aeeem_mylyn,static,xgboost,5,4,1339,0,0,0.09802431613206863
aeeem_mylyn,static,xgboost,5,4,1341,0,0,0.11329701542854309
aeeem_mylyn,static,xgboost,5,4,1351,0,1,0.5776412487030029
aeeem_mylyn,static,xgboost,5,4,1353,0,0,0.12836489081382751
aeeem_mylyn,static,xgboost,5,4,1357,0,0,0.050690069794654846
aeeem_mylyn,static,xgboost,5,4,1359,0,1,0.6267362236976624
aeeem_mylyn,static,xgboost,5,4,1364,0,0,0.1492813527584076
aeeem_mylyn,static,xgboost,5,4,1377,1,1,0.8252414464950562
aeeem_mylyn,static,xgboost,5,4,1384,0,0,0.06321736425161362
aeeem_mylyn,static,xgboost,5,4,1390,0,0,0.011959756724536419
aeeem_mylyn,static,xgboost,5,4,1393,0,0,0.1384819597005844
aeeem_mylyn,static,xgboost,5,4,1397,0,0,0.2606734037399292
aeeem_mylyn,static,xgboost,5,4,1398,0,0,0.18802198767662048
aeeem_mylyn,static,xgboost,5,4,1402,0,1,0.7310212850570679
aeeem_mylyn,static,xgboost,5,4,1405,0,0,0.0910692885518074
aeeem_mylyn,static,xgboost,5,4,1406,0,0,0.41315603256225586
aeeem_mylyn,static,xgboost,5,4,1410,0,0,0.04989675432443619
aeeem_mylyn,static,xgboost,5,4,1415,0,0,0.014278524555265903
aeeem_mylyn,static,xgboost,5,4,1416,0,0,0.22477416694164276
aeeem_mylyn,static,xgboost,5,4,1418,0,0,0.48141244053840637
aeeem_mylyn,static,xgboost,5,4,1433,0,0,0.08754896372556686
aeeem_mylyn,static,xgboost,5,4,1434,0,0,0.014026523567736149
aeeem_mylyn,static,xgboost,5,4,1436,0,0,0.048615917563438416
aeeem_mylyn,static,xgboost,5,4,1452,0,0,0.0662129819393158
aeeem_mylyn,static,xgboost,5,4,1455,0,0,0.3457656502723694
aeeem_mylyn,static,xgboost,5,4,1456,0,0,0.09261556714773178
aeeem_mylyn,static,xgboost,5,4,1468,1,1,0.553652822971344
aeeem_mylyn,static,xgboost,5,4,1473,0,0,0.2212792932987213
aeeem_mylyn,static,xgboost,5,4,1476,0,0,0.08789375424385071
aeeem_mylyn,static,xgboost,5,4,1478,0,0,0.18376918137073517
aeeem_mylyn,static,xgboost,5,4,1480,0,0,0.01277652196586132
aeeem_mylyn,static,xgboost,5,4,1486,0,0,0.29624852538108826
aeeem_mylyn,static,xgboost,5,4,1504,1,0,0.13463066518306732
aeeem_mylyn,static,xgboost,5,4,1505,0,0,0.006694369949400425
aeeem_mylyn,static,xgboost,5,4,1513,0,0,0.02635824680328369
aeeem_mylyn,static,xgboost,5,4,1514,0,0,0.01835818402469158
aeeem_mylyn,static,xgboost,5,4,1523,0,0,0.13191786408424377
aeeem_mylyn,static,xgboost,5,4,1531,0,0,0.04068534076213837
aeeem_mylyn,static,xgboost,5,4,1532,0,0,0.18879210948944092
aeeem_mylyn,static,xgboost,5,4,1537,0,0,0.07640653848648071
aeeem_mylyn,static,xgboost,5,4,1542,1,1,0.8492984175682068
aeeem_mylyn,static,xgboost,5,4,1545,0,0,0.12203975021839142
aeeem_mylyn,static,xgboost,5,4,1548,0,0,0.19459916651248932
aeeem_mylyn,static,xgboost,5,4,1550,0,0,0.07445038110017776
aeeem_mylyn,static,xgboost,5,4,1556,1,1,0.6057335734367371
aeeem_mylyn,static,xgboost,5,4,1577,0,0,0.14816689491271973
aeeem_mylyn,static,xgboost,5,4,1589,0,0,0.26092424988746643
aeeem_mylyn,static,xgboost,5,4,1590,0,1,0.5389896631240845
aeeem_mylyn,static,xgboost,5,4,1594,0,0,0.017644818872213364
aeeem_mylyn,static,xgboost,5,4,1602,0,0,0.1929473727941513
aeeem_mylyn,static,xgboost,5,4,1608,0,0,0.1163926050066948
aeeem_mylyn,static,xgboost,5,4,1622,0,0,0.3402947783470154
aeeem_mylyn,static,xgboost,5,4,1625,0,0,0.11110279709100723
aeeem_mylyn,static,xgboost,5,4,1626,0,1,0.8021445870399475
aeeem_mylyn,static,xgboost,5,4,1633,0,0,0.004455231130123138
aeeem_mylyn,static,xgboost,5,4,1639,0,0,0.11342914402484894
aeeem_mylyn,static,xgboost,5,4,1640,0,0,0.46152934432029724
aeeem_mylyn,static,xgboost,5,4,1647,0,0,0.2132173776626587
aeeem_mylyn,static,xgboost,5,4,1649,1,0,0.2184378206729889
aeeem_mylyn,static,xgboost,5,4,1650,0,1,0.602532684803009
aeeem_mylyn,static,xgboost,5,4,1655,1,1,0.8461756706237793
aeeem_mylyn,static,xgboost,5,4,1658,0,0,0.05883636325597763
aeeem_mylyn,static,xgboost,5,4,1662,0,0,0.4669330418109894
aeeem_mylyn,static,xgboost,5,4,1663,0,1,0.7429345846176147
aeeem_mylyn,static,xgboost,5,4,1664,0,0,0.2776795029640198
aeeem_mylyn,static,xgboost,5,4,1667,0,0,0.4205085039138794
aeeem_mylyn,static,xgboost,5,4,1670,1,1,0.8492984175682068
aeeem_mylyn,static,xgboost,5,4,1671,0,0,0.06529387086629868
aeeem_mylyn,static,xgboost,5,4,1679,0,0,0.2814604640007019
aeeem_mylyn,static,xgboost,5,4,1683,0,0,0.0038883124943822622
aeeem_mylyn,static,xgboost,5,4,1687,0,0,0.4788445234298706
aeeem_mylyn,static,xgboost,5,4,1695,0,0,0.031174859032034874
aeeem_mylyn,static,xgboost,5,4,1696,0,0,0.06321736425161362
aeeem_mylyn,static,xgboost,5,4,1708,0,1,0.7485786080360413
aeeem_mylyn,static,xgboost,5,4,1709,0,1,0.5968626141548157
aeeem_mylyn,static,xgboost,5,4,1715,0,0,0.06930352747440338
aeeem_mylyn,static,xgboost,5,4,1717,0,0,0.047489020973443985
aeeem_mylyn,static,xgboost,5,4,1724,0,0,0.061330102384090424
aeeem_mylyn,static,xgboost,5,4,1725,1,1,0.6518765091896057
aeeem_mylyn,static,xgboost,5,4,1726,0,0,0.04534493386745453
aeeem_mylyn,static,xgboost,5,4,1729,0,0,0.07736697793006897
aeeem_mylyn,static,xgboost,5,4,1735,0,0,0.19792409241199493
aeeem_mylyn,static,xgboost,5,4,1736,0,0,0.4062744081020355
aeeem_mylyn,static,xgboost,5,4,1743,0,0,0.023168260231614113
aeeem_mylyn,static,xgboost,5,4,1748,0,0,0.062173884361982346
aeeem_mylyn,static,xgboost,5,4,1749,0,1,0.885535717010498
aeeem_mylyn,static,xgboost,5,4,1755,0,0,0.0469951368868351
aeeem_mylyn,static,xgboost,5,4,1764,0,0,0.09275411069393158
aeeem_mylyn,static,xgboost,5,4,1767,0,1,0.7360494136810303
aeeem_mylyn,static,xgboost,5,4,1768,0,0,0.44352957606315613
aeeem_mylyn,static,xgboost,5,4,1770,0,0,0.17255929112434387
aeeem_mylyn,static,xgboost,5,4,1776,1,1,0.6929611563682556
aeeem_mylyn,static,xgboost,5,4,1788,1,0,0.1792924404144287
aeeem_mylyn,static,xgboost,5,4,1802,0,0,0.02029314450919628
aeeem_mylyn,static,xgboost,5,4,1805,0,1,0.557665228843689
aeeem_mylyn,static,xgboost,5,4,1813,0,0,0.12865141034126282
aeeem_mylyn,static,xgboost,5,4,1817,0,0,0.08782997727394104
aeeem_mylyn,static,xgboost,5,4,1819,1,0,0.46174347400665283
aeeem_mylyn,static,xgboost,5,4,1826,1,1,0.5566418170928955
aeeem_mylyn,static,xgboost,5,4,1827,0,0,0.17025057971477509
aeeem_mylyn,static,xgboost,5,4,1830,0,0,0.11978060752153397
aeeem_mylyn,static,xgboost,5,4,1844,0,0,0.02188849449157715
aeeem_mylyn,static,xgboost,5,4,1849,0,0,0.1573469489812851
aeeem_mylyn,static,xgboost,5,4,1853,0,0,0.007318529766052961
aeeem_mylyn,static,xgboost,5,4,1854,0,0,0.09975928068161011
aeeem_mylyn,static,xgboost,5,4,1856,0,0,0.026691073551774025
aeeem_mylyn,static,xgboost,5,4,1859,1,0,0.09918495267629623
aeeem_mylyn,static,xgboost,5,4,1861,0,0,0.26971814036369324
aeeem_mylyn,static,xgboost,5,5,6,0,0,0.01434120163321495
aeeem_mylyn,static,xgboost,5,5,24,0,0,0.15309228003025055
aeeem_mylyn,static,xgboost,5,5,26,0,0,0.045870374888181686
aeeem_mylyn,static,xgboost,5,5,29,0,0,0.09150112420320511
aeeem_mylyn,static,xgboost,5,5,37,0,0,0.2093183398246765
aeeem_mylyn,static,xgboost,5,5,43,0,0,0.044357139617204666
aeeem_mylyn,static,xgboost,5,5,47,0,0,0.059169650077819824
aeeem_mylyn,static,xgboost,5,5,48,0,0,0.4641733765602112
aeeem_mylyn,static,xgboost,5,5,59,0,0,0.2583507001399994
aeeem_mylyn,static,xgboost,5,5,63,1,1,0.5559148192405701
aeeem_mylyn,static,xgboost,5,5,74,0,0,0.19740071892738342
aeeem_mylyn,static,xgboost,5,5,75,0,0,0.26434314250946045
aeeem_mylyn,static,xgboost,5,5,77,0,1,0.8914925456047058
aeeem_mylyn,static,xgboost,5,5,82,0,0,0.012940130196511745
aeeem_mylyn,static,xgboost,5,5,83,0,1,0.5780606269836426
aeeem_mylyn,static,xgboost,5,5,86,0,0,0.08898333460092545
aeeem_mylyn,static,xgboost,5,5,110,0,0,0.0896596908569336
aeeem_mylyn,static,xgboost,5,5,112,0,1,0.5497651696205139
aeeem_mylyn,static,xgboost,5,5,123,0,0,0.028094317764043808
aeeem_mylyn,static,xgboost,5,5,131,0,0,0.00647140434011817
aeeem_mylyn,static,xgboost,5,5,147,0,1,0.5822999477386475
aeeem_mylyn,static,xgboost,5,5,158,0,0,0.03586173057556152
aeeem_mylyn,static,xgboost,5,5,161,0,1,0.5738919377326965
aeeem_mylyn,static,xgboost,5,5,164,0,0,0.05054141581058502
aeeem_mylyn,static,xgboost,5,5,171,0,0,0.3849240839481354
aeeem_mylyn,static,xgboost,5,5,179,0,0,0.04733286798000336
aeeem_mylyn,static,xgboost,5,5,180,0,0,0.08676191419363022
aeeem_mylyn,static,xgboost,5,5,184,0,0,0.2522508502006531
aeeem_mylyn,static,xgboost,5,5,188,0,0,0.4264083206653595
aeeem_mylyn,static,xgboost,5,5,192,0,0,0.04086427018046379
aeeem_mylyn,static,xgboost,5,5,196,0,0,0.4947448670864105
aeeem_mylyn,static,xgboost,5,5,197,0,0,0.4456624388694763
aeeem_mylyn,static,xgboost,5,5,200,0,0,0.18496471643447876
aeeem_mylyn,static,xgboost,5,5,204,0,0,0.026229219511151314
aeeem_mylyn,static,xgboost,5,5,210,0,0,0.1562047004699707
aeeem_mylyn,static,xgboost,5,5,211,0,0,0.30576086044311523
aeeem_mylyn,static,xgboost,5,5,226,1,1,0.6772010326385498
aeeem_mylyn,static,xgboost,5,5,231,0,1,0.8900600075721741
aeeem_mylyn,static,xgboost,5,5,233,1,0,0.24260692298412323
aeeem_mylyn,static,xgboost,5,5,243,0,0,0.2608182430267334
aeeem_mylyn,static,xgboost,5,5,254,0,0,0.04384719580411911
aeeem_mylyn,static,xgboost,5,5,257,1,1,0.626168429851532
aeeem_mylyn,static,xgboost,5,5,260,0,0,0.03689134865999222
aeeem_mylyn,static,xgboost,5,5,273,0,1,0.589066207408905
aeeem_mylyn,static,xgboost,5,5,277,0,0,0.061247896403074265
aeeem_mylyn,static,xgboost,5,5,281,0,0,0.10840491205453873
aeeem_mylyn,static,xgboost,5,5,294,0,0,0.06377021223306656
aeeem_mylyn,static,xgboost,5,5,301,0,0,0.0336485393345356
aeeem_mylyn,static,xgboost,5,5,308,0,0,0.11256854236125946
aeeem_mylyn,static,xgboost,5,5,320,0,0,0.12326883524656296
aeeem_mylyn,static,xgboost,5,5,324,0,0,0.0181560181081295
aeeem_mylyn,static,xgboost,5,5,325,0,1,0.8251408338546753
aeeem_mylyn,static,xgboost,5,5,326,1,0,0.02352841943502426
aeeem_mylyn,static,xgboost,5,5,327,0,0,0.38714078068733215
aeeem_mylyn,static,xgboost,5,5,330,0,0,0.10334857553243637
aeeem_mylyn,static,xgboost,5,5,332,1,0,0.4221848249435425
aeeem_mylyn,static,xgboost,5,5,339,0,0,0.06863407045602798
aeeem_mylyn,static,xgboost,5,5,348,0,0,0.007023411337286234
aeeem_mylyn,static,xgboost,5,5,350,0,0,0.15937775373458862
aeeem_mylyn,static,xgboost,5,5,360,0,0,0.08723871409893036
aeeem_mylyn,static,xgboost,5,5,361,0,0,0.23695401847362518
aeeem_mylyn,static,xgboost,5,5,364,0,0,0.0376545712351799
aeeem_mylyn,static,xgboost,5,5,368,0,0,0.22446036338806152
aeeem_mylyn,static,xgboost,5,5,369,0,0,0.06484980881214142
aeeem_mylyn,static,xgboost,5,5,372,0,0,0.1837424486875534
aeeem_mylyn,static,xgboost,5,5,373,0,0,0.21663783490657806
aeeem_mylyn,static,xgboost,5,5,379,0,0,0.016680259257555008
aeeem_mylyn,static,xgboost,5,5,380,1,0,0.19228558242321014
aeeem_mylyn,static,xgboost,5,5,382,0,0,0.12996801733970642
aeeem_mylyn,static,xgboost,5,5,383,0,0,0.029062960296869278
aeeem_mylyn,static,xgboost,5,5,399,0,0,0.4325105547904968
aeeem_mylyn,static,xgboost,5,5,400,0,0,0.16502249240875244
aeeem_mylyn,static,xgboost,5,5,406,0,0,0.10186844319105148
aeeem_mylyn,static,xgboost,5,5,409,0,0,0.03953344747424126
aeeem_mylyn,static,xgboost,5,5,414,0,0,0.2328943908214569
aeeem_mylyn,static,xgboost,5,5,415,0,0,0.02332530915737152
aeeem_mylyn,static,xgboost,5,5,418,0,0,0.2955317497253418
aeeem_mylyn,static,xgboost,5,5,422,0,0,0.018913714215159416
aeeem_mylyn,static,xgboost,5,5,426,0,0,0.1478826403617859
aeeem_mylyn,static,xgboost,5,5,431,0,0,0.3849436938762665
aeeem_mylyn,static,xgboost,5,5,434,0,0,0.41957220435142517
aeeem_mylyn,static,xgboost,5,5,439,0,0,0.1508975327014923
aeeem_mylyn,static,xgboost,5,5,442,0,0,0.05747705698013306
aeeem_mylyn,static,xgboost,5,5,443,0,0,0.32267850637435913
aeeem_mylyn,static,xgboost,5,5,444,0,1,0.763283908367157
aeeem_mylyn,static,xgboost,5,5,454,0,0,0.22704224288463593
aeeem_mylyn,static,xgboost,5,5,457,0,0,0.10102754831314087
aeeem_mylyn,static,xgboost,5,5,458,0,0,0.04132382944226265
aeeem_mylyn,static,xgboost,5,5,463,0,0,0.015202756971120834
aeeem_mylyn,static,xgboost,5,5,465,1,1,0.8452785611152649
aeeem_mylyn,static,xgboost,5,5,466,0,0,0.21493013203144073
aeeem_mylyn,static,xgboost,5,5,467,0,0,0.061764076352119446
aeeem_mylyn,static,xgboost,5,5,471,0,0,0.005675965454429388
aeeem_mylyn,static,xgboost,5,5,472,0,0,0.0839552953839302
aeeem_mylyn,static,xgboost,5,5,480,0,0,0.05405094847083092
aeeem_mylyn,static,xgboost,5,5,482,0,1,0.8093510270118713
aeeem_mylyn,static,xgboost,5,5,483,0,0,0.3569422960281372
aeeem_mylyn,static,xgboost,5,5,488,0,0,0.12032060325145721
aeeem_mylyn,static,xgboost,5,5,489,0,0,0.035562913864851
aeeem_mylyn,static,xgboost,5,5,493,0,0,0.014260910451412201
aeeem_mylyn,static,xgboost,5,5,516,1,0,0.15259315073490143
aeeem_mylyn,static,xgboost,5,5,519,1,1,0.8437339663505554
aeeem_mylyn,static,xgboost,5,5,521,1,1,0.6372774243354797
aeeem_mylyn,static,xgboost,5,5,527,1,1,0.6658040881156921
aeeem_mylyn,static,xgboost,5,5,553,0,1,0.645816445350647
aeeem_mylyn,static,xgboost,5,5,563,0,0,0.06425151228904724
aeeem_mylyn,static,xgboost,5,5,564,0,0,0.02544926106929779
aeeem_mylyn,static,xgboost,5,5,567,0,0,0.10145191848278046
aeeem_mylyn,static,xgboost,5,5,568,0,0,0.2703789472579956
aeeem_mylyn,static,xgboost,5,5,573,0,0,0.06425151228904724
aeeem_mylyn,static,xgboost,5,5,576,1,1,0.6499797701835632
aeeem_mylyn,static,xgboost,5,5,582,0,0,0.08137524127960205
aeeem_mylyn,static,xgboost,5,5,586,0,0,0.019382644444704056
aeeem_mylyn,static,xgboost,5,5,598,0,0,0.12487760186195374
aeeem_mylyn,static,xgboost,5,5,613,0,0,0.16074365377426147
aeeem_mylyn,static,xgboost,5,5,624,0,0,0.08966996520757675
aeeem_mylyn,static,xgboost,5,5,626,0,0,0.06425151228904724
aeeem_mylyn,static,xgboost,5,5,627,1,0,0.48626115918159485
aeeem_mylyn,static,xgboost,5,5,637,0,1,0.5485919117927551
aeeem_mylyn,static,xgboost,5,5,643,1,0,0.06425151228904724
aeeem_mylyn,static,xgboost,5,5,650,0,0,0.38513123989105225
aeeem_mylyn,static,xgboost,5,5,659,0,0,0.036718640476465225
aeeem_mylyn,static,xgboost,5,5,661,0,0,0.17956948280334473
aeeem_mylyn,static,xgboost,5,5,663,0,1,0.5710546374320984
aeeem_mylyn,static,xgboost,5,5,674,0,0,0.019351404160261154
aeeem_mylyn,static,xgboost,5,5,682,0,1,0.7299469113349915
aeeem_mylyn,static,xgboost,5,5,684,0,1,0.7060785889625549
aeeem_mylyn,static,xgboost,5,5,692,0,0,0.007765105459839106
aeeem_mylyn,static,xgboost,5,5,693,0,0,0.07987309247255325
aeeem_mylyn,static,xgboost,5,5,700,0,0,0.06425151228904724
aeeem_mylyn,static,xgboost,5,5,705,0,0,0.055570293217897415
aeeem_mylyn,static,xgboost,5,5,707,0,0,0.3029264211654663
aeeem_mylyn,static,xgboost,5,5,710,0,0,0.06381196528673172
aeeem_mylyn,static,xgboost,5,5,715,0,0,0.02546508237719536
aeeem_mylyn,static,xgboost,5,5,717,0,1,0.580751359462738
aeeem_mylyn,static,xgboost,5,5,723,0,0,0.4253467619419098
aeeem_mylyn,static,xgboost,5,5,724,0,1,0.5647619366645813
aeeem_mylyn,static,xgboost,5,5,729,0,1,0.6610591411590576
aeeem_mylyn,static,xgboost,5,5,731,0,0,0.07144162058830261
aeeem_mylyn,static,xgboost,5,5,751,0,0,0.09998812526464462
aeeem_mylyn,static,xgboost,5,5,752,0,0,0.3160208761692047
aeeem_mylyn,static,xgboost,5,5,761,0,0,0.05240020900964737
aeeem_mylyn,static,xgboost,5,5,762,0,0,0.24916671216487885
aeeem_mylyn,static,xgboost,5,5,769,1,0,0.2319823056459427
aeeem_mylyn,static,xgboost,5,5,770,0,0,0.09549873322248459
aeeem_mylyn,static,xgboost,5,5,771,0,0,0.4765068292617798
aeeem_mylyn,static,xgboost,5,5,784,0,0,0.08619097620248795
aeeem_mylyn,static,xgboost,5,5,787,0,0,0.4949997365474701
aeeem_mylyn,static,xgboost,5,5,795,0,1,0.7369735240936279
aeeem_mylyn,static,xgboost,5,5,797,0,0,0.2996949255466461
aeeem_mylyn,static,xgboost,5,5,800,0,1,0.566474974155426
aeeem_mylyn,static,xgboost,5,5,807,0,0,0.014034096151590347
aeeem_mylyn,static,xgboost,5,5,811,1,1,0.6456549763679504
aeeem_mylyn,static,xgboost,5,5,816,0,0,0.1562047004699707
aeeem_mylyn,static,xgboost,5,5,841,0,0,0.03066318668425083
aeeem_mylyn,static,xgboost,5,5,843,0,0,0.022162992507219315
aeeem_mylyn,static,xgboost,5,5,844,1,1,0.5092150568962097
aeeem_mylyn,static,xgboost,5,5,848,0,0,0.15644870698451996
aeeem_mylyn,static,xgboost,5,5,851,0,0,0.1345513015985489
aeeem_mylyn,static,xgboost,5,5,866,0,0,0.05939861759543419
aeeem_mylyn,static,xgboost,5,5,871,1,1,0.7283387184143066
aeeem_mylyn,static,xgboost,5,5,872,0,0,0.3406086266040802
aeeem_mylyn,static,xgboost,5,5,874,0,1,0.6504432559013367
aeeem_mylyn,static,xgboost,5,5,882,0,1,0.6633760929107666
aeeem_mylyn,static,xgboost,5,5,901,0,0,0.06091555580496788
aeeem_mylyn,static,xgboost,5,5,902,0,0,0.029878806322813034
aeeem_mylyn,static,xgboost,5,5,905,0,0,0.12481371313333511
aeeem_mylyn,static,xgboost,5,5,918,0,1,0.6809464693069458
aeeem_mylyn,static,xgboost,5,5,922,0,0,0.14296367764472961
aeeem_mylyn,static,xgboost,5,5,925,0,0,0.06803706288337708
aeeem_mylyn,static,xgboost,5,5,933,0,0,0.1793804168701172
aeeem_mylyn,static,xgboost,5,5,935,1,0,0.036718640476465225
aeeem_mylyn,static,xgboost,5,5,939,0,0,0.3660900592803955
aeeem_mylyn,static,xgboost,5,5,950,0,0,0.08723871409893036
aeeem_mylyn,static,xgboost,5,5,962,0,0,0.028066664934158325
aeeem_mylyn,static,xgboost,5,5,972,0,1,0.5163435339927673
aeeem_mylyn,static,xgboost,5,5,973,1,0,0.16688956320285797
aeeem_mylyn,static,xgboost,5,5,978,0,0,0.046315792948007584
aeeem_mylyn,static,xgboost,5,5,981,0,0,0.25149622559547424
aeeem_mylyn,static,xgboost,5,5,985,1,0,0.45159995555877686
aeeem_mylyn,static,xgboost,5,5,989,0,0,0.48559629917144775
aeeem_mylyn,static,xgboost,5,5,990,0,1,0.5864675641059875
aeeem_mylyn,static,xgboost,5,5,992,0,0,0.21312479674816132
aeeem_mylyn,static,xgboost,5,5,994,0,0,0.09964365512132645
aeeem_mylyn,static,xgboost,5,5,996,0,0,0.026824774220585823
aeeem_mylyn,static,xgboost,5,5,998,0,0,0.1865675300359726
aeeem_mylyn,static,xgboost,5,5,1007,0,0,0.46167707443237305
aeeem_mylyn,static,xgboost,5,5,1013,0,0,0.29079657793045044
aeeem_mylyn,static,xgboost,5,5,1017,0,0,0.14195215702056885
aeeem_mylyn,static,xgboost,5,5,1021,0,0,0.4088701903820038
aeeem_mylyn,static,xgboost,5,5,1025,0,1,0.6480230689048767
aeeem_mylyn,static,xgboost,5,5,1029,1,0,0.201450377702713
aeeem_mylyn,static,xgboost,5,5,1031,1,0,0.2932661473751068
aeeem_mylyn,static,xgboost,5,5,1035,0,0,0.16181518137454987
aeeem_mylyn,static,xgboost,5,5,1042,0,0,0.038166675716638565
aeeem_mylyn,static,xgboost,5,5,1045,0,0,0.10788983106613159
aeeem_mylyn,static,xgboost,5,5,1046,0,0,0.038893263787031174
aeeem_mylyn,static,xgboost,5,5,1057,0,1,0.5603750944137573
aeeem_mylyn,static,xgboost,5,5,1058,0,0,0.041700512170791626
aeeem_mylyn,static,xgboost,5,5,1062,0,0,0.027809057384729385
aeeem_mylyn,static,xgboost,5,5,1064,0,1,0.5685663223266602
aeeem_mylyn,static,xgboost,5,5,1076,0,0,0.02821003645658493
aeeem_mylyn,static,xgboost,5,5,1079,0,0,0.25050538778305054
aeeem_mylyn,static,xgboost,5,5,1082,0,0,0.052119433879852295
aeeem_mylyn,static,xgboost,5,5,1084,0,0,0.0688432976603508
aeeem_mylyn,static,xgboost,5,5,1085,0,0,0.24451439082622528
aeeem_mylyn,static,xgboost,5,5,1101,0,0,0.04765816032886505
aeeem_mylyn,static,xgboost,5,5,1106,0,0,0.099838487803936
aeeem_mylyn,static,xgboost,5,5,1107,1,1,0.5002363324165344
aeeem_mylyn,static,xgboost,5,5,1114,0,0,0.05747705698013306
aeeem_mylyn,static,xgboost,5,5,1119,0,0,0.044357139617204666
aeeem_mylyn,static,xgboost,5,5,1121,0,0,0.09850886464118958
aeeem_mylyn,static,xgboost,5,5,1123,0,0,0.12355193495750427
aeeem_mylyn,static,xgboost,5,5,1125,0,0,0.017091115936636925
aeeem_mylyn,static,xgboost,5,5,1129,1,0,0.4794811010360718
aeeem_mylyn,static,xgboost,5,5,1157,0,1,0.8968216776847839
aeeem_mylyn,static,xgboost,5,5,1158,1,0,0.03274031728506088
aeeem_mylyn,static,xgboost,5,5,1162,0,0,0.34943848848342896
aeeem_mylyn,static,xgboost,5,5,1166,0,0,0.16756100952625275
aeeem_mylyn,static,xgboost,5,5,1167,0,0,0.28646978735923767
aeeem_mylyn,static,xgboost,5,5,1173,0,1,0.9064415693283081
aeeem_mylyn,static,xgboost,5,5,1174,1,0,0.367555171251297
aeeem_mylyn,static,xgboost,5,5,1177,0,0,0.0195563193410635
aeeem_mylyn,static,xgboost,5,5,1181,0,0,0.10486728698015213
aeeem_mylyn,static,xgboost,5,5,1184,0,0,0.036043696105480194
aeeem_mylyn,static,xgboost,5,5,1191,0,0,0.15740494430065155
aeeem_mylyn,static,xgboost,5,5,1200,0,1,0.5901607871055603
aeeem_mylyn,static,xgboost,5,5,1205,0,0,0.24260707199573517
aeeem_mylyn,static,xgboost,5,5,1206,1,1,0.8468074202537537
aeeem_mylyn,static,xgboost,5,5,1211,0,1,0.5388712882995605
aeeem_mylyn,static,xgboost,5,5,1219,1,0,0.32790109515190125
aeeem_mylyn,static,xgboost,5,5,1225,0,0,0.06958886235952377
aeeem_mylyn,static,xgboost,5,5,1229,0,1,0.5058015584945679
aeeem_mylyn,static,xgboost,5,5,1236,0,0,0.051067255437374115
aeeem_mylyn,static,xgboost,5,5,1248,0,0,0.07031086087226868
aeeem_mylyn,static,xgboost,5,5,1249,0,0,0.2110978215932846
aeeem_mylyn,static,xgboost,5,5,1255,0,1,0.8468074202537537
aeeem_mylyn,static,xgboost,5,5,1260,0,0,0.08038543909788132
aeeem_mylyn,static,xgboost,5,5,1269,1,1,0.5314398407936096
aeeem_mylyn,static,xgboost,5,5,1272,0,0,0.03139762952923775
aeeem_mylyn,static,xgboost,5,5,1280,0,0,0.04769023135304451
aeeem_mylyn,static,xgboost,5,5,1284,0,0,0.11142347007989883
aeeem_mylyn,static,xgboost,5,5,1290,0,0,0.1275022327899933
aeeem_mylyn,static,xgboost,5,5,1298,0,0,0.1160481721162796
aeeem_mylyn,static,xgboost,5,5,1299,0,0,0.13952061533927917
aeeem_mylyn,static,xgboost,5,5,1307,0,1,0.8194698691368103
aeeem_mylyn,static,xgboost,5,5,1312,0,0,0.0763939693570137
aeeem_mylyn,static,xgboost,5,5,1315,0,0,0.19545121490955353
aeeem_mylyn,static,xgboost,5,5,1316,0,0,0.09845378994941711
aeeem_mylyn,static,xgboost,5,5,1320,0,0,0.14503206312656403
aeeem_mylyn,static,xgboost,5,5,1326,0,0,0.25684961676597595
aeeem_mylyn,static,xgboost,5,5,1329,0,0,0.16473497450351715
aeeem_mylyn,static,xgboost,5,5,1331,1,0,0.29531869292259216
aeeem_mylyn,static,xgboost,5,5,1338,0,0,0.13767297565937042
aeeem_mylyn,static,xgboost,5,5,1342,1,0,0.20570054650306702
aeeem_mylyn,static,xgboost,5,5,1343,0,0,0.3394670784473419
aeeem_mylyn,static,xgboost,5,5,1344,0,0,0.06897567957639694
aeeem_mylyn,static,xgboost,5,5,1348,0,0,0.1188337579369545
aeeem_mylyn,static,xgboost,5,5,1358,0,0,0.030290814116597176
aeeem_mylyn,static,xgboost,5,5,1370,0,0,0.3289200961589813
aeeem_mylyn,static,xgboost,5,5,1383,0,0,0.3997994363307953
aeeem_mylyn,static,xgboost,5,5,1388,0,1,0.6787083745002747
aeeem_mylyn,static,xgboost,5,5,1391,0,0,0.16610613465309143
aeeem_mylyn,static,xgboost,5,5,1394,0,0,0.11055298894643784
aeeem_mylyn,static,xgboost,5,5,1400,0,0,0.03273716941475868
aeeem_mylyn,static,xgboost,5,5,1412,1,0,0.025011958554387093
aeeem_mylyn,static,xgboost,5,5,1428,0,0,0.030862342566251755
aeeem_mylyn,static,xgboost,5,5,1442,1,0,0.08723871409893036
aeeem_mylyn,static,xgboost,5,5,1447,0,0,0.3959055244922638
aeeem_mylyn,static,xgboost,5,5,1450,0,0,0.06286107003688812
aeeem_mylyn,static,xgboost,5,5,1453,0,0,0.1307961344718933
aeeem_mylyn,static,xgboost,5,5,1457,0,0,0.3007783591747284
aeeem_mylyn,static,xgboost,5,5,1458,0,0,0.13195903599262238
aeeem_mylyn,static,xgboost,5,5,1467,0,0,0.06425151228904724
aeeem_mylyn,static,xgboost,5,5,1469,0,0,0.33670035004615784
aeeem_mylyn,static,xgboost,5,5,1470,0,0,0.08674483746290207
aeeem_mylyn,static,xgboost,5,5,1471,1,0,0.34573715925216675
aeeem_mylyn,static,xgboost,5,5,1481,0,0,0.015944577753543854
aeeem_mylyn,static,xgboost,5,5,1485,0,0,0.12424656003713608
aeeem_mylyn,static,xgboost,5,5,1487,0,0,0.39348819851875305
aeeem_mylyn,static,xgboost,5,5,1491,0,0,0.03975406661629677
aeeem_mylyn,static,xgboost,5,5,1498,1,1,0.8468074202537537
aeeem_mylyn,static,xgboost,5,5,1500,0,0,0.016749367117881775
aeeem_mylyn,static,xgboost,5,5,1507,0,0,0.3321518898010254
aeeem_mylyn,static,xgboost,5,5,1508,0,0,0.037786632776260376
aeeem_mylyn,static,xgboost,5,5,1510,0,0,0.044357139617204666
aeeem_mylyn,static,xgboost,5,5,1512,0,1,0.8978369235992432
aeeem_mylyn,static,xgboost,5,5,1517,0,0,0.045849770307540894
aeeem_mylyn,static,xgboost,5,5,1518,0,0,0.03681856021285057
aeeem_mylyn,static,xgboost,5,5,1519,0,0,0.02241147868335247
aeeem_mylyn,static,xgboost,5,5,1525,0,0,0.05610443651676178
aeeem_mylyn,static,xgboost,5,5,1529,0,0,0.019958719611167908
aeeem_mylyn,static,xgboost,5,5,1533,0,0,0.1945195496082306
aeeem_mylyn,static,xgboost,5,5,1536,0,0,0.11464573442935944
aeeem_mylyn,static,xgboost,5,5,1541,0,0,0.4084908068180084
aeeem_mylyn,static,xgboost,5,5,1544,0,0,0.025396067649126053
aeeem_mylyn,static,xgboost,5,5,1546,0,0,0.07234790176153183
aeeem_mylyn,static,xgboost,5,5,1549,0,1,0.6241974830627441
aeeem_mylyn,static,xgboost,5,5,1553,0,0,0.43174052238464355
aeeem_mylyn,static,xgboost,5,5,1555,0,1,0.5132016539573669
aeeem_mylyn,static,xgboost,5,5,1558,0,1,0.7875897884368896
aeeem_mylyn,static,xgboost,5,5,1561,1,1,0.6007852554321289
aeeem_mylyn,static,xgboost,5,5,1562,0,1,0.5978859066963196
aeeem_mylyn,static,xgboost,5,5,1564,0,0,0.0336485393345356
aeeem_mylyn,static,xgboost,5,5,1569,0,0,0.14408913254737854
aeeem_mylyn,static,xgboost,5,5,1570,0,0,0.03551623597741127
aeeem_mylyn,static,xgboost,5,5,1575,0,0,0.012907410971820354
aeeem_mylyn,static,xgboost,5,5,1579,0,0,0.12372509390115738
aeeem_mylyn,static,xgboost,5,5,1582,0,0,0.0336485393345356
aeeem_mylyn,static,xgboost,5,5,1584,0,0,0.10504348576068878
aeeem_mylyn,static,xgboost,5,5,1587,0,0,0.36018136143684387
aeeem_mylyn,static,xgboost,5,5,1599,0,0,0.03165946900844574
aeeem_mylyn,static,xgboost,5,5,1606,0,0,0.42446428537368774
aeeem_mylyn,static,xgboost,5,5,1607,0,0,0.34504878520965576
aeeem_mylyn,static,xgboost,5,5,1610,0,0,0.03429824113845825
aeeem_mylyn,static,xgboost,5,5,1617,0,0,0.051067255437374115
aeeem_mylyn,static,xgboost,5,5,1619,0,0,0.07853057980537415
aeeem_mylyn,static,xgboost,5,5,1620,0,0,0.019900435581803322
aeeem_mylyn,static,xgboost,5,5,1621,0,1,0.6737115979194641
aeeem_mylyn,static,xgboost,5,5,1623,0,1,0.5237827897071838
aeeem_mylyn,static,xgboost,5,5,1627,0,0,0.3830910921096802
aeeem_mylyn,static,xgboost,5,5,1629,1,0,0.28009381890296936
aeeem_mylyn,static,xgboost,5,5,1631,0,0,0.28287580609321594
aeeem_mylyn,static,xgboost,5,5,1632,1,1,0.8134068846702576
aeeem_mylyn,static,xgboost,5,5,1634,0,0,0.12555146217346191
aeeem_mylyn,static,xgboost,5,5,1638,0,0,0.04941142722964287
aeeem_mylyn,static,xgboost,5,5,1643,0,0,0.22197403013706207
aeeem_mylyn,static,xgboost,5,5,1644,0,0,0.2033010572195053
aeeem_mylyn,static,xgboost,5,5,1646,0,0,0.1455146223306656
aeeem_mylyn,static,xgboost,5,5,1648,0,0,0.05080999433994293
aeeem_mylyn,static,xgboost,5,5,1651,0,0,0.045001059770584106
aeeem_mylyn,static,xgboost,5,5,1652,0,1,0.763281524181366
aeeem_mylyn,static,xgboost,5,5,1653,0,0,0.0336485393345356
aeeem_mylyn,static,xgboost,5,5,1654,0,0,0.17998260259628296
aeeem_mylyn,static,xgboost,5,5,1666,1,0,0.012694008648395538
aeeem_mylyn,static,xgboost,5,5,1673,0,0,0.007923520170152187
aeeem_mylyn,static,xgboost,5,5,1674,0,0,0.4141727387905121
aeeem_mylyn,static,xgboost,5,5,1675,1,0,0.05159815773367882
aeeem_mylyn,static,xgboost,5,5,1682,1,1,0.903121292591095
aeeem_mylyn,static,xgboost,5,5,1694,0,0,0.05546390637755394
aeeem_mylyn,static,xgboost,5,5,1700,1,1,0.5836383104324341
aeeem_mylyn,static,xgboost,5,5,1714,1,1,0.5207939147949219
aeeem_mylyn,static,xgboost,5,5,1727,0,1,0.6531587243080139
aeeem_mylyn,static,xgboost,5,5,1730,0,0,0.11939844489097595
aeeem_mylyn,static,xgboost,5,5,1750,0,0,0.09081634879112244
aeeem_mylyn,static,xgboost,5,5,1752,0,0,0.0705992579460144
aeeem_mylyn,static,xgboost,5,5,1763,0,0,0.0336485393345356
aeeem_mylyn,static,xgboost,5,5,1766,0,0,0.2192610800266266
aeeem_mylyn,static,xgboost,5,5,1769,0,0,0.03282183036208153
aeeem_mylyn,static,xgboost,5,5,1775,0,0,0.061764076352119446
aeeem_mylyn,static,xgboost,5,5,1777,0,0,0.06533206254243851
aeeem_mylyn,static,xgboost,5,5,1778,0,0,0.22658634185791016
aeeem_mylyn,static,xgboost,5,5,1779,0,0,0.042154621332883835
aeeem_mylyn,static,xgboost,5,5,1781,0,0,0.01718897372484207
aeeem_mylyn,static,xgboost,5,5,1785,0,0,0.2857510447502136
aeeem_mylyn,static,xgboost,5,5,1794,0,0,0.05955077335238457
aeeem_mylyn,static,xgboost,5,5,1795,1,1,0.5150249600410461
aeeem_mylyn,static,xgboost,5,5,1801,0,0,0.2546199560165405
aeeem_mylyn,static,xgboost,5,5,1803,0,0,0.013982712291181087
aeeem_mylyn,static,xgboost,5,5,1806,1,1,0.6312922835350037
aeeem_mylyn,static,xgboost,5,5,1809,0,0,0.3918091952800751
aeeem_mylyn,static,xgboost,5,5,1815,0,0,0.007412424311041832
aeeem_mylyn,static,xgboost,5,5,1824,0,0,0.024292830377817154
aeeem_mylyn,static,xgboost,5,5,1834,1,1,0.6140498518943787
aeeem_mylyn,static,xgboost,5,5,1836,0,0,0.025288846343755722
aeeem_mylyn,static,xgboost,5,5,1837,0,0,0.13289862871170044
aeeem_mylyn,static,xgboost,5,5,1840,0,0,0.3417094647884369
aeeem_mylyn,static,xgboost,5,5,1841,1,0,0.2366618514060974
aeeem_mylyn,static,xgboost,5,5,1845,0,0,0.16918709874153137
aeeem_mylyn,static,xgboost,5,5,1847,0,0,0.09224226325750351
aeeem_mylyn,static,xgboost,5,5,1857,0,0,0.05509524419903755
aeeem_mylyn,static,xgboost,5,5,1860,0,0,0.357036828994751
