dataset,feature_set,model,cv_folds,fold,row_index,y_true,y_pred,y_score
aeeem_mylyn,static,logistic_regression,10,1,0,0,1,0.5103867183555014
aeeem_mylyn,static,logistic_regression,10,1,13,0,0,0.19036142334702955
aeeem_mylyn,static,logistic_regression,10,1,28,0,0,0.027343198280592576
aeeem_mylyn,static,logistic_regression,10,1,35,0,0,0.4209046965340922
aeeem_mylyn,static,logistic_regression,10,1,36,0,1,0.5220795704658072
aeeem_mylyn,static,logistic_regression,10,1,51,1,1,0.8028069920546691
aeeem_mylyn,static,logistic_regression,10,1,52,0,0,0.22813677808213456
aeeem_mylyn,static,logistic_regression,10,1,54,0,0,0.317745594525576
aeeem_mylyn,static,logistic_regression,10,1,62,0,0,0.4229422840418966
aeeem_mylyn,static,logistic_regression,10,1,76,0,0,0.36257391897343144
aeeem_mylyn,static,logistic_regression,10,1,78,0,0,0.06890880232932199
aeeem_mylyn,static,logistic_regression,10,1,90,0,0,0.2668247026036822
aeeem_mylyn,static,logistic_regression,10,1,116,0,0,0.27376881790943497
aeeem_mylyn,static,logistic_regression,10,1,140,0,0,0.2767488296527005
aeeem_mylyn,static,logistic_regression,10,1,141,0,0,0.35473193476999526
aeeem_mylyn,static,logistic_regression,10,1,151,0,1,0.601658206638674
aeeem_mylyn,static,logistic_regression,10,1,152,0,0,0.3233988043205662
aeeem_mylyn,static,logistic_regression,10,1,160,0,0,0.3375339925841427
aeeem_mylyn,static,logistic_regression,10,1,174,0,1,0.6225975628516879
aeeem_mylyn,static,logistic_regression,10,1,176,0,1,0.5981387440243731
aeeem_mylyn,static,logistic_regression,10,1,186,1,1,0.5546362333333298
aeeem_mylyn,static,logistic_regression,10,1,228,0,0,0.3608399982872093
aeeem_mylyn,static,logistic_regression,10,1,241,0,0,0.14815159085560609
aeeem_mylyn,static,logistic_regression,10,1,251,0,0,0.27700909383687716
aeeem_mylyn,static,logistic_regression,10,1,261,1,1,0.9040898198523507
aeeem_mylyn,static,logistic_regression,10,1,263,0,0,0.3640564736237978
aeeem_mylyn,static,logistic_regression,10,1,295,0,0,0.2429746370502778
aeeem_mylyn,static,logistic_regression,10,1,297,0,1,0.5430177851735015
aeeem_mylyn,static,logistic_regression,10,1,298,0,0,0.359858168116384
aeeem_mylyn,static,logistic_regression,10,1,300,0,0,0.203951189807537
aeeem_mylyn,static,logistic_regression,10,1,302,0,0,0.3538415950808292
aeeem_mylyn,static,logistic_regression,10,1,311,0,0,0.4013179532530583
aeeem_mylyn,static,logistic_regression,10,1,354,0,0,0.17675677265781584
aeeem_mylyn,static,logistic_regression,10,1,375,1,1,0.98743870303843
aeeem_mylyn,static,logistic_regression,10,1,407,0,0,0.4885280234988882
aeeem_mylyn,static,logistic_regression,10,1,423,1,0,0.2679252970576168
aeeem_mylyn,static,logistic_regression,10,1,432,0,0,0.4069153683752958
aeeem_mylyn,static,logistic_regression,10,1,438,0,1,0.629312112779171
aeeem_mylyn,static,logistic_regression,10,1,441,1,0,0.1795277109700547
aeeem_mylyn,static,logistic_regression,10,1,486,1,1,0.7905484784260545
aeeem_mylyn,static,logistic_regression,10,1,487,0,0,0.21947848146726232
aeeem_mylyn,static,logistic_regression,10,1,496,0,0,0.44091931732047146
aeeem_mylyn,static,logistic_regression,10,1,506,0,0,0.4491753770450188
aeeem_mylyn,static,logistic_regression,10,1,515,0,0,0.416004589024515
aeeem_mylyn,static,logistic_regression,10,1,526,0,0,0.4333895346289092
aeeem_mylyn,static,logistic_regression,10,1,548,0,0,0.2949020433184579
aeeem_mylyn,static,logistic_regression,10,1,551,0,0,0.48463667207979394
aeeem_mylyn,static,logistic_regression,10,1,555,0,0,0.43121833906181367
aeeem_mylyn,static,logistic_regression,10,1,560,0,0,0.3206201966136513
aeeem_mylyn,static,logistic_regression,10,1,622,0,0,0.2951133547519419
aeeem_mylyn,static,logistic_regression,10,1,629,0,1,0.5281778148283541
aeeem_mylyn,static,logistic_regression,10,1,640,0,1,0.5819681728310632
aeeem_mylyn,static,logistic_regression,10,1,647,0,0,0.2140248675384947
aeeem_mylyn,static,logistic_regression,10,1,658,0,0,0.09521021022110794
aeeem_mylyn,static,logistic_regression,10,1,666,0,1,0.6897309533569009
aeeem_mylyn,static,logistic_regression,10,1,670,0,0,0.44350485327913425
aeeem_mylyn,static,logistic_regression,10,1,689,1,1,0.9201005080177814
aeeem_mylyn,static,logistic_regression,10,1,698,0,1,0.690441411045486
aeeem_mylyn,static,logistic_regression,10,1,699,0,0,0.33474002188801705
aeeem_mylyn,static,logistic_regression,10,1,701,0,0,0.3835221770607412
aeeem_mylyn,static,logistic_regression,10,1,738,0,0,0.3016617035790781
aeeem_mylyn,static,logistic_regression,10,1,744,0,0,0.39178073307285033
aeeem_mylyn,static,logistic_regression,10,1,750,0,0,0.2561558314975032
aeeem_mylyn,static,logistic_regression,10,1,766,1,0,0.17633339570723078
aeeem_mylyn,static,logistic_regression,10,1,772,0,0,0.45820574210026876
aeeem_mylyn,static,logistic_regression,10,1,776,0,0,0.4343861277788345
aeeem_mylyn,static,logistic_regression,10,1,780,0,1,0.8396034755678812
aeeem_mylyn,static,logistic_regression,10,1,783,0,0,0.18330050051586574
aeeem_mylyn,static,logistic_regression,10,1,826,0,1,0.7643153622227976
aeeem_mylyn,static,logistic_regression,10,1,829,0,0,0.43306977683027675
aeeem_mylyn,static,logistic_regression,10,1,840,0,0,0.3608399982872093
aeeem_mylyn,static,logistic_regression,10,1,859,0,0,0.3389125929875303
aeeem_mylyn,static,logistic_regression,10,1,860,0,1,0.5873456803944468
aeeem_mylyn,static,logistic_regression,10,1,870,0,0,0.3468982607242554
aeeem_mylyn,static,logistic_regression,10,1,886,0,0,0.39338436814602656
aeeem_mylyn,static,logistic_regression,10,1,889,0,0,0.35817282327749794
aeeem_mylyn,static,logistic_regression,10,1,890,0,0,0.20877038101273512
aeeem_mylyn,static,logistic_regression,10,1,892,0,0,0.12474258702635091
aeeem_mylyn,static,logistic_regression,10,1,894,1,0,0.3418537557062965
aeeem_mylyn,static,logistic_regression,10,1,896,0,0,0.45827044090487423
aeeem_mylyn,static,logistic_regression,10,1,900,0,1,0.5966143215204772
aeeem_mylyn,static,logistic_regression,10,1,904,0,0,0.27831933833266415
aeeem_mylyn,static,logistic_regression,10,1,921,0,0,0.2217975207649326
aeeem_mylyn,static,logistic_regression,10,1,923,0,0,0.3531969841622993
aeeem_mylyn,static,logistic_regression,10,1,938,0,0,0.3814239925284322
aeeem_mylyn,static,logistic_regression,10,1,940,0,0,0.4842797859198597
aeeem_mylyn,static,logistic_regression,10,1,942,0,0,0.33120723038969957
aeeem_mylyn,static,logistic_regression,10,1,945,0,0,0.4165175309113427
aeeem_mylyn,static,logistic_regression,10,1,948,0,0,0.039852757260201044
aeeem_mylyn,static,logistic_regression,10,1,958,0,0,0.26957721714453764
aeeem_mylyn,static,logistic_regression,10,1,960,0,0,0.359858168116384
aeeem_mylyn,static,logistic_regression,10,1,961,0,1,0.5715000777452821
aeeem_mylyn,static,logistic_regression,10,1,963,0,0,0.30203564614858963
aeeem_mylyn,static,logistic_regression,10,1,976,0,1,0.7311490252282633
aeeem_mylyn,static,logistic_regression,10,1,986,0,0,0.17334255901735748
aeeem_mylyn,static,logistic_regression,10,1,988,0,1,0.6527837993248023
aeeem_mylyn,static,logistic_regression,10,1,1011,0,0,0.19058350939735616
aeeem_mylyn,static,logistic_regression,10,1,1012,1,1,0.8636065479670858
aeeem_mylyn,static,logistic_regression,10,1,1019,0,0,0.07592100955369349
aeeem_mylyn,static,logistic_regression,10,1,1020,0,1,0.6622051480480606
aeeem_mylyn,static,logistic_regression,10,1,1022,0,0,0.4056791440228645
aeeem_mylyn,static,logistic_regression,10,1,1034,0,0,0.19768112699167928
aeeem_mylyn,static,logistic_regression,10,1,1037,0,0,0.3385709820659299
aeeem_mylyn,static,logistic_regression,10,1,1038,0,0,0.4018502002232275
aeeem_mylyn,static,logistic_regression,10,1,1040,0,0,0.36815910156785236
aeeem_mylyn,static,logistic_regression,10,1,1060,0,1,0.5071887083961448
aeeem_mylyn,static,logistic_regression,10,1,1068,0,0,0.3993388338749362
aeeem_mylyn,static,logistic_regression,10,1,1075,0,0,0.20325209920415754
aeeem_mylyn,static,logistic_regression,10,1,1080,0,0,0.04065137192821824
aeeem_mylyn,static,logistic_regression,10,1,1087,0,0,0.06405430066637913
aeeem_mylyn,static,logistic_regression,10,1,1108,0,1,0.6081176081341675
aeeem_mylyn,static,logistic_regression,10,1,1126,0,0,0.4382901266218152
aeeem_mylyn,static,logistic_regression,10,1,1152,0,0,0.3719391476124713
aeeem_mylyn,static,logistic_regression,10,1,1170,0,0,0.23200853178240058
aeeem_mylyn,static,logistic_regression,10,1,1171,0,0,0.4026785272577961
aeeem_mylyn,static,logistic_regression,10,1,1178,0,1,0.6669763155374338
aeeem_mylyn,static,logistic_regression,10,1,1179,0,0,0.37724008354939176
aeeem_mylyn,static,logistic_regression,10,1,1185,1,1,0.991716673014352
aeeem_mylyn,static,logistic_regression,10,1,1196,0,1,0.5110689542070149
aeeem_mylyn,static,logistic_regression,10,1,1199,0,1,0.5933147882624333
aeeem_mylyn,static,logistic_regression,10,1,1209,0,0,0.38206478066504007
aeeem_mylyn,static,logistic_regression,10,1,1228,0,0,0.37639864122776806
aeeem_mylyn,static,logistic_regression,10,1,1242,0,0,0.17118041042648843
aeeem_mylyn,static,logistic_regression,10,1,1252,0,0,0.2659771738959379
aeeem_mylyn,static,logistic_regression,10,1,1258,0,0,0.06268842990541174
aeeem_mylyn,static,logistic_regression,10,1,1268,1,1,0.5872472473758292
aeeem_mylyn,static,logistic_regression,10,1,1278,0,1,0.9948903856134869
aeeem_mylyn,static,logistic_regression,10,1,1283,1,1,0.62954312758227
aeeem_mylyn,static,logistic_regression,10,1,1285,0,1,0.6863734125704073
aeeem_mylyn,static,logistic_regression,10,1,1287,1,1,0.7904682605193845
aeeem_mylyn,static,logistic_regression,10,1,1293,0,0,0.37115744028390596
aeeem_mylyn,static,logistic_regression,10,1,1302,0,0,0.4735469000646269
aeeem_mylyn,static,logistic_regression,10,1,1318,0,0,0.35482953667882383
aeeem_mylyn,static,logistic_regression,10,1,1330,0,1,0.512954149398402
aeeem_mylyn,static,logistic_regression,10,1,1340,0,0,0.30028679517767715
aeeem_mylyn,static,logistic_regression,10,1,1352,1,1,0.9816260930464334
aeeem_mylyn,static,logistic_regression,10,1,1362,0,0,0.3735943407292707
aeeem_mylyn,static,logistic_regression,10,1,1366,1,1,0.7749959299328996
aeeem_mylyn,static,logistic_regression,10,1,1368,0,0,0.34279707328116393
aeeem_mylyn,static,logistic_regression,10,1,1380,1,1,0.7878170730554042
aeeem_mylyn,static,logistic_regression,10,1,1382,0,0,0.2877780387045759
aeeem_mylyn,static,logistic_regression,10,1,1389,0,0,0.3799848092416718
aeeem_mylyn,static,logistic_regression,10,1,1404,0,0,0.3806344253576736
aeeem_mylyn,static,logistic_regression,10,1,1408,0,0,0.31660621416501616
aeeem_mylyn,static,logistic_regression,10,1,1423,0,0,0.2088253577077914
aeeem_mylyn,static,logistic_regression,10,1,1425,0,0,0.37668478444461967
aeeem_mylyn,static,logistic_regression,10,1,1439,0,0,0.15864012399718477
aeeem_mylyn,static,logistic_regression,10,1,1448,0,0,0.3607508503205405
aeeem_mylyn,static,logistic_regression,10,1,1449,0,0,0.4374457040930834
aeeem_mylyn,static,logistic_regression,10,1,1475,0,0,0.36607625939199906
aeeem_mylyn,static,logistic_regression,10,1,1479,0,0,0.27083340570357645
aeeem_mylyn,static,logistic_regression,10,1,1482,1,0,0.42834694342539215
aeeem_mylyn,static,logistic_regression,10,1,1494,1,0,0.488275591008862
aeeem_mylyn,static,logistic_regression,10,1,1497,0,0,0.23407227286595292
aeeem_mylyn,static,logistic_regression,10,1,1502,0,1,0.6503056303695559
aeeem_mylyn,static,logistic_regression,10,1,1521,0,0,0.40956900870601753
aeeem_mylyn,static,logistic_regression,10,1,1528,0,1,0.9582317195366348
aeeem_mylyn,static,logistic_regression,10,1,1534,0,1,0.5653788542076306
aeeem_mylyn,static,logistic_regression,10,1,1538,0,0,0.47180650234495525
aeeem_mylyn,static,logistic_regression,10,1,1539,0,0,0.4184271732518304
aeeem_mylyn,static,logistic_regression,10,1,1547,0,0,0.4177256319579588
aeeem_mylyn,static,logistic_regression,10,1,1566,0,0,0.35597838621820715
aeeem_mylyn,static,logistic_regression,10,1,1578,0,0,0.44826660381447564
aeeem_mylyn,static,logistic_regression,10,1,1592,0,0,0.3396446679511958
aeeem_mylyn,static,logistic_regression,10,1,1601,0,1,0.7549540182749902
aeeem_mylyn,static,logistic_regression,10,1,1614,0,0,0.4173273375042369
aeeem_mylyn,static,logistic_regression,10,1,1615,0,0,0.3592637182631517
aeeem_mylyn,static,logistic_regression,10,1,1630,1,1,0.5907836159336879
aeeem_mylyn,static,logistic_regression,10,1,1676,1,1,0.6747948085967607
aeeem_mylyn,static,logistic_regression,10,1,1678,0,1,0.5482774702595379
aeeem_mylyn,static,logistic_regression,10,1,1704,0,0,0.31568413259944356
aeeem_mylyn,static,logistic_regression,10,1,1713,0,0,0.30842849813637846
aeeem_mylyn,static,logistic_regression,10,1,1716,0,0,0.20981573022577174
aeeem_mylyn,static,logistic_regression,10,1,1733,0,1,0.8616311046070527
aeeem_mylyn,static,logistic_regression,10,1,1734,0,0,0.3685851480340592
aeeem_mylyn,static,logistic_regression,10,1,1758,0,1,0.5882158034540306
aeeem_mylyn,static,logistic_regression,10,1,1772,0,0,0.25855718647468623
aeeem_mylyn,static,logistic_regression,10,1,1780,0,0,0.1779631950137517
aeeem_mylyn,static,logistic_regression,10,1,1784,1,0,0.3490386742675962
aeeem_mylyn,static,logistic_regression,10,1,1786,1,1,0.6675795055353405
aeeem_mylyn,static,logistic_regression,10,1,1790,0,0,0.36728596469599323
aeeem_mylyn,static,logistic_regression,10,1,1798,0,0,0.21647590816628956
aeeem_mylyn,static,logistic_regression,10,1,1823,0,0,0.172596537416574
aeeem_mylyn,static,logistic_regression,10,1,1831,1,0,0.4112390434702905
aeeem_mylyn,static,logistic_regression,10,1,1842,0,0,0.21137875129742068
aeeem_mylyn,static,logistic_regression,10,1,1846,0,0,0.3075150318015442
aeeem_mylyn,static,logistic_regression,10,1,1852,0,0,0.3424490403721876
aeeem_mylyn,static,logistic_regression,10,2,9,0,0,0.27778333778473835
aeeem_mylyn,static,logistic_regression,10,2,17,0,0,0.49119555413369936
aeeem_mylyn,static,logistic_regression,10,2,19,0,0,0.070902469614561
aeeem_mylyn,static,logistic_regression,10,2,20,0,0,0.2763131242946507
aeeem_mylyn,static,logistic_regression,10,2,21,0,0,0.45376681533904123
aeeem_mylyn,static,logistic_regression,10,2,22,0,1,0.8335950952429348
aeeem_mylyn,static,logistic_regression,10,2,32,0,1,0.5310856783963698
aeeem_mylyn,static,logistic_regression,10,2,53,0,0,0.06344602853675071
aeeem_mylyn,static,logistic_regression,10,2,69,0,0,0.245148157077658
aeeem_mylyn,static,logistic_regression,10,2,81,0,0,0.4192529954526071
aeeem_mylyn,static,logistic_regression,10,2,91,0,1,0.6925706638480567
aeeem_mylyn,static,logistic_regression,10,2,94,0,0,0.25570590690366707
aeeem_mylyn,static,logistic_regression,10,2,107,0,0,0.3640606569278955
aeeem_mylyn,static,logistic_regression,10,2,114,1,0,0.36887944733472045
aeeem_mylyn,static,logistic_regression,10,2,129,1,1,0.9739048406665517
aeeem_mylyn,static,logistic_regression,10,2,134,1,0,0.3640606569278955
aeeem_mylyn,static,logistic_regression,10,2,144,0,0,0.3315956624000427
aeeem_mylyn,static,logistic_regression,10,2,153,0,0,0.11586467059712
aeeem_mylyn,static,logistic_regression,10,2,154,0,0,0.15330954685247908
aeeem_mylyn,static,logistic_regression,10,2,162,0,0,0.2865045186490847
aeeem_mylyn,static,logistic_regression,10,2,167,0,0,0.46385721363194715
aeeem_mylyn,static,logistic_regression,10,2,170,0,1,0.7498790180881091
aeeem_mylyn,static,logistic_regression,10,2,187,0,0,0.06989260200338922
aeeem_mylyn,static,logistic_regression,10,2,201,0,0,0.29083426242246224
aeeem_mylyn,static,logistic_regression,10,2,219,0,0,0.2913471351413557
aeeem_mylyn,static,logistic_regression,10,2,223,0,0,0.20267565131863527
aeeem_mylyn,static,logistic_regression,10,2,225,0,0,0.21582556984993462
aeeem_mylyn,static,logistic_regression,10,2,235,0,1,0.8268206333327973
aeeem_mylyn,static,logistic_regression,10,2,245,0,0,0.44494552332044335
aeeem_mylyn,static,logistic_regression,10,2,247,1,1,0.7325342493061843
aeeem_mylyn,static,logistic_regression,10,2,252,1,0,0.35060863029687417
aeeem_mylyn,static,logistic_regression,10,2,262,0,0,0.194136210018077
aeeem_mylyn,static,logistic_regression,10,2,266,1,0,0.4480747720709606
aeeem_mylyn,static,logistic_regression,10,2,279,0,0,0.4017693223101477
aeeem_mylyn,static,logistic_regression,10,2,283,0,0,0.13592383204650366
aeeem_mylyn,static,logistic_regression,10,2,296,0,0,0.3586504805606622
aeeem_mylyn,static,logistic_regression,10,2,335,0,0,0.3050801399258953
aeeem_mylyn,static,logistic_regression,10,2,341,0,1,0.5348464241395604
aeeem_mylyn,static,logistic_regression,10,2,343,1,1,0.52966035788455
aeeem_mylyn,static,logistic_regression,10,2,345,0,1,0.6222904568438786
aeeem_mylyn,static,logistic_regression,10,2,351,0,0,0.21286353036180256
aeeem_mylyn,static,logistic_regression,10,2,352,0,0,0.07378043930511051
aeeem_mylyn,static,logistic_regression,10,2,365,0,0,0.04850855618783679
aeeem_mylyn,static,logistic_regression,10,2,367,0,0,0.31385471767695095
aeeem_mylyn,static,logistic_regression,10,2,393,0,0,0.10817159532681454
aeeem_mylyn,static,logistic_regression,10,2,397,0,0,0.27234211899005506
aeeem_mylyn,static,logistic_regression,10,2,403,0,0,0.37932495726995386
aeeem_mylyn,static,logistic_regression,10,2,421,0,0,0.40255725965291905
aeeem_mylyn,static,logistic_regression,10,2,427,0,0,0.38864040084993223
aeeem_mylyn,static,logistic_regression,10,2,429,0,0,0.3586518743300755
aeeem_mylyn,static,logistic_regression,10,2,448,0,0,0.11555780467012515
aeeem_mylyn,static,logistic_regression,10,2,469,1,1,0.9917526528191467
aeeem_mylyn,static,logistic_regression,10,2,474,0,0,0.3300002898553098
aeeem_mylyn,static,logistic_regression,10,2,476,0,0,0.30535734665505343
aeeem_mylyn,static,logistic_regression,10,2,491,0,0,0.30797118525441414
aeeem_mylyn,static,logistic_regression,10,2,492,0,0,0.3415110686046657
aeeem_mylyn,static,logistic_regression,10,2,505,0,0,0.3640606569278955
aeeem_mylyn,static,logistic_regression,10,2,509,0,0,0.09006242563057376
aeeem_mylyn,static,logistic_regression,10,2,520,0,1,0.7163100422858057
aeeem_mylyn,static,logistic_regression,10,2,530,0,1,0.6960563585873158
aeeem_mylyn,static,logistic_regression,10,2,534,0,0,0.27432201850249804
aeeem_mylyn,static,logistic_regression,10,2,542,0,0,0.34298808444795453
aeeem_mylyn,static,logistic_regression,10,2,570,0,0,0.1745707277193048
aeeem_mylyn,static,logistic_regression,10,2,593,0,0,0.06747796673844843
aeeem_mylyn,static,logistic_regression,10,2,595,1,0,0.3640606569278955
aeeem_mylyn,static,logistic_regression,10,2,596,0,0,0.24160905129074725
aeeem_mylyn,static,logistic_regression,10,2,599,1,0,0.2294083537873236
aeeem_mylyn,static,logistic_regression,10,2,603,0,0,0.29922003601515945
aeeem_mylyn,static,logistic_regression,10,2,608,0,0,0.18689451726129291
aeeem_mylyn,static,logistic_regression,10,2,614,0,0,0.18930465234518454
aeeem_mylyn,static,logistic_regression,10,2,628,0,0,0.41938059856030896
aeeem_mylyn,static,logistic_regression,10,2,642,0,0,0.3962065155016742
aeeem_mylyn,static,logistic_regression,10,2,644,0,0,0.13798024968689168
aeeem_mylyn,static,logistic_regression,10,2,648,0,0,0.3793344212153218
aeeem_mylyn,static,logistic_regression,10,2,652,1,0,0.37634110473708704
aeeem_mylyn,static,logistic_regression,10,2,662,0,0,0.3002806971727576
aeeem_mylyn,static,logistic_regression,10,2,679,0,0,0.10800009191814905
aeeem_mylyn,static,logistic_regression,10,2,694,0,0,0.36560010856499636
aeeem_mylyn,static,logistic_regression,10,2,706,1,0,0.3596278059513883
aeeem_mylyn,static,logistic_regression,10,2,708,0,0,0.2704272551249505
aeeem_mylyn,static,logistic_regression,10,2,709,0,0,0.44671086179872654
aeeem_mylyn,static,logistic_regression,10,2,734,0,1,0.5949027940025028
aeeem_mylyn,static,logistic_regression,10,2,737,0,0,0.3360155436605485
aeeem_mylyn,static,logistic_regression,10,2,739,0,1,0.8019493584677736
aeeem_mylyn,static,logistic_regression,10,2,740,0,0,0.2487035464782184
aeeem_mylyn,static,logistic_regression,10,2,753,0,1,0.9890355400607013
aeeem_mylyn,static,logistic_regression,10,2,758,0,0,0.4317087845335658
aeeem_mylyn,static,logistic_regression,10,2,763,0,1,0.5102037662480895
aeeem_mylyn,static,logistic_regression,10,2,775,0,1,0.5884015620630635
aeeem_mylyn,static,logistic_regression,10,2,777,0,1,0.5235257784216265
aeeem_mylyn,static,logistic_regression,10,2,782,0,0,0.2952785758006731
aeeem_mylyn,static,logistic_regression,10,2,802,0,0,0.06678316828217308
aeeem_mylyn,static,logistic_regression,10,2,804,0,0,0.3030346496765596
aeeem_mylyn,static,logistic_regression,10,2,818,0,0,0.3336549966259215
aeeem_mylyn,static,logistic_regression,10,2,831,0,0,0.26982888649079545
aeeem_mylyn,static,logistic_regression,10,2,842,0,0,0.461205669844001
aeeem_mylyn,static,logistic_regression,10,2,854,0,0,0.26097386146997836
aeeem_mylyn,static,logistic_regression,10,2,856,1,0,0.3333978182520701
aeeem_mylyn,static,logistic_regression,10,2,861,0,0,0.34218128795788744
aeeem_mylyn,static,logistic_regression,10,2,867,0,1,0.5536809601353646
aeeem_mylyn,static,logistic_regression,10,2,877,1,0,0.44288972572075075
aeeem_mylyn,static,logistic_regression,10,2,885,0,0,0.18002469267570273
aeeem_mylyn,static,logistic_regression,10,2,895,0,0,0.4943166043371749
aeeem_mylyn,static,logistic_regression,10,2,914,1,0,0.26103130304314004
aeeem_mylyn,static,logistic_regression,10,2,926,0,0,0.36348263232887007
aeeem_mylyn,static,logistic_regression,10,2,927,0,1,0.9271809357934758
aeeem_mylyn,static,logistic_regression,10,2,934,0,0,0.2866624210643942
aeeem_mylyn,static,logistic_regression,10,2,943,0,0,0.2966895305127592
aeeem_mylyn,static,logistic_regression,10,2,957,0,1,0.5957406843588436
aeeem_mylyn,static,logistic_regression,10,2,968,0,0,0.29465586361015944
aeeem_mylyn,static,logistic_regression,10,2,969,0,0,0.18429268381805647
aeeem_mylyn,static,logistic_regression,10,2,970,0,0,0.42268193052725905
aeeem_mylyn,static,logistic_regression,10,2,993,0,0,0.16538456654637373
aeeem_mylyn,static,logistic_regression,10,2,1006,0,0,0.41411493442196323
aeeem_mylyn,static,logistic_regression,10,2,1008,0,1,0.5094101400900883
aeeem_mylyn,static,logistic_regression,10,2,1009,0,0,0.2373703875699583
aeeem_mylyn,static,logistic_regression,10,2,1016,0,1,0.9869719552793177
aeeem_mylyn,static,logistic_regression,10,2,1069,0,1,0.9390864771151863
aeeem_mylyn,static,logistic_regression,10,2,1073,0,0,0.3614861681715618
aeeem_mylyn,static,logistic_regression,10,2,1074,0,0,0.18133049127282957
aeeem_mylyn,static,logistic_regression,10,2,1077,1,0,0.45355159712175097
aeeem_mylyn,static,logistic_regression,10,2,1083,0,0,0.4202166021852909
aeeem_mylyn,static,logistic_regression,10,2,1092,0,0,0.31009837278814106
aeeem_mylyn,static,logistic_regression,10,2,1118,0,0,0.42515589189528546
aeeem_mylyn,static,logistic_regression,10,2,1145,0,0,0.3522186397911986
aeeem_mylyn,static,logistic_regression,10,2,1155,0,1,0.7586812353016238
aeeem_mylyn,static,logistic_regression,10,2,1163,0,0,0.3236702825884598
aeeem_mylyn,static,logistic_regression,10,2,1165,0,0,0.3349051839335256
aeeem_mylyn,static,logistic_regression,10,2,1168,0,0,0.17631348332974753
aeeem_mylyn,static,logistic_regression,10,2,1195,0,0,0.3302779651864657
aeeem_mylyn,static,logistic_regression,10,2,1213,0,0,0.3646598848520564
aeeem_mylyn,static,logistic_regression,10,2,1222,0,0,0.3986406962830813
aeeem_mylyn,static,logistic_regression,10,2,1241,0,0,0.34360082218903504
aeeem_mylyn,static,logistic_regression,10,2,1246,0,0,0.24396248885224225
aeeem_mylyn,static,logistic_regression,10,2,1257,0,0,0.33141314631623975
aeeem_mylyn,static,logistic_regression,10,2,1265,0,0,0.35614151688578694
aeeem_mylyn,static,logistic_regression,10,2,1295,0,0,0.2556305104065026
aeeem_mylyn,static,logistic_regression,10,2,1305,0,1,0.5985738687643821
aeeem_mylyn,static,logistic_regression,10,2,1324,0,0,0.4343211677475977
aeeem_mylyn,static,logistic_regression,10,2,1373,0,0,0.11954718323014533
aeeem_mylyn,static,logistic_regression,10,2,1379,1,1,0.7081572368223105
aeeem_mylyn,static,logistic_regression,10,2,1392,0,1,0.6878590309558771
aeeem_mylyn,static,logistic_regression,10,2,1401,0,0,0.16192110118542374
aeeem_mylyn,static,logistic_regression,10,2,1403,0,0,0.3891922350720954
aeeem_mylyn,static,logistic_regression,10,2,1411,1,1,0.760063217499027
aeeem_mylyn,static,logistic_regression,10,2,1422,0,0,0.41844753545449925
aeeem_mylyn,static,logistic_regression,10,2,1435,0,0,0.322390059000775
aeeem_mylyn,static,logistic_regression,10,2,1454,0,0,0.29428349109533064
aeeem_mylyn,static,logistic_regression,10,2,1461,1,1,0.99762906022107
aeeem_mylyn,static,logistic_regression,10,2,1462,0,0,0.25570590690366707
aeeem_mylyn,static,logistic_regression,10,2,1463,0,1,0.6722564041326001
aeeem_mylyn,static,logistic_regression,10,2,1489,1,0,0.4144507577022348
aeeem_mylyn,static,logistic_regression,10,2,1492,0,0,0.29893228287766577
aeeem_mylyn,static,logistic_regression,10,2,1496,0,0,0.38357790557455607
aeeem_mylyn,static,logistic_regression,10,2,1501,0,1,0.511018784296587
aeeem_mylyn,static,logistic_regression,10,2,1515,1,0,0.3975005468582634
aeeem_mylyn,static,logistic_regression,10,2,1543,0,0,0.27985837727686363
aeeem_mylyn,static,logistic_regression,10,2,1552,0,0,0.3972957704052052
aeeem_mylyn,static,logistic_regression,10,2,1563,0,0,0.47541568056580535
aeeem_mylyn,static,logistic_regression,10,2,1576,1,1,0.9546286298099794
aeeem_mylyn,static,logistic_regression,10,2,1588,0,0,0.46777465212499275
aeeem_mylyn,static,logistic_regression,10,2,1595,0,0,0.3760946063211215
aeeem_mylyn,static,logistic_regression,10,2,1597,0,0,0.4888987156325383
aeeem_mylyn,static,logistic_regression,10,2,1598,0,0,0.4114083997771489
aeeem_mylyn,static,logistic_regression,10,2,1603,0,1,0.7150595451091518
aeeem_mylyn,static,logistic_regression,10,2,1605,0,0,0.33558935829151426
aeeem_mylyn,static,logistic_regression,10,2,1612,0,0,0.3151068030866234
aeeem_mylyn,static,logistic_regression,10,2,1635,0,0,0.33674351710899497
aeeem_mylyn,static,logistic_regression,10,2,1668,1,0,0.12980105058146782
aeeem_mylyn,static,logistic_regression,10,2,1680,1,0,0.3685102920058131
aeeem_mylyn,static,logistic_regression,10,2,1688,0,0,0.29053355783670404
aeeem_mylyn,static,logistic_regression,10,2,1712,0,0,0.20409674293785518
aeeem_mylyn,static,logistic_regression,10,2,1718,0,0,0.28715848205672706
aeeem_mylyn,static,logistic_regression,10,2,1720,0,0,0.3111364906243901
aeeem_mylyn,static,logistic_regression,10,2,1739,0,0,0.13400355202666228
aeeem_mylyn,static,logistic_regression,10,2,1741,0,0,0.4768016416791375
aeeem_mylyn,static,logistic_regression,10,2,1747,0,1,0.692725206105488
aeeem_mylyn,static,logistic_regression,10,2,1754,0,0,0.43682150815291704
aeeem_mylyn,static,logistic_regression,10,2,1757,0,0,0.4845183230322412
aeeem_mylyn,static,logistic_regression,10,2,1771,0,0,0.1433598857817284
aeeem_mylyn,static,logistic_regression,10,2,1789,0,0,0.4304261725373855
aeeem_mylyn,static,logistic_regression,10,2,1791,0,0,0.1094819983551445
aeeem_mylyn,static,logistic_regression,10,2,1796,0,0,0.4062710144644769
aeeem_mylyn,static,logistic_regression,10,2,1812,0,0,0.38096567859616143
aeeem_mylyn,static,logistic_regression,10,2,1822,0,1,0.545932915892809
aeeem_mylyn,static,logistic_regression,10,2,1828,0,0,0.03433916388529966
aeeem_mylyn,static,logistic_regression,10,2,1835,1,0,0.21154548694835607
aeeem_mylyn,static,logistic_regression,10,3,1,0,1,0.5282206779233819
aeeem_mylyn,static,logistic_regression,10,3,16,0,0,0.4061613493579642
aeeem_mylyn,static,logistic_regression,10,3,23,0,0,0.37609128865686775
aeeem_mylyn,static,logistic_regression,10,3,25,0,0,0.45222742143034916
aeeem_mylyn,static,logistic_regression,10,3,27,0,0,0.11199722560320884
aeeem_mylyn,static,logistic_regression,10,3,41,0,1,0.8104601550687526
aeeem_mylyn,static,logistic_regression,10,3,42,0,1,0.5662812068322737
aeeem_mylyn,static,logistic_regression,10,3,45,0,0,0.37391919468083684
aeeem_mylyn,static,logistic_regression,10,3,57,0,0,0.43918433736961165
aeeem_mylyn,static,logistic_regression,10,3,60,1,1,0.6057405614243976
aeeem_mylyn,static,logistic_regression,10,3,84,0,1,0.5066806235297102
aeeem_mylyn,static,logistic_regression,10,3,88,0,0,0.3534387300854227
aeeem_mylyn,static,logistic_regression,10,3,93,0,0,0.39030813211440374
aeeem_mylyn,static,logistic_regression,10,3,99,1,0,0.23679427619209004
aeeem_mylyn,static,logistic_regression,10,3,111,1,1,0.9639504242087031
aeeem_mylyn,static,logistic_regression,10,3,119,0,0,0.4708829907412305
aeeem_mylyn,static,logistic_regression,10,3,120,0,1,0.60608651006174
aeeem_mylyn,static,logistic_regression,10,3,122,0,0,0.4459885661664309
aeeem_mylyn,static,logistic_regression,10,3,127,0,0,0.33653734118058987
aeeem_mylyn,static,logistic_regression,10,3,135,0,0,0.1849201519949122
aeeem_mylyn,static,logistic_regression,10,3,148,0,0,0.3596400125589331
aeeem_mylyn,static,logistic_regression,10,3,156,1,1,0.9386076838523116
aeeem_mylyn,static,logistic_regression,10,3,166,0,0,0.32009628333621903
aeeem_mylyn,static,logistic_regression,10,3,172,0,0,0.3028066340094975
aeeem_mylyn,static,logistic_regression,10,3,173,1,0,0.4021299637259546
aeeem_mylyn,static,logistic_regression,10,3,181,0,1,0.6990095327680258
aeeem_mylyn,static,logistic_regression,10,3,195,0,0,0.4604398123165473
aeeem_mylyn,static,logistic_regression,10,3,198,0,0,0.018771834237999867
aeeem_mylyn,static,logistic_regression,10,3,202,0,0,0.36968810095826254
aeeem_mylyn,static,logistic_regression,10,3,212,0,0,0.2568618088950297
aeeem_mylyn,static,logistic_regression,10,3,215,0,0,0.3251265036307396
aeeem_mylyn,static,logistic_regression,10,3,229,0,0,0.4415587198793575
aeeem_mylyn,static,logistic_regression,10,3,242,0,0,0.17202708888747292
aeeem_mylyn,static,logistic_regression,10,3,246,0,0,0.36151681528739077
aeeem_mylyn,static,logistic_regression,10,3,249,0,0,0.35588426928443206
aeeem_mylyn,static,logistic_regression,10,3,250,0,1,0.7407715171347737
aeeem_mylyn,static,logistic_regression,10,3,253,0,1,0.8603208817485696
aeeem_mylyn,static,logistic_regression,10,3,258,0,0,0.14417871478157698
aeeem_mylyn,static,logistic_regression,10,3,259,0,0,0.2977898124775858
aeeem_mylyn,static,logistic_regression,10,3,303,0,0,0.4305517776734909
aeeem_mylyn,static,logistic_regression,10,3,304,0,1,0.6437910318120786
aeeem_mylyn,static,logistic_regression,10,3,307,0,0,0.26643479612048293
aeeem_mylyn,static,logistic_regression,10,3,315,0,0,0.4030835723287529
aeeem_mylyn,static,logistic_regression,10,3,317,1,1,0.6223278060464679
aeeem_mylyn,static,logistic_regression,10,3,329,1,0,0.3772749103482002
aeeem_mylyn,static,logistic_regression,10,3,338,1,1,0.8506387181136705
aeeem_mylyn,static,logistic_regression,10,3,342,0,1,0.6771471411799524
aeeem_mylyn,static,logistic_regression,10,3,347,0,0,0.28144953784867743
aeeem_mylyn,static,logistic_regression,10,3,363,0,0,0.30297456962441816
aeeem_mylyn,static,logistic_regression,10,3,371,0,0,0.31612950730435824
aeeem_mylyn,static,logistic_regression,10,3,374,0,0,0.49886288685367164
aeeem_mylyn,static,logistic_regression,10,3,416,0,0,0.3945794937335537
aeeem_mylyn,static,logistic_regression,10,3,437,0,0,0.30001525747322016
aeeem_mylyn,static,logistic_regression,10,3,456,0,0,0.4557403728864091
aeeem_mylyn,static,logistic_regression,10,3,473,0,0,0.16767843123241433
aeeem_mylyn,static,logistic_regression,10,3,475,1,0,0.05280292056639884
aeeem_mylyn,static,logistic_regression,10,3,484,0,0,0.32004994042482265
aeeem_mylyn,static,logistic_regression,10,3,490,0,0,0.1798987842388605
aeeem_mylyn,static,logistic_regression,10,3,494,0,0,0.36151681528739077
aeeem_mylyn,static,logistic_regression,10,3,517,0,0,0.25601122747635785
aeeem_mylyn,static,logistic_regression,10,3,522,0,0,0.3772749103482002
aeeem_mylyn,static,logistic_regression,10,3,528,1,0,0.38230367220249756
aeeem_mylyn,static,logistic_regression,10,3,531,0,0,0.12111586686513315
aeeem_mylyn,static,logistic_regression,10,3,538,0,0,0.3028066340094975
aeeem_mylyn,static,logistic_regression,10,3,539,0,0,0.12373816365313542
aeeem_mylyn,static,logistic_regression,10,3,546,0,0,0.23280914174039205
aeeem_mylyn,static,logistic_regression,10,3,550,0,0,0.4624036511716952
aeeem_mylyn,static,logistic_regression,10,3,556,1,0,0.43966777373079713
aeeem_mylyn,static,logistic_regression,10,3,558,0,0,0.17198718550568637
aeeem_mylyn,static,logistic_regression,10,3,577,1,1,0.9262711046086399
aeeem_mylyn,static,logistic_regression,10,3,579,0,0,0.13979295546477868
aeeem_mylyn,static,logistic_regression,10,3,581,0,0,0.343965679397759
aeeem_mylyn,static,logistic_regression,10,3,584,0,0,0.4896961447018983
aeeem_mylyn,static,logistic_regression,10,3,587,1,0,0.42876706187288227
aeeem_mylyn,static,logistic_regression,10,3,597,0,0,0.03860372479837517
aeeem_mylyn,static,logistic_regression,10,3,604,0,0,0.4821089720573169
aeeem_mylyn,static,logistic_regression,10,3,605,0,0,0.4937451186662197
aeeem_mylyn,static,logistic_regression,10,3,612,1,1,0.5427474106319249
aeeem_mylyn,static,logistic_regression,10,3,616,0,0,0.4315918074784897
aeeem_mylyn,static,logistic_regression,10,3,620,0,0,0.38620950426723855
aeeem_mylyn,static,logistic_regression,10,3,625,0,0,0.317025879705284
aeeem_mylyn,static,logistic_regression,10,3,665,0,1,0.5097377278528685
aeeem_mylyn,static,logistic_regression,10,3,671,0,0,0.18777346489309804
aeeem_mylyn,static,logistic_regression,10,3,673,0,1,0.542349529368685
aeeem_mylyn,static,logistic_regression,10,3,677,0,0,0.16861518116445942
aeeem_mylyn,static,logistic_regression,10,3,680,0,0,0.45341482973287217
aeeem_mylyn,static,logistic_regression,10,3,712,0,0,0.35238780694220717
aeeem_mylyn,static,logistic_regression,10,3,720,0,1,0.5150073927528334
aeeem_mylyn,static,logistic_regression,10,3,721,0,0,0.32652099160222
aeeem_mylyn,static,logistic_regression,10,3,722,0,0,0.19812486831482953
aeeem_mylyn,static,logistic_regression,10,3,726,1,1,0.9969383923118788
aeeem_mylyn,static,logistic_regression,10,3,732,0,0,0.15238539641038426
aeeem_mylyn,static,logistic_regression,10,3,755,0,0,0.3012268076631653
aeeem_mylyn,static,logistic_regression,10,3,756,0,1,0.7579386751660574
aeeem_mylyn,static,logistic_regression,10,3,774,0,0,0.2555250934804754
aeeem_mylyn,static,logistic_regression,10,3,790,1,1,0.5034611657786928
aeeem_mylyn,static,logistic_regression,10,3,801,0,0,0.31164839643587483
aeeem_mylyn,static,logistic_regression,10,3,803,0,0,0.3568678813592857
aeeem_mylyn,static,logistic_regression,10,3,809,0,0,0.074970989160348
aeeem_mylyn,static,logistic_regression,10,3,813,0,0,0.4108584855067896
aeeem_mylyn,static,logistic_regression,10,3,827,0,0,0.42004478757063696
aeeem_mylyn,static,logistic_regression,10,3,836,1,1,0.9814051516160958
aeeem_mylyn,static,logistic_regression,10,3,857,0,0,0.3078308012529782
aeeem_mylyn,static,logistic_regression,10,3,865,0,0,0.03507521437908939
aeeem_mylyn,static,logistic_regression,10,3,887,0,1,0.937848886813874
aeeem_mylyn,static,logistic_regression,10,3,891,0,1,0.901817295553294
aeeem_mylyn,static,logistic_regression,10,3,915,0,0,0.36974350384062793
aeeem_mylyn,static,logistic_regression,10,3,930,0,0,0.39017090915913166
aeeem_mylyn,static,logistic_regression,10,3,967,0,0,0.13680711228917464
aeeem_mylyn,static,logistic_regression,10,3,971,0,0,0.41150177594649195
aeeem_mylyn,static,logistic_regression,10,3,974,0,0,0.2271081533153713
aeeem_mylyn,static,logistic_regression,10,3,984,0,0,0.21530156228708008
aeeem_mylyn,static,logistic_regression,10,3,987,0,0,0.4057771815883372
aeeem_mylyn,static,logistic_regression,10,3,1004,0,0,0.3374395835896637
aeeem_mylyn,static,logistic_regression,10,3,1005,1,1,0.930205578039727
aeeem_mylyn,static,logistic_regression,10,3,1026,0,0,1.5728964886129539e-06
aeeem_mylyn,static,logistic_regression,10,3,1027,0,0,0.2955053223712813
aeeem_mylyn,static,logistic_regression,10,3,1041,0,0,0.33935476780639023
aeeem_mylyn,static,logistic_regression,10,3,1047,0,1,0.6337325984414545
aeeem_mylyn,static,logistic_regression,10,3,1056,0,0,0.3308035769768853
aeeem_mylyn,static,logistic_regression,10,3,1078,0,0,0.2979226815630243
aeeem_mylyn,static,logistic_regression,10,3,1088,0,0,0.26645817847005576
aeeem_mylyn,static,logistic_regression,10,3,1095,0,0,0.1547032265651251
aeeem_mylyn,static,logistic_regression,10,3,1103,0,0,0.2801920277051715
aeeem_mylyn,static,logistic_regression,10,3,1133,0,0,0.4190779250379516
aeeem_mylyn,static,logistic_regression,10,3,1137,0,0,0.14133629104079853
aeeem_mylyn,static,logistic_regression,10,3,1149,0,0,0.4089019974534685
aeeem_mylyn,static,logistic_regression,10,3,1151,0,0,0.327845817354199
aeeem_mylyn,static,logistic_regression,10,3,1159,0,0,0.08381690981797749
aeeem_mylyn,static,logistic_regression,10,3,1186,0,1,0.5883112559077669
aeeem_mylyn,static,logistic_regression,10,3,1187,0,0,0.37328597445683703
aeeem_mylyn,static,logistic_regression,10,3,1192,0,0,0.1863841774541048
aeeem_mylyn,static,logistic_regression,10,3,1198,1,0,0.19486021380846227
aeeem_mylyn,static,logistic_regression,10,3,1208,0,0,0.3190320920239266
aeeem_mylyn,static,logistic_regression,10,3,1240,0,0,0.3449062548286122
aeeem_mylyn,static,logistic_regression,10,3,1243,1,1,0.5250579425334188
aeeem_mylyn,static,logistic_regression,10,3,1244,0,0,0.3765884595513242
aeeem_mylyn,static,logistic_regression,10,3,1245,0,1,0.5785274860729799
aeeem_mylyn,static,logistic_regression,10,3,1267,0,0,0.25838787499064786
aeeem_mylyn,static,logistic_regression,10,3,1274,0,0,0.36151681528739077
aeeem_mylyn,static,logistic_regression,10,3,1279,0,0,0.316107016256427
aeeem_mylyn,static,logistic_regression,10,3,1288,1,0,0.4534151821514052
aeeem_mylyn,static,logistic_regression,10,3,1294,0,1,0.9110284508551771
aeeem_mylyn,static,logistic_regression,10,3,1306,0,0,0.27911916014500976
aeeem_mylyn,static,logistic_regression,10,3,1319,0,1,0.5078369210604685
aeeem_mylyn,static,logistic_regression,10,3,1321,0,1,0.753881654888254
aeeem_mylyn,static,logistic_regression,10,3,1322,0,0,0.3201188862870257
aeeem_mylyn,static,logistic_regression,10,3,1323,0,0,0.14748399239987883
aeeem_mylyn,static,logistic_regression,10,3,1372,0,0,0.3391652625119922
aeeem_mylyn,static,logistic_regression,10,3,1396,0,1,0.6075695860440355
aeeem_mylyn,static,logistic_regression,10,3,1417,0,1,0.9055553204019164
aeeem_mylyn,static,logistic_regression,10,3,1420,0,0,0.24439550773337912
aeeem_mylyn,static,logistic_regression,10,3,1429,0,0,0.3270990036088015
aeeem_mylyn,static,logistic_regression,10,3,1474,0,0,0.12565599369672598
aeeem_mylyn,static,logistic_regression,10,3,1499,0,0,0.10015929354172691
aeeem_mylyn,static,logistic_regression,10,3,1506,0,0,0.09523731582467877
aeeem_mylyn,static,logistic_regression,10,3,1516,1,0,0.28566204915392596
aeeem_mylyn,static,logistic_regression,10,3,1540,0,0,0.18756289431606027
aeeem_mylyn,static,logistic_regression,10,3,1551,0,0,0.28336508409636907
aeeem_mylyn,static,logistic_regression,10,3,1560,0,0,0.02498173444166937
aeeem_mylyn,static,logistic_regression,10,3,1567,0,0,0.37775837116828037
aeeem_mylyn,static,logistic_regression,10,3,1580,0,0,0.30622567877903023
aeeem_mylyn,static,logistic_regression,10,3,1585,0,0,0.21652424771844678
aeeem_mylyn,static,logistic_regression,10,3,1600,0,0,0.28575953198164034
aeeem_mylyn,static,logistic_regression,10,3,1609,0,0,0.3568367767604188
aeeem_mylyn,static,logistic_regression,10,3,1624,0,0,0.11603626603973
aeeem_mylyn,static,logistic_regression,10,3,1677,0,0,0.4982250069501861
aeeem_mylyn,static,logistic_regression,10,3,1689,0,0,0.39744749624799636
aeeem_mylyn,static,logistic_regression,10,3,1692,0,1,0.8116929336618381
aeeem_mylyn,static,logistic_regression,10,3,1706,0,0,0.3083028312800715
aeeem_mylyn,static,logistic_regression,10,3,1719,0,1,0.5135010575798544
aeeem_mylyn,static,logistic_regression,10,3,1721,0,0,0.3676655255060778
aeeem_mylyn,static,logistic_regression,10,3,1722,0,0,0.316455402630165
aeeem_mylyn,static,logistic_regression,10,3,1738,0,1,0.9999999967926669
aeeem_mylyn,static,logistic_regression,10,3,1745,0,0,0.3226057796056487
aeeem_mylyn,static,logistic_regression,10,3,1751,0,0,0.16287413464700623
aeeem_mylyn,static,logistic_regression,10,3,1761,0,0,0.30563965785812686
aeeem_mylyn,static,logistic_regression,10,3,1793,0,0,0.264383971360773
aeeem_mylyn,static,logistic_regression,10,3,1799,1,0,0.44136371461368534
aeeem_mylyn,static,logistic_regression,10,3,1818,0,0,0.2544096277932799
aeeem_mylyn,static,logistic_regression,10,3,1825,0,0,0.355742155165613
aeeem_mylyn,static,logistic_regression,10,3,1832,0,0,0.30418754994606995
aeeem_mylyn,static,logistic_regression,10,3,1838,0,0,0.2742433860454962
aeeem_mylyn,static,logistic_regression,10,3,1848,0,0,0.2898119694798161
aeeem_mylyn,static,logistic_regression,10,3,1851,0,1,0.5067530229559807
aeeem_mylyn,static,logistic_regression,10,3,1855,1,1,0.6336816978884834
aeeem_mylyn,static,logistic_regression,10,4,3,0,0,0.3039640231099522
aeeem_mylyn,static,logistic_regression,10,4,4,0,0,0.049940276559095984
aeeem_mylyn,static,logistic_regression,10,4,10,0,0,0.2912588157998606
aeeem_mylyn,static,logistic_regression,10,4,14,0,0,0.3038555661823794
aeeem_mylyn,static,logistic_regression,10,4,30,1,0,0.19810384610249068
aeeem_mylyn,static,logistic_regression,10,4,34,0,0,0.3607224595258966
aeeem_mylyn,static,logistic_regression,10,4,44,0,0,0.4946333331172917
aeeem_mylyn,static,logistic_regression,10,4,55,0,0,0.47954270719754993
aeeem_mylyn,static,logistic_regression,10,4,58,0,0,0.48380151312825287
aeeem_mylyn,static,logistic_regression,10,4,61,0,0,0.3394329106077868
aeeem_mylyn,static,logistic_regression,10,4,70,0,0,0.37177550396394055
aeeem_mylyn,static,logistic_regression,10,4,95,0,0,0.2592347707502176
aeeem_mylyn,static,logistic_regression,10,4,102,0,0,0.42965956553235063
aeeem_mylyn,static,logistic_regression,10,4,118,0,0,0.3684977046362345
aeeem_mylyn,static,logistic_regression,10,4,125,0,0,0.48789632817255635
aeeem_mylyn,static,logistic_regression,10,4,128,0,0,0.3160618036352394
aeeem_mylyn,static,logistic_regression,10,4,132,0,1,0.7040787624792025
aeeem_mylyn,static,logistic_regression,10,4,142,0,0,0.007436107182447308
aeeem_mylyn,static,logistic_regression,10,4,143,0,0,0.30959142505350634
aeeem_mylyn,static,logistic_regression,10,4,155,0,0,0.18788741413219492
aeeem_mylyn,static,logistic_regression,10,4,168,0,0,0.34121056896795837
aeeem_mylyn,static,logistic_regression,10,4,183,0,0,0.3217555550226243
aeeem_mylyn,static,logistic_regression,10,4,190,0,1,0.5256139142074957
aeeem_mylyn,static,logistic_regression,10,4,193,0,0,0.07519513527034827
aeeem_mylyn,static,logistic_regression,10,4,199,1,0,0.16296700895802835
aeeem_mylyn,static,logistic_regression,10,4,214,0,0,0.42402893545804055
aeeem_mylyn,static,logistic_regression,10,4,217,1,1,0.7249580771600836
aeeem_mylyn,static,logistic_regression,10,4,221,0,0,0.39327880334300863
aeeem_mylyn,static,logistic_regression,10,4,232,0,0,0.20900886825144538
aeeem_mylyn,static,logistic_regression,10,4,239,1,1,0.8748952330456565
aeeem_mylyn,static,logistic_regression,10,4,267,0,0,0.3837294533019256
aeeem_mylyn,static,logistic_regression,10,4,274,0,0,0.366452435419243
aeeem_mylyn,static,logistic_regression,10,4,278,0,1,0.7592380220184459
aeeem_mylyn,static,logistic_regression,10,4,280,0,1,0.5584975253576703
aeeem_mylyn,static,logistic_regression,10,4,285,0,1,0.8458645282217044
aeeem_mylyn,static,logistic_regression,10,4,288,0,0,0.3430759819330059
aeeem_mylyn,static,logistic_regression,10,4,305,0,1,0.5500919827424103
aeeem_mylyn,static,logistic_regression,10,4,306,0,0,0.38094316400122213
aeeem_mylyn,static,logistic_regression,10,4,319,0,0,0.2866009674283285
aeeem_mylyn,static,logistic_regression,10,4,323,0,0,0.35380624775403763
aeeem_mylyn,static,logistic_regression,10,4,336,0,0,0.3120587773448984
aeeem_mylyn,static,logistic_regression,10,4,344,0,0,0.30504011409455994
aeeem_mylyn,static,logistic_regression,10,4,349,0,0,0.38094316400122213
aeeem_mylyn,static,logistic_regression,10,4,357,1,1,0.7706341714788377
aeeem_mylyn,static,logistic_regression,10,4,376,0,0,0.10999958071709454
aeeem_mylyn,static,logistic_regression,10,4,384,0,1,0.8302155481795105
aeeem_mylyn,static,logistic_regression,10,4,389,0,0,0.22097953146414898
aeeem_mylyn,static,logistic_regression,10,4,410,0,0,0.23321503628589088
aeeem_mylyn,static,logistic_regression,10,4,428,0,0,0.1505073713422229
aeeem_mylyn,static,logistic_regression,10,4,451,0,0,0.3081133058997583
aeeem_mylyn,static,logistic_regression,10,4,452,0,0,0.3907892049420527
aeeem_mylyn,static,logistic_regression,10,4,461,0,0,0.37319130368515413
aeeem_mylyn,static,logistic_regression,10,4,464,0,0,0.1402841542805123
aeeem_mylyn,static,logistic_regression,10,4,481,0,1,0.814536688526502
aeeem_mylyn,static,logistic_regression,10,4,495,1,1,0.6781524877299652
aeeem_mylyn,static,logistic_regression,10,4,501,0,0,0.3552058614726956
aeeem_mylyn,static,logistic_regression,10,4,502,0,0,0.20874682481462128
aeeem_mylyn,static,logistic_regression,10,4,510,0,0,0.3960488358305189
aeeem_mylyn,static,logistic_regression,10,4,511,0,1,0.7770828658344768
aeeem_mylyn,static,logistic_regression,10,4,524,0,0,0.43848468282159436
aeeem_mylyn,static,logistic_regression,10,4,529,0,0,0.3100189049584909
aeeem_mylyn,static,logistic_regression,10,4,532,0,1,0.5395013133288249
aeeem_mylyn,static,logistic_regression,10,4,569,0,0,0.14417570154775067
aeeem_mylyn,static,logistic_regression,10,4,590,0,0,0.16092247628757664
aeeem_mylyn,static,logistic_regression,10,4,615,0,0,0.34222251824596867
aeeem_mylyn,static,logistic_regression,10,4,635,1,0,0.15844222518937137
aeeem_mylyn,static,logistic_regression,10,4,636,0,1,0.7227708435692853
aeeem_mylyn,static,logistic_regression,10,4,645,0,0,0.19154302859250097
aeeem_mylyn,static,logistic_regression,10,4,646,0,0,0.46142114136807055
aeeem_mylyn,static,logistic_regression,10,4,651,0,1,0.8446265333596463
aeeem_mylyn,static,logistic_regression,10,4,653,1,0,0.09456528338363444
aeeem_mylyn,static,logistic_regression,10,4,654,0,1,0.7327217809470113
aeeem_mylyn,static,logistic_regression,10,4,655,0,0,0.04658425690453103
aeeem_mylyn,static,logistic_regression,10,4,660,0,0,0.4455088253893863
aeeem_mylyn,static,logistic_regression,10,4,664,0,0,0.4212372919260096
aeeem_mylyn,static,logistic_regression,10,4,668,0,1,0.5164037773674052
aeeem_mylyn,static,logistic_regression,10,4,669,1,1,0.6382949443634822
aeeem_mylyn,static,logistic_regression,10,4,681,0,0,0.0473493102712575
aeeem_mylyn,static,logistic_regression,10,4,695,0,0,0.278930357129517
aeeem_mylyn,static,logistic_regression,10,4,713,0,0,0.27660163522869013
aeeem_mylyn,static,logistic_regression,10,4,745,0,0,0.05161067173374605
aeeem_mylyn,static,logistic_regression,10,4,749,0,1,0.528798415022995
aeeem_mylyn,static,logistic_regression,10,4,765,0,0,0.36533507305724644
aeeem_mylyn,static,logistic_regression,10,4,767,0,0,0.31504088231520505
aeeem_mylyn,static,logistic_regression,10,4,768,0,0,0.17410449119495588
aeeem_mylyn,static,logistic_regression,10,4,778,0,0,0.2501032075001369
aeeem_mylyn,static,logistic_regression,10,4,781,0,0,0.08146775933809539
aeeem_mylyn,static,logistic_regression,10,4,791,1,1,0.9531146418931462
aeeem_mylyn,static,logistic_regression,10,4,796,0,1,0.8375629144110186
aeeem_mylyn,static,logistic_regression,10,4,810,0,0,0.2649172551320026
aeeem_mylyn,static,logistic_regression,10,4,812,0,0,0.4857839343233927
aeeem_mylyn,static,logistic_regression,10,4,821,1,0,0.31533766324261675
aeeem_mylyn,static,logistic_regression,10,4,828,0,0,0.31880865088694016
aeeem_mylyn,static,logistic_regression,10,4,835,0,0,0.33645235575913485
aeeem_mylyn,static,logistic_regression,10,4,839,1,0,0.38840271867552495
aeeem_mylyn,static,logistic_regression,10,4,849,0,0,0.49321372009491726
aeeem_mylyn,static,logistic_regression,10,4,853,0,1,0.5417946812502255
aeeem_mylyn,static,logistic_regression,10,4,858,0,1,0.6158507094025246
aeeem_mylyn,static,logistic_regression,10,4,876,1,1,0.727772882857218
aeeem_mylyn,static,logistic_regression,10,4,878,0,0,0.2719742764423056
aeeem_mylyn,static,logistic_regression,10,4,883,0,0,0.13270121346830194
aeeem_mylyn,static,logistic_regression,10,4,888,0,0,0.25304719908886175
aeeem_mylyn,static,logistic_regression,10,4,906,0,1,0.548164056589659
aeeem_mylyn,static,logistic_regression,10,4,911,0,0,0.3906751704710934
aeeem_mylyn,static,logistic_regression,10,4,913,0,0,0.4304720675986891
aeeem_mylyn,static,logistic_regression,10,4,928,1,1,0.8401556881475912
aeeem_mylyn,static,logistic_regression,10,4,931,0,0,0.38792082365994884
aeeem_mylyn,static,logistic_regression,10,4,947,0,0,0.32103503235141057
aeeem_mylyn,static,logistic_regression,10,4,949,0,1,0.5427595652768081
aeeem_mylyn,static,logistic_regression,10,4,953,1,1,0.8894004614822346
aeeem_mylyn,static,logistic_regression,10,4,956,1,1,0.5640565595896762
aeeem_mylyn,static,logistic_regression,10,4,965,0,1,0.5430220953361529
aeeem_mylyn,static,logistic_regression,10,4,997,1,0,0.23080281237925346
aeeem_mylyn,static,logistic_regression,10,4,1050,0,1,0.8010202838738689
aeeem_mylyn,static,logistic_regression,10,4,1061,0,0,0.1486598266335195
aeeem_mylyn,static,logistic_regression,10,4,1094,0,0,0.362068155221651
aeeem_mylyn,static,logistic_regression,10,4,1098,0,0,0.28722780253035446
aeeem_mylyn,static,logistic_regression,10,4,1110,0,0,0.3782046914312933
aeeem_mylyn,static,logistic_regression,10,4,1117,0,0,0.2569459418126994
aeeem_mylyn,static,logistic_regression,10,4,1153,0,1,0.6258247424739869
aeeem_mylyn,static,logistic_regression,10,4,1161,0,0,0.18238724810260395
aeeem_mylyn,static,logistic_regression,10,4,1183,0,0,0.2535543903448677
aeeem_mylyn,static,logistic_regression,10,4,1204,1,1,0.9905199045366818
aeeem_mylyn,static,logistic_regression,10,4,1207,0,0,0.028290730117887197
aeeem_mylyn,static,logistic_regression,10,4,1215,0,0,0.33040309837670706
aeeem_mylyn,static,logistic_regression,10,4,1218,0,0,0.4701246900962194
aeeem_mylyn,static,logistic_regression,10,4,1230,0,0,0.27118820912131153
aeeem_mylyn,static,logistic_regression,10,4,1251,0,1,0.7923705315917142
aeeem_mylyn,static,logistic_regression,10,4,1277,0,0,0.049304077130522705
aeeem_mylyn,static,logistic_regression,10,4,1282,0,1,0.6886380289941914
aeeem_mylyn,static,logistic_regression,10,4,1292,0,0,0.37024348249344485
aeeem_mylyn,static,logistic_regression,10,4,1309,0,0,0.09045691840186475
aeeem_mylyn,static,logistic_regression,10,4,1317,0,0,0.32478551949699463
aeeem_mylyn,static,logistic_regression,10,4,1346,0,0,0.31412562321835363
aeeem_mylyn,static,logistic_regression,10,4,1349,0,0,0.31802357705804446
aeeem_mylyn,static,logistic_regression,10,4,1350,0,0,0.3661262345648491
aeeem_mylyn,static,logistic_regression,10,4,1355,0,0,0.1838639803525992
aeeem_mylyn,static,logistic_regression,10,4,1356,0,0,0.41596387508396254
aeeem_mylyn,static,logistic_regression,10,4,1371,0,1,0.9771075786855977
aeeem_mylyn,static,logistic_regression,10,4,1387,1,1,0.9973988737105246
aeeem_mylyn,static,logistic_regression,10,4,1407,0,0,0.012834526717264892
aeeem_mylyn,static,logistic_regression,10,4,1409,1,1,0.5516564747639194
aeeem_mylyn,static,logistic_regression,10,4,1421,0,0,0.271614185558003
aeeem_mylyn,static,logistic_regression,10,4,1431,0,0,0.13310582888021158
aeeem_mylyn,static,logistic_regression,10,4,1438,0,0,0.3630046987925974
aeeem_mylyn,static,logistic_regression,10,4,1441,1,0,0.38094316400122213
aeeem_mylyn,static,logistic_regression,10,4,1444,0,0,0.42722161673537823
aeeem_mylyn,static,logistic_regression,10,4,1446,0,0,0.2510697627571444
aeeem_mylyn,static,logistic_regression,10,4,1459,0,0,0.16892479243192426
aeeem_mylyn,static,logistic_regression,10,4,1464,0,0,0.03976373521151227
aeeem_mylyn,static,logistic_regression,10,4,1466,1,1,0.713899425022507
aeeem_mylyn,static,logistic_regression,10,4,1472,0,0,0.3605536895702542
aeeem_mylyn,static,logistic_regression,10,4,1483,0,0,0.30653470265510535
aeeem_mylyn,static,logistic_regression,10,4,1511,0,0,0.2164220726312391
aeeem_mylyn,static,logistic_regression,10,4,1530,0,0,0.37892231353248823
aeeem_mylyn,static,logistic_regression,10,4,1535,0,0,0.3536353469365454
aeeem_mylyn,static,logistic_regression,10,4,1559,0,1,0.5628920408657418
aeeem_mylyn,static,logistic_regression,10,4,1568,0,0,0.3925722444183837
aeeem_mylyn,static,logistic_regression,10,4,1571,0,0,0.12074448287358497
aeeem_mylyn,static,logistic_regression,10,4,1573,0,0,0.3534889541718709
aeeem_mylyn,static,logistic_regression,10,4,1591,0,0,0.3929594140850891
aeeem_mylyn,static,logistic_regression,10,4,1613,0,1,0.8066230135959159
aeeem_mylyn,static,logistic_regression,10,4,1641,0,0,0.3873921728822155
aeeem_mylyn,static,logistic_regression,10,4,1642,0,0,0.48167712774130444
aeeem_mylyn,static,logistic_regression,10,4,1657,0,0,0.1816832494878917
aeeem_mylyn,static,logistic_regression,10,4,1659,0,0,0.15446295664486512
aeeem_mylyn,static,logistic_regression,10,4,1661,0,0,0.35712297739717747
aeeem_mylyn,static,logistic_regression,10,4,1665,0,0,0.306131999108802
aeeem_mylyn,static,logistic_regression,10,4,1669,0,1,0.5069147084571624
aeeem_mylyn,static,logistic_regression,10,4,1681,0,0,0.012070156761507545
aeeem_mylyn,static,logistic_regression,10,4,1698,0,1,0.9180518849701182
aeeem_mylyn,static,logistic_regression,10,4,1699,0,0,0.32511689794375837
aeeem_mylyn,static,logistic_regression,10,4,1707,0,0,0.08596236512165595
aeeem_mylyn,static,logistic_regression,10,4,1723,0,0,0.4937962769706859
aeeem_mylyn,static,logistic_regression,10,4,1728,0,1,0.833379496352601
aeeem_mylyn,static,logistic_regression,10,4,1731,0,0,0.3113578240014591
aeeem_mylyn,static,logistic_regression,10,4,1737,0,0,0.2495147824571804
aeeem_mylyn,static,logistic_regression,10,4,1765,0,0,0.2835701483806321
aeeem_mylyn,static,logistic_regression,10,4,1774,0,0,0.014128405353036558
aeeem_mylyn,static,logistic_regression,10,4,1783,0,0,0.3673164519118172
aeeem_mylyn,static,logistic_regression,10,4,1792,0,1,0.5712275334847423
aeeem_mylyn,static,logistic_regression,10,4,1800,0,0,0.2783845828021914
aeeem_mylyn,static,logistic_regression,10,4,1807,0,0,0.2782443989174073
aeeem_mylyn,static,logistic_regression,10,4,1808,1,1,0.5325883160569941
aeeem_mylyn,static,logistic_regression,10,4,1816,0,0,0.3609513841156831
aeeem_mylyn,static,logistic_regression,10,4,1850,1,1,0.59589300845587
aeeem_mylyn,static,logistic_regression,10,5,15,0,0,0.31817064677609735
aeeem_mylyn,static,logistic_regression,10,5,33,0,0,0.34977756992400477
aeeem_mylyn,static,logistic_regression,10,5,68,1,1,0.9748113512884591
aeeem_mylyn,static,logistic_regression,10,5,79,0,1,0.6368786632314968
aeeem_mylyn,static,logistic_regression,10,5,98,0,0,0.438581123191131
aeeem_mylyn,static,logistic_regression,10,5,105,0,0,0.23293818560050938
aeeem_mylyn,static,logistic_regression,10,5,130,0,0,0.28580591296184266
aeeem_mylyn,static,logistic_regression,10,5,133,1,1,0.6410099979015924
aeeem_mylyn,static,logistic_regression,10,5,136,0,1,0.9380120718215018
aeeem_mylyn,static,logistic_regression,10,5,137,0,0,0.02712515816488638
aeeem_mylyn,static,logistic_regression,10,5,138,0,1,0.629900073072639
aeeem_mylyn,static,logistic_regression,10,5,139,0,0,0.20434272285419955
aeeem_mylyn,static,logistic_regression,10,5,157,0,1,0.6599935798835435
aeeem_mylyn,static,logistic_regression,10,5,177,0,0,0.40556758329292664
aeeem_mylyn,static,logistic_regression,10,5,185,0,0,0.3607972456148972
aeeem_mylyn,static,logistic_regression,10,5,203,0,1,0.9224106966875796
aeeem_mylyn,static,logistic_regression,10,5,207,0,1,0.9504464075295496
aeeem_mylyn,static,logistic_regression,10,5,208,1,1,0.5515256717897142
aeeem_mylyn,static,logistic_regression,10,5,213,0,1,0.7547107697412918
aeeem_mylyn,static,logistic_regression,10,5,234,0,1,0.7270922904027304
aeeem_mylyn,static,logistic_regression,10,5,237,0,1,0.5232733336001805
aeeem_mylyn,static,logistic_regression,10,5,248,0,0,0.2770626560510357
aeeem_mylyn,static,logistic_regression,10,5,255,0,0,0.45937669931884634
aeeem_mylyn,static,logistic_regression,10,5,264,0,0,0.278954459269963
aeeem_mylyn,static,logistic_regression,10,5,268,0,0,0.30190339542410977
aeeem_mylyn,static,logistic_regression,10,5,291,1,0,0.39446603019716175
aeeem_mylyn,static,logistic_regression,10,5,312,0,0,0.44554974795741514
aeeem_mylyn,static,logistic_regression,10,5,314,0,0,0.32038710375938023
aeeem_mylyn,static,logistic_regression,10,5,321,0,0,0.09092057941265808
aeeem_mylyn,static,logistic_regression,10,5,377,0,0,0.3247554809997449
aeeem_mylyn,static,logistic_regression,10,5,396,0,1,0.8745414005957364
aeeem_mylyn,static,logistic_regression,10,5,398,0,0,0.26005756097040333
aeeem_mylyn,static,logistic_regression,10,5,449,0,0,0.43924766509830565
aeeem_mylyn,static,logistic_regression,10,5,453,0,0,0.4120915926360805
aeeem_mylyn,static,logistic_regression,10,5,459,1,0,0.3680653659240835
aeeem_mylyn,static,logistic_regression,10,5,485,0,0,0.2253656140247624
aeeem_mylyn,static,logistic_regression,10,5,498,1,0,0.39783624956296326
aeeem_mylyn,static,logistic_regression,10,5,507,0,0,0.38081240043881354
aeeem_mylyn,static,logistic_regression,10,5,508,0,0,0.3633820346394071
aeeem_mylyn,static,logistic_regression,10,5,512,0,0,0.12215129132619194
aeeem_mylyn,static,logistic_regression,10,5,535,0,1,0.6534737810114435
aeeem_mylyn,static,logistic_regression,10,5,537,0,1,0.7474111199291589
aeeem_mylyn,static,logistic_regression,10,5,540,0,0,0.19042496715658203
aeeem_mylyn,static,logistic_regression,10,5,543,1,0,0.3768494957685938
aeeem_mylyn,static,logistic_regression,10,5,545,1,1,0.631085241060458
aeeem_mylyn,static,logistic_regression,10,5,557,1,0,0.37568159216023644
aeeem_mylyn,static,logistic_regression,10,5,572,0,0,0.2773833979549414
aeeem_mylyn,static,logistic_regression,10,5,574,0,0,0.31885766744263183
aeeem_mylyn,static,logistic_regression,10,5,580,0,0,0.21125327019148418
aeeem_mylyn,static,logistic_regression,10,5,591,0,0,0.21427719040736104
aeeem_mylyn,static,logistic_regression,10,5,592,0,0,0.07087096682465394
aeeem_mylyn,static,logistic_regression,10,5,601,0,0,0.001729368598173487
aeeem_mylyn,static,logistic_regression,10,5,602,1,0,0.31713970837470956
aeeem_mylyn,static,logistic_regression,10,5,606,0,1,0.5004757423344068
aeeem_mylyn,static,logistic_regression,10,5,607,1,1,0.5715851117467188
aeeem_mylyn,static,logistic_regression,10,5,609,0,0,0.31340566698136935
aeeem_mylyn,static,logistic_regression,10,5,610,0,0,0.34977756992400477
aeeem_mylyn,static,logistic_regression,10,5,618,0,1,0.6951638729702755
aeeem_mylyn,static,logistic_regression,10,5,632,0,0,0.297839410994102
aeeem_mylyn,static,logistic_regression,10,5,634,0,0,0.292182587743695
aeeem_mylyn,static,logistic_regression,10,5,657,0,0,0.07128761712644469
aeeem_mylyn,static,logistic_regression,10,5,672,0,0,0.25955876374544257
aeeem_mylyn,static,logistic_regression,10,5,678,0,0,0.23647810848031628
aeeem_mylyn,static,logistic_regression,10,5,685,0,0,0.32361886804902795
aeeem_mylyn,static,logistic_regression,10,5,697,1,0,0.4366496913432127
aeeem_mylyn,static,logistic_regression,10,5,702,0,0,0.33781580995516486
aeeem_mylyn,static,logistic_regression,10,5,704,0,1,0.6858128706087973
aeeem_mylyn,static,logistic_regression,10,5,711,0,0,0.3530145669956342
aeeem_mylyn,static,logistic_regression,10,5,714,0,1,0.7555021273420705
aeeem_mylyn,static,logistic_regression,10,5,728,0,0,0.0595516493032908
aeeem_mylyn,static,logistic_regression,10,5,733,0,0,0.27449874964346593
aeeem_mylyn,static,logistic_regression,10,5,746,0,0,0.45964200483578116
aeeem_mylyn,static,logistic_regression,10,5,798,0,0,0.38151712584023273
aeeem_mylyn,static,logistic_regression,10,5,814,0,0,0.47969303260309915
aeeem_mylyn,static,logistic_regression,10,5,817,0,0,0.48597236394962384
aeeem_mylyn,static,logistic_regression,10,5,825,0,1,0.6211594362198718
aeeem_mylyn,static,logistic_regression,10,5,830,1,1,0.7434453502461934
aeeem_mylyn,static,logistic_regression,10,5,838,0,0,0.21065212445443335
aeeem_mylyn,static,logistic_regression,10,5,847,0,0,0.04515151773267841
aeeem_mylyn,static,logistic_regression,10,5,863,0,0,0.3767077476199797
aeeem_mylyn,static,logistic_regression,10,5,864,0,0,0.36556188407553897
aeeem_mylyn,static,logistic_regression,10,5,868,1,1,0.5951001656221933
aeeem_mylyn,static,logistic_regression,10,5,869,0,0,0.19178461981652706
aeeem_mylyn,static,logistic_regression,10,5,875,0,0,0.3302839257221881
aeeem_mylyn,static,logistic_regression,10,5,880,0,1,0.5903054585165405
aeeem_mylyn,static,logistic_regression,10,5,881,0,1,0.550461483655708
aeeem_mylyn,static,logistic_regression,10,5,917,0,0,0.3721645550816075
aeeem_mylyn,static,logistic_regression,10,5,924,0,0,0.2558448186258197
aeeem_mylyn,static,logistic_regression,10,5,929,0,0,0.3411213735650067
aeeem_mylyn,static,logistic_regression,10,5,941,0,0,0.3315496640186638
aeeem_mylyn,static,logistic_regression,10,5,951,1,0,0.4165340901910557
aeeem_mylyn,static,logistic_regression,10,5,959,0,0,0.2550802419901141
aeeem_mylyn,static,logistic_regression,10,5,980,0,0,0.4586231260521801
aeeem_mylyn,static,logistic_regression,10,5,1001,1,0,0.49775358198733544
aeeem_mylyn,static,logistic_regression,10,5,1002,0,1,0.7126568636421041
aeeem_mylyn,static,logistic_regression,10,5,1003,0,0,0.10429944012742773
aeeem_mylyn,static,logistic_regression,10,5,1015,0,0,0.47874990081492413
aeeem_mylyn,static,logistic_regression,10,5,1023,0,0,0.44031122068729195
aeeem_mylyn,static,logistic_regression,10,5,1028,0,0,0.4986029752295097
aeeem_mylyn,static,logistic_regression,10,5,1030,0,0,0.356719627118157
aeeem_mylyn,static,logistic_regression,10,5,1043,0,0,0.20838107766344416
aeeem_mylyn,static,logistic_regression,10,5,1048,0,0,0.36079813283231743
aeeem_mylyn,static,logistic_regression,10,5,1063,0,0,0.20789297428364856
aeeem_mylyn,static,logistic_regression,10,5,1071,0,1,0.7690659255157063
aeeem_mylyn,static,logistic_regression,10,5,1091,0,0,0.3043361981580512
aeeem_mylyn,static,logistic_regression,10,5,1104,0,0,0.3088476350258881
aeeem_mylyn,static,logistic_regression,10,5,1113,0,0,0.2882627664156438
aeeem_mylyn,static,logistic_regression,10,5,1116,0,0,0.24377397934136255
aeeem_mylyn,static,logistic_regression,10,5,1120,0,0,0.18970765757015728
aeeem_mylyn,static,logistic_regression,10,5,1127,1,0,0.22450431420677253
aeeem_mylyn,static,logistic_regression,10,5,1130,0,1,0.5978127775454438
aeeem_mylyn,static,logistic_regression,10,5,1135,0,1,0.9675406932489787
aeeem_mylyn,static,logistic_regression,10,5,1136,0,0,0.19377997088002769
aeeem_mylyn,static,logistic_regression,10,5,1176,0,0,0.35884364683218034
aeeem_mylyn,static,logistic_regression,10,5,1194,0,0,0.418354741993635
aeeem_mylyn,static,logistic_regression,10,5,1197,0,1,0.8296905944879427
aeeem_mylyn,static,logistic_regression,10,5,1220,0,0,0.29962050579014793
aeeem_mylyn,static,logistic_regression,10,5,1221,0,0,0.48444419433097247
aeeem_mylyn,static,logistic_regression,10,5,1223,0,0,0.3005769061856083
aeeem_mylyn,static,logistic_regression,10,5,1238,0,0,0.4602138970415969
aeeem_mylyn,static,logistic_regression,10,5,1239,0,1,0.7735556595947568
aeeem_mylyn,static,logistic_regression,10,5,1259,0,1,0.705794813719562
aeeem_mylyn,static,logistic_regression,10,5,1264,0,1,0.6178342307704414
aeeem_mylyn,static,logistic_regression,10,5,1270,0,0,0.3438006159172283
aeeem_mylyn,static,logistic_regression,10,5,1271,0,0,0.31552495360785165
aeeem_mylyn,static,logistic_regression,10,5,1273,0,1,0.7928912571390245
aeeem_mylyn,static,logistic_regression,10,5,1291,0,1,0.6488360638442765
aeeem_mylyn,static,logistic_regression,10,5,1297,0,0,0.3177551687448713
aeeem_mylyn,static,logistic_regression,10,5,1300,0,1,0.8611565672614271
aeeem_mylyn,static,logistic_regression,10,5,1311,0,0,0.34312221811454696
aeeem_mylyn,static,logistic_regression,10,5,1314,0,0,0.27137653080256113
aeeem_mylyn,static,logistic_regression,10,5,1337,0,0,0.4303342466702469
aeeem_mylyn,static,logistic_regression,10,5,1345,0,0,0.38288807589438156
aeeem_mylyn,static,logistic_regression,10,5,1347,0,0,0.48432607144114953
aeeem_mylyn,static,logistic_regression,10,5,1354,0,1,0.6136041979247449
aeeem_mylyn,static,logistic_regression,10,5,1360,0,0,0.005267097530372399
aeeem_mylyn,static,logistic_regression,10,5,1363,0,0,0.15602889555374186
aeeem_mylyn,static,logistic_regression,10,5,1369,0,0,0.3155827175064252
aeeem_mylyn,static,logistic_regression,10,5,1374,0,0,0.38737578187815797
aeeem_mylyn,static,logistic_regression,10,5,1378,1,1,0.8482193203885438
aeeem_mylyn,static,logistic_regression,10,5,1386,0,0,0.2780717639890532
aeeem_mylyn,static,logistic_regression,10,5,1413,0,0,0.4096946170158028
aeeem_mylyn,static,logistic_regression,10,5,1419,0,0,0.4553597299100304
aeeem_mylyn,static,logistic_regression,10,5,1424,0,0,0.3870512089124885
aeeem_mylyn,static,logistic_regression,10,5,1432,0,0,0.2536336298502902
aeeem_mylyn,static,logistic_regression,10,5,1437,0,0,0.23180156785853057
aeeem_mylyn,static,logistic_regression,10,5,1445,0,1,0.9828288083808504
aeeem_mylyn,static,logistic_regression,10,5,1465,1,0,0.15613571344704058
aeeem_mylyn,static,logistic_regression,10,5,1477,1,1,0.8110417148308098
aeeem_mylyn,static,logistic_regression,10,5,1484,0,0,0.1197212623770035
aeeem_mylyn,static,logistic_regression,10,5,1493,1,0,0.3780154678760754
aeeem_mylyn,static,logistic_regression,10,5,1495,0,1,0.6343120896990339
aeeem_mylyn,static,logistic_regression,10,5,1503,0,0,0.34331434999945454
aeeem_mylyn,static,logistic_regression,10,5,1509,0,0,0.474802763282183
aeeem_mylyn,static,logistic_regression,10,5,1520,0,0,0.3116665132488806
aeeem_mylyn,static,logistic_regression,10,5,1565,1,1,0.7657080089614222
aeeem_mylyn,static,logistic_regression,10,5,1583,0,0,0.49598816063844503
aeeem_mylyn,static,logistic_regression,10,5,1593,0,0,0.31469518223098497
aeeem_mylyn,static,logistic_regression,10,5,1616,0,0,0.24390995978258107
aeeem_mylyn,static,logistic_regression,10,5,1628,0,0,0.3545926201152032
aeeem_mylyn,static,logistic_regression,10,5,1636,0,1,0.9184411439527858
aeeem_mylyn,static,logistic_regression,10,5,1637,0,1,0.7711649119527384
aeeem_mylyn,static,logistic_regression,10,5,1656,0,0,0.16125068681461852
aeeem_mylyn,static,logistic_regression,10,5,1660,0,0,0.23886896697796722
aeeem_mylyn,static,logistic_regression,10,5,1672,0,0,0.2945729670036856
aeeem_mylyn,static,logistic_regression,10,5,1684,0,1,0.5008922746874573
aeeem_mylyn,static,logistic_regression,10,5,1690,0,0,0.04861844894919383
aeeem_mylyn,static,logistic_regression,10,5,1693,0,0,0.49484076023277046
aeeem_mylyn,static,logistic_regression,10,5,1697,1,0,0.3643324816263761
aeeem_mylyn,static,logistic_regression,10,5,1702,0,1,0.9398345297980272
aeeem_mylyn,static,logistic_regression,10,5,1703,0,1,0.717060170993979
aeeem_mylyn,static,logistic_regression,10,5,1705,0,0,0.14510144339489908
aeeem_mylyn,static,logistic_regression,10,5,1711,0,1,0.5474782909804837
aeeem_mylyn,static,logistic_regression,10,5,1732,1,0,0.37728963767982465
aeeem_mylyn,static,logistic_regression,10,5,1740,0,1,0.5197025648140352
aeeem_mylyn,static,logistic_regression,10,5,1742,0,0,0.4492695829321026
aeeem_mylyn,static,logistic_regression,10,5,1746,0,0,0.37889237081840177
aeeem_mylyn,static,logistic_regression,10,5,1760,0,0,0.3871929898900966
aeeem_mylyn,static,logistic_regression,10,5,1762,0,0,0.31464687084892184
aeeem_mylyn,static,logistic_regression,10,5,1773,0,0,0.271816218031281
aeeem_mylyn,static,logistic_regression,10,5,1787,0,0,0.4375393350899599
aeeem_mylyn,static,logistic_regression,10,5,1810,0,0,0.44649919826663365
aeeem_mylyn,static,logistic_regression,10,5,1814,0,0,0.260224133484345
aeeem_mylyn,static,logistic_regression,10,5,1821,0,0,0.4616649361194531
aeeem_mylyn,static,logistic_regression,10,5,1833,0,0,0.01024618736046225
aeeem_mylyn,static,logistic_regression,10,5,1839,0,0,0.11436462060466564
aeeem_mylyn,static,logistic_regression,10,6,7,0,0,0.2064659580130969
aeeem_mylyn,static,logistic_regression,10,6,11,0,0,0.38003101587241706
aeeem_mylyn,static,logistic_regression,10,6,12,0,0,0.3031242014120059
aeeem_mylyn,static,logistic_regression,10,6,18,0,0,0.3024777700671495
aeeem_mylyn,static,logistic_regression,10,6,31,0,0,0.35969123841768874
aeeem_mylyn,static,logistic_regression,10,6,46,1,0,0.4672967971628186
aeeem_mylyn,static,logistic_regression,10,6,89,0,0,0.34441681006427144
aeeem_mylyn,static,logistic_regression,10,6,96,0,0,0.3163707137106514
aeeem_mylyn,static,logistic_regression,10,6,101,0,0,0.22456912599986217
aeeem_mylyn,static,logistic_regression,10,6,103,0,0,0.27462537305405027
aeeem_mylyn,static,logistic_regression,10,6,104,0,0,0.26766017581068663
aeeem_mylyn,static,logistic_regression,10,6,115,1,0,0.4736750278616262
aeeem_mylyn,static,logistic_regression,10,6,121,0,1,0.5394292851789011
aeeem_mylyn,static,logistic_regression,10,6,165,0,0,0.4590129052318125
aeeem_mylyn,static,logistic_regression,10,6,169,1,0,0.48946100186480607
aeeem_mylyn,static,logistic_regression,10,6,191,0,1,0.9983752601430032
aeeem_mylyn,static,logistic_regression,10,6,205,1,1,0.6633710221938737
aeeem_mylyn,static,logistic_regression,10,6,216,0,0,0.12193487111573405
aeeem_mylyn,static,logistic_regression,10,6,220,0,0,0.2544598290854012
aeeem_mylyn,static,logistic_regression,10,6,227,0,1,0.5411182268703646
aeeem_mylyn,static,logistic_regression,10,6,236,0,0,0.15209878342413852
aeeem_mylyn,static,logistic_regression,10,6,238,0,0,0.34344337162339833
aeeem_mylyn,static,logistic_regression,10,6,244,0,0,0.4012269015199088
aeeem_mylyn,static,logistic_regression,10,6,265,0,0,0.25963855863949176
aeeem_mylyn,static,logistic_regression,10,6,270,0,0,0.2809683773911832
aeeem_mylyn,static,logistic_regression,10,6,289,1,0,0.33925755090459914
aeeem_mylyn,static,logistic_regression,10,6,290,0,0,0.20974333035485795
aeeem_mylyn,static,logistic_regression,10,6,309,0,1,0.8054731226914766
aeeem_mylyn,static,logistic_regression,10,6,310,0,0,0.4081990699917504
aeeem_mylyn,static,logistic_regression,10,6,313,0,0,0.009878426865969
aeeem_mylyn,static,logistic_regression,10,6,340,0,0,0.3744380739334281
aeeem_mylyn,static,logistic_regression,10,6,359,0,0,0.26421250662209883
aeeem_mylyn,static,logistic_regression,10,6,366,0,0,0.34441681006427144
aeeem_mylyn,static,logistic_regression,10,6,390,0,0,0.22323980831466994
aeeem_mylyn,static,logistic_regression,10,6,395,0,0,0.1233421560312686
aeeem_mylyn,static,logistic_regression,10,6,408,0,0,0.4007313258909597
aeeem_mylyn,static,logistic_regression,10,6,411,0,0,0.32028091824179955
aeeem_mylyn,static,logistic_regression,10,6,417,0,0,0.4162729472058925
aeeem_mylyn,static,logistic_regression,10,6,420,0,1,0.8320874294784402
aeeem_mylyn,static,logistic_regression,10,6,425,0,0,0.35625098721414644
aeeem_mylyn,static,logistic_regression,10,6,440,0,0,0.47708481036738204
aeeem_mylyn,static,logistic_regression,10,6,447,0,0,0.4706117829427557
aeeem_mylyn,static,logistic_regression,10,6,455,1,0,0.45779698712312794
aeeem_mylyn,static,logistic_regression,10,6,462,0,0,0.189011815391784
aeeem_mylyn,static,logistic_regression,10,6,479,0,0,0.28883726936238324
aeeem_mylyn,static,logistic_regression,10,6,500,0,1,0.5187918043227113
aeeem_mylyn,static,logistic_regression,10,6,503,0,0,0.218320324727707
aeeem_mylyn,static,logistic_regression,10,6,504,0,0,0.34441681006427144
aeeem_mylyn,static,logistic_regression,10,6,552,1,1,0.9609422949569381
aeeem_mylyn,static,logistic_regression,10,6,561,1,0,0.21793861042175397
aeeem_mylyn,static,logistic_regression,10,6,562,0,0,0.271930125406268
aeeem_mylyn,static,logistic_regression,10,6,566,0,0,0.3270573010997272
aeeem_mylyn,static,logistic_regression,10,6,575,0,0,0.35112019207563855
aeeem_mylyn,static,logistic_regression,10,6,578,0,0,0.08584997087147649
aeeem_mylyn,static,logistic_regression,10,6,588,0,1,0.8806537680762297
aeeem_mylyn,static,logistic_regression,10,6,621,0,0,0.30437779341530524
aeeem_mylyn,static,logistic_regression,10,6,638,0,0,0.3178345167454443
aeeem_mylyn,static,logistic_regression,10,6,639,0,0,0.38793309686489286
aeeem_mylyn,static,logistic_regression,10,6,649,0,0,0.4327120850741248
aeeem_mylyn,static,logistic_regression,10,6,691,0,0,0.16098419722586535
aeeem_mylyn,static,logistic_regression,10,6,719,0,0,0.4876910797838625
aeeem_mylyn,static,logistic_regression,10,6,727,0,0,0.2890566566468611
aeeem_mylyn,static,logistic_regression,10,6,743,0,0,0.1400379663855045
aeeem_mylyn,static,logistic_regression,10,6,757,0,0,0.24902581751360794
aeeem_mylyn,static,logistic_regression,10,6,760,0,0,0.15060789722001
aeeem_mylyn,static,logistic_regression,10,6,773,0,0,0.3651433945382932
aeeem_mylyn,static,logistic_regression,10,6,785,1,0,0.43190580870706324
aeeem_mylyn,static,logistic_regression,10,6,788,0,0,0.33027291654348895
aeeem_mylyn,static,logistic_regression,10,6,789,0,0,0.26167947442805356
aeeem_mylyn,static,logistic_regression,10,6,794,0,1,0.9949847073224993
aeeem_mylyn,static,logistic_regression,10,6,799,0,1,0.559982929393841
aeeem_mylyn,static,logistic_regression,10,6,805,0,0,0.4571328488383601
aeeem_mylyn,static,logistic_regression,10,6,806,0,0,0.41951280790621015
aeeem_mylyn,static,logistic_regression,10,6,819,1,1,0.8627067951956106
aeeem_mylyn,static,logistic_regression,10,6,823,1,1,0.9849961444178388
aeeem_mylyn,static,logistic_regression,10,6,832,1,0,0.4419654752013311
aeeem_mylyn,static,logistic_regression,10,6,834,0,0,0.45225595911881966
aeeem_mylyn,static,logistic_regression,10,6,837,0,0,0.17219464920299898
aeeem_mylyn,static,logistic_regression,10,6,855,0,1,0.6408705868430112
aeeem_mylyn,static,logistic_regression,10,6,879,0,0,0.46978783662524864
aeeem_mylyn,static,logistic_regression,10,6,893,0,0,0.47070397764424476
aeeem_mylyn,static,logistic_regression,10,6,899,0,1,0.7266221252679222
aeeem_mylyn,static,logistic_regression,10,6,908,0,0,0.4421517490552712
aeeem_mylyn,static,logistic_regression,10,6,910,0,0,0.3807389692613393
aeeem_mylyn,static,logistic_regression,10,6,916,0,0,0.259578081717879
aeeem_mylyn,static,logistic_regression,10,6,919,0,0,0.34862630263435523
aeeem_mylyn,static,logistic_regression,10,6,932,0,0,0.24783179193898244
aeeem_mylyn,static,logistic_regression,10,6,944,0,0,0.1558264517860128
aeeem_mylyn,static,logistic_regression,10,6,954,0,1,0.6293937014421713
aeeem_mylyn,static,logistic_regression,10,6,955,1,1,0.961617523724071
aeeem_mylyn,static,logistic_regression,10,6,966,0,0,0.03733064950061491
aeeem_mylyn,static,logistic_regression,10,6,975,0,0,0.33627379201335816
aeeem_mylyn,static,logistic_regression,10,6,977,0,0,0.30658211366257676
aeeem_mylyn,static,logistic_regression,10,6,983,1,1,0.6941243928157715
aeeem_mylyn,static,logistic_regression,10,6,1000,0,0,0.39181910870952663
aeeem_mylyn,static,logistic_regression,10,6,1010,0,0,0.4738558128673674
aeeem_mylyn,static,logistic_regression,10,6,1039,0,0,0.34265096875665746
aeeem_mylyn,static,logistic_regression,10,6,1049,0,0,0.32249710339617216
aeeem_mylyn,static,logistic_regression,10,6,1051,0,1,0.5624483299687009
aeeem_mylyn,static,logistic_regression,10,6,1052,0,0,0.029189556728516173
aeeem_mylyn,static,logistic_regression,10,6,1065,0,0,0.34592841630675436
aeeem_mylyn,static,logistic_regression,10,6,1070,0,0,0.11321870558545667
aeeem_mylyn,static,logistic_regression,10,6,1093,0,0,0.28441311684786935
aeeem_mylyn,static,logistic_regression,10,6,1099,0,0,0.09324444069722551
aeeem_mylyn,static,logistic_regression,10,6,1100,0,0,0.3766686056469146
aeeem_mylyn,static,logistic_regression,10,6,1109,0,0,0.4319466728687496
aeeem_mylyn,static,logistic_regression,10,6,1111,0,0,0.27313300636758975
aeeem_mylyn,static,logistic_regression,10,6,1115,0,0,0.34233893942970983
aeeem_mylyn,static,logistic_regression,10,6,1134,0,1,0.529813301497228
aeeem_mylyn,static,logistic_regression,10,6,1140,0,0,0.29054147855705065
aeeem_mylyn,static,logistic_regression,10,6,1142,0,0,0.10292897234523633
aeeem_mylyn,static,logistic_regression,10,6,1169,0,0,0.3423138855494268
aeeem_mylyn,static,logistic_regression,10,6,1172,0,0,0.40608111613560643
aeeem_mylyn,static,logistic_regression,10,6,1180,0,0,0.35571338432451954
aeeem_mylyn,static,logistic_regression,10,6,1182,0,0,0.1002568400618952
aeeem_mylyn,static,logistic_regression,10,6,1189,0,0,0.3066720879776916
aeeem_mylyn,static,logistic_regression,10,6,1190,0,0,0.40285854610868216
aeeem_mylyn,static,logistic_regression,10,6,1201,0,0,0.13622737881525565
aeeem_mylyn,static,logistic_regression,10,6,1212,0,0,0.3156193466090513
aeeem_mylyn,static,logistic_regression,10,6,1214,0,0,0.41634287971674205
aeeem_mylyn,static,logistic_regression,10,6,1216,0,0,0.05733889091794935
aeeem_mylyn,static,logistic_regression,10,6,1226,0,0,0.31375469043323917
aeeem_mylyn,static,logistic_regression,10,6,1231,0,1,0.743363259029065
aeeem_mylyn,static,logistic_regression,10,6,1232,0,0,0.27338692831593625
aeeem_mylyn,static,logistic_regression,10,6,1235,0,0,0.20266085826410055
aeeem_mylyn,static,logistic_regression,10,6,1237,0,0,0.3963199103844691
aeeem_mylyn,static,logistic_regression,10,6,1253,0,0,0.30890226308484126
aeeem_mylyn,static,logistic_regression,10,6,1266,0,0,0.35029580979625446
aeeem_mylyn,static,logistic_regression,10,6,1276,0,1,0.7662867668346522
aeeem_mylyn,static,logistic_regression,10,6,1281,0,0,0.3509685993962504
aeeem_mylyn,static,logistic_regression,10,6,1286,0,1,0.5089169048541887
aeeem_mylyn,static,logistic_regression,10,6,1301,0,1,0.7558768600676368
aeeem_mylyn,static,logistic_regression,10,6,1303,0,0,0.4984410318994177
aeeem_mylyn,static,logistic_regression,10,6,1325,0,0,0.3098009246223073
aeeem_mylyn,static,logistic_regression,10,6,1335,1,0,0.46806678665218293
aeeem_mylyn,static,logistic_regression,10,6,1361,1,1,0.745937673981729
aeeem_mylyn,static,logistic_regression,10,6,1367,0,0,0.07585319853687415
aeeem_mylyn,static,logistic_regression,10,6,1375,0,0,0.17856249860132567
aeeem_mylyn,static,logistic_regression,10,6,1376,0,0,0.054544813777097155
aeeem_mylyn,static,logistic_regression,10,6,1381,0,1,0.5838424314164902
aeeem_mylyn,static,logistic_regression,10,6,1385,0,0,0.14190079818041193
aeeem_mylyn,static,logistic_regression,10,6,1395,1,1,0.6964554909486145
aeeem_mylyn,static,logistic_regression,10,6,1399,0,0,0.2997748779632928
aeeem_mylyn,static,logistic_regression,10,6,1414,0,0,0.3190640622463102
aeeem_mylyn,static,logistic_regression,10,6,1418,0,1,0.674049157251775
aeeem_mylyn,static,logistic_regression,10,6,1426,0,0,0.26520710840074496
aeeem_mylyn,static,logistic_regression,10,6,1427,0,1,0.8809963329858396
aeeem_mylyn,static,logistic_regression,10,6,1430,0,0,0.4029641490540327
aeeem_mylyn,static,logistic_regression,10,6,1440,0,1,0.5161471434086313
aeeem_mylyn,static,logistic_regression,10,6,1443,0,0,0.4507091565530891
aeeem_mylyn,static,logistic_regression,10,6,1451,0,1,0.648043511519042
aeeem_mylyn,static,logistic_regression,10,6,1460,1,1,0.9862516233709776
aeeem_mylyn,static,logistic_regression,10,6,1488,0,1,0.9226889039825931
aeeem_mylyn,static,logistic_regression,10,6,1490,1,0,0.3964793023823379
aeeem_mylyn,static,logistic_regression,10,6,1522,0,1,0.5347452150680477
aeeem_mylyn,static,logistic_regression,10,6,1524,0,0,0.23735935506335692
aeeem_mylyn,static,logistic_regression,10,6,1526,0,0,0.22322900857285974
aeeem_mylyn,static,logistic_regression,10,6,1527,0,0,0.37896548055832974
aeeem_mylyn,static,logistic_regression,10,6,1554,0,0,0.2784473012157225
aeeem_mylyn,static,logistic_regression,10,6,1557,0,0,0.49382291589913013
aeeem_mylyn,static,logistic_regression,10,6,1572,0,0,0.17904253115710006
aeeem_mylyn,static,logistic_regression,10,6,1574,1,1,0.9609811446333417
aeeem_mylyn,static,logistic_regression,10,6,1581,0,0,0.30805095265064353
aeeem_mylyn,static,logistic_regression,10,6,1586,1,1,0.9134710830146949
aeeem_mylyn,static,logistic_regression,10,6,1596,0,0,0.48984149236972735
aeeem_mylyn,static,logistic_regression,10,6,1604,0,0,0.1460025357627016
aeeem_mylyn,static,logistic_regression,10,6,1611,0,0,0.3173538826723877
aeeem_mylyn,static,logistic_regression,10,6,1618,0,1,0.8005447675565356
aeeem_mylyn,static,logistic_regression,10,6,1645,1,0,0.340492088040958
aeeem_mylyn,static,logistic_regression,10,6,1685,0,0,0.19128760654198304
aeeem_mylyn,static,logistic_regression,10,6,1686,0,1,0.580291826684037
aeeem_mylyn,static,logistic_regression,10,6,1691,0,0,0.003139040987050104
aeeem_mylyn,static,logistic_regression,10,6,1701,0,0,0.3091597059129913
aeeem_mylyn,static,logistic_regression,10,6,1710,0,0,0.21160389276436462
aeeem_mylyn,static,logistic_regression,10,6,1744,0,0,0.2638679059513248
aeeem_mylyn,static,logistic_regression,10,6,1753,0,0,0.34441681006427144
aeeem_mylyn,static,logistic_regression,10,6,1756,1,1,0.7607928314285871
aeeem_mylyn,static,logistic_regression,10,6,1759,1,1,0.9669119973519835
aeeem_mylyn,static,logistic_regression,10,6,1782,0,0,0.24628386896705626
aeeem_mylyn,static,logistic_regression,10,6,1797,0,0,0.27921317188123673
aeeem_mylyn,static,logistic_regression,10,6,1804,0,0,0.24922081286541228
aeeem_mylyn,static,logistic_regression,10,6,1811,0,1,0.930720865173371
aeeem_mylyn,static,logistic_regression,10,6,1820,0,0,0.2730747715772895
aeeem_mylyn,static,logistic_regression,10,6,1829,0,1,0.6087507405430699
aeeem_mylyn,static,logistic_regression,10,6,1843,0,1,0.7155798207284837
aeeem_mylyn,static,logistic_regression,10,6,1858,0,0,0.17690001654114193
aeeem_mylyn,static,logistic_regression,10,7,8,0,1,0.7299719337572488
aeeem_mylyn,static,logistic_regression,10,7,38,0,0,0.43047296335723884
aeeem_mylyn,static,logistic_regression,10,7,39,0,0,0.2817819721262123
aeeem_mylyn,static,logistic_regression,10,7,64,0,0,0.4806684047443809
aeeem_mylyn,static,logistic_regression,10,7,65,0,0,0.328494598268296
aeeem_mylyn,static,logistic_regression,10,7,66,0,0,0.08662955465565793
aeeem_mylyn,static,logistic_regression,10,7,72,0,1,0.5166604885546606
aeeem_mylyn,static,logistic_regression,10,7,73,0,0,0.3646258659117963
aeeem_mylyn,static,logistic_regression,10,7,80,0,1,0.999990346647883
aeeem_mylyn,static,logistic_regression,10,7,85,0,1,0.6781726808711868
aeeem_mylyn,static,logistic_regression,10,7,100,0,1,0.6003312095707871
aeeem_mylyn,static,logistic_regression,10,7,106,0,0,0.48362176317673294
aeeem_mylyn,static,logistic_regression,10,7,109,0,0,0.07248677004001952
aeeem_mylyn,static,logistic_regression,10,7,159,0,0,0.3353772689693439
aeeem_mylyn,static,logistic_regression,10,7,182,0,0,0.46715249571515716
aeeem_mylyn,static,logistic_regression,10,7,189,0,0,0.45609229948571994
aeeem_mylyn,static,logistic_regression,10,7,206,0,0,0.21360947836761554
aeeem_mylyn,static,logistic_regression,10,7,209,1,1,0.8339561954779323
aeeem_mylyn,static,logistic_regression,10,7,224,0,1,0.6046670482686939
aeeem_mylyn,static,logistic_regression,10,7,240,0,0,0.3463177610238309
aeeem_mylyn,static,logistic_regression,10,7,256,0,0,0.26387500432977623
aeeem_mylyn,static,logistic_regression,10,7,272,1,1,0.957269664985242
aeeem_mylyn,static,logistic_regression,10,7,276,0,0,0.3929818250937744
aeeem_mylyn,static,logistic_regression,10,7,284,0,0,0.2369428789274326
aeeem_mylyn,static,logistic_regression,10,7,292,0,0,0.4562089822439583
aeeem_mylyn,static,logistic_regression,10,7,293,0,0,0.33087495980991616
aeeem_mylyn,static,logistic_regression,10,7,299,0,0,0.18045591815122478
aeeem_mylyn,static,logistic_regression,10,7,328,0,0,0.3119699466311665
aeeem_mylyn,static,logistic_regression,10,7,331,0,0,0.009904160947712175
aeeem_mylyn,static,logistic_regression,10,7,333,0,0,0.34502767443240867
aeeem_mylyn,static,logistic_regression,10,7,334,0,0,0.4455692376459477
aeeem_mylyn,static,logistic_regression,10,7,353,0,0,0.43727007316687644
aeeem_mylyn,static,logistic_regression,10,7,356,0,0,0.47816528140244247
aeeem_mylyn,static,logistic_regression,10,7,358,0,0,0.2208456247934402
aeeem_mylyn,static,logistic_regression,10,7,362,0,0,0.3752919563203792
aeeem_mylyn,static,logistic_regression,10,7,370,0,0,0.22027306117753087
aeeem_mylyn,static,logistic_regression,10,7,378,0,0,0.13077274125570057
aeeem_mylyn,static,logistic_regression,10,7,381,0,0,0.45172440838570604
aeeem_mylyn,static,logistic_regression,10,7,385,0,0,0.2895558745275182
aeeem_mylyn,static,logistic_regression,10,7,387,0,0,0.3483456505726632
aeeem_mylyn,static,logistic_regression,10,7,388,0,0,0.16637962433907671
aeeem_mylyn,static,logistic_regression,10,7,392,0,0,0.3956014669426548
aeeem_mylyn,static,logistic_regression,10,7,401,0,0,0.1396415366712257
aeeem_mylyn,static,logistic_regression,10,7,402,0,0,0.3307560705444294
aeeem_mylyn,static,logistic_regression,10,7,413,1,1,0.884121646312802
aeeem_mylyn,static,logistic_regression,10,7,433,1,0,0.24918439079097163
aeeem_mylyn,static,logistic_regression,10,7,445,1,0,0.18682695882320932
aeeem_mylyn,static,logistic_regression,10,7,446,0,0,0.21455288107650267
aeeem_mylyn,static,logistic_regression,10,7,460,0,0,0.3128111272889562
aeeem_mylyn,static,logistic_regression,10,7,468,0,0,0.28819219825818954
aeeem_mylyn,static,logistic_regression,10,7,497,0,0,0.19499559042549336
aeeem_mylyn,static,logistic_regression,10,7,514,1,0,0.3141196285914388
aeeem_mylyn,static,logistic_regression,10,7,518,0,0,0.3273811554624117
aeeem_mylyn,static,logistic_regression,10,7,523,0,0,0.3187178086346145
aeeem_mylyn,static,logistic_regression,10,7,536,0,0,0.37672760462213595
aeeem_mylyn,static,logistic_regression,10,7,541,1,1,0.9756974746036784
aeeem_mylyn,static,logistic_regression,10,7,547,0,0,0.465955510537652
aeeem_mylyn,static,logistic_regression,10,7,565,0,0,0.43389066480000277
aeeem_mylyn,static,logistic_regression,10,7,571,0,0,0.43567659039773876
aeeem_mylyn,static,logistic_regression,10,7,585,0,0,0.2546714790223585
aeeem_mylyn,static,logistic_regression,10,7,617,0,0,0.4664319410773251
aeeem_mylyn,static,logistic_regression,10,7,631,0,1,0.5802710998500873
aeeem_mylyn,static,logistic_regression,10,7,656,0,0,0.40610118303245346
aeeem_mylyn,static,logistic_regression,10,7,667,0,0,0.3874153112259333
aeeem_mylyn,static,logistic_regression,10,7,675,0,0,0.12048599489617334
aeeem_mylyn,static,logistic_regression,10,7,676,0,0,0.3353772689693439
aeeem_mylyn,static,logistic_regression,10,7,683,0,0,0.46065110427699313
aeeem_mylyn,static,logistic_regression,10,7,688,0,0,0.37414882219913764
aeeem_mylyn,static,logistic_regression,10,7,696,0,0,0.3761829345297938
aeeem_mylyn,static,logistic_regression,10,7,718,0,0,0.4475918132257206
aeeem_mylyn,static,logistic_regression,10,7,736,0,0,0.2817819721262123
aeeem_mylyn,static,logistic_regression,10,7,741,0,1,0.5175189172400998
aeeem_mylyn,static,logistic_regression,10,7,742,0,0,0.10950652584934334
aeeem_mylyn,static,logistic_regression,10,7,747,0,1,0.7704752011171117
aeeem_mylyn,static,logistic_regression,10,7,748,0,0,0.07248677004001952
aeeem_mylyn,static,logistic_regression,10,7,759,0,0,0.14892308508672833
aeeem_mylyn,static,logistic_regression,10,7,764,0,0,0.46800690596962186
aeeem_mylyn,static,logistic_regression,10,7,792,1,0,0.41836323679010573
aeeem_mylyn,static,logistic_regression,10,7,815,0,0,0.4330714293498722
aeeem_mylyn,static,logistic_regression,10,7,845,1,1,0.8450028290487231
aeeem_mylyn,static,logistic_regression,10,7,850,0,0,0.420238238902235
aeeem_mylyn,static,logistic_regression,10,7,852,0,0,0.34149538909895866
aeeem_mylyn,static,logistic_regression,10,7,862,0,0,0.34272364828492136
aeeem_mylyn,static,logistic_regression,10,7,873,0,0,0.30130990346300474
aeeem_mylyn,static,logistic_regression,10,7,884,0,1,0.8495927742595116
aeeem_mylyn,static,logistic_regression,10,7,898,0,1,0.6397991685441934
aeeem_mylyn,static,logistic_regression,10,7,903,0,1,0.997879678505725
aeeem_mylyn,static,logistic_regression,10,7,907,0,0,0.49338579433429647
aeeem_mylyn,static,logistic_regression,10,7,920,0,0,0.32068275134944135
aeeem_mylyn,static,logistic_regression,10,7,936,0,0,0.23170084563934604
aeeem_mylyn,static,logistic_regression,10,7,937,0,1,0.5776192556661086
aeeem_mylyn,static,logistic_regression,10,7,982,0,0,0.08549593401808828
aeeem_mylyn,static,logistic_regression,10,7,1032,0,1,0.5461438950390736
aeeem_mylyn,static,logistic_regression,10,7,1036,0,1,0.9103973075172818
aeeem_mylyn,static,logistic_regression,10,7,1044,1,0,0.4665350980899346
aeeem_mylyn,static,logistic_regression,10,7,1053,0,0,0.27649314806563896
aeeem_mylyn,static,logistic_regression,10,7,1067,0,0,0.3548331722248373
aeeem_mylyn,static,logistic_regression,10,7,1072,0,0,0.3536621945286167
aeeem_mylyn,static,logistic_regression,10,7,1086,0,1,0.5368753790190601
aeeem_mylyn,static,logistic_regression,10,7,1090,0,0,0.4513946601202832
aeeem_mylyn,static,logistic_regression,10,7,1102,0,1,0.541438427014616
aeeem_mylyn,static,logistic_regression,10,7,1105,0,1,0.5304590290842274
aeeem_mylyn,static,logistic_regression,10,7,1124,0,0,0.36691845641628695
aeeem_mylyn,static,logistic_regression,10,7,1128,0,0,0.37439265143783806
aeeem_mylyn,static,logistic_regression,10,7,1139,1,1,0.6933288376999093
aeeem_mylyn,static,logistic_regression,10,7,1141,1,0,0.3348796179162005
aeeem_mylyn,static,logistic_regression,10,7,1160,1,0,0.2817819721262123
aeeem_mylyn,static,logistic_regression,10,7,1175,0,0,0.32108157195151754
aeeem_mylyn,static,logistic_regression,10,7,1188,0,0,0.34382963588910886
aeeem_mylyn,static,logistic_regression,10,7,1202,0,0,0.2773107090202338
aeeem_mylyn,static,logistic_regression,10,7,1203,0,0,0.05965372354424427
aeeem_mylyn,static,logistic_regression,10,7,1210,0,0,0.17684610112139254
aeeem_mylyn,static,logistic_regression,10,7,1217,0,1,0.5307544051412817
aeeem_mylyn,static,logistic_regression,10,7,1227,0,0,0.25546905956067095
aeeem_mylyn,static,logistic_regression,10,7,1233,0,0,0.21669432077904377
aeeem_mylyn,static,logistic_regression,10,7,1234,0,0,0.33984018679559985
aeeem_mylyn,static,logistic_regression,10,7,1247,0,0,0.2481202751317912
aeeem_mylyn,static,logistic_regression,10,7,1250,0,0,0.344753062627569
aeeem_mylyn,static,logistic_regression,10,7,1262,1,0,0.24525660216300868
aeeem_mylyn,static,logistic_regression,10,7,1263,0,1,0.6254138962330172
aeeem_mylyn,static,logistic_regression,10,7,1275,0,0,0.19387011867117138
aeeem_mylyn,static,logistic_regression,10,7,1296,0,0,0.10950652584934334
aeeem_mylyn,static,logistic_regression,10,7,1308,0,0,0.49068596849448787
aeeem_mylyn,static,logistic_regression,10,7,1310,0,0,0.32513709443253874
aeeem_mylyn,static,logistic_regression,10,7,1313,1,0,0.32013366355678746
aeeem_mylyn,static,logistic_regression,10,7,1327,0,0,0.19451093617166196
aeeem_mylyn,static,logistic_regression,10,7,1328,1,1,0.553891695288699
aeeem_mylyn,static,logistic_regression,10,7,1332,1,1,0.7436682950051424
aeeem_mylyn,static,logistic_regression,10,7,1333,0,0,0.14503174837719898
aeeem_mylyn,static,logistic_regression,10,7,1334,0,0,0.2717701587332076
aeeem_mylyn,static,logistic_regression,10,7,1336,0,0,0.12737445831031122
aeeem_mylyn,static,logistic_regression,10,7,1339,0,0,0.37418038681463445
aeeem_mylyn,static,logistic_regression,10,7,1341,0,0,0.2742602022898213
aeeem_mylyn,static,logistic_regression,10,7,1353,0,0,0.39145957318160035
aeeem_mylyn,static,logistic_regression,10,7,1364,0,0,0.43079516674744595
aeeem_mylyn,static,logistic_regression,10,7,1365,1,0,0.3937529478202655
aeeem_mylyn,static,logistic_regression,10,7,1384,0,0,0.36504202053551915
aeeem_mylyn,static,logistic_regression,10,7,1390,0,0,0.18490347718003367
aeeem_mylyn,static,logistic_regression,10,7,1397,0,0,0.16065970407289742
aeeem_mylyn,static,logistic_regression,10,7,1398,0,1,0.5208323542247084
aeeem_mylyn,static,logistic_regression,10,7,1415,0,0,0.018962607628858683
aeeem_mylyn,static,logistic_regression,10,7,1433,0,0,0.2907617770574123
aeeem_mylyn,static,logistic_regression,10,7,1436,0,0,0.34272364828492136
aeeem_mylyn,static,logistic_regression,10,7,1452,0,0,0.33638448321160047
aeeem_mylyn,static,logistic_regression,10,7,1456,0,0,0.12571497072996018
aeeem_mylyn,static,logistic_regression,10,7,1468,1,1,0.8607681657402975
aeeem_mylyn,static,logistic_regression,10,7,1473,0,0,0.2564450808307865
aeeem_mylyn,static,logistic_regression,10,7,1480,0,0,0.14172785893554998
aeeem_mylyn,static,logistic_regression,10,7,1486,0,0,0.39731826331827735
aeeem_mylyn,static,logistic_regression,10,7,1505,0,0,0.19829556868997733
aeeem_mylyn,static,logistic_regression,10,7,1545,0,0,0.3345086087160891
aeeem_mylyn,static,logistic_regression,10,7,1548,0,1,0.6030101155589234
aeeem_mylyn,static,logistic_regression,10,7,1550,0,0,0.3088153136228359
aeeem_mylyn,static,logistic_regression,10,7,1556,1,1,0.7832927333397192
aeeem_mylyn,static,logistic_regression,10,7,1594,0,0,0.129367167625036
aeeem_mylyn,static,logistic_regression,10,7,1640,0,1,0.5564572190159455
aeeem_mylyn,static,logistic_regression,10,7,1655,1,1,0.6631897923834557
aeeem_mylyn,static,logistic_regression,10,7,1658,0,0,0.2827379840680356
aeeem_mylyn,static,logistic_regression,10,7,1662,0,1,0.7407556244855426
aeeem_mylyn,static,logistic_regression,10,7,1667,0,1,0.8018416333053426
aeeem_mylyn,static,logistic_regression,10,7,1679,0,0,0.40443387741384285
aeeem_mylyn,static,logistic_regression,10,7,1687,0,0,0.3273939892356407
aeeem_mylyn,static,logistic_regression,10,7,1696,0,0,0.36504202053551915
aeeem_mylyn,static,logistic_regression,10,7,1708,0,1,0.5718223211499437
aeeem_mylyn,static,logistic_regression,10,7,1709,0,1,0.7874587920299562
aeeem_mylyn,static,logistic_regression,10,7,1715,0,0,0.2802054784370055
aeeem_mylyn,static,logistic_regression,10,7,1717,0,0,0.23573533778441516
aeeem_mylyn,static,logistic_regression,10,7,1726,0,0,0.07351193989356623
aeeem_mylyn,static,logistic_regression,10,7,1736,0,1,0.7996135810130197
aeeem_mylyn,static,logistic_regression,10,7,1743,0,0,0.04386525558199509
aeeem_mylyn,static,logistic_regression,10,7,1748,0,0,0.38187951659697256
aeeem_mylyn,static,logistic_regression,10,7,1755,0,0,0.1553263608805626
aeeem_mylyn,static,logistic_regression,10,7,1764,0,0,0.38246725719970054
aeeem_mylyn,static,logistic_regression,10,7,1767,0,1,0.6570746091854991
aeeem_mylyn,static,logistic_regression,10,7,1768,0,1,0.7135490581328221
aeeem_mylyn,static,logistic_regression,10,7,1770,0,0,0.43575398582922287
aeeem_mylyn,static,logistic_regression,10,7,1776,1,1,0.5350352696209684
aeeem_mylyn,static,logistic_regression,10,7,1813,0,0,0.14532880674451662
aeeem_mylyn,static,logistic_regression,10,7,1817,0,0,0.10462106292664394
aeeem_mylyn,static,logistic_regression,10,7,1819,1,1,0.8156852525411887
aeeem_mylyn,static,logistic_regression,10,7,1844,0,0,0.1319827603885241
aeeem_mylyn,static,logistic_regression,10,7,1853,0,0,0.06568300013671237
aeeem_mylyn,static,logistic_regression,10,7,1854,0,0,0.3071680602351142
aeeem_mylyn,static,logistic_regression,10,7,1856,0,0,0.1798514893475254
aeeem_mylyn,static,logistic_regression,10,7,1859,1,1,0.6309891925063861
aeeem_mylyn,static,logistic_regression,10,7,1861,0,0,0.4029985889847495
aeeem_mylyn,static,logistic_regression,10,8,2,0,0,0.1792004757797182
aeeem_mylyn,static,logistic_regression,10,8,5,0,0,0.048325837373389795
aeeem_mylyn,static,logistic_regression,10,8,40,1,1,0.8703609203138958
aeeem_mylyn,static,logistic_regression,10,8,49,0,1,0.5845756864331298
aeeem_mylyn,static,logistic_regression,10,8,50,0,0,0.3547739415845039
aeeem_mylyn,static,logistic_regression,10,8,56,1,1,0.5020326827734752
aeeem_mylyn,static,logistic_regression,10,8,67,0,0,0.35782008940831805
aeeem_mylyn,static,logistic_regression,10,8,71,0,0,0.3429065324456719
aeeem_mylyn,static,logistic_regression,10,8,87,0,0,0.2875721605758338
aeeem_mylyn,static,logistic_regression,10,8,92,0,0,0.14218359653603124
aeeem_mylyn,static,logistic_regression,10,8,97,0,0,0.24831276447579934
aeeem_mylyn,static,logistic_regression,10,8,108,0,0,0.2833552025677558
aeeem_mylyn,static,logistic_regression,10,8,113,1,0,0.44676268014492526
aeeem_mylyn,static,logistic_regression,10,8,117,0,0,0.4431439826582444
aeeem_mylyn,static,logistic_regression,10,8,124,0,1,0.5607707702009972
aeeem_mylyn,static,logistic_regression,10,8,126,0,0,0.2838275231037337
aeeem_mylyn,static,logistic_regression,10,8,145,0,1,0.8837980768028704
aeeem_mylyn,static,logistic_regression,10,8,146,0,0,0.12019782690688915
aeeem_mylyn,static,logistic_regression,10,8,149,0,0,0.4528117804977761
aeeem_mylyn,static,logistic_regression,10,8,150,0,1,0.5008966662218096
aeeem_mylyn,static,logistic_regression,10,8,163,0,0,0.3449753516712798
aeeem_mylyn,static,logistic_regression,10,8,175,0,1,0.5858069881891013
aeeem_mylyn,static,logistic_regression,10,8,178,0,0,0.2443358313730136
aeeem_mylyn,static,logistic_regression,10,8,194,0,0,0.33498014190162145
aeeem_mylyn,static,logistic_regression,10,8,218,0,0,0.4173192424032344
aeeem_mylyn,static,logistic_regression,10,8,222,1,0,0.35964829389589426
aeeem_mylyn,static,logistic_regression,10,8,230,0,0,0.2594564126617545
aeeem_mylyn,static,logistic_regression,10,8,269,0,0,0.0539823089526357
aeeem_mylyn,static,logistic_regression,10,8,271,0,0,0.37589539729429927
aeeem_mylyn,static,logistic_regression,10,8,275,0,1,0.7079042143638581
aeeem_mylyn,static,logistic_regression,10,8,282,0,0,0.3177251021006545
aeeem_mylyn,static,logistic_regression,10,8,286,0,1,0.768880432170029
aeeem_mylyn,static,logistic_regression,10,8,287,0,1,0.5801061915147818
aeeem_mylyn,static,logistic_regression,10,8,316,1,1,0.9975927724357503
aeeem_mylyn,static,logistic_regression,10,8,318,0,0,0.1428633918949995
aeeem_mylyn,static,logistic_regression,10,8,322,0,1,0.5494533323342143
aeeem_mylyn,static,logistic_regression,10,8,337,1,0,0.48299375375704845
aeeem_mylyn,static,logistic_regression,10,8,346,0,0,0.488946547806751
aeeem_mylyn,static,logistic_regression,10,8,355,0,1,0.6928874820334067
aeeem_mylyn,static,logistic_regression,10,8,386,0,1,0.6453275908569333
aeeem_mylyn,static,logistic_regression,10,8,391,0,0,0.06518446809687836
aeeem_mylyn,static,logistic_regression,10,8,394,0,0,0.33854298917563735
aeeem_mylyn,static,logistic_regression,10,8,404,0,0,0.18492062748444593
aeeem_mylyn,static,logistic_regression,10,8,405,0,1,0.812552114240907
aeeem_mylyn,static,logistic_regression,10,8,412,0,1,0.5733488369464266
aeeem_mylyn,static,logistic_regression,10,8,419,0,0,0.432036657550745
aeeem_mylyn,static,logistic_regression,10,8,424,0,0,0.4030740858159532
aeeem_mylyn,static,logistic_regression,10,8,430,0,0,0.012167732495732279
aeeem_mylyn,static,logistic_regression,10,8,435,0,0,0.2659490338623521
aeeem_mylyn,static,logistic_regression,10,8,436,0,0,0.47668423545597105
aeeem_mylyn,static,logistic_regression,10,8,450,1,0,0.34916850725073945
aeeem_mylyn,static,logistic_regression,10,8,470,0,0,0.13625158942422025
aeeem_mylyn,static,logistic_regression,10,8,477,0,0,0.3692599198244408
aeeem_mylyn,static,logistic_regression,10,8,478,0,0,0.14362299579062154
aeeem_mylyn,static,logistic_regression,10,8,499,0,0,0.2799164693575843
aeeem_mylyn,static,logistic_regression,10,8,513,0,1,0.5436625274284964
aeeem_mylyn,static,logistic_regression,10,8,525,0,0,0.32373341299317393
aeeem_mylyn,static,logistic_regression,10,8,533,0,0,0.23165710931789746
aeeem_mylyn,static,logistic_regression,10,8,544,0,0,0.2120250711543727
aeeem_mylyn,static,logistic_regression,10,8,549,0,0,0.30166494806668687
aeeem_mylyn,static,logistic_regression,10,8,554,0,0,0.14792745931332968
aeeem_mylyn,static,logistic_regression,10,8,559,0,0,0.18359000117901544
aeeem_mylyn,static,logistic_regression,10,8,583,0,0,0.32329076114588934
aeeem_mylyn,static,logistic_regression,10,8,589,1,0,0.3212702229692671
aeeem_mylyn,static,logistic_regression,10,8,594,0,0,0.4649696224655043
aeeem_mylyn,static,logistic_regression,10,8,600,1,0,0.1929099938036201
aeeem_mylyn,static,logistic_regression,10,8,611,0,0,0.37224208643024626
aeeem_mylyn,static,logistic_regression,10,8,619,1,1,0.6640087880938981
aeeem_mylyn,static,logistic_regression,10,8,623,0,0,0.32226273591019194
aeeem_mylyn,static,logistic_regression,10,8,630,0,0,0.32914670298851445
aeeem_mylyn,static,logistic_regression,10,8,633,0,0,0.30329990303177035
aeeem_mylyn,static,logistic_regression,10,8,641,0,0,0.35752173752457783
aeeem_mylyn,static,logistic_regression,10,8,686,0,0,0.1977091378340677
aeeem_mylyn,static,logistic_regression,10,8,687,0,0,0.3490896431441135
aeeem_mylyn,static,logistic_regression,10,8,690,0,0,0.3391682630569789
aeeem_mylyn,static,logistic_regression,10,8,703,0,1,0.8723341144860144
aeeem_mylyn,static,logistic_regression,10,8,716,0,0,0.04101480260926847
aeeem_mylyn,static,logistic_regression,10,8,725,0,0,0.4093982714317427
aeeem_mylyn,static,logistic_regression,10,8,730,1,0,0.35964829389589426
aeeem_mylyn,static,logistic_regression,10,8,735,0,0,0.20012004304062747
aeeem_mylyn,static,logistic_regression,10,8,754,0,0,0.21360609145599585
aeeem_mylyn,static,logistic_regression,10,8,779,0,0,0.11801946951963774
aeeem_mylyn,static,logistic_regression,10,8,786,0,0,0.3205102897859376
aeeem_mylyn,static,logistic_regression,10,8,793,0,0,0.2938795767793306
aeeem_mylyn,static,logistic_regression,10,8,808,0,0,0.3434930002057017
aeeem_mylyn,static,logistic_regression,10,8,820,0,1,0.6295255721647784
aeeem_mylyn,static,logistic_regression,10,8,822,0,0,0.13079560982059518
aeeem_mylyn,static,logistic_regression,10,8,824,0,0,0.31924374244433495
aeeem_mylyn,static,logistic_regression,10,8,833,0,1,0.565226121090396
aeeem_mylyn,static,logistic_regression,10,8,846,0,0,0.1375317541333093
aeeem_mylyn,static,logistic_regression,10,8,897,1,0,0.4508372324774484
aeeem_mylyn,static,logistic_regression,10,8,909,0,0,0.41121028887728295
aeeem_mylyn,static,logistic_regression,10,8,912,0,1,0.9966266082211476
aeeem_mylyn,static,logistic_regression,10,8,946,0,1,0.5966253368552206
aeeem_mylyn,static,logistic_regression,10,8,952,0,0,0.42662416347568377
aeeem_mylyn,static,logistic_regression,10,8,964,0,0,0.34418958044620024
aeeem_mylyn,static,logistic_regression,10,8,979,1,0,0.20790486828012272
aeeem_mylyn,static,logistic_regression,10,8,991,0,1,0.9474046224127747
aeeem_mylyn,static,logistic_regression,10,8,995,1,1,0.5634436571464364
aeeem_mylyn,static,logistic_regression,10,8,999,1,0,0.4865170053885332
aeeem_mylyn,static,logistic_regression,10,8,1014,1,1,0.5308886244541164
aeeem_mylyn,static,logistic_regression,10,8,1018,0,0,0.41583154529366323
aeeem_mylyn,static,logistic_regression,10,8,1024,0,1,0.5975089806863388
aeeem_mylyn,static,logistic_regression,10,8,1033,0,0,0.11426401867285378
aeeem_mylyn,static,logistic_regression,10,8,1054,0,0,0.3388320358266944
aeeem_mylyn,static,logistic_regression,10,8,1055,0,0,0.31096196355651323
aeeem_mylyn,static,logistic_regression,10,8,1059,0,1,0.8459072362912868
aeeem_mylyn,static,logistic_regression,10,8,1066,0,0,0.3395707910179495
aeeem_mylyn,static,logistic_regression,10,8,1081,0,0,0.33524916977591535
aeeem_mylyn,static,logistic_regression,10,8,1089,0,0,0.046757704196760445
aeeem_mylyn,static,logistic_regression,10,8,1096,0,0,0.30976102423935165
aeeem_mylyn,static,logistic_regression,10,8,1097,0,0,0.2935410151161255
aeeem_mylyn,static,logistic_regression,10,8,1112,0,1,0.6004523954774623
aeeem_mylyn,static,logistic_regression,10,8,1122,0,0,0.1664866527978981
aeeem_mylyn,static,logistic_regression,10,8,1131,0,0,0.34313226400870744
aeeem_mylyn,static,logistic_regression,10,8,1132,0,0,0.287577209709405
aeeem_mylyn,static,logistic_regression,10,8,1138,0,0,0.0733209264028594
aeeem_mylyn,static,logistic_regression,10,8,1143,0,0,0.11560334467626175
aeeem_mylyn,static,logistic_regression,10,8,1144,0,0,0.460435265701311
aeeem_mylyn,static,logistic_regression,10,8,1146,0,0,0.308357391166969
aeeem_mylyn,static,logistic_regression,10,8,1147,0,0,0.36137237737117284
aeeem_mylyn,static,logistic_regression,10,8,1148,1,0,0.385908875738549
aeeem_mylyn,static,logistic_regression,10,8,1150,0,1,0.646340227377025
aeeem_mylyn,static,logistic_regression,10,8,1154,0,1,0.5253174595912633
aeeem_mylyn,static,logistic_regression,10,8,1156,0,0,0.1468776106123051
aeeem_mylyn,static,logistic_regression,10,8,1164,0,1,0.9638380772907362
aeeem_mylyn,static,logistic_regression,10,8,1193,0,0,0.12391473981426658
aeeem_mylyn,static,logistic_regression,10,8,1224,0,1,0.5356050102925922
aeeem_mylyn,static,logistic_regression,10,8,1254,0,0,0.2673207760531431
aeeem_mylyn,static,logistic_regression,10,8,1256,1,0,0.3371884138194355
aeeem_mylyn,static,logistic_regression,10,8,1261,0,0,0.27552192294308314
aeeem_mylyn,static,logistic_regression,10,8,1289,0,0,0.3580260579227868
aeeem_mylyn,static,logistic_regression,10,8,1304,0,0,0.47740863109008896
aeeem_mylyn,static,logistic_regression,10,8,1351,0,1,0.6117536926029704
aeeem_mylyn,static,logistic_regression,10,8,1357,0,0,0.31289633137593553
aeeem_mylyn,static,logistic_regression,10,8,1359,0,0,0.29348950979193683
aeeem_mylyn,static,logistic_regression,10,8,1377,1,1,0.6525085118811234
aeeem_mylyn,static,logistic_regression,10,8,1393,0,0,0.4058805565242845
aeeem_mylyn,static,logistic_regression,10,8,1402,0,1,0.7412625259458584
aeeem_mylyn,static,logistic_regression,10,8,1405,0,0,0.29044579069176446
aeeem_mylyn,static,logistic_regression,10,8,1406,0,0,0.37388469530053836
aeeem_mylyn,static,logistic_regression,10,8,1410,0,0,0.36189691306640903
aeeem_mylyn,static,logistic_regression,10,8,1416,0,1,0.5377402591638116
aeeem_mylyn,static,logistic_regression,10,8,1434,0,0,0.10042679776964979
aeeem_mylyn,static,logistic_regression,10,8,1455,0,1,0.5589097091912429
aeeem_mylyn,static,logistic_regression,10,8,1476,0,0,0.4365630395663295
aeeem_mylyn,static,logistic_regression,10,8,1478,0,0,0.2852250224845245
aeeem_mylyn,static,logistic_regression,10,8,1504,1,0,0.14199400959120184
aeeem_mylyn,static,logistic_regression,10,8,1513,0,0,0.3174507211267585
aeeem_mylyn,static,logistic_regression,10,8,1514,0,0,0.29752466644744774
aeeem_mylyn,static,logistic_regression,10,8,1523,0,0,0.37085789943494124
aeeem_mylyn,static,logistic_regression,10,8,1531,0,0,0.25834751980652293
aeeem_mylyn,static,logistic_regression,10,8,1532,0,0,0.49762080717942625
aeeem_mylyn,static,logistic_regression,10,8,1537,0,0,0.3230004170547826
aeeem_mylyn,static,logistic_regression,10,8,1542,1,0,0.35782008940831805
aeeem_mylyn,static,logistic_regression,10,8,1577,0,0,0.3573268122380436
aeeem_mylyn,static,logistic_regression,10,8,1589,0,1,0.5757891432525332
aeeem_mylyn,static,logistic_regression,10,8,1590,0,1,0.7583415925679307
aeeem_mylyn,static,logistic_regression,10,8,1602,0,0,0.3564823128947722
aeeem_mylyn,static,logistic_regression,10,8,1608,0,0,0.15964392285756807
aeeem_mylyn,static,logistic_regression,10,8,1622,0,0,0.39749667066850125
aeeem_mylyn,static,logistic_regression,10,8,1625,0,0,0.287577209709405
aeeem_mylyn,static,logistic_regression,10,8,1626,0,1,0.8053997879525563
aeeem_mylyn,static,logistic_regression,10,8,1633,0,0,0.05812460657822003
aeeem_mylyn,static,logistic_regression,10,8,1639,0,0,0.3787346310444054
aeeem_mylyn,static,logistic_regression,10,8,1647,0,0,0.40083315149316995
aeeem_mylyn,static,logistic_regression,10,8,1649,1,1,0.5354953128687817
aeeem_mylyn,static,logistic_regression,10,8,1650,0,1,0.5803073996450259
aeeem_mylyn,static,logistic_regression,10,8,1663,0,1,0.7130118679026266
aeeem_mylyn,static,logistic_regression,10,8,1664,0,0,0.4550399799782671
aeeem_mylyn,static,logistic_regression,10,8,1670,1,0,0.35782008940831805
aeeem_mylyn,static,logistic_regression,10,8,1671,0,0,0.30294556831399233
aeeem_mylyn,static,logistic_regression,10,8,1683,0,0,0.22742599830713137
aeeem_mylyn,static,logistic_regression,10,8,1695,0,0,0.24944520385649352
aeeem_mylyn,static,logistic_regression,10,8,1724,0,0,0.18708453192869753
aeeem_mylyn,static,logistic_regression,10,8,1725,1,1,0.7697800412675362
aeeem_mylyn,static,logistic_regression,10,8,1729,0,0,0.42701882348403003
aeeem_mylyn,static,logistic_regression,10,8,1735,0,0,0.29612210999627686
aeeem_mylyn,static,logistic_regression,10,8,1749,0,1,0.9643018915721983
aeeem_mylyn,static,logistic_regression,10,8,1788,1,0,0.32246591513001016
aeeem_mylyn,static,logistic_regression,10,8,1802,0,0,0.030255944294953277
aeeem_mylyn,static,logistic_regression,10,8,1805,0,0,0.4910708656253846
aeeem_mylyn,static,logistic_regression,10,8,1827,0,0,0.403926600014672
aeeem_mylyn,static,logistic_regression,10,8,1830,0,0,0.18159754617342203
aeeem_mylyn,static,logistic_regression,10,8,1849,0,0,0.4398476488567656
aeeem_mylyn,static,logistic_regression,10,8,1857,0,0,0.15972308006319735
aeeem_mylyn,static,logistic_regression,10,9,24,0,1,0.5494660926993871
aeeem_mylyn,static,logistic_regression,10,9,26,0,0,0.3101256106145039
aeeem_mylyn,static,logistic_regression,10,9,37,0,0,0.30252405195971654
aeeem_mylyn,static,logistic_regression,10,9,43,0,0,0.2169198338006702
aeeem_mylyn,static,logistic_regression,10,9,48,0,0,0.4612577336082888
aeeem_mylyn,static,logistic_regression,10,9,75,0,0,0.31059708309546435
aeeem_mylyn,static,logistic_regression,10,9,77,0,1,0.976882773287335
aeeem_mylyn,static,logistic_regression,10,9,82,0,0,0.01475201343294077
aeeem_mylyn,static,logistic_regression,10,9,83,0,1,0.6412825356901761
aeeem_mylyn,static,logistic_regression,10,9,86,0,0,0.2893696692200311
aeeem_mylyn,static,logistic_regression,10,9,123,0,0,0.2114527762324401
aeeem_mylyn,static,logistic_regression,10,9,158,0,0,0.15921348919324238
aeeem_mylyn,static,logistic_regression,10,9,164,0,0,0.2029814095721905
aeeem_mylyn,static,logistic_regression,10,9,171,0,1,0.5512104639317393
aeeem_mylyn,static,logistic_regression,10,9,179,0,0,0.026857397207992923
aeeem_mylyn,static,logistic_regression,10,9,192,0,0,0.30575225652588583
aeeem_mylyn,static,logistic_regression,10,9,197,0,0,0.4548099776738332
aeeem_mylyn,static,logistic_regression,10,9,204,0,0,0.3144040599654159
aeeem_mylyn,static,logistic_regression,10,9,226,1,1,0.7262054014549839
aeeem_mylyn,static,logistic_regression,10,9,231,0,1,0.6996341879528334
aeeem_mylyn,static,logistic_regression,10,9,260,0,0,0.1977711473874107
aeeem_mylyn,static,logistic_regression,10,9,273,0,0,0.4975170630033588
aeeem_mylyn,static,logistic_regression,10,9,281,0,0,0.3358398546136682
aeeem_mylyn,static,logistic_regression,10,9,320,0,0,0.49154182857195655
aeeem_mylyn,static,logistic_regression,10,9,324,0,0,0.09676461033980202
aeeem_mylyn,static,logistic_regression,10,9,325,0,1,0.9022194637254521
aeeem_mylyn,static,logistic_regression,10,9,326,1,0,0.32144132716787865
aeeem_mylyn,static,logistic_regression,10,9,330,0,0,0.26129392470901647
aeeem_mylyn,static,logistic_regression,10,9,332,1,0,0.2185686265947737
aeeem_mylyn,static,logistic_regression,10,9,339,0,0,0.237757324528108
aeeem_mylyn,static,logistic_regression,10,9,361,0,0,0.3369297007910934
aeeem_mylyn,static,logistic_regression,10,9,364,0,0,0.20030507274390397
aeeem_mylyn,static,logistic_regression,10,9,369,0,0,0.28754200787053824
aeeem_mylyn,static,logistic_regression,10,9,373,0,0,0.2761086976760244
aeeem_mylyn,static,logistic_regression,10,9,379,0,0,0.3054218046923463
aeeem_mylyn,static,logistic_regression,10,9,383,0,0,0.21152035967231103
aeeem_mylyn,static,logistic_regression,10,9,399,0,0,0.3507686218473468
aeeem_mylyn,static,logistic_regression,10,9,409,0,0,0.2829043288626956
aeeem_mylyn,static,logistic_regression,10,9,415,0,0,0.23609245799072623
aeeem_mylyn,static,logistic_regression,10,9,418,0,0,0.39519001778567736
aeeem_mylyn,static,logistic_regression,10,9,431,0,0,0.4674988616882513
aeeem_mylyn,static,logistic_regression,10,9,439,0,0,0.3599292544530498
aeeem_mylyn,static,logistic_regression,10,9,442,0,0,0.30499037580384875
aeeem_mylyn,static,logistic_regression,10,9,444,0,1,0.5716986417062448
aeeem_mylyn,static,logistic_regression,10,9,454,0,0,0.0069583559460769445
aeeem_mylyn,static,logistic_regression,10,9,457,0,0,0.47857732139827447
aeeem_mylyn,static,logistic_regression,10,9,466,0,0,0.18191552868425917
aeeem_mylyn,static,logistic_regression,10,9,472,0,0,0.14338296051111124
aeeem_mylyn,static,logistic_regression,10,9,480,0,0,0.4437104010667929
aeeem_mylyn,static,logistic_regression,10,9,488,0,1,0.5538749016805549
aeeem_mylyn,static,logistic_regression,10,9,519,1,0,0.34600212677386133
aeeem_mylyn,static,logistic_regression,10,9,563,0,0,0.2858060725361236
aeeem_mylyn,static,logistic_regression,10,9,564,0,0,0.35734217874618246
aeeem_mylyn,static,logistic_regression,10,9,567,0,0,0.34010134123816416
aeeem_mylyn,static,logistic_regression,10,9,573,0,0,0.2858060725361236
aeeem_mylyn,static,logistic_regression,10,9,576,1,1,0.8303992623225775
aeeem_mylyn,static,logistic_regression,10,9,626,0,0,0.2560446847265171
aeeem_mylyn,static,logistic_regression,10,9,627,1,0,0.37775007941374805
aeeem_mylyn,static,logistic_regression,10,9,650,0,1,0.7481044322716772
aeeem_mylyn,static,logistic_regression,10,9,682,0,1,0.5441827235288419
aeeem_mylyn,static,logistic_regression,10,9,684,0,0,0.4257693447611354
aeeem_mylyn,static,logistic_regression,10,9,692,0,0,0.30928930718237546
aeeem_mylyn,static,logistic_regression,10,9,693,0,0,0.4360858693269772
aeeem_mylyn,static,logistic_regression,10,9,707,0,0,0.24273086183182757
aeeem_mylyn,static,logistic_regression,10,9,724,0,1,0.8513756600084692
aeeem_mylyn,static,logistic_regression,10,9,731,0,0,0.3186739055031549
aeeem_mylyn,static,logistic_regression,10,9,751,0,0,0.27732029106536976
aeeem_mylyn,static,logistic_regression,10,9,761,0,0,0.36183649257433687
aeeem_mylyn,static,logistic_regression,10,9,769,1,0,0.3369554132429639
aeeem_mylyn,static,logistic_regression,10,9,770,0,0,0.4086903279917843
aeeem_mylyn,static,logistic_regression,10,9,771,0,1,0.7324886238338424
aeeem_mylyn,static,logistic_regression,10,9,784,0,0,0.1744089707886064
aeeem_mylyn,static,logistic_regression,10,9,807,0,0,0.12592087596573176
aeeem_mylyn,static,logistic_regression,10,9,816,0,0,0.4898552257945283
aeeem_mylyn,static,logistic_regression,10,9,871,1,1,0.8513445282899383
aeeem_mylyn,static,logistic_regression,10,9,872,0,1,0.6089257087232492
aeeem_mylyn,static,logistic_regression,10,9,882,0,1,0.6482829601589303
aeeem_mylyn,static,logistic_regression,10,9,901,0,1,0.8289064162420625
aeeem_mylyn,static,logistic_regression,10,9,905,0,0,0.31980561596456547
aeeem_mylyn,static,logistic_regression,10,9,918,0,1,0.5774493473581149
aeeem_mylyn,static,logistic_regression,10,9,925,0,0,0.3498001218985394
aeeem_mylyn,static,logistic_regression,10,9,933,0,0,0.2991200063358847
aeeem_mylyn,static,logistic_regression,10,9,935,1,0,0.37310675997231924
aeeem_mylyn,static,logistic_regression,10,9,939,0,0,0.12094705256305702
aeeem_mylyn,static,logistic_regression,10,9,962,0,0,0.1315143909641585
aeeem_mylyn,static,logistic_regression,10,9,973,1,0,0.3849255988710873
aeeem_mylyn,static,logistic_regression,10,9,981,0,0,0.31204832004524896
aeeem_mylyn,static,logistic_regression,10,9,985,1,1,0.6187143596971668
aeeem_mylyn,static,logistic_regression,10,9,989,0,1,0.8559016477684478
aeeem_mylyn,static,logistic_regression,10,9,994,0,0,0.3306178271462058
aeeem_mylyn,static,logistic_regression,10,9,996,0,0,0.2503590932724795
aeeem_mylyn,static,logistic_regression,10,9,998,0,0,0.27618816226029497
aeeem_mylyn,static,logistic_regression,10,9,1013,0,0,0.26496641717905106
aeeem_mylyn,static,logistic_regression,10,9,1017,0,0,0.4475188097186518
aeeem_mylyn,static,logistic_regression,10,9,1021,0,1,0.5438226307927513
aeeem_mylyn,static,logistic_regression,10,9,1025,0,1,0.6446264083725971
aeeem_mylyn,static,logistic_regression,10,9,1029,1,1,0.791735916158689
aeeem_mylyn,static,logistic_regression,10,9,1035,0,0,0.286783481288515
aeeem_mylyn,static,logistic_regression,10,9,1042,0,0,0.361318607309126
aeeem_mylyn,static,logistic_regression,10,9,1046,0,0,0.015600864410971884
aeeem_mylyn,static,logistic_regression,10,9,1057,0,0,0.498302657603273
aeeem_mylyn,static,logistic_regression,10,9,1058,0,0,0.12746457246904233
aeeem_mylyn,static,logistic_regression,10,9,1062,0,0,0.2820357013317933
aeeem_mylyn,static,logistic_regression,10,9,1064,0,0,0.43804255031391165
aeeem_mylyn,static,logistic_regression,10,9,1079,0,0,0.4994998359715345
aeeem_mylyn,static,logistic_regression,10,9,1082,0,0,0.16419780245512092
aeeem_mylyn,static,logistic_regression,10,9,1085,0,1,0.7024624078203426
aeeem_mylyn,static,logistic_regression,10,9,1101,0,0,0.3115746694082676
aeeem_mylyn,static,logistic_regression,10,9,1123,0,0,0.2914668554868455
aeeem_mylyn,static,logistic_regression,10,9,1158,1,0,0.17411177939561803
aeeem_mylyn,static,logistic_regression,10,9,1162,0,1,0.7359362994329858
aeeem_mylyn,static,logistic_regression,10,9,1166,0,0,0.38283209634876747
aeeem_mylyn,static,logistic_regression,10,9,1167,0,0,0.3833870575392368
aeeem_mylyn,static,logistic_regression,10,9,1174,1,0,0.4652479974158868
aeeem_mylyn,static,logistic_regression,10,9,1184,0,0,0.15851491832202136
aeeem_mylyn,static,logistic_regression,10,9,1225,0,0,0.3862574393523736
aeeem_mylyn,static,logistic_regression,10,9,1229,0,0,0.4516493857422183
aeeem_mylyn,static,logistic_regression,10,9,1236,0,0,0.14518496671628622
aeeem_mylyn,static,logistic_regression,10,9,1248,0,0,0.17033668748815564
aeeem_mylyn,static,logistic_regression,10,9,1298,0,0,0.3652771945799502
aeeem_mylyn,static,logistic_regression,10,9,1312,0,0,0.26770000378276193
aeeem_mylyn,static,logistic_regression,10,9,1315,0,0,0.48751844246841786
aeeem_mylyn,static,logistic_regression,10,9,1320,0,0,0.4692850824794521
aeeem_mylyn,static,logistic_regression,10,9,1338,0,0,0.42757146770363774
aeeem_mylyn,static,logistic_regression,10,9,1342,1,1,0.70317058483576
aeeem_mylyn,static,logistic_regression,10,9,1343,0,1,0.857669631532181
aeeem_mylyn,static,logistic_regression,10,9,1348,0,0,0.2577396513875632
aeeem_mylyn,static,logistic_regression,10,9,1358,0,0,0.28065955289931005
aeeem_mylyn,static,logistic_regression,10,9,1383,0,1,0.5125831978625139
aeeem_mylyn,static,logistic_regression,10,9,1391,0,0,0.22558395902071418
aeeem_mylyn,static,logistic_regression,10,9,1400,0,0,0.27258389982154996
aeeem_mylyn,static,logistic_regression,10,9,1442,1,0,0.2909990005570033
aeeem_mylyn,static,logistic_regression,10,9,1458,0,0,0.33765057684382904
aeeem_mylyn,static,logistic_regression,10,9,1467,0,0,0.2560446847265171
aeeem_mylyn,static,logistic_regression,10,9,1469,0,1,0.5723456802760224
aeeem_mylyn,static,logistic_regression,10,9,1470,0,0,0.2969130017948799
aeeem_mylyn,static,logistic_regression,10,9,1471,1,1,0.6046785020593174
aeeem_mylyn,static,logistic_regression,10,9,1485,0,0,0.2986874920588468
aeeem_mylyn,static,logistic_regression,10,9,1487,0,0,0.4751341178139604
aeeem_mylyn,static,logistic_regression,10,9,1498,1,0,0.3421970383484162
aeeem_mylyn,static,logistic_regression,10,9,1507,0,0,0.10898390166820929
aeeem_mylyn,static,logistic_regression,10,9,1512,0,1,0.8706432837680508
aeeem_mylyn,static,logistic_regression,10,9,1517,0,0,0.06319210360488335
aeeem_mylyn,static,logistic_regression,10,9,1518,0,0,0.36876545073523376
aeeem_mylyn,static,logistic_regression,10,9,1525,0,0,0.27655105436585237
aeeem_mylyn,static,logistic_regression,10,9,1533,0,0,0.3575001662239634
aeeem_mylyn,static,logistic_regression,10,9,1546,0,0,0.2258496070991524
aeeem_mylyn,static,logistic_regression,10,9,1549,0,1,0.5934905406924554
aeeem_mylyn,static,logistic_regression,10,9,1553,0,0,0.2687921767909905
aeeem_mylyn,static,logistic_regression,10,9,1555,0,0,0.38047613046165163
aeeem_mylyn,static,logistic_regression,10,9,1562,0,0,0.39854247168416257
aeeem_mylyn,static,logistic_regression,10,9,1564,0,0,0.3203516558886675
aeeem_mylyn,static,logistic_regression,10,9,1584,0,0,0.44695372365549174
aeeem_mylyn,static,logistic_regression,10,9,1587,0,0,0.3218496351993884
aeeem_mylyn,static,logistic_regression,10,9,1610,0,0,0.17503107476772925
aeeem_mylyn,static,logistic_regression,10,9,1619,0,0,0.3094495600472549
aeeem_mylyn,static,logistic_regression,10,9,1620,0,0,0.011867197822218041
aeeem_mylyn,static,logistic_regression,10,9,1621,0,1,0.5495477001316301
aeeem_mylyn,static,logistic_regression,10,9,1627,0,0,0.478581307048147
aeeem_mylyn,static,logistic_regression,10,9,1629,1,1,0.5938144546347651
aeeem_mylyn,static,logistic_regression,10,9,1632,1,0,0.3403020427921708
aeeem_mylyn,static,logistic_regression,10,9,1634,0,0,0.1824798687291772
aeeem_mylyn,static,logistic_regression,10,9,1638,0,0,0.18299009254402798
aeeem_mylyn,static,logistic_regression,10,9,1643,0,0,0.367947348453651
aeeem_mylyn,static,logistic_regression,10,9,1644,0,0,0.4034907418843554
aeeem_mylyn,static,logistic_regression,10,9,1646,0,0,0.2910638061886646
aeeem_mylyn,static,logistic_regression,10,9,1651,0,0,0.3255348496360072
aeeem_mylyn,static,logistic_regression,10,9,1652,0,1,0.8473307764335501
aeeem_mylyn,static,logistic_regression,10,9,1666,1,0,0.3321831663851005
aeeem_mylyn,static,logistic_regression,10,9,1674,0,1,0.7947268815155166
aeeem_mylyn,static,logistic_regression,10,9,1682,1,1,0.9995149108546655
aeeem_mylyn,static,logistic_regression,10,9,1700,1,1,0.5790856139665139
aeeem_mylyn,static,logistic_regression,10,9,1730,0,0,0.09581730493215482
aeeem_mylyn,static,logistic_regression,10,9,1766,0,0,0.41851245263069686
aeeem_mylyn,static,logistic_regression,10,9,1769,0,0,0.2595078172839045
aeeem_mylyn,static,logistic_regression,10,9,1775,0,0,0.38882110420059374
aeeem_mylyn,static,logistic_regression,10,9,1779,0,0,0.37296726628296195
aeeem_mylyn,static,logistic_regression,10,9,1781,0,0,0.15282186439404485
aeeem_mylyn,static,logistic_regression,10,9,1785,0,0,0.4185747027666555
aeeem_mylyn,static,logistic_regression,10,9,1794,0,0,0.10194554303072814
aeeem_mylyn,static,logistic_regression,10,9,1795,1,1,0.5247002371069169
aeeem_mylyn,static,logistic_regression,10,9,1824,0,1,0.6450418005421605
aeeem_mylyn,static,logistic_regression,10,9,1826,1,0,0.3965450501480609
aeeem_mylyn,static,logistic_regression,10,9,1836,0,0,0.12564898289640467
aeeem_mylyn,static,logistic_regression,10,9,1840,0,0,0.4622484987721128
aeeem_mylyn,static,logistic_regression,10,9,1845,0,0,0.06489922708757205
aeeem_mylyn,static,logistic_regression,10,10,6,0,0,0.25712586392907066
aeeem_mylyn,static,logistic_regression,10,10,29,0,0,0.3999801192992912
aeeem_mylyn,static,logistic_regression,10,10,47,0,0,0.17419348762430367
aeeem_mylyn,static,logistic_regression,10,10,59,0,0,0.003434308467378943
aeeem_mylyn,static,logistic_regression,10,10,63,1,1,0.7263864300739068
aeeem_mylyn,static,logistic_regression,10,10,74,0,1,0.500754126946173
aeeem_mylyn,static,logistic_regression,10,10,110,0,0,0.3043751018538352
aeeem_mylyn,static,logistic_regression,10,10,112,0,0,0.46641763159151606
aeeem_mylyn,static,logistic_regression,10,10,131,0,0,0.27312233364762434
aeeem_mylyn,static,logistic_regression,10,10,147,0,0,0.031027932144345818
aeeem_mylyn,static,logistic_regression,10,10,161,0,0,0.3926061191461476
aeeem_mylyn,static,logistic_regression,10,10,180,0,0,0.2754350587082056
aeeem_mylyn,static,logistic_regression,10,10,184,0,0,0.49617562787964936
aeeem_mylyn,static,logistic_regression,10,10,188,0,0,0.2225700657809893
aeeem_mylyn,static,logistic_regression,10,10,196,0,1,0.6562653525249155
aeeem_mylyn,static,logistic_regression,10,10,200,0,0,0.25878356145620957
aeeem_mylyn,static,logistic_regression,10,10,210,0,1,0.5100395562257138
aeeem_mylyn,static,logistic_regression,10,10,211,0,0,0.49239439204245294
aeeem_mylyn,static,logistic_regression,10,10,233,1,1,0.5101142971269819
aeeem_mylyn,static,logistic_regression,10,10,243,0,1,0.6630013551500767
aeeem_mylyn,static,logistic_regression,10,10,254,0,0,0.0970879184385879
aeeem_mylyn,static,logistic_regression,10,10,257,1,0,0.2707500948777791
aeeem_mylyn,static,logistic_regression,10,10,277,0,0,0.16579932446947251
aeeem_mylyn,static,logistic_regression,10,10,294,0,0,0.3226253327621131
aeeem_mylyn,static,logistic_regression,10,10,301,0,0,0.3458002114689238
aeeem_mylyn,static,logistic_regression,10,10,308,0,0,0.2165585293239033
aeeem_mylyn,static,logistic_regression,10,10,327,0,0,0.22158511801800598
aeeem_mylyn,static,logistic_regression,10,10,348,0,0,0.05606261358860305
aeeem_mylyn,static,logistic_regression,10,10,350,0,0,0.3704137408274669
aeeem_mylyn,static,logistic_regression,10,10,360,0,0,0.2937192033208731
aeeem_mylyn,static,logistic_regression,10,10,368,0,0,0.35599589796385595
aeeem_mylyn,static,logistic_regression,10,10,372,0,0,0.37970764319271993
aeeem_mylyn,static,logistic_regression,10,10,380,1,0,0.2209175279268182
aeeem_mylyn,static,logistic_regression,10,10,382,0,0,0.23879597208396094
aeeem_mylyn,static,logistic_regression,10,10,400,0,0,0.3537127325829668
aeeem_mylyn,static,logistic_regression,10,10,406,0,0,0.30179521951618654
aeeem_mylyn,static,logistic_regression,10,10,414,0,1,0.5460055150397359
aeeem_mylyn,static,logistic_regression,10,10,422,0,0,0.18395522602831058
aeeem_mylyn,static,logistic_regression,10,10,426,0,0,0.1638758643653598
aeeem_mylyn,static,logistic_regression,10,10,434,0,1,0.5434818649612668
aeeem_mylyn,static,logistic_regression,10,10,443,0,0,0.4542917044874629
aeeem_mylyn,static,logistic_regression,10,10,458,0,0,0.39703016020104703
aeeem_mylyn,static,logistic_regression,10,10,463,0,0,0.15193930308141093
aeeem_mylyn,static,logistic_regression,10,10,465,1,1,0.8005657272731173
aeeem_mylyn,static,logistic_regression,10,10,467,0,0,0.4213699960506098
aeeem_mylyn,static,logistic_regression,10,10,471,0,0,0.25315293319415993
aeeem_mylyn,static,logistic_regression,10,10,482,0,1,0.6406610741015979
aeeem_mylyn,static,logistic_regression,10,10,483,0,1,0.6620893828034085
aeeem_mylyn,static,logistic_regression,10,10,489,0,0,0.3828776589600278
aeeem_mylyn,static,logistic_regression,10,10,493,0,0,0.4071354912070253
aeeem_mylyn,static,logistic_regression,10,10,516,1,1,0.6261684008941324
aeeem_mylyn,static,logistic_regression,10,10,521,1,0,0.2566264775231515
aeeem_mylyn,static,logistic_regression,10,10,527,1,1,0.5810730703285183
aeeem_mylyn,static,logistic_regression,10,10,553,0,1,0.6662214661472227
aeeem_mylyn,static,logistic_regression,10,10,568,0,0,0.2234469143050614
aeeem_mylyn,static,logistic_regression,10,10,582,0,0,0.06337987601881803
aeeem_mylyn,static,logistic_regression,10,10,586,0,0,0.3304701484198158
aeeem_mylyn,static,logistic_regression,10,10,598,0,0,0.1735875832652841
aeeem_mylyn,static,logistic_regression,10,10,613,0,0,0.3741882944845039
aeeem_mylyn,static,logistic_regression,10,10,624,0,0,0.32752920168775584
aeeem_mylyn,static,logistic_regression,10,10,637,0,0,0.4962568032000899
aeeem_mylyn,static,logistic_regression,10,10,643,1,0,0.28718631007377127
aeeem_mylyn,static,logistic_regression,10,10,659,0,0,0.39812785382855553
aeeem_mylyn,static,logistic_regression,10,10,661,0,1,0.515194919974122
aeeem_mylyn,static,logistic_regression,10,10,663,0,0,0.33528036866674366
aeeem_mylyn,static,logistic_regression,10,10,674,0,0,0.2834938856386043
aeeem_mylyn,static,logistic_regression,10,10,700,0,0,0.28718631007377127
aeeem_mylyn,static,logistic_regression,10,10,705,0,0,0.40460406022807754
aeeem_mylyn,static,logistic_regression,10,10,710,0,0,0.38649702712410317
aeeem_mylyn,static,logistic_regression,10,10,715,0,0,0.12783912156234734
aeeem_mylyn,static,logistic_regression,10,10,717,0,1,0.5545659621140353
aeeem_mylyn,static,logistic_regression,10,10,723,0,1,0.5041873186886652
aeeem_mylyn,static,logistic_regression,10,10,729,0,0,0.4782172754076841
aeeem_mylyn,static,logistic_regression,10,10,752,0,0,0.267945361567387
aeeem_mylyn,static,logistic_regression,10,10,762,0,0,0.3085778659755762
aeeem_mylyn,static,logistic_regression,10,10,787,0,0,0.4187294927065254
aeeem_mylyn,static,logistic_regression,10,10,795,0,1,0.9143665995867133
aeeem_mylyn,static,logistic_regression,10,10,797,0,1,0.5260316002399379
aeeem_mylyn,static,logistic_regression,10,10,800,0,0,0.1342801438910525
aeeem_mylyn,static,logistic_regression,10,10,811,1,1,0.7275906223683486
aeeem_mylyn,static,logistic_regression,10,10,841,0,0,0.35809563400130134
aeeem_mylyn,static,logistic_regression,10,10,843,0,0,0.4312762507057312
aeeem_mylyn,static,logistic_regression,10,10,844,1,1,0.5342067374153184
aeeem_mylyn,static,logistic_regression,10,10,848,0,0,0.3221218121750203
aeeem_mylyn,static,logistic_regression,10,10,851,0,0,0.38350178141356905
aeeem_mylyn,static,logistic_regression,10,10,866,0,0,0.2920760179208628
aeeem_mylyn,static,logistic_regression,10,10,874,0,1,0.6697695259285897
aeeem_mylyn,static,logistic_regression,10,10,902,0,0,0.1317736894985187
aeeem_mylyn,static,logistic_regression,10,10,922,0,0,0.08323355855188087
aeeem_mylyn,static,logistic_regression,10,10,950,0,0,0.2937192033208731
aeeem_mylyn,static,logistic_regression,10,10,972,0,0,0.4834852655507557
aeeem_mylyn,static,logistic_regression,10,10,978,0,0,0.1963431731947294
aeeem_mylyn,static,logistic_regression,10,10,990,0,1,0.720740126978947
aeeem_mylyn,static,logistic_regression,10,10,992,0,1,0.6847943934377466
aeeem_mylyn,static,logistic_regression,10,10,1007,0,1,0.6066858329269638
aeeem_mylyn,static,logistic_regression,10,10,1031,1,1,0.6046603263805712
aeeem_mylyn,static,logistic_regression,10,10,1045,0,0,0.2995603211513489
aeeem_mylyn,static,logistic_regression,10,10,1076,0,0,0.3386947201052346
aeeem_mylyn,static,logistic_regression,10,10,1084,0,0,0.056143252065656804
aeeem_mylyn,static,logistic_regression,10,10,1106,0,0,0.19549038772078428
aeeem_mylyn,static,logistic_regression,10,10,1107,1,1,0.751694364681042
aeeem_mylyn,static,logistic_regression,10,10,1114,0,0,0.3265075530040935
aeeem_mylyn,static,logistic_regression,10,10,1119,0,0,0.23279498872162405
aeeem_mylyn,static,logistic_regression,10,10,1121,0,0,0.43706751589059717
aeeem_mylyn,static,logistic_regression,10,10,1125,0,0,0.1520251277145484
aeeem_mylyn,static,logistic_regression,10,10,1129,1,1,0.8095489441445363
aeeem_mylyn,static,logistic_regression,10,10,1157,0,1,0.9473501851815562
aeeem_mylyn,static,logistic_regression,10,10,1173,0,1,0.9503071676354563
aeeem_mylyn,static,logistic_regression,10,10,1177,0,0,0.04711571480482467
aeeem_mylyn,static,logistic_regression,10,10,1181,0,1,0.539555160384341
aeeem_mylyn,static,logistic_regression,10,10,1191,0,0,0.3834133227295455
aeeem_mylyn,static,logistic_regression,10,10,1200,0,0,0.28840555606932006
aeeem_mylyn,static,logistic_regression,10,10,1205,0,0,0.4755851712766954
aeeem_mylyn,static,logistic_regression,10,10,1206,1,0,0.3640334057018862
aeeem_mylyn,static,logistic_regression,10,10,1211,0,0,0.46960635856485117
aeeem_mylyn,static,logistic_regression,10,10,1219,1,0,0.35906887657372627
aeeem_mylyn,static,logistic_regression,10,10,1249,0,0,0.3310337458552812
aeeem_mylyn,static,logistic_regression,10,10,1255,0,0,0.3640334057018862
aeeem_mylyn,static,logistic_regression,10,10,1260,0,0,0.39436544075868474
aeeem_mylyn,static,logistic_regression,10,10,1269,1,0,0.41990032480976386
aeeem_mylyn,static,logistic_regression,10,10,1272,0,0,0.2085681677640618
aeeem_mylyn,static,logistic_regression,10,10,1280,0,0,0.35924712494113537
aeeem_mylyn,static,logistic_regression,10,10,1284,0,0,0.325683336709168
aeeem_mylyn,static,logistic_regression,10,10,1290,0,0,0.16574043661963508
aeeem_mylyn,static,logistic_regression,10,10,1299,0,0,0.16031137167190143
aeeem_mylyn,static,logistic_regression,10,10,1307,0,1,0.6781402492730695
aeeem_mylyn,static,logistic_regression,10,10,1316,0,0,0.37199523644990706
aeeem_mylyn,static,logistic_regression,10,10,1326,0,1,0.5568866770427523
aeeem_mylyn,static,logistic_regression,10,10,1329,0,0,0.28824403830105316
aeeem_mylyn,static,logistic_regression,10,10,1331,1,1,0.8400475502918752
aeeem_mylyn,static,logistic_regression,10,10,1344,0,0,0.3190712753136352
aeeem_mylyn,static,logistic_regression,10,10,1370,0,0,0.34574700530712216
aeeem_mylyn,static,logistic_regression,10,10,1388,0,1,0.5643286591650886
aeeem_mylyn,static,logistic_regression,10,10,1394,0,0,0.34460300309037745
aeeem_mylyn,static,logistic_regression,10,10,1412,1,0,0.22933422982078155
aeeem_mylyn,static,logistic_regression,10,10,1428,0,0,0.24928259818422713
aeeem_mylyn,static,logistic_regression,10,10,1447,0,1,0.6472484590284222
aeeem_mylyn,static,logistic_regression,10,10,1450,0,0,0.4131625248732288
aeeem_mylyn,static,logistic_regression,10,10,1453,0,0,0.36513035922032905
aeeem_mylyn,static,logistic_regression,10,10,1457,0,0,0.3471615900364931
aeeem_mylyn,static,logistic_regression,10,10,1481,0,0,0.3651315950589127
aeeem_mylyn,static,logistic_regression,10,10,1491,0,0,0.28766712654688864
aeeem_mylyn,static,logistic_regression,10,10,1500,0,0,0.20899594743327293
aeeem_mylyn,static,logistic_regression,10,10,1508,0,0,0.10582314336294248
aeeem_mylyn,static,logistic_regression,10,10,1510,0,0,0.23279498872162405
aeeem_mylyn,static,logistic_regression,10,10,1519,0,0,0.37978242754018343
aeeem_mylyn,static,logistic_regression,10,10,1529,0,0,0.3163228592344828
aeeem_mylyn,static,logistic_regression,10,10,1536,0,0,0.18029115662602332
aeeem_mylyn,static,logistic_regression,10,10,1541,0,1,0.5396842363525989
aeeem_mylyn,static,logistic_regression,10,10,1544,0,0,0.14427505374844388
aeeem_mylyn,static,logistic_regression,10,10,1558,0,0,0.2944129955036782
aeeem_mylyn,static,logistic_regression,10,10,1561,1,0,0.3384124741825955
aeeem_mylyn,static,logistic_regression,10,10,1569,0,0,0.3978541626034089
aeeem_mylyn,static,logistic_regression,10,10,1570,0,0,0.12146217182099674
aeeem_mylyn,static,logistic_regression,10,10,1575,0,0,0.15603530939019697
aeeem_mylyn,static,logistic_regression,10,10,1579,0,0,0.34259411752687996
aeeem_mylyn,static,logistic_regression,10,10,1582,0,0,0.33858830049654254
aeeem_mylyn,static,logistic_regression,10,10,1599,0,0,0.23063954260037767
aeeem_mylyn,static,logistic_regression,10,10,1606,0,1,0.5365202820263145
aeeem_mylyn,static,logistic_regression,10,10,1607,0,1,0.7216228766320274
aeeem_mylyn,static,logistic_regression,10,10,1617,0,0,0.1389554380859144
aeeem_mylyn,static,logistic_regression,10,10,1623,0,0,0.4811520343397787
aeeem_mylyn,static,logistic_regression,10,10,1631,0,0,0.34318308466437136
aeeem_mylyn,static,logistic_regression,10,10,1648,0,0,0.11912003972327528
aeeem_mylyn,static,logistic_regression,10,10,1653,0,0,0.36043614037828003
aeeem_mylyn,static,logistic_regression,10,10,1654,0,0,0.33057788607718913
aeeem_mylyn,static,logistic_regression,10,10,1673,0,0,0.13052934283767914
aeeem_mylyn,static,logistic_regression,10,10,1675,1,0,0.33825601410777456
aeeem_mylyn,static,logistic_regression,10,10,1694,0,0,0.2954198739245447
aeeem_mylyn,static,logistic_regression,10,10,1714,1,0,0.45504338194641064
aeeem_mylyn,static,logistic_regression,10,10,1727,0,1,0.5319909314492701
aeeem_mylyn,static,logistic_regression,10,10,1750,0,0,0.36056018906512577
aeeem_mylyn,static,logistic_regression,10,10,1752,0,0,0.34312600578386604
aeeem_mylyn,static,logistic_regression,10,10,1763,0,0,0.33858830049654254
aeeem_mylyn,static,logistic_regression,10,10,1777,0,0,0.37512179857177125
aeeem_mylyn,static,logistic_regression,10,10,1778,0,0,0.21396046724610415
aeeem_mylyn,static,logistic_regression,10,10,1801,0,0,0.31314420709567137
aeeem_mylyn,static,logistic_regression,10,10,1803,0,0,0.1558691937958074
aeeem_mylyn,static,logistic_regression,10,10,1806,1,1,0.6261855453038689
aeeem_mylyn,static,logistic_regression,10,10,1809,0,1,0.5197004947399633
aeeem_mylyn,static,logistic_regression,10,10,1815,0,0,0.022781055116882762
aeeem_mylyn,static,logistic_regression,10,10,1834,1,0,0.33679759970579204
aeeem_mylyn,static,logistic_regression,10,10,1837,0,0,0.2778365905088343
aeeem_mylyn,static,logistic_regression,10,10,1841,1,0,0.4041597247546129
aeeem_mylyn,static,logistic_regression,10,10,1847,0,0,0.3286001573063139
aeeem_mylyn,static,logistic_regression,10,10,1860,0,0,0.21295502294411592
