dataset,feature_set,model,cv_folds,fold,row_index,y_true,y_pred,y_score
aeeem_mylyn,static,lightgbm,10,1,0,0,0,0.027180033367490673
aeeem_mylyn,static,lightgbm,10,1,13,0,0,0.004181837695644942
aeeem_mylyn,static,lightgbm,10,1,28,0,0,0.001449087359840189
aeeem_mylyn,static,lightgbm,10,1,35,0,0,0.13401318835138293
aeeem_mylyn,static,lightgbm,10,1,36,0,0,0.17091224054785817
aeeem_mylyn,static,lightgbm,10,1,51,1,1,0.9886286192140223
aeeem_mylyn,static,lightgbm,10,1,52,0,0,0.17627177014581338
aeeem_mylyn,static,lightgbm,10,1,54,0,0,0.3970964673960232
aeeem_mylyn,static,lightgbm,10,1,62,0,0,0.2167873879485967
aeeem_mylyn,static,lightgbm,10,1,76,0,0,0.006080128267528963
aeeem_mylyn,static,lightgbm,10,1,78,0,0,0.004064389931842385
aeeem_mylyn,static,lightgbm,10,1,90,0,0,0.26963169922425173
aeeem_mylyn,static,lightgbm,10,1,116,0,0,0.17634825625157885
aeeem_mylyn,static,lightgbm,10,1,140,0,0,0.02488804320852479
aeeem_mylyn,static,lightgbm,10,1,141,0,0,0.16452543451684618
aeeem_mylyn,static,lightgbm,10,1,151,0,0,0.18246077932728783
aeeem_mylyn,static,lightgbm,10,1,152,0,0,0.15046138604121553
aeeem_mylyn,static,lightgbm,10,1,160,0,0,0.004098095829450382
aeeem_mylyn,static,lightgbm,10,1,174,0,0,0.28362069864787254
aeeem_mylyn,static,lightgbm,10,1,176,0,1,0.9236625870016835
aeeem_mylyn,static,lightgbm,10,1,186,1,0,0.12528198094147497
aeeem_mylyn,static,lightgbm,10,1,228,0,0,0.011975932861297285
aeeem_mylyn,static,lightgbm,10,1,241,0,0,0.010933969549297259
aeeem_mylyn,static,lightgbm,10,1,251,0,0,0.08730754076266782
aeeem_mylyn,static,lightgbm,10,1,261,1,1,0.7054179553794595
aeeem_mylyn,static,lightgbm,10,1,263,0,0,0.158804398895241
aeeem_mylyn,static,lightgbm,10,1,295,0,0,0.008172899965469719
aeeem_mylyn,static,lightgbm,10,1,297,0,1,0.7646414542622285
aeeem_mylyn,static,lightgbm,10,1,298,0,0,0.060922456130798934
aeeem_mylyn,static,lightgbm,10,1,300,0,0,0.019674159411787087
aeeem_mylyn,static,lightgbm,10,1,302,0,0,0.06934512403072457
aeeem_mylyn,static,lightgbm,10,1,311,0,0,0.08436963632842724
aeeem_mylyn,static,lightgbm,10,1,354,0,0,0.011088545343393699
aeeem_mylyn,static,lightgbm,10,1,375,1,0,0.08627331485518942
aeeem_mylyn,static,lightgbm,10,1,407,0,0,0.09488206208333091
aeeem_mylyn,static,lightgbm,10,1,423,1,0,0.01966121655098225
aeeem_mylyn,static,lightgbm,10,1,432,0,0,0.029436965448893928
aeeem_mylyn,static,lightgbm,10,1,438,0,1,0.5441785469564201
aeeem_mylyn,static,lightgbm,10,1,441,1,0,0.21534132939290515
aeeem_mylyn,static,lightgbm,10,1,486,1,1,0.5640112335681985
aeeem_mylyn,static,lightgbm,10,1,487,0,0,0.005563567395244653
aeeem_mylyn,static,lightgbm,10,1,496,0,0,0.11979710941033433
aeeem_mylyn,static,lightgbm,10,1,506,0,0,0.11979710941033433
aeeem_mylyn,static,lightgbm,10,1,515,0,0,0.08804129516802314
aeeem_mylyn,static,lightgbm,10,1,526,0,0,0.11788160016066969
aeeem_mylyn,static,lightgbm,10,1,548,0,0,0.12342384041327902
aeeem_mylyn,static,lightgbm,10,1,551,0,0,0.12463152492467265
aeeem_mylyn,static,lightgbm,10,1,555,0,0,0.087114507787358
aeeem_mylyn,static,lightgbm,10,1,560,0,0,0.32975453281628775
aeeem_mylyn,static,lightgbm,10,1,622,0,0,0.2787990876888783
aeeem_mylyn,static,lightgbm,10,1,629,0,0,0.028493956834081673
aeeem_mylyn,static,lightgbm,10,1,640,0,1,0.6397460070949194
aeeem_mylyn,static,lightgbm,10,1,647,0,0,0.06619320371760938
aeeem_mylyn,static,lightgbm,10,1,658,0,0,0.057939433926686316
aeeem_mylyn,static,lightgbm,10,1,666,0,1,0.7672518686142074
aeeem_mylyn,static,lightgbm,10,1,670,0,0,0.015774946471068113
aeeem_mylyn,static,lightgbm,10,1,689,1,1,0.5728659085278445
aeeem_mylyn,static,lightgbm,10,1,698,0,0,0.38866139335184213
aeeem_mylyn,static,lightgbm,10,1,699,0,0,0.004143312635966655
aeeem_mylyn,static,lightgbm,10,1,701,0,0,0.013589810603750346
aeeem_mylyn,static,lightgbm,10,1,738,0,1,0.7969277005752394
aeeem_mylyn,static,lightgbm,10,1,744,0,0,0.25808466557713666
aeeem_mylyn,static,lightgbm,10,1,750,0,0,0.022003127683293697
aeeem_mylyn,static,lightgbm,10,1,766,1,0,0.010256383434424319
aeeem_mylyn,static,lightgbm,10,1,772,0,0,0.053426494329312006
aeeem_mylyn,static,lightgbm,10,1,776,0,0,0.007920626856933432
aeeem_mylyn,static,lightgbm,10,1,780,0,1,0.5487977387684262
aeeem_mylyn,static,lightgbm,10,1,783,0,0,0.014619952103002928
aeeem_mylyn,static,lightgbm,10,1,826,0,1,0.6508140368399259
aeeem_mylyn,static,lightgbm,10,1,829,0,0,0.09405495921985865
aeeem_mylyn,static,lightgbm,10,1,840,0,0,0.011975932861297285
aeeem_mylyn,static,lightgbm,10,1,859,0,0,0.03488412541985298
aeeem_mylyn,static,lightgbm,10,1,860,0,0,0.2993664367742178
aeeem_mylyn,static,lightgbm,10,1,870,0,0,0.04601825669869294
aeeem_mylyn,static,lightgbm,10,1,886,0,0,0.043391809502298734
aeeem_mylyn,static,lightgbm,10,1,889,0,0,0.054858819105293076
aeeem_mylyn,static,lightgbm,10,1,890,0,0,0.0366204784118091
aeeem_mylyn,static,lightgbm,10,1,892,0,0,0.005576481268963
aeeem_mylyn,static,lightgbm,10,1,894,1,0,0.020705214974519222
aeeem_mylyn,static,lightgbm,10,1,896,0,0,0.026255173419603768
aeeem_mylyn,static,lightgbm,10,1,900,0,0,0.17334931098176784
aeeem_mylyn,static,lightgbm,10,1,904,0,0,0.01768556061586427
aeeem_mylyn,static,lightgbm,10,1,921,0,0,0.10463068763476994
aeeem_mylyn,static,lightgbm,10,1,923,0,0,0.294990118726339
aeeem_mylyn,static,lightgbm,10,1,938,0,0,0.07876557914158275
aeeem_mylyn,static,lightgbm,10,1,940,0,0,0.14974662747638498
aeeem_mylyn,static,lightgbm,10,1,942,0,0,0.052643119540137694
aeeem_mylyn,static,lightgbm,10,1,945,0,0,0.061276309310780076
aeeem_mylyn,static,lightgbm,10,1,948,0,0,0.004430823507937205
aeeem_mylyn,static,lightgbm,10,1,958,0,0,0.013242647099463727
aeeem_mylyn,static,lightgbm,10,1,960,0,0,0.060922456130798934
aeeem_mylyn,static,lightgbm,10,1,961,0,0,0.09881782642634136
aeeem_mylyn,static,lightgbm,10,1,963,0,0,0.02656933299288864
aeeem_mylyn,static,lightgbm,10,1,976,0,1,0.6898724129795528
aeeem_mylyn,static,lightgbm,10,1,986,0,1,0.877586112873526
aeeem_mylyn,static,lightgbm,10,1,988,0,1,0.6743414768240081
aeeem_mylyn,static,lightgbm,10,1,1011,0,0,0.0697522922979612
aeeem_mylyn,static,lightgbm,10,1,1012,1,0,0.4325055080640938
aeeem_mylyn,static,lightgbm,10,1,1019,0,0,0.014688396268957541
aeeem_mylyn,static,lightgbm,10,1,1020,0,0,0.3259116520226721
aeeem_mylyn,static,lightgbm,10,1,1022,0,1,0.9398337632570065
aeeem_mylyn,static,lightgbm,10,1,1034,0,0,0.0032278379809243967
aeeem_mylyn,static,lightgbm,10,1,1037,0,0,0.0390431690131194
aeeem_mylyn,static,lightgbm,10,1,1038,0,0,0.07350936504763332
aeeem_mylyn,static,lightgbm,10,1,1040,0,0,0.044897418753499466
aeeem_mylyn,static,lightgbm,10,1,1060,0,0,0.015846953335231128
aeeem_mylyn,static,lightgbm,10,1,1068,0,0,0.02884479548403182
aeeem_mylyn,static,lightgbm,10,1,1075,0,0,0.08109332977412387
aeeem_mylyn,static,lightgbm,10,1,1080,0,0,0.0006166168175258412
aeeem_mylyn,static,lightgbm,10,1,1087,0,0,0.020581464371927653
aeeem_mylyn,static,lightgbm,10,1,1108,0,0,0.33879540835107896
aeeem_mylyn,static,lightgbm,10,1,1126,0,0,0.3752657787281873
aeeem_mylyn,static,lightgbm,10,1,1152,0,0,0.05457584233089554
aeeem_mylyn,static,lightgbm,10,1,1170,0,0,0.01655326563511116
aeeem_mylyn,static,lightgbm,10,1,1171,0,0,0.024620336563498633
aeeem_mylyn,static,lightgbm,10,1,1178,0,0,0.2767053155181482
aeeem_mylyn,static,lightgbm,10,1,1179,0,0,0.11220865455965078
aeeem_mylyn,static,lightgbm,10,1,1185,1,1,0.57859378074662
aeeem_mylyn,static,lightgbm,10,1,1196,0,0,0.049108650150847824
aeeem_mylyn,static,lightgbm,10,1,1199,0,0,0.06226429338730391
aeeem_mylyn,static,lightgbm,10,1,1209,0,0,0.005393335267315617
aeeem_mylyn,static,lightgbm,10,1,1228,0,0,0.012634594261948677
aeeem_mylyn,static,lightgbm,10,1,1242,0,0,0.12593849728494425
aeeem_mylyn,static,lightgbm,10,1,1252,0,0,0.019569125681684833
aeeem_mylyn,static,lightgbm,10,1,1258,0,0,0.284473614388003
aeeem_mylyn,static,lightgbm,10,1,1268,1,0,0.23691035599505772
aeeem_mylyn,static,lightgbm,10,1,1278,0,1,0.8538973621341664
aeeem_mylyn,static,lightgbm,10,1,1283,1,0,0.15281953544247923
aeeem_mylyn,static,lightgbm,10,1,1285,0,1,0.967017371790557
aeeem_mylyn,static,lightgbm,10,1,1287,1,0,0.14795129855826733
aeeem_mylyn,static,lightgbm,10,1,1293,0,0,0.0543348041293951
aeeem_mylyn,static,lightgbm,10,1,1302,0,0,0.020048752396896647
aeeem_mylyn,static,lightgbm,10,1,1318,0,0,0.3005120575150955
aeeem_mylyn,static,lightgbm,10,1,1330,0,0,0.2043785971891462
aeeem_mylyn,static,lightgbm,10,1,1340,0,0,0.3338346146918606
aeeem_mylyn,static,lightgbm,10,1,1352,1,1,0.9739070402361057
aeeem_mylyn,static,lightgbm,10,1,1362,0,0,0.07241727619557879
aeeem_mylyn,static,lightgbm,10,1,1366,1,0,0.26835820020948997
aeeem_mylyn,static,lightgbm,10,1,1368,0,0,0.013087088589964855
aeeem_mylyn,static,lightgbm,10,1,1380,1,0,0.43272054962890194
aeeem_mylyn,static,lightgbm,10,1,1382,0,0,0.01774244100410213
aeeem_mylyn,static,lightgbm,10,1,1389,0,0,0.0365583350875795
aeeem_mylyn,static,lightgbm,10,1,1404,0,0,0.012211193641272208
aeeem_mylyn,static,lightgbm,10,1,1408,0,0,0.0036803579416323264
aeeem_mylyn,static,lightgbm,10,1,1423,0,0,0.049432196552155985
aeeem_mylyn,static,lightgbm,10,1,1425,0,0,0.13257288014644344
aeeem_mylyn,static,lightgbm,10,1,1439,0,0,0.0072829390783370335
aeeem_mylyn,static,lightgbm,10,1,1448,0,0,0.11207957484382579
aeeem_mylyn,static,lightgbm,10,1,1449,0,0,0.18818501849252112
aeeem_mylyn,static,lightgbm,10,1,1475,0,0,0.22024519040718354
aeeem_mylyn,static,lightgbm,10,1,1479,0,0,0.01938848388380978
aeeem_mylyn,static,lightgbm,10,1,1482,1,0,0.17294951653953125
aeeem_mylyn,static,lightgbm,10,1,1494,1,0,0.42652728651335936
aeeem_mylyn,static,lightgbm,10,1,1497,0,0,0.026227499709061006
aeeem_mylyn,static,lightgbm,10,1,1502,0,0,0.08421494215264694
aeeem_mylyn,static,lightgbm,10,1,1521,0,0,0.02371930896137144
aeeem_mylyn,static,lightgbm,10,1,1528,0,1,0.8415783817062007
aeeem_mylyn,static,lightgbm,10,1,1534,0,0,0.3632909312266131
aeeem_mylyn,static,lightgbm,10,1,1538,0,0,0.3715714818450233
aeeem_mylyn,static,lightgbm,10,1,1539,0,0,0.009809838846851649
aeeem_mylyn,static,lightgbm,10,1,1547,0,0,0.004432245506364394
aeeem_mylyn,static,lightgbm,10,1,1566,0,0,0.14066892595032426
aeeem_mylyn,static,lightgbm,10,1,1578,0,0,0.021370884130606567
aeeem_mylyn,static,lightgbm,10,1,1592,0,0,0.030216430283639163
aeeem_mylyn,static,lightgbm,10,1,1601,0,0,0.19336634179416298
aeeem_mylyn,static,lightgbm,10,1,1614,0,0,0.1736892320261226
aeeem_mylyn,static,lightgbm,10,1,1615,0,0,0.007485966737250018
aeeem_mylyn,static,lightgbm,10,1,1630,1,0,0.13369778744634042
aeeem_mylyn,static,lightgbm,10,1,1676,1,0,0.3397164541508517
aeeem_mylyn,static,lightgbm,10,1,1678,0,0,0.28596717614066336
aeeem_mylyn,static,lightgbm,10,1,1704,0,0,0.21104744010869206
aeeem_mylyn,static,lightgbm,10,1,1713,0,0,0.03726635313091219
aeeem_mylyn,static,lightgbm,10,1,1716,0,0,0.057641862074773544
aeeem_mylyn,static,lightgbm,10,1,1733,0,0,0.22935917484991716
aeeem_mylyn,static,lightgbm,10,1,1734,0,0,0.012634594261948677
aeeem_mylyn,static,lightgbm,10,1,1758,0,0,0.44234433991780275
aeeem_mylyn,static,lightgbm,10,1,1772,0,0,0.22051232795847273
aeeem_mylyn,static,lightgbm,10,1,1780,0,0,0.011088545343393699
aeeem_mylyn,static,lightgbm,10,1,1784,1,0,0.018575772043148583
aeeem_mylyn,static,lightgbm,10,1,1786,1,1,0.8665311572931843
aeeem_mylyn,static,lightgbm,10,1,1790,0,0,0.10946574642693327
aeeem_mylyn,static,lightgbm,10,1,1798,0,0,0.0056275114263760915
aeeem_mylyn,static,lightgbm,10,1,1823,0,0,0.041185705993098336
aeeem_mylyn,static,lightgbm,10,1,1831,1,1,0.916046406928448
aeeem_mylyn,static,lightgbm,10,1,1842,0,0,0.0037678903139774745
aeeem_mylyn,static,lightgbm,10,1,1846,0,0,0.015178678722620426
aeeem_mylyn,static,lightgbm,10,1,1852,0,0,0.03239227884027724
aeeem_mylyn,static,lightgbm,10,2,9,0,0,0.011722673902838102
aeeem_mylyn,static,lightgbm,10,2,17,0,0,0.23043601372440134
aeeem_mylyn,static,lightgbm,10,2,19,0,0,0.0034052213069540017
aeeem_mylyn,static,lightgbm,10,2,20,0,0,0.005498676520762732
aeeem_mylyn,static,lightgbm,10,2,21,0,0,0.07834836551247967
aeeem_mylyn,static,lightgbm,10,2,22,0,0,0.21988587712902022
aeeem_mylyn,static,lightgbm,10,2,32,0,0,0.06182311850053351
aeeem_mylyn,static,lightgbm,10,2,53,0,0,0.00777167704310598
aeeem_mylyn,static,lightgbm,10,2,69,0,0,0.011954810357453974
aeeem_mylyn,static,lightgbm,10,2,81,0,0,0.24807930476712955
aeeem_mylyn,static,lightgbm,10,2,91,0,0,0.43316032650022
aeeem_mylyn,static,lightgbm,10,2,94,0,0,0.1588411262362957
aeeem_mylyn,static,lightgbm,10,2,107,0,1,0.8908341030864572
aeeem_mylyn,static,lightgbm,10,2,114,1,0,0.06175592576489593
aeeem_mylyn,static,lightgbm,10,2,129,1,0,0.42193375703989905
aeeem_mylyn,static,lightgbm,10,2,134,1,1,0.8908341030864572
aeeem_mylyn,static,lightgbm,10,2,144,0,0,0.00727092389269332
aeeem_mylyn,static,lightgbm,10,2,153,0,0,0.017377497598770924
aeeem_mylyn,static,lightgbm,10,2,154,0,0,0.22771338649799505
aeeem_mylyn,static,lightgbm,10,2,162,0,0,0.009122648923044673
aeeem_mylyn,static,lightgbm,10,2,167,0,0,0.30281697537576885
aeeem_mylyn,static,lightgbm,10,2,170,0,0,0.04546605934609215
aeeem_mylyn,static,lightgbm,10,2,187,0,0,0.0006656562971388808
aeeem_mylyn,static,lightgbm,10,2,201,0,0,0.33720407298400545
aeeem_mylyn,static,lightgbm,10,2,219,0,0,0.0368145983185225
aeeem_mylyn,static,lightgbm,10,2,223,0,0,0.008887824268575015
aeeem_mylyn,static,lightgbm,10,2,225,0,0,0.06981981741185068
aeeem_mylyn,static,lightgbm,10,2,235,0,1,0.5166493250178251
aeeem_mylyn,static,lightgbm,10,2,245,0,0,0.013714283185303466
aeeem_mylyn,static,lightgbm,10,2,247,1,1,0.8331709436444383
aeeem_mylyn,static,lightgbm,10,2,252,1,0,0.05011442226890489
aeeem_mylyn,static,lightgbm,10,2,262,0,0,0.012716681560900082
aeeem_mylyn,static,lightgbm,10,2,266,1,0,0.006061588564183286
aeeem_mylyn,static,lightgbm,10,2,279,0,0,0.014824936617076125
aeeem_mylyn,static,lightgbm,10,2,283,0,0,0.004054670380971905
aeeem_mylyn,static,lightgbm,10,2,296,0,0,0.008735063210854077
aeeem_mylyn,static,lightgbm,10,2,335,0,0,0.007402871664934237
aeeem_mylyn,static,lightgbm,10,2,341,0,0,0.07003874448438635
aeeem_mylyn,static,lightgbm,10,2,343,1,0,0.032426817815591334
aeeem_mylyn,static,lightgbm,10,2,345,0,1,0.6949543872566112
aeeem_mylyn,static,lightgbm,10,2,351,0,0,0.00499635472805707
aeeem_mylyn,static,lightgbm,10,2,352,0,0,0.008516223750515013
aeeem_mylyn,static,lightgbm,10,2,365,0,1,0.9899805751147692
aeeem_mylyn,static,lightgbm,10,2,367,0,0,0.006954197194931041
aeeem_mylyn,static,lightgbm,10,2,393,0,0,0.011419293449524947
aeeem_mylyn,static,lightgbm,10,2,397,0,0,0.0065104119536232435
aeeem_mylyn,static,lightgbm,10,2,403,0,0,0.015883240214416318
aeeem_mylyn,static,lightgbm,10,2,421,0,0,0.03540320205079836
aeeem_mylyn,static,lightgbm,10,2,427,0,0,0.06605668234943078
aeeem_mylyn,static,lightgbm,10,2,429,0,0,0.029956813610902955
aeeem_mylyn,static,lightgbm,10,2,448,0,0,0.008970561510265707
aeeem_mylyn,static,lightgbm,10,2,469,1,1,0.6300096611179035
aeeem_mylyn,static,lightgbm,10,2,474,0,0,0.06981301859045143
aeeem_mylyn,static,lightgbm,10,2,476,0,0,0.28577153438276254
aeeem_mylyn,static,lightgbm,10,2,491,0,0,0.011633195366062886
aeeem_mylyn,static,lightgbm,10,2,492,0,0,0.022821276904480534
aeeem_mylyn,static,lightgbm,10,2,505,0,1,0.8908341030864572
aeeem_mylyn,static,lightgbm,10,2,509,0,0,0.031827029388798014
aeeem_mylyn,static,lightgbm,10,2,520,0,1,0.5686583999130138
aeeem_mylyn,static,lightgbm,10,2,530,0,0,0.391619890414732
aeeem_mylyn,static,lightgbm,10,2,534,0,0,0.011561072657523114
aeeem_mylyn,static,lightgbm,10,2,542,0,0,0.0811559426619761
aeeem_mylyn,static,lightgbm,10,2,570,0,0,0.0165752481729776
aeeem_mylyn,static,lightgbm,10,2,593,0,0,0.015032387525118115
aeeem_mylyn,static,lightgbm,10,2,595,1,1,0.8908341030864572
aeeem_mylyn,static,lightgbm,10,2,596,0,0,0.010120440511620034
aeeem_mylyn,static,lightgbm,10,2,599,1,0,0.08581042951829014
aeeem_mylyn,static,lightgbm,10,2,603,0,0,0.2843159062932785
aeeem_mylyn,static,lightgbm,10,2,608,0,0,0.07195594819889292
aeeem_mylyn,static,lightgbm,10,2,614,0,0,0.02641118502935429
aeeem_mylyn,static,lightgbm,10,2,628,0,0,0.20193736287597355
aeeem_mylyn,static,lightgbm,10,2,642,0,0,0.008459355800584607
aeeem_mylyn,static,lightgbm,10,2,644,0,0,0.01158691919257763
aeeem_mylyn,static,lightgbm,10,2,648,0,0,0.01409755062389113
aeeem_mylyn,static,lightgbm,10,2,652,1,0,0.20943024191407864
aeeem_mylyn,static,lightgbm,10,2,662,0,0,0.012580250376929527
aeeem_mylyn,static,lightgbm,10,2,679,0,0,0.020894440312208835
aeeem_mylyn,static,lightgbm,10,2,694,0,0,0.020861317772655853
aeeem_mylyn,static,lightgbm,10,2,706,1,1,0.6932210454505674
aeeem_mylyn,static,lightgbm,10,2,708,0,0,0.0679951703511002
aeeem_mylyn,static,lightgbm,10,2,709,0,0,0.3206475127448942
aeeem_mylyn,static,lightgbm,10,2,734,0,0,0.45796763099502374
aeeem_mylyn,static,lightgbm,10,2,737,0,0,0.044288826986224036
aeeem_mylyn,static,lightgbm,10,2,739,0,0,0.26477881698884476
aeeem_mylyn,static,lightgbm,10,2,740,0,0,0.007440039583782659
aeeem_mylyn,static,lightgbm,10,2,753,0,0,0.24595307090696536
aeeem_mylyn,static,lightgbm,10,2,758,0,1,0.7813601467335627
aeeem_mylyn,static,lightgbm,10,2,763,0,0,0.1303366054558215
aeeem_mylyn,static,lightgbm,10,2,775,0,1,0.6103772778431528
aeeem_mylyn,static,lightgbm,10,2,777,0,0,0.03040319200373727
aeeem_mylyn,static,lightgbm,10,2,782,0,0,0.04377330146360313
aeeem_mylyn,static,lightgbm,10,2,802,0,0,0.0016962119276968711
aeeem_mylyn,static,lightgbm,10,2,804,0,0,0.0069745521368178845
aeeem_mylyn,static,lightgbm,10,2,818,0,0,0.006246394641213998
aeeem_mylyn,static,lightgbm,10,2,831,0,0,0.00274588614461894
aeeem_mylyn,static,lightgbm,10,2,842,0,0,0.02674248085444346
aeeem_mylyn,static,lightgbm,10,2,854,0,0,0.19139842347058086
aeeem_mylyn,static,lightgbm,10,2,856,1,1,0.6285037994168702
aeeem_mylyn,static,lightgbm,10,2,861,0,0,0.20757318437002586
aeeem_mylyn,static,lightgbm,10,2,867,0,0,0.11873030223460862
aeeem_mylyn,static,lightgbm,10,2,877,1,0,0.0483244976407465
aeeem_mylyn,static,lightgbm,10,2,885,0,0,0.015567538665979219
aeeem_mylyn,static,lightgbm,10,2,895,0,0,0.01658713242276343
aeeem_mylyn,static,lightgbm,10,2,914,1,1,0.685416675426245
aeeem_mylyn,static,lightgbm,10,2,926,0,0,0.041718967263624056
aeeem_mylyn,static,lightgbm,10,2,927,0,1,0.9444237621777934
aeeem_mylyn,static,lightgbm,10,2,934,0,0,0.2746855671275446
aeeem_mylyn,static,lightgbm,10,2,943,0,0,0.011320205584727162
aeeem_mylyn,static,lightgbm,10,2,957,0,1,0.651487088354695
aeeem_mylyn,static,lightgbm,10,2,968,0,0,0.033784771153500925
aeeem_mylyn,static,lightgbm,10,2,969,0,0,0.005453518298300876
aeeem_mylyn,static,lightgbm,10,2,970,0,0,0.12040935771907077
aeeem_mylyn,static,lightgbm,10,2,993,0,0,0.12583917867028957
aeeem_mylyn,static,lightgbm,10,2,1006,0,0,0.09564866841357973
aeeem_mylyn,static,lightgbm,10,2,1008,0,1,0.5359925442538718
aeeem_mylyn,static,lightgbm,10,2,1009,0,0,0.005444021851742752
aeeem_mylyn,static,lightgbm,10,2,1016,0,1,0.5663836298523997
aeeem_mylyn,static,lightgbm,10,2,1069,0,1,0.9177003099678719
aeeem_mylyn,static,lightgbm,10,2,1073,0,0,0.013164885110725333
aeeem_mylyn,static,lightgbm,10,2,1074,0,0,0.0018894666236140742
aeeem_mylyn,static,lightgbm,10,2,1077,1,0,0.33699928698330156
aeeem_mylyn,static,lightgbm,10,2,1083,0,0,0.06008371667846887
aeeem_mylyn,static,lightgbm,10,2,1092,0,0,0.01290427584667615
aeeem_mylyn,static,lightgbm,10,2,1118,0,0,0.03708352168943994
aeeem_mylyn,static,lightgbm,10,2,1145,0,0,0.02474849761440782
aeeem_mylyn,static,lightgbm,10,2,1155,0,0,0.11680712841665351
aeeem_mylyn,static,lightgbm,10,2,1163,0,0,0.03382720140587211
aeeem_mylyn,static,lightgbm,10,2,1165,0,0,0.062506215514336
aeeem_mylyn,static,lightgbm,10,2,1168,0,0,0.011217905074118692
aeeem_mylyn,static,lightgbm,10,2,1195,0,0,0.0769822862784191
aeeem_mylyn,static,lightgbm,10,2,1213,0,0,0.01376465959332082
aeeem_mylyn,static,lightgbm,10,2,1222,0,0,0.06871632551342692
aeeem_mylyn,static,lightgbm,10,2,1241,0,0,0.01577783985333641
aeeem_mylyn,static,lightgbm,10,2,1246,0,0,0.006716948509382122
aeeem_mylyn,static,lightgbm,10,2,1257,0,0,0.09070246354820331
aeeem_mylyn,static,lightgbm,10,2,1265,0,0,0.04475126844212776
aeeem_mylyn,static,lightgbm,10,2,1295,0,0,0.06012850310345467
aeeem_mylyn,static,lightgbm,10,2,1305,0,0,0.09529355445622849
aeeem_mylyn,static,lightgbm,10,2,1324,0,0,0.01747823003396981
aeeem_mylyn,static,lightgbm,10,2,1373,0,0,0.09364771868589414
aeeem_mylyn,static,lightgbm,10,2,1379,1,1,0.5154535105583017
aeeem_mylyn,static,lightgbm,10,2,1392,0,0,0.21128176535324616
aeeem_mylyn,static,lightgbm,10,2,1401,0,0,0.014240997275016015
aeeem_mylyn,static,lightgbm,10,2,1403,0,0,0.01224222279314184
aeeem_mylyn,static,lightgbm,10,2,1411,1,1,0.8638209379390361
aeeem_mylyn,static,lightgbm,10,2,1422,0,0,0.006914322639942945
aeeem_mylyn,static,lightgbm,10,2,1435,0,0,0.05909161830069262
aeeem_mylyn,static,lightgbm,10,2,1454,0,0,0.1569962488348747
aeeem_mylyn,static,lightgbm,10,2,1461,1,1,0.9803631140977406
aeeem_mylyn,static,lightgbm,10,2,1462,0,0,0.1588411262362957
aeeem_mylyn,static,lightgbm,10,2,1463,0,0,0.17317743970234045
aeeem_mylyn,static,lightgbm,10,2,1489,1,0,0.05602602821272492
aeeem_mylyn,static,lightgbm,10,2,1492,0,0,0.28970630813589043
aeeem_mylyn,static,lightgbm,10,2,1496,0,0,0.009489781699754172
aeeem_mylyn,static,lightgbm,10,2,1501,0,0,0.36790512125986724
aeeem_mylyn,static,lightgbm,10,2,1515,1,0,0.026579348469863068
aeeem_mylyn,static,lightgbm,10,2,1543,0,0,0.39466028076906234
aeeem_mylyn,static,lightgbm,10,2,1552,0,0,0.06981458847465392
aeeem_mylyn,static,lightgbm,10,2,1563,0,0,0.14978802966733423
aeeem_mylyn,static,lightgbm,10,2,1576,1,1,0.9797748274494044
aeeem_mylyn,static,lightgbm,10,2,1588,0,0,0.023996840123845828
aeeem_mylyn,static,lightgbm,10,2,1595,0,0,0.057541156980687895
aeeem_mylyn,static,lightgbm,10,2,1597,0,0,0.029350546507419636
aeeem_mylyn,static,lightgbm,10,2,1598,0,0,0.018490533839464557
aeeem_mylyn,static,lightgbm,10,2,1603,0,1,0.768809647810433
aeeem_mylyn,static,lightgbm,10,2,1605,0,0,0.17500986584393044
aeeem_mylyn,static,lightgbm,10,2,1612,0,1,0.5377056303676003
aeeem_mylyn,static,lightgbm,10,2,1635,0,0,0.059782957334438745
aeeem_mylyn,static,lightgbm,10,2,1668,1,1,0.7147731365297681
aeeem_mylyn,static,lightgbm,10,2,1680,1,1,0.9016230027710634
aeeem_mylyn,static,lightgbm,10,2,1688,0,0,0.004451384517541342
aeeem_mylyn,static,lightgbm,10,2,1712,0,0,0.11590185095172022
aeeem_mylyn,static,lightgbm,10,2,1718,0,0,0.15301313449826243
aeeem_mylyn,static,lightgbm,10,2,1720,0,0,0.31733747697641107
aeeem_mylyn,static,lightgbm,10,2,1739,0,0,0.2173743252864411
aeeem_mylyn,static,lightgbm,10,2,1741,0,0,0.276917268112888
aeeem_mylyn,static,lightgbm,10,2,1747,0,0,0.14290003959215145
aeeem_mylyn,static,lightgbm,10,2,1754,0,0,0.07144965331336293
aeeem_mylyn,static,lightgbm,10,2,1757,0,0,0.3579457839372816
aeeem_mylyn,static,lightgbm,10,2,1771,0,0,0.0019945534294486017
aeeem_mylyn,static,lightgbm,10,2,1789,0,0,0.0746043540134079
aeeem_mylyn,static,lightgbm,10,2,1791,0,0,0.04668642305492021
aeeem_mylyn,static,lightgbm,10,2,1796,0,0,0.02311202204741417
aeeem_mylyn,static,lightgbm,10,2,1812,0,0,0.006851388469867369
aeeem_mylyn,static,lightgbm,10,2,1822,0,0,0.06272093181630131
aeeem_mylyn,static,lightgbm,10,2,1828,0,0,0.0014551162034200419
aeeem_mylyn,static,lightgbm,10,2,1835,1,0,0.059092082720693315
aeeem_mylyn,static,lightgbm,10,3,1,0,1,0.6688984519779814
aeeem_mylyn,static,lightgbm,10,3,16,0,0,0.07928778994608704
aeeem_mylyn,static,lightgbm,10,3,23,0,0,0.07819212362436755
aeeem_mylyn,static,lightgbm,10,3,25,0,1,0.8811564504046402
aeeem_mylyn,static,lightgbm,10,3,27,0,0,0.002287498762193623
aeeem_mylyn,static,lightgbm,10,3,41,0,0,0.34749056186665817
aeeem_mylyn,static,lightgbm,10,3,42,0,0,0.33574674949594224
aeeem_mylyn,static,lightgbm,10,3,45,0,0,0.19231936378383951
aeeem_mylyn,static,lightgbm,10,3,57,0,0,0.33880258977075045
aeeem_mylyn,static,lightgbm,10,3,60,1,1,0.6827797800725126
aeeem_mylyn,static,lightgbm,10,3,84,0,0,0.13399483309952287
aeeem_mylyn,static,lightgbm,10,3,88,0,0,0.01032060506871519
aeeem_mylyn,static,lightgbm,10,3,93,0,0,0.03533302888957628
aeeem_mylyn,static,lightgbm,10,3,99,1,0,0.04740891361699477
aeeem_mylyn,static,lightgbm,10,3,111,1,1,0.9610254754705985
aeeem_mylyn,static,lightgbm,10,3,119,0,0,0.4264755910749983
aeeem_mylyn,static,lightgbm,10,3,120,0,0,0.2413788614192875
aeeem_mylyn,static,lightgbm,10,3,122,0,0,0.0036815746986163527
aeeem_mylyn,static,lightgbm,10,3,127,0,0,0.030583170554849222
aeeem_mylyn,static,lightgbm,10,3,135,0,0,0.005314140175722204
aeeem_mylyn,static,lightgbm,10,3,148,0,0,0.023403015038043564
aeeem_mylyn,static,lightgbm,10,3,156,1,0,0.15671440275830503
aeeem_mylyn,static,lightgbm,10,3,166,0,0,0.36759996461980704
aeeem_mylyn,static,lightgbm,10,3,172,0,0,0.40937086690776114
aeeem_mylyn,static,lightgbm,10,3,173,1,0,0.1284768954576924
aeeem_mylyn,static,lightgbm,10,3,181,0,1,0.7271344231212348
aeeem_mylyn,static,lightgbm,10,3,195,0,1,0.6044285439391368
aeeem_mylyn,static,lightgbm,10,3,198,0,0,0.0020829243597199286
aeeem_mylyn,static,lightgbm,10,3,202,0,0,0.2830067055587932
aeeem_mylyn,static,lightgbm,10,3,212,0,0,0.35827925437676916
aeeem_mylyn,static,lightgbm,10,3,215,0,0,0.06324222129631614
aeeem_mylyn,static,lightgbm,10,3,229,0,0,0.04300623525135277
aeeem_mylyn,static,lightgbm,10,3,242,0,0,0.07398510872471471
aeeem_mylyn,static,lightgbm,10,3,246,0,0,0.011019396819251568
aeeem_mylyn,static,lightgbm,10,3,249,0,0,0.20946672754048393
aeeem_mylyn,static,lightgbm,10,3,250,0,1,0.8224754105698892
aeeem_mylyn,static,lightgbm,10,3,253,0,1,0.7347422518703183
aeeem_mylyn,static,lightgbm,10,3,258,0,0,0.0340694102978323
aeeem_mylyn,static,lightgbm,10,3,259,0,0,0.023014079956358457
aeeem_mylyn,static,lightgbm,10,3,303,0,0,0.09412356496243282
aeeem_mylyn,static,lightgbm,10,3,304,0,1,0.5977398612874858
aeeem_mylyn,static,lightgbm,10,3,307,0,0,0.015958195475608145
aeeem_mylyn,static,lightgbm,10,3,315,0,0,0.25498549168584284
aeeem_mylyn,static,lightgbm,10,3,317,1,0,0.11236258868814113
aeeem_mylyn,static,lightgbm,10,3,329,1,1,0.9115982887105288
aeeem_mylyn,static,lightgbm,10,3,338,1,1,0.5065488797316382
aeeem_mylyn,static,lightgbm,10,3,342,0,0,0.018581261191067507
aeeem_mylyn,static,lightgbm,10,3,347,0,0,0.0010601095842292403
aeeem_mylyn,static,lightgbm,10,3,363,0,0,0.28972217817896334
aeeem_mylyn,static,lightgbm,10,3,371,0,0,0.020102821446794122
aeeem_mylyn,static,lightgbm,10,3,374,0,1,0.6973313822610907
aeeem_mylyn,static,lightgbm,10,3,416,0,0,0.014361294182313293
aeeem_mylyn,static,lightgbm,10,3,437,0,0,0.09156016619754093
aeeem_mylyn,static,lightgbm,10,3,456,0,1,0.6370650462027571
aeeem_mylyn,static,lightgbm,10,3,473,0,0,0.005262261131746516
aeeem_mylyn,static,lightgbm,10,3,475,1,0,0.013038159647468336
aeeem_mylyn,static,lightgbm,10,3,484,0,0,0.05360579934455244
aeeem_mylyn,static,lightgbm,10,3,490,0,0,0.3112629139721011
aeeem_mylyn,static,lightgbm,10,3,494,0,0,0.011019396819251568
aeeem_mylyn,static,lightgbm,10,3,517,0,0,0.007699113786478082
aeeem_mylyn,static,lightgbm,10,3,522,0,1,0.9115982887105288
aeeem_mylyn,static,lightgbm,10,3,528,1,1,0.8508592720205895
aeeem_mylyn,static,lightgbm,10,3,531,0,0,0.08849546592747225
aeeem_mylyn,static,lightgbm,10,3,538,0,0,0.40937086690776114
aeeem_mylyn,static,lightgbm,10,3,539,0,0,0.010899902841649456
aeeem_mylyn,static,lightgbm,10,3,546,0,0,0.0017769043128745025
aeeem_mylyn,static,lightgbm,10,3,550,0,1,0.7921927202816698
aeeem_mylyn,static,lightgbm,10,3,556,1,0,0.10932467364842603
aeeem_mylyn,static,lightgbm,10,3,558,0,0,0.03532785359503984
aeeem_mylyn,static,lightgbm,10,3,577,1,0,0.1902255696819125
aeeem_mylyn,static,lightgbm,10,3,579,0,0,0.016733532323256497
aeeem_mylyn,static,lightgbm,10,3,581,0,0,0.052455757636764334
aeeem_mylyn,static,lightgbm,10,3,584,0,1,0.5013956030389065
aeeem_mylyn,static,lightgbm,10,3,587,1,1,0.7679007951004492
aeeem_mylyn,static,lightgbm,10,3,597,0,0,0.007053405489548141
aeeem_mylyn,static,lightgbm,10,3,604,0,0,0.030969909739073726
aeeem_mylyn,static,lightgbm,10,3,605,0,0,0.04103571007290072
aeeem_mylyn,static,lightgbm,10,3,612,1,1,0.6901559311563864
aeeem_mylyn,static,lightgbm,10,3,616,0,0,0.066474695515708
aeeem_mylyn,static,lightgbm,10,3,620,0,0,0.0108811765399846
aeeem_mylyn,static,lightgbm,10,3,625,0,0,0.034432270499610625
aeeem_mylyn,static,lightgbm,10,3,665,0,0,0.0292464683112578
aeeem_mylyn,static,lightgbm,10,3,671,0,0,0.05993088844823049
aeeem_mylyn,static,lightgbm,10,3,673,0,0,0.2099997856082797
aeeem_mylyn,static,lightgbm,10,3,677,0,0,0.03933954492369448
aeeem_mylyn,static,lightgbm,10,3,680,0,0,0.4837213836264563
aeeem_mylyn,static,lightgbm,10,3,712,0,0,0.4948171458637888
aeeem_mylyn,static,lightgbm,10,3,720,0,0,0.02961911458407504
aeeem_mylyn,static,lightgbm,10,3,721,0,0,0.007573186852741146
aeeem_mylyn,static,lightgbm,10,3,722,0,0,0.008612940228098696
aeeem_mylyn,static,lightgbm,10,3,726,1,1,0.9402987186430205
aeeem_mylyn,static,lightgbm,10,3,732,0,0,0.01657794407610087
aeeem_mylyn,static,lightgbm,10,3,755,0,0,0.17207469277284765
aeeem_mylyn,static,lightgbm,10,3,756,0,0,0.09162326585789425
aeeem_mylyn,static,lightgbm,10,3,774,0,0,0.11881920241541497
aeeem_mylyn,static,lightgbm,10,3,790,1,0,0.4375865697307333
aeeem_mylyn,static,lightgbm,10,3,801,0,0,0.17166221394266098
aeeem_mylyn,static,lightgbm,10,3,803,0,0,0.02542794382351479
aeeem_mylyn,static,lightgbm,10,3,809,0,0,0.0032505441571703117
aeeem_mylyn,static,lightgbm,10,3,813,0,0,0.009610624116123657
aeeem_mylyn,static,lightgbm,10,3,827,0,0,0.15548393468265453
aeeem_mylyn,static,lightgbm,10,3,836,1,1,0.990091145481705
aeeem_mylyn,static,lightgbm,10,3,857,0,0,0.14727014354015758
aeeem_mylyn,static,lightgbm,10,3,865,0,0,0.008919135134939448
aeeem_mylyn,static,lightgbm,10,3,887,0,1,0.5966239218577952
aeeem_mylyn,static,lightgbm,10,3,891,0,0,0.06466725545747418
aeeem_mylyn,static,lightgbm,10,3,915,0,0,0.3058211672138424
aeeem_mylyn,static,lightgbm,10,3,930,0,0,0.09673149906029581
aeeem_mylyn,static,lightgbm,10,3,967,0,0,0.006704671016077484
aeeem_mylyn,static,lightgbm,10,3,971,0,0,0.03450632268824847
aeeem_mylyn,static,lightgbm,10,3,974,0,0,0.012732185161713263
aeeem_mylyn,static,lightgbm,10,3,984,0,0,0.02341104972924799
aeeem_mylyn,static,lightgbm,10,3,987,0,0,0.15939782196780375
aeeem_mylyn,static,lightgbm,10,3,1004,0,0,0.06388555551390956
aeeem_mylyn,static,lightgbm,10,3,1005,1,1,0.9135238068862173
aeeem_mylyn,static,lightgbm,10,3,1026,0,0,0.003989385344961462
aeeem_mylyn,static,lightgbm,10,3,1027,0,0,0.41235564285258086
aeeem_mylyn,static,lightgbm,10,3,1041,0,0,0.05708109621066389
aeeem_mylyn,static,lightgbm,10,3,1047,0,0,0.13686268881717636
aeeem_mylyn,static,lightgbm,10,3,1056,0,0,0.31251396199098885
aeeem_mylyn,static,lightgbm,10,3,1078,0,0,0.008412834302260374
aeeem_mylyn,static,lightgbm,10,3,1088,0,0,0.0027802497887530666
aeeem_mylyn,static,lightgbm,10,3,1095,0,0,0.008071072940621747
aeeem_mylyn,static,lightgbm,10,3,1103,0,0,0.006064203151220267
aeeem_mylyn,static,lightgbm,10,3,1133,0,0,0.29948350350226094
aeeem_mylyn,static,lightgbm,10,3,1137,0,0,0.011101747825877748
aeeem_mylyn,static,lightgbm,10,3,1149,0,0,0.1081209625345593
aeeem_mylyn,static,lightgbm,10,3,1151,0,0,0.05394037147428546
aeeem_mylyn,static,lightgbm,10,3,1159,0,0,0.016540709841509224
aeeem_mylyn,static,lightgbm,10,3,1186,0,1,0.6773184757781546
aeeem_mylyn,static,lightgbm,10,3,1187,0,0,0.08341262861959567
aeeem_mylyn,static,lightgbm,10,3,1192,0,0,0.09435457463662703
aeeem_mylyn,static,lightgbm,10,3,1198,1,0,0.02916723041982511
aeeem_mylyn,static,lightgbm,10,3,1208,0,0,0.045995445943879575
aeeem_mylyn,static,lightgbm,10,3,1240,0,0,0.001774393845408339
aeeem_mylyn,static,lightgbm,10,3,1243,1,1,0.5122256548982693
aeeem_mylyn,static,lightgbm,10,3,1244,0,0,0.07682187635165916
aeeem_mylyn,static,lightgbm,10,3,1245,0,0,0.1992773494217448
aeeem_mylyn,static,lightgbm,10,3,1267,0,0,0.02710727133335659
aeeem_mylyn,static,lightgbm,10,3,1274,0,0,0.011019396819251568
aeeem_mylyn,static,lightgbm,10,3,1279,0,0,0.022619055611034708
aeeem_mylyn,static,lightgbm,10,3,1288,1,0,0.018737746703257983
aeeem_mylyn,static,lightgbm,10,3,1294,0,1,0.6311833478772555
aeeem_mylyn,static,lightgbm,10,3,1306,0,0,0.03217309355173173
aeeem_mylyn,static,lightgbm,10,3,1319,0,0,0.18766183985453969
aeeem_mylyn,static,lightgbm,10,3,1321,0,1,0.928678208795074
aeeem_mylyn,static,lightgbm,10,3,1322,0,0,0.3152031311355436
aeeem_mylyn,static,lightgbm,10,3,1323,0,0,0.03519246480062037
aeeem_mylyn,static,lightgbm,10,3,1372,0,0,0.02522076683325686
aeeem_mylyn,static,lightgbm,10,3,1396,0,0,0.10040358911316594
aeeem_mylyn,static,lightgbm,10,3,1417,0,1,0.9655811603595208
aeeem_mylyn,static,lightgbm,10,3,1420,0,0,0.1019950833216958
aeeem_mylyn,static,lightgbm,10,3,1429,0,0,0.047193357514173535
aeeem_mylyn,static,lightgbm,10,3,1474,0,0,0.045060470262432414
aeeem_mylyn,static,lightgbm,10,3,1499,0,0,0.01516613239834687
aeeem_mylyn,static,lightgbm,10,3,1506,0,0,0.031381890807551646
aeeem_mylyn,static,lightgbm,10,3,1516,1,0,0.05060003955723122
aeeem_mylyn,static,lightgbm,10,3,1540,0,0,0.014757281240273692
aeeem_mylyn,static,lightgbm,10,3,1551,0,0,0.005627945998428427
aeeem_mylyn,static,lightgbm,10,3,1560,0,0,0.015867341160085424
aeeem_mylyn,static,lightgbm,10,3,1567,0,0,0.18957683018976632
aeeem_mylyn,static,lightgbm,10,3,1580,0,0,0.08158309840994424
aeeem_mylyn,static,lightgbm,10,3,1585,0,0,0.0073038992508340185
aeeem_mylyn,static,lightgbm,10,3,1600,0,0,0.05261909905349059
aeeem_mylyn,static,lightgbm,10,3,1609,0,0,0.01605614192672069
aeeem_mylyn,static,lightgbm,10,3,1624,0,0,0.01847415384671121
aeeem_mylyn,static,lightgbm,10,3,1677,0,0,0.33879325322335696
aeeem_mylyn,static,lightgbm,10,3,1689,0,0,0.14166276839586048
aeeem_mylyn,static,lightgbm,10,3,1692,0,0,0.2152765506004488
aeeem_mylyn,static,lightgbm,10,3,1706,0,0,0.01598376752225446
aeeem_mylyn,static,lightgbm,10,3,1719,0,0,0.03626409688211922
aeeem_mylyn,static,lightgbm,10,3,1721,0,0,0.18680001706012372
aeeem_mylyn,static,lightgbm,10,3,1722,0,0,0.0774967437703866
aeeem_mylyn,static,lightgbm,10,3,1738,0,1,0.9770637601127943
aeeem_mylyn,static,lightgbm,10,3,1745,0,0,0.0354735799088959
aeeem_mylyn,static,lightgbm,10,3,1751,0,0,0.014572758230450312
aeeem_mylyn,static,lightgbm,10,3,1761,0,0,0.08359720460751993
aeeem_mylyn,static,lightgbm,10,3,1793,0,0,0.18304777761159297
aeeem_mylyn,static,lightgbm,10,3,1799,1,1,0.6754785836437978
aeeem_mylyn,static,lightgbm,10,3,1818,0,0,0.014685885864416916
aeeem_mylyn,static,lightgbm,10,3,1825,0,0,0.18418766954658786
aeeem_mylyn,static,lightgbm,10,3,1832,0,1,0.6276381557317691
aeeem_mylyn,static,lightgbm,10,3,1838,0,0,0.022153121095952376
aeeem_mylyn,static,lightgbm,10,3,1848,0,0,0.03617971587807937
aeeem_mylyn,static,lightgbm,10,3,1851,0,1,0.7555534455747844
aeeem_mylyn,static,lightgbm,10,3,1855,1,0,0.20513456987842044
aeeem_mylyn,static,lightgbm,10,4,3,0,0,0.26103897408876875
aeeem_mylyn,static,lightgbm,10,4,4,0,0,0.005691767053874504
aeeem_mylyn,static,lightgbm,10,4,10,0,0,0.024440227628311374
aeeem_mylyn,static,lightgbm,10,4,14,0,0,0.02934428015586783
aeeem_mylyn,static,lightgbm,10,4,30,1,0,0.252525019854893
aeeem_mylyn,static,lightgbm,10,4,34,0,0,0.05302151617362429
aeeem_mylyn,static,lightgbm,10,4,44,0,0,0.14704960498011943
aeeem_mylyn,static,lightgbm,10,4,55,0,0,0.2332634313182851
aeeem_mylyn,static,lightgbm,10,4,58,0,0,0.13301390315621492
aeeem_mylyn,static,lightgbm,10,4,61,0,0,0.12645693438372455
aeeem_mylyn,static,lightgbm,10,4,70,0,0,0.09249376330611893
aeeem_mylyn,static,lightgbm,10,4,95,0,0,0.005448469372839372
aeeem_mylyn,static,lightgbm,10,4,102,0,0,0.010869458261682743
aeeem_mylyn,static,lightgbm,10,4,118,0,0,0.37278159448380677
aeeem_mylyn,static,lightgbm,10,4,125,0,0,0.14413677931605537
aeeem_mylyn,static,lightgbm,10,4,128,0,0,0.0213054027664889
aeeem_mylyn,static,lightgbm,10,4,132,0,0,0.19443896608898836
aeeem_mylyn,static,lightgbm,10,4,142,0,0,0.00422555660399758
aeeem_mylyn,static,lightgbm,10,4,143,0,0,0.024140646538055723
aeeem_mylyn,static,lightgbm,10,4,155,0,0,0.08798981322778798
aeeem_mylyn,static,lightgbm,10,4,168,0,0,0.28597729943165195
aeeem_mylyn,static,lightgbm,10,4,183,0,0,0.011105897572194458
aeeem_mylyn,static,lightgbm,10,4,190,0,0,0.13182420688648494
aeeem_mylyn,static,lightgbm,10,4,193,0,0,0.013985647592392273
aeeem_mylyn,static,lightgbm,10,4,199,1,0,0.32695563726914306
aeeem_mylyn,static,lightgbm,10,4,214,0,0,0.042743126367977856
aeeem_mylyn,static,lightgbm,10,4,217,1,1,0.8286659307893972
aeeem_mylyn,static,lightgbm,10,4,221,0,1,0.6890495289988537
aeeem_mylyn,static,lightgbm,10,4,232,0,0,0.21732379292733306
aeeem_mylyn,static,lightgbm,10,4,239,1,1,0.8522016164866224
aeeem_mylyn,static,lightgbm,10,4,267,0,0,0.03350704886088721
aeeem_mylyn,static,lightgbm,10,4,274,0,0,0.01770658664434545
aeeem_mylyn,static,lightgbm,10,4,278,0,0,0.25180687993037737
aeeem_mylyn,static,lightgbm,10,4,280,0,1,0.6288080933314711
aeeem_mylyn,static,lightgbm,10,4,285,0,1,0.9180383879636705
aeeem_mylyn,static,lightgbm,10,4,288,0,0,0.025347812729885597
aeeem_mylyn,static,lightgbm,10,4,305,0,0,0.054929513973058425
aeeem_mylyn,static,lightgbm,10,4,306,0,1,0.9215297212592748
aeeem_mylyn,static,lightgbm,10,4,319,0,0,0.052841022196251475
aeeem_mylyn,static,lightgbm,10,4,323,0,0,0.010592876694078336
aeeem_mylyn,static,lightgbm,10,4,336,0,0,0.008486681245759827
aeeem_mylyn,static,lightgbm,10,4,344,0,0,0.05832228457962621
aeeem_mylyn,static,lightgbm,10,4,349,0,1,0.9215297212592748
aeeem_mylyn,static,lightgbm,10,4,357,1,1,0.9492328458322904
aeeem_mylyn,static,lightgbm,10,4,376,0,0,0.00530885406817374
aeeem_mylyn,static,lightgbm,10,4,384,0,1,0.8047984725001404
aeeem_mylyn,static,lightgbm,10,4,389,0,0,0.014501083275805245
aeeem_mylyn,static,lightgbm,10,4,410,0,0,0.01156498400867737
aeeem_mylyn,static,lightgbm,10,4,428,0,0,0.01988456813978606
aeeem_mylyn,static,lightgbm,10,4,451,0,0,0.09622403870959315
aeeem_mylyn,static,lightgbm,10,4,452,0,1,0.918572636648118
aeeem_mylyn,static,lightgbm,10,4,461,0,0,0.02042751402636983
aeeem_mylyn,static,lightgbm,10,4,464,0,0,0.013337553150017613
aeeem_mylyn,static,lightgbm,10,4,481,0,0,0.1198285335987485
aeeem_mylyn,static,lightgbm,10,4,495,1,0,0.28643926274645026
aeeem_mylyn,static,lightgbm,10,4,501,0,0,0.020824609548177817
aeeem_mylyn,static,lightgbm,10,4,502,0,0,0.021427438682153237
aeeem_mylyn,static,lightgbm,10,4,510,0,0,0.005668792088246507
aeeem_mylyn,static,lightgbm,10,4,511,0,0,0.45324195418482566
aeeem_mylyn,static,lightgbm,10,4,524,0,0,0.10791433574436857
aeeem_mylyn,static,lightgbm,10,4,529,0,0,0.09731720971133065
aeeem_mylyn,static,lightgbm,10,4,532,0,0,0.06272041520865167
aeeem_mylyn,static,lightgbm,10,4,569,0,0,0.009814033435032102
aeeem_mylyn,static,lightgbm,10,4,590,0,0,0.010825132051726399
aeeem_mylyn,static,lightgbm,10,4,615,0,0,0.012224610538877136
aeeem_mylyn,static,lightgbm,10,4,635,1,0,0.021841767797912012
aeeem_mylyn,static,lightgbm,10,4,636,0,0,0.0766349268325733
aeeem_mylyn,static,lightgbm,10,4,645,0,0,0.004584885561450513
aeeem_mylyn,static,lightgbm,10,4,646,0,0,0.12846277361492986
aeeem_mylyn,static,lightgbm,10,4,651,0,0,0.4670720140377882
aeeem_mylyn,static,lightgbm,10,4,653,1,0,0.005221998345324932
aeeem_mylyn,static,lightgbm,10,4,654,0,0,0.06826346338919573
aeeem_mylyn,static,lightgbm,10,4,655,0,0,0.012915892829795078
aeeem_mylyn,static,lightgbm,10,4,660,0,0,0.12338278233784704
aeeem_mylyn,static,lightgbm,10,4,664,0,0,0.09531128137073966
aeeem_mylyn,static,lightgbm,10,4,668,0,0,0.3717432579722234
aeeem_mylyn,static,lightgbm,10,4,669,1,0,0.06834925961215398
aeeem_mylyn,static,lightgbm,10,4,681,0,0,0.005885189826015874
aeeem_mylyn,static,lightgbm,10,4,695,0,0,0.0035797992777212534
aeeem_mylyn,static,lightgbm,10,4,713,0,0,0.006920870323580874
aeeem_mylyn,static,lightgbm,10,4,745,0,0,0.015200655970164506
aeeem_mylyn,static,lightgbm,10,4,749,0,0,0.08111360855877435
aeeem_mylyn,static,lightgbm,10,4,765,0,0,0.04298667323225582
aeeem_mylyn,static,lightgbm,10,4,767,0,0,0.05116717774506111
aeeem_mylyn,static,lightgbm,10,4,768,0,0,0.051708207109138975
aeeem_mylyn,static,lightgbm,10,4,778,0,0,0.04843864084577428
aeeem_mylyn,static,lightgbm,10,4,781,0,0,0.04284099449712185
aeeem_mylyn,static,lightgbm,10,4,791,1,1,0.8662690129052809
aeeem_mylyn,static,lightgbm,10,4,796,0,1,0.7460356472208726
aeeem_mylyn,static,lightgbm,10,4,810,0,0,0.421420409350462
aeeem_mylyn,static,lightgbm,10,4,812,0,0,0.06302308330869948
aeeem_mylyn,static,lightgbm,10,4,821,1,1,0.9328436941805095
aeeem_mylyn,static,lightgbm,10,4,828,0,0,0.1925304360813418
aeeem_mylyn,static,lightgbm,10,4,835,0,0,0.06581520663451901
aeeem_mylyn,static,lightgbm,10,4,839,1,0,0.4669976297971892
aeeem_mylyn,static,lightgbm,10,4,849,0,0,0.12389048834768672
aeeem_mylyn,static,lightgbm,10,4,853,0,0,0.08674867495519338
aeeem_mylyn,static,lightgbm,10,4,858,0,0,0.11649839401646331
aeeem_mylyn,static,lightgbm,10,4,876,1,0,0.1751181227328815
aeeem_mylyn,static,lightgbm,10,4,878,0,0,0.02592286227343721
aeeem_mylyn,static,lightgbm,10,4,883,0,0,0.010942719404731918
aeeem_mylyn,static,lightgbm,10,4,888,0,0,0.03985773296394351
aeeem_mylyn,static,lightgbm,10,4,906,0,0,0.36043885224495903
aeeem_mylyn,static,lightgbm,10,4,911,0,0,0.16226021811652924
aeeem_mylyn,static,lightgbm,10,4,913,0,0,0.07852161273645471
aeeem_mylyn,static,lightgbm,10,4,928,1,0,0.32927642594173795
aeeem_mylyn,static,lightgbm,10,4,931,0,0,0.012187803874055284
aeeem_mylyn,static,lightgbm,10,4,947,0,0,0.012566479011869969
aeeem_mylyn,static,lightgbm,10,4,949,0,0,0.2191132332432544
aeeem_mylyn,static,lightgbm,10,4,953,1,1,0.9740776121544814
aeeem_mylyn,static,lightgbm,10,4,956,1,0,0.20239049443047905
aeeem_mylyn,static,lightgbm,10,4,965,0,0,0.24710521470546412
aeeem_mylyn,static,lightgbm,10,4,997,1,0,0.0844222176234483
aeeem_mylyn,static,lightgbm,10,4,1050,0,1,0.9011313936326268
aeeem_mylyn,static,lightgbm,10,4,1061,0,1,0.6327153710261875
aeeem_mylyn,static,lightgbm,10,4,1094,0,1,0.5328355112069317
aeeem_mylyn,static,lightgbm,10,4,1098,0,0,0.008235165253069316
aeeem_mylyn,static,lightgbm,10,4,1110,0,0,0.14778465544841726
aeeem_mylyn,static,lightgbm,10,4,1117,0,0,0.01303036306139902
aeeem_mylyn,static,lightgbm,10,4,1153,0,1,0.8453218407437746
aeeem_mylyn,static,lightgbm,10,4,1161,0,0,0.3003552494791229
aeeem_mylyn,static,lightgbm,10,4,1183,0,0,0.18744529089431092
aeeem_mylyn,static,lightgbm,10,4,1204,1,1,0.9957014994586544
aeeem_mylyn,static,lightgbm,10,4,1207,0,0,0.0010857367545676001
aeeem_mylyn,static,lightgbm,10,4,1215,0,1,0.5770835418772249
aeeem_mylyn,static,lightgbm,10,4,1218,0,1,0.6974283942644567
aeeem_mylyn,static,lightgbm,10,4,1230,0,0,0.04613171238975071
aeeem_mylyn,static,lightgbm,10,4,1251,0,0,0.0344848384487125
aeeem_mylyn,static,lightgbm,10,4,1277,0,0,0.007373783603781417
aeeem_mylyn,static,lightgbm,10,4,1282,0,0,0.19588908592543192
aeeem_mylyn,static,lightgbm,10,4,1292,0,0,0.013445860351840106
aeeem_mylyn,static,lightgbm,10,4,1309,0,0,0.03983190149633226
aeeem_mylyn,static,lightgbm,10,4,1317,0,0,0.01184910105554782
aeeem_mylyn,static,lightgbm,10,4,1346,0,0,0.023743870214381606
aeeem_mylyn,static,lightgbm,10,4,1349,0,0,0.014854552815565759
aeeem_mylyn,static,lightgbm,10,4,1350,0,0,0.010595710537037752
aeeem_mylyn,static,lightgbm,10,4,1355,0,0,0.04305478569811545
aeeem_mylyn,static,lightgbm,10,4,1356,0,0,0.056603208673026636
aeeem_mylyn,static,lightgbm,10,4,1371,0,1,0.8633746954247886
aeeem_mylyn,static,lightgbm,10,4,1387,1,1,0.6579186284054667
aeeem_mylyn,static,lightgbm,10,4,1407,0,0,0.003435908032895232
aeeem_mylyn,static,lightgbm,10,4,1409,1,1,0.9688891680908062
aeeem_mylyn,static,lightgbm,10,4,1421,0,0,0.0700308640421685
aeeem_mylyn,static,lightgbm,10,4,1431,0,0,0.047843659313623256
aeeem_mylyn,static,lightgbm,10,4,1438,0,0,0.04031192177804512
aeeem_mylyn,static,lightgbm,10,4,1441,1,1,0.9215297212592748
aeeem_mylyn,static,lightgbm,10,4,1444,0,0,0.47393451037572465
aeeem_mylyn,static,lightgbm,10,4,1446,0,0,0.004554941538374021
aeeem_mylyn,static,lightgbm,10,4,1459,0,0,0.06179591309456897
aeeem_mylyn,static,lightgbm,10,4,1464,0,0,0.0032519106768359517
aeeem_mylyn,static,lightgbm,10,4,1466,1,1,0.7768103372894897
aeeem_mylyn,static,lightgbm,10,4,1472,0,0,0.06446539363508659
aeeem_mylyn,static,lightgbm,10,4,1483,0,0,0.03526381235549549
aeeem_mylyn,static,lightgbm,10,4,1511,0,0,0.12524956205572121
aeeem_mylyn,static,lightgbm,10,4,1530,0,0,0.0854179744009518
aeeem_mylyn,static,lightgbm,10,4,1535,0,0,0.09661907550746927
aeeem_mylyn,static,lightgbm,10,4,1559,0,0,0.3430765545449546
aeeem_mylyn,static,lightgbm,10,4,1568,0,1,0.5351946439582248
aeeem_mylyn,static,lightgbm,10,4,1571,0,0,0.010837941756187517
aeeem_mylyn,static,lightgbm,10,4,1573,0,0,0.23239033091512704
aeeem_mylyn,static,lightgbm,10,4,1591,0,0,0.015422124552907944
aeeem_mylyn,static,lightgbm,10,4,1613,0,0,0.29469250417516984
aeeem_mylyn,static,lightgbm,10,4,1641,0,0,0.0025450442837698563
aeeem_mylyn,static,lightgbm,10,4,1642,0,0,0.2295488650110802
aeeem_mylyn,static,lightgbm,10,4,1657,0,0,0.0016264433525001408
aeeem_mylyn,static,lightgbm,10,4,1659,0,0,0.021155597180711153
aeeem_mylyn,static,lightgbm,10,4,1661,0,0,0.02917339343015268
aeeem_mylyn,static,lightgbm,10,4,1665,0,0,0.04984039829674543
aeeem_mylyn,static,lightgbm,10,4,1669,0,0,0.45971066553884393
aeeem_mylyn,static,lightgbm,10,4,1681,0,0,0.055391088058567794
aeeem_mylyn,static,lightgbm,10,4,1698,0,0,0.36951531177688296
aeeem_mylyn,static,lightgbm,10,4,1699,0,0,0.05946743808859704
aeeem_mylyn,static,lightgbm,10,4,1707,0,0,0.013527942192977002
aeeem_mylyn,static,lightgbm,10,4,1723,0,0,0.054245033679631016
aeeem_mylyn,static,lightgbm,10,4,1728,0,1,0.5843940967544844
aeeem_mylyn,static,lightgbm,10,4,1731,0,0,0.039143859307260706
aeeem_mylyn,static,lightgbm,10,4,1737,0,1,0.5501859247137364
aeeem_mylyn,static,lightgbm,10,4,1765,0,0,0.2151860811289316
aeeem_mylyn,static,lightgbm,10,4,1774,0,0,0.0033610311478649967
aeeem_mylyn,static,lightgbm,10,4,1783,0,0,0.03804801887357986
aeeem_mylyn,static,lightgbm,10,4,1792,0,0,0.17591713685526184
aeeem_mylyn,static,lightgbm,10,4,1800,0,0,0.021120387915984924
aeeem_mylyn,static,lightgbm,10,4,1807,0,0,0.17753171835274137
aeeem_mylyn,static,lightgbm,10,4,1808,1,1,0.6786152122813937
aeeem_mylyn,static,lightgbm,10,4,1816,0,0,0.06499024591169868
aeeem_mylyn,static,lightgbm,10,4,1850,1,1,0.8182885340136818
aeeem_mylyn,static,lightgbm,10,5,15,0,0,0.08877438807329223
aeeem_mylyn,static,lightgbm,10,5,33,0,0,0.010676647061548092
aeeem_mylyn,static,lightgbm,10,5,68,1,1,0.731996910104905
aeeem_mylyn,static,lightgbm,10,5,79,0,0,0.08119713401365171
aeeem_mylyn,static,lightgbm,10,5,98,0,0,0.40969774198934805
aeeem_mylyn,static,lightgbm,10,5,105,0,0,0.0014869317329830288
aeeem_mylyn,static,lightgbm,10,5,130,0,0,0.08767075635799035
aeeem_mylyn,static,lightgbm,10,5,133,1,0,0.056793116388228135
aeeem_mylyn,static,lightgbm,10,5,136,0,1,0.8965231167403658
aeeem_mylyn,static,lightgbm,10,5,137,0,0,0.002459993900179853
aeeem_mylyn,static,lightgbm,10,5,138,0,0,0.024270172995694436
aeeem_mylyn,static,lightgbm,10,5,139,0,0,0.23332710616060995
aeeem_mylyn,static,lightgbm,10,5,157,0,0,0.26203721946517117
aeeem_mylyn,static,lightgbm,10,5,177,0,0,0.03471295236542459
aeeem_mylyn,static,lightgbm,10,5,185,0,0,0.024064338717864966
aeeem_mylyn,static,lightgbm,10,5,203,0,1,0.8958638878656072
aeeem_mylyn,static,lightgbm,10,5,207,0,0,0.2837407226826433
aeeem_mylyn,static,lightgbm,10,5,208,1,0,0.4471137971962537
aeeem_mylyn,static,lightgbm,10,5,213,0,1,0.8282728499536572
aeeem_mylyn,static,lightgbm,10,5,234,0,0,0.27696629712915083
aeeem_mylyn,static,lightgbm,10,5,237,0,1,0.7499251917109925
aeeem_mylyn,static,lightgbm,10,5,248,0,0,0.07227906805765226
aeeem_mylyn,static,lightgbm,10,5,255,0,0,0.3458604906511951
aeeem_mylyn,static,lightgbm,10,5,264,0,0,0.0063350336785648114
aeeem_mylyn,static,lightgbm,10,5,268,0,0,0.018723618617250148
aeeem_mylyn,static,lightgbm,10,5,291,1,1,0.8274894697267106
aeeem_mylyn,static,lightgbm,10,5,312,0,0,0.25404991467816485
aeeem_mylyn,static,lightgbm,10,5,314,0,0,0.00922818205919573
aeeem_mylyn,static,lightgbm,10,5,321,0,0,0.0042956038460677795
aeeem_mylyn,static,lightgbm,10,5,377,0,0,0.021475479602021216
aeeem_mylyn,static,lightgbm,10,5,396,0,0,0.14551182756968897
aeeem_mylyn,static,lightgbm,10,5,398,0,0,0.003657961418553839
aeeem_mylyn,static,lightgbm,10,5,449,0,0,0.1365859994870656
aeeem_mylyn,static,lightgbm,10,5,453,0,0,0.09150499843222958
aeeem_mylyn,static,lightgbm,10,5,459,1,1,0.6288464837408887
aeeem_mylyn,static,lightgbm,10,5,485,0,0,0.0018441351146638708
aeeem_mylyn,static,lightgbm,10,5,498,1,0,0.2171833723811451
aeeem_mylyn,static,lightgbm,10,5,507,0,1,0.6553790405708043
aeeem_mylyn,static,lightgbm,10,5,508,0,0,0.1674560591342258
aeeem_mylyn,static,lightgbm,10,5,512,0,0,0.01295154899795541
aeeem_mylyn,static,lightgbm,10,5,535,0,1,0.8982223939657596
aeeem_mylyn,static,lightgbm,10,5,537,0,0,0.4257337592316306
aeeem_mylyn,static,lightgbm,10,5,540,0,0,0.017347392213325378
aeeem_mylyn,static,lightgbm,10,5,543,1,0,0.12313640164145016
aeeem_mylyn,static,lightgbm,10,5,545,1,0,0.07454811637000178
aeeem_mylyn,static,lightgbm,10,5,557,1,1,0.8851134297544841
aeeem_mylyn,static,lightgbm,10,5,572,0,0,0.0038624352933127725
aeeem_mylyn,static,lightgbm,10,5,574,0,0,0.007462709945240853
aeeem_mylyn,static,lightgbm,10,5,580,0,0,0.1590631669004558
aeeem_mylyn,static,lightgbm,10,5,591,0,0,0.0015763453712348988
aeeem_mylyn,static,lightgbm,10,5,592,0,0,0.016807297222375936
aeeem_mylyn,static,lightgbm,10,5,601,0,0,0.009829867303965905
aeeem_mylyn,static,lightgbm,10,5,602,1,1,0.622622977156442
aeeem_mylyn,static,lightgbm,10,5,606,0,0,0.09678681088522206
aeeem_mylyn,static,lightgbm,10,5,607,1,0,0.13578795874627037
aeeem_mylyn,static,lightgbm,10,5,609,0,0,0.008083294741526144
aeeem_mylyn,static,lightgbm,10,5,610,0,0,0.010676647061548092
aeeem_mylyn,static,lightgbm,10,5,618,0,1,0.9059797574481836
aeeem_mylyn,static,lightgbm,10,5,632,0,0,0.03689686739078175
aeeem_mylyn,static,lightgbm,10,5,634,0,0,0.003832292488035614
aeeem_mylyn,static,lightgbm,10,5,657,0,0,0.008319376980987461
aeeem_mylyn,static,lightgbm,10,5,672,0,0,0.013722627545895314
aeeem_mylyn,static,lightgbm,10,5,678,0,0,0.006014337205024325
aeeem_mylyn,static,lightgbm,10,5,685,0,0,0.18554656323708688
aeeem_mylyn,static,lightgbm,10,5,697,1,0,0.1372276266572516
aeeem_mylyn,static,lightgbm,10,5,702,0,0,0.011824639302614024
aeeem_mylyn,static,lightgbm,10,5,704,0,0,0.09067407536902132
aeeem_mylyn,static,lightgbm,10,5,711,0,0,0.04066843422299065
aeeem_mylyn,static,lightgbm,10,5,714,0,0,0.05989673070019774
aeeem_mylyn,static,lightgbm,10,5,728,0,0,0.005639957408708281
aeeem_mylyn,static,lightgbm,10,5,733,0,0,0.38549795420367095
aeeem_mylyn,static,lightgbm,10,5,746,0,0,0.04538470260861421
aeeem_mylyn,static,lightgbm,10,5,798,0,0,0.13118156324616856
aeeem_mylyn,static,lightgbm,10,5,814,0,0,0.11095928248565118
aeeem_mylyn,static,lightgbm,10,5,817,0,0,0.10688326143022274
aeeem_mylyn,static,lightgbm,10,5,825,0,1,0.5678336990726928
aeeem_mylyn,static,lightgbm,10,5,830,1,1,0.8160482536621285
aeeem_mylyn,static,lightgbm,10,5,838,0,0,0.03513458307353889
aeeem_mylyn,static,lightgbm,10,5,847,0,0,0.026726983561502122
aeeem_mylyn,static,lightgbm,10,5,863,0,0,0.12958790329446046
aeeem_mylyn,static,lightgbm,10,5,864,0,0,0.022104927628817547
aeeem_mylyn,static,lightgbm,10,5,868,1,1,0.9555542263239593
aeeem_mylyn,static,lightgbm,10,5,869,0,0,0.04828129944868544
aeeem_mylyn,static,lightgbm,10,5,875,0,0,0.004300622176305676
aeeem_mylyn,static,lightgbm,10,5,880,0,0,0.043372282071098785
aeeem_mylyn,static,lightgbm,10,5,881,0,0,0.048686809032103616
aeeem_mylyn,static,lightgbm,10,5,917,0,0,0.37891930485067227
aeeem_mylyn,static,lightgbm,10,5,924,0,0,0.05139701602119769
aeeem_mylyn,static,lightgbm,10,5,929,0,0,0.06860404575116431
aeeem_mylyn,static,lightgbm,10,5,941,0,0,0.009167388942593982
aeeem_mylyn,static,lightgbm,10,5,951,1,0,0.023284248067671362
aeeem_mylyn,static,lightgbm,10,5,959,0,0,0.01323864996912508
aeeem_mylyn,static,lightgbm,10,5,980,0,0,0.139247399892662
aeeem_mylyn,static,lightgbm,10,5,1001,1,0,0.38922214206507855
aeeem_mylyn,static,lightgbm,10,5,1002,0,0,0.14942836352331626
aeeem_mylyn,static,lightgbm,10,5,1003,0,0,0.0071311457434771975
aeeem_mylyn,static,lightgbm,10,5,1015,0,0,0.27628581668756397
aeeem_mylyn,static,lightgbm,10,5,1023,0,0,0.419667128905217
aeeem_mylyn,static,lightgbm,10,5,1028,0,0,0.071283445675403
aeeem_mylyn,static,lightgbm,10,5,1030,0,0,0.08100407507440989
aeeem_mylyn,static,lightgbm,10,5,1043,0,0,0.01323896806285279
aeeem_mylyn,static,lightgbm,10,5,1048,0,0,0.011298782040243654
aeeem_mylyn,static,lightgbm,10,5,1063,0,0,0.020632612815734773
aeeem_mylyn,static,lightgbm,10,5,1071,0,1,0.7819974996008342
aeeem_mylyn,static,lightgbm,10,5,1091,0,0,0.06928218939815174
aeeem_mylyn,static,lightgbm,10,5,1104,0,0,0.23132633297400507
aeeem_mylyn,static,lightgbm,10,5,1113,0,0,0.12838727757516857
aeeem_mylyn,static,lightgbm,10,5,1116,0,0,0.032223442193962525
aeeem_mylyn,static,lightgbm,10,5,1120,0,0,0.007091452829215282
aeeem_mylyn,static,lightgbm,10,5,1127,1,0,0.028263324733503067
aeeem_mylyn,static,lightgbm,10,5,1130,0,0,0.023136141692683503
aeeem_mylyn,static,lightgbm,10,5,1135,0,0,0.32789902889304984
aeeem_mylyn,static,lightgbm,10,5,1136,0,0,0.09800574148047721
aeeem_mylyn,static,lightgbm,10,5,1176,0,0,0.00880843448310616
aeeem_mylyn,static,lightgbm,10,5,1194,0,0,0.3534920533413675
aeeem_mylyn,static,lightgbm,10,5,1197,0,0,0.35880841544987196
aeeem_mylyn,static,lightgbm,10,5,1220,0,0,0.1371270809327036
aeeem_mylyn,static,lightgbm,10,5,1221,0,0,0.44479818679418565
aeeem_mylyn,static,lightgbm,10,5,1223,0,0,0.018114970976242508
aeeem_mylyn,static,lightgbm,10,5,1238,0,0,0.14545110792520344
aeeem_mylyn,static,lightgbm,10,5,1239,0,0,0.41586430251289896
aeeem_mylyn,static,lightgbm,10,5,1259,0,0,0.03238998464548044
aeeem_mylyn,static,lightgbm,10,5,1264,0,0,0.20563902099767517
aeeem_mylyn,static,lightgbm,10,5,1270,0,0,0.014111431311599462
aeeem_mylyn,static,lightgbm,10,5,1271,0,0,0.07647249668116753
aeeem_mylyn,static,lightgbm,10,5,1273,0,0,0.21667751888510703
aeeem_mylyn,static,lightgbm,10,5,1291,0,0,0.029607981938378814
aeeem_mylyn,static,lightgbm,10,5,1297,0,1,0.7863540505805316
aeeem_mylyn,static,lightgbm,10,5,1300,0,0,0.46672365486465966
aeeem_mylyn,static,lightgbm,10,5,1311,0,0,0.02707429222194395
aeeem_mylyn,static,lightgbm,10,5,1314,0,0,0.08602049872062036
aeeem_mylyn,static,lightgbm,10,5,1337,0,0,0.022709203570710327
aeeem_mylyn,static,lightgbm,10,5,1345,0,0,0.009127163488361735
aeeem_mylyn,static,lightgbm,10,5,1347,0,0,0.08704440497756556
aeeem_mylyn,static,lightgbm,10,5,1354,0,0,0.41488099825262414
aeeem_mylyn,static,lightgbm,10,5,1360,0,1,0.8632463463913633
aeeem_mylyn,static,lightgbm,10,5,1363,0,0,0.0060212569795826945
aeeem_mylyn,static,lightgbm,10,5,1369,0,0,0.0908271623829824
aeeem_mylyn,static,lightgbm,10,5,1374,0,0,0.16962817473533814
aeeem_mylyn,static,lightgbm,10,5,1378,1,1,0.6952918330239607
aeeem_mylyn,static,lightgbm,10,5,1386,0,0,0.03447068927137695
aeeem_mylyn,static,lightgbm,10,5,1413,0,0,0.05358425899203044
aeeem_mylyn,static,lightgbm,10,5,1419,0,0,0.03146974387648428
aeeem_mylyn,static,lightgbm,10,5,1424,0,0,0.04000976968635893
aeeem_mylyn,static,lightgbm,10,5,1432,0,0,0.012885531215199964
aeeem_mylyn,static,lightgbm,10,5,1437,0,0,0.008480897365276945
aeeem_mylyn,static,lightgbm,10,5,1445,0,0,0.0708300842214328
aeeem_mylyn,static,lightgbm,10,5,1465,1,0,0.005515642875148002
aeeem_mylyn,static,lightgbm,10,5,1477,1,1,0.5701577061897363
aeeem_mylyn,static,lightgbm,10,5,1484,0,0,0.004816027775011267
aeeem_mylyn,static,lightgbm,10,5,1493,1,1,0.8851134297544841
aeeem_mylyn,static,lightgbm,10,5,1495,0,0,0.23317745730860293
aeeem_mylyn,static,lightgbm,10,5,1503,0,0,0.006778322319312123
aeeem_mylyn,static,lightgbm,10,5,1509,0,0,0.42139647212123243
aeeem_mylyn,static,lightgbm,10,5,1520,0,0,0.3868986856977881
aeeem_mylyn,static,lightgbm,10,5,1565,1,0,0.059582363806542256
aeeem_mylyn,static,lightgbm,10,5,1583,0,1,0.6090085882596957
aeeem_mylyn,static,lightgbm,10,5,1593,0,0,0.03244857456355983
aeeem_mylyn,static,lightgbm,10,5,1616,0,0,0.010939452680528887
aeeem_mylyn,static,lightgbm,10,5,1628,0,0,0.10000038188120462
aeeem_mylyn,static,lightgbm,10,5,1636,0,0,0.16087881838912615
aeeem_mylyn,static,lightgbm,10,5,1637,0,0,0.32348656761318173
aeeem_mylyn,static,lightgbm,10,5,1656,0,0,0.40883242444253226
aeeem_mylyn,static,lightgbm,10,5,1660,0,0,0.0051912239898644595
aeeem_mylyn,static,lightgbm,10,5,1672,0,1,0.7678082992321771
aeeem_mylyn,static,lightgbm,10,5,1684,0,0,0.06066214950236405
aeeem_mylyn,static,lightgbm,10,5,1690,0,0,0.04837021679152228
aeeem_mylyn,static,lightgbm,10,5,1693,0,0,0.2293529349309738
aeeem_mylyn,static,lightgbm,10,5,1697,1,0,0.26150305510673527
aeeem_mylyn,static,lightgbm,10,5,1702,0,1,0.9956587688907033
aeeem_mylyn,static,lightgbm,10,5,1703,0,0,0.22744640469013455
aeeem_mylyn,static,lightgbm,10,5,1705,0,0,0.008273828860901321
aeeem_mylyn,static,lightgbm,10,5,1711,0,0,0.28576729543766866
aeeem_mylyn,static,lightgbm,10,5,1732,1,0,0.13000076398075897
aeeem_mylyn,static,lightgbm,10,5,1740,0,0,0.056892593763114695
aeeem_mylyn,static,lightgbm,10,5,1742,0,0,0.01218335646006414
aeeem_mylyn,static,lightgbm,10,5,1746,0,0,0.004270610883786776
aeeem_mylyn,static,lightgbm,10,5,1760,0,0,0.10710334438887861
aeeem_mylyn,static,lightgbm,10,5,1762,0,0,0.17574452220315304
aeeem_mylyn,static,lightgbm,10,5,1773,0,0,0.003147142439991035
aeeem_mylyn,static,lightgbm,10,5,1787,0,0,0.22899793883061623
aeeem_mylyn,static,lightgbm,10,5,1810,0,0,0.038480892195993606
aeeem_mylyn,static,lightgbm,10,5,1814,0,0,0.005526036200453774
aeeem_mylyn,static,lightgbm,10,5,1821,0,0,0.05700339473912145
aeeem_mylyn,static,lightgbm,10,5,1833,0,0,0.004542840577734861
aeeem_mylyn,static,lightgbm,10,5,1839,0,0,0.020915620238616237
aeeem_mylyn,static,lightgbm,10,6,7,0,0,0.02343609020330912
aeeem_mylyn,static,lightgbm,10,6,11,0,0,0.013072931197951523
aeeem_mylyn,static,lightgbm,10,6,12,0,0,0.026155294810134636
aeeem_mylyn,static,lightgbm,10,6,18,0,0,0.08936251609892694
aeeem_mylyn,static,lightgbm,10,6,31,0,0,0.013097572235352744
aeeem_mylyn,static,lightgbm,10,6,46,1,1,0.5328708735507265
aeeem_mylyn,static,lightgbm,10,6,89,0,0,0.46435440180015886
aeeem_mylyn,static,lightgbm,10,6,96,0,0,0.010570181816140759
aeeem_mylyn,static,lightgbm,10,6,101,0,0,0.013209367617315532
aeeem_mylyn,static,lightgbm,10,6,103,0,0,0.17203015322631018
aeeem_mylyn,static,lightgbm,10,6,104,0,0,0.0284636482315113
aeeem_mylyn,static,lightgbm,10,6,115,1,1,0.943864838525148
aeeem_mylyn,static,lightgbm,10,6,121,0,0,0.2729721094500683
aeeem_mylyn,static,lightgbm,10,6,165,0,0,0.04483590374360136
aeeem_mylyn,static,lightgbm,10,6,169,1,0,0.3617923612456369
aeeem_mylyn,static,lightgbm,10,6,191,0,0,0.4282431395049209
aeeem_mylyn,static,lightgbm,10,6,205,1,1,0.8916045896544895
aeeem_mylyn,static,lightgbm,10,6,216,0,0,0.009208352953590114
aeeem_mylyn,static,lightgbm,10,6,220,0,0,0.03267244782855942
aeeem_mylyn,static,lightgbm,10,6,227,0,0,0.2642447947128405
aeeem_mylyn,static,lightgbm,10,6,236,0,0,0.019397093435408515
aeeem_mylyn,static,lightgbm,10,6,238,0,0,0.3531780502495484
aeeem_mylyn,static,lightgbm,10,6,244,0,0,0.009222250723748802
aeeem_mylyn,static,lightgbm,10,6,265,0,0,0.015853518659084652
aeeem_mylyn,static,lightgbm,10,6,270,0,0,0.012011203211448442
aeeem_mylyn,static,lightgbm,10,6,289,1,0,0.04078517750558082
aeeem_mylyn,static,lightgbm,10,6,290,0,0,0.04207852500676068
aeeem_mylyn,static,lightgbm,10,6,309,0,0,0.4261735563946596
aeeem_mylyn,static,lightgbm,10,6,310,0,0,0.4337547176201086
aeeem_mylyn,static,lightgbm,10,6,313,0,0,0.025037116538099785
aeeem_mylyn,static,lightgbm,10,6,340,0,0,0.02057154029436643
aeeem_mylyn,static,lightgbm,10,6,359,0,0,0.04600777986140587
aeeem_mylyn,static,lightgbm,10,6,366,0,0,0.46435440180015886
aeeem_mylyn,static,lightgbm,10,6,390,0,0,0.04624411303387903
aeeem_mylyn,static,lightgbm,10,6,395,0,0,0.002032825570190612
aeeem_mylyn,static,lightgbm,10,6,408,0,0,0.06923143231070067
aeeem_mylyn,static,lightgbm,10,6,411,0,0,0.04191662420907848
aeeem_mylyn,static,lightgbm,10,6,417,0,0,0.06514134101538352
aeeem_mylyn,static,lightgbm,10,6,420,0,1,0.621379467811935
aeeem_mylyn,static,lightgbm,10,6,425,0,0,0.2980182503536536
aeeem_mylyn,static,lightgbm,10,6,440,0,0,0.061763119308527833
aeeem_mylyn,static,lightgbm,10,6,447,0,1,0.5238755386615525
aeeem_mylyn,static,lightgbm,10,6,455,1,0,0.02533714785922401
aeeem_mylyn,static,lightgbm,10,6,462,0,0,0.026505509880625583
aeeem_mylyn,static,lightgbm,10,6,479,0,0,0.18515551833981936
aeeem_mylyn,static,lightgbm,10,6,500,0,1,0.569784924165551
aeeem_mylyn,static,lightgbm,10,6,503,0,0,0.009180219991363373
aeeem_mylyn,static,lightgbm,10,6,504,0,0,0.46435440180015886
aeeem_mylyn,static,lightgbm,10,6,552,1,1,0.7141653975355536
aeeem_mylyn,static,lightgbm,10,6,561,1,0,0.24165498992258677
aeeem_mylyn,static,lightgbm,10,6,562,0,0,0.022381391021323443
aeeem_mylyn,static,lightgbm,10,6,566,0,0,0.03410958988662581
aeeem_mylyn,static,lightgbm,10,6,575,0,0,0.0045576790621537034
aeeem_mylyn,static,lightgbm,10,6,578,0,0,0.003706916586411465
aeeem_mylyn,static,lightgbm,10,6,588,0,1,0.6352027305586064
aeeem_mylyn,static,lightgbm,10,6,621,0,0,0.020283612423213367
aeeem_mylyn,static,lightgbm,10,6,638,0,0,0.021587344713871293
aeeem_mylyn,static,lightgbm,10,6,639,0,0,0.07066515711536439
aeeem_mylyn,static,lightgbm,10,6,649,0,0,0.013716241460944958
aeeem_mylyn,static,lightgbm,10,6,691,0,0,0.012552581123556889
aeeem_mylyn,static,lightgbm,10,6,719,0,1,0.6652694109594571
aeeem_mylyn,static,lightgbm,10,6,727,0,0,0.010376550365177234
aeeem_mylyn,static,lightgbm,10,6,743,0,0,0.011751818251006832
aeeem_mylyn,static,lightgbm,10,6,757,0,0,0.19086068719363222
aeeem_mylyn,static,lightgbm,10,6,760,0,0,0.01571579908651598
aeeem_mylyn,static,lightgbm,10,6,773,0,0,0.008659464088685318
aeeem_mylyn,static,lightgbm,10,6,785,1,0,0.07321898551255775
aeeem_mylyn,static,lightgbm,10,6,788,0,0,0.018988887698142696
aeeem_mylyn,static,lightgbm,10,6,789,0,0,0.008154609013945484
aeeem_mylyn,static,lightgbm,10,6,794,0,0,0.47686519131148664
aeeem_mylyn,static,lightgbm,10,6,799,0,0,0.09999007053851534
aeeem_mylyn,static,lightgbm,10,6,805,0,0,0.10643701246516048
aeeem_mylyn,static,lightgbm,10,6,806,0,0,0.1356580835069508
aeeem_mylyn,static,lightgbm,10,6,819,1,0,0.26462733449029496
aeeem_mylyn,static,lightgbm,10,6,823,1,1,0.8669939079998719
aeeem_mylyn,static,lightgbm,10,6,832,1,0,0.3652446002160811
aeeem_mylyn,static,lightgbm,10,6,834,0,0,0.017327105377090434
aeeem_mylyn,static,lightgbm,10,6,837,0,0,0.007039966959800629
aeeem_mylyn,static,lightgbm,10,6,855,0,0,0.06014907265742433
aeeem_mylyn,static,lightgbm,10,6,879,0,0,0.03029998141059446
aeeem_mylyn,static,lightgbm,10,6,893,0,0,0.22429761530214903
aeeem_mylyn,static,lightgbm,10,6,899,0,0,0.3095666004618871
aeeem_mylyn,static,lightgbm,10,6,908,0,0,0.07846264779064613
aeeem_mylyn,static,lightgbm,10,6,910,0,0,0.019237501267335474
aeeem_mylyn,static,lightgbm,10,6,916,0,0,0.006311026681146435
aeeem_mylyn,static,lightgbm,10,6,919,0,0,0.03230530405011691
aeeem_mylyn,static,lightgbm,10,6,932,0,0,0.004628466727645547
aeeem_mylyn,static,lightgbm,10,6,944,0,0,0.008682737124657794
aeeem_mylyn,static,lightgbm,10,6,954,0,0,0.212162819519775
aeeem_mylyn,static,lightgbm,10,6,955,1,1,0.8351446097143163
aeeem_mylyn,static,lightgbm,10,6,966,0,0,0.000838294466795461
aeeem_mylyn,static,lightgbm,10,6,975,0,0,0.16159324418503204
aeeem_mylyn,static,lightgbm,10,6,977,0,0,0.010985069630928053
aeeem_mylyn,static,lightgbm,10,6,983,1,1,0.6087943371913999
aeeem_mylyn,static,lightgbm,10,6,1000,0,0,0.2214751759261635
aeeem_mylyn,static,lightgbm,10,6,1010,0,0,0.3693564409811552
aeeem_mylyn,static,lightgbm,10,6,1039,0,0,0.03072854621027523
aeeem_mylyn,static,lightgbm,10,6,1049,0,0,0.02311194545602646
aeeem_mylyn,static,lightgbm,10,6,1051,0,0,0.1224443636210973
aeeem_mylyn,static,lightgbm,10,6,1052,0,0,0.002001102137023405
aeeem_mylyn,static,lightgbm,10,6,1065,0,0,0.017628417901322208
aeeem_mylyn,static,lightgbm,10,6,1070,0,0,0.030680411219436675
aeeem_mylyn,static,lightgbm,10,6,1093,0,0,0.19726442289920038
aeeem_mylyn,static,lightgbm,10,6,1099,0,0,0.011494347812623812
aeeem_mylyn,static,lightgbm,10,6,1100,0,0,0.17009914604617205
aeeem_mylyn,static,lightgbm,10,6,1109,0,0,0.09140316920134742
aeeem_mylyn,static,lightgbm,10,6,1111,0,0,0.008841117513548742
aeeem_mylyn,static,lightgbm,10,6,1115,0,0,0.008760625093761127
aeeem_mylyn,static,lightgbm,10,6,1134,0,0,0.03607253600264584
aeeem_mylyn,static,lightgbm,10,6,1140,0,0,0.04504768027033343
aeeem_mylyn,static,lightgbm,10,6,1142,0,0,0.014178902385357796
aeeem_mylyn,static,lightgbm,10,6,1169,0,1,0.909632131147197
aeeem_mylyn,static,lightgbm,10,6,1172,0,0,0.14801779210850635
aeeem_mylyn,static,lightgbm,10,6,1180,0,0,0.053029238968553515
aeeem_mylyn,static,lightgbm,10,6,1182,0,0,0.005871051370940567
aeeem_mylyn,static,lightgbm,10,6,1189,0,0,0.01082877410775519
aeeem_mylyn,static,lightgbm,10,6,1190,0,0,0.14072827939932916
aeeem_mylyn,static,lightgbm,10,6,1201,0,0,0.005687029239830623
aeeem_mylyn,static,lightgbm,10,6,1212,0,0,0.20342395508504202
aeeem_mylyn,static,lightgbm,10,6,1214,0,0,0.10368996555306298
aeeem_mylyn,static,lightgbm,10,6,1216,0,0,0.017902105736866784
aeeem_mylyn,static,lightgbm,10,6,1226,0,0,0.029199872102635843
aeeem_mylyn,static,lightgbm,10,6,1231,0,0,0.43027142367229143
aeeem_mylyn,static,lightgbm,10,6,1232,0,0,0.003559242550926666
aeeem_mylyn,static,lightgbm,10,6,1235,0,0,0.01850922813535722
aeeem_mylyn,static,lightgbm,10,6,1237,0,0,0.04781727900709191
aeeem_mylyn,static,lightgbm,10,6,1253,0,0,0.06622246965374325
aeeem_mylyn,static,lightgbm,10,6,1266,0,0,0.09293951796577651
aeeem_mylyn,static,lightgbm,10,6,1276,0,1,0.5315667386758424
aeeem_mylyn,static,lightgbm,10,6,1281,0,0,0.09533401974503314
aeeem_mylyn,static,lightgbm,10,6,1286,0,0,0.356973602469793
aeeem_mylyn,static,lightgbm,10,6,1301,0,0,0.4434334061556451
aeeem_mylyn,static,lightgbm,10,6,1303,0,0,0.043807383243443354
aeeem_mylyn,static,lightgbm,10,6,1325,0,0,0.018993031493369252
aeeem_mylyn,static,lightgbm,10,6,1335,1,0,0.2530653471498165
aeeem_mylyn,static,lightgbm,10,6,1361,1,1,0.5042001093496634
aeeem_mylyn,static,lightgbm,10,6,1367,0,0,0.03611384680174657
aeeem_mylyn,static,lightgbm,10,6,1375,0,0,0.008117258323819055
aeeem_mylyn,static,lightgbm,10,6,1376,0,0,0.0015072291769404039
aeeem_mylyn,static,lightgbm,10,6,1381,0,0,0.041385047363985406
aeeem_mylyn,static,lightgbm,10,6,1385,0,0,0.0032353891778200672
aeeem_mylyn,static,lightgbm,10,6,1395,1,0,0.3311540844145499
aeeem_mylyn,static,lightgbm,10,6,1399,0,0,0.03112819941767044
aeeem_mylyn,static,lightgbm,10,6,1414,0,0,0.00925456421014569
aeeem_mylyn,static,lightgbm,10,6,1418,0,0,0.22079285457589246
aeeem_mylyn,static,lightgbm,10,6,1426,0,0,0.2505592440089546
aeeem_mylyn,static,lightgbm,10,6,1427,0,1,0.9337127004811218
aeeem_mylyn,static,lightgbm,10,6,1430,0,0,0.26286668034587546
aeeem_mylyn,static,lightgbm,10,6,1440,0,0,0.142616026304288
aeeem_mylyn,static,lightgbm,10,6,1443,0,0,0.20070537713593828
aeeem_mylyn,static,lightgbm,10,6,1451,0,0,0.0020555493144335858
aeeem_mylyn,static,lightgbm,10,6,1460,1,1,0.8888066942255319
aeeem_mylyn,static,lightgbm,10,6,1488,0,1,0.7199541003956023
aeeem_mylyn,static,lightgbm,10,6,1490,1,0,0.034296116162447855
aeeem_mylyn,static,lightgbm,10,6,1522,0,0,0.3619001844321093
aeeem_mylyn,static,lightgbm,10,6,1524,0,0,0.07306274264103613
aeeem_mylyn,static,lightgbm,10,6,1526,0,0,0.0019854809780410665
aeeem_mylyn,static,lightgbm,10,6,1527,0,0,0.13564731042802977
aeeem_mylyn,static,lightgbm,10,6,1554,0,0,0.016666588156531003
aeeem_mylyn,static,lightgbm,10,6,1557,0,0,0.16000526596126702
aeeem_mylyn,static,lightgbm,10,6,1572,0,0,0.14792023520398873
aeeem_mylyn,static,lightgbm,10,6,1574,1,1,0.7285493807042428
aeeem_mylyn,static,lightgbm,10,6,1581,0,0,0.022486291407084153
aeeem_mylyn,static,lightgbm,10,6,1586,1,0,0.375942545242435
aeeem_mylyn,static,lightgbm,10,6,1596,0,0,0.10019997620089204
aeeem_mylyn,static,lightgbm,10,6,1604,0,0,0.007856441507788449
aeeem_mylyn,static,lightgbm,10,6,1611,0,0,0.018290315972394854
aeeem_mylyn,static,lightgbm,10,6,1618,0,1,0.6741080424393491
aeeem_mylyn,static,lightgbm,10,6,1645,1,0,0.032800912793206634
aeeem_mylyn,static,lightgbm,10,6,1685,0,0,0.043351617366451614
aeeem_mylyn,static,lightgbm,10,6,1686,0,0,0.05743310602562562
aeeem_mylyn,static,lightgbm,10,6,1691,0,0,0.021129425222416356
aeeem_mylyn,static,lightgbm,10,6,1701,0,0,0.015127170483306272
aeeem_mylyn,static,lightgbm,10,6,1710,0,0,0.015231022389837727
aeeem_mylyn,static,lightgbm,10,6,1744,0,0,0.02210585288663538
aeeem_mylyn,static,lightgbm,10,6,1753,0,0,0.46435440180015886
aeeem_mylyn,static,lightgbm,10,6,1756,1,1,0.9243891384634422
aeeem_mylyn,static,lightgbm,10,6,1759,1,1,0.9578777349163111
aeeem_mylyn,static,lightgbm,10,6,1782,0,0,0.0020581516630554537
aeeem_mylyn,static,lightgbm,10,6,1797,0,0,0.011138892355703705
aeeem_mylyn,static,lightgbm,10,6,1804,0,0,0.02217263246015222
aeeem_mylyn,static,lightgbm,10,6,1811,0,1,0.8888066942255319
aeeem_mylyn,static,lightgbm,10,6,1820,0,0,0.021788394031869798
aeeem_mylyn,static,lightgbm,10,6,1829,0,1,0.9199051362714855
aeeem_mylyn,static,lightgbm,10,6,1843,0,1,0.8594879666894694
aeeem_mylyn,static,lightgbm,10,6,1858,0,0,0.005117688443813732
aeeem_mylyn,static,lightgbm,10,7,8,0,0,0.193944537675737
aeeem_mylyn,static,lightgbm,10,7,38,0,0,0.00531885509640985
aeeem_mylyn,static,lightgbm,10,7,39,0,0,0.21899759148065978
aeeem_mylyn,static,lightgbm,10,7,64,0,0,0.15128683845980695
aeeem_mylyn,static,lightgbm,10,7,65,0,0,0.029559017162462002
aeeem_mylyn,static,lightgbm,10,7,66,0,0,0.032394370407985595
aeeem_mylyn,static,lightgbm,10,7,72,0,0,0.10547598910760725
aeeem_mylyn,static,lightgbm,10,7,73,0,0,0.024868121768362537
aeeem_mylyn,static,lightgbm,10,7,80,0,1,0.9858647092979086
aeeem_mylyn,static,lightgbm,10,7,85,0,0,0.2644615327230937
aeeem_mylyn,static,lightgbm,10,7,100,0,0,0.1494240507936112
aeeem_mylyn,static,lightgbm,10,7,106,0,0,0.019164895540191292
aeeem_mylyn,static,lightgbm,10,7,109,0,0,0.008730079912601938
aeeem_mylyn,static,lightgbm,10,7,159,0,0,0.027002778113176733
aeeem_mylyn,static,lightgbm,10,7,182,0,0,0.003975476620061979
aeeem_mylyn,static,lightgbm,10,7,189,0,0,0.0453198843279108
aeeem_mylyn,static,lightgbm,10,7,206,0,0,0.024750171866497257
aeeem_mylyn,static,lightgbm,10,7,209,1,0,0.4022356335368556
aeeem_mylyn,static,lightgbm,10,7,224,0,1,0.6806508052958158
aeeem_mylyn,static,lightgbm,10,7,240,0,0,0.011008251573385964
aeeem_mylyn,static,lightgbm,10,7,256,0,0,0.021829361905506498
aeeem_mylyn,static,lightgbm,10,7,272,1,0,0.42269889000977323
aeeem_mylyn,static,lightgbm,10,7,276,0,0,0.02816849173686465
aeeem_mylyn,static,lightgbm,10,7,284,0,0,0.08808258311451361
aeeem_mylyn,static,lightgbm,10,7,292,0,0,0.12446192360861037
aeeem_mylyn,static,lightgbm,10,7,293,0,0,0.014789226960288497
aeeem_mylyn,static,lightgbm,10,7,299,0,0,0.049227749127445916
aeeem_mylyn,static,lightgbm,10,7,328,0,0,0.004518669731207751
aeeem_mylyn,static,lightgbm,10,7,331,0,0,0.11802077032984824
aeeem_mylyn,static,lightgbm,10,7,333,0,0,0.006108444870452299
aeeem_mylyn,static,lightgbm,10,7,334,0,0,0.1634067595728098
aeeem_mylyn,static,lightgbm,10,7,353,0,0,0.021574086519523004
aeeem_mylyn,static,lightgbm,10,7,356,0,0,0.11115701427060982
aeeem_mylyn,static,lightgbm,10,7,358,0,0,0.010382681053484695
aeeem_mylyn,static,lightgbm,10,7,362,0,0,0.26669151410874087
aeeem_mylyn,static,lightgbm,10,7,370,0,0,0.04246301147661028
aeeem_mylyn,static,lightgbm,10,7,378,0,0,0.019219816094799568
aeeem_mylyn,static,lightgbm,10,7,381,0,0,0.17330342653658432
aeeem_mylyn,static,lightgbm,10,7,385,0,1,0.5639446283811752
aeeem_mylyn,static,lightgbm,10,7,387,0,0,0.01162334747482553
aeeem_mylyn,static,lightgbm,10,7,388,0,0,0.03365338687672662
aeeem_mylyn,static,lightgbm,10,7,392,0,0,0.007218502528584702
aeeem_mylyn,static,lightgbm,10,7,401,0,0,0.003238689881199056
aeeem_mylyn,static,lightgbm,10,7,402,0,0,0.03907118968502574
aeeem_mylyn,static,lightgbm,10,7,413,1,1,0.7461079063147743
aeeem_mylyn,static,lightgbm,10,7,433,1,0,0.015196012725822055
aeeem_mylyn,static,lightgbm,10,7,445,1,1,0.6907210604161551
aeeem_mylyn,static,lightgbm,10,7,446,0,0,0.023344188123896735
aeeem_mylyn,static,lightgbm,10,7,460,0,0,0.00589983723361182
aeeem_mylyn,static,lightgbm,10,7,468,0,0,0.08870102367119184
aeeem_mylyn,static,lightgbm,10,7,497,0,0,0.052861313188811807
aeeem_mylyn,static,lightgbm,10,7,514,1,0,0.06758637898083861
aeeem_mylyn,static,lightgbm,10,7,518,0,0,0.17899246011667838
aeeem_mylyn,static,lightgbm,10,7,523,0,0,0.05508981411581613
aeeem_mylyn,static,lightgbm,10,7,536,0,0,0.1375802539126275
aeeem_mylyn,static,lightgbm,10,7,541,1,1,0.855313515644588
aeeem_mylyn,static,lightgbm,10,7,547,0,1,0.5474762136104833
aeeem_mylyn,static,lightgbm,10,7,565,0,1,0.609842611899001
aeeem_mylyn,static,lightgbm,10,7,571,0,0,0.38420384781808825
aeeem_mylyn,static,lightgbm,10,7,585,0,0,0.05960033930638617
aeeem_mylyn,static,lightgbm,10,7,617,0,0,0.0767738745761727
aeeem_mylyn,static,lightgbm,10,7,631,0,0,0.3304794254152716
aeeem_mylyn,static,lightgbm,10,7,656,0,0,0.2366400177493787
aeeem_mylyn,static,lightgbm,10,7,667,0,0,0.011548759367674485
aeeem_mylyn,static,lightgbm,10,7,675,0,0,0.002040239893453882
aeeem_mylyn,static,lightgbm,10,7,676,0,0,0.027002778113176733
aeeem_mylyn,static,lightgbm,10,7,683,0,0,0.0758957052625207
aeeem_mylyn,static,lightgbm,10,7,688,0,0,0.24185107194391084
aeeem_mylyn,static,lightgbm,10,7,696,0,0,0.015976509487211483
aeeem_mylyn,static,lightgbm,10,7,718,0,0,0.05394258838680567
aeeem_mylyn,static,lightgbm,10,7,736,0,0,0.21899759148065978
aeeem_mylyn,static,lightgbm,10,7,741,0,1,0.5327020828452327
aeeem_mylyn,static,lightgbm,10,7,742,0,0,0.006038416041539191
aeeem_mylyn,static,lightgbm,10,7,747,0,0,0.07416054063797946
aeeem_mylyn,static,lightgbm,10,7,748,0,0,0.008730079912601938
aeeem_mylyn,static,lightgbm,10,7,759,0,0,0.050241548843763965
aeeem_mylyn,static,lightgbm,10,7,764,0,1,0.5750628782308623
aeeem_mylyn,static,lightgbm,10,7,792,1,0,0.07574605823823967
aeeem_mylyn,static,lightgbm,10,7,815,0,0,0.32383690220671035
aeeem_mylyn,static,lightgbm,10,7,845,1,0,0.0920581536299724
aeeem_mylyn,static,lightgbm,10,7,850,0,0,0.012878836110515936
aeeem_mylyn,static,lightgbm,10,7,852,0,0,0.032153144316455814
aeeem_mylyn,static,lightgbm,10,7,862,0,0,0.03971882310851141
aeeem_mylyn,static,lightgbm,10,7,873,0,0,0.0035825010552899823
aeeem_mylyn,static,lightgbm,10,7,884,0,1,0.8685914913013617
aeeem_mylyn,static,lightgbm,10,7,898,0,0,0.12375806033730495
aeeem_mylyn,static,lightgbm,10,7,903,0,1,0.713493254313788
aeeem_mylyn,static,lightgbm,10,7,907,0,0,0.1108578810557955
aeeem_mylyn,static,lightgbm,10,7,920,0,0,0.2658041312485563
aeeem_mylyn,static,lightgbm,10,7,936,0,0,0.029816596236724443
aeeem_mylyn,static,lightgbm,10,7,937,0,0,0.12932574296977287
aeeem_mylyn,static,lightgbm,10,7,982,0,0,0.03864209255492713
aeeem_mylyn,static,lightgbm,10,7,1032,0,0,0.19306237548420926
aeeem_mylyn,static,lightgbm,10,7,1036,0,0,0.29026860191517234
aeeem_mylyn,static,lightgbm,10,7,1044,1,1,0.8133851266217479
aeeem_mylyn,static,lightgbm,10,7,1053,0,0,0.04176132371403098
aeeem_mylyn,static,lightgbm,10,7,1067,0,0,0.018173178084858025
aeeem_mylyn,static,lightgbm,10,7,1072,0,0,0.3174044581864841
aeeem_mylyn,static,lightgbm,10,7,1086,0,0,0.02812737326263143
aeeem_mylyn,static,lightgbm,10,7,1090,0,0,0.05693346676242586
aeeem_mylyn,static,lightgbm,10,7,1102,0,0,0.07677258856775823
aeeem_mylyn,static,lightgbm,10,7,1105,0,0,0.03410549421829249
aeeem_mylyn,static,lightgbm,10,7,1124,0,0,0.010084551108338786
aeeem_mylyn,static,lightgbm,10,7,1128,0,0,0.009398060842337519
aeeem_mylyn,static,lightgbm,10,7,1139,1,1,0.9042266913741889
aeeem_mylyn,static,lightgbm,10,7,1141,1,0,0.2328465762987254
aeeem_mylyn,static,lightgbm,10,7,1160,1,0,0.21899759148065978
aeeem_mylyn,static,lightgbm,10,7,1175,0,0,0.40317845174881717
aeeem_mylyn,static,lightgbm,10,7,1188,0,0,0.06763579931956085
aeeem_mylyn,static,lightgbm,10,7,1202,0,0,0.004337788095102651
aeeem_mylyn,static,lightgbm,10,7,1203,0,0,0.007397791659587139
aeeem_mylyn,static,lightgbm,10,7,1210,0,0,0.2737569676402733
aeeem_mylyn,static,lightgbm,10,7,1217,0,0,0.12615135860971102
aeeem_mylyn,static,lightgbm,10,7,1227,0,0,0.0254195480956737
aeeem_mylyn,static,lightgbm,10,7,1233,0,0,0.06097122427856197
aeeem_mylyn,static,lightgbm,10,7,1234,0,0,0.016917033789823142
aeeem_mylyn,static,lightgbm,10,7,1247,0,0,0.06889905229161268
aeeem_mylyn,static,lightgbm,10,7,1250,0,0,0.015612033186831102
aeeem_mylyn,static,lightgbm,10,7,1262,1,1,0.7901532721174457
aeeem_mylyn,static,lightgbm,10,7,1263,0,0,0.4433790672588287
aeeem_mylyn,static,lightgbm,10,7,1275,0,0,0.12026480054604342
aeeem_mylyn,static,lightgbm,10,7,1296,0,0,0.006038416041539191
aeeem_mylyn,static,lightgbm,10,7,1308,0,0,0.203534105532283
aeeem_mylyn,static,lightgbm,10,7,1310,0,0,0.03907514028688542
aeeem_mylyn,static,lightgbm,10,7,1313,1,0,0.15802298519801086
aeeem_mylyn,static,lightgbm,10,7,1327,0,0,0.020610346440538743
aeeem_mylyn,static,lightgbm,10,7,1328,1,0,0.1369409135665541
aeeem_mylyn,static,lightgbm,10,7,1332,1,0,0.21749760980904853
aeeem_mylyn,static,lightgbm,10,7,1333,0,0,0.017296650007531136
aeeem_mylyn,static,lightgbm,10,7,1334,0,0,0.02842616365902411
aeeem_mylyn,static,lightgbm,10,7,1336,0,0,0.012482837117505873
aeeem_mylyn,static,lightgbm,10,7,1339,0,0,0.004830343935202324
aeeem_mylyn,static,lightgbm,10,7,1341,0,0,0.09538043919424238
aeeem_mylyn,static,lightgbm,10,7,1353,0,0,0.09093278575565361
aeeem_mylyn,static,lightgbm,10,7,1364,0,0,0.17958208379814794
aeeem_mylyn,static,lightgbm,10,7,1365,1,0,0.10296716100024994
aeeem_mylyn,static,lightgbm,10,7,1384,0,0,0.013592399753138175
aeeem_mylyn,static,lightgbm,10,7,1390,0,0,0.023812091588485282
aeeem_mylyn,static,lightgbm,10,7,1397,0,0,0.42050976961084346
aeeem_mylyn,static,lightgbm,10,7,1398,0,0,0.03988416548349757
aeeem_mylyn,static,lightgbm,10,7,1415,0,0,0.005321893535426275
aeeem_mylyn,static,lightgbm,10,7,1433,0,0,0.005516297155764908
aeeem_mylyn,static,lightgbm,10,7,1436,0,0,0.03971882310851141
aeeem_mylyn,static,lightgbm,10,7,1452,0,0,0.010998539868378903
aeeem_mylyn,static,lightgbm,10,7,1456,0,0,0.015081767709670183
aeeem_mylyn,static,lightgbm,10,7,1468,1,1,0.5229074201340929
aeeem_mylyn,static,lightgbm,10,7,1473,0,0,0.05348717033696276
aeeem_mylyn,static,lightgbm,10,7,1480,0,0,0.006081372003070405
aeeem_mylyn,static,lightgbm,10,7,1486,0,0,0.05614255522049371
aeeem_mylyn,static,lightgbm,10,7,1505,0,0,0.00168268272983786
aeeem_mylyn,static,lightgbm,10,7,1545,0,0,0.04008880135662269
aeeem_mylyn,static,lightgbm,10,7,1548,0,0,0.38533768224525755
aeeem_mylyn,static,lightgbm,10,7,1550,0,0,0.010403801758998058
aeeem_mylyn,static,lightgbm,10,7,1556,1,0,0.3274794688289269
aeeem_mylyn,static,lightgbm,10,7,1594,0,0,0.0020562167979159725
aeeem_mylyn,static,lightgbm,10,7,1640,0,0,0.08101323490785164
aeeem_mylyn,static,lightgbm,10,7,1655,1,1,0.8368517348562662
aeeem_mylyn,static,lightgbm,10,7,1658,0,0,0.007699088484494678
aeeem_mylyn,static,lightgbm,10,7,1662,0,0,0.13840746077221752
aeeem_mylyn,static,lightgbm,10,7,1667,0,0,0.18145547696199946
aeeem_mylyn,static,lightgbm,10,7,1679,0,0,0.36571975698055914
aeeem_mylyn,static,lightgbm,10,7,1687,0,1,0.7897138848244971
aeeem_mylyn,static,lightgbm,10,7,1696,0,0,0.013592399753138175
aeeem_mylyn,static,lightgbm,10,7,1708,0,1,0.8184147977849731
aeeem_mylyn,static,lightgbm,10,7,1709,0,1,0.6190822224655437
aeeem_mylyn,static,lightgbm,10,7,1715,0,0,0.031075278188971118
aeeem_mylyn,static,lightgbm,10,7,1717,0,0,0.02300516067747143
aeeem_mylyn,static,lightgbm,10,7,1726,0,0,0.005197431593720701
aeeem_mylyn,static,lightgbm,10,7,1736,0,0,0.05869675776817076
aeeem_mylyn,static,lightgbm,10,7,1743,0,0,0.006086948410188074
aeeem_mylyn,static,lightgbm,10,7,1748,0,0,0.014168586849485009
aeeem_mylyn,static,lightgbm,10,7,1755,0,0,0.005348129239826134
aeeem_mylyn,static,lightgbm,10,7,1764,0,0,0.004175592548903679
aeeem_mylyn,static,lightgbm,10,7,1767,0,1,0.8509713791103071
aeeem_mylyn,static,lightgbm,10,7,1768,0,1,0.5164507780936987
aeeem_mylyn,static,lightgbm,10,7,1770,0,0,0.08288842755764905
aeeem_mylyn,static,lightgbm,10,7,1776,1,1,0.6090151855122541
aeeem_mylyn,static,lightgbm,10,7,1813,0,0,0.13757972306542127
aeeem_mylyn,static,lightgbm,10,7,1817,0,0,0.018085118691906692
aeeem_mylyn,static,lightgbm,10,7,1819,1,0,0.06609132210292827
aeeem_mylyn,static,lightgbm,10,7,1844,0,0,0.004249231969184562
aeeem_mylyn,static,lightgbm,10,7,1853,0,0,0.0033911612532252482
aeeem_mylyn,static,lightgbm,10,7,1854,0,0,0.032929189944041315
aeeem_mylyn,static,lightgbm,10,7,1856,0,0,0.0165727124210564
aeeem_mylyn,static,lightgbm,10,7,1859,1,0,0.029479953503536663
aeeem_mylyn,static,lightgbm,10,7,1861,0,0,0.09522596509635241
aeeem_mylyn,static,lightgbm,10,8,2,0,0,0.018788108238824635
aeeem_mylyn,static,lightgbm,10,8,5,0,0,0.004637253209619015
aeeem_mylyn,static,lightgbm,10,8,40,1,1,0.8026951725442346
aeeem_mylyn,static,lightgbm,10,8,49,0,0,0.1254471112012462
aeeem_mylyn,static,lightgbm,10,8,50,0,0,0.063498698855587
aeeem_mylyn,static,lightgbm,10,8,56,1,0,0.17626489491130068
aeeem_mylyn,static,lightgbm,10,8,67,0,1,0.905149026060084
aeeem_mylyn,static,lightgbm,10,8,71,0,0,0.01071205066196782
aeeem_mylyn,static,lightgbm,10,8,87,0,0,0.014966012461331913
aeeem_mylyn,static,lightgbm,10,8,92,0,0,0.00903265184257973
aeeem_mylyn,static,lightgbm,10,8,97,0,0,0.021826666679228862
aeeem_mylyn,static,lightgbm,10,8,108,0,0,0.1338748528880092
aeeem_mylyn,static,lightgbm,10,8,113,1,0,0.20011503338484046
aeeem_mylyn,static,lightgbm,10,8,117,0,0,0.2773008459743262
aeeem_mylyn,static,lightgbm,10,8,124,0,0,0.07852753116031662
aeeem_mylyn,static,lightgbm,10,8,126,0,0,0.006182295268165323
aeeem_mylyn,static,lightgbm,10,8,145,0,0,0.1747151911501393
aeeem_mylyn,static,lightgbm,10,8,146,0,0,0.16042536791069748
aeeem_mylyn,static,lightgbm,10,8,149,0,1,0.5520732958392485
aeeem_mylyn,static,lightgbm,10,8,150,0,0,0.018591983140710706
aeeem_mylyn,static,lightgbm,10,8,163,0,0,0.01332174974316636
aeeem_mylyn,static,lightgbm,10,8,175,0,0,0.004194170787058447
aeeem_mylyn,static,lightgbm,10,8,178,0,0,0.004586334651617067
aeeem_mylyn,static,lightgbm,10,8,194,0,0,0.20683572386054833
aeeem_mylyn,static,lightgbm,10,8,218,0,0,0.22570429480072046
aeeem_mylyn,static,lightgbm,10,8,222,1,1,0.9019596475153537
aeeem_mylyn,static,lightgbm,10,8,230,0,0,0.13833231966481804
aeeem_mylyn,static,lightgbm,10,8,269,0,0,0.0020323920806681176
aeeem_mylyn,static,lightgbm,10,8,271,0,0,0.19172677502448882
aeeem_mylyn,static,lightgbm,10,8,275,0,0,0.20607915709224434
aeeem_mylyn,static,lightgbm,10,8,282,0,0,0.040910955079865814
aeeem_mylyn,static,lightgbm,10,8,286,0,0,0.12937438748086452
aeeem_mylyn,static,lightgbm,10,8,287,0,0,0.3539333987799359
aeeem_mylyn,static,lightgbm,10,8,316,1,1,0.9445708565614483
aeeem_mylyn,static,lightgbm,10,8,318,0,0,0.008816317920819107
aeeem_mylyn,static,lightgbm,10,8,322,0,0,0.27965730487508605
aeeem_mylyn,static,lightgbm,10,8,337,1,0,0.1029728394929788
aeeem_mylyn,static,lightgbm,10,8,346,0,0,0.14099380466842415
aeeem_mylyn,static,lightgbm,10,8,355,0,0,0.14219285213578575
aeeem_mylyn,static,lightgbm,10,8,386,0,0,0.33360864057192
aeeem_mylyn,static,lightgbm,10,8,391,0,0,0.0035960736092209575
aeeem_mylyn,static,lightgbm,10,8,394,0,0,0.013229406424258395
aeeem_mylyn,static,lightgbm,10,8,404,0,0,0.07051826398987435
aeeem_mylyn,static,lightgbm,10,8,405,0,0,0.37044501494426274
aeeem_mylyn,static,lightgbm,10,8,412,0,0,0.1840843569337484
aeeem_mylyn,static,lightgbm,10,8,419,0,0,0.017416045263574792
aeeem_mylyn,static,lightgbm,10,8,424,0,0,0.04551849486981287
aeeem_mylyn,static,lightgbm,10,8,430,0,0,0.004977773746900969
aeeem_mylyn,static,lightgbm,10,8,435,0,0,0.025106523522274694
aeeem_mylyn,static,lightgbm,10,8,436,0,0,0.07021778559586887
aeeem_mylyn,static,lightgbm,10,8,450,1,0,0.19286242423524302
aeeem_mylyn,static,lightgbm,10,8,470,0,0,0.007766599711983478
aeeem_mylyn,static,lightgbm,10,8,477,0,0,0.0492481845956602
aeeem_mylyn,static,lightgbm,10,8,478,0,1,0.6148814426226298
aeeem_mylyn,static,lightgbm,10,8,499,0,0,0.0533589661433059
aeeem_mylyn,static,lightgbm,10,8,513,0,1,0.6067611971791932
aeeem_mylyn,static,lightgbm,10,8,525,0,0,0.022483410491366703
aeeem_mylyn,static,lightgbm,10,8,533,0,0,0.2721500843655016
aeeem_mylyn,static,lightgbm,10,8,544,0,0,0.07838293398574851
aeeem_mylyn,static,lightgbm,10,8,549,0,0,0.08512698657173451
aeeem_mylyn,static,lightgbm,10,8,554,0,0,0.020390836549962855
aeeem_mylyn,static,lightgbm,10,8,559,0,0,0.043545529227426334
aeeem_mylyn,static,lightgbm,10,8,583,0,0,0.02041932196557482
aeeem_mylyn,static,lightgbm,10,8,589,1,0,0.23513934209581944
aeeem_mylyn,static,lightgbm,10,8,594,0,0,0.37473060647769624
aeeem_mylyn,static,lightgbm,10,8,600,1,0,0.03138375335873407
aeeem_mylyn,static,lightgbm,10,8,611,0,0,0.015403201584963102
aeeem_mylyn,static,lightgbm,10,8,619,1,0,0.2015072813199191
aeeem_mylyn,static,lightgbm,10,8,623,0,0,0.05022079016632057
aeeem_mylyn,static,lightgbm,10,8,630,0,0,0.019276413940014874
aeeem_mylyn,static,lightgbm,10,8,633,0,0,0.005159507554139741
aeeem_mylyn,static,lightgbm,10,8,641,0,0,0.07700994841993959
aeeem_mylyn,static,lightgbm,10,8,686,0,0,0.005874157003177009
aeeem_mylyn,static,lightgbm,10,8,687,0,0,0.03749981896307696
aeeem_mylyn,static,lightgbm,10,8,690,0,0,0.04602106335181035
aeeem_mylyn,static,lightgbm,10,8,703,0,1,0.5130350485504803
aeeem_mylyn,static,lightgbm,10,8,716,0,0,0.022930423451314706
aeeem_mylyn,static,lightgbm,10,8,725,0,0,0.044375449171614845
aeeem_mylyn,static,lightgbm,10,8,730,1,1,0.9019596475153537
aeeem_mylyn,static,lightgbm,10,8,735,0,0,0.03895326476973347
aeeem_mylyn,static,lightgbm,10,8,754,0,0,0.01269490396919189
aeeem_mylyn,static,lightgbm,10,8,779,0,0,0.004689134152067295
aeeem_mylyn,static,lightgbm,10,8,786,0,0,0.31672105274382434
aeeem_mylyn,static,lightgbm,10,8,793,0,0,0.05919713759721651
aeeem_mylyn,static,lightgbm,10,8,808,0,0,0.034204863616334284
aeeem_mylyn,static,lightgbm,10,8,820,0,0,0.1993993921311878
aeeem_mylyn,static,lightgbm,10,8,822,0,0,0.005450641722372984
aeeem_mylyn,static,lightgbm,10,8,824,0,0,0.025452538705355743
aeeem_mylyn,static,lightgbm,10,8,833,0,0,0.1902925427041105
aeeem_mylyn,static,lightgbm,10,8,846,0,0,0.006441181608773586
aeeem_mylyn,static,lightgbm,10,8,897,1,0,0.16652376454780138
aeeem_mylyn,static,lightgbm,10,8,909,0,0,0.0793376178802104
aeeem_mylyn,static,lightgbm,10,8,912,0,1,0.9812837079150966
aeeem_mylyn,static,lightgbm,10,8,946,0,1,0.7683159178782957
aeeem_mylyn,static,lightgbm,10,8,952,0,0,0.019839104726293147
aeeem_mylyn,static,lightgbm,10,8,964,0,0,0.06063089612371207
aeeem_mylyn,static,lightgbm,10,8,979,1,0,0.003933726969196447
aeeem_mylyn,static,lightgbm,10,8,991,0,1,0.8223940219557031
aeeem_mylyn,static,lightgbm,10,8,995,1,0,0.04926932918310546
aeeem_mylyn,static,lightgbm,10,8,999,1,0,0.08593662887819654
aeeem_mylyn,static,lightgbm,10,8,1014,1,0,0.22292357116909106
aeeem_mylyn,static,lightgbm,10,8,1018,0,0,0.004454339094716027
aeeem_mylyn,static,lightgbm,10,8,1024,0,0,0.20555074173595025
aeeem_mylyn,static,lightgbm,10,8,1033,0,0,0.14478717755681725
aeeem_mylyn,static,lightgbm,10,8,1054,0,0,0.04352555217352085
aeeem_mylyn,static,lightgbm,10,8,1055,0,0,0.43587099136608387
aeeem_mylyn,static,lightgbm,10,8,1059,0,0,0.11151840921174026
aeeem_mylyn,static,lightgbm,10,8,1066,0,0,0.4886545227666904
aeeem_mylyn,static,lightgbm,10,8,1081,0,0,0.00784197027745241
aeeem_mylyn,static,lightgbm,10,8,1089,0,0,0.0037294943074585316
aeeem_mylyn,static,lightgbm,10,8,1096,0,0,0.051630014782027236
aeeem_mylyn,static,lightgbm,10,8,1097,0,0,0.01668622875547825
aeeem_mylyn,static,lightgbm,10,8,1112,0,1,0.5072630678041993
aeeem_mylyn,static,lightgbm,10,8,1122,0,0,0.01562430654912018
aeeem_mylyn,static,lightgbm,10,8,1131,0,0,0.031927778133869676
aeeem_mylyn,static,lightgbm,10,8,1132,0,0,0.4157618348955725
aeeem_mylyn,static,lightgbm,10,8,1138,0,0,0.0037091606071277066
aeeem_mylyn,static,lightgbm,10,8,1143,0,0,0.00426341705847255
aeeem_mylyn,static,lightgbm,10,8,1144,0,0,0.22492319706031658
aeeem_mylyn,static,lightgbm,10,8,1146,0,0,0.015246222048660425
aeeem_mylyn,static,lightgbm,10,8,1147,0,0,0.05373566244869564
aeeem_mylyn,static,lightgbm,10,8,1148,1,0,0.0186593756505356
aeeem_mylyn,static,lightgbm,10,8,1150,0,0,0.09634825491450263
aeeem_mylyn,static,lightgbm,10,8,1154,0,0,0.10915838204477726
aeeem_mylyn,static,lightgbm,10,8,1156,0,0,0.07626124050131039
aeeem_mylyn,static,lightgbm,10,8,1164,0,1,0.8294496584297321
aeeem_mylyn,static,lightgbm,10,8,1193,0,0,0.007946654176240046
aeeem_mylyn,static,lightgbm,10,8,1224,0,0,0.26652458626082676
aeeem_mylyn,static,lightgbm,10,8,1254,0,0,0.06493215486442845
aeeem_mylyn,static,lightgbm,10,8,1256,1,0,0.00784197027745241
aeeem_mylyn,static,lightgbm,10,8,1261,0,0,0.0341097908516766
aeeem_mylyn,static,lightgbm,10,8,1289,0,0,0.08520446709718872
aeeem_mylyn,static,lightgbm,10,8,1304,0,0,0.05053376889453527
aeeem_mylyn,static,lightgbm,10,8,1351,0,1,0.5735466654578679
aeeem_mylyn,static,lightgbm,10,8,1357,0,0,0.009401137891529462
aeeem_mylyn,static,lightgbm,10,8,1359,0,0,0.1504491169090954
aeeem_mylyn,static,lightgbm,10,8,1377,1,0,0.3526630229834599
aeeem_mylyn,static,lightgbm,10,8,1393,0,0,0.038061723840862115
aeeem_mylyn,static,lightgbm,10,8,1402,0,1,0.6766756803366236
aeeem_mylyn,static,lightgbm,10,8,1405,0,0,0.04428482953911683
aeeem_mylyn,static,lightgbm,10,8,1406,0,0,0.06672631467648424
aeeem_mylyn,static,lightgbm,10,8,1410,0,0,0.06431349382892997
aeeem_mylyn,static,lightgbm,10,8,1416,0,0,0.07762999508585151
aeeem_mylyn,static,lightgbm,10,8,1434,0,0,0.00832587119756637
aeeem_mylyn,static,lightgbm,10,8,1455,0,0,0.4224397005929974
aeeem_mylyn,static,lightgbm,10,8,1476,0,0,0.0932779210856826
aeeem_mylyn,static,lightgbm,10,8,1478,0,0,0.030575968474045197
aeeem_mylyn,static,lightgbm,10,8,1504,1,0,0.11302790663113986
aeeem_mylyn,static,lightgbm,10,8,1513,0,0,0.07513318645790364
aeeem_mylyn,static,lightgbm,10,8,1514,0,0,0.0035371526579752767
aeeem_mylyn,static,lightgbm,10,8,1523,0,0,0.03092984497841165
aeeem_mylyn,static,lightgbm,10,8,1531,0,0,0.00541126935106622
aeeem_mylyn,static,lightgbm,10,8,1532,0,0,0.03608538409609607
aeeem_mylyn,static,lightgbm,10,8,1537,0,0,0.03547383326319063
aeeem_mylyn,static,lightgbm,10,8,1542,1,1,0.905149026060084
aeeem_mylyn,static,lightgbm,10,8,1577,0,0,0.013942199790062946
aeeem_mylyn,static,lightgbm,10,8,1589,0,0,0.17159537707107755
aeeem_mylyn,static,lightgbm,10,8,1590,0,0,0.42870825873216944
aeeem_mylyn,static,lightgbm,10,8,1602,0,0,0.18402509118047988
aeeem_mylyn,static,lightgbm,10,8,1608,0,0,0.19675947189604834
aeeem_mylyn,static,lightgbm,10,8,1622,0,0,0.1466336685487339
aeeem_mylyn,static,lightgbm,10,8,1625,0,0,0.4157618348955725
aeeem_mylyn,static,lightgbm,10,8,1626,0,1,0.9089789411932099
aeeem_mylyn,static,lightgbm,10,8,1633,0,0,0.004928530484849385
aeeem_mylyn,static,lightgbm,10,8,1639,0,0,0.016247779325123866
aeeem_mylyn,static,lightgbm,10,8,1647,0,0,0.11508326333132145
aeeem_mylyn,static,lightgbm,10,8,1649,1,0,0.17210025494058476
aeeem_mylyn,static,lightgbm,10,8,1650,0,0,0.26209419884210283
aeeem_mylyn,static,lightgbm,10,8,1663,0,1,0.8752131964514035
aeeem_mylyn,static,lightgbm,10,8,1664,0,0,0.23178254257930433
aeeem_mylyn,static,lightgbm,10,8,1670,1,1,0.905149026060084
aeeem_mylyn,static,lightgbm,10,8,1671,0,0,0.021961417730287824
aeeem_mylyn,static,lightgbm,10,8,1683,0,0,0.0011537717550019983
aeeem_mylyn,static,lightgbm,10,8,1695,0,0,0.006413422260952743
aeeem_mylyn,static,lightgbm,10,8,1724,0,0,0.017500044983830728
aeeem_mylyn,static,lightgbm,10,8,1725,1,1,0.6428473632450526
aeeem_mylyn,static,lightgbm,10,8,1729,0,0,0.06713762783565333
aeeem_mylyn,static,lightgbm,10,8,1735,0,0,0.04102927185031118
aeeem_mylyn,static,lightgbm,10,8,1749,0,1,0.9704230721507588
aeeem_mylyn,static,lightgbm,10,8,1788,1,0,0.05566275822814416
aeeem_mylyn,static,lightgbm,10,8,1802,0,0,0.020966060305902656
aeeem_mylyn,static,lightgbm,10,8,1805,0,0,0.18696628619252875
aeeem_mylyn,static,lightgbm,10,8,1827,0,0,0.06184443570073573
aeeem_mylyn,static,lightgbm,10,8,1830,0,0,0.034278194259586385
aeeem_mylyn,static,lightgbm,10,8,1849,0,0,0.11251879390630817
aeeem_mylyn,static,lightgbm,10,8,1857,0,0,0.02789207256719663
aeeem_mylyn,static,lightgbm,10,9,24,0,0,0.008397599454843986
aeeem_mylyn,static,lightgbm,10,9,26,0,0,0.01791224330467876
aeeem_mylyn,static,lightgbm,10,9,37,0,0,0.015144533825042099
aeeem_mylyn,static,lightgbm,10,9,43,0,0,0.00953623266190625
aeeem_mylyn,static,lightgbm,10,9,48,0,0,0.09931491453960825
aeeem_mylyn,static,lightgbm,10,9,75,0,0,0.16654364335454486
aeeem_mylyn,static,lightgbm,10,9,77,0,1,0.9530100661092631
aeeem_mylyn,static,lightgbm,10,9,82,0,0,0.0019196480814226433
aeeem_mylyn,static,lightgbm,10,9,83,0,0,0.2599093514129684
aeeem_mylyn,static,lightgbm,10,9,86,0,0,0.00881051227033041
aeeem_mylyn,static,lightgbm,10,9,123,0,0,0.010329638958405028
aeeem_mylyn,static,lightgbm,10,9,158,0,0,0.01707773657868358
aeeem_mylyn,static,lightgbm,10,9,164,0,0,0.013144393455706163
aeeem_mylyn,static,lightgbm,10,9,171,0,0,0.29428274063337184
aeeem_mylyn,static,lightgbm,10,9,179,0,0,0.006599105119128566
aeeem_mylyn,static,lightgbm,10,9,192,0,0,0.010276272026200689
aeeem_mylyn,static,lightgbm,10,9,197,0,0,0.09850613130061783
aeeem_mylyn,static,lightgbm,10,9,204,0,0,0.006592306154032845
aeeem_mylyn,static,lightgbm,10,9,226,1,1,0.7088865953199042
aeeem_mylyn,static,lightgbm,10,9,231,0,1,0.7249577976678236
aeeem_mylyn,static,lightgbm,10,9,260,0,0,0.01917086735466918
aeeem_mylyn,static,lightgbm,10,9,273,0,0,0.18917190920636395
aeeem_mylyn,static,lightgbm,10,9,281,0,0,0.023493806633787348
aeeem_mylyn,static,lightgbm,10,9,320,0,0,0.20834463607781534
aeeem_mylyn,static,lightgbm,10,9,324,0,0,0.0015986580608328782
aeeem_mylyn,static,lightgbm,10,9,325,0,0,0.4879448768681698
aeeem_mylyn,static,lightgbm,10,9,326,1,0,0.0062312488455232105
aeeem_mylyn,static,lightgbm,10,9,330,0,0,0.007487937524169441
aeeem_mylyn,static,lightgbm,10,9,332,1,1,0.7201910416561972
aeeem_mylyn,static,lightgbm,10,9,339,0,0,0.03426815890834105
aeeem_mylyn,static,lightgbm,10,9,361,0,0,0.09996173120352293
aeeem_mylyn,static,lightgbm,10,9,364,0,0,0.007621296603323958
aeeem_mylyn,static,lightgbm,10,9,369,0,0,0.050107299135719506
aeeem_mylyn,static,lightgbm,10,9,373,0,0,0.08841985276213271
aeeem_mylyn,static,lightgbm,10,9,379,0,0,0.021892185214546018
aeeem_mylyn,static,lightgbm,10,9,383,0,0,0.0037680678171933763
aeeem_mylyn,static,lightgbm,10,9,399,0,0,0.27683423606951874
aeeem_mylyn,static,lightgbm,10,9,409,0,0,0.01298149780248285
aeeem_mylyn,static,lightgbm,10,9,415,0,0,0.003215702940814374
aeeem_mylyn,static,lightgbm,10,9,418,0,0,0.1138101063238165
aeeem_mylyn,static,lightgbm,10,9,431,0,0,0.17476540928856335
aeeem_mylyn,static,lightgbm,10,9,439,0,0,0.013091442178104758
aeeem_mylyn,static,lightgbm,10,9,442,0,0,0.005113215703486275
aeeem_mylyn,static,lightgbm,10,9,444,0,1,0.7265417541227734
aeeem_mylyn,static,lightgbm,10,9,454,0,0,0.3529395335524627
aeeem_mylyn,static,lightgbm,10,9,457,0,0,0.012130545389973917
aeeem_mylyn,static,lightgbm,10,9,466,0,0,0.123972232133377
aeeem_mylyn,static,lightgbm,10,9,472,0,0,0.05736445051112298
aeeem_mylyn,static,lightgbm,10,9,480,0,0,0.03097969047587872
aeeem_mylyn,static,lightgbm,10,9,488,0,0,0.08153866985968594
aeeem_mylyn,static,lightgbm,10,9,519,1,1,0.8596112418681914
aeeem_mylyn,static,lightgbm,10,9,563,0,0,0.08691300960236532
aeeem_mylyn,static,lightgbm,10,9,564,0,0,0.026905734115037633
aeeem_mylyn,static,lightgbm,10,9,567,0,0,0.020445267924843875
aeeem_mylyn,static,lightgbm,10,9,573,0,0,0.08691300960236532
aeeem_mylyn,static,lightgbm,10,9,576,1,1,0.732495876636292
aeeem_mylyn,static,lightgbm,10,9,626,0,0,0.07858144372112782
aeeem_mylyn,static,lightgbm,10,9,627,1,0,0.05199249642630883
aeeem_mylyn,static,lightgbm,10,9,650,0,0,0.22915766377580057
aeeem_mylyn,static,lightgbm,10,9,682,0,1,0.629004573581789
aeeem_mylyn,static,lightgbm,10,9,684,0,1,0.6126016413795686
aeeem_mylyn,static,lightgbm,10,9,692,0,0,0.0030180502836609237
aeeem_mylyn,static,lightgbm,10,9,693,0,0,0.016298994775606628
aeeem_mylyn,static,lightgbm,10,9,707,0,0,0.259310578124499
aeeem_mylyn,static,lightgbm,10,9,724,0,1,0.6122070795718444
aeeem_mylyn,static,lightgbm,10,9,731,0,0,0.008757687687015481
aeeem_mylyn,static,lightgbm,10,9,751,0,0,0.0053025570472532224
aeeem_mylyn,static,lightgbm,10,9,761,0,0,0.010338943922671517
aeeem_mylyn,static,lightgbm,10,9,769,1,0,0.2334819325103917
aeeem_mylyn,static,lightgbm,10,9,770,0,0,0.02348742528239904
aeeem_mylyn,static,lightgbm,10,9,771,0,0,0.30035213187016474
aeeem_mylyn,static,lightgbm,10,9,784,0,0,0.02687471983109239
aeeem_mylyn,static,lightgbm,10,9,807,0,0,0.005536941739249646
aeeem_mylyn,static,lightgbm,10,9,816,0,0,0.01781087861981993
aeeem_mylyn,static,lightgbm,10,9,871,1,1,0.743908235407381
aeeem_mylyn,static,lightgbm,10,9,872,0,0,0.12888391586438894
aeeem_mylyn,static,lightgbm,10,9,882,0,1,0.8109454928418935
aeeem_mylyn,static,lightgbm,10,9,901,0,0,0.0015459663866957813
aeeem_mylyn,static,lightgbm,10,9,905,0,0,0.03426315812482436
aeeem_mylyn,static,lightgbm,10,9,918,0,0,0.3068853309022918
aeeem_mylyn,static,lightgbm,10,9,925,0,0,0.04686970659616968
aeeem_mylyn,static,lightgbm,10,9,933,0,0,0.13970052063728342
aeeem_mylyn,static,lightgbm,10,9,935,1,0,0.006835494219786971
aeeem_mylyn,static,lightgbm,10,9,939,0,0,0.41937190403089697
aeeem_mylyn,static,lightgbm,10,9,962,0,0,0.007965178920621633
aeeem_mylyn,static,lightgbm,10,9,973,1,0,0.10397604069745273
aeeem_mylyn,static,lightgbm,10,9,981,0,0,0.1527472895282081
aeeem_mylyn,static,lightgbm,10,9,985,1,0,0.4543893827772688
aeeem_mylyn,static,lightgbm,10,9,989,0,1,0.5773078071401552
aeeem_mylyn,static,lightgbm,10,9,994,0,0,0.16599870770473438
aeeem_mylyn,static,lightgbm,10,9,996,0,0,0.007691914063585512
aeeem_mylyn,static,lightgbm,10,9,998,0,0,0.12876378962683693
aeeem_mylyn,static,lightgbm,10,9,1013,0,0,0.20007097682251887
aeeem_mylyn,static,lightgbm,10,9,1017,0,0,0.3208762908600265
aeeem_mylyn,static,lightgbm,10,9,1021,0,0,0.1393246516960223
aeeem_mylyn,static,lightgbm,10,9,1025,0,1,0.5791807453266097
aeeem_mylyn,static,lightgbm,10,9,1029,1,0,0.01702446584073291
aeeem_mylyn,static,lightgbm,10,9,1035,0,0,0.013687249410626004
aeeem_mylyn,static,lightgbm,10,9,1042,0,0,0.0022312166661307693
aeeem_mylyn,static,lightgbm,10,9,1046,0,0,0.003189178433241006
aeeem_mylyn,static,lightgbm,10,9,1057,0,1,0.7582440274554191
aeeem_mylyn,static,lightgbm,10,9,1058,0,0,0.046578045275251875
aeeem_mylyn,static,lightgbm,10,9,1062,0,0,0.003561987586420025
aeeem_mylyn,static,lightgbm,10,9,1064,0,0,0.2859098746217188
aeeem_mylyn,static,lightgbm,10,9,1079,0,0,0.3048105593145578
aeeem_mylyn,static,lightgbm,10,9,1082,0,0,0.010462767038037826
aeeem_mylyn,static,lightgbm,10,9,1085,0,0,0.07426038067593511
aeeem_mylyn,static,lightgbm,10,9,1101,0,0,0.18127999444323428
aeeem_mylyn,static,lightgbm,10,9,1123,0,0,0.03588502950898432
aeeem_mylyn,static,lightgbm,10,9,1158,1,0,0.025366705478545182
aeeem_mylyn,static,lightgbm,10,9,1162,0,0,0.09158442816473904
aeeem_mylyn,static,lightgbm,10,9,1166,0,0,0.05248974117097578
aeeem_mylyn,static,lightgbm,10,9,1167,0,0,0.3204602984681707
aeeem_mylyn,static,lightgbm,10,9,1174,1,0,0.3158784247650199
aeeem_mylyn,static,lightgbm,10,9,1184,0,0,0.0712190036846529
aeeem_mylyn,static,lightgbm,10,9,1225,0,0,0.19546924265293308
aeeem_mylyn,static,lightgbm,10,9,1229,0,0,0.18205917203221378
aeeem_mylyn,static,lightgbm,10,9,1236,0,0,0.013770497947856598
aeeem_mylyn,static,lightgbm,10,9,1248,0,0,0.018430134926483634
aeeem_mylyn,static,lightgbm,10,9,1298,0,0,0.13812602038341742
aeeem_mylyn,static,lightgbm,10,9,1312,0,0,0.05775746942837524
aeeem_mylyn,static,lightgbm,10,9,1315,0,0,0.08310149032635525
aeeem_mylyn,static,lightgbm,10,9,1320,0,0,0.059834775557546856
aeeem_mylyn,static,lightgbm,10,9,1338,0,0,0.08372745889750668
aeeem_mylyn,static,lightgbm,10,9,1342,1,0,0.03167297286839617
aeeem_mylyn,static,lightgbm,10,9,1343,0,1,0.780740033642598
aeeem_mylyn,static,lightgbm,10,9,1348,0,0,0.03897054640336208
aeeem_mylyn,static,lightgbm,10,9,1358,0,0,0.007327891950890941
aeeem_mylyn,static,lightgbm,10,9,1383,0,1,0.6107786506127834
aeeem_mylyn,static,lightgbm,10,9,1391,0,0,0.05838659565320897
aeeem_mylyn,static,lightgbm,10,9,1400,0,0,0.004099076700805453
aeeem_mylyn,static,lightgbm,10,9,1442,1,0,0.053990339763174966
aeeem_mylyn,static,lightgbm,10,9,1458,0,0,0.03474439482041908
aeeem_mylyn,static,lightgbm,10,9,1467,0,0,0.07858144372112782
aeeem_mylyn,static,lightgbm,10,9,1469,0,0,0.12414754555675007
aeeem_mylyn,static,lightgbm,10,9,1470,0,0,0.02869750948597569
aeeem_mylyn,static,lightgbm,10,9,1471,1,0,0.2346598706366072
aeeem_mylyn,static,lightgbm,10,9,1485,0,0,0.020742740458035903
aeeem_mylyn,static,lightgbm,10,9,1487,0,0,0.13528092108983455
aeeem_mylyn,static,lightgbm,10,9,1498,1,1,0.8823424710756491
aeeem_mylyn,static,lightgbm,10,9,1507,0,0,0.06412628834396873
aeeem_mylyn,static,lightgbm,10,9,1512,0,1,0.8551573457667943
aeeem_mylyn,static,lightgbm,10,9,1517,0,0,0.008803611013209152
aeeem_mylyn,static,lightgbm,10,9,1518,0,0,0.011641369091055287
aeeem_mylyn,static,lightgbm,10,9,1525,0,0,0.0066404347227926735
aeeem_mylyn,static,lightgbm,10,9,1533,0,0,0.050766821748026464
aeeem_mylyn,static,lightgbm,10,9,1546,0,0,0.010077927308959735
aeeem_mylyn,static,lightgbm,10,9,1549,0,0,0.14536333832644555
aeeem_mylyn,static,lightgbm,10,9,1553,0,0,0.24179730361137994
aeeem_mylyn,static,lightgbm,10,9,1555,0,1,0.5772180850997939
aeeem_mylyn,static,lightgbm,10,9,1562,0,0,0.3747871372381427
aeeem_mylyn,static,lightgbm,10,9,1564,0,0,0.00397463195954625
aeeem_mylyn,static,lightgbm,10,9,1584,0,0,0.02824387514177789
aeeem_mylyn,static,lightgbm,10,9,1587,0,0,0.050189623989574314
aeeem_mylyn,static,lightgbm,10,9,1610,0,0,0.008392349081459412
aeeem_mylyn,static,lightgbm,10,9,1619,0,0,0.07291568538471828
aeeem_mylyn,static,lightgbm,10,9,1620,0,0,0.0032456335720333794
aeeem_mylyn,static,lightgbm,10,9,1621,0,1,0.6662100374638742
aeeem_mylyn,static,lightgbm,10,9,1627,0,0,0.056639207123764045
aeeem_mylyn,static,lightgbm,10,9,1629,1,0,0.08061475501004124
aeeem_mylyn,static,lightgbm,10,9,1632,1,1,0.7451193046145601
aeeem_mylyn,static,lightgbm,10,9,1634,0,0,0.22128893020994408
aeeem_mylyn,static,lightgbm,10,9,1638,0,0,0.002158998757021033
aeeem_mylyn,static,lightgbm,10,9,1643,0,0,0.36231774737616046
aeeem_mylyn,static,lightgbm,10,9,1644,0,0,0.11558827817530533
aeeem_mylyn,static,lightgbm,10,9,1646,0,0,0.09166151621245966
aeeem_mylyn,static,lightgbm,10,9,1651,0,0,0.0420784551613189
aeeem_mylyn,static,lightgbm,10,9,1652,0,1,0.5074590495320835
aeeem_mylyn,static,lightgbm,10,9,1666,1,0,0.005305343377143703
aeeem_mylyn,static,lightgbm,10,9,1674,0,0,0.13948074116751846
aeeem_mylyn,static,lightgbm,10,9,1682,1,1,0.9753548810255817
aeeem_mylyn,static,lightgbm,10,9,1700,1,0,0.3632783357754152
aeeem_mylyn,static,lightgbm,10,9,1730,0,0,0.04521946364330626
aeeem_mylyn,static,lightgbm,10,9,1766,0,0,0.11228618070458807
aeeem_mylyn,static,lightgbm,10,9,1769,0,0,0.005751437740672566
aeeem_mylyn,static,lightgbm,10,9,1775,0,0,0.007978755889334135
aeeem_mylyn,static,lightgbm,10,9,1779,0,0,0.037191733615307795
aeeem_mylyn,static,lightgbm,10,9,1781,0,0,0.0017976490720423778
aeeem_mylyn,static,lightgbm,10,9,1785,0,0,0.24264553529306607
aeeem_mylyn,static,lightgbm,10,9,1794,0,0,0.03649624305030013
aeeem_mylyn,static,lightgbm,10,9,1795,1,1,0.5938598382627361
aeeem_mylyn,static,lightgbm,10,9,1824,0,0,0.06862436908625923
aeeem_mylyn,static,lightgbm,10,9,1826,1,1,0.8364216324049814
aeeem_mylyn,static,lightgbm,10,9,1836,0,0,0.004064614731369017
aeeem_mylyn,static,lightgbm,10,9,1840,0,0,0.14806955646113384
aeeem_mylyn,static,lightgbm,10,9,1845,0,0,0.024567849761929293
aeeem_mylyn,static,lightgbm,10,10,6,0,0,0.003616546454329429
aeeem_mylyn,static,lightgbm,10,10,29,0,0,0.03892927408609992
aeeem_mylyn,static,lightgbm,10,10,47,0,0,0.01739537549445493
aeeem_mylyn,static,lightgbm,10,10,59,0,0,0.146343717256375
aeeem_mylyn,static,lightgbm,10,10,63,1,1,0.6925108480608004
aeeem_mylyn,static,lightgbm,10,10,74,0,0,0.13944153577105253
aeeem_mylyn,static,lightgbm,10,10,110,0,0,0.010955680560334058
aeeem_mylyn,static,lightgbm,10,10,112,0,0,0.3939336548974233
aeeem_mylyn,static,lightgbm,10,10,131,0,0,0.009223743578255329
aeeem_mylyn,static,lightgbm,10,10,147,0,0,0.4364952607201742
aeeem_mylyn,static,lightgbm,10,10,161,0,1,0.7360163327276273
aeeem_mylyn,static,lightgbm,10,10,180,0,0,0.04990029244441831
aeeem_mylyn,static,lightgbm,10,10,184,0,0,0.17095004158166358
aeeem_mylyn,static,lightgbm,10,10,188,0,0,0.38197577431397794
aeeem_mylyn,static,lightgbm,10,10,196,0,1,0.6152648943313672
aeeem_mylyn,static,lightgbm,10,10,200,0,0,0.03093016687830248
aeeem_mylyn,static,lightgbm,10,10,210,0,0,0.05311738037535862
aeeem_mylyn,static,lightgbm,10,10,211,0,0,0.13868489136729042
aeeem_mylyn,static,lightgbm,10,10,233,1,0,0.07848482927180057
aeeem_mylyn,static,lightgbm,10,10,243,0,1,0.5925116692469037
aeeem_mylyn,static,lightgbm,10,10,254,0,0,0.009483564092726587
aeeem_mylyn,static,lightgbm,10,10,257,1,1,0.5088036837980723
aeeem_mylyn,static,lightgbm,10,10,277,0,0,0.029078672264618754
aeeem_mylyn,static,lightgbm,10,10,294,0,0,0.0160907440499913
aeeem_mylyn,static,lightgbm,10,10,301,0,0,0.009941152893381548
aeeem_mylyn,static,lightgbm,10,10,308,0,0,0.08248986037931376
aeeem_mylyn,static,lightgbm,10,10,327,0,1,0.6625150381157184
aeeem_mylyn,static,lightgbm,10,10,348,0,0,0.003303888293164716
aeeem_mylyn,static,lightgbm,10,10,350,0,0,0.047181536626330664
aeeem_mylyn,static,lightgbm,10,10,360,0,0,0.30929935293050737
aeeem_mylyn,static,lightgbm,10,10,368,0,0,0.09573316704318345
aeeem_mylyn,static,lightgbm,10,10,372,0,0,0.019407373767074996
aeeem_mylyn,static,lightgbm,10,10,380,1,0,0.05824041709249445
aeeem_mylyn,static,lightgbm,10,10,382,0,0,0.03731423937684946
aeeem_mylyn,static,lightgbm,10,10,400,0,0,0.057189403313763564
aeeem_mylyn,static,lightgbm,10,10,406,0,0,0.015780185316091145
aeeem_mylyn,static,lightgbm,10,10,414,0,0,0.34599919422800657
aeeem_mylyn,static,lightgbm,10,10,422,0,0,0.007394647659848085
aeeem_mylyn,static,lightgbm,10,10,426,0,0,0.06217351865887395
aeeem_mylyn,static,lightgbm,10,10,434,0,0,0.12252052497444973
aeeem_mylyn,static,lightgbm,10,10,443,0,0,0.28893676876295443
aeeem_mylyn,static,lightgbm,10,10,458,0,0,0.046907669512358266
aeeem_mylyn,static,lightgbm,10,10,463,0,0,0.002103585181442872
aeeem_mylyn,static,lightgbm,10,10,465,1,1,0.6468079598151688
aeeem_mylyn,static,lightgbm,10,10,467,0,0,0.11045285820745136
aeeem_mylyn,static,lightgbm,10,10,471,0,0,0.0009535434228431996
aeeem_mylyn,static,lightgbm,10,10,482,0,1,0.8353163724817763
aeeem_mylyn,static,lightgbm,10,10,483,0,0,0.2090789039323304
aeeem_mylyn,static,lightgbm,10,10,489,0,0,0.011544358502946295
aeeem_mylyn,static,lightgbm,10,10,493,0,0,0.0053411992537540556
aeeem_mylyn,static,lightgbm,10,10,516,1,0,0.10991124904013204
aeeem_mylyn,static,lightgbm,10,10,521,1,1,0.6791031365796484
aeeem_mylyn,static,lightgbm,10,10,527,1,1,0.6919865740620595
aeeem_mylyn,static,lightgbm,10,10,553,0,1,0.5146461279953752
aeeem_mylyn,static,lightgbm,10,10,568,0,0,0.223404623929021
aeeem_mylyn,static,lightgbm,10,10,582,0,0,0.04387258546812792
aeeem_mylyn,static,lightgbm,10,10,586,0,0,0.05202327788354081
aeeem_mylyn,static,lightgbm,10,10,598,0,0,0.16040075701151033
aeeem_mylyn,static,lightgbm,10,10,613,0,0,0.0879236382370433
aeeem_mylyn,static,lightgbm,10,10,624,0,0,0.020653717891745315
aeeem_mylyn,static,lightgbm,10,10,637,0,1,0.6107187865117247
aeeem_mylyn,static,lightgbm,10,10,643,1,0,0.23491938256586115
aeeem_mylyn,static,lightgbm,10,10,659,0,0,0.060339474085830805
aeeem_mylyn,static,lightgbm,10,10,661,0,0,0.08463526485826536
aeeem_mylyn,static,lightgbm,10,10,663,0,0,0.29813518889165397
aeeem_mylyn,static,lightgbm,10,10,674,0,0,0.02066121978246751
aeeem_mylyn,static,lightgbm,10,10,700,0,0,0.23491938256586115
aeeem_mylyn,static,lightgbm,10,10,705,0,0,0.12925522813234053
aeeem_mylyn,static,lightgbm,10,10,710,0,0,0.010158448349886417
aeeem_mylyn,static,lightgbm,10,10,715,0,0,0.0114969279300444
aeeem_mylyn,static,lightgbm,10,10,717,0,0,0.43990665924729244
aeeem_mylyn,static,lightgbm,10,10,723,0,0,0.4217282430843537
aeeem_mylyn,static,lightgbm,10,10,729,0,0,0.42040362333634784
aeeem_mylyn,static,lightgbm,10,10,752,0,0,0.2957286862159378
aeeem_mylyn,static,lightgbm,10,10,762,0,0,0.03605637617311304
aeeem_mylyn,static,lightgbm,10,10,787,0,0,0.2641024874123332
aeeem_mylyn,static,lightgbm,10,10,795,0,1,0.9710050547342732
aeeem_mylyn,static,lightgbm,10,10,797,0,0,0.07310194550199657
aeeem_mylyn,static,lightgbm,10,10,800,0,0,0.3936423077892794
aeeem_mylyn,static,lightgbm,10,10,811,1,0,0.42746200317092303
aeeem_mylyn,static,lightgbm,10,10,841,0,0,0.0032017496150191236
aeeem_mylyn,static,lightgbm,10,10,843,0,0,0.023381850965209183
aeeem_mylyn,static,lightgbm,10,10,844,1,0,0.02914514533327976
aeeem_mylyn,static,lightgbm,10,10,848,0,0,0.025207143159315826
aeeem_mylyn,static,lightgbm,10,10,851,0,0,0.049371168101687714
aeeem_mylyn,static,lightgbm,10,10,866,0,0,0.005261759066948551
aeeem_mylyn,static,lightgbm,10,10,874,0,0,0.37719943930060795
aeeem_mylyn,static,lightgbm,10,10,902,0,0,0.0038853884932848067
aeeem_mylyn,static,lightgbm,10,10,922,0,0,0.014619298036603357
aeeem_mylyn,static,lightgbm,10,10,950,0,0,0.30929935293050737
aeeem_mylyn,static,lightgbm,10,10,972,0,0,0.4194232169318759
aeeem_mylyn,static,lightgbm,10,10,978,0,0,0.003371269884964158
aeeem_mylyn,static,lightgbm,10,10,990,0,1,0.8149628833527196
aeeem_mylyn,static,lightgbm,10,10,992,0,0,0.04044533922203038
aeeem_mylyn,static,lightgbm,10,10,1007,0,0,0.22476803951008623
aeeem_mylyn,static,lightgbm,10,10,1031,1,0,0.27269756975269044
aeeem_mylyn,static,lightgbm,10,10,1045,0,0,0.05589643658366527
aeeem_mylyn,static,lightgbm,10,10,1076,0,0,0.019608070463953457
aeeem_mylyn,static,lightgbm,10,10,1084,0,0,0.006580958976376847
aeeem_mylyn,static,lightgbm,10,10,1106,0,0,0.05672122076060885
aeeem_mylyn,static,lightgbm,10,10,1107,1,0,0.2909384594370993
aeeem_mylyn,static,lightgbm,10,10,1114,0,0,0.004731518902355229
aeeem_mylyn,static,lightgbm,10,10,1119,0,0,0.012816029633436254
aeeem_mylyn,static,lightgbm,10,10,1121,0,0,0.10280513931435599
aeeem_mylyn,static,lightgbm,10,10,1125,0,0,0.0074025127530171955
aeeem_mylyn,static,lightgbm,10,10,1129,1,0,0.26020821544863004
aeeem_mylyn,static,lightgbm,10,10,1157,0,1,0.9302171391783747
aeeem_mylyn,static,lightgbm,10,10,1173,0,1,0.9197756095296257
aeeem_mylyn,static,lightgbm,10,10,1177,0,0,0.0022231228726256155
aeeem_mylyn,static,lightgbm,10,10,1181,0,0,0.05300987483844275
aeeem_mylyn,static,lightgbm,10,10,1191,0,0,0.020623141418244638
aeeem_mylyn,static,lightgbm,10,10,1200,0,0,0.08640185646006099
aeeem_mylyn,static,lightgbm,10,10,1205,0,0,0.03863770400355064
aeeem_mylyn,static,lightgbm,10,10,1206,1,1,0.9180610344235911
aeeem_mylyn,static,lightgbm,10,10,1211,0,0,0.2724997608006505
aeeem_mylyn,static,lightgbm,10,10,1219,1,0,0.13974242910288706
aeeem_mylyn,static,lightgbm,10,10,1249,0,0,0.03624118198928292
aeeem_mylyn,static,lightgbm,10,10,1255,0,1,0.9180610344235911
aeeem_mylyn,static,lightgbm,10,10,1260,0,0,0.011099329251845891
aeeem_mylyn,static,lightgbm,10,10,1269,1,1,0.609792197583232
aeeem_mylyn,static,lightgbm,10,10,1272,0,0,0.006335287511539272
aeeem_mylyn,static,lightgbm,10,10,1280,0,0,0.026538363065036735
aeeem_mylyn,static,lightgbm,10,10,1284,0,0,0.05123204505095635
aeeem_mylyn,static,lightgbm,10,10,1290,0,0,0.05206657836874068
aeeem_mylyn,static,lightgbm,10,10,1299,0,0,0.31978907986084115
aeeem_mylyn,static,lightgbm,10,10,1307,0,1,0.7497867792972085
aeeem_mylyn,static,lightgbm,10,10,1316,0,0,0.10961571276677716
aeeem_mylyn,static,lightgbm,10,10,1326,0,0,0.14627554750274996
aeeem_mylyn,static,lightgbm,10,10,1329,0,0,0.026696058376348877
aeeem_mylyn,static,lightgbm,10,10,1331,1,0,0.18876660115433172
aeeem_mylyn,static,lightgbm,10,10,1344,0,0,0.02048355016942348
aeeem_mylyn,static,lightgbm,10,10,1370,0,0,0.1967692690868691
aeeem_mylyn,static,lightgbm,10,10,1388,0,0,0.4349468489128084
aeeem_mylyn,static,lightgbm,10,10,1394,0,0,0.021909190756236017
aeeem_mylyn,static,lightgbm,10,10,1412,1,0,0.009503412030171339
aeeem_mylyn,static,lightgbm,10,10,1428,0,0,0.005662212330924676
aeeem_mylyn,static,lightgbm,10,10,1447,0,0,0.2822566776929776
aeeem_mylyn,static,lightgbm,10,10,1450,0,0,0.03607812082623389
aeeem_mylyn,static,lightgbm,10,10,1453,0,0,0.04325288904328987
aeeem_mylyn,static,lightgbm,10,10,1457,0,0,0.21965507994862304
aeeem_mylyn,static,lightgbm,10,10,1481,0,0,0.0023930949478093463
aeeem_mylyn,static,lightgbm,10,10,1491,0,0,0.007310257897951326
aeeem_mylyn,static,lightgbm,10,10,1500,0,0,0.006911424902254179
aeeem_mylyn,static,lightgbm,10,10,1508,0,0,0.06985820609825376
aeeem_mylyn,static,lightgbm,10,10,1510,0,0,0.012816029633436254
aeeem_mylyn,static,lightgbm,10,10,1519,0,0,0.017959778920472125
aeeem_mylyn,static,lightgbm,10,10,1529,0,0,0.0034302920208242327
aeeem_mylyn,static,lightgbm,10,10,1536,0,0,0.2971113740996413
aeeem_mylyn,static,lightgbm,10,10,1541,0,1,0.6737838529366058
aeeem_mylyn,static,lightgbm,10,10,1544,0,0,0.0038090169075073567
aeeem_mylyn,static,lightgbm,10,10,1558,0,1,0.8017521238644042
aeeem_mylyn,static,lightgbm,10,10,1561,1,0,0.23974263365802587
aeeem_mylyn,static,lightgbm,10,10,1569,0,0,0.09795750520686626
aeeem_mylyn,static,lightgbm,10,10,1570,0,0,0.009762375152287658
aeeem_mylyn,static,lightgbm,10,10,1575,0,0,0.0038201365894617095
aeeem_mylyn,static,lightgbm,10,10,1579,0,0,0.020066318640770592
aeeem_mylyn,static,lightgbm,10,10,1582,0,0,0.010174400838387809
aeeem_mylyn,static,lightgbm,10,10,1599,0,0,0.00226874034152775
aeeem_mylyn,static,lightgbm,10,10,1606,0,0,0.1558892956923939
aeeem_mylyn,static,lightgbm,10,10,1607,0,0,0.19156600785725544
aeeem_mylyn,static,lightgbm,10,10,1617,0,0,0.014482765595266489
aeeem_mylyn,static,lightgbm,10,10,1623,0,0,0.3602744746570434
aeeem_mylyn,static,lightgbm,10,10,1631,0,0,0.45042125407767863
aeeem_mylyn,static,lightgbm,10,10,1648,0,0,0.007529586621177708
aeeem_mylyn,static,lightgbm,10,10,1653,0,0,0.009996219639642761
aeeem_mylyn,static,lightgbm,10,10,1654,0,0,0.02803131180306324
aeeem_mylyn,static,lightgbm,10,10,1673,0,0,0.004119620250798164
aeeem_mylyn,static,lightgbm,10,10,1675,1,0,0.023026756854848864
aeeem_mylyn,static,lightgbm,10,10,1694,0,0,0.008881496330161599
aeeem_mylyn,static,lightgbm,10,10,1714,1,0,0.4054258316800242
aeeem_mylyn,static,lightgbm,10,10,1727,0,1,0.7957723720806035
aeeem_mylyn,static,lightgbm,10,10,1750,0,0,0.04383228736900497
aeeem_mylyn,static,lightgbm,10,10,1752,0,0,0.039636806306898364
aeeem_mylyn,static,lightgbm,10,10,1763,0,0,0.010174400838387809
aeeem_mylyn,static,lightgbm,10,10,1777,0,0,0.035892397283200976
aeeem_mylyn,static,lightgbm,10,10,1778,0,0,0.04482604239412544
aeeem_mylyn,static,lightgbm,10,10,1801,0,0,0.2404709683582827
aeeem_mylyn,static,lightgbm,10,10,1803,0,0,0.0036915223783757813
aeeem_mylyn,static,lightgbm,10,10,1806,1,1,0.7476203665799008
aeeem_mylyn,static,lightgbm,10,10,1809,0,0,0.26707169678264536
aeeem_mylyn,static,lightgbm,10,10,1815,0,0,0.003146725071205061
aeeem_mylyn,static,lightgbm,10,10,1834,1,0,0.47462258549243697
aeeem_mylyn,static,lightgbm,10,10,1837,0,0,0.025478006251832008
aeeem_mylyn,static,lightgbm,10,10,1841,1,0,0.02658294627504377
aeeem_mylyn,static,lightgbm,10,10,1847,0,0,0.04587904194253894
aeeem_mylyn,static,lightgbm,10,10,1860,0,0,0.12044498363031997
