dataset,feature_set,model,cv_folds,fold,row_index,y_true,y_pred,y_score
aeeem_mylyn,hybrid,logistic_regression,5,1,0,0,0,0.43220601946892834
aeeem_mylyn,hybrid,logistic_regression,5,1,9,0,0,0.08757040812485892
aeeem_mylyn,hybrid,logistic_regression,5,1,13,0,0,0.008780893902893836
aeeem_mylyn,hybrid,logistic_regression,5,1,17,0,1,0.5425307997646052
aeeem_mylyn,hybrid,logistic_regression,5,1,19,0,0,0.06315351356183413
aeeem_mylyn,hybrid,logistic_regression,5,1,20,0,0,0.09835199945201338
aeeem_mylyn,hybrid,logistic_regression,5,1,21,0,1,0.7635555821042466
aeeem_mylyn,hybrid,logistic_regression,5,1,22,0,1,0.8663921818085117
aeeem_mylyn,hybrid,logistic_regression,5,1,28,0,0,0.007004401170041831
aeeem_mylyn,hybrid,logistic_regression,5,1,32,0,0,0.11294918202643031
aeeem_mylyn,hybrid,logistic_regression,5,1,35,0,0,0.0960100988906958
aeeem_mylyn,hybrid,logistic_regression,5,1,36,0,1,0.6219414260331708
aeeem_mylyn,hybrid,logistic_regression,5,1,51,1,1,0.8491013703360419
aeeem_mylyn,hybrid,logistic_regression,5,1,52,0,0,0.14943702231650838
aeeem_mylyn,hybrid,logistic_regression,5,1,53,0,0,0.062123894385111435
aeeem_mylyn,hybrid,logistic_regression,5,1,54,0,0,0.24356694314227345
aeeem_mylyn,hybrid,logistic_regression,5,1,62,0,0,0.09472493027056074
aeeem_mylyn,hybrid,logistic_regression,5,1,69,0,0,0.12586270317113943
aeeem_mylyn,hybrid,logistic_regression,5,1,76,0,0,0.07924672966255346
aeeem_mylyn,hybrid,logistic_regression,5,1,78,0,0,0.07463253004594067
aeeem_mylyn,hybrid,logistic_regression,5,1,81,0,0,0.35825806571406654
aeeem_mylyn,hybrid,logistic_regression,5,1,90,0,0,0.12631269932133213
aeeem_mylyn,hybrid,logistic_regression,5,1,91,0,0,0.4375634720223662
aeeem_mylyn,hybrid,logistic_regression,5,1,94,0,0,0.30031122159384693
aeeem_mylyn,hybrid,logistic_regression,5,1,107,0,1,0.5705181688870865
aeeem_mylyn,hybrid,logistic_regression,5,1,114,1,1,0.6495840920804785
aeeem_mylyn,hybrid,logistic_regression,5,1,116,0,0,0.0070123126028741245
aeeem_mylyn,hybrid,logistic_regression,5,1,129,1,1,0.7560518624061847
aeeem_mylyn,hybrid,logistic_regression,5,1,134,1,1,0.5705181688870865
aeeem_mylyn,hybrid,logistic_regression,5,1,140,0,0,0.21775577618496197
aeeem_mylyn,hybrid,logistic_regression,5,1,141,0,0,0.2570134829965943
aeeem_mylyn,hybrid,logistic_regression,5,1,144,0,1,0.5502711062220819
aeeem_mylyn,hybrid,logistic_regression,5,1,151,0,1,0.772064417827366
aeeem_mylyn,hybrid,logistic_regression,5,1,152,0,0,0.29632300905514264
aeeem_mylyn,hybrid,logistic_regression,5,1,153,0,0,0.33098416363713346
aeeem_mylyn,hybrid,logistic_regression,5,1,154,0,0,0.27111991331910973
aeeem_mylyn,hybrid,logistic_regression,5,1,160,0,0,0.15706199881491734
aeeem_mylyn,hybrid,logistic_regression,5,1,162,0,0,0.25040366858908836
aeeem_mylyn,hybrid,logistic_regression,5,1,167,0,0,0.0005415655858651924
aeeem_mylyn,hybrid,logistic_regression,5,1,170,0,0,0.46077345024197697
aeeem_mylyn,hybrid,logistic_regression,5,1,174,0,0,0.47899607740476124
aeeem_mylyn,hybrid,logistic_regression,5,1,176,0,1,0.6677599973125573
aeeem_mylyn,hybrid,logistic_regression,5,1,186,1,0,0.14239284801744778
aeeem_mylyn,hybrid,logistic_regression,5,1,187,0,0,0.06602525530322806
aeeem_mylyn,hybrid,logistic_regression,5,1,201,0,0,0.00014852511836109528
aeeem_mylyn,hybrid,logistic_regression,5,1,219,0,0,0.09160047556106114
aeeem_mylyn,hybrid,logistic_regression,5,1,223,0,0,0.15111198522319522
aeeem_mylyn,hybrid,logistic_regression,5,1,225,0,0,0.1317737275589472
aeeem_mylyn,hybrid,logistic_regression,5,1,228,0,1,0.5879174284334461
aeeem_mylyn,hybrid,logistic_regression,5,1,235,0,0,0.28013199787738263
aeeem_mylyn,hybrid,logistic_regression,5,1,241,0,0,0.002339660238894647
aeeem_mylyn,hybrid,logistic_regression,5,1,245,0,0,0.2264113668166418
aeeem_mylyn,hybrid,logistic_regression,5,1,247,1,1,0.747579879824383
aeeem_mylyn,hybrid,logistic_regression,5,1,251,0,0,0.007120208048987379
aeeem_mylyn,hybrid,logistic_regression,5,1,252,1,1,0.5701136011042505
aeeem_mylyn,hybrid,logistic_regression,5,1,261,1,1,0.7617556319905263
aeeem_mylyn,hybrid,logistic_regression,5,1,262,0,0,0.0017717805495094606
aeeem_mylyn,hybrid,logistic_regression,5,1,263,0,0,0.11426762596917657
aeeem_mylyn,hybrid,logistic_regression,5,1,266,1,1,0.7632840400575951
aeeem_mylyn,hybrid,logistic_regression,5,1,279,0,1,0.7088264815609457
aeeem_mylyn,hybrid,logistic_regression,5,1,283,0,0,0.13167969102335678
aeeem_mylyn,hybrid,logistic_regression,5,1,295,0,0,0.12164254367409716
aeeem_mylyn,hybrid,logistic_regression,5,1,296,0,0,0.02279449960003378
aeeem_mylyn,hybrid,logistic_regression,5,1,297,0,0,0.47952769168847603
aeeem_mylyn,hybrid,logistic_regression,5,1,298,0,1,0.5016520580371299
aeeem_mylyn,hybrid,logistic_regression,5,1,300,0,0,0.18074914893270125
aeeem_mylyn,hybrid,logistic_regression,5,1,302,0,0,0.0033596311302339105
aeeem_mylyn,hybrid,logistic_regression,5,1,311,0,0,0.13044407981436276
aeeem_mylyn,hybrid,logistic_regression,5,1,335,0,0,0.13371991828376953
aeeem_mylyn,hybrid,logistic_regression,5,1,341,0,0,0.3839178557718607
aeeem_mylyn,hybrid,logistic_regression,5,1,343,1,1,0.7725481074168692
aeeem_mylyn,hybrid,logistic_regression,5,1,345,0,0,0.47842765116566494
aeeem_mylyn,hybrid,logistic_regression,5,1,351,0,0,0.07396470278860454
aeeem_mylyn,hybrid,logistic_regression,5,1,352,0,0,0.062679665372576
aeeem_mylyn,hybrid,logistic_regression,5,1,354,0,0,0.00499552810559489
aeeem_mylyn,hybrid,logistic_regression,5,1,365,0,0,0.0058566977405313525
aeeem_mylyn,hybrid,logistic_regression,5,1,367,0,1,0.6314738106901987
aeeem_mylyn,hybrid,logistic_regression,5,1,375,1,1,0.9961545251361349
aeeem_mylyn,hybrid,logistic_regression,5,1,393,0,0,0.0044409042996392195
aeeem_mylyn,hybrid,logistic_regression,5,1,397,0,0,0.16074841931414346
aeeem_mylyn,hybrid,logistic_regression,5,1,403,0,0,0.14039016779109276
aeeem_mylyn,hybrid,logistic_regression,5,1,407,0,0,0.3819094809787973
aeeem_mylyn,hybrid,logistic_regression,5,1,421,0,0,0.002458919105065424
aeeem_mylyn,hybrid,logistic_regression,5,1,423,1,1,0.5499374218616851
aeeem_mylyn,hybrid,logistic_regression,5,1,427,0,0,0.21975952046333347
aeeem_mylyn,hybrid,logistic_regression,5,1,429,0,0,0.05547995701891523
aeeem_mylyn,hybrid,logistic_regression,5,1,432,0,0,0.11526845857426435
aeeem_mylyn,hybrid,logistic_regression,5,1,438,0,0,0.4790058866084265
aeeem_mylyn,hybrid,logistic_regression,5,1,441,1,0,0.17257759498638753
aeeem_mylyn,hybrid,logistic_regression,5,1,448,0,0,0.06525993249263654
aeeem_mylyn,hybrid,logistic_regression,5,1,469,1,0,0.4557415348850918
aeeem_mylyn,hybrid,logistic_regression,5,1,474,0,0,0.009763617237763776
aeeem_mylyn,hybrid,logistic_regression,5,1,476,0,0,0.0783886040513093
aeeem_mylyn,hybrid,logistic_regression,5,1,486,1,1,0.672684228824849
aeeem_mylyn,hybrid,logistic_regression,5,1,487,0,0,0.3244409200947762
aeeem_mylyn,hybrid,logistic_regression,5,1,491,0,0,0.07241098462526346
aeeem_mylyn,hybrid,logistic_regression,5,1,492,0,0,0.1373996719290369
aeeem_mylyn,hybrid,logistic_regression,5,1,496,0,1,0.6138485801688182
aeeem_mylyn,hybrid,logistic_regression,5,1,505,0,1,0.5705181688870865
aeeem_mylyn,hybrid,logistic_regression,5,1,506,0,0,0.41017463946754934
aeeem_mylyn,hybrid,logistic_regression,5,1,509,0,0,0.04497000382083143
aeeem_mylyn,hybrid,logistic_regression,5,1,515,0,1,0.7821219089301014
aeeem_mylyn,hybrid,logistic_regression,5,1,520,0,0,0.3183893146270426
aeeem_mylyn,hybrid,logistic_regression,5,1,526,0,0,0.27532689997057197
aeeem_mylyn,hybrid,logistic_regression,5,1,530,0,0,0.4649931690800372
aeeem_mylyn,hybrid,logistic_regression,5,1,534,0,0,0.30947527878787445
aeeem_mylyn,hybrid,logistic_regression,5,1,542,0,0,0.05985847172244266
aeeem_mylyn,hybrid,logistic_regression,5,1,548,0,0,0.007531825341015993
aeeem_mylyn,hybrid,logistic_regression,5,1,551,0,0,0.24220503538990706
aeeem_mylyn,hybrid,logistic_regression,5,1,555,0,0,0.09720795538979837
aeeem_mylyn,hybrid,logistic_regression,5,1,560,0,0,0.46425835098513607
aeeem_mylyn,hybrid,logistic_regression,5,1,570,0,0,0.27255212598623135
aeeem_mylyn,hybrid,logistic_regression,5,1,593,0,0,0.024700023270647846
aeeem_mylyn,hybrid,logistic_regression,5,1,595,1,1,0.6930812674353604
aeeem_mylyn,hybrid,logistic_regression,5,1,596,0,1,0.5845569376190586
aeeem_mylyn,hybrid,logistic_regression,5,1,599,1,0,0.14672289126557017
aeeem_mylyn,hybrid,logistic_regression,5,1,603,0,0,0.26680075624270283
aeeem_mylyn,hybrid,logistic_regression,5,1,608,0,0,0.060808962152374364
aeeem_mylyn,hybrid,logistic_regression,5,1,614,0,0,0.16566892153040014
aeeem_mylyn,hybrid,logistic_regression,5,1,622,0,0,0.36944859638939526
aeeem_mylyn,hybrid,logistic_regression,5,1,628,0,0,0.059070542787110006
aeeem_mylyn,hybrid,logistic_regression,5,1,629,0,0,0.10257382861362072
aeeem_mylyn,hybrid,logistic_regression,5,1,640,0,0,0.392783589092135
aeeem_mylyn,hybrid,logistic_regression,5,1,642,0,0,0.4674359295452119
aeeem_mylyn,hybrid,logistic_regression,5,1,644,0,0,0.026442499250594255
aeeem_mylyn,hybrid,logistic_regression,5,1,647,0,0,0.14623637767557504
aeeem_mylyn,hybrid,logistic_regression,5,1,648,0,0,0.01735209305709448
aeeem_mylyn,hybrid,logistic_regression,5,1,652,1,0,0.3911670880644468
aeeem_mylyn,hybrid,logistic_regression,5,1,658,0,0,0.11159195031135588
aeeem_mylyn,hybrid,logistic_regression,5,1,662,0,0,0.057519978601597514
aeeem_mylyn,hybrid,logistic_regression,5,1,666,0,1,0.6946382279002877
aeeem_mylyn,hybrid,logistic_regression,5,1,670,0,0,0.006243698458822391
aeeem_mylyn,hybrid,logistic_regression,5,1,679,0,0,0.12920629861949215
aeeem_mylyn,hybrid,logistic_regression,5,1,689,1,1,0.9072817327498722
aeeem_mylyn,hybrid,logistic_regression,5,1,694,0,0,0.09673857323101219
aeeem_mylyn,hybrid,logistic_regression,5,1,698,0,0,0.39942636033881507
aeeem_mylyn,hybrid,logistic_regression,5,1,699,0,0,0.12782417070655278
aeeem_mylyn,hybrid,logistic_regression,5,1,701,0,1,0.5058802383456584
aeeem_mylyn,hybrid,logistic_regression,5,1,706,1,1,0.5573790245633632
aeeem_mylyn,hybrid,logistic_regression,5,1,708,0,0,0.05493090061587799
aeeem_mylyn,hybrid,logistic_regression,5,1,709,0,0,0.37405412207811556
aeeem_mylyn,hybrid,logistic_regression,5,1,734,0,0,0.34614777552947895
aeeem_mylyn,hybrid,logistic_regression,5,1,737,0,1,0.6976761306009474
aeeem_mylyn,hybrid,logistic_regression,5,1,738,0,1,0.5136032371396011
aeeem_mylyn,hybrid,logistic_regression,5,1,739,0,1,0.8549492967278529
aeeem_mylyn,hybrid,logistic_regression,5,1,740,0,1,0.5881993611869497
aeeem_mylyn,hybrid,logistic_regression,5,1,744,0,1,0.6519998946038669
aeeem_mylyn,hybrid,logistic_regression,5,1,750,0,0,0.4230968004377625
aeeem_mylyn,hybrid,logistic_regression,5,1,753,0,1,0.8910997902243838
aeeem_mylyn,hybrid,logistic_regression,5,1,758,0,0,0.088333704075889
aeeem_mylyn,hybrid,logistic_regression,5,1,763,0,0,0.4900012916980622
aeeem_mylyn,hybrid,logistic_regression,5,1,766,1,0,0.019266981314081486
aeeem_mylyn,hybrid,logistic_regression,5,1,772,0,0,0.02456574235747798
aeeem_mylyn,hybrid,logistic_regression,5,1,775,0,1,0.7304278349779465
aeeem_mylyn,hybrid,logistic_regression,5,1,776,0,0,0.20882544714701592
aeeem_mylyn,hybrid,logistic_regression,5,1,777,0,0,0.28630203477470484
aeeem_mylyn,hybrid,logistic_regression,5,1,780,0,1,0.8942287155892028
aeeem_mylyn,hybrid,logistic_regression,5,1,782,0,0,0.004552117701868927
aeeem_mylyn,hybrid,logistic_regression,5,1,783,0,0,0.026442499250594255
aeeem_mylyn,hybrid,logistic_regression,5,1,802,0,0,0.06483180446369366
aeeem_mylyn,hybrid,logistic_regression,5,1,804,0,0,0.004443503640707472
aeeem_mylyn,hybrid,logistic_regression,5,1,818,0,0,0.10198612411845907
aeeem_mylyn,hybrid,logistic_regression,5,1,826,0,0,0.05581713284941347
aeeem_mylyn,hybrid,logistic_regression,5,1,829,0,1,0.5046727535086557
aeeem_mylyn,hybrid,logistic_regression,5,1,831,0,0,0.24172370242080382
aeeem_mylyn,hybrid,logistic_regression,5,1,840,0,1,0.5861115883024315
aeeem_mylyn,hybrid,logistic_regression,5,1,842,0,0,0.10236670716564478
aeeem_mylyn,hybrid,logistic_regression,5,1,854,0,1,0.5038102479286206
aeeem_mylyn,hybrid,logistic_regression,5,1,856,1,1,0.5284550379671109
aeeem_mylyn,hybrid,logistic_regression,5,1,859,0,0,0.18763363325601393
aeeem_mylyn,hybrid,logistic_regression,5,1,860,0,1,0.956750221065762
aeeem_mylyn,hybrid,logistic_regression,5,1,861,0,0,0.3012381903241021
aeeem_mylyn,hybrid,logistic_regression,5,1,867,0,1,0.7054083332229962
aeeem_mylyn,hybrid,logistic_regression,5,1,870,0,0,0.13405093358655656
aeeem_mylyn,hybrid,logistic_regression,5,1,877,1,0,0.3842972343864286
aeeem_mylyn,hybrid,logistic_regression,5,1,885,0,0,0.22457678583430923
aeeem_mylyn,hybrid,logistic_regression,5,1,886,0,0,0.12170430963588422
aeeem_mylyn,hybrid,logistic_regression,5,1,889,0,1,0.567956774243961
aeeem_mylyn,hybrid,logistic_regression,5,1,890,0,0,0.05715601432427614
aeeem_mylyn,hybrid,logistic_regression,5,1,892,0,0,0.1485220920769348
aeeem_mylyn,hybrid,logistic_regression,5,1,894,1,0,0.15955236642532697
aeeem_mylyn,hybrid,logistic_regression,5,1,895,0,0,0.004078765313713343
aeeem_mylyn,hybrid,logistic_regression,5,1,896,0,0,0.32064661090601354
aeeem_mylyn,hybrid,logistic_regression,5,1,900,0,1,0.6746982075252657
aeeem_mylyn,hybrid,logistic_regression,5,1,904,0,0,0.2288571684794975
aeeem_mylyn,hybrid,logistic_regression,5,1,914,1,1,0.7806755986993512
aeeem_mylyn,hybrid,logistic_regression,5,1,921,0,0,0.18306531367985077
aeeem_mylyn,hybrid,logistic_regression,5,1,923,0,0,0.05521389359292909
aeeem_mylyn,hybrid,logistic_regression,5,1,926,0,0,0.12970700586890838
aeeem_mylyn,hybrid,logistic_regression,5,1,927,0,1,0.9036389163752111
aeeem_mylyn,hybrid,logistic_regression,5,1,934,0,0,0.3397207936344142
aeeem_mylyn,hybrid,logistic_regression,5,1,938,0,0,0.42403797488107947
aeeem_mylyn,hybrid,logistic_regression,5,1,940,0,0,0.00486142222511323
aeeem_mylyn,hybrid,logistic_regression,5,1,942,0,0,0.009115354753834373
aeeem_mylyn,hybrid,logistic_regression,5,1,943,0,0,0.07630396669055324
aeeem_mylyn,hybrid,logistic_regression,5,1,945,0,0,0.0779194150571118
aeeem_mylyn,hybrid,logistic_regression,5,1,948,0,0,0.008639135180452829
aeeem_mylyn,hybrid,logistic_regression,5,1,957,0,0,0.07304679806774154
aeeem_mylyn,hybrid,logistic_regression,5,1,958,0,0,0.11093062576426321
aeeem_mylyn,hybrid,logistic_regression,5,1,960,0,0,0.40991170495930385
aeeem_mylyn,hybrid,logistic_regression,5,1,961,0,0,0.21534631323304423
aeeem_mylyn,hybrid,logistic_regression,5,1,963,0,0,0.03806219935219908
aeeem_mylyn,hybrid,logistic_regression,5,1,968,0,0,0.4664619207928406
aeeem_mylyn,hybrid,logistic_regression,5,1,969,0,0,0.08264697963576255
aeeem_mylyn,hybrid,logistic_regression,5,1,970,0,0,0.36262993146558264
aeeem_mylyn,hybrid,logistic_regression,5,1,976,0,1,0.549515747949952
aeeem_mylyn,hybrid,logistic_regression,5,1,986,0,0,0.13172645503827984
aeeem_mylyn,hybrid,logistic_regression,5,1,988,0,0,0.4265795790610339
aeeem_mylyn,hybrid,logistic_regression,5,1,993,0,0,0.1978074553429246
aeeem_mylyn,hybrid,logistic_regression,5,1,1006,0,0,0.21088673263384874
aeeem_mylyn,hybrid,logistic_regression,5,1,1008,0,0,0.08851927222184079
aeeem_mylyn,hybrid,logistic_regression,5,1,1009,0,0,0.0648391075452052
aeeem_mylyn,hybrid,logistic_regression,5,1,1011,0,0,0.11596785051741039
aeeem_mylyn,hybrid,logistic_regression,5,1,1012,1,1,0.9906271432357397
aeeem_mylyn,hybrid,logistic_regression,5,1,1016,0,1,0.644072913532784
aeeem_mylyn,hybrid,logistic_regression,5,1,1019,0,0,0.01815326836414043
aeeem_mylyn,hybrid,logistic_regression,5,1,1020,0,1,0.7627597257658367
aeeem_mylyn,hybrid,logistic_regression,5,1,1022,0,1,0.5723570927670172
aeeem_mylyn,hybrid,logistic_regression,5,1,1034,0,0,0.040175951268935736
aeeem_mylyn,hybrid,logistic_regression,5,1,1037,0,0,0.19394468601593265
aeeem_mylyn,hybrid,logistic_regression,5,1,1038,0,1,0.5995128243509315
aeeem_mylyn,hybrid,logistic_regression,5,1,1040,0,0,0.041769532641343546
aeeem_mylyn,hybrid,logistic_regression,5,1,1060,0,1,0.7668168688298413
aeeem_mylyn,hybrid,logistic_regression,5,1,1068,0,0,0.1732154408753206
aeeem_mylyn,hybrid,logistic_regression,5,1,1069,0,1,0.7229710023610012
aeeem_mylyn,hybrid,logistic_regression,5,1,1073,0,0,0.25744518748018197
aeeem_mylyn,hybrid,logistic_regression,5,1,1074,0,0,0.016997507914051156
aeeem_mylyn,hybrid,logistic_regression,5,1,1075,0,0,0.18109235426789191
aeeem_mylyn,hybrid,logistic_regression,5,1,1077,1,1,0.689843358007026
aeeem_mylyn,hybrid,logistic_regression,5,1,1080,0,0,0.0002979537133441439
aeeem_mylyn,hybrid,logistic_regression,5,1,1083,0,0,0.487012727748574
aeeem_mylyn,hybrid,logistic_regression,5,1,1087,0,0,6.255035415403471e-05
aeeem_mylyn,hybrid,logistic_regression,5,1,1092,0,0,0.016673880853310424
aeeem_mylyn,hybrid,logistic_regression,5,1,1108,0,1,0.6282683918394275
aeeem_mylyn,hybrid,logistic_regression,5,1,1118,0,0,0.15865928154348416
aeeem_mylyn,hybrid,logistic_regression,5,1,1126,0,0,0.3054962526637871
aeeem_mylyn,hybrid,logistic_regression,5,1,1145,0,0,0.2345556145145549
aeeem_mylyn,hybrid,logistic_regression,5,1,1152,0,0,0.2533870116306829
aeeem_mylyn,hybrid,logistic_regression,5,1,1155,0,1,0.7094986464429207
aeeem_mylyn,hybrid,logistic_regression,5,1,1163,0,0,0.041963109280806175
aeeem_mylyn,hybrid,logistic_regression,5,1,1165,0,0,5.7039272485993866e-05
aeeem_mylyn,hybrid,logistic_regression,5,1,1168,0,0,0.005518862340980093
aeeem_mylyn,hybrid,logistic_regression,5,1,1170,0,0,0.02167302367387866
aeeem_mylyn,hybrid,logistic_regression,5,1,1171,0,0,0.4200075893881034
aeeem_mylyn,hybrid,logistic_regression,5,1,1178,0,0,0.09299680202685744
aeeem_mylyn,hybrid,logistic_regression,5,1,1179,0,0,0.4086269905336328
aeeem_mylyn,hybrid,logistic_regression,5,1,1185,1,1,0.9986420697736981
aeeem_mylyn,hybrid,logistic_regression,5,1,1195,0,0,0.0474765086698263
aeeem_mylyn,hybrid,logistic_regression,5,1,1196,0,1,0.6407139536934933
aeeem_mylyn,hybrid,logistic_regression,5,1,1199,0,0,0.04078562256604731
aeeem_mylyn,hybrid,logistic_regression,5,1,1209,0,1,0.5137172307795093
aeeem_mylyn,hybrid,logistic_regression,5,1,1213,0,0,0.399422957431785
aeeem_mylyn,hybrid,logistic_regression,5,1,1222,0,0,0.29106955477496044
aeeem_mylyn,hybrid,logistic_regression,5,1,1228,0,1,0.5917089937063306
aeeem_mylyn,hybrid,logistic_regression,5,1,1241,0,0,0.05320012485480834
aeeem_mylyn,hybrid,logistic_regression,5,1,1242,0,0,0.2781947345769778
aeeem_mylyn,hybrid,logistic_regression,5,1,1246,0,0,0.0005338916861933235
aeeem_mylyn,hybrid,logistic_regression,5,1,1252,0,0,0.09300181644119324
aeeem_mylyn,hybrid,logistic_regression,5,1,1257,0,0,0.19046878029642322
aeeem_mylyn,hybrid,logistic_regression,5,1,1258,0,0,0.057621625592290865
aeeem_mylyn,hybrid,logistic_regression,5,1,1265,0,0,0.08179356808572982
aeeem_mylyn,hybrid,logistic_regression,5,1,1268,1,1,0.7821430051197826
aeeem_mylyn,hybrid,logistic_regression,5,1,1278,0,1,0.9964857083024727
aeeem_mylyn,hybrid,logistic_regression,5,1,1283,1,1,0.9148549453289208
aeeem_mylyn,hybrid,logistic_regression,5,1,1285,0,1,0.5115726310365372
aeeem_mylyn,hybrid,logistic_regression,5,1,1287,1,1,0.8067467331486844
aeeem_mylyn,hybrid,logistic_regression,5,1,1293,0,0,0.04224783271608644
aeeem_mylyn,hybrid,logistic_regression,5,1,1295,0,0,0.07904730192761907
aeeem_mylyn,hybrid,logistic_regression,5,1,1302,0,1,0.7870259775452821
aeeem_mylyn,hybrid,logistic_regression,5,1,1305,0,1,0.6667002757842333
aeeem_mylyn,hybrid,logistic_regression,5,1,1318,0,0,0.06578873942871094
aeeem_mylyn,hybrid,logistic_regression,5,1,1324,0,1,0.6572902958272155
aeeem_mylyn,hybrid,logistic_regression,5,1,1330,0,0,0.42430311840429447
aeeem_mylyn,hybrid,logistic_regression,5,1,1340,0,0,0.0480708927341459
aeeem_mylyn,hybrid,logistic_regression,5,1,1352,1,1,0.9707629005289451
aeeem_mylyn,hybrid,logistic_regression,5,1,1362,0,0,0.23398543131016122
aeeem_mylyn,hybrid,logistic_regression,5,1,1366,1,1,0.9021162088078754
aeeem_mylyn,hybrid,logistic_regression,5,1,1368,0,0,0.19055481395362636
aeeem_mylyn,hybrid,logistic_regression,5,1,1373,0,0,0.03311177285540226
aeeem_mylyn,hybrid,logistic_regression,5,1,1379,1,1,0.6984537585019328
aeeem_mylyn,hybrid,logistic_regression,5,1,1380,1,1,0.9272279468977064
aeeem_mylyn,hybrid,logistic_regression,5,1,1382,0,0,0.3594083822441871
aeeem_mylyn,hybrid,logistic_regression,5,1,1389,0,0,0.34023017765329544
aeeem_mylyn,hybrid,logistic_regression,5,1,1392,0,1,0.7882715731977877
aeeem_mylyn,hybrid,logistic_regression,5,1,1401,0,0,0.06146049562747015
aeeem_mylyn,hybrid,logistic_regression,5,1,1403,0,0,0.06942842699838808
aeeem_mylyn,hybrid,logistic_regression,5,1,1404,0,0,0.40106506955437893
aeeem_mylyn,hybrid,logistic_regression,5,1,1408,0,0,0.21078804583650135
aeeem_mylyn,hybrid,logistic_regression,5,1,1411,1,1,0.900612361504177
aeeem_mylyn,hybrid,logistic_regression,5,1,1422,0,0,0.05447590592431837
aeeem_mylyn,hybrid,logistic_regression,5,1,1423,0,0,0.12494037807416242
aeeem_mylyn,hybrid,logistic_regression,5,1,1425,0,1,0.5348309747073124
aeeem_mylyn,hybrid,logistic_regression,5,1,1435,0,1,0.5072653805223953
aeeem_mylyn,hybrid,logistic_regression,5,1,1439,0,0,0.04398664541066682
aeeem_mylyn,hybrid,logistic_regression,5,1,1448,0,0,0.049644187892541866
aeeem_mylyn,hybrid,logistic_regression,5,1,1449,0,0,0.2819724250466162
aeeem_mylyn,hybrid,logistic_regression,5,1,1454,0,0,0.4581168990857459
aeeem_mylyn,hybrid,logistic_regression,5,1,1461,1,1,0.9991404846964562
aeeem_mylyn,hybrid,logistic_regression,5,1,1462,0,0,0.309007531736034
aeeem_mylyn,hybrid,logistic_regression,5,1,1463,0,0,0.000991107540536298
aeeem_mylyn,hybrid,logistic_regression,5,1,1475,0,0,0.3269117493815754
aeeem_mylyn,hybrid,logistic_regression,5,1,1479,0,0,0.11615573332197036
aeeem_mylyn,hybrid,logistic_regression,5,1,1482,1,1,0.5637243329606827
aeeem_mylyn,hybrid,logistic_regression,5,1,1489,1,1,0.6084858882976859
aeeem_mylyn,hybrid,logistic_regression,5,1,1492,0,1,0.6777788577289033
aeeem_mylyn,hybrid,logistic_regression,5,1,1494,1,1,0.649327652964388
aeeem_mylyn,hybrid,logistic_regression,5,1,1496,0,1,0.5972827128887055
aeeem_mylyn,hybrid,logistic_regression,5,1,1497,0,0,0.15061536521611882
aeeem_mylyn,hybrid,logistic_regression,5,1,1501,0,0,0.39664614836622497
aeeem_mylyn,hybrid,logistic_regression,5,1,1502,0,0,0.09414239965515933
aeeem_mylyn,hybrid,logistic_regression,5,1,1515,1,1,0.504667466745826
aeeem_mylyn,hybrid,logistic_regression,5,1,1521,0,0,0.0007874805499728523
aeeem_mylyn,hybrid,logistic_regression,5,1,1528,0,1,0.516197756621379
aeeem_mylyn,hybrid,logistic_regression,5,1,1534,0,1,0.581044059332064
aeeem_mylyn,hybrid,logistic_regression,5,1,1538,0,0,0.3198899508065956
aeeem_mylyn,hybrid,logistic_regression,5,1,1539,0,0,0.10660489590313628
aeeem_mylyn,hybrid,logistic_regression,5,1,1543,0,0,0.35773969092512053
aeeem_mylyn,hybrid,logistic_regression,5,1,1547,0,0,0.30577655552021316
aeeem_mylyn,hybrid,logistic_regression,5,1,1552,0,0,0.22844998407499853
aeeem_mylyn,hybrid,logistic_regression,5,1,1563,0,0,0.035518531570121005
aeeem_mylyn,hybrid,logistic_regression,5,1,1566,0,0,0.16749205016620514
aeeem_mylyn,hybrid,logistic_regression,5,1,1576,1,1,0.995763643778262
aeeem_mylyn,hybrid,logistic_regression,5,1,1578,0,0,0.06487434447411838
aeeem_mylyn,hybrid,logistic_regression,5,1,1588,0,0,0.06621520845207218
aeeem_mylyn,hybrid,logistic_regression,5,1,1592,0,0,0.08335100097549243
aeeem_mylyn,hybrid,logistic_regression,5,1,1595,0,0,0.2171103145301542
aeeem_mylyn,hybrid,logistic_regression,5,1,1597,0,1,0.7038681760891404
aeeem_mylyn,hybrid,logistic_regression,5,1,1598,0,0,0.001800713413541037
aeeem_mylyn,hybrid,logistic_regression,5,1,1601,0,1,0.7085911857477737
aeeem_mylyn,hybrid,logistic_regression,5,1,1603,0,1,0.5236974330256912
aeeem_mylyn,hybrid,logistic_regression,5,1,1605,0,0,0.37638446833621725
aeeem_mylyn,hybrid,logistic_regression,5,1,1612,0,0,0.2542370302717543
aeeem_mylyn,hybrid,logistic_regression,5,1,1614,0,0,0.11593950269790514
aeeem_mylyn,hybrid,logistic_regression,5,1,1615,0,0,0.052573399828283726
aeeem_mylyn,hybrid,logistic_regression,5,1,1630,1,1,0.8367043552401889
aeeem_mylyn,hybrid,logistic_regression,5,1,1635,0,0,0.3571093202252706
aeeem_mylyn,hybrid,logistic_regression,5,1,1668,1,0,0.22793500988519677
aeeem_mylyn,hybrid,logistic_regression,5,1,1676,1,1,0.8606988207592561
aeeem_mylyn,hybrid,logistic_regression,5,1,1678,0,0,0.17930555099610757
aeeem_mylyn,hybrid,logistic_regression,5,1,1688,0,0,0.1806727129925136
aeeem_mylyn,hybrid,logistic_regression,5,1,1704,0,0,0.16591256255472525
aeeem_mylyn,hybrid,logistic_regression,5,1,1712,0,1,0.5822954372052308
aeeem_mylyn,hybrid,logistic_regression,5,1,1713,0,0,0.1350842022607826
aeeem_mylyn,hybrid,logistic_regression,5,1,1716,0,0,0.027554487401158366
aeeem_mylyn,hybrid,logistic_regression,5,1,1718,0,0,0.35602604577590835
aeeem_mylyn,hybrid,logistic_regression,5,1,1720,0,0,0.10133927583348477
aeeem_mylyn,hybrid,logistic_regression,5,1,1733,0,1,0.9175574443742145
aeeem_mylyn,hybrid,logistic_regression,5,1,1734,0,1,0.5889131677027527
aeeem_mylyn,hybrid,logistic_regression,5,1,1739,0,0,0.012879128632746713
aeeem_mylyn,hybrid,logistic_regression,5,1,1741,0,1,0.7601066335908285
aeeem_mylyn,hybrid,logistic_regression,5,1,1747,0,0,0.0012805902245678134
aeeem_mylyn,hybrid,logistic_regression,5,1,1754,0,0,0.0004855005140360441
aeeem_mylyn,hybrid,logistic_regression,5,1,1757,0,1,0.5416407041073833
aeeem_mylyn,hybrid,logistic_regression,5,1,1758,0,0,0.4243342386882512
aeeem_mylyn,hybrid,logistic_regression,5,1,1771,0,0,0.09444087500420982
aeeem_mylyn,hybrid,logistic_regression,5,1,1772,0,0,0.29519100808261006
aeeem_mylyn,hybrid,logistic_regression,5,1,1780,0,0,0.07493628391189779
aeeem_mylyn,hybrid,logistic_regression,5,1,1784,1,0,0.2785759027611642
aeeem_mylyn,hybrid,logistic_regression,5,1,1786,1,1,0.7173590661118436
aeeem_mylyn,hybrid,logistic_regression,5,1,1789,0,1,0.5592227876556429
aeeem_mylyn,hybrid,logistic_regression,5,1,1790,0,0,0.12492281133345924
aeeem_mylyn,hybrid,logistic_regression,5,1,1791,0,0,0.22681955213137567
aeeem_mylyn,hybrid,logistic_regression,5,1,1796,0,1,0.6055959774497317
aeeem_mylyn,hybrid,logistic_regression,5,1,1798,0,0,0.23009934310313238
aeeem_mylyn,hybrid,logistic_regression,5,1,1812,0,1,0.6659678618444115
aeeem_mylyn,hybrid,logistic_regression,5,1,1822,0,0,0.370714873931654
aeeem_mylyn,hybrid,logistic_regression,5,1,1823,0,0,0.003508690227971073
aeeem_mylyn,hybrid,logistic_regression,5,1,1828,0,0,0.0006822685633848883
aeeem_mylyn,hybrid,logistic_regression,5,1,1831,1,0,0.22424200147121745
aeeem_mylyn,hybrid,logistic_regression,5,1,1835,1,0,0.4312073016632365
aeeem_mylyn,hybrid,logistic_regression,5,1,1842,0,0,0.2590969567316072
aeeem_mylyn,hybrid,logistic_regression,5,1,1846,0,0,0.16241545147389405
aeeem_mylyn,hybrid,logistic_regression,5,1,1852,0,0,0.00134519657114211
aeeem_mylyn,hybrid,logistic_regression,5,2,1,0,0,0.2391442732939986
aeeem_mylyn,hybrid,logistic_regression,5,2,3,0,0,0.2673763099814251
aeeem_mylyn,hybrid,logistic_regression,5,2,4,0,0,0.015928390248345286
aeeem_mylyn,hybrid,logistic_regression,5,2,10,0,0,0.119186442775345
aeeem_mylyn,hybrid,logistic_regression,5,2,14,0,0,0.011810097169032658
aeeem_mylyn,hybrid,logistic_regression,5,2,16,0,0,0.4910620388717701
aeeem_mylyn,hybrid,logistic_regression,5,2,23,0,0,0.06485607936863054
aeeem_mylyn,hybrid,logistic_regression,5,2,25,0,0,0.3560739996834361
aeeem_mylyn,hybrid,logistic_regression,5,2,27,0,0,0.3249338248196353
aeeem_mylyn,hybrid,logistic_regression,5,2,30,1,0,0.18444570787301648
aeeem_mylyn,hybrid,logistic_regression,5,2,34,0,0,0.0455091583637356
aeeem_mylyn,hybrid,logistic_regression,5,2,41,0,1,0.6927128302614014
aeeem_mylyn,hybrid,logistic_regression,5,2,42,0,1,0.7762594565737987
aeeem_mylyn,hybrid,logistic_regression,5,2,44,0,1,0.542333100756658
aeeem_mylyn,hybrid,logistic_regression,5,2,45,0,0,0.3752251848736971
aeeem_mylyn,hybrid,logistic_regression,5,2,55,0,0,0.41243265989926386
aeeem_mylyn,hybrid,logistic_regression,5,2,57,0,0,0.22502084144973497
aeeem_mylyn,hybrid,logistic_regression,5,2,58,0,0,0.10107966058360572
aeeem_mylyn,hybrid,logistic_regression,5,2,60,1,1,0.8306781319498133
aeeem_mylyn,hybrid,logistic_regression,5,2,61,0,0,0.22991552496214754
aeeem_mylyn,hybrid,logistic_regression,5,2,70,0,0,0.04223285435570868
aeeem_mylyn,hybrid,logistic_regression,5,2,84,0,1,0.5500614390449695
aeeem_mylyn,hybrid,logistic_regression,5,2,88,0,1,0.5981813214286166
aeeem_mylyn,hybrid,logistic_regression,5,2,93,0,0,0.37892007476523853
aeeem_mylyn,hybrid,logistic_regression,5,2,95,0,0,0.13002867372023408
aeeem_mylyn,hybrid,logistic_regression,5,2,99,1,1,0.7799826859779442
aeeem_mylyn,hybrid,logistic_regression,5,2,102,0,0,0.3110644307979295
aeeem_mylyn,hybrid,logistic_regression,5,2,111,1,1,0.9988904126663919
aeeem_mylyn,hybrid,logistic_regression,5,2,118,0,0,0.08245790693097325
aeeem_mylyn,hybrid,logistic_regression,5,2,119,0,0,0.11216659698237186
aeeem_mylyn,hybrid,logistic_regression,5,2,120,0,1,0.8255865676387986
aeeem_mylyn,hybrid,logistic_regression,5,2,122,0,0,0.006334712829868478
aeeem_mylyn,hybrid,logistic_regression,5,2,125,0,1,0.5871537868810368
aeeem_mylyn,hybrid,logistic_regression,5,2,127,0,0,0.1697967290110009
aeeem_mylyn,hybrid,logistic_regression,5,2,128,0,0,0.35299892626403234
aeeem_mylyn,hybrid,logistic_regression,5,2,132,0,1,0.6185270981773275
aeeem_mylyn,hybrid,logistic_regression,5,2,135,0,0,0.004702476422647446
aeeem_mylyn,hybrid,logistic_regression,5,2,142,0,0,0.016877724726216986
aeeem_mylyn,hybrid,logistic_regression,5,2,143,0,0,0.3470893303411291
aeeem_mylyn,hybrid,logistic_regression,5,2,148,0,0,0.15403144417414774
aeeem_mylyn,hybrid,logistic_regression,5,2,155,0,0,0.2868215701921151
aeeem_mylyn,hybrid,logistic_regression,5,2,156,1,1,0.7907316289643829
aeeem_mylyn,hybrid,logistic_regression,5,2,166,0,1,0.5156440158895975
aeeem_mylyn,hybrid,logistic_regression,5,2,168,0,0,0.4245320519986033
aeeem_mylyn,hybrid,logistic_regression,5,2,172,0,0,0.2593758125958632
aeeem_mylyn,hybrid,logistic_regression,5,2,173,1,0,0.04797250369234354
aeeem_mylyn,hybrid,logistic_regression,5,2,181,0,1,0.6393420523626102
aeeem_mylyn,hybrid,logistic_regression,5,2,183,0,0,0.3499655057152151
aeeem_mylyn,hybrid,logistic_regression,5,2,190,0,1,0.8887852633321155
aeeem_mylyn,hybrid,logistic_regression,5,2,193,0,0,0.03508454796131088
aeeem_mylyn,hybrid,logistic_regression,5,2,195,0,0,0.06758731196878283
aeeem_mylyn,hybrid,logistic_regression,5,2,198,0,0,0.004891430891424638
aeeem_mylyn,hybrid,logistic_regression,5,2,199,1,1,0.5110416256725248
aeeem_mylyn,hybrid,logistic_regression,5,2,202,0,0,0.32829208785462516
aeeem_mylyn,hybrid,logistic_regression,5,2,212,0,0,0.26996923494244557
aeeem_mylyn,hybrid,logistic_regression,5,2,214,0,1,0.5091970037776683
aeeem_mylyn,hybrid,logistic_regression,5,2,215,0,1,0.5061799756925308
aeeem_mylyn,hybrid,logistic_regression,5,2,217,1,1,0.794775727538873
aeeem_mylyn,hybrid,logistic_regression,5,2,221,0,0,0.27136604467524195
aeeem_mylyn,hybrid,logistic_regression,5,2,229,0,0,0.00175673206142671
aeeem_mylyn,hybrid,logistic_regression,5,2,232,0,0,0.03567619037726957
aeeem_mylyn,hybrid,logistic_regression,5,2,239,1,1,0.8596854733400724
aeeem_mylyn,hybrid,logistic_regression,5,2,242,0,0,0.09678107726012593
aeeem_mylyn,hybrid,logistic_regression,5,2,246,0,1,0.542283089922115
aeeem_mylyn,hybrid,logistic_regression,5,2,249,0,0,0.017081380090552017
aeeem_mylyn,hybrid,logistic_regression,5,2,250,0,1,0.9864657404721575
aeeem_mylyn,hybrid,logistic_regression,5,2,253,0,1,0.7740441013291928
aeeem_mylyn,hybrid,logistic_regression,5,2,258,0,0,0.24562471087188578
aeeem_mylyn,hybrid,logistic_regression,5,2,259,0,0,0.056535495843873546
aeeem_mylyn,hybrid,logistic_regression,5,2,267,0,0,0.34691571608635613
aeeem_mylyn,hybrid,logistic_regression,5,2,274,0,0,0.16534921203738298
aeeem_mylyn,hybrid,logistic_regression,5,2,278,0,0,0.0054462187219460195
aeeem_mylyn,hybrid,logistic_regression,5,2,280,0,0,0.3968902918135676
aeeem_mylyn,hybrid,logistic_regression,5,2,285,0,0,0.18450865502385863
aeeem_mylyn,hybrid,logistic_regression,5,2,288,0,0,0.03156716460203792
aeeem_mylyn,hybrid,logistic_regression,5,2,303,0,0,0.11156353502399305
aeeem_mylyn,hybrid,logistic_regression,5,2,304,0,0,0.19603467518047196
aeeem_mylyn,hybrid,logistic_regression,5,2,305,0,1,0.5388906911378115
aeeem_mylyn,hybrid,logistic_regression,5,2,306,0,1,0.5563040648758517
aeeem_mylyn,hybrid,logistic_regression,5,2,307,0,1,0.5873665301933241
aeeem_mylyn,hybrid,logistic_regression,5,2,315,0,1,0.7060671333209358
aeeem_mylyn,hybrid,logistic_regression,5,2,317,1,1,0.6891131523427717
aeeem_mylyn,hybrid,logistic_regression,5,2,319,0,0,0.026069750917164514
aeeem_mylyn,hybrid,logistic_regression,5,2,323,0,1,0.542283089922115
aeeem_mylyn,hybrid,logistic_regression,5,2,329,1,1,0.5571546022766097
aeeem_mylyn,hybrid,logistic_regression,5,2,336,0,0,0.0011023729641025254
aeeem_mylyn,hybrid,logistic_regression,5,2,338,1,1,0.6523197418083013
aeeem_mylyn,hybrid,logistic_regression,5,2,342,0,1,0.6649380927607703
aeeem_mylyn,hybrid,logistic_regression,5,2,344,0,0,0.1268628688004536
aeeem_mylyn,hybrid,logistic_regression,5,2,347,0,0,0.06452089495990153
aeeem_mylyn,hybrid,logistic_regression,5,2,349,0,1,0.513223650708824
aeeem_mylyn,hybrid,logistic_regression,5,2,357,1,0,0.4658445730167959
aeeem_mylyn,hybrid,logistic_regression,5,2,363,0,0,0.26797210031249225
aeeem_mylyn,hybrid,logistic_regression,5,2,371,0,0,0.39468156867234533
aeeem_mylyn,hybrid,logistic_regression,5,2,374,0,0,0.06916067716226776
aeeem_mylyn,hybrid,logistic_regression,5,2,376,0,0,0.12817545935617267
aeeem_mylyn,hybrid,logistic_regression,5,2,384,0,0,0.2107348397486402
aeeem_mylyn,hybrid,logistic_regression,5,2,389,0,0,0.4278713696097758
aeeem_mylyn,hybrid,logistic_regression,5,2,410,0,0,0.005324919317392885
aeeem_mylyn,hybrid,logistic_regression,5,2,416,0,1,0.617523766785552
aeeem_mylyn,hybrid,logistic_regression,5,2,428,0,0,0.09050311439863853
aeeem_mylyn,hybrid,logistic_regression,5,2,437,0,0,0.20740263345150087
aeeem_mylyn,hybrid,logistic_regression,5,2,451,0,0,0.22054722921105674
aeeem_mylyn,hybrid,logistic_regression,5,2,452,0,1,0.558854667173313
aeeem_mylyn,hybrid,logistic_regression,5,2,456,0,0,0.12237994660872697
aeeem_mylyn,hybrid,logistic_regression,5,2,461,0,0,0.08445127678598793
aeeem_mylyn,hybrid,logistic_regression,5,2,464,0,0,0.10176112404596652
aeeem_mylyn,hybrid,logistic_regression,5,2,473,0,0,0.09164537469600666
aeeem_mylyn,hybrid,logistic_regression,5,2,475,1,0,0.009305231751664422
aeeem_mylyn,hybrid,logistic_regression,5,2,481,0,0,0.02344803067389057
aeeem_mylyn,hybrid,logistic_regression,5,2,484,0,0,0.04575639510420835
aeeem_mylyn,hybrid,logistic_regression,5,2,490,0,1,0.5365883781260714
aeeem_mylyn,hybrid,logistic_regression,5,2,494,0,1,0.5984791680827505
aeeem_mylyn,hybrid,logistic_regression,5,2,495,1,0,0.4115792767736366
aeeem_mylyn,hybrid,logistic_regression,5,2,501,0,0,0.19847327110613514
aeeem_mylyn,hybrid,logistic_regression,5,2,502,0,0,0.31882972911280005
aeeem_mylyn,hybrid,logistic_regression,5,2,510,0,0,0.061183278369162056
aeeem_mylyn,hybrid,logistic_regression,5,2,511,0,1,0.906906885715079
aeeem_mylyn,hybrid,logistic_regression,5,2,517,0,0,0.36474888278373535
aeeem_mylyn,hybrid,logistic_regression,5,2,522,0,1,0.5571546022766097
aeeem_mylyn,hybrid,logistic_regression,5,2,524,0,1,0.6821906684881105
aeeem_mylyn,hybrid,logistic_regression,5,2,528,1,1,0.558854667173313
aeeem_mylyn,hybrid,logistic_regression,5,2,529,0,0,0.19932094298225395
aeeem_mylyn,hybrid,logistic_regression,5,2,531,0,0,6.493363502259436e-05
aeeem_mylyn,hybrid,logistic_regression,5,2,532,0,0,0.06940042741732216
aeeem_mylyn,hybrid,logistic_regression,5,2,538,0,0,0.439051469126569
aeeem_mylyn,hybrid,logistic_regression,5,2,539,0,0,2.1622807176503477e-05
aeeem_mylyn,hybrid,logistic_regression,5,2,546,0,0,0.2080928703863167
aeeem_mylyn,hybrid,logistic_regression,5,2,550,0,0,0.3085768580441357
aeeem_mylyn,hybrid,logistic_regression,5,2,556,1,1,0.5323140664689127
aeeem_mylyn,hybrid,logistic_regression,5,2,558,0,0,0.18830804089990488
aeeem_mylyn,hybrid,logistic_regression,5,2,569,0,0,0.07183961441479009
aeeem_mylyn,hybrid,logistic_regression,5,2,577,1,1,0.9175672135148675
aeeem_mylyn,hybrid,logistic_regression,5,2,579,0,0,0.004436680534033931
aeeem_mylyn,hybrid,logistic_regression,5,2,581,0,0,0.04396940189435228
aeeem_mylyn,hybrid,logistic_regression,5,2,584,0,1,0.6729874697176312
aeeem_mylyn,hybrid,logistic_regression,5,2,587,1,0,0.06616651923543536
aeeem_mylyn,hybrid,logistic_regression,5,2,590,0,0,0.014355409175658132
aeeem_mylyn,hybrid,logistic_regression,5,2,597,0,0,0.049217385269694054
aeeem_mylyn,hybrid,logistic_regression,5,2,604,0,0,0.33965848797334813
aeeem_mylyn,hybrid,logistic_regression,5,2,605,0,1,0.7543636315088814
aeeem_mylyn,hybrid,logistic_regression,5,2,612,1,0,0.42619948269203317
aeeem_mylyn,hybrid,logistic_regression,5,2,615,0,1,0.6803306324808571
aeeem_mylyn,hybrid,logistic_regression,5,2,616,0,0,0.07960938072829399
aeeem_mylyn,hybrid,logistic_regression,5,2,620,0,1,0.5500964299264387
aeeem_mylyn,hybrid,logistic_regression,5,2,625,0,0,0.45655615404382244
aeeem_mylyn,hybrid,logistic_regression,5,2,635,1,0,0.11843286670416103
aeeem_mylyn,hybrid,logistic_regression,5,2,636,0,1,0.8333416538394409
aeeem_mylyn,hybrid,logistic_regression,5,2,645,0,0,0.0010572821881875884
aeeem_mylyn,hybrid,logistic_regression,5,2,646,0,0,0.035947221704480836
aeeem_mylyn,hybrid,logistic_regression,5,2,651,0,1,0.564265118140549
aeeem_mylyn,hybrid,logistic_regression,5,2,653,1,0,0.2554314092982505
aeeem_mylyn,hybrid,logistic_regression,5,2,654,0,0,0.0015816961384106168
aeeem_mylyn,hybrid,logistic_regression,5,2,655,0,0,2.311590058620448e-05
aeeem_mylyn,hybrid,logistic_regression,5,2,660,0,0,0.051086458279279594
aeeem_mylyn,hybrid,logistic_regression,5,2,664,0,0,0.23600416919021183
aeeem_mylyn,hybrid,logistic_regression,5,2,665,0,0,0.4372007179854329
aeeem_mylyn,hybrid,logistic_regression,5,2,668,0,0,0.02705036903181284
aeeem_mylyn,hybrid,logistic_regression,5,2,669,1,1,0.6217153888029622
aeeem_mylyn,hybrid,logistic_regression,5,2,671,0,0,0.21454836397524393
aeeem_mylyn,hybrid,logistic_regression,5,2,673,0,1,0.7782626661360433
aeeem_mylyn,hybrid,logistic_regression,5,2,677,0,0,0.01748128026300012
aeeem_mylyn,hybrid,logistic_regression,5,2,680,0,1,0.6796600229942237
aeeem_mylyn,hybrid,logistic_regression,5,2,681,0,0,0.008824402620340926
aeeem_mylyn,hybrid,logistic_regression,5,2,695,0,0,0.149204397046754
aeeem_mylyn,hybrid,logistic_regression,5,2,712,0,0,0.035734406717153756
aeeem_mylyn,hybrid,logistic_regression,5,2,713,0,0,0.29144966584240023
aeeem_mylyn,hybrid,logistic_regression,5,2,720,0,0,0.0874667067446083
aeeem_mylyn,hybrid,logistic_regression,5,2,721,0,0,0.48504157406408227
aeeem_mylyn,hybrid,logistic_regression,5,2,722,0,0,0.1049418564548315
aeeem_mylyn,hybrid,logistic_regression,5,2,726,1,1,0.9960868096496422
aeeem_mylyn,hybrid,logistic_regression,5,2,732,0,0,0.14158730650969548
aeeem_mylyn,hybrid,logistic_regression,5,2,745,0,0,0.17766056483089712
aeeem_mylyn,hybrid,logistic_regression,5,2,749,0,0,0.0004010210556274577
aeeem_mylyn,hybrid,logistic_regression,5,2,755,0,0,0.2105721206989968
aeeem_mylyn,hybrid,logistic_regression,5,2,756,0,1,0.9349254852806224
aeeem_mylyn,hybrid,logistic_regression,5,2,765,0,0,0.46990620594807625
aeeem_mylyn,hybrid,logistic_regression,5,2,767,0,0,0.3409119425007204
aeeem_mylyn,hybrid,logistic_regression,5,2,768,0,0,0.0017766635830527072
aeeem_mylyn,hybrid,logistic_regression,5,2,774,0,0,0.2192855688316783
aeeem_mylyn,hybrid,logistic_regression,5,2,778,0,0,0.055384021086674645
aeeem_mylyn,hybrid,logistic_regression,5,2,781,0,0,0.1781679239824562
aeeem_mylyn,hybrid,logistic_regression,5,2,790,1,1,0.8771050136434251
aeeem_mylyn,hybrid,logistic_regression,5,2,791,1,1,0.709913875810812
aeeem_mylyn,hybrid,logistic_regression,5,2,796,0,0,0.3224214466339106
aeeem_mylyn,hybrid,logistic_regression,5,2,801,0,1,0.6099284901202954
aeeem_mylyn,hybrid,logistic_regression,5,2,803,0,0,0.3494761365826678
aeeem_mylyn,hybrid,logistic_regression,5,2,809,0,0,0.25338052302902087
aeeem_mylyn,hybrid,logistic_regression,5,2,810,0,0,0.1090334987776566
aeeem_mylyn,hybrid,logistic_regression,5,2,812,0,0,0.001331237477020579
aeeem_mylyn,hybrid,logistic_regression,5,2,813,0,0,0.006662501573586019
aeeem_mylyn,hybrid,logistic_regression,5,2,821,1,0,0.14860398156945084
aeeem_mylyn,hybrid,logistic_regression,5,2,827,0,1,0.5327742892072187
aeeem_mylyn,hybrid,logistic_regression,5,2,828,0,0,0.1925302113930515
aeeem_mylyn,hybrid,logistic_regression,5,2,835,0,0,0.15115604318171177
aeeem_mylyn,hybrid,logistic_regression,5,2,836,1,0,0.005414242123477287
aeeem_mylyn,hybrid,logistic_regression,5,2,839,1,0,0.2510954612054896
aeeem_mylyn,hybrid,logistic_regression,5,2,849,0,0,0.007236636995578166
aeeem_mylyn,hybrid,logistic_regression,5,2,853,0,0,0.013555934703798657
aeeem_mylyn,hybrid,logistic_regression,5,2,857,0,0,0.2620018546384735
aeeem_mylyn,hybrid,logistic_regression,5,2,858,0,1,0.5013524185146778
aeeem_mylyn,hybrid,logistic_regression,5,2,865,0,0,0.025134301030993417
aeeem_mylyn,hybrid,logistic_regression,5,2,876,1,1,0.7106947134245786
aeeem_mylyn,hybrid,logistic_regression,5,2,878,0,0,0.06153942404932496
aeeem_mylyn,hybrid,logistic_regression,5,2,883,0,0,0.08504930002417217
aeeem_mylyn,hybrid,logistic_regression,5,2,887,0,1,0.911080040996879
aeeem_mylyn,hybrid,logistic_regression,5,2,888,0,0,0.3481929402309372
aeeem_mylyn,hybrid,logistic_regression,5,2,891,0,1,0.9739785727600953
aeeem_mylyn,hybrid,logistic_regression,5,2,906,0,1,0.7037096920819407
aeeem_mylyn,hybrid,logistic_regression,5,2,911,0,0,0.313678645622465
aeeem_mylyn,hybrid,logistic_regression,5,2,913,0,0,0.3721004657876307
aeeem_mylyn,hybrid,logistic_regression,5,2,915,0,1,0.7037574401859871
aeeem_mylyn,hybrid,logistic_regression,5,2,928,1,1,0.9765940834486224
aeeem_mylyn,hybrid,logistic_regression,5,2,930,0,0,0.19982051046243834
aeeem_mylyn,hybrid,logistic_regression,5,2,931,0,1,0.6416085513248622
aeeem_mylyn,hybrid,logistic_regression,5,2,947,0,1,0.606156096583615
aeeem_mylyn,hybrid,logistic_regression,5,2,949,0,1,0.6615274653328309
aeeem_mylyn,hybrid,logistic_regression,5,2,953,1,1,0.9991060148554137
aeeem_mylyn,hybrid,logistic_regression,5,2,956,1,1,0.525750516213553
aeeem_mylyn,hybrid,logistic_regression,5,2,965,0,1,0.6521548752748415
aeeem_mylyn,hybrid,logistic_regression,5,2,967,0,0,0.06308965213057749
aeeem_mylyn,hybrid,logistic_regression,5,2,971,0,1,0.6135308213028088
aeeem_mylyn,hybrid,logistic_regression,5,2,974,0,0,0.05967706573026703
aeeem_mylyn,hybrid,logistic_regression,5,2,984,0,0,0.012654044018141422
aeeem_mylyn,hybrid,logistic_regression,5,2,987,0,1,0.5697889278929851
aeeem_mylyn,hybrid,logistic_regression,5,2,997,1,0,0.3423369807387336
aeeem_mylyn,hybrid,logistic_regression,5,2,1004,0,0,0.029512299674174524
aeeem_mylyn,hybrid,logistic_regression,5,2,1005,1,1,0.9943824622118135
aeeem_mylyn,hybrid,logistic_regression,5,2,1026,0,1,0.995740938336582
aeeem_mylyn,hybrid,logistic_regression,5,2,1027,0,0,0.19100725841313407
aeeem_mylyn,hybrid,logistic_regression,5,2,1041,0,1,0.6969526951915163
aeeem_mylyn,hybrid,logistic_regression,5,2,1047,0,1,0.6643712478599143
aeeem_mylyn,hybrid,logistic_regression,5,2,1050,0,1,0.8510489275230773
aeeem_mylyn,hybrid,logistic_regression,5,2,1056,0,0,0.3459282699530816
aeeem_mylyn,hybrid,logistic_regression,5,2,1061,0,1,0.9604583419718083
aeeem_mylyn,hybrid,logistic_regression,5,2,1078,0,0,0.0001721265652813549
aeeem_mylyn,hybrid,logistic_regression,5,2,1088,0,0,0.13228671413861284
aeeem_mylyn,hybrid,logistic_regression,5,2,1094,0,0,0.03935211513535624
aeeem_mylyn,hybrid,logistic_regression,5,2,1095,0,0,0.0282462827499227
aeeem_mylyn,hybrid,logistic_regression,5,2,1098,0,0,0.16826188510104678
aeeem_mylyn,hybrid,logistic_regression,5,2,1103,0,0,0.07830846824496338
aeeem_mylyn,hybrid,logistic_regression,5,2,1110,0,0,8.598531855301733e-06
aeeem_mylyn,hybrid,logistic_regression,5,2,1117,0,0,0.015470402083521502
aeeem_mylyn,hybrid,logistic_regression,5,2,1133,0,0,0.3000035860027196
aeeem_mylyn,hybrid,logistic_regression,5,2,1137,0,0,0.31751784490617285
aeeem_mylyn,hybrid,logistic_regression,5,2,1149,0,1,0.5263965621520377
aeeem_mylyn,hybrid,logistic_regression,5,2,1151,0,0,0.3761120953064074
aeeem_mylyn,hybrid,logistic_regression,5,2,1153,0,1,0.7997254993769056
aeeem_mylyn,hybrid,logistic_regression,5,2,1159,0,0,0.07404039741930443
aeeem_mylyn,hybrid,logistic_regression,5,2,1161,0,0,0.0001027159150687385
aeeem_mylyn,hybrid,logistic_regression,5,2,1183,0,1,0.7665525930660115
aeeem_mylyn,hybrid,logistic_regression,5,2,1186,0,0,0.26608055559288724
aeeem_mylyn,hybrid,logistic_regression,5,2,1187,0,0,0.3948259134871248
aeeem_mylyn,hybrid,logistic_regression,5,2,1192,0,0,0.0015496595424140127
aeeem_mylyn,hybrid,logistic_regression,5,2,1198,1,0,0.13830501741579176
aeeem_mylyn,hybrid,logistic_regression,5,2,1204,1,1,0.5447661178178692
aeeem_mylyn,hybrid,logistic_regression,5,2,1207,0,0,0.04830739155086785
aeeem_mylyn,hybrid,logistic_regression,5,2,1208,0,0,0.31007444907911313
aeeem_mylyn,hybrid,logistic_regression,5,2,1215,0,0,0.4948297933469941
aeeem_mylyn,hybrid,logistic_regression,5,2,1218,0,1,0.7723262506540327
aeeem_mylyn,hybrid,logistic_regression,5,2,1230,0,0,0.13808284753705544
aeeem_mylyn,hybrid,logistic_regression,5,2,1240,0,0,0.03600869156984986
aeeem_mylyn,hybrid,logistic_regression,5,2,1243,1,0,0.3709658928216869
aeeem_mylyn,hybrid,logistic_regression,5,2,1244,0,0,0.11322865321946658
aeeem_mylyn,hybrid,logistic_regression,5,2,1245,0,0,0.23382265328199442
aeeem_mylyn,hybrid,logistic_regression,5,2,1251,0,0,0.41151329146141874
aeeem_mylyn,hybrid,logistic_regression,5,2,1267,0,0,0.3113875681429318
aeeem_mylyn,hybrid,logistic_regression,5,2,1274,0,1,0.5984791680827505
aeeem_mylyn,hybrid,logistic_regression,5,2,1277,0,0,0.03301199378681201
aeeem_mylyn,hybrid,logistic_regression,5,2,1279,0,0,0.027113990976007453
aeeem_mylyn,hybrid,logistic_regression,5,2,1282,0,1,0.7401123363458362
aeeem_mylyn,hybrid,logistic_regression,5,2,1288,1,0,0.19640442766950633
aeeem_mylyn,hybrid,logistic_regression,5,2,1292,0,0,0.0011637079059311582
aeeem_mylyn,hybrid,logistic_regression,5,2,1294,0,1,0.7646575826506351
aeeem_mylyn,hybrid,logistic_regression,5,2,1306,0,0,0.0021951838919022763
aeeem_mylyn,hybrid,logistic_regression,5,2,1309,0,0,0.008181479835565702
aeeem_mylyn,hybrid,logistic_regression,5,2,1317,0,0,0.3146288816863519
aeeem_mylyn,hybrid,logistic_regression,5,2,1319,0,0,0.16199547174133305
aeeem_mylyn,hybrid,logistic_regression,5,2,1321,0,1,0.7282729046884193
aeeem_mylyn,hybrid,logistic_regression,5,2,1322,0,0,0.2329563890057642
aeeem_mylyn,hybrid,logistic_regression,5,2,1323,0,0,2.496847647598338e-05
aeeem_mylyn,hybrid,logistic_regression,5,2,1346,0,0,0.0595307757205302
aeeem_mylyn,hybrid,logistic_regression,5,2,1349,0,1,0.5802850507020123
aeeem_mylyn,hybrid,logistic_regression,5,2,1350,0,1,0.5336875224630873
aeeem_mylyn,hybrid,logistic_regression,5,2,1355,0,1,0.5149629571598391
aeeem_mylyn,hybrid,logistic_regression,5,2,1356,0,0,0.018319929287803776
aeeem_mylyn,hybrid,logistic_regression,5,2,1371,0,1,0.9793211896472609
aeeem_mylyn,hybrid,logistic_regression,5,2,1372,0,0,0.16603700374433697
aeeem_mylyn,hybrid,logistic_regression,5,2,1387,1,1,0.9988549350525235
aeeem_mylyn,hybrid,logistic_regression,5,2,1396,0,1,0.5211063046928546
aeeem_mylyn,hybrid,logistic_regression,5,2,1407,0,0,0.00020274703759403805
aeeem_mylyn,hybrid,logistic_regression,5,2,1409,1,0,0.2129175445358487
aeeem_mylyn,hybrid,logistic_regression,5,2,1417,0,1,0.9806639706662273
aeeem_mylyn,hybrid,logistic_regression,5,2,1420,0,1,0.5531318140941717
aeeem_mylyn,hybrid,logistic_regression,5,2,1421,0,0,0.23119795273026358
aeeem_mylyn,hybrid,logistic_regression,5,2,1429,0,0,0.15324194094115395
aeeem_mylyn,hybrid,logistic_regression,5,2,1431,0,0,0.0010496332306039729
aeeem_mylyn,hybrid,logistic_regression,5,2,1438,0,0,0.02283776457004249
aeeem_mylyn,hybrid,logistic_regression,5,2,1441,1,1,0.7144031755474535
aeeem_mylyn,hybrid,logistic_regression,5,2,1444,0,0,0.3657210489683297
aeeem_mylyn,hybrid,logistic_regression,5,2,1446,0,0,0.003899815728678388
aeeem_mylyn,hybrid,logistic_regression,5,2,1459,0,0,0.3241786903475683
aeeem_mylyn,hybrid,logistic_regression,5,2,1464,0,0,0.0006722544147567377
aeeem_mylyn,hybrid,logistic_regression,5,2,1466,1,1,0.8286031240385734
aeeem_mylyn,hybrid,logistic_regression,5,2,1472,0,0,0.07763235418257776
aeeem_mylyn,hybrid,logistic_regression,5,2,1474,0,0,0.3352547556089752
aeeem_mylyn,hybrid,logistic_regression,5,2,1483,0,1,0.5951874298581032
aeeem_mylyn,hybrid,logistic_regression,5,2,1499,0,0,0.22960624831048246
aeeem_mylyn,hybrid,logistic_regression,5,2,1506,0,0,0.23884161356860453
aeeem_mylyn,hybrid,logistic_regression,5,2,1511,0,0,0.00014374986643320888
aeeem_mylyn,hybrid,logistic_regression,5,2,1516,1,0,0.009683958234531125
aeeem_mylyn,hybrid,logistic_regression,5,2,1530,0,0,0.06299586793260147
aeeem_mylyn,hybrid,logistic_regression,5,2,1535,0,0,0.14582878431491422
aeeem_mylyn,hybrid,logistic_regression,5,2,1540,0,0,0.40066956375527124
aeeem_mylyn,hybrid,logistic_regression,5,2,1551,0,0,0.00044859832491904564
aeeem_mylyn,hybrid,logistic_regression,5,2,1559,0,1,0.9064774164063071
aeeem_mylyn,hybrid,logistic_regression,5,2,1560,0,0,9.216864383384934e-05
aeeem_mylyn,hybrid,logistic_regression,5,2,1567,0,0,0.45219431557965767
aeeem_mylyn,hybrid,logistic_regression,5,2,1568,0,0,0.4088432419221889
aeeem_mylyn,hybrid,logistic_regression,5,2,1571,0,0,0.18362002965136978
aeeem_mylyn,hybrid,logistic_regression,5,2,1573,0,1,0.5721951747085431
aeeem_mylyn,hybrid,logistic_regression,5,2,1580,0,1,0.5048409230128711
aeeem_mylyn,hybrid,logistic_regression,5,2,1585,0,0,0.07648715008906402
aeeem_mylyn,hybrid,logistic_regression,5,2,1591,0,0,0.3759390989976034
aeeem_mylyn,hybrid,logistic_regression,5,2,1600,0,0,0.05751009956872488
aeeem_mylyn,hybrid,logistic_regression,5,2,1609,0,0,0.10819151990360695
aeeem_mylyn,hybrid,logistic_regression,5,2,1613,0,0,0.14499787199026196
aeeem_mylyn,hybrid,logistic_regression,5,2,1624,0,0,0.0036035148347759315
aeeem_mylyn,hybrid,logistic_regression,5,2,1641,0,0,0.04788719185631446
aeeem_mylyn,hybrid,logistic_regression,5,2,1642,0,0,0.17749720092078097
aeeem_mylyn,hybrid,logistic_regression,5,2,1657,0,0,0.1845483419667534
aeeem_mylyn,hybrid,logistic_regression,5,2,1659,0,0,0.15170344110126624
aeeem_mylyn,hybrid,logistic_regression,5,2,1661,0,0,0.022977293336033388
aeeem_mylyn,hybrid,logistic_regression,5,2,1665,0,0,0.1745093601923671
aeeem_mylyn,hybrid,logistic_regression,5,2,1669,0,1,0.6890523797397742
aeeem_mylyn,hybrid,logistic_regression,5,2,1677,0,0,0.004316116132535878
aeeem_mylyn,hybrid,logistic_regression,5,2,1680,1,1,0.6861567005858106
aeeem_mylyn,hybrid,logistic_regression,5,2,1681,0,0,0.07475696629498396
aeeem_mylyn,hybrid,logistic_regression,5,2,1689,0,0,0.005942592120843672
aeeem_mylyn,hybrid,logistic_regression,5,2,1692,0,1,0.864806234493654
aeeem_mylyn,hybrid,logistic_regression,5,2,1698,0,1,0.5641538902476241
aeeem_mylyn,hybrid,logistic_regression,5,2,1699,0,0,0.00016988544150239637
aeeem_mylyn,hybrid,logistic_regression,5,2,1706,0,0,0.32341045554573855
aeeem_mylyn,hybrid,logistic_regression,5,2,1707,0,0,0.19753762795772103
aeeem_mylyn,hybrid,logistic_regression,5,2,1719,0,0,0.15847704880065816
aeeem_mylyn,hybrid,logistic_regression,5,2,1721,0,0,0.019477998825246045
aeeem_mylyn,hybrid,logistic_regression,5,2,1722,0,0,0.2614790106522022
aeeem_mylyn,hybrid,logistic_regression,5,2,1723,0,0,0.13504203931735015
aeeem_mylyn,hybrid,logistic_regression,5,2,1728,0,1,0.9688683903186418
aeeem_mylyn,hybrid,logistic_regression,5,2,1731,0,0,0.26778441993822877
aeeem_mylyn,hybrid,logistic_regression,5,2,1737,0,0,0.1762419523640712
aeeem_mylyn,hybrid,logistic_regression,5,2,1738,0,1,0.9999999999814668
aeeem_mylyn,hybrid,logistic_regression,5,2,1745,0,0,0.25767265932141825
aeeem_mylyn,hybrid,logistic_regression,5,2,1751,0,0,7.82365418100167e-05
aeeem_mylyn,hybrid,logistic_regression,5,2,1761,0,1,0.665094167334377
aeeem_mylyn,hybrid,logistic_regression,5,2,1765,0,0,0.21910875294082807
aeeem_mylyn,hybrid,logistic_regression,5,2,1774,0,0,0.0002123601503706714
aeeem_mylyn,hybrid,logistic_regression,5,2,1783,0,1,0.6284957724796063
aeeem_mylyn,hybrid,logistic_regression,5,2,1792,0,1,0.5536039648079636
aeeem_mylyn,hybrid,logistic_regression,5,2,1793,0,0,0.23208930522714113
aeeem_mylyn,hybrid,logistic_regression,5,2,1799,1,1,0.5846738515845957
aeeem_mylyn,hybrid,logistic_regression,5,2,1800,0,0,0.03385089050469465
aeeem_mylyn,hybrid,logistic_regression,5,2,1807,0,0,0.06971618407403073
aeeem_mylyn,hybrid,logistic_regression,5,2,1808,1,1,0.557169276688668
aeeem_mylyn,hybrid,logistic_regression,5,2,1816,0,1,0.706316512233626
aeeem_mylyn,hybrid,logistic_regression,5,2,1818,0,0,0.012040374281388516
aeeem_mylyn,hybrid,logistic_regression,5,2,1825,0,0,0.2402193571686287
aeeem_mylyn,hybrid,logistic_regression,5,2,1832,0,0,0.22768523543868852
aeeem_mylyn,hybrid,logistic_regression,5,2,1838,0,1,0.7103842025055949
aeeem_mylyn,hybrid,logistic_regression,5,2,1848,0,0,0.14341280280749266
aeeem_mylyn,hybrid,logistic_regression,5,2,1850,1,1,0.8311222038471171
aeeem_mylyn,hybrid,logistic_regression,5,2,1851,0,0,0.41729029342129187
aeeem_mylyn,hybrid,logistic_regression,5,2,1855,1,0,0.23656049987549665
aeeem_mylyn,hybrid,logistic_regression,5,3,7,0,0,8.774072064338246e-05
aeeem_mylyn,hybrid,logistic_regression,5,3,11,0,1,0.5228271104148619
aeeem_mylyn,hybrid,logistic_regression,5,3,12,0,0,0.0006843411031137788
aeeem_mylyn,hybrid,logistic_regression,5,3,15,0,0,0.14598641876202012
aeeem_mylyn,hybrid,logistic_regression,5,3,18,0,0,0.468599867148216
aeeem_mylyn,hybrid,logistic_regression,5,3,31,0,0,0.0645519090713003
aeeem_mylyn,hybrid,logistic_regression,5,3,33,0,1,0.6554944166440176
aeeem_mylyn,hybrid,logistic_regression,5,3,46,1,0,0.31508008848391633
aeeem_mylyn,hybrid,logistic_regression,5,3,68,1,1,0.9812961966810698
aeeem_mylyn,hybrid,logistic_regression,5,3,79,0,0,0.15865624063639616
aeeem_mylyn,hybrid,logistic_regression,5,3,89,0,0,0.34617227902419395
aeeem_mylyn,hybrid,logistic_regression,5,3,96,0,0,0.2830157205545575
aeeem_mylyn,hybrid,logistic_regression,5,3,98,0,0,0.2042218767616658
aeeem_mylyn,hybrid,logistic_regression,5,3,101,0,0,0.09336658595356391
aeeem_mylyn,hybrid,logistic_regression,5,3,103,0,0,0.13855343125520897
aeeem_mylyn,hybrid,logistic_regression,5,3,104,0,1,0.5150890363638382
aeeem_mylyn,hybrid,logistic_regression,5,3,105,0,0,0.20845550759200868
aeeem_mylyn,hybrid,logistic_regression,5,3,115,1,0,0.28033630679542965
aeeem_mylyn,hybrid,logistic_regression,5,3,121,0,0,0.37651551690364726
aeeem_mylyn,hybrid,logistic_regression,5,3,130,0,0,0.39232595047626206
aeeem_mylyn,hybrid,logistic_regression,5,3,133,1,0,0.18523758716490082
aeeem_mylyn,hybrid,logistic_regression,5,3,136,0,1,0.7975448344138134
aeeem_mylyn,hybrid,logistic_regression,5,3,137,0,0,0.013510860961399354
aeeem_mylyn,hybrid,logistic_regression,5,3,138,0,0,0.2986732009396799
aeeem_mylyn,hybrid,logistic_regression,5,3,139,0,0,0.16757472796433961
aeeem_mylyn,hybrid,logistic_regression,5,3,157,0,1,0.6734728253573838
aeeem_mylyn,hybrid,logistic_regression,5,3,165,0,1,0.7627116824951877
aeeem_mylyn,hybrid,logistic_regression,5,3,169,1,0,0.4163368818648679
aeeem_mylyn,hybrid,logistic_regression,5,3,177,0,0,0.27823310233767995
aeeem_mylyn,hybrid,logistic_regression,5,3,185,0,0,0.13681675358254997
aeeem_mylyn,hybrid,logistic_regression,5,3,191,0,1,0.7601651191825001
aeeem_mylyn,hybrid,logistic_regression,5,3,203,0,1,0.8200203138182156
aeeem_mylyn,hybrid,logistic_regression,5,3,205,1,1,0.8168128088956503
aeeem_mylyn,hybrid,logistic_regression,5,3,207,0,1,0.8572970893861386
aeeem_mylyn,hybrid,logistic_regression,5,3,208,1,0,0.2903096520740315
aeeem_mylyn,hybrid,logistic_regression,5,3,213,0,1,0.5652071364627844
aeeem_mylyn,hybrid,logistic_regression,5,3,216,0,0,0.11782076218683629
aeeem_mylyn,hybrid,logistic_regression,5,3,220,0,0,0.16968567558054923
aeeem_mylyn,hybrid,logistic_regression,5,3,227,0,0,0.47175630865137547
aeeem_mylyn,hybrid,logistic_regression,5,3,234,0,0,0.06753570900051409
aeeem_mylyn,hybrid,logistic_regression,5,3,236,0,0,0.04238801550455636
aeeem_mylyn,hybrid,logistic_regression,5,3,237,0,1,0.7904928015906092
aeeem_mylyn,hybrid,logistic_regression,5,3,238,0,0,0.28640222222219297
aeeem_mylyn,hybrid,logistic_regression,5,3,244,0,0,0.0681991425976082
aeeem_mylyn,hybrid,logistic_regression,5,3,248,0,0,0.16292787771144956
aeeem_mylyn,hybrid,logistic_regression,5,3,255,0,1,0.7182241128415044
aeeem_mylyn,hybrid,logistic_regression,5,3,264,0,0,0.027041742879721806
aeeem_mylyn,hybrid,logistic_regression,5,3,265,0,0,0.12851128402532
aeeem_mylyn,hybrid,logistic_regression,5,3,268,0,0,0.0153041105072157
aeeem_mylyn,hybrid,logistic_regression,5,3,270,0,0,0.0013998127139929093
aeeem_mylyn,hybrid,logistic_regression,5,3,289,1,1,0.6870588749160982
aeeem_mylyn,hybrid,logistic_regression,5,3,290,0,0,0.06144537009409336
aeeem_mylyn,hybrid,logistic_regression,5,3,291,1,0,0.27395269550656043
aeeem_mylyn,hybrid,logistic_regression,5,3,309,0,0,0.45227710805635196
aeeem_mylyn,hybrid,logistic_regression,5,3,310,0,0,0.15298433419344687
aeeem_mylyn,hybrid,logistic_regression,5,3,312,0,1,0.7495807048909925
aeeem_mylyn,hybrid,logistic_regression,5,3,313,0,0,0.05770194202484148
aeeem_mylyn,hybrid,logistic_regression,5,3,314,0,0,0.23124418365936739
aeeem_mylyn,hybrid,logistic_regression,5,3,321,0,0,0.31132679397373375
aeeem_mylyn,hybrid,logistic_regression,5,3,340,0,1,0.5760826691875791
aeeem_mylyn,hybrid,logistic_regression,5,3,359,0,0,0.08704726774721532
aeeem_mylyn,hybrid,logistic_regression,5,3,366,0,0,0.26696313532236166
aeeem_mylyn,hybrid,logistic_regression,5,3,377,0,0,0.3606494760215129
aeeem_mylyn,hybrid,logistic_regression,5,3,390,0,0,0.0676282996801238
aeeem_mylyn,hybrid,logistic_regression,5,3,395,0,0,0.10507319614092585
aeeem_mylyn,hybrid,logistic_regression,5,3,396,0,1,0.8203792327072272
aeeem_mylyn,hybrid,logistic_regression,5,3,398,0,0,0.24693389229318174
aeeem_mylyn,hybrid,logistic_regression,5,3,408,0,0,0.2667313946924752
aeeem_mylyn,hybrid,logistic_regression,5,3,411,0,0,0.04574832689048169
aeeem_mylyn,hybrid,logistic_regression,5,3,417,0,1,0.6493735512812023
aeeem_mylyn,hybrid,logistic_regression,5,3,420,0,1,0.5368174733631803
aeeem_mylyn,hybrid,logistic_regression,5,3,425,0,0,0.1886481493068432
aeeem_mylyn,hybrid,logistic_regression,5,3,440,0,1,0.5647320716964124
aeeem_mylyn,hybrid,logistic_regression,5,3,447,0,0,0.0312628604368253
aeeem_mylyn,hybrid,logistic_regression,5,3,449,0,0,0.2263236323901132
aeeem_mylyn,hybrid,logistic_regression,5,3,453,0,0,0.02253168187765686
aeeem_mylyn,hybrid,logistic_regression,5,3,455,1,1,0.6077904285512552
aeeem_mylyn,hybrid,logistic_regression,5,3,459,1,1,0.5010737335233221
aeeem_mylyn,hybrid,logistic_regression,5,3,462,0,0,0.23981727686959364
aeeem_mylyn,hybrid,logistic_regression,5,3,479,0,0,0.0013119930634295212
aeeem_mylyn,hybrid,logistic_regression,5,3,485,0,0,0.030361075534591258
aeeem_mylyn,hybrid,logistic_regression,5,3,498,1,1,0.6826345330771694
aeeem_mylyn,hybrid,logistic_regression,5,3,500,0,1,0.6311608310279322
aeeem_mylyn,hybrid,logistic_regression,5,3,503,0,0,0.18495570602120523
aeeem_mylyn,hybrid,logistic_regression,5,3,504,0,1,0.5389890339007778
aeeem_mylyn,hybrid,logistic_regression,5,3,507,0,0,0.0003129630726664041
aeeem_mylyn,hybrid,logistic_regression,5,3,508,0,1,0.6882060070791447
aeeem_mylyn,hybrid,logistic_regression,5,3,512,0,0,0.004233965594192426
aeeem_mylyn,hybrid,logistic_regression,5,3,535,0,1,0.9129714204449593
aeeem_mylyn,hybrid,logistic_regression,5,3,537,0,0,0.4328256166246286
aeeem_mylyn,hybrid,logistic_regression,5,3,540,0,0,0.07897904452913282
aeeem_mylyn,hybrid,logistic_regression,5,3,543,1,0,0.34743103581706775
aeeem_mylyn,hybrid,logistic_regression,5,3,545,1,0,0.486555164258829
aeeem_mylyn,hybrid,logistic_regression,5,3,552,1,1,0.9999493508221655
aeeem_mylyn,hybrid,logistic_regression,5,3,557,1,1,0.5811396254630742
aeeem_mylyn,hybrid,logistic_regression,5,3,561,1,0,0.08844139045405275
aeeem_mylyn,hybrid,logistic_regression,5,3,562,0,0,0.06894430153883342
aeeem_mylyn,hybrid,logistic_regression,5,3,566,0,0,0.03731010909248531
aeeem_mylyn,hybrid,logistic_regression,5,3,572,0,0,0.277003068558455
aeeem_mylyn,hybrid,logistic_regression,5,3,574,0,1,0.6419450970597231
aeeem_mylyn,hybrid,logistic_regression,5,3,575,0,0,0.007056811920059093
aeeem_mylyn,hybrid,logistic_regression,5,3,578,0,0,0.14517598734646056
aeeem_mylyn,hybrid,logistic_regression,5,3,580,0,0,0.0004359068452613854
aeeem_mylyn,hybrid,logistic_regression,5,3,588,0,1,0.8743760606370888
aeeem_mylyn,hybrid,logistic_regression,5,3,591,0,0,0.03182550996371828
aeeem_mylyn,hybrid,logistic_regression,5,3,592,0,0,0.006438832046459617
aeeem_mylyn,hybrid,logistic_regression,5,3,601,0,0,0.010598524765526902
aeeem_mylyn,hybrid,logistic_regression,5,3,602,1,1,0.5443075325869278
aeeem_mylyn,hybrid,logistic_regression,5,3,606,0,0,0.019187445535269302
aeeem_mylyn,hybrid,logistic_regression,5,3,607,1,1,0.7276038552697728
aeeem_mylyn,hybrid,logistic_regression,5,3,609,0,0,0.012114820182771314
aeeem_mylyn,hybrid,logistic_regression,5,3,610,0,1,0.6554944166440176
aeeem_mylyn,hybrid,logistic_regression,5,3,618,0,1,0.7295707150900769
aeeem_mylyn,hybrid,logistic_regression,5,3,621,0,1,0.6237724474111083
aeeem_mylyn,hybrid,logistic_regression,5,3,632,0,0,0.0601239126648029
aeeem_mylyn,hybrid,logistic_regression,5,3,634,0,0,0.00012076605094959912
aeeem_mylyn,hybrid,logistic_regression,5,3,638,0,0,0.1673191438653791
aeeem_mylyn,hybrid,logistic_regression,5,3,639,0,0,0.1575339841015122
aeeem_mylyn,hybrid,logistic_regression,5,3,649,0,0,0.06450297508987339
aeeem_mylyn,hybrid,logistic_regression,5,3,657,0,0,0.009644658552683325
aeeem_mylyn,hybrid,logistic_regression,5,3,672,0,0,0.09860280769914823
aeeem_mylyn,hybrid,logistic_regression,5,3,678,0,0,0.019859253512244716
aeeem_mylyn,hybrid,logistic_regression,5,3,685,0,0,0.01401285970271336
aeeem_mylyn,hybrid,logistic_regression,5,3,691,0,0,0.01259114306184599
aeeem_mylyn,hybrid,logistic_regression,5,3,697,1,1,0.6824885966460644
aeeem_mylyn,hybrid,logistic_regression,5,3,702,0,1,0.646634505195006
aeeem_mylyn,hybrid,logistic_regression,5,3,704,0,1,0.6659894551753226
aeeem_mylyn,hybrid,logistic_regression,5,3,711,0,0,0.3915906665095344
aeeem_mylyn,hybrid,logistic_regression,5,3,714,0,0,0.0022915621340249474
aeeem_mylyn,hybrid,logistic_regression,5,3,719,0,0,0.43268192915875353
aeeem_mylyn,hybrid,logistic_regression,5,3,727,0,0,0.06645293069119304
aeeem_mylyn,hybrid,logistic_regression,5,3,728,0,0,0.09719460259688362
aeeem_mylyn,hybrid,logistic_regression,5,3,733,0,0,0.014338560629960648
aeeem_mylyn,hybrid,logistic_regression,5,3,743,0,0,0.011167995895567922
aeeem_mylyn,hybrid,logistic_regression,5,3,746,0,0,0.08818878562370208
aeeem_mylyn,hybrid,logistic_regression,5,3,757,0,0,0.026322637947462986
aeeem_mylyn,hybrid,logistic_regression,5,3,760,0,0,0.004191676932238331
aeeem_mylyn,hybrid,logistic_regression,5,3,773,0,1,0.624978037594737
aeeem_mylyn,hybrid,logistic_regression,5,3,785,1,1,0.7362119349869903
aeeem_mylyn,hybrid,logistic_regression,5,3,788,0,0,0.010012999434902886
aeeem_mylyn,hybrid,logistic_regression,5,3,789,0,0,0.47159562215098083
aeeem_mylyn,hybrid,logistic_regression,5,3,794,0,0,0.025936718404924425
aeeem_mylyn,hybrid,logistic_regression,5,3,798,0,0,0.05832849862910417
aeeem_mylyn,hybrid,logistic_regression,5,3,799,0,0,0.009938464867000434
aeeem_mylyn,hybrid,logistic_regression,5,3,805,0,1,0.7280044786604093
aeeem_mylyn,hybrid,logistic_regression,5,3,806,0,0,0.25742161098280986
aeeem_mylyn,hybrid,logistic_regression,5,3,814,0,0,0.25554023354794614
aeeem_mylyn,hybrid,logistic_regression,5,3,817,0,0,0.4894181360410598
aeeem_mylyn,hybrid,logistic_regression,5,3,819,1,1,0.979357977145765
aeeem_mylyn,hybrid,logistic_regression,5,3,823,1,1,0.8467704528930922
aeeem_mylyn,hybrid,logistic_regression,5,3,825,0,1,0.7224377622414309
aeeem_mylyn,hybrid,logistic_regression,5,3,830,1,1,0.6743913801433589
aeeem_mylyn,hybrid,logistic_regression,5,3,832,1,1,0.7517804875288456
aeeem_mylyn,hybrid,logistic_regression,5,3,834,0,0,0.45585863185851166
aeeem_mylyn,hybrid,logistic_regression,5,3,837,0,0,0.002797597177840671
aeeem_mylyn,hybrid,logistic_regression,5,3,838,0,0,0.2064092226373196
aeeem_mylyn,hybrid,logistic_regression,5,3,847,0,0,0.03952573746805427
aeeem_mylyn,hybrid,logistic_regression,5,3,855,0,0,0.0006471999785275128
aeeem_mylyn,hybrid,logistic_regression,5,3,863,0,0,0.04626067415527519
aeeem_mylyn,hybrid,logistic_regression,5,3,864,0,0,0.19699024167167747
aeeem_mylyn,hybrid,logistic_regression,5,3,868,1,1,0.5539730959012531
aeeem_mylyn,hybrid,logistic_regression,5,3,869,0,0,0.16242892292137226
aeeem_mylyn,hybrid,logistic_regression,5,3,875,0,0,0.04918075571853
aeeem_mylyn,hybrid,logistic_regression,5,3,879,0,0,0.36395671009116026
aeeem_mylyn,hybrid,logistic_regression,5,3,880,0,0,0.3491440415392209
aeeem_mylyn,hybrid,logistic_regression,5,3,881,0,1,0.7584579889868734
aeeem_mylyn,hybrid,logistic_regression,5,3,893,0,0,0.348352621964117
aeeem_mylyn,hybrid,logistic_regression,5,3,899,0,0,0.37352501224697965
aeeem_mylyn,hybrid,logistic_regression,5,3,908,0,1,0.7497581195515369
aeeem_mylyn,hybrid,logistic_regression,5,3,910,0,0,0.37415355064275535
aeeem_mylyn,hybrid,logistic_regression,5,3,916,0,0,0.2964219513238975
aeeem_mylyn,hybrid,logistic_regression,5,3,917,0,0,0.06831755824503706
aeeem_mylyn,hybrid,logistic_regression,5,3,919,0,0,0.013447848878625157
aeeem_mylyn,hybrid,logistic_regression,5,3,924,0,0,0.37198871201673084
aeeem_mylyn,hybrid,logistic_regression,5,3,929,0,0,0.010686076868442739
aeeem_mylyn,hybrid,logistic_regression,5,3,932,0,0,0.07322441843991914
aeeem_mylyn,hybrid,logistic_regression,5,3,941,0,0,0.05481437706375946
aeeem_mylyn,hybrid,logistic_regression,5,3,944,0,0,0.06943344980144427
aeeem_mylyn,hybrid,logistic_regression,5,3,951,1,0,0.3572262638939065
aeeem_mylyn,hybrid,logistic_regression,5,3,954,0,1,0.5237828416486683
aeeem_mylyn,hybrid,logistic_regression,5,3,955,1,1,0.9629449660214906
aeeem_mylyn,hybrid,logistic_regression,5,3,959,0,0,0.04891493279171149
aeeem_mylyn,hybrid,logistic_regression,5,3,966,0,0,0.08164143538724883
aeeem_mylyn,hybrid,logistic_regression,5,3,975,0,0,0.17808647928498555
aeeem_mylyn,hybrid,logistic_regression,5,3,977,0,0,0.07635928544549142
aeeem_mylyn,hybrid,logistic_regression,5,3,980,0,0,0.4584475639852114
aeeem_mylyn,hybrid,logistic_regression,5,3,983,1,0,0.08804002169851016
aeeem_mylyn,hybrid,logistic_regression,5,3,1000,0,0,0.2603355109729255
aeeem_mylyn,hybrid,logistic_regression,5,3,1001,1,1,0.818244255191585
aeeem_mylyn,hybrid,logistic_regression,5,3,1002,0,0,0.2723827893899473
aeeem_mylyn,hybrid,logistic_regression,5,3,1003,0,0,0.023424055772006538
aeeem_mylyn,hybrid,logistic_regression,5,3,1010,0,0,0.49026344427132595
aeeem_mylyn,hybrid,logistic_regression,5,3,1015,0,0,0.10831121689443453
aeeem_mylyn,hybrid,logistic_regression,5,3,1023,0,1,0.7200967916781236
aeeem_mylyn,hybrid,logistic_regression,5,3,1028,0,0,0.3523351323820143
aeeem_mylyn,hybrid,logistic_regression,5,3,1030,0,0,0.44762521598756455
aeeem_mylyn,hybrid,logistic_regression,5,3,1039,0,1,0.5473532249827251
aeeem_mylyn,hybrid,logistic_regression,5,3,1043,0,0,0.3607129953141859
aeeem_mylyn,hybrid,logistic_regression,5,3,1048,0,0,0.01149703821064254
aeeem_mylyn,hybrid,logistic_regression,5,3,1049,0,0,0.40728376553048024
aeeem_mylyn,hybrid,logistic_regression,5,3,1051,0,1,0.6791021200818559
aeeem_mylyn,hybrid,logistic_regression,5,3,1052,0,0,0.00043277981204256123
aeeem_mylyn,hybrid,logistic_regression,5,3,1063,0,0,0.010706622513077668
aeeem_mylyn,hybrid,logistic_regression,5,3,1065,0,0,0.08557032176705127
aeeem_mylyn,hybrid,logistic_regression,5,3,1070,0,0,0.03697544499586085
aeeem_mylyn,hybrid,logistic_regression,5,3,1071,0,1,0.8185286103077564
aeeem_mylyn,hybrid,logistic_regression,5,3,1091,0,0,0.06083499517503084
aeeem_mylyn,hybrid,logistic_regression,5,3,1093,0,0,0.1435019044500669
aeeem_mylyn,hybrid,logistic_regression,5,3,1099,0,0,0.17963404464238025
aeeem_mylyn,hybrid,logistic_regression,5,3,1100,0,1,0.5575907154323393
aeeem_mylyn,hybrid,logistic_regression,5,3,1104,0,0,0.1066684932212299
aeeem_mylyn,hybrid,logistic_regression,5,3,1109,0,1,0.7380037810036949
aeeem_mylyn,hybrid,logistic_regression,5,3,1111,0,0,0.0003151470280741676
aeeem_mylyn,hybrid,logistic_regression,5,3,1113,0,0,0.03619435640854687
aeeem_mylyn,hybrid,logistic_regression,5,3,1115,0,0,0.10525916520300023
aeeem_mylyn,hybrid,logistic_regression,5,3,1116,0,0,0.1543754581136338
aeeem_mylyn,hybrid,logistic_regression,5,3,1120,0,0,0.15453854236353612
aeeem_mylyn,hybrid,logistic_regression,5,3,1127,1,0,0.3030559293952018
aeeem_mylyn,hybrid,logistic_regression,5,3,1130,0,0,0.0005652724477534134
aeeem_mylyn,hybrid,logistic_regression,5,3,1134,0,0,0.12859775335406498
aeeem_mylyn,hybrid,logistic_regression,5,3,1135,0,1,0.8745826546604567
aeeem_mylyn,hybrid,logistic_regression,5,3,1136,0,0,0.1623901783386031
aeeem_mylyn,hybrid,logistic_regression,5,3,1140,0,0,0.044726825932434176
aeeem_mylyn,hybrid,logistic_regression,5,3,1142,0,0,0.07496668302380985
aeeem_mylyn,hybrid,logistic_regression,5,3,1169,0,1,0.5220597654892944
aeeem_mylyn,hybrid,logistic_regression,5,3,1172,0,0,0.24927187149627392
aeeem_mylyn,hybrid,logistic_regression,5,3,1176,0,1,0.6556466021496552
aeeem_mylyn,hybrid,logistic_regression,5,3,1180,0,0,0.033742221427963806
aeeem_mylyn,hybrid,logistic_regression,5,3,1182,0,0,0.2566437988238866
aeeem_mylyn,hybrid,logistic_regression,5,3,1189,0,0,0.0007267260293431898
aeeem_mylyn,hybrid,logistic_regression,5,3,1190,0,1,0.739865395982065
aeeem_mylyn,hybrid,logistic_regression,5,3,1194,0,0,0.20272446992805362
aeeem_mylyn,hybrid,logistic_regression,5,3,1197,0,1,0.8175602774319185
aeeem_mylyn,hybrid,logistic_regression,5,3,1201,0,0,0.0210913001649221
aeeem_mylyn,hybrid,logistic_regression,5,3,1212,0,0,0.26282908490810064
aeeem_mylyn,hybrid,logistic_regression,5,3,1214,0,0,0.16840351717604216
aeeem_mylyn,hybrid,logistic_regression,5,3,1216,0,0,0.07489629015046005
aeeem_mylyn,hybrid,logistic_regression,5,3,1220,0,0,0.04362916459035404
aeeem_mylyn,hybrid,logistic_regression,5,3,1221,0,0,0.16987622913815834
aeeem_mylyn,hybrid,logistic_regression,5,3,1223,0,0,0.17029333939837354
aeeem_mylyn,hybrid,logistic_regression,5,3,1226,0,0,0.13845731235401015
aeeem_mylyn,hybrid,logistic_regression,5,3,1231,0,0,0.08822909503583683
aeeem_mylyn,hybrid,logistic_regression,5,3,1232,0,0,0.16467515449550332
aeeem_mylyn,hybrid,logistic_regression,5,3,1235,0,0,0.005213732812228422
aeeem_mylyn,hybrid,logistic_regression,5,3,1237,0,0,0.061020476962345464
aeeem_mylyn,hybrid,logistic_regression,5,3,1238,0,0,0.0828622062434352
aeeem_mylyn,hybrid,logistic_regression,5,3,1239,0,0,0.24008046819434037
aeeem_mylyn,hybrid,logistic_regression,5,3,1253,0,0,0.2544182150536733
aeeem_mylyn,hybrid,logistic_regression,5,3,1259,0,0,0.3546413102890236
aeeem_mylyn,hybrid,logistic_regression,5,3,1264,0,1,0.747960513818441
aeeem_mylyn,hybrid,logistic_regression,5,3,1266,0,0,0.20401631276851706
aeeem_mylyn,hybrid,logistic_regression,5,3,1270,0,1,0.6436433475690394
aeeem_mylyn,hybrid,logistic_regression,5,3,1271,0,0,0.019685553662908972
aeeem_mylyn,hybrid,logistic_regression,5,3,1273,0,0,0.42724542360243584
aeeem_mylyn,hybrid,logistic_regression,5,3,1276,0,1,0.8869233793339795
aeeem_mylyn,hybrid,logistic_regression,5,3,1281,0,0,0.21602174802947247
aeeem_mylyn,hybrid,logistic_regression,5,3,1286,0,0,0.46485244250473123
aeeem_mylyn,hybrid,logistic_regression,5,3,1291,0,0,0.1433106554004578
aeeem_mylyn,hybrid,logistic_regression,5,3,1297,0,0,0.05977831837197995
aeeem_mylyn,hybrid,logistic_regression,5,3,1300,0,1,0.994220701345977
aeeem_mylyn,hybrid,logistic_regression,5,3,1301,0,1,0.8255779200001233
aeeem_mylyn,hybrid,logistic_regression,5,3,1303,0,0,0.0002091479988885394
aeeem_mylyn,hybrid,logistic_regression,5,3,1311,0,1,0.5007356584444341
aeeem_mylyn,hybrid,logistic_regression,5,3,1314,0,0,0.2804132236288065
aeeem_mylyn,hybrid,logistic_regression,5,3,1325,0,0,0.2448099402227521
aeeem_mylyn,hybrid,logistic_regression,5,3,1335,1,1,0.9304745534452913
aeeem_mylyn,hybrid,logistic_regression,5,3,1337,0,0,0.43264243361601623
aeeem_mylyn,hybrid,logistic_regression,5,3,1345,0,1,0.5171409391768164
aeeem_mylyn,hybrid,logistic_regression,5,3,1347,0,0,0.09686835875382728
aeeem_mylyn,hybrid,logistic_regression,5,3,1354,0,1,0.6210054929597385
aeeem_mylyn,hybrid,logistic_regression,5,3,1360,0,0,0.00879999323708408
aeeem_mylyn,hybrid,logistic_regression,5,3,1361,1,1,0.5497244692705783
aeeem_mylyn,hybrid,logistic_regression,5,3,1363,0,0,0.2173283297077456
aeeem_mylyn,hybrid,logistic_regression,5,3,1365,1,1,0.697317776267517
aeeem_mylyn,hybrid,logistic_regression,5,3,1367,0,0,0.024198289979706814
aeeem_mylyn,hybrid,logistic_regression,5,3,1369,0,0,0.022176458103007102
aeeem_mylyn,hybrid,logistic_regression,5,3,1374,0,0,0.12420421034884045
aeeem_mylyn,hybrid,logistic_regression,5,3,1375,0,0,0.0009615322780977746
aeeem_mylyn,hybrid,logistic_regression,5,3,1376,0,0,0.0009567861261163173
aeeem_mylyn,hybrid,logistic_regression,5,3,1378,1,1,0.5358885234789652
aeeem_mylyn,hybrid,logistic_regression,5,3,1381,0,1,0.5278604243204932
aeeem_mylyn,hybrid,logistic_regression,5,3,1385,0,0,0.017973972152376814
aeeem_mylyn,hybrid,logistic_regression,5,3,1386,0,0,0.027444236467550807
aeeem_mylyn,hybrid,logistic_regression,5,3,1395,1,1,0.6239496690344313
aeeem_mylyn,hybrid,logistic_regression,5,3,1399,0,0,0.11866339580368779
aeeem_mylyn,hybrid,logistic_regression,5,3,1413,0,1,0.7132001298783859
aeeem_mylyn,hybrid,logistic_regression,5,3,1414,0,0,0.029068184646556666
aeeem_mylyn,hybrid,logistic_regression,5,3,1419,0,0,0.07989155370656557
aeeem_mylyn,hybrid,logistic_regression,5,3,1424,0,0,0.2550824798648037
aeeem_mylyn,hybrid,logistic_regression,5,3,1426,0,0,0.42523779463000516
aeeem_mylyn,hybrid,logistic_regression,5,3,1427,0,1,0.7955948410647432
aeeem_mylyn,hybrid,logistic_regression,5,3,1430,0,0,0.04077483718135096
aeeem_mylyn,hybrid,logistic_regression,5,3,1432,0,0,0.21161889876501677
aeeem_mylyn,hybrid,logistic_regression,5,3,1437,0,0,0.1807269788131281
aeeem_mylyn,hybrid,logistic_regression,5,3,1440,0,0,0.10225398803548734
aeeem_mylyn,hybrid,logistic_regression,5,3,1443,0,0,0.09595248266968748
aeeem_mylyn,hybrid,logistic_regression,5,3,1445,0,1,0.7777719100552027
aeeem_mylyn,hybrid,logistic_regression,5,3,1451,0,0,0.10666747550811057
aeeem_mylyn,hybrid,logistic_regression,5,3,1460,1,1,0.8566273962636307
aeeem_mylyn,hybrid,logistic_regression,5,3,1465,1,0,0.4990045933949293
aeeem_mylyn,hybrid,logistic_regression,5,3,1477,1,1,0.9803793686050563
aeeem_mylyn,hybrid,logistic_regression,5,3,1484,0,0,0.016666494980519607
aeeem_mylyn,hybrid,logistic_regression,5,3,1488,0,0,0.15155008500344874
aeeem_mylyn,hybrid,logistic_regression,5,3,1490,1,1,0.6277064981934863
aeeem_mylyn,hybrid,logistic_regression,5,3,1493,1,1,0.5221641731468882
aeeem_mylyn,hybrid,logistic_regression,5,3,1495,0,0,0.44009744206047435
aeeem_mylyn,hybrid,logistic_regression,5,3,1503,0,1,0.5456035681824332
aeeem_mylyn,hybrid,logistic_regression,5,3,1509,0,1,0.5464165020367258
aeeem_mylyn,hybrid,logistic_regression,5,3,1520,0,0,0.26435151396780154
aeeem_mylyn,hybrid,logistic_regression,5,3,1522,0,0,0.006257154078983203
aeeem_mylyn,hybrid,logistic_regression,5,3,1524,0,0,0.05202294105488405
aeeem_mylyn,hybrid,logistic_regression,5,3,1526,0,0,0.008652301100943994
aeeem_mylyn,hybrid,logistic_regression,5,3,1527,0,0,0.4521489734592144
aeeem_mylyn,hybrid,logistic_regression,5,3,1554,0,0,0.04710061657282846
aeeem_mylyn,hybrid,logistic_regression,5,3,1557,0,0,0.0010994778271384994
aeeem_mylyn,hybrid,logistic_regression,5,3,1565,1,1,0.8268485581980181
aeeem_mylyn,hybrid,logistic_regression,5,3,1572,0,0,0.08476395757093363
aeeem_mylyn,hybrid,logistic_regression,5,3,1574,1,1,0.9976001490346036
aeeem_mylyn,hybrid,logistic_regression,5,3,1581,0,0,0.19103542671506885
aeeem_mylyn,hybrid,logistic_regression,5,3,1583,0,0,0.06287273033345951
aeeem_mylyn,hybrid,logistic_regression,5,3,1586,1,1,0.9882857849959472
aeeem_mylyn,hybrid,logistic_regression,5,3,1593,0,0,0.08882621434901433
aeeem_mylyn,hybrid,logistic_regression,5,3,1596,0,0,0.033837510638648996
aeeem_mylyn,hybrid,logistic_regression,5,3,1604,0,0,0.1380882396272991
aeeem_mylyn,hybrid,logistic_regression,5,3,1611,0,0,0.0005232329159830942
aeeem_mylyn,hybrid,logistic_regression,5,3,1616,0,0,0.31596678930074584
aeeem_mylyn,hybrid,logistic_regression,5,3,1618,0,0,0.41623808232004256
aeeem_mylyn,hybrid,logistic_regression,5,3,1628,0,0,0.2732309104111463
aeeem_mylyn,hybrid,logistic_regression,5,3,1636,0,0,0.013188863197373292
aeeem_mylyn,hybrid,logistic_regression,5,3,1637,0,1,0.7242133958297762
aeeem_mylyn,hybrid,logistic_regression,5,3,1645,1,1,0.5604263289436244
aeeem_mylyn,hybrid,logistic_regression,5,3,1656,0,0,0.3516519780673392
aeeem_mylyn,hybrid,logistic_regression,5,3,1660,0,0,0.11617562639219522
aeeem_mylyn,hybrid,logistic_regression,5,3,1672,0,0,0.0680061919858622
aeeem_mylyn,hybrid,logistic_regression,5,3,1684,0,0,0.4092112360892018
aeeem_mylyn,hybrid,logistic_regression,5,3,1685,0,0,0.022405651201908818
aeeem_mylyn,hybrid,logistic_regression,5,3,1686,0,0,0.16120042240214746
aeeem_mylyn,hybrid,logistic_regression,5,3,1690,0,0,0.10695061073588653
aeeem_mylyn,hybrid,logistic_regression,5,3,1691,0,0,0.09096611388868114
aeeem_mylyn,hybrid,logistic_regression,5,3,1693,0,1,0.6597792485236518
aeeem_mylyn,hybrid,logistic_regression,5,3,1697,1,1,0.7799864118261506
aeeem_mylyn,hybrid,logistic_regression,5,3,1701,0,0,0.34682699602797296
aeeem_mylyn,hybrid,logistic_regression,5,3,1702,0,0,0.10791626757789295
aeeem_mylyn,hybrid,logistic_regression,5,3,1703,0,1,0.7119197744864283
aeeem_mylyn,hybrid,logistic_regression,5,3,1705,0,0,0.12462173631792917
aeeem_mylyn,hybrid,logistic_regression,5,3,1710,0,0,0.007713323878538887
aeeem_mylyn,hybrid,logistic_regression,5,3,1711,0,1,0.8186213939612386
aeeem_mylyn,hybrid,logistic_regression,5,3,1732,1,0,0.4847369819646892
aeeem_mylyn,hybrid,logistic_regression,5,3,1740,0,1,0.8195595130573119
aeeem_mylyn,hybrid,logistic_regression,5,3,1742,0,1,0.7561596712148309
aeeem_mylyn,hybrid,logistic_regression,5,3,1744,0,0,0.19192391991066987
aeeem_mylyn,hybrid,logistic_regression,5,3,1746,0,0,0.045637870087309476
aeeem_mylyn,hybrid,logistic_regression,5,3,1753,0,1,0.5074383390447498
aeeem_mylyn,hybrid,logistic_regression,5,3,1756,1,1,0.7789375722889461
aeeem_mylyn,hybrid,logistic_regression,5,3,1759,1,1,0.9997286744160672
aeeem_mylyn,hybrid,logistic_regression,5,3,1760,0,0,0.49420166514690156
aeeem_mylyn,hybrid,logistic_regression,5,3,1762,0,0,0.3035566267801062
aeeem_mylyn,hybrid,logistic_regression,5,3,1773,0,0,0.2581667989702661
aeeem_mylyn,hybrid,logistic_regression,5,3,1782,0,0,0.02849248591128558
aeeem_mylyn,hybrid,logistic_regression,5,3,1787,0,0,0.2643283344664519
aeeem_mylyn,hybrid,logistic_regression,5,3,1797,0,0,0.11977909694365672
aeeem_mylyn,hybrid,logistic_regression,5,3,1804,0,0,0.33026527545816875
aeeem_mylyn,hybrid,logistic_regression,5,3,1810,0,0,0.03889848094758583
aeeem_mylyn,hybrid,logistic_regression,5,3,1811,0,1,0.8999018193726225
aeeem_mylyn,hybrid,logistic_regression,5,3,1814,0,0,0.15315996715745903
aeeem_mylyn,hybrid,logistic_regression,5,3,1820,0,0,9.237211647944132e-05
aeeem_mylyn,hybrid,logistic_regression,5,3,1821,0,1,0.6705261913501468
aeeem_mylyn,hybrid,logistic_regression,5,3,1829,0,0,0.07506351623873626
aeeem_mylyn,hybrid,logistic_regression,5,3,1833,0,0,0.0031198726303805187
aeeem_mylyn,hybrid,logistic_regression,5,3,1839,0,0,0.062118366280761686
aeeem_mylyn,hybrid,logistic_regression,5,3,1843,0,0,0.3036222992203234
aeeem_mylyn,hybrid,logistic_regression,5,3,1858,0,0,0.22995020743553524
aeeem_mylyn,hybrid,logistic_regression,5,4,2,0,0,0.02598918542481821
aeeem_mylyn,hybrid,logistic_regression,5,4,5,0,0,0.0006710452231940027
aeeem_mylyn,hybrid,logistic_regression,5,4,8,0,1,0.5489456324178806
aeeem_mylyn,hybrid,logistic_regression,5,4,38,0,1,0.6844376691680462
aeeem_mylyn,hybrid,logistic_regression,5,4,39,0,1,0.5010407618541153
aeeem_mylyn,hybrid,logistic_regression,5,4,40,1,1,0.9035135149639684
aeeem_mylyn,hybrid,logistic_regression,5,4,49,0,0,0.34773117947641424
aeeem_mylyn,hybrid,logistic_regression,5,4,50,0,0,0.031781964519194725
aeeem_mylyn,hybrid,logistic_regression,5,4,56,1,1,0.707831865591642
aeeem_mylyn,hybrid,logistic_regression,5,4,64,0,0,0.005745914212002724
aeeem_mylyn,hybrid,logistic_regression,5,4,65,0,0,0.06226869134015933
aeeem_mylyn,hybrid,logistic_regression,5,4,66,0,0,0.032191778360747464
aeeem_mylyn,hybrid,logistic_regression,5,4,67,0,1,0.5055723412236129
aeeem_mylyn,hybrid,logistic_regression,5,4,71,0,0,0.3144419152488118
aeeem_mylyn,hybrid,logistic_regression,5,4,72,0,0,0.1425289668793657
aeeem_mylyn,hybrid,logistic_regression,5,4,73,0,0,0.15678854073492496
aeeem_mylyn,hybrid,logistic_regression,5,4,80,0,1,0.9970165174385526
aeeem_mylyn,hybrid,logistic_regression,5,4,85,0,0,0.46541615508667605
aeeem_mylyn,hybrid,logistic_regression,5,4,87,0,0,0.17956226640248962
aeeem_mylyn,hybrid,logistic_regression,5,4,92,0,0,0.028663608890151782
aeeem_mylyn,hybrid,logistic_regression,5,4,97,0,0,0.08703525368312683
aeeem_mylyn,hybrid,logistic_regression,5,4,100,0,0,0.07247368939558177
aeeem_mylyn,hybrid,logistic_regression,5,4,106,0,0,0.00013240659758328017
aeeem_mylyn,hybrid,logistic_regression,5,4,108,0,1,0.579808645105473
aeeem_mylyn,hybrid,logistic_regression,5,4,109,0,0,0.16451049139167687
aeeem_mylyn,hybrid,logistic_regression,5,4,113,1,0,0.35329586206471497
aeeem_mylyn,hybrid,logistic_regression,5,4,117,0,0,0.015258453383285311
aeeem_mylyn,hybrid,logistic_regression,5,4,124,0,1,0.5222409527852453
aeeem_mylyn,hybrid,logistic_regression,5,4,126,0,0,0.013897346024688029
aeeem_mylyn,hybrid,logistic_regression,5,4,145,0,1,0.851943680606591
aeeem_mylyn,hybrid,logistic_regression,5,4,146,0,0,0.0641536151877418
aeeem_mylyn,hybrid,logistic_regression,5,4,149,0,0,0.32709822191754306
aeeem_mylyn,hybrid,logistic_regression,5,4,150,0,0,0.24147797495682047
aeeem_mylyn,hybrid,logistic_regression,5,4,159,0,0,0.2550495960288361
aeeem_mylyn,hybrid,logistic_regression,5,4,163,0,0,0.39551535868043886
aeeem_mylyn,hybrid,logistic_regression,5,4,175,0,0,0.023507179123430234
aeeem_mylyn,hybrid,logistic_regression,5,4,178,0,0,0.06998053199764735
aeeem_mylyn,hybrid,logistic_regression,5,4,182,0,0,0.04464725453500506
aeeem_mylyn,hybrid,logistic_regression,5,4,189,0,0,0.018598078575966053
aeeem_mylyn,hybrid,logistic_regression,5,4,194,0,1,0.6992522470563551
aeeem_mylyn,hybrid,logistic_regression,5,4,206,0,0,0.38309484962001006
aeeem_mylyn,hybrid,logistic_regression,5,4,209,1,1,0.8593898717438224
aeeem_mylyn,hybrid,logistic_regression,5,4,218,0,1,0.6108236064840737
aeeem_mylyn,hybrid,logistic_regression,5,4,222,1,1,0.5033048447881774
aeeem_mylyn,hybrid,logistic_regression,5,4,224,0,0,0.46050224580463006
aeeem_mylyn,hybrid,logistic_regression,5,4,230,0,0,0.17859095971804426
aeeem_mylyn,hybrid,logistic_regression,5,4,240,0,0,0.004370226211681803
aeeem_mylyn,hybrid,logistic_regression,5,4,256,0,0,0.1544240514525647
aeeem_mylyn,hybrid,logistic_regression,5,4,269,0,0,0.023593706987295238
aeeem_mylyn,hybrid,logistic_regression,5,4,271,0,1,0.5323517482740805
aeeem_mylyn,hybrid,logistic_regression,5,4,272,1,1,0.9500934847082441
aeeem_mylyn,hybrid,logistic_regression,5,4,275,0,0,0.3720630489002588
aeeem_mylyn,hybrid,logistic_regression,5,4,276,0,0,0.0003721784150027355
aeeem_mylyn,hybrid,logistic_regression,5,4,282,0,0,0.02130779425644833
aeeem_mylyn,hybrid,logistic_regression,5,4,284,0,0,0.02701069992593605
aeeem_mylyn,hybrid,logistic_regression,5,4,286,0,1,0.6745418516468696
aeeem_mylyn,hybrid,logistic_regression,5,4,287,0,1,0.6599288399431862
aeeem_mylyn,hybrid,logistic_regression,5,4,292,0,1,0.5966976842833672
aeeem_mylyn,hybrid,logistic_regression,5,4,293,0,0,0.10581913410523232
aeeem_mylyn,hybrid,logistic_regression,5,4,299,0,0,0.12640818079207783
aeeem_mylyn,hybrid,logistic_regression,5,4,316,1,1,0.9991505768530023
aeeem_mylyn,hybrid,logistic_regression,5,4,318,0,0,0.011851962818493381
aeeem_mylyn,hybrid,logistic_regression,5,4,322,0,1,0.5055048362788898
aeeem_mylyn,hybrid,logistic_regression,5,4,328,0,0,0.36941963221232044
aeeem_mylyn,hybrid,logistic_regression,5,4,331,0,1,0.987670063245792
aeeem_mylyn,hybrid,logistic_regression,5,4,333,0,0,0.13236763140995003
aeeem_mylyn,hybrid,logistic_regression,5,4,334,0,0,0.4194150815411098
aeeem_mylyn,hybrid,logistic_regression,5,4,337,1,0,0.3338057985131286
aeeem_mylyn,hybrid,logistic_regression,5,4,346,0,0,0.25176051164715585
aeeem_mylyn,hybrid,logistic_regression,5,4,353,0,0,0.27206685701500444
aeeem_mylyn,hybrid,logistic_regression,5,4,355,0,1,0.7110584229301741
aeeem_mylyn,hybrid,logistic_regression,5,4,356,0,0,0.0015532244750616814
aeeem_mylyn,hybrid,logistic_regression,5,4,358,0,1,0.5024668207059558
aeeem_mylyn,hybrid,logistic_regression,5,4,362,0,0,0.008814581093079027
aeeem_mylyn,hybrid,logistic_regression,5,4,370,0,0,0.3035947586140363
aeeem_mylyn,hybrid,logistic_regression,5,4,378,0,0,0.25187460957445734
aeeem_mylyn,hybrid,logistic_regression,5,4,381,0,1,0.5511045150311286
aeeem_mylyn,hybrid,logistic_regression,5,4,385,0,0,0.008773903916949616
aeeem_mylyn,hybrid,logistic_regression,5,4,386,0,0,0.032434442978005545
aeeem_mylyn,hybrid,logistic_regression,5,4,387,0,0,0.13024812858234633
aeeem_mylyn,hybrid,logistic_regression,5,4,388,0,0,0.008457568508349094
aeeem_mylyn,hybrid,logistic_regression,5,4,391,0,0,0.0013653610035863825
aeeem_mylyn,hybrid,logistic_regression,5,4,392,0,0,0.03282956601394515
aeeem_mylyn,hybrid,logistic_regression,5,4,394,0,0,0.4944672444798337
aeeem_mylyn,hybrid,logistic_regression,5,4,401,0,0,0.03754442892187337
aeeem_mylyn,hybrid,logistic_regression,5,4,402,0,0,0.016774371220426073
aeeem_mylyn,hybrid,logistic_regression,5,4,404,0,0,0.0019394677230893966
aeeem_mylyn,hybrid,logistic_regression,5,4,405,0,1,0.7732687211723027
aeeem_mylyn,hybrid,logistic_regression,5,4,412,0,1,0.7583292338274871
aeeem_mylyn,hybrid,logistic_regression,5,4,413,1,1,0.7752969448671662
aeeem_mylyn,hybrid,logistic_regression,5,4,419,0,1,0.8222123831675461
aeeem_mylyn,hybrid,logistic_regression,5,4,424,0,0,0.17821667429976923
aeeem_mylyn,hybrid,logistic_regression,5,4,430,0,0,0.01904526530936309
aeeem_mylyn,hybrid,logistic_regression,5,4,433,1,0,0.001489907528536044
aeeem_mylyn,hybrid,logistic_regression,5,4,435,0,0,0.13846354141975478
aeeem_mylyn,hybrid,logistic_regression,5,4,436,0,0,0.03373288753635798
aeeem_mylyn,hybrid,logistic_regression,5,4,445,1,0,0.13652943125920386
aeeem_mylyn,hybrid,logistic_regression,5,4,446,0,0,0.03544799284933539
aeeem_mylyn,hybrid,logistic_regression,5,4,450,1,0,0.44240283653806445
aeeem_mylyn,hybrid,logistic_regression,5,4,460,0,0,0.16631827492790158
aeeem_mylyn,hybrid,logistic_regression,5,4,468,0,0,0.22674262822977373
aeeem_mylyn,hybrid,logistic_regression,5,4,470,0,0,0.09991952653259827
aeeem_mylyn,hybrid,logistic_regression,5,4,477,0,0,0.0005817576185402345
aeeem_mylyn,hybrid,logistic_regression,5,4,478,0,0,0.09274818784444543
aeeem_mylyn,hybrid,logistic_regression,5,4,497,0,0,0.17465440085200212
aeeem_mylyn,hybrid,logistic_regression,5,4,499,0,0,0.0466924944516594
aeeem_mylyn,hybrid,logistic_regression,5,4,513,0,1,0.823636962905506
aeeem_mylyn,hybrid,logistic_regression,5,4,514,1,0,0.3881922008373339
aeeem_mylyn,hybrid,logistic_regression,5,4,518,0,0,0.1735849404053987
aeeem_mylyn,hybrid,logistic_regression,5,4,523,0,0,0.41449511339367023
aeeem_mylyn,hybrid,logistic_regression,5,4,525,0,0,0.06826336292432433
aeeem_mylyn,hybrid,logistic_regression,5,4,533,0,0,0.14640860052184224
aeeem_mylyn,hybrid,logistic_regression,5,4,536,0,0,0.006826101060925182
aeeem_mylyn,hybrid,logistic_regression,5,4,541,1,1,0.8558731353142102
aeeem_mylyn,hybrid,logistic_regression,5,4,544,0,0,0.09081952699400031
aeeem_mylyn,hybrid,logistic_regression,5,4,547,0,0,0.08513644114807598
aeeem_mylyn,hybrid,logistic_regression,5,4,549,0,0,0.3301633574730543
aeeem_mylyn,hybrid,logistic_regression,5,4,554,0,0,0.05462986927388608
aeeem_mylyn,hybrid,logistic_regression,5,4,559,0,0,3.099137492120059e-05
aeeem_mylyn,hybrid,logistic_regression,5,4,565,0,0,0.027099282752862663
aeeem_mylyn,hybrid,logistic_regression,5,4,571,0,0,0.15116447140074613
aeeem_mylyn,hybrid,logistic_regression,5,4,583,0,0,0.39088758752679115
aeeem_mylyn,hybrid,logistic_regression,5,4,585,0,0,0.1683982350790893
aeeem_mylyn,hybrid,logistic_regression,5,4,589,1,0,0.22766129891681308
aeeem_mylyn,hybrid,logistic_regression,5,4,594,0,0,0.024605703302585286
aeeem_mylyn,hybrid,logistic_regression,5,4,600,1,0,0.23910422912913154
aeeem_mylyn,hybrid,logistic_regression,5,4,611,0,0,0.24914725235729815
aeeem_mylyn,hybrid,logistic_regression,5,4,617,0,0,0.4289869154761281
aeeem_mylyn,hybrid,logistic_regression,5,4,619,1,1,0.551612246960022
aeeem_mylyn,hybrid,logistic_regression,5,4,623,0,0,0.28562484530564375
aeeem_mylyn,hybrid,logistic_regression,5,4,630,0,1,0.6204682186437762
aeeem_mylyn,hybrid,logistic_regression,5,4,631,0,1,0.6222276214554587
aeeem_mylyn,hybrid,logistic_regression,5,4,633,0,0,0.16970687590197625
aeeem_mylyn,hybrid,logistic_regression,5,4,641,0,0,0.2920018565287639
aeeem_mylyn,hybrid,logistic_regression,5,4,656,0,0,0.055816047463591756
aeeem_mylyn,hybrid,logistic_regression,5,4,667,0,0,0.03359352641095707
aeeem_mylyn,hybrid,logistic_regression,5,4,675,0,0,0.09897554835461352
aeeem_mylyn,hybrid,logistic_regression,5,4,676,0,0,0.25149352976795564
aeeem_mylyn,hybrid,logistic_regression,5,4,683,0,1,0.5496868703952484
aeeem_mylyn,hybrid,logistic_regression,5,4,686,0,1,0.9732382078972994
aeeem_mylyn,hybrid,logistic_regression,5,4,687,0,0,0.04138219163270141
aeeem_mylyn,hybrid,logistic_regression,5,4,688,0,0,0.24044373164475508
aeeem_mylyn,hybrid,logistic_regression,5,4,690,0,0,0.023864427875693112
aeeem_mylyn,hybrid,logistic_regression,5,4,696,0,0,0.23696727796423084
aeeem_mylyn,hybrid,logistic_regression,5,4,703,0,1,0.9846523043472031
aeeem_mylyn,hybrid,logistic_regression,5,4,716,0,0,0.06304684433752153
aeeem_mylyn,hybrid,logistic_regression,5,4,718,0,0,0.00041599598445249425
aeeem_mylyn,hybrid,logistic_regression,5,4,725,0,0,0.43413667650750276
aeeem_mylyn,hybrid,logistic_regression,5,4,730,1,1,0.5033048447881774
aeeem_mylyn,hybrid,logistic_regression,5,4,735,0,0,0.11436577017519632
aeeem_mylyn,hybrid,logistic_regression,5,4,736,0,0,0.39765479255171454
aeeem_mylyn,hybrid,logistic_regression,5,4,741,0,1,0.5340742034570124
aeeem_mylyn,hybrid,logistic_regression,5,4,742,0,0,0.06210296735885664
aeeem_mylyn,hybrid,logistic_regression,5,4,747,0,1,0.7083654577464109
aeeem_mylyn,hybrid,logistic_regression,5,4,748,0,0,0.16451049139167687
aeeem_mylyn,hybrid,logistic_regression,5,4,754,0,0,0.09295398363428646
aeeem_mylyn,hybrid,logistic_regression,5,4,759,0,0,0.22864949941363868
aeeem_mylyn,hybrid,logistic_regression,5,4,764,0,0,0.1716581019651011
aeeem_mylyn,hybrid,logistic_regression,5,4,779,0,0,0.08936163204685191
aeeem_mylyn,hybrid,logistic_regression,5,4,786,0,0,0.18135561346210238
aeeem_mylyn,hybrid,logistic_regression,5,4,792,1,1,0.9824166102783563
aeeem_mylyn,hybrid,logistic_regression,5,4,793,0,1,0.5545415399972607
aeeem_mylyn,hybrid,logistic_regression,5,4,808,0,0,0.024909074534097176
aeeem_mylyn,hybrid,logistic_regression,5,4,815,0,1,0.7439576425373822
aeeem_mylyn,hybrid,logistic_regression,5,4,820,0,1,0.7994834711693134
aeeem_mylyn,hybrid,logistic_regression,5,4,822,0,0,0.045346733572090396
aeeem_mylyn,hybrid,logistic_regression,5,4,824,0,0,0.028131463700002992
aeeem_mylyn,hybrid,logistic_regression,5,4,833,0,1,0.5834721771839684
aeeem_mylyn,hybrid,logistic_regression,5,4,845,1,1,0.7190539063628233
aeeem_mylyn,hybrid,logistic_regression,5,4,846,0,0,0.0030456963578264088
aeeem_mylyn,hybrid,logistic_regression,5,4,850,0,0,0.3660064262918512
aeeem_mylyn,hybrid,logistic_regression,5,4,852,0,0,0.008225573427537608
aeeem_mylyn,hybrid,logistic_regression,5,4,862,0,0,0.0703761531208816
aeeem_mylyn,hybrid,logistic_regression,5,4,873,0,0,0.03143780516419775
aeeem_mylyn,hybrid,logistic_regression,5,4,884,0,1,0.9057031548068701
aeeem_mylyn,hybrid,logistic_regression,5,4,897,1,1,0.6734555564996741
aeeem_mylyn,hybrid,logistic_regression,5,4,898,0,0,0.4484958904139557
aeeem_mylyn,hybrid,logistic_regression,5,4,903,0,1,0.9996167328533188
aeeem_mylyn,hybrid,logistic_regression,5,4,907,0,0,0.20783751217147942
aeeem_mylyn,hybrid,logistic_regression,5,4,909,0,0,0.12402908320932396
aeeem_mylyn,hybrid,logistic_regression,5,4,912,0,1,0.9987992123391517
aeeem_mylyn,hybrid,logistic_regression,5,4,920,0,0,0.21307049433597222
aeeem_mylyn,hybrid,logistic_regression,5,4,936,0,0,0.1392869295422638
aeeem_mylyn,hybrid,logistic_regression,5,4,937,0,1,0.7889612456661242
aeeem_mylyn,hybrid,logistic_regression,5,4,946,0,0,0.19413511567031766
aeeem_mylyn,hybrid,logistic_regression,5,4,952,0,0,0.00693044924737512
aeeem_mylyn,hybrid,logistic_regression,5,4,964,0,0,0.003861293505738227
aeeem_mylyn,hybrid,logistic_regression,5,4,979,1,0,0.20539887870752044
aeeem_mylyn,hybrid,logistic_regression,5,4,982,0,0,0.05627618350220329
aeeem_mylyn,hybrid,logistic_regression,5,4,991,0,1,0.8719689674486227
aeeem_mylyn,hybrid,logistic_regression,5,4,995,1,1,0.5329367392570199
aeeem_mylyn,hybrid,logistic_regression,5,4,999,1,0,0.2610952932546431
aeeem_mylyn,hybrid,logistic_regression,5,4,1014,1,0,0.23584500453983315
aeeem_mylyn,hybrid,logistic_regression,5,4,1018,0,0,0.11011589703875611
aeeem_mylyn,hybrid,logistic_regression,5,4,1024,0,0,0.41852855671294537
aeeem_mylyn,hybrid,logistic_regression,5,4,1032,0,0,0.20697377401559036
aeeem_mylyn,hybrid,logistic_regression,5,4,1033,0,0,0.02814879378532944
aeeem_mylyn,hybrid,logistic_regression,5,4,1036,0,1,0.6069191252742248
aeeem_mylyn,hybrid,logistic_regression,5,4,1044,1,1,0.5492244628984319
aeeem_mylyn,hybrid,logistic_regression,5,4,1053,0,0,0.1353894416951957
aeeem_mylyn,hybrid,logistic_regression,5,4,1054,0,0,0.00741541499229017
aeeem_mylyn,hybrid,logistic_regression,5,4,1055,0,0,0.2739500196615758
aeeem_mylyn,hybrid,logistic_regression,5,4,1059,0,1,0.8664584763377506
aeeem_mylyn,hybrid,logistic_regression,5,4,1066,0,0,0.24474189704270266
aeeem_mylyn,hybrid,logistic_regression,5,4,1067,0,1,0.5425201424511596
aeeem_mylyn,hybrid,logistic_regression,5,4,1072,0,0,0.40307417770177295
aeeem_mylyn,hybrid,logistic_regression,5,4,1081,0,0,0.024267813752958882
aeeem_mylyn,hybrid,logistic_regression,5,4,1086,0,0,0.25596466023252534
aeeem_mylyn,hybrid,logistic_regression,5,4,1089,0,0,0.0008580116328502364
aeeem_mylyn,hybrid,logistic_regression,5,4,1090,0,0,0.3508827694784119
aeeem_mylyn,hybrid,logistic_regression,5,4,1096,0,0,0.20421328350726456
aeeem_mylyn,hybrid,logistic_regression,5,4,1097,0,0,0.1943638805008199
aeeem_mylyn,hybrid,logistic_regression,5,4,1102,0,1,0.5239691422999667
aeeem_mylyn,hybrid,logistic_regression,5,4,1105,0,0,0.38762377415084875
aeeem_mylyn,hybrid,logistic_regression,5,4,1112,0,0,0.4871462407660397
aeeem_mylyn,hybrid,logistic_regression,5,4,1122,0,0,0.11892908920776389
aeeem_mylyn,hybrid,logistic_regression,5,4,1124,0,0,0.1624359806518275
aeeem_mylyn,hybrid,logistic_regression,5,4,1128,0,0,0.24209819056868148
aeeem_mylyn,hybrid,logistic_regression,5,4,1131,0,0,0.019321110393450597
aeeem_mylyn,hybrid,logistic_regression,5,4,1132,0,0,0.39765479255171454
aeeem_mylyn,hybrid,logistic_regression,5,4,1138,0,0,0.005566914933755005
aeeem_mylyn,hybrid,logistic_regression,5,4,1139,1,1,0.8926461065794192
aeeem_mylyn,hybrid,logistic_regression,5,4,1141,1,0,0.28435061448523213
aeeem_mylyn,hybrid,logistic_regression,5,4,1143,0,0,0.012275402889369097
aeeem_mylyn,hybrid,logistic_regression,5,4,1144,0,0,0.17403323325820452
aeeem_mylyn,hybrid,logistic_regression,5,4,1146,0,0,0.07112916512666555
aeeem_mylyn,hybrid,logistic_regression,5,4,1147,0,0,0.00015967585578369398
aeeem_mylyn,hybrid,logistic_regression,5,4,1148,1,0,0.09199514724816574
aeeem_mylyn,hybrid,logistic_regression,5,4,1150,0,1,0.8500993036382268
aeeem_mylyn,hybrid,logistic_regression,5,4,1154,0,1,0.6345642903945641
aeeem_mylyn,hybrid,logistic_regression,5,4,1156,0,0,0.07568786884814951
aeeem_mylyn,hybrid,logistic_regression,5,4,1160,1,0,0.24701593389144538
aeeem_mylyn,hybrid,logistic_regression,5,4,1164,0,0,0.0638750216537021
aeeem_mylyn,hybrid,logistic_regression,5,4,1175,0,0,0.06950430760707835
aeeem_mylyn,hybrid,logistic_regression,5,4,1188,0,0,0.0693759981187165
aeeem_mylyn,hybrid,logistic_regression,5,4,1193,0,0,0.19737882568388207
aeeem_mylyn,hybrid,logistic_regression,5,4,1202,0,0,0.06012843319909012
aeeem_mylyn,hybrid,logistic_regression,5,4,1203,0,0,0.04249186278490187
aeeem_mylyn,hybrid,logistic_regression,5,4,1210,0,0,0.4670678824336762
aeeem_mylyn,hybrid,logistic_regression,5,4,1217,0,1,0.6124871595137115
aeeem_mylyn,hybrid,logistic_regression,5,4,1224,0,0,0.31957719155690734
aeeem_mylyn,hybrid,logistic_regression,5,4,1227,0,0,0.1913199492268093
aeeem_mylyn,hybrid,logistic_regression,5,4,1233,0,0,0.0004134903049518851
aeeem_mylyn,hybrid,logistic_regression,5,4,1234,0,0,0.02336105934583804
aeeem_mylyn,hybrid,logistic_regression,5,4,1247,0,0,0.06634430434683179
aeeem_mylyn,hybrid,logistic_regression,5,4,1250,0,0,0.01822717633005413
aeeem_mylyn,hybrid,logistic_regression,5,4,1254,0,0,0.3553760532444948
aeeem_mylyn,hybrid,logistic_regression,5,4,1256,1,1,0.5136073125983318
aeeem_mylyn,hybrid,logistic_regression,5,4,1261,0,0,0.16172525102685759
aeeem_mylyn,hybrid,logistic_regression,5,4,1262,1,0,0.0798272666416178
aeeem_mylyn,hybrid,logistic_regression,5,4,1263,0,1,0.9915073601376113
aeeem_mylyn,hybrid,logistic_regression,5,4,1275,0,0,0.07267012315120107
aeeem_mylyn,hybrid,logistic_regression,5,4,1289,0,0,0.17193215762716108
aeeem_mylyn,hybrid,logistic_regression,5,4,1296,0,0,0.12212913072397404
aeeem_mylyn,hybrid,logistic_regression,5,4,1304,0,0,0.028141058402466033
aeeem_mylyn,hybrid,logistic_regression,5,4,1308,0,0,0.05554443067439197
aeeem_mylyn,hybrid,logistic_regression,5,4,1310,0,0,0.011846632572553525
aeeem_mylyn,hybrid,logistic_regression,5,4,1313,1,0,0.2382075641315896
aeeem_mylyn,hybrid,logistic_regression,5,4,1327,0,0,0.012634136477855742
aeeem_mylyn,hybrid,logistic_regression,5,4,1328,1,1,0.6557607652667684
aeeem_mylyn,hybrid,logistic_regression,5,4,1332,1,1,0.579646056506159
aeeem_mylyn,hybrid,logistic_regression,5,4,1333,0,0,0.01628687590361048
aeeem_mylyn,hybrid,logistic_regression,5,4,1334,0,0,0.0001043483113477226
aeeem_mylyn,hybrid,logistic_regression,5,4,1336,0,0,0.16105777818633724
aeeem_mylyn,hybrid,logistic_regression,5,4,1339,0,0,0.09259743354261685
aeeem_mylyn,hybrid,logistic_regression,5,4,1341,0,0,0.06597996764123071
aeeem_mylyn,hybrid,logistic_regression,5,4,1351,0,0,0.34670008685869413
aeeem_mylyn,hybrid,logistic_regression,5,4,1353,0,0,0.06730556290897745
aeeem_mylyn,hybrid,logistic_regression,5,4,1357,0,0,0.06001768902174728
aeeem_mylyn,hybrid,logistic_regression,5,4,1359,0,0,0.010020803577526806
aeeem_mylyn,hybrid,logistic_regression,5,4,1364,0,0,0.020486909752893828
aeeem_mylyn,hybrid,logistic_regression,5,4,1377,1,0,0.29322165325680816
aeeem_mylyn,hybrid,logistic_regression,5,4,1384,0,0,0.4481794240543451
aeeem_mylyn,hybrid,logistic_regression,5,4,1390,0,0,0.20083425746935926
aeeem_mylyn,hybrid,logistic_regression,5,4,1393,0,0,0.009202456748052347
aeeem_mylyn,hybrid,logistic_regression,5,4,1397,0,0,0.14706007451576716
aeeem_mylyn,hybrid,logistic_regression,5,4,1398,0,0,0.11628005574170541
aeeem_mylyn,hybrid,logistic_regression,5,4,1402,0,0,0.47164757218628434
aeeem_mylyn,hybrid,logistic_regression,5,4,1405,0,0,0.2866480742651886
aeeem_mylyn,hybrid,logistic_regression,5,4,1406,0,0,0.0733769418003294
aeeem_mylyn,hybrid,logistic_regression,5,4,1410,0,0,0.08398722904658226
aeeem_mylyn,hybrid,logistic_regression,5,4,1415,0,0,0.024972336100467653
aeeem_mylyn,hybrid,logistic_regression,5,4,1416,0,0,0.127984789352284
aeeem_mylyn,hybrid,logistic_regression,5,4,1418,0,0,0.014488443302689469
aeeem_mylyn,hybrid,logistic_regression,5,4,1433,0,0,0.10177557006180592
aeeem_mylyn,hybrid,logistic_regression,5,4,1434,0,0,0.07967474139306804
aeeem_mylyn,hybrid,logistic_regression,5,4,1436,0,0,8.367568639438545e-05
aeeem_mylyn,hybrid,logistic_regression,5,4,1452,0,0,0.218111220390694
aeeem_mylyn,hybrid,logistic_regression,5,4,1455,0,0,0.4691193560846191
aeeem_mylyn,hybrid,logistic_regression,5,4,1456,0,0,0.09912819929647212
aeeem_mylyn,hybrid,logistic_regression,5,4,1468,1,1,0.7357960278080456
aeeem_mylyn,hybrid,logistic_regression,5,4,1473,0,0,0.2730318506401912
aeeem_mylyn,hybrid,logistic_regression,5,4,1476,0,0,0.3492441227078874
aeeem_mylyn,hybrid,logistic_regression,5,4,1478,0,0,0.3395742731017979
aeeem_mylyn,hybrid,logistic_regression,5,4,1480,0,0,0.05855784535007335
aeeem_mylyn,hybrid,logistic_regression,5,4,1486,0,0,0.41930660374925527
aeeem_mylyn,hybrid,logistic_regression,5,4,1504,1,0,0.06229462680728557
aeeem_mylyn,hybrid,logistic_regression,5,4,1505,0,0,0.18859188719469325
aeeem_mylyn,hybrid,logistic_regression,5,4,1513,0,0,0.03129951139895122
aeeem_mylyn,hybrid,logistic_regression,5,4,1514,0,0,0.06664011661678086
aeeem_mylyn,hybrid,logistic_regression,5,4,1523,0,0,0.04126499619513305
aeeem_mylyn,hybrid,logistic_regression,5,4,1531,0,0,0.1260295416316334
aeeem_mylyn,hybrid,logistic_regression,5,4,1532,0,0,0.0672984177104856
aeeem_mylyn,hybrid,logistic_regression,5,4,1537,0,0,0.011518572836397734
aeeem_mylyn,hybrid,logistic_regression,5,4,1542,1,1,0.6383823672096599
aeeem_mylyn,hybrid,logistic_regression,5,4,1545,0,0,0.10350363157873681
aeeem_mylyn,hybrid,logistic_regression,5,4,1548,0,1,0.5187686571327168
aeeem_mylyn,hybrid,logistic_regression,5,4,1550,0,0,0.10883389985770142
aeeem_mylyn,hybrid,logistic_regression,5,4,1556,1,1,0.6086729010333108
aeeem_mylyn,hybrid,logistic_regression,5,4,1577,0,0,0.0026602774291959457
aeeem_mylyn,hybrid,logistic_regression,5,4,1589,0,0,0.4233141966838791
aeeem_mylyn,hybrid,logistic_regression,5,4,1590,0,1,0.9181674168626657
aeeem_mylyn,hybrid,logistic_regression,5,4,1594,0,0,0.012172569965243322
aeeem_mylyn,hybrid,logistic_regression,5,4,1602,0,0,0.23597709003038103
aeeem_mylyn,hybrid,logistic_regression,5,4,1608,0,0,0.2910435249670913
aeeem_mylyn,hybrid,logistic_regression,5,4,1622,0,0,0.2220773121250669
aeeem_mylyn,hybrid,logistic_regression,5,4,1625,0,0,0.29503388822202364
aeeem_mylyn,hybrid,logistic_regression,5,4,1626,0,1,0.788369645727888
aeeem_mylyn,hybrid,logistic_regression,5,4,1633,0,0,0.08176586581382927
aeeem_mylyn,hybrid,logistic_regression,5,4,1639,0,1,0.6501715947433763
aeeem_mylyn,hybrid,logistic_regression,5,4,1640,0,0,0.14380301965821202
aeeem_mylyn,hybrid,logistic_regression,5,4,1647,0,0,0.10875336436369067
aeeem_mylyn,hybrid,logistic_regression,5,4,1649,1,1,0.6210282310274963
aeeem_mylyn,hybrid,logistic_regression,5,4,1650,0,1,0.8433525965239764
aeeem_mylyn,hybrid,logistic_regression,5,4,1655,1,1,0.778412419940431
aeeem_mylyn,hybrid,logistic_regression,5,4,1658,0,0,0.0014302045592030407
aeeem_mylyn,hybrid,logistic_regression,5,4,1662,0,0,0.41715821885327353
aeeem_mylyn,hybrid,logistic_regression,5,4,1663,0,0,0.04580693410955976
aeeem_mylyn,hybrid,logistic_regression,5,4,1664,0,1,0.5240409732654039
aeeem_mylyn,hybrid,logistic_regression,5,4,1667,0,1,0.8431425255856233
aeeem_mylyn,hybrid,logistic_regression,5,4,1670,1,1,0.5267124958237733
aeeem_mylyn,hybrid,logistic_regression,5,4,1671,0,0,0.0021196237989919786
aeeem_mylyn,hybrid,logistic_regression,5,4,1679,0,0,0.39917884974104456
aeeem_mylyn,hybrid,logistic_regression,5,4,1683,0,0,0.14857737879066052
aeeem_mylyn,hybrid,logistic_regression,5,4,1687,0,0,0.32878549058476203
aeeem_mylyn,hybrid,logistic_regression,5,4,1695,0,0,0.08084174405570732
aeeem_mylyn,hybrid,logistic_regression,5,4,1696,0,0,0.4481794240543451
aeeem_mylyn,hybrid,logistic_regression,5,4,1708,0,0,0.12380201134700446
aeeem_mylyn,hybrid,logistic_regression,5,4,1709,0,1,0.6768193174160947
aeeem_mylyn,hybrid,logistic_regression,5,4,1715,0,0,0.17450428362465717
aeeem_mylyn,hybrid,logistic_regression,5,4,1717,0,1,0.5142163687179196
aeeem_mylyn,hybrid,logistic_regression,5,4,1724,0,0,0.1258438165892207
aeeem_mylyn,hybrid,logistic_regression,5,4,1725,1,1,0.9696205052219051
aeeem_mylyn,hybrid,logistic_regression,5,4,1726,0,0,0.1968433450317676
aeeem_mylyn,hybrid,logistic_regression,5,4,1729,0,0,0.2009295284782413
aeeem_mylyn,hybrid,logistic_regression,5,4,1735,0,0,0.25397438968915487
aeeem_mylyn,hybrid,logistic_regression,5,4,1736,0,1,0.9127704336206068
aeeem_mylyn,hybrid,logistic_regression,5,4,1743,0,0,0.0036019647600295853
aeeem_mylyn,hybrid,logistic_regression,5,4,1748,0,1,0.5208735163352185
aeeem_mylyn,hybrid,logistic_regression,5,4,1749,0,0,0.4418179951300921
aeeem_mylyn,hybrid,logistic_regression,5,4,1755,0,0,0.03790275773504813
aeeem_mylyn,hybrid,logistic_regression,5,4,1764,0,0,0.00836778266098156
aeeem_mylyn,hybrid,logistic_regression,5,4,1767,0,0,0.0002273414692499705
aeeem_mylyn,hybrid,logistic_regression,5,4,1768,0,1,0.8585106083664074
aeeem_mylyn,hybrid,logistic_regression,5,4,1770,0,1,0.7132877805260937
aeeem_mylyn,hybrid,logistic_regression,5,4,1776,1,1,0.8372365927651699
aeeem_mylyn,hybrid,logistic_regression,5,4,1788,1,0,0.49347861542956906
aeeem_mylyn,hybrid,logistic_regression,5,4,1802,0,0,0.0004522256890709151
aeeem_mylyn,hybrid,logistic_regression,5,4,1805,0,0,0.0280169074652695
aeeem_mylyn,hybrid,logistic_regression,5,4,1813,0,0,0.02494720888708093
aeeem_mylyn,hybrid,logistic_regression,5,4,1817,0,0,0.08911944129905022
aeeem_mylyn,hybrid,logistic_regression,5,4,1819,1,1,0.855770484776554
aeeem_mylyn,hybrid,logistic_regression,5,4,1826,1,0,0.48494578754442075
aeeem_mylyn,hybrid,logistic_regression,5,4,1827,0,0,0.4150386229359098
aeeem_mylyn,hybrid,logistic_regression,5,4,1830,0,0,0.14796741201315639
aeeem_mylyn,hybrid,logistic_regression,5,4,1844,0,0,0.021360333619771882
aeeem_mylyn,hybrid,logistic_regression,5,4,1849,0,1,0.6381764304693763
aeeem_mylyn,hybrid,logistic_regression,5,4,1853,0,0,0.021532809912398587
aeeem_mylyn,hybrid,logistic_regression,5,4,1854,0,1,0.6167137470450236
aeeem_mylyn,hybrid,logistic_regression,5,4,1856,0,0,0.05203953905325538
aeeem_mylyn,hybrid,logistic_regression,5,4,1859,1,1,0.5571211952024214
aeeem_mylyn,hybrid,logistic_regression,5,4,1861,0,0,0.17702142670456536
aeeem_mylyn,hybrid,logistic_regression,5,5,6,0,0,1.2175047477850427e-05
aeeem_mylyn,hybrid,logistic_regression,5,5,24,0,1,0.650956689918868
aeeem_mylyn,hybrid,logistic_regression,5,5,26,0,1,0.5738069492082455
aeeem_mylyn,hybrid,logistic_regression,5,5,29,0,0,0.46329393742076014
aeeem_mylyn,hybrid,logistic_regression,5,5,37,0,1,0.7206568850956915
aeeem_mylyn,hybrid,logistic_regression,5,5,43,0,0,0.3196815404577054
aeeem_mylyn,hybrid,logistic_regression,5,5,47,0,0,0.004904323163899213
aeeem_mylyn,hybrid,logistic_regression,5,5,48,0,0,0.011337351594972084
aeeem_mylyn,hybrid,logistic_regression,5,5,59,0,0,0.0008124694614965301
aeeem_mylyn,hybrid,logistic_regression,5,5,63,1,1,0.8883398123797717
aeeem_mylyn,hybrid,logistic_regression,5,5,74,0,1,0.8745118522087965
aeeem_mylyn,hybrid,logistic_regression,5,5,75,0,0,0.32081155228496616
aeeem_mylyn,hybrid,logistic_regression,5,5,77,0,1,0.9965580004532847
aeeem_mylyn,hybrid,logistic_regression,5,5,82,0,0,0.0013441849804339387
aeeem_mylyn,hybrid,logistic_regression,5,5,83,0,1,0.7501857664523328
aeeem_mylyn,hybrid,logistic_regression,5,5,86,0,0,0.3554226792751328
aeeem_mylyn,hybrid,logistic_regression,5,5,110,0,0,0.005908407623456312
aeeem_mylyn,hybrid,logistic_regression,5,5,112,0,0,0.3446110487730965
aeeem_mylyn,hybrid,logistic_regression,5,5,123,0,0,0.19143576539097737
aeeem_mylyn,hybrid,logistic_regression,5,5,131,0,0,0.14057599295020518
aeeem_mylyn,hybrid,logistic_regression,5,5,147,0,0,0.0021956475853557858
aeeem_mylyn,hybrid,logistic_regression,5,5,158,0,0,0.0677011817367522
aeeem_mylyn,hybrid,logistic_regression,5,5,161,0,0,0.13061130175112848
aeeem_mylyn,hybrid,logistic_regression,5,5,164,0,0,0.26115712716470896
aeeem_mylyn,hybrid,logistic_regression,5,5,171,0,0,0.16213705123080044
aeeem_mylyn,hybrid,logistic_regression,5,5,179,0,0,0.00545132948323091
aeeem_mylyn,hybrid,logistic_regression,5,5,180,0,0,0.22217471779974765
aeeem_mylyn,hybrid,logistic_regression,5,5,184,0,0,0.3660788669868379
aeeem_mylyn,hybrid,logistic_regression,5,5,188,0,0,0.17954612120482097
aeeem_mylyn,hybrid,logistic_regression,5,5,192,0,0,0.08462287085983962
aeeem_mylyn,hybrid,logistic_regression,5,5,196,0,1,0.8772086231004016
aeeem_mylyn,hybrid,logistic_regression,5,5,197,0,0,0.2379986075069749
aeeem_mylyn,hybrid,logistic_regression,5,5,200,0,0,0.3641908640133778
aeeem_mylyn,hybrid,logistic_regression,5,5,204,0,0,0.00031661514290008306
aeeem_mylyn,hybrid,logistic_regression,5,5,210,0,1,0.6690391089260301
aeeem_mylyn,hybrid,logistic_regression,5,5,211,0,0,0.1971369781286834
aeeem_mylyn,hybrid,logistic_regression,5,5,226,1,1,0.5292109830626082
aeeem_mylyn,hybrid,logistic_regression,5,5,231,0,1,0.627970821662092
aeeem_mylyn,hybrid,logistic_regression,5,5,233,1,1,0.6292993007914294
aeeem_mylyn,hybrid,logistic_regression,5,5,243,0,1,0.8603760047159171
aeeem_mylyn,hybrid,logistic_regression,5,5,254,0,0,0.0680783378578927
aeeem_mylyn,hybrid,logistic_regression,5,5,257,1,1,0.9838263589046582
aeeem_mylyn,hybrid,logistic_regression,5,5,260,0,0,0.007615523419697558
aeeem_mylyn,hybrid,logistic_regression,5,5,273,0,0,0.4445305144989977
aeeem_mylyn,hybrid,logistic_regression,5,5,277,0,0,0.0239465448701318
aeeem_mylyn,hybrid,logistic_regression,5,5,281,0,0,0.1627925565878371
aeeem_mylyn,hybrid,logistic_regression,5,5,294,0,0,0.005280664482537312
aeeem_mylyn,hybrid,logistic_regression,5,5,301,0,1,0.5711127420649125
aeeem_mylyn,hybrid,logistic_regression,5,5,308,0,0,0.10110701281780092
aeeem_mylyn,hybrid,logistic_regression,5,5,320,0,0,0.04153564417335508
aeeem_mylyn,hybrid,logistic_regression,5,5,324,0,0,0.04356731390595273
aeeem_mylyn,hybrid,logistic_regression,5,5,325,0,1,0.8529227949877162
aeeem_mylyn,hybrid,logistic_regression,5,5,326,1,0,0.038510005174102684
aeeem_mylyn,hybrid,logistic_regression,5,5,327,0,0,0.03555799563377019
aeeem_mylyn,hybrid,logistic_regression,5,5,330,0,0,0.0002771052438480382
aeeem_mylyn,hybrid,logistic_regression,5,5,332,1,0,0.31823464097200616
aeeem_mylyn,hybrid,logistic_regression,5,5,339,0,0,0.3007493513509226
aeeem_mylyn,hybrid,logistic_regression,5,5,348,0,0,0.0011329746562274243
aeeem_mylyn,hybrid,logistic_regression,5,5,350,0,0,0.057477544572354156
aeeem_mylyn,hybrid,logistic_regression,5,5,360,0,0,0.28661234889377474
aeeem_mylyn,hybrid,logistic_regression,5,5,361,0,0,0.46889039183294795
aeeem_mylyn,hybrid,logistic_regression,5,5,364,0,0,0.11376430954746665
aeeem_mylyn,hybrid,logistic_regression,5,5,368,0,0,0.10376299603185894
aeeem_mylyn,hybrid,logistic_regression,5,5,369,0,0,0.27343233231507236
aeeem_mylyn,hybrid,logistic_regression,5,5,372,0,0,0.00022538774477318465
aeeem_mylyn,hybrid,logistic_regression,5,5,373,0,0,0.12365209667473995
aeeem_mylyn,hybrid,logistic_regression,5,5,379,0,1,0.5210815756126651
aeeem_mylyn,hybrid,logistic_regression,5,5,380,1,0,0.44768668307950993
aeeem_mylyn,hybrid,logistic_regression,5,5,382,0,0,0.07923278996564306
aeeem_mylyn,hybrid,logistic_regression,5,5,383,0,0,0.008847830897723355
aeeem_mylyn,hybrid,logistic_regression,5,5,399,0,0,0.024970150079629147
aeeem_mylyn,hybrid,logistic_regression,5,5,400,0,0,0.007307156412697824
aeeem_mylyn,hybrid,logistic_regression,5,5,406,0,1,0.6577980863975229
aeeem_mylyn,hybrid,logistic_regression,5,5,409,0,0,0.04288553789853468
aeeem_mylyn,hybrid,logistic_regression,5,5,414,0,0,0.12188565214873794
aeeem_mylyn,hybrid,logistic_regression,5,5,415,0,0,0.061484376534245495
aeeem_mylyn,hybrid,logistic_regression,5,5,418,0,1,0.7991844978546228
aeeem_mylyn,hybrid,logistic_regression,5,5,422,0,0,0.1774053228608033
aeeem_mylyn,hybrid,logistic_regression,5,5,426,0,0,0.18644313092137224
aeeem_mylyn,hybrid,logistic_regression,5,5,431,0,0,0.124983528826133
aeeem_mylyn,hybrid,logistic_regression,5,5,434,0,1,0.5386054045527184
aeeem_mylyn,hybrid,logistic_regression,5,5,439,0,0,0.4276949893366069
aeeem_mylyn,hybrid,logistic_regression,5,5,442,0,1,0.5799249750666216
aeeem_mylyn,hybrid,logistic_regression,5,5,443,0,1,0.5624904012016508
aeeem_mylyn,hybrid,logistic_regression,5,5,444,0,0,0.25290263625698084
aeeem_mylyn,hybrid,logistic_regression,5,5,454,0,0,0.15351900339946306
aeeem_mylyn,hybrid,logistic_regression,5,5,457,0,1,0.7007138998139092
aeeem_mylyn,hybrid,logistic_regression,5,5,458,0,0,0.1288947696269263
aeeem_mylyn,hybrid,logistic_regression,5,5,463,0,0,0.2330590672257213
aeeem_mylyn,hybrid,logistic_regression,5,5,465,1,1,0.5171657708082832
aeeem_mylyn,hybrid,logistic_regression,5,5,466,0,0,0.15217717685912682
aeeem_mylyn,hybrid,logistic_regression,5,5,467,0,1,0.6130504342077496
aeeem_mylyn,hybrid,logistic_regression,5,5,471,0,0,6.0547891427514e-06
aeeem_mylyn,hybrid,logistic_regression,5,5,472,0,0,4.7229394314841376e-05
aeeem_mylyn,hybrid,logistic_regression,5,5,480,0,0,0.49275080076610334
aeeem_mylyn,hybrid,logistic_regression,5,5,482,0,0,0.3807698031441214
aeeem_mylyn,hybrid,logistic_regression,5,5,483,0,1,0.8039820146898718
aeeem_mylyn,hybrid,logistic_regression,5,5,488,0,0,0.05484139581459232
aeeem_mylyn,hybrid,logistic_regression,5,5,489,0,1,0.5999066915792343
aeeem_mylyn,hybrid,logistic_regression,5,5,493,0,1,0.5344415504792057
aeeem_mylyn,hybrid,logistic_regression,5,5,516,1,1,0.7413269300209172
aeeem_mylyn,hybrid,logistic_regression,5,5,519,1,1,0.5382368717350773
aeeem_mylyn,hybrid,logistic_regression,5,5,521,1,0,0.15092604529973822
aeeem_mylyn,hybrid,logistic_regression,5,5,527,1,0,0.1496460206726555
aeeem_mylyn,hybrid,logistic_regression,5,5,553,0,1,0.7772504515733053
aeeem_mylyn,hybrid,logistic_regression,5,5,563,0,1,0.5324672356743867
aeeem_mylyn,hybrid,logistic_regression,5,5,564,0,0,0.12117866216666323
aeeem_mylyn,hybrid,logistic_regression,5,5,567,0,0,0.21511326402718237
aeeem_mylyn,hybrid,logistic_regression,5,5,568,0,0,0.016602476765567357
aeeem_mylyn,hybrid,logistic_regression,5,5,573,0,0,0.2624160225130886
aeeem_mylyn,hybrid,logistic_regression,5,5,576,1,1,0.9642798587358272
aeeem_mylyn,hybrid,logistic_regression,5,5,582,0,0,0.051146464120016215
aeeem_mylyn,hybrid,logistic_regression,5,5,586,0,0,0.2679242882492777
aeeem_mylyn,hybrid,logistic_regression,5,5,598,0,0,0.11743026985144747
aeeem_mylyn,hybrid,logistic_regression,5,5,613,0,0,0.312829057322045
aeeem_mylyn,hybrid,logistic_regression,5,5,624,0,0,0.23417711477293476
aeeem_mylyn,hybrid,logistic_regression,5,5,626,0,1,0.5146385863326945
aeeem_mylyn,hybrid,logistic_regression,5,5,627,1,0,0.49854924868538963
aeeem_mylyn,hybrid,logistic_regression,5,5,637,0,1,0.6691269845891487
aeeem_mylyn,hybrid,logistic_regression,5,5,643,1,0,0.29101813384787156
aeeem_mylyn,hybrid,logistic_regression,5,5,650,0,1,0.7830841516697932
aeeem_mylyn,hybrid,logistic_regression,5,5,659,0,1,0.5979408235420756
aeeem_mylyn,hybrid,logistic_regression,5,5,661,0,1,0.6981991510124339
aeeem_mylyn,hybrid,logistic_regression,5,5,663,0,0,0.31132613407360743
aeeem_mylyn,hybrid,logistic_regression,5,5,674,0,0,0.018432629478343746
aeeem_mylyn,hybrid,logistic_regression,5,5,682,0,1,0.630721379738934
aeeem_mylyn,hybrid,logistic_regression,5,5,684,0,0,0.15400932252895472
aeeem_mylyn,hybrid,logistic_regression,5,5,692,0,0,0.2954468205622227
aeeem_mylyn,hybrid,logistic_regression,5,5,693,0,0,0.491276380658267
aeeem_mylyn,hybrid,logistic_regression,5,5,700,0,1,0.5324672356743867
aeeem_mylyn,hybrid,logistic_regression,5,5,705,0,1,0.5170068468635766
aeeem_mylyn,hybrid,logistic_regression,5,5,707,0,0,0.2925176346913136
aeeem_mylyn,hybrid,logistic_regression,5,5,710,0,0,0.13809846379518378
aeeem_mylyn,hybrid,logistic_regression,5,5,715,0,0,0.0032863568933980537
aeeem_mylyn,hybrid,logistic_regression,5,5,717,0,0,0.11877432017101419
aeeem_mylyn,hybrid,logistic_regression,5,5,723,0,1,0.7100140503714821
aeeem_mylyn,hybrid,logistic_regression,5,5,724,0,0,0.10854813999796464
aeeem_mylyn,hybrid,logistic_regression,5,5,729,0,1,0.824367239551228
aeeem_mylyn,hybrid,logistic_regression,5,5,731,0,0,0.005453452959394474
aeeem_mylyn,hybrid,logistic_regression,5,5,751,0,0,0.07929735783922942
aeeem_mylyn,hybrid,logistic_regression,5,5,752,0,0,0.2069950494565961
aeeem_mylyn,hybrid,logistic_regression,5,5,761,0,0,0.013164489049702487
aeeem_mylyn,hybrid,logistic_regression,5,5,762,0,0,0.004072484237058803
aeeem_mylyn,hybrid,logistic_regression,5,5,769,1,0,0.24450616095421182
aeeem_mylyn,hybrid,logistic_regression,5,5,770,0,0,0.0021794545681587834
aeeem_mylyn,hybrid,logistic_regression,5,5,771,0,1,0.8723767082052869
aeeem_mylyn,hybrid,logistic_regression,5,5,784,0,0,0.18369063279507727
aeeem_mylyn,hybrid,logistic_regression,5,5,787,0,0,0.08555307223636148
aeeem_mylyn,hybrid,logistic_regression,5,5,795,0,1,0.9852182953689953
aeeem_mylyn,hybrid,logistic_regression,5,5,797,0,0,0.06283856555899092
aeeem_mylyn,hybrid,logistic_regression,5,5,800,0,0,0.023946014072450984
aeeem_mylyn,hybrid,logistic_regression,5,5,807,0,0,0.003206140123799257
aeeem_mylyn,hybrid,logistic_regression,5,5,811,1,1,0.8481988920608311
aeeem_mylyn,hybrid,logistic_regression,5,5,816,0,1,0.8041988892721901
aeeem_mylyn,hybrid,logistic_regression,5,5,841,0,0,0.026340525577173615
aeeem_mylyn,hybrid,logistic_regression,5,5,843,0,0,0.03889290884852975
aeeem_mylyn,hybrid,logistic_regression,5,5,844,1,1,0.6218369903048129
aeeem_mylyn,hybrid,logistic_regression,5,5,848,0,1,0.6473760419587626
aeeem_mylyn,hybrid,logistic_regression,5,5,851,0,0,0.012598739896774675
aeeem_mylyn,hybrid,logistic_regression,5,5,866,0,0,0.056137336128574244
aeeem_mylyn,hybrid,logistic_regression,5,5,871,1,1,0.9101287054137919
aeeem_mylyn,hybrid,logistic_regression,5,5,872,0,1,0.7921114405026604
aeeem_mylyn,hybrid,logistic_regression,5,5,874,0,1,0.6116629751262112
aeeem_mylyn,hybrid,logistic_regression,5,5,882,0,0,0.2516993145859569
aeeem_mylyn,hybrid,logistic_regression,5,5,901,0,0,0.0002956585173573246
aeeem_mylyn,hybrid,logistic_regression,5,5,902,0,0,0.24554048038928508
aeeem_mylyn,hybrid,logistic_regression,5,5,905,0,0,0.0159452920978875
aeeem_mylyn,hybrid,logistic_regression,5,5,918,0,0,0.25900873670054325
aeeem_mylyn,hybrid,logistic_regression,5,5,922,0,0,0.036885707498623334
aeeem_mylyn,hybrid,logistic_regression,5,5,925,0,0,0.07160539100854063
aeeem_mylyn,hybrid,logistic_regression,5,5,933,0,1,0.6641305519322903
aeeem_mylyn,hybrid,logistic_regression,5,5,935,1,1,0.6786918166762653
aeeem_mylyn,hybrid,logistic_regression,5,5,939,0,1,0.5903790285920248
aeeem_mylyn,hybrid,logistic_regression,5,5,950,0,0,0.48382477957779485
aeeem_mylyn,hybrid,logistic_regression,5,5,962,0,0,0.08662845534487815
aeeem_mylyn,hybrid,logistic_regression,5,5,972,0,0,0.0002508533444583211
aeeem_mylyn,hybrid,logistic_regression,5,5,973,1,0,0.26799728386376903
aeeem_mylyn,hybrid,logistic_regression,5,5,978,0,0,0.047919135150463976
aeeem_mylyn,hybrid,logistic_regression,5,5,981,0,0,0.2172727252765039
aeeem_mylyn,hybrid,logistic_regression,5,5,985,1,0,0.1520380219310871
aeeem_mylyn,hybrid,logistic_regression,5,5,989,0,1,0.7997202288951174
aeeem_mylyn,hybrid,logistic_regression,5,5,990,0,0,0.2501166654022412
aeeem_mylyn,hybrid,logistic_regression,5,5,992,0,0,0.00041862811041307256
aeeem_mylyn,hybrid,logistic_regression,5,5,994,0,1,0.5853406098229214
aeeem_mylyn,hybrid,logistic_regression,5,5,996,0,0,0.04720589090969605
aeeem_mylyn,hybrid,logistic_regression,5,5,998,0,0,0.1940495251810909
aeeem_mylyn,hybrid,logistic_regression,5,5,1007,0,0,0.07105453733601202
aeeem_mylyn,hybrid,logistic_regression,5,5,1013,0,0,0.06874940505085002
aeeem_mylyn,hybrid,logistic_regression,5,5,1017,0,0,0.4180201628941398
aeeem_mylyn,hybrid,logistic_regression,5,5,1021,0,1,0.7974211447184637
aeeem_mylyn,hybrid,logistic_regression,5,5,1025,0,1,0.6035692517632073
aeeem_mylyn,hybrid,logistic_regression,5,5,1029,1,1,0.777907484997085
aeeem_mylyn,hybrid,logistic_regression,5,5,1031,1,1,0.7829808212193891
aeeem_mylyn,hybrid,logistic_regression,5,5,1035,0,0,0.0014632673910179137
aeeem_mylyn,hybrid,logistic_regression,5,5,1042,0,0,0.2608478484651705
aeeem_mylyn,hybrid,logistic_regression,5,5,1045,0,0,6.080014232735984e-05
aeeem_mylyn,hybrid,logistic_regression,5,5,1046,0,0,0.007481526747254488
aeeem_mylyn,hybrid,logistic_regression,5,5,1057,0,0,0.35137487788451394
aeeem_mylyn,hybrid,logistic_regression,5,5,1058,0,0,0.06642927755852857
aeeem_mylyn,hybrid,logistic_regression,5,5,1062,0,0,0.0164995154641674
aeeem_mylyn,hybrid,logistic_regression,5,5,1064,0,0,0.0002397181908430638
aeeem_mylyn,hybrid,logistic_regression,5,5,1076,0,0,0.007365885797018227
aeeem_mylyn,hybrid,logistic_regression,5,5,1079,0,0,0.26360173214925336
aeeem_mylyn,hybrid,logistic_regression,5,5,1082,0,0,0.0031515113133276083
aeeem_mylyn,hybrid,logistic_regression,5,5,1084,0,0,0.013723924952614727
aeeem_mylyn,hybrid,logistic_regression,5,5,1085,0,1,0.7100777494855101
aeeem_mylyn,hybrid,logistic_regression,5,5,1101,0,0,0.22368610793865862
aeeem_mylyn,hybrid,logistic_regression,5,5,1106,0,0,0.046070853091295355
aeeem_mylyn,hybrid,logistic_regression,5,5,1107,1,1,0.6116624802586931
aeeem_mylyn,hybrid,logistic_regression,5,5,1114,0,1,0.5805635026065048
aeeem_mylyn,hybrid,logistic_regression,5,5,1119,0,0,0.31852545259747433
aeeem_mylyn,hybrid,logistic_regression,5,5,1121,0,0,0.4766556748054037
aeeem_mylyn,hybrid,logistic_regression,5,5,1123,0,0,0.07462460934948029
aeeem_mylyn,hybrid,logistic_regression,5,5,1125,0,0,0.01436719697772704
aeeem_mylyn,hybrid,logistic_regression,5,5,1129,1,0,0.4685462563156703
aeeem_mylyn,hybrid,logistic_regression,5,5,1157,0,0,0.1333294317177238
aeeem_mylyn,hybrid,logistic_regression,5,5,1158,1,0,0.20308978950552878
aeeem_mylyn,hybrid,logistic_regression,5,5,1162,0,0,0.38572488349976847
aeeem_mylyn,hybrid,logistic_regression,5,5,1166,0,0,0.3671509286100177
aeeem_mylyn,hybrid,logistic_regression,5,5,1167,0,1,0.661335740324668
aeeem_mylyn,hybrid,logistic_regression,5,5,1173,0,1,0.7308217655782937
aeeem_mylyn,hybrid,logistic_regression,5,5,1174,1,1,0.7010979591138735
aeeem_mylyn,hybrid,logistic_regression,5,5,1177,0,0,0.03776104394332442
aeeem_mylyn,hybrid,logistic_regression,5,5,1181,0,1,0.7970793338731396
aeeem_mylyn,hybrid,logistic_regression,5,5,1184,0,0,0.27652447398842894
aeeem_mylyn,hybrid,logistic_regression,5,5,1191,0,0,0.15528930105030003
aeeem_mylyn,hybrid,logistic_regression,5,5,1200,0,0,0.07423525885213429
aeeem_mylyn,hybrid,logistic_regression,5,5,1205,0,0,0.49677193460302294
aeeem_mylyn,hybrid,logistic_regression,5,5,1206,1,1,0.5404521880371355
aeeem_mylyn,hybrid,logistic_regression,5,5,1211,0,0,0.15577672748123708
aeeem_mylyn,hybrid,logistic_regression,5,5,1219,1,1,0.5587615833723673
aeeem_mylyn,hybrid,logistic_regression,5,5,1225,0,0,0.047826892577428164
aeeem_mylyn,hybrid,logistic_regression,5,5,1229,0,0,0.12810667100787823
aeeem_mylyn,hybrid,logistic_regression,5,5,1236,0,0,0.23685309204375332
aeeem_mylyn,hybrid,logistic_regression,5,5,1248,0,0,0.0008298671862758517
aeeem_mylyn,hybrid,logistic_regression,5,5,1249,0,0,0.19586436586515504
aeeem_mylyn,hybrid,logistic_regression,5,5,1255,0,1,0.5404521880371355
aeeem_mylyn,hybrid,logistic_regression,5,5,1260,0,0,0.2597603196968289
aeeem_mylyn,hybrid,logistic_regression,5,5,1269,1,1,0.6271117755528366
aeeem_mylyn,hybrid,logistic_regression,5,5,1272,0,0,0.012249096147285605
aeeem_mylyn,hybrid,logistic_regression,5,5,1280,0,0,0.2419336496901829
aeeem_mylyn,hybrid,logistic_regression,5,5,1284,0,0,0.3219363669806716
aeeem_mylyn,hybrid,logistic_regression,5,5,1290,0,0,0.000469522746400323
aeeem_mylyn,hybrid,logistic_regression,5,5,1298,0,0,0.0001802860725403353
aeeem_mylyn,hybrid,logistic_regression,5,5,1299,0,0,0.3175912500459057
aeeem_mylyn,hybrid,logistic_regression,5,5,1307,0,0,0.46197406765843113
aeeem_mylyn,hybrid,logistic_regression,5,5,1312,0,0,0.27732878828508956
aeeem_mylyn,hybrid,logistic_regression,5,5,1315,0,1,0.7166671524447942
aeeem_mylyn,hybrid,logistic_regression,5,5,1316,0,0,0.04832957271631183
aeeem_mylyn,hybrid,logistic_regression,5,5,1320,0,0,0.1581106664529907
aeeem_mylyn,hybrid,logistic_regression,5,5,1326,0,1,0.7510211508456527
aeeem_mylyn,hybrid,logistic_regression,5,5,1329,0,0,0.09767531800383887
aeeem_mylyn,hybrid,logistic_regression,5,5,1331,1,1,0.7830507541858316
aeeem_mylyn,hybrid,logistic_regression,5,5,1338,0,1,0.706965313173976
aeeem_mylyn,hybrid,logistic_regression,5,5,1342,1,1,0.5777744901224626
aeeem_mylyn,hybrid,logistic_regression,5,5,1343,0,1,0.7033440996616798
aeeem_mylyn,hybrid,logistic_regression,5,5,1344,0,0,0.2728758245280038
aeeem_mylyn,hybrid,logistic_regression,5,5,1348,0,0,0.3916397182689212
aeeem_mylyn,hybrid,logistic_regression,5,5,1358,0,0,0.13198814721376037
aeeem_mylyn,hybrid,logistic_regression,5,5,1370,0,0,0.16140021504804544
aeeem_mylyn,hybrid,logistic_regression,5,5,1383,0,1,0.5110981207979481
aeeem_mylyn,hybrid,logistic_regression,5,5,1388,0,1,0.7606177543428145
aeeem_mylyn,hybrid,logistic_regression,5,5,1391,0,0,0.049085985840828
aeeem_mylyn,hybrid,logistic_regression,5,5,1394,0,1,0.6927500931942707
aeeem_mylyn,hybrid,logistic_regression,5,5,1400,0,0,0.44100732426517525
aeeem_mylyn,hybrid,logistic_regression,5,5,1412,1,0,0.4079144652244585
aeeem_mylyn,hybrid,logistic_regression,5,5,1428,0,0,0.26806920524505523
aeeem_mylyn,hybrid,logistic_regression,5,5,1442,1,1,0.5332283396290136
aeeem_mylyn,hybrid,logistic_regression,5,5,1447,0,0,0.0021603517398788154
aeeem_mylyn,hybrid,logistic_regression,5,5,1450,0,0,0.2193252473147771
aeeem_mylyn,hybrid,logistic_regression,5,5,1453,0,0,0.3703035982740716
aeeem_mylyn,hybrid,logistic_regression,5,5,1457,0,0,0.28832111829223395
aeeem_mylyn,hybrid,logistic_regression,5,5,1458,0,0,0.15764715380095248
aeeem_mylyn,hybrid,logistic_regression,5,5,1467,0,1,0.5146385863326945
aeeem_mylyn,hybrid,logistic_regression,5,5,1469,0,1,0.7784650004289092
aeeem_mylyn,hybrid,logistic_regression,5,5,1470,0,1,0.5782620291218896
aeeem_mylyn,hybrid,logistic_regression,5,5,1471,1,1,0.7870727137515413
aeeem_mylyn,hybrid,logistic_regression,5,5,1481,0,0,0.16725866503358205
aeeem_mylyn,hybrid,logistic_regression,5,5,1485,0,0,0.0028307231933174287
aeeem_mylyn,hybrid,logistic_regression,5,5,1487,0,0,0.15650886233958036
aeeem_mylyn,hybrid,logistic_regression,5,5,1491,0,1,0.5403153146231385
aeeem_mylyn,hybrid,logistic_regression,5,5,1498,1,1,0.5404521880371355
aeeem_mylyn,hybrid,logistic_regression,5,5,1500,0,0,0.025020470827271893
aeeem_mylyn,hybrid,logistic_regression,5,5,1507,0,0,0.04812903525345852
aeeem_mylyn,hybrid,logistic_regression,5,5,1508,0,0,0.02320023889248764
aeeem_mylyn,hybrid,logistic_regression,5,5,1510,0,0,0.47367431287086037
aeeem_mylyn,hybrid,logistic_regression,5,5,1512,0,0,0.32932178180435384
aeeem_mylyn,hybrid,logistic_regression,5,5,1517,0,0,0.051247353417562584
aeeem_mylyn,hybrid,logistic_regression,5,5,1518,0,0,0.00739641344018003
aeeem_mylyn,hybrid,logistic_regression,5,5,1519,0,0,0.0007365220478332071
aeeem_mylyn,hybrid,logistic_regression,5,5,1525,0,1,0.6567360266989438
aeeem_mylyn,hybrid,logistic_regression,5,5,1529,0,0,0.0018473029110994252
aeeem_mylyn,hybrid,logistic_regression,5,5,1533,0,0,0.10325580240702195
aeeem_mylyn,hybrid,logistic_regression,5,5,1536,0,0,0.10851548380530394
aeeem_mylyn,hybrid,logistic_regression,5,5,1541,0,0,0.00018300613094303272
aeeem_mylyn,hybrid,logistic_regression,5,5,1544,0,0,0.0242122025694879
aeeem_mylyn,hybrid,logistic_regression,5,5,1546,0,0,0.009118859664787952
aeeem_mylyn,hybrid,logistic_regression,5,5,1549,0,0,0.0013329451025050636
aeeem_mylyn,hybrid,logistic_regression,5,5,1553,0,0,0.11148614154450336
aeeem_mylyn,hybrid,logistic_regression,5,5,1555,0,0,0.19637061924523985
aeeem_mylyn,hybrid,logistic_regression,5,5,1558,0,0,0.04425739399665256
aeeem_mylyn,hybrid,logistic_regression,5,5,1561,1,1,0.8572817595384975
aeeem_mylyn,hybrid,logistic_regression,5,5,1562,0,1,0.6303479681584006
aeeem_mylyn,hybrid,logistic_regression,5,5,1564,0,1,0.5749749245825065
aeeem_mylyn,hybrid,logistic_regression,5,5,1569,0,0,0.00996496842733314
aeeem_mylyn,hybrid,logistic_regression,5,5,1570,0,0,0.12526131074439564
aeeem_mylyn,hybrid,logistic_regression,5,5,1575,0,0,0.10749592058834692
aeeem_mylyn,hybrid,logistic_regression,5,5,1579,0,0,0.19407239211617164
aeeem_mylyn,hybrid,logistic_regression,5,5,1582,0,1,0.5080098095849237
aeeem_mylyn,hybrid,logistic_regression,5,5,1584,0,0,0.30859451985731046
aeeem_mylyn,hybrid,logistic_regression,5,5,1587,0,0,0.01585861235969119
aeeem_mylyn,hybrid,logistic_regression,5,5,1599,0,0,0.25762735745920723
aeeem_mylyn,hybrid,logistic_regression,5,5,1606,0,1,0.892650658435564
aeeem_mylyn,hybrid,logistic_regression,5,5,1607,0,1,0.5697570045084065
aeeem_mylyn,hybrid,logistic_regression,5,5,1610,0,0,0.05670543614137286
aeeem_mylyn,hybrid,logistic_regression,5,5,1617,0,0,0.25122617405302744
aeeem_mylyn,hybrid,logistic_regression,5,5,1619,0,0,0.22263097326846426
aeeem_mylyn,hybrid,logistic_regression,5,5,1620,0,0,0.002897545282869241
aeeem_mylyn,hybrid,logistic_regression,5,5,1621,0,1,0.7330193145858653
aeeem_mylyn,hybrid,logistic_regression,5,5,1623,0,1,0.5452120838531537
aeeem_mylyn,hybrid,logistic_regression,5,5,1627,0,1,0.614054967072209
aeeem_mylyn,hybrid,logistic_regression,5,5,1629,1,1,0.5074255411152343
aeeem_mylyn,hybrid,logistic_regression,5,5,1631,0,1,0.7218785354371197
aeeem_mylyn,hybrid,logistic_regression,5,5,1632,1,1,0.5415592525157221
aeeem_mylyn,hybrid,logistic_regression,5,5,1634,0,0,0.02104110347165792
aeeem_mylyn,hybrid,logistic_regression,5,5,1638,0,0,0.4218647489975519
aeeem_mylyn,hybrid,logistic_regression,5,5,1643,0,0,0.20817948224587796
aeeem_mylyn,hybrid,logistic_regression,5,5,1644,0,0,0.02855376950409011
aeeem_mylyn,hybrid,logistic_regression,5,5,1646,0,0,0.2341697961281301
aeeem_mylyn,hybrid,logistic_regression,5,5,1648,0,0,0.04087211029709293
aeeem_mylyn,hybrid,logistic_regression,5,5,1651,0,1,0.7204646944594619
aeeem_mylyn,hybrid,logistic_regression,5,5,1652,0,1,0.846974721303067
aeeem_mylyn,hybrid,logistic_regression,5,5,1653,0,1,0.5807645652295511
aeeem_mylyn,hybrid,logistic_regression,5,5,1654,0,1,0.6497591138449357
aeeem_mylyn,hybrid,logistic_regression,5,5,1666,1,0,0.3581152475408126
aeeem_mylyn,hybrid,logistic_regression,5,5,1673,0,0,0.09841506259328751
aeeem_mylyn,hybrid,logistic_regression,5,5,1674,0,1,0.8220427978950203
aeeem_mylyn,hybrid,logistic_regression,5,5,1675,1,1,0.803408607470587
aeeem_mylyn,hybrid,logistic_regression,5,5,1682,1,1,0.9994501292519107
aeeem_mylyn,hybrid,logistic_regression,5,5,1694,0,0,0.02285813199247577
aeeem_mylyn,hybrid,logistic_regression,5,5,1700,1,0,0.4684487013535428
aeeem_mylyn,hybrid,logistic_regression,5,5,1714,1,1,0.7749725943576027
aeeem_mylyn,hybrid,logistic_regression,5,5,1727,0,0,0.17057329208058453
aeeem_mylyn,hybrid,logistic_regression,5,5,1730,0,0,0.04770519610661677
aeeem_mylyn,hybrid,logistic_regression,5,5,1750,0,0,0.052053510224547316
aeeem_mylyn,hybrid,logistic_regression,5,5,1752,0,0,0.2426730493694376
aeeem_mylyn,hybrid,logistic_regression,5,5,1763,0,1,0.5672418788814028
aeeem_mylyn,hybrid,logistic_regression,5,5,1766,0,1,0.6342028887675288
aeeem_mylyn,hybrid,logistic_regression,5,5,1769,0,0,0.000610959400922723
aeeem_mylyn,hybrid,logistic_regression,5,5,1775,0,1,0.6092711658559272
aeeem_mylyn,hybrid,logistic_regression,5,5,1777,0,0,1.8464312465783927e-05
aeeem_mylyn,hybrid,logistic_regression,5,5,1778,0,0,0.00458907551263922
aeeem_mylyn,hybrid,logistic_regression,5,5,1779,0,1,0.7137321475222642
aeeem_mylyn,hybrid,logistic_regression,5,5,1781,0,0,0.22620870902847892
aeeem_mylyn,hybrid,logistic_regression,5,5,1785,0,1,0.6170932994741853
aeeem_mylyn,hybrid,logistic_regression,5,5,1794,0,0,0.1110912070931485
aeeem_mylyn,hybrid,logistic_regression,5,5,1795,1,1,0.7236497880147547
aeeem_mylyn,hybrid,logistic_regression,5,5,1801,0,0,0.11948264603709363
aeeem_mylyn,hybrid,logistic_regression,5,5,1803,0,0,0.021276570641704483
aeeem_mylyn,hybrid,logistic_regression,5,5,1806,1,1,0.8030836940406784
aeeem_mylyn,hybrid,logistic_regression,5,5,1809,0,0,0.28072044072325497
aeeem_mylyn,hybrid,logistic_regression,5,5,1815,0,0,0.00037696643314984174
aeeem_mylyn,hybrid,logistic_regression,5,5,1824,0,1,0.6072070114202359
aeeem_mylyn,hybrid,logistic_regression,5,5,1834,1,1,0.6116849294291916
aeeem_mylyn,hybrid,logistic_regression,5,5,1836,0,0,0.2149144593861237
aeeem_mylyn,hybrid,logistic_regression,5,5,1837,0,0,0.10468857004031493
aeeem_mylyn,hybrid,logistic_regression,5,5,1840,0,1,0.7299795143421627
aeeem_mylyn,hybrid,logistic_regression,5,5,1841,1,1,0.7153757422498086
aeeem_mylyn,hybrid,logistic_regression,5,5,1845,0,0,0.49272032166997953
aeeem_mylyn,hybrid,logistic_regression,5,5,1847,0,0,0.000455575530022136
aeeem_mylyn,hybrid,logistic_regression,5,5,1857,0,0,0.27980115272776757
aeeem_mylyn,hybrid,logistic_regression,5,5,1860,0,1,0.6034939791634958
