dataset,feature_set,model,cv_folds,fold,row_index,y_true,y_pred,y_score
aeeem_mylyn,static,xgboost,10,1,0,0,0,0.17586621642112732
aeeem_mylyn,static,xgboost,10,1,13,0,0,0.02667756751179695
aeeem_mylyn,static,xgboost,10,1,28,0,0,0.013450989499688148
aeeem_mylyn,static,xgboost,10,1,35,0,0,0.45364484190940857
aeeem_mylyn,static,xgboost,10,1,36,0,0,0.48108527064323425
aeeem_mylyn,static,xgboost,10,1,51,1,1,0.8980374932289124
aeeem_mylyn,static,xgboost,10,1,52,0,0,0.27357017993927
aeeem_mylyn,static,xgboost,10,1,54,0,0,0.34208303689956665
aeeem_mylyn,static,xgboost,10,1,62,0,0,0.3306106925010681
aeeem_mylyn,static,xgboost,10,1,76,0,0,0.08906520903110504
aeeem_mylyn,static,xgboost,10,1,78,0,0,0.0187105443328619
aeeem_mylyn,static,xgboost,10,1,90,0,0,0.3749034106731415
aeeem_mylyn,static,xgboost,10,1,116,0,0,0.15237799286842346
aeeem_mylyn,static,xgboost,10,1,140,0,0,0.08426165580749512
aeeem_mylyn,static,xgboost,10,1,141,0,0,0.2770000100135803
aeeem_mylyn,static,xgboost,10,1,151,0,0,0.4658321142196655
aeeem_mylyn,static,xgboost,10,1,152,0,0,0.3029092252254486
aeeem_mylyn,static,xgboost,10,1,160,0,0,0.031123170629143715
aeeem_mylyn,static,xgboost,10,1,174,0,0,0.31874313950538635
aeeem_mylyn,static,xgboost,10,1,176,0,1,0.871613621711731
aeeem_mylyn,static,xgboost,10,1,186,1,0,0.3604646623134613
aeeem_mylyn,static,xgboost,10,1,228,0,0,0.06091701239347458
aeeem_mylyn,static,xgboost,10,1,241,0,0,0.04527208209037781
aeeem_mylyn,static,xgboost,10,1,251,0,0,0.09967688471078873
aeeem_mylyn,static,xgboost,10,1,261,1,1,0.8089427947998047
aeeem_mylyn,static,xgboost,10,1,263,0,0,0.2976580858230591
aeeem_mylyn,static,xgboost,10,1,295,0,0,0.03487810119986534
aeeem_mylyn,static,xgboost,10,1,297,0,1,0.5726075768470764
aeeem_mylyn,static,xgboost,10,1,298,0,0,0.15486794710159302
aeeem_mylyn,static,xgboost,10,1,300,0,0,0.10064762085676193
aeeem_mylyn,static,xgboost,10,1,302,0,0,0.20355121791362762
aeeem_mylyn,static,xgboost,10,1,311,0,0,0.16934247314929962
aeeem_mylyn,static,xgboost,10,1,354,0,0,0.024676689878106117
aeeem_mylyn,static,xgboost,10,1,375,1,0,0.16318275034427643
aeeem_mylyn,static,xgboost,10,1,407,0,0,0.37444254755973816
aeeem_mylyn,static,xgboost,10,1,423,1,0,0.07075958698987961
aeeem_mylyn,static,xgboost,10,1,432,0,0,0.0555800199508667
aeeem_mylyn,static,xgboost,10,1,438,0,0,0.39110150933265686
aeeem_mylyn,static,xgboost,10,1,441,1,0,0.34062451124191284
aeeem_mylyn,static,xgboost,10,1,486,1,1,0.5549463629722595
aeeem_mylyn,static,xgboost,10,1,487,0,0,0.03676066920161247
aeeem_mylyn,static,xgboost,10,1,496,0,0,0.1552344262599945
aeeem_mylyn,static,xgboost,10,1,506,0,0,0.1552344262599945
aeeem_mylyn,static,xgboost,10,1,515,0,0,0.20389600098133087
aeeem_mylyn,static,xgboost,10,1,526,0,0,0.2385932356119156
aeeem_mylyn,static,xgboost,10,1,548,0,0,0.13955721259117126
aeeem_mylyn,static,xgboost,10,1,551,0,0,0.38695624470710754
aeeem_mylyn,static,xgboost,10,1,555,0,0,0.175236776471138
aeeem_mylyn,static,xgboost,10,1,560,0,0,0.23994508385658264
aeeem_mylyn,static,xgboost,10,1,622,0,0,0.34688788652420044
aeeem_mylyn,static,xgboost,10,1,629,0,0,0.12095527350902557
aeeem_mylyn,static,xgboost,10,1,640,0,1,0.7869313359260559
aeeem_mylyn,static,xgboost,10,1,647,0,0,0.26110291481018066
aeeem_mylyn,static,xgboost,10,1,658,0,0,0.06329784542322159
aeeem_mylyn,static,xgboost,10,1,666,0,1,0.8482239246368408
aeeem_mylyn,static,xgboost,10,1,670,0,0,0.05234076455235481
aeeem_mylyn,static,xgboost,10,1,689,1,1,0.7408619523048401
aeeem_mylyn,static,xgboost,10,1,698,0,1,0.5239335298538208
aeeem_mylyn,static,xgboost,10,1,699,0,0,0.021022100001573563
aeeem_mylyn,static,xgboost,10,1,701,0,0,0.0906548872590065
aeeem_mylyn,static,xgboost,10,1,738,0,1,0.7504828572273254
aeeem_mylyn,static,xgboost,10,1,744,0,0,0.3701574206352234
aeeem_mylyn,static,xgboost,10,1,750,0,0,0.08926751464605331
aeeem_mylyn,static,xgboost,10,1,766,1,0,0.03757584095001221
aeeem_mylyn,static,xgboost,10,1,772,0,0,0.24034561216831207
aeeem_mylyn,static,xgboost,10,1,776,0,0,0.06805463135242462
aeeem_mylyn,static,xgboost,10,1,780,0,1,0.6110140085220337
aeeem_mylyn,static,xgboost,10,1,783,0,0,0.019373243674635887
aeeem_mylyn,static,xgboost,10,1,826,0,1,0.6787843704223633
aeeem_mylyn,static,xgboost,10,1,829,0,0,0.1820627897977829
aeeem_mylyn,static,xgboost,10,1,840,0,0,0.06091701239347458
aeeem_mylyn,static,xgboost,10,1,859,0,0,0.11370713263750076
aeeem_mylyn,static,xgboost,10,1,860,0,0,0.44422978162765503
aeeem_mylyn,static,xgboost,10,1,870,0,0,0.10963590443134308
aeeem_mylyn,static,xgboost,10,1,886,0,0,0.15884873270988464
aeeem_mylyn,static,xgboost,10,1,889,0,0,0.14668601751327515
aeeem_mylyn,static,xgboost,10,1,890,0,0,0.14308373630046844
aeeem_mylyn,static,xgboost,10,1,892,0,0,0.024083660915493965
aeeem_mylyn,static,xgboost,10,1,894,1,0,0.09680136293172836
aeeem_mylyn,static,xgboost,10,1,896,0,0,0.09367958456277847
aeeem_mylyn,static,xgboost,10,1,900,0,0,0.3375084698200226
aeeem_mylyn,static,xgboost,10,1,904,0,0,0.08470310270786285
aeeem_mylyn,static,xgboost,10,1,921,0,0,0.09220438450574875
aeeem_mylyn,static,xgboost,10,1,923,0,1,0.5043478608131409
aeeem_mylyn,static,xgboost,10,1,938,0,0,0.13720154762268066
aeeem_mylyn,static,xgboost,10,1,940,0,0,0.22253362834453583
aeeem_mylyn,static,xgboost,10,1,942,0,0,0.24471336603164673
aeeem_mylyn,static,xgboost,10,1,945,0,0,0.2089613527059555
aeeem_mylyn,static,xgboost,10,1,948,0,0,0.04411136731505394
aeeem_mylyn,static,xgboost,10,1,958,0,0,0.03640235587954521
aeeem_mylyn,static,xgboost,10,1,960,0,0,0.15486794710159302
aeeem_mylyn,static,xgboost,10,1,961,0,0,0.29570478200912476
aeeem_mylyn,static,xgboost,10,1,963,0,0,0.24815435707569122
aeeem_mylyn,static,xgboost,10,1,976,0,1,0.7160824537277222
aeeem_mylyn,static,xgboost,10,1,986,0,0,0.42273399233818054
aeeem_mylyn,static,xgboost,10,1,988,0,1,0.5557273030281067
aeeem_mylyn,static,xgboost,10,1,1011,0,0,0.23506419360637665
aeeem_mylyn,static,xgboost,10,1,1012,1,1,0.7376800775527954
aeeem_mylyn,static,xgboost,10,1,1019,0,0,0.05192882567644119
aeeem_mylyn,static,xgboost,10,1,1020,0,1,0.5076078176498413
aeeem_mylyn,static,xgboost,10,1,1022,0,1,0.8744950890541077
aeeem_mylyn,static,xgboost,10,1,1034,0,0,0.024293983355164528
aeeem_mylyn,static,xgboost,10,1,1037,0,0,0.12601783871650696
aeeem_mylyn,static,xgboost,10,1,1038,0,0,0.18355658650398254
aeeem_mylyn,static,xgboost,10,1,1040,0,0,0.14697282016277313
aeeem_mylyn,static,xgboost,10,1,1060,0,0,0.12292739748954773
aeeem_mylyn,static,xgboost,10,1,1068,0,0,0.06821878999471664
aeeem_mylyn,static,xgboost,10,1,1075,0,0,0.22455447912216187
aeeem_mylyn,static,xgboost,10,1,1080,0,0,0.0048868427984416485
aeeem_mylyn,static,xgboost,10,1,1087,0,0,0.06904818117618561
aeeem_mylyn,static,xgboost,10,1,1108,0,0,0.4794660210609436
aeeem_mylyn,static,xgboost,10,1,1126,0,0,0.3365422189235687
aeeem_mylyn,static,xgboost,10,1,1152,0,0,0.09686978161334991
aeeem_mylyn,static,xgboost,10,1,1170,0,0,0.06997033208608627
aeeem_mylyn,static,xgboost,10,1,1171,0,0,0.18394002318382263
aeeem_mylyn,static,xgboost,10,1,1178,0,0,0.28188562393188477
aeeem_mylyn,static,xgboost,10,1,1179,0,0,0.1551484614610672
aeeem_mylyn,static,xgboost,10,1,1185,1,1,0.7837769389152527
aeeem_mylyn,static,xgboost,10,1,1196,0,0,0.14585764706134796
aeeem_mylyn,static,xgboost,10,1,1199,0,0,0.14589737355709076
aeeem_mylyn,static,xgboost,10,1,1209,0,0,0.02985255792737007
aeeem_mylyn,static,xgboost,10,1,1228,0,0,0.06340473145246506
aeeem_mylyn,static,xgboost,10,1,1242,0,0,0.3349234461784363
aeeem_mylyn,static,xgboost,10,1,1252,0,0,0.10463019460439682
aeeem_mylyn,static,xgboost,10,1,1258,0,0,0.36308935284614563
aeeem_mylyn,static,xgboost,10,1,1268,1,1,0.6310775876045227
aeeem_mylyn,static,xgboost,10,1,1278,0,1,0.8387418389320374
aeeem_mylyn,static,xgboost,10,1,1283,1,0,0.3867998719215393
aeeem_mylyn,static,xgboost,10,1,1285,0,1,0.8160298466682434
aeeem_mylyn,static,xgboost,10,1,1287,1,1,0.5537797212600708
aeeem_mylyn,static,xgboost,10,1,1293,0,0,0.15358076989650726
aeeem_mylyn,static,xgboost,10,1,1302,0,0,0.12905332446098328
aeeem_mylyn,static,xgboost,10,1,1318,0,0,0.34543555974960327
aeeem_mylyn,static,xgboost,10,1,1330,0,1,0.6230015754699707
aeeem_mylyn,static,xgboost,10,1,1340,0,0,0.3433091640472412
aeeem_mylyn,static,xgboost,10,1,1352,1,1,0.9579707384109497
aeeem_mylyn,static,xgboost,10,1,1362,0,0,0.14990206062793732
aeeem_mylyn,static,xgboost,10,1,1366,1,0,0.4234273135662079
aeeem_mylyn,static,xgboost,10,1,1368,0,0,0.03309490159153938
aeeem_mylyn,static,xgboost,10,1,1380,1,1,0.6454504132270813
aeeem_mylyn,static,xgboost,10,1,1382,0,0,0.15907718241214752
aeeem_mylyn,static,xgboost,10,1,1389,0,0,0.14024560153484344
aeeem_mylyn,static,xgboost,10,1,1404,0,0,0.08608731627464294
aeeem_mylyn,static,xgboost,10,1,1408,0,0,0.016365155577659607
aeeem_mylyn,static,xgboost,10,1,1423,0,0,0.09273511171340942
aeeem_mylyn,static,xgboost,10,1,1425,0,0,0.19978371262550354
aeeem_mylyn,static,xgboost,10,1,1439,0,0,0.040246568620204926
aeeem_mylyn,static,xgboost,10,1,1448,0,0,0.2790030241012573
aeeem_mylyn,static,xgboost,10,1,1449,0,0,0.3788911700248718
aeeem_mylyn,static,xgboost,10,1,1475,0,0,0.20317980647087097
aeeem_mylyn,static,xgboost,10,1,1479,0,0,0.07966510951519012
aeeem_mylyn,static,xgboost,10,1,1482,1,0,0.4632779061794281
aeeem_mylyn,static,xgboost,10,1,1494,1,0,0.32624560594558716
aeeem_mylyn,static,xgboost,10,1,1497,0,0,0.1032235324382782
aeeem_mylyn,static,xgboost,10,1,1502,0,0,0.20340153574943542
aeeem_mylyn,static,xgboost,10,1,1521,0,0,0.21342837810516357
aeeem_mylyn,static,xgboost,10,1,1528,0,1,0.6644794344902039
aeeem_mylyn,static,xgboost,10,1,1534,0,1,0.5601474046707153
aeeem_mylyn,static,xgboost,10,1,1538,0,1,0.5363454222679138
aeeem_mylyn,static,xgboost,10,1,1539,0,0,0.03307706490159035
aeeem_mylyn,static,xgboost,10,1,1547,0,0,0.07431551069021225
aeeem_mylyn,static,xgboost,10,1,1566,0,0,0.2519991397857666
aeeem_mylyn,static,xgboost,10,1,1578,0,0,0.13361696898937225
aeeem_mylyn,static,xgboost,10,1,1592,0,0,0.10763581097126007
aeeem_mylyn,static,xgboost,10,1,1601,0,0,0.46497029066085815
aeeem_mylyn,static,xgboost,10,1,1614,0,0,0.14932918548583984
aeeem_mylyn,static,xgboost,10,1,1615,0,0,0.05732569843530655
aeeem_mylyn,static,xgboost,10,1,1630,1,1,0.5111511945724487
aeeem_mylyn,static,xgboost,10,1,1676,1,1,0.5477299094200134
aeeem_mylyn,static,xgboost,10,1,1678,0,0,0.42252829670906067
aeeem_mylyn,static,xgboost,10,1,1704,0,0,0.20712296664714813
aeeem_mylyn,static,xgboost,10,1,1713,0,0,0.08263654261827469
aeeem_mylyn,static,xgboost,10,1,1716,0,0,0.12232348322868347
aeeem_mylyn,static,xgboost,10,1,1733,0,0,0.4504682123661041
aeeem_mylyn,static,xgboost,10,1,1734,0,0,0.06091701239347458
aeeem_mylyn,static,xgboost,10,1,1758,0,0,0.379376620054245
aeeem_mylyn,static,xgboost,10,1,1772,0,0,0.3071846067905426
aeeem_mylyn,static,xgboost,10,1,1780,0,0,0.019373243674635887
aeeem_mylyn,static,xgboost,10,1,1784,1,0,0.07113578915596008
aeeem_mylyn,static,xgboost,10,1,1786,1,1,0.7780539989471436
aeeem_mylyn,static,xgboost,10,1,1790,0,0,0.12257953733205795
aeeem_mylyn,static,xgboost,10,1,1798,0,0,0.04188085347414017
aeeem_mylyn,static,xgboost,10,1,1823,0,0,0.13085024058818817
aeeem_mylyn,static,xgboost,10,1,1831,1,1,0.73534095287323
aeeem_mylyn,static,xgboost,10,1,1842,0,0,0.021206853911280632
aeeem_mylyn,static,xgboost,10,1,1846,0,0,0.05705687776207924
aeeem_mylyn,static,xgboost,10,1,1852,0,0,0.11085253953933716
aeeem_mylyn,static,xgboost,10,2,9,0,0,0.059217821806669235
aeeem_mylyn,static,xgboost,10,2,17,0,0,0.2883569300174713
aeeem_mylyn,static,xgboost,10,2,19,0,0,0.013272382318973541
aeeem_mylyn,static,xgboost,10,2,20,0,0,0.04362960532307625
aeeem_mylyn,static,xgboost,10,2,21,0,0,0.3877279758453369
aeeem_mylyn,static,xgboost,10,2,22,0,1,0.5309464335441589
aeeem_mylyn,static,xgboost,10,2,32,0,0,0.19591136276721954
aeeem_mylyn,static,xgboost,10,2,53,0,0,0.017321152612566948
aeeem_mylyn,static,xgboost,10,2,69,0,0,0.05000660568475723
aeeem_mylyn,static,xgboost,10,2,81,0,1,0.5213404297828674
aeeem_mylyn,static,xgboost,10,2,91,0,1,0.558164656162262
aeeem_mylyn,static,xgboost,10,2,94,0,0,0.303526908159256
aeeem_mylyn,static,xgboost,10,2,107,0,1,0.8468032479286194
aeeem_mylyn,static,xgboost,10,2,114,1,0,0.21839559078216553
aeeem_mylyn,static,xgboost,10,2,129,1,0,0.47718191146850586
aeeem_mylyn,static,xgboost,10,2,134,1,1,0.8468032479286194
aeeem_mylyn,static,xgboost,10,2,144,0,0,0.041870854794979095
aeeem_mylyn,static,xgboost,10,2,153,0,0,0.11625537276268005
aeeem_mylyn,static,xgboost,10,2,154,0,0,0.21692833304405212
aeeem_mylyn,static,xgboost,10,2,162,0,0,0.03554847463965416
aeeem_mylyn,static,xgboost,10,2,167,0,0,0.38708871603012085
aeeem_mylyn,static,xgboost,10,2,170,0,0,0.05120142176747322
aeeem_mylyn,static,xgboost,10,2,187,0,0,0.0069755376316607
aeeem_mylyn,static,xgboost,10,2,201,0,0,0.2535565495491028
aeeem_mylyn,static,xgboost,10,2,219,0,0,0.10684560239315033
aeeem_mylyn,static,xgboost,10,2,223,0,0,0.020345250144600868
aeeem_mylyn,static,xgboost,10,2,225,0,0,0.11252102255821228
aeeem_mylyn,static,xgboost,10,2,235,0,1,0.6881862282752991
aeeem_mylyn,static,xgboost,10,2,245,0,0,0.05431215092539787
aeeem_mylyn,static,xgboost,10,2,247,1,1,0.8389827609062195
aeeem_mylyn,static,xgboost,10,2,252,1,0,0.21922248601913452
aeeem_mylyn,static,xgboost,10,2,262,0,0,0.03437594696879387
aeeem_mylyn,static,xgboost,10,2,266,1,0,0.04626798257231712
aeeem_mylyn,static,xgboost,10,2,279,0,0,0.06579595804214478
aeeem_mylyn,static,xgboost,10,2,283,0,0,0.022113073617219925
aeeem_mylyn,static,xgboost,10,2,296,0,0,0.05706775188446045
aeeem_mylyn,static,xgboost,10,2,335,0,0,0.06634180247783661
aeeem_mylyn,static,xgboost,10,2,341,0,0,0.19665312767028809
aeeem_mylyn,static,xgboost,10,2,343,1,0,0.08686976134777069
aeeem_mylyn,static,xgboost,10,2,345,0,1,0.7107517123222351
aeeem_mylyn,static,xgboost,10,2,351,0,0,0.032906424254179
aeeem_mylyn,static,xgboost,10,2,352,0,0,0.017479125410318375
aeeem_mylyn,static,xgboost,10,2,365,0,1,0.9009729027748108
aeeem_mylyn,static,xgboost,10,2,367,0,0,0.035364780575037
aeeem_mylyn,static,xgboost,10,2,393,0,0,0.05496339127421379
aeeem_mylyn,static,xgboost,10,2,397,0,0,0.04313873127102852
aeeem_mylyn,static,xgboost,10,2,403,0,0,0.09197467565536499
aeeem_mylyn,static,xgboost,10,2,421,0,0,0.22164496779441833
aeeem_mylyn,static,xgboost,10,2,427,0,0,0.23820072412490845
aeeem_mylyn,static,xgboost,10,2,429,0,0,0.07789404690265656
aeeem_mylyn,static,xgboost,10,2,448,0,0,0.020481115207076073
aeeem_mylyn,static,xgboost,10,2,469,1,1,0.7901056408882141
aeeem_mylyn,static,xgboost,10,2,474,0,0,0.17852309346199036
aeeem_mylyn,static,xgboost,10,2,476,0,0,0.31483545899391174
aeeem_mylyn,static,xgboost,10,2,491,0,0,0.05242496728897095
aeeem_mylyn,static,xgboost,10,2,492,0,0,0.06056718900799751
aeeem_mylyn,static,xgboost,10,2,505,0,1,0.8468032479286194
aeeem_mylyn,static,xgboost,10,2,509,0,0,0.3106445074081421
aeeem_mylyn,static,xgboost,10,2,520,0,0,0.38309988379478455
aeeem_mylyn,static,xgboost,10,2,530,0,0,0.34638482332229614
aeeem_mylyn,static,xgboost,10,2,534,0,0,0.038465820252895355
aeeem_mylyn,static,xgboost,10,2,542,0,0,0.21177272498607635
aeeem_mylyn,static,xgboost,10,2,570,0,0,0.05392943322658539
aeeem_mylyn,static,xgboost,10,2,593,0,0,0.05844739079475403
aeeem_mylyn,static,xgboost,10,2,595,1,1,0.8468032479286194
aeeem_mylyn,static,xgboost,10,2,596,0,0,0.043871112167835236
aeeem_mylyn,static,xgboost,10,2,599,1,0,0.3076954782009125
aeeem_mylyn,static,xgboost,10,2,603,0,0,0.2251044660806656
aeeem_mylyn,static,xgboost,10,2,608,0,0,0.048741478472948074
aeeem_mylyn,static,xgboost,10,2,614,0,0,0.14885178208351135
aeeem_mylyn,static,xgboost,10,2,628,0,0,0.49177977442741394
aeeem_mylyn,static,xgboost,10,2,642,0,0,0.05800504609942436
aeeem_mylyn,static,xgboost,10,2,644,0,0,0.028118416666984558
aeeem_mylyn,static,xgboost,10,2,648,0,0,0.09810908883810043
aeeem_mylyn,static,xgboost,10,2,652,1,0,0.19070479273796082
aeeem_mylyn,static,xgboost,10,2,662,0,0,0.17061683535575867
aeeem_mylyn,static,xgboost,10,2,679,0,0,0.14735858142375946
aeeem_mylyn,static,xgboost,10,2,694,0,0,0.07763008028268814
aeeem_mylyn,static,xgboost,10,2,706,1,1,0.7077151536941528
aeeem_mylyn,static,xgboost,10,2,708,0,0,0.18753592669963837
aeeem_mylyn,static,xgboost,10,2,709,0,1,0.6349341869354248
aeeem_mylyn,static,xgboost,10,2,734,0,0,0.4112515151500702
aeeem_mylyn,static,xgboost,10,2,737,0,0,0.06033135578036308
aeeem_mylyn,static,xgboost,10,2,739,0,0,0.41551685333251953
aeeem_mylyn,static,xgboost,10,2,740,0,0,0.04575444757938385
aeeem_mylyn,static,xgboost,10,2,753,0,0,0.19846273958683014
aeeem_mylyn,static,xgboost,10,2,758,0,1,0.6711733937263489
aeeem_mylyn,static,xgboost,10,2,763,0,0,0.2581656277179718
aeeem_mylyn,static,xgboost,10,2,775,0,1,0.6174073219299316
aeeem_mylyn,static,xgboost,10,2,777,0,0,0.1668919175863266
aeeem_mylyn,static,xgboost,10,2,782,0,0,0.06991585344076157
aeeem_mylyn,static,xgboost,10,2,802,0,0,0.018997475504875183
aeeem_mylyn,static,xgboost,10,2,804,0,0,0.020097333937883377
aeeem_mylyn,static,xgboost,10,2,818,0,0,0.03187607601284981
aeeem_mylyn,static,xgboost,10,2,831,0,0,0.045743126422166824
aeeem_mylyn,static,xgboost,10,2,842,0,0,0.1478194296360016
aeeem_mylyn,static,xgboost,10,2,854,0,0,0.20186476409435272
aeeem_mylyn,static,xgboost,10,2,856,1,1,0.5821163654327393
aeeem_mylyn,static,xgboost,10,2,861,0,0,0.37344759702682495
aeeem_mylyn,static,xgboost,10,2,867,0,0,0.23368459939956665
aeeem_mylyn,static,xgboost,10,2,877,1,0,0.13769353926181793
aeeem_mylyn,static,xgboost,10,2,885,0,0,0.054366301745176315
aeeem_mylyn,static,xgboost,10,2,895,0,0,0.10840713232755661
aeeem_mylyn,static,xgboost,10,2,914,1,1,0.6290031671524048
aeeem_mylyn,static,xgboost,10,2,926,0,0,0.1502813845872879
aeeem_mylyn,static,xgboost,10,2,927,0,1,0.887399435043335
aeeem_mylyn,static,xgboost,10,2,934,0,0,0.30114829540252686
aeeem_mylyn,static,xgboost,10,2,943,0,0,0.049929484724998474
aeeem_mylyn,static,xgboost,10,2,957,0,0,0.3792567253112793
aeeem_mylyn,static,xgboost,10,2,968,0,0,0.14394335448741913
aeeem_mylyn,static,xgboost,10,2,969,0,0,0.05560523644089699
aeeem_mylyn,static,xgboost,10,2,970,0,0,0.2064364105463028
aeeem_mylyn,static,xgboost,10,2,993,0,0,0.15270079672336578
aeeem_mylyn,static,xgboost,10,2,1006,0,0,0.14323192834854126
aeeem_mylyn,static,xgboost,10,2,1008,0,1,0.6813954710960388
aeeem_mylyn,static,xgboost,10,2,1009,0,0,0.03188930079340935
aeeem_mylyn,static,xgboost,10,2,1016,0,1,0.8284667134284973
aeeem_mylyn,static,xgboost,10,2,1069,0,1,0.8230416774749756
aeeem_mylyn,static,xgboost,10,2,1073,0,0,0.06327876448631287
aeeem_mylyn,static,xgboost,10,2,1074,0,0,0.02131836488842964
aeeem_mylyn,static,xgboost,10,2,1077,1,0,0.332685261964798
aeeem_mylyn,static,xgboost,10,2,1083,0,0,0.25546789169311523
aeeem_mylyn,static,xgboost,10,2,1092,0,0,0.07569760084152222
aeeem_mylyn,static,xgboost,10,2,1118,0,0,0.14172154664993286
aeeem_mylyn,static,xgboost,10,2,1145,0,0,0.06369943916797638
aeeem_mylyn,static,xgboost,10,2,1155,0,0,0.41650107502937317
aeeem_mylyn,static,xgboost,10,2,1163,0,0,0.1589861959218979
aeeem_mylyn,static,xgboost,10,2,1165,0,0,0.19433680176734924
aeeem_mylyn,static,xgboost,10,2,1168,0,0,0.059630874544382095
aeeem_mylyn,static,xgboost,10,2,1195,0,0,0.1568603813648224
aeeem_mylyn,static,xgboost,10,2,1213,0,0,0.06811665743589401
aeeem_mylyn,static,xgboost,10,2,1222,0,0,0.24436375498771667
aeeem_mylyn,static,xgboost,10,2,1241,0,0,0.08591736108064651
aeeem_mylyn,static,xgboost,10,2,1246,0,0,0.01661948300898075
aeeem_mylyn,static,xgboost,10,2,1257,0,0,0.16712337732315063
aeeem_mylyn,static,xgboost,10,2,1265,0,0,0.1328854262828827
aeeem_mylyn,static,xgboost,10,2,1295,0,0,0.1652529537677765
aeeem_mylyn,static,xgboost,10,2,1305,0,0,0.2961348295211792
aeeem_mylyn,static,xgboost,10,2,1324,0,0,0.062037061899900436
aeeem_mylyn,static,xgboost,10,2,1373,0,0,0.07836049795150757
aeeem_mylyn,static,xgboost,10,2,1379,1,1,0.6661251783370972
aeeem_mylyn,static,xgboost,10,2,1392,0,0,0.2886461019515991
aeeem_mylyn,static,xgboost,10,2,1401,0,0,0.05660393461585045
aeeem_mylyn,static,xgboost,10,2,1403,0,0,0.04277291148900986
aeeem_mylyn,static,xgboost,10,2,1411,1,1,0.6848163604736328
aeeem_mylyn,static,xgboost,10,2,1422,0,0,0.05836595594882965
aeeem_mylyn,static,xgboost,10,2,1435,0,0,0.15847499668598175
aeeem_mylyn,static,xgboost,10,2,1454,0,0,0.21106766164302826
aeeem_mylyn,static,xgboost,10,2,1461,1,1,0.9866740703582764
aeeem_mylyn,static,xgboost,10,2,1462,0,0,0.303526908159256
aeeem_mylyn,static,xgboost,10,2,1463,0,0,0.12212853878736496
aeeem_mylyn,static,xgboost,10,2,1489,1,0,0.10307672619819641
aeeem_mylyn,static,xgboost,10,2,1492,0,0,0.37992724776268005
aeeem_mylyn,static,xgboost,10,2,1496,0,0,0.061954863369464874
aeeem_mylyn,static,xgboost,10,2,1501,0,1,0.5400018692016602
aeeem_mylyn,static,xgboost,10,2,1515,1,0,0.24638204276561737
aeeem_mylyn,static,xgboost,10,2,1543,0,0,0.3211486041545868
aeeem_mylyn,static,xgboost,10,2,1552,0,0,0.138682022690773
aeeem_mylyn,static,xgboost,10,2,1563,0,0,0.2542942762374878
aeeem_mylyn,static,xgboost,10,2,1576,1,1,0.9392074346542358
aeeem_mylyn,static,xgboost,10,2,1588,0,0,0.11871400475502014
aeeem_mylyn,static,xgboost,10,2,1595,0,0,0.09804505854845047
aeeem_mylyn,static,xgboost,10,2,1597,0,0,0.095390684902668
aeeem_mylyn,static,xgboost,10,2,1598,0,0,0.24434146285057068
aeeem_mylyn,static,xgboost,10,2,1603,0,1,0.7952833771705627
aeeem_mylyn,static,xgboost,10,2,1605,0,0,0.35597506165504456
aeeem_mylyn,static,xgboost,10,2,1612,0,0,0.455657035112381
aeeem_mylyn,static,xgboost,10,2,1635,0,0,0.19488899409770966
aeeem_mylyn,static,xgboost,10,2,1668,1,1,0.7693601846694946
aeeem_mylyn,static,xgboost,10,2,1680,1,1,0.8513732552528381
aeeem_mylyn,static,xgboost,10,2,1688,0,0,0.013090889900922775
aeeem_mylyn,static,xgboost,10,2,1712,0,0,0.23016276955604553
aeeem_mylyn,static,xgboost,10,2,1718,0,0,0.1832675337791443
aeeem_mylyn,static,xgboost,10,2,1720,0,0,0.3408418297767639
aeeem_mylyn,static,xgboost,10,2,1739,0,0,0.22725358605384827
aeeem_mylyn,static,xgboost,10,2,1741,0,0,0.45119497179985046
aeeem_mylyn,static,xgboost,10,2,1747,0,0,0.1384841352701187
aeeem_mylyn,static,xgboost,10,2,1754,0,0,0.2506842613220215
aeeem_mylyn,static,xgboost,10,2,1757,0,0,0.34761932492256165
aeeem_mylyn,static,xgboost,10,2,1771,0,0,0.024972975254058838
aeeem_mylyn,static,xgboost,10,2,1789,0,0,0.1544259637594223
aeeem_mylyn,static,xgboost,10,2,1791,0,0,0.05761287733912468
aeeem_mylyn,static,xgboost,10,2,1796,0,0,0.09386534988880157
aeeem_mylyn,static,xgboost,10,2,1812,0,0,0.08391422778367996
aeeem_mylyn,static,xgboost,10,2,1822,0,0,0.1082642674446106
aeeem_mylyn,static,xgboost,10,2,1828,0,0,0.021792953833937645
aeeem_mylyn,static,xgboost,10,2,1835,1,0,0.1547662317752838
aeeem_mylyn,static,xgboost,10,3,1,0,1,0.5474117398262024
aeeem_mylyn,static,xgboost,10,3,16,0,0,0.16382724046707153
aeeem_mylyn,static,xgboost,10,3,23,0,0,0.19902291893959045
aeeem_mylyn,static,xgboost,10,3,25,0,1,0.8532951474189758
aeeem_mylyn,static,xgboost,10,3,27,0,0,0.02561057172715664
aeeem_mylyn,static,xgboost,10,3,41,0,1,0.7099361419677734
aeeem_mylyn,static,xgboost,10,3,42,0,1,0.5757321119308472
aeeem_mylyn,static,xgboost,10,3,45,0,1,0.5795242786407471
aeeem_mylyn,static,xgboost,10,3,57,0,0,0.18512512743473053
aeeem_mylyn,static,xgboost,10,3,60,1,1,0.6530328392982483
aeeem_mylyn,static,xgboost,10,3,84,0,0,0.23363147675991058
aeeem_mylyn,static,xgboost,10,3,88,0,0,0.05264313146471977
aeeem_mylyn,static,xgboost,10,3,93,0,0,0.1393243968486786
aeeem_mylyn,static,xgboost,10,3,99,1,0,0.09411664307117462
aeeem_mylyn,static,xgboost,10,3,111,1,1,0.8449520468711853
aeeem_mylyn,static,xgboost,10,3,119,0,0,0.4014192819595337
aeeem_mylyn,static,xgboost,10,3,120,0,0,0.3434298634529114
aeeem_mylyn,static,xgboost,10,3,122,0,0,0.05898215249180794
aeeem_mylyn,static,xgboost,10,3,127,0,0,0.07141738384962082
aeeem_mylyn,static,xgboost,10,3,135,0,0,0.035907115787267685
aeeem_mylyn,static,xgboost,10,3,148,0,0,0.1952124983072281
aeeem_mylyn,static,xgboost,10,3,156,1,0,0.2566756010055542
aeeem_mylyn,static,xgboost,10,3,166,0,0,0.32330122590065
aeeem_mylyn,static,xgboost,10,3,172,0,0,0.33131861686706543
aeeem_mylyn,static,xgboost,10,3,173,1,0,0.325428307056427
aeeem_mylyn,static,xgboost,10,3,181,0,1,0.7564015984535217
aeeem_mylyn,static,xgboost,10,3,195,0,1,0.6296680569648743
aeeem_mylyn,static,xgboost,10,3,198,0,0,0.016488468274474144
aeeem_mylyn,static,xgboost,10,3,202,0,0,0.3254343569278717
aeeem_mylyn,static,xgboost,10,3,212,0,1,0.6125248074531555
aeeem_mylyn,static,xgboost,10,3,215,0,0,0.15336444973945618
aeeem_mylyn,static,xgboost,10,3,229,0,0,0.21934212744235992
aeeem_mylyn,static,xgboost,10,3,242,0,0,0.0760076567530632
aeeem_mylyn,static,xgboost,10,3,246,0,0,0.05264313146471977
aeeem_mylyn,static,xgboost,10,3,249,0,0,0.3329903185367584
aeeem_mylyn,static,xgboost,10,3,250,0,1,0.8367226123809814
aeeem_mylyn,static,xgboost,10,3,253,0,1,0.7933467626571655
aeeem_mylyn,static,xgboost,10,3,258,0,0,0.031106457114219666
aeeem_mylyn,static,xgboost,10,3,259,0,0,0.06754866242408752
aeeem_mylyn,static,xgboost,10,3,303,0,0,0.18245317041873932
aeeem_mylyn,static,xgboost,10,3,304,0,1,0.5480497479438782
aeeem_mylyn,static,xgboost,10,3,307,0,0,0.06915777921676636
aeeem_mylyn,static,xgboost,10,3,315,0,0,0.30037692189216614
aeeem_mylyn,static,xgboost,10,3,317,1,0,0.2606067657470703
aeeem_mylyn,static,xgboost,10,3,329,1,1,0.851571261882782
aeeem_mylyn,static,xgboost,10,3,338,1,1,0.702945351600647
aeeem_mylyn,static,xgboost,10,3,342,0,0,0.16827748715877533
aeeem_mylyn,static,xgboost,10,3,347,0,0,0.009127672761678696
aeeem_mylyn,static,xgboost,10,3,363,0,0,0.27479344606399536
aeeem_mylyn,static,xgboost,10,3,371,0,0,0.11209053546190262
aeeem_mylyn,static,xgboost,10,3,374,0,1,0.8209447264671326
aeeem_mylyn,static,xgboost,10,3,416,0,0,0.05724569410085678
aeeem_mylyn,static,xgboost,10,3,437,0,0,0.15990370512008667
aeeem_mylyn,static,xgboost,10,3,456,0,1,0.747128427028656
aeeem_mylyn,static,xgboost,10,3,473,0,0,0.05396491661667824
aeeem_mylyn,static,xgboost,10,3,475,1,0,0.057133592665195465
aeeem_mylyn,static,xgboost,10,3,484,0,0,0.10226006805896759
aeeem_mylyn,static,xgboost,10,3,490,0,0,0.23125483095645905
aeeem_mylyn,static,xgboost,10,3,494,0,0,0.05264313146471977
aeeem_mylyn,static,xgboost,10,3,517,0,0,0.02509787306189537
aeeem_mylyn,static,xgboost,10,3,522,0,1,0.851571261882782
aeeem_mylyn,static,xgboost,10,3,528,1,1,0.8429256677627563
aeeem_mylyn,static,xgboost,10,3,531,0,0,0.18878714740276337
aeeem_mylyn,static,xgboost,10,3,538,0,0,0.33131861686706543
aeeem_mylyn,static,xgboost,10,3,539,0,0,0.042907655239105225
aeeem_mylyn,static,xgboost,10,3,546,0,0,0.02046724408864975
aeeem_mylyn,static,xgboost,10,3,550,0,1,0.6395470499992371
aeeem_mylyn,static,xgboost,10,3,556,1,0,0.2619389295578003
aeeem_mylyn,static,xgboost,10,3,558,0,0,0.14682087302207947
aeeem_mylyn,static,xgboost,10,3,577,1,1,0.6161549091339111
aeeem_mylyn,static,xgboost,10,3,579,0,0,0.031986743211746216
aeeem_mylyn,static,xgboost,10,3,581,0,0,0.17525945603847504
aeeem_mylyn,static,xgboost,10,3,584,0,0,0.290158748626709
aeeem_mylyn,static,xgboost,10,3,587,1,1,0.807855486869812
aeeem_mylyn,static,xgboost,10,3,597,0,0,0.013958374969661236
aeeem_mylyn,static,xgboost,10,3,604,0,0,0.0910070613026619
aeeem_mylyn,static,xgboost,10,3,605,0,0,0.20278753340244293
aeeem_mylyn,static,xgboost,10,3,612,1,1,0.5927563309669495
aeeem_mylyn,static,xgboost,10,3,616,0,0,0.22560125589370728
aeeem_mylyn,static,xgboost,10,3,620,0,0,0.05724569410085678
aeeem_mylyn,static,xgboost,10,3,625,0,0,0.11286457628011703
aeeem_mylyn,static,xgboost,10,3,665,0,0,0.35576140880584717
aeeem_mylyn,static,xgboost,10,3,671,0,0,0.09787645190954208
aeeem_mylyn,static,xgboost,10,3,673,0,0,0.3004254698753357
aeeem_mylyn,static,xgboost,10,3,677,0,0,0.11588437110185623
aeeem_mylyn,static,xgboost,10,3,680,0,0,0.45600947737693787
aeeem_mylyn,static,xgboost,10,3,712,0,1,0.5757667422294617
aeeem_mylyn,static,xgboost,10,3,720,0,0,0.1782180517911911
aeeem_mylyn,static,xgboost,10,3,721,0,0,0.07870005071163177
aeeem_mylyn,static,xgboost,10,3,722,0,0,0.03733247518539429
aeeem_mylyn,static,xgboost,10,3,726,1,1,0.8914629220962524
aeeem_mylyn,static,xgboost,10,3,732,0,0,0.05024251341819763
aeeem_mylyn,static,xgboost,10,3,755,0,0,0.2854260504245758
aeeem_mylyn,static,xgboost,10,3,756,0,0,0.31104588508605957
aeeem_mylyn,static,xgboost,10,3,774,0,0,0.22549961507320404
aeeem_mylyn,static,xgboost,10,3,790,1,1,0.6130984425544739
aeeem_mylyn,static,xgboost,10,3,801,0,0,0.18585073947906494
aeeem_mylyn,static,xgboost,10,3,803,0,0,0.17764346301555634
aeeem_mylyn,static,xgboost,10,3,809,0,0,0.01774994470179081
aeeem_mylyn,static,xgboost,10,3,813,0,0,0.10454031080007553
aeeem_mylyn,static,xgboost,10,3,827,0,0,0.16311678290367126
aeeem_mylyn,static,xgboost,10,3,836,1,1,0.9091261625289917
aeeem_mylyn,static,xgboost,10,3,857,0,0,0.13574223220348358
aeeem_mylyn,static,xgboost,10,3,865,0,0,0.20782236754894257
aeeem_mylyn,static,xgboost,10,3,887,0,1,0.8143125176429749
aeeem_mylyn,static,xgboost,10,3,891,0,0,0.4041236639022827
aeeem_mylyn,static,xgboost,10,3,915,0,0,0.25320738554000854
aeeem_mylyn,static,xgboost,10,3,930,0,0,0.2666285037994385
aeeem_mylyn,static,xgboost,10,3,967,0,0,0.022946132346987724
aeeem_mylyn,static,xgboost,10,3,971,0,0,0.14926184713840485
aeeem_mylyn,static,xgboost,10,3,974,0,0,0.05970478430390358
aeeem_mylyn,static,xgboost,10,3,984,0,0,0.16266445815563202
aeeem_mylyn,static,xgboost,10,3,987,0,0,0.4753059446811676
aeeem_mylyn,static,xgboost,10,3,1004,0,0,0.14354899525642395
aeeem_mylyn,static,xgboost,10,3,1005,1,1,0.8700136542320251
aeeem_mylyn,static,xgboost,10,3,1026,0,0,0.015368090011179447
aeeem_mylyn,static,xgboost,10,3,1027,0,0,0.4684227406978607
aeeem_mylyn,static,xgboost,10,3,1041,0,0,0.19861653447151184
aeeem_mylyn,static,xgboost,10,3,1047,0,0,0.31686273217201233
aeeem_mylyn,static,xgboost,10,3,1056,0,0,0.2860109508037567
aeeem_mylyn,static,xgboost,10,3,1078,0,0,0.029649274423718452
aeeem_mylyn,static,xgboost,10,3,1088,0,0,0.04593934491276741
aeeem_mylyn,static,xgboost,10,3,1095,0,0,0.031306102871894836
aeeem_mylyn,static,xgboost,10,3,1103,0,0,0.04800557717680931
aeeem_mylyn,static,xgboost,10,3,1133,0,0,0.23209138214588165
aeeem_mylyn,static,xgboost,10,3,1137,0,0,0.03031970001757145
aeeem_mylyn,static,xgboost,10,3,1149,0,0,0.25722572207450867
aeeem_mylyn,static,xgboost,10,3,1151,0,0,0.15068285167217255
aeeem_mylyn,static,xgboost,10,3,1159,0,0,0.08270329236984253
aeeem_mylyn,static,xgboost,10,3,1186,0,1,0.6101272702217102
aeeem_mylyn,static,xgboost,10,3,1187,0,0,0.19556507468223572
aeeem_mylyn,static,xgboost,10,3,1192,0,0,0.25872546434402466
aeeem_mylyn,static,xgboost,10,3,1198,1,0,0.11990751326084137
aeeem_mylyn,static,xgboost,10,3,1208,0,0,0.1011153981089592
aeeem_mylyn,static,xgboost,10,3,1240,0,0,0.03088778257369995
aeeem_mylyn,static,xgboost,10,3,1243,1,1,0.5840181708335876
aeeem_mylyn,static,xgboost,10,3,1244,0,0,0.14245757460594177
aeeem_mylyn,static,xgboost,10,3,1245,0,0,0.36711177229881287
aeeem_mylyn,static,xgboost,10,3,1267,0,0,0.07269947975873947
aeeem_mylyn,static,xgboost,10,3,1274,0,0,0.05264313146471977
aeeem_mylyn,static,xgboost,10,3,1279,0,0,0.31911078095436096
aeeem_mylyn,static,xgboost,10,3,1288,1,0,0.31430310010910034
aeeem_mylyn,static,xgboost,10,3,1294,0,1,0.7407459020614624
aeeem_mylyn,static,xgboost,10,3,1306,0,0,0.15966595709323883
aeeem_mylyn,static,xgboost,10,3,1319,0,0,0.42209678888320923
aeeem_mylyn,static,xgboost,10,3,1321,0,1,0.8856998682022095
aeeem_mylyn,static,xgboost,10,3,1322,0,0,0.4726794362068176
aeeem_mylyn,static,xgboost,10,3,1323,0,0,0.052598919719457626
aeeem_mylyn,static,xgboost,10,3,1372,0,0,0.07079426944255829
aeeem_mylyn,static,xgboost,10,3,1396,0,0,0.19102537631988525
aeeem_mylyn,static,xgboost,10,3,1417,0,1,0.8532183170318604
aeeem_mylyn,static,xgboost,10,3,1420,0,0,0.2799835503101349
aeeem_mylyn,static,xgboost,10,3,1429,0,0,0.10710263252258301
aeeem_mylyn,static,xgboost,10,3,1474,0,0,0.09798723459243774
aeeem_mylyn,static,xgboost,10,3,1499,0,0,0.1089201495051384
aeeem_mylyn,static,xgboost,10,3,1506,0,0,0.08028927445411682
aeeem_mylyn,static,xgboost,10,3,1516,1,0,0.11883187294006348
aeeem_mylyn,static,xgboost,10,3,1540,0,0,0.03837960213422775
aeeem_mylyn,static,xgboost,10,3,1551,0,0,0.027147693559527397
aeeem_mylyn,static,xgboost,10,3,1560,0,0,0.02262626774609089
aeeem_mylyn,static,xgboost,10,3,1567,0,0,0.12619616091251373
aeeem_mylyn,static,xgboost,10,3,1580,0,0,0.11279716342687607
aeeem_mylyn,static,xgboost,10,3,1585,0,0,0.09617550671100616
aeeem_mylyn,static,xgboost,10,3,1600,0,0,0.11076200008392334
aeeem_mylyn,static,xgboost,10,3,1609,0,0,0.07567783445119858
aeeem_mylyn,static,xgboost,10,3,1624,0,0,0.15065929293632507
aeeem_mylyn,static,xgboost,10,3,1677,0,0,0.48720771074295044
aeeem_mylyn,static,xgboost,10,3,1689,0,0,0.39683306217193604
aeeem_mylyn,static,xgboost,10,3,1692,0,0,0.37938234210014343
aeeem_mylyn,static,xgboost,10,3,1706,0,0,0.12748770415782928
aeeem_mylyn,static,xgboost,10,3,1719,0,0,0.0880144014954567
aeeem_mylyn,static,xgboost,10,3,1721,0,0,0.17264433205127716
aeeem_mylyn,static,xgboost,10,3,1722,0,0,0.153714120388031
aeeem_mylyn,static,xgboost,10,3,1738,0,1,0.9004075527191162
aeeem_mylyn,static,xgboost,10,3,1745,0,0,0.14379215240478516
aeeem_mylyn,static,xgboost,10,3,1751,0,0,0.04900670051574707
aeeem_mylyn,static,xgboost,10,3,1761,0,0,0.23105324804782867
aeeem_mylyn,static,xgboost,10,3,1793,0,0,0.2403765767812729
aeeem_mylyn,static,xgboost,10,3,1799,1,1,0.5202189683914185
aeeem_mylyn,static,xgboost,10,3,1818,0,0,0.08492821455001831
aeeem_mylyn,static,xgboost,10,3,1825,0,0,0.17211079597473145
aeeem_mylyn,static,xgboost,10,3,1832,0,1,0.6188340783119202
aeeem_mylyn,static,xgboost,10,3,1838,0,0,0.04776165261864662
aeeem_mylyn,static,xgboost,10,3,1848,0,0,0.1895981729030609
aeeem_mylyn,static,xgboost,10,3,1851,0,1,0.5627744793891907
aeeem_mylyn,static,xgboost,10,3,1855,1,0,0.3513563871383667
aeeem_mylyn,static,xgboost,10,4,3,0,0,0.2652119994163513
aeeem_mylyn,static,xgboost,10,4,4,0,0,0.04395928233861923
aeeem_mylyn,static,xgboost,10,4,10,0,0,0.10728233307600021
aeeem_mylyn,static,xgboost,10,4,14,0,0,0.10963867604732513
aeeem_mylyn,static,xgboost,10,4,30,1,0,0.45985597372055054
aeeem_mylyn,static,xgboost,10,4,34,0,0,0.12997053563594818
aeeem_mylyn,static,xgboost,10,4,44,0,0,0.16887862980365753
aeeem_mylyn,static,xgboost,10,4,55,0,0,0.23534494638442993
aeeem_mylyn,static,xgboost,10,4,58,0,0,0.39138689637184143
aeeem_mylyn,static,xgboost,10,4,61,0,0,0.16231344640254974
aeeem_mylyn,static,xgboost,10,4,70,0,0,0.21701020002365112
aeeem_mylyn,static,xgboost,10,4,95,0,0,0.03687971085309982
aeeem_mylyn,static,xgboost,10,4,102,0,0,0.05490744113922119
aeeem_mylyn,static,xgboost,10,4,118,0,0,0.44633948802948
aeeem_mylyn,static,xgboost,10,4,125,0,0,0.23634590208530426
aeeem_mylyn,static,xgboost,10,4,128,0,0,0.12496981769800186
aeeem_mylyn,static,xgboost,10,4,132,0,0,0.4608020782470703
aeeem_mylyn,static,xgboost,10,4,142,0,0,0.012198430486023426
aeeem_mylyn,static,xgboost,10,4,143,0,0,0.056610699743032455
aeeem_mylyn,static,xgboost,10,4,155,0,0,0.11584491282701492
aeeem_mylyn,static,xgboost,10,4,168,0,0,0.37869760394096375
aeeem_mylyn,static,xgboost,10,4,183,0,0,0.05347880348563194
aeeem_mylyn,static,xgboost,10,4,190,0,0,0.39048317074775696
aeeem_mylyn,static,xgboost,10,4,193,0,0,0.04804353043437004
aeeem_mylyn,static,xgboost,10,4,199,1,0,0.3571740388870239
aeeem_mylyn,static,xgboost,10,4,214,0,0,0.10408972948789597
aeeem_mylyn,static,xgboost,10,4,217,1,1,0.8745777010917664
aeeem_mylyn,static,xgboost,10,4,221,0,0,0.4455520510673523
aeeem_mylyn,static,xgboost,10,4,232,0,0,0.135288804769516
aeeem_mylyn,static,xgboost,10,4,239,1,1,0.8958793878555298
aeeem_mylyn,static,xgboost,10,4,267,0,0,0.07123606652021408
aeeem_mylyn,static,xgboost,10,4,274,0,0,0.06817230582237244
aeeem_mylyn,static,xgboost,10,4,278,0,1,0.5445144772529602
aeeem_mylyn,static,xgboost,10,4,280,0,1,0.5321415066719055
aeeem_mylyn,static,xgboost,10,4,285,0,1,0.842571496963501
aeeem_mylyn,static,xgboost,10,4,288,0,0,0.07484282553195953
aeeem_mylyn,static,xgboost,10,4,305,0,0,0.24772591888904572
aeeem_mylyn,static,xgboost,10,4,306,0,1,0.8674083352088928
aeeem_mylyn,static,xgboost,10,4,319,0,0,0.14318083226680756
aeeem_mylyn,static,xgboost,10,4,323,0,0,0.05480401590466499
aeeem_mylyn,static,xgboost,10,4,336,0,0,0.03560721129179001
aeeem_mylyn,static,xgboost,10,4,344,0,0,0.1650051772594452
aeeem_mylyn,static,xgboost,10,4,349,0,1,0.8674083352088928
aeeem_mylyn,static,xgboost,10,4,357,1,1,0.8590678572654724
aeeem_mylyn,static,xgboost,10,4,376,0,0,0.06428958475589752
aeeem_mylyn,static,xgboost,10,4,384,0,1,0.8458459377288818
aeeem_mylyn,static,xgboost,10,4,389,0,0,0.0399152897298336
aeeem_mylyn,static,xgboost,10,4,410,0,0,0.11151766777038574
aeeem_mylyn,static,xgboost,10,4,428,0,0,0.09028438478708267
aeeem_mylyn,static,xgboost,10,4,451,0,0,0.16505618393421173
aeeem_mylyn,static,xgboost,10,4,452,0,1,0.8559259176254272
aeeem_mylyn,static,xgboost,10,4,461,0,0,0.14208753407001495
aeeem_mylyn,static,xgboost,10,4,464,0,0,0.023959342390298843
aeeem_mylyn,static,xgboost,10,4,481,0,0,0.41565102338790894
aeeem_mylyn,static,xgboost,10,4,495,1,0,0.3550759255886078
aeeem_mylyn,static,xgboost,10,4,501,0,0,0.11453504115343094
aeeem_mylyn,static,xgboost,10,4,502,0,0,0.13340455293655396
aeeem_mylyn,static,xgboost,10,4,510,0,0,0.032297518104314804
aeeem_mylyn,static,xgboost,10,4,511,0,1,0.5428699851036072
aeeem_mylyn,static,xgboost,10,4,524,0,0,0.25331562757492065
aeeem_mylyn,static,xgboost,10,4,529,0,0,0.18322905898094177
aeeem_mylyn,static,xgboost,10,4,532,0,0,0.16046611964702606
aeeem_mylyn,static,xgboost,10,4,569,0,0,0.04033011943101883
aeeem_mylyn,static,xgboost,10,4,590,0,0,0.016966577619314194
aeeem_mylyn,static,xgboost,10,4,615,0,0,0.07096948474645615
aeeem_mylyn,static,xgboost,10,4,635,1,0,0.09153851866722107
aeeem_mylyn,static,xgboost,10,4,636,0,0,0.2793986201286316
aeeem_mylyn,static,xgboost,10,4,645,0,0,0.0308517012745142
aeeem_mylyn,static,xgboost,10,4,646,0,0,0.3785516023635864
aeeem_mylyn,static,xgboost,10,4,651,0,1,0.7974235415458679
aeeem_mylyn,static,xgboost,10,4,653,1,0,0.0794912651181221
aeeem_mylyn,static,xgboost,10,4,654,0,0,0.14969797432422638
aeeem_mylyn,static,xgboost,10,4,655,0,0,0.02469896525144577
aeeem_mylyn,static,xgboost,10,4,660,0,0,0.1387232095003128
aeeem_mylyn,static,xgboost,10,4,664,0,0,0.13446129858493805
aeeem_mylyn,static,xgboost,10,4,668,0,1,0.6435673236846924
aeeem_mylyn,static,xgboost,10,4,669,1,0,0.3352677822113037
aeeem_mylyn,static,xgboost,10,4,681,0,0,0.05147261545062065
aeeem_mylyn,static,xgboost,10,4,695,0,0,0.0135089922696352
aeeem_mylyn,static,xgboost,10,4,713,0,0,0.03899331018328667
aeeem_mylyn,static,xgboost,10,4,745,0,0,0.012851685285568237
aeeem_mylyn,static,xgboost,10,4,749,0,0,0.1628473848104477
aeeem_mylyn,static,xgboost,10,4,765,0,0,0.08403600752353668
aeeem_mylyn,static,xgboost,10,4,767,0,0,0.14295272529125214
aeeem_mylyn,static,xgboost,10,4,768,0,0,0.22386786341667175
aeeem_mylyn,static,xgboost,10,4,778,0,0,0.05341927707195282
aeeem_mylyn,static,xgboost,10,4,781,0,0,0.08676880598068237
aeeem_mylyn,static,xgboost,10,4,791,1,1,0.8217148780822754
aeeem_mylyn,static,xgboost,10,4,796,0,1,0.706201434135437
aeeem_mylyn,static,xgboost,10,4,810,0,0,0.36797094345092773
aeeem_mylyn,static,xgboost,10,4,812,0,0,0.29361188411712646
aeeem_mylyn,static,xgboost,10,4,821,1,1,0.803678572177887
aeeem_mylyn,static,xgboost,10,4,828,0,0,0.32107824087142944
aeeem_mylyn,static,xgboost,10,4,835,0,0,0.20185473561286926
aeeem_mylyn,static,xgboost,10,4,839,1,1,0.5662492513656616
aeeem_mylyn,static,xgboost,10,4,849,0,0,0.168291836977005
aeeem_mylyn,static,xgboost,10,4,853,0,0,0.19472400844097137
aeeem_mylyn,static,xgboost,10,4,858,0,0,0.39702221751213074
aeeem_mylyn,static,xgboost,10,4,876,1,0,0.45783326029777527
aeeem_mylyn,static,xgboost,10,4,878,0,0,0.023567259311676025
aeeem_mylyn,static,xgboost,10,4,883,0,0,0.020716706290841103
aeeem_mylyn,static,xgboost,10,4,888,0,0,0.10916972905397415
aeeem_mylyn,static,xgboost,10,4,906,0,1,0.6194868683815002
aeeem_mylyn,static,xgboost,10,4,911,0,0,0.3691396713256836
aeeem_mylyn,static,xgboost,10,4,913,0,0,0.15143795311450958
aeeem_mylyn,static,xgboost,10,4,928,1,1,0.610963761806488
aeeem_mylyn,static,xgboost,10,4,931,0,0,0.06965682655572891
aeeem_mylyn,static,xgboost,10,4,947,0,0,0.05347880348563194
aeeem_mylyn,static,xgboost,10,4,949,0,0,0.44826897978782654
aeeem_mylyn,static,xgboost,10,4,953,1,1,0.8357978463172913
aeeem_mylyn,static,xgboost,10,4,956,1,0,0.2417728751897812
aeeem_mylyn,static,xgboost,10,4,965,0,0,0.4565792381763458
aeeem_mylyn,static,xgboost,10,4,997,1,0,0.22052402794361115
aeeem_mylyn,static,xgboost,10,4,1050,0,1,0.8357892036437988
aeeem_mylyn,static,xgboost,10,4,1061,0,1,0.6054806709289551
aeeem_mylyn,static,xgboost,10,4,1094,0,1,0.6512614488601685
aeeem_mylyn,static,xgboost,10,4,1098,0,0,0.030423404648900032
aeeem_mylyn,static,xgboost,10,4,1110,0,0,0.19443906843662262
aeeem_mylyn,static,xgboost,10,4,1117,0,0,0.04290428012609482
aeeem_mylyn,static,xgboost,10,4,1153,0,1,0.8273409008979797
aeeem_mylyn,static,xgboost,10,4,1161,0,0,0.13869431614875793
aeeem_mylyn,static,xgboost,10,4,1183,0,0,0.32621315121650696
aeeem_mylyn,static,xgboost,10,4,1204,1,1,0.9344697594642639
aeeem_mylyn,static,xgboost,10,4,1207,0,0,0.0032195616513490677
aeeem_mylyn,static,xgboost,10,4,1215,0,0,0.40687140822410583
aeeem_mylyn,static,xgboost,10,4,1218,0,0,0.49137163162231445
aeeem_mylyn,static,xgboost,10,4,1230,0,0,0.14709168672561646
aeeem_mylyn,static,xgboost,10,4,1251,0,0,0.06806284934282303
aeeem_mylyn,static,xgboost,10,4,1277,0,0,0.01419734489172697
aeeem_mylyn,static,xgboost,10,4,1282,0,0,0.4974976181983948
aeeem_mylyn,static,xgboost,10,4,1292,0,0,0.12800705432891846
aeeem_mylyn,static,xgboost,10,4,1309,0,0,0.13859131932258606
aeeem_mylyn,static,xgboost,10,4,1317,0,0,0.058552324771881104
aeeem_mylyn,static,xgboost,10,4,1346,0,0,0.06307446956634521
aeeem_mylyn,static,xgboost,10,4,1349,0,0,0.05448131263256073
aeeem_mylyn,static,xgboost,10,4,1350,0,0,0.09203033149242401
aeeem_mylyn,static,xgboost,10,4,1355,0,0,0.05751412361860275
aeeem_mylyn,static,xgboost,10,4,1356,0,0,0.07145921140909195
aeeem_mylyn,static,xgboost,10,4,1371,0,1,0.7543909549713135
aeeem_mylyn,static,xgboost,10,4,1387,1,1,0.7488364577293396
aeeem_mylyn,static,xgboost,10,4,1407,0,0,0.009766572155058384
aeeem_mylyn,static,xgboost,10,4,1409,1,1,0.8766316175460815
aeeem_mylyn,static,xgboost,10,4,1421,0,0,0.08981617540121078
aeeem_mylyn,static,xgboost,10,4,1431,0,0,0.028089476749300957
aeeem_mylyn,static,xgboost,10,4,1438,0,0,0.09236478805541992
aeeem_mylyn,static,xgboost,10,4,1441,1,1,0.8674083352088928
aeeem_mylyn,static,xgboost,10,4,1444,0,1,0.5666446685791016
aeeem_mylyn,static,xgboost,10,4,1446,0,0,0.0429692268371582
aeeem_mylyn,static,xgboost,10,4,1459,0,0,0.14501209557056427
aeeem_mylyn,static,xgboost,10,4,1464,0,0,0.010684484615921974
aeeem_mylyn,static,xgboost,10,4,1466,1,1,0.7452772855758667
aeeem_mylyn,static,xgboost,10,4,1472,0,0,0.17298458516597748
aeeem_mylyn,static,xgboost,10,4,1483,0,0,0.19042788445949554
aeeem_mylyn,static,xgboost,10,4,1511,0,0,0.2651917636394501
aeeem_mylyn,static,xgboost,10,4,1530,0,0,0.18182606995105743
aeeem_mylyn,static,xgboost,10,4,1535,0,0,0.1774199903011322
aeeem_mylyn,static,xgboost,10,4,1559,0,1,0.5042381882667542
aeeem_mylyn,static,xgboost,10,4,1568,0,1,0.715379536151886
aeeem_mylyn,static,xgboost,10,4,1571,0,0,0.03104337677359581
aeeem_mylyn,static,xgboost,10,4,1573,0,0,0.19664406776428223
aeeem_mylyn,static,xgboost,10,4,1591,0,0,0.10594354569911957
aeeem_mylyn,static,xgboost,10,4,1613,0,1,0.6486839652061462
aeeem_mylyn,static,xgboost,10,4,1641,0,0,0.040512505918741226
aeeem_mylyn,static,xgboost,10,4,1642,0,0,0.12580199539661407
aeeem_mylyn,static,xgboost,10,4,1657,0,0,0.02540655992925167
aeeem_mylyn,static,xgboost,10,4,1659,0,0,0.0561056062579155
aeeem_mylyn,static,xgboost,10,4,1661,0,0,0.1347375214099884
aeeem_mylyn,static,xgboost,10,4,1665,0,0,0.1585734486579895
aeeem_mylyn,static,xgboost,10,4,1669,0,0,0.3691292405128479
aeeem_mylyn,static,xgboost,10,4,1681,0,0,0.2367452085018158
aeeem_mylyn,static,xgboost,10,4,1698,0,1,0.7620972394943237
aeeem_mylyn,static,xgboost,10,4,1699,0,0,0.11333011090755463
aeeem_mylyn,static,xgboost,10,4,1707,0,0,0.01667129248380661
aeeem_mylyn,static,xgboost,10,4,1723,0,0,0.2495773434638977
aeeem_mylyn,static,xgboost,10,4,1728,0,1,0.6638801693916321
aeeem_mylyn,static,xgboost,10,4,1731,0,0,0.16675007343292236
aeeem_mylyn,static,xgboost,10,4,1737,0,0,0.35730892419815063
aeeem_mylyn,static,xgboost,10,4,1765,0,0,0.19403932988643646
aeeem_mylyn,static,xgboost,10,4,1774,0,0,0.010983295738697052
aeeem_mylyn,static,xgboost,10,4,1783,0,0,0.2503843903541565
aeeem_mylyn,static,xgboost,10,4,1792,0,0,0.47601160407066345
aeeem_mylyn,static,xgboost,10,4,1800,0,0,0.13217513263225555
aeeem_mylyn,static,xgboost,10,4,1807,0,0,0.42647257447242737
aeeem_mylyn,static,xgboost,10,4,1808,1,1,0.6419170498847961
aeeem_mylyn,static,xgboost,10,4,1816,0,0,0.1880674958229065
aeeem_mylyn,static,xgboost,10,4,1850,1,1,0.7974061965942383
aeeem_mylyn,static,xgboost,10,5,15,0,0,0.134177565574646
aeeem_mylyn,static,xgboost,10,5,33,0,0,0.06970595568418503
aeeem_mylyn,static,xgboost,10,5,68,1,1,0.7851719856262207
aeeem_mylyn,static,xgboost,10,5,79,0,0,0.2927098274230957
aeeem_mylyn,static,xgboost,10,5,98,0,0,0.17812621593475342
aeeem_mylyn,static,xgboost,10,5,105,0,0,0.011379564180970192
aeeem_mylyn,static,xgboost,10,5,130,0,0,0.26208218932151794
aeeem_mylyn,static,xgboost,10,5,133,1,0,0.22885653376579285
aeeem_mylyn,static,xgboost,10,5,136,0,1,0.9227195978164673
aeeem_mylyn,static,xgboost,10,5,137,0,0,0.017043383792042732
aeeem_mylyn,static,xgboost,10,5,138,0,0,0.13267263770103455
aeeem_mylyn,static,xgboost,10,5,139,0,0,0.4651116132736206
aeeem_mylyn,static,xgboost,10,5,157,0,1,0.5978817343711853
aeeem_mylyn,static,xgboost,10,5,177,0,0,0.13334383070468903
aeeem_mylyn,static,xgboost,10,5,185,0,0,0.20291848480701447
aeeem_mylyn,static,xgboost,10,5,203,0,1,0.7964446544647217
aeeem_mylyn,static,xgboost,10,5,207,0,0,0.44404637813568115
aeeem_mylyn,static,xgboost,10,5,208,1,0,0.4374745488166809
aeeem_mylyn,static,xgboost,10,5,213,0,1,0.6485812664031982
aeeem_mylyn,static,xgboost,10,5,234,0,1,0.5256664752960205
aeeem_mylyn,static,xgboost,10,5,237,0,1,0.6197063326835632
aeeem_mylyn,static,xgboost,10,5,248,0,0,0.19826284050941467
aeeem_mylyn,static,xgboost,10,5,255,0,1,0.5854071974754333
aeeem_mylyn,static,xgboost,10,5,264,0,0,0.03644483909010887
aeeem_mylyn,static,xgboost,10,5,268,0,0,0.0878765657544136
aeeem_mylyn,static,xgboost,10,5,291,1,1,0.8258280754089355
aeeem_mylyn,static,xgboost,10,5,312,0,0,0.342380553483963
aeeem_mylyn,static,xgboost,10,5,314,0,0,0.0959668904542923
aeeem_mylyn,static,xgboost,10,5,321,0,0,0.016791708767414093
aeeem_mylyn,static,xgboost,10,5,377,0,0,0.07253477722406387
aeeem_mylyn,static,xgboost,10,5,396,0,0,0.4063117206096649
aeeem_mylyn,static,xgboost,10,5,398,0,0,0.03026680462062359
aeeem_mylyn,static,xgboost,10,5,449,0,0,0.22020985186100006
aeeem_mylyn,static,xgboost,10,5,453,0,0,0.1944078803062439
aeeem_mylyn,static,xgboost,10,5,459,1,1,0.7781367301940918
aeeem_mylyn,static,xgboost,10,5,485,0,0,0.009580089710652828
aeeem_mylyn,static,xgboost,10,5,498,1,0,0.28055641055107117
aeeem_mylyn,static,xgboost,10,5,507,0,1,0.7336751818656921
aeeem_mylyn,static,xgboost,10,5,508,0,0,0.26804813742637634
aeeem_mylyn,static,xgboost,10,5,512,0,0,0.05514135956764221
aeeem_mylyn,static,xgboost,10,5,535,0,1,0.7918869256973267
aeeem_mylyn,static,xgboost,10,5,537,0,0,0.2708580195903778
aeeem_mylyn,static,xgboost,10,5,540,0,0,0.05805407837033272
aeeem_mylyn,static,xgboost,10,5,543,1,0,0.41866007447242737
aeeem_mylyn,static,xgboost,10,5,545,1,0,0.20297160744667053
aeeem_mylyn,static,xgboost,10,5,557,1,1,0.8250011205673218
aeeem_mylyn,static,xgboost,10,5,572,0,0,0.04545058310031891
aeeem_mylyn,static,xgboost,10,5,574,0,0,0.10855454206466675
aeeem_mylyn,static,xgboost,10,5,580,0,0,0.19510690867900848
aeeem_mylyn,static,xgboost,10,5,591,0,0,0.03765611723065376
aeeem_mylyn,static,xgboost,10,5,592,0,0,0.0718231126666069
aeeem_mylyn,static,xgboost,10,5,601,0,0,0.03379996120929718
aeeem_mylyn,static,xgboost,10,5,602,1,0,0.40756306052207947
aeeem_mylyn,static,xgboost,10,5,606,0,0,0.43756574392318726
aeeem_mylyn,static,xgboost,10,5,607,1,0,0.2851627767086029
aeeem_mylyn,static,xgboost,10,5,609,0,0,0.040162812918424606
aeeem_mylyn,static,xgboost,10,5,610,0,0,0.06970595568418503
aeeem_mylyn,static,xgboost,10,5,618,0,1,0.7442139983177185
aeeem_mylyn,static,xgboost,10,5,632,0,0,0.18895474076271057
aeeem_mylyn,static,xgboost,10,5,634,0,0,0.03781026974320412
aeeem_mylyn,static,xgboost,10,5,657,0,0,0.06664502620697021
aeeem_mylyn,static,xgboost,10,5,672,0,0,0.07923159003257751
aeeem_mylyn,static,xgboost,10,5,678,0,0,0.05407143756747246
aeeem_mylyn,static,xgboost,10,5,685,0,0,0.189242422580719
aeeem_mylyn,static,xgboost,10,5,697,1,0,0.26092398166656494
aeeem_mylyn,static,xgboost,10,5,702,0,0,0.06018887832760811
aeeem_mylyn,static,xgboost,10,5,704,0,0,0.4400368928909302
aeeem_mylyn,static,xgboost,10,5,711,0,0,0.12896214425563812
aeeem_mylyn,static,xgboost,10,5,714,0,0,0.12879016995429993
aeeem_mylyn,static,xgboost,10,5,728,0,0,0.05058586969971657
aeeem_mylyn,static,xgboost,10,5,733,0,0,0.3242138624191284
aeeem_mylyn,static,xgboost,10,5,746,0,0,0.20726381242275238
aeeem_mylyn,static,xgboost,10,5,798,0,0,0.23005975782871246
aeeem_mylyn,static,xgboost,10,5,814,0,0,0.13201236724853516
aeeem_mylyn,static,xgboost,10,5,817,0,0,0.22624409198760986
aeeem_mylyn,static,xgboost,10,5,825,0,1,0.5529506802558899
aeeem_mylyn,static,xgboost,10,5,830,1,1,0.7441958785057068
aeeem_mylyn,static,xgboost,10,5,838,0,0,0.051786813884973526
aeeem_mylyn,static,xgboost,10,5,847,0,0,0.11447521299123764
aeeem_mylyn,static,xgboost,10,5,863,0,0,0.24496623873710632
aeeem_mylyn,static,xgboost,10,5,864,0,0,0.15741465985774994
aeeem_mylyn,static,xgboost,10,5,868,1,1,0.8756765127182007
aeeem_mylyn,static,xgboost,10,5,869,0,0,0.061642151325941086
aeeem_mylyn,static,xgboost,10,5,875,0,0,0.02739819698035717
aeeem_mylyn,static,xgboost,10,5,880,0,0,0.22586823999881744
aeeem_mylyn,static,xgboost,10,5,881,0,0,0.24183058738708496
aeeem_mylyn,static,xgboost,10,5,917,0,0,0.3337574005126953
aeeem_mylyn,static,xgboost,10,5,924,0,0,0.15187177062034607
aeeem_mylyn,static,xgboost,10,5,929,0,0,0.15565793216228485
aeeem_mylyn,static,xgboost,10,5,941,0,0,0.051640599966049194
aeeem_mylyn,static,xgboost,10,5,951,1,0,0.23015852272510529
aeeem_mylyn,static,xgboost,10,5,959,0,0,0.1361992359161377
aeeem_mylyn,static,xgboost,10,5,980,0,0,0.31135496497154236
aeeem_mylyn,static,xgboost,10,5,1001,1,0,0.41594693064689636
aeeem_mylyn,static,xgboost,10,5,1002,0,1,0.5850269794464111
aeeem_mylyn,static,xgboost,10,5,1003,0,0,0.03724180534482002
aeeem_mylyn,static,xgboost,10,5,1015,0,0,0.4078035056591034
aeeem_mylyn,static,xgboost,10,5,1023,0,0,0.3984006345272064
aeeem_mylyn,static,xgboost,10,5,1028,0,0,0.15861031413078308
aeeem_mylyn,static,xgboost,10,5,1030,0,0,0.12439808994531631
aeeem_mylyn,static,xgboost,10,5,1043,0,0,0.0486648827791214
aeeem_mylyn,static,xgboost,10,5,1048,0,0,0.08879300951957703
aeeem_mylyn,static,xgboost,10,5,1063,0,0,0.06752664595842361
aeeem_mylyn,static,xgboost,10,5,1071,0,1,0.7765700817108154
aeeem_mylyn,static,xgboost,10,5,1091,0,0,0.2237928956747055
aeeem_mylyn,static,xgboost,10,5,1104,0,0,0.21994517743587494
aeeem_mylyn,static,xgboost,10,5,1113,0,0,0.2067537009716034
aeeem_mylyn,static,xgboost,10,5,1116,0,0,0.11844445765018463
aeeem_mylyn,static,xgboost,10,5,1120,0,0,0.04663670435547829
aeeem_mylyn,static,xgboost,10,5,1127,1,0,0.10086795687675476
aeeem_mylyn,static,xgboost,10,5,1130,0,0,0.17458012700080872
aeeem_mylyn,static,xgboost,10,5,1135,0,0,0.3947244882583618
aeeem_mylyn,static,xgboost,10,5,1136,0,0,0.20695462822914124
aeeem_mylyn,static,xgboost,10,5,1176,0,0,0.06977780908346176
aeeem_mylyn,static,xgboost,10,5,1194,0,1,0.60589599609375
aeeem_mylyn,static,xgboost,10,5,1197,0,0,0.4669390022754669
aeeem_mylyn,static,xgboost,10,5,1220,0,0,0.19955284893512726
aeeem_mylyn,static,xgboost,10,5,1221,0,1,0.6126001477241516
aeeem_mylyn,static,xgboost,10,5,1223,0,0,0.0960715264081955
aeeem_mylyn,static,xgboost,10,5,1238,0,0,0.2333783656358719
aeeem_mylyn,static,xgboost,10,5,1239,0,0,0.47213056683540344
aeeem_mylyn,static,xgboost,10,5,1259,0,0,0.05193127691745758
aeeem_mylyn,static,xgboost,10,5,1264,0,1,0.5783262848854065
aeeem_mylyn,static,xgboost,10,5,1270,0,0,0.09361565113067627
aeeem_mylyn,static,xgboost,10,5,1271,0,0,0.09178249537944794
aeeem_mylyn,static,xgboost,10,5,1273,0,1,0.5025875568389893
aeeem_mylyn,static,xgboost,10,5,1291,0,0,0.2623784840106964
aeeem_mylyn,static,xgboost,10,5,1297,0,0,0.43946871161460876
aeeem_mylyn,static,xgboost,10,5,1300,0,1,0.7966660857200623
aeeem_mylyn,static,xgboost,10,5,1311,0,0,0.04196031019091606
aeeem_mylyn,static,xgboost,10,5,1314,0,0,0.3022480905056
aeeem_mylyn,static,xgboost,10,5,1337,0,0,0.17381460964679718
aeeem_mylyn,static,xgboost,10,5,1345,0,0,0.07320833951234818
aeeem_mylyn,static,xgboost,10,5,1347,0,0,0.2962324619293213
aeeem_mylyn,static,xgboost,10,5,1354,0,0,0.3425329327583313
aeeem_mylyn,static,xgboost,10,5,1360,0,1,0.6877462267875671
aeeem_mylyn,static,xgboost,10,5,1363,0,0,0.018336154520511627
aeeem_mylyn,static,xgboost,10,5,1369,0,0,0.18838301301002502
aeeem_mylyn,static,xgboost,10,5,1374,0,0,0.13386879861354828
aeeem_mylyn,static,xgboost,10,5,1378,1,1,0.8142467737197876
aeeem_mylyn,static,xgboost,10,5,1386,0,0,0.1459435224533081
aeeem_mylyn,static,xgboost,10,5,1413,0,0,0.11879590153694153
aeeem_mylyn,static,xgboost,10,5,1419,0,0,0.31968116760253906
aeeem_mylyn,static,xgboost,10,5,1424,0,0,0.14449822902679443
aeeem_mylyn,static,xgboost,10,5,1432,0,0,0.14614364504814148
aeeem_mylyn,static,xgboost,10,5,1437,0,0,0.1197739765048027
aeeem_mylyn,static,xgboost,10,5,1445,0,0,0.16849657893180847
aeeem_mylyn,static,xgboost,10,5,1465,1,0,0.0498766265809536
aeeem_mylyn,static,xgboost,10,5,1477,1,1,0.5529254674911499
aeeem_mylyn,static,xgboost,10,5,1484,0,0,0.03136594593524933
aeeem_mylyn,static,xgboost,10,5,1493,1,1,0.8250011205673218
aeeem_mylyn,static,xgboost,10,5,1495,0,1,0.6063787937164307
aeeem_mylyn,static,xgboost,10,5,1503,0,0,0.07168348133563995
aeeem_mylyn,static,xgboost,10,5,1509,0,1,0.6471357941627502
aeeem_mylyn,static,xgboost,10,5,1520,0,0,0.3074977993965149
aeeem_mylyn,static,xgboost,10,5,1565,1,0,0.24964389204978943
aeeem_mylyn,static,xgboost,10,5,1583,0,1,0.7449856996536255
aeeem_mylyn,static,xgboost,10,5,1593,0,0,0.10126197338104248
aeeem_mylyn,static,xgboost,10,5,1616,0,0,0.05532979220151901
aeeem_mylyn,static,xgboost,10,5,1628,0,0,0.3655959665775299
aeeem_mylyn,static,xgboost,10,5,1636,0,0,0.32198959589004517
aeeem_mylyn,static,xgboost,10,5,1637,0,1,0.5650292038917542
aeeem_mylyn,static,xgboost,10,5,1656,0,0,0.3358604311943054
aeeem_mylyn,static,xgboost,10,5,1660,0,0,0.046884529292583466
aeeem_mylyn,static,xgboost,10,5,1672,0,0,0.43946871161460876
aeeem_mylyn,static,xgboost,10,5,1684,0,0,0.20477479696273804
aeeem_mylyn,static,xgboost,10,5,1690,0,0,0.1006203442811966
aeeem_mylyn,static,xgboost,10,5,1693,0,0,0.3047856092453003
aeeem_mylyn,static,xgboost,10,5,1697,1,1,0.547933042049408
aeeem_mylyn,static,xgboost,10,5,1702,0,1,0.9517471194267273
aeeem_mylyn,static,xgboost,10,5,1703,0,0,0.44750845432281494
aeeem_mylyn,static,xgboost,10,5,1705,0,0,0.021856777369976044
aeeem_mylyn,static,xgboost,10,5,1711,0,0,0.4288790225982666
aeeem_mylyn,static,xgboost,10,5,1732,1,0,0.30407777428627014
aeeem_mylyn,static,xgboost,10,5,1740,0,0,0.1533031165599823
aeeem_mylyn,static,xgboost,10,5,1742,0,0,0.13113689422607422
aeeem_mylyn,static,xgboost,10,5,1746,0,0,0.03973577544093132
aeeem_mylyn,static,xgboost,10,5,1760,0,0,0.20634952187538147
aeeem_mylyn,static,xgboost,10,5,1762,0,0,0.2545667290687561
aeeem_mylyn,static,xgboost,10,5,1773,0,0,0.026370149105787277
aeeem_mylyn,static,xgboost,10,5,1787,0,0,0.36246007680892944
aeeem_mylyn,static,xgboost,10,5,1810,0,0,0.14338213205337524
aeeem_mylyn,static,xgboost,10,5,1814,0,0,0.09083390980958939
aeeem_mylyn,static,xgboost,10,5,1821,0,0,0.28423190116882324
aeeem_mylyn,static,xgboost,10,5,1833,0,0,0.01381145603954792
aeeem_mylyn,static,xgboost,10,5,1839,0,0,0.0840921401977539
aeeem_mylyn,static,xgboost,10,6,7,0,0,0.13157452642917633
aeeem_mylyn,static,xgboost,10,6,11,0,0,0.18133054673671722
aeeem_mylyn,static,xgboost,10,6,12,0,0,0.057750020176172256
aeeem_mylyn,static,xgboost,10,6,18,0,0,0.44379866123199463
aeeem_mylyn,static,xgboost,10,6,31,0,0,0.1267663538455963
aeeem_mylyn,static,xgboost,10,6,46,1,0,0.4476887881755829
aeeem_mylyn,static,xgboost,10,6,89,0,0,0.3391193747520447
aeeem_mylyn,static,xgboost,10,6,96,0,0,0.032420359551906586
aeeem_mylyn,static,xgboost,10,6,101,0,0,0.10051124542951584
aeeem_mylyn,static,xgboost,10,6,103,0,0,0.2661800682544708
aeeem_mylyn,static,xgboost,10,6,104,0,0,0.10153094679117203
aeeem_mylyn,static,xgboost,10,6,115,1,1,0.8729591965675354
aeeem_mylyn,static,xgboost,10,6,121,0,1,0.606450617313385
aeeem_mylyn,static,xgboost,10,6,165,0,0,0.3244519829750061
aeeem_mylyn,static,xgboost,10,6,169,1,1,0.5552304983139038
aeeem_mylyn,static,xgboost,10,6,191,0,0,0.4535568952560425
aeeem_mylyn,static,xgboost,10,6,205,1,1,0.5373306274414062
aeeem_mylyn,static,xgboost,10,6,216,0,0,0.03631473705172539
aeeem_mylyn,static,xgboost,10,6,220,0,0,0.12200992554426193
aeeem_mylyn,static,xgboost,10,6,227,0,0,0.37644901871681213
aeeem_mylyn,static,xgboost,10,6,236,0,0,0.09564253687858582
aeeem_mylyn,static,xgboost,10,6,238,0,0,0.24711886048316956
aeeem_mylyn,static,xgboost,10,6,244,0,0,0.04329235851764679
aeeem_mylyn,static,xgboost,10,6,265,0,0,0.05083881691098213
aeeem_mylyn,static,xgboost,10,6,270,0,0,0.07085786759853363
aeeem_mylyn,static,xgboost,10,6,289,1,0,0.1216593086719513
aeeem_mylyn,static,xgboost,10,6,290,0,0,0.08772625029087067
aeeem_mylyn,static,xgboost,10,6,309,0,0,0.27384743094444275
aeeem_mylyn,static,xgboost,10,6,310,0,0,0.4620225131511688
aeeem_mylyn,static,xgboost,10,6,313,0,0,0.052474625408649445
aeeem_mylyn,static,xgboost,10,6,340,0,0,0.07499001920223236
aeeem_mylyn,static,xgboost,10,6,359,0,0,0.1492905467748642
aeeem_mylyn,static,xgboost,10,6,366,0,0,0.3391193747520447
aeeem_mylyn,static,xgboost,10,6,390,0,0,0.0953579992055893
aeeem_mylyn,static,xgboost,10,6,395,0,0,0.011081911623477936
aeeem_mylyn,static,xgboost,10,6,408,0,0,0.07618449628353119
aeeem_mylyn,static,xgboost,10,6,411,0,0,0.0853203684091568
aeeem_mylyn,static,xgboost,10,6,417,0,0,0.18689081072807312
aeeem_mylyn,static,xgboost,10,6,420,0,1,0.7559734582901001
aeeem_mylyn,static,xgboost,10,6,425,0,0,0.3092697560787201
aeeem_mylyn,static,xgboost,10,6,440,0,0,0.1838008463382721
aeeem_mylyn,static,xgboost,10,6,447,0,1,0.7047293186187744
aeeem_mylyn,static,xgboost,10,6,455,1,0,0.15716595947742462
aeeem_mylyn,static,xgboost,10,6,462,0,0,0.04416407644748688
aeeem_mylyn,static,xgboost,10,6,479,0,0,0.18960906565189362
aeeem_mylyn,static,xgboost,10,6,500,0,1,0.7039034366607666
aeeem_mylyn,static,xgboost,10,6,503,0,0,0.06950535625219345
aeeem_mylyn,static,xgboost,10,6,504,0,0,0.3391193747520447
aeeem_mylyn,static,xgboost,10,6,552,1,1,0.6725037097930908
aeeem_mylyn,static,xgboost,10,6,561,1,0,0.29983124136924744
aeeem_mylyn,static,xgboost,10,6,562,0,0,0.12176897376775742
aeeem_mylyn,static,xgboost,10,6,566,0,0,0.13295204937458038
aeeem_mylyn,static,xgboost,10,6,575,0,0,0.03866079822182655
aeeem_mylyn,static,xgboost,10,6,578,0,0,0.039590321481227875
aeeem_mylyn,static,xgboost,10,6,588,0,1,0.6853566765785217
aeeem_mylyn,static,xgboost,10,6,621,0,0,0.17471754550933838
aeeem_mylyn,static,xgboost,10,6,638,0,0,0.14562150835990906
aeeem_mylyn,static,xgboost,10,6,639,0,0,0.17443755269050598
aeeem_mylyn,static,xgboost,10,6,649,0,0,0.10152553021907806
aeeem_mylyn,static,xgboost,10,6,691,0,0,0.0332314632833004
aeeem_mylyn,static,xgboost,10,6,719,0,0,0.48222053050994873
aeeem_mylyn,static,xgboost,10,6,727,0,0,0.04473453387618065
aeeem_mylyn,static,xgboost,10,6,743,0,0,0.028162864968180656
aeeem_mylyn,static,xgboost,10,6,757,0,0,0.1936340630054474
aeeem_mylyn,static,xgboost,10,6,760,0,0,0.07928092032670975
aeeem_mylyn,static,xgboost,10,6,773,0,0,0.05701933056116104
aeeem_mylyn,static,xgboost,10,6,785,1,0,0.27272695302963257
aeeem_mylyn,static,xgboost,10,6,788,0,0,0.06955333054065704
aeeem_mylyn,static,xgboost,10,6,789,0,0,0.04195048660039902
aeeem_mylyn,static,xgboost,10,6,794,0,1,0.8980175256729126
aeeem_mylyn,static,xgboost,10,6,799,0,0,0.31711238622665405
aeeem_mylyn,static,xgboost,10,6,805,0,0,0.13709551095962524
aeeem_mylyn,static,xgboost,10,6,806,0,0,0.23754572868347168
aeeem_mylyn,static,xgboost,10,6,819,1,1,0.5778205990791321
aeeem_mylyn,static,xgboost,10,6,823,1,1,0.6138132214546204
aeeem_mylyn,static,xgboost,10,6,832,1,0,0.48888063430786133
aeeem_mylyn,static,xgboost,10,6,834,0,0,0.09162233769893646
aeeem_mylyn,static,xgboost,10,6,837,0,0,0.04787451773881912
aeeem_mylyn,static,xgboost,10,6,855,0,0,0.27654191851615906
aeeem_mylyn,static,xgboost,10,6,879,0,0,0.08584943413734436
aeeem_mylyn,static,xgboost,10,6,893,0,0,0.21470947563648224
aeeem_mylyn,static,xgboost,10,6,899,0,1,0.5609684586524963
aeeem_mylyn,static,xgboost,10,6,908,0,0,0.10189702361822128
aeeem_mylyn,static,xgboost,10,6,910,0,0,0.11490064114332199
aeeem_mylyn,static,xgboost,10,6,916,0,0,0.029581699520349503
aeeem_mylyn,static,xgboost,10,6,919,0,0,0.20625241100788116
aeeem_mylyn,static,xgboost,10,6,932,0,0,0.027294637635350227
aeeem_mylyn,static,xgboost,10,6,944,0,0,0.028109339997172356
aeeem_mylyn,static,xgboost,10,6,954,0,0,0.4945138096809387
aeeem_mylyn,static,xgboost,10,6,955,1,1,0.7129217386245728
aeeem_mylyn,static,xgboost,10,6,966,0,0,0.0048006451688706875
aeeem_mylyn,static,xgboost,10,6,975,0,0,0.27291324734687805
aeeem_mylyn,static,xgboost,10,6,977,0,0,0.04852159693837166
aeeem_mylyn,static,xgboost,10,6,983,1,0,0.36356595158576965
aeeem_mylyn,static,xgboost,10,6,1000,0,0,0.31343743205070496
aeeem_mylyn,static,xgboost,10,6,1010,0,0,0.43584755063056946
aeeem_mylyn,static,xgboost,10,6,1039,0,0,0.07745001465082169
aeeem_mylyn,static,xgboost,10,6,1049,0,0,0.09566166996955872
aeeem_mylyn,static,xgboost,10,6,1051,0,0,0.3025267720222473
aeeem_mylyn,static,xgboost,10,6,1052,0,0,0.025076191872358322
aeeem_mylyn,static,xgboost,10,6,1065,0,0,0.08468370139598846
aeeem_mylyn,static,xgboost,10,6,1070,0,0,0.11312146484851837
aeeem_mylyn,static,xgboost,10,6,1093,0,0,0.2893601059913635
aeeem_mylyn,static,xgboost,10,6,1099,0,0,0.02009282261133194
aeeem_mylyn,static,xgboost,10,6,1100,0,0,0.3677523732185364
aeeem_mylyn,static,xgboost,10,6,1109,0,0,0.11517039686441422
aeeem_mylyn,static,xgboost,10,6,1111,0,0,0.06564619392156601
aeeem_mylyn,static,xgboost,10,6,1115,0,0,0.06564359366893768
aeeem_mylyn,static,xgboost,10,6,1134,0,0,0.10023019462823868
aeeem_mylyn,static,xgboost,10,6,1140,0,0,0.052045729011297226
aeeem_mylyn,static,xgboost,10,6,1142,0,0,0.016172192990779877
aeeem_mylyn,static,xgboost,10,6,1169,0,1,0.856258749961853
aeeem_mylyn,static,xgboost,10,6,1172,0,0,0.344027042388916
aeeem_mylyn,static,xgboost,10,6,1180,0,0,0.17752185463905334
aeeem_mylyn,static,xgboost,10,6,1182,0,0,0.023693710565567017
aeeem_mylyn,static,xgboost,10,6,1189,0,0,0.07058800756931305
aeeem_mylyn,static,xgboost,10,6,1190,0,0,0.11517039686441422
aeeem_mylyn,static,xgboost,10,6,1201,0,0,0.02198171801865101
aeeem_mylyn,static,xgboost,10,6,1212,0,0,0.3149482011795044
aeeem_mylyn,static,xgboost,10,6,1214,0,0,0.193759486079216
aeeem_mylyn,static,xgboost,10,6,1216,0,0,0.052396588027477264
aeeem_mylyn,static,xgboost,10,6,1226,0,0,0.1735193431377411
aeeem_mylyn,static,xgboost,10,6,1231,0,1,0.7400364875793457
aeeem_mylyn,static,xgboost,10,6,1232,0,0,0.019858751446008682
aeeem_mylyn,static,xgboost,10,6,1235,0,0,0.11644250899553299
aeeem_mylyn,static,xgboost,10,6,1237,0,0,0.1559370458126068
aeeem_mylyn,static,xgboost,10,6,1253,0,0,0.05692392215132713
aeeem_mylyn,static,xgboost,10,6,1266,0,0,0.1818782091140747
aeeem_mylyn,static,xgboost,10,6,1276,0,1,0.6117385029792786
aeeem_mylyn,static,xgboost,10,6,1281,0,0,0.13777068257331848
aeeem_mylyn,static,xgboost,10,6,1286,0,0,0.4941866099834442
aeeem_mylyn,static,xgboost,10,6,1301,0,1,0.6126018166542053
aeeem_mylyn,static,xgboost,10,6,1303,0,0,0.19181817770004272
aeeem_mylyn,static,xgboost,10,6,1325,0,0,0.11597338318824768
aeeem_mylyn,static,xgboost,10,6,1335,1,1,0.6132326722145081
aeeem_mylyn,static,xgboost,10,6,1361,1,1,0.5080790519714355
aeeem_mylyn,static,xgboost,10,6,1367,0,0,0.0432482585310936
aeeem_mylyn,static,xgboost,10,6,1375,0,0,0.12000531703233719
aeeem_mylyn,static,xgboost,10,6,1376,0,0,0.011288494803011417
aeeem_mylyn,static,xgboost,10,6,1381,0,0,0.15679121017456055
aeeem_mylyn,static,xgboost,10,6,1385,0,0,0.01806058920919895
aeeem_mylyn,static,xgboost,10,6,1395,1,1,0.6164891123771667
aeeem_mylyn,static,xgboost,10,6,1399,0,0,0.13782861828804016
aeeem_mylyn,static,xgboost,10,6,1414,0,0,0.02622270956635475
aeeem_mylyn,static,xgboost,10,6,1418,0,0,0.41827771067619324
aeeem_mylyn,static,xgboost,10,6,1426,0,0,0.14264415204524994
aeeem_mylyn,static,xgboost,10,6,1427,0,1,0.5690687894821167
aeeem_mylyn,static,xgboost,10,6,1430,0,0,0.2997589111328125
aeeem_mylyn,static,xgboost,10,6,1440,0,0,0.3750401735305786
aeeem_mylyn,static,xgboost,10,6,1443,0,0,0.42555248737335205
aeeem_mylyn,static,xgboost,10,6,1451,0,0,0.01537358295172453
aeeem_mylyn,static,xgboost,10,6,1460,1,1,0.8169540166854858
aeeem_mylyn,static,xgboost,10,6,1488,0,1,0.8390434384346008
aeeem_mylyn,static,xgboost,10,6,1490,1,0,0.07982943952083588
aeeem_mylyn,static,xgboost,10,6,1522,0,0,0.29124361276626587
aeeem_mylyn,static,xgboost,10,6,1524,0,0,0.20135733485221863
aeeem_mylyn,static,xgboost,10,6,1526,0,0,0.051033273339271545
aeeem_mylyn,static,xgboost,10,6,1527,0,0,0.21073028445243835
aeeem_mylyn,static,xgboost,10,6,1554,0,0,0.05956752598285675
aeeem_mylyn,static,xgboost,10,6,1557,0,0,0.2619961202144623
aeeem_mylyn,static,xgboost,10,6,1572,0,0,0.31201910972595215
aeeem_mylyn,static,xgboost,10,6,1574,1,1,0.740199863910675
aeeem_mylyn,static,xgboost,10,6,1581,0,0,0.16792388260364532
aeeem_mylyn,static,xgboost,10,6,1586,1,1,0.6861116290092468
aeeem_mylyn,static,xgboost,10,6,1596,0,0,0.38396698236465454
aeeem_mylyn,static,xgboost,10,6,1604,0,0,0.05288339778780937
aeeem_mylyn,static,xgboost,10,6,1611,0,0,0.11941815912723541
aeeem_mylyn,static,xgboost,10,6,1618,0,1,0.5495705604553223
aeeem_mylyn,static,xgboost,10,6,1645,1,0,0.15208865702152252
aeeem_mylyn,static,xgboost,10,6,1685,0,0,0.07261031121015549
aeeem_mylyn,static,xgboost,10,6,1686,0,0,0.21938982605934143
aeeem_mylyn,static,xgboost,10,6,1691,0,0,0.037132129073143005
aeeem_mylyn,static,xgboost,10,6,1701,0,0,0.1083940640091896
aeeem_mylyn,static,xgboost,10,6,1710,0,0,0.04910222813487053
aeeem_mylyn,static,xgboost,10,6,1744,0,0,0.14192704856395721
aeeem_mylyn,static,xgboost,10,6,1753,0,0,0.3391193747520447
aeeem_mylyn,static,xgboost,10,6,1756,1,1,0.841371476650238
aeeem_mylyn,static,xgboost,10,6,1759,1,1,0.8264032006263733
aeeem_mylyn,static,xgboost,10,6,1782,0,0,0.02456391230225563
aeeem_mylyn,static,xgboost,10,6,1797,0,0,0.1869170367717743
aeeem_mylyn,static,xgboost,10,6,1804,0,0,0.07272029668092728
aeeem_mylyn,static,xgboost,10,6,1811,0,1,0.8520904183387756
aeeem_mylyn,static,xgboost,10,6,1820,0,0,0.17400920391082764
aeeem_mylyn,static,xgboost,10,6,1829,0,1,0.8590408563613892
aeeem_mylyn,static,xgboost,10,6,1843,0,1,0.8598597645759583
aeeem_mylyn,static,xgboost,10,6,1858,0,0,0.01679866947233677
aeeem_mylyn,static,xgboost,10,7,8,0,1,0.5143915414810181
aeeem_mylyn,static,xgboost,10,7,38,0,0,0.09662283211946487
aeeem_mylyn,static,xgboost,10,7,39,0,0,0.16154783964157104
aeeem_mylyn,static,xgboost,10,7,64,0,0,0.45710045099258423
aeeem_mylyn,static,xgboost,10,7,65,0,0,0.19924931228160858
aeeem_mylyn,static,xgboost,10,7,66,0,0,0.03462880849838257
aeeem_mylyn,static,xgboost,10,7,72,0,0,0.3311091363430023
aeeem_mylyn,static,xgboost,10,7,73,0,0,0.12160532921552658
aeeem_mylyn,static,xgboost,10,7,80,0,1,0.9299376010894775
aeeem_mylyn,static,xgboost,10,7,85,0,0,0.4198557138442993
aeeem_mylyn,static,xgboost,10,7,100,0,0,0.3774417042732239
aeeem_mylyn,static,xgboost,10,7,106,0,0,0.16798143088817596
aeeem_mylyn,static,xgboost,10,7,109,0,0,0.018416235223412514
aeeem_mylyn,static,xgboost,10,7,159,0,0,0.13300742208957672
aeeem_mylyn,static,xgboost,10,7,182,0,0,0.0406806617975235
aeeem_mylyn,static,xgboost,10,7,189,0,0,0.24402549862861633
aeeem_mylyn,static,xgboost,10,7,206,0,0,0.13680239021778107
aeeem_mylyn,static,xgboost,10,7,209,1,1,0.5845380425453186
aeeem_mylyn,static,xgboost,10,7,224,0,1,0.6575562357902527
aeeem_mylyn,static,xgboost,10,7,240,0,0,0.042650170624256134
aeeem_mylyn,static,xgboost,10,7,256,0,0,0.060930706560611725
aeeem_mylyn,static,xgboost,10,7,272,1,1,0.5973985195159912
aeeem_mylyn,static,xgboost,10,7,276,0,0,0.13624495267868042
aeeem_mylyn,static,xgboost,10,7,284,0,0,0.18239912390708923
aeeem_mylyn,static,xgboost,10,7,292,0,0,0.3576134741306305
aeeem_mylyn,static,xgboost,10,7,293,0,0,0.12464158236980438
aeeem_mylyn,static,xgboost,10,7,299,0,0,0.09405694156885147
aeeem_mylyn,static,xgboost,10,7,328,0,0,0.03845686465501785
aeeem_mylyn,static,xgboost,10,7,331,0,0,0.025719625875353813
aeeem_mylyn,static,xgboost,10,7,333,0,0,0.05638850852847099
aeeem_mylyn,static,xgboost,10,7,334,0,0,0.26927778124809265
aeeem_mylyn,static,xgboost,10,7,353,0,0,0.08584816008806229
aeeem_mylyn,static,xgboost,10,7,356,0,0,0.3684667944908142
aeeem_mylyn,static,xgboost,10,7,358,0,0,0.05584726110100746
aeeem_mylyn,static,xgboost,10,7,362,0,0,0.4856361150741577
aeeem_mylyn,static,xgboost,10,7,370,0,0,0.09489212185144424
aeeem_mylyn,static,xgboost,10,7,378,0,0,0.06494917720556259
aeeem_mylyn,static,xgboost,10,7,381,0,0,0.1384671926498413
aeeem_mylyn,static,xgboost,10,7,385,0,0,0.46918565034866333
aeeem_mylyn,static,xgboost,10,7,387,0,0,0.02851863205432892
aeeem_mylyn,static,xgboost,10,7,388,0,0,0.1257968693971634
aeeem_mylyn,static,xgboost,10,7,392,0,0,0.06302310526371002
aeeem_mylyn,static,xgboost,10,7,401,0,0,0.012440505437552929
aeeem_mylyn,static,xgboost,10,7,402,0,0,0.13984601199626923
aeeem_mylyn,static,xgboost,10,7,413,1,1,0.6066744923591614
aeeem_mylyn,static,xgboost,10,7,433,1,0,0.024026943370699883
aeeem_mylyn,static,xgboost,10,7,445,1,1,0.521437406539917
aeeem_mylyn,static,xgboost,10,7,446,0,0,0.1575789749622345
aeeem_mylyn,static,xgboost,10,7,460,0,0,0.041983604431152344
aeeem_mylyn,static,xgboost,10,7,468,0,0,0.18635009229183197
aeeem_mylyn,static,xgboost,10,7,497,0,0,0.20475663244724274
aeeem_mylyn,static,xgboost,10,7,514,1,0,0.2611420154571533
aeeem_mylyn,static,xgboost,10,7,518,0,0,0.2296202927827835
aeeem_mylyn,static,xgboost,10,7,523,0,0,0.1252737045288086
aeeem_mylyn,static,xgboost,10,7,536,0,0,0.11269702762365341
aeeem_mylyn,static,xgboost,10,7,541,1,1,0.8330693244934082
aeeem_mylyn,static,xgboost,10,7,547,0,0,0.3393709063529968
aeeem_mylyn,static,xgboost,10,7,565,0,1,0.5571931600570679
aeeem_mylyn,static,xgboost,10,7,571,0,1,0.575835645198822
aeeem_mylyn,static,xgboost,10,7,585,0,0,0.2109273076057434
aeeem_mylyn,static,xgboost,10,7,617,0,0,0.08558756113052368
aeeem_mylyn,static,xgboost,10,7,631,0,0,0.4489516615867615
aeeem_mylyn,static,xgboost,10,7,656,0,0,0.44054076075553894
aeeem_mylyn,static,xgboost,10,7,667,0,0,0.12280279397964478
aeeem_mylyn,static,xgboost,10,7,675,0,0,0.01778593845665455
aeeem_mylyn,static,xgboost,10,7,676,0,0,0.13300742208957672
aeeem_mylyn,static,xgboost,10,7,683,0,0,0.1384671926498413
aeeem_mylyn,static,xgboost,10,7,688,0,0,0.24267694354057312
aeeem_mylyn,static,xgboost,10,7,696,0,0,0.10867297649383545
aeeem_mylyn,static,xgboost,10,7,718,0,0,0.3451230525970459
aeeem_mylyn,static,xgboost,10,7,736,0,0,0.16154783964157104
aeeem_mylyn,static,xgboost,10,7,741,0,0,0.3905479609966278
aeeem_mylyn,static,xgboost,10,7,742,0,0,0.013520224951207638
aeeem_mylyn,static,xgboost,10,7,747,0,0,0.4321885108947754
aeeem_mylyn,static,xgboost,10,7,748,0,0,0.018416235223412514
aeeem_mylyn,static,xgboost,10,7,759,0,0,0.11380045115947723
aeeem_mylyn,static,xgboost,10,7,764,0,1,0.7784315943717957
aeeem_mylyn,static,xgboost,10,7,792,1,0,0.19883225858211517
aeeem_mylyn,static,xgboost,10,7,815,0,0,0.4707393944263458
aeeem_mylyn,static,xgboost,10,7,845,1,0,0.3742813766002655
aeeem_mylyn,static,xgboost,10,7,850,0,0,0.13717736303806305
aeeem_mylyn,static,xgboost,10,7,852,0,0,0.1302706003189087
aeeem_mylyn,static,xgboost,10,7,862,0,0,0.14247585833072662
aeeem_mylyn,static,xgboost,10,7,873,0,0,0.044087767601013184
aeeem_mylyn,static,xgboost,10,7,884,0,1,0.861225426197052
aeeem_mylyn,static,xgboost,10,7,898,0,0,0.2555196285247803
aeeem_mylyn,static,xgboost,10,7,903,0,1,0.8995855450630188
aeeem_mylyn,static,xgboost,10,7,907,0,0,0.39409923553466797
aeeem_mylyn,static,xgboost,10,7,920,0,0,0.3640032112598419
aeeem_mylyn,static,xgboost,10,7,936,0,0,0.1065988689661026
aeeem_mylyn,static,xgboost,10,7,937,0,0,0.19272951781749725
aeeem_mylyn,static,xgboost,10,7,982,0,0,0.08928415179252625
aeeem_mylyn,static,xgboost,10,7,1032,0,1,0.5481322407722473
aeeem_mylyn,static,xgboost,10,7,1036,0,0,0.4083282947540283
aeeem_mylyn,static,xgboost,10,7,1044,1,1,0.7119856476783752
aeeem_mylyn,static,xgboost,10,7,1053,0,0,0.06260760873556137
aeeem_mylyn,static,xgboost,10,7,1067,0,0,0.12701940536499023
aeeem_mylyn,static,xgboost,10,7,1072,0,0,0.2856545150279999
aeeem_mylyn,static,xgboost,10,7,1086,0,0,0.19258137047290802
aeeem_mylyn,static,xgboost,10,7,1090,0,0,0.09599576890468597
aeeem_mylyn,static,xgboost,10,7,1102,0,0,0.1384671926498413
aeeem_mylyn,static,xgboost,10,7,1105,0,0,0.12854993343353271
aeeem_mylyn,static,xgboost,10,7,1124,0,0,0.07927219569683075
aeeem_mylyn,static,xgboost,10,7,1128,0,0,0.05375281348824501
aeeem_mylyn,static,xgboost,10,7,1139,1,1,0.8295849561691284
aeeem_mylyn,static,xgboost,10,7,1141,1,0,0.4522494077682495
aeeem_mylyn,static,xgboost,10,7,1160,1,0,0.16154783964157104
aeeem_mylyn,static,xgboost,10,7,1175,0,1,0.5527987480163574
aeeem_mylyn,static,xgboost,10,7,1188,0,0,0.18221436440944672
aeeem_mylyn,static,xgboost,10,7,1202,0,0,0.02708933874964714
aeeem_mylyn,static,xgboost,10,7,1203,0,0,0.015006746165454388
aeeem_mylyn,static,xgboost,10,7,1210,0,0,0.41784897446632385
aeeem_mylyn,static,xgboost,10,7,1217,0,0,0.34976527094841003
aeeem_mylyn,static,xgboost,10,7,1227,0,0,0.10767234861850739
aeeem_mylyn,static,xgboost,10,7,1233,0,0,0.23795515298843384
aeeem_mylyn,static,xgboost,10,7,1234,0,0,0.10175078362226486
aeeem_mylyn,static,xgboost,10,7,1247,0,0,0.2049199938774109
aeeem_mylyn,static,xgboost,10,7,1250,0,0,0.050796229392290115
aeeem_mylyn,static,xgboost,10,7,1262,1,0,0.3789992034435272
aeeem_mylyn,static,xgboost,10,7,1263,0,1,0.5396148562431335
aeeem_mylyn,static,xgboost,10,7,1275,0,0,0.3697955906391144
aeeem_mylyn,static,xgboost,10,7,1296,0,0,0.013520224951207638
aeeem_mylyn,static,xgboost,10,7,1308,0,0,0.42230018973350525
aeeem_mylyn,static,xgboost,10,7,1310,0,0,0.20715518295764923
aeeem_mylyn,static,xgboost,10,7,1313,1,0,0.279227077960968
aeeem_mylyn,static,xgboost,10,7,1327,0,0,0.05581730231642723
aeeem_mylyn,static,xgboost,10,7,1328,1,0,0.28808191418647766
aeeem_mylyn,static,xgboost,10,7,1332,1,1,0.6064705848693848
aeeem_mylyn,static,xgboost,10,7,1333,0,0,0.08894407004117966
aeeem_mylyn,static,xgboost,10,7,1334,0,0,0.054647646844387054
aeeem_mylyn,static,xgboost,10,7,1336,0,0,0.03484376147389412
aeeem_mylyn,static,xgboost,10,7,1339,0,0,0.1203557625412941
aeeem_mylyn,static,xgboost,10,7,1341,0,0,0.20717185735702515
aeeem_mylyn,static,xgboost,10,7,1353,0,0,0.1353224515914917
aeeem_mylyn,static,xgboost,10,7,1364,0,0,0.3458196520805359
aeeem_mylyn,static,xgboost,10,7,1365,1,0,0.1894385814666748
aeeem_mylyn,static,xgboost,10,7,1384,0,0,0.08427219837903976
aeeem_mylyn,static,xgboost,10,7,1390,0,0,0.06131400913000107
aeeem_mylyn,static,xgboost,10,7,1397,0,0,0.39850538969039917
aeeem_mylyn,static,xgboost,10,7,1398,0,0,0.19085818529129028
aeeem_mylyn,static,xgboost,10,7,1415,0,0,0.016234880313277245
aeeem_mylyn,static,xgboost,10,7,1433,0,0,0.10661692917346954
aeeem_mylyn,static,xgboost,10,7,1436,0,0,0.14247585833072662
aeeem_mylyn,static,xgboost,10,7,1452,0,0,0.09036172181367874
aeeem_mylyn,static,xgboost,10,7,1456,0,0,0.055198412388563156
aeeem_mylyn,static,xgboost,10,7,1468,1,0,0.4795706868171692
aeeem_mylyn,static,xgboost,10,7,1473,0,0,0.13138075172901154
aeeem_mylyn,static,xgboost,10,7,1480,0,0,0.01545649766921997
aeeem_mylyn,static,xgboost,10,7,1486,0,0,0.3495858609676361
aeeem_mylyn,static,xgboost,10,7,1505,0,0,0.01619262807071209
aeeem_mylyn,static,xgboost,10,7,1545,0,0,0.1599680632352829
aeeem_mylyn,static,xgboost,10,7,1548,0,0,0.38145023584365845
aeeem_mylyn,static,xgboost,10,7,1550,0,0,0.1251346319913864
aeeem_mylyn,static,xgboost,10,7,1556,1,1,0.5584307909011841
aeeem_mylyn,static,xgboost,10,7,1594,0,0,0.012523715384304523
aeeem_mylyn,static,xgboost,10,7,1640,0,0,0.448587030172348
aeeem_mylyn,static,xgboost,10,7,1655,1,1,0.7934173941612244
aeeem_mylyn,static,xgboost,10,7,1658,0,0,0.09201996773481369
aeeem_mylyn,static,xgboost,10,7,1662,0,0,0.3690849840641022
aeeem_mylyn,static,xgboost,10,7,1667,0,0,0.23425541818141937
aeeem_mylyn,static,xgboost,10,7,1679,0,1,0.5881211757659912
aeeem_mylyn,static,xgboost,10,7,1687,0,1,0.6220950484275818
aeeem_mylyn,static,xgboost,10,7,1696,0,0,0.08427219837903976
aeeem_mylyn,static,xgboost,10,7,1708,0,1,0.5049777626991272
aeeem_mylyn,static,xgboost,10,7,1709,0,1,0.6074312329292297
aeeem_mylyn,static,xgboost,10,7,1715,0,0,0.079386867582798
aeeem_mylyn,static,xgboost,10,7,1717,0,0,0.15904852747917175
aeeem_mylyn,static,xgboost,10,7,1726,0,0,0.01689564809203148
aeeem_mylyn,static,xgboost,10,7,1736,0,0,0.2643296718597412
aeeem_mylyn,static,xgboost,10,7,1743,0,0,0.02219732105731964
aeeem_mylyn,static,xgboost,10,7,1748,0,0,0.08053505420684814
aeeem_mylyn,static,xgboost,10,7,1755,0,0,0.09824230521917343
aeeem_mylyn,static,xgboost,10,7,1764,0,0,0.07889509201049805
aeeem_mylyn,static,xgboost,10,7,1767,0,1,0.7777403593063354
aeeem_mylyn,static,xgboost,10,7,1768,0,0,0.44068312644958496
aeeem_mylyn,static,xgboost,10,7,1770,0,0,0.208955317735672
aeeem_mylyn,static,xgboost,10,7,1776,1,1,0.6579873561859131
aeeem_mylyn,static,xgboost,10,7,1813,0,0,0.18732711672782898
aeeem_mylyn,static,xgboost,10,7,1817,0,0,0.05419083684682846
aeeem_mylyn,static,xgboost,10,7,1819,1,0,0.4241071045398712
aeeem_mylyn,static,xgboost,10,7,1844,0,0,0.020897017791867256
aeeem_mylyn,static,xgboost,10,7,1853,0,0,0.008662679232656956
aeeem_mylyn,static,xgboost,10,7,1854,0,0,0.1830155998468399
aeeem_mylyn,static,xgboost,10,7,1856,0,0,0.03380310535430908
aeeem_mylyn,static,xgboost,10,7,1859,1,0,0.14431354403495789
aeeem_mylyn,static,xgboost,10,7,1861,0,0,0.2829356789588928
aeeem_mylyn,static,xgboost,10,8,2,0,0,0.09307780861854553
aeeem_mylyn,static,xgboost,10,8,5,0,0,0.026871968060731888
aeeem_mylyn,static,xgboost,10,8,40,1,1,0.818271279335022
aeeem_mylyn,static,xgboost,10,8,49,0,0,0.3536834120750427
aeeem_mylyn,static,xgboost,10,8,50,0,0,0.22428037226200104
aeeem_mylyn,static,xgboost,10,8,56,1,0,0.42013874650001526
aeeem_mylyn,static,xgboost,10,8,67,0,1,0.8633143305778503
aeeem_mylyn,static,xgboost,10,8,71,0,0,0.11779666692018509
aeeem_mylyn,static,xgboost,10,8,87,0,0,0.13006484508514404
aeeem_mylyn,static,xgboost,10,8,92,0,0,0.03075362928211689
aeeem_mylyn,static,xgboost,10,8,97,0,0,0.13541913032531738
aeeem_mylyn,static,xgboost,10,8,108,0,0,0.28451603651046753
aeeem_mylyn,static,xgboost,10,8,113,1,0,0.34780144691467285
aeeem_mylyn,static,xgboost,10,8,117,0,1,0.5054865479469299
aeeem_mylyn,static,xgboost,10,8,124,0,0,0.21616938710212708
aeeem_mylyn,static,xgboost,10,8,126,0,0,0.033169906586408615
aeeem_mylyn,static,xgboost,10,8,145,0,0,0.4185663163661957
aeeem_mylyn,static,xgboost,10,8,146,0,0,0.3049020767211914
aeeem_mylyn,static,xgboost,10,8,149,0,1,0.5653026700019836
aeeem_mylyn,static,xgboost,10,8,150,0,0,0.04678075388073921
aeeem_mylyn,static,xgboost,10,8,163,0,0,0.17213648557662964
aeeem_mylyn,static,xgboost,10,8,175,0,0,0.015276113525032997
aeeem_mylyn,static,xgboost,10,8,178,0,0,0.032900262624025345
aeeem_mylyn,static,xgboost,10,8,194,0,0,0.2186882346868515
aeeem_mylyn,static,xgboost,10,8,218,0,0,0.16816799342632294
aeeem_mylyn,static,xgboost,10,8,222,1,1,0.8633143305778503
aeeem_mylyn,static,xgboost,10,8,230,0,0,0.3023054003715515
aeeem_mylyn,static,xgboost,10,8,269,0,0,0.017627503722906113
aeeem_mylyn,static,xgboost,10,8,271,0,0,0.28228145837783813
aeeem_mylyn,static,xgboost,10,8,275,0,0,0.3904649019241333
aeeem_mylyn,static,xgboost,10,8,282,0,0,0.07801716029644012
aeeem_mylyn,static,xgboost,10,8,286,0,0,0.40880483388900757
aeeem_mylyn,static,xgboost,10,8,287,0,0,0.38464298844337463
aeeem_mylyn,static,xgboost,10,8,316,1,1,0.8562647104263306
aeeem_mylyn,static,xgboost,10,8,318,0,0,0.029105305671691895
aeeem_mylyn,static,xgboost,10,8,322,0,0,0.44642385840415955
aeeem_mylyn,static,xgboost,10,8,337,1,0,0.2992115914821625
aeeem_mylyn,static,xgboost,10,8,346,0,0,0.18667636811733246
aeeem_mylyn,static,xgboost,10,8,355,0,0,0.39692896604537964
aeeem_mylyn,static,xgboost,10,8,386,0,1,0.5145699977874756
aeeem_mylyn,static,xgboost,10,8,391,0,0,0.05665810778737068
aeeem_mylyn,static,xgboost,10,8,394,0,0,0.05531879886984825
aeeem_mylyn,static,xgboost,10,8,404,0,0,0.04175937548279762
aeeem_mylyn,static,xgboost,10,8,405,0,1,0.7829898595809937
aeeem_mylyn,static,xgboost,10,8,412,0,0,0.4135664403438568
aeeem_mylyn,static,xgboost,10,8,419,0,0,0.11547863483428955
aeeem_mylyn,static,xgboost,10,8,424,0,0,0.15922538936138153
aeeem_mylyn,static,xgboost,10,8,430,0,0,0.01861521415412426
aeeem_mylyn,static,xgboost,10,8,435,0,0,0.04804716259241104
aeeem_mylyn,static,xgboost,10,8,436,0,0,0.22109253704547882
aeeem_mylyn,static,xgboost,10,8,450,1,0,0.28949904441833496
aeeem_mylyn,static,xgboost,10,8,470,0,0,0.03338662162423134
aeeem_mylyn,static,xgboost,10,8,477,0,0,0.21325743198394775
aeeem_mylyn,static,xgboost,10,8,478,0,0,0.4264097809791565
aeeem_mylyn,static,xgboost,10,8,499,0,0,0.08191435784101486
aeeem_mylyn,static,xgboost,10,8,513,0,1,0.5902304649353027
aeeem_mylyn,static,xgboost,10,8,525,0,0,0.16897493600845337
aeeem_mylyn,static,xgboost,10,8,533,0,1,0.5033923387527466
aeeem_mylyn,static,xgboost,10,8,544,0,0,0.22576390206813812
aeeem_mylyn,static,xgboost,10,8,549,0,0,0.2227008193731308
aeeem_mylyn,static,xgboost,10,8,554,0,0,0.04365032538771629
aeeem_mylyn,static,xgboost,10,8,559,0,0,0.15521621704101562
aeeem_mylyn,static,xgboost,10,8,583,0,0,0.0624406524002552
aeeem_mylyn,static,xgboost,10,8,589,1,0,0.22703984379768372
aeeem_mylyn,static,xgboost,10,8,594,0,0,0.40878093242645264
aeeem_mylyn,static,xgboost,10,8,600,1,0,0.11822725832462311
aeeem_mylyn,static,xgboost,10,8,611,0,0,0.04057971388101578
aeeem_mylyn,static,xgboost,10,8,619,1,0,0.3949984014034271
aeeem_mylyn,static,xgboost,10,8,623,0,0,0.11435344070196152
aeeem_mylyn,static,xgboost,10,8,630,0,0,0.0865614041686058
aeeem_mylyn,static,xgboost,10,8,633,0,0,0.041448649019002914
aeeem_mylyn,static,xgboost,10,8,641,0,0,0.1678345948457718
aeeem_mylyn,static,xgboost,10,8,686,0,0,0.0407145619392395
aeeem_mylyn,static,xgboost,10,8,687,0,0,0.17514418065547943
aeeem_mylyn,static,xgboost,10,8,690,0,0,0.12640471756458282
aeeem_mylyn,static,xgboost,10,8,703,0,1,0.7004640102386475
aeeem_mylyn,static,xgboost,10,8,716,0,0,0.18016180396080017
aeeem_mylyn,static,xgboost,10,8,725,0,0,0.12712730467319489
aeeem_mylyn,static,xgboost,10,8,730,1,1,0.8633143305778503
aeeem_mylyn,static,xgboost,10,8,735,0,0,0.10014112293720245
aeeem_mylyn,static,xgboost,10,8,754,0,0,0.036095257848501205
aeeem_mylyn,static,xgboost,10,8,779,0,0,0.025569943711161613
aeeem_mylyn,static,xgboost,10,8,786,0,0,0.30579525232315063
aeeem_mylyn,static,xgboost,10,8,793,0,0,0.3683352768421173
aeeem_mylyn,static,xgboost,10,8,808,0,0,0.07675016671419144
aeeem_mylyn,static,xgboost,10,8,820,0,0,0.36787042021751404
aeeem_mylyn,static,xgboost,10,8,822,0,0,0.02472739852964878
aeeem_mylyn,static,xgboost,10,8,824,0,0,0.07319490611553192
aeeem_mylyn,static,xgboost,10,8,833,0,0,0.494925320148468
aeeem_mylyn,static,xgboost,10,8,846,0,0,0.02720506116747856
aeeem_mylyn,static,xgboost,10,8,897,1,1,0.566439688205719
aeeem_mylyn,static,xgboost,10,8,909,0,0,0.17067620158195496
aeeem_mylyn,static,xgboost,10,8,912,0,1,0.955092191696167
aeeem_mylyn,static,xgboost,10,8,946,0,1,0.7809666991233826
aeeem_mylyn,static,xgboost,10,8,952,0,0,0.11544575542211533
aeeem_mylyn,static,xgboost,10,8,964,0,0,0.2215004712343216
aeeem_mylyn,static,xgboost,10,8,979,1,0,0.014539958909153938
aeeem_mylyn,static,xgboost,10,8,991,0,1,0.8155655860900879
aeeem_mylyn,static,xgboost,10,8,995,1,0,0.18071095645427704
aeeem_mylyn,static,xgboost,10,8,999,1,0,0.2756028175354004
aeeem_mylyn,static,xgboost,10,8,1014,1,0,0.2800411581993103
aeeem_mylyn,static,xgboost,10,8,1018,0,0,0.07761885225772858
aeeem_mylyn,static,xgboost,10,8,1024,0,0,0.3820873200893402
aeeem_mylyn,static,xgboost,10,8,1033,0,0,0.07683543115854263
aeeem_mylyn,static,xgboost,10,8,1054,0,0,0.10186578333377838
aeeem_mylyn,static,xgboost,10,8,1055,0,0,0.27783963084220886
aeeem_mylyn,static,xgboost,10,8,1059,0,0,0.18498484790325165
aeeem_mylyn,static,xgboost,10,8,1066,0,1,0.5921322703361511
aeeem_mylyn,static,xgboost,10,8,1081,0,0,0.05402030423283577
aeeem_mylyn,static,xgboost,10,8,1089,0,0,0.018352771177887917
aeeem_mylyn,static,xgboost,10,8,1096,0,0,0.07417333871126175
aeeem_mylyn,static,xgboost,10,8,1097,0,0,0.0797131285071373
aeeem_mylyn,static,xgboost,10,8,1112,0,1,0.7015371322631836
aeeem_mylyn,static,xgboost,10,8,1122,0,0,0.078864686191082
aeeem_mylyn,static,xgboost,10,8,1131,0,0,0.16964533925056458
aeeem_mylyn,static,xgboost,10,8,1132,0,0,0.3290739953517914
aeeem_mylyn,static,xgboost,10,8,1138,0,0,0.010134466923773289
aeeem_mylyn,static,xgboost,10,8,1143,0,0,0.09700245410203934
aeeem_mylyn,static,xgboost,10,8,1144,0,0,0.2337043434381485
aeeem_mylyn,static,xgboost,10,8,1146,0,0,0.038323406130075455
aeeem_mylyn,static,xgboost,10,8,1147,0,0,0.0878979042172432
aeeem_mylyn,static,xgboost,10,8,1148,1,0,0.17919307947158813
aeeem_mylyn,static,xgboost,10,8,1150,0,0,0.4338575601577759
aeeem_mylyn,static,xgboost,10,8,1154,0,0,0.2732798755168915
aeeem_mylyn,static,xgboost,10,8,1156,0,0,0.1602599173784256
aeeem_mylyn,static,xgboost,10,8,1164,0,1,0.8748053908348083
aeeem_mylyn,static,xgboost,10,8,1193,0,0,0.07348985224962234
aeeem_mylyn,static,xgboost,10,8,1224,0,0,0.32776379585266113
aeeem_mylyn,static,xgboost,10,8,1254,0,0,0.14971937239170074
aeeem_mylyn,static,xgboost,10,8,1256,1,0,0.05716526135802269
aeeem_mylyn,static,xgboost,10,8,1261,0,0,0.14530299603939056
aeeem_mylyn,static,xgboost,10,8,1289,0,0,0.24836260080337524
aeeem_mylyn,static,xgboost,10,8,1304,0,0,0.20522405207157135
aeeem_mylyn,static,xgboost,10,8,1351,0,1,0.7238405346870422
aeeem_mylyn,static,xgboost,10,8,1357,0,0,0.06657946854829788
aeeem_mylyn,static,xgboost,10,8,1359,0,0,0.39929354190826416
aeeem_mylyn,static,xgboost,10,8,1377,1,1,0.7899965047836304
aeeem_mylyn,static,xgboost,10,8,1393,0,0,0.2481730431318283
aeeem_mylyn,static,xgboost,10,8,1402,0,1,0.7305982112884521
aeeem_mylyn,static,xgboost,10,8,1405,0,0,0.10759466886520386
aeeem_mylyn,static,xgboost,10,8,1406,0,0,0.2829914093017578
aeeem_mylyn,static,xgboost,10,8,1410,0,0,0.0756334513425827
aeeem_mylyn,static,xgboost,10,8,1416,0,0,0.2427503764629364
aeeem_mylyn,static,xgboost,10,8,1434,0,0,0.048551756888628006
aeeem_mylyn,static,xgboost,10,8,1455,0,0,0.4107854664325714
aeeem_mylyn,static,xgboost,10,8,1476,0,0,0.1659747064113617
aeeem_mylyn,static,xgboost,10,8,1478,0,0,0.18715249001979828
aeeem_mylyn,static,xgboost,10,8,1504,1,0,0.10760870575904846
aeeem_mylyn,static,xgboost,10,8,1513,0,0,0.10777274519205093
aeeem_mylyn,static,xgboost,10,8,1514,0,0,0.02103862352669239
aeeem_mylyn,static,xgboost,10,8,1523,0,0,0.1167118176817894
aeeem_mylyn,static,xgboost,10,8,1531,0,0,0.06045239046216011
aeeem_mylyn,static,xgboost,10,8,1532,0,0,0.17139430344104767
aeeem_mylyn,static,xgboost,10,8,1537,0,0,0.09768836945295334
aeeem_mylyn,static,xgboost,10,8,1542,1,1,0.8633143305778503
aeeem_mylyn,static,xgboost,10,8,1577,0,0,0.1307440847158432
aeeem_mylyn,static,xgboost,10,8,1589,0,0,0.27101007103919983
aeeem_mylyn,static,xgboost,10,8,1590,0,1,0.5774375796318054
aeeem_mylyn,static,xgboost,10,8,1602,0,0,0.32606393098831177
aeeem_mylyn,static,xgboost,10,8,1608,0,0,0.08345755189657211
aeeem_mylyn,static,xgboost,10,8,1622,0,0,0.24371342360973358
aeeem_mylyn,static,xgboost,10,8,1625,0,0,0.3290739953517914
aeeem_mylyn,static,xgboost,10,8,1626,0,1,0.789661705493927
aeeem_mylyn,static,xgboost,10,8,1633,0,0,0.015532152727246284
aeeem_mylyn,static,xgboost,10,8,1639,0,0,0.08581805974245071
aeeem_mylyn,static,xgboost,10,8,1647,0,0,0.3054713010787964
aeeem_mylyn,static,xgboost,10,8,1649,1,0,0.361721009016037
aeeem_mylyn,static,xgboost,10,8,1650,0,1,0.5968853831291199
aeeem_mylyn,static,xgboost,10,8,1663,0,1,0.8043880462646484
aeeem_mylyn,static,xgboost,10,8,1664,0,0,0.30876585841178894
aeeem_mylyn,static,xgboost,10,8,1670,1,1,0.8633143305778503
aeeem_mylyn,static,xgboost,10,8,1671,0,0,0.0630173608660698
aeeem_mylyn,static,xgboost,10,8,1683,0,0,0.002494805958122015
aeeem_mylyn,static,xgboost,10,8,1695,0,0,0.03993663936853409
aeeem_mylyn,static,xgboost,10,8,1724,0,0,0.047034598886966705
aeeem_mylyn,static,xgboost,10,8,1725,1,1,0.7305588126182556
aeeem_mylyn,static,xgboost,10,8,1729,0,0,0.07135370373725891
aeeem_mylyn,static,xgboost,10,8,1735,0,0,0.23079019784927368
aeeem_mylyn,static,xgboost,10,8,1749,0,1,0.9097331762313843
aeeem_mylyn,static,xgboost,10,8,1788,1,0,0.11021950095891953
aeeem_mylyn,static,xgboost,10,8,1802,0,0,0.024211974814534187
aeeem_mylyn,static,xgboost,10,8,1805,0,0,0.4630971848964691
aeeem_mylyn,static,xgboost,10,8,1827,0,0,0.30608758330345154
aeeem_mylyn,static,xgboost,10,8,1830,0,0,0.0906214639544487
aeeem_mylyn,static,xgboost,10,8,1849,0,0,0.211355060338974
aeeem_mylyn,static,xgboost,10,8,1857,0,0,0.10842671245336533
aeeem_mylyn,static,xgboost,10,9,24,0,0,0.11608307808637619
aeeem_mylyn,static,xgboost,10,9,26,0,0,0.07429996877908707
aeeem_mylyn,static,xgboost,10,9,37,0,0,0.1363329142332077
aeeem_mylyn,static,xgboost,10,9,43,0,0,0.03484455496072769
aeeem_mylyn,static,xgboost,10,9,48,0,0,0.4648299813270569
aeeem_mylyn,static,xgboost,10,9,75,0,0,0.299071729183197
aeeem_mylyn,static,xgboost,10,9,77,0,1,0.8587151765823364
aeeem_mylyn,static,xgboost,10,9,82,0,0,0.014090210199356079
aeeem_mylyn,static,xgboost,10,9,83,0,0,0.4538033604621887
aeeem_mylyn,static,xgboost,10,9,86,0,0,0.07353359460830688
aeeem_mylyn,static,xgboost,10,9,123,0,0,0.037370044738054276
aeeem_mylyn,static,xgboost,10,9,158,0,0,0.06526205688714981
aeeem_mylyn,static,xgboost,10,9,164,0,0,0.02988600917160511
aeeem_mylyn,static,xgboost,10,9,171,0,1,0.5727435946464539
aeeem_mylyn,static,xgboost,10,9,179,0,0,0.0479573979973793
aeeem_mylyn,static,xgboost,10,9,192,0,0,0.026424327865242958
aeeem_mylyn,static,xgboost,10,9,197,0,0,0.2725418210029602
aeeem_mylyn,static,xgboost,10,9,204,0,0,0.040199875831604004
aeeem_mylyn,static,xgboost,10,9,226,1,1,0.7509561777114868
aeeem_mylyn,static,xgboost,10,9,231,0,1,0.8440123200416565
aeeem_mylyn,static,xgboost,10,9,260,0,0,0.049432698637247086
aeeem_mylyn,static,xgboost,10,9,273,0,0,0.48428797721862793
aeeem_mylyn,static,xgboost,10,9,281,0,0,0.10970441997051239
aeeem_mylyn,static,xgboost,10,9,320,0,0,0.2550162076950073
aeeem_mylyn,static,xgboost,10,9,324,0,0,0.019503803923726082
aeeem_mylyn,static,xgboost,10,9,325,0,1,0.8301199078559875
aeeem_mylyn,static,xgboost,10,9,326,1,0,0.04127253592014313
aeeem_mylyn,static,xgboost,10,9,330,0,0,0.08259429037570953
aeeem_mylyn,static,xgboost,10,9,332,1,0,0.42380261421203613
aeeem_mylyn,static,xgboost,10,9,339,0,0,0.06862510740756989
aeeem_mylyn,static,xgboost,10,9,361,0,0,0.33592599630355835
aeeem_mylyn,static,xgboost,10,9,364,0,0,0.02536778524518013
aeeem_mylyn,static,xgboost,10,9,369,0,0,0.16304893791675568
aeeem_mylyn,static,xgboost,10,9,373,0,0,0.15702907741069794
aeeem_mylyn,static,xgboost,10,9,379,0,0,0.07077852636575699
aeeem_mylyn,static,xgboost,10,9,383,0,0,0.03836137428879738
aeeem_mylyn,static,xgboost,10,9,399,0,0,0.4545139670372009
aeeem_mylyn,static,xgboost,10,9,409,0,0,0.07966574281454086
aeeem_mylyn,static,xgboost,10,9,415,0,0,0.027521394193172455
aeeem_mylyn,static,xgboost,10,9,418,0,0,0.339285284280777
aeeem_mylyn,static,xgboost,10,9,431,0,0,0.38807010650634766
aeeem_mylyn,static,xgboost,10,9,439,0,0,0.108013816177845
aeeem_mylyn,static,xgboost,10,9,442,0,0,0.05602813884615898
aeeem_mylyn,static,xgboost,10,9,444,0,1,0.6858081221580505
aeeem_mylyn,static,xgboost,10,9,454,0,0,0.1540149599313736
aeeem_mylyn,static,xgboost,10,9,457,0,0,0.052790042012929916
aeeem_mylyn,static,xgboost,10,9,466,0,0,0.23533403873443604
aeeem_mylyn,static,xgboost,10,9,472,0,0,0.05500797554850578
aeeem_mylyn,static,xgboost,10,9,480,0,0,0.0661863312125206
aeeem_mylyn,static,xgboost,10,9,488,0,0,0.2566145956516266
aeeem_mylyn,static,xgboost,10,9,519,1,1,0.8572732210159302
aeeem_mylyn,static,xgboost,10,9,563,0,0,0.077652707695961
aeeem_mylyn,static,xgboost,10,9,564,0,0,0.08532215654850006
aeeem_mylyn,static,xgboost,10,9,567,0,0,0.1336316168308258
aeeem_mylyn,static,xgboost,10,9,573,0,0,0.077652707695961
aeeem_mylyn,static,xgboost,10,9,576,1,1,0.6726342439651489
aeeem_mylyn,static,xgboost,10,9,626,0,0,0.08062496036291122
aeeem_mylyn,static,xgboost,10,9,627,1,0,0.26427555084228516
aeeem_mylyn,static,xgboost,10,9,650,0,0,0.3394737243652344
aeeem_mylyn,static,xgboost,10,9,682,0,1,0.6075476408004761
aeeem_mylyn,static,xgboost,10,9,684,0,1,0.5973682403564453
aeeem_mylyn,static,xgboost,10,9,692,0,0,0.014920233748853207
aeeem_mylyn,static,xgboost,10,9,693,0,0,0.1056753396987915
aeeem_mylyn,static,xgboost,10,9,707,0,0,0.2547152042388916
aeeem_mylyn,static,xgboost,10,9,724,0,1,0.5385220050811768
aeeem_mylyn,static,xgboost,10,9,731,0,0,0.050653137266635895
aeeem_mylyn,static,xgboost,10,9,751,0,0,0.0695035383105278
aeeem_mylyn,static,xgboost,10,9,761,0,0,0.040760137140750885
aeeem_mylyn,static,xgboost,10,9,769,1,0,0.31943413615226746
aeeem_mylyn,static,xgboost,10,9,770,0,0,0.0968535989522934
aeeem_mylyn,static,xgboost,10,9,771,0,0,0.49512979388237
aeeem_mylyn,static,xgboost,10,9,784,0,0,0.09685472398996353
aeeem_mylyn,static,xgboost,10,9,807,0,0,0.013966732658445835
aeeem_mylyn,static,xgboost,10,9,816,0,0,0.10466699302196503
aeeem_mylyn,static,xgboost,10,9,871,1,1,0.7425433993339539
aeeem_mylyn,static,xgboost,10,9,872,0,0,0.24936771392822266
aeeem_mylyn,static,xgboost,10,9,882,0,1,0.6688424944877625
aeeem_mylyn,static,xgboost,10,9,901,0,0,0.02740030363202095
aeeem_mylyn,static,xgboost,10,9,905,0,0,0.0697937160730362
aeeem_mylyn,static,xgboost,10,9,918,0,1,0.6100919246673584
aeeem_mylyn,static,xgboost,10,9,925,0,0,0.1357482224702835
aeeem_mylyn,static,xgboost,10,9,933,0,0,0.169502392411232
aeeem_mylyn,static,xgboost,10,9,935,1,0,0.04551946744322777
aeeem_mylyn,static,xgboost,10,9,939,0,0,0.40676605701446533
aeeem_mylyn,static,xgboost,10,9,962,0,0,0.021212579682469368
aeeem_mylyn,static,xgboost,10,9,973,1,0,0.27182140946388245
aeeem_mylyn,static,xgboost,10,9,981,0,0,0.26891788840293884
aeeem_mylyn,static,xgboost,10,9,985,1,1,0.5187308192253113
aeeem_mylyn,static,xgboost,10,9,989,0,0,0.48591679334640503
aeeem_mylyn,static,xgboost,10,9,994,0,0,0.14763975143432617
aeeem_mylyn,static,xgboost,10,9,996,0,0,0.03673475235700607
aeeem_mylyn,static,xgboost,10,9,998,0,0,0.29163941740989685
aeeem_mylyn,static,xgboost,10,9,1013,0,0,0.2545839548110962
aeeem_mylyn,static,xgboost,10,9,1017,0,0,0.3440810739994049
aeeem_mylyn,static,xgboost,10,9,1021,0,0,0.45767414569854736
aeeem_mylyn,static,xgboost,10,9,1025,0,1,0.5213184952735901
aeeem_mylyn,static,xgboost,10,9,1029,1,0,0.19182944297790527
aeeem_mylyn,static,xgboost,10,9,1035,0,0,0.12090442329645157
aeeem_mylyn,static,xgboost,10,9,1042,0,0,0.06752157211303711
aeeem_mylyn,static,xgboost,10,9,1046,0,0,0.045483026653528214
aeeem_mylyn,static,xgboost,10,9,1057,0,1,0.6281899213790894
aeeem_mylyn,static,xgboost,10,9,1058,0,0,0.04660052806138992
aeeem_mylyn,static,xgboost,10,9,1062,0,0,0.0234178826212883
aeeem_mylyn,static,xgboost,10,9,1064,0,0,0.45813918113708496
aeeem_mylyn,static,xgboost,10,9,1079,0,0,0.42302629351615906
aeeem_mylyn,static,xgboost,10,9,1082,0,0,0.03389112278819084
aeeem_mylyn,static,xgboost,10,9,1085,0,0,0.3024325668811798
aeeem_mylyn,static,xgboost,10,9,1101,0,0,0.18108023703098297
aeeem_mylyn,static,xgboost,10,9,1123,0,0,0.08277753740549088
aeeem_mylyn,static,xgboost,10,9,1158,1,0,0.040005411952733994
aeeem_mylyn,static,xgboost,10,9,1162,0,0,0.200717955827713
aeeem_mylyn,static,xgboost,10,9,1166,0,0,0.10470312833786011
aeeem_mylyn,static,xgboost,10,9,1167,0,0,0.3379799723625183
aeeem_mylyn,static,xgboost,10,9,1174,1,0,0.3373635411262512
aeeem_mylyn,static,xgboost,10,9,1184,0,0,0.11624174565076828
aeeem_mylyn,static,xgboost,10,9,1225,0,0,0.2739911675453186
aeeem_mylyn,static,xgboost,10,9,1229,0,0,0.430612713098526
aeeem_mylyn,static,xgboost,10,9,1236,0,0,0.05590293928980827
aeeem_mylyn,static,xgboost,10,9,1248,0,0,0.0685524269938469
aeeem_mylyn,static,xgboost,10,9,1298,0,0,0.29184257984161377
aeeem_mylyn,static,xgboost,10,9,1312,0,0,0.08530370146036148
aeeem_mylyn,static,xgboost,10,9,1315,0,0,0.2813180088996887
aeeem_mylyn,static,xgboost,10,9,1320,0,0,0.19470468163490295
aeeem_mylyn,static,xgboost,10,9,1338,0,0,0.21676814556121826
aeeem_mylyn,static,xgboost,10,9,1342,1,0,0.24716605246067047
aeeem_mylyn,static,xgboost,10,9,1343,0,1,0.7529788613319397
aeeem_mylyn,static,xgboost,10,9,1348,0,0,0.10037395358085632
aeeem_mylyn,static,xgboost,10,9,1358,0,0,0.053006190806627274
aeeem_mylyn,static,xgboost,10,9,1383,0,0,0.48161476850509644
aeeem_mylyn,static,xgboost,10,9,1391,0,0,0.20210598409175873
aeeem_mylyn,static,xgboost,10,9,1400,0,0,0.04545387998223305
aeeem_mylyn,static,xgboost,10,9,1442,1,0,0.09280762821435928
aeeem_mylyn,static,xgboost,10,9,1458,0,0,0.18753641843795776
aeeem_mylyn,static,xgboost,10,9,1467,0,0,0.08062496036291122
aeeem_mylyn,static,xgboost,10,9,1469,0,0,0.24668200314044952
aeeem_mylyn,static,xgboost,10,9,1470,0,0,0.18894509971141815
aeeem_mylyn,static,xgboost,10,9,1471,1,0,0.4510001540184021
aeeem_mylyn,static,xgboost,10,9,1485,0,0,0.12042338401079178
aeeem_mylyn,static,xgboost,10,9,1487,0,0,0.3169085383415222
aeeem_mylyn,static,xgboost,10,9,1498,1,1,0.8644771575927734
aeeem_mylyn,static,xgboost,10,9,1507,0,0,0.37564966082572937
aeeem_mylyn,static,xgboost,10,9,1512,0,1,0.8773682117462158
aeeem_mylyn,static,xgboost,10,9,1517,0,0,0.046986039727926254
aeeem_mylyn,static,xgboost,10,9,1518,0,0,0.11721689999103546
aeeem_mylyn,static,xgboost,10,9,1525,0,0,0.06320192664861679
aeeem_mylyn,static,xgboost,10,9,1533,0,0,0.1331658959388733
aeeem_mylyn,static,xgboost,10,9,1546,0,0,0.059275995939970016
aeeem_mylyn,static,xgboost,10,9,1549,0,1,0.6302075386047363
aeeem_mylyn,static,xgboost,10,9,1553,0,0,0.4073072373867035
aeeem_mylyn,static,xgboost,10,9,1555,0,0,0.34145522117614746
aeeem_mylyn,static,xgboost,10,9,1562,0,1,0.5467517971992493
aeeem_mylyn,static,xgboost,10,9,1564,0,0,0.042259033769369125
aeeem_mylyn,static,xgboost,10,9,1584,0,0,0.1744556576013565
aeeem_mylyn,static,xgboost,10,9,1587,0,0,0.23066376149654388
aeeem_mylyn,static,xgboost,10,9,1610,0,0,0.026433438062667847
aeeem_mylyn,static,xgboost,10,9,1619,0,0,0.11156958341598511
aeeem_mylyn,static,xgboost,10,9,1620,0,0,0.023663977161049843
aeeem_mylyn,static,xgboost,10,9,1621,0,0,0.44832584261894226
aeeem_mylyn,static,xgboost,10,9,1627,0,0,0.25730764865875244
aeeem_mylyn,static,xgboost,10,9,1629,1,0,0.38657665252685547
aeeem_mylyn,static,xgboost,10,9,1632,1,1,0.8006505370140076
aeeem_mylyn,static,xgboost,10,9,1634,0,0,0.11673896759748459
aeeem_mylyn,static,xgboost,10,9,1638,0,0,0.055491480976343155
aeeem_mylyn,static,xgboost,10,9,1643,0,0,0.3078584671020508
aeeem_mylyn,static,xgboost,10,9,1644,0,0,0.20475763082504272
aeeem_mylyn,static,xgboost,10,9,1646,0,0,0.14913968741893768
aeeem_mylyn,static,xgboost,10,9,1651,0,0,0.11505027115345001
aeeem_mylyn,static,xgboost,10,9,1652,0,1,0.7185917496681213
aeeem_mylyn,static,xgboost,10,9,1666,1,0,0.025225013494491577
aeeem_mylyn,static,xgboost,10,9,1674,0,0,0.40389949083328247
aeeem_mylyn,static,xgboost,10,9,1682,1,1,0.9092623591423035
aeeem_mylyn,static,xgboost,10,9,1700,1,1,0.5936512351036072
aeeem_mylyn,static,xgboost,10,9,1730,0,0,0.17275545001029968
aeeem_mylyn,static,xgboost,10,9,1766,0,0,0.17965994775295258
aeeem_mylyn,static,xgboost,10,9,1769,0,0,0.05046236142516136
aeeem_mylyn,static,xgboost,10,9,1775,0,0,0.049021873623132706
aeeem_mylyn,static,xgboost,10,9,1779,0,0,0.14058801531791687
aeeem_mylyn,static,xgboost,10,9,1781,0,0,0.01154247671365738
aeeem_mylyn,static,xgboost,10,9,1785,0,0,0.3870610296726227
aeeem_mylyn,static,xgboost,10,9,1794,0,0,0.06554730981588364
aeeem_mylyn,static,xgboost,10,9,1795,1,0,0.44832584261894226
aeeem_mylyn,static,xgboost,10,9,1824,0,0,0.09950483590364456
aeeem_mylyn,static,xgboost,10,9,1826,1,1,0.531669020652771
aeeem_mylyn,static,xgboost,10,9,1836,0,0,0.018067605793476105
aeeem_mylyn,static,xgboost,10,9,1840,0,0,0.2850242555141449
aeeem_mylyn,static,xgboost,10,9,1845,0,0,0.04571789503097534
aeeem_mylyn,static,xgboost,10,10,6,0,0,0.047779493033885956
aeeem_mylyn,static,xgboost,10,10,29,0,0,0.17245212197303772
aeeem_mylyn,static,xgboost,10,10,47,0,0,0.10637855529785156
aeeem_mylyn,static,xgboost,10,10,59,0,0,0.16270659863948822
aeeem_mylyn,static,xgboost,10,10,63,1,1,0.7292609810829163
aeeem_mylyn,static,xgboost,10,10,74,0,0,0.3049672245979309
aeeem_mylyn,static,xgboost,10,10,110,0,0,0.1013188287615776
aeeem_mylyn,static,xgboost,10,10,112,0,0,0.49573203921318054
aeeem_mylyn,static,xgboost,10,10,131,0,0,0.04312323406338692
aeeem_mylyn,static,xgboost,10,10,147,0,0,0.4072052836418152
aeeem_mylyn,static,xgboost,10,10,161,0,1,0.5632588863372803
aeeem_mylyn,static,xgboost,10,10,180,0,0,0.19539858400821686
aeeem_mylyn,static,xgboost,10,10,184,0,0,0.21754182875156403
aeeem_mylyn,static,xgboost,10,10,188,0,1,0.6240569353103638
aeeem_mylyn,static,xgboost,10,10,196,0,0,0.35101720690727234
aeeem_mylyn,static,xgboost,10,10,200,0,0,0.06040913611650467
aeeem_mylyn,static,xgboost,10,10,210,0,0,0.18352074921131134
aeeem_mylyn,static,xgboost,10,10,211,0,0,0.18211714923381805
aeeem_mylyn,static,xgboost,10,10,233,1,0,0.24533335864543915
aeeem_mylyn,static,xgboost,10,10,243,0,0,0.4566415846347809
aeeem_mylyn,static,xgboost,10,10,254,0,0,0.01960868574678898
aeeem_mylyn,static,xgboost,10,10,257,1,1,0.5606532096862793
aeeem_mylyn,static,xgboost,10,10,277,0,0,0.047338083386421204
aeeem_mylyn,static,xgboost,10,10,294,0,0,0.03808245435357094
aeeem_mylyn,static,xgboost,10,10,301,0,0,0.05272173881530762
aeeem_mylyn,static,xgboost,10,10,308,0,0,0.10704641044139862
aeeem_mylyn,static,xgboost,10,10,327,0,0,0.4342727065086365
aeeem_mylyn,static,xgboost,10,10,348,0,0,0.022093063220381737
aeeem_mylyn,static,xgboost,10,10,350,0,0,0.13318748772144318
aeeem_mylyn,static,xgboost,10,10,360,0,0,0.2879429757595062
aeeem_mylyn,static,xgboost,10,10,368,0,0,0.19832758605480194
aeeem_mylyn,static,xgboost,10,10,372,0,0,0.09493952244520187
aeeem_mylyn,static,xgboost,10,10,380,1,0,0.27644112706184387
aeeem_mylyn,static,xgboost,10,10,382,0,0,0.0963338166475296
aeeem_mylyn,static,xgboost,10,10,400,0,0,0.23194196820259094
aeeem_mylyn,static,xgboost,10,10,406,0,0,0.04297390580177307
aeeem_mylyn,static,xgboost,10,10,414,0,0,0.4009292721748352
aeeem_mylyn,static,xgboost,10,10,422,0,0,0.030539844185113907
aeeem_mylyn,static,xgboost,10,10,426,0,0,0.2097466140985489
aeeem_mylyn,static,xgboost,10,10,434,0,0,0.39576640725135803
aeeem_mylyn,static,xgboost,10,10,443,0,0,0.4234379827976227
aeeem_mylyn,static,xgboost,10,10,458,0,0,0.0348622128367424
aeeem_mylyn,static,xgboost,10,10,463,0,0,0.018181493505835533
aeeem_mylyn,static,xgboost,10,10,465,1,1,0.8024694323539734
aeeem_mylyn,static,xgboost,10,10,467,0,0,0.12995968759059906
aeeem_mylyn,static,xgboost,10,10,471,0,0,0.010945181362330914
aeeem_mylyn,static,xgboost,10,10,482,0,1,0.865625262260437
aeeem_mylyn,static,xgboost,10,10,483,0,0,0.34226348996162415
aeeem_mylyn,static,xgboost,10,10,489,0,0,0.06353024393320084
aeeem_mylyn,static,xgboost,10,10,493,0,0,0.008307108655571938
aeeem_mylyn,static,xgboost,10,10,516,1,0,0.13509859144687653
aeeem_mylyn,static,xgboost,10,10,521,1,1,0.5221685171127319
aeeem_mylyn,static,xgboost,10,10,527,1,1,0.6143674850463867
aeeem_mylyn,static,xgboost,10,10,553,0,1,0.5874826312065125
aeeem_mylyn,static,xgboost,10,10,568,0,0,0.2539770305156708
aeeem_mylyn,static,xgboost,10,10,582,0,0,0.11182592064142227
aeeem_mylyn,static,xgboost,10,10,586,0,0,0.10927030444145203
aeeem_mylyn,static,xgboost,10,10,598,0,0,0.26134470105171204
aeeem_mylyn,static,xgboost,10,10,613,0,0,0.25418785214424133
aeeem_mylyn,static,xgboost,10,10,624,0,0,0.08843868970870972
aeeem_mylyn,static,xgboost,10,10,637,0,1,0.7251722812652588
aeeem_mylyn,static,xgboost,10,10,643,1,0,0.17370830476284027
aeeem_mylyn,static,xgboost,10,10,659,0,0,0.11318009346723557
aeeem_mylyn,static,xgboost,10,10,661,0,0,0.26721253991127014
aeeem_mylyn,static,xgboost,10,10,663,0,0,0.4595552682876587
aeeem_mylyn,static,xgboost,10,10,674,0,0,0.10248963534832001
aeeem_mylyn,static,xgboost,10,10,700,0,0,0.17370830476284027
aeeem_mylyn,static,xgboost,10,10,705,0,0,0.1740889698266983
aeeem_mylyn,static,xgboost,10,10,710,0,0,0.04825495555996895
aeeem_mylyn,static,xgboost,10,10,715,0,0,0.057002175599336624
aeeem_mylyn,static,xgboost,10,10,717,0,0,0.4722040593624115
aeeem_mylyn,static,xgboost,10,10,723,0,0,0.4319966733455658
aeeem_mylyn,static,xgboost,10,10,729,0,1,0.5448585152626038
aeeem_mylyn,static,xgboost,10,10,752,0,0,0.2922624349594116
aeeem_mylyn,static,xgboost,10,10,762,0,0,0.19635125994682312
aeeem_mylyn,static,xgboost,10,10,787,0,0,0.3597228229045868
aeeem_mylyn,static,xgboost,10,10,795,0,1,0.7836595177650452
aeeem_mylyn,static,xgboost,10,10,797,0,0,0.2817767560482025
aeeem_mylyn,static,xgboost,10,10,800,0,0,0.45756232738494873
aeeem_mylyn,static,xgboost,10,10,811,1,1,0.5543060302734375
aeeem_mylyn,static,xgboost,10,10,841,0,0,0.03340582549571991
aeeem_mylyn,static,xgboost,10,10,843,0,0,0.07194340974092484
aeeem_mylyn,static,xgboost,10,10,844,1,0,0.24935121834278107
aeeem_mylyn,static,xgboost,10,10,848,0,0,0.16685114800930023
aeeem_mylyn,static,xgboost,10,10,851,0,0,0.19330672919750214
aeeem_mylyn,static,xgboost,10,10,866,0,0,0.04158829152584076
aeeem_mylyn,static,xgboost,10,10,874,0,1,0.5070589184761047
aeeem_mylyn,static,xgboost,10,10,902,0,0,0.052195485681295395
aeeem_mylyn,static,xgboost,10,10,922,0,0,0.1128106638789177
aeeem_mylyn,static,xgboost,10,10,950,0,0,0.2879429757595062
aeeem_mylyn,static,xgboost,10,10,972,0,1,0.5261922478675842
aeeem_mylyn,static,xgboost,10,10,978,0,0,0.0570400096476078
aeeem_mylyn,static,xgboost,10,10,990,0,1,0.6888346672058105
aeeem_mylyn,static,xgboost,10,10,992,0,0,0.15396708250045776
aeeem_mylyn,static,xgboost,10,10,1007,0,1,0.5619224905967712
aeeem_mylyn,static,xgboost,10,10,1031,1,0,0.36565500497817993
aeeem_mylyn,static,xgboost,10,10,1045,0,0,0.11098777502775192
aeeem_mylyn,static,xgboost,10,10,1076,0,0,0.03492695465683937
aeeem_mylyn,static,xgboost,10,10,1084,0,0,0.04941582679748535
aeeem_mylyn,static,xgboost,10,10,1106,0,0,0.12483047693967819
aeeem_mylyn,static,xgboost,10,10,1107,1,1,0.5834069848060608
aeeem_mylyn,static,xgboost,10,10,1114,0,0,0.04623720794916153
aeeem_mylyn,static,xgboost,10,10,1119,0,0,0.022491853684186935
aeeem_mylyn,static,xgboost,10,10,1121,0,0,0.14384381473064423
aeeem_mylyn,static,xgboost,10,10,1125,0,0,0.03062920831143856
aeeem_mylyn,static,xgboost,10,10,1129,1,1,0.6220059990882874
aeeem_mylyn,static,xgboost,10,10,1157,0,1,0.8349659442901611
aeeem_mylyn,static,xgboost,10,10,1173,0,1,0.8715113401412964
aeeem_mylyn,static,xgboost,10,10,1177,0,0,0.021476533263921738
aeeem_mylyn,static,xgboost,10,10,1181,0,0,0.14008812606334686
aeeem_mylyn,static,xgboost,10,10,1191,0,0,0.10312778502702713
aeeem_mylyn,static,xgboost,10,10,1200,0,0,0.23206727206707
aeeem_mylyn,static,xgboost,10,10,1205,0,0,0.25204920768737793
aeeem_mylyn,static,xgboost,10,10,1206,1,1,0.8841033577919006
aeeem_mylyn,static,xgboost,10,10,1211,0,0,0.4927605092525482
aeeem_mylyn,static,xgboost,10,10,1219,1,0,0.1911003440618515
aeeem_mylyn,static,xgboost,10,10,1249,0,0,0.08318692445755005
aeeem_mylyn,static,xgboost,10,10,1255,0,1,0.8841033577919006
aeeem_mylyn,static,xgboost,10,10,1260,0,0,0.05799117311835289
aeeem_mylyn,static,xgboost,10,10,1269,1,0,0.49263450503349304
aeeem_mylyn,static,xgboost,10,10,1272,0,0,0.02848057448863983
aeeem_mylyn,static,xgboost,10,10,1280,0,0,0.06573832780122757
aeeem_mylyn,static,xgboost,10,10,1284,0,0,0.12452154606580734
aeeem_mylyn,static,xgboost,10,10,1290,0,0,0.18145252764225006
aeeem_mylyn,static,xgboost,10,10,1299,0,0,0.19166454672813416
aeeem_mylyn,static,xgboost,10,10,1307,0,1,0.7599244713783264
aeeem_mylyn,static,xgboost,10,10,1316,0,0,0.15528182685375214
aeeem_mylyn,static,xgboost,10,10,1326,0,0,0.2305014580488205
aeeem_mylyn,static,xgboost,10,10,1329,0,0,0.07040808349847794
aeeem_mylyn,static,xgboost,10,10,1331,1,1,0.5592455863952637
aeeem_mylyn,static,xgboost,10,10,1344,0,0,0.06364312022924423
aeeem_mylyn,static,xgboost,10,10,1370,0,0,0.29640641808509827
aeeem_mylyn,static,xgboost,10,10,1388,0,1,0.6099820137023926
aeeem_mylyn,static,xgboost,10,10,1394,0,0,0.12208821624517441
aeeem_mylyn,static,xgboost,10,10,1412,1,0,0.0373355932533741
aeeem_mylyn,static,xgboost,10,10,1428,0,0,0.020797891542315483
aeeem_mylyn,static,xgboost,10,10,1447,0,1,0.6143861413002014
aeeem_mylyn,static,xgboost,10,10,1450,0,0,0.09647690504789352
aeeem_mylyn,static,xgboost,10,10,1453,0,0,0.18052443861961365
aeeem_mylyn,static,xgboost,10,10,1457,0,0,0.18584416806697845
aeeem_mylyn,static,xgboost,10,10,1481,0,0,0.013632602989673615
aeeem_mylyn,static,xgboost,10,10,1491,0,0,0.029191315174102783
aeeem_mylyn,static,xgboost,10,10,1500,0,0,0.02924048900604248
aeeem_mylyn,static,xgboost,10,10,1508,0,0,0.051218703389167786
aeeem_mylyn,static,xgboost,10,10,1510,0,0,0.022491853684186935
aeeem_mylyn,static,xgboost,10,10,1519,0,0,0.06255381554365158
aeeem_mylyn,static,xgboost,10,10,1529,0,0,0.020498858764767647
aeeem_mylyn,static,xgboost,10,10,1536,0,0,0.30921444296836853
aeeem_mylyn,static,xgboost,10,10,1541,0,1,0.5275429487228394
aeeem_mylyn,static,xgboost,10,10,1544,0,0,0.03331174701452255
aeeem_mylyn,static,xgboost,10,10,1558,0,1,0.6987246870994568
aeeem_mylyn,static,xgboost,10,10,1561,1,0,0.2189616858959198
aeeem_mylyn,static,xgboost,10,10,1569,0,0,0.18943482637405396
aeeem_mylyn,static,xgboost,10,10,1570,0,0,0.04402440786361694
aeeem_mylyn,static,xgboost,10,10,1575,0,0,0.023719802498817444
aeeem_mylyn,static,xgboost,10,10,1579,0,0,0.04234931990504265
aeeem_mylyn,static,xgboost,10,10,1582,0,0,0.05272173881530762
aeeem_mylyn,static,xgboost,10,10,1599,0,0,0.017253536731004715
aeeem_mylyn,static,xgboost,10,10,1606,0,0,0.3136950433254242
aeeem_mylyn,static,xgboost,10,10,1607,0,0,0.3907020390033722
aeeem_mylyn,static,xgboost,10,10,1617,0,0,0.06613001227378845
aeeem_mylyn,static,xgboost,10,10,1623,0,1,0.5472462773323059
aeeem_mylyn,static,xgboost,10,10,1631,0,0,0.3533851206302643
aeeem_mylyn,static,xgboost,10,10,1648,0,0,0.038945093750953674
aeeem_mylyn,static,xgboost,10,10,1653,0,0,0.05272173881530762
aeeem_mylyn,static,xgboost,10,10,1654,0,0,0.1779400259256363
aeeem_mylyn,static,xgboost,10,10,1673,0,0,0.018288349732756615
aeeem_mylyn,static,xgboost,10,10,1675,1,0,0.08185750991106033
aeeem_mylyn,static,xgboost,10,10,1694,0,0,0.06669700890779495
aeeem_mylyn,static,xgboost,10,10,1714,1,0,0.4187098741531372
aeeem_mylyn,static,xgboost,10,10,1727,0,1,0.5075907111167908
aeeem_mylyn,static,xgboost,10,10,1750,0,0,0.13332109153270721
aeeem_mylyn,static,xgboost,10,10,1752,0,0,0.1315954178571701
aeeem_mylyn,static,xgboost,10,10,1763,0,0,0.05272173881530762
aeeem_mylyn,static,xgboost,10,10,1777,0,0,0.19469475746154785
aeeem_mylyn,static,xgboost,10,10,1778,0,0,0.17477527260780334
aeeem_mylyn,static,xgboost,10,10,1801,0,0,0.2835998833179474
aeeem_mylyn,static,xgboost,10,10,1803,0,0,0.026208754628896713
aeeem_mylyn,static,xgboost,10,10,1806,1,1,0.7510843276977539
aeeem_mylyn,static,xgboost,10,10,1809,0,0,0.3726426661014557
aeeem_mylyn,static,xgboost,10,10,1815,0,0,0.018213991075754166
aeeem_mylyn,static,xgboost,10,10,1834,1,1,0.5868927836418152
aeeem_mylyn,static,xgboost,10,10,1837,0,0,0.20833928883075714
aeeem_mylyn,static,xgboost,10,10,1841,1,0,0.09960107505321503
aeeem_mylyn,static,xgboost,10,10,1847,0,0,0.0907461866736412
aeeem_mylyn,static,xgboost,10,10,1860,0,0,0.2593380808830261
