dataset,feature_set,model,cv_folds,fold,row_index,y_true,y_pred,y_score
aeeem_mylyn,hybrid,xgboost,10,1,0,0,0,0.20543748140335083
aeeem_mylyn,hybrid,xgboost,10,1,13,0,0,0.016663743183016777
aeeem_mylyn,hybrid,xgboost,10,1,28,0,0,0.009085088968276978
aeeem_mylyn,hybrid,xgboost,10,1,35,0,0,0.10961710661649704
aeeem_mylyn,hybrid,xgboost,10,1,36,0,1,0.5040884017944336
aeeem_mylyn,hybrid,xgboost,10,1,51,1,1,0.6668224930763245
aeeem_mylyn,hybrid,xgboost,10,1,52,0,0,0.2449026107788086
aeeem_mylyn,hybrid,xgboost,10,1,54,0,0,0.07588514685630798
aeeem_mylyn,hybrid,xgboost,10,1,62,0,0,0.08897317200899124
aeeem_mylyn,hybrid,xgboost,10,1,76,0,0,0.017586998641490936
aeeem_mylyn,hybrid,xgboost,10,1,78,0,0,0.07462842017412186
aeeem_mylyn,hybrid,xgboost,10,1,90,0,0,0.22446084022521973
aeeem_mylyn,hybrid,xgboost,10,1,116,0,0,0.017171090468764305
aeeem_mylyn,hybrid,xgboost,10,1,140,0,0,0.030770480632781982
aeeem_mylyn,hybrid,xgboost,10,1,141,0,0,0.03125288337469101
aeeem_mylyn,hybrid,xgboost,10,1,151,0,1,0.7648110389709473
aeeem_mylyn,hybrid,xgboost,10,1,152,0,0,0.08448801189661026
aeeem_mylyn,hybrid,xgboost,10,1,160,0,0,0.004468888975679874
aeeem_mylyn,hybrid,xgboost,10,1,174,0,0,0.2612350583076477
aeeem_mylyn,hybrid,xgboost,10,1,176,0,1,0.7639929056167603
aeeem_mylyn,hybrid,xgboost,10,1,186,1,0,0.08702928572893143
aeeem_mylyn,hybrid,xgboost,10,1,228,0,0,0.056344278156757355
aeeem_mylyn,hybrid,xgboost,10,1,241,0,0,0.01855335384607315
aeeem_mylyn,hybrid,xgboost,10,1,251,0,0,0.02898275852203369
aeeem_mylyn,hybrid,xgboost,10,1,261,1,1,0.628711462020874
aeeem_mylyn,hybrid,xgboost,10,1,263,0,0,0.34684324264526367
aeeem_mylyn,hybrid,xgboost,10,1,295,0,0,0.007632405497133732
aeeem_mylyn,hybrid,xgboost,10,1,297,0,0,0.42653489112854004
aeeem_mylyn,hybrid,xgboost,10,1,298,0,0,0.12578439712524414
aeeem_mylyn,hybrid,xgboost,10,1,300,0,0,0.0716438814997673
aeeem_mylyn,hybrid,xgboost,10,1,302,0,0,0.015619935467839241
aeeem_mylyn,hybrid,xgboost,10,1,311,0,0,0.023174645379185677
aeeem_mylyn,hybrid,xgboost,10,1,354,0,0,0.022177768871188164
aeeem_mylyn,hybrid,xgboost,10,1,375,1,1,0.7914373874664307
aeeem_mylyn,hybrid,xgboost,10,1,407,0,0,0.2476176917552948
aeeem_mylyn,hybrid,xgboost,10,1,423,1,0,0.09473138302564621
aeeem_mylyn,hybrid,xgboost,10,1,432,0,0,0.012695586308836937
aeeem_mylyn,hybrid,xgboost,10,1,438,0,0,0.19002379477024078
aeeem_mylyn,hybrid,xgboost,10,1,441,1,0,0.34774741530418396
aeeem_mylyn,hybrid,xgboost,10,1,486,1,1,0.8111388087272644
aeeem_mylyn,hybrid,xgboost,10,1,487,0,0,0.14026634395122528
aeeem_mylyn,hybrid,xgboost,10,1,496,0,0,0.07879329472780228
aeeem_mylyn,hybrid,xgboost,10,1,506,0,0,0.07429639250040054
aeeem_mylyn,hybrid,xgboost,10,1,515,0,0,0.37985390424728394
aeeem_mylyn,hybrid,xgboost,10,1,526,0,0,0.05833974853157997
aeeem_mylyn,hybrid,xgboost,10,1,548,0,0,0.022283079102635384
aeeem_mylyn,hybrid,xgboost,10,1,551,0,0,0.3334924578666687
aeeem_mylyn,hybrid,xgboost,10,1,555,0,0,0.009433330968022346
aeeem_mylyn,hybrid,xgboost,10,1,560,0,0,0.38487547636032104
aeeem_mylyn,hybrid,xgboost,10,1,622,0,0,0.41639894247055054
aeeem_mylyn,hybrid,xgboost,10,1,629,0,0,0.020738687366247177
aeeem_mylyn,hybrid,xgboost,10,1,640,0,1,0.611645519733429
aeeem_mylyn,hybrid,xgboost,10,1,647,0,0,0.35974693298339844
aeeem_mylyn,hybrid,xgboost,10,1,658,0,0,0.009688545018434525
aeeem_mylyn,hybrid,xgboost,10,1,666,0,1,0.750518262386322
aeeem_mylyn,hybrid,xgboost,10,1,670,0,0,0.007756299339234829
aeeem_mylyn,hybrid,xgboost,10,1,689,1,1,0.8866506218910217
aeeem_mylyn,hybrid,xgboost,10,1,698,0,0,0.23957562446594238
aeeem_mylyn,hybrid,xgboost,10,1,699,0,0,0.018790028989315033
aeeem_mylyn,hybrid,xgboost,10,1,701,0,0,0.11927378177642822
aeeem_mylyn,hybrid,xgboost,10,1,738,0,1,0.7285698056221008
aeeem_mylyn,hybrid,xgboost,10,1,744,0,0,0.1351289004087448
aeeem_mylyn,hybrid,xgboost,10,1,750,0,0,0.3999865651130676
aeeem_mylyn,hybrid,xgboost,10,1,766,1,0,0.07883463054895401
aeeem_mylyn,hybrid,xgboost,10,1,772,0,0,0.029238468036055565
aeeem_mylyn,hybrid,xgboost,10,1,776,0,0,0.23429901897907257
aeeem_mylyn,hybrid,xgboost,10,1,780,0,1,0.8307544589042664
aeeem_mylyn,hybrid,xgboost,10,1,783,0,0,0.0025702212005853653
aeeem_mylyn,hybrid,xgboost,10,1,826,0,0,0.06335819512605667
aeeem_mylyn,hybrid,xgboost,10,1,829,0,0,0.2932841181755066
aeeem_mylyn,hybrid,xgboost,10,1,840,0,0,0.056344278156757355
aeeem_mylyn,hybrid,xgboost,10,1,859,0,0,0.04811760410666466
aeeem_mylyn,hybrid,xgboost,10,1,860,0,0,0.3908545970916748
aeeem_mylyn,hybrid,xgboost,10,1,870,0,0,0.046632688492536545
aeeem_mylyn,hybrid,xgboost,10,1,886,0,0,0.013904823921620846
aeeem_mylyn,hybrid,xgboost,10,1,889,0,0,0.14671193063259125
aeeem_mylyn,hybrid,xgboost,10,1,890,0,0,0.10218005627393723
aeeem_mylyn,hybrid,xgboost,10,1,892,0,0,0.010280715301632881
aeeem_mylyn,hybrid,xgboost,10,1,894,1,0,0.12388747185468674
aeeem_mylyn,hybrid,xgboost,10,1,896,0,0,0.02137831784784794
aeeem_mylyn,hybrid,xgboost,10,1,900,0,1,0.6695133447647095
aeeem_mylyn,hybrid,xgboost,10,1,904,0,0,0.060242146253585815
aeeem_mylyn,hybrid,xgboost,10,1,921,0,0,0.09228888899087906
aeeem_mylyn,hybrid,xgboost,10,1,923,0,0,0.10291361063718796
aeeem_mylyn,hybrid,xgboost,10,1,938,0,0,0.06223277002573013
aeeem_mylyn,hybrid,xgboost,10,1,940,0,0,0.012043057009577751
aeeem_mylyn,hybrid,xgboost,10,1,942,0,0,0.09959504753351212
aeeem_mylyn,hybrid,xgboost,10,1,945,0,0,0.034077297896146774
aeeem_mylyn,hybrid,xgboost,10,1,948,0,0,0.019444402307271957
aeeem_mylyn,hybrid,xgboost,10,1,958,0,0,0.007350894156843424
aeeem_mylyn,hybrid,xgboost,10,1,960,0,0,0.07143446058034897
aeeem_mylyn,hybrid,xgboost,10,1,961,0,0,0.049733683466911316
aeeem_mylyn,hybrid,xgboost,10,1,963,0,0,0.05439501255750656
aeeem_mylyn,hybrid,xgboost,10,1,976,0,1,0.5841595530509949
aeeem_mylyn,hybrid,xgboost,10,1,986,0,0,0.23202526569366455
aeeem_mylyn,hybrid,xgboost,10,1,988,0,0,0.1427847295999527
aeeem_mylyn,hybrid,xgboost,10,1,1011,0,0,0.14078669250011444
aeeem_mylyn,hybrid,xgboost,10,1,1012,1,1,0.8220435380935669
aeeem_mylyn,hybrid,xgboost,10,1,1019,0,0,0.007908054627478123
aeeem_mylyn,hybrid,xgboost,10,1,1020,0,0,0.23300300538539886
aeeem_mylyn,hybrid,xgboost,10,1,1022,0,1,0.8912057876586914
aeeem_mylyn,hybrid,xgboost,10,1,1034,0,0,0.003406971227377653
aeeem_mylyn,hybrid,xgboost,10,1,1037,0,0,0.06634843349456787
aeeem_mylyn,hybrid,xgboost,10,1,1038,0,0,0.3959078788757324
aeeem_mylyn,hybrid,xgboost,10,1,1040,0,0,0.015315025113523006
aeeem_mylyn,hybrid,xgboost,10,1,1060,0,0,0.3424302935600281
aeeem_mylyn,hybrid,xgboost,10,1,1068,0,0,0.010155129246413708
aeeem_mylyn,hybrid,xgboost,10,1,1075,0,0,0.09611988067626953
aeeem_mylyn,hybrid,xgboost,10,1,1080,0,0,0.005601315293461084
aeeem_mylyn,hybrid,xgboost,10,1,1087,0,0,0.011766172014176846
aeeem_mylyn,hybrid,xgboost,10,1,1108,0,0,0.24535858631134033
aeeem_mylyn,hybrid,xgboost,10,1,1126,0,0,0.09481098502874374
aeeem_mylyn,hybrid,xgboost,10,1,1152,0,0,0.033283013850450516
aeeem_mylyn,hybrid,xgboost,10,1,1170,0,0,0.033880431205034256
aeeem_mylyn,hybrid,xgboost,10,1,1171,0,0,0.2150745540857315
aeeem_mylyn,hybrid,xgboost,10,1,1178,0,0,0.08230826258659363
aeeem_mylyn,hybrid,xgboost,10,1,1179,0,0,0.08694727718830109
aeeem_mylyn,hybrid,xgboost,10,1,1185,1,1,0.7456955909729004
aeeem_mylyn,hybrid,xgboost,10,1,1196,0,1,0.5603103041648865
aeeem_mylyn,hybrid,xgboost,10,1,1199,0,0,0.04882286861538887
aeeem_mylyn,hybrid,xgboost,10,1,1209,0,1,0.513234555721283
aeeem_mylyn,hybrid,xgboost,10,1,1228,0,0,0.05817861109972
aeeem_mylyn,hybrid,xgboost,10,1,1242,0,0,0.04438415542244911
aeeem_mylyn,hybrid,xgboost,10,1,1252,0,0,0.12261936068534851
aeeem_mylyn,hybrid,xgboost,10,1,1258,0,0,0.35236692428588867
aeeem_mylyn,hybrid,xgboost,10,1,1268,1,1,0.7183210253715515
aeeem_mylyn,hybrid,xgboost,10,1,1278,0,1,0.9561916589736938
aeeem_mylyn,hybrid,xgboost,10,1,1283,1,0,0.4481939673423767
aeeem_mylyn,hybrid,xgboost,10,1,1285,0,1,0.8334344029426575
aeeem_mylyn,hybrid,xgboost,10,1,1287,1,0,0.276681512594223
aeeem_mylyn,hybrid,xgboost,10,1,1293,0,0,0.017657097429037094
aeeem_mylyn,hybrid,xgboost,10,1,1302,0,1,0.5806241631507874
aeeem_mylyn,hybrid,xgboost,10,1,1318,0,0,0.3302806317806244
aeeem_mylyn,hybrid,xgboost,10,1,1330,0,0,0.49734023213386536
aeeem_mylyn,hybrid,xgboost,10,1,1340,0,0,0.048241082578897476
aeeem_mylyn,hybrid,xgboost,10,1,1352,1,1,0.9539957046508789
aeeem_mylyn,hybrid,xgboost,10,1,1362,0,0,0.0276588536798954
aeeem_mylyn,hybrid,xgboost,10,1,1366,1,0,0.44095686078071594
aeeem_mylyn,hybrid,xgboost,10,1,1368,0,0,0.011846504174172878
aeeem_mylyn,hybrid,xgboost,10,1,1380,1,1,0.5009983777999878
aeeem_mylyn,hybrid,xgboost,10,1,1382,0,0,0.12921656668186188
aeeem_mylyn,hybrid,xgboost,10,1,1389,0,0,0.09806658327579498
aeeem_mylyn,hybrid,xgboost,10,1,1404,0,0,0.2027580440044403
aeeem_mylyn,hybrid,xgboost,10,1,1408,0,0,0.054341789335012436
aeeem_mylyn,hybrid,xgboost,10,1,1423,0,0,0.09099140018224716
aeeem_mylyn,hybrid,xgboost,10,1,1425,0,0,0.2175830900669098
aeeem_mylyn,hybrid,xgboost,10,1,1439,0,0,0.03676210343837738
aeeem_mylyn,hybrid,xgboost,10,1,1448,0,0,0.023614192381501198
aeeem_mylyn,hybrid,xgboost,10,1,1449,0,0,0.3737871050834656
aeeem_mylyn,hybrid,xgboost,10,1,1475,0,0,0.380615770816803
aeeem_mylyn,hybrid,xgboost,10,1,1479,0,0,0.010340256616473198
aeeem_mylyn,hybrid,xgboost,10,1,1482,1,0,0.2774835526943207
aeeem_mylyn,hybrid,xgboost,10,1,1494,1,1,0.8269268274307251
aeeem_mylyn,hybrid,xgboost,10,1,1497,0,0,0.37162163853645325
aeeem_mylyn,hybrid,xgboost,10,1,1502,0,0,0.12229888886213303
aeeem_mylyn,hybrid,xgboost,10,1,1521,0,0,0.01626492105424404
aeeem_mylyn,hybrid,xgboost,10,1,1528,0,1,0.6044145226478577
aeeem_mylyn,hybrid,xgboost,10,1,1534,0,0,0.34920835494995117
aeeem_mylyn,hybrid,xgboost,10,1,1538,0,1,0.7928615212440491
aeeem_mylyn,hybrid,xgboost,10,1,1539,0,0,0.04625491425395012
aeeem_mylyn,hybrid,xgboost,10,1,1547,0,0,0.01933533139526844
aeeem_mylyn,hybrid,xgboost,10,1,1566,0,0,0.27803993225097656
aeeem_mylyn,hybrid,xgboost,10,1,1578,0,0,0.05931242182850838
aeeem_mylyn,hybrid,xgboost,10,1,1592,0,0,0.05022016167640686
aeeem_mylyn,hybrid,xgboost,10,1,1601,0,0,0.25355765223503113
aeeem_mylyn,hybrid,xgboost,10,1,1614,0,0,0.023114154115319252
aeeem_mylyn,hybrid,xgboost,10,1,1615,0,0,0.0182998888194561
aeeem_mylyn,hybrid,xgboost,10,1,1630,1,1,0.7196837663650513
aeeem_mylyn,hybrid,xgboost,10,1,1676,1,0,0.38290926814079285
aeeem_mylyn,hybrid,xgboost,10,1,1678,0,0,0.03090497851371765
aeeem_mylyn,hybrid,xgboost,10,1,1704,0,0,0.016198258846998215
aeeem_mylyn,hybrid,xgboost,10,1,1713,0,0,0.011902290396392345
aeeem_mylyn,hybrid,xgboost,10,1,1716,0,0,0.010364609770476818
aeeem_mylyn,hybrid,xgboost,10,1,1733,0,1,0.7017478346824646
aeeem_mylyn,hybrid,xgboost,10,1,1734,0,0,0.05817861109972
aeeem_mylyn,hybrid,xgboost,10,1,1758,0,0,0.415172815322876
aeeem_mylyn,hybrid,xgboost,10,1,1772,0,0,0.45994728803634644
aeeem_mylyn,hybrid,xgboost,10,1,1780,0,0,0.013030268251895905
aeeem_mylyn,hybrid,xgboost,10,1,1784,1,0,0.09222934395074844
aeeem_mylyn,hybrid,xgboost,10,1,1786,1,1,0.7696654796600342
aeeem_mylyn,hybrid,xgboost,10,1,1790,0,0,0.04145975038409233
aeeem_mylyn,hybrid,xgboost,10,1,1798,0,0,0.05957813933491707
aeeem_mylyn,hybrid,xgboost,10,1,1823,0,0,0.016820143908262253
aeeem_mylyn,hybrid,xgboost,10,1,1831,1,1,0.6355182528495789
aeeem_mylyn,hybrid,xgboost,10,1,1842,0,0,0.07539892196655273
aeeem_mylyn,hybrid,xgboost,10,1,1846,0,0,0.04127858206629753
aeeem_mylyn,hybrid,xgboost,10,1,1852,0,0,0.004516982939094305
aeeem_mylyn,hybrid,xgboost,10,2,9,0,0,0.007853555493056774
aeeem_mylyn,hybrid,xgboost,10,2,17,0,0,0.1400601714849472
aeeem_mylyn,hybrid,xgboost,10,2,19,0,0,0.017222661525011063
aeeem_mylyn,hybrid,xgboost,10,2,20,0,0,0.007275051437318325
aeeem_mylyn,hybrid,xgboost,10,2,21,0,1,0.7533543109893799
aeeem_mylyn,hybrid,xgboost,10,2,22,0,1,0.551375150680542
aeeem_mylyn,hybrid,xgboost,10,2,32,0,0,0.022840630263090134
aeeem_mylyn,hybrid,xgboost,10,2,53,0,0,0.013082945719361305
aeeem_mylyn,hybrid,xgboost,10,2,69,0,0,0.009443976916372776
aeeem_mylyn,hybrid,xgboost,10,2,81,0,0,0.06768248975276947
aeeem_mylyn,hybrid,xgboost,10,2,91,0,1,0.5443126559257507
aeeem_mylyn,hybrid,xgboost,10,2,94,0,0,0.13840357959270477
aeeem_mylyn,hybrid,xgboost,10,2,107,0,1,0.8797051310539246
aeeem_mylyn,hybrid,xgboost,10,2,114,1,1,0.5165883898735046
aeeem_mylyn,hybrid,xgboost,10,2,129,1,1,0.557142436504364
aeeem_mylyn,hybrid,xgboost,10,2,134,1,1,0.8797051310539246
aeeem_mylyn,hybrid,xgboost,10,2,144,0,0,0.04552120715379715
aeeem_mylyn,hybrid,xgboost,10,2,153,0,0,0.25598791241645813
aeeem_mylyn,hybrid,xgboost,10,2,154,0,0,0.12893682718276978
aeeem_mylyn,hybrid,xgboost,10,2,162,0,0,0.01787302829325199
aeeem_mylyn,hybrid,xgboost,10,2,167,0,0,0.014421037398278713
aeeem_mylyn,hybrid,xgboost,10,2,170,0,0,0.05179145559668541
aeeem_mylyn,hybrid,xgboost,10,2,187,0,0,0.010905125178396702
aeeem_mylyn,hybrid,xgboost,10,2,201,0,0,0.01805949956178665
aeeem_mylyn,hybrid,xgboost,10,2,219,0,0,0.004593994468450546
aeeem_mylyn,hybrid,xgboost,10,2,223,0,0,0.03178190067410469
aeeem_mylyn,hybrid,xgboost,10,2,225,0,0,0.13728390634059906
aeeem_mylyn,hybrid,xgboost,10,2,235,0,0,0.07822725921869278
aeeem_mylyn,hybrid,xgboost,10,2,245,0,0,0.03005135990679264
aeeem_mylyn,hybrid,xgboost,10,2,247,1,1,0.7913672924041748
aeeem_mylyn,hybrid,xgboost,10,2,252,1,1,0.7524179220199585
aeeem_mylyn,hybrid,xgboost,10,2,262,0,0,0.017199287191033363
aeeem_mylyn,hybrid,xgboost,10,2,266,1,0,0.15049588680267334
aeeem_mylyn,hybrid,xgboost,10,2,279,0,0,0.2640773057937622
aeeem_mylyn,hybrid,xgboost,10,2,283,0,0,0.018413497135043144
aeeem_mylyn,hybrid,xgboost,10,2,296,0,0,0.05504628270864487
aeeem_mylyn,hybrid,xgboost,10,2,335,0,0,0.005411481950432062
aeeem_mylyn,hybrid,xgboost,10,2,341,0,0,0.13319361209869385
aeeem_mylyn,hybrid,xgboost,10,2,343,1,0,0.21467778086662292
aeeem_mylyn,hybrid,xgboost,10,2,345,0,0,0.3526645302772522
aeeem_mylyn,hybrid,xgboost,10,2,351,0,0,0.0037182376254349947
aeeem_mylyn,hybrid,xgboost,10,2,352,0,0,0.014989987015724182
aeeem_mylyn,hybrid,xgboost,10,2,365,0,1,0.9653328061103821
aeeem_mylyn,hybrid,xgboost,10,2,367,0,0,0.2075977921485901
aeeem_mylyn,hybrid,xgboost,10,2,393,0,0,0.02530728280544281
aeeem_mylyn,hybrid,xgboost,10,2,397,0,0,0.007031140848994255
aeeem_mylyn,hybrid,xgboost,10,2,403,0,0,0.010382110252976418
aeeem_mylyn,hybrid,xgboost,10,2,421,0,0,0.031695734709501266
aeeem_mylyn,hybrid,xgboost,10,2,427,0,1,0.66312175989151
aeeem_mylyn,hybrid,xgboost,10,2,429,0,0,0.006567770149558783
aeeem_mylyn,hybrid,xgboost,10,2,448,0,0,0.022235797718167305
aeeem_mylyn,hybrid,xgboost,10,2,469,1,1,0.7384116649627686
aeeem_mylyn,hybrid,xgboost,10,2,474,0,0,0.042438771575689316
aeeem_mylyn,hybrid,xgboost,10,2,476,0,0,0.04184161499142647
aeeem_mylyn,hybrid,xgboost,10,2,491,0,0,0.0038346925284713507
aeeem_mylyn,hybrid,xgboost,10,2,492,0,0,0.050050217658281326
aeeem_mylyn,hybrid,xgboost,10,2,505,0,1,0.8797051310539246
aeeem_mylyn,hybrid,xgboost,10,2,509,0,0,0.3902509808540344
aeeem_mylyn,hybrid,xgboost,10,2,520,0,0,0.20831763744354248
aeeem_mylyn,hybrid,xgboost,10,2,530,0,1,0.5410743355751038
aeeem_mylyn,hybrid,xgboost,10,2,534,0,0,0.011153165251016617
aeeem_mylyn,hybrid,xgboost,10,2,542,0,0,0.06005378067493439
aeeem_mylyn,hybrid,xgboost,10,2,570,0,0,0.038156263530254364
aeeem_mylyn,hybrid,xgboost,10,2,593,0,0,0.006357163656502962
aeeem_mylyn,hybrid,xgboost,10,2,595,1,1,0.7482243180274963
aeeem_mylyn,hybrid,xgboost,10,2,596,0,0,0.13478593528270721
aeeem_mylyn,hybrid,xgboost,10,2,599,1,0,0.28459420800209045
aeeem_mylyn,hybrid,xgboost,10,2,603,0,0,0.05084250867366791
aeeem_mylyn,hybrid,xgboost,10,2,608,0,0,0.008488481864333153
aeeem_mylyn,hybrid,xgboost,10,2,614,0,0,0.0950227901339531
aeeem_mylyn,hybrid,xgboost,10,2,628,0,0,0.0976230725646019
aeeem_mylyn,hybrid,xgboost,10,2,642,0,0,0.10844942182302475
aeeem_mylyn,hybrid,xgboost,10,2,644,0,0,0.0035524547565728426
aeeem_mylyn,hybrid,xgboost,10,2,648,0,0,0.01163929421454668
aeeem_mylyn,hybrid,xgboost,10,2,652,1,0,0.2916147708892822
aeeem_mylyn,hybrid,xgboost,10,2,662,0,0,0.19015832245349884
aeeem_mylyn,hybrid,xgboost,10,2,679,0,0,0.06295195966959
aeeem_mylyn,hybrid,xgboost,10,2,694,0,0,0.09758613258600235
aeeem_mylyn,hybrid,xgboost,10,2,706,1,1,0.8683683276176453
aeeem_mylyn,hybrid,xgboost,10,2,708,0,0,0.06713429093360901
aeeem_mylyn,hybrid,xgboost,10,2,709,0,0,0.35505208373069763
aeeem_mylyn,hybrid,xgboost,10,2,734,0,0,0.3177470564842224
aeeem_mylyn,hybrid,xgboost,10,2,737,0,0,0.23898285627365112
aeeem_mylyn,hybrid,xgboost,10,2,739,0,1,0.6743913292884827
aeeem_mylyn,hybrid,xgboost,10,2,740,0,0,0.13480594754219055
aeeem_mylyn,hybrid,xgboost,10,2,753,0,0,0.2528187036514282
aeeem_mylyn,hybrid,xgboost,10,2,758,0,0,0.2431820034980774
aeeem_mylyn,hybrid,xgboost,10,2,763,0,0,0.09228294342756271
aeeem_mylyn,hybrid,xgboost,10,2,775,0,1,0.6787897944450378
aeeem_mylyn,hybrid,xgboost,10,2,777,0,0,0.007882223464548588
aeeem_mylyn,hybrid,xgboost,10,2,782,0,0,0.007541546132415533
aeeem_mylyn,hybrid,xgboost,10,2,802,0,0,0.08123134821653366
aeeem_mylyn,hybrid,xgboost,10,2,804,0,0,0.0036084430757910013
aeeem_mylyn,hybrid,xgboost,10,2,818,0,0,0.0033175507560372353
aeeem_mylyn,hybrid,xgboost,10,2,831,0,0,0.10968101769685745
aeeem_mylyn,hybrid,xgboost,10,2,842,0,0,0.06827253103256226
aeeem_mylyn,hybrid,xgboost,10,2,854,0,0,0.3009975552558899
aeeem_mylyn,hybrid,xgboost,10,2,856,1,1,0.7945857048034668
aeeem_mylyn,hybrid,xgboost,10,2,861,0,0,0.22070495784282684
aeeem_mylyn,hybrid,xgboost,10,2,867,0,0,0.12112271040678024
aeeem_mylyn,hybrid,xgboost,10,2,877,1,0,0.09936318546533585
aeeem_mylyn,hybrid,xgboost,10,2,885,0,0,0.020095139741897583
aeeem_mylyn,hybrid,xgboost,10,2,895,0,0,0.1203761026263237
aeeem_mylyn,hybrid,xgboost,10,2,914,1,1,0.8358188271522522
aeeem_mylyn,hybrid,xgboost,10,2,926,0,0,0.01155287679284811
aeeem_mylyn,hybrid,xgboost,10,2,927,0,1,0.8367221355438232
aeeem_mylyn,hybrid,xgboost,10,2,934,0,0,0.4652388393878937
aeeem_mylyn,hybrid,xgboost,10,2,943,0,0,0.008545700460672379
aeeem_mylyn,hybrid,xgboost,10,2,957,0,0,0.03235003352165222
aeeem_mylyn,hybrid,xgboost,10,2,968,0,0,0.27919578552246094
aeeem_mylyn,hybrid,xgboost,10,2,969,0,0,0.24233295023441315
aeeem_mylyn,hybrid,xgboost,10,2,970,0,0,0.21728649735450745
aeeem_mylyn,hybrid,xgboost,10,2,993,0,0,0.10409840196371078
aeeem_mylyn,hybrid,xgboost,10,2,1006,0,0,0.07223021984100342
aeeem_mylyn,hybrid,xgboost,10,2,1008,0,0,0.0885809138417244
aeeem_mylyn,hybrid,xgboost,10,2,1009,0,0,0.03283089026808739
aeeem_mylyn,hybrid,xgboost,10,2,1016,0,0,0.08539862185716629
aeeem_mylyn,hybrid,xgboost,10,2,1069,0,0,0.2895806133747101
aeeem_mylyn,hybrid,xgboost,10,2,1073,0,0,0.021914290264248848
aeeem_mylyn,hybrid,xgboost,10,2,1074,0,0,0.007322002202272415
aeeem_mylyn,hybrid,xgboost,10,2,1077,1,1,0.6027861833572388
aeeem_mylyn,hybrid,xgboost,10,2,1083,0,0,0.13900674879550934
aeeem_mylyn,hybrid,xgboost,10,2,1092,0,0,0.04439045116305351
aeeem_mylyn,hybrid,xgboost,10,2,1118,0,0,0.027878545224666595
aeeem_mylyn,hybrid,xgboost,10,2,1145,0,0,0.0674685463309288
aeeem_mylyn,hybrid,xgboost,10,2,1155,0,0,0.42599838972091675
aeeem_mylyn,hybrid,xgboost,10,2,1163,0,0,0.01294511929154396
aeeem_mylyn,hybrid,xgboost,10,2,1165,0,0,0.0040302821435034275
aeeem_mylyn,hybrid,xgboost,10,2,1168,0,0,0.012175526469945908
aeeem_mylyn,hybrid,xgboost,10,2,1195,0,0,0.010504236444830894
aeeem_mylyn,hybrid,xgboost,10,2,1213,0,0,0.033594343811273575
aeeem_mylyn,hybrid,xgboost,10,2,1222,0,0,0.009195970371365547
aeeem_mylyn,hybrid,xgboost,10,2,1241,0,0,0.008851148188114166
aeeem_mylyn,hybrid,xgboost,10,2,1246,0,0,0.004301660694181919
aeeem_mylyn,hybrid,xgboost,10,2,1257,0,0,0.012636015191674232
aeeem_mylyn,hybrid,xgboost,10,2,1265,0,0,0.006592909339815378
aeeem_mylyn,hybrid,xgboost,10,2,1295,0,0,0.07946548610925674
aeeem_mylyn,hybrid,xgboost,10,2,1305,0,0,0.47282683849334717
aeeem_mylyn,hybrid,xgboost,10,2,1324,0,0,0.23615366220474243
aeeem_mylyn,hybrid,xgboost,10,2,1373,0,0,0.01809566654264927
aeeem_mylyn,hybrid,xgboost,10,2,1379,1,1,0.7092087864875793
aeeem_mylyn,hybrid,xgboost,10,2,1392,0,0,0.29031243920326233
aeeem_mylyn,hybrid,xgboost,10,2,1401,0,0,0.009890720248222351
aeeem_mylyn,hybrid,xgboost,10,2,1403,0,0,0.003810897236689925
aeeem_mylyn,hybrid,xgboost,10,2,1411,1,1,0.835995078086853
aeeem_mylyn,hybrid,xgboost,10,2,1422,0,0,0.017211606726050377
aeeem_mylyn,hybrid,xgboost,10,2,1435,0,0,0.25342243909835815
aeeem_mylyn,hybrid,xgboost,10,2,1454,0,0,0.09870175272226334
aeeem_mylyn,hybrid,xgboost,10,2,1461,1,1,0.9717977643013
aeeem_mylyn,hybrid,xgboost,10,2,1462,0,0,0.058669865131378174
aeeem_mylyn,hybrid,xgboost,10,2,1463,0,0,0.15413296222686768
aeeem_mylyn,hybrid,xgboost,10,2,1489,1,0,0.43528831005096436
aeeem_mylyn,hybrid,xgboost,10,2,1492,0,0,0.28666219115257263
aeeem_mylyn,hybrid,xgboost,10,2,1496,0,0,0.05306186154484749
aeeem_mylyn,hybrid,xgboost,10,2,1501,0,0,0.23239170014858246
aeeem_mylyn,hybrid,xgboost,10,2,1515,1,0,0.2923027575016022
aeeem_mylyn,hybrid,xgboost,10,2,1543,0,0,0.06415501236915588
aeeem_mylyn,hybrid,xgboost,10,2,1552,0,0,0.21198642253875732
aeeem_mylyn,hybrid,xgboost,10,2,1563,0,0,0.21389919519424438
aeeem_mylyn,hybrid,xgboost,10,2,1576,1,1,0.7847726345062256
aeeem_mylyn,hybrid,xgboost,10,2,1588,0,0,0.016502222046256065
aeeem_mylyn,hybrid,xgboost,10,2,1595,0,0,0.0697081908583641
aeeem_mylyn,hybrid,xgboost,10,2,1597,0,0,0.24370576441287994
aeeem_mylyn,hybrid,xgboost,10,2,1598,0,0,0.012660943903028965
aeeem_mylyn,hybrid,xgboost,10,2,1603,0,0,0.2482442408800125
aeeem_mylyn,hybrid,xgboost,10,2,1605,0,0,0.4173217713832855
aeeem_mylyn,hybrid,xgboost,10,2,1612,0,1,0.8239309787750244
aeeem_mylyn,hybrid,xgboost,10,2,1635,0,0,0.04871416836977005
aeeem_mylyn,hybrid,xgboost,10,2,1668,1,1,0.7086318135261536
aeeem_mylyn,hybrid,xgboost,10,2,1680,1,1,0.7575596570968628
aeeem_mylyn,hybrid,xgboost,10,2,1688,0,0,0.036590371280908585
aeeem_mylyn,hybrid,xgboost,10,2,1712,0,0,0.3678731918334961
aeeem_mylyn,hybrid,xgboost,10,2,1718,0,0,0.12235337495803833
aeeem_mylyn,hybrid,xgboost,10,2,1720,0,0,0.20343664288520813
aeeem_mylyn,hybrid,xgboost,10,2,1739,0,0,0.030998636037111282
aeeem_mylyn,hybrid,xgboost,10,2,1741,0,1,0.604616105556488
aeeem_mylyn,hybrid,xgboost,10,2,1747,0,0,0.011367826722562313
aeeem_mylyn,hybrid,xgboost,10,2,1754,0,0,0.006335009355098009
aeeem_mylyn,hybrid,xgboost,10,2,1757,0,0,0.3744959235191345
aeeem_mylyn,hybrid,xgboost,10,2,1771,0,0,0.014109347015619278
aeeem_mylyn,hybrid,xgboost,10,2,1789,0,1,0.5746053457260132
aeeem_mylyn,hybrid,xgboost,10,2,1791,0,0,0.08372452855110168
aeeem_mylyn,hybrid,xgboost,10,2,1796,0,0,0.07417816668748856
aeeem_mylyn,hybrid,xgboost,10,2,1812,0,0,0.26669323444366455
aeeem_mylyn,hybrid,xgboost,10,2,1822,0,0,0.12966607511043549
aeeem_mylyn,hybrid,xgboost,10,2,1828,0,0,0.006551090162247419
aeeem_mylyn,hybrid,xgboost,10,2,1835,1,1,0.7064105272293091
aeeem_mylyn,hybrid,xgboost,10,3,1,0,0,0.06320023536682129
aeeem_mylyn,hybrid,xgboost,10,3,16,0,0,0.13131511211395264
aeeem_mylyn,hybrid,xgboost,10,3,23,0,0,0.06664537638425827
aeeem_mylyn,hybrid,xgboost,10,3,25,0,0,0.2792344093322754
aeeem_mylyn,hybrid,xgboost,10,3,27,0,0,0.0463913269340992
aeeem_mylyn,hybrid,xgboost,10,3,41,0,1,0.8631359934806824
aeeem_mylyn,hybrid,xgboost,10,3,42,0,1,0.6130788922309875
aeeem_mylyn,hybrid,xgboost,10,3,45,0,1,0.8061408996582031
aeeem_mylyn,hybrid,xgboost,10,3,57,0,0,0.18366794288158417
aeeem_mylyn,hybrid,xgboost,10,3,60,1,1,0.7979788184165955
aeeem_mylyn,hybrid,xgboost,10,3,84,0,0,0.28950947523117065
aeeem_mylyn,hybrid,xgboost,10,3,88,0,0,0.09615091234445572
aeeem_mylyn,hybrid,xgboost,10,3,93,0,0,0.03617861494421959
aeeem_mylyn,hybrid,xgboost,10,3,99,1,0,0.11127916723489761
aeeem_mylyn,hybrid,xgboost,10,3,111,1,1,0.9228355884552002
aeeem_mylyn,hybrid,xgboost,10,3,119,0,0,0.09515953063964844
aeeem_mylyn,hybrid,xgboost,10,3,120,0,0,0.247061625123024
aeeem_mylyn,hybrid,xgboost,10,3,122,0,0,0.002740384079515934
aeeem_mylyn,hybrid,xgboost,10,3,127,0,0,0.022441791370511055
aeeem_mylyn,hybrid,xgboost,10,3,135,0,0,0.014682372100651264
aeeem_mylyn,hybrid,xgboost,10,3,148,0,0,0.10273624956607819
aeeem_mylyn,hybrid,xgboost,10,3,156,1,0,0.4121774435043335
aeeem_mylyn,hybrid,xgboost,10,3,166,0,1,0.5198262929916382
aeeem_mylyn,hybrid,xgboost,10,3,172,0,0,0.07113830000162125
aeeem_mylyn,hybrid,xgboost,10,3,173,1,0,0.05712972581386566
aeeem_mylyn,hybrid,xgboost,10,3,181,0,1,0.5530199408531189
aeeem_mylyn,hybrid,xgboost,10,3,195,0,0,0.07375900447368622
aeeem_mylyn,hybrid,xgboost,10,3,198,0,0,0.00460397033020854
aeeem_mylyn,hybrid,xgboost,10,3,202,0,0,0.13229167461395264
aeeem_mylyn,hybrid,xgboost,10,3,212,0,0,0.08835010975599289
aeeem_mylyn,hybrid,xgboost,10,3,215,0,0,0.09211134165525436
aeeem_mylyn,hybrid,xgboost,10,3,229,0,0,0.005532003007829189
aeeem_mylyn,hybrid,xgboost,10,3,242,0,0,0.11289991438388824
aeeem_mylyn,hybrid,xgboost,10,3,246,0,0,0.06467045843601227
aeeem_mylyn,hybrid,xgboost,10,3,249,0,0,0.032593999058008194
aeeem_mylyn,hybrid,xgboost,10,3,250,0,1,0.8481502532958984
aeeem_mylyn,hybrid,xgboost,10,3,253,0,1,0.6619604229927063
aeeem_mylyn,hybrid,xgboost,10,3,258,0,0,0.010556056164205074
aeeem_mylyn,hybrid,xgboost,10,3,259,0,0,0.015348967164754868
aeeem_mylyn,hybrid,xgboost,10,3,303,0,0,0.2197294533252716
aeeem_mylyn,hybrid,xgboost,10,3,304,0,0,0.27482759952545166
aeeem_mylyn,hybrid,xgboost,10,3,307,0,0,0.07360126078128815
aeeem_mylyn,hybrid,xgboost,10,3,315,0,0,0.37153109908103943
aeeem_mylyn,hybrid,xgboost,10,3,317,1,1,0.5169532895088196
aeeem_mylyn,hybrid,xgboost,10,3,329,1,1,0.8789836168289185
aeeem_mylyn,hybrid,xgboost,10,3,338,1,1,0.6567181944847107
aeeem_mylyn,hybrid,xgboost,10,3,342,0,0,0.32161903381347656
aeeem_mylyn,hybrid,xgboost,10,3,347,0,0,0.002674102084711194
aeeem_mylyn,hybrid,xgboost,10,3,363,0,0,0.06663183867931366
aeeem_mylyn,hybrid,xgboost,10,3,371,0,0,0.2692437171936035
aeeem_mylyn,hybrid,xgboost,10,3,374,0,0,0.1398848593235016
aeeem_mylyn,hybrid,xgboost,10,3,416,0,0,0.14191679656505585
aeeem_mylyn,hybrid,xgboost,10,3,437,0,0,0.04442926496267319
aeeem_mylyn,hybrid,xgboost,10,3,456,0,0,0.2675234079360962
aeeem_mylyn,hybrid,xgboost,10,3,473,0,0,0.13685423135757446
aeeem_mylyn,hybrid,xgboost,10,3,475,1,0,0.1207626685500145
aeeem_mylyn,hybrid,xgboost,10,3,484,0,0,0.004923636559396982
aeeem_mylyn,hybrid,xgboost,10,3,490,0,0,0.49909019470214844
aeeem_mylyn,hybrid,xgboost,10,3,494,0,0,0.06467045843601227
aeeem_mylyn,hybrid,xgboost,10,3,517,0,0,0.01023587491363287
aeeem_mylyn,hybrid,xgboost,10,3,522,0,1,0.8789836168289185
aeeem_mylyn,hybrid,xgboost,10,3,528,1,1,0.8675805926322937
aeeem_mylyn,hybrid,xgboost,10,3,531,0,0,0.00955295842140913
aeeem_mylyn,hybrid,xgboost,10,3,538,0,0,0.07923313975334167
aeeem_mylyn,hybrid,xgboost,10,3,539,0,0,0.0011598947457969189
aeeem_mylyn,hybrid,xgboost,10,3,546,0,0,0.017417455092072487
aeeem_mylyn,hybrid,xgboost,10,3,550,0,0,0.1453029066324234
aeeem_mylyn,hybrid,xgboost,10,3,556,1,1,0.7072210907936096
aeeem_mylyn,hybrid,xgboost,10,3,558,0,0,0.1378953754901886
aeeem_mylyn,hybrid,xgboost,10,3,577,1,1,0.658664345741272
aeeem_mylyn,hybrid,xgboost,10,3,579,0,0,0.0429232157766819
aeeem_mylyn,hybrid,xgboost,10,3,581,0,0,0.011023391038179398
aeeem_mylyn,hybrid,xgboost,10,3,584,0,0,0.16013768315315247
aeeem_mylyn,hybrid,xgboost,10,3,587,1,1,0.5925025343894958
aeeem_mylyn,hybrid,xgboost,10,3,597,0,0,0.019377337768673897
aeeem_mylyn,hybrid,xgboost,10,3,604,0,0,0.13352400064468384
aeeem_mylyn,hybrid,xgboost,10,3,605,0,1,0.5199213027954102
aeeem_mylyn,hybrid,xgboost,10,3,612,1,1,0.5222718119621277
aeeem_mylyn,hybrid,xgboost,10,3,616,0,0,0.06822673231363297
aeeem_mylyn,hybrid,xgboost,10,3,620,0,0,0.07025152444839478
aeeem_mylyn,hybrid,xgboost,10,3,625,0,0,0.010106535628437996
aeeem_mylyn,hybrid,xgboost,10,3,665,0,0,0.3212437927722931
aeeem_mylyn,hybrid,xgboost,10,3,671,0,0,0.3436823785305023
aeeem_mylyn,hybrid,xgboost,10,3,673,0,0,0.3868677318096161
aeeem_mylyn,hybrid,xgboost,10,3,677,0,0,0.045697979629039764
aeeem_mylyn,hybrid,xgboost,10,3,680,0,1,0.8480641841888428
aeeem_mylyn,hybrid,xgboost,10,3,712,0,0,0.23986904323101044
aeeem_mylyn,hybrid,xgboost,10,3,720,0,0,0.013206642121076584
aeeem_mylyn,hybrid,xgboost,10,3,721,0,0,0.12098751217126846
aeeem_mylyn,hybrid,xgboost,10,3,722,0,0,0.06431252509355545
aeeem_mylyn,hybrid,xgboost,10,3,726,1,1,0.9055691957473755
aeeem_mylyn,hybrid,xgboost,10,3,732,0,0,0.021461300551891327
aeeem_mylyn,hybrid,xgboost,10,3,755,0,0,0.019695982336997986
aeeem_mylyn,hybrid,xgboost,10,3,756,0,1,0.7570143342018127
aeeem_mylyn,hybrid,xgboost,10,3,774,0,0,0.21460649371147156
aeeem_mylyn,hybrid,xgboost,10,3,790,1,1,0.6457240581512451
aeeem_mylyn,hybrid,xgboost,10,3,801,0,1,0.5069159269332886
aeeem_mylyn,hybrid,xgboost,10,3,803,0,0,0.03359892591834068
aeeem_mylyn,hybrid,xgboost,10,3,809,0,0,0.01801757514476776
aeeem_mylyn,hybrid,xgboost,10,3,813,0,0,0.00824454240500927
aeeem_mylyn,hybrid,xgboost,10,3,827,0,0,0.0944957509636879
aeeem_mylyn,hybrid,xgboost,10,3,836,1,1,0.8565446138381958
aeeem_mylyn,hybrid,xgboost,10,3,857,0,0,0.14587941765785217
aeeem_mylyn,hybrid,xgboost,10,3,865,0,0,0.19458810985088348
aeeem_mylyn,hybrid,xgboost,10,3,887,0,0,0.4106748104095459
aeeem_mylyn,hybrid,xgboost,10,3,891,0,1,0.7803319096565247
aeeem_mylyn,hybrid,xgboost,10,3,915,0,0,0.3456082046031952
aeeem_mylyn,hybrid,xgboost,10,3,930,0,0,0.23650845885276794
aeeem_mylyn,hybrid,xgboost,10,3,967,0,0,0.04575229436159134
aeeem_mylyn,hybrid,xgboost,10,3,971,0,0,0.0768815129995346
aeeem_mylyn,hybrid,xgboost,10,3,974,0,0,0.03316554054617882
aeeem_mylyn,hybrid,xgboost,10,3,984,0,0,0.0352330356836319
aeeem_mylyn,hybrid,xgboost,10,3,987,0,1,0.7537840008735657
aeeem_mylyn,hybrid,xgboost,10,3,1004,0,0,0.05157905071973801
aeeem_mylyn,hybrid,xgboost,10,3,1005,1,1,0.9617217183113098
aeeem_mylyn,hybrid,xgboost,10,3,1026,0,0,0.028388723731040955
aeeem_mylyn,hybrid,xgboost,10,3,1027,0,0,0.21549183130264282
aeeem_mylyn,hybrid,xgboost,10,3,1041,0,1,0.5890324711799622
aeeem_mylyn,hybrid,xgboost,10,3,1047,0,0,0.2816981375217438
aeeem_mylyn,hybrid,xgboost,10,3,1056,0,0,0.26285508275032043
aeeem_mylyn,hybrid,xgboost,10,3,1078,0,0,0.002413572045043111
aeeem_mylyn,hybrid,xgboost,10,3,1088,0,0,0.027264954522252083
aeeem_mylyn,hybrid,xgboost,10,3,1095,0,0,0.005858216434717178
aeeem_mylyn,hybrid,xgboost,10,3,1103,0,0,0.032541386783123016
aeeem_mylyn,hybrid,xgboost,10,3,1133,0,0,0.1582469344139099
aeeem_mylyn,hybrid,xgboost,10,3,1137,0,0,0.10609939694404602
aeeem_mylyn,hybrid,xgboost,10,3,1149,0,0,0.06971003860235214
aeeem_mylyn,hybrid,xgboost,10,3,1151,0,0,0.044696200639009476
aeeem_mylyn,hybrid,xgboost,10,3,1159,0,0,0.05888105556368828
aeeem_mylyn,hybrid,xgboost,10,3,1186,0,0,0.3713134825229645
aeeem_mylyn,hybrid,xgboost,10,3,1187,0,0,0.058791544288396835
aeeem_mylyn,hybrid,xgboost,10,3,1192,0,0,0.28375861048698425
aeeem_mylyn,hybrid,xgboost,10,3,1198,1,0,0.023461291566491127
aeeem_mylyn,hybrid,xgboost,10,3,1208,0,0,0.013758447952568531
aeeem_mylyn,hybrid,xgboost,10,3,1240,0,0,0.002979713724926114
aeeem_mylyn,hybrid,xgboost,10,3,1243,1,1,0.6478885412216187
aeeem_mylyn,hybrid,xgboost,10,3,1244,0,0,0.008906315080821514
aeeem_mylyn,hybrid,xgboost,10,3,1245,0,1,0.5375895500183105
aeeem_mylyn,hybrid,xgboost,10,3,1267,0,0,0.08428188413381577
aeeem_mylyn,hybrid,xgboost,10,3,1274,0,0,0.06467045843601227
aeeem_mylyn,hybrid,xgboost,10,3,1279,0,0,0.056206222623586655
aeeem_mylyn,hybrid,xgboost,10,3,1288,1,0,0.40693166851997375
aeeem_mylyn,hybrid,xgboost,10,3,1294,0,1,0.5596962571144104
aeeem_mylyn,hybrid,xgboost,10,3,1306,0,0,0.02444576658308506
aeeem_mylyn,hybrid,xgboost,10,3,1319,0,0,0.4789470434188843
aeeem_mylyn,hybrid,xgboost,10,3,1321,0,1,0.8434478044509888
aeeem_mylyn,hybrid,xgboost,10,3,1322,0,1,0.7115094065666199
aeeem_mylyn,hybrid,xgboost,10,3,1323,0,0,0.0011867615394294262
aeeem_mylyn,hybrid,xgboost,10,3,1372,0,0,0.022363873198628426
aeeem_mylyn,hybrid,xgboost,10,3,1396,0,0,0.18035271763801575
aeeem_mylyn,hybrid,xgboost,10,3,1417,0,1,0.6615115404129028
aeeem_mylyn,hybrid,xgboost,10,3,1420,0,0,0.16233742237091064
aeeem_mylyn,hybrid,xgboost,10,3,1429,0,0,0.167207732796669
aeeem_mylyn,hybrid,xgboost,10,3,1474,0,0,0.2082286924123764
aeeem_mylyn,hybrid,xgboost,10,3,1499,0,0,0.03596821427345276
aeeem_mylyn,hybrid,xgboost,10,3,1506,0,0,0.07307357341051102
aeeem_mylyn,hybrid,xgboost,10,3,1516,1,0,0.06922131776809692
aeeem_mylyn,hybrid,xgboost,10,3,1540,0,0,0.24201618134975433
aeeem_mylyn,hybrid,xgboost,10,3,1551,0,0,0.0026394904125481844
aeeem_mylyn,hybrid,xgboost,10,3,1560,0,0,0.0026340694166719913
aeeem_mylyn,hybrid,xgboost,10,3,1567,0,0,0.2562789022922516
aeeem_mylyn,hybrid,xgboost,10,3,1580,0,0,0.2533852159976959
aeeem_mylyn,hybrid,xgboost,10,3,1585,0,0,0.012369620613753796
aeeem_mylyn,hybrid,xgboost,10,3,1600,0,0,0.019214186817407608
aeeem_mylyn,hybrid,xgboost,10,3,1609,0,0,0.06161487475037575
aeeem_mylyn,hybrid,xgboost,10,3,1624,0,0,0.0110840555280447
aeeem_mylyn,hybrid,xgboost,10,3,1677,0,0,0.024558084085583687
aeeem_mylyn,hybrid,xgboost,10,3,1689,0,0,0.021132217720150948
aeeem_mylyn,hybrid,xgboost,10,3,1692,0,1,0.6414356827735901
aeeem_mylyn,hybrid,xgboost,10,3,1706,0,0,0.10999270528554916
aeeem_mylyn,hybrid,xgboost,10,3,1719,0,0,0.18780387938022614
aeeem_mylyn,hybrid,xgboost,10,3,1721,0,0,0.10936811566352844
aeeem_mylyn,hybrid,xgboost,10,3,1722,0,0,0.08230038732290268
aeeem_mylyn,hybrid,xgboost,10,3,1738,0,0,0.4833803176879883
aeeem_mylyn,hybrid,xgboost,10,3,1745,0,0,0.03301486745476723
aeeem_mylyn,hybrid,xgboost,10,3,1751,0,0,0.007677715737372637
aeeem_mylyn,hybrid,xgboost,10,3,1761,0,0,0.344573974609375
aeeem_mylyn,hybrid,xgboost,10,3,1793,0,0,0.1568567305803299
aeeem_mylyn,hybrid,xgboost,10,3,1799,1,0,0.25835636258125305
aeeem_mylyn,hybrid,xgboost,10,3,1818,0,0,0.009558086283504963
aeeem_mylyn,hybrid,xgboost,10,3,1825,0,0,0.06847450882196426
aeeem_mylyn,hybrid,xgboost,10,3,1832,0,0,0.3655458986759186
aeeem_mylyn,hybrid,xgboost,10,3,1838,0,0,0.36422276496887207
aeeem_mylyn,hybrid,xgboost,10,3,1848,0,0,0.30650031566619873
aeeem_mylyn,hybrid,xgboost,10,3,1851,0,0,0.14929580688476562
aeeem_mylyn,hybrid,xgboost,10,3,1855,1,0,0.39499083161354065
aeeem_mylyn,hybrid,xgboost,10,4,3,0,0,0.22425149381160736
aeeem_mylyn,hybrid,xgboost,10,4,4,0,0,0.006084424443542957
aeeem_mylyn,hybrid,xgboost,10,4,10,0,0,0.018808046355843544
aeeem_mylyn,hybrid,xgboost,10,4,14,0,0,0.014029293321073055
aeeem_mylyn,hybrid,xgboost,10,4,30,1,0,0.3878980875015259
aeeem_mylyn,hybrid,xgboost,10,4,34,0,0,0.03548117354512215
aeeem_mylyn,hybrid,xgboost,10,4,44,0,0,0.0502568818628788
aeeem_mylyn,hybrid,xgboost,10,4,55,0,0,0.2921814024448395
aeeem_mylyn,hybrid,xgboost,10,4,58,0,0,0.18926581740379333
aeeem_mylyn,hybrid,xgboost,10,4,61,0,0,0.3306301236152649
aeeem_mylyn,hybrid,xgboost,10,4,70,0,0,0.019436584785580635
aeeem_mylyn,hybrid,xgboost,10,4,95,0,0,0.04084727540612221
aeeem_mylyn,hybrid,xgboost,10,4,102,0,0,0.035392239689826965
aeeem_mylyn,hybrid,xgboost,10,4,118,0,0,0.05507945641875267
aeeem_mylyn,hybrid,xgboost,10,4,125,0,0,0.4730655252933502
aeeem_mylyn,hybrid,xgboost,10,4,128,0,0,0.03328821063041687
aeeem_mylyn,hybrid,xgboost,10,4,132,0,0,0.4748222231864929
aeeem_mylyn,hybrid,xgboost,10,4,142,0,0,0.13831715285778046
aeeem_mylyn,hybrid,xgboost,10,4,143,0,0,0.04216669499874115
aeeem_mylyn,hybrid,xgboost,10,4,155,0,0,0.2737680971622467
aeeem_mylyn,hybrid,xgboost,10,4,168,0,0,0.17976315319538116
aeeem_mylyn,hybrid,xgboost,10,4,183,0,0,0.06527911126613617
aeeem_mylyn,hybrid,xgboost,10,4,190,0,0,0.3667845129966736
aeeem_mylyn,hybrid,xgboost,10,4,193,0,0,0.084748275578022
aeeem_mylyn,hybrid,xgboost,10,4,199,1,1,0.727405309677124
aeeem_mylyn,hybrid,xgboost,10,4,214,0,0,0.07380601018667221
aeeem_mylyn,hybrid,xgboost,10,4,217,1,1,0.9020601511001587
aeeem_mylyn,hybrid,xgboost,10,4,221,0,0,0.053052373230457306
aeeem_mylyn,hybrid,xgboost,10,4,232,0,0,0.022624585777521133
aeeem_mylyn,hybrid,xgboost,10,4,239,1,1,0.8921369910240173
aeeem_mylyn,hybrid,xgboost,10,4,267,0,0,0.06825470179319382
aeeem_mylyn,hybrid,xgboost,10,4,274,0,0,0.1030348539352417
aeeem_mylyn,hybrid,xgboost,10,4,278,0,0,0.29481881856918335
aeeem_mylyn,hybrid,xgboost,10,4,280,0,1,0.6239921450614929
aeeem_mylyn,hybrid,xgboost,10,4,285,0,0,0.16989968717098236
aeeem_mylyn,hybrid,xgboost,10,4,288,0,0,0.0077759986743330956
aeeem_mylyn,hybrid,xgboost,10,4,305,0,0,0.19856998324394226
aeeem_mylyn,hybrid,xgboost,10,4,306,0,1,0.896719753742218
aeeem_mylyn,hybrid,xgboost,10,4,319,0,0,0.10049194097518921
aeeem_mylyn,hybrid,xgboost,10,4,323,0,0,0.0483870804309845
aeeem_mylyn,hybrid,xgboost,10,4,336,0,0,0.006828484125435352
aeeem_mylyn,hybrid,xgboost,10,4,344,0,0,0.0155835235491395
aeeem_mylyn,hybrid,xgboost,10,4,349,0,1,0.7621710300445557
aeeem_mylyn,hybrid,xgboost,10,4,357,1,1,0.6740850210189819
aeeem_mylyn,hybrid,xgboost,10,4,376,0,0,0.01694362424314022
aeeem_mylyn,hybrid,xgboost,10,4,384,0,1,0.6658312678337097
aeeem_mylyn,hybrid,xgboost,10,4,389,0,0,0.08766445517539978
aeeem_mylyn,hybrid,xgboost,10,4,410,0,0,0.021730056032538414
aeeem_mylyn,hybrid,xgboost,10,4,428,0,0,0.028494855388998985
aeeem_mylyn,hybrid,xgboost,10,4,451,0,0,0.06747448444366455
aeeem_mylyn,hybrid,xgboost,10,4,452,0,1,0.896719753742218
aeeem_mylyn,hybrid,xgboost,10,4,461,0,0,0.0175178125500679
aeeem_mylyn,hybrid,xgboost,10,4,464,0,0,0.020038487389683723
aeeem_mylyn,hybrid,xgboost,10,4,481,0,0,0.01650046557188034
aeeem_mylyn,hybrid,xgboost,10,4,495,1,1,0.7729501724243164
aeeem_mylyn,hybrid,xgboost,10,4,501,0,0,0.11009105294942856
aeeem_mylyn,hybrid,xgboost,10,4,502,0,0,0.2054031640291214
aeeem_mylyn,hybrid,xgboost,10,4,510,0,0,0.013111716136336327
aeeem_mylyn,hybrid,xgboost,10,4,511,0,0,0.19237501919269562
aeeem_mylyn,hybrid,xgboost,10,4,524,0,0,0.45827919244766235
aeeem_mylyn,hybrid,xgboost,10,4,529,0,0,0.08992019295692444
aeeem_mylyn,hybrid,xgboost,10,4,532,0,0,0.024565383791923523
aeeem_mylyn,hybrid,xgboost,10,4,569,0,0,0.008467241190373898
aeeem_mylyn,hybrid,xgboost,10,4,590,0,0,0.06370161473751068
aeeem_mylyn,hybrid,xgboost,10,4,615,0,0,0.10947219282388687
aeeem_mylyn,hybrid,xgboost,10,4,635,1,0,0.051792435348033905
aeeem_mylyn,hybrid,xgboost,10,4,636,0,1,0.5448399782180786
aeeem_mylyn,hybrid,xgboost,10,4,645,0,0,0.005458831787109375
aeeem_mylyn,hybrid,xgboost,10,4,646,0,0,0.017466478049755096
aeeem_mylyn,hybrid,xgboost,10,4,651,0,0,0.21748173236846924
aeeem_mylyn,hybrid,xgboost,10,4,653,1,0,0.06688502430915833
aeeem_mylyn,hybrid,xgboost,10,4,654,0,0,0.019606320187449455
aeeem_mylyn,hybrid,xgboost,10,4,655,0,0,0.007607291452586651
aeeem_mylyn,hybrid,xgboost,10,4,660,0,0,0.00631661806255579
aeeem_mylyn,hybrid,xgboost,10,4,664,0,0,0.18339060246944427
aeeem_mylyn,hybrid,xgboost,10,4,668,0,0,0.035612836480140686
aeeem_mylyn,hybrid,xgboost,10,4,669,1,0,0.06559758633375168
aeeem_mylyn,hybrid,xgboost,10,4,681,0,0,0.08540111780166626
aeeem_mylyn,hybrid,xgboost,10,4,695,0,0,0.013197622261941433
aeeem_mylyn,hybrid,xgboost,10,4,713,0,0,0.012709897942841053
aeeem_mylyn,hybrid,xgboost,10,4,745,0,0,0.03434932604432106
aeeem_mylyn,hybrid,xgboost,10,4,749,0,0,0.007534668780863285
aeeem_mylyn,hybrid,xgboost,10,4,765,0,0,0.11769459396600723
aeeem_mylyn,hybrid,xgboost,10,4,767,0,0,0.18823020160198212
aeeem_mylyn,hybrid,xgboost,10,4,768,0,0,0.013461061753332615
aeeem_mylyn,hybrid,xgboost,10,4,778,0,0,0.007741707377135754
aeeem_mylyn,hybrid,xgboost,10,4,781,0,0,0.03397771716117859
aeeem_mylyn,hybrid,xgboost,10,4,791,1,1,0.8933891654014587
aeeem_mylyn,hybrid,xgboost,10,4,796,0,0,0.10061903297901154
aeeem_mylyn,hybrid,xgboost,10,4,810,0,0,0.3225635290145874
aeeem_mylyn,hybrid,xgboost,10,4,812,0,0,0.02172478474676609
aeeem_mylyn,hybrid,xgboost,10,4,821,1,1,0.8525960445404053
aeeem_mylyn,hybrid,xgboost,10,4,828,0,0,0.0775483176112175
aeeem_mylyn,hybrid,xgboost,10,4,835,0,0,0.011772627010941505
aeeem_mylyn,hybrid,xgboost,10,4,839,1,0,0.21268197894096375
aeeem_mylyn,hybrid,xgboost,10,4,849,0,0,0.0029098186641931534
aeeem_mylyn,hybrid,xgboost,10,4,853,0,0,0.04482215270400047
aeeem_mylyn,hybrid,xgboost,10,4,858,0,0,0.4769764542579651
aeeem_mylyn,hybrid,xgboost,10,4,876,1,0,0.38399994373321533
aeeem_mylyn,hybrid,xgboost,10,4,878,0,0,0.0037319064140319824
aeeem_mylyn,hybrid,xgboost,10,4,883,0,0,0.017883779481053352
aeeem_mylyn,hybrid,xgboost,10,4,888,0,0,0.3952708840370178
aeeem_mylyn,hybrid,xgboost,10,4,906,0,1,0.5089116096496582
aeeem_mylyn,hybrid,xgboost,10,4,911,0,1,0.5333012342453003
aeeem_mylyn,hybrid,xgboost,10,4,913,0,0,0.06146428361535072
aeeem_mylyn,hybrid,xgboost,10,4,928,1,1,0.807988703250885
aeeem_mylyn,hybrid,xgboost,10,4,931,0,1,0.5096822381019592
aeeem_mylyn,hybrid,xgboost,10,4,947,0,0,0.07547220587730408
aeeem_mylyn,hybrid,xgboost,10,4,949,0,0,0.42136090993881226
aeeem_mylyn,hybrid,xgboost,10,4,953,1,1,0.8904404640197754
aeeem_mylyn,hybrid,xgboost,10,4,956,1,1,0.6245770454406738
aeeem_mylyn,hybrid,xgboost,10,4,965,0,1,0.6582859754562378
aeeem_mylyn,hybrid,xgboost,10,4,997,1,0,0.16391463577747345
aeeem_mylyn,hybrid,xgboost,10,4,1050,0,0,0.4408077299594879
aeeem_mylyn,hybrid,xgboost,10,4,1061,0,1,0.5858412384986877
aeeem_mylyn,hybrid,xgboost,10,4,1094,0,0,0.11262337863445282
aeeem_mylyn,hybrid,xgboost,10,4,1098,0,0,0.1986236721277237
aeeem_mylyn,hybrid,xgboost,10,4,1110,0,0,0.0026603559963405132
aeeem_mylyn,hybrid,xgboost,10,4,1117,0,0,0.004204231780022383
aeeem_mylyn,hybrid,xgboost,10,4,1153,0,1,0.6158460378646851
aeeem_mylyn,hybrid,xgboost,10,4,1161,0,0,0.0037673120386898518
aeeem_mylyn,hybrid,xgboost,10,4,1183,0,1,0.6893643736839294
aeeem_mylyn,hybrid,xgboost,10,4,1204,1,1,0.79679274559021
aeeem_mylyn,hybrid,xgboost,10,4,1207,0,0,0.006164430174976587
aeeem_mylyn,hybrid,xgboost,10,4,1215,0,1,0.5057569742202759
aeeem_mylyn,hybrid,xgboost,10,4,1218,0,0,0.36879390478134155
aeeem_mylyn,hybrid,xgboost,10,4,1230,0,0,0.18863841891288757
aeeem_mylyn,hybrid,xgboost,10,4,1251,0,0,0.057701244950294495
aeeem_mylyn,hybrid,xgboost,10,4,1277,0,0,0.012523874640464783
aeeem_mylyn,hybrid,xgboost,10,4,1282,0,1,0.6416010856628418
aeeem_mylyn,hybrid,xgboost,10,4,1292,0,0,0.008830707520246506
aeeem_mylyn,hybrid,xgboost,10,4,1309,0,0,0.013948802836239338
aeeem_mylyn,hybrid,xgboost,10,4,1317,0,0,0.05969025567173958
aeeem_mylyn,hybrid,xgboost,10,4,1346,0,0,0.006848339457064867
aeeem_mylyn,hybrid,xgboost,10,4,1349,0,0,0.17343305051326752
aeeem_mylyn,hybrid,xgboost,10,4,1350,0,0,0.14675019681453705
aeeem_mylyn,hybrid,xgboost,10,4,1355,0,0,0.12642258405685425
aeeem_mylyn,hybrid,xgboost,10,4,1356,0,0,0.03604140132665634
aeeem_mylyn,hybrid,xgboost,10,4,1371,0,0,0.42124566435813904
aeeem_mylyn,hybrid,xgboost,10,4,1387,1,1,0.8790144324302673
aeeem_mylyn,hybrid,xgboost,10,4,1407,0,0,0.0029626626055687666
aeeem_mylyn,hybrid,xgboost,10,4,1409,1,0,0.1778731793165207
aeeem_mylyn,hybrid,xgboost,10,4,1421,0,1,0.5042890310287476
aeeem_mylyn,hybrid,xgboost,10,4,1431,0,0,0.008515247143805027
aeeem_mylyn,hybrid,xgboost,10,4,1438,0,0,0.007763202302157879
aeeem_mylyn,hybrid,xgboost,10,4,1441,1,1,0.7745998501777649
aeeem_mylyn,hybrid,xgboost,10,4,1444,0,0,0.45270514488220215
aeeem_mylyn,hybrid,xgboost,10,4,1446,0,0,0.0020308324601501226
aeeem_mylyn,hybrid,xgboost,10,4,1459,0,0,0.12616156041622162
aeeem_mylyn,hybrid,xgboost,10,4,1464,0,0,0.003237413940951228
aeeem_mylyn,hybrid,xgboost,10,4,1466,1,0,0.4484538435935974
aeeem_mylyn,hybrid,xgboost,10,4,1472,0,0,0.03316735848784447
aeeem_mylyn,hybrid,xgboost,10,4,1483,0,1,0.516758382320404
aeeem_mylyn,hybrid,xgboost,10,4,1511,0,0,0.02959979698061943
aeeem_mylyn,hybrid,xgboost,10,4,1530,0,0,0.010696482844650745
aeeem_mylyn,hybrid,xgboost,10,4,1535,0,0,0.1038307473063469
aeeem_mylyn,hybrid,xgboost,10,4,1559,0,1,0.9022501111030579
aeeem_mylyn,hybrid,xgboost,10,4,1568,0,0,0.06750741600990295
aeeem_mylyn,hybrid,xgboost,10,4,1571,0,0,0.04885363578796387
aeeem_mylyn,hybrid,xgboost,10,4,1573,0,0,0.0556485652923584
aeeem_mylyn,hybrid,xgboost,10,4,1591,0,0,0.13221019506454468
aeeem_mylyn,hybrid,xgboost,10,4,1613,0,0,0.42248865962028503
aeeem_mylyn,hybrid,xgboost,10,4,1641,0,0,0.009030318818986416
aeeem_mylyn,hybrid,xgboost,10,4,1642,0,0,0.021616199985146523
aeeem_mylyn,hybrid,xgboost,10,4,1657,0,0,0.07375187426805496
aeeem_mylyn,hybrid,xgboost,10,4,1659,0,0,0.08255009353160858
aeeem_mylyn,hybrid,xgboost,10,4,1661,0,0,0.0277156513184309
aeeem_mylyn,hybrid,xgboost,10,4,1665,0,0,0.23830720782279968
aeeem_mylyn,hybrid,xgboost,10,4,1669,0,1,0.603478193283081
aeeem_mylyn,hybrid,xgboost,10,4,1681,0,0,0.08956852555274963
aeeem_mylyn,hybrid,xgboost,10,4,1698,0,0,0.2680678367614746
aeeem_mylyn,hybrid,xgboost,10,4,1699,0,0,0.001773031079210341
aeeem_mylyn,hybrid,xgboost,10,4,1707,0,0,0.16763147711753845
aeeem_mylyn,hybrid,xgboost,10,4,1723,0,0,0.12844492495059967
aeeem_mylyn,hybrid,xgboost,10,4,1728,0,1,0.8859712481498718
aeeem_mylyn,hybrid,xgboost,10,4,1731,0,0,0.09463153034448624
aeeem_mylyn,hybrid,xgboost,10,4,1737,0,0,0.326154500246048
aeeem_mylyn,hybrid,xgboost,10,4,1765,0,0,0.21527715027332306
aeeem_mylyn,hybrid,xgboost,10,4,1774,0,0,0.009382045827805996
aeeem_mylyn,hybrid,xgboost,10,4,1783,0,0,0.2643751800060272
aeeem_mylyn,hybrid,xgboost,10,4,1792,0,1,0.6729255318641663
aeeem_mylyn,hybrid,xgboost,10,4,1800,0,0,0.014542527496814728
aeeem_mylyn,hybrid,xgboost,10,4,1807,0,0,0.41365107893943787
aeeem_mylyn,hybrid,xgboost,10,4,1808,1,1,0.7843125462532043
aeeem_mylyn,hybrid,xgboost,10,4,1816,0,1,0.6481384038925171
aeeem_mylyn,hybrid,xgboost,10,4,1850,1,1,0.8633772730827332
aeeem_mylyn,hybrid,xgboost,10,5,15,0,0,0.28206613659858704
aeeem_mylyn,hybrid,xgboost,10,5,33,0,0,0.3279842734336853
aeeem_mylyn,hybrid,xgboost,10,5,68,1,1,0.7527968883514404
aeeem_mylyn,hybrid,xgboost,10,5,79,0,0,0.2387092262506485
aeeem_mylyn,hybrid,xgboost,10,5,98,0,0,0.02864079922437668
aeeem_mylyn,hybrid,xgboost,10,5,105,0,0,0.004477663431316614
aeeem_mylyn,hybrid,xgboost,10,5,130,0,0,0.1165379136800766
aeeem_mylyn,hybrid,xgboost,10,5,133,1,1,0.6421781182289124
aeeem_mylyn,hybrid,xgboost,10,5,136,0,1,0.9482739567756653
aeeem_mylyn,hybrid,xgboost,10,5,137,0,0,0.014119214378297329
aeeem_mylyn,hybrid,xgboost,10,5,138,0,0,0.0559135377407074
aeeem_mylyn,hybrid,xgboost,10,5,139,0,0,0.2679096460342407
aeeem_mylyn,hybrid,xgboost,10,5,157,0,0,0.2466905564069748
aeeem_mylyn,hybrid,xgboost,10,5,177,0,0,0.09338944405317307
aeeem_mylyn,hybrid,xgboost,10,5,185,0,0,0.03019494190812111
aeeem_mylyn,hybrid,xgboost,10,5,203,0,0,0.46012431383132935
aeeem_mylyn,hybrid,xgboost,10,5,207,0,1,0.5067501664161682
aeeem_mylyn,hybrid,xgboost,10,5,208,1,0,0.2314288169145584
aeeem_mylyn,hybrid,xgboost,10,5,213,0,0,0.3973158001899719
aeeem_mylyn,hybrid,xgboost,10,5,234,0,0,0.3243972659111023
aeeem_mylyn,hybrid,xgboost,10,5,237,0,1,0.8371179103851318
aeeem_mylyn,hybrid,xgboost,10,5,248,0,0,0.06184099242091179
aeeem_mylyn,hybrid,xgboost,10,5,255,0,1,0.5208733677864075
aeeem_mylyn,hybrid,xgboost,10,5,264,0,0,0.0295390821993351
aeeem_mylyn,hybrid,xgboost,10,5,268,0,0,0.008146853186190128
aeeem_mylyn,hybrid,xgboost,10,5,291,1,0,0.19449369609355927
aeeem_mylyn,hybrid,xgboost,10,5,312,0,1,0.7223174571990967
aeeem_mylyn,hybrid,xgboost,10,5,314,0,0,0.2596272826194763
aeeem_mylyn,hybrid,xgboost,10,5,321,0,0,0.03820759803056717
aeeem_mylyn,hybrid,xgboost,10,5,377,0,0,0.052564095705747604
aeeem_mylyn,hybrid,xgboost,10,5,396,0,1,0.5695465803146362
aeeem_mylyn,hybrid,xgboost,10,5,398,0,0,0.059713978320360184
aeeem_mylyn,hybrid,xgboost,10,5,449,0,0,0.08128991723060608
aeeem_mylyn,hybrid,xgboost,10,5,453,0,0,0.10119714587926865
aeeem_mylyn,hybrid,xgboost,10,5,459,1,1,0.7090082764625549
aeeem_mylyn,hybrid,xgboost,10,5,485,0,0,0.0018731154268607497
aeeem_mylyn,hybrid,xgboost,10,5,498,1,1,0.5448122024536133
aeeem_mylyn,hybrid,xgboost,10,5,507,0,0,0.050310853868722916
aeeem_mylyn,hybrid,xgboost,10,5,508,0,0,0.34012657403945923
aeeem_mylyn,hybrid,xgboost,10,5,512,0,0,0.01040188129991293
aeeem_mylyn,hybrid,xgboost,10,5,535,0,0,0.3683069050312042
aeeem_mylyn,hybrid,xgboost,10,5,537,0,0,0.32793548703193665
aeeem_mylyn,hybrid,xgboost,10,5,540,0,0,0.04862888902425766
aeeem_mylyn,hybrid,xgboost,10,5,543,1,0,0.3074234426021576
aeeem_mylyn,hybrid,xgboost,10,5,545,1,0,0.20555563271045685
aeeem_mylyn,hybrid,xgboost,10,5,557,1,1,0.7179137468338013
aeeem_mylyn,hybrid,xgboost,10,5,572,0,0,0.24864794313907623
aeeem_mylyn,hybrid,xgboost,10,5,574,0,0,0.39965522289276123
aeeem_mylyn,hybrid,xgboost,10,5,580,0,0,0.07502379268407822
aeeem_mylyn,hybrid,xgboost,10,5,591,0,0,0.0044947280548512936
aeeem_mylyn,hybrid,xgboost,10,5,592,0,0,0.0372973307967186
aeeem_mylyn,hybrid,xgboost,10,5,601,0,0,0.2771133482456207
aeeem_mylyn,hybrid,xgboost,10,5,602,1,0,0.22274138033390045
aeeem_mylyn,hybrid,xgboost,10,5,606,0,0,0.07539469748735428
aeeem_mylyn,hybrid,xgboost,10,5,607,1,1,0.5735452771186829
aeeem_mylyn,hybrid,xgboost,10,5,609,0,0,0.002792918123304844
aeeem_mylyn,hybrid,xgboost,10,5,610,0,0,0.3279842734336853
aeeem_mylyn,hybrid,xgboost,10,5,618,0,0,0.49307093024253845
aeeem_mylyn,hybrid,xgboost,10,5,632,0,0,0.01616162620484829
aeeem_mylyn,hybrid,xgboost,10,5,634,0,0,0.0037982696667313576
aeeem_mylyn,hybrid,xgboost,10,5,657,0,0,0.011949218809604645
aeeem_mylyn,hybrid,xgboost,10,5,672,0,0,0.006293423008173704
aeeem_mylyn,hybrid,xgboost,10,5,678,0,0,0.013235645368695259
aeeem_mylyn,hybrid,xgboost,10,5,685,0,0,0.023761671036481857
aeeem_mylyn,hybrid,xgboost,10,5,697,1,1,0.5180525779724121
aeeem_mylyn,hybrid,xgboost,10,5,702,0,0,0.16150937974452972
aeeem_mylyn,hybrid,xgboost,10,5,704,0,1,0.8121669888496399
aeeem_mylyn,hybrid,xgboost,10,5,711,0,0,0.06585373729467392
aeeem_mylyn,hybrid,xgboost,10,5,714,0,0,0.0049066790379583836
aeeem_mylyn,hybrid,xgboost,10,5,728,0,0,0.013910663314163685
aeeem_mylyn,hybrid,xgboost,10,5,733,0,0,0.0669994205236435
aeeem_mylyn,hybrid,xgboost,10,5,746,0,0,0.03368047624826431
aeeem_mylyn,hybrid,xgboost,10,5,798,0,0,0.06670138239860535
aeeem_mylyn,hybrid,xgboost,10,5,814,0,0,0.08925613760948181
aeeem_mylyn,hybrid,xgboost,10,5,817,0,0,0.14316025376319885
aeeem_mylyn,hybrid,xgboost,10,5,825,0,1,0.7568201422691345
aeeem_mylyn,hybrid,xgboost,10,5,830,1,0,0.48799994587898254
aeeem_mylyn,hybrid,xgboost,10,5,838,0,0,0.0969604104757309
aeeem_mylyn,hybrid,xgboost,10,5,847,0,0,0.014045522548258305
aeeem_mylyn,hybrid,xgboost,10,5,863,0,0,0.009050045162439346
aeeem_mylyn,hybrid,xgboost,10,5,864,0,0,0.09538418799638748
aeeem_mylyn,hybrid,xgboost,10,5,868,1,1,0.8400708436965942
aeeem_mylyn,hybrid,xgboost,10,5,869,0,0,0.05567129701375961
aeeem_mylyn,hybrid,xgboost,10,5,875,0,0,0.01112552173435688
aeeem_mylyn,hybrid,xgboost,10,5,880,0,0,0.293809711933136
aeeem_mylyn,hybrid,xgboost,10,5,881,0,0,0.3203541338443756
aeeem_mylyn,hybrid,xgboost,10,5,917,0,0,0.016781311482191086
aeeem_mylyn,hybrid,xgboost,10,5,924,0,0,0.01671866700053215
aeeem_mylyn,hybrid,xgboost,10,5,929,0,0,0.10862398147583008
aeeem_mylyn,hybrid,xgboost,10,5,941,0,0,0.003747672075405717
aeeem_mylyn,hybrid,xgboost,10,5,951,1,0,0.49074071645736694
aeeem_mylyn,hybrid,xgboost,10,5,959,0,0,0.1012619212269783
aeeem_mylyn,hybrid,xgboost,10,5,980,0,0,0.16891667246818542
aeeem_mylyn,hybrid,xgboost,10,5,1001,1,0,0.29553961753845215
aeeem_mylyn,hybrid,xgboost,10,5,1002,0,0,0.2794843018054962
aeeem_mylyn,hybrid,xgboost,10,5,1003,0,0,0.044738005846738815
aeeem_mylyn,hybrid,xgboost,10,5,1015,0,0,0.04348619282245636
aeeem_mylyn,hybrid,xgboost,10,5,1023,0,1,0.6146392226219177
aeeem_mylyn,hybrid,xgboost,10,5,1028,0,0,0.13024955987930298
aeeem_mylyn,hybrid,xgboost,10,5,1030,0,0,0.04775743559002876
aeeem_mylyn,hybrid,xgboost,10,5,1043,0,0,0.05260244756937027
aeeem_mylyn,hybrid,xgboost,10,5,1048,0,0,0.004308804403990507
aeeem_mylyn,hybrid,xgboost,10,5,1063,0,0,0.016100872308015823
aeeem_mylyn,hybrid,xgboost,10,5,1071,0,1,0.8369524478912354
aeeem_mylyn,hybrid,xgboost,10,5,1091,0,0,0.009951023384928703
aeeem_mylyn,hybrid,xgboost,10,5,1104,0,0,0.040331512689590454
aeeem_mylyn,hybrid,xgboost,10,5,1113,0,0,0.010491002351045609
aeeem_mylyn,hybrid,xgboost,10,5,1116,0,0,0.060947123914957047
aeeem_mylyn,hybrid,xgboost,10,5,1120,0,0,0.025143783539533615
aeeem_mylyn,hybrid,xgboost,10,5,1127,1,1,0.5545141696929932
aeeem_mylyn,hybrid,xgboost,10,5,1130,0,0,0.006511783227324486
aeeem_mylyn,hybrid,xgboost,10,5,1135,0,0,0.06125035881996155
aeeem_mylyn,hybrid,xgboost,10,5,1136,0,0,0.12449163943529129
aeeem_mylyn,hybrid,xgboost,10,5,1176,0,0,0.16693532466888428
aeeem_mylyn,hybrid,xgboost,10,5,1194,0,1,0.6416006684303284
aeeem_mylyn,hybrid,xgboost,10,5,1197,0,1,0.7227693796157837
aeeem_mylyn,hybrid,xgboost,10,5,1220,0,0,0.028799667954444885
aeeem_mylyn,hybrid,xgboost,10,5,1221,0,0,0.198334738612175
aeeem_mylyn,hybrid,xgboost,10,5,1223,0,0,0.017896195873618126
aeeem_mylyn,hybrid,xgboost,10,5,1238,0,0,0.0980369821190834
aeeem_mylyn,hybrid,xgboost,10,5,1239,0,0,0.2840108573436737
aeeem_mylyn,hybrid,xgboost,10,5,1259,0,0,0.051970601081848145
aeeem_mylyn,hybrid,xgboost,10,5,1264,0,1,0.7033900022506714
aeeem_mylyn,hybrid,xgboost,10,5,1270,0,0,0.1109108105301857
aeeem_mylyn,hybrid,xgboost,10,5,1271,0,0,0.02758180908858776
aeeem_mylyn,hybrid,xgboost,10,5,1273,0,1,0.5035603046417236
aeeem_mylyn,hybrid,xgboost,10,5,1291,0,0,0.05958910286426544
aeeem_mylyn,hybrid,xgboost,10,5,1297,0,0,0.015259379521012306
aeeem_mylyn,hybrid,xgboost,10,5,1300,0,1,0.7046518921852112
aeeem_mylyn,hybrid,xgboost,10,5,1311,0,0,0.08394746482372284
aeeem_mylyn,hybrid,xgboost,10,5,1314,0,0,0.49574100971221924
aeeem_mylyn,hybrid,xgboost,10,5,1337,0,0,0.31173110008239746
aeeem_mylyn,hybrid,xgboost,10,5,1345,0,0,0.04922189190983772
aeeem_mylyn,hybrid,xgboost,10,5,1347,0,0,0.022878441959619522
aeeem_mylyn,hybrid,xgboost,10,5,1354,0,0,0.22530481219291687
aeeem_mylyn,hybrid,xgboost,10,5,1360,0,1,0.8019651174545288
aeeem_mylyn,hybrid,xgboost,10,5,1363,0,0,0.023458080366253853
aeeem_mylyn,hybrid,xgboost,10,5,1369,0,0,0.07839369773864746
aeeem_mylyn,hybrid,xgboost,10,5,1374,0,0,0.16080628335475922
aeeem_mylyn,hybrid,xgboost,10,5,1378,1,0,0.38137662410736084
aeeem_mylyn,hybrid,xgboost,10,5,1386,0,0,0.2658282220363617
aeeem_mylyn,hybrid,xgboost,10,5,1413,0,0,0.2824632525444031
aeeem_mylyn,hybrid,xgboost,10,5,1419,0,0,0.21366561949253082
aeeem_mylyn,hybrid,xgboost,10,5,1424,0,0,0.020543230697512627
aeeem_mylyn,hybrid,xgboost,10,5,1432,0,0,0.11921388655900955
aeeem_mylyn,hybrid,xgboost,10,5,1437,0,0,0.045386459678411484
aeeem_mylyn,hybrid,xgboost,10,5,1445,0,0,0.14120972156524658
aeeem_mylyn,hybrid,xgboost,10,5,1465,1,0,0.1381240338087082
aeeem_mylyn,hybrid,xgboost,10,5,1477,1,1,0.8507835268974304
aeeem_mylyn,hybrid,xgboost,10,5,1484,0,0,0.004613890778273344
aeeem_mylyn,hybrid,xgboost,10,5,1493,1,1,0.8646906018257141
aeeem_mylyn,hybrid,xgboost,10,5,1495,0,0,0.3668413460254669
aeeem_mylyn,hybrid,xgboost,10,5,1503,0,0,0.047583818435668945
aeeem_mylyn,hybrid,xgboost,10,5,1509,0,1,0.8026794791221619
aeeem_mylyn,hybrid,xgboost,10,5,1520,0,0,0.15539014339447021
aeeem_mylyn,hybrid,xgboost,10,5,1565,1,1,0.7898594737052917
aeeem_mylyn,hybrid,xgboost,10,5,1583,0,0,0.19263271987438202
aeeem_mylyn,hybrid,xgboost,10,5,1593,0,0,0.006080999970436096
aeeem_mylyn,hybrid,xgboost,10,5,1616,0,0,0.07910782098770142
aeeem_mylyn,hybrid,xgboost,10,5,1628,0,0,0.19431699812412262
aeeem_mylyn,hybrid,xgboost,10,5,1636,0,0,0.04318570718169212
aeeem_mylyn,hybrid,xgboost,10,5,1637,0,1,0.5284531116485596
aeeem_mylyn,hybrid,xgboost,10,5,1656,0,0,0.25978806614875793
aeeem_mylyn,hybrid,xgboost,10,5,1660,0,0,0.2190491408109665
aeeem_mylyn,hybrid,xgboost,10,5,1672,0,0,0.08942407369613647
aeeem_mylyn,hybrid,xgboost,10,5,1684,0,0,0.08544222265481949
aeeem_mylyn,hybrid,xgboost,10,5,1690,0,0,0.19178541004657745
aeeem_mylyn,hybrid,xgboost,10,5,1693,0,0,0.08324576914310455
aeeem_mylyn,hybrid,xgboost,10,5,1697,1,1,0.8396395444869995
aeeem_mylyn,hybrid,xgboost,10,5,1702,0,1,0.6123377084732056
aeeem_mylyn,hybrid,xgboost,10,5,1703,0,0,0.23445351421833038
aeeem_mylyn,hybrid,xgboost,10,5,1705,0,0,0.02295263297855854
aeeem_mylyn,hybrid,xgboost,10,5,1711,0,0,0.378486692905426
aeeem_mylyn,hybrid,xgboost,10,5,1732,1,0,0.2003021240234375
aeeem_mylyn,hybrid,xgboost,10,5,1740,0,1,0.7018064260482788
aeeem_mylyn,hybrid,xgboost,10,5,1742,0,0,0.23872493207454681
aeeem_mylyn,hybrid,xgboost,10,5,1746,0,0,0.007039512041956186
aeeem_mylyn,hybrid,xgboost,10,5,1760,0,0,0.41102227568626404
aeeem_mylyn,hybrid,xgboost,10,5,1762,0,0,0.15318278968334198
aeeem_mylyn,hybrid,xgboost,10,5,1773,0,0,0.08077389746904373
aeeem_mylyn,hybrid,xgboost,10,5,1787,0,0,0.1625179797410965
aeeem_mylyn,hybrid,xgboost,10,5,1810,0,0,0.016215205192565918
aeeem_mylyn,hybrid,xgboost,10,5,1814,0,0,0.013420486822724342
aeeem_mylyn,hybrid,xgboost,10,5,1821,0,0,0.20240186154842377
aeeem_mylyn,hybrid,xgboost,10,5,1833,0,0,0.0071838065050542355
aeeem_mylyn,hybrid,xgboost,10,5,1839,0,0,0.057469021528959274
aeeem_mylyn,hybrid,xgboost,10,6,7,0,0,0.01064237393438816
aeeem_mylyn,hybrid,xgboost,10,6,11,0,0,0.23888134956359863
aeeem_mylyn,hybrid,xgboost,10,6,12,0,0,0.0025803297758102417
aeeem_mylyn,hybrid,xgboost,10,6,18,0,0,0.4913029074668884
aeeem_mylyn,hybrid,xgboost,10,6,31,0,0,0.016778267920017242
aeeem_mylyn,hybrid,xgboost,10,6,46,1,1,0.5101186037063599
aeeem_mylyn,hybrid,xgboost,10,6,89,0,0,0.15022151172161102
aeeem_mylyn,hybrid,xgboost,10,6,96,0,0,0.03593602031469345
aeeem_mylyn,hybrid,xgboost,10,6,101,0,0,0.11774671077728271
aeeem_mylyn,hybrid,xgboost,10,6,103,0,0,0.2660094201564789
aeeem_mylyn,hybrid,xgboost,10,6,104,0,0,0.06726931035518646
aeeem_mylyn,hybrid,xgboost,10,6,115,1,0,0.2407459020614624
aeeem_mylyn,hybrid,xgboost,10,6,121,0,0,0.23426441848278046
aeeem_mylyn,hybrid,xgboost,10,6,165,0,1,0.544744610786438
aeeem_mylyn,hybrid,xgboost,10,6,169,1,1,0.5737647414207458
aeeem_mylyn,hybrid,xgboost,10,6,191,0,0,0.028084730729460716
aeeem_mylyn,hybrid,xgboost,10,6,205,1,1,0.5971971154212952
aeeem_mylyn,hybrid,xgboost,10,6,216,0,0,0.02563554234802723
aeeem_mylyn,hybrid,xgboost,10,6,220,0,0,0.05990789458155632
aeeem_mylyn,hybrid,xgboost,10,6,227,0,1,0.7929572463035583
aeeem_mylyn,hybrid,xgboost,10,6,236,0,0,0.013799328356981277
aeeem_mylyn,hybrid,xgboost,10,6,238,0,0,0.329600065946579
aeeem_mylyn,hybrid,xgboost,10,6,244,0,0,0.07568076252937317
aeeem_mylyn,hybrid,xgboost,10,6,265,0,0,0.11797226965427399
aeeem_mylyn,hybrid,xgboost,10,6,270,0,0,0.0063626994378864765
aeeem_mylyn,hybrid,xgboost,10,6,289,1,0,0.19841806590557098
aeeem_mylyn,hybrid,xgboost,10,6,290,0,0,0.007687836419790983
aeeem_mylyn,hybrid,xgboost,10,6,309,0,0,0.13347966969013214
aeeem_mylyn,hybrid,xgboost,10,6,310,0,0,0.2947710454463959
aeeem_mylyn,hybrid,xgboost,10,6,313,0,0,0.2850950360298157
aeeem_mylyn,hybrid,xgboost,10,6,340,0,0,0.06118421256542206
aeeem_mylyn,hybrid,xgboost,10,6,359,0,0,0.20560668408870697
aeeem_mylyn,hybrid,xgboost,10,6,366,0,0,0.08629462122917175
aeeem_mylyn,hybrid,xgboost,10,6,390,0,0,0.005837773904204369
aeeem_mylyn,hybrid,xgboost,10,6,395,0,0,0.011961622163653374
aeeem_mylyn,hybrid,xgboost,10,6,408,0,0,0.04362538084387779
aeeem_mylyn,hybrid,xgboost,10,6,411,0,0,0.22646695375442505
aeeem_mylyn,hybrid,xgboost,10,6,417,0,0,0.4066208004951477
aeeem_mylyn,hybrid,xgboost,10,6,420,0,0,0.21929419040679932
aeeem_mylyn,hybrid,xgboost,10,6,425,0,0,0.10074038803577423
aeeem_mylyn,hybrid,xgboost,10,6,440,0,0,0.14573384821414948
aeeem_mylyn,hybrid,xgboost,10,6,447,0,0,0.12880583107471466
aeeem_mylyn,hybrid,xgboost,10,6,455,1,1,0.5338696837425232
aeeem_mylyn,hybrid,xgboost,10,6,462,0,0,0.13456007838249207
aeeem_mylyn,hybrid,xgboost,10,6,479,0,0,0.009201363660395145
aeeem_mylyn,hybrid,xgboost,10,6,500,0,1,0.6031153798103333
aeeem_mylyn,hybrid,xgboost,10,6,503,0,0,0.1266663819551468
aeeem_mylyn,hybrid,xgboost,10,6,504,0,0,0.1446145921945572
aeeem_mylyn,hybrid,xgboost,10,6,552,1,1,0.7778078317642212
aeeem_mylyn,hybrid,xgboost,10,6,561,1,0,0.050355151295661926
aeeem_mylyn,hybrid,xgboost,10,6,562,0,0,0.009683770127594471
aeeem_mylyn,hybrid,xgboost,10,6,566,0,0,0.017108803614974022
aeeem_mylyn,hybrid,xgboost,10,6,575,0,0,0.009696097113192081
aeeem_mylyn,hybrid,xgboost,10,6,578,0,0,0.04984762892127037
aeeem_mylyn,hybrid,xgboost,10,6,588,0,1,0.5293592810630798
aeeem_mylyn,hybrid,xgboost,10,6,621,0,0,0.21070674061775208
aeeem_mylyn,hybrid,xgboost,10,6,638,0,0,0.011086192913353443
aeeem_mylyn,hybrid,xgboost,10,6,639,0,0,0.1375008225440979
aeeem_mylyn,hybrid,xgboost,10,6,649,0,0,0.010730565525591373
aeeem_mylyn,hybrid,xgboost,10,6,691,0,0,0.003455069847404957
aeeem_mylyn,hybrid,xgboost,10,6,719,0,0,0.1767425537109375
aeeem_mylyn,hybrid,xgboost,10,6,727,0,0,0.0018643910298123956
aeeem_mylyn,hybrid,xgboost,10,6,743,0,0,0.06392531841993332
aeeem_mylyn,hybrid,xgboost,10,6,757,0,0,0.036885641515254974
aeeem_mylyn,hybrid,xgboost,10,6,760,0,0,0.009455684572458267
aeeem_mylyn,hybrid,xgboost,10,6,773,0,0,0.17864729464054108
aeeem_mylyn,hybrid,xgboost,10,6,785,1,0,0.46968257427215576
aeeem_mylyn,hybrid,xgboost,10,6,788,0,0,0.017424041405320168
aeeem_mylyn,hybrid,xgboost,10,6,789,0,0,0.04745261371135712
aeeem_mylyn,hybrid,xgboost,10,6,794,0,0,0.12467832118272781
aeeem_mylyn,hybrid,xgboost,10,6,799,0,0,0.02202870324254036
aeeem_mylyn,hybrid,xgboost,10,6,805,0,0,0.3061830997467041
aeeem_mylyn,hybrid,xgboost,10,6,806,0,0,0.08438394963741302
aeeem_mylyn,hybrid,xgboost,10,6,819,1,1,0.7965293526649475
aeeem_mylyn,hybrid,xgboost,10,6,823,1,1,0.6122671365737915
aeeem_mylyn,hybrid,xgboost,10,6,832,1,0,0.3692179322242737
aeeem_mylyn,hybrid,xgboost,10,6,834,0,0,0.1390179544687271
aeeem_mylyn,hybrid,xgboost,10,6,837,0,0,0.005144714377820492
aeeem_mylyn,hybrid,xgboost,10,6,855,0,0,0.009753893129527569
aeeem_mylyn,hybrid,xgboost,10,6,879,0,0,0.049473825842142105
aeeem_mylyn,hybrid,xgboost,10,6,893,0,0,0.38818326592445374
aeeem_mylyn,hybrid,xgboost,10,6,899,0,0,0.0892128124833107
aeeem_mylyn,hybrid,xgboost,10,6,908,0,0,0.1713947206735611
aeeem_mylyn,hybrid,xgboost,10,6,910,0,0,0.028458109125494957
aeeem_mylyn,hybrid,xgboost,10,6,916,0,0,0.09901443123817444
aeeem_mylyn,hybrid,xgboost,10,6,919,0,0,0.037766311317682266
aeeem_mylyn,hybrid,xgboost,10,6,932,0,0,0.007582230493426323
aeeem_mylyn,hybrid,xgboost,10,6,944,0,0,0.015669891610741615
aeeem_mylyn,hybrid,xgboost,10,6,954,0,0,0.13374292850494385
aeeem_mylyn,hybrid,xgboost,10,6,955,1,1,0.5863521099090576
aeeem_mylyn,hybrid,xgboost,10,6,966,0,0,0.07019227743148804
aeeem_mylyn,hybrid,xgboost,10,6,975,0,0,0.15343837440013885
aeeem_mylyn,hybrid,xgboost,10,6,977,0,0,0.005206638015806675
aeeem_mylyn,hybrid,xgboost,10,6,983,1,0,0.2542099356651306
aeeem_mylyn,hybrid,xgboost,10,6,1000,0,0,0.10645701736211777
aeeem_mylyn,hybrid,xgboost,10,6,1010,0,0,0.4856964945793152
aeeem_mylyn,hybrid,xgboost,10,6,1039,0,0,0.3246057629585266
aeeem_mylyn,hybrid,xgboost,10,6,1049,0,0,0.18227867782115936
aeeem_mylyn,hybrid,xgboost,10,6,1051,0,1,0.5458654761314392
aeeem_mylyn,hybrid,xgboost,10,6,1052,0,0,0.005448574665933847
aeeem_mylyn,hybrid,xgboost,10,6,1065,0,0,0.03762320429086685
aeeem_mylyn,hybrid,xgboost,10,6,1070,0,0,0.017017951235175133
aeeem_mylyn,hybrid,xgboost,10,6,1093,0,0,0.33413681387901306
aeeem_mylyn,hybrid,xgboost,10,6,1099,0,0,0.018599167466163635
aeeem_mylyn,hybrid,xgboost,10,6,1100,0,0,0.2614176273345947
aeeem_mylyn,hybrid,xgboost,10,6,1109,0,1,0.5042622685432434
aeeem_mylyn,hybrid,xgboost,10,6,1111,0,0,0.002558548003435135
aeeem_mylyn,hybrid,xgboost,10,6,1115,0,0,0.011279105208814144
aeeem_mylyn,hybrid,xgboost,10,6,1134,0,0,0.017783230170607567
aeeem_mylyn,hybrid,xgboost,10,6,1140,0,0,0.008777785114943981
aeeem_mylyn,hybrid,xgboost,10,6,1142,0,0,0.05674631521105766
aeeem_mylyn,hybrid,xgboost,10,6,1169,0,1,0.8734855651855469
aeeem_mylyn,hybrid,xgboost,10,6,1172,0,0,0.18588809669017792
aeeem_mylyn,hybrid,xgboost,10,6,1180,0,0,0.03173648938536644
aeeem_mylyn,hybrid,xgboost,10,6,1182,0,0,0.035959843546152115
aeeem_mylyn,hybrid,xgboost,10,6,1189,0,0,0.0035950508899986744
aeeem_mylyn,hybrid,xgboost,10,6,1190,0,1,0.5698447227478027
aeeem_mylyn,hybrid,xgboost,10,6,1201,0,0,0.00937318243086338
aeeem_mylyn,hybrid,xgboost,10,6,1212,0,0,0.061242472380399704
aeeem_mylyn,hybrid,xgboost,10,6,1214,0,0,0.1646421253681183
aeeem_mylyn,hybrid,xgboost,10,6,1216,0,0,0.04751452058553696
aeeem_mylyn,hybrid,xgboost,10,6,1226,0,0,0.03517889231443405
aeeem_mylyn,hybrid,xgboost,10,6,1231,0,0,0.04642556235194206
aeeem_mylyn,hybrid,xgboost,10,6,1232,0,0,0.003572109155356884
aeeem_mylyn,hybrid,xgboost,10,6,1235,0,0,0.04106275364756584
aeeem_mylyn,hybrid,xgboost,10,6,1237,0,0,0.09505494683980942
aeeem_mylyn,hybrid,xgboost,10,6,1253,0,0,0.017245007678866386
aeeem_mylyn,hybrid,xgboost,10,6,1266,0,0,0.14933747053146362
aeeem_mylyn,hybrid,xgboost,10,6,1276,0,0,0.442775696516037
aeeem_mylyn,hybrid,xgboost,10,6,1281,0,0,0.12959414720535278
aeeem_mylyn,hybrid,xgboost,10,6,1286,0,0,0.24926882982254028
aeeem_mylyn,hybrid,xgboost,10,6,1301,0,0,0.19947539269924164
aeeem_mylyn,hybrid,xgboost,10,6,1303,0,0,0.009383348748087883
aeeem_mylyn,hybrid,xgboost,10,6,1325,0,0,0.04012414440512657
aeeem_mylyn,hybrid,xgboost,10,6,1335,1,1,0.724341094493866
aeeem_mylyn,hybrid,xgboost,10,6,1361,1,0,0.12734057009220123
aeeem_mylyn,hybrid,xgboost,10,6,1367,0,0,0.08680306375026703
aeeem_mylyn,hybrid,xgboost,10,6,1375,0,0,0.02224760875105858
aeeem_mylyn,hybrid,xgboost,10,6,1376,0,0,0.0018628990510478616
aeeem_mylyn,hybrid,xgboost,10,6,1381,0,0,0.3087533116340637
aeeem_mylyn,hybrid,xgboost,10,6,1385,0,0,0.016488777473568916
aeeem_mylyn,hybrid,xgboost,10,6,1395,1,1,0.6381596326828003
aeeem_mylyn,hybrid,xgboost,10,6,1399,0,0,0.04969044402241707
aeeem_mylyn,hybrid,xgboost,10,6,1414,0,0,0.007742495741695166
aeeem_mylyn,hybrid,xgboost,10,6,1418,0,0,0.051233891397714615
aeeem_mylyn,hybrid,xgboost,10,6,1426,0,0,0.16286969184875488
aeeem_mylyn,hybrid,xgboost,10,6,1427,0,1,0.6576213836669922
aeeem_mylyn,hybrid,xgboost,10,6,1430,0,0,0.01852722279727459
aeeem_mylyn,hybrid,xgboost,10,6,1440,0,0,0.022013885900378227
aeeem_mylyn,hybrid,xgboost,10,6,1443,0,0,0.0910552367568016
aeeem_mylyn,hybrid,xgboost,10,6,1451,0,0,0.011507916264235973
aeeem_mylyn,hybrid,xgboost,10,6,1460,1,1,0.727066159248352
aeeem_mylyn,hybrid,xgboost,10,6,1488,0,1,0.5758678913116455
aeeem_mylyn,hybrid,xgboost,10,6,1490,1,0,0.26779311895370483
aeeem_mylyn,hybrid,xgboost,10,6,1522,0,0,0.11910910159349442
aeeem_mylyn,hybrid,xgboost,10,6,1524,0,0,0.03886965289711952
aeeem_mylyn,hybrid,xgboost,10,6,1526,0,0,0.008762584067881107
aeeem_mylyn,hybrid,xgboost,10,6,1527,0,0,0.10871802270412445
aeeem_mylyn,hybrid,xgboost,10,6,1554,0,0,0.00818453449755907
aeeem_mylyn,hybrid,xgboost,10,6,1557,0,0,0.0076758344657719135
aeeem_mylyn,hybrid,xgboost,10,6,1572,0,0,0.07121075689792633
aeeem_mylyn,hybrid,xgboost,10,6,1574,1,1,0.562278687953949
aeeem_mylyn,hybrid,xgboost,10,6,1581,0,0,0.317196786403656
aeeem_mylyn,hybrid,xgboost,10,6,1586,1,1,0.9381717443466187
aeeem_mylyn,hybrid,xgboost,10,6,1596,0,0,0.04845096915960312
aeeem_mylyn,hybrid,xgboost,10,6,1604,0,0,0.018229281529784203
aeeem_mylyn,hybrid,xgboost,10,6,1611,0,0,0.008309103548526764
aeeem_mylyn,hybrid,xgboost,10,6,1618,0,0,0.1228814423084259
aeeem_mylyn,hybrid,xgboost,10,6,1645,1,0,0.4672055244445801
aeeem_mylyn,hybrid,xgboost,10,6,1685,0,0,0.06315137445926666
aeeem_mylyn,hybrid,xgboost,10,6,1686,0,0,0.03139156103134155
aeeem_mylyn,hybrid,xgboost,10,6,1691,0,0,0.18297401070594788
aeeem_mylyn,hybrid,xgboost,10,6,1701,0,0,0.022858751937747
aeeem_mylyn,hybrid,xgboost,10,6,1710,0,0,0.1564415544271469
aeeem_mylyn,hybrid,xgboost,10,6,1744,0,0,0.05626389756798744
aeeem_mylyn,hybrid,xgboost,10,6,1753,0,0,0.19239245355129242
aeeem_mylyn,hybrid,xgboost,10,6,1756,1,1,0.7662951350212097
aeeem_mylyn,hybrid,xgboost,10,6,1759,1,1,0.924062192440033
aeeem_mylyn,hybrid,xgboost,10,6,1782,0,0,0.022668972611427307
aeeem_mylyn,hybrid,xgboost,10,6,1797,0,0,0.1270383596420288
aeeem_mylyn,hybrid,xgboost,10,6,1804,0,0,0.03282655403017998
aeeem_mylyn,hybrid,xgboost,10,6,1811,0,1,0.9019579887390137
aeeem_mylyn,hybrid,xgboost,10,6,1820,0,0,0.0038123910780996084
aeeem_mylyn,hybrid,xgboost,10,6,1829,0,0,0.3474184274673462
aeeem_mylyn,hybrid,xgboost,10,6,1843,0,1,0.6454085111618042
aeeem_mylyn,hybrid,xgboost,10,6,1858,0,0,0.022583937272429466
aeeem_mylyn,hybrid,xgboost,10,7,8,0,1,0.7182878255844116
aeeem_mylyn,hybrid,xgboost,10,7,38,0,0,0.3063843250274658
aeeem_mylyn,hybrid,xgboost,10,7,39,0,0,0.24770618975162506
aeeem_mylyn,hybrid,xgboost,10,7,64,0,0,0.08991147577762604
aeeem_mylyn,hybrid,xgboost,10,7,65,0,0,0.020462146028876305
aeeem_mylyn,hybrid,xgboost,10,7,66,0,0,0.05607086047530174
aeeem_mylyn,hybrid,xgboost,10,7,72,0,0,0.08177407085895538
aeeem_mylyn,hybrid,xgboost,10,7,73,0,0,0.014199499040842056
aeeem_mylyn,hybrid,xgboost,10,7,80,0,0,0.036109574139118195
aeeem_mylyn,hybrid,xgboost,10,7,85,0,0,0.41433072090148926
aeeem_mylyn,hybrid,xgboost,10,7,100,0,0,0.016463950276374817
aeeem_mylyn,hybrid,xgboost,10,7,106,0,0,0.00897581223398447
aeeem_mylyn,hybrid,xgboost,10,7,109,0,0,0.024671750143170357
aeeem_mylyn,hybrid,xgboost,10,7,159,0,0,0.10712704062461853
aeeem_mylyn,hybrid,xgboost,10,7,182,0,0,0.049872465431690216
aeeem_mylyn,hybrid,xgboost,10,7,189,0,0,0.005756028462201357
aeeem_mylyn,hybrid,xgboost,10,7,206,0,0,0.11156266927719116
aeeem_mylyn,hybrid,xgboost,10,7,209,1,1,0.8126689791679382
aeeem_mylyn,hybrid,xgboost,10,7,224,0,0,0.2258874475955963
aeeem_mylyn,hybrid,xgboost,10,7,240,0,0,0.002066776854917407
aeeem_mylyn,hybrid,xgboost,10,7,256,0,0,0.010827443562448025
aeeem_mylyn,hybrid,xgboost,10,7,272,1,1,0.6853910088539124
aeeem_mylyn,hybrid,xgboost,10,7,276,0,0,0.002134519163519144
aeeem_mylyn,hybrid,xgboost,10,7,284,0,0,0.021737875416874886
aeeem_mylyn,hybrid,xgboost,10,7,292,0,0,0.24991625547409058
aeeem_mylyn,hybrid,xgboost,10,7,293,0,0,0.03501783311367035
aeeem_mylyn,hybrid,xgboost,10,7,299,0,0,0.0697941705584526
aeeem_mylyn,hybrid,xgboost,10,7,328,0,0,0.032363977283239365
aeeem_mylyn,hybrid,xgboost,10,7,331,0,0,0.0152447409927845
aeeem_mylyn,hybrid,xgboost,10,7,333,0,0,0.023773742839694023
aeeem_mylyn,hybrid,xgboost,10,7,334,0,1,0.5122385621070862
aeeem_mylyn,hybrid,xgboost,10,7,353,0,0,0.028601182624697685
aeeem_mylyn,hybrid,xgboost,10,7,356,0,0,0.009018464013934135
aeeem_mylyn,hybrid,xgboost,10,7,358,0,1,0.6096999645233154
aeeem_mylyn,hybrid,xgboost,10,7,362,0,0,0.3032776415348053
aeeem_mylyn,hybrid,xgboost,10,7,370,0,0,0.09755613654851913
aeeem_mylyn,hybrid,xgboost,10,7,378,0,0,0.0643482655286789
aeeem_mylyn,hybrid,xgboost,10,7,381,0,0,0.06068255007266998
aeeem_mylyn,hybrid,xgboost,10,7,385,0,0,0.18168887495994568
aeeem_mylyn,hybrid,xgboost,10,7,387,0,0,0.013484936207532883
aeeem_mylyn,hybrid,xgboost,10,7,388,0,0,0.02043069154024124
aeeem_mylyn,hybrid,xgboost,10,7,392,0,0,0.007804895751178265
aeeem_mylyn,hybrid,xgboost,10,7,401,0,0,0.004213758744299412
aeeem_mylyn,hybrid,xgboost,10,7,402,0,0,0.003936022520065308
aeeem_mylyn,hybrid,xgboost,10,7,413,1,1,0.6237766146659851
aeeem_mylyn,hybrid,xgboost,10,7,433,1,0,0.008422991260886192
aeeem_mylyn,hybrid,xgboost,10,7,445,1,0,0.21055962145328522
aeeem_mylyn,hybrid,xgboost,10,7,446,0,0,0.024016207084059715
aeeem_mylyn,hybrid,xgboost,10,7,460,0,0,0.0227793101221323
aeeem_mylyn,hybrid,xgboost,10,7,468,0,0,0.13860920071601868
aeeem_mylyn,hybrid,xgboost,10,7,497,0,0,0.10789000242948532
aeeem_mylyn,hybrid,xgboost,10,7,514,1,0,0.17151805758476257
aeeem_mylyn,hybrid,xgboost,10,7,518,0,0,0.17830896377563477
aeeem_mylyn,hybrid,xgboost,10,7,523,0,0,0.13226312398910522
aeeem_mylyn,hybrid,xgboost,10,7,536,0,0,0.02280081808567047
aeeem_mylyn,hybrid,xgboost,10,7,541,1,1,0.7802410125732422
aeeem_mylyn,hybrid,xgboost,10,7,547,0,1,0.6384479403495789
aeeem_mylyn,hybrid,xgboost,10,7,565,0,0,0.12394525855779648
aeeem_mylyn,hybrid,xgboost,10,7,571,0,0,0.07849161326885223
aeeem_mylyn,hybrid,xgboost,10,7,585,0,0,0.11270315945148468
aeeem_mylyn,hybrid,xgboost,10,7,617,0,0,0.08105835318565369
aeeem_mylyn,hybrid,xgboost,10,7,631,0,1,0.5280622839927673
aeeem_mylyn,hybrid,xgboost,10,7,656,0,0,0.0485554039478302
aeeem_mylyn,hybrid,xgboost,10,7,667,0,0,0.004029332660138607
aeeem_mylyn,hybrid,xgboost,10,7,675,0,0,0.024538623169064522
aeeem_mylyn,hybrid,xgboost,10,7,676,0,0,0.1610560268163681
aeeem_mylyn,hybrid,xgboost,10,7,683,0,0,0.08026973903179169
aeeem_mylyn,hybrid,xgboost,10,7,688,0,0,0.4125426709651947
aeeem_mylyn,hybrid,xgboost,10,7,696,0,0,0.41500699520111084
aeeem_mylyn,hybrid,xgboost,10,7,718,0,0,0.015000932849943638
aeeem_mylyn,hybrid,xgboost,10,7,736,0,0,0.10313314199447632
aeeem_mylyn,hybrid,xgboost,10,7,741,0,0,0.3699064254760742
aeeem_mylyn,hybrid,xgboost,10,7,742,0,0,0.17383141815662384
aeeem_mylyn,hybrid,xgboost,10,7,747,0,0,0.37106266617774963
aeeem_mylyn,hybrid,xgboost,10,7,748,0,0,0.024671750143170357
aeeem_mylyn,hybrid,xgboost,10,7,759,0,0,0.08223382383584976
aeeem_mylyn,hybrid,xgboost,10,7,764,0,0,0.28567877411842346
aeeem_mylyn,hybrid,xgboost,10,7,792,1,1,0.6042836904525757
aeeem_mylyn,hybrid,xgboost,10,7,815,0,1,0.7314556241035461
aeeem_mylyn,hybrid,xgboost,10,7,845,1,0,0.4902786612510681
aeeem_mylyn,hybrid,xgboost,10,7,850,0,0,0.09262077510356903
aeeem_mylyn,hybrid,xgboost,10,7,852,0,0,0.0069517637602984905
aeeem_mylyn,hybrid,xgboost,10,7,862,0,0,0.0026244809851050377
aeeem_mylyn,hybrid,xgboost,10,7,873,0,0,0.03775930777192116
aeeem_mylyn,hybrid,xgboost,10,7,884,0,1,0.9027804732322693
aeeem_mylyn,hybrid,xgboost,10,7,898,0,0,0.11578122526407242
aeeem_mylyn,hybrid,xgboost,10,7,903,0,1,0.5753408074378967
aeeem_mylyn,hybrid,xgboost,10,7,907,0,0,0.023110369220376015
aeeem_mylyn,hybrid,xgboost,10,7,920,0,0,0.25988316535949707
aeeem_mylyn,hybrid,xgboost,10,7,936,0,0,0.06238507106900215
aeeem_mylyn,hybrid,xgboost,10,7,937,0,0,0.12805365025997162
aeeem_mylyn,hybrid,xgboost,10,7,982,0,0,0.12734179198741913
aeeem_mylyn,hybrid,xgboost,10,7,1032,0,0,0.22482940554618835
aeeem_mylyn,hybrid,xgboost,10,7,1036,0,0,0.42621922492980957
aeeem_mylyn,hybrid,xgboost,10,7,1044,1,1,0.7663530111312866
aeeem_mylyn,hybrid,xgboost,10,7,1053,0,0,0.05069927126169205
aeeem_mylyn,hybrid,xgboost,10,7,1067,0,0,0.33631017804145813
aeeem_mylyn,hybrid,xgboost,10,7,1072,0,1,0.6267064213752747
aeeem_mylyn,hybrid,xgboost,10,7,1086,0,0,0.0393858440220356
aeeem_mylyn,hybrid,xgboost,10,7,1090,0,0,0.158979594707489
aeeem_mylyn,hybrid,xgboost,10,7,1102,0,0,0.06701727956533432
aeeem_mylyn,hybrid,xgboost,10,7,1105,0,0,0.06983188539743423
aeeem_mylyn,hybrid,xgboost,10,7,1124,0,0,0.005693071521818638
aeeem_mylyn,hybrid,xgboost,10,7,1128,0,0,0.034994352608919144
aeeem_mylyn,hybrid,xgboost,10,7,1139,1,1,0.908366858959198
aeeem_mylyn,hybrid,xgboost,10,7,1141,1,1,0.797274649143219
aeeem_mylyn,hybrid,xgboost,10,7,1160,1,0,0.1470787078142166
aeeem_mylyn,hybrid,xgboost,10,7,1175,0,0,0.060993749648332596
aeeem_mylyn,hybrid,xgboost,10,7,1188,0,0,0.026668548583984375
aeeem_mylyn,hybrid,xgboost,10,7,1202,0,0,0.012839621864259243
aeeem_mylyn,hybrid,xgboost,10,7,1203,0,0,0.006084326654672623
aeeem_mylyn,hybrid,xgboost,10,7,1210,0,0,0.2915666401386261
aeeem_mylyn,hybrid,xgboost,10,7,1217,0,1,0.5429998636245728
aeeem_mylyn,hybrid,xgboost,10,7,1227,0,0,0.06713449954986572
aeeem_mylyn,hybrid,xgboost,10,7,1233,0,0,0.006947942078113556
aeeem_mylyn,hybrid,xgboost,10,7,1234,0,0,0.022919774055480957
aeeem_mylyn,hybrid,xgboost,10,7,1247,0,0,0.07442373782396317
aeeem_mylyn,hybrid,xgboost,10,7,1250,0,0,0.0017184600001201034
aeeem_mylyn,hybrid,xgboost,10,7,1262,1,0,0.11559215933084488
aeeem_mylyn,hybrid,xgboost,10,7,1263,0,1,0.8356863856315613
aeeem_mylyn,hybrid,xgboost,10,7,1275,0,0,0.1994537115097046
aeeem_mylyn,hybrid,xgboost,10,7,1296,0,0,0.006290641147643328
aeeem_mylyn,hybrid,xgboost,10,7,1308,0,0,0.07841408252716064
aeeem_mylyn,hybrid,xgboost,10,7,1310,0,0,0.02231306955218315
aeeem_mylyn,hybrid,xgboost,10,7,1313,1,0,0.15455447137355804
aeeem_mylyn,hybrid,xgboost,10,7,1327,0,0,0.01521544810384512
aeeem_mylyn,hybrid,xgboost,10,7,1328,1,1,0.6350074410438538
aeeem_mylyn,hybrid,xgboost,10,7,1332,1,1,0.7609935998916626
aeeem_mylyn,hybrid,xgboost,10,7,1333,0,0,0.026073621585965157
aeeem_mylyn,hybrid,xgboost,10,7,1334,0,0,0.013818270526826382
aeeem_mylyn,hybrid,xgboost,10,7,1336,0,0,0.02509707771241665
aeeem_mylyn,hybrid,xgboost,10,7,1339,0,0,0.03453926369547844
aeeem_mylyn,hybrid,xgboost,10,7,1341,0,0,0.019762622192502022
aeeem_mylyn,hybrid,xgboost,10,7,1353,0,0,0.027853485196828842
aeeem_mylyn,hybrid,xgboost,10,7,1364,0,0,0.029444748535752296
aeeem_mylyn,hybrid,xgboost,10,7,1365,1,0,0.3408008813858032
aeeem_mylyn,hybrid,xgboost,10,7,1384,0,0,0.06068255007266998
aeeem_mylyn,hybrid,xgboost,10,7,1390,0,0,0.06005438417196274
aeeem_mylyn,hybrid,xgboost,10,7,1397,0,0,0.328860878944397
aeeem_mylyn,hybrid,xgboost,10,7,1398,0,0,0.050359416753053665
aeeem_mylyn,hybrid,xgboost,10,7,1415,0,0,0.05185578390955925
aeeem_mylyn,hybrid,xgboost,10,7,1433,0,0,0.08963526040315628
aeeem_mylyn,hybrid,xgboost,10,7,1436,0,0,0.0017270712414756417
aeeem_mylyn,hybrid,xgboost,10,7,1452,0,0,0.049363698810338974
aeeem_mylyn,hybrid,xgboost,10,7,1456,0,0,0.06045493111014366
aeeem_mylyn,hybrid,xgboost,10,7,1468,1,0,0.3754284679889679
aeeem_mylyn,hybrid,xgboost,10,7,1473,0,0,0.09375777095556259
aeeem_mylyn,hybrid,xgboost,10,7,1480,0,0,0.017012735828757286
aeeem_mylyn,hybrid,xgboost,10,7,1486,0,0,0.0994533821940422
aeeem_mylyn,hybrid,xgboost,10,7,1505,0,0,0.010736950673162937
aeeem_mylyn,hybrid,xgboost,10,7,1545,0,0,0.036153025925159454
aeeem_mylyn,hybrid,xgboost,10,7,1548,0,0,0.49039140343666077
aeeem_mylyn,hybrid,xgboost,10,7,1550,0,0,0.04416205361485481
aeeem_mylyn,hybrid,xgboost,10,7,1556,1,0,0.4874534606933594
aeeem_mylyn,hybrid,xgboost,10,7,1594,0,0,0.04546845704317093
aeeem_mylyn,hybrid,xgboost,10,7,1640,0,0,0.2635417878627777
aeeem_mylyn,hybrid,xgboost,10,7,1655,1,1,0.7571671009063721
aeeem_mylyn,hybrid,xgboost,10,7,1658,0,0,0.0033677055034786463
aeeem_mylyn,hybrid,xgboost,10,7,1662,0,0,0.27648860216140747
aeeem_mylyn,hybrid,xgboost,10,7,1667,0,0,0.3522200882434845
aeeem_mylyn,hybrid,xgboost,10,7,1679,0,0,0.3508031368255615
aeeem_mylyn,hybrid,xgboost,10,7,1687,0,0,0.2699914574623108
aeeem_mylyn,hybrid,xgboost,10,7,1696,0,0,0.06068255007266998
aeeem_mylyn,hybrid,xgboost,10,7,1708,0,0,0.06090322881937027
aeeem_mylyn,hybrid,xgboost,10,7,1709,0,0,0.4531717598438263
aeeem_mylyn,hybrid,xgboost,10,7,1715,0,0,0.03087250515818596
aeeem_mylyn,hybrid,xgboost,10,7,1717,0,0,0.3271752893924713
aeeem_mylyn,hybrid,xgboost,10,7,1726,0,0,0.04247071593999863
aeeem_mylyn,hybrid,xgboost,10,7,1736,0,1,0.5929574370384216
aeeem_mylyn,hybrid,xgboost,10,7,1743,0,0,0.037556421011686325
aeeem_mylyn,hybrid,xgboost,10,7,1748,0,0,0.06068255007266998
aeeem_mylyn,hybrid,xgboost,10,7,1755,0,0,0.17408809065818787
aeeem_mylyn,hybrid,xgboost,10,7,1764,0,0,0.0052164895460009575
aeeem_mylyn,hybrid,xgboost,10,7,1767,0,0,0.018280042335391045
aeeem_mylyn,hybrid,xgboost,10,7,1768,0,0,0.22868718206882477
aeeem_mylyn,hybrid,xgboost,10,7,1770,0,0,0.15378540754318237
aeeem_mylyn,hybrid,xgboost,10,7,1776,1,1,0.799366295337677
aeeem_mylyn,hybrid,xgboost,10,7,1813,0,0,0.16376227140426636
aeeem_mylyn,hybrid,xgboost,10,7,1817,0,0,0.04336199909448624
aeeem_mylyn,hybrid,xgboost,10,7,1819,1,1,0.6021935343742371
aeeem_mylyn,hybrid,xgboost,10,7,1844,0,0,0.0033417106606066227
aeeem_mylyn,hybrid,xgboost,10,7,1853,0,0,0.05034385621547699
aeeem_mylyn,hybrid,xgboost,10,7,1854,0,0,0.14834415912628174
aeeem_mylyn,hybrid,xgboost,10,7,1856,0,0,0.006573351100087166
aeeem_mylyn,hybrid,xgboost,10,7,1859,1,0,0.14774034917354584
aeeem_mylyn,hybrid,xgboost,10,7,1861,0,0,0.08950991183519363
aeeem_mylyn,hybrid,xgboost,10,8,2,0,0,0.011018672026693821
aeeem_mylyn,hybrid,xgboost,10,8,5,0,0,0.002529936609789729
aeeem_mylyn,hybrid,xgboost,10,8,40,1,1,0.8757416009902954
aeeem_mylyn,hybrid,xgboost,10,8,49,0,0,0.020368149504065514
aeeem_mylyn,hybrid,xgboost,10,8,50,0,0,0.034807752817869186
aeeem_mylyn,hybrid,xgboost,10,8,56,1,0,0.39022985100746155
aeeem_mylyn,hybrid,xgboost,10,8,67,0,1,0.8672119379043579
aeeem_mylyn,hybrid,xgboost,10,8,71,0,0,0.11863042414188385
aeeem_mylyn,hybrid,xgboost,10,8,87,0,0,0.3710464835166931
aeeem_mylyn,hybrid,xgboost,10,8,92,0,0,0.008265462704002857
aeeem_mylyn,hybrid,xgboost,10,8,97,0,0,0.18762534856796265
aeeem_mylyn,hybrid,xgboost,10,8,108,0,0,0.4427470564842224
aeeem_mylyn,hybrid,xgboost,10,8,113,1,0,0.11388872563838959
aeeem_mylyn,hybrid,xgboost,10,8,117,0,0,0.022637031972408295
aeeem_mylyn,hybrid,xgboost,10,8,124,0,0,0.2509376108646393
aeeem_mylyn,hybrid,xgboost,10,8,126,0,0,0.005169950425624847
aeeem_mylyn,hybrid,xgboost,10,8,145,0,1,0.8273468613624573
aeeem_mylyn,hybrid,xgboost,10,8,146,0,0,0.10998271405696869
aeeem_mylyn,hybrid,xgboost,10,8,149,0,1,0.8737701177597046
aeeem_mylyn,hybrid,xgboost,10,8,150,0,0,0.07466556131839752
aeeem_mylyn,hybrid,xgboost,10,8,163,0,0,0.16847866773605347
aeeem_mylyn,hybrid,xgboost,10,8,175,0,0,0.01347137987613678
aeeem_mylyn,hybrid,xgboost,10,8,178,0,0,0.02879972942173481
aeeem_mylyn,hybrid,xgboost,10,8,194,0,1,0.6759892106056213
aeeem_mylyn,hybrid,xgboost,10,8,218,0,0,0.13502128422260284
aeeem_mylyn,hybrid,xgboost,10,8,222,1,1,0.8672119379043579
aeeem_mylyn,hybrid,xgboost,10,8,230,0,0,0.13700371980667114
aeeem_mylyn,hybrid,xgboost,10,8,269,0,0,0.014697639271616936
aeeem_mylyn,hybrid,xgboost,10,8,271,0,0,0.41262757778167725
aeeem_mylyn,hybrid,xgboost,10,8,275,0,0,0.19368517398834229
aeeem_mylyn,hybrid,xgboost,10,8,282,0,0,0.01064539235085249
aeeem_mylyn,hybrid,xgboost,10,8,286,0,0,0.15973716974258423
aeeem_mylyn,hybrid,xgboost,10,8,287,0,1,0.5947688817977905
aeeem_mylyn,hybrid,xgboost,10,8,316,1,1,0.624116063117981
aeeem_mylyn,hybrid,xgboost,10,8,318,0,0,0.003897374263033271
aeeem_mylyn,hybrid,xgboost,10,8,322,0,0,0.16251957416534424
aeeem_mylyn,hybrid,xgboost,10,8,337,1,0,0.08131682127714157
aeeem_mylyn,hybrid,xgboost,10,8,346,0,0,0.028865281492471695
aeeem_mylyn,hybrid,xgboost,10,8,355,0,1,0.5891231894493103
aeeem_mylyn,hybrid,xgboost,10,8,386,0,0,0.05721443146467209
aeeem_mylyn,hybrid,xgboost,10,8,391,0,0,0.006042502820491791
aeeem_mylyn,hybrid,xgboost,10,8,394,0,0,0.13492995500564575
aeeem_mylyn,hybrid,xgboost,10,8,404,0,0,0.005466844886541367
aeeem_mylyn,hybrid,xgboost,10,8,405,0,1,0.7340897917747498
aeeem_mylyn,hybrid,xgboost,10,8,412,0,1,0.7771778106689453
aeeem_mylyn,hybrid,xgboost,10,8,419,0,0,0.2663586735725403
aeeem_mylyn,hybrid,xgboost,10,8,424,0,0,0.026538733392953873
aeeem_mylyn,hybrid,xgboost,10,8,430,0,0,0.009430376812815666
aeeem_mylyn,hybrid,xgboost,10,8,435,0,0,0.009341476485133171
aeeem_mylyn,hybrid,xgboost,10,8,436,0,0,0.028945177793502808
aeeem_mylyn,hybrid,xgboost,10,8,450,1,1,0.7305901050567627
aeeem_mylyn,hybrid,xgboost,10,8,470,0,0,0.018311666324734688
aeeem_mylyn,hybrid,xgboost,10,8,477,0,0,0.014193721115589142
aeeem_mylyn,hybrid,xgboost,10,8,478,0,0,0.3172277510166168
aeeem_mylyn,hybrid,xgboost,10,8,499,0,0,0.08785373717546463
aeeem_mylyn,hybrid,xgboost,10,8,513,0,1,0.5049891471862793
aeeem_mylyn,hybrid,xgboost,10,8,525,0,0,0.030147766694426537
aeeem_mylyn,hybrid,xgboost,10,8,533,0,0,0.16799020767211914
aeeem_mylyn,hybrid,xgboost,10,8,544,0,0,0.10539848357439041
aeeem_mylyn,hybrid,xgboost,10,8,549,0,0,0.1764436513185501
aeeem_mylyn,hybrid,xgboost,10,8,554,0,0,0.007910666987299919
aeeem_mylyn,hybrid,xgboost,10,8,559,0,0,0.009636569768190384
aeeem_mylyn,hybrid,xgboost,10,8,583,0,0,0.05736985430121422
aeeem_mylyn,hybrid,xgboost,10,8,589,1,0,0.2455529421567917
aeeem_mylyn,hybrid,xgboost,10,8,594,0,0,0.030172616243362427
aeeem_mylyn,hybrid,xgboost,10,8,600,1,0,0.3768143951892853
aeeem_mylyn,hybrid,xgboost,10,8,611,0,0,0.02222386933863163
aeeem_mylyn,hybrid,xgboost,10,8,619,1,1,0.563426673412323
aeeem_mylyn,hybrid,xgboost,10,8,623,0,0,0.02705148048698902
aeeem_mylyn,hybrid,xgboost,10,8,630,0,0,0.3085877299308777
aeeem_mylyn,hybrid,xgboost,10,8,633,0,0,0.01136686746031046
aeeem_mylyn,hybrid,xgboost,10,8,641,0,0,0.03929312899708748
aeeem_mylyn,hybrid,xgboost,10,8,686,0,0,0.05345050245523453
aeeem_mylyn,hybrid,xgboost,10,8,687,0,0,0.02222726307809353
aeeem_mylyn,hybrid,xgboost,10,8,690,0,0,0.012020000256597996
aeeem_mylyn,hybrid,xgboost,10,8,703,0,0,0.436768501996994
aeeem_mylyn,hybrid,xgboost,10,8,716,0,0,0.013019196689128876
aeeem_mylyn,hybrid,xgboost,10,8,725,0,0,0.05419280380010605
aeeem_mylyn,hybrid,xgboost,10,8,730,1,1,0.8672119379043579
aeeem_mylyn,hybrid,xgboost,10,8,735,0,0,0.10393743962049484
aeeem_mylyn,hybrid,xgboost,10,8,754,0,0,0.05255189165472984
aeeem_mylyn,hybrid,xgboost,10,8,779,0,0,0.018717173486948013
aeeem_mylyn,hybrid,xgboost,10,8,786,0,0,0.21886561810970306
aeeem_mylyn,hybrid,xgboost,10,8,793,0,0,0.3739908039569855
aeeem_mylyn,hybrid,xgboost,10,8,808,0,0,0.011383234523236752
aeeem_mylyn,hybrid,xgboost,10,8,820,0,1,0.6203158497810364
aeeem_mylyn,hybrid,xgboost,10,8,822,0,0,0.024346597492694855
aeeem_mylyn,hybrid,xgboost,10,8,824,0,0,0.04761392995715141
aeeem_mylyn,hybrid,xgboost,10,8,833,0,0,0.06989024579524994
aeeem_mylyn,hybrid,xgboost,10,8,846,0,0,0.019537270069122314
aeeem_mylyn,hybrid,xgboost,10,8,897,1,1,0.7929484248161316
aeeem_mylyn,hybrid,xgboost,10,8,909,0,0,0.020745234563946724
aeeem_mylyn,hybrid,xgboost,10,8,912,0,1,0.9599738717079163
aeeem_mylyn,hybrid,xgboost,10,8,946,0,0,0.034411124885082245
aeeem_mylyn,hybrid,xgboost,10,8,952,0,0,0.012678341940045357
aeeem_mylyn,hybrid,xgboost,10,8,964,0,0,0.018943630158901215
aeeem_mylyn,hybrid,xgboost,10,8,979,1,0,0.023360200226306915
aeeem_mylyn,hybrid,xgboost,10,8,991,0,1,0.6292948722839355
aeeem_mylyn,hybrid,xgboost,10,8,995,1,0,0.4299250841140747
aeeem_mylyn,hybrid,xgboost,10,8,999,1,0,0.05334252119064331
aeeem_mylyn,hybrid,xgboost,10,8,1014,1,0,0.1391390711069107
aeeem_mylyn,hybrid,xgboost,10,8,1018,0,0,0.007703848648816347
aeeem_mylyn,hybrid,xgboost,10,8,1024,0,0,0.08066901564598083
aeeem_mylyn,hybrid,xgboost,10,8,1033,0,0,0.008389104157686234
aeeem_mylyn,hybrid,xgboost,10,8,1054,0,0,0.020126376301050186
aeeem_mylyn,hybrid,xgboost,10,8,1055,0,0,0.18848669528961182
aeeem_mylyn,hybrid,xgboost,10,8,1059,0,0,0.22343729436397552
aeeem_mylyn,hybrid,xgboost,10,8,1066,0,1,0.7061799764633179
aeeem_mylyn,hybrid,xgboost,10,8,1081,0,0,0.022296978160738945
aeeem_mylyn,hybrid,xgboost,10,8,1089,0,0,0.008547566831111908
aeeem_mylyn,hybrid,xgboost,10,8,1096,0,0,0.025366859510540962
aeeem_mylyn,hybrid,xgboost,10,8,1097,0,0,0.096556156873703
aeeem_mylyn,hybrid,xgboost,10,8,1112,0,0,0.13682235777378082
aeeem_mylyn,hybrid,xgboost,10,8,1122,0,0,0.055322352796792984
aeeem_mylyn,hybrid,xgboost,10,8,1131,0,0,0.03807417303323746
aeeem_mylyn,hybrid,xgboost,10,8,1132,0,0,0.22440993785858154
aeeem_mylyn,hybrid,xgboost,10,8,1138,0,0,0.0027263087686151266
aeeem_mylyn,hybrid,xgboost,10,8,1143,0,0,0.04438035190105438
aeeem_mylyn,hybrid,xgboost,10,8,1144,0,0,0.03916320949792862
aeeem_mylyn,hybrid,xgboost,10,8,1146,0,0,0.04231615737080574
aeeem_mylyn,hybrid,xgboost,10,8,1147,0,0,0.007085718214511871
aeeem_mylyn,hybrid,xgboost,10,8,1148,1,0,0.021419718861579895
aeeem_mylyn,hybrid,xgboost,10,8,1150,0,0,0.3025205433368683
aeeem_mylyn,hybrid,xgboost,10,8,1154,0,0,0.26283830404281616
aeeem_mylyn,hybrid,xgboost,10,8,1156,0,0,0.08491267263889313
aeeem_mylyn,hybrid,xgboost,10,8,1164,0,0,0.10841455310583115
aeeem_mylyn,hybrid,xgboost,10,8,1193,0,0,0.10755472630262375
aeeem_mylyn,hybrid,xgboost,10,8,1224,0,0,0.07124485820531845
aeeem_mylyn,hybrid,xgboost,10,8,1254,0,0,0.04019712656736374
aeeem_mylyn,hybrid,xgboost,10,8,1256,1,0,0.2637593150138855
aeeem_mylyn,hybrid,xgboost,10,8,1261,0,0,0.047597456723451614
aeeem_mylyn,hybrid,xgboost,10,8,1289,0,0,0.022256365045905113
aeeem_mylyn,hybrid,xgboost,10,8,1304,0,0,0.01838276907801628
aeeem_mylyn,hybrid,xgboost,10,8,1351,0,1,0.8387678861618042
aeeem_mylyn,hybrid,xgboost,10,8,1357,0,0,0.06092138588428497
aeeem_mylyn,hybrid,xgboost,10,8,1359,0,0,0.14818866550922394
aeeem_mylyn,hybrid,xgboost,10,8,1377,1,0,0.08443552255630493
aeeem_mylyn,hybrid,xgboost,10,8,1393,0,0,0.02108249068260193
aeeem_mylyn,hybrid,xgboost,10,8,1402,0,0,0.1340540200471878
aeeem_mylyn,hybrid,xgboost,10,8,1405,0,0,0.35213956236839294
aeeem_mylyn,hybrid,xgboost,10,8,1406,0,0,0.09094361960887909
aeeem_mylyn,hybrid,xgboost,10,8,1410,0,0,0.007295860443264246
aeeem_mylyn,hybrid,xgboost,10,8,1416,0,0,0.025991149246692657
aeeem_mylyn,hybrid,xgboost,10,8,1434,0,0,0.016062332317233086
aeeem_mylyn,hybrid,xgboost,10,8,1455,0,0,0.14353403449058533
aeeem_mylyn,hybrid,xgboost,10,8,1476,0,0,0.28284671902656555
aeeem_mylyn,hybrid,xgboost,10,8,1478,0,0,0.4106965661048889
aeeem_mylyn,hybrid,xgboost,10,8,1504,1,0,0.09536721557378769
aeeem_mylyn,hybrid,xgboost,10,8,1513,0,0,0.0046710181050002575
aeeem_mylyn,hybrid,xgboost,10,8,1514,0,0,0.008377482183277607
aeeem_mylyn,hybrid,xgboost,10,8,1523,0,0,0.02023797668516636
aeeem_mylyn,hybrid,xgboost,10,8,1531,0,0,0.0832311362028122
aeeem_mylyn,hybrid,xgboost,10,8,1532,0,0,0.018626311793923378
aeeem_mylyn,hybrid,xgboost,10,8,1537,0,0,0.00918254628777504
aeeem_mylyn,hybrid,xgboost,10,8,1542,1,1,0.8126839399337769
aeeem_mylyn,hybrid,xgboost,10,8,1577,0,0,0.004359061364084482
aeeem_mylyn,hybrid,xgboost,10,8,1589,0,0,0.06018933653831482
aeeem_mylyn,hybrid,xgboost,10,8,1590,0,0,0.36674967408180237
aeeem_mylyn,hybrid,xgboost,10,8,1602,0,0,0.24262578785419464
aeeem_mylyn,hybrid,xgboost,10,8,1608,0,0,0.07008308917284012
aeeem_mylyn,hybrid,xgboost,10,8,1622,0,0,0.09845154732465744
aeeem_mylyn,hybrid,xgboost,10,8,1625,0,0,0.33192190527915955
aeeem_mylyn,hybrid,xgboost,10,8,1626,0,1,0.9112361669540405
aeeem_mylyn,hybrid,xgboost,10,8,1633,0,0,0.012470477260649204
aeeem_mylyn,hybrid,xgboost,10,8,1639,0,0,0.3401825726032257
aeeem_mylyn,hybrid,xgboost,10,8,1647,0,0,0.022006146609783173
aeeem_mylyn,hybrid,xgboost,10,8,1649,1,0,0.08684130012989044
aeeem_mylyn,hybrid,xgboost,10,8,1650,0,1,0.5622103214263916
aeeem_mylyn,hybrid,xgboost,10,8,1663,0,0,0.16789165139198303
aeeem_mylyn,hybrid,xgboost,10,8,1664,0,1,0.5066994428634644
aeeem_mylyn,hybrid,xgboost,10,8,1670,1,1,0.6858094930648804
aeeem_mylyn,hybrid,xgboost,10,8,1671,0,0,0.0053197843953967094
aeeem_mylyn,hybrid,xgboost,10,8,1683,0,0,0.003767855931073427
aeeem_mylyn,hybrid,xgboost,10,8,1695,0,0,0.00929702166467905
aeeem_mylyn,hybrid,xgboost,10,8,1724,0,0,0.06690788269042969
aeeem_mylyn,hybrid,xgboost,10,8,1725,1,1,0.9073923230171204
aeeem_mylyn,hybrid,xgboost,10,8,1729,0,0,0.023138532415032387
aeeem_mylyn,hybrid,xgboost,10,8,1735,0,0,0.40383291244506836
aeeem_mylyn,hybrid,xgboost,10,8,1749,0,0,0.23485884070396423
aeeem_mylyn,hybrid,xgboost,10,8,1788,1,0,0.3492422103881836
aeeem_mylyn,hybrid,xgboost,10,8,1802,0,0,0.0045227175578475
aeeem_mylyn,hybrid,xgboost,10,8,1805,0,0,0.043797433376312256
aeeem_mylyn,hybrid,xgboost,10,8,1827,0,0,0.47602295875549316
aeeem_mylyn,hybrid,xgboost,10,8,1830,0,0,0.11626962572336197
aeeem_mylyn,hybrid,xgboost,10,8,1849,0,1,0.6658092737197876
aeeem_mylyn,hybrid,xgboost,10,8,1857,0,0,0.09198436141014099
aeeem_mylyn,hybrid,xgboost,10,9,24,0,0,0.4358593821525574
aeeem_mylyn,hybrid,xgboost,10,9,26,0,0,0.2354845553636551
aeeem_mylyn,hybrid,xgboost,10,9,37,0,1,0.6641706228256226
aeeem_mylyn,hybrid,xgboost,10,9,43,0,0,0.046886034309864044
aeeem_mylyn,hybrid,xgboost,10,9,48,0,0,0.2687739133834839
aeeem_mylyn,hybrid,xgboost,10,9,75,0,0,0.23053927719593048
aeeem_mylyn,hybrid,xgboost,10,9,77,0,1,0.8965209722518921
aeeem_mylyn,hybrid,xgboost,10,9,82,0,0,0.004220380913466215
aeeem_mylyn,hybrid,xgboost,10,9,83,0,0,0.24743929505348206
aeeem_mylyn,hybrid,xgboost,10,9,86,0,0,0.0895714983344078
aeeem_mylyn,hybrid,xgboost,10,9,123,0,0,0.02915639616549015
aeeem_mylyn,hybrid,xgboost,10,9,158,0,0,0.014153883792459965
aeeem_mylyn,hybrid,xgboost,10,9,164,0,0,0.07227008789777756
aeeem_mylyn,hybrid,xgboost,10,9,171,0,0,0.22466936707496643
aeeem_mylyn,hybrid,xgboost,10,9,179,0,0,0.019633552059531212
aeeem_mylyn,hybrid,xgboost,10,9,192,0,0,0.03615663945674896
aeeem_mylyn,hybrid,xgboost,10,9,197,0,0,0.4039539396762848
aeeem_mylyn,hybrid,xgboost,10,9,204,0,0,0.00174430082552135
aeeem_mylyn,hybrid,xgboost,10,9,226,1,1,0.5880019664764404
aeeem_mylyn,hybrid,xgboost,10,9,231,0,1,0.8637757897377014
aeeem_mylyn,hybrid,xgboost,10,9,260,0,0,0.0033809267915785313
aeeem_mylyn,hybrid,xgboost,10,9,273,0,0,0.1957637071609497
aeeem_mylyn,hybrid,xgboost,10,9,281,0,0,0.017019275575876236
aeeem_mylyn,hybrid,xgboost,10,9,320,0,0,0.15100228786468506
aeeem_mylyn,hybrid,xgboost,10,9,324,0,0,0.207975834608078
aeeem_mylyn,hybrid,xgboost,10,9,325,0,1,0.8861467242240906
aeeem_mylyn,hybrid,xgboost,10,9,326,1,0,0.007318911608308554
aeeem_mylyn,hybrid,xgboost,10,9,330,0,0,0.0023360871709883213
aeeem_mylyn,hybrid,xgboost,10,9,332,1,1,0.5334017872810364
aeeem_mylyn,hybrid,xgboost,10,9,339,0,0,0.08826394379138947
aeeem_mylyn,hybrid,xgboost,10,9,361,0,0,0.06613978743553162
aeeem_mylyn,hybrid,xgboost,10,9,364,0,0,0.030924774706363678
aeeem_mylyn,hybrid,xgboost,10,9,369,0,0,0.06854397803544998
aeeem_mylyn,hybrid,xgboost,10,9,373,0,0,0.025385618209838867
aeeem_mylyn,hybrid,xgboost,10,9,379,0,0,0.09270917624235153
aeeem_mylyn,hybrid,xgboost,10,9,383,0,0,0.006098504643887281
aeeem_mylyn,hybrid,xgboost,10,9,399,0,0,0.17785201966762543
aeeem_mylyn,hybrid,xgboost,10,9,409,0,0,0.0023029856383800507
aeeem_mylyn,hybrid,xgboost,10,9,415,0,0,0.01244715042412281
aeeem_mylyn,hybrid,xgboost,10,9,418,0,0,0.49803242087364197
aeeem_mylyn,hybrid,xgboost,10,9,431,0,0,0.2883452773094177
aeeem_mylyn,hybrid,xgboost,10,9,439,0,0,0.027431849390268326
aeeem_mylyn,hybrid,xgboost,10,9,442,0,0,0.09842803329229355
aeeem_mylyn,hybrid,xgboost,10,9,444,0,1,0.6310542821884155
aeeem_mylyn,hybrid,xgboost,10,9,454,0,1,0.7375593781471252
aeeem_mylyn,hybrid,xgboost,10,9,457,0,0,0.12165900319814682
aeeem_mylyn,hybrid,xgboost,10,9,466,0,0,0.14164328575134277
aeeem_mylyn,hybrid,xgboost,10,9,472,0,0,0.007043576333671808
aeeem_mylyn,hybrid,xgboost,10,9,480,0,0,0.21430128812789917
aeeem_mylyn,hybrid,xgboost,10,9,488,0,0,0.02444046176970005
aeeem_mylyn,hybrid,xgboost,10,9,519,1,1,0.8550297617912292
aeeem_mylyn,hybrid,xgboost,10,9,563,0,0,0.09839827567338943
aeeem_mylyn,hybrid,xgboost,10,9,564,0,0,0.020123422145843506
aeeem_mylyn,hybrid,xgboost,10,9,567,0,0,0.014450154267251492
aeeem_mylyn,hybrid,xgboost,10,9,573,0,0,0.05346640199422836
aeeem_mylyn,hybrid,xgboost,10,9,576,1,1,0.5900532007217407
aeeem_mylyn,hybrid,xgboost,10,9,626,0,0,0.0576312355697155
aeeem_mylyn,hybrid,xgboost,10,9,627,1,0,0.23971210420131683
aeeem_mylyn,hybrid,xgboost,10,9,650,0,0,0.23910143971443176
aeeem_mylyn,hybrid,xgboost,10,9,682,0,0,0.3815363049507141
aeeem_mylyn,hybrid,xgboost,10,9,684,0,0,0.39497900009155273
aeeem_mylyn,hybrid,xgboost,10,9,692,0,0,0.029108507558703423
aeeem_mylyn,hybrid,xgboost,10,9,693,0,0,0.0373372808098793
aeeem_mylyn,hybrid,xgboost,10,9,707,0,0,0.12836989760398865
aeeem_mylyn,hybrid,xgboost,10,9,724,0,0,0.16053125262260437
aeeem_mylyn,hybrid,xgboost,10,9,731,0,0,0.007885311730206013
aeeem_mylyn,hybrid,xgboost,10,9,751,0,0,0.036050744354724884
aeeem_mylyn,hybrid,xgboost,10,9,761,0,0,0.04747077822685242
aeeem_mylyn,hybrid,xgboost,10,9,769,1,0,0.07664933800697327
aeeem_mylyn,hybrid,xgboost,10,9,770,0,0,0.0075872489251196384
aeeem_mylyn,hybrid,xgboost,10,9,771,0,0,0.2676706612110138
aeeem_mylyn,hybrid,xgboost,10,9,784,0,0,0.020635824650526047
aeeem_mylyn,hybrid,xgboost,10,9,807,0,0,0.003547908738255501
aeeem_mylyn,hybrid,xgboost,10,9,816,0,0,0.04595736414194107
aeeem_mylyn,hybrid,xgboost,10,9,871,1,1,0.7320395112037659
aeeem_mylyn,hybrid,xgboost,10,9,872,0,1,0.5201307535171509
aeeem_mylyn,hybrid,xgboost,10,9,882,0,0,0.1584956794977188
aeeem_mylyn,hybrid,xgboost,10,9,901,0,0,0.0029565305449068546
aeeem_mylyn,hybrid,xgboost,10,9,905,0,0,0.027537459507584572
aeeem_mylyn,hybrid,xgboost,10,9,918,0,1,0.8865199089050293
aeeem_mylyn,hybrid,xgboost,10,9,925,0,0,0.015173770487308502
aeeem_mylyn,hybrid,xgboost,10,9,933,0,0,0.20281283557415009
aeeem_mylyn,hybrid,xgboost,10,9,935,1,0,0.10016605257987976
aeeem_mylyn,hybrid,xgboost,10,9,939,0,0,0.3050707280635834
aeeem_mylyn,hybrid,xgboost,10,9,962,0,0,0.022109592333436012
aeeem_mylyn,hybrid,xgboost,10,9,973,1,0,0.3769536018371582
aeeem_mylyn,hybrid,xgboost,10,9,981,0,0,0.17875461280345917
aeeem_mylyn,hybrid,xgboost,10,9,985,1,0,0.23956555128097534
aeeem_mylyn,hybrid,xgboost,10,9,989,0,1,0.8780681490898132
aeeem_mylyn,hybrid,xgboost,10,9,994,0,0,0.33090099692344666
aeeem_mylyn,hybrid,xgboost,10,9,996,0,0,0.0024767653085291386
aeeem_mylyn,hybrid,xgboost,10,9,998,0,0,0.20686069130897522
aeeem_mylyn,hybrid,xgboost,10,9,1013,0,0,0.006971030030399561
aeeem_mylyn,hybrid,xgboost,10,9,1017,0,0,0.14801087975502014
aeeem_mylyn,hybrid,xgboost,10,9,1021,0,1,0.5705037713050842
aeeem_mylyn,hybrid,xgboost,10,9,1025,0,0,0.20366869866847992
aeeem_mylyn,hybrid,xgboost,10,9,1029,1,1,0.7919426560401917
aeeem_mylyn,hybrid,xgboost,10,9,1035,0,0,0.007565965410321951
aeeem_mylyn,hybrid,xgboost,10,9,1042,0,0,0.030241332948207855
aeeem_mylyn,hybrid,xgboost,10,9,1046,0,0,0.023116912692785263
aeeem_mylyn,hybrid,xgboost,10,9,1057,0,0,0.44777926802635193
aeeem_mylyn,hybrid,xgboost,10,9,1058,0,0,0.03871477022767067
aeeem_mylyn,hybrid,xgboost,10,9,1062,0,0,0.03534337878227234
aeeem_mylyn,hybrid,xgboost,10,9,1064,0,0,0.007414024323225021
aeeem_mylyn,hybrid,xgboost,10,9,1079,0,0,0.237994983792305
aeeem_mylyn,hybrid,xgboost,10,9,1082,0,0,0.0430053286254406
aeeem_mylyn,hybrid,xgboost,10,9,1085,0,0,0.2787759602069855
aeeem_mylyn,hybrid,xgboost,10,9,1101,0,0,0.009707669727504253
aeeem_mylyn,hybrid,xgboost,10,9,1123,0,0,0.004614990204572678
aeeem_mylyn,hybrid,xgboost,10,9,1158,1,0,0.0836121141910553
aeeem_mylyn,hybrid,xgboost,10,9,1162,0,0,0.19473884999752045
aeeem_mylyn,hybrid,xgboost,10,9,1166,0,0,0.2668893337249756
aeeem_mylyn,hybrid,xgboost,10,9,1167,0,1,0.6389526724815369
aeeem_mylyn,hybrid,xgboost,10,9,1174,1,1,0.7457408308982849
aeeem_mylyn,hybrid,xgboost,10,9,1184,0,0,0.053212594240903854
aeeem_mylyn,hybrid,xgboost,10,9,1225,0,0,0.21285735070705414
aeeem_mylyn,hybrid,xgboost,10,9,1229,0,0,0.06903176754713058
aeeem_mylyn,hybrid,xgboost,10,9,1236,0,0,0.10345400869846344
aeeem_mylyn,hybrid,xgboost,10,9,1248,0,0,0.0023000959772616625
aeeem_mylyn,hybrid,xgboost,10,9,1298,0,0,0.004732845816761255
aeeem_mylyn,hybrid,xgboost,10,9,1312,0,0,0.10991613566875458
aeeem_mylyn,hybrid,xgboost,10,9,1315,0,0,0.37504643201828003
aeeem_mylyn,hybrid,xgboost,10,9,1320,0,0,0.024655720219016075
aeeem_mylyn,hybrid,xgboost,10,9,1338,0,0,0.34443196654319763
aeeem_mylyn,hybrid,xgboost,10,9,1342,1,1,0.5279613137245178
aeeem_mylyn,hybrid,xgboost,10,9,1343,0,1,0.584341824054718
aeeem_mylyn,hybrid,xgboost,10,9,1348,0,0,0.056657955050468445
aeeem_mylyn,hybrid,xgboost,10,9,1358,0,0,0.007051875814795494
aeeem_mylyn,hybrid,xgboost,10,9,1383,0,1,0.5652943849563599
aeeem_mylyn,hybrid,xgboost,10,9,1391,0,0,0.013747562654316425
aeeem_mylyn,hybrid,xgboost,10,9,1400,0,0,0.09651065617799759
aeeem_mylyn,hybrid,xgboost,10,9,1442,1,0,0.16231125593185425
aeeem_mylyn,hybrid,xgboost,10,9,1458,0,0,0.07430066168308258
aeeem_mylyn,hybrid,xgboost,10,9,1467,0,0,0.0576312355697155
aeeem_mylyn,hybrid,xgboost,10,9,1469,0,0,0.23001211881637573
aeeem_mylyn,hybrid,xgboost,10,9,1470,0,1,0.5679131150245667
aeeem_mylyn,hybrid,xgboost,10,9,1471,1,0,0.2217070758342743
aeeem_mylyn,hybrid,xgboost,10,9,1485,0,0,0.011196999810636044
aeeem_mylyn,hybrid,xgboost,10,9,1487,0,0,0.15882810950279236
aeeem_mylyn,hybrid,xgboost,10,9,1498,1,1,0.8550297617912292
aeeem_mylyn,hybrid,xgboost,10,9,1507,0,1,0.5214352011680603
aeeem_mylyn,hybrid,xgboost,10,9,1512,0,0,0.3245956599712372
aeeem_mylyn,hybrid,xgboost,10,9,1517,0,0,0.0661608874797821
aeeem_mylyn,hybrid,xgboost,10,9,1518,0,0,0.02527425065636635
aeeem_mylyn,hybrid,xgboost,10,9,1525,0,0,0.18827173113822937
aeeem_mylyn,hybrid,xgboost,10,9,1533,0,0,0.11439154297113419
aeeem_mylyn,hybrid,xgboost,10,9,1546,0,0,0.007605078164488077
aeeem_mylyn,hybrid,xgboost,10,9,1549,0,0,0.020071497187018394
aeeem_mylyn,hybrid,xgboost,10,9,1553,0,0,0.2602784037590027
aeeem_mylyn,hybrid,xgboost,10,9,1555,0,0,0.011574864387512207
aeeem_mylyn,hybrid,xgboost,10,9,1562,0,1,0.6669606566429138
aeeem_mylyn,hybrid,xgboost,10,9,1564,0,0,0.04208037629723549
aeeem_mylyn,hybrid,xgboost,10,9,1584,0,0,0.12150014191865921
aeeem_mylyn,hybrid,xgboost,10,9,1587,0,0,0.01531397458165884
aeeem_mylyn,hybrid,xgboost,10,9,1610,0,0,0.0056000566110014915
aeeem_mylyn,hybrid,xgboost,10,9,1619,0,0,0.006547100841999054
aeeem_mylyn,hybrid,xgboost,10,9,1620,0,0,0.03835584968328476
aeeem_mylyn,hybrid,xgboost,10,9,1621,0,1,0.6210029721260071
aeeem_mylyn,hybrid,xgboost,10,9,1627,0,0,0.24572870135307312
aeeem_mylyn,hybrid,xgboost,10,9,1629,1,1,0.5005224347114563
aeeem_mylyn,hybrid,xgboost,10,9,1632,1,1,0.8550297617912292
aeeem_mylyn,hybrid,xgboost,10,9,1634,0,0,0.007318595889955759
aeeem_mylyn,hybrid,xgboost,10,9,1638,0,0,0.09208840131759644
aeeem_mylyn,hybrid,xgboost,10,9,1643,0,0,0.03537437692284584
aeeem_mylyn,hybrid,xgboost,10,9,1644,0,0,0.03005972132086754
aeeem_mylyn,hybrid,xgboost,10,9,1646,0,0,0.04196638613939285
aeeem_mylyn,hybrid,xgboost,10,9,1651,0,0,0.19354583323001862
aeeem_mylyn,hybrid,xgboost,10,9,1652,0,1,0.8335229158401489
aeeem_mylyn,hybrid,xgboost,10,9,1666,1,0,0.034234777092933655
aeeem_mylyn,hybrid,xgboost,10,9,1674,0,1,0.6463433504104614
aeeem_mylyn,hybrid,xgboost,10,9,1682,1,1,0.9443169236183167
aeeem_mylyn,hybrid,xgboost,10,9,1700,1,0,0.4385240972042084
aeeem_mylyn,hybrid,xgboost,10,9,1730,0,0,0.21419088542461395
aeeem_mylyn,hybrid,xgboost,10,9,1766,0,0,0.2651524245738983
aeeem_mylyn,hybrid,xgboost,10,9,1769,0,0,0.002252562902867794
aeeem_mylyn,hybrid,xgboost,10,9,1775,0,0,0.04702994227409363
aeeem_mylyn,hybrid,xgboost,10,9,1779,0,0,0.1342509388923645
aeeem_mylyn,hybrid,xgboost,10,9,1781,0,0,0.02863124944269657
aeeem_mylyn,hybrid,xgboost,10,9,1785,0,0,0.39093512296676636
aeeem_mylyn,hybrid,xgboost,10,9,1794,0,0,0.2582649886608124
aeeem_mylyn,hybrid,xgboost,10,9,1795,1,0,0.4253254234790802
aeeem_mylyn,hybrid,xgboost,10,9,1824,0,0,0.45675066113471985
aeeem_mylyn,hybrid,xgboost,10,9,1826,1,0,0.2966877520084381
aeeem_mylyn,hybrid,xgboost,10,9,1836,0,0,0.05132999271154404
aeeem_mylyn,hybrid,xgboost,10,9,1840,0,0,0.4709554612636566
aeeem_mylyn,hybrid,xgboost,10,9,1845,0,0,0.16294242441654205
aeeem_mylyn,hybrid,xgboost,10,10,6,0,0,0.0012227591359987855
aeeem_mylyn,hybrid,xgboost,10,10,29,0,0,0.07101606577634811
aeeem_mylyn,hybrid,xgboost,10,10,47,0,0,0.018784277141094208
aeeem_mylyn,hybrid,xgboost,10,10,59,0,0,0.13806982338428497
aeeem_mylyn,hybrid,xgboost,10,10,63,1,1,0.5515978932380676
aeeem_mylyn,hybrid,xgboost,10,10,74,0,1,0.521168053150177
aeeem_mylyn,hybrid,xgboost,10,10,110,0,0,0.006753156427294016
aeeem_mylyn,hybrid,xgboost,10,10,112,0,0,0.20377562940120697
aeeem_mylyn,hybrid,xgboost,10,10,131,0,0,0.005385075695812702
aeeem_mylyn,hybrid,xgboost,10,10,147,0,0,0.019469507038593292
aeeem_mylyn,hybrid,xgboost,10,10,161,0,0,0.1480056345462799
aeeem_mylyn,hybrid,xgboost,10,10,180,0,0,0.07709383964538574
aeeem_mylyn,hybrid,xgboost,10,10,184,0,0,0.38811179995536804
aeeem_mylyn,hybrid,xgboost,10,10,188,0,0,0.3550362288951874
aeeem_mylyn,hybrid,xgboost,10,10,196,0,1,0.6369906663894653
aeeem_mylyn,hybrid,xgboost,10,10,200,0,0,0.06741002947092056
aeeem_mylyn,hybrid,xgboost,10,10,210,0,0,0.02318669483065605
aeeem_mylyn,hybrid,xgboost,10,10,211,0,0,0.023062653839588165
aeeem_mylyn,hybrid,xgboost,10,10,233,1,0,0.13298355042934418
aeeem_mylyn,hybrid,xgboost,10,10,243,0,0,0.3992385268211365
aeeem_mylyn,hybrid,xgboost,10,10,254,0,0,0.07506950944662094
aeeem_mylyn,hybrid,xgboost,10,10,257,1,1,0.9000182151794434
aeeem_mylyn,hybrid,xgboost,10,10,277,0,0,0.04253952205181122
aeeem_mylyn,hybrid,xgboost,10,10,294,0,0,0.0020155110396444798
aeeem_mylyn,hybrid,xgboost,10,10,301,0,0,0.059279922395944595
aeeem_mylyn,hybrid,xgboost,10,10,308,0,0,0.015935318544507027
aeeem_mylyn,hybrid,xgboost,10,10,327,0,0,0.04604639485478401
aeeem_mylyn,hybrid,xgboost,10,10,348,0,0,0.005621789954602718
aeeem_mylyn,hybrid,xgboost,10,10,350,0,0,0.014723832719027996
aeeem_mylyn,hybrid,xgboost,10,10,360,0,0,0.09597893059253693
aeeem_mylyn,hybrid,xgboost,10,10,368,0,0,0.022116051986813545
aeeem_mylyn,hybrid,xgboost,10,10,372,0,0,0.006714371498674154
aeeem_mylyn,hybrid,xgboost,10,10,380,1,0,0.4682227075099945
aeeem_mylyn,hybrid,xgboost,10,10,382,0,0,0.09141328185796738
aeeem_mylyn,hybrid,xgboost,10,10,400,0,0,0.011027171276509762
aeeem_mylyn,hybrid,xgboost,10,10,406,0,0,0.11118462681770325
aeeem_mylyn,hybrid,xgboost,10,10,414,0,0,0.06287118047475815
aeeem_mylyn,hybrid,xgboost,10,10,422,0,0,0.08554218709468842
aeeem_mylyn,hybrid,xgboost,10,10,426,0,0,0.09118251502513885
aeeem_mylyn,hybrid,xgboost,10,10,434,0,0,0.04004373028874397
aeeem_mylyn,hybrid,xgboost,10,10,443,0,1,0.5520078539848328
aeeem_mylyn,hybrid,xgboost,10,10,458,0,0,0.03797569498419762
aeeem_mylyn,hybrid,xgboost,10,10,463,0,0,0.11774428933858871
aeeem_mylyn,hybrid,xgboost,10,10,465,1,1,0.5258945822715759
aeeem_mylyn,hybrid,xgboost,10,10,467,0,0,0.07660569250583649
aeeem_mylyn,hybrid,xgboost,10,10,471,0,0,0.0006115023279562593
aeeem_mylyn,hybrid,xgboost,10,10,482,0,0,0.4530469477176666
aeeem_mylyn,hybrid,xgboost,10,10,483,0,0,0.20101863145828247
aeeem_mylyn,hybrid,xgboost,10,10,489,0,0,0.07116223126649857
aeeem_mylyn,hybrid,xgboost,10,10,493,0,0,0.027410274371504784
aeeem_mylyn,hybrid,xgboost,10,10,516,1,1,0.8508506417274475
aeeem_mylyn,hybrid,xgboost,10,10,521,1,0,0.38445454835891724
aeeem_mylyn,hybrid,xgboost,10,10,527,1,0,0.26509541273117065
aeeem_mylyn,hybrid,xgboost,10,10,553,0,1,0.7505896687507629
aeeem_mylyn,hybrid,xgboost,10,10,568,0,0,0.08473002165555954
aeeem_mylyn,hybrid,xgboost,10,10,582,0,0,0.2671658396720886
aeeem_mylyn,hybrid,xgboost,10,10,586,0,0,0.015513877384364605
aeeem_mylyn,hybrid,xgboost,10,10,598,0,0,0.0636233314871788
aeeem_mylyn,hybrid,xgboost,10,10,613,0,0,0.14537210762500763
aeeem_mylyn,hybrid,xgboost,10,10,624,0,0,0.010740039870142937
aeeem_mylyn,hybrid,xgboost,10,10,637,0,1,0.9101175665855408
aeeem_mylyn,hybrid,xgboost,10,10,643,1,0,0.0925922766327858
aeeem_mylyn,hybrid,xgboost,10,10,659,0,0,0.07480626553297043
aeeem_mylyn,hybrid,xgboost,10,10,661,0,0,0.10462760925292969
aeeem_mylyn,hybrid,xgboost,10,10,663,0,0,0.4946049153804779
aeeem_mylyn,hybrid,xgboost,10,10,674,0,0,0.0049835629761219025
aeeem_mylyn,hybrid,xgboost,10,10,700,0,0,0.09028322249650955
aeeem_mylyn,hybrid,xgboost,10,10,705,0,0,0.05810730904340744
aeeem_mylyn,hybrid,xgboost,10,10,710,0,0,0.006795719265937805
aeeem_mylyn,hybrid,xgboost,10,10,715,0,0,0.007823658175766468
aeeem_mylyn,hybrid,xgboost,10,10,717,0,0,0.04668585956096649
aeeem_mylyn,hybrid,xgboost,10,10,723,0,0,0.49973586201667786
aeeem_mylyn,hybrid,xgboost,10,10,729,0,1,0.6135305762290955
aeeem_mylyn,hybrid,xgboost,10,10,752,0,1,0.6215758919715881
aeeem_mylyn,hybrid,xgboost,10,10,762,0,0,0.01369775366038084
aeeem_mylyn,hybrid,xgboost,10,10,787,0,0,0.027584053575992584
aeeem_mylyn,hybrid,xgboost,10,10,795,0,1,0.5823577642440796
aeeem_mylyn,hybrid,xgboost,10,10,797,0,0,0.2578321099281311
aeeem_mylyn,hybrid,xgboost,10,10,800,0,0,0.11846575886011124
aeeem_mylyn,hybrid,xgboost,10,10,811,1,1,0.6227668523788452
aeeem_mylyn,hybrid,xgboost,10,10,841,0,0,0.00361685361713171
aeeem_mylyn,hybrid,xgboost,10,10,843,0,0,0.004195224028080702
aeeem_mylyn,hybrid,xgboost,10,10,844,1,1,0.6101058125495911
aeeem_mylyn,hybrid,xgboost,10,10,848,0,0,0.40019625425338745
aeeem_mylyn,hybrid,xgboost,10,10,851,0,0,0.022141383960843086
aeeem_mylyn,hybrid,xgboost,10,10,866,0,0,0.026712611317634583
aeeem_mylyn,hybrid,xgboost,10,10,874,0,1,0.8681142330169678
aeeem_mylyn,hybrid,xgboost,10,10,902,0,0,0.22493726015090942
aeeem_mylyn,hybrid,xgboost,10,10,922,0,0,0.022229677066206932
aeeem_mylyn,hybrid,xgboost,10,10,950,0,0,0.16545704007148743
aeeem_mylyn,hybrid,xgboost,10,10,972,0,0,0.018548253923654556
aeeem_mylyn,hybrid,xgboost,10,10,978,0,0,0.004648409318178892
aeeem_mylyn,hybrid,xgboost,10,10,990,0,1,0.5727940797805786
aeeem_mylyn,hybrid,xgboost,10,10,992,0,0,0.005052672233432531
aeeem_mylyn,hybrid,xgboost,10,10,1007,0,0,0.024207869544625282
aeeem_mylyn,hybrid,xgboost,10,10,1031,1,0,0.32271695137023926
aeeem_mylyn,hybrid,xgboost,10,10,1045,0,0,0.006343954708427191
aeeem_mylyn,hybrid,xgboost,10,10,1076,0,0,0.008322013542056084
aeeem_mylyn,hybrid,xgboost,10,10,1084,0,0,0.008371693082153797
aeeem_mylyn,hybrid,xgboost,10,10,1106,0,0,0.31487488746643066
aeeem_mylyn,hybrid,xgboost,10,10,1107,1,0,0.35517528653144836
aeeem_mylyn,hybrid,xgboost,10,10,1114,0,0,0.13695836067199707
aeeem_mylyn,hybrid,xgboost,10,10,1119,0,0,0.050214920192956924
aeeem_mylyn,hybrid,xgboost,10,10,1121,0,0,0.11041095107793808
aeeem_mylyn,hybrid,xgboost,10,10,1125,0,0,0.0037248816806823015
aeeem_mylyn,hybrid,xgboost,10,10,1129,1,1,0.5564780831336975
aeeem_mylyn,hybrid,xgboost,10,10,1157,0,1,0.6421601176261902
aeeem_mylyn,hybrid,xgboost,10,10,1173,0,1,0.7150973081588745
aeeem_mylyn,hybrid,xgboost,10,10,1177,0,0,0.04395510256290436
aeeem_mylyn,hybrid,xgboost,10,10,1181,0,1,0.6051859259605408
aeeem_mylyn,hybrid,xgboost,10,10,1191,0,0,0.11542250961065292
aeeem_mylyn,hybrid,xgboost,10,10,1200,0,0,0.2251472920179367
aeeem_mylyn,hybrid,xgboost,10,10,1205,0,0,0.05136849731206894
aeeem_mylyn,hybrid,xgboost,10,10,1206,1,1,0.8798241019248962
aeeem_mylyn,hybrid,xgboost,10,10,1211,0,0,0.12044738233089447
aeeem_mylyn,hybrid,xgboost,10,10,1219,1,1,0.5601551532745361
aeeem_mylyn,hybrid,xgboost,10,10,1249,0,0,0.004440406337380409
aeeem_mylyn,hybrid,xgboost,10,10,1255,0,1,0.8798241019248962
aeeem_mylyn,hybrid,xgboost,10,10,1260,0,0,0.041841547936201096
aeeem_mylyn,hybrid,xgboost,10,10,1269,1,1,0.845060408115387
aeeem_mylyn,hybrid,xgboost,10,10,1272,0,0,0.030392460525035858
aeeem_mylyn,hybrid,xgboost,10,10,1280,0,0,0.023381449282169342
aeeem_mylyn,hybrid,xgboost,10,10,1284,0,0,0.03488900884985924
aeeem_mylyn,hybrid,xgboost,10,10,1290,0,0,0.014787894673645496
aeeem_mylyn,hybrid,xgboost,10,10,1299,0,0,0.054469477385282516
aeeem_mylyn,hybrid,xgboost,10,10,1307,0,0,0.1695851981639862
aeeem_mylyn,hybrid,xgboost,10,10,1316,0,0,0.02835891582071781
aeeem_mylyn,hybrid,xgboost,10,10,1326,0,0,0.3164893686771393
aeeem_mylyn,hybrid,xgboost,10,10,1329,0,0,0.02605726756155491
aeeem_mylyn,hybrid,xgboost,10,10,1331,1,1,0.6838593482971191
aeeem_mylyn,hybrid,xgboost,10,10,1344,0,0,0.15516655147075653
aeeem_mylyn,hybrid,xgboost,10,10,1370,0,0,0.09808311611413956
aeeem_mylyn,hybrid,xgboost,10,10,1388,0,0,0.1718747764825821
aeeem_mylyn,hybrid,xgboost,10,10,1394,0,0,0.12043162435293198
aeeem_mylyn,hybrid,xgboost,10,10,1412,1,0,0.06649388372898102
aeeem_mylyn,hybrid,xgboost,10,10,1428,0,0,0.028999321162700653
aeeem_mylyn,hybrid,xgboost,10,10,1447,0,0,0.03918180987238884
aeeem_mylyn,hybrid,xgboost,10,10,1450,0,0,0.0399901382625103
aeeem_mylyn,hybrid,xgboost,10,10,1453,0,0,0.04564174264669418
aeeem_mylyn,hybrid,xgboost,10,10,1457,0,0,0.24347269535064697
aeeem_mylyn,hybrid,xgboost,10,10,1481,0,0,0.0034116748720407486
aeeem_mylyn,hybrid,xgboost,10,10,1491,0,0,0.08490485697984695
aeeem_mylyn,hybrid,xgboost,10,10,1500,0,0,0.010604734532535076
aeeem_mylyn,hybrid,xgboost,10,10,1508,0,0,0.06193698197603226
aeeem_mylyn,hybrid,xgboost,10,10,1510,0,0,0.07995036989450455
aeeem_mylyn,hybrid,xgboost,10,10,1519,0,0,0.009531291201710701
aeeem_mylyn,hybrid,xgboost,10,10,1529,0,0,0.02064429596066475
aeeem_mylyn,hybrid,xgboost,10,10,1536,0,0,0.4357508420944214
aeeem_mylyn,hybrid,xgboost,10,10,1541,0,0,0.008982164785265923
aeeem_mylyn,hybrid,xgboost,10,10,1544,0,0,0.004848958924412727
aeeem_mylyn,hybrid,xgboost,10,10,1558,0,0,0.3850664496421814
aeeem_mylyn,hybrid,xgboost,10,10,1561,1,1,0.5611132979393005
aeeem_mylyn,hybrid,xgboost,10,10,1569,0,0,0.018600786104798317
aeeem_mylyn,hybrid,xgboost,10,10,1570,0,0,0.13131670653820038
aeeem_mylyn,hybrid,xgboost,10,10,1575,0,0,0.025826910510659218
aeeem_mylyn,hybrid,xgboost,10,10,1579,0,0,0.006997380871325731
aeeem_mylyn,hybrid,xgboost,10,10,1582,0,0,0.05469623953104019
aeeem_mylyn,hybrid,xgboost,10,10,1599,0,0,0.1005394384264946
aeeem_mylyn,hybrid,xgboost,10,10,1606,0,1,0.698276162147522
aeeem_mylyn,hybrid,xgboost,10,10,1607,0,0,0.4745335280895233
aeeem_mylyn,hybrid,xgboost,10,10,1617,0,0,0.04818601906299591
aeeem_mylyn,hybrid,xgboost,10,10,1623,0,0,0.13413158059120178
aeeem_mylyn,hybrid,xgboost,10,10,1631,0,1,0.6302101016044617
aeeem_mylyn,hybrid,xgboost,10,10,1648,0,0,0.011373830959200859
aeeem_mylyn,hybrid,xgboost,10,10,1653,0,0,0.059279922395944595
aeeem_mylyn,hybrid,xgboost,10,10,1654,0,0,0.40019625425338745
aeeem_mylyn,hybrid,xgboost,10,10,1673,0,0,0.006875844206660986
aeeem_mylyn,hybrid,xgboost,10,10,1675,1,0,0.14274534583091736
aeeem_mylyn,hybrid,xgboost,10,10,1694,0,0,0.008648870512843132
aeeem_mylyn,hybrid,xgboost,10,10,1714,1,1,0.5311777591705322
aeeem_mylyn,hybrid,xgboost,10,10,1727,0,0,0.10621781647205353
aeeem_mylyn,hybrid,xgboost,10,10,1750,0,0,0.30587324500083923
aeeem_mylyn,hybrid,xgboost,10,10,1752,0,0,0.20975694060325623
aeeem_mylyn,hybrid,xgboost,10,10,1763,0,0,0.059279922395944595
aeeem_mylyn,hybrid,xgboost,10,10,1777,0,0,0.009477715007960796
aeeem_mylyn,hybrid,xgboost,10,10,1778,0,0,0.020790699869394302
aeeem_mylyn,hybrid,xgboost,10,10,1801,0,0,0.06447021663188934
aeeem_mylyn,hybrid,xgboost,10,10,1803,0,0,0.004637193400412798
aeeem_mylyn,hybrid,xgboost,10,10,1806,1,1,0.8082044720649719
aeeem_mylyn,hybrid,xgboost,10,10,1809,0,0,0.29577624797821045
aeeem_mylyn,hybrid,xgboost,10,10,1815,0,0,0.004157607909291983
aeeem_mylyn,hybrid,xgboost,10,10,1834,1,0,0.3374892771244049
aeeem_mylyn,hybrid,xgboost,10,10,1837,0,0,0.048230916261672974
aeeem_mylyn,hybrid,xgboost,10,10,1841,1,0,0.2992323637008667
aeeem_mylyn,hybrid,xgboost,10,10,1847,0,0,0.0048236362636089325
aeeem_mylyn,hybrid,xgboost,10,10,1860,0,1,0.756912887096405
