dataset,feature_set,model,cv_folds,fold,row_index,y_true,y_pred,y_score
aeeem_mylyn,static,logistic_regression,5,1,0,0,1,0.5166363067175651
aeeem_mylyn,static,logistic_regression,5,1,9,0,0,0.3169191026225014
aeeem_mylyn,static,logistic_regression,5,1,13,0,0,0.19391917740084536
aeeem_mylyn,static,logistic_regression,5,1,17,0,1,0.5078852885116864
aeeem_mylyn,static,logistic_regression,5,1,19,0,0,0.09053412494940599
aeeem_mylyn,static,logistic_regression,5,1,20,0,0,0.27455120757771106
aeeem_mylyn,static,logistic_regression,5,1,21,0,0,0.42508143108029844
aeeem_mylyn,static,logistic_regression,5,1,22,0,1,0.8483380231618405
aeeem_mylyn,static,logistic_regression,5,1,28,0,0,0.00532819445101499
aeeem_mylyn,static,logistic_regression,5,1,32,0,1,0.5672499990509784
aeeem_mylyn,static,logistic_regression,5,1,35,0,0,0.41712464751788914
aeeem_mylyn,static,logistic_regression,5,1,36,0,1,0.5668500658505281
aeeem_mylyn,static,logistic_regression,5,1,51,1,1,0.7968318795845672
aeeem_mylyn,static,logistic_regression,5,1,52,0,0,0.25546559910451344
aeeem_mylyn,static,logistic_regression,5,1,53,0,0,0.0788117096307736
aeeem_mylyn,static,logistic_regression,5,1,54,0,0,0.3006440843001355
aeeem_mylyn,static,logistic_regression,5,1,62,0,0,0.43423566353145865
aeeem_mylyn,static,logistic_regression,5,1,69,0,0,0.2903257551942671
aeeem_mylyn,static,logistic_regression,5,1,76,0,0,0.34706283663463056
aeeem_mylyn,static,logistic_regression,5,1,78,0,0,0.047040091167317465
aeeem_mylyn,static,logistic_regression,5,1,81,0,0,0.4633767718698373
aeeem_mylyn,static,logistic_regression,5,1,90,0,0,0.21824665329605983
aeeem_mylyn,static,logistic_regression,5,1,91,0,1,0.6576476284095791
aeeem_mylyn,static,logistic_regression,5,1,94,0,0,0.3017569651848181
aeeem_mylyn,static,logistic_regression,5,1,107,0,0,0.40322341648220694
aeeem_mylyn,static,logistic_regression,5,1,114,1,0,0.39318065680518993
aeeem_mylyn,static,logistic_regression,5,1,116,0,0,0.2385981677168771
aeeem_mylyn,static,logistic_regression,5,1,129,1,1,0.9777862101788036
aeeem_mylyn,static,logistic_regression,5,1,134,1,0,0.40322341648220694
aeeem_mylyn,static,logistic_regression,5,1,140,0,0,0.2621037224785666
aeeem_mylyn,static,logistic_regression,5,1,141,0,0,0.34592652664042317
aeeem_mylyn,static,logistic_regression,5,1,144,0,0,0.3503238032744716
aeeem_mylyn,static,logistic_regression,5,1,151,0,1,0.6415050053645908
aeeem_mylyn,static,logistic_regression,5,1,152,0,0,0.3345638231026746
aeeem_mylyn,static,logistic_regression,5,1,153,0,0,0.12655610688898566
aeeem_mylyn,static,logistic_regression,5,1,154,0,0,0.18496463516164216
aeeem_mylyn,static,logistic_regression,5,1,160,0,0,0.3527025496597889
aeeem_mylyn,static,logistic_regression,5,1,162,0,0,0.2855390789193224
aeeem_mylyn,static,logistic_regression,5,1,167,0,0,0.4576518342552459
aeeem_mylyn,static,logistic_regression,5,1,170,0,1,0.8246517123771574
aeeem_mylyn,static,logistic_regression,5,1,174,0,1,0.6484827616512924
aeeem_mylyn,static,logistic_regression,5,1,176,0,1,0.5725107726353647
aeeem_mylyn,static,logistic_regression,5,1,186,1,1,0.5287339122864896
aeeem_mylyn,static,logistic_regression,5,1,187,0,0,0.09520456127963697
aeeem_mylyn,static,logistic_regression,5,1,201,0,0,0.3083358826215372
aeeem_mylyn,static,logistic_regression,5,1,219,0,0,0.3183428752557968
aeeem_mylyn,static,logistic_regression,5,1,223,0,0,0.2481243314558655
aeeem_mylyn,static,logistic_regression,5,1,225,0,0,0.040584866402290726
aeeem_mylyn,static,logistic_regression,5,1,228,0,0,0.3757515511274159
aeeem_mylyn,static,logistic_regression,5,1,235,0,1,0.8366807461661221
aeeem_mylyn,static,logistic_regression,5,1,241,0,0,0.1290270928616905
aeeem_mylyn,static,logistic_regression,5,1,245,0,0,0.458033959853599
aeeem_mylyn,static,logistic_regression,5,1,247,1,1,0.7490754076649656
aeeem_mylyn,static,logistic_regression,5,1,251,0,0,0.2551326008998244
aeeem_mylyn,static,logistic_regression,5,1,252,1,0,0.43391269072970245
aeeem_mylyn,static,logistic_regression,5,1,261,1,1,0.826174787882678
aeeem_mylyn,static,logistic_regression,5,1,262,0,0,0.21682991579843927
aeeem_mylyn,static,logistic_regression,5,1,263,0,0,0.3464279286568695
aeeem_mylyn,static,logistic_regression,5,1,266,1,0,0.4817055166814421
aeeem_mylyn,static,logistic_regression,5,1,279,0,0,0.414621563551685
aeeem_mylyn,static,logistic_regression,5,1,283,0,0,0.16002597533700566
aeeem_mylyn,static,logistic_regression,5,1,295,0,0,0.2556995644699412
aeeem_mylyn,static,logistic_regression,5,1,296,0,0,0.3965630782356238
aeeem_mylyn,static,logistic_regression,5,1,297,0,1,0.5110249693634107
aeeem_mylyn,static,logistic_regression,5,1,298,0,0,0.3422756546146958
aeeem_mylyn,static,logistic_regression,5,1,300,0,0,0.1857442547278636
aeeem_mylyn,static,logistic_regression,5,1,302,0,0,0.34206960394392283
aeeem_mylyn,static,logistic_regression,5,1,311,0,0,0.3990079927346109
aeeem_mylyn,static,logistic_regression,5,1,335,0,0,0.3324921761390239
aeeem_mylyn,static,logistic_regression,5,1,341,0,1,0.5847682536343348
aeeem_mylyn,static,logistic_regression,5,1,343,1,1,0.5580891981262027
aeeem_mylyn,static,logistic_regression,5,1,345,0,1,0.6534946395534755
aeeem_mylyn,static,logistic_regression,5,1,351,0,0,0.21864834835722216
aeeem_mylyn,static,logistic_regression,5,1,352,0,0,0.07458445692084037
aeeem_mylyn,static,logistic_regression,5,1,354,0,0,0.15533902980376904
aeeem_mylyn,static,logistic_regression,5,1,365,0,0,0.0120169972245677
aeeem_mylyn,static,logistic_regression,5,1,367,0,0,0.32524068898307074
aeeem_mylyn,static,logistic_regression,5,1,375,1,1,0.9795156415817167
aeeem_mylyn,static,logistic_regression,5,1,393,0,0,0.09590218697916346
aeeem_mylyn,static,logistic_regression,5,1,397,0,0,0.2897379162255978
aeeem_mylyn,static,logistic_regression,5,1,403,0,0,0.3765827000286967
aeeem_mylyn,static,logistic_regression,5,1,407,0,0,0.468192015854714
aeeem_mylyn,static,logistic_regression,5,1,421,0,0,0.42023393092129563
aeeem_mylyn,static,logistic_regression,5,1,423,1,0,0.2717803162217033
aeeem_mylyn,static,logistic_regression,5,1,427,0,0,0.4082666818000955
aeeem_mylyn,static,logistic_regression,5,1,429,0,0,0.3548446779724182
aeeem_mylyn,static,logistic_regression,5,1,432,0,0,0.3923238027631395
aeeem_mylyn,static,logistic_regression,5,1,438,0,1,0.6616314583429787
aeeem_mylyn,static,logistic_regression,5,1,441,1,0,0.16169470760670837
aeeem_mylyn,static,logistic_regression,5,1,448,0,0,0.12499504449006084
aeeem_mylyn,static,logistic_regression,5,1,469,1,1,0.9890054634429527
aeeem_mylyn,static,logistic_regression,5,1,474,0,0,0.338168888886395
aeeem_mylyn,static,logistic_regression,5,1,476,0,0,0.32072087716375164
aeeem_mylyn,static,logistic_regression,5,1,486,1,1,0.8177931199899373
aeeem_mylyn,static,logistic_regression,5,1,487,0,0,0.22325581827597732
aeeem_mylyn,static,logistic_regression,5,1,491,0,0,0.3218660116028096
aeeem_mylyn,static,logistic_regression,5,1,492,0,0,0.3470779768668171
aeeem_mylyn,static,logistic_regression,5,1,496,0,0,0.44229481416470395
aeeem_mylyn,static,logistic_regression,5,1,505,0,0,0.40322341648220694
aeeem_mylyn,static,logistic_regression,5,1,506,0,0,0.44910755814149184
aeeem_mylyn,static,logistic_regression,5,1,509,0,0,0.08697817923701613
aeeem_mylyn,static,logistic_regression,5,1,515,0,0,0.41099127618138653
aeeem_mylyn,static,logistic_regression,5,1,520,0,1,0.7719693792198224
aeeem_mylyn,static,logistic_regression,5,1,526,0,0,0.4185510465991763
aeeem_mylyn,static,logistic_regression,5,1,530,0,1,0.7058681969169728
aeeem_mylyn,static,logistic_regression,5,1,534,0,0,0.2711781746168685
aeeem_mylyn,static,logistic_regression,5,1,542,0,0,0.3368760945669459
aeeem_mylyn,static,logistic_regression,5,1,548,0,0,0.25915971862250686
aeeem_mylyn,static,logistic_regression,5,1,551,0,0,0.4903693898607214
aeeem_mylyn,static,logistic_regression,5,1,555,0,0,0.4166799497582717
aeeem_mylyn,static,logistic_regression,5,1,560,0,0,0.3308447868825788
aeeem_mylyn,static,logistic_regression,5,1,570,0,0,0.19699272078357732
aeeem_mylyn,static,logistic_regression,5,1,593,0,0,0.07836632122651953
aeeem_mylyn,static,logistic_regression,5,1,595,1,0,0.40322341648220694
aeeem_mylyn,static,logistic_regression,5,1,596,0,0,0.2874647222557193
aeeem_mylyn,static,logistic_regression,5,1,599,1,0,0.2474058509143172
aeeem_mylyn,static,logistic_regression,5,1,603,0,0,0.32574164687849017
aeeem_mylyn,static,logistic_regression,5,1,608,0,0,0.22103226661670766
aeeem_mylyn,static,logistic_regression,5,1,614,0,0,0.2098499223185377
aeeem_mylyn,static,logistic_regression,5,1,622,0,0,0.34001327423216565
aeeem_mylyn,static,logistic_regression,5,1,628,0,0,0.36729777920241896
aeeem_mylyn,static,logistic_regression,5,1,629,0,1,0.5821621343452695
aeeem_mylyn,static,logistic_regression,5,1,640,0,1,0.558961683767611
aeeem_mylyn,static,logistic_regression,5,1,642,0,0,0.4120187730143587
aeeem_mylyn,static,logistic_regression,5,1,644,0,0,0.16848818622468198
aeeem_mylyn,static,logistic_regression,5,1,647,0,0,0.2165355017898183
aeeem_mylyn,static,logistic_regression,5,1,648,0,0,0.3945364097677309
aeeem_mylyn,static,logistic_regression,5,1,652,1,0,0.39813178493447315
aeeem_mylyn,static,logistic_regression,5,1,658,0,0,0.0897287036052533
aeeem_mylyn,static,logistic_regression,5,1,662,0,0,0.3367362956197054
aeeem_mylyn,static,logistic_regression,5,1,666,0,1,0.6509055933773495
aeeem_mylyn,static,logistic_regression,5,1,670,0,0,0.43508708518401423
aeeem_mylyn,static,logistic_regression,5,1,679,0,0,0.12926295304253935
aeeem_mylyn,static,logistic_regression,5,1,689,1,1,0.942244700340775
aeeem_mylyn,static,logistic_regression,5,1,694,0,0,0.38748389509690534
aeeem_mylyn,static,logistic_regression,5,1,698,0,1,0.7041930427427698
aeeem_mylyn,static,logistic_regression,5,1,699,0,0,0.32303691103171395
aeeem_mylyn,static,logistic_regression,5,1,701,0,0,0.3983165283505502
aeeem_mylyn,static,logistic_regression,5,1,706,1,0,0.37560381059307807
aeeem_mylyn,static,logistic_regression,5,1,708,0,0,0.2866984103844056
aeeem_mylyn,static,logistic_regression,5,1,709,0,0,0.4642330666305947
aeeem_mylyn,static,logistic_regression,5,1,734,0,1,0.6171927110833805
aeeem_mylyn,static,logistic_regression,5,1,737,0,0,0.34303918830296737
aeeem_mylyn,static,logistic_regression,5,1,738,0,0,0.26538680728208525
aeeem_mylyn,static,logistic_regression,5,1,739,0,1,0.7778784835890658
aeeem_mylyn,static,logistic_regression,5,1,740,0,0,0.29670527312782746
aeeem_mylyn,static,logistic_regression,5,1,744,0,0,0.3701420017254463
aeeem_mylyn,static,logistic_regression,5,1,750,0,0,0.2542748257371286
aeeem_mylyn,static,logistic_regression,5,1,753,0,1,0.9954035141621236
aeeem_mylyn,static,logistic_regression,5,1,758,0,0,0.42683684533962635
aeeem_mylyn,static,logistic_regression,5,1,763,0,1,0.5350528098115934
aeeem_mylyn,static,logistic_regression,5,1,766,1,0,0.1897559322748402
aeeem_mylyn,static,logistic_regression,5,1,772,0,0,0.47541169165465236
aeeem_mylyn,static,logistic_regression,5,1,775,0,1,0.6025632701243319
aeeem_mylyn,static,logistic_regression,5,1,776,0,0,0.3885232206606573
aeeem_mylyn,static,logistic_regression,5,1,777,0,1,0.5338398857256615
aeeem_mylyn,static,logistic_regression,5,1,780,0,1,0.8509201149251974
aeeem_mylyn,static,logistic_regression,5,1,782,0,0,0.32656530865174827
aeeem_mylyn,static,logistic_regression,5,1,783,0,0,0.16848818622468198
aeeem_mylyn,static,logistic_regression,5,1,802,0,0,0.00564635407625639
aeeem_mylyn,static,logistic_regression,5,1,804,0,0,0.32870912236064886
aeeem_mylyn,static,logistic_regression,5,1,818,0,0,0.3529768495080926
aeeem_mylyn,static,logistic_regression,5,1,826,0,1,0.723627660301815
aeeem_mylyn,static,logistic_regression,5,1,829,0,0,0.45107558637778405
aeeem_mylyn,static,logistic_regression,5,1,831,0,0,0.2998435361959996
aeeem_mylyn,static,logistic_regression,5,1,840,0,0,0.3757515511274159
aeeem_mylyn,static,logistic_regression,5,1,842,0,0,0.48741051757363846
aeeem_mylyn,static,logistic_regression,5,1,854,0,0,0.15561541111686683
aeeem_mylyn,static,logistic_regression,5,1,856,1,0,0.2763567220792744
aeeem_mylyn,static,logistic_regression,5,1,859,0,0,0.3309045510116113
aeeem_mylyn,static,logistic_regression,5,1,860,0,1,0.6038909975583393
aeeem_mylyn,static,logistic_regression,5,1,861,0,0,0.38570998066878787
aeeem_mylyn,static,logistic_regression,5,1,867,0,1,0.5751280339450086
aeeem_mylyn,static,logistic_regression,5,1,870,0,0,0.33921471876239434
aeeem_mylyn,static,logistic_regression,5,1,877,1,0,0.4634884088793135
aeeem_mylyn,static,logistic_regression,5,1,885,0,0,0.21226580304013581
aeeem_mylyn,static,logistic_regression,5,1,886,0,0,0.37934390503714793
aeeem_mylyn,static,logistic_regression,5,1,889,0,0,0.37037279429727554
aeeem_mylyn,static,logistic_regression,5,1,890,0,0,0.20893196262573974
aeeem_mylyn,static,logistic_regression,5,1,892,0,0,0.12119720887842866
aeeem_mylyn,static,logistic_regression,5,1,894,1,0,0.33289680394880955
aeeem_mylyn,static,logistic_regression,5,1,895,0,1,0.5180740486513286
aeeem_mylyn,static,logistic_regression,5,1,896,0,0,0.4869153593243162
aeeem_mylyn,static,logistic_regression,5,1,900,0,1,0.5748748859150428
aeeem_mylyn,static,logistic_regression,5,1,904,0,0,0.2532325971852982
aeeem_mylyn,static,logistic_regression,5,1,914,1,0,0.2975337151246968
aeeem_mylyn,static,logistic_regression,5,1,921,0,0,0.20627593318116172
aeeem_mylyn,static,logistic_regression,5,1,923,0,0,0.30562314869026913
aeeem_mylyn,static,logistic_regression,5,1,926,0,0,0.38336751198124586
aeeem_mylyn,static,logistic_regression,5,1,927,0,1,0.9198900489891199
aeeem_mylyn,static,logistic_regression,5,1,934,0,0,0.33950385569130886
aeeem_mylyn,static,logistic_regression,5,1,938,0,0,0.37698679376227
aeeem_mylyn,static,logistic_regression,5,1,940,0,1,0.5000393004388433
aeeem_mylyn,static,logistic_regression,5,1,942,0,0,0.37954217101631565
aeeem_mylyn,static,logistic_regression,5,1,943,0,0,0.31141035062853994
aeeem_mylyn,static,logistic_regression,5,1,945,0,0,0.39601595821669217
aeeem_mylyn,static,logistic_regression,5,1,948,0,0,0.03328097103962268
aeeem_mylyn,static,logistic_regression,5,1,957,0,1,0.6446339986816385
aeeem_mylyn,static,logistic_regression,5,1,958,0,0,0.2700184044106335
aeeem_mylyn,static,logistic_regression,5,1,960,0,0,0.3422756546146958
aeeem_mylyn,static,logistic_regression,5,1,961,0,1,0.5853492915619434
aeeem_mylyn,static,logistic_regression,5,1,963,0,0,0.33191433841687223
aeeem_mylyn,static,logistic_regression,5,1,968,0,0,0.3067367160017732
aeeem_mylyn,static,logistic_regression,5,1,969,0,0,0.2070951038819437
aeeem_mylyn,static,logistic_regression,5,1,970,0,0,0.39850628466846033
aeeem_mylyn,static,logistic_regression,5,1,976,0,1,0.7366207084816131
aeeem_mylyn,static,logistic_regression,5,1,986,0,0,0.14312837572924783
aeeem_mylyn,static,logistic_regression,5,1,988,0,1,0.6598242053079589
aeeem_mylyn,static,logistic_regression,5,1,993,0,0,0.1818059590718019
aeeem_mylyn,static,logistic_regression,5,1,1006,0,0,0.40559156551503645
aeeem_mylyn,static,logistic_regression,5,1,1008,0,1,0.508665594256016
aeeem_mylyn,static,logistic_regression,5,1,1009,0,0,0.2572405722576756
aeeem_mylyn,static,logistic_regression,5,1,1011,0,0,0.19328287974262637
aeeem_mylyn,static,logistic_regression,5,1,1012,1,1,0.6727625931258545
aeeem_mylyn,static,logistic_regression,5,1,1016,0,1,0.9894400361555259
aeeem_mylyn,static,logistic_regression,5,1,1019,0,0,0.08646053419735564
aeeem_mylyn,static,logistic_regression,5,1,1020,0,1,0.681228178136769
aeeem_mylyn,static,logistic_regression,5,1,1022,0,0,0.4086121235329265
aeeem_mylyn,static,logistic_regression,5,1,1034,0,0,0.20481537562170898
aeeem_mylyn,static,logistic_regression,5,1,1037,0,0,0.3278283560975085
aeeem_mylyn,static,logistic_regression,5,1,1038,0,0,0.41106038964357344
aeeem_mylyn,static,logistic_regression,5,1,1040,0,0,0.3456890798410371
aeeem_mylyn,static,logistic_regression,5,1,1060,0,1,0.5282955885585877
aeeem_mylyn,static,logistic_regression,5,1,1068,0,0,0.38172162848720137
aeeem_mylyn,static,logistic_regression,5,1,1069,0,1,0.9291520721766472
aeeem_mylyn,static,logistic_regression,5,1,1073,0,0,0.38766692226544336
aeeem_mylyn,static,logistic_regression,5,1,1074,0,0,0.12163310405832604
aeeem_mylyn,static,logistic_regression,5,1,1075,0,0,0.18457380880907287
aeeem_mylyn,static,logistic_regression,5,1,1077,1,0,0.4915715117574849
aeeem_mylyn,static,logistic_regression,5,1,1080,0,0,0.026070812039874346
aeeem_mylyn,static,logistic_regression,5,1,1083,0,0,0.45929917633817
aeeem_mylyn,static,logistic_regression,5,1,1087,0,0,0.04268489873586926
aeeem_mylyn,static,logistic_regression,5,1,1092,0,0,0.33771922120405096
aeeem_mylyn,static,logistic_regression,5,1,1108,0,1,0.6457857780815198
aeeem_mylyn,static,logistic_regression,5,1,1118,0,0,0.4334738807148186
aeeem_mylyn,static,logistic_regression,5,1,1126,0,0,0.4506200783501964
aeeem_mylyn,static,logistic_regression,5,1,1145,0,0,0.40045448465305483
aeeem_mylyn,static,logistic_regression,5,1,1152,0,0,0.3855082935690597
aeeem_mylyn,static,logistic_regression,5,1,1155,0,1,0.7165806011200226
aeeem_mylyn,static,logistic_regression,5,1,1163,0,0,0.34859857449565523
aeeem_mylyn,static,logistic_regression,5,1,1165,0,0,0.36821299288293957
aeeem_mylyn,static,logistic_regression,5,1,1168,0,0,0.22115897066656778
aeeem_mylyn,static,logistic_regression,5,1,1170,0,0,0.27173711025665215
aeeem_mylyn,static,logistic_regression,5,1,1171,0,0,0.4010928649893517
aeeem_mylyn,static,logistic_regression,5,1,1178,0,1,0.7091976656278003
aeeem_mylyn,static,logistic_regression,5,1,1179,0,0,0.3720213981217937
aeeem_mylyn,static,logistic_regression,5,1,1185,1,1,0.9938191150387422
aeeem_mylyn,static,logistic_regression,5,1,1195,0,0,0.3602779262280768
aeeem_mylyn,static,logistic_regression,5,1,1196,0,1,0.5791161125294703
aeeem_mylyn,static,logistic_regression,5,1,1199,0,0,0.08429410084949462
aeeem_mylyn,static,logistic_regression,5,1,1209,0,0,0.3729660727285845
aeeem_mylyn,static,logistic_regression,5,1,1213,0,0,0.38398592532569165
aeeem_mylyn,static,logistic_regression,5,1,1222,0,0,0.43797474402109415
aeeem_mylyn,static,logistic_regression,5,1,1228,0,0,0.388774376354185
aeeem_mylyn,static,logistic_regression,5,1,1241,0,0,0.3654541894245003
aeeem_mylyn,static,logistic_regression,5,1,1242,0,0,0.15404131867076487
aeeem_mylyn,static,logistic_regression,5,1,1246,0,0,0.22231696176716637
aeeem_mylyn,static,logistic_regression,5,1,1252,0,0,0.1464789758172418
aeeem_mylyn,static,logistic_regression,5,1,1257,0,0,0.37363985089960783
aeeem_mylyn,static,logistic_regression,5,1,1258,0,0,0.07093037931608645
aeeem_mylyn,static,logistic_regression,5,1,1265,0,0,0.3750760524129649
aeeem_mylyn,static,logistic_regression,5,1,1268,1,1,0.6294444025027605
aeeem_mylyn,static,logistic_regression,5,1,1278,0,1,0.9969369543783065
aeeem_mylyn,static,logistic_regression,5,1,1283,1,1,0.6800241734869266
aeeem_mylyn,static,logistic_regression,5,1,1285,0,1,0.574191534008225
aeeem_mylyn,static,logistic_regression,5,1,1287,1,1,0.8103751252867709
aeeem_mylyn,static,logistic_regression,5,1,1293,0,0,0.35240411079661976
aeeem_mylyn,static,logistic_regression,5,1,1295,0,0,0.2710839101575604
aeeem_mylyn,static,logistic_regression,5,1,1302,0,1,0.5154829110946507
aeeem_mylyn,static,logistic_regression,5,1,1305,0,1,0.5725537865773132
aeeem_mylyn,static,logistic_regression,5,1,1318,0,0,0.3231618763371081
aeeem_mylyn,static,logistic_regression,5,1,1324,0,0,0.4512309307134124
aeeem_mylyn,static,logistic_regression,5,1,1330,0,0,0.49698210550276756
aeeem_mylyn,static,logistic_regression,5,1,1340,0,0,0.2609050335087096
aeeem_mylyn,static,logistic_regression,5,1,1352,1,1,0.9848606456270602
aeeem_mylyn,static,logistic_regression,5,1,1362,0,0,0.39401426232926623
aeeem_mylyn,static,logistic_regression,5,1,1366,1,1,0.7934613065140919
aeeem_mylyn,static,logistic_regression,5,1,1368,0,0,0.2903257551942671
aeeem_mylyn,static,logistic_regression,5,1,1373,0,0,0.10929203941677132
aeeem_mylyn,static,logistic_regression,5,1,1379,1,1,0.7154172309643789
aeeem_mylyn,static,logistic_regression,5,1,1380,1,1,0.8293543172319409
aeeem_mylyn,static,logistic_regression,5,1,1382,0,0,0.2634343717637715
aeeem_mylyn,static,logistic_regression,5,1,1389,0,0,0.39342866169050367
aeeem_mylyn,static,logistic_regression,5,1,1392,0,1,0.6863379086064385
aeeem_mylyn,static,logistic_regression,5,1,1401,0,0,0.17088135071784202
aeeem_mylyn,static,logistic_regression,5,1,1403,0,0,0.4133982792479245
aeeem_mylyn,static,logistic_regression,5,1,1404,0,0,0.4045133595736011
aeeem_mylyn,static,logistic_regression,5,1,1408,0,0,0.300124643173089
aeeem_mylyn,static,logistic_regression,5,1,1411,1,1,0.7205223267756461
aeeem_mylyn,static,logistic_regression,5,1,1422,0,0,0.44818517887874654
aeeem_mylyn,static,logistic_regression,5,1,1423,0,0,0.17749436513363157
aeeem_mylyn,static,logistic_regression,5,1,1425,0,0,0.38241759096935224
aeeem_mylyn,static,logistic_regression,5,1,1435,0,0,0.32705174224046185
aeeem_mylyn,static,logistic_regression,5,1,1439,0,0,0.14031349329263987
aeeem_mylyn,static,logistic_regression,5,1,1448,0,0,0.34280909132020393
aeeem_mylyn,static,logistic_regression,5,1,1449,0,0,0.45821432853750027
aeeem_mylyn,static,logistic_regression,5,1,1454,0,0,0.34915868133269107
aeeem_mylyn,static,logistic_regression,5,1,1461,1,1,0.9961997900250948
aeeem_mylyn,static,logistic_regression,5,1,1462,0,0,0.3017569651848181
aeeem_mylyn,static,logistic_regression,5,1,1463,0,1,0.5814466269382554
aeeem_mylyn,static,logistic_regression,5,1,1475,0,0,0.36294135000331185
aeeem_mylyn,static,logistic_regression,5,1,1479,0,0,0.2580026914826934
aeeem_mylyn,static,logistic_regression,5,1,1482,1,0,0.3992106041384267
aeeem_mylyn,static,logistic_regression,5,1,1489,1,0,0.42572809548178503
aeeem_mylyn,static,logistic_regression,5,1,1492,0,0,0.3485830995044148
aeeem_mylyn,static,logistic_regression,5,1,1494,1,0,0.4950229594495215
aeeem_mylyn,static,logistic_regression,5,1,1496,0,0,0.40195792276529546
aeeem_mylyn,static,logistic_regression,5,1,1497,0,0,0.16824281220060702
aeeem_mylyn,static,logistic_regression,5,1,1501,0,0,0.4972792377489902
aeeem_mylyn,static,logistic_regression,5,1,1502,0,1,0.637303398832344
aeeem_mylyn,static,logistic_regression,5,1,1515,1,0,0.37477062855771487
aeeem_mylyn,static,logistic_regression,5,1,1521,0,0,0.391732025426159
aeeem_mylyn,static,logistic_regression,5,1,1528,0,1,0.9125652377460691
aeeem_mylyn,static,logistic_regression,5,1,1534,0,1,0.567671933477305
aeeem_mylyn,static,logistic_regression,5,1,1538,0,0,0.3562225041581423
aeeem_mylyn,static,logistic_regression,5,1,1539,0,0,0.3985913642510162
aeeem_mylyn,static,logistic_regression,5,1,1543,0,0,0.3308447868825788
aeeem_mylyn,static,logistic_regression,5,1,1547,0,0,0.4073059110855607
aeeem_mylyn,static,logistic_regression,5,1,1552,0,0,0.4130532288231441
aeeem_mylyn,static,logistic_regression,5,1,1563,0,1,0.507303470290732
aeeem_mylyn,static,logistic_regression,5,1,1566,0,0,0.3883582901775861
aeeem_mylyn,static,logistic_regression,5,1,1576,1,1,0.9543089331156096
aeeem_mylyn,static,logistic_regression,5,1,1578,0,0,0.3106895703241386
aeeem_mylyn,static,logistic_regression,5,1,1588,0,0,0.4924344309403121
aeeem_mylyn,static,logistic_regression,5,1,1592,0,0,0.3347241205733951
aeeem_mylyn,static,logistic_regression,5,1,1595,0,0,0.37241508884133945
aeeem_mylyn,static,logistic_regression,5,1,1597,0,1,0.5120429467909883
aeeem_mylyn,static,logistic_regression,5,1,1598,0,0,0.3879389732377062
aeeem_mylyn,static,logistic_regression,5,1,1601,0,1,0.7932049662103743
aeeem_mylyn,static,logistic_regression,5,1,1603,0,1,0.6749206467593043
aeeem_mylyn,static,logistic_regression,5,1,1605,0,0,0.3617268361161581
aeeem_mylyn,static,logistic_regression,5,1,1612,0,0,0.3471248955903323
aeeem_mylyn,static,logistic_regression,5,1,1614,0,0,0.4025905545811132
aeeem_mylyn,static,logistic_regression,5,1,1615,0,0,0.34056240479172484
aeeem_mylyn,static,logistic_regression,5,1,1630,1,1,0.6339860313074134
aeeem_mylyn,static,logistic_regression,5,1,1635,0,0,0.3529934805155113
aeeem_mylyn,static,logistic_regression,5,1,1668,1,0,0.07251558539320958
aeeem_mylyn,static,logistic_regression,5,1,1676,1,1,0.6024359214650876
aeeem_mylyn,static,logistic_regression,5,1,1678,0,1,0.5171325552984064
aeeem_mylyn,static,logistic_regression,5,1,1688,0,0,0.25541345813621463
aeeem_mylyn,static,logistic_regression,5,1,1704,0,0,0.33184949421626725
aeeem_mylyn,static,logistic_regression,5,1,1712,0,0,0.2107451947962791
aeeem_mylyn,static,logistic_regression,5,1,1713,0,0,0.319840375794643
aeeem_mylyn,static,logistic_regression,5,1,1716,0,0,0.19654183599536895
aeeem_mylyn,static,logistic_regression,5,1,1718,0,0,0.33434939425844884
aeeem_mylyn,static,logistic_regression,5,1,1720,0,0,0.33266507850251964
aeeem_mylyn,static,logistic_regression,5,1,1733,0,1,0.8498104498443507
aeeem_mylyn,static,logistic_regression,5,1,1734,0,0,0.3822418200775563
aeeem_mylyn,static,logistic_regression,5,1,1739,0,0,0.13580650340571135
aeeem_mylyn,static,logistic_regression,5,1,1741,0,1,0.5220165755209477
aeeem_mylyn,static,logistic_regression,5,1,1747,0,1,0.6967549151617
aeeem_mylyn,static,logistic_regression,5,1,1754,0,0,0.46305843400317526
aeeem_mylyn,static,logistic_regression,5,1,1757,0,0,0.4816939986715406
aeeem_mylyn,static,logistic_regression,5,1,1758,0,1,0.5888027043038021
aeeem_mylyn,static,logistic_regression,5,1,1771,0,0,0.1413239617853692
aeeem_mylyn,static,logistic_regression,5,1,1772,0,0,0.2361014572105297
aeeem_mylyn,static,logistic_regression,5,1,1780,0,0,0.15671807742881877
aeeem_mylyn,static,logistic_regression,5,1,1784,1,0,0.36854692967288005
aeeem_mylyn,static,logistic_regression,5,1,1786,1,1,0.6435515624227447
aeeem_mylyn,static,logistic_regression,5,1,1789,0,0,0.45717263565804694
aeeem_mylyn,static,logistic_regression,5,1,1790,0,0,0.4026398702553995
aeeem_mylyn,static,logistic_regression,5,1,1791,0,0,0.1307042076122779
aeeem_mylyn,static,logistic_regression,5,1,1796,0,0,0.42199629078265516
aeeem_mylyn,static,logistic_regression,5,1,1798,0,0,0.2119191450799643
aeeem_mylyn,static,logistic_regression,5,1,1812,0,0,0.40243566081126153
aeeem_mylyn,static,logistic_regression,5,1,1822,0,1,0.5642100506878671
aeeem_mylyn,static,logistic_regression,5,1,1823,0,0,0.1603766796573624
aeeem_mylyn,static,logistic_regression,5,1,1828,0,0,0.045915254314928516
aeeem_mylyn,static,logistic_regression,5,1,1831,1,0,0.4646231480852186
aeeem_mylyn,static,logistic_regression,5,1,1835,1,0,0.26607304786115826
aeeem_mylyn,static,logistic_regression,5,1,1842,0,0,0.23033895775395752
aeeem_mylyn,static,logistic_regression,5,1,1846,0,0,0.3157554445709193
aeeem_mylyn,static,logistic_regression,5,1,1852,0,0,0.33587072325198375
aeeem_mylyn,static,logistic_regression,5,2,1,0,1,0.5492663995217328
aeeem_mylyn,static,logistic_regression,5,2,3,0,0,0.2846290086885929
aeeem_mylyn,static,logistic_regression,5,2,4,0,0,0.04472319800496876
aeeem_mylyn,static,logistic_regression,5,2,10,0,0,0.20836201957860062
aeeem_mylyn,static,logistic_regression,5,2,14,0,0,0.2950421979561292
aeeem_mylyn,static,logistic_regression,5,2,16,0,0,0.4045770181736371
aeeem_mylyn,static,logistic_regression,5,2,23,0,0,0.4142781594024823
aeeem_mylyn,static,logistic_regression,5,2,25,0,0,0.4361556484578749
aeeem_mylyn,static,logistic_regression,5,2,27,0,0,0.08554577043279513
aeeem_mylyn,static,logistic_regression,5,2,30,1,0,0.190262984805264
aeeem_mylyn,static,logistic_regression,5,2,34,0,0,0.4094149063519889
aeeem_mylyn,static,logistic_regression,5,2,41,0,1,0.6668155489271986
aeeem_mylyn,static,logistic_regression,5,2,42,0,1,0.5565912751756699
aeeem_mylyn,static,logistic_regression,5,2,44,0,0,0.49907017918589563
aeeem_mylyn,static,logistic_regression,5,2,45,0,0,0.3426637361103434
aeeem_mylyn,static,logistic_regression,5,2,55,0,1,0.5163890203968066
aeeem_mylyn,static,logistic_regression,5,2,57,0,0,0.4810778785457681
aeeem_mylyn,static,logistic_regression,5,2,58,0,0,0.4814632511057106
aeeem_mylyn,static,logistic_regression,5,2,60,1,1,0.6312741625726372
aeeem_mylyn,static,logistic_regression,5,2,61,0,0,0.3828660282939152
aeeem_mylyn,static,logistic_regression,5,2,70,0,0,0.3851574550113635
aeeem_mylyn,static,logistic_regression,5,2,84,0,0,0.4857723332328575
aeeem_mylyn,static,logistic_regression,5,2,88,0,0,0.3760737927901401
aeeem_mylyn,static,logistic_regression,5,2,93,0,0,0.43136370514199546
aeeem_mylyn,static,logistic_regression,5,2,95,0,0,0.19910677007323554
aeeem_mylyn,static,logistic_regression,5,2,99,1,0,0.32863691109245874
aeeem_mylyn,static,logistic_regression,5,2,102,0,0,0.42349943334702556
aeeem_mylyn,static,logistic_regression,5,2,111,1,1,0.9429601257075259
aeeem_mylyn,static,logistic_regression,5,2,118,0,0,0.38234538941248203
aeeem_mylyn,static,logistic_regression,5,2,119,0,1,0.5109829989218395
aeeem_mylyn,static,logistic_regression,5,2,120,0,1,0.6325401155213078
aeeem_mylyn,static,logistic_regression,5,2,122,0,0,0.46675663083988994
aeeem_mylyn,static,logistic_regression,5,2,125,0,1,0.5112793155311018
aeeem_mylyn,static,logistic_regression,5,2,127,0,0,0.3538236728559709
aeeem_mylyn,static,logistic_regression,5,2,128,0,0,0.3273110288452708
aeeem_mylyn,static,logistic_regression,5,2,132,0,1,0.692466456049905
aeeem_mylyn,static,logistic_regression,5,2,135,0,0,0.18234610579312877
aeeem_mylyn,static,logistic_regression,5,2,142,0,0,0.005290494247136745
aeeem_mylyn,static,logistic_regression,5,2,143,0,0,0.30730164472103705
aeeem_mylyn,static,logistic_regression,5,2,148,0,0,0.3864704420663491
aeeem_mylyn,static,logistic_regression,5,2,155,0,0,0.18676638492496098
aeeem_mylyn,static,logistic_regression,5,2,156,1,1,0.9582389612495363
aeeem_mylyn,static,logistic_regression,5,2,166,0,0,0.2971079333313387
aeeem_mylyn,static,logistic_regression,5,2,168,0,0,0.351693495462407
aeeem_mylyn,static,logistic_regression,5,2,172,0,0,0.28452521120801905
aeeem_mylyn,static,logistic_regression,5,2,173,1,0,0.43275244478596536
aeeem_mylyn,static,logistic_regression,5,2,181,0,1,0.6530479328084321
aeeem_mylyn,static,logistic_regression,5,2,183,0,0,0.34724714438761073
aeeem_mylyn,static,logistic_regression,5,2,190,0,1,0.550439872210519
aeeem_mylyn,static,logistic_regression,5,2,193,0,0,0.04941587378198354
aeeem_mylyn,static,logistic_regression,5,2,195,0,0,0.46520193995796366
aeeem_mylyn,static,logistic_regression,5,2,198,0,0,0.01085096176344321
aeeem_mylyn,static,logistic_regression,5,2,199,1,0,0.1722569978909982
aeeem_mylyn,static,logistic_regression,5,2,202,0,0,0.395733353128303
aeeem_mylyn,static,logistic_regression,5,2,212,0,0,0.24929012000031042
aeeem_mylyn,static,logistic_regression,5,2,214,0,0,0.3997268933846162
aeeem_mylyn,static,logistic_regression,5,2,215,0,0,0.3464717178513016
aeeem_mylyn,static,logistic_regression,5,2,217,1,1,0.6494339093080078
aeeem_mylyn,static,logistic_regression,5,2,221,0,0,0.397595161899485
aeeem_mylyn,static,logistic_regression,5,2,229,0,0,0.4774502228791803
aeeem_mylyn,static,logistic_regression,5,2,232,0,0,0.16748551738741152
aeeem_mylyn,static,logistic_regression,5,2,239,1,1,0.8590412154975691
aeeem_mylyn,static,logistic_regression,5,2,242,0,0,0.15060107679308796
aeeem_mylyn,static,logistic_regression,5,2,246,0,0,0.38229984702453146
aeeem_mylyn,static,logistic_regression,5,2,249,0,0,0.38909643478210426
aeeem_mylyn,static,logistic_regression,5,2,250,0,1,0.7342376894957711
aeeem_mylyn,static,logistic_regression,5,2,253,0,1,0.8587894694340327
aeeem_mylyn,static,logistic_regression,5,2,258,0,0,0.13236384840739268
aeeem_mylyn,static,logistic_regression,5,2,259,0,0,0.318993349077985
aeeem_mylyn,static,logistic_regression,5,2,267,0,0,0.3751568715239173
aeeem_mylyn,static,logistic_regression,5,2,274,0,0,0.39397434100742373
aeeem_mylyn,static,logistic_regression,5,2,278,0,1,0.7815291492073236
aeeem_mylyn,static,logistic_regression,5,2,280,0,0,0.4111774547736898
aeeem_mylyn,static,logistic_regression,5,2,285,0,1,0.8417125008446982
aeeem_mylyn,static,logistic_regression,5,2,288,0,0,0.361111294894798
aeeem_mylyn,static,logistic_regression,5,2,303,0,0,0.41825352707860375
aeeem_mylyn,static,logistic_regression,5,2,304,0,1,0.5994725627190357
aeeem_mylyn,static,logistic_regression,5,2,305,0,1,0.509758924855926
aeeem_mylyn,static,logistic_regression,5,2,306,0,0,0.3823118419540849
aeeem_mylyn,static,logistic_regression,5,2,307,0,0,0.298713485403295
aeeem_mylyn,static,logistic_regression,5,2,315,0,0,0.40988656224123804
aeeem_mylyn,static,logistic_regression,5,2,317,1,1,0.5790013780813974
aeeem_mylyn,static,logistic_regression,5,2,319,0,0,0.31284926615345365
aeeem_mylyn,static,logistic_regression,5,2,323,0,0,0.38229984702453146
aeeem_mylyn,static,logistic_regression,5,2,329,1,0,0.3860395768419384
aeeem_mylyn,static,logistic_regression,5,2,336,0,0,0.31592419012938616
aeeem_mylyn,static,logistic_regression,5,2,338,1,1,0.6665976006552377
aeeem_mylyn,static,logistic_regression,5,2,342,0,1,0.7262031109581747
aeeem_mylyn,static,logistic_regression,5,2,344,0,0,0.3099922093270758
aeeem_mylyn,static,logistic_regression,5,2,347,0,0,0.2684437828306494
aeeem_mylyn,static,logistic_regression,5,2,349,0,0,0.3823118419540849
aeeem_mylyn,static,logistic_regression,5,2,357,1,1,0.7143549643212763
aeeem_mylyn,static,logistic_regression,5,2,363,0,0,0.28447430880397373
aeeem_mylyn,static,logistic_regression,5,2,371,0,0,0.2985318076409244
aeeem_mylyn,static,logistic_regression,5,2,374,0,0,0.4008845301578298
aeeem_mylyn,static,logistic_regression,5,2,376,0,0,0.10423094631840897
aeeem_mylyn,static,logistic_regression,5,2,384,0,1,0.8555307209256395
aeeem_mylyn,static,logistic_regression,5,2,389,0,0,0.2036188226605258
aeeem_mylyn,static,logistic_regression,5,2,410,0,0,0.28483979781800534
aeeem_mylyn,static,logistic_regression,5,2,416,0,0,0.4075741929244648
aeeem_mylyn,static,logistic_regression,5,2,428,0,0,0.11933392430242018
aeeem_mylyn,static,logistic_regression,5,2,437,0,0,0.3089730015821274
aeeem_mylyn,static,logistic_regression,5,2,451,0,0,0.3350667618952112
aeeem_mylyn,static,logistic_regression,5,2,452,0,0,0.39353488528173125
aeeem_mylyn,static,logistic_regression,5,2,456,0,0,0.4212920314138706
aeeem_mylyn,static,logistic_regression,5,2,461,0,0,0.28548418894316685
aeeem_mylyn,static,logistic_regression,5,2,464,0,0,0.11955102948230147
aeeem_mylyn,static,logistic_regression,5,2,473,0,0,0.14796298148131734
aeeem_mylyn,static,logistic_regression,5,2,475,1,0,0.03606246257260942
aeeem_mylyn,static,logistic_regression,5,2,481,0,1,0.7370757324456888
aeeem_mylyn,static,logistic_regression,5,2,484,0,0,0.3201654428313566
aeeem_mylyn,static,logistic_regression,5,2,490,0,0,0.1821201019174645
aeeem_mylyn,static,logistic_regression,5,2,494,0,0,0.38229984702453146
aeeem_mylyn,static,logistic_regression,5,2,495,1,1,0.6012769768433742
aeeem_mylyn,static,logistic_regression,5,2,501,0,0,0.3095678128958144
aeeem_mylyn,static,logistic_regression,5,2,502,0,0,0.22855664802869638
aeeem_mylyn,static,logistic_regression,5,2,510,0,0,0.3521345474635564
aeeem_mylyn,static,logistic_regression,5,2,511,0,1,0.8404298942025328
aeeem_mylyn,static,logistic_regression,5,2,517,0,0,0.22443573680026052
aeeem_mylyn,static,logistic_regression,5,2,522,0,0,0.3860395768419384
aeeem_mylyn,static,logistic_regression,5,2,524,0,0,0.4295474100937519
aeeem_mylyn,static,logistic_regression,5,2,528,1,0,0.39353488528173125
aeeem_mylyn,static,logistic_regression,5,2,529,0,0,0.31803806437453475
aeeem_mylyn,static,logistic_regression,5,2,531,0,0,0.0968309326813632
aeeem_mylyn,static,logistic_regression,5,2,532,0,1,0.5298279071152477
aeeem_mylyn,static,logistic_regression,5,2,538,0,0,0.28452521120801905
aeeem_mylyn,static,logistic_regression,5,2,539,0,0,0.11086565519253846
aeeem_mylyn,static,logistic_regression,5,2,546,0,0,0.18860980804267186
aeeem_mylyn,static,logistic_regression,5,2,550,0,0,0.4892738257548875
aeeem_mylyn,static,logistic_regression,5,2,556,1,0,0.46186416539207126
aeeem_mylyn,static,logistic_regression,5,2,558,0,0,0.16283656587295114
aeeem_mylyn,static,logistic_regression,5,2,569,0,0,0.14159028676330448
aeeem_mylyn,static,logistic_regression,5,2,577,1,1,0.9388270965660472
aeeem_mylyn,static,logistic_regression,5,2,579,0,0,0.12365278957374451
aeeem_mylyn,static,logistic_regression,5,2,581,0,0,0.3652536975213826
aeeem_mylyn,static,logistic_regression,5,2,584,0,0,0.479245501170443
aeeem_mylyn,static,logistic_regression,5,2,587,1,0,0.3633680614705462
aeeem_mylyn,static,logistic_regression,5,2,590,0,0,0.1299901826932148
aeeem_mylyn,static,logistic_regression,5,2,597,0,0,0.020755683497296607
aeeem_mylyn,static,logistic_regression,5,2,604,0,1,0.5361757154952266
aeeem_mylyn,static,logistic_regression,5,2,605,0,1,0.5355041465343249
aeeem_mylyn,static,logistic_regression,5,2,612,1,1,0.5600124326213007
aeeem_mylyn,static,logistic_regression,5,2,615,0,0,0.36388876807891735
aeeem_mylyn,static,logistic_regression,5,2,616,0,0,0.467783727228583
aeeem_mylyn,static,logistic_regression,5,2,620,0,0,0.4012038735411396
aeeem_mylyn,static,logistic_regression,5,2,625,0,0,0.3343687670891665
aeeem_mylyn,static,logistic_regression,5,2,635,1,0,0.15098015970320897
aeeem_mylyn,static,logistic_regression,5,2,636,0,1,0.7586716618468643
aeeem_mylyn,static,logistic_regression,5,2,645,0,0,0.19887185984353764
aeeem_mylyn,static,logistic_regression,5,2,646,0,0,0.4381650669089466
aeeem_mylyn,static,logistic_regression,5,2,651,0,1,0.8448733751890392
aeeem_mylyn,static,logistic_regression,5,2,653,1,0,0.11521696519816144
aeeem_mylyn,static,logistic_regression,5,2,654,0,1,0.7495425335822181
aeeem_mylyn,static,logistic_regression,5,2,655,0,0,0.036361571644811776
aeeem_mylyn,static,logistic_regression,5,2,660,0,0,0.48546179367233316
aeeem_mylyn,static,logistic_regression,5,2,664,0,0,0.3829205462820218
aeeem_mylyn,static,logistic_regression,5,2,665,0,0,0.48410485200399206
aeeem_mylyn,static,logistic_regression,5,2,668,0,0,0.4670368454780718
aeeem_mylyn,static,logistic_regression,5,2,669,1,1,0.6419562586442314
aeeem_mylyn,static,logistic_regression,5,2,671,0,0,0.18938035970254571
aeeem_mylyn,static,logistic_regression,5,2,673,0,1,0.5188977811321243
aeeem_mylyn,static,logistic_regression,5,2,677,0,0,0.1563841358059244
aeeem_mylyn,static,logistic_regression,5,2,680,0,0,0.41621159996006374
aeeem_mylyn,static,logistic_regression,5,2,681,0,0,0.04877644197614762
aeeem_mylyn,static,logistic_regression,5,2,695,0,0,0.25973175562821116
aeeem_mylyn,static,logistic_regression,5,2,712,0,0,0.3364887330572734
aeeem_mylyn,static,logistic_regression,5,2,713,0,0,0.2660347766383397
aeeem_mylyn,static,logistic_regression,5,2,720,0,0,0.482202273125185
aeeem_mylyn,static,logistic_regression,5,2,721,0,0,0.35320305601455443
aeeem_mylyn,static,logistic_regression,5,2,722,0,0,0.19374756842608673
aeeem_mylyn,static,logistic_regression,5,2,726,1,1,0.9908153389975626
aeeem_mylyn,static,logistic_regression,5,2,732,0,0,0.09090675325791961
aeeem_mylyn,static,logistic_regression,5,2,745,0,0,0.04989615498297682
aeeem_mylyn,static,logistic_regression,5,2,749,0,1,0.5287723309401821
aeeem_mylyn,static,logistic_regression,5,2,755,0,0,0.3184802505575738
aeeem_mylyn,static,logistic_regression,5,2,756,0,1,0.7889198231516181
aeeem_mylyn,static,logistic_regression,5,2,765,0,0,0.3203977193148944
aeeem_mylyn,static,logistic_regression,5,2,767,0,0,0.2849291028250799
aeeem_mylyn,static,logistic_regression,5,2,768,0,0,0.14098359154969572
aeeem_mylyn,static,logistic_regression,5,2,774,0,0,0.20426243865519042
aeeem_mylyn,static,logistic_regression,5,2,778,0,0,0.26055926691585285
aeeem_mylyn,static,logistic_regression,5,2,781,0,0,0.0851657088319616
aeeem_mylyn,static,logistic_regression,5,2,790,1,0,0.4326801045502312
aeeem_mylyn,static,logistic_regression,5,2,791,1,1,0.9229036621145206
aeeem_mylyn,static,logistic_regression,5,2,796,0,1,0.7747853906612064
aeeem_mylyn,static,logistic_regression,5,2,801,0,0,0.3164401486738793
aeeem_mylyn,static,logistic_regression,5,2,803,0,0,0.38685689267405005
aeeem_mylyn,static,logistic_regression,5,2,809,0,0,0.06266966447639631
aeeem_mylyn,static,logistic_regression,5,2,810,0,0,0.1946009638117049
aeeem_mylyn,static,logistic_regression,5,2,812,0,1,0.5561667694285027
aeeem_mylyn,static,logistic_regression,5,2,813,0,0,0.4067914084926362
aeeem_mylyn,static,logistic_regression,5,2,821,1,0,0.28694742092711073
aeeem_mylyn,static,logistic_regression,5,2,827,0,0,0.4268643305618835
aeeem_mylyn,static,logistic_regression,5,2,828,0,0,0.29829294263365164
aeeem_mylyn,static,logistic_regression,5,2,835,0,0,0.31761454739798417
aeeem_mylyn,static,logistic_regression,5,2,836,1,1,0.939677488962032
aeeem_mylyn,static,logistic_regression,5,2,839,1,0,0.4054752122952516
aeeem_mylyn,static,logistic_regression,5,2,849,0,0,0.4432322078178384
aeeem_mylyn,static,logistic_regression,5,2,853,0,1,0.522843822983139
aeeem_mylyn,static,logistic_regression,5,2,857,0,0,0.3279058141269589
aeeem_mylyn,static,logistic_regression,5,2,858,0,1,0.5768569920467892
aeeem_mylyn,static,logistic_regression,5,2,865,0,0,0.027237931675295857
aeeem_mylyn,static,logistic_regression,5,2,876,1,1,0.7344647538039869
aeeem_mylyn,static,logistic_regression,5,2,878,0,0,0.293816391677892
aeeem_mylyn,static,logistic_regression,5,2,883,0,0,0.12789055433949853
aeeem_mylyn,static,logistic_regression,5,2,887,0,1,0.8547861783042475
aeeem_mylyn,static,logistic_regression,5,2,888,0,0,0.2665143494251471
aeeem_mylyn,static,logistic_regression,5,2,891,0,1,0.8893907259400623
aeeem_mylyn,static,logistic_regression,5,2,906,0,1,0.5586231903238007
aeeem_mylyn,static,logistic_regression,5,2,911,0,0,0.42285670099891415
aeeem_mylyn,static,logistic_regression,5,2,913,0,0,0.45550993252500765
aeeem_mylyn,static,logistic_regression,5,2,915,0,0,0.38456190388102685
aeeem_mylyn,static,logistic_regression,5,2,928,1,1,0.8810961755552709
aeeem_mylyn,static,logistic_regression,5,2,930,0,0,0.36841331208734496
aeeem_mylyn,static,logistic_regression,5,2,931,0,0,0.26796501378972093
aeeem_mylyn,static,logistic_regression,5,2,947,0,0,0.34707287175225315
aeeem_mylyn,static,logistic_regression,5,2,949,0,0,0.48934287611164284
aeeem_mylyn,static,logistic_regression,5,2,953,1,1,0.9636298155753943
aeeem_mylyn,static,logistic_regression,5,2,956,1,1,0.5700987252189587
aeeem_mylyn,static,logistic_regression,5,2,965,0,1,0.5597519432202677
aeeem_mylyn,static,logistic_regression,5,2,967,0,0,0.1210926820044949
aeeem_mylyn,static,logistic_regression,5,2,971,0,0,0.4204064658116403
aeeem_mylyn,static,logistic_regression,5,2,974,0,0,0.21309635198001153
aeeem_mylyn,static,logistic_regression,5,2,984,0,0,0.24616642939559946
aeeem_mylyn,static,logistic_regression,5,2,987,0,0,0.4296118362934216
aeeem_mylyn,static,logistic_regression,5,2,997,1,0,0.18134984080129424
aeeem_mylyn,static,logistic_regression,5,2,1004,0,0,0.3702078829230434
aeeem_mylyn,static,logistic_regression,5,2,1005,1,1,0.9136743454442947
aeeem_mylyn,static,logistic_regression,5,2,1026,0,0,3.2184082504438326e-07
aeeem_mylyn,static,logistic_regression,5,2,1027,0,0,0.3540866359343609
aeeem_mylyn,static,logistic_regression,5,2,1041,0,0,0.36715164110974374
aeeem_mylyn,static,logistic_regression,5,2,1047,0,1,0.6426114506491134
aeeem_mylyn,static,logistic_regression,5,2,1050,0,1,0.7077916318774173
aeeem_mylyn,static,logistic_regression,5,2,1056,0,0,0.3514827721741732
aeeem_mylyn,static,logistic_regression,5,2,1061,0,0,0.1591760207955544
aeeem_mylyn,static,logistic_regression,5,2,1078,0,0,0.29045975060116497
aeeem_mylyn,static,logistic_regression,5,2,1088,0,0,0.2574766234604706
aeeem_mylyn,static,logistic_regression,5,2,1094,0,0,0.34089967573898194
aeeem_mylyn,static,logistic_regression,5,2,1095,0,0,0.13511149611925305
aeeem_mylyn,static,logistic_regression,5,2,1098,0,0,0.3160016970160644
aeeem_mylyn,static,logistic_regression,5,2,1103,0,0,0.27879205198978413
aeeem_mylyn,static,logistic_regression,5,2,1110,0,0,0.4080542274847033
aeeem_mylyn,static,logistic_regression,5,2,1117,0,0,0.26422006266454684
aeeem_mylyn,static,logistic_regression,5,2,1133,0,0,0.43793193961493615
aeeem_mylyn,static,logistic_regression,5,2,1137,0,0,0.12292038019217318
aeeem_mylyn,static,logistic_regression,5,2,1149,0,0,0.454327459716767
aeeem_mylyn,static,logistic_regression,5,2,1151,0,0,0.35282021471762165
aeeem_mylyn,static,logistic_regression,5,2,1153,0,1,0.6439167917521587
aeeem_mylyn,static,logistic_regression,5,2,1159,0,0,0.07629557961649966
aeeem_mylyn,static,logistic_regression,5,2,1161,0,0,0.12845177740824007
aeeem_mylyn,static,logistic_regression,5,2,1183,0,0,0.24281973501247756
aeeem_mylyn,static,logistic_regression,5,2,1186,0,1,0.5427826966127696
aeeem_mylyn,static,logistic_regression,5,2,1187,0,0,0.38576107639152346
aeeem_mylyn,static,logistic_regression,5,2,1192,0,0,0.13527987321327045
aeeem_mylyn,static,logistic_regression,5,2,1198,1,0,0.17372755032627618
aeeem_mylyn,static,logistic_regression,5,2,1204,1,1,0.998748583409287
aeeem_mylyn,static,logistic_regression,5,2,1207,0,0,0.012181174471834342
aeeem_mylyn,static,logistic_regression,5,2,1208,0,0,0.3430515882272051
aeeem_mylyn,static,logistic_regression,5,2,1215,0,0,0.38145001156041125
aeeem_mylyn,static,logistic_regression,5,2,1218,0,0,0.4912518394135237
aeeem_mylyn,static,logistic_regression,5,2,1230,0,0,0.2961522839433044
aeeem_mylyn,static,logistic_regression,5,2,1240,0,0,0.3300484618872376
aeeem_mylyn,static,logistic_regression,5,2,1243,1,1,0.557904909439182
aeeem_mylyn,static,logistic_regression,5,2,1244,0,0,0.41482150222684616
aeeem_mylyn,static,logistic_regression,5,2,1245,0,0,0.42913824031472875
aeeem_mylyn,static,logistic_regression,5,2,1251,0,1,0.8154744622895468
aeeem_mylyn,static,logistic_regression,5,2,1267,0,0,0.263582711685158
aeeem_mylyn,static,logistic_regression,5,2,1274,0,0,0.38229984702453146
aeeem_mylyn,static,logistic_regression,5,2,1277,0,0,0.04647172340968494
aeeem_mylyn,static,logistic_regression,5,2,1279,0,0,0.31663897812374703
aeeem_mylyn,static,logistic_regression,5,2,1282,0,1,0.6605658922349621
aeeem_mylyn,static,logistic_regression,5,2,1288,1,0,0.39804791057627315
aeeem_mylyn,static,logistic_regression,5,2,1292,0,0,0.39347354023503256
aeeem_mylyn,static,logistic_regression,5,2,1294,0,1,0.8946455724317531
aeeem_mylyn,static,logistic_regression,5,2,1306,0,0,0.3008491780562747
aeeem_mylyn,static,logistic_regression,5,2,1309,0,0,0.06012291247720365
aeeem_mylyn,static,logistic_regression,5,2,1317,0,0,0.3508271681583427
aeeem_mylyn,static,logistic_regression,5,2,1319,0,1,0.5288986998063903
aeeem_mylyn,static,logistic_regression,5,2,1321,0,1,0.6877765923132951
aeeem_mylyn,static,logistic_regression,5,2,1322,0,0,0.33255944461610737
aeeem_mylyn,static,logistic_regression,5,2,1323,0,0,0.13629925108194918
aeeem_mylyn,static,logistic_regression,5,2,1346,0,0,0.3397378077860588
aeeem_mylyn,static,logistic_regression,5,2,1349,0,0,0.3435108865590232
aeeem_mylyn,static,logistic_regression,5,2,1350,0,0,0.40218731496977855
aeeem_mylyn,static,logistic_regression,5,2,1355,0,0,0.18891511179464393
aeeem_mylyn,static,logistic_regression,5,2,1356,0,0,0.4110813748998836
aeeem_mylyn,static,logistic_regression,5,2,1371,0,1,0.9876003764856731
aeeem_mylyn,static,logistic_regression,5,2,1372,0,0,0.36000406971201526
aeeem_mylyn,static,logistic_regression,5,2,1387,1,1,0.9976473819968716
aeeem_mylyn,static,logistic_regression,5,2,1396,0,1,0.6347108953642218
aeeem_mylyn,static,logistic_regression,5,2,1407,0,0,0.007977257400638217
aeeem_mylyn,static,logistic_regression,5,2,1409,1,0,0.46633751391465067
aeeem_mylyn,static,logistic_regression,5,2,1417,0,1,0.9159563080724319
aeeem_mylyn,static,logistic_regression,5,2,1420,0,0,0.2409661754420757
aeeem_mylyn,static,logistic_regression,5,2,1421,0,0,0.27039947222229643
aeeem_mylyn,static,logistic_regression,5,2,1429,0,0,0.35116323742006433
aeeem_mylyn,static,logistic_regression,5,2,1431,0,0,0.12117332562556637
aeeem_mylyn,static,logistic_regression,5,2,1438,0,0,0.3730894512120381
aeeem_mylyn,static,logistic_regression,5,2,1441,1,0,0.3823118419540849
aeeem_mylyn,static,logistic_regression,5,2,1444,0,0,0.4425280449713043
aeeem_mylyn,static,logistic_regression,5,2,1446,0,0,0.2403849725566545
aeeem_mylyn,static,logistic_regression,5,2,1459,0,0,0.12870728483247257
aeeem_mylyn,static,logistic_regression,5,2,1464,0,0,0.02865558758429527
aeeem_mylyn,static,logistic_regression,5,2,1466,1,1,0.6820689615935764
aeeem_mylyn,static,logistic_regression,5,2,1472,0,0,0.35825017868963643
aeeem_mylyn,static,logistic_regression,5,2,1474,0,0,0.11010162691811155
aeeem_mylyn,static,logistic_regression,5,2,1483,0,0,0.3474663104296746
aeeem_mylyn,static,logistic_regression,5,2,1499,0,0,0.0851657088319616
aeeem_mylyn,static,logistic_regression,5,2,1506,0,0,0.07247093589533687
aeeem_mylyn,static,logistic_regression,5,2,1511,0,0,0.22334218104138714
aeeem_mylyn,static,logistic_regression,5,2,1516,1,0,0.26794355632746036
aeeem_mylyn,static,logistic_regression,5,2,1530,0,0,0.3603082440539224
aeeem_mylyn,static,logistic_regression,5,2,1535,0,0,0.3765157207806006
aeeem_mylyn,static,logistic_regression,5,2,1540,0,0,0.15632016367219698
aeeem_mylyn,static,logistic_regression,5,2,1551,0,0,0.2693973168169729
aeeem_mylyn,static,logistic_regression,5,2,1559,0,1,0.6400472880252465
aeeem_mylyn,static,logistic_regression,5,2,1560,0,0,0.01672103721616386
aeeem_mylyn,static,logistic_regression,5,2,1567,0,0,0.3833712056821916
aeeem_mylyn,static,logistic_regression,5,2,1568,0,0,0.37887023540062387
aeeem_mylyn,static,logistic_regression,5,2,1571,0,0,0.11802984232817419
aeeem_mylyn,static,logistic_regression,5,2,1573,0,0,0.3096557650356486
aeeem_mylyn,static,logistic_regression,5,2,1580,0,0,0.29566781739049525
aeeem_mylyn,static,logistic_regression,5,2,1585,0,0,0.20199174237904974
aeeem_mylyn,static,logistic_regression,5,2,1591,0,0,0.4108717763932996
aeeem_mylyn,static,logistic_regression,5,2,1600,0,0,0.34361253779088
aeeem_mylyn,static,logistic_regression,5,2,1609,0,0,0.38106087317782067
aeeem_mylyn,static,logistic_regression,5,2,1613,0,1,0.7959979287168365
aeeem_mylyn,static,logistic_regression,5,2,1624,0,0,0.11004152366567235
aeeem_mylyn,static,logistic_regression,5,2,1641,0,0,0.41324944842319433
aeeem_mylyn,static,logistic_regression,5,2,1642,0,0,0.45426280528526036
aeeem_mylyn,static,logistic_regression,5,2,1657,0,0,0.1819327138338662
aeeem_mylyn,static,logistic_regression,5,2,1659,0,0,0.1545863583430098
aeeem_mylyn,static,logistic_regression,5,2,1661,0,0,0.3214218878681065
aeeem_mylyn,static,logistic_regression,5,2,1665,0,0,0.3078270211012512
aeeem_mylyn,static,logistic_regression,5,2,1669,0,0,0.4347981194488551
aeeem_mylyn,static,logistic_regression,5,2,1677,0,0,0.4714607400772052
aeeem_mylyn,static,logistic_regression,5,2,1680,1,0,0.3860395768419384
aeeem_mylyn,static,logistic_regression,5,2,1681,0,0,0.009657102555932022
aeeem_mylyn,static,logistic_regression,5,2,1689,0,0,0.41266670074632816
aeeem_mylyn,static,logistic_regression,5,2,1692,0,1,0.8328897034978043
aeeem_mylyn,static,logistic_regression,5,2,1698,0,1,0.8866219760325112
aeeem_mylyn,static,logistic_regression,5,2,1699,0,0,0.31060719264808706
aeeem_mylyn,static,logistic_regression,5,2,1706,0,0,0.3358158970186867
aeeem_mylyn,static,logistic_regression,5,2,1707,0,0,0.09454894664500903
aeeem_mylyn,static,logistic_regression,5,2,1719,0,1,0.5108174492147807
aeeem_mylyn,static,logistic_regression,5,2,1721,0,0,0.3595378917800478
aeeem_mylyn,static,logistic_regression,5,2,1722,0,0,0.334945518044867
aeeem_mylyn,static,logistic_regression,5,2,1723,0,0,0.48427001735794467
aeeem_mylyn,static,logistic_regression,5,2,1728,0,1,0.7671010982932567
aeeem_mylyn,static,logistic_regression,5,2,1731,0,0,0.2512455231919675
aeeem_mylyn,static,logistic_regression,5,2,1737,0,0,0.2331888853296085
aeeem_mylyn,static,logistic_regression,5,2,1738,0,1,0.9999999911090584
aeeem_mylyn,static,logistic_regression,5,2,1745,0,0,0.3051184221804764
aeeem_mylyn,static,logistic_regression,5,2,1751,0,0,0.15354473347481065
aeeem_mylyn,static,logistic_regression,5,2,1761,0,0,0.29381593728576005
aeeem_mylyn,static,logistic_regression,5,2,1765,0,0,0.30618926179719685
aeeem_mylyn,static,logistic_regression,5,2,1774,0,0,0.00831993697081242
aeeem_mylyn,static,logistic_regression,5,2,1783,0,0,0.38398058334534835
aeeem_mylyn,static,logistic_regression,5,2,1792,0,1,0.5599119696194986
aeeem_mylyn,static,logistic_regression,5,2,1793,0,0,0.2630237812605202
aeeem_mylyn,static,logistic_regression,5,2,1799,1,0,0.4804804893619249
aeeem_mylyn,static,logistic_regression,5,2,1800,0,0,0.09808634262591752
aeeem_mylyn,static,logistic_regression,5,2,1807,0,0,0.24049355210747747
aeeem_mylyn,static,logistic_regression,5,2,1808,1,1,0.5851744232786297
aeeem_mylyn,static,logistic_regression,5,2,1816,0,0,0.41044690770526215
aeeem_mylyn,static,logistic_regression,5,2,1818,0,0,0.2587626420114053
aeeem_mylyn,static,logistic_regression,5,2,1825,0,0,0.39178891273882216
aeeem_mylyn,static,logistic_regression,5,2,1832,0,0,0.3202578008171937
aeeem_mylyn,static,logistic_regression,5,2,1838,0,0,0.2859207008499828
aeeem_mylyn,static,logistic_regression,5,2,1848,0,0,0.23173154710906896
aeeem_mylyn,static,logistic_regression,5,2,1850,1,1,0.7036750036421995
aeeem_mylyn,static,logistic_regression,5,2,1851,0,1,0.5333229985383707
aeeem_mylyn,static,logistic_regression,5,2,1855,1,1,0.6912167102084078
aeeem_mylyn,static,logistic_regression,5,3,7,0,0,0.19927894958531678
aeeem_mylyn,static,logistic_regression,5,3,11,0,0,0.3490286809118551
aeeem_mylyn,static,logistic_regression,5,3,12,0,0,0.28467563442396043
aeeem_mylyn,static,logistic_regression,5,3,15,0,0,0.30252954132342447
aeeem_mylyn,static,logistic_regression,5,3,18,0,0,0.32608161146048664
aeeem_mylyn,static,logistic_regression,5,3,31,0,0,0.3357809833398757
aeeem_mylyn,static,logistic_regression,5,3,33,0,0,0.33968858443740124
aeeem_mylyn,static,logistic_regression,5,3,46,1,1,0.8563716010147203
aeeem_mylyn,static,logistic_regression,5,3,68,1,1,0.9773282880364417
aeeem_mylyn,static,logistic_regression,5,3,79,0,1,0.6226823538405954
aeeem_mylyn,static,logistic_regression,5,3,89,0,0,0.32045108011270335
aeeem_mylyn,static,logistic_regression,5,3,96,0,0,0.3278180698376962
aeeem_mylyn,static,logistic_regression,5,3,98,0,0,0.4363409838668235
aeeem_mylyn,static,logistic_regression,5,3,101,0,0,0.18520557792095518
aeeem_mylyn,static,logistic_regression,5,3,103,0,0,0.2611218981811806
aeeem_mylyn,static,logistic_regression,5,3,104,0,0,0.28082259276618776
aeeem_mylyn,static,logistic_regression,5,3,105,0,0,0.2513263468954764
aeeem_mylyn,static,logistic_regression,5,3,115,1,1,0.5029138010095082
aeeem_mylyn,static,logistic_regression,5,3,121,0,1,0.5483489192439528
aeeem_mylyn,static,logistic_regression,5,3,130,0,0,0.2953127691975343
aeeem_mylyn,static,logistic_regression,5,3,133,1,1,0.6509514297524731
aeeem_mylyn,static,logistic_regression,5,3,136,0,1,0.9334081934182684
aeeem_mylyn,static,logistic_regression,5,3,137,0,0,0.03445898893730968
aeeem_mylyn,static,logistic_regression,5,3,138,0,1,0.6121268863048489
aeeem_mylyn,static,logistic_regression,5,3,139,0,0,0.19777415059080425
aeeem_mylyn,static,logistic_regression,5,3,157,0,1,0.6293251900621532
aeeem_mylyn,static,logistic_regression,5,3,165,0,0,0.47157203932841996
aeeem_mylyn,static,logistic_regression,5,3,169,1,0,0.4701893839255348
aeeem_mylyn,static,logistic_regression,5,3,177,0,0,0.41686867138851674
aeeem_mylyn,static,logistic_regression,5,3,185,0,0,0.36820893123761556
aeeem_mylyn,static,logistic_regression,5,3,191,0,1,0.9988516670447808
aeeem_mylyn,static,logistic_regression,5,3,203,0,1,0.8973308607408511
aeeem_mylyn,static,logistic_regression,5,3,205,1,1,0.7452349885417147
aeeem_mylyn,static,logistic_regression,5,3,207,0,1,0.9410038123167616
aeeem_mylyn,static,logistic_regression,5,3,208,1,1,0.5475276057132871
aeeem_mylyn,static,logistic_regression,5,3,213,0,1,0.7433158453206288
aeeem_mylyn,static,logistic_regression,5,3,216,0,0,0.10663978063689804
aeeem_mylyn,static,logistic_regression,5,3,220,0,0,0.24256961261124554
aeeem_mylyn,static,logistic_regression,5,3,227,0,1,0.5642325737544885
aeeem_mylyn,static,logistic_regression,5,3,234,0,1,0.711213122934466
aeeem_mylyn,static,logistic_regression,5,3,236,0,0,0.14986718474631655
aeeem_mylyn,static,logistic_regression,5,3,237,0,1,0.5262333945890589
aeeem_mylyn,static,logistic_regression,5,3,238,0,0,0.31742711152382647
aeeem_mylyn,static,logistic_regression,5,3,244,0,0,0.3946208043189994
aeeem_mylyn,static,logistic_regression,5,3,248,0,0,0.3222497118978267
aeeem_mylyn,static,logistic_regression,5,3,255,0,0,0.4367379441686232
aeeem_mylyn,static,logistic_regression,5,3,264,0,0,0.29811613473269133
aeeem_mylyn,static,logistic_regression,5,3,265,0,0,0.27081539272954164
aeeem_mylyn,static,logistic_regression,5,3,268,0,0,0.29781778764262096
aeeem_mylyn,static,logistic_regression,5,3,270,0,0,0.31761486276346373
aeeem_mylyn,static,logistic_regression,5,3,289,1,0,0.3393376824476535
aeeem_mylyn,static,logistic_regression,5,3,290,0,0,0.201604695622289
aeeem_mylyn,static,logistic_regression,5,3,291,1,0,0.40098559019198254
aeeem_mylyn,static,logistic_regression,5,3,309,0,1,0.7735071473377053
aeeem_mylyn,static,logistic_regression,5,3,310,0,0,0.4264438081401638
aeeem_mylyn,static,logistic_regression,5,3,312,0,0,0.45029456634353815
aeeem_mylyn,static,logistic_regression,5,3,313,0,0,0.020497464579554984
aeeem_mylyn,static,logistic_regression,5,3,314,0,0,0.3261304790916706
aeeem_mylyn,static,logistic_regression,5,3,321,0,0,0.10240921604620248
aeeem_mylyn,static,logistic_regression,5,3,340,0,0,0.3851704179568124
aeeem_mylyn,static,logistic_regression,5,3,359,0,0,0.25466243767109115
aeeem_mylyn,static,logistic_regression,5,3,366,0,0,0.32045108011270335
aeeem_mylyn,static,logistic_regression,5,3,377,0,0,0.31513507692003156
aeeem_mylyn,static,logistic_regression,5,3,390,0,0,0.2080511691584165
aeeem_mylyn,static,logistic_regression,5,3,395,0,0,0.1195289677592601
aeeem_mylyn,static,logistic_regression,5,3,396,0,1,0.8791291581377908
aeeem_mylyn,static,logistic_regression,5,3,398,0,0,0.2772941732735171
aeeem_mylyn,static,logistic_regression,5,3,408,0,0,0.3937120625798141
aeeem_mylyn,static,logistic_regression,5,3,411,0,0,0.33750647942176365
aeeem_mylyn,static,logistic_regression,5,3,417,0,0,0.42710254191947955
aeeem_mylyn,static,logistic_regression,5,3,420,0,1,0.8306031100170761
aeeem_mylyn,static,logistic_regression,5,3,425,0,0,0.37106133216609616
aeeem_mylyn,static,logistic_regression,5,3,440,0,0,0.48501697202072247
aeeem_mylyn,static,logistic_regression,5,3,447,0,0,0.40880859527983654
aeeem_mylyn,static,logistic_regression,5,3,449,0,0,0.41449920195298057
aeeem_mylyn,static,logistic_regression,5,3,453,0,0,0.41611303614059686
aeeem_mylyn,static,logistic_regression,5,3,455,1,0,0.48657357468744344
aeeem_mylyn,static,logistic_regression,5,3,459,1,0,0.3578350948317988
aeeem_mylyn,static,logistic_regression,5,3,462,0,0,0.1936114690286307
aeeem_mylyn,static,logistic_regression,5,3,479,0,0,0.27380241637823294
aeeem_mylyn,static,logistic_regression,5,3,485,0,0,0.26418036931274363
aeeem_mylyn,static,logistic_regression,5,3,498,1,0,0.38798643429698365
aeeem_mylyn,static,logistic_regression,5,3,500,0,0,0.4882525079460601
aeeem_mylyn,static,logistic_regression,5,3,503,0,0,0.2484842222226736
aeeem_mylyn,static,logistic_regression,5,3,504,0,0,0.32045108011270335
aeeem_mylyn,static,logistic_regression,5,3,507,0,0,0.3770227753387317
aeeem_mylyn,static,logistic_regression,5,3,508,0,0,0.3463684058925661
aeeem_mylyn,static,logistic_regression,5,3,512,0,0,0.13701742457636382
aeeem_mylyn,static,logistic_regression,5,3,535,0,1,0.6371382684850152
aeeem_mylyn,static,logistic_regression,5,3,537,0,1,0.6881775720242103
aeeem_mylyn,static,logistic_regression,5,3,540,0,0,0.22888714977750912
aeeem_mylyn,static,logistic_regression,5,3,543,1,0,0.3673959030567974
aeeem_mylyn,static,logistic_regression,5,3,545,1,1,0.6170698529241444
aeeem_mylyn,static,logistic_regression,5,3,552,1,1,0.9934835121290214
aeeem_mylyn,static,logistic_regression,5,3,557,1,0,0.35680361860282894
aeeem_mylyn,static,logistic_regression,5,3,561,1,0,0.21874139255149788
aeeem_mylyn,static,logistic_regression,5,3,562,0,0,0.29116244162375216
aeeem_mylyn,static,logistic_regression,5,3,566,0,0,0.3094961980926805
aeeem_mylyn,static,logistic_regression,5,3,572,0,0,0.2802976745042416
aeeem_mylyn,static,logistic_regression,5,3,574,0,0,0.32922394501232716
aeeem_mylyn,static,logistic_regression,5,3,575,0,0,0.34554867957891433
aeeem_mylyn,static,logistic_regression,5,3,578,0,0,0.08211085511308217
aeeem_mylyn,static,logistic_regression,5,3,580,0,0,0.20493857152843456
aeeem_mylyn,static,logistic_regression,5,3,588,0,1,0.8822336293232869
aeeem_mylyn,static,logistic_regression,5,3,591,0,0,0.2175263938179864
aeeem_mylyn,static,logistic_regression,5,3,592,0,0,0.07273490030871228
aeeem_mylyn,static,logistic_regression,5,3,601,0,0,0.004164011697298385
aeeem_mylyn,static,logistic_regression,5,3,602,1,0,0.32154604302837675
aeeem_mylyn,static,logistic_regression,5,3,606,0,0,0.46602282412400076
aeeem_mylyn,static,logistic_regression,5,3,607,1,1,0.5745197860891319
aeeem_mylyn,static,logistic_regression,5,3,609,0,0,0.30736625532906053
aeeem_mylyn,static,logistic_regression,5,3,610,0,0,0.33968858443740124
aeeem_mylyn,static,logistic_regression,5,3,618,0,1,0.6665530342641895
aeeem_mylyn,static,logistic_regression,5,3,621,0,0,0.30863376395456915
aeeem_mylyn,static,logistic_regression,5,3,632,0,0,0.2998747342528001
aeeem_mylyn,static,logistic_regression,5,3,634,0,0,0.2895979487488094
aeeem_mylyn,static,logistic_regression,5,3,638,0,0,0.32772859591305803
aeeem_mylyn,static,logistic_regression,5,3,639,0,0,0.39242620072745216
aeeem_mylyn,static,logistic_regression,5,3,649,0,0,0.41807155168928295
aeeem_mylyn,static,logistic_regression,5,3,657,0,0,0.07056716508552519
aeeem_mylyn,static,logistic_regression,5,3,672,0,0,0.3035386046338944
aeeem_mylyn,static,logistic_regression,5,3,678,0,0,0.2558773997313916
aeeem_mylyn,static,logistic_regression,5,3,685,0,0,0.37303650186080967
aeeem_mylyn,static,logistic_regression,5,3,691,0,0,0.1514579297759278
aeeem_mylyn,static,logistic_regression,5,3,697,1,0,0.4390945680266763
aeeem_mylyn,static,logistic_regression,5,3,702,0,0,0.35212078324417045
aeeem_mylyn,static,logistic_regression,5,3,704,0,1,0.650005141474018
aeeem_mylyn,static,logistic_regression,5,3,711,0,0,0.34350697246723494
aeeem_mylyn,static,logistic_regression,5,3,714,0,1,0.7778811420970873
aeeem_mylyn,static,logistic_regression,5,3,719,0,1,0.5901001228813358
aeeem_mylyn,static,logistic_regression,5,3,727,0,0,0.2943102512497116
aeeem_mylyn,static,logistic_regression,5,3,728,0,0,0.07083248599983566
aeeem_mylyn,static,logistic_regression,5,3,733,0,0,0.283977092062338
aeeem_mylyn,static,logistic_regression,5,3,743,0,0,0.13558567214826317
aeeem_mylyn,static,logistic_regression,5,3,746,0,0,0.45987702737172315
aeeem_mylyn,static,logistic_regression,5,3,757,0,0,0.2514383805743676
aeeem_mylyn,static,logistic_regression,5,3,760,0,0,0.13675796534506343
aeeem_mylyn,static,logistic_regression,5,3,773,0,0,0.3758820779431696
aeeem_mylyn,static,logistic_regression,5,3,785,1,0,0.48752387395185187
aeeem_mylyn,static,logistic_regression,5,3,788,0,0,0.3312947796037084
aeeem_mylyn,static,logistic_regression,5,3,789,0,0,0.27332999001850555
aeeem_mylyn,static,logistic_regression,5,3,794,0,1,0.9977374035609994
aeeem_mylyn,static,logistic_regression,5,3,798,0,0,0.3643181366960988
aeeem_mylyn,static,logistic_regression,5,3,799,0,1,0.5454966638076229
aeeem_mylyn,static,logistic_regression,5,3,805,0,0,0.4607221750015244
aeeem_mylyn,static,logistic_regression,5,3,806,0,0,0.45371955150556664
aeeem_mylyn,static,logistic_regression,5,3,814,0,0,0.4642680594634322
aeeem_mylyn,static,logistic_regression,5,3,817,0,0,0.47191630236472953
aeeem_mylyn,static,logistic_regression,5,3,819,1,1,0.9005701242988676
aeeem_mylyn,static,logistic_regression,5,3,823,1,1,0.9545662575208312
aeeem_mylyn,static,logistic_regression,5,3,825,0,1,0.6176548741551504
aeeem_mylyn,static,logistic_regression,5,3,830,1,1,0.8402634641681197
aeeem_mylyn,static,logistic_regression,5,3,832,1,0,0.471541706603704
aeeem_mylyn,static,logistic_regression,5,3,834,0,0,0.43867175331759845
aeeem_mylyn,static,logistic_regression,5,3,837,0,0,0.17349617055915975
aeeem_mylyn,static,logistic_regression,5,3,838,0,0,0.20297512393235997
aeeem_mylyn,static,logistic_regression,5,3,847,0,0,0.07751498019685708
aeeem_mylyn,static,logistic_regression,5,3,855,0,1,0.6365403460229558
aeeem_mylyn,static,logistic_regression,5,3,863,0,0,0.36643358226136036
aeeem_mylyn,static,logistic_regression,5,3,864,0,0,0.35729208648228683
aeeem_mylyn,static,logistic_regression,5,3,868,1,1,0.5613632849993365
aeeem_mylyn,static,logistic_regression,5,3,869,0,0,0.2659731501743916
aeeem_mylyn,static,logistic_regression,5,3,875,0,0,0.35345518833642786
aeeem_mylyn,static,logistic_regression,5,3,879,0,0,0.46463988425424047
aeeem_mylyn,static,logistic_regression,5,3,880,0,1,0.55631526201621
aeeem_mylyn,static,logistic_regression,5,3,881,0,1,0.5577707263535214
aeeem_mylyn,static,logistic_regression,5,3,893,0,0,0.46472885058509683
aeeem_mylyn,static,logistic_regression,5,3,899,0,1,0.6916977037385658
aeeem_mylyn,static,logistic_regression,5,3,908,0,0,0.44486676123812274
aeeem_mylyn,static,logistic_regression,5,3,910,0,0,0.3794342205527901
aeeem_mylyn,static,logistic_regression,5,3,916,0,0,0.27455281365606665
aeeem_mylyn,static,logistic_regression,5,3,917,0,0,0.3667114795214349
aeeem_mylyn,static,logistic_regression,5,3,919,0,0,0.341102110759795
aeeem_mylyn,static,logistic_regression,5,3,924,0,0,0.26993977842328143
aeeem_mylyn,static,logistic_regression,5,3,929,0,0,0.35552553358792566
aeeem_mylyn,static,logistic_regression,5,3,932,0,0,0.2687443947171632
aeeem_mylyn,static,logistic_regression,5,3,941,0,0,0.32563448512279525
aeeem_mylyn,static,logistic_regression,5,3,944,0,0,0.1476232647273796
aeeem_mylyn,static,logistic_regression,5,3,951,1,0,0.41564324447620576
aeeem_mylyn,static,logistic_regression,5,3,954,0,1,0.6197244849245762
aeeem_mylyn,static,logistic_regression,5,3,955,1,1,0.9458117596726411
aeeem_mylyn,static,logistic_regression,5,3,959,0,0,0.27139552359429703
aeeem_mylyn,static,logistic_regression,5,3,966,0,0,0.04242686632908689
aeeem_mylyn,static,logistic_regression,5,3,975,0,0,0.3176662220291476
aeeem_mylyn,static,logistic_regression,5,3,977,0,0,0.30863172335399347
aeeem_mylyn,static,logistic_regression,5,3,980,0,0,0.4513065858552102
aeeem_mylyn,static,logistic_regression,5,3,983,1,1,0.7222514693562623
aeeem_mylyn,static,logistic_regression,5,3,1000,0,0,0.4082636836802387
aeeem_mylyn,static,logistic_regression,5,3,1001,1,0,0.48490800954027785
aeeem_mylyn,static,logistic_regression,5,3,1002,0,1,0.6786719992901891
aeeem_mylyn,static,logistic_regression,5,3,1003,0,0,0.1538230917133898
aeeem_mylyn,static,logistic_regression,5,3,1010,0,0,0.473612614915918
aeeem_mylyn,static,logistic_regression,5,3,1015,0,0,0.4582953783951464
aeeem_mylyn,static,logistic_regression,5,3,1023,0,0,0.461702797844318
aeeem_mylyn,static,logistic_regression,5,3,1028,0,0,0.49554199915618974
aeeem_mylyn,static,logistic_regression,5,3,1030,0,0,0.3747766355556084
aeeem_mylyn,static,logistic_regression,5,3,1039,0,0,0.36412593097885815
aeeem_mylyn,static,logistic_regression,5,3,1043,0,0,0.20844547906675762
aeeem_mylyn,static,logistic_regression,5,3,1048,0,0,0.3729697191220489
aeeem_mylyn,static,logistic_regression,5,3,1049,0,0,0.3353624133776052
aeeem_mylyn,static,logistic_regression,5,3,1051,0,1,0.5352856590125505
aeeem_mylyn,static,logistic_regression,5,3,1052,0,0,0.021777284676101887
aeeem_mylyn,static,logistic_regression,5,3,1063,0,0,0.23153777320226387
aeeem_mylyn,static,logistic_regression,5,3,1065,0,0,0.36465648059984684
aeeem_mylyn,static,logistic_regression,5,3,1070,0,0,0.10399148538164318
aeeem_mylyn,static,logistic_regression,5,3,1071,0,1,0.7770540715276288
aeeem_mylyn,static,logistic_regression,5,3,1091,0,0,0.3046157003343521
aeeem_mylyn,static,logistic_regression,5,3,1093,0,0,0.2689035494756204
aeeem_mylyn,static,logistic_regression,5,3,1099,0,0,0.08261037571619616
aeeem_mylyn,static,logistic_regression,5,3,1100,0,0,0.3927436862166878
aeeem_mylyn,static,logistic_regression,5,3,1104,0,0,0.31260236852788625
aeeem_mylyn,static,logistic_regression,5,3,1109,0,0,0.44244830623112247
aeeem_mylyn,static,logistic_regression,5,3,1111,0,0,0.2713187525265832
aeeem_mylyn,static,logistic_regression,5,3,1113,0,0,0.2839800011436771
aeeem_mylyn,static,logistic_regression,5,3,1115,0,0,0.32375635984517587
aeeem_mylyn,static,logistic_regression,5,3,1116,0,0,0.26420925899038794
aeeem_mylyn,static,logistic_regression,5,3,1120,0,0,0.19487713775272178
aeeem_mylyn,static,logistic_regression,5,3,1127,1,0,0.20038281692314575
aeeem_mylyn,static,logistic_regression,5,3,1130,0,1,0.6078603189660265
aeeem_mylyn,static,logistic_regression,5,3,1134,0,1,0.5147029911842913
aeeem_mylyn,static,logistic_regression,5,3,1135,0,1,0.9763004740433261
aeeem_mylyn,static,logistic_regression,5,3,1136,0,0,0.1925791919204426
aeeem_mylyn,static,logistic_regression,5,3,1140,0,0,0.28504264451749445
aeeem_mylyn,static,logistic_regression,5,3,1142,0,0,0.10289819620604237
aeeem_mylyn,static,logistic_regression,5,3,1169,0,0,0.35680361860282894
aeeem_mylyn,static,logistic_regression,5,3,1172,0,0,0.42914534691137574
aeeem_mylyn,static,logistic_regression,5,3,1176,0,0,0.34251377773750286
aeeem_mylyn,static,logistic_regression,5,3,1180,0,0,0.3276386595420331
aeeem_mylyn,static,logistic_regression,5,3,1182,0,0,0.08468567894248993
aeeem_mylyn,static,logistic_regression,5,3,1189,0,0,0.34235506668731314
aeeem_mylyn,static,logistic_regression,5,3,1190,0,0,0.4135169124262582
aeeem_mylyn,static,logistic_regression,5,3,1194,0,0,0.39333046277512945
aeeem_mylyn,static,logistic_regression,5,3,1197,0,1,0.8151634447450058
aeeem_mylyn,static,logistic_regression,5,3,1201,0,0,0.12865058175322183
aeeem_mylyn,static,logistic_regression,5,3,1212,0,0,0.29487129311026467
aeeem_mylyn,static,logistic_regression,5,3,1214,0,0,0.4556710134532788
aeeem_mylyn,static,logistic_regression,5,3,1216,0,0,0.045868456818441886
aeeem_mylyn,static,logistic_regression,5,3,1220,0,0,0.3027148960425503
aeeem_mylyn,static,logistic_regression,5,3,1221,0,0,0.45331527359423
aeeem_mylyn,static,logistic_regression,5,3,1223,0,0,0.3031035186022627
aeeem_mylyn,static,logistic_regression,5,3,1226,0,0,0.3116928558712357
aeeem_mylyn,static,logistic_regression,5,3,1231,0,1,0.7560496163448173
aeeem_mylyn,static,logistic_regression,5,3,1232,0,0,0.2835628701914564
aeeem_mylyn,static,logistic_regression,5,3,1235,0,0,0.18565543951270685
aeeem_mylyn,static,logistic_regression,5,3,1237,0,0,0.40273508680355075
aeeem_mylyn,static,logistic_regression,5,3,1238,0,0,0.4453841422377797
aeeem_mylyn,static,logistic_regression,5,3,1239,0,1,0.7612143243769249
aeeem_mylyn,static,logistic_regression,5,3,1253,0,0,0.3111796478441487
aeeem_mylyn,static,logistic_regression,5,3,1259,0,1,0.6862748084806489
aeeem_mylyn,static,logistic_regression,5,3,1264,0,1,0.6467785591184309
aeeem_mylyn,static,logistic_regression,5,3,1266,0,0,0.33522283918932066
aeeem_mylyn,static,logistic_regression,5,3,1270,0,0,0.3328445735964959
aeeem_mylyn,static,logistic_regression,5,3,1271,0,0,0.32182496350741924
aeeem_mylyn,static,logistic_regression,5,3,1273,0,1,0.7521498665001339
aeeem_mylyn,static,logistic_regression,5,3,1276,0,1,0.7818083157019964
aeeem_mylyn,static,logistic_regression,5,3,1281,0,0,0.3303755958982725
aeeem_mylyn,static,logistic_regression,5,3,1286,0,1,0.5116825384264287
aeeem_mylyn,static,logistic_regression,5,3,1291,0,1,0.6470456551715454
aeeem_mylyn,static,logistic_regression,5,3,1297,0,0,0.3224775843146815
aeeem_mylyn,static,logistic_regression,5,3,1300,0,1,0.8649566701758029
aeeem_mylyn,static,logistic_regression,5,3,1301,0,1,0.7676501641704846
aeeem_mylyn,static,logistic_regression,5,3,1303,0,1,0.5025527325649303
aeeem_mylyn,static,logistic_regression,5,3,1311,0,0,0.3488480388558993
aeeem_mylyn,static,logistic_regression,5,3,1314,0,0,0.2606359464922547
aeeem_mylyn,static,logistic_regression,5,3,1325,0,0,0.3129031785767908
aeeem_mylyn,static,logistic_regression,5,3,1335,1,1,0.5732142293508531
aeeem_mylyn,static,logistic_regression,5,3,1337,0,0,0.3924808103984558
aeeem_mylyn,static,logistic_regression,5,3,1345,0,0,0.3851704179568124
aeeem_mylyn,static,logistic_regression,5,3,1347,0,0,0.47889171982550294
aeeem_mylyn,static,logistic_regression,5,3,1354,0,1,0.6122803896901718
aeeem_mylyn,static,logistic_regression,5,3,1360,0,0,0.010439212924035862
aeeem_mylyn,static,logistic_regression,5,3,1361,1,1,0.722755520537826
aeeem_mylyn,static,logistic_regression,5,3,1363,0,0,0.155048864543186
aeeem_mylyn,static,logistic_regression,5,3,1365,1,0,0.4393372161271623
aeeem_mylyn,static,logistic_regression,5,3,1367,0,0,0.05828010602667777
aeeem_mylyn,static,logistic_regression,5,3,1369,0,0,0.32189778690859633
aeeem_mylyn,static,logistic_regression,5,3,1374,0,0,0.3890585359754633
aeeem_mylyn,static,logistic_regression,5,3,1375,0,0,0.13989525725537627
aeeem_mylyn,static,logistic_regression,5,3,1376,0,0,0.04641715414991699
aeeem_mylyn,static,logistic_regression,5,3,1378,1,1,0.820280174106542
aeeem_mylyn,static,logistic_regression,5,3,1381,0,1,0.630289968926438
aeeem_mylyn,static,logistic_regression,5,3,1385,0,0,0.12922363400844603
aeeem_mylyn,static,logistic_regression,5,3,1386,0,0,0.273749091296541
aeeem_mylyn,static,logistic_regression,5,3,1395,1,1,0.7189484285502865
aeeem_mylyn,static,logistic_regression,5,3,1399,0,0,0.31234093300199506
aeeem_mylyn,static,logistic_regression,5,3,1413,0,0,0.4037487814563819
aeeem_mylyn,static,logistic_regression,5,3,1414,0,0,0.3213383335923726
aeeem_mylyn,static,logistic_regression,5,3,1419,0,0,0.41347873576215993
aeeem_mylyn,static,logistic_regression,5,3,1424,0,0,0.4045853408452917
aeeem_mylyn,static,logistic_regression,5,3,1426,0,0,0.25700791349256835
aeeem_mylyn,static,logistic_regression,5,3,1427,0,1,0.7043066317549515
aeeem_mylyn,static,logistic_regression,5,3,1430,0,0,0.39137451835503306
aeeem_mylyn,static,logistic_regression,5,3,1432,0,0,0.26373213425995967
aeeem_mylyn,static,logistic_regression,5,3,1437,0,0,0.2465044843258167
aeeem_mylyn,static,logistic_regression,5,3,1440,0,1,0.5090414291995256
aeeem_mylyn,static,logistic_regression,5,3,1443,0,0,0.43133446384278074
aeeem_mylyn,static,logistic_regression,5,3,1445,0,1,0.9861931819048437
aeeem_mylyn,static,logistic_regression,5,3,1451,0,1,0.6736121012343746
aeeem_mylyn,static,logistic_regression,5,3,1460,1,1,0.9860866295753136
aeeem_mylyn,static,logistic_regression,5,3,1465,1,0,0.21146653833559692
aeeem_mylyn,static,logistic_regression,5,3,1477,1,1,0.8330532152131972
aeeem_mylyn,static,logistic_regression,5,3,1484,0,0,0.13543130777329218
aeeem_mylyn,static,logistic_regression,5,3,1488,0,1,0.9482723814157427
aeeem_mylyn,static,logistic_regression,5,3,1490,1,0,0.3940597394322007
aeeem_mylyn,static,logistic_regression,5,3,1493,1,0,0.35882767213203853
aeeem_mylyn,static,logistic_regression,5,3,1495,0,1,0.5997133372761502
aeeem_mylyn,static,logistic_regression,5,3,1503,0,0,0.33090673192809306
aeeem_mylyn,static,logistic_regression,5,3,1509,0,0,0.4577792998601425
aeeem_mylyn,static,logistic_regression,5,3,1520,0,0,0.32045108011270335
aeeem_mylyn,static,logistic_regression,5,3,1522,0,1,0.556456589110066
aeeem_mylyn,static,logistic_regression,5,3,1524,0,0,0.20494152621518022
aeeem_mylyn,static,logistic_regression,5,3,1526,0,0,0.22733054939054093
aeeem_mylyn,static,logistic_regression,5,3,1527,0,0,0.3245271583579015
aeeem_mylyn,static,logistic_regression,5,3,1554,0,0,0.28781906128239887
aeeem_mylyn,static,logistic_regression,5,3,1557,0,1,0.52161323546564
aeeem_mylyn,static,logistic_regression,5,3,1565,1,1,0.7472888726592398
aeeem_mylyn,static,logistic_regression,5,3,1572,0,0,0.16400712035808807
aeeem_mylyn,static,logistic_regression,5,3,1574,1,1,0.9464735738757399
aeeem_mylyn,static,logistic_regression,5,3,1581,0,0,0.3522862626459205
aeeem_mylyn,static,logistic_regression,5,3,1583,0,0,0.4690649476759723
aeeem_mylyn,static,logistic_regression,5,3,1586,1,1,0.8924092407353567
aeeem_mylyn,static,logistic_regression,5,3,1593,0,0,0.3072100718207921
aeeem_mylyn,static,logistic_regression,5,3,1596,0,0,0.4959429784277338
aeeem_mylyn,static,logistic_regression,5,3,1604,0,0,0.1427166655209686
aeeem_mylyn,static,logistic_regression,5,3,1611,0,0,0.3242844358128888
aeeem_mylyn,static,logistic_regression,5,3,1616,0,0,0.26247890300588256
aeeem_mylyn,static,logistic_regression,5,3,1618,0,1,0.8298566380999157
aeeem_mylyn,static,logistic_regression,5,3,1628,0,0,0.3517060155004934
aeeem_mylyn,static,logistic_regression,5,3,1636,0,1,0.8858810724483516
aeeem_mylyn,static,logistic_regression,5,3,1637,0,1,0.7560842899451997
aeeem_mylyn,static,logistic_regression,5,3,1645,1,0,0.30528566127913537
aeeem_mylyn,static,logistic_regression,5,3,1656,0,0,0.20873684887733027
aeeem_mylyn,static,logistic_regression,5,3,1660,0,0,0.3114564524556329
aeeem_mylyn,static,logistic_regression,5,3,1672,0,0,0.3006953628053909
aeeem_mylyn,static,logistic_regression,5,3,1684,0,1,0.5359739368350913
aeeem_mylyn,static,logistic_regression,5,3,1685,0,0,0.18414485783063295
aeeem_mylyn,static,logistic_regression,5,3,1686,0,1,0.5955976631624225
aeeem_mylyn,static,logistic_regression,5,3,1690,0,0,0.06757236004876734
aeeem_mylyn,static,logistic_regression,5,3,1691,0,0,0.006776636932657878
aeeem_mylyn,static,logistic_regression,5,3,1693,0,1,0.5406139490982346
aeeem_mylyn,static,logistic_regression,5,3,1697,1,0,0.3722293992667455
aeeem_mylyn,static,logistic_regression,5,3,1701,0,0,0.31369598473402277
aeeem_mylyn,static,logistic_regression,5,3,1702,0,1,0.9255148954256567
aeeem_mylyn,static,logistic_regression,5,3,1703,0,1,0.7324232799610261
aeeem_mylyn,static,logistic_regression,5,3,1705,0,0,0.14937601878107726
aeeem_mylyn,static,logistic_regression,5,3,1710,0,0,0.19977924381313322
aeeem_mylyn,static,logistic_regression,5,3,1711,0,1,0.5337257573269522
aeeem_mylyn,static,logistic_regression,5,3,1732,1,0,0.37712523419402616
aeeem_mylyn,static,logistic_regression,5,3,1740,0,1,0.5108690693073079
aeeem_mylyn,static,logistic_regression,5,3,1742,0,0,0.4352956312807645
aeeem_mylyn,static,logistic_regression,5,3,1744,0,0,0.2509079842008402
aeeem_mylyn,static,logistic_regression,5,3,1746,0,0,0.3704094679395638
aeeem_mylyn,static,logistic_regression,5,3,1753,0,0,0.32045108011270335
aeeem_mylyn,static,logistic_regression,5,3,1756,1,1,0.7505794588544493
aeeem_mylyn,static,logistic_regression,5,3,1759,1,1,0.9783524132986017
aeeem_mylyn,static,logistic_regression,5,3,1760,0,0,0.3989594268213067
aeeem_mylyn,static,logistic_regression,5,3,1762,0,0,0.30446450158012855
aeeem_mylyn,static,logistic_regression,5,3,1773,0,0,0.303626163781965
aeeem_mylyn,static,logistic_regression,5,3,1782,0,0,0.2608483925189465
aeeem_mylyn,static,logistic_regression,5,3,1787,0,0,0.43702431359860533
aeeem_mylyn,static,logistic_regression,5,3,1797,0,0,0.1988338762962019
aeeem_mylyn,static,logistic_regression,5,3,1804,0,0,0.24189131187936422
aeeem_mylyn,static,logistic_regression,5,3,1810,0,0,0.4308319114878701
aeeem_mylyn,static,logistic_regression,5,3,1811,0,1,0.9312403501442091
aeeem_mylyn,static,logistic_regression,5,3,1814,0,0,0.2755049319352688
aeeem_mylyn,static,logistic_regression,5,3,1820,0,0,0.2830488959009195
aeeem_mylyn,static,logistic_regression,5,3,1821,0,0,0.4536511083384327
aeeem_mylyn,static,logistic_regression,5,3,1829,0,1,0.627959907957286
aeeem_mylyn,static,logistic_regression,5,3,1833,0,0,0.01635186509894515
aeeem_mylyn,static,logistic_regression,5,3,1839,0,0,0.11833415962493993
aeeem_mylyn,static,logistic_regression,5,3,1843,0,1,0.7212974875208642
aeeem_mylyn,static,logistic_regression,5,3,1858,0,0,0.20221557056266612
aeeem_mylyn,static,logistic_regression,5,4,2,0,0,0.14926445116873827
aeeem_mylyn,static,logistic_regression,5,4,5,0,0,0.0533361706689099
aeeem_mylyn,static,logistic_regression,5,4,8,0,1,0.7416395112848752
aeeem_mylyn,static,logistic_regression,5,4,38,0,0,0.39231351465586933
aeeem_mylyn,static,logistic_regression,5,4,39,0,0,0.23279382871311377
aeeem_mylyn,static,logistic_regression,5,4,40,1,1,0.9092432990588508
aeeem_mylyn,static,logistic_regression,5,4,49,0,1,0.5629164904222554
aeeem_mylyn,static,logistic_regression,5,4,50,0,0,0.3512852604567392
aeeem_mylyn,static,logistic_regression,5,4,56,1,1,0.5394496821649917
aeeem_mylyn,static,logistic_regression,5,4,64,0,0,0.4352419903497016
aeeem_mylyn,static,logistic_regression,5,4,65,0,0,0.31213510956668417
aeeem_mylyn,static,logistic_regression,5,4,66,0,0,0.0835915982032638
aeeem_mylyn,static,logistic_regression,5,4,67,0,0,0.33975560234175045
aeeem_mylyn,static,logistic_regression,5,4,71,0,0,0.3531082457408557
aeeem_mylyn,static,logistic_regression,5,4,72,0,0,0.480938644506528
aeeem_mylyn,static,logistic_regression,5,4,73,0,0,0.3340955167264083
aeeem_mylyn,static,logistic_regression,5,4,80,0,1,0.9999947522869908
aeeem_mylyn,static,logistic_regression,5,4,85,0,1,0.6670063680367506
aeeem_mylyn,static,logistic_regression,5,4,87,0,0,0.30505555438293
aeeem_mylyn,static,logistic_regression,5,4,92,0,0,0.13431896616520128
aeeem_mylyn,static,logistic_regression,5,4,97,0,0,0.20867171481747632
aeeem_mylyn,static,logistic_regression,5,4,100,0,1,0.626263006236845
aeeem_mylyn,static,logistic_regression,5,4,106,0,0,0.4526989614814854
aeeem_mylyn,static,logistic_regression,5,4,108,0,0,0.29090919892569206
aeeem_mylyn,static,logistic_regression,5,4,109,0,0,0.06044640600971239
aeeem_mylyn,static,logistic_regression,5,4,113,1,0,0.43140864251303435
aeeem_mylyn,static,logistic_regression,5,4,117,0,0,0.4420475361788855
aeeem_mylyn,static,logistic_regression,5,4,124,0,1,0.5816223863512735
aeeem_mylyn,static,logistic_regression,5,4,126,0,0,0.29893674522064045
aeeem_mylyn,static,logistic_regression,5,4,145,0,1,0.912838830759683
aeeem_mylyn,static,logistic_regression,5,4,146,0,0,0.16714360409236542
aeeem_mylyn,static,logistic_regression,5,4,149,0,0,0.40899092959331335
aeeem_mylyn,static,logistic_regression,5,4,150,0,0,0.40264840943829483
aeeem_mylyn,static,logistic_regression,5,4,159,0,0,0.3022115248160685
aeeem_mylyn,static,logistic_regression,5,4,163,0,0,0.34866619765212864
aeeem_mylyn,static,logistic_regression,5,4,175,0,1,0.5566564774893491
aeeem_mylyn,static,logistic_regression,5,4,178,0,0,0.28260896847030775
aeeem_mylyn,static,logistic_regression,5,4,182,0,0,0.4191935880520721
aeeem_mylyn,static,logistic_regression,5,4,189,0,0,0.39512209104769497
aeeem_mylyn,static,logistic_regression,5,4,194,0,0,0.3340276004689683
aeeem_mylyn,static,logistic_regression,5,4,206,0,0,0.17945422697660512
aeeem_mylyn,static,logistic_regression,5,4,209,1,1,0.9110219068600914
aeeem_mylyn,static,logistic_regression,5,4,218,0,0,0.42294808178318327
aeeem_mylyn,static,logistic_regression,5,4,222,1,0,0.34043590143141317
aeeem_mylyn,static,logistic_regression,5,4,224,0,1,0.6541059203240179
aeeem_mylyn,static,logistic_regression,5,4,230,0,0,0.20614111260220497
aeeem_mylyn,static,logistic_regression,5,4,240,0,0,0.30462933285561367
aeeem_mylyn,static,logistic_regression,5,4,256,0,0,0.25060355149293295
aeeem_mylyn,static,logistic_regression,5,4,269,0,0,0.04361159594979353
aeeem_mylyn,static,logistic_regression,5,4,271,0,0,0.37036530372887505
aeeem_mylyn,static,logistic_regression,5,4,272,1,1,0.9568811263213597
aeeem_mylyn,static,logistic_regression,5,4,275,0,1,0.6510570417346561
aeeem_mylyn,static,logistic_regression,5,4,276,0,0,0.3910898835009612
aeeem_mylyn,static,logistic_regression,5,4,282,0,0,0.31781667739348063
aeeem_mylyn,static,logistic_regression,5,4,284,0,0,0.2401416620830019
aeeem_mylyn,static,logistic_regression,5,4,286,0,1,0.7990661646909474
aeeem_mylyn,static,logistic_regression,5,4,287,0,1,0.565186687411779
aeeem_mylyn,static,logistic_regression,5,4,292,0,1,0.5272068303008975
aeeem_mylyn,static,logistic_regression,5,4,293,0,0,0.29198255597194295
aeeem_mylyn,static,logistic_regression,5,4,299,0,0,0.16432607645786457
aeeem_mylyn,static,logistic_regression,5,4,316,1,1,0.9980997102972158
aeeem_mylyn,static,logistic_regression,5,4,318,0,0,0.12039230036061264
aeeem_mylyn,static,logistic_regression,5,4,322,0,1,0.5112712101677662
aeeem_mylyn,static,logistic_regression,5,4,328,0,0,0.2939755712682149
aeeem_mylyn,static,logistic_regression,5,4,331,0,0,0.0035434426217265226
aeeem_mylyn,static,logistic_regression,5,4,333,0,0,0.30516078818702286
aeeem_mylyn,static,logistic_regression,5,4,334,0,0,0.3857739767219241
aeeem_mylyn,static,logistic_regression,5,4,337,1,0,0.4332827896959652
aeeem_mylyn,static,logistic_regression,5,4,346,0,1,0.5309445707029555
aeeem_mylyn,static,logistic_regression,5,4,353,0,0,0.4628258106314051
aeeem_mylyn,static,logistic_regression,5,4,355,0,1,0.7181178431933507
aeeem_mylyn,static,logistic_regression,5,4,356,0,0,0.45979979859706244
aeeem_mylyn,static,logistic_regression,5,4,358,0,0,0.21624031512613232
aeeem_mylyn,static,logistic_regression,5,4,362,0,0,0.43283313656126376
aeeem_mylyn,static,logistic_regression,5,4,370,0,0,0.22441291720730805
aeeem_mylyn,static,logistic_regression,5,4,378,0,0,0.12893168294086071
aeeem_mylyn,static,logistic_regression,5,4,381,0,0,0.4049117148023253
aeeem_mylyn,static,logistic_regression,5,4,385,0,0,0.2871107179414641
aeeem_mylyn,static,logistic_regression,5,4,386,0,1,0.6931856085450874
aeeem_mylyn,static,logistic_regression,5,4,387,0,0,0.34289918880267034
aeeem_mylyn,static,logistic_regression,5,4,388,0,0,0.23308276060155267
aeeem_mylyn,static,logistic_regression,5,4,391,0,0,0.05983777632446475
aeeem_mylyn,static,logistic_regression,5,4,392,0,0,0.3460506085502711
aeeem_mylyn,static,logistic_regression,5,4,394,0,0,0.3193348454973198
aeeem_mylyn,static,logistic_regression,5,4,401,0,0,0.1316021683142025
aeeem_mylyn,static,logistic_regression,5,4,402,0,0,0.30205867151102406
aeeem_mylyn,static,logistic_regression,5,4,404,0,0,0.1740286187317026
aeeem_mylyn,static,logistic_regression,5,4,405,0,1,0.8268463716353333
aeeem_mylyn,static,logistic_regression,5,4,412,0,1,0.6081297283647892
aeeem_mylyn,static,logistic_regression,5,4,413,1,1,0.8396153503134809
aeeem_mylyn,static,logistic_regression,5,4,419,0,1,0.5120988285302343
aeeem_mylyn,static,logistic_regression,5,4,424,0,0,0.38719535461749377
aeeem_mylyn,static,logistic_regression,5,4,430,0,0,0.02052051349299606
aeeem_mylyn,static,logistic_regression,5,4,433,1,0,0.20854490327247657
aeeem_mylyn,static,logistic_regression,5,4,435,0,0,0.2729390638207899
aeeem_mylyn,static,logistic_regression,5,4,436,0,1,0.5037854440477793
aeeem_mylyn,static,logistic_regression,5,4,445,1,0,0.2348364433010751
aeeem_mylyn,static,logistic_regression,5,4,446,0,0,0.3161321916468527
aeeem_mylyn,static,logistic_regression,5,4,450,1,0,0.32272377954714077
aeeem_mylyn,static,logistic_regression,5,4,460,0,0,0.27018953127578615
aeeem_mylyn,static,logistic_regression,5,4,468,0,0,0.23660674478379282
aeeem_mylyn,static,logistic_regression,5,4,470,0,0,0.11975691473947868
aeeem_mylyn,static,logistic_regression,5,4,477,0,0,0.3663556755372558
aeeem_mylyn,static,logistic_regression,5,4,478,0,0,0.1713457287054978
aeeem_mylyn,static,logistic_regression,5,4,497,0,0,0.24427867344871873
aeeem_mylyn,static,logistic_regression,5,4,499,0,0,0.27048249116819895
aeeem_mylyn,static,logistic_regression,5,4,513,0,1,0.6418244987618895
aeeem_mylyn,static,logistic_regression,5,4,514,1,0,0.33109423452189757
aeeem_mylyn,static,logistic_regression,5,4,518,0,0,0.3109347537163966
aeeem_mylyn,static,logistic_regression,5,4,523,0,0,0.2896879098049845
aeeem_mylyn,static,logistic_regression,5,4,525,0,0,0.30414349402729046
aeeem_mylyn,static,logistic_regression,5,4,533,0,0,0.18711924290985948
aeeem_mylyn,static,logistic_regression,5,4,536,0,1,0.5263478604936371
aeeem_mylyn,static,logistic_regression,5,4,541,1,1,0.974175966925558
aeeem_mylyn,static,logistic_regression,5,4,544,0,0,0.1953070364780814
aeeem_mylyn,static,logistic_regression,5,4,547,0,0,0.45388836628208057
aeeem_mylyn,static,logistic_regression,5,4,549,0,0,0.2585231046018587
aeeem_mylyn,static,logistic_regression,5,4,554,0,0,0.16460679176861628
aeeem_mylyn,static,logistic_regression,5,4,559,0,0,0.15739032859949237
aeeem_mylyn,static,logistic_regression,5,4,565,0,1,0.5015541874257662
aeeem_mylyn,static,logistic_regression,5,4,571,0,0,0.46316775041753533
aeeem_mylyn,static,logistic_regression,5,4,583,0,0,0.30871604875153674
aeeem_mylyn,static,logistic_regression,5,4,585,0,0,0.21710326001798394
aeeem_mylyn,static,logistic_regression,5,4,589,1,0,0.32356930524798166
aeeem_mylyn,static,logistic_regression,5,4,594,0,0,0.46328811126237485
aeeem_mylyn,static,logistic_regression,5,4,600,1,0,0.19444743048183188
aeeem_mylyn,static,logistic_regression,5,4,611,0,0,0.37986084182743163
aeeem_mylyn,static,logistic_regression,5,4,617,0,1,0.5090153277755864
aeeem_mylyn,static,logistic_regression,5,4,619,1,1,0.5589812616052914
aeeem_mylyn,static,logistic_regression,5,4,623,0,0,0.3516068023982
aeeem_mylyn,static,logistic_regression,5,4,630,0,0,0.3283838909637205
aeeem_mylyn,static,logistic_regression,5,4,631,0,1,0.6074325120925772
aeeem_mylyn,static,logistic_regression,5,4,633,0,0,0.28508051423097397
aeeem_mylyn,static,logistic_regression,5,4,641,0,0,0.3455939402551749
aeeem_mylyn,static,logistic_regression,5,4,656,0,0,0.3921688997146849
aeeem_mylyn,static,logistic_regression,5,4,667,0,0,0.360289586937862
aeeem_mylyn,static,logistic_regression,5,4,675,0,0,0.10792258078148231
aeeem_mylyn,static,logistic_regression,5,4,676,0,0,0.3022115248160685
aeeem_mylyn,static,logistic_regression,5,4,683,0,0,0.41390103378494797
aeeem_mylyn,static,logistic_regression,5,4,686,0,0,0.2499110497134587
aeeem_mylyn,static,logistic_regression,5,4,687,0,0,0.3584740166247907
aeeem_mylyn,static,logistic_regression,5,4,688,0,0,0.3393759898013885
aeeem_mylyn,static,logistic_regression,5,4,690,0,0,0.32561738609924357
aeeem_mylyn,static,logistic_regression,5,4,696,0,0,0.3466018786458997
aeeem_mylyn,static,logistic_regression,5,4,703,0,1,0.8959197533266702
aeeem_mylyn,static,logistic_regression,5,4,716,0,0,0.06097393048879509
aeeem_mylyn,static,logistic_regression,5,4,718,0,0,0.414759716489574
aeeem_mylyn,static,logistic_regression,5,4,725,0,0,0.4185969622598985
aeeem_mylyn,static,logistic_regression,5,4,730,1,0,0.34043590143141317
aeeem_mylyn,static,logistic_regression,5,4,735,0,0,0.19161199346356209
aeeem_mylyn,static,logistic_regression,5,4,736,0,0,0.23279382871311377
aeeem_mylyn,static,logistic_regression,5,4,741,0,1,0.5962225734834037
aeeem_mylyn,static,logistic_regression,5,4,742,0,0,0.09345914680016013
aeeem_mylyn,static,logistic_regression,5,4,747,0,1,0.7808929751038601
aeeem_mylyn,static,logistic_regression,5,4,748,0,0,0.06044640600971239
aeeem_mylyn,static,logistic_regression,5,4,754,0,0,0.20205243183789748
aeeem_mylyn,static,logistic_regression,5,4,759,0,0,0.13486521427875972
aeeem_mylyn,static,logistic_regression,5,4,764,0,0,0.45373742512594184
aeeem_mylyn,static,logistic_regression,5,4,779,0,0,0.10792258078148231
aeeem_mylyn,static,logistic_regression,5,4,786,0,0,0.30872476302974206
aeeem_mylyn,static,logistic_regression,5,4,792,1,1,0.8528485222450457
aeeem_mylyn,static,logistic_regression,5,4,793,0,0,0.2663759333742363
aeeem_mylyn,static,logistic_regression,5,4,808,0,0,0.33089860470843807
aeeem_mylyn,static,logistic_regression,5,4,815,0,0,0.4483644647864419
aeeem_mylyn,static,logistic_regression,5,4,820,0,1,0.6558632388091709
aeeem_mylyn,static,logistic_regression,5,4,822,0,0,0.11778545084226875
aeeem_mylyn,static,logistic_regression,5,4,824,0,0,0.3064220296147573
aeeem_mylyn,static,logistic_regression,5,4,833,0,1,0.5542525284220317
aeeem_mylyn,static,logistic_regression,5,4,845,1,1,0.8716472986264988
aeeem_mylyn,static,logistic_regression,5,4,846,0,0,0.11744596706864346
aeeem_mylyn,static,logistic_regression,5,4,850,0,0,0.3841648694568523
aeeem_mylyn,static,logistic_regression,5,4,852,0,0,0.3456530954800905
aeeem_mylyn,static,logistic_regression,5,4,862,0,0,0.2951210957354487
aeeem_mylyn,static,logistic_regression,5,4,873,0,0,0.27831396410504394
aeeem_mylyn,static,logistic_regression,5,4,884,0,1,0.8511002406836807
aeeem_mylyn,static,logistic_regression,5,4,897,1,0,0.4219068681936143
aeeem_mylyn,static,logistic_regression,5,4,898,0,1,0.6682057833795219
aeeem_mylyn,static,logistic_regression,5,4,903,0,1,0.9967181032259731
aeeem_mylyn,static,logistic_regression,5,4,907,0,0,0.44166968107297794
aeeem_mylyn,static,logistic_regression,5,4,909,0,0,0.4192706790466936
aeeem_mylyn,static,logistic_regression,5,4,912,0,1,0.9987886334643232
aeeem_mylyn,static,logistic_regression,5,4,920,0,0,0.3122975174284746
aeeem_mylyn,static,logistic_regression,5,4,936,0,0,0.2601624447576048
aeeem_mylyn,static,logistic_regression,5,4,937,0,1,0.584812207346671
aeeem_mylyn,static,logistic_regression,5,4,946,0,1,0.5954851700012793
aeeem_mylyn,static,logistic_regression,5,4,952,0,0,0.3901412163423183
aeeem_mylyn,static,logistic_regression,5,4,964,0,0,0.34167251252547204
aeeem_mylyn,static,logistic_regression,5,4,979,1,0,0.1836414350335892
aeeem_mylyn,static,logistic_regression,5,4,982,0,0,0.07148727605010678
aeeem_mylyn,static,logistic_regression,5,4,991,0,1,0.9554951103170183
aeeem_mylyn,static,logistic_regression,5,4,995,1,1,0.5843559826477419
aeeem_mylyn,static,logistic_regression,5,4,999,1,0,0.47923258131799595
aeeem_mylyn,static,logistic_regression,5,4,1014,1,1,0.5338997412543329
aeeem_mylyn,static,logistic_regression,5,4,1018,0,0,0.4087689778545345
aeeem_mylyn,static,logistic_regression,5,4,1024,0,1,0.5699198555417173
aeeem_mylyn,static,logistic_regression,5,4,1032,0,1,0.6213124642166269
aeeem_mylyn,static,logistic_regression,5,4,1033,0,0,0.1225118128168828
aeeem_mylyn,static,logistic_regression,5,4,1036,0,1,0.9358238823258569
aeeem_mylyn,static,logistic_regression,5,4,1044,1,0,0.434984677309505
aeeem_mylyn,static,logistic_regression,5,4,1053,0,0,0.2454065260080013
aeeem_mylyn,static,logistic_regression,5,4,1054,0,0,0.3246517163777919
aeeem_mylyn,static,logistic_regression,5,4,1055,0,0,0.31670817238280335
aeeem_mylyn,static,logistic_regression,5,4,1059,0,1,0.732446659219645
aeeem_mylyn,static,logistic_regression,5,4,1066,0,0,0.38865638368259253
aeeem_mylyn,static,logistic_regression,5,4,1067,0,0,0.34546432498364754
aeeem_mylyn,static,logistic_regression,5,4,1072,0,0,0.41650542493810255
aeeem_mylyn,static,logistic_regression,5,4,1081,0,0,0.3302297825427822
aeeem_mylyn,static,logistic_regression,5,4,1086,0,1,0.5543965702384936
aeeem_mylyn,static,logistic_regression,5,4,1089,0,0,0.03763496190313194
aeeem_mylyn,static,logistic_regression,5,4,1090,0,0,0.4374441463726255
aeeem_mylyn,static,logistic_regression,5,4,1096,0,0,0.3226690888561011
aeeem_mylyn,static,logistic_regression,5,4,1097,0,0,0.30645441900322556
aeeem_mylyn,static,logistic_regression,5,4,1102,0,0,0.4966872555121786
aeeem_mylyn,static,logistic_regression,5,4,1105,0,1,0.5021901967106711
aeeem_mylyn,static,logistic_regression,5,4,1112,0,1,0.6284421184210164
aeeem_mylyn,static,logistic_regression,5,4,1122,0,0,0.1638694598691912
aeeem_mylyn,static,logistic_regression,5,4,1124,0,0,0.3232199051833348
aeeem_mylyn,static,logistic_regression,5,4,1128,0,0,0.3420536431058478
aeeem_mylyn,static,logistic_regression,5,4,1131,0,0,0.3328155526960459
aeeem_mylyn,static,logistic_regression,5,4,1132,0,0,0.23279382871311377
aeeem_mylyn,static,logistic_regression,5,4,1138,0,0,0.060982341411325025
aeeem_mylyn,static,logistic_regression,5,4,1139,1,1,0.7184224978691481
aeeem_mylyn,static,logistic_regression,5,4,1141,1,0,0.34160916784997686
aeeem_mylyn,static,logistic_regression,5,4,1143,0,0,0.14441440786498483
aeeem_mylyn,static,logistic_regression,5,4,1144,0,0,0.4903085980496045
aeeem_mylyn,static,logistic_regression,5,4,1146,0,0,0.32613051461122294
aeeem_mylyn,static,logistic_regression,5,4,1147,0,0,0.33855972866486295
aeeem_mylyn,static,logistic_regression,5,4,1148,1,0,0.4116550003065902
aeeem_mylyn,static,logistic_regression,5,4,1150,0,1,0.6830060653315632
aeeem_mylyn,static,logistic_regression,5,4,1154,0,1,0.5065577627174223
aeeem_mylyn,static,logistic_regression,5,4,1156,0,0,0.14302289318662142
aeeem_mylyn,static,logistic_regression,5,4,1160,1,0,0.23279382871311377
aeeem_mylyn,static,logistic_regression,5,4,1164,0,1,0.9828555315151718
aeeem_mylyn,static,logistic_regression,5,4,1175,0,0,0.3491591548159868
aeeem_mylyn,static,logistic_regression,5,4,1188,0,0,0.32656416552830586
aeeem_mylyn,static,logistic_regression,5,4,1193,0,0,0.11873459027703262
aeeem_mylyn,static,logistic_regression,5,4,1202,0,0,0.2607993226018954
aeeem_mylyn,static,logistic_regression,5,4,1203,0,0,0.04862016206628014
aeeem_mylyn,static,logistic_regression,5,4,1210,0,0,0.17399389294447126
aeeem_mylyn,static,logistic_regression,5,4,1217,0,0,0.4915831261211721
aeeem_mylyn,static,logistic_regression,5,4,1224,0,1,0.5452992698111156
aeeem_mylyn,static,logistic_regression,5,4,1227,0,0,0.20561086622732103
aeeem_mylyn,static,logistic_regression,5,4,1233,0,1,0.552708051557376
aeeem_mylyn,static,logistic_regression,5,4,1234,0,0,0.3383168106074642
aeeem_mylyn,static,logistic_regression,5,4,1247,0,0,0.23987713320918136
aeeem_mylyn,static,logistic_regression,5,4,1250,0,0,0.3116881429862929
aeeem_mylyn,static,logistic_regression,5,4,1254,0,0,0.2825556095694506
aeeem_mylyn,static,logistic_regression,5,4,1256,1,0,0.33385590164957096
aeeem_mylyn,static,logistic_regression,5,4,1261,0,0,0.2420340306542206
aeeem_mylyn,static,logistic_regression,5,4,1262,1,0,0.20817658174874276
aeeem_mylyn,static,logistic_regression,5,4,1263,0,1,0.7603641522061576
aeeem_mylyn,static,logistic_regression,5,4,1275,0,0,0.21049361894618535
aeeem_mylyn,static,logistic_regression,5,4,1289,0,0,0.3373379852818163
aeeem_mylyn,static,logistic_regression,5,4,1296,0,0,0.09345914680016013
aeeem_mylyn,static,logistic_regression,5,4,1304,0,0,0.45875198134611067
aeeem_mylyn,static,logistic_regression,5,4,1308,0,0,0.4496012885793177
aeeem_mylyn,static,logistic_regression,5,4,1310,0,0,0.3893642507795365
aeeem_mylyn,static,logistic_regression,5,4,1313,1,0,0.28968262133905376
aeeem_mylyn,static,logistic_regression,5,4,1327,0,0,0.16645976428402162
aeeem_mylyn,static,logistic_regression,5,4,1328,1,1,0.5731023882808923
aeeem_mylyn,static,logistic_regression,5,4,1332,1,1,0.7437436418878323
aeeem_mylyn,static,logistic_regression,5,4,1333,0,0,0.13536545446415552
aeeem_mylyn,static,logistic_regression,5,4,1334,0,0,0.2873150859734434
aeeem_mylyn,static,logistic_regression,5,4,1336,0,0,0.10664772593236768
aeeem_mylyn,static,logistic_regression,5,4,1339,0,0,0.3896347299429408
aeeem_mylyn,static,logistic_regression,5,4,1341,0,0,0.3046542551160822
aeeem_mylyn,static,logistic_regression,5,4,1351,0,1,0.6028489131153189
aeeem_mylyn,static,logistic_regression,5,4,1353,0,0,0.378759868273014
aeeem_mylyn,static,logistic_regression,5,4,1357,0,0,0.3028871745455908
aeeem_mylyn,static,logistic_regression,5,4,1359,0,0,0.3287248728285452
aeeem_mylyn,static,logistic_regression,5,4,1364,0,0,0.42520296815159514
aeeem_mylyn,static,logistic_regression,5,4,1377,1,1,0.7060243203689694
aeeem_mylyn,static,logistic_regression,5,4,1384,0,0,0.3193348454973198
aeeem_mylyn,static,logistic_regression,5,4,1390,0,0,0.18537345424606613
aeeem_mylyn,static,logistic_regression,5,4,1393,0,0,0.38738728518521176
aeeem_mylyn,static,logistic_regression,5,4,1397,0,0,0.17330915635911204
aeeem_mylyn,static,logistic_regression,5,4,1398,0,0,0.49948731681249847
aeeem_mylyn,static,logistic_regression,5,4,1402,0,1,0.7550153165272092
aeeem_mylyn,static,logistic_regression,5,4,1405,0,0,0.28531003819661704
aeeem_mylyn,static,logistic_regression,5,4,1406,0,0,0.3289526354572712
aeeem_mylyn,static,logistic_regression,5,4,1410,0,0,0.38277447210766236
aeeem_mylyn,static,logistic_regression,5,4,1415,0,0,0.017744149973968584
aeeem_mylyn,static,logistic_regression,5,4,1416,0,1,0.517214546488219
aeeem_mylyn,static,logistic_regression,5,4,1418,0,1,0.5676979154289424
aeeem_mylyn,static,logistic_regression,5,4,1433,0,0,0.2614089218409816
aeeem_mylyn,static,logistic_regression,5,4,1434,0,0,0.07090960611506944
aeeem_mylyn,static,logistic_regression,5,4,1436,0,0,0.2951210957354487
aeeem_mylyn,static,logistic_regression,5,4,1452,0,0,0.3082019157789083
aeeem_mylyn,static,logistic_regression,5,4,1455,0,1,0.6099294707483596
aeeem_mylyn,static,logistic_regression,5,4,1456,0,0,0.1304234960860955
aeeem_mylyn,static,logistic_regression,5,4,1468,1,1,0.8515466317895706
aeeem_mylyn,static,logistic_regression,5,4,1473,0,0,0.26857225772869114
aeeem_mylyn,static,logistic_regression,5,4,1476,0,0,0.3417590232554293
aeeem_mylyn,static,logistic_regression,5,4,1478,0,0,0.26481020487927803
aeeem_mylyn,static,logistic_regression,5,4,1480,0,0,0.11713213766745222
aeeem_mylyn,static,logistic_regression,5,4,1486,0,0,0.399627960204222
aeeem_mylyn,static,logistic_regression,5,4,1504,1,0,0.11673734769976679
aeeem_mylyn,static,logistic_regression,5,4,1505,0,0,0.19718918088257603
aeeem_mylyn,static,logistic_regression,5,4,1513,0,0,0.3116699334196676
aeeem_mylyn,static,logistic_regression,5,4,1514,0,0,0.28184890633901793
aeeem_mylyn,static,logistic_regression,5,4,1523,0,0,0.3549632308202239
aeeem_mylyn,static,logistic_regression,5,4,1531,0,0,0.2728331290739969
aeeem_mylyn,static,logistic_regression,5,4,1532,0,0,0.49787539458508184
aeeem_mylyn,static,logistic_regression,5,4,1537,0,0,0.30789187415292135
aeeem_mylyn,static,logistic_regression,5,4,1542,1,0,0.33975560234175045
aeeem_mylyn,static,logistic_regression,5,4,1545,0,0,0.30946549734398354
aeeem_mylyn,static,logistic_regression,5,4,1548,0,1,0.5614383333137091
aeeem_mylyn,static,logistic_regression,5,4,1550,0,0,0.2826696633362114
aeeem_mylyn,static,logistic_regression,5,4,1556,1,1,0.7808611639126136
aeeem_mylyn,static,logistic_regression,5,4,1577,0,0,0.34944172501646387
aeeem_mylyn,static,logistic_regression,5,4,1589,0,1,0.610836552455333
aeeem_mylyn,static,logistic_regression,5,4,1590,0,1,0.764586667924785
aeeem_mylyn,static,logistic_regression,5,4,1594,0,0,0.11470570389049846
aeeem_mylyn,static,logistic_regression,5,4,1602,0,0,0.33991038091732284
aeeem_mylyn,static,logistic_regression,5,4,1608,0,0,0.13290351284301746
aeeem_mylyn,static,logistic_regression,5,4,1622,0,0,0.44256211575195703
aeeem_mylyn,static,logistic_regression,5,4,1625,0,0,0.23279382871311377
aeeem_mylyn,static,logistic_regression,5,4,1626,0,1,0.8578376941366677
aeeem_mylyn,static,logistic_regression,5,4,1633,0,0,0.04394003681243163
aeeem_mylyn,static,logistic_regression,5,4,1639,0,0,0.37252925565449846
aeeem_mylyn,static,logistic_regression,5,4,1640,0,0,0.4377506749074904
aeeem_mylyn,static,logistic_regression,5,4,1647,0,0,0.38649720601089566
aeeem_mylyn,static,logistic_regression,5,4,1649,1,1,0.5796555173311718
aeeem_mylyn,static,logistic_regression,5,4,1650,0,1,0.6038872120324776
aeeem_mylyn,static,logistic_regression,5,4,1655,1,1,0.6806254762655809
aeeem_mylyn,static,logistic_regression,5,4,1658,0,0,0.2887018346898741
aeeem_mylyn,static,logistic_regression,5,4,1662,0,1,0.7660467814161415
aeeem_mylyn,static,logistic_regression,5,4,1663,0,1,0.6873216408549926
aeeem_mylyn,static,logistic_regression,5,4,1664,0,1,0.5004733462000146
aeeem_mylyn,static,logistic_regression,5,4,1667,0,1,0.870051929016793
aeeem_mylyn,static,logistic_regression,5,4,1670,1,0,0.33975560234175045
aeeem_mylyn,static,logistic_regression,5,4,1671,0,0,0.30762075884310197
aeeem_mylyn,static,logistic_regression,5,4,1679,0,0,0.4097345047710866
aeeem_mylyn,static,logistic_regression,5,4,1683,0,0,0.24369434038863722
aeeem_mylyn,static,logistic_regression,5,4,1687,0,0,0.3132810753817101
aeeem_mylyn,static,logistic_regression,5,4,1695,0,0,0.2443901108604997
aeeem_mylyn,static,logistic_regression,5,4,1696,0,0,0.3193348454973198
aeeem_mylyn,static,logistic_regression,5,4,1708,0,1,0.6488463419983042
aeeem_mylyn,static,logistic_regression,5,4,1709,0,1,0.8078431450037328
aeeem_mylyn,static,logistic_regression,5,4,1715,0,0,0.2610753516197008
aeeem_mylyn,static,logistic_regression,5,4,1717,0,0,0.24063503211245066
aeeem_mylyn,static,logistic_regression,5,4,1724,0,0,0.1674753435067471
aeeem_mylyn,static,logistic_regression,5,4,1725,1,1,0.7362069168201139
aeeem_mylyn,static,logistic_regression,5,4,1726,0,0,0.06214921436450353
aeeem_mylyn,static,logistic_regression,5,4,1729,0,0,0.46176607228066585
aeeem_mylyn,static,logistic_regression,5,4,1735,0,0,0.27730556172296894
aeeem_mylyn,static,logistic_regression,5,4,1736,0,1,0.8135786286485557
aeeem_mylyn,static,logistic_regression,5,4,1743,0,0,0.03690088719068293
aeeem_mylyn,static,logistic_regression,5,4,1748,0,0,0.3357097222373266
aeeem_mylyn,static,logistic_regression,5,4,1749,0,1,0.971565720150939
aeeem_mylyn,static,logistic_regression,5,4,1755,0,0,0.18561848864414013
aeeem_mylyn,static,logistic_regression,5,4,1764,0,0,0.35897452527082446
aeeem_mylyn,static,logistic_regression,5,4,1767,0,1,0.6588388630200973
aeeem_mylyn,static,logistic_regression,5,4,1768,0,1,0.7570398446655353
aeeem_mylyn,static,logistic_regression,5,4,1770,0,0,0.42236049897264544
aeeem_mylyn,static,logistic_regression,5,4,1776,1,0,0.4968628932067261
aeeem_mylyn,static,logistic_regression,5,4,1788,1,0,0.29975474723965445
aeeem_mylyn,static,logistic_regression,5,4,1802,0,0,0.028492615268765092
aeeem_mylyn,static,logistic_regression,5,4,1805,0,0,0.48884999791890826
aeeem_mylyn,static,logistic_regression,5,4,1813,0,0,0.12830032617998652
aeeem_mylyn,static,logistic_regression,5,4,1817,0,0,0.10560805127755386
aeeem_mylyn,static,logistic_regression,5,4,1819,1,1,0.8296584351841723
aeeem_mylyn,static,logistic_regression,5,4,1826,1,0,0.3988608898718601
aeeem_mylyn,static,logistic_regression,5,4,1827,0,0,0.4728566617906954
aeeem_mylyn,static,logistic_regression,5,4,1830,0,0,0.16475316191943118
aeeem_mylyn,static,logistic_regression,5,4,1844,0,0,0.11566694457555236
aeeem_mylyn,static,logistic_regression,5,4,1849,0,0,0.41429398968898545
aeeem_mylyn,static,logistic_regression,5,4,1853,0,0,0.08010282031627393
aeeem_mylyn,static,logistic_regression,5,4,1854,0,0,0.2846491774437575
aeeem_mylyn,static,logistic_regression,5,4,1856,0,0,0.14808799195159286
aeeem_mylyn,static,logistic_regression,5,4,1859,1,1,0.661224924826537
aeeem_mylyn,static,logistic_regression,5,4,1861,0,0,0.44897641092902985
aeeem_mylyn,static,logistic_regression,5,5,6,0,0,0.26870695659952837
aeeem_mylyn,static,logistic_regression,5,5,24,0,1,0.5797778101027771
aeeem_mylyn,static,logistic_regression,5,5,26,0,0,0.32466174540584763
aeeem_mylyn,static,logistic_regression,5,5,29,0,0,0.3797565659675722
aeeem_mylyn,static,logistic_regression,5,5,37,0,0,0.3195517637134169
aeeem_mylyn,static,logistic_regression,5,5,43,0,0,0.2254246239933422
aeeem_mylyn,static,logistic_regression,5,5,47,0,0,0.16134182241544268
aeeem_mylyn,static,logistic_regression,5,5,48,0,0,0.42463796790458264
aeeem_mylyn,static,logistic_regression,5,5,59,0,0,0.008807914366764591
aeeem_mylyn,static,logistic_regression,5,5,63,1,1,0.7093709124619638
aeeem_mylyn,static,logistic_regression,5,5,74,0,1,0.5349871285897171
aeeem_mylyn,static,logistic_regression,5,5,75,0,0,0.3090961874174055
aeeem_mylyn,static,logistic_regression,5,5,77,0,1,0.9617245640538165
aeeem_mylyn,static,logistic_regression,5,5,82,0,0,0.018702827515831934
aeeem_mylyn,static,logistic_regression,5,5,83,0,1,0.6251722796138064
aeeem_mylyn,static,logistic_regression,5,5,86,0,0,0.2976565116464795
aeeem_mylyn,static,logistic_regression,5,5,110,0,0,0.28722002132796765
aeeem_mylyn,static,logistic_regression,5,5,112,0,0,0.4531125462429786
aeeem_mylyn,static,logistic_regression,5,5,123,0,0,0.21806576288583118
aeeem_mylyn,static,logistic_regression,5,5,131,0,0,0.2781941172012582
aeeem_mylyn,static,logistic_regression,5,5,147,0,0,0.0633020731781578
aeeem_mylyn,static,logistic_regression,5,5,158,0,0,0.19592360857380858
aeeem_mylyn,static,logistic_regression,5,5,161,0,0,0.4073342763866932
aeeem_mylyn,static,logistic_regression,5,5,164,0,0,0.20792213004083435
aeeem_mylyn,static,logistic_regression,5,5,171,0,1,0.5390458821575266
aeeem_mylyn,static,logistic_regression,5,5,179,0,0,0.03201639657290683
aeeem_mylyn,static,logistic_regression,5,5,180,0,0,0.2793730602339767
aeeem_mylyn,static,logistic_regression,5,5,184,0,0,0.4735215040508781
aeeem_mylyn,static,logistic_regression,5,5,188,0,0,0.20327278863067388
aeeem_mylyn,static,logistic_regression,5,5,192,0,0,0.33048790484019197
aeeem_mylyn,static,logistic_regression,5,5,196,0,1,0.6592201105239914
aeeem_mylyn,static,logistic_regression,5,5,197,0,0,0.4438583604107832
aeeem_mylyn,static,logistic_regression,5,5,200,0,0,0.30495795821275373
aeeem_mylyn,static,logistic_regression,5,5,204,0,0,0.3397127402730532
aeeem_mylyn,static,logistic_regression,5,5,210,0,0,0.4898213662512994
aeeem_mylyn,static,logistic_regression,5,5,211,0,1,0.5848112147865345
aeeem_mylyn,static,logistic_regression,5,5,226,1,1,0.708156643481143
aeeem_mylyn,static,logistic_regression,5,5,231,0,1,0.6769263240979184
aeeem_mylyn,static,logistic_regression,5,5,233,1,1,0.5150184547532177
aeeem_mylyn,static,logistic_regression,5,5,243,0,1,0.6654001249429359
aeeem_mylyn,static,logistic_regression,5,5,254,0,0,0.10849353211330356
aeeem_mylyn,static,logistic_regression,5,5,257,1,0,0.15779760976718832
aeeem_mylyn,static,logistic_regression,5,5,260,0,0,0.23427567060345522
aeeem_mylyn,static,logistic_regression,5,5,273,0,0,0.4912455512223763
aeeem_mylyn,static,logistic_regression,5,5,277,0,0,0.15511095151284793
aeeem_mylyn,static,logistic_regression,5,5,281,0,0,0.33329827501857123
aeeem_mylyn,static,logistic_regression,5,5,294,0,0,0.3101181233268153
aeeem_mylyn,static,logistic_regression,5,5,301,0,0,0.32161085667097505
aeeem_mylyn,static,logistic_regression,5,5,308,0,0,0.22415721338463662
aeeem_mylyn,static,logistic_regression,5,5,320,0,0,0.4978093003381703
aeeem_mylyn,static,logistic_regression,5,5,324,0,0,0.10981007065444386
aeeem_mylyn,static,logistic_regression,5,5,325,0,1,0.9000274982366558
aeeem_mylyn,static,logistic_regression,5,5,326,1,0,0.33998442372161136
aeeem_mylyn,static,logistic_regression,5,5,327,0,0,0.22716668745813684
aeeem_mylyn,static,logistic_regression,5,5,330,0,0,0.28450915283750466
aeeem_mylyn,static,logistic_regression,5,5,332,1,0,0.21836965443355455
aeeem_mylyn,static,logistic_regression,5,5,339,0,0,0.24687823957070748
aeeem_mylyn,static,logistic_regression,5,5,348,0,0,0.06042948556033146
aeeem_mylyn,static,logistic_regression,5,5,350,0,0,0.3624918888104481
aeeem_mylyn,static,logistic_regression,5,5,360,0,0,0.2922201452697432
aeeem_mylyn,static,logistic_regression,5,5,361,0,0,0.35522223904547906
aeeem_mylyn,static,logistic_regression,5,5,364,0,0,0.20778459242706918
aeeem_mylyn,static,logistic_regression,5,5,368,0,0,0.33364531752898735
aeeem_mylyn,static,logistic_regression,5,5,369,0,0,0.28868569568182184
aeeem_mylyn,static,logistic_regression,5,5,372,0,0,0.46936022607638284
aeeem_mylyn,static,logistic_regression,5,5,373,0,0,0.29079998300207505
aeeem_mylyn,static,logistic_regression,5,5,379,0,0,0.3335523240018497
aeeem_mylyn,static,logistic_regression,5,5,380,1,0,0.213017453714534
aeeem_mylyn,static,logistic_regression,5,5,382,0,0,0.29045795684374437
aeeem_mylyn,static,logistic_regression,5,5,383,0,0,0.2447457633619376
aeeem_mylyn,static,logistic_regression,5,5,399,0,0,0.3681346013687563
aeeem_mylyn,static,logistic_regression,5,5,400,0,0,0.33597910648501406
aeeem_mylyn,static,logistic_regression,5,5,406,0,0,0.2891988379556281
aeeem_mylyn,static,logistic_regression,5,5,409,0,0,0.3042661192938466
aeeem_mylyn,static,logistic_regression,5,5,414,0,1,0.5906878161441624
aeeem_mylyn,static,logistic_regression,5,5,415,0,0,0.2852496362414534
aeeem_mylyn,static,logistic_regression,5,5,418,0,0,0.409961583075898
aeeem_mylyn,static,logistic_regression,5,5,422,0,0,0.19462515703937075
aeeem_mylyn,static,logistic_regression,5,5,426,0,0,0.18611773682976152
aeeem_mylyn,static,logistic_regression,5,5,431,0,0,0.4691376134095908
aeeem_mylyn,static,logistic_regression,5,5,434,0,1,0.5420383705565969
aeeem_mylyn,static,logistic_regression,5,5,439,0,0,0.36674655725390076
aeeem_mylyn,static,logistic_regression,5,5,442,0,0,0.3177248831996792
aeeem_mylyn,static,logistic_regression,5,5,443,0,0,0.4380130730694197
aeeem_mylyn,static,logistic_regression,5,5,444,0,1,0.6127529797514549
aeeem_mylyn,static,logistic_regression,5,5,454,0,0,0.05446061317937709
aeeem_mylyn,static,logistic_regression,5,5,457,0,0,0.49499034648377443
aeeem_mylyn,static,logistic_regression,5,5,458,0,0,0.38796211607852205
aeeem_mylyn,static,logistic_regression,5,5,463,0,0,0.146753109212147
aeeem_mylyn,static,logistic_regression,5,5,465,1,1,0.8062098864162841
aeeem_mylyn,static,logistic_regression,5,5,466,0,0,0.19269014796930847
aeeem_mylyn,static,logistic_regression,5,5,467,0,0,0.40119153486486314
aeeem_mylyn,static,logistic_regression,5,5,471,0,0,0.25664309602812274
aeeem_mylyn,static,logistic_regression,5,5,472,0,0,0.14142582671452245
aeeem_mylyn,static,logistic_regression,5,5,480,0,0,0.4263304383799964
aeeem_mylyn,static,logistic_regression,5,5,482,0,1,0.6379849462585983
aeeem_mylyn,static,logistic_regression,5,5,483,0,1,0.6476216839070752
aeeem_mylyn,static,logistic_regression,5,5,488,0,1,0.5545166535793239
aeeem_mylyn,static,logistic_regression,5,5,489,0,0,0.3604432557044064
aeeem_mylyn,static,logistic_regression,5,5,493,0,0,0.3886634367324198
aeeem_mylyn,static,logistic_regression,5,5,516,1,1,0.621279418125104
aeeem_mylyn,static,logistic_regression,5,5,519,1,0,0.3441552346195868
aeeem_mylyn,static,logistic_regression,5,5,521,1,0,0.34749300915708475
aeeem_mylyn,static,logistic_regression,5,5,527,1,1,0.5634007881013778
aeeem_mylyn,static,logistic_regression,5,5,553,0,1,0.667308380571203
aeeem_mylyn,static,logistic_regression,5,5,563,0,0,0.2879422461511246
aeeem_mylyn,static,logistic_regression,5,5,564,0,0,0.39110394208418336
aeeem_mylyn,static,logistic_regression,5,5,567,0,0,0.3460819233227618
aeeem_mylyn,static,logistic_regression,5,5,568,0,0,0.30243730709054145
aeeem_mylyn,static,logistic_regression,5,5,573,0,0,0.2879422461511246
aeeem_mylyn,static,logistic_regression,5,5,576,1,1,0.8167085142866894
aeeem_mylyn,static,logistic_regression,5,5,582,0,0,0.0742088799000475
aeeem_mylyn,static,logistic_regression,5,5,586,0,0,0.32585506313704016
aeeem_mylyn,static,logistic_regression,5,5,598,0,0,0.1580243945518562
aeeem_mylyn,static,logistic_regression,5,5,613,0,0,0.3630487739852351
aeeem_mylyn,static,logistic_regression,5,5,624,0,0,0.303336895583616
aeeem_mylyn,static,logistic_regression,5,5,626,0,0,0.2597618592799233
aeeem_mylyn,static,logistic_regression,5,5,627,1,0,0.3986256359758253
aeeem_mylyn,static,logistic_regression,5,5,637,0,1,0.5987582262750167
aeeem_mylyn,static,logistic_regression,5,5,643,1,0,0.2879422461511246
aeeem_mylyn,static,logistic_regression,5,5,650,0,1,0.7516884043248768
aeeem_mylyn,static,logistic_regression,5,5,659,0,0,0.376538757414888
aeeem_mylyn,static,logistic_regression,5,5,661,0,1,0.5033317271981367
aeeem_mylyn,static,logistic_regression,5,5,663,0,0,0.31984765395891457
aeeem_mylyn,static,logistic_regression,5,5,674,0,0,0.29981291438666113
aeeem_mylyn,static,logistic_regression,5,5,682,0,1,0.5232269898521456
aeeem_mylyn,static,logistic_regression,5,5,684,0,0,0.4425721322895791
aeeem_mylyn,static,logistic_regression,5,5,692,0,0,0.34539463937064796
aeeem_mylyn,static,logistic_regression,5,5,693,0,0,0.42990346299469784
aeeem_mylyn,static,logistic_regression,5,5,700,0,0,0.2879422461511246
aeeem_mylyn,static,logistic_regression,5,5,705,0,0,0.40747454461573607
aeeem_mylyn,static,logistic_regression,5,5,707,0,0,0.3120976116208668
aeeem_mylyn,static,logistic_regression,5,5,710,0,0,0.3691960639583085
aeeem_mylyn,static,logistic_regression,5,5,715,0,0,0.14082544329835256
aeeem_mylyn,static,logistic_regression,5,5,717,0,1,0.5183928106614246
aeeem_mylyn,static,logistic_regression,5,5,723,0,0,0.4580869106737513
aeeem_mylyn,static,logistic_regression,5,5,724,0,1,0.8480532482646452
aeeem_mylyn,static,logistic_regression,5,5,729,0,0,0.4441850229540368
aeeem_mylyn,static,logistic_regression,5,5,731,0,0,0.3302001819762624
aeeem_mylyn,static,logistic_regression,5,5,751,0,0,0.2921611558155657
aeeem_mylyn,static,logistic_regression,5,5,752,0,0,0.2496789084779236
aeeem_mylyn,static,logistic_regression,5,5,761,0,0,0.3765645006660421
aeeem_mylyn,static,logistic_regression,5,5,762,0,0,0.33014329582492014
aeeem_mylyn,static,logistic_regression,5,5,769,1,0,0.3562711221868762
aeeem_mylyn,static,logistic_regression,5,5,770,0,0,0.41755036207096785
aeeem_mylyn,static,logistic_regression,5,5,771,0,1,0.7259093719304073
aeeem_mylyn,static,logistic_regression,5,5,784,0,0,0.18004140692586698
aeeem_mylyn,static,logistic_regression,5,5,787,0,0,0.3905618971661113
aeeem_mylyn,static,logistic_regression,5,5,795,0,1,0.9175288313565514
aeeem_mylyn,static,logistic_regression,5,5,797,0,1,0.5364206528745864
aeeem_mylyn,static,logistic_regression,5,5,800,0,0,0.12927988634476964
aeeem_mylyn,static,logistic_regression,5,5,807,0,0,0.14375134242202084
aeeem_mylyn,static,logistic_regression,5,5,811,1,1,0.7163436849159209
aeeem_mylyn,static,logistic_regression,5,5,816,0,0,0.490519413456323
aeeem_mylyn,static,logistic_regression,5,5,841,0,0,0.3741320131852404
aeeem_mylyn,static,logistic_regression,5,5,843,0,0,0.42914229614181076
aeeem_mylyn,static,logistic_regression,5,5,844,1,1,0.5870264189107653
aeeem_mylyn,static,logistic_regression,5,5,848,0,0,0.31739629356166027
aeeem_mylyn,static,logistic_regression,5,5,851,0,0,0.4052583538308581
aeeem_mylyn,static,logistic_regression,5,5,866,0,0,0.28333919562647797
aeeem_mylyn,static,logistic_regression,5,5,871,1,1,0.8489696033232796
aeeem_mylyn,static,logistic_regression,5,5,872,0,1,0.5933607712209171
aeeem_mylyn,static,logistic_regression,5,5,874,0,1,0.6498361043869995
aeeem_mylyn,static,logistic_regression,5,5,882,0,1,0.6366562193674917
aeeem_mylyn,static,logistic_regression,5,5,901,0,1,0.8211485451006842
aeeem_mylyn,static,logistic_regression,5,5,902,0,0,0.15873855578803098
aeeem_mylyn,static,logistic_regression,5,5,905,0,0,0.3478181482946908
aeeem_mylyn,static,logistic_regression,5,5,918,0,1,0.6135416348296047
aeeem_mylyn,static,logistic_regression,5,5,922,0,0,0.11405241961619746
aeeem_mylyn,static,logistic_regression,5,5,925,0,0,0.3641858333462983
aeeem_mylyn,static,logistic_regression,5,5,933,0,0,0.3054473976156242
aeeem_mylyn,static,logistic_regression,5,5,935,1,0,0.3846924539461471
aeeem_mylyn,static,logistic_regression,5,5,939,0,0,0.15215010843705953
aeeem_mylyn,static,logistic_regression,5,5,950,0,0,0.2922201452697432
aeeem_mylyn,static,logistic_regression,5,5,962,0,0,0.14268134776891178
aeeem_mylyn,static,logistic_regression,5,5,972,0,0,0.4360444207348057
aeeem_mylyn,static,logistic_regression,5,5,973,1,0,0.3936669683883158
aeeem_mylyn,static,logistic_regression,5,5,978,0,0,0.23141166855285805
aeeem_mylyn,static,logistic_regression,5,5,981,0,0,0.3142847479709957
aeeem_mylyn,static,logistic_regression,5,5,985,1,1,0.6314528312796197
aeeem_mylyn,static,logistic_regression,5,5,989,0,1,0.8411936292876483
aeeem_mylyn,static,logistic_regression,5,5,990,0,1,0.7404602130803664
aeeem_mylyn,static,logistic_regression,5,5,992,0,1,0.6753933060289489
aeeem_mylyn,static,logistic_regression,5,5,994,0,0,0.3458194130454075
aeeem_mylyn,static,logistic_regression,5,5,996,0,0,0.28396746652730165
aeeem_mylyn,static,logistic_regression,5,5,998,0,0,0.2707640697967701
aeeem_mylyn,static,logistic_regression,5,5,1007,0,1,0.5459730816432452
aeeem_mylyn,static,logistic_regression,5,5,1013,0,0,0.28514761941899797
aeeem_mylyn,static,logistic_regression,5,5,1017,0,0,0.45828765922084436
aeeem_mylyn,static,logistic_regression,5,5,1021,0,1,0.5498620122767257
aeeem_mylyn,static,logistic_regression,5,5,1025,0,1,0.6560872727502673
aeeem_mylyn,static,logistic_regression,5,5,1029,1,1,0.7644626123643322
aeeem_mylyn,static,logistic_regression,5,5,1031,1,1,0.5988136060461229
aeeem_mylyn,static,logistic_regression,5,5,1035,0,0,0.3021174955358769
aeeem_mylyn,static,logistic_regression,5,5,1042,0,0,0.3770345447902127
aeeem_mylyn,static,logistic_regression,5,5,1045,0,0,0.29657768692490344
aeeem_mylyn,static,logistic_regression,5,5,1046,0,0,0.020676173698547073
aeeem_mylyn,static,logistic_regression,5,5,1057,0,1,0.5019179742303919
aeeem_mylyn,static,logistic_regression,5,5,1058,0,0,0.13912272765957118
aeeem_mylyn,static,logistic_regression,5,5,1062,0,0,0.2878285686845259
aeeem_mylyn,static,logistic_regression,5,5,1064,0,0,0.4437332105532423
aeeem_mylyn,static,logistic_regression,5,5,1076,0,0,0.3397707622395752
aeeem_mylyn,static,logistic_regression,5,5,1079,0,0,0.4909865652751919
aeeem_mylyn,static,logistic_regression,5,5,1082,0,0,0.17344030318285683
aeeem_mylyn,static,logistic_regression,5,5,1084,0,0,0.06911697730851347
aeeem_mylyn,static,logistic_regression,5,5,1085,0,1,0.6544698414826543
aeeem_mylyn,static,logistic_regression,5,5,1101,0,0,0.3218414801939625
aeeem_mylyn,static,logistic_regression,5,5,1106,0,0,0.19934399444354273
aeeem_mylyn,static,logistic_regression,5,5,1107,1,1,0.7029216794646859
aeeem_mylyn,static,logistic_regression,5,5,1114,0,0,0.31027484135694405
aeeem_mylyn,static,logistic_regression,5,5,1119,0,0,0.2254246239933422
aeeem_mylyn,static,logistic_regression,5,5,1121,0,0,0.41791762243132624
aeeem_mylyn,static,logistic_regression,5,5,1123,0,0,0.29209179548850306
aeeem_mylyn,static,logistic_regression,5,5,1125,0,0,0.14201068658594487
aeeem_mylyn,static,logistic_regression,5,5,1129,1,1,0.8231114488223067
aeeem_mylyn,static,logistic_regression,5,5,1157,0,1,0.925378872946739
aeeem_mylyn,static,logistic_regression,5,5,1158,1,0,0.1776609200809348
aeeem_mylyn,static,logistic_regression,5,5,1162,0,1,0.7345283192160689
aeeem_mylyn,static,logistic_regression,5,5,1166,0,0,0.3964516160343067
aeeem_mylyn,static,logistic_regression,5,5,1167,0,0,0.395143033314922
aeeem_mylyn,static,logistic_regression,5,5,1173,0,1,0.9580102078160481
aeeem_mylyn,static,logistic_regression,5,5,1174,1,0,0.47669240428168524
aeeem_mylyn,static,logistic_regression,5,5,1177,0,0,0.04795449402095198
aeeem_mylyn,static,logistic_regression,5,5,1181,0,1,0.518307115385227
aeeem_mylyn,static,logistic_regression,5,5,1184,0,0,0.17097143707553997
aeeem_mylyn,static,logistic_regression,5,5,1191,0,0,0.3619007791466845
aeeem_mylyn,static,logistic_regression,5,5,1200,0,0,0.32573091395536785
aeeem_mylyn,static,logistic_regression,5,5,1205,0,0,0.4469189181790394
aeeem_mylyn,static,logistic_regression,5,5,1206,1,0,0.3454485404943043
aeeem_mylyn,static,logistic_regression,5,5,1211,0,0,0.4501019246128459
aeeem_mylyn,static,logistic_regression,5,5,1219,1,0,0.34002119589106844
aeeem_mylyn,static,logistic_regression,5,5,1225,0,0,0.3782385177182715
aeeem_mylyn,static,logistic_regression,5,5,1229,0,0,0.44945157020752974
aeeem_mylyn,static,logistic_regression,5,5,1236,0,0,0.15627097521129638
aeeem_mylyn,static,logistic_regression,5,5,1248,0,0,0.21385409142094153
aeeem_mylyn,static,logistic_regression,5,5,1249,0,0,0.3194973877851107
aeeem_mylyn,static,logistic_regression,5,5,1255,0,0,0.3454485404943043
aeeem_mylyn,static,logistic_regression,5,5,1260,0,0,0.4063139295233719
aeeem_mylyn,static,logistic_regression,5,5,1269,1,0,0.40154468745447075
aeeem_mylyn,static,logistic_regression,5,5,1272,0,0,0.24582100019036635
aeeem_mylyn,static,logistic_regression,5,5,1280,0,0,0.29103283613299324
aeeem_mylyn,static,logistic_regression,5,5,1284,0,0,0.32181153669672485
aeeem_mylyn,static,logistic_regression,5,5,1290,0,0,0.27065857586753317
aeeem_mylyn,static,logistic_regression,5,5,1298,0,0,0.34342713257064506
aeeem_mylyn,static,logistic_regression,5,5,1299,0,0,0.14515916852165056
aeeem_mylyn,static,logistic_regression,5,5,1307,0,1,0.6700030380616689
aeeem_mylyn,static,logistic_regression,5,5,1312,0,0,0.26586067355202864
aeeem_mylyn,static,logistic_regression,5,5,1315,0,0,0.4908778496784343
aeeem_mylyn,static,logistic_regression,5,5,1316,0,0,0.37742903323496774
aeeem_mylyn,static,logistic_regression,5,5,1320,0,0,0.4592038459638112
aeeem_mylyn,static,logistic_regression,5,5,1326,0,1,0.5745876576213458
aeeem_mylyn,static,logistic_regression,5,5,1329,0,0,0.2847120763551157
aeeem_mylyn,static,logistic_regression,5,5,1331,1,1,0.8488854037700472
aeeem_mylyn,static,logistic_regression,5,5,1338,0,0,0.4294205668575515
aeeem_mylyn,static,logistic_regression,5,5,1342,1,1,0.6924962118495145
aeeem_mylyn,static,logistic_regression,5,5,1343,0,1,0.8199084451478301
aeeem_mylyn,static,logistic_regression,5,5,1344,0,0,0.29833653816261
aeeem_mylyn,static,logistic_regression,5,5,1348,0,0,0.26015051922479027
aeeem_mylyn,static,logistic_regression,5,5,1358,0,0,0.3308823599891689
aeeem_mylyn,static,logistic_regression,5,5,1370,0,0,0.32090160249148686
aeeem_mylyn,static,logistic_regression,5,5,1383,0,1,0.5199928730581843
aeeem_mylyn,static,logistic_regression,5,5,1388,0,1,0.557049294197474
aeeem_mylyn,static,logistic_regression,5,5,1391,0,0,0.2622198731430925
aeeem_mylyn,static,logistic_regression,5,5,1394,0,0,0.34270626120884573
aeeem_mylyn,static,logistic_regression,5,5,1400,0,0,0.29901878491865413
aeeem_mylyn,static,logistic_regression,5,5,1412,1,0,0.21874156856463697
aeeem_mylyn,static,logistic_regression,5,5,1428,0,0,0.2635996146706898
aeeem_mylyn,static,logistic_regression,5,5,1442,1,0,0.2922201452697432
aeeem_mylyn,static,logistic_regression,5,5,1447,0,1,0.6521559556044737
aeeem_mylyn,static,logistic_regression,5,5,1450,0,0,0.4164653962793768
aeeem_mylyn,static,logistic_regression,5,5,1453,0,0,0.40662008873315914
aeeem_mylyn,static,logistic_regression,5,5,1457,0,0,0.3241731563073861
aeeem_mylyn,static,logistic_regression,5,5,1458,0,0,0.3994197997964297
aeeem_mylyn,static,logistic_regression,5,5,1467,0,0,0.2597618592799233
aeeem_mylyn,static,logistic_regression,5,5,1469,0,1,0.5710497310274365
aeeem_mylyn,static,logistic_regression,5,5,1470,0,0,0.3110068949982862
aeeem_mylyn,static,logistic_regression,5,5,1471,1,1,0.5609451235423852
aeeem_mylyn,static,logistic_regression,5,5,1481,0,0,0.3527445600501888
aeeem_mylyn,static,logistic_regression,5,5,1485,0,0,0.3157086353314141
aeeem_mylyn,static,logistic_regression,5,5,1487,0,0,0.48603548244077216
aeeem_mylyn,static,logistic_regression,5,5,1491,0,0,0.2881697994815017
aeeem_mylyn,static,logistic_regression,5,5,1498,1,0,0.3454485404943043
aeeem_mylyn,static,logistic_regression,5,5,1500,0,0,0.21509656968792193
aeeem_mylyn,static,logistic_regression,5,5,1507,0,0,0.10044463450062041
aeeem_mylyn,static,logistic_regression,5,5,1508,0,0,0.13819744844479076
aeeem_mylyn,static,logistic_regression,5,5,1510,0,0,0.2254246239933422
aeeem_mylyn,static,logistic_regression,5,5,1512,0,1,0.8672922365729058
aeeem_mylyn,static,logistic_regression,5,5,1517,0,0,0.0678953309962969
aeeem_mylyn,static,logistic_regression,5,5,1518,0,0,0.47038990481456067
aeeem_mylyn,static,logistic_regression,5,5,1519,0,0,0.35904685104424977
aeeem_mylyn,static,logistic_regression,5,5,1525,0,0,0.29321841334582577
aeeem_mylyn,static,logistic_regression,5,5,1529,0,0,0.4181074873557587
aeeem_mylyn,static,logistic_regression,5,5,1533,0,0,0.40416540253212146
aeeem_mylyn,static,logistic_regression,5,5,1536,0,0,0.16084561921822207
aeeem_mylyn,static,logistic_regression,5,5,1541,0,1,0.5331423557753099
aeeem_mylyn,static,logistic_regression,5,5,1544,0,0,0.1384695898798427
aeeem_mylyn,static,logistic_regression,5,5,1546,0,0,0.2681552197826652
aeeem_mylyn,static,logistic_regression,5,5,1549,0,1,0.5912291570073772
aeeem_mylyn,static,logistic_regression,5,5,1553,0,0,0.2943784881504492
aeeem_mylyn,static,logistic_regression,5,5,1555,0,0,0.3858587912429076
aeeem_mylyn,static,logistic_regression,5,5,1558,0,0,0.28356021112049945
aeeem_mylyn,static,logistic_regression,5,5,1561,1,0,0.45089910651238746
aeeem_mylyn,static,logistic_regression,5,5,1562,0,0,0.38827846380084036
aeeem_mylyn,static,logistic_regression,5,5,1564,0,0,0.329203173404126
aeeem_mylyn,static,logistic_regression,5,5,1569,0,0,0.4052311704550761
aeeem_mylyn,static,logistic_regression,5,5,1570,0,0,0.14355436299054433
aeeem_mylyn,static,logistic_regression,5,5,1575,0,0,0.16679041410813628
aeeem_mylyn,static,logistic_regression,5,5,1579,0,0,0.3320421627807728
aeeem_mylyn,static,logistic_regression,5,5,1582,0,0,0.3141116461563468
aeeem_mylyn,static,logistic_regression,5,5,1584,0,0,0.4495899222739515
aeeem_mylyn,static,logistic_regression,5,5,1587,0,0,0.32959707147229034
aeeem_mylyn,static,logistic_regression,5,5,1599,0,0,0.25494439199885593
aeeem_mylyn,static,logistic_regression,5,5,1606,0,1,0.5857924235518316
aeeem_mylyn,static,logistic_regression,5,5,1607,0,1,0.7461761672894519
aeeem_mylyn,static,logistic_regression,5,5,1610,0,0,0.18079523912889048
aeeem_mylyn,static,logistic_regression,5,5,1617,0,0,0.15590303522586552
aeeem_mylyn,static,logistic_regression,5,5,1619,0,0,0.3350204128205787
aeeem_mylyn,static,logistic_regression,5,5,1620,0,0,0.013519548709406476
aeeem_mylyn,static,logistic_regression,5,5,1621,0,1,0.5598889866927822
aeeem_mylyn,static,logistic_regression,5,5,1623,0,0,0.46241917943931515
aeeem_mylyn,static,logistic_regression,5,5,1627,0,1,0.5066360045790459
aeeem_mylyn,static,logistic_regression,5,5,1629,1,1,0.5913733636297188
aeeem_mylyn,static,logistic_regression,5,5,1631,0,0,0.327277398025379
aeeem_mylyn,static,logistic_regression,5,5,1632,1,0,0.3460960533488406
aeeem_mylyn,static,logistic_regression,5,5,1634,0,0,0.19443008735044356
aeeem_mylyn,static,logistic_regression,5,5,1638,0,0,0.22975894986748696
aeeem_mylyn,static,logistic_regression,5,5,1643,0,0,0.37476172862174106
aeeem_mylyn,static,logistic_regression,5,5,1644,0,0,0.4079192063474613
aeeem_mylyn,static,logistic_regression,5,5,1646,0,0,0.3001244545325257
aeeem_mylyn,static,logistic_regression,5,5,1648,0,0,0.14094686941471024
aeeem_mylyn,static,logistic_regression,5,5,1651,0,0,0.34453167438897914
aeeem_mylyn,static,logistic_regression,5,5,1652,0,1,0.7637033930092394
aeeem_mylyn,static,logistic_regression,5,5,1653,0,0,0.33688571663729294
aeeem_mylyn,static,logistic_regression,5,5,1654,0,0,0.3241766133920838
aeeem_mylyn,static,logistic_regression,5,5,1666,1,0,0.3604863534878478
aeeem_mylyn,static,logistic_regression,5,5,1673,0,0,0.12718128171098306
aeeem_mylyn,static,logistic_regression,5,5,1674,0,1,0.7829653090858565
aeeem_mylyn,static,logistic_regression,5,5,1675,1,0,0.3343490466419688
aeeem_mylyn,static,logistic_regression,5,5,1682,1,1,0.999499235407871
aeeem_mylyn,static,logistic_regression,5,5,1694,0,0,0.2938119706650804
aeeem_mylyn,static,logistic_regression,5,5,1700,1,1,0.5605293478652036
aeeem_mylyn,static,logistic_regression,5,5,1714,1,1,0.572378774779774
aeeem_mylyn,static,logistic_regression,5,5,1727,0,1,0.5374774964070335
aeeem_mylyn,static,logistic_regression,5,5,1730,0,0,0.11338125224894542
aeeem_mylyn,static,logistic_regression,5,5,1750,0,0,0.3459017964884498
aeeem_mylyn,static,logistic_regression,5,5,1752,0,0,0.3414272378385166
aeeem_mylyn,static,logistic_regression,5,5,1763,0,0,0.3141116461563468
aeeem_mylyn,static,logistic_regression,5,5,1766,0,0,0.40816148996944807
aeeem_mylyn,static,logistic_regression,5,5,1769,0,0,0.27491517915174346
aeeem_mylyn,static,logistic_regression,5,5,1775,0,0,0.40119153486486314
aeeem_mylyn,static,logistic_regression,5,5,1777,0,0,0.2734840371176606
aeeem_mylyn,static,logistic_regression,5,5,1778,0,0,0.23716353151828565
aeeem_mylyn,static,logistic_regression,5,5,1779,0,0,0.36844374119833206
aeeem_mylyn,static,logistic_regression,5,5,1781,0,0,0.15691451569843518
aeeem_mylyn,static,logistic_regression,5,5,1785,0,0,0.4157257345193945
aeeem_mylyn,static,logistic_regression,5,5,1794,0,0,0.1384728339815576
aeeem_mylyn,static,logistic_regression,5,5,1795,1,1,0.534183775935713
aeeem_mylyn,static,logistic_regression,5,5,1801,0,0,0.29681652067858205
aeeem_mylyn,static,logistic_regression,5,5,1803,0,0,0.16318071242740473
aeeem_mylyn,static,logistic_regression,5,5,1806,1,1,0.6221713250174492
aeeem_mylyn,static,logistic_regression,5,5,1809,0,1,0.5375521967004624
aeeem_mylyn,static,logistic_regression,5,5,1815,0,0,0.026613018343314795
aeeem_mylyn,static,logistic_regression,5,5,1824,0,1,0.6516815546628553
aeeem_mylyn,static,logistic_regression,5,5,1834,1,0,0.331728581551522
aeeem_mylyn,static,logistic_regression,5,5,1836,0,0,0.13475195855116515
aeeem_mylyn,static,logistic_regression,5,5,1837,0,0,0.28654894846662265
aeeem_mylyn,static,logistic_regression,5,5,1840,0,0,0.4601512026452682
aeeem_mylyn,static,logistic_regression,5,5,1841,1,0,0.3910050678618621
aeeem_mylyn,static,logistic_regression,5,5,1845,0,0,0.09299750855074662
aeeem_mylyn,static,logistic_regression,5,5,1847,0,0,0.30593013810960995
aeeem_mylyn,static,logistic_regression,5,5,1857,0,0,0.1567515794125318
aeeem_mylyn,static,logistic_regression,5,5,1860,0,0,0.2650061104160008
