dataset,feature_set,model,cv_folds,fold,row_index,y_true,y_pred,y_score
aeeem_pde,hybrid,logistic_regression,10,1,3,0,0,0.27084353143317874
aeeem_pde,hybrid,logistic_regression,10,1,4,0,0,0.415996435554428
aeeem_pde,hybrid,logistic_regression,10,1,5,0,1,0.9794223808865501
aeeem_pde,hybrid,logistic_regression,10,1,11,0,0,0.2553363766956828
aeeem_pde,hybrid,logistic_regression,10,1,15,0,0,0.13946012567642635
aeeem_pde,hybrid,logistic_regression,10,1,48,0,0,0.31317684901016524
aeeem_pde,hybrid,logistic_regression,10,1,55,0,0,0.3658754242039602
aeeem_pde,hybrid,logistic_regression,10,1,57,0,0,0.30963260440341933
aeeem_pde,hybrid,logistic_regression,10,1,60,0,1,0.9544998048931437
aeeem_pde,hybrid,logistic_regression,10,1,64,0,0,0.011727376219292839
aeeem_pde,hybrid,logistic_regression,10,1,67,0,0,0.3935613526952582
aeeem_pde,hybrid,logistic_regression,10,1,89,0,0,0.1468143187849237
aeeem_pde,hybrid,logistic_regression,10,1,118,0,0,0.023634744053063896
aeeem_pde,hybrid,logistic_regression,10,1,129,0,0,0.16641231481037871
aeeem_pde,hybrid,logistic_regression,10,1,134,0,0,0.3558183987338587
aeeem_pde,hybrid,logistic_regression,10,1,146,1,1,0.8371993376353055
aeeem_pde,hybrid,logistic_regression,10,1,150,0,0,0.29482527538295217
aeeem_pde,hybrid,logistic_regression,10,1,163,0,0,0.05714734363293275
aeeem_pde,hybrid,logistic_regression,10,1,166,0,0,0.18977315245854007
aeeem_pde,hybrid,logistic_regression,10,1,173,0,1,0.5816182321940021
aeeem_pde,hybrid,logistic_regression,10,1,178,1,0,0.4254369910216078
aeeem_pde,hybrid,logistic_regression,10,1,186,0,0,0.020186583239506294
aeeem_pde,hybrid,logistic_regression,10,1,187,0,0,0.04604377070625209
aeeem_pde,hybrid,logistic_regression,10,1,198,0,0,0.06155181057740066
aeeem_pde,hybrid,logistic_regression,10,1,214,1,0,0.250324747375995
aeeem_pde,hybrid,logistic_regression,10,1,226,0,0,0.012841588850863119
aeeem_pde,hybrid,logistic_regression,10,1,230,0,0,0.20274018204407743
aeeem_pde,hybrid,logistic_regression,10,1,234,0,0,0.08502874383017872
aeeem_pde,hybrid,logistic_regression,10,1,287,0,1,0.9994746467499288
aeeem_pde,hybrid,logistic_regression,10,1,322,0,0,0.4266106723764159
aeeem_pde,hybrid,logistic_regression,10,1,346,1,0,0.001557990670725796
aeeem_pde,hybrid,logistic_regression,10,1,358,1,0,0.45482530959374495
aeeem_pde,hybrid,logistic_regression,10,1,361,0,1,0.5872975988965019
aeeem_pde,hybrid,logistic_regression,10,1,362,1,1,0.9919387133017294
aeeem_pde,hybrid,logistic_regression,10,1,379,0,0,0.018375083285378714
aeeem_pde,hybrid,logistic_regression,10,1,400,0,0,0.05783706743719576
aeeem_pde,hybrid,logistic_regression,10,1,461,0,0,0.4053054370402626
aeeem_pde,hybrid,logistic_regression,10,1,462,0,0,0.1665783573932598
aeeem_pde,hybrid,logistic_regression,10,1,476,0,0,0.02416595493533658
aeeem_pde,hybrid,logistic_regression,10,1,477,0,0,0.1503305846210916
aeeem_pde,hybrid,logistic_regression,10,1,497,0,0,0.35400803852079094
aeeem_pde,hybrid,logistic_regression,10,1,498,0,1,0.7986067843007673
aeeem_pde,hybrid,logistic_regression,10,1,514,0,0,0.1653558921008167
aeeem_pde,hybrid,logistic_regression,10,1,517,0,0,0.006287104827661866
aeeem_pde,hybrid,logistic_regression,10,1,521,0,0,0.11870928580018172
aeeem_pde,hybrid,logistic_regression,10,1,545,1,1,0.7053102598114996
aeeem_pde,hybrid,logistic_regression,10,1,549,0,0,0.13033479763364983
aeeem_pde,hybrid,logistic_regression,10,1,550,0,0,0.4137645419730447
aeeem_pde,hybrid,logistic_regression,10,1,562,0,0,0.11159830832007621
aeeem_pde,hybrid,logistic_regression,10,1,575,1,1,0.7042212167467043
aeeem_pde,hybrid,logistic_regression,10,1,578,0,0,0.21551480269529907
aeeem_pde,hybrid,logistic_regression,10,1,581,0,0,0.3621774471364239
aeeem_pde,hybrid,logistic_regression,10,1,583,0,0,0.0886020411842556
aeeem_pde,hybrid,logistic_regression,10,1,585,0,0,0.3638587955574081
aeeem_pde,hybrid,logistic_regression,10,1,586,1,1,0.9992096253926311
aeeem_pde,hybrid,logistic_regression,10,1,589,0,0,0.38276340394098146
aeeem_pde,hybrid,logistic_regression,10,1,594,0,0,0.07123460803217352
aeeem_pde,hybrid,logistic_regression,10,1,602,0,0,0.28872978592203463
aeeem_pde,hybrid,logistic_regression,10,1,612,0,0,0.2710751113996231
aeeem_pde,hybrid,logistic_regression,10,1,613,0,0,0.04882110868136134
aeeem_pde,hybrid,logistic_regression,10,1,622,0,0,0.04300266807361613
aeeem_pde,hybrid,logistic_regression,10,1,638,0,0,0.02668291432337408
aeeem_pde,hybrid,logistic_regression,10,1,646,1,1,0.5470121505729754
aeeem_pde,hybrid,logistic_regression,10,1,651,0,0,0.3722043251104789
aeeem_pde,hybrid,logistic_regression,10,1,674,0,0,0.015539854972150852
aeeem_pde,hybrid,logistic_regression,10,1,675,0,0,0.3033859996094741
aeeem_pde,hybrid,logistic_regression,10,1,678,0,0,0.2471964713004312
aeeem_pde,hybrid,logistic_regression,10,1,687,0,0,0.11232118687935531
aeeem_pde,hybrid,logistic_regression,10,1,688,0,0,0.43876817225989284
aeeem_pde,hybrid,logistic_regression,10,1,690,0,0,0.41785004902982026
aeeem_pde,hybrid,logistic_regression,10,1,701,0,0,0.35333010718549734
aeeem_pde,hybrid,logistic_regression,10,1,704,0,0,0.33208230450283205
aeeem_pde,hybrid,logistic_regression,10,1,713,0,0,0.023991813129510937
aeeem_pde,hybrid,logistic_regression,10,1,717,0,0,0.16139522229643777
aeeem_pde,hybrid,logistic_regression,10,1,729,1,0,0.2750972890552778
aeeem_pde,hybrid,logistic_regression,10,1,737,0,0,0.420723761106284
aeeem_pde,hybrid,logistic_regression,10,1,763,0,0,0.09031519771310981
aeeem_pde,hybrid,logistic_regression,10,1,778,0,0,0.07154391922268595
aeeem_pde,hybrid,logistic_regression,10,1,789,0,0,0.49022217082230485
aeeem_pde,hybrid,logistic_regression,10,1,792,0,0,0.15975432304810777
aeeem_pde,hybrid,logistic_regression,10,1,800,0,0,0.36768539469978767
aeeem_pde,hybrid,logistic_regression,10,1,817,0,0,0.11185593647477762
aeeem_pde,hybrid,logistic_regression,10,1,833,0,1,0.5104707640200579
aeeem_pde,hybrid,logistic_regression,10,1,841,1,0,0.30393344030706027
aeeem_pde,hybrid,logistic_regression,10,1,848,0,0,0.24059253697699848
aeeem_pde,hybrid,logistic_regression,10,1,851,0,1,0.9587175839432276
aeeem_pde,hybrid,logistic_regression,10,1,860,0,1,0.6091718081216106
aeeem_pde,hybrid,logistic_regression,10,1,867,1,1,0.9923665812255644
aeeem_pde,hybrid,logistic_regression,10,1,874,1,1,0.9767106706425982
aeeem_pde,hybrid,logistic_regression,10,1,882,0,0,0.4827517453265753
aeeem_pde,hybrid,logistic_regression,10,1,888,0,0,0.325076818885837
aeeem_pde,hybrid,logistic_regression,10,1,897,0,0,0.015075517132572857
aeeem_pde,hybrid,logistic_regression,10,1,920,0,0,0.10629277141946128
aeeem_pde,hybrid,logistic_regression,10,1,926,0,0,0.03801550665437064
aeeem_pde,hybrid,logistic_regression,10,1,931,0,0,0.48659187028374956
aeeem_pde,hybrid,logistic_regression,10,1,940,0,0,0.20730034053834248
aeeem_pde,hybrid,logistic_regression,10,1,944,1,1,0.7291489563761764
aeeem_pde,hybrid,logistic_regression,10,1,945,0,0,0.21071382819498416
aeeem_pde,hybrid,logistic_regression,10,1,949,1,1,0.8984412247595361
aeeem_pde,hybrid,logistic_regression,10,1,968,0,0,0.051908321043592
aeeem_pde,hybrid,logistic_regression,10,1,983,0,0,0.46691915989667354
aeeem_pde,hybrid,logistic_regression,10,1,990,0,0,0.3122648056242963
aeeem_pde,hybrid,logistic_regression,10,1,1004,0,0,0.2596240628567628
aeeem_pde,hybrid,logistic_regression,10,1,1007,0,1,0.7020801046565226
aeeem_pde,hybrid,logistic_regression,10,1,1011,0,0,0.37109696353263705
aeeem_pde,hybrid,logistic_regression,10,1,1015,0,0,0.16255707541003567
aeeem_pde,hybrid,logistic_regression,10,1,1017,1,0,0.3876127044291533
aeeem_pde,hybrid,logistic_regression,10,1,1033,0,0,0.10368412017594508
aeeem_pde,hybrid,logistic_regression,10,1,1044,0,0,0.3917505400010943
aeeem_pde,hybrid,logistic_regression,10,1,1047,0,0,0.13077589443814616
aeeem_pde,hybrid,logistic_regression,10,1,1052,0,0,0.2101923414480106
aeeem_pde,hybrid,logistic_regression,10,1,1056,0,0,0.18033701771886362
aeeem_pde,hybrid,logistic_regression,10,1,1060,0,0,0.4105003413461699
aeeem_pde,hybrid,logistic_regression,10,1,1071,0,0,0.13314026682630445
aeeem_pde,hybrid,logistic_regression,10,1,1077,0,0,0.2732606739147418
aeeem_pde,hybrid,logistic_regression,10,1,1078,0,0,0.3719370367800863
aeeem_pde,hybrid,logistic_regression,10,1,1081,0,0,0.4172328537065659
aeeem_pde,hybrid,logistic_regression,10,1,1097,0,0,0.37298855895384214
aeeem_pde,hybrid,logistic_regression,10,1,1103,0,0,0.12315208813449059
aeeem_pde,hybrid,logistic_regression,10,1,1118,1,0,0.4329239435240778
aeeem_pde,hybrid,logistic_regression,10,1,1121,0,0,0.11810096967839011
aeeem_pde,hybrid,logistic_regression,10,1,1123,0,0,0.4113087713775773
aeeem_pde,hybrid,logistic_regression,10,1,1129,1,0,0.14054743432249497
aeeem_pde,hybrid,logistic_regression,10,1,1139,0,0,0.3416140309082667
aeeem_pde,hybrid,logistic_regression,10,1,1170,0,0,0.4233707771890135
aeeem_pde,hybrid,logistic_regression,10,1,1171,0,1,0.6455862024419216
aeeem_pde,hybrid,logistic_regression,10,1,1182,0,0,0.20678309046903812
aeeem_pde,hybrid,logistic_regression,10,1,1196,0,0,0.1849369939079675
aeeem_pde,hybrid,logistic_regression,10,1,1203,1,1,0.9901784490236812
aeeem_pde,hybrid,logistic_regression,10,1,1216,0,0,0.06948080911733001
aeeem_pde,hybrid,logistic_regression,10,1,1220,0,0,0.01906981571381211
aeeem_pde,hybrid,logistic_regression,10,1,1245,0,0,0.02358630453477726
aeeem_pde,hybrid,logistic_regression,10,1,1248,0,0,0.43197119469804374
aeeem_pde,hybrid,logistic_regression,10,1,1253,0,0,0.1379520601270835
aeeem_pde,hybrid,logistic_regression,10,1,1296,0,0,0.22334547793844683
aeeem_pde,hybrid,logistic_regression,10,1,1308,0,0,0.28352458328667013
aeeem_pde,hybrid,logistic_regression,10,1,1309,0,0,0.343692376566535
aeeem_pde,hybrid,logistic_regression,10,1,1342,0,1,0.6550651114844737
aeeem_pde,hybrid,logistic_regression,10,1,1364,0,1,0.5075614097953413
aeeem_pde,hybrid,logistic_regression,10,1,1376,0,1,0.8172170923074683
aeeem_pde,hybrid,logistic_regression,10,1,1384,1,1,0.5208833158662718
aeeem_pde,hybrid,logistic_regression,10,1,1393,0,0,0.3348830510918914
aeeem_pde,hybrid,logistic_regression,10,1,1394,0,0,0.2926320669600533
aeeem_pde,hybrid,logistic_regression,10,1,1430,0,0,0.17808022382675162
aeeem_pde,hybrid,logistic_regression,10,1,1434,0,1,0.9327724706773234
aeeem_pde,hybrid,logistic_regression,10,1,1440,0,0,0.10426903316637441
aeeem_pde,hybrid,logistic_regression,10,1,1451,0,0,0.1554532071989807
aeeem_pde,hybrid,logistic_regression,10,1,1470,0,0,0.06342097947536415
aeeem_pde,hybrid,logistic_regression,10,1,1487,0,0,0.016036781901071547
aeeem_pde,hybrid,logistic_regression,10,1,1491,0,0,0.2156500119833339
aeeem_pde,hybrid,logistic_regression,10,2,25,1,1,0.8643472245897076
aeeem_pde,hybrid,logistic_regression,10,2,78,0,0,0.1563245014604593
aeeem_pde,hybrid,logistic_regression,10,2,80,0,0,0.12016442689695751
aeeem_pde,hybrid,logistic_regression,10,2,87,0,0,0.18669117377728
aeeem_pde,hybrid,logistic_regression,10,2,88,0,0,0.17624652974768656
aeeem_pde,hybrid,logistic_regression,10,2,94,0,0,0.22364938711281243
aeeem_pde,hybrid,logistic_regression,10,2,99,0,0,0.014144185982348541
aeeem_pde,hybrid,logistic_regression,10,2,101,0,0,0.13687054179968489
aeeem_pde,hybrid,logistic_regression,10,2,106,0,0,0.13410338643742725
aeeem_pde,hybrid,logistic_regression,10,2,112,0,0,0.476585443493856
aeeem_pde,hybrid,logistic_regression,10,2,114,0,1,0.7941845739895794
aeeem_pde,hybrid,logistic_regression,10,2,125,0,0,0.3293013535357136
aeeem_pde,hybrid,logistic_regression,10,2,138,0,0,0.3061559880881829
aeeem_pde,hybrid,logistic_regression,10,2,154,1,0,0.2863538537019218
aeeem_pde,hybrid,logistic_regression,10,2,156,1,0,0.0569125123223323
aeeem_pde,hybrid,logistic_regression,10,2,170,0,0,0.25301487207279627
aeeem_pde,hybrid,logistic_regression,10,2,182,0,0,0.08008579253582347
aeeem_pde,hybrid,logistic_regression,10,2,188,0,1,0.5579029562747496
aeeem_pde,hybrid,logistic_regression,10,2,206,0,0,0.3739902532394876
aeeem_pde,hybrid,logistic_regression,10,2,212,1,1,0.6030898096679128
aeeem_pde,hybrid,logistic_regression,10,2,213,0,0,0.4102309429339807
aeeem_pde,hybrid,logistic_regression,10,2,221,0,0,0.2008902588259067
aeeem_pde,hybrid,logistic_regression,10,2,227,0,0,0.49591506087843923
aeeem_pde,hybrid,logistic_regression,10,2,261,0,0,0.22717720075724815
aeeem_pde,hybrid,logistic_regression,10,2,265,1,0,0.4806268068300767
aeeem_pde,hybrid,logistic_regression,10,2,270,0,0,0.33486978439172094
aeeem_pde,hybrid,logistic_regression,10,2,272,0,1,0.5325155249398705
aeeem_pde,hybrid,logistic_regression,10,2,273,0,0,0.12195546584961371
aeeem_pde,hybrid,logistic_regression,10,2,282,0,1,0.7064306811188332
aeeem_pde,hybrid,logistic_regression,10,2,288,0,0,0.16401795469321717
aeeem_pde,hybrid,logistic_regression,10,2,294,0,1,0.6635477961715853
aeeem_pde,hybrid,logistic_regression,10,2,305,0,0,0.020316981840362798
aeeem_pde,hybrid,logistic_regression,10,2,313,0,0,0.03835704545473323
aeeem_pde,hybrid,logistic_regression,10,2,326,0,0,0.06008358386451771
aeeem_pde,hybrid,logistic_regression,10,2,351,0,0,0.21741244392906162
aeeem_pde,hybrid,logistic_regression,10,2,401,0,0,0.03414335273669106
aeeem_pde,hybrid,logistic_regression,10,2,404,0,1,0.9846605063685603
aeeem_pde,hybrid,logistic_regression,10,2,415,0,0,0.2818364956038103
aeeem_pde,hybrid,logistic_regression,10,2,423,0,1,0.8953011615799131
aeeem_pde,hybrid,logistic_regression,10,2,427,0,0,0.3396505287897523
aeeem_pde,hybrid,logistic_regression,10,2,430,0,0,0.288027083038322
aeeem_pde,hybrid,logistic_regression,10,2,463,0,0,0.39065939066640054
aeeem_pde,hybrid,logistic_regression,10,2,466,0,0,0.21993852467802813
aeeem_pde,hybrid,logistic_regression,10,2,491,1,1,0.6287523727148773
aeeem_pde,hybrid,logistic_regression,10,2,493,1,0,0.3873501459901727
aeeem_pde,hybrid,logistic_regression,10,2,508,0,0,0.46580003235152634
aeeem_pde,hybrid,logistic_regression,10,2,520,0,0,0.3567192719410345
aeeem_pde,hybrid,logistic_regression,10,2,544,0,1,0.5327346597412321
aeeem_pde,hybrid,logistic_regression,10,2,558,0,1,0.6616452577702506
aeeem_pde,hybrid,logistic_regression,10,2,576,0,0,0.4125923066175114
aeeem_pde,hybrid,logistic_regression,10,2,588,0,0,0.13714310188718215
aeeem_pde,hybrid,logistic_regression,10,2,615,0,1,0.5902895878019145
aeeem_pde,hybrid,logistic_regression,10,2,621,0,0,0.42962041259710165
aeeem_pde,hybrid,logistic_regression,10,2,626,0,0,0.10917107457498064
aeeem_pde,hybrid,logistic_regression,10,2,634,0,1,0.8145048653028554
aeeem_pde,hybrid,logistic_regression,10,2,635,0,0,0.1962433160080657
aeeem_pde,hybrid,logistic_regression,10,2,643,0,1,0.5260721775658723
aeeem_pde,hybrid,logistic_regression,10,2,644,0,1,0.8781962652629457
aeeem_pde,hybrid,logistic_regression,10,2,645,1,0,0.3596781815187733
aeeem_pde,hybrid,logistic_regression,10,2,664,0,0,0.21624637588852597
aeeem_pde,hybrid,logistic_regression,10,2,670,0,0,0.25420672585949977
aeeem_pde,hybrid,logistic_regression,10,2,672,1,0,0.2644773498731201
aeeem_pde,hybrid,logistic_regression,10,2,676,1,1,0.681343184611011
aeeem_pde,hybrid,logistic_regression,10,2,707,0,0,0.11200447905251561
aeeem_pde,hybrid,logistic_regression,10,2,708,0,0,0.24805605899677227
aeeem_pde,hybrid,logistic_regression,10,2,709,0,0,0.24438269641532825
aeeem_pde,hybrid,logistic_regression,10,2,715,0,0,0.2125878572974864
aeeem_pde,hybrid,logistic_regression,10,2,727,0,0,0.12552231802477637
aeeem_pde,hybrid,logistic_regression,10,2,732,0,0,0.18397734377470748
aeeem_pde,hybrid,logistic_regression,10,2,759,0,1,0.7561484924257569
aeeem_pde,hybrid,logistic_regression,10,2,760,0,0,0.28408564076537884
aeeem_pde,hybrid,logistic_regression,10,2,762,0,0,0.23729728138184147
aeeem_pde,hybrid,logistic_regression,10,2,764,0,0,0.1640092344608679
aeeem_pde,hybrid,logistic_regression,10,2,768,0,0,0.4757681510882065
aeeem_pde,hybrid,logistic_regression,10,2,787,0,0,0.20789304303278455
aeeem_pde,hybrid,logistic_regression,10,2,794,0,1,0.9362675055180347
aeeem_pde,hybrid,logistic_regression,10,2,797,0,1,0.761542050255963
aeeem_pde,hybrid,logistic_regression,10,2,801,0,0,0.18921245977574153
aeeem_pde,hybrid,logistic_regression,10,2,816,0,1,0.5577419354450426
aeeem_pde,hybrid,logistic_regression,10,2,820,0,0,0.45779461088489465
aeeem_pde,hybrid,logistic_regression,10,2,824,0,0,0.012932509759269468
aeeem_pde,hybrid,logistic_regression,10,2,828,0,0,0.43750446722738057
aeeem_pde,hybrid,logistic_regression,10,2,839,0,0,0.32743846316473446
aeeem_pde,hybrid,logistic_regression,10,2,840,0,1,0.5192612206455993
aeeem_pde,hybrid,logistic_regression,10,2,842,0,0,0.3804400622846949
aeeem_pde,hybrid,logistic_regression,10,2,843,0,0,0.3996587037240809
aeeem_pde,hybrid,logistic_regression,10,2,847,0,0,0.19126342468848714
aeeem_pde,hybrid,logistic_regression,10,2,877,0,0,0.12374487340504373
aeeem_pde,hybrid,logistic_regression,10,2,881,0,0,0.1417617166522675
aeeem_pde,hybrid,logistic_regression,10,2,903,1,1,0.9966964843133134
aeeem_pde,hybrid,logistic_regression,10,2,910,0,0,0.10807223124848538
aeeem_pde,hybrid,logistic_regression,10,2,946,0,0,0.30136611553242704
aeeem_pde,hybrid,logistic_regression,10,2,956,1,0,0.4999515255214181
aeeem_pde,hybrid,logistic_regression,10,2,962,0,1,0.7083228580613401
aeeem_pde,hybrid,logistic_regression,10,2,964,0,0,0.022709151931269916
aeeem_pde,hybrid,logistic_regression,10,2,978,0,1,0.6453680454225197
aeeem_pde,hybrid,logistic_regression,10,2,981,0,0,0.008600503700670233
aeeem_pde,hybrid,logistic_regression,10,2,1000,0,0,0.09590216303947686
aeeem_pde,hybrid,logistic_regression,10,2,1001,0,1,0.6138437805092787
aeeem_pde,hybrid,logistic_regression,10,2,1014,0,0,0.31633596764637284
aeeem_pde,hybrid,logistic_regression,10,2,1024,0,1,0.9588884234241537
aeeem_pde,hybrid,logistic_regression,10,2,1027,0,0,0.4057325392741475
aeeem_pde,hybrid,logistic_regression,10,2,1076,0,0,0.47354523588259895
aeeem_pde,hybrid,logistic_regression,10,2,1094,0,1,0.5955216770292426
aeeem_pde,hybrid,logistic_regression,10,2,1110,0,0,0.056003895914141566
aeeem_pde,hybrid,logistic_regression,10,2,1140,0,0,0.1682872666041431
aeeem_pde,hybrid,logistic_regression,10,2,1143,0,0,0.3215953343653684
aeeem_pde,hybrid,logistic_regression,10,2,1153,0,0,0.05131952024398183
aeeem_pde,hybrid,logistic_regression,10,2,1173,0,0,0.3925593114342687
aeeem_pde,hybrid,logistic_regression,10,2,1176,1,0,0.25476807240949173
aeeem_pde,hybrid,logistic_regression,10,2,1181,0,0,0.4519786995381125
aeeem_pde,hybrid,logistic_regression,10,2,1185,1,1,0.703539284788926
aeeem_pde,hybrid,logistic_regression,10,2,1187,0,0,0.0904222115157081
aeeem_pde,hybrid,logistic_regression,10,2,1194,0,0,0.23987283675575793
aeeem_pde,hybrid,logistic_regression,10,2,1195,1,0,0.2651597532634063
aeeem_pde,hybrid,logistic_regression,10,2,1215,0,0,0.334250697680141
aeeem_pde,hybrid,logistic_regression,10,2,1219,0,1,0.7972438756166337
aeeem_pde,hybrid,logistic_regression,10,2,1232,0,0,0.11079302952351706
aeeem_pde,hybrid,logistic_regression,10,2,1239,0,1,0.5434826804394762
aeeem_pde,hybrid,logistic_regression,10,2,1243,1,1,0.9982645379034353
aeeem_pde,hybrid,logistic_regression,10,2,1249,0,0,0.07501191406015094
aeeem_pde,hybrid,logistic_regression,10,2,1251,0,1,0.7037266382106113
aeeem_pde,hybrid,logistic_regression,10,2,1258,0,0,0.1853764840599836
aeeem_pde,hybrid,logistic_regression,10,2,1268,0,0,0.008874497816753042
aeeem_pde,hybrid,logistic_regression,10,2,1278,0,0,0.392771352115066
aeeem_pde,hybrid,logistic_regression,10,2,1284,0,0,0.2374972131760226
aeeem_pde,hybrid,logistic_regression,10,2,1286,0,0,0.35915329213176256
aeeem_pde,hybrid,logistic_regression,10,2,1289,0,1,0.6464167911579671
aeeem_pde,hybrid,logistic_regression,10,2,1297,0,0,0.028209954545085437
aeeem_pde,hybrid,logistic_regression,10,2,1299,0,0,0.3151231948545825
aeeem_pde,hybrid,logistic_regression,10,2,1304,0,0,0.19788299125595293
aeeem_pde,hybrid,logistic_regression,10,2,1335,1,1,0.618665902701885
aeeem_pde,hybrid,logistic_regression,10,2,1350,0,0,0.17348257284965524
aeeem_pde,hybrid,logistic_regression,10,2,1368,1,0,0.23951444262717045
aeeem_pde,hybrid,logistic_regression,10,2,1373,0,0,0.05530580022673806
aeeem_pde,hybrid,logistic_regression,10,2,1374,0,1,0.7441408466668616
aeeem_pde,hybrid,logistic_regression,10,2,1378,0,1,0.6517707216439664
aeeem_pde,hybrid,logistic_regression,10,2,1388,1,1,0.8708634759744468
aeeem_pde,hybrid,logistic_regression,10,2,1390,1,0,0.10263910667015298
aeeem_pde,hybrid,logistic_regression,10,2,1398,1,1,0.9847108619098432
aeeem_pde,hybrid,logistic_regression,10,2,1402,0,0,0.21759153977851342
aeeem_pde,hybrid,logistic_regression,10,2,1405,0,0,0.20386424084035287
aeeem_pde,hybrid,logistic_regression,10,2,1418,0,0,0.2053056661389898
aeeem_pde,hybrid,logistic_regression,10,2,1419,0,0,0.40568567720623294
aeeem_pde,hybrid,logistic_regression,10,2,1429,0,0,0.10745274494061766
aeeem_pde,hybrid,logistic_regression,10,2,1439,0,0,0.2676408949408652
aeeem_pde,hybrid,logistic_regression,10,2,1447,0,0,0.057101513941948935
aeeem_pde,hybrid,logistic_regression,10,2,1460,0,0,0.34949359698053833
aeeem_pde,hybrid,logistic_regression,10,2,1469,0,0,0.2296470934990942
aeeem_pde,hybrid,logistic_regression,10,2,1483,0,0,0.07449101177391632
aeeem_pde,hybrid,logistic_regression,10,3,13,0,0,0.2877607091567442
aeeem_pde,hybrid,logistic_regression,10,3,36,0,0,0.008778930456534556
aeeem_pde,hybrid,logistic_regression,10,3,39,0,0,0.29079241622035484
aeeem_pde,hybrid,logistic_regression,10,3,43,0,0,0.05754985975439155
aeeem_pde,hybrid,logistic_regression,10,3,46,1,0,0.20823286885679138
aeeem_pde,hybrid,logistic_regression,10,3,47,0,0,0.07791280863355692
aeeem_pde,hybrid,logistic_regression,10,3,50,0,1,0.6251515365165266
aeeem_pde,hybrid,logistic_regression,10,3,59,0,0,0.232541859861081
aeeem_pde,hybrid,logistic_regression,10,3,65,0,0,0.3224511139033604
aeeem_pde,hybrid,logistic_regression,10,3,71,0,0,0.033532058217522365
aeeem_pde,hybrid,logistic_regression,10,3,79,0,0,0.3979314359511484
aeeem_pde,hybrid,logistic_regression,10,3,97,1,0,4.943345654362788e-05
aeeem_pde,hybrid,logistic_regression,10,3,104,0,1,0.8572352130452956
aeeem_pde,hybrid,logistic_regression,10,3,105,0,0,0.09287693793660812
aeeem_pde,hybrid,logistic_regression,10,3,121,0,0,0.27957884076812917
aeeem_pde,hybrid,logistic_regression,10,3,122,0,0,0.1937987995843138
aeeem_pde,hybrid,logistic_regression,10,3,152,0,0,0.04083711378784785
aeeem_pde,hybrid,logistic_regression,10,3,165,0,0,0.232541859861081
aeeem_pde,hybrid,logistic_regression,10,3,167,0,0,0.005690187111256759
aeeem_pde,hybrid,logistic_regression,10,3,169,0,0,0.3811956445677636
aeeem_pde,hybrid,logistic_regression,10,3,193,0,0,0.22541075295134202
aeeem_pde,hybrid,logistic_regression,10,3,219,0,0,0.02030107653669079
aeeem_pde,hybrid,logistic_regression,10,3,228,0,0,0.09105094635274855
aeeem_pde,hybrid,logistic_regression,10,3,233,0,0,0.0782878508107259
aeeem_pde,hybrid,logistic_regression,10,3,247,0,1,0.6756087136523131
aeeem_pde,hybrid,logistic_regression,10,3,276,0,0,0.291784749835372
aeeem_pde,hybrid,logistic_regression,10,3,279,0,1,0.5583367889899887
aeeem_pde,hybrid,logistic_regression,10,3,280,0,0,0.23238095863405495
aeeem_pde,hybrid,logistic_regression,10,3,281,0,0,0.11663802733369188
aeeem_pde,hybrid,logistic_regression,10,3,283,0,1,0.6673408466116904
aeeem_pde,hybrid,logistic_regression,10,3,284,0,0,0.2959439372608766
aeeem_pde,hybrid,logistic_regression,10,3,285,0,1,0.5009339357894314
aeeem_pde,hybrid,logistic_regression,10,3,297,0,0,0.2572661589131684
aeeem_pde,hybrid,logistic_regression,10,3,298,0,0,0.35197015644004553
aeeem_pde,hybrid,logistic_regression,10,3,309,0,0,0.06911410840855246
aeeem_pde,hybrid,logistic_regression,10,3,317,0,0,0.23710146469713073
aeeem_pde,hybrid,logistic_regression,10,3,327,1,1,0.5832771928316552
aeeem_pde,hybrid,logistic_regression,10,3,333,0,0,0.16997812722784575
aeeem_pde,hybrid,logistic_regression,10,3,337,0,0,0.26674836096807714
aeeem_pde,hybrid,logistic_regression,10,3,338,1,1,0.6281376330498011
aeeem_pde,hybrid,logistic_regression,10,3,355,0,1,0.5217632040485556
aeeem_pde,hybrid,logistic_regression,10,3,356,0,0,0.2871962673360636
aeeem_pde,hybrid,logistic_regression,10,3,364,0,0,0.023596804666825
aeeem_pde,hybrid,logistic_regression,10,3,371,0,0,0.3196100864314785
aeeem_pde,hybrid,logistic_regression,10,3,373,0,0,0.2807704625940859
aeeem_pde,hybrid,logistic_regression,10,3,377,0,0,0.14463752856839324
aeeem_pde,hybrid,logistic_regression,10,3,393,0,0,0.11184365436284513
aeeem_pde,hybrid,logistic_regression,10,3,396,0,0,0.16694170329547994
aeeem_pde,hybrid,logistic_regression,10,3,407,0,0,0.36146463593803
aeeem_pde,hybrid,logistic_regression,10,3,414,0,0,0.28626257626763824
aeeem_pde,hybrid,logistic_regression,10,3,416,0,0,0.029832836202048695
aeeem_pde,hybrid,logistic_regression,10,3,432,0,0,0.20162932917336654
aeeem_pde,hybrid,logistic_regression,10,3,433,0,0,0.4547698943722658
aeeem_pde,hybrid,logistic_regression,10,3,434,0,0,0.46554894448057726
aeeem_pde,hybrid,logistic_regression,10,3,435,0,0,0.1382318784732503
aeeem_pde,hybrid,logistic_regression,10,3,441,0,1,0.6171638738266922
aeeem_pde,hybrid,logistic_regression,10,3,455,0,0,0.29574763995231795
aeeem_pde,hybrid,logistic_regression,10,3,468,0,0,0.1858630689007839
aeeem_pde,hybrid,logistic_regression,10,3,483,0,1,0.8332222967206447
aeeem_pde,hybrid,logistic_regression,10,3,487,0,0,0.04569086927621714
aeeem_pde,hybrid,logistic_regression,10,3,489,0,0,0.4599393027234174
aeeem_pde,hybrid,logistic_regression,10,3,524,0,0,0.0892812496615818
aeeem_pde,hybrid,logistic_regression,10,3,541,0,0,0.11112410643064574
aeeem_pde,hybrid,logistic_regression,10,3,543,0,0,0.2646932976595482
aeeem_pde,hybrid,logistic_regression,10,3,551,0,0,0.08823215502957214
aeeem_pde,hybrid,logistic_regression,10,3,552,0,0,0.04191660321921533
aeeem_pde,hybrid,logistic_regression,10,3,572,0,0,0.05475029450313504
aeeem_pde,hybrid,logistic_regression,10,3,577,0,1,0.9475514451596296
aeeem_pde,hybrid,logistic_regression,10,3,579,0,0,0.0715589372512622
aeeem_pde,hybrid,logistic_regression,10,3,582,0,0,0.06689475043722257
aeeem_pde,hybrid,logistic_regression,10,3,616,0,0,0.04802508901775444
aeeem_pde,hybrid,logistic_regression,10,3,617,0,0,0.3724889844637356
aeeem_pde,hybrid,logistic_regression,10,3,636,1,0,0.42995696064295535
aeeem_pde,hybrid,logistic_regression,10,3,647,0,0,0.4295727293545406
aeeem_pde,hybrid,logistic_regression,10,3,650,0,0,0.2669413155891187
aeeem_pde,hybrid,logistic_regression,10,3,656,1,0,0.02536646102013622
aeeem_pde,hybrid,logistic_regression,10,3,660,0,1,0.8592546288465666
aeeem_pde,hybrid,logistic_regression,10,3,661,1,1,0.7629386608342056
aeeem_pde,hybrid,logistic_regression,10,3,667,0,0,0.28427263949815473
aeeem_pde,hybrid,logistic_regression,10,3,705,0,0,0.2280059652608985
aeeem_pde,hybrid,logistic_regression,10,3,712,0,0,0.16572422444493867
aeeem_pde,hybrid,logistic_regression,10,3,741,0,0,0.12002276752510437
aeeem_pde,hybrid,logistic_regression,10,3,742,0,0,0.04288600082119532
aeeem_pde,hybrid,logistic_regression,10,3,745,0,0,0.3332072671588424
aeeem_pde,hybrid,logistic_regression,10,3,748,0,0,0.20921796150494196
aeeem_pde,hybrid,logistic_regression,10,3,776,0,0,0.4000280392959325
aeeem_pde,hybrid,logistic_regression,10,3,777,0,0,0.21730593159903971
aeeem_pde,hybrid,logistic_regression,10,3,779,0,0,0.23116091441064626
aeeem_pde,hybrid,logistic_regression,10,3,802,0,0,0.1528745866724291
aeeem_pde,hybrid,logistic_regression,10,3,804,0,0,0.36245676423251544
aeeem_pde,hybrid,logistic_regression,10,3,811,0,0,0.31783332426418826
aeeem_pde,hybrid,logistic_regression,10,3,814,0,0,0.023884717572476656
aeeem_pde,hybrid,logistic_regression,10,3,836,1,0,0.34279468767617816
aeeem_pde,hybrid,logistic_regression,10,3,866,0,0,0.3135357390707839
aeeem_pde,hybrid,logistic_regression,10,3,870,0,0,0.2646535068527074
aeeem_pde,hybrid,logistic_regression,10,3,875,0,0,0.3148566087129097
aeeem_pde,hybrid,logistic_regression,10,3,889,0,1,0.8928703036777119
aeeem_pde,hybrid,logistic_regression,10,3,892,0,0,0.3632733997550018
aeeem_pde,hybrid,logistic_regression,10,3,895,0,0,0.15373149964935856
aeeem_pde,hybrid,logistic_regression,10,3,918,0,0,0.3870851201071614
aeeem_pde,hybrid,logistic_regression,10,3,950,0,0,0.053525545764386506
aeeem_pde,hybrid,logistic_regression,10,3,966,0,0,0.223968184747609
aeeem_pde,hybrid,logistic_regression,10,3,970,0,1,0.7280061805646106
aeeem_pde,hybrid,logistic_regression,10,3,979,1,0,0.2627566786537315
aeeem_pde,hybrid,logistic_regression,10,3,991,0,0,0.06004589468653934
aeeem_pde,hybrid,logistic_regression,10,3,997,0,1,0.5835084483375036
aeeem_pde,hybrid,logistic_regression,10,3,1009,0,1,0.5451948555170544
aeeem_pde,hybrid,logistic_regression,10,3,1025,0,0,0.04093180984281603
aeeem_pde,hybrid,logistic_regression,10,3,1036,1,0,0.27821152095268664
aeeem_pde,hybrid,logistic_regression,10,3,1062,1,1,0.5885311739762329
aeeem_pde,hybrid,logistic_regression,10,3,1063,0,1,0.790518604122226
aeeem_pde,hybrid,logistic_regression,10,3,1065,0,0,0.04734748999465579
aeeem_pde,hybrid,logistic_regression,10,3,1066,1,1,0.5573151821177308
aeeem_pde,hybrid,logistic_regression,10,3,1072,0,0,0.42910559660919684
aeeem_pde,hybrid,logistic_regression,10,3,1082,0,0,0.14178863459197516
aeeem_pde,hybrid,logistic_regression,10,3,1090,0,0,0.09616138411731348
aeeem_pde,hybrid,logistic_regression,10,3,1091,0,0,0.2734760730612421
aeeem_pde,hybrid,logistic_regression,10,3,1093,0,1,0.5363896089461941
aeeem_pde,hybrid,logistic_regression,10,3,1100,1,1,0.646854302579132
aeeem_pde,hybrid,logistic_regression,10,3,1108,0,0,0.10244630101438117
aeeem_pde,hybrid,logistic_regression,10,3,1113,1,1,0.8955191740022752
aeeem_pde,hybrid,logistic_regression,10,3,1120,0,0,0.49041779676333885
aeeem_pde,hybrid,logistic_regression,10,3,1159,0,0,0.20878950801516652
aeeem_pde,hybrid,logistic_regression,10,3,1172,0,0,0.34385826100745237
aeeem_pde,hybrid,logistic_regression,10,3,1188,0,0,0.2544878064901613
aeeem_pde,hybrid,logistic_regression,10,3,1199,1,0,0.4690981936867853
aeeem_pde,hybrid,logistic_regression,10,3,1210,0,0,0.06973256337388894
aeeem_pde,hybrid,logistic_regression,10,3,1254,1,0,0.2723855555729366
aeeem_pde,hybrid,logistic_regression,10,3,1264,0,0,0.14138481647235088
aeeem_pde,hybrid,logistic_regression,10,3,1267,0,0,0.2942624112502218
aeeem_pde,hybrid,logistic_regression,10,3,1292,0,1,0.7349093136072148
aeeem_pde,hybrid,logistic_regression,10,3,1293,0,0,0.16824314679449817
aeeem_pde,hybrid,logistic_regression,10,3,1302,0,0,0.0343745248132865
aeeem_pde,hybrid,logistic_regression,10,3,1307,1,0,0.48476415040878346
aeeem_pde,hybrid,logistic_regression,10,3,1318,0,0,0.44224913398956933
aeeem_pde,hybrid,logistic_regression,10,3,1379,0,0,0.17258640366916828
aeeem_pde,hybrid,logistic_regression,10,3,1380,0,0,0.2746705958585243
aeeem_pde,hybrid,logistic_regression,10,3,1401,0,0,0.13681085166528745
aeeem_pde,hybrid,logistic_regression,10,3,1404,1,1,0.7869621091588722
aeeem_pde,hybrid,logistic_regression,10,3,1409,0,0,0.3598810956497644
aeeem_pde,hybrid,logistic_regression,10,3,1412,0,0,0.2748136769587921
aeeem_pde,hybrid,logistic_regression,10,3,1416,0,0,0.2309019037909837
aeeem_pde,hybrid,logistic_regression,10,3,1435,1,0,0.4778506025575684
aeeem_pde,hybrid,logistic_regression,10,3,1443,0,0,0.2772390158336534
aeeem_pde,hybrid,logistic_regression,10,3,1444,1,0,0.37650390011452667
aeeem_pde,hybrid,logistic_regression,10,3,1475,0,0,0.27456367605553056
aeeem_pde,hybrid,logistic_regression,10,3,1478,0,0,0.16194008854953124
aeeem_pde,hybrid,logistic_regression,10,3,1480,0,0,0.24328130789908717
aeeem_pde,hybrid,logistic_regression,10,3,1484,1,1,0.894873101328177
aeeem_pde,hybrid,logistic_regression,10,3,1488,0,0,0.17274592495247298
aeeem_pde,hybrid,logistic_regression,10,4,2,0,0,0.3774543149644468
aeeem_pde,hybrid,logistic_regression,10,4,7,0,0,0.32066396051381685
aeeem_pde,hybrid,logistic_regression,10,4,19,0,0,0.333874986226206
aeeem_pde,hybrid,logistic_regression,10,4,22,0,1,0.8456990182735864
aeeem_pde,hybrid,logistic_regression,10,4,23,1,1,0.7855343965401695
aeeem_pde,hybrid,logistic_regression,10,4,37,0,1,0.7025353382226008
aeeem_pde,hybrid,logistic_regression,10,4,38,0,0,0.46877382707998244
aeeem_pde,hybrid,logistic_regression,10,4,45,1,0,0.2855475700526278
aeeem_pde,hybrid,logistic_regression,10,4,53,0,0,0.38669314371450686
aeeem_pde,hybrid,logistic_regression,10,4,66,1,1,0.9722356330469045
aeeem_pde,hybrid,logistic_regression,10,4,81,0,0,0.3153722948582048
aeeem_pde,hybrid,logistic_regression,10,4,83,0,0,0.03284428651059839
aeeem_pde,hybrid,logistic_regression,10,4,85,0,0,0.4088890768282394
aeeem_pde,hybrid,logistic_regression,10,4,93,0,0,0.3270474904061231
aeeem_pde,hybrid,logistic_regression,10,4,110,0,0,0.2160141009335168
aeeem_pde,hybrid,logistic_regression,10,4,137,0,0,0.26679004025499614
aeeem_pde,hybrid,logistic_regression,10,4,139,0,0,0.4364420088449411
aeeem_pde,hybrid,logistic_regression,10,4,143,0,0,0.27219741107029516
aeeem_pde,hybrid,logistic_regression,10,4,147,0,1,0.5062706209420041
aeeem_pde,hybrid,logistic_regression,10,4,158,0,0,0.30535465326106254
aeeem_pde,hybrid,logistic_regression,10,4,168,1,1,0.5075240026771242
aeeem_pde,hybrid,logistic_regression,10,4,180,0,0,0.3324396623879372
aeeem_pde,hybrid,logistic_regression,10,4,190,0,0,0.10065350073996744
aeeem_pde,hybrid,logistic_regression,10,4,197,0,1,0.5890760994171489
aeeem_pde,hybrid,logistic_regression,10,4,209,0,0,0.04399913800338897
aeeem_pde,hybrid,logistic_regression,10,4,210,0,0,0.15682907145705668
aeeem_pde,hybrid,logistic_regression,10,4,223,0,0,0.3083618701175483
aeeem_pde,hybrid,logistic_regression,10,4,238,0,0,0.10062375082000781
aeeem_pde,hybrid,logistic_regression,10,4,252,0,0,0.19759800945003336
aeeem_pde,hybrid,logistic_regression,10,4,262,0,0,0.19655131329286557
aeeem_pde,hybrid,logistic_regression,10,4,268,0,0,0.33687292350140985
aeeem_pde,hybrid,logistic_regression,10,4,311,0,1,0.9861139614768101
aeeem_pde,hybrid,logistic_regression,10,4,312,0,0,0.17064977202105938
aeeem_pde,hybrid,logistic_regression,10,4,316,0,0,0.37055369840635144
aeeem_pde,hybrid,logistic_regression,10,4,330,0,0,0.318604957175572
aeeem_pde,hybrid,logistic_regression,10,4,335,0,0,0.43807193252819565
aeeem_pde,hybrid,logistic_regression,10,4,343,0,0,0.43705228864849077
aeeem_pde,hybrid,logistic_regression,10,4,367,1,1,0.5519368550783615
aeeem_pde,hybrid,logistic_regression,10,4,372,1,1,0.6902541279672545
aeeem_pde,hybrid,logistic_regression,10,4,376,0,1,0.5025854360582883
aeeem_pde,hybrid,logistic_regression,10,4,386,0,0,0.0590907626917074
aeeem_pde,hybrid,logistic_regression,10,4,395,0,0,0.050365425340069464
aeeem_pde,hybrid,logistic_regression,10,4,397,0,1,0.6349328700618496
aeeem_pde,hybrid,logistic_regression,10,4,405,1,0,0.14380918274128449
aeeem_pde,hybrid,logistic_regression,10,4,422,1,0,0.21644450368569412
aeeem_pde,hybrid,logistic_regression,10,4,431,0,0,0.028880900566242353
aeeem_pde,hybrid,logistic_regression,10,4,447,0,0,0.34989158798257936
aeeem_pde,hybrid,logistic_regression,10,4,475,0,0,0.4667663362501776
aeeem_pde,hybrid,logistic_regression,10,4,485,0,0,0.2744194221388262
aeeem_pde,hybrid,logistic_regression,10,4,490,1,1,0.8294846541257223
aeeem_pde,hybrid,logistic_regression,10,4,503,0,0,0.07671884364636751
aeeem_pde,hybrid,logistic_regression,10,4,505,0,1,0.8996863741991762
aeeem_pde,hybrid,logistic_regression,10,4,512,0,1,0.5355238883110316
aeeem_pde,hybrid,logistic_regression,10,4,513,1,1,0.930936458445647
aeeem_pde,hybrid,logistic_regression,10,4,518,0,1,0.7508892838655846
aeeem_pde,hybrid,logistic_regression,10,4,554,0,0,0.2479914041634126
aeeem_pde,hybrid,logistic_regression,10,4,595,0,0,0.24112830201017318
aeeem_pde,hybrid,logistic_regression,10,4,599,0,0,0.45852770092161976
aeeem_pde,hybrid,logistic_regression,10,4,608,0,0,0.12725983841674754
aeeem_pde,hybrid,logistic_regression,10,4,642,0,0,0.08691301341588079
aeeem_pde,hybrid,logistic_regression,10,4,663,0,0,0.0063899276871541575
aeeem_pde,hybrid,logistic_regression,10,4,680,0,0,0.39164262131536587
aeeem_pde,hybrid,logistic_regression,10,4,681,0,1,0.8039100027946692
aeeem_pde,hybrid,logistic_regression,10,4,691,0,0,0.24295510376417848
aeeem_pde,hybrid,logistic_regression,10,4,694,0,0,0.003768226021614918
aeeem_pde,hybrid,logistic_regression,10,4,697,0,0,0.21309331813334273
aeeem_pde,hybrid,logistic_regression,10,4,718,0,1,0.5651338286402586
aeeem_pde,hybrid,logistic_regression,10,4,721,0,1,0.7695654695423748
aeeem_pde,hybrid,logistic_regression,10,4,725,0,0,0.35219626320048425
aeeem_pde,hybrid,logistic_regression,10,4,728,0,0,0.1548099290490613
aeeem_pde,hybrid,logistic_regression,10,4,757,0,0,0.3609035041762325
aeeem_pde,hybrid,logistic_regression,10,4,770,0,0,0.26339208597598945
aeeem_pde,hybrid,logistic_regression,10,4,772,0,0,0.14293029561539555
aeeem_pde,hybrid,logistic_regression,10,4,774,0,0,0.33006908394697093
aeeem_pde,hybrid,logistic_regression,10,4,781,0,0,0.3657968113955876
aeeem_pde,hybrid,logistic_regression,10,4,788,0,0,0.20197091339730705
aeeem_pde,hybrid,logistic_regression,10,4,796,0,0,0.2447862321587294
aeeem_pde,hybrid,logistic_regression,10,4,807,1,0,0.2214504037201908
aeeem_pde,hybrid,logistic_regression,10,4,809,0,0,0.2895720329045157
aeeem_pde,hybrid,logistic_regression,10,4,812,0,1,0.5657803239299173
aeeem_pde,hybrid,logistic_regression,10,4,815,0,0,0.04417461735542264
aeeem_pde,hybrid,logistic_regression,10,4,827,1,0,0.029470105354134826
aeeem_pde,hybrid,logistic_regression,10,4,832,0,0,0.13935796740901452
aeeem_pde,hybrid,logistic_regression,10,4,857,0,1,0.5747878538850848
aeeem_pde,hybrid,logistic_regression,10,4,858,0,0,0.2363559985827666
aeeem_pde,hybrid,logistic_regression,10,4,862,1,0,0.34098125876816854
aeeem_pde,hybrid,logistic_regression,10,4,873,0,1,0.5532531136372952
aeeem_pde,hybrid,logistic_regression,10,4,878,0,0,0.10502996914043707
aeeem_pde,hybrid,logistic_regression,10,4,879,0,0,0.2939925302929467
aeeem_pde,hybrid,logistic_regression,10,4,911,0,1,0.7263277638333225
aeeem_pde,hybrid,logistic_regression,10,4,912,0,0,0.10453113680613145
aeeem_pde,hybrid,logistic_regression,10,4,917,0,0,0.41187434077699797
aeeem_pde,hybrid,logistic_regression,10,4,919,0,0,0.3831507961926131
aeeem_pde,hybrid,logistic_regression,10,4,923,0,0,0.2603731062850423
aeeem_pde,hybrid,logistic_regression,10,4,927,0,0,0.21097759661337592
aeeem_pde,hybrid,logistic_regression,10,4,935,0,0,0.4494822345843366
aeeem_pde,hybrid,logistic_regression,10,4,937,1,0,0.08342219963626263
aeeem_pde,hybrid,logistic_regression,10,4,941,0,0,0.14418892226479765
aeeem_pde,hybrid,logistic_regression,10,4,947,0,0,0.33001913778174774
aeeem_pde,hybrid,logistic_regression,10,4,952,0,0,0.17409686840970648
aeeem_pde,hybrid,logistic_regression,10,4,969,0,0,0.382464373122205
aeeem_pde,hybrid,logistic_regression,10,4,998,0,0,0.3456183201171211
aeeem_pde,hybrid,logistic_regression,10,4,1012,0,0,0.16856332471920416
aeeem_pde,hybrid,logistic_regression,10,4,1022,0,0,0.2949646092781776
aeeem_pde,hybrid,logistic_regression,10,4,1028,0,0,0.4455160789805763
aeeem_pde,hybrid,logistic_regression,10,4,1030,1,0,0.4236775703182176
aeeem_pde,hybrid,logistic_regression,10,4,1031,1,1,0.6379146286256241
aeeem_pde,hybrid,logistic_regression,10,4,1039,0,0,0.14344772506814873
aeeem_pde,hybrid,logistic_regression,10,4,1048,0,0,0.37261433436088104
aeeem_pde,hybrid,logistic_regression,10,4,1084,0,1,0.6165315330358541
aeeem_pde,hybrid,logistic_regression,10,4,1095,1,0,0.423207071411328
aeeem_pde,hybrid,logistic_regression,10,4,1111,0,1,0.5117899414868958
aeeem_pde,hybrid,logistic_regression,10,4,1115,0,0,0.1620988985776004
aeeem_pde,hybrid,logistic_regression,10,4,1116,0,0,0.32909346303061104
aeeem_pde,hybrid,logistic_regression,10,4,1126,0,0,0.24127451934506355
aeeem_pde,hybrid,logistic_regression,10,4,1130,0,0,0.2576428626558933
aeeem_pde,hybrid,logistic_regression,10,4,1152,0,1,0.6453459087199896
aeeem_pde,hybrid,logistic_regression,10,4,1189,0,1,0.5776970889424204
aeeem_pde,hybrid,logistic_regression,10,4,1193,0,1,0.5468232899521009
aeeem_pde,hybrid,logistic_regression,10,4,1207,1,1,0.7755148560996015
aeeem_pde,hybrid,logistic_regression,10,4,1214,1,1,0.8333599772871354
aeeem_pde,hybrid,logistic_regression,10,4,1217,0,1,0.7403490117265533
aeeem_pde,hybrid,logistic_regression,10,4,1223,0,0,0.37151571291448954
aeeem_pde,hybrid,logistic_regression,10,4,1242,0,0,0.00020101348320881592
aeeem_pde,hybrid,logistic_regression,10,4,1250,0,0,0.3394702066247543
aeeem_pde,hybrid,logistic_regression,10,4,1257,0,0,0.3130895605933046
aeeem_pde,hybrid,logistic_regression,10,4,1266,1,0,0.42199412478623766
aeeem_pde,hybrid,logistic_regression,10,4,1269,0,0,0.07956937630499068
aeeem_pde,hybrid,logistic_regression,10,4,1275,0,1,0.5528069125970995
aeeem_pde,hybrid,logistic_regression,10,4,1279,0,0,2.288456486442189e-06
aeeem_pde,hybrid,logistic_regression,10,4,1283,0,0,0.26260500162603473
aeeem_pde,hybrid,logistic_regression,10,4,1295,0,0,0.16033010381942095
aeeem_pde,hybrid,logistic_regression,10,4,1314,0,0,0.041491767669987356
aeeem_pde,hybrid,logistic_regression,10,4,1341,0,0,0.42280465973388526
aeeem_pde,hybrid,logistic_regression,10,4,1351,0,1,0.6507637901909217
aeeem_pde,hybrid,logistic_regression,10,4,1354,0,0,0.33897354999494256
aeeem_pde,hybrid,logistic_regression,10,4,1366,0,0,0.25001748132991075
aeeem_pde,hybrid,logistic_regression,10,4,1367,0,0,0.015275349600106087
aeeem_pde,hybrid,logistic_regression,10,4,1381,0,0,0.2727254183678156
aeeem_pde,hybrid,logistic_regression,10,4,1382,0,0,0.17841998890767632
aeeem_pde,hybrid,logistic_regression,10,4,1400,0,0,0.47795985354472154
aeeem_pde,hybrid,logistic_regression,10,4,1414,0,1,0.5808490315792492
aeeem_pde,hybrid,logistic_regression,10,4,1421,0,0,0.1310622781825944
aeeem_pde,hybrid,logistic_regression,10,4,1432,0,0,0.1219424072049095
aeeem_pde,hybrid,logistic_regression,10,4,1442,1,1,0.8215697365367624
aeeem_pde,hybrid,logistic_regression,10,4,1446,0,1,0.8142114087913408
aeeem_pde,hybrid,logistic_regression,10,4,1463,0,1,0.5581184076894419
aeeem_pde,hybrid,logistic_regression,10,4,1466,0,0,0.3097044108218333
aeeem_pde,hybrid,logistic_regression,10,4,1472,0,1,0.573624834501657
aeeem_pde,hybrid,logistic_regression,10,4,1490,0,1,0.5258421802253231
aeeem_pde,hybrid,logistic_regression,10,5,18,0,0,0.42471096838544753
aeeem_pde,hybrid,logistic_regression,10,5,27,0,0,0.47841172766709317
aeeem_pde,hybrid,logistic_regression,10,5,28,0,0,0.37478328850233544
aeeem_pde,hybrid,logistic_regression,10,5,61,0,0,0.0021472152008591545
aeeem_pde,hybrid,logistic_regression,10,5,73,0,0,0.08349608024360829
aeeem_pde,hybrid,logistic_regression,10,5,77,0,1,0.6206100164927436
aeeem_pde,hybrid,logistic_regression,10,5,95,0,0,0.038058945030344085
aeeem_pde,hybrid,logistic_regression,10,5,107,0,0,0.045336118032320745
aeeem_pde,hybrid,logistic_regression,10,5,109,0,0,0.15663713247095562
aeeem_pde,hybrid,logistic_regression,10,5,116,0,0,0.28254051074903824
aeeem_pde,hybrid,logistic_regression,10,5,126,1,0,0.4353406385505202
aeeem_pde,hybrid,logistic_regression,10,5,127,0,0,0.1556371402856258
aeeem_pde,hybrid,logistic_regression,10,5,128,0,0,0.18399794664196883
aeeem_pde,hybrid,logistic_regression,10,5,136,1,0,0.46881944430445377
aeeem_pde,hybrid,logistic_regression,10,5,145,0,0,0.31793936412141527
aeeem_pde,hybrid,logistic_regression,10,5,171,0,1,0.6376985991265266
aeeem_pde,hybrid,logistic_regression,10,5,175,0,0,0.07270414791333692
aeeem_pde,hybrid,logistic_regression,10,5,183,0,0,0.4979917375563653
aeeem_pde,hybrid,logistic_regression,10,5,207,0,0,0.07251604550610638
aeeem_pde,hybrid,logistic_regression,10,5,208,0,0,0.0947624857336267
aeeem_pde,hybrid,logistic_regression,10,5,215,0,0,0.23007977297674181
aeeem_pde,hybrid,logistic_regression,10,5,220,0,0,0.09538394608641144
aeeem_pde,hybrid,logistic_regression,10,5,242,0,0,0.4076521463219238
aeeem_pde,hybrid,logistic_regression,10,5,251,0,0,0.07538718848783404
aeeem_pde,hybrid,logistic_regression,10,5,253,0,0,0.002055444522189342
aeeem_pde,hybrid,logistic_regression,10,5,263,0,0,0.08421127961449022
aeeem_pde,hybrid,logistic_regression,10,5,264,1,0,0.3540866487797502
aeeem_pde,hybrid,logistic_regression,10,5,275,1,0,0.2659120465417479
aeeem_pde,hybrid,logistic_regression,10,5,289,0,1,0.716856115617779
aeeem_pde,hybrid,logistic_regression,10,5,291,0,0,0.06922995065270866
aeeem_pde,hybrid,logistic_regression,10,5,292,0,0,0.1860795309364183
aeeem_pde,hybrid,logistic_regression,10,5,293,0,1,0.545134822213675
aeeem_pde,hybrid,logistic_regression,10,5,300,0,0,0.05734326976911633
aeeem_pde,hybrid,logistic_regression,10,5,310,0,0,0.0782545450255154
aeeem_pde,hybrid,logistic_regression,10,5,318,0,0,0.022570991031233258
aeeem_pde,hybrid,logistic_regression,10,5,319,1,0,0.33812543731380307
aeeem_pde,hybrid,logistic_regression,10,5,325,0,0,0.48473962051498964
aeeem_pde,hybrid,logistic_regression,10,5,329,1,1,0.7723159006360307
aeeem_pde,hybrid,logistic_regression,10,5,334,1,1,0.9336745555291222
aeeem_pde,hybrid,logistic_regression,10,5,340,0,0,0.3205893995001231
aeeem_pde,hybrid,logistic_regression,10,5,341,0,0,0.13429938877576236
aeeem_pde,hybrid,logistic_regression,10,5,348,0,0,0.14830395376117625
aeeem_pde,hybrid,logistic_regression,10,5,349,0,0,0.029173021605055468
aeeem_pde,hybrid,logistic_regression,10,5,357,0,1,0.5162752112331666
aeeem_pde,hybrid,logistic_regression,10,5,359,0,0,0.11903928062945186
aeeem_pde,hybrid,logistic_regression,10,5,374,0,0,0.25687062504683866
aeeem_pde,hybrid,logistic_regression,10,5,382,0,1,0.6132805399237323
aeeem_pde,hybrid,logistic_regression,10,5,406,0,0,0.34949375576339053
aeeem_pde,hybrid,logistic_regression,10,5,408,0,1,0.7530430784213271
aeeem_pde,hybrid,logistic_regression,10,5,409,0,0,0.22973964255970908
aeeem_pde,hybrid,logistic_regression,10,5,424,0,0,0.24712217958968594
aeeem_pde,hybrid,logistic_regression,10,5,425,0,0,0.3150438962196217
aeeem_pde,hybrid,logistic_regression,10,5,428,0,1,0.9648064949184902
aeeem_pde,hybrid,logistic_regression,10,5,436,0,0,0.31489132644604756
aeeem_pde,hybrid,logistic_regression,10,5,448,0,0,0.24148761422154685
aeeem_pde,hybrid,logistic_regression,10,5,452,0,0,0.04385678054236086
aeeem_pde,hybrid,logistic_regression,10,5,471,0,0,0.06403660929466495
aeeem_pde,hybrid,logistic_regression,10,5,484,0,0,0.14742885521277085
aeeem_pde,hybrid,logistic_regression,10,5,495,1,1,0.7372777738936821
aeeem_pde,hybrid,logistic_regression,10,5,500,0,0,0.32687325591453764
aeeem_pde,hybrid,logistic_regression,10,5,501,0,0,0.025121663071931005
aeeem_pde,hybrid,logistic_regression,10,5,525,0,0,0.07610922130422744
aeeem_pde,hybrid,logistic_regression,10,5,534,0,0,0.31365970963501777
aeeem_pde,hybrid,logistic_regression,10,5,555,0,0,0.42982966777819004
aeeem_pde,hybrid,logistic_regression,10,5,587,0,0,0.33480361590109714
aeeem_pde,hybrid,logistic_regression,10,5,598,0,0,0.30933024531395015
aeeem_pde,hybrid,logistic_regression,10,5,600,0,0,0.4341585399406846
aeeem_pde,hybrid,logistic_regression,10,5,605,0,0,0.1794034367100752
aeeem_pde,hybrid,logistic_regression,10,5,611,0,0,0.14965147712245544
aeeem_pde,hybrid,logistic_regression,10,5,618,0,0,0.4910379140619672
aeeem_pde,hybrid,logistic_regression,10,5,619,0,1,0.585070100274505
aeeem_pde,hybrid,logistic_regression,10,5,624,1,0,0.33537804337208377
aeeem_pde,hybrid,logistic_regression,10,5,627,0,0,0.2815673728793214
aeeem_pde,hybrid,logistic_regression,10,5,632,0,0,0.28580933443980505
aeeem_pde,hybrid,logistic_regression,10,5,640,0,0,0.0054442525742932945
aeeem_pde,hybrid,logistic_regression,10,5,641,0,0,0.2983922209331749
aeeem_pde,hybrid,logistic_regression,10,5,677,0,0,0.15872630956027087
aeeem_pde,hybrid,logistic_regression,10,5,689,0,0,0.34038615565658814
aeeem_pde,hybrid,logistic_regression,10,5,702,0,0,0.20337346962397282
aeeem_pde,hybrid,logistic_regression,10,5,720,0,0,0.040326037708337134
aeeem_pde,hybrid,logistic_regression,10,5,724,0,1,0.5073555794956508
aeeem_pde,hybrid,logistic_regression,10,5,731,0,0,0.10201778801375855
aeeem_pde,hybrid,logistic_regression,10,5,740,1,0,0.15490869441528743
aeeem_pde,hybrid,logistic_regression,10,5,752,0,1,0.7379954196023042
aeeem_pde,hybrid,logistic_regression,10,5,758,0,0,0.12488702292565623
aeeem_pde,hybrid,logistic_regression,10,5,791,0,1,0.5466365227305702
aeeem_pde,hybrid,logistic_regression,10,5,798,1,0,0.0020913183481097684
aeeem_pde,hybrid,logistic_regression,10,5,799,1,1,0.9169771312938191
aeeem_pde,hybrid,logistic_regression,10,5,808,1,1,0.9258194468094973
aeeem_pde,hybrid,logistic_regression,10,5,818,1,0,0.26124569436486317
aeeem_pde,hybrid,logistic_regression,10,5,819,0,1,0.6171468898508048
aeeem_pde,hybrid,logistic_regression,10,5,829,0,0,0.009078957503680372
aeeem_pde,hybrid,logistic_regression,10,5,835,0,0,0.12261131706915161
aeeem_pde,hybrid,logistic_regression,10,5,853,0,0,0.3317056229182986
aeeem_pde,hybrid,logistic_regression,10,5,887,0,0,0.19749602940607666
aeeem_pde,hybrid,logistic_regression,10,5,891,1,0,0.014459343558635663
aeeem_pde,hybrid,logistic_regression,10,5,896,1,0,0.15455196584803577
aeeem_pde,hybrid,logistic_regression,10,5,905,0,0,0.25600547074091656
aeeem_pde,hybrid,logistic_regression,10,5,925,0,0,0.11587250832249693
aeeem_pde,hybrid,logistic_regression,10,5,928,0,0,6.194398895198578e-06
aeeem_pde,hybrid,logistic_regression,10,5,929,0,0,0.4655075289832047
aeeem_pde,hybrid,logistic_regression,10,5,943,0,0,0.34285495747084516
aeeem_pde,hybrid,logistic_regression,10,5,948,0,0,0.0024441930667574493
aeeem_pde,hybrid,logistic_regression,10,5,954,0,0,0.49797460714158415
aeeem_pde,hybrid,logistic_regression,10,5,972,0,1,0.5221921687224292
aeeem_pde,hybrid,logistic_regression,10,5,984,1,1,0.7025121532212955
aeeem_pde,hybrid,logistic_regression,10,5,988,0,0,0.03157409627600957
aeeem_pde,hybrid,logistic_regression,10,5,995,0,1,0.8905055200207556
aeeem_pde,hybrid,logistic_regression,10,5,1021,0,0,0.2758907499590351
aeeem_pde,hybrid,logistic_regression,10,5,1032,0,0,0.009763393989383523
aeeem_pde,hybrid,logistic_regression,10,5,1034,0,0,0.45594364199563564
aeeem_pde,hybrid,logistic_regression,10,5,1040,0,0,0.4799980399462908
aeeem_pde,hybrid,logistic_regression,10,5,1053,0,0,0.41397981292432434
aeeem_pde,hybrid,logistic_regression,10,5,1061,0,0,0.32054891301701444
aeeem_pde,hybrid,logistic_regression,10,5,1079,0,1,0.9990427387059698
aeeem_pde,hybrid,logistic_regression,10,5,1080,0,1,0.5428428851560889
aeeem_pde,hybrid,logistic_regression,10,5,1099,0,0,0.003251941036606844
aeeem_pde,hybrid,logistic_regression,10,5,1117,1,0,0.196672619916458
aeeem_pde,hybrid,logistic_regression,10,5,1135,0,0,0.29465207527225523
aeeem_pde,hybrid,logistic_regression,10,5,1141,1,0,0.3353725502644243
aeeem_pde,hybrid,logistic_regression,10,5,1154,0,1,0.8840398645008897
aeeem_pde,hybrid,logistic_regression,10,5,1160,0,1,0.5666085853201476
aeeem_pde,hybrid,logistic_regression,10,5,1165,0,0,0.08425982668754708
aeeem_pde,hybrid,logistic_regression,10,5,1186,0,0,0.032116979967732634
aeeem_pde,hybrid,logistic_regression,10,5,1192,0,0,0.020732521854733038
aeeem_pde,hybrid,logistic_regression,10,5,1197,0,1,0.8994991116294472
aeeem_pde,hybrid,logistic_regression,10,5,1198,1,1,0.9094288386979896
aeeem_pde,hybrid,logistic_regression,10,5,1227,0,0,0.48329133931191953
aeeem_pde,hybrid,logistic_regression,10,5,1246,0,0,0.2532635140146129
aeeem_pde,hybrid,logistic_regression,10,5,1263,0,0,0.3760242511141495
aeeem_pde,hybrid,logistic_regression,10,5,1270,0,0,0.24898619442409228
aeeem_pde,hybrid,logistic_regression,10,5,1273,0,0,0.33800335045122115
aeeem_pde,hybrid,logistic_regression,10,5,1285,0,1,0.6329949672375526
aeeem_pde,hybrid,logistic_regression,10,5,1306,0,0,0.470730712643242
aeeem_pde,hybrid,logistic_regression,10,5,1316,1,0,0.3707781591916834
aeeem_pde,hybrid,logistic_regression,10,5,1322,0,1,0.6393562467873934
aeeem_pde,hybrid,logistic_regression,10,5,1323,0,0,0.22269439008490194
aeeem_pde,hybrid,logistic_regression,10,5,1330,0,0,0.4331080395461223
aeeem_pde,hybrid,logistic_regression,10,5,1332,0,0,0.26554833039522474
aeeem_pde,hybrid,logistic_regression,10,5,1334,0,1,0.5885927742812797
aeeem_pde,hybrid,logistic_regression,10,5,1337,0,1,0.7870763107301317
aeeem_pde,hybrid,logistic_regression,10,5,1344,0,0,0.09337497861074799
aeeem_pde,hybrid,logistic_regression,10,5,1359,0,0,0.4121216626678805
aeeem_pde,hybrid,logistic_regression,10,5,1360,0,1,0.6451030940573893
aeeem_pde,hybrid,logistic_regression,10,5,1383,0,0,0.3003310676591972
aeeem_pde,hybrid,logistic_regression,10,5,1392,0,0,0.33438788715008205
aeeem_pde,hybrid,logistic_regression,10,5,1425,0,1,0.99519455015767
aeeem_pde,hybrid,logistic_regression,10,5,1437,0,0,0.39760887672492395
aeeem_pde,hybrid,logistic_regression,10,5,1445,0,0,0.212375883194807
aeeem_pde,hybrid,logistic_regression,10,5,1456,0,0,0.2343728026978524
aeeem_pde,hybrid,logistic_regression,10,6,6,1,1,0.9999999937521427
aeeem_pde,hybrid,logistic_regression,10,6,9,0,0,0.2842198886814494
aeeem_pde,hybrid,logistic_regression,10,6,12,0,0,0.1579308557203595
aeeem_pde,hybrid,logistic_regression,10,6,14,0,0,0.12291096529107494
aeeem_pde,hybrid,logistic_regression,10,6,20,0,0,0.1844372735101658
aeeem_pde,hybrid,logistic_regression,10,6,54,0,0,0.2673561193334753
aeeem_pde,hybrid,logistic_regression,10,6,63,1,1,0.928858764700354
aeeem_pde,hybrid,logistic_regression,10,6,68,0,1,0.8563581160502794
aeeem_pde,hybrid,logistic_regression,10,6,70,0,0,0.08204770918346835
aeeem_pde,hybrid,logistic_regression,10,6,72,0,1,0.552080603548928
aeeem_pde,hybrid,logistic_regression,10,6,84,0,0,0.06314342542406362
aeeem_pde,hybrid,logistic_regression,10,6,92,0,0,0.47694920831712007
aeeem_pde,hybrid,logistic_regression,10,6,98,0,0,0.2765318222965572
aeeem_pde,hybrid,logistic_regression,10,6,103,1,0,0.4273232354375437
aeeem_pde,hybrid,logistic_regression,10,6,117,0,0,0.41541093584854805
aeeem_pde,hybrid,logistic_regression,10,6,130,1,0,0.32044179206104234
aeeem_pde,hybrid,logistic_regression,10,6,142,0,0,0.26036841313773146
aeeem_pde,hybrid,logistic_regression,10,6,155,0,0,0.06939907231983276
aeeem_pde,hybrid,logistic_regression,10,6,157,0,0,0.1839107312085605
aeeem_pde,hybrid,logistic_regression,10,6,161,1,1,0.579992362064185
aeeem_pde,hybrid,logistic_regression,10,6,184,0,0,0.1681394352098599
aeeem_pde,hybrid,logistic_regression,10,6,237,0,0,0.05300801632446075
aeeem_pde,hybrid,logistic_regression,10,6,241,0,1,0.6028797345629322
aeeem_pde,hybrid,logistic_regression,10,6,245,0,0,0.3996287518575865
aeeem_pde,hybrid,logistic_regression,10,6,249,0,0,0.26355251192221757
aeeem_pde,hybrid,logistic_regression,10,6,267,1,0,0.3697244108173684
aeeem_pde,hybrid,logistic_regression,10,6,286,0,0,0.20971777741211514
aeeem_pde,hybrid,logistic_regression,10,6,301,0,0,0.3208380155029185
aeeem_pde,hybrid,logistic_regression,10,6,308,0,0,0.30576265098868516
aeeem_pde,hybrid,logistic_regression,10,6,363,0,0,0.21747089170215322
aeeem_pde,hybrid,logistic_regression,10,6,366,0,0,0.3995926754486648
aeeem_pde,hybrid,logistic_regression,10,6,368,0,1,0.5099691129585454
aeeem_pde,hybrid,logistic_regression,10,6,369,0,0,0.43703521987978
aeeem_pde,hybrid,logistic_regression,10,6,370,1,1,0.9949363665887897
aeeem_pde,hybrid,logistic_regression,10,6,384,0,0,0.21867239335861122
aeeem_pde,hybrid,logistic_regression,10,6,387,0,0,0.04803234636453908
aeeem_pde,hybrid,logistic_regression,10,6,394,0,0,0.1526925155251851
aeeem_pde,hybrid,logistic_regression,10,6,402,0,0,0.43214470681598693
aeeem_pde,hybrid,logistic_regression,10,6,438,0,0,0.18703872277777397
aeeem_pde,hybrid,logistic_regression,10,6,444,0,0,0.18194767673260043
aeeem_pde,hybrid,logistic_regression,10,6,451,0,0,0.11553997271637696
aeeem_pde,hybrid,logistic_regression,10,6,454,0,0,0.1992097431276416
aeeem_pde,hybrid,logistic_regression,10,6,464,0,1,0.7411239128842252
aeeem_pde,hybrid,logistic_regression,10,6,492,0,0,0.3100230572874683
aeeem_pde,hybrid,logistic_regression,10,6,499,0,1,0.5945642210345999
aeeem_pde,hybrid,logistic_regression,10,6,502,0,0,0.2583833765650955
aeeem_pde,hybrid,logistic_regression,10,6,522,0,1,0.6387358680713314
aeeem_pde,hybrid,logistic_regression,10,6,529,0,0,0.22906863279909098
aeeem_pde,hybrid,logistic_regression,10,6,547,0,0,0.005560372492600183
aeeem_pde,hybrid,logistic_regression,10,6,556,0,0,0.45965552047614605
aeeem_pde,hybrid,logistic_regression,10,6,574,0,0,0.086085908063577
aeeem_pde,hybrid,logistic_regression,10,6,590,1,0,0.026655406829773378
aeeem_pde,hybrid,logistic_regression,10,6,591,0,1,0.6131176882561189
aeeem_pde,hybrid,logistic_regression,10,6,596,0,0,0.14669154339263019
aeeem_pde,hybrid,logistic_regression,10,6,609,0,0,0.032461279848609116
aeeem_pde,hybrid,logistic_regression,10,6,614,0,0,0.036718594280214005
aeeem_pde,hybrid,logistic_regression,10,6,629,0,0,0.3155411244115907
aeeem_pde,hybrid,logistic_regression,10,6,630,0,1,0.5938999097149125
aeeem_pde,hybrid,logistic_regression,10,6,631,0,1,0.64794360174002
aeeem_pde,hybrid,logistic_regression,10,6,637,0,0,0.35206904811835965
aeeem_pde,hybrid,logistic_regression,10,6,653,0,0,0.21344917224176688
aeeem_pde,hybrid,logistic_regression,10,6,658,0,0,0.20221305413538268
aeeem_pde,hybrid,logistic_regression,10,6,682,1,0,0.06369594964479737
aeeem_pde,hybrid,logistic_regression,10,6,684,0,0,0.3626815399412673
aeeem_pde,hybrid,logistic_regression,10,6,686,1,0,0.1932148615037415
aeeem_pde,hybrid,logistic_regression,10,6,692,0,0,0.4464510190530556
aeeem_pde,hybrid,logistic_regression,10,6,700,0,0,0.16270286966325492
aeeem_pde,hybrid,logistic_regression,10,6,703,0,0,0.22455944855174942
aeeem_pde,hybrid,logistic_regression,10,6,710,1,1,0.8180409362373531
aeeem_pde,hybrid,logistic_regression,10,6,722,0,0,0.17843325770818008
aeeem_pde,hybrid,logistic_regression,10,6,735,0,0,0.2815243832151883
aeeem_pde,hybrid,logistic_regression,10,6,754,0,0,0.16594509902770146
aeeem_pde,hybrid,logistic_regression,10,6,767,0,0,0.4475592033330692
aeeem_pde,hybrid,logistic_regression,10,6,786,0,1,0.5196784362674194
aeeem_pde,hybrid,logistic_regression,10,6,810,0,0,0.27132026727229086
aeeem_pde,hybrid,logistic_regression,10,6,822,0,0,0.08172590986406701
aeeem_pde,hybrid,logistic_regression,10,6,826,0,0,0.2664652908280494
aeeem_pde,hybrid,logistic_regression,10,6,837,0,1,0.9005595745138457
aeeem_pde,hybrid,logistic_regression,10,6,849,1,0,0.16052193132093603
aeeem_pde,hybrid,logistic_regression,10,6,850,0,0,0.004453558635043238
aeeem_pde,hybrid,logistic_regression,10,6,854,0,0,0.3116543054716257
aeeem_pde,hybrid,logistic_regression,10,6,859,1,0,0.3448794710267649
aeeem_pde,hybrid,logistic_regression,10,6,872,0,0,0.08047670201634198
aeeem_pde,hybrid,logistic_regression,10,6,894,0,0,0.060880377563486444
aeeem_pde,hybrid,logistic_regression,10,6,898,0,0,0.43946555579049573
aeeem_pde,hybrid,logistic_regression,10,6,908,0,0,0.1555754068876766
aeeem_pde,hybrid,logistic_regression,10,6,909,0,0,0.09183041060981205
aeeem_pde,hybrid,logistic_regression,10,6,913,0,0,0.3640216615473747
aeeem_pde,hybrid,logistic_regression,10,6,914,0,1,0.7595125079588874
aeeem_pde,hybrid,logistic_regression,10,6,916,0,0,0.41314162875751753
aeeem_pde,hybrid,logistic_regression,10,6,934,0,0,0.3125131367305301
aeeem_pde,hybrid,logistic_regression,10,6,953,0,0,0.4314942821972074
aeeem_pde,hybrid,logistic_regression,10,6,957,0,0,0.3751270777801112
aeeem_pde,hybrid,logistic_regression,10,6,958,0,1,0.7265609637574014
aeeem_pde,hybrid,logistic_regression,10,6,971,0,0,0.3339726444238433
aeeem_pde,hybrid,logistic_regression,10,6,987,0,0,0.2680028814606972
aeeem_pde,hybrid,logistic_regression,10,6,989,0,0,0.23483235231404395
aeeem_pde,hybrid,logistic_regression,10,6,992,0,0,0.16563953080515287
aeeem_pde,hybrid,logistic_regression,10,6,1005,1,1,0.8882809501890372
aeeem_pde,hybrid,logistic_regression,10,6,1010,0,0,0.12770555569301706
aeeem_pde,hybrid,logistic_regression,10,6,1023,0,0,0.41125356455893475
aeeem_pde,hybrid,logistic_regression,10,6,1038,0,0,0.2002021642175614
aeeem_pde,hybrid,logistic_regression,10,6,1050,0,0,0.3220919970614995
aeeem_pde,hybrid,logistic_regression,10,6,1057,0,0,0.087612408526067
aeeem_pde,hybrid,logistic_regression,10,6,1059,0,0,0.4199485668462731
aeeem_pde,hybrid,logistic_regression,10,6,1067,0,0,0.4482537874078785
aeeem_pde,hybrid,logistic_regression,10,6,1075,0,1,0.5686178365141566
aeeem_pde,hybrid,logistic_regression,10,6,1089,0,0,0.3501804489290332
aeeem_pde,hybrid,logistic_regression,10,6,1101,0,0,0.1571605059000187
aeeem_pde,hybrid,logistic_regression,10,6,1102,0,0,0.25273191924534194
aeeem_pde,hybrid,logistic_regression,10,6,1105,0,1,0.9332860213183194
aeeem_pde,hybrid,logistic_regression,10,6,1114,0,0,0.1544942605324938
aeeem_pde,hybrid,logistic_regression,10,6,1122,0,0,0.22013227839386318
aeeem_pde,hybrid,logistic_regression,10,6,1136,0,0,0.2585218810648248
aeeem_pde,hybrid,logistic_regression,10,6,1142,1,0,0.41110998743796895
aeeem_pde,hybrid,logistic_regression,10,6,1156,0,0,0.007293022275237842
aeeem_pde,hybrid,logistic_regression,10,6,1162,0,0,0.21082284227363604
aeeem_pde,hybrid,logistic_regression,10,6,1167,0,1,0.5521943133070538
aeeem_pde,hybrid,logistic_regression,10,6,1201,0,0,0.380383699452277
aeeem_pde,hybrid,logistic_regression,10,6,1212,1,0,0.08884537151918821
aeeem_pde,hybrid,logistic_regression,10,6,1221,0,0,0.317898481878151
aeeem_pde,hybrid,logistic_regression,10,6,1226,0,0,0.33608174379665634
aeeem_pde,hybrid,logistic_regression,10,6,1282,0,1,0.5903196627410403
aeeem_pde,hybrid,logistic_regression,10,6,1287,0,0,0.4074499635861041
aeeem_pde,hybrid,logistic_regression,10,6,1305,1,0,0.41261620874295535
aeeem_pde,hybrid,logistic_regression,10,6,1310,0,0,0.25509574862907697
aeeem_pde,hybrid,logistic_regression,10,6,1315,0,0,0.16650198775856012
aeeem_pde,hybrid,logistic_regression,10,6,1319,0,1,0.7101903359322831
aeeem_pde,hybrid,logistic_regression,10,6,1320,0,0,0.21084925769774612
aeeem_pde,hybrid,logistic_regression,10,6,1327,0,0,0.14427169584784075
aeeem_pde,hybrid,logistic_regression,10,6,1331,0,0,0.2885678101387694
aeeem_pde,hybrid,logistic_regression,10,6,1338,0,0,0.058039663696056246
aeeem_pde,hybrid,logistic_regression,10,6,1339,1,0,0.08526592456202507
aeeem_pde,hybrid,logistic_regression,10,6,1346,0,0,0.004453558635043238
aeeem_pde,hybrid,logistic_regression,10,6,1355,0,0,0.33811643072783387
aeeem_pde,hybrid,logistic_regression,10,6,1362,0,0,0.10955395066197295
aeeem_pde,hybrid,logistic_regression,10,6,1363,0,1,0.6349991648415356
aeeem_pde,hybrid,logistic_regression,10,6,1389,0,0,0.21962773518624645
aeeem_pde,hybrid,logistic_regression,10,6,1397,1,1,0.9532734918044545
aeeem_pde,hybrid,logistic_regression,10,6,1403,0,0,0.21492607350476634
aeeem_pde,hybrid,logistic_regression,10,6,1410,0,0,0.38798211832944396
aeeem_pde,hybrid,logistic_regression,10,6,1420,0,0,0.004556449030867134
aeeem_pde,hybrid,logistic_regression,10,6,1422,0,0,0.0287388861541597
aeeem_pde,hybrid,logistic_regression,10,6,1423,1,0,0.1650991389982762
aeeem_pde,hybrid,logistic_regression,10,6,1448,1,0,0.3239383696981692
aeeem_pde,hybrid,logistic_regression,10,6,1453,0,0,0.3270046485655228
aeeem_pde,hybrid,logistic_regression,10,6,1458,0,0,0.14659408761868312
aeeem_pde,hybrid,logistic_regression,10,6,1462,0,0,0.1798483540582519
aeeem_pde,hybrid,logistic_regression,10,6,1468,0,0,0.10095168024901184
aeeem_pde,hybrid,logistic_regression,10,6,1481,0,0,0.2093895634574528
aeeem_pde,hybrid,logistic_regression,10,7,42,0,0,0.0894757871687525
aeeem_pde,hybrid,logistic_regression,10,7,74,0,0,0.35960653482083843
aeeem_pde,hybrid,logistic_regression,10,7,75,0,1,0.5299787030435278
aeeem_pde,hybrid,logistic_regression,10,7,86,0,0,0.03724810164463656
aeeem_pde,hybrid,logistic_regression,10,7,91,0,0,0.46535316389703585
aeeem_pde,hybrid,logistic_regression,10,7,113,1,0,0.3202781260560607
aeeem_pde,hybrid,logistic_regression,10,7,115,0,0,0.057927878128995615
aeeem_pde,hybrid,logistic_regression,10,7,120,1,0,0.3905418781182269
aeeem_pde,hybrid,logistic_regression,10,7,131,0,0,0.40137706632064607
aeeem_pde,hybrid,logistic_regression,10,7,133,0,0,0.3971130822814204
aeeem_pde,hybrid,logistic_regression,10,7,153,0,1,0.5556970163873736
aeeem_pde,hybrid,logistic_regression,10,7,160,1,0,0.3680159131503962
aeeem_pde,hybrid,logistic_regression,10,7,162,0,0,0.2026082685780977
aeeem_pde,hybrid,logistic_regression,10,7,177,0,0,0.4689774568559201
aeeem_pde,hybrid,logistic_regression,10,7,185,0,0,0.1116323629192029
aeeem_pde,hybrid,logistic_regression,10,7,195,0,0,0.4001857824244333
aeeem_pde,hybrid,logistic_regression,10,7,216,0,0,0.12366454230090652
aeeem_pde,hybrid,logistic_regression,10,7,229,0,0,0.4101502211829
aeeem_pde,hybrid,logistic_regression,10,7,232,1,1,0.9278685440644929
aeeem_pde,hybrid,logistic_regression,10,7,236,0,0,0.041846736231314484
aeeem_pde,hybrid,logistic_regression,10,7,239,0,0,0.3694748618464186
aeeem_pde,hybrid,logistic_regression,10,7,240,0,0,0.40056418045737907
aeeem_pde,hybrid,logistic_regression,10,7,255,0,0,0.06698825630307002
aeeem_pde,hybrid,logistic_regression,10,7,259,0,0,0.10503743415116915
aeeem_pde,hybrid,logistic_regression,10,7,260,0,0,0.26698889427329126
aeeem_pde,hybrid,logistic_regression,10,7,266,0,0,0.24389528203994673
aeeem_pde,hybrid,logistic_regression,10,7,269,0,1,0.7909264976203912
aeeem_pde,hybrid,logistic_regression,10,7,277,0,1,0.7870480355296812
aeeem_pde,hybrid,logistic_regression,10,7,278,0,0,0.0025570705522157343
aeeem_pde,hybrid,logistic_regression,10,7,303,0,0,0.3731996374876032
aeeem_pde,hybrid,logistic_regression,10,7,314,0,1,0.8030924277173267
aeeem_pde,hybrid,logistic_regression,10,7,320,0,0,0.4154128579104563
aeeem_pde,hybrid,logistic_regression,10,7,331,0,0,0.13311491557308483
aeeem_pde,hybrid,logistic_regression,10,7,342,0,0,0.1792683750665209
aeeem_pde,hybrid,logistic_regression,10,7,344,0,0,0.4565586455562753
aeeem_pde,hybrid,logistic_regression,10,7,360,0,0,0.49723274178414767
aeeem_pde,hybrid,logistic_regression,10,7,383,0,0,0.12538994804140965
aeeem_pde,hybrid,logistic_regression,10,7,403,0,0,0.27448855419807
aeeem_pde,hybrid,logistic_regression,10,7,413,0,0,0.44196216676728256
aeeem_pde,hybrid,logistic_regression,10,7,419,1,1,0.9966633092882988
aeeem_pde,hybrid,logistic_regression,10,7,421,1,0,0.4749685605404907
aeeem_pde,hybrid,logistic_regression,10,7,440,0,0,0.1646658679824313
aeeem_pde,hybrid,logistic_regression,10,7,443,1,1,0.716443109661057
aeeem_pde,hybrid,logistic_regression,10,7,445,0,0,0.3116870112735954
aeeem_pde,hybrid,logistic_regression,10,7,449,0,0,0.28200469999109756
aeeem_pde,hybrid,logistic_regression,10,7,450,0,0,0.23389607734397236
aeeem_pde,hybrid,logistic_regression,10,7,456,0,0,0.25846520461834843
aeeem_pde,hybrid,logistic_regression,10,7,457,1,0,0.17667294675961773
aeeem_pde,hybrid,logistic_regression,10,7,460,0,0,0.18813749684456413
aeeem_pde,hybrid,logistic_regression,10,7,478,0,0,0.2623895237993009
aeeem_pde,hybrid,logistic_regression,10,7,482,0,0,0.4303736827961495
aeeem_pde,hybrid,logistic_regression,10,7,494,1,0,0.10262390378434874
aeeem_pde,hybrid,logistic_regression,10,7,507,0,0,0.10180754942426291
aeeem_pde,hybrid,logistic_regression,10,7,510,0,0,0.20326969249926
aeeem_pde,hybrid,logistic_regression,10,7,519,1,0,0.2862098965840503
aeeem_pde,hybrid,logistic_regression,10,7,526,0,1,0.7179236346151504
aeeem_pde,hybrid,logistic_regression,10,7,536,1,1,0.5498089682790119
aeeem_pde,hybrid,logistic_regression,10,7,548,1,0,0.32498760061347665
aeeem_pde,hybrid,logistic_regression,10,7,563,0,0,0.36959837586152366
aeeem_pde,hybrid,logistic_regression,10,7,566,0,0,0.0426866151793481
aeeem_pde,hybrid,logistic_regression,10,7,567,0,0,0.33074043567799244
aeeem_pde,hybrid,logistic_regression,10,7,570,0,1,0.5182738824337872
aeeem_pde,hybrid,logistic_regression,10,7,580,0,0,0.047243503480399976
aeeem_pde,hybrid,logistic_regression,10,7,606,1,0,0.3220978027970455
aeeem_pde,hybrid,logistic_regression,10,7,620,0,0,0.3235430797116296
aeeem_pde,hybrid,logistic_regression,10,7,649,0,1,0.660671294033708
aeeem_pde,hybrid,logistic_regression,10,7,655,0,0,0.3522637701111694
aeeem_pde,hybrid,logistic_regression,10,7,673,0,1,0.8885724594190669
aeeem_pde,hybrid,logistic_regression,10,7,679,0,0,0.3205262537630778
aeeem_pde,hybrid,logistic_regression,10,7,685,0,0,0.10177188451430279
aeeem_pde,hybrid,logistic_regression,10,7,695,0,0,0.21998566786228374
aeeem_pde,hybrid,logistic_regression,10,7,706,0,1,0.5014590606240495
aeeem_pde,hybrid,logistic_regression,10,7,743,0,0,0.2754672425638757
aeeem_pde,hybrid,logistic_regression,10,7,755,0,0,0.1716315157756938
aeeem_pde,hybrid,logistic_regression,10,7,766,0,1,0.7159737896419588
aeeem_pde,hybrid,logistic_regression,10,7,783,0,0,0.37320942913041266
aeeem_pde,hybrid,logistic_regression,10,7,784,0,0,0.03544879963169467
aeeem_pde,hybrid,logistic_regression,10,7,795,0,0,0.2649829902412351
aeeem_pde,hybrid,logistic_regression,10,7,821,1,0,0.16636405117007957
aeeem_pde,hybrid,logistic_regression,10,7,823,0,0,0.12168326337778937
aeeem_pde,hybrid,logistic_regression,10,7,825,0,0,0.10420875949061705
aeeem_pde,hybrid,logistic_regression,10,7,845,0,0,0.4267577128414273
aeeem_pde,hybrid,logistic_regression,10,7,861,0,0,0.3240111746359403
aeeem_pde,hybrid,logistic_regression,10,7,863,0,0,0.00884247674986472
aeeem_pde,hybrid,logistic_regression,10,7,864,0,1,0.75599788060089
aeeem_pde,hybrid,logistic_regression,10,7,880,0,0,0.14894849490332338
aeeem_pde,hybrid,logistic_regression,10,7,884,0,1,0.5076044577759916
aeeem_pde,hybrid,logistic_regression,10,7,899,1,1,0.9874526134766202
aeeem_pde,hybrid,logistic_regression,10,7,904,0,0,0.2994575747684056
aeeem_pde,hybrid,logistic_regression,10,7,976,0,0,0.21232074570134513
aeeem_pde,hybrid,logistic_regression,10,7,980,1,0,0.2885777989245141
aeeem_pde,hybrid,logistic_regression,10,7,982,0,0,0.3491794804048789
aeeem_pde,hybrid,logistic_regression,10,7,985,0,0,0.33738300236541546
aeeem_pde,hybrid,logistic_regression,10,7,1020,0,0,0.2887078798390766
aeeem_pde,hybrid,logistic_regression,10,7,1026,0,0,0.17377348837465761
aeeem_pde,hybrid,logistic_regression,10,7,1037,0,0,0.30169738670019614
aeeem_pde,hybrid,logistic_regression,10,7,1045,0,0,0.29453459704993357
aeeem_pde,hybrid,logistic_regression,10,7,1046,0,0,0.24954843313341388
aeeem_pde,hybrid,logistic_regression,10,7,1054,0,0,0.08293706043267077
aeeem_pde,hybrid,logistic_regression,10,7,1055,0,0,0.19473483949276338
aeeem_pde,hybrid,logistic_regression,10,7,1068,0,0,0.064662606550187
aeeem_pde,hybrid,logistic_regression,10,7,1069,0,0,0.2208747664945923
aeeem_pde,hybrid,logistic_regression,10,7,1074,0,0,0.1901973617576947
aeeem_pde,hybrid,logistic_regression,10,7,1086,0,0,0.029187426844730323
aeeem_pde,hybrid,logistic_regression,10,7,1087,0,0,0.07094102881144006
aeeem_pde,hybrid,logistic_regression,10,7,1106,0,0,0.11656162819917759
aeeem_pde,hybrid,logistic_regression,10,7,1107,0,0,0.048312962217730966
aeeem_pde,hybrid,logistic_regression,10,7,1112,0,0,0.2381484770643505
aeeem_pde,hybrid,logistic_regression,10,7,1124,0,0,0.1365516623514739
aeeem_pde,hybrid,logistic_regression,10,7,1125,0,0,0.20069883454204476
aeeem_pde,hybrid,logistic_regression,10,7,1127,0,0,0.40779336751052714
aeeem_pde,hybrid,logistic_regression,10,7,1133,0,0,0.16853683999574748
aeeem_pde,hybrid,logistic_regression,10,7,1134,0,1,0.7334982824279613
aeeem_pde,hybrid,logistic_regression,10,7,1144,0,0,0.13888788440357683
aeeem_pde,hybrid,logistic_regression,10,7,1148,1,1,0.8286435941339342
aeeem_pde,hybrid,logistic_regression,10,7,1149,0,0,0.14712161241895205
aeeem_pde,hybrid,logistic_regression,10,7,1157,0,0,0.3126644321092111
aeeem_pde,hybrid,logistic_regression,10,7,1169,0,0,0.2183888032090475
aeeem_pde,hybrid,logistic_regression,10,7,1200,1,0,0.13467326595478502
aeeem_pde,hybrid,logistic_regression,10,7,1213,0,0,0.17288907106395493
aeeem_pde,hybrid,logistic_regression,10,7,1231,0,1,0.6476580434467897
aeeem_pde,hybrid,logistic_regression,10,7,1234,0,1,0.9350596237433323
aeeem_pde,hybrid,logistic_regression,10,7,1236,0,0,0.14043537834769088
aeeem_pde,hybrid,logistic_regression,10,7,1259,0,0,0.4172955721862494
aeeem_pde,hybrid,logistic_regression,10,7,1261,0,0,0.35072737622188493
aeeem_pde,hybrid,logistic_regression,10,7,1290,0,0,0.4230840096137591
aeeem_pde,hybrid,logistic_regression,10,7,1298,0,0,0.25129927109275957
aeeem_pde,hybrid,logistic_regression,10,7,1303,0,1,0.656640198719839
aeeem_pde,hybrid,logistic_regression,10,7,1326,0,0,0.056270598625811276
aeeem_pde,hybrid,logistic_regression,10,7,1347,0,0,0.48660898641095324
aeeem_pde,hybrid,logistic_regression,10,7,1348,0,0,0.0003011175172792725
aeeem_pde,hybrid,logistic_regression,10,7,1352,0,0,0.3660234286987622
aeeem_pde,hybrid,logistic_regression,10,7,1353,0,0,0.26863584110925953
aeeem_pde,hybrid,logistic_regression,10,7,1365,0,0,0.16244909144684785
aeeem_pde,hybrid,logistic_regression,10,7,1372,0,0,0.09876688126849288
aeeem_pde,hybrid,logistic_regression,10,7,1406,0,0,0.3249605871219813
aeeem_pde,hybrid,logistic_regression,10,7,1408,0,0,0.04644392566479012
aeeem_pde,hybrid,logistic_regression,10,7,1415,0,1,0.5481384341593377
aeeem_pde,hybrid,logistic_regression,10,7,1431,0,0,0.41865775082693657
aeeem_pde,hybrid,logistic_regression,10,7,1436,0,0,0.3138820087355507
aeeem_pde,hybrid,logistic_regression,10,7,1438,0,0,0.1507276841365097
aeeem_pde,hybrid,logistic_regression,10,7,1441,1,0,0.462564062047603
aeeem_pde,hybrid,logistic_regression,10,7,1449,0,0,0.2994135086894565
aeeem_pde,hybrid,logistic_regression,10,7,1455,0,0,0.0021882396018506026
aeeem_pde,hybrid,logistic_regression,10,7,1465,1,1,0.6866213747092654
aeeem_pde,hybrid,logistic_regression,10,7,1467,0,1,0.6121114863831829
aeeem_pde,hybrid,logistic_regression,10,7,1473,1,0,0.2522595534866667
aeeem_pde,hybrid,logistic_regression,10,7,1479,0,0,0.4163258397444974
aeeem_pde,hybrid,logistic_regression,10,7,1485,0,1,0.6010007291030955
aeeem_pde,hybrid,logistic_regression,10,7,1495,0,0,0.0048246429825512275
aeeem_pde,hybrid,logistic_regression,10,8,17,1,0,0.48003346695467713
aeeem_pde,hybrid,logistic_regression,10,8,21,0,0,0.49082771867917957
aeeem_pde,hybrid,logistic_regression,10,8,30,0,0,0.40713951538295157
aeeem_pde,hybrid,logistic_regression,10,8,35,1,1,0.8713056602130055
aeeem_pde,hybrid,logistic_regression,10,8,41,0,0,0.15704575416569097
aeeem_pde,hybrid,logistic_regression,10,8,44,0,1,0.6998273252636499
aeeem_pde,hybrid,logistic_regression,10,8,51,0,1,0.6694307086896117
aeeem_pde,hybrid,logistic_regression,10,8,56,0,0,0.46756395532777767
aeeem_pde,hybrid,logistic_regression,10,8,58,0,0,0.16929215508683165
aeeem_pde,hybrid,logistic_regression,10,8,69,0,0,0.10032868819910674
aeeem_pde,hybrid,logistic_regression,10,8,76,0,0,0.10332465261313148
aeeem_pde,hybrid,logistic_regression,10,8,102,0,1,0.6841378042416725
aeeem_pde,hybrid,logistic_regression,10,8,119,0,0,0.40739209505936
aeeem_pde,hybrid,logistic_regression,10,8,123,0,1,0.5352454893723632
aeeem_pde,hybrid,logistic_regression,10,8,135,0,0,0.08886633304490484
aeeem_pde,hybrid,logistic_regression,10,8,140,0,0,0.25747801756363353
aeeem_pde,hybrid,logistic_regression,10,8,144,1,1,0.9941315129058255
aeeem_pde,hybrid,logistic_regression,10,8,189,0,1,0.5636192978659866
aeeem_pde,hybrid,logistic_regression,10,8,192,0,0,0.2683646921807274
aeeem_pde,hybrid,logistic_regression,10,8,199,0,1,0.7172461947184094
aeeem_pde,hybrid,logistic_regression,10,8,211,0,0,0.32776917987225773
aeeem_pde,hybrid,logistic_regression,10,8,231,0,0,0.28826632341588365
aeeem_pde,hybrid,logistic_regression,10,8,256,0,0,0.41801079693052545
aeeem_pde,hybrid,logistic_regression,10,8,257,0,0,0.4331601553875571
aeeem_pde,hybrid,logistic_regression,10,8,258,0,0,0.35318781327698284
aeeem_pde,hybrid,logistic_regression,10,8,271,0,0,0.333277933770198
aeeem_pde,hybrid,logistic_regression,10,8,302,1,0,0.43389329010020933
aeeem_pde,hybrid,logistic_regression,10,8,306,1,0,0.26621971680363693
aeeem_pde,hybrid,logistic_regression,10,8,323,0,1,0.7608608657495644
aeeem_pde,hybrid,logistic_regression,10,8,339,0,0,0.26233037237508994
aeeem_pde,hybrid,logistic_regression,10,8,350,0,1,0.9165620087614222
aeeem_pde,hybrid,logistic_regression,10,8,352,0,0,0.29437347249495943
aeeem_pde,hybrid,logistic_regression,10,8,354,0,0,0.3429064898895071
aeeem_pde,hybrid,logistic_regression,10,8,365,0,1,0.7343356421297187
aeeem_pde,hybrid,logistic_regression,10,8,378,0,0,0.2954211771305891
aeeem_pde,hybrid,logistic_regression,10,8,388,1,0,0.19578312927349895
aeeem_pde,hybrid,logistic_regression,10,8,390,0,1,0.5245680442210604
aeeem_pde,hybrid,logistic_regression,10,8,391,0,1,0.5493029771138273
aeeem_pde,hybrid,logistic_regression,10,8,399,0,1,0.8318050085395366
aeeem_pde,hybrid,logistic_regression,10,8,411,1,1,0.9826727355438881
aeeem_pde,hybrid,logistic_regression,10,8,412,1,0,0.1874962969559501
aeeem_pde,hybrid,logistic_regression,10,8,420,0,0,0.06561482987284796
aeeem_pde,hybrid,logistic_regression,10,8,429,0,0,0.23290435028864676
aeeem_pde,hybrid,logistic_regression,10,8,437,0,1,0.5660575314481359
aeeem_pde,hybrid,logistic_regression,10,8,459,0,0,0.34537993979704507
aeeem_pde,hybrid,logistic_regression,10,8,470,1,1,0.6320177409480938
aeeem_pde,hybrid,logistic_regression,10,8,481,0,0,0.26196852345464017
aeeem_pde,hybrid,logistic_regression,10,8,504,0,0,0.34282087911804465
aeeem_pde,hybrid,logistic_regression,10,8,506,0,1,0.5258522046392959
aeeem_pde,hybrid,logistic_regression,10,8,515,1,0,0.1436516428541394
aeeem_pde,hybrid,logistic_regression,10,8,516,0,0,0.23125629489020072
aeeem_pde,hybrid,logistic_regression,10,8,530,0,1,0.7492404108926934
aeeem_pde,hybrid,logistic_regression,10,8,533,0,0,0.11644932529393714
aeeem_pde,hybrid,logistic_regression,10,8,535,0,0,0.36416196290134056
aeeem_pde,hybrid,logistic_regression,10,8,539,0,0,0.28050637062404077
aeeem_pde,hybrid,logistic_regression,10,8,542,0,0,0.4463245259377212
aeeem_pde,hybrid,logistic_regression,10,8,557,0,1,0.605169141701553
aeeem_pde,hybrid,logistic_regression,10,8,568,0,0,0.18904677500416167
aeeem_pde,hybrid,logistic_regression,10,8,571,0,0,0.04800659747787212
aeeem_pde,hybrid,logistic_regression,10,8,584,0,0,0.24178192472807483
aeeem_pde,hybrid,logistic_regression,10,8,592,0,0,0.2593495525483107
aeeem_pde,hybrid,logistic_regression,10,8,593,0,1,0.7592808676784347
aeeem_pde,hybrid,logistic_regression,10,8,603,0,0,0.06507625990916259
aeeem_pde,hybrid,logistic_regression,10,8,623,0,0,0.4793162719299589
aeeem_pde,hybrid,logistic_regression,10,8,628,0,1,0.5012819339702786
aeeem_pde,hybrid,logistic_regression,10,8,633,1,0,0.024501881303173503
aeeem_pde,hybrid,logistic_regression,10,8,639,0,0,0.3383918037730328
aeeem_pde,hybrid,logistic_regression,10,8,648,0,0,0.25431793268492536
aeeem_pde,hybrid,logistic_regression,10,8,652,0,0,0.3874134489640526
aeeem_pde,hybrid,logistic_regression,10,8,654,0,1,0.8756526112834401
aeeem_pde,hybrid,logistic_regression,10,8,665,0,0,0.10294355117633809
aeeem_pde,hybrid,logistic_regression,10,8,671,0,1,0.7164945687961015
aeeem_pde,hybrid,logistic_regression,10,8,683,0,1,0.5016630026210508
aeeem_pde,hybrid,logistic_regression,10,8,696,0,0,0.07326735542084445
aeeem_pde,hybrid,logistic_regression,10,8,714,0,0,0.16287764364342697
aeeem_pde,hybrid,logistic_regression,10,8,719,0,0,0.3353916608342324
aeeem_pde,hybrid,logistic_regression,10,8,739,0,1,0.6966937211801564
aeeem_pde,hybrid,logistic_regression,10,8,744,0,0,0.24539386517136422
aeeem_pde,hybrid,logistic_regression,10,8,746,0,0,0.4479242171818404
aeeem_pde,hybrid,logistic_regression,10,8,747,1,1,0.609452892939326
aeeem_pde,hybrid,logistic_regression,10,8,750,0,0,0.20316044573752753
aeeem_pde,hybrid,logistic_regression,10,8,753,0,0,0.4721305535800095
aeeem_pde,hybrid,logistic_regression,10,8,765,0,0,0.058606850409730765
aeeem_pde,hybrid,logistic_regression,10,8,769,0,0,0.1562262798216372
aeeem_pde,hybrid,logistic_regression,10,8,771,0,0,0.11443027680395083
aeeem_pde,hybrid,logistic_regression,10,8,831,0,0,0.04678108584839355
aeeem_pde,hybrid,logistic_regression,10,8,852,0,1,0.9396909680613683
aeeem_pde,hybrid,logistic_regression,10,8,868,0,0,0.2679757581009255
aeeem_pde,hybrid,logistic_regression,10,8,871,0,0,0.4960491499908291
aeeem_pde,hybrid,logistic_regression,10,8,885,0,1,0.50505512312265
aeeem_pde,hybrid,logistic_regression,10,8,900,0,0,0.2698321523059757
aeeem_pde,hybrid,logistic_regression,10,8,901,0,1,0.6328460055654666
aeeem_pde,hybrid,logistic_regression,10,8,902,0,0,0.16722424282828138
aeeem_pde,hybrid,logistic_regression,10,8,907,0,0,0.14180734644606297
aeeem_pde,hybrid,logistic_regression,10,8,922,0,1,0.6891475206148786
aeeem_pde,hybrid,logistic_regression,10,8,930,0,0,0.3312976752777532
aeeem_pde,hybrid,logistic_regression,10,8,938,0,1,0.7230082683857421
aeeem_pde,hybrid,logistic_regression,10,8,942,0,1,0.9430091188460614
aeeem_pde,hybrid,logistic_regression,10,8,951,0,0,0.05303793235266322
aeeem_pde,hybrid,logistic_regression,10,8,967,0,0,0.3872320364871444
aeeem_pde,hybrid,logistic_regression,10,8,975,0,0,0.25336224740123386
aeeem_pde,hybrid,logistic_regression,10,8,986,1,1,0.6269552548446571
aeeem_pde,hybrid,logistic_regression,10,8,999,0,0,0.1888275108020116
aeeem_pde,hybrid,logistic_regression,10,8,1006,0,0,0.3685061768119093
aeeem_pde,hybrid,logistic_regression,10,8,1013,0,0,0.15463283362468466
aeeem_pde,hybrid,logistic_regression,10,8,1041,0,1,0.7186560285205056
aeeem_pde,hybrid,logistic_regression,10,8,1043,0,0,0.02482414548812226
aeeem_pde,hybrid,logistic_regression,10,8,1070,0,0,0.10736256242908912
aeeem_pde,hybrid,logistic_regression,10,8,1092,0,0,0.13970319864144626
aeeem_pde,hybrid,logistic_regression,10,8,1096,1,1,0.6573779952129944
aeeem_pde,hybrid,logistic_regression,10,8,1104,0,1,0.6816111384344264
aeeem_pde,hybrid,logistic_regression,10,8,1131,0,0,0.2928449312171398
aeeem_pde,hybrid,logistic_regression,10,8,1150,0,0,0.1973850141064948
aeeem_pde,hybrid,logistic_regression,10,8,1155,0,0,0.45592300616032705
aeeem_pde,hybrid,logistic_regression,10,8,1158,0,0,0.13646765546217965
aeeem_pde,hybrid,logistic_regression,10,8,1168,0,1,0.5435377671064916
aeeem_pde,hybrid,logistic_regression,10,8,1175,0,0,0.007881975238941016
aeeem_pde,hybrid,logistic_regression,10,8,1177,0,0,0.20397151789986245
aeeem_pde,hybrid,logistic_regression,10,8,1179,0,0,0.19112910136193764
aeeem_pde,hybrid,logistic_regression,10,8,1183,0,1,0.9149978548755051
aeeem_pde,hybrid,logistic_regression,10,8,1205,0,0,0.0488806951058779
aeeem_pde,hybrid,logistic_regression,10,8,1208,0,0,0.15504270908554227
aeeem_pde,hybrid,logistic_regression,10,8,1233,0,0,0.33304810670527524
aeeem_pde,hybrid,logistic_regression,10,8,1237,0,0,0.10355773875037633
aeeem_pde,hybrid,logistic_regression,10,8,1238,1,0,0.4276317632976498
aeeem_pde,hybrid,logistic_regression,10,8,1255,0,0,0.39531749657743204
aeeem_pde,hybrid,logistic_regression,10,8,1274,0,0,0.3449835045777255
aeeem_pde,hybrid,logistic_regression,10,8,1276,1,0,0.37282436884931963
aeeem_pde,hybrid,logistic_regression,10,8,1280,0,0,0.34601685173837565
aeeem_pde,hybrid,logistic_regression,10,8,1288,0,0,0.12035222292458762
aeeem_pde,hybrid,logistic_regression,10,8,1291,1,0,0.4357104203916722
aeeem_pde,hybrid,logistic_regression,10,8,1312,0,0,0.3617812710225456
aeeem_pde,hybrid,logistic_regression,10,8,1321,0,0,0.2052853913106651
aeeem_pde,hybrid,logistic_regression,10,8,1328,0,0,0.3827950814713895
aeeem_pde,hybrid,logistic_regression,10,8,1343,0,0,0.4956990244602004
aeeem_pde,hybrid,logistic_regression,10,8,1345,1,0,0.41869751018479007
aeeem_pde,hybrid,logistic_regression,10,8,1357,0,0,0.21981248950021148
aeeem_pde,hybrid,logistic_regression,10,8,1361,0,1,0.7049592251108963
aeeem_pde,hybrid,logistic_regression,10,8,1371,0,0,0.35855985426918957
aeeem_pde,hybrid,logistic_regression,10,8,1377,0,0,0.350671055456074
aeeem_pde,hybrid,logistic_regression,10,8,1386,1,1,0.5987962439520952
aeeem_pde,hybrid,logistic_regression,10,8,1413,0,1,0.5194325786449965
aeeem_pde,hybrid,logistic_regression,10,8,1417,0,1,0.5268470353924077
aeeem_pde,hybrid,logistic_regression,10,8,1426,0,0,0.07670117986128566
aeeem_pde,hybrid,logistic_regression,10,8,1427,0,0,0.23290435028864676
aeeem_pde,hybrid,logistic_regression,10,8,1452,1,1,0.9973778937393741
aeeem_pde,hybrid,logistic_regression,10,8,1459,0,0,0.24454020082147895
aeeem_pde,hybrid,logistic_regression,10,8,1461,0,0,0.4604704415497104
aeeem_pde,hybrid,logistic_regression,10,8,1476,0,0,0.007837104511314884
aeeem_pde,hybrid,logistic_regression,10,9,0,0,0,0.1780826504047953
aeeem_pde,hybrid,logistic_regression,10,9,8,0,0,0.07368132398995617
aeeem_pde,hybrid,logistic_regression,10,9,16,0,1,0.5366863443182852
aeeem_pde,hybrid,logistic_regression,10,9,26,1,0,0.00015754121052920868
aeeem_pde,hybrid,logistic_regression,10,9,29,0,0,0.3211096040484924
aeeem_pde,hybrid,logistic_regression,10,9,32,0,0,0.009017570934912402
aeeem_pde,hybrid,logistic_regression,10,9,34,0,0,0.23648791856008192
aeeem_pde,hybrid,logistic_regression,10,9,40,0,0,0.0230858616555371
aeeem_pde,hybrid,logistic_regression,10,9,49,0,0,0.2058657559935115
aeeem_pde,hybrid,logistic_regression,10,9,82,0,0,0.24570720548148126
aeeem_pde,hybrid,logistic_regression,10,9,96,0,0,0.005523054817829214
aeeem_pde,hybrid,logistic_regression,10,9,108,0,0,0.35313981992139665
aeeem_pde,hybrid,logistic_regression,10,9,124,0,0,0.29545255650646396
aeeem_pde,hybrid,logistic_regression,10,9,141,0,0,0.27357157421804107
aeeem_pde,hybrid,logistic_regression,10,9,149,0,1,0.5778494375799558
aeeem_pde,hybrid,logistic_regression,10,9,159,0,0,0.040288105970137565
aeeem_pde,hybrid,logistic_regression,10,9,164,0,1,0.9660833947460133
aeeem_pde,hybrid,logistic_regression,10,9,174,0,0,0.03211145166019897
aeeem_pde,hybrid,logistic_regression,10,9,179,1,1,0.9852476367375979
aeeem_pde,hybrid,logistic_regression,10,9,181,0,0,0.2343756514507373
aeeem_pde,hybrid,logistic_regression,10,9,196,1,0,0.47848183685962065
aeeem_pde,hybrid,logistic_regression,10,9,200,0,0,0.36098586813719824
aeeem_pde,hybrid,logistic_regression,10,9,201,1,1,0.9628099322952234
aeeem_pde,hybrid,logistic_regression,10,9,222,0,0,0.13946952644628874
aeeem_pde,hybrid,logistic_regression,10,9,225,0,1,0.5983619159424385
aeeem_pde,hybrid,logistic_regression,10,9,235,0,1,0.8765535840204173
aeeem_pde,hybrid,logistic_regression,10,9,248,0,0,0.2095283987749226
aeeem_pde,hybrid,logistic_regression,10,9,250,0,1,0.5746686385029466
aeeem_pde,hybrid,logistic_regression,10,9,254,1,1,0.5528049332089233
aeeem_pde,hybrid,logistic_regression,10,9,290,0,0,0.45603056360688266
aeeem_pde,hybrid,logistic_regression,10,9,296,0,0,0.2641231943873244
aeeem_pde,hybrid,logistic_regression,10,9,304,0,0,0.09511365081089516
aeeem_pde,hybrid,logistic_regression,10,9,307,1,0,0.30451737607428125
aeeem_pde,hybrid,logistic_regression,10,9,315,0,0,0.28945050903045466
aeeem_pde,hybrid,logistic_regression,10,9,328,1,0,0.46226480144372833
aeeem_pde,hybrid,logistic_regression,10,9,332,0,0,0.4017920759577152
aeeem_pde,hybrid,logistic_regression,10,9,336,1,0,0.25926423389487896
aeeem_pde,hybrid,logistic_regression,10,9,345,0,1,0.5323160103066993
aeeem_pde,hybrid,logistic_regression,10,9,347,0,0,0.04707895276586376
aeeem_pde,hybrid,logistic_regression,10,9,353,0,0,6.0140183204239685e-05
aeeem_pde,hybrid,logistic_regression,10,9,380,0,0,0.33583509128500194
aeeem_pde,hybrid,logistic_regression,10,9,385,0,0,0.3139948468718189
aeeem_pde,hybrid,logistic_regression,10,9,410,0,0,0.06404593828839693
aeeem_pde,hybrid,logistic_regression,10,9,417,1,1,0.8032628506129373
aeeem_pde,hybrid,logistic_regression,10,9,418,0,0,0.1241867878773832
aeeem_pde,hybrid,logistic_regression,10,9,442,0,0,0.26997276748850135
aeeem_pde,hybrid,logistic_regression,10,9,458,0,0,0.18560543858749326
aeeem_pde,hybrid,logistic_regression,10,9,465,0,0,2.416143568219642e-07
aeeem_pde,hybrid,logistic_regression,10,9,469,0,0,0.4590541256198956
aeeem_pde,hybrid,logistic_regression,10,9,473,0,0,0.2896231322713926
aeeem_pde,hybrid,logistic_regression,10,9,479,0,1,0.6160882763057671
aeeem_pde,hybrid,logistic_regression,10,9,486,1,1,0.8930138174484021
aeeem_pde,hybrid,logistic_regression,10,9,496,0,0,0.04205335646036771
aeeem_pde,hybrid,logistic_regression,10,9,509,0,0,0.4799819882114256
aeeem_pde,hybrid,logistic_regression,10,9,511,0,1,0.7550948401188141
aeeem_pde,hybrid,logistic_regression,10,9,527,0,1,0.9968012554507462
aeeem_pde,hybrid,logistic_regression,10,9,532,1,1,0.7254274179704079
aeeem_pde,hybrid,logistic_regression,10,9,540,0,0,0.10483077328147705
aeeem_pde,hybrid,logistic_regression,10,9,553,0,0,0.2921669756574316
aeeem_pde,hybrid,logistic_regression,10,9,560,0,0,0.2563359853727831
aeeem_pde,hybrid,logistic_regression,10,9,565,0,0,0.30447434481764396
aeeem_pde,hybrid,logistic_regression,10,9,569,0,0,0.25562621739928443
aeeem_pde,hybrid,logistic_regression,10,9,597,0,1,0.8813911834106627
aeeem_pde,hybrid,logistic_regression,10,9,601,1,0,0.42248694886440363
aeeem_pde,hybrid,logistic_regression,10,9,604,0,0,0.05637282532072109
aeeem_pde,hybrid,logistic_regression,10,9,607,0,0,0.23364206817730343
aeeem_pde,hybrid,logistic_regression,10,9,610,0,0,0.37559497708138395
aeeem_pde,hybrid,logistic_regression,10,9,625,0,0,0.19480800995562253
aeeem_pde,hybrid,logistic_regression,10,9,662,0,0,0.32656049746680404
aeeem_pde,hybrid,logistic_regression,10,9,666,0,0,0.23155054947308498
aeeem_pde,hybrid,logistic_regression,10,9,669,0,0,0.15489299205798712
aeeem_pde,hybrid,logistic_regression,10,9,693,0,1,0.5214969025333634
aeeem_pde,hybrid,logistic_regression,10,9,698,0,0,0.41741897484241147
aeeem_pde,hybrid,logistic_regression,10,9,699,0,0,0.07905168142820687
aeeem_pde,hybrid,logistic_regression,10,9,723,0,1,0.6470075898615948
aeeem_pde,hybrid,logistic_regression,10,9,749,0,1,0.5385948368345193
aeeem_pde,hybrid,logistic_regression,10,9,761,0,0,0.3759563829660756
aeeem_pde,hybrid,logistic_regression,10,9,782,0,1,0.837170832890002
aeeem_pde,hybrid,logistic_regression,10,9,806,0,0,0.3853576141889468
aeeem_pde,hybrid,logistic_regression,10,9,830,0,0,0.28235941738017784
aeeem_pde,hybrid,logistic_regression,10,9,834,0,0,0.37739762182740166
aeeem_pde,hybrid,logistic_regression,10,9,846,0,0,0.022265442403398568
aeeem_pde,hybrid,logistic_regression,10,9,855,0,1,0.7177404663453627
aeeem_pde,hybrid,logistic_regression,10,9,865,0,0,0.2925887167740477
aeeem_pde,hybrid,logistic_regression,10,9,869,0,1,0.607826579582186
aeeem_pde,hybrid,logistic_regression,10,9,876,0,1,0.7669933987819351
aeeem_pde,hybrid,logistic_regression,10,9,886,0,0,0.1709003166376545
aeeem_pde,hybrid,logistic_regression,10,9,936,0,0,0.3528874068733032
aeeem_pde,hybrid,logistic_regression,10,9,960,0,0,0.24254384393923667
aeeem_pde,hybrid,logistic_regression,10,9,965,0,1,0.576034349742756
aeeem_pde,hybrid,logistic_regression,10,9,974,0,0,0.150863000379185
aeeem_pde,hybrid,logistic_regression,10,9,977,1,0,0.10570295302974478
aeeem_pde,hybrid,logistic_regression,10,9,993,0,0,0.012565690352314808
aeeem_pde,hybrid,logistic_regression,10,9,996,0,0,0.027870439242064365
aeeem_pde,hybrid,logistic_regression,10,9,1002,0,0,0.055489617842827896
aeeem_pde,hybrid,logistic_regression,10,9,1003,0,0,0.1040952104919376
aeeem_pde,hybrid,logistic_regression,10,9,1016,1,1,0.5667337876533811
aeeem_pde,hybrid,logistic_regression,10,9,1018,0,0,0.2907208825250495
aeeem_pde,hybrid,logistic_regression,10,9,1035,0,0,0.40456974148206576
aeeem_pde,hybrid,logistic_regression,10,9,1042,0,0,0.005201532586745287
aeeem_pde,hybrid,logistic_regression,10,9,1049,1,1,0.8607009869773105
aeeem_pde,hybrid,logistic_regression,10,9,1051,0,0,0.3374317900937139
aeeem_pde,hybrid,logistic_regression,10,9,1058,0,0,0.1406100124063441
aeeem_pde,hybrid,logistic_regression,10,9,1064,1,1,0.6429178308805378
aeeem_pde,hybrid,logistic_regression,10,9,1073,0,0,0.08887570448867474
aeeem_pde,hybrid,logistic_regression,10,9,1085,0,0,0.2814638835088678
aeeem_pde,hybrid,logistic_regression,10,9,1098,0,0,0.34958747878380636
aeeem_pde,hybrid,logistic_regression,10,9,1137,0,0,0.04336592333862811
aeeem_pde,hybrid,logistic_regression,10,9,1138,0,0,0.08641579692666505
aeeem_pde,hybrid,logistic_regression,10,9,1146,0,0,0.008364809189226769
aeeem_pde,hybrid,logistic_regression,10,9,1164,0,0,0.005688318237079743
aeeem_pde,hybrid,logistic_regression,10,9,1174,0,0,0.4951767430708817
aeeem_pde,hybrid,logistic_regression,10,9,1178,1,1,0.7234357784044753
aeeem_pde,hybrid,logistic_regression,10,9,1190,0,0,0.3025382937574642
aeeem_pde,hybrid,logistic_regression,10,9,1191,0,0,0.0577002434178773
aeeem_pde,hybrid,logistic_regression,10,9,1202,0,0,0.18910725587956456
aeeem_pde,hybrid,logistic_regression,10,9,1204,1,1,0.9998919709492315
aeeem_pde,hybrid,logistic_regression,10,9,1222,0,0,0.18787997474124177
aeeem_pde,hybrid,logistic_regression,10,9,1224,0,0,0.27340083176929125
aeeem_pde,hybrid,logistic_regression,10,9,1228,0,0,0.4322072025455442
aeeem_pde,hybrid,logistic_regression,10,9,1229,0,0,0.20214777100423
aeeem_pde,hybrid,logistic_regression,10,9,1235,0,0,0.27309610135347884
aeeem_pde,hybrid,logistic_regression,10,9,1244,0,0,0.28003769133673173
aeeem_pde,hybrid,logistic_regression,10,9,1247,0,0,0.23120321483458173
aeeem_pde,hybrid,logistic_regression,10,9,1256,0,1,0.8976623649607763
aeeem_pde,hybrid,logistic_regression,10,9,1260,0,0,0.06452712174382945
aeeem_pde,hybrid,logistic_regression,10,9,1265,0,0,0.24729551254449356
aeeem_pde,hybrid,logistic_regression,10,9,1333,0,0,0.1894228303497963
aeeem_pde,hybrid,logistic_regression,10,9,1336,0,0,0.40248180593459554
aeeem_pde,hybrid,logistic_regression,10,9,1349,0,0,0.38835115688780936
aeeem_pde,hybrid,logistic_regression,10,9,1358,1,0,0.24395195462877003
aeeem_pde,hybrid,logistic_regression,10,9,1369,0,0,0.16393792313660585
aeeem_pde,hybrid,logistic_regression,10,9,1370,0,0,0.04736182341649774
aeeem_pde,hybrid,logistic_regression,10,9,1375,0,0,0.44318243459928586
aeeem_pde,hybrid,logistic_regression,10,9,1387,0,0,0.01547656104169379
aeeem_pde,hybrid,logistic_regression,10,9,1391,0,0,0.4556280896817938
aeeem_pde,hybrid,logistic_regression,10,9,1396,0,0,0.49967637610635257
aeeem_pde,hybrid,logistic_regression,10,9,1399,1,1,0.9443196905779471
aeeem_pde,hybrid,logistic_regression,10,9,1407,0,0,0.31947606979777177
aeeem_pde,hybrid,logistic_regression,10,9,1424,0,0,0.024493975881118124
aeeem_pde,hybrid,logistic_regression,10,9,1428,0,0,0.054576770897593434
aeeem_pde,hybrid,logistic_regression,10,9,1454,0,0,0.30675775302655833
aeeem_pde,hybrid,logistic_regression,10,9,1464,0,0,0.3151138470854537
aeeem_pde,hybrid,logistic_regression,10,9,1471,1,0,0.07104395591794771
aeeem_pde,hybrid,logistic_regression,10,9,1486,0,0,0.4166494783504899
aeeem_pde,hybrid,logistic_regression,10,9,1492,0,0,0.16704372620254976
aeeem_pde,hybrid,logistic_regression,10,9,1493,0,0,0.3990570701374834
aeeem_pde,hybrid,logistic_regression,10,9,1494,0,1,0.5024708357712543
aeeem_pde,hybrid,logistic_regression,10,9,1496,0,0,0.27222458586361054
aeeem_pde,hybrid,logistic_regression,10,10,1,0,0,0.2475824980918214
aeeem_pde,hybrid,logistic_regression,10,10,10,1,0,0.053025351203114045
aeeem_pde,hybrid,logistic_regression,10,10,24,1,0,0.4338137626013779
aeeem_pde,hybrid,logistic_regression,10,10,31,0,1,0.9518611224780198
aeeem_pde,hybrid,logistic_regression,10,10,33,0,0,0.46445737551305466
aeeem_pde,hybrid,logistic_regression,10,10,52,0,0,0.279441750450683
aeeem_pde,hybrid,logistic_regression,10,10,62,0,0,0.24892678938997453
aeeem_pde,hybrid,logistic_regression,10,10,90,0,1,0.5226670256564443
aeeem_pde,hybrid,logistic_regression,10,10,100,1,1,0.8941339998710787
aeeem_pde,hybrid,logistic_regression,10,10,111,0,0,0.24735481558939137
aeeem_pde,hybrid,logistic_regression,10,10,132,0,0,0.053064429025731955
aeeem_pde,hybrid,logistic_regression,10,10,148,0,0,0.2881909160655948
aeeem_pde,hybrid,logistic_regression,10,10,151,0,0,0.11194549069745818
aeeem_pde,hybrid,logistic_regression,10,10,172,1,1,0.9529050491265547
aeeem_pde,hybrid,logistic_regression,10,10,176,1,1,0.9981477664054941
aeeem_pde,hybrid,logistic_regression,10,10,191,0,1,0.5071862946949441
aeeem_pde,hybrid,logistic_regression,10,10,194,0,1,0.5226475317415129
aeeem_pde,hybrid,logistic_regression,10,10,202,0,0,0.27270069323576435
aeeem_pde,hybrid,logistic_regression,10,10,203,0,0,0.12096121617495086
aeeem_pde,hybrid,logistic_regression,10,10,204,0,0,0.02360828427679645
aeeem_pde,hybrid,logistic_regression,10,10,205,0,0,0.4719229997971075
aeeem_pde,hybrid,logistic_regression,10,10,217,0,1,0.757344324173607
aeeem_pde,hybrid,logistic_regression,10,10,218,0,0,0.15065978835872904
aeeem_pde,hybrid,logistic_regression,10,10,224,0,0,0.265667388521743
aeeem_pde,hybrid,logistic_regression,10,10,243,0,0,0.1832788771740393
aeeem_pde,hybrid,logistic_regression,10,10,244,0,0,0.40638334995373754
aeeem_pde,hybrid,logistic_regression,10,10,246,0,0,0.2917387843569
aeeem_pde,hybrid,logistic_regression,10,10,274,0,0,0.4746263373300864
aeeem_pde,hybrid,logistic_regression,10,10,295,0,0,0.20130052600245527
aeeem_pde,hybrid,logistic_regression,10,10,299,1,0,0.29071057778332754
aeeem_pde,hybrid,logistic_regression,10,10,321,0,0,0.040958135437911165
aeeem_pde,hybrid,logistic_regression,10,10,324,0,1,0.5429234826085603
aeeem_pde,hybrid,logistic_regression,10,10,375,0,0,0.21297821016629884
aeeem_pde,hybrid,logistic_regression,10,10,381,0,0,0.42832579272168186
aeeem_pde,hybrid,logistic_regression,10,10,389,0,1,0.545055110751104
aeeem_pde,hybrid,logistic_regression,10,10,392,0,0,0.27500213538477064
aeeem_pde,hybrid,logistic_regression,10,10,398,0,0,0.012268219435615452
aeeem_pde,hybrid,logistic_regression,10,10,426,0,0,0.11760081872821175
aeeem_pde,hybrid,logistic_regression,10,10,439,0,0,0.2281082970653906
aeeem_pde,hybrid,logistic_regression,10,10,446,1,1,0.7302311427299646
aeeem_pde,hybrid,logistic_regression,10,10,453,1,0,0.2838304448380746
aeeem_pde,hybrid,logistic_regression,10,10,467,1,0,0.11196368171450298
aeeem_pde,hybrid,logistic_regression,10,10,472,0,0,0.20126544444016345
aeeem_pde,hybrid,logistic_regression,10,10,474,0,0,0.19372612443695694
aeeem_pde,hybrid,logistic_regression,10,10,480,0,0,0.36200400513799214
aeeem_pde,hybrid,logistic_regression,10,10,488,0,0,0.041275644420732505
aeeem_pde,hybrid,logistic_regression,10,10,523,0,0,0.1159830280116528
aeeem_pde,hybrid,logistic_regression,10,10,528,0,0,0.47479222379751507
aeeem_pde,hybrid,logistic_regression,10,10,531,0,0,0.29812033600108767
aeeem_pde,hybrid,logistic_regression,10,10,537,0,0,0.32828334908808937
aeeem_pde,hybrid,logistic_regression,10,10,538,0,0,0.45558384158768367
aeeem_pde,hybrid,logistic_regression,10,10,546,0,1,0.675554805054133
aeeem_pde,hybrid,logistic_regression,10,10,559,1,1,0.6496556372546168
aeeem_pde,hybrid,logistic_regression,10,10,561,0,0,0.39235834878922143
aeeem_pde,hybrid,logistic_regression,10,10,564,0,0,0.21460521543410696
aeeem_pde,hybrid,logistic_regression,10,10,573,0,0,0.38416432244049675
aeeem_pde,hybrid,logistic_regression,10,10,657,0,0,0.3108403830308662
aeeem_pde,hybrid,logistic_regression,10,10,659,0,0,0.353276250442779
aeeem_pde,hybrid,logistic_regression,10,10,668,0,0,0.046183169094735
aeeem_pde,hybrid,logistic_regression,10,10,711,0,0,0.28507096786465896
aeeem_pde,hybrid,logistic_regression,10,10,716,0,1,0.8970311325750503
aeeem_pde,hybrid,logistic_regression,10,10,726,0,0,0.4127681254560899
aeeem_pde,hybrid,logistic_regression,10,10,730,0,0,0.24335047874766155
aeeem_pde,hybrid,logistic_regression,10,10,733,0,0,0.4826451280613089
aeeem_pde,hybrid,logistic_regression,10,10,734,0,0,0.012351339965562078
aeeem_pde,hybrid,logistic_regression,10,10,736,0,0,0.2766166479433639
aeeem_pde,hybrid,logistic_regression,10,10,738,0,0,0.43352341053797927
aeeem_pde,hybrid,logistic_regression,10,10,751,0,0,0.33030367737316246
aeeem_pde,hybrid,logistic_regression,10,10,756,0,1,0.9991194028873206
aeeem_pde,hybrid,logistic_regression,10,10,773,0,0,0.22747709489185922
aeeem_pde,hybrid,logistic_regression,10,10,775,0,0,0.42707829385128376
aeeem_pde,hybrid,logistic_regression,10,10,780,0,0,0.2753876773589965
aeeem_pde,hybrid,logistic_regression,10,10,785,0,1,0.5026709797585234
aeeem_pde,hybrid,logistic_regression,10,10,790,0,0,0.18192351993405295
aeeem_pde,hybrid,logistic_regression,10,10,793,0,0,0.10030364949849027
aeeem_pde,hybrid,logistic_regression,10,10,803,0,0,0.1729076247866495
aeeem_pde,hybrid,logistic_regression,10,10,805,0,0,0.4629974943097597
aeeem_pde,hybrid,logistic_regression,10,10,813,0,0,0.3723158752198863
aeeem_pde,hybrid,logistic_regression,10,10,838,1,0,0.2491573989943832
aeeem_pde,hybrid,logistic_regression,10,10,844,0,0,0.3480260886768268
aeeem_pde,hybrid,logistic_regression,10,10,856,0,0,0.3010553601522567
aeeem_pde,hybrid,logistic_regression,10,10,883,0,0,0.07098634352560235
aeeem_pde,hybrid,logistic_regression,10,10,890,0,1,0.6123302763286214
aeeem_pde,hybrid,logistic_regression,10,10,893,0,1,0.5467085964651714
aeeem_pde,hybrid,logistic_regression,10,10,906,1,1,0.9424707455837741
aeeem_pde,hybrid,logistic_regression,10,10,915,0,0,0.24452191043327895
aeeem_pde,hybrid,logistic_regression,10,10,921,0,1,0.5782827555242425
aeeem_pde,hybrid,logistic_regression,10,10,924,0,1,0.718009093321528
aeeem_pde,hybrid,logistic_regression,10,10,932,0,0,0.16583190452986915
aeeem_pde,hybrid,logistic_regression,10,10,933,0,0,0.00024024607774672397
aeeem_pde,hybrid,logistic_regression,10,10,939,0,1,0.6121224119691823
aeeem_pde,hybrid,logistic_regression,10,10,955,0,0,0.30517965451896933
aeeem_pde,hybrid,logistic_regression,10,10,959,1,0,0.3748061004732009
aeeem_pde,hybrid,logistic_regression,10,10,961,0,0,0.2876983368505226
aeeem_pde,hybrid,logistic_regression,10,10,963,0,1,0.5743757070996631
aeeem_pde,hybrid,logistic_regression,10,10,973,1,1,0.5742639035930732
aeeem_pde,hybrid,logistic_regression,10,10,994,0,1,0.6995894691529874
aeeem_pde,hybrid,logistic_regression,10,10,1008,0,1,0.7310246944030241
aeeem_pde,hybrid,logistic_regression,10,10,1019,0,0,0.012481775128892078
aeeem_pde,hybrid,logistic_regression,10,10,1029,0,0,0.2501743094361647
aeeem_pde,hybrid,logistic_regression,10,10,1083,0,0,0.046382581521255864
aeeem_pde,hybrid,logistic_regression,10,10,1088,0,1,0.5040820533161702
aeeem_pde,hybrid,logistic_regression,10,10,1109,0,0,0.4519809286135668
aeeem_pde,hybrid,logistic_regression,10,10,1119,0,1,0.8229065651672692
aeeem_pde,hybrid,logistic_regression,10,10,1128,0,0,0.012481775128892078
aeeem_pde,hybrid,logistic_regression,10,10,1132,1,1,0.6443751159412624
aeeem_pde,hybrid,logistic_regression,10,10,1145,0,0,0.11384919477663859
aeeem_pde,hybrid,logistic_regression,10,10,1147,0,0,0.46309631984332267
aeeem_pde,hybrid,logistic_regression,10,10,1151,0,1,0.7341757856144671
aeeem_pde,hybrid,logistic_regression,10,10,1161,0,0,0.16998180149138045
aeeem_pde,hybrid,logistic_regression,10,10,1163,0,0,0.29030780415856466
aeeem_pde,hybrid,logistic_regression,10,10,1166,0,0,0.3344337762901475
aeeem_pde,hybrid,logistic_regression,10,10,1180,0,0,0.3048008690906268
aeeem_pde,hybrid,logistic_regression,10,10,1184,0,0,0.37046972808974
aeeem_pde,hybrid,logistic_regression,10,10,1206,0,0,0.30965174136787305
aeeem_pde,hybrid,logistic_regression,10,10,1209,0,0,0.3602139245531887
aeeem_pde,hybrid,logistic_regression,10,10,1211,1,0,0.17030231838001347
aeeem_pde,hybrid,logistic_regression,10,10,1218,0,0,0.28859430955147436
aeeem_pde,hybrid,logistic_regression,10,10,1225,0,0,0.242998859289844
aeeem_pde,hybrid,logistic_regression,10,10,1230,0,0,0.40067488059820405
aeeem_pde,hybrid,logistic_regression,10,10,1240,1,1,0.9064860518588463
aeeem_pde,hybrid,logistic_regression,10,10,1241,0,0,0.24765230814033923
aeeem_pde,hybrid,logistic_regression,10,10,1252,0,0,0.3129755802455789
aeeem_pde,hybrid,logistic_regression,10,10,1262,0,1,0.8473187819137943
aeeem_pde,hybrid,logistic_regression,10,10,1271,0,0,0.012363896356861446
aeeem_pde,hybrid,logistic_regression,10,10,1272,0,1,0.6024355997730318
aeeem_pde,hybrid,logistic_regression,10,10,1277,0,1,0.7678383510544011
aeeem_pde,hybrid,logistic_regression,10,10,1281,0,0,0.4371360099958532
aeeem_pde,hybrid,logistic_regression,10,10,1294,0,0,0.15350906852775165
aeeem_pde,hybrid,logistic_regression,10,10,1300,0,0,0.20967958572565557
aeeem_pde,hybrid,logistic_regression,10,10,1301,0,0,0.2700076779519507
aeeem_pde,hybrid,logistic_regression,10,10,1311,0,1,0.699813754572587
aeeem_pde,hybrid,logistic_regression,10,10,1313,0,0,0.3236428946542531
aeeem_pde,hybrid,logistic_regression,10,10,1317,0,1,0.5126705137726346
aeeem_pde,hybrid,logistic_regression,10,10,1324,0,0,0.19897338133551326
aeeem_pde,hybrid,logistic_regression,10,10,1325,0,0,0.03717755001602458
aeeem_pde,hybrid,logistic_regression,10,10,1329,1,0,0.46192506062806826
aeeem_pde,hybrid,logistic_regression,10,10,1340,0,1,0.88169203256094
aeeem_pde,hybrid,logistic_regression,10,10,1356,0,0,0.15469976109325173
aeeem_pde,hybrid,logistic_regression,10,10,1385,0,0,0.22625264218779564
aeeem_pde,hybrid,logistic_regression,10,10,1395,0,1,0.6047246129117014
aeeem_pde,hybrid,logistic_regression,10,10,1411,1,0,0.28539006184717225
aeeem_pde,hybrid,logistic_regression,10,10,1433,0,1,0.8496747415068062
aeeem_pde,hybrid,logistic_regression,10,10,1450,1,1,0.9459772982948769
aeeem_pde,hybrid,logistic_regression,10,10,1457,0,0,0.24837478564923487
aeeem_pde,hybrid,logistic_regression,10,10,1474,0,0,0.10136122252837079
aeeem_pde,hybrid,logistic_regression,10,10,1477,0,0,0.3677275596930803
aeeem_pde,hybrid,logistic_regression,10,10,1482,1,0,0.25743428562518594
aeeem_pde,hybrid,logistic_regression,10,10,1489,0,0,0.3624745132195278
