dataset,feature_set,model,cv_folds,fold,row_index,y_true,y_pred,y_score
aeeem_mylyn,static,lightgbm,5,1,0,0,0,0.010421179042553921
aeeem_mylyn,static,lightgbm,5,1,9,0,0,0.009159699796785527
aeeem_mylyn,static,lightgbm,5,1,13,0,0,0.009617296659282888
aeeem_mylyn,static,lightgbm,5,1,17,0,0,0.21446541155614496
aeeem_mylyn,static,lightgbm,5,1,19,0,0,0.0013472188173065283
aeeem_mylyn,static,lightgbm,5,1,20,0,0,0.006801661192023472
aeeem_mylyn,static,lightgbm,5,1,21,0,0,0.25859096955741623
aeeem_mylyn,static,lightgbm,5,1,22,0,0,0.3539426398952138
aeeem_mylyn,static,lightgbm,5,1,28,0,0,0.0034677364467045517
aeeem_mylyn,static,lightgbm,5,1,32,0,0,0.047883348622741156
aeeem_mylyn,static,lightgbm,5,1,35,0,0,0.45754041334049234
aeeem_mylyn,static,lightgbm,5,1,36,0,0,0.274868835356416
aeeem_mylyn,static,lightgbm,5,1,51,1,1,0.9879415714779454
aeeem_mylyn,static,lightgbm,5,1,52,0,0,0.08643672184315454
aeeem_mylyn,static,lightgbm,5,1,53,0,0,0.0019164039399346402
aeeem_mylyn,static,lightgbm,5,1,54,0,0,0.1832801493139415
aeeem_mylyn,static,lightgbm,5,1,62,0,0,0.06381838640599685
aeeem_mylyn,static,lightgbm,5,1,69,0,0,0.003473757604714909
aeeem_mylyn,static,lightgbm,5,1,76,0,0,0.004354429098229434
aeeem_mylyn,static,lightgbm,5,1,78,0,0,0.003840716278335572
aeeem_mylyn,static,lightgbm,5,1,81,0,0,0.42481977048266634
aeeem_mylyn,static,lightgbm,5,1,90,0,0,0.4167641500198542
aeeem_mylyn,static,lightgbm,5,1,91,0,0,0.41465304420130755
aeeem_mylyn,static,lightgbm,5,1,94,0,0,0.08824353271250004
aeeem_mylyn,static,lightgbm,5,1,107,0,1,0.9025160207694438
aeeem_mylyn,static,lightgbm,5,1,114,1,0,0.03885392235133363
aeeem_mylyn,static,lightgbm,5,1,116,0,0,0.02516019732087691
aeeem_mylyn,static,lightgbm,5,1,129,1,0,0.22092815950253886
aeeem_mylyn,static,lightgbm,5,1,134,1,1,0.9025160207694438
aeeem_mylyn,static,lightgbm,5,1,140,0,0,0.017258857507124723
aeeem_mylyn,static,lightgbm,5,1,141,0,0,0.023613030429035287
aeeem_mylyn,static,lightgbm,5,1,144,0,0,0.003726613555422338
aeeem_mylyn,static,lightgbm,5,1,151,0,0,0.19365235732553832
aeeem_mylyn,static,lightgbm,5,1,152,0,0,0.18229853430586865
aeeem_mylyn,static,lightgbm,5,1,153,0,0,0.043117206262656346
aeeem_mylyn,static,lightgbm,5,1,154,0,0,0.16264716291127784
aeeem_mylyn,static,lightgbm,5,1,160,0,0,0.006068734467821466
aeeem_mylyn,static,lightgbm,5,1,162,0,0,0.003276722596468047
aeeem_mylyn,static,lightgbm,5,1,167,0,0,0.07726380161805493
aeeem_mylyn,static,lightgbm,5,1,170,0,0,0.06993071352785407
aeeem_mylyn,static,lightgbm,5,1,174,0,0,0.12093015335149997
aeeem_mylyn,static,lightgbm,5,1,176,0,1,0.8728354763483005
aeeem_mylyn,static,lightgbm,5,1,186,1,0,0.07014648413730035
aeeem_mylyn,static,lightgbm,5,1,187,0,0,0.0006719622391879689
aeeem_mylyn,static,lightgbm,5,1,201,0,0,0.4359446992382721
aeeem_mylyn,static,lightgbm,5,1,219,0,0,0.09261033949541518
aeeem_mylyn,static,lightgbm,5,1,223,0,0,0.004871874014182776
aeeem_mylyn,static,lightgbm,5,1,225,0,0,0.06729573171522549
aeeem_mylyn,static,lightgbm,5,1,228,0,0,0.0075056203392932066
aeeem_mylyn,static,lightgbm,5,1,235,0,1,0.567505614902097
aeeem_mylyn,static,lightgbm,5,1,241,0,0,0.016560532334025706
aeeem_mylyn,static,lightgbm,5,1,245,0,0,0.019608023405023184
aeeem_mylyn,static,lightgbm,5,1,247,1,0,0.3458636749671827
aeeem_mylyn,static,lightgbm,5,1,251,0,0,0.020607249025465763
aeeem_mylyn,static,lightgbm,5,1,252,1,0,0.07564229819813688
aeeem_mylyn,static,lightgbm,5,1,261,1,1,0.6488119908852029
aeeem_mylyn,static,lightgbm,5,1,262,0,0,0.005171057077486569
aeeem_mylyn,static,lightgbm,5,1,263,0,0,0.16120533221345942
aeeem_mylyn,static,lightgbm,5,1,266,1,0,0.004269508995049553
aeeem_mylyn,static,lightgbm,5,1,279,0,0,0.009566463436123964
aeeem_mylyn,static,lightgbm,5,1,283,0,0,0.0015737072541088498
aeeem_mylyn,static,lightgbm,5,1,295,0,0,0.001191369554795742
aeeem_mylyn,static,lightgbm,5,1,296,0,0,0.00358762641207759
aeeem_mylyn,static,lightgbm,5,1,297,0,1,0.7450665940852087
aeeem_mylyn,static,lightgbm,5,1,298,0,0,0.09743656525489362
aeeem_mylyn,static,lightgbm,5,1,300,0,0,0.0308456568236331
aeeem_mylyn,static,lightgbm,5,1,302,0,0,0.09137192954727422
aeeem_mylyn,static,lightgbm,5,1,311,0,0,0.12403143576807811
aeeem_mylyn,static,lightgbm,5,1,335,0,0,0.005435524562795149
aeeem_mylyn,static,lightgbm,5,1,341,0,0,0.10575407678357905
aeeem_mylyn,static,lightgbm,5,1,343,1,0,0.0627045727146668
aeeem_mylyn,static,lightgbm,5,1,345,0,1,0.9194334819117481
aeeem_mylyn,static,lightgbm,5,1,351,0,0,0.00597766294294195
aeeem_mylyn,static,lightgbm,5,1,352,0,0,0.0018929050187907138
aeeem_mylyn,static,lightgbm,5,1,354,0,0,0.002237935248625108
aeeem_mylyn,static,lightgbm,5,1,365,0,1,0.968921900004691
aeeem_mylyn,static,lightgbm,5,1,367,0,0,0.006215354001376479
aeeem_mylyn,static,lightgbm,5,1,375,1,0,0.10174120294082033
aeeem_mylyn,static,lightgbm,5,1,393,0,0,0.0026613274622472854
aeeem_mylyn,static,lightgbm,5,1,397,0,0,0.003941890967722346
aeeem_mylyn,static,lightgbm,5,1,403,0,0,0.02058892182042573
aeeem_mylyn,static,lightgbm,5,1,407,0,0,0.24472724575082522
aeeem_mylyn,static,lightgbm,5,1,421,0,0,0.08439166472388197
aeeem_mylyn,static,lightgbm,5,1,423,1,0,0.020783868829970336
aeeem_mylyn,static,lightgbm,5,1,427,0,0,0.3179885558646042
aeeem_mylyn,static,lightgbm,5,1,429,0,0,0.020179091091378377
aeeem_mylyn,static,lightgbm,5,1,432,0,0,0.028578676078959822
aeeem_mylyn,static,lightgbm,5,1,438,0,0,0.15494840637734142
aeeem_mylyn,static,lightgbm,5,1,441,1,0,0.09113118815528366
aeeem_mylyn,static,lightgbm,5,1,448,0,0,0.0016762118695217917
aeeem_mylyn,static,lightgbm,5,1,469,1,1,0.669460575467789
aeeem_mylyn,static,lightgbm,5,1,474,0,0,0.033036009302360725
aeeem_mylyn,static,lightgbm,5,1,476,0,0,0.34306601037430984
aeeem_mylyn,static,lightgbm,5,1,486,1,0,0.09349082818721878
aeeem_mylyn,static,lightgbm,5,1,487,0,0,0.0068356363266012694
aeeem_mylyn,static,lightgbm,5,1,491,0,0,0.00863347177714841
aeeem_mylyn,static,lightgbm,5,1,492,0,0,0.008122113453584103
aeeem_mylyn,static,lightgbm,5,1,496,0,0,0.2452852509261898
aeeem_mylyn,static,lightgbm,5,1,505,0,1,0.9025160207694438
aeeem_mylyn,static,lightgbm,5,1,506,0,0,0.19167364209708898
aeeem_mylyn,static,lightgbm,5,1,509,0,0,0.02107323342238095
aeeem_mylyn,static,lightgbm,5,1,515,0,0,0.04521468481389343
aeeem_mylyn,static,lightgbm,5,1,520,0,1,0.7820958094810437
aeeem_mylyn,static,lightgbm,5,1,526,0,0,0.3030334378902999
aeeem_mylyn,static,lightgbm,5,1,530,0,0,0.4880211857580913
aeeem_mylyn,static,lightgbm,5,1,534,0,0,0.0051441973036094385
aeeem_mylyn,static,lightgbm,5,1,542,0,0,0.09147346934899389
aeeem_mylyn,static,lightgbm,5,1,548,0,0,0.13274566379562125
aeeem_mylyn,static,lightgbm,5,1,551,0,0,0.1512427944942968
aeeem_mylyn,static,lightgbm,5,1,555,0,0,0.09450790077800143
aeeem_mylyn,static,lightgbm,5,1,560,0,0,0.2813759530073085
aeeem_mylyn,static,lightgbm,5,1,570,0,0,0.012144120711936948
aeeem_mylyn,static,lightgbm,5,1,593,0,0,0.016865643477769764
aeeem_mylyn,static,lightgbm,5,1,595,1,1,0.9025160207694438
aeeem_mylyn,static,lightgbm,5,1,596,0,0,0.0031751439754314184
aeeem_mylyn,static,lightgbm,5,1,599,1,0,0.17626874943467166
aeeem_mylyn,static,lightgbm,5,1,603,0,0,0.1531920396999175
aeeem_mylyn,static,lightgbm,5,1,608,0,0,0.014228646361250059
aeeem_mylyn,static,lightgbm,5,1,614,0,0,0.03177025107477275
aeeem_mylyn,static,lightgbm,5,1,622,0,0,0.3541103575263348
aeeem_mylyn,static,lightgbm,5,1,628,0,0,0.10728102401398061
aeeem_mylyn,static,lightgbm,5,1,629,0,0,0.04097210628216661
aeeem_mylyn,static,lightgbm,5,1,640,0,0,0.23812649705989877
aeeem_mylyn,static,lightgbm,5,1,642,0,0,0.012842150683769716
aeeem_mylyn,static,lightgbm,5,1,644,0,0,0.004275974985335155
aeeem_mylyn,static,lightgbm,5,1,647,0,0,0.06774485511476598
aeeem_mylyn,static,lightgbm,5,1,648,0,0,0.013359525704340108
aeeem_mylyn,static,lightgbm,5,1,652,1,0,0.029889149046053064
aeeem_mylyn,static,lightgbm,5,1,658,0,0,0.037422572006593754
aeeem_mylyn,static,lightgbm,5,1,662,0,0,0.012451190444845505
aeeem_mylyn,static,lightgbm,5,1,666,0,1,0.8132896266462569
aeeem_mylyn,static,lightgbm,5,1,670,0,0,0.018359621381886373
aeeem_mylyn,static,lightgbm,5,1,679,0,0,0.03444466885740707
aeeem_mylyn,static,lightgbm,5,1,689,1,1,0.7321867376767554
aeeem_mylyn,static,lightgbm,5,1,694,0,0,0.01179763256426193
aeeem_mylyn,static,lightgbm,5,1,698,0,1,0.5097318047193574
aeeem_mylyn,static,lightgbm,5,1,699,0,0,0.005340128486515733
aeeem_mylyn,static,lightgbm,5,1,701,0,0,0.012376318293459964
aeeem_mylyn,static,lightgbm,5,1,706,1,0,0.3267698466477694
aeeem_mylyn,static,lightgbm,5,1,708,0,0,0.0092402169774084
aeeem_mylyn,static,lightgbm,5,1,709,0,0,0.19966608225254223
aeeem_mylyn,static,lightgbm,5,1,734,0,0,0.3230496880989699
aeeem_mylyn,static,lightgbm,5,1,737,0,0,0.009515087519567615
aeeem_mylyn,static,lightgbm,5,1,738,0,0,0.46708508241810814
aeeem_mylyn,static,lightgbm,5,1,739,0,0,0.31044243831035667
aeeem_mylyn,static,lightgbm,5,1,740,0,0,0.0029366593371312377
aeeem_mylyn,static,lightgbm,5,1,744,0,0,0.2192217741259003
aeeem_mylyn,static,lightgbm,5,1,750,0,0,0.008526804942558648
aeeem_mylyn,static,lightgbm,5,1,753,0,0,0.3166851923619429
aeeem_mylyn,static,lightgbm,5,1,758,0,1,0.8929766404204869
aeeem_mylyn,static,lightgbm,5,1,763,0,0,0.06759274176641095
aeeem_mylyn,static,lightgbm,5,1,766,1,0,0.007753477614621444
aeeem_mylyn,static,lightgbm,5,1,772,0,0,0.03589393414004974
aeeem_mylyn,static,lightgbm,5,1,775,0,1,0.5156204489095828
aeeem_mylyn,static,lightgbm,5,1,776,0,0,0.006990653621619018
aeeem_mylyn,static,lightgbm,5,1,777,0,0,0.024488406889742464
aeeem_mylyn,static,lightgbm,5,1,780,0,1,0.5954203211487675
aeeem_mylyn,static,lightgbm,5,1,782,0,0,0.014742988345667852
aeeem_mylyn,static,lightgbm,5,1,783,0,0,0.004275974985335155
aeeem_mylyn,static,lightgbm,5,1,802,0,0,0.0014256396586757153
aeeem_mylyn,static,lightgbm,5,1,804,0,0,0.010982065635145824
aeeem_mylyn,static,lightgbm,5,1,818,0,0,0.003693588732348682
aeeem_mylyn,static,lightgbm,5,1,826,0,1,0.8540546412731657
aeeem_mylyn,static,lightgbm,5,1,829,0,0,0.12679806009647077
aeeem_mylyn,static,lightgbm,5,1,831,0,0,0.005235418902199076
aeeem_mylyn,static,lightgbm,5,1,840,0,0,0.0075056203392932066
aeeem_mylyn,static,lightgbm,5,1,842,0,0,0.03262263585678794
aeeem_mylyn,static,lightgbm,5,1,854,0,0,0.20538285779818524
aeeem_mylyn,static,lightgbm,5,1,856,1,0,0.32583640464224173
aeeem_mylyn,static,lightgbm,5,1,859,0,0,0.027197375760866137
aeeem_mylyn,static,lightgbm,5,1,860,0,0,0.13017913334590467
aeeem_mylyn,static,lightgbm,5,1,861,0,0,0.3244729401375075
aeeem_mylyn,static,lightgbm,5,1,867,0,0,0.19549067010248442
aeeem_mylyn,static,lightgbm,5,1,870,0,0,0.014821185683654259
aeeem_mylyn,static,lightgbm,5,1,877,1,0,0.028846774477448132
aeeem_mylyn,static,lightgbm,5,1,885,0,0,0.005970409784662862
aeeem_mylyn,static,lightgbm,5,1,886,0,0,0.011975977120028089
aeeem_mylyn,static,lightgbm,5,1,889,0,0,0.13067966639323078
aeeem_mylyn,static,lightgbm,5,1,890,0,0,0.03165669688173577
aeeem_mylyn,static,lightgbm,5,1,892,0,0,0.0048258192468533904
aeeem_mylyn,static,lightgbm,5,1,894,1,0,0.018665686580888265
aeeem_mylyn,static,lightgbm,5,1,895,0,0,0.023830225988774368
aeeem_mylyn,static,lightgbm,5,1,896,0,0,0.14854937491096362
aeeem_mylyn,static,lightgbm,5,1,900,0,0,0.09392067048848189
aeeem_mylyn,static,lightgbm,5,1,904,0,0,0.022001926613161076
aeeem_mylyn,static,lightgbm,5,1,914,1,0,0.44646289702891107
aeeem_mylyn,static,lightgbm,5,1,921,0,0,0.01401616847734998
aeeem_mylyn,static,lightgbm,5,1,923,0,0,0.33114203994278296
aeeem_mylyn,static,lightgbm,5,1,926,0,0,0.02036232610652696
aeeem_mylyn,static,lightgbm,5,1,927,0,1,0.9683379124628225
aeeem_mylyn,static,lightgbm,5,1,934,0,0,0.33702585786103423
aeeem_mylyn,static,lightgbm,5,1,938,0,0,0.021728282021343307
aeeem_mylyn,static,lightgbm,5,1,940,0,0,0.05272979280548961
aeeem_mylyn,static,lightgbm,5,1,942,0,0,0.1487856536771756
aeeem_mylyn,static,lightgbm,5,1,943,0,0,0.0066511539135032305
aeeem_mylyn,static,lightgbm,5,1,945,0,0,0.012857408209396546
aeeem_mylyn,static,lightgbm,5,1,948,0,0,0.008380955825572968
aeeem_mylyn,static,lightgbm,5,1,957,0,1,0.6177103234248553
aeeem_mylyn,static,lightgbm,5,1,958,0,0,0.013740840950035851
aeeem_mylyn,static,lightgbm,5,1,960,0,0,0.09743656525489362
aeeem_mylyn,static,lightgbm,5,1,961,0,0,0.03378467704593037
aeeem_mylyn,static,lightgbm,5,1,963,0,0,0.026001330390933167
aeeem_mylyn,static,lightgbm,5,1,968,0,0,0.01355751366718533
aeeem_mylyn,static,lightgbm,5,1,969,0,0,0.0054553076567021835
aeeem_mylyn,static,lightgbm,5,1,970,0,0,0.09787736923392892
aeeem_mylyn,static,lightgbm,5,1,976,0,1,0.8608079947141282
aeeem_mylyn,static,lightgbm,5,1,986,0,1,0.8139587470582307
aeeem_mylyn,static,lightgbm,5,1,988,0,1,0.5489841170263574
aeeem_mylyn,static,lightgbm,5,1,993,0,0,0.12761725581315844
aeeem_mylyn,static,lightgbm,5,1,1006,0,0,0.03358822158599872
aeeem_mylyn,static,lightgbm,5,1,1008,0,1,0.6120527948104306
aeeem_mylyn,static,lightgbm,5,1,1009,0,0,0.0038748762668313072
aeeem_mylyn,static,lightgbm,5,1,1011,0,0,0.07748725228154563
aeeem_mylyn,static,lightgbm,5,1,1012,1,1,0.6944452501993531
aeeem_mylyn,static,lightgbm,5,1,1016,0,1,0.9594838511137207
aeeem_mylyn,static,lightgbm,5,1,1019,0,0,0.0165508641816909
aeeem_mylyn,static,lightgbm,5,1,1020,0,0,0.3915975854640784
aeeem_mylyn,static,lightgbm,5,1,1022,0,1,0.9413859529954092
aeeem_mylyn,static,lightgbm,5,1,1034,0,0,0.00974196419997641
aeeem_mylyn,static,lightgbm,5,1,1037,0,0,0.03465293633574299
aeeem_mylyn,static,lightgbm,5,1,1038,0,0,0.35464874211241004
aeeem_mylyn,static,lightgbm,5,1,1040,0,0,0.023932498558988064
aeeem_mylyn,static,lightgbm,5,1,1060,0,0,0.015794143813788006
aeeem_mylyn,static,lightgbm,5,1,1068,0,0,0.09534202642413699
aeeem_mylyn,static,lightgbm,5,1,1069,0,1,0.9435096153555395
aeeem_mylyn,static,lightgbm,5,1,1073,0,0,0.006627611205029865
aeeem_mylyn,static,lightgbm,5,1,1074,0,0,0.0029608223431941594
aeeem_mylyn,static,lightgbm,5,1,1075,0,0,0.0422243685830584
aeeem_mylyn,static,lightgbm,5,1,1077,1,0,0.45139340108952075
aeeem_mylyn,static,lightgbm,5,1,1080,0,0,0.003074572568610993
aeeem_mylyn,static,lightgbm,5,1,1083,0,0,0.04922258822760398
aeeem_mylyn,static,lightgbm,5,1,1087,0,0,0.01413424307950543
aeeem_mylyn,static,lightgbm,5,1,1092,0,0,0.012820047289140959
aeeem_mylyn,static,lightgbm,5,1,1108,0,0,0.2634005517268795
aeeem_mylyn,static,lightgbm,5,1,1118,0,0,0.06406562429527503
aeeem_mylyn,static,lightgbm,5,1,1126,0,0,0.4805381768282849
aeeem_mylyn,static,lightgbm,5,1,1145,0,0,0.02625319729310249
aeeem_mylyn,static,lightgbm,5,1,1152,0,0,0.005692624508220876
aeeem_mylyn,static,lightgbm,5,1,1155,0,0,0.10317532056315394
aeeem_mylyn,static,lightgbm,5,1,1163,0,0,0.026821533825917367
aeeem_mylyn,static,lightgbm,5,1,1165,0,0,0.154745878408883
aeeem_mylyn,static,lightgbm,5,1,1168,0,0,0.01856725717830583
aeeem_mylyn,static,lightgbm,5,1,1170,0,0,0.009345659048872947
aeeem_mylyn,static,lightgbm,5,1,1171,0,0,0.03834828092817943
aeeem_mylyn,static,lightgbm,5,1,1178,0,0,0.20899428946475423
aeeem_mylyn,static,lightgbm,5,1,1179,0,0,0.029086547561737324
aeeem_mylyn,static,lightgbm,5,1,1185,1,1,0.8253361212505889
aeeem_mylyn,static,lightgbm,5,1,1195,0,0,0.03227682102218428
aeeem_mylyn,static,lightgbm,5,1,1196,0,0,0.023051067747780443
aeeem_mylyn,static,lightgbm,5,1,1199,0,0,0.09912932915477704
aeeem_mylyn,static,lightgbm,5,1,1209,0,0,0.005294112683645684
aeeem_mylyn,static,lightgbm,5,1,1213,0,0,0.010763995924515539
aeeem_mylyn,static,lightgbm,5,1,1222,0,0,0.08474270618460981
aeeem_mylyn,static,lightgbm,5,1,1228,0,0,0.010336402115682233
aeeem_mylyn,static,lightgbm,5,1,1241,0,0,0.01436342617484565
aeeem_mylyn,static,lightgbm,5,1,1242,0,0,0.14806849277228495
aeeem_mylyn,static,lightgbm,5,1,1246,0,0,0.008983368922770858
aeeem_mylyn,static,lightgbm,5,1,1252,0,0,0.045443743016913125
aeeem_mylyn,static,lightgbm,5,1,1257,0,0,0.04471633731654506
aeeem_mylyn,static,lightgbm,5,1,1258,0,0,0.3989722222431738
aeeem_mylyn,static,lightgbm,5,1,1265,0,0,0.027992314222159694
aeeem_mylyn,static,lightgbm,5,1,1268,1,0,0.13824415176282892
aeeem_mylyn,static,lightgbm,5,1,1278,0,1,0.8185028058522693
aeeem_mylyn,static,lightgbm,5,1,1283,1,0,0.0939657202842373
aeeem_mylyn,static,lightgbm,5,1,1285,0,1,0.8324521279029552
aeeem_mylyn,static,lightgbm,5,1,1287,1,0,0.23653241953081552
aeeem_mylyn,static,lightgbm,5,1,1293,0,0,0.026821533825917367
aeeem_mylyn,static,lightgbm,5,1,1295,0,0,0.05933564638402198
aeeem_mylyn,static,lightgbm,5,1,1302,0,0,0.04905420198213948
aeeem_mylyn,static,lightgbm,5,1,1305,0,0,0.10649808527377366
aeeem_mylyn,static,lightgbm,5,1,1318,0,0,0.2449797968096083
aeeem_mylyn,static,lightgbm,5,1,1324,0,0,0.01617058146397861
aeeem_mylyn,static,lightgbm,5,1,1330,0,0,0.34899523493318724
aeeem_mylyn,static,lightgbm,5,1,1340,0,0,0.055861808433926914
aeeem_mylyn,static,lightgbm,5,1,1352,1,1,0.915537386141188
aeeem_mylyn,static,lightgbm,5,1,1362,0,0,0.045098811577683445
aeeem_mylyn,static,lightgbm,5,1,1366,1,0,0.24066350276437412
aeeem_mylyn,static,lightgbm,5,1,1368,0,0,0.003473757604714909
aeeem_mylyn,static,lightgbm,5,1,1373,0,0,0.03456468678495063
aeeem_mylyn,static,lightgbm,5,1,1379,1,1,0.8113619410847804
aeeem_mylyn,static,lightgbm,5,1,1380,1,0,0.4771635681848734
aeeem_mylyn,static,lightgbm,5,1,1382,0,0,0.009815898854209252
aeeem_mylyn,static,lightgbm,5,1,1389,0,0,0.04906300997096928
aeeem_mylyn,static,lightgbm,5,1,1392,0,0,0.35990691516310946
aeeem_mylyn,static,lightgbm,5,1,1401,0,0,0.018783924669658236
aeeem_mylyn,static,lightgbm,5,1,1403,0,0,0.011810726981551063
aeeem_mylyn,static,lightgbm,5,1,1404,0,0,0.02564963403576766
aeeem_mylyn,static,lightgbm,5,1,1408,0,0,0.010675956737853421
aeeem_mylyn,static,lightgbm,5,1,1411,1,0,0.3039912065220609
aeeem_mylyn,static,lightgbm,5,1,1422,0,0,0.026273694834140143
aeeem_mylyn,static,lightgbm,5,1,1423,0,0,0.03654036525062348
aeeem_mylyn,static,lightgbm,5,1,1425,0,0,0.09323251707652316
aeeem_mylyn,static,lightgbm,5,1,1435,0,0,0.07813054501251368
aeeem_mylyn,static,lightgbm,5,1,1439,0,0,0.00159914268810106
aeeem_mylyn,static,lightgbm,5,1,1448,0,0,0.17493019774737173
aeeem_mylyn,static,lightgbm,5,1,1449,0,0,0.43761984270813936
aeeem_mylyn,static,lightgbm,5,1,1454,0,0,0.05829347395871605
aeeem_mylyn,static,lightgbm,5,1,1461,1,1,0.9363353408551616
aeeem_mylyn,static,lightgbm,5,1,1462,0,0,0.08824353271250004
aeeem_mylyn,static,lightgbm,5,1,1463,0,0,0.14247127766588588
aeeem_mylyn,static,lightgbm,5,1,1475,0,0,0.054845453798063645
aeeem_mylyn,static,lightgbm,5,1,1479,0,0,0.03139772370389366
aeeem_mylyn,static,lightgbm,5,1,1482,1,0,0.11412663308927738
aeeem_mylyn,static,lightgbm,5,1,1489,1,0,0.029917521377913415
aeeem_mylyn,static,lightgbm,5,1,1492,0,0,0.4473984657520051
aeeem_mylyn,static,lightgbm,5,1,1494,1,0,0.0912600679500236
aeeem_mylyn,static,lightgbm,5,1,1496,0,0,0.010336402115682233
aeeem_mylyn,static,lightgbm,5,1,1497,0,0,0.006117530663910279
aeeem_mylyn,static,lightgbm,5,1,1501,0,0,0.31450371513340525
aeeem_mylyn,static,lightgbm,5,1,1502,0,0,0.07628895326017915
aeeem_mylyn,static,lightgbm,5,1,1515,1,0,0.006390129840899239
aeeem_mylyn,static,lightgbm,5,1,1521,0,0,0.03720505226089224
aeeem_mylyn,static,lightgbm,5,1,1528,0,1,0.9045106796615453
aeeem_mylyn,static,lightgbm,5,1,1534,0,0,0.32677866341412787
aeeem_mylyn,static,lightgbm,5,1,1538,0,0,0.47174001090059686
aeeem_mylyn,static,lightgbm,5,1,1539,0,0,0.023806511257558897
aeeem_mylyn,static,lightgbm,5,1,1543,0,0,0.2813759530073085
aeeem_mylyn,static,lightgbm,5,1,1547,0,0,0.003951314952432609
aeeem_mylyn,static,lightgbm,5,1,1552,0,0,0.015217919449091542
aeeem_mylyn,static,lightgbm,5,1,1563,0,0,0.3015503750616985
aeeem_mylyn,static,lightgbm,5,1,1566,0,0,0.3222180742496555
aeeem_mylyn,static,lightgbm,5,1,1576,1,1,0.9646964192894176
aeeem_mylyn,static,lightgbm,5,1,1578,0,0,0.00417975231005072
aeeem_mylyn,static,lightgbm,5,1,1588,0,0,0.07079858566280324
aeeem_mylyn,static,lightgbm,5,1,1592,0,0,0.0373090355410748
aeeem_mylyn,static,lightgbm,5,1,1595,0,0,0.13437938993973325
aeeem_mylyn,static,lightgbm,5,1,1597,0,0,0.029285804941833984
aeeem_mylyn,static,lightgbm,5,1,1598,0,0,0.01062535717554447
aeeem_mylyn,static,lightgbm,5,1,1601,0,0,0.3481870174175506
aeeem_mylyn,static,lightgbm,5,1,1603,0,1,0.7755223406286397
aeeem_mylyn,static,lightgbm,5,1,1605,0,0,0.47594634078774484
aeeem_mylyn,static,lightgbm,5,1,1612,0,1,0.8609602616582518
aeeem_mylyn,static,lightgbm,5,1,1614,0,0,0.0527411680313586
aeeem_mylyn,static,lightgbm,5,1,1615,0,0,0.020262140840538415
aeeem_mylyn,static,lightgbm,5,1,1630,1,0,0.12365838415625179
aeeem_mylyn,static,lightgbm,5,1,1635,0,0,0.02092656948838159
aeeem_mylyn,static,lightgbm,5,1,1668,1,1,0.5453362629658418
aeeem_mylyn,static,lightgbm,5,1,1676,1,0,0.06748708580669913
aeeem_mylyn,static,lightgbm,5,1,1678,0,0,0.45987291412766645
aeeem_mylyn,static,lightgbm,5,1,1688,0,0,0.00615726674881134
aeeem_mylyn,static,lightgbm,5,1,1704,0,0,0.16675849318655117
aeeem_mylyn,static,lightgbm,5,1,1712,0,0,0.07186349948468368
aeeem_mylyn,static,lightgbm,5,1,1713,0,0,0.028972658635606365
aeeem_mylyn,static,lightgbm,5,1,1716,0,0,0.042821521915104944
aeeem_mylyn,static,lightgbm,5,1,1718,0,0,0.1255538357827901
aeeem_mylyn,static,lightgbm,5,1,1720,0,0,0.1408365473049898
aeeem_mylyn,static,lightgbm,5,1,1733,0,0,0.15073028650165426
aeeem_mylyn,static,lightgbm,5,1,1734,0,0,0.007841476749706571
aeeem_mylyn,static,lightgbm,5,1,1739,0,0,0.06699987783848273
aeeem_mylyn,static,lightgbm,5,1,1741,0,0,0.32338169869358085
aeeem_mylyn,static,lightgbm,5,1,1747,0,0,0.05677301468814887
aeeem_mylyn,static,lightgbm,5,1,1754,0,0,0.041727531116468326
aeeem_mylyn,static,lightgbm,5,1,1757,0,0,0.39577636494327256
aeeem_mylyn,static,lightgbm,5,1,1758,0,0,0.12112969491632444
aeeem_mylyn,static,lightgbm,5,1,1771,0,0,0.0017146157211133993
aeeem_mylyn,static,lightgbm,5,1,1772,0,0,0.09980483695486246
aeeem_mylyn,static,lightgbm,5,1,1780,0,0,0.0019818261284259477
aeeem_mylyn,static,lightgbm,5,1,1784,1,0,0.030345898369860992
aeeem_mylyn,static,lightgbm,5,1,1786,1,1,0.8771557156894887
aeeem_mylyn,static,lightgbm,5,1,1789,0,0,0.08855537592771937
aeeem_mylyn,static,lightgbm,5,1,1790,0,0,0.1354942348182123
aeeem_mylyn,static,lightgbm,5,1,1791,0,0,0.05938855122235431
aeeem_mylyn,static,lightgbm,5,1,1796,0,0,0.029956833120531195
aeeem_mylyn,static,lightgbm,5,1,1798,0,0,0.008705918880309856
aeeem_mylyn,static,lightgbm,5,1,1812,0,0,0.006899444892042056
aeeem_mylyn,static,lightgbm,5,1,1822,0,0,0.06453452824326286
aeeem_mylyn,static,lightgbm,5,1,1823,0,0,0.01963355893838024
aeeem_mylyn,static,lightgbm,5,1,1828,0,0,0.006136732756121713
aeeem_mylyn,static,lightgbm,5,1,1831,1,1,0.8813560235263195
aeeem_mylyn,static,lightgbm,5,1,1835,1,0,0.10251026416056586
aeeem_mylyn,static,lightgbm,5,1,1842,0,0,0.0018434324601232816
aeeem_mylyn,static,lightgbm,5,1,1846,0,0,0.006937554480804951
aeeem_mylyn,static,lightgbm,5,1,1852,0,0,0.02610674635813765
aeeem_mylyn,static,lightgbm,5,2,1,0,1,0.7702393245880823
aeeem_mylyn,static,lightgbm,5,2,3,0,0,0.13959421023011015
aeeem_mylyn,static,lightgbm,5,2,4,0,0,0.005897258262703884
aeeem_mylyn,static,lightgbm,5,2,10,0,0,0.016891889319605995
aeeem_mylyn,static,lightgbm,5,2,14,0,0,0.01580057888777703
aeeem_mylyn,static,lightgbm,5,2,16,0,0,0.040323503502872254
aeeem_mylyn,static,lightgbm,5,2,23,0,0,0.07689189653245704
aeeem_mylyn,static,lightgbm,5,2,25,0,1,0.8325694978610169
aeeem_mylyn,static,lightgbm,5,2,27,0,0,0.0008057879621976237
aeeem_mylyn,static,lightgbm,5,2,30,1,0,0.12912814309371617
aeeem_mylyn,static,lightgbm,5,2,34,0,0,0.04385097233211924
aeeem_mylyn,static,lightgbm,5,2,41,0,1,0.5533580411551571
aeeem_mylyn,static,lightgbm,5,2,42,0,0,0.312045645956785
aeeem_mylyn,static,lightgbm,5,2,44,0,0,0.04448286196250678
aeeem_mylyn,static,lightgbm,5,2,45,0,0,0.3133042401376852
aeeem_mylyn,static,lightgbm,5,2,55,0,0,0.15515309020873522
aeeem_mylyn,static,lightgbm,5,2,57,0,1,0.5565830775925734
aeeem_mylyn,static,lightgbm,5,2,58,0,0,0.06724491247628289
aeeem_mylyn,static,lightgbm,5,2,60,1,1,0.577788904915974
aeeem_mylyn,static,lightgbm,5,2,61,0,0,0.08753551536903334
aeeem_mylyn,static,lightgbm,5,2,70,0,0,0.13507093883270976
aeeem_mylyn,static,lightgbm,5,2,84,0,0,0.20012067691544386
aeeem_mylyn,static,lightgbm,5,2,88,0,0,0.013372678821172405
aeeem_mylyn,static,lightgbm,5,2,93,0,0,0.020422236750804675
aeeem_mylyn,static,lightgbm,5,2,95,0,0,0.0043437005870489865
aeeem_mylyn,static,lightgbm,5,2,99,1,0,0.11217864220232858
aeeem_mylyn,static,lightgbm,5,2,102,0,0,0.031647745746922
aeeem_mylyn,static,lightgbm,5,2,111,1,1,0.8711875593094669
aeeem_mylyn,static,lightgbm,5,2,118,0,0,0.22757906685700702
aeeem_mylyn,static,lightgbm,5,2,119,0,0,0.2703963498391785
aeeem_mylyn,static,lightgbm,5,2,120,0,0,0.14698814764378076
aeeem_mylyn,static,lightgbm,5,2,122,0,0,0.005514971329527853
aeeem_mylyn,static,lightgbm,5,2,125,0,0,0.12868305692317447
aeeem_mylyn,static,lightgbm,5,2,127,0,0,0.022597841051288214
aeeem_mylyn,static,lightgbm,5,2,128,0,0,0.008369370092627986
aeeem_mylyn,static,lightgbm,5,2,132,0,0,0.14740535578493028
aeeem_mylyn,static,lightgbm,5,2,135,0,0,0.0038585832757096145
aeeem_mylyn,static,lightgbm,5,2,142,0,0,0.006663861285720998
aeeem_mylyn,static,lightgbm,5,2,143,0,0,0.028741150878488414
aeeem_mylyn,static,lightgbm,5,2,148,0,0,0.013870392794425208
aeeem_mylyn,static,lightgbm,5,2,155,0,0,0.027526599785192705
aeeem_mylyn,static,lightgbm,5,2,156,1,0,0.32225894391819077
aeeem_mylyn,static,lightgbm,5,2,166,0,0,0.23192584874584155
aeeem_mylyn,static,lightgbm,5,2,168,0,0,0.4243868645341542
aeeem_mylyn,static,lightgbm,5,2,172,0,0,0.24256676026771407
aeeem_mylyn,static,lightgbm,5,2,173,1,0,0.060222974868348954
aeeem_mylyn,static,lightgbm,5,2,181,0,1,0.7378605603145695
aeeem_mylyn,static,lightgbm,5,2,183,0,0,0.011143746167426735
aeeem_mylyn,static,lightgbm,5,2,190,0,0,0.29259017992933034
aeeem_mylyn,static,lightgbm,5,2,193,0,0,0.010680753559462745
aeeem_mylyn,static,lightgbm,5,2,195,0,1,0.6785325963762351
aeeem_mylyn,static,lightgbm,5,2,198,0,0,0.0036374004876836875
aeeem_mylyn,static,lightgbm,5,2,199,1,0,0.1557433271663888
aeeem_mylyn,static,lightgbm,5,2,202,0,0,0.18811324346681266
aeeem_mylyn,static,lightgbm,5,2,212,0,0,0.10851945928361531
aeeem_mylyn,static,lightgbm,5,2,214,0,0,0.03622915792638036
aeeem_mylyn,static,lightgbm,5,2,215,0,0,0.037362396327850454
aeeem_mylyn,static,lightgbm,5,2,217,1,1,0.915155203700625
aeeem_mylyn,static,lightgbm,5,2,221,0,1,0.6014656149868255
aeeem_mylyn,static,lightgbm,5,2,229,0,0,0.06382948666540171
aeeem_mylyn,static,lightgbm,5,2,232,0,0,0.15682074456658052
aeeem_mylyn,static,lightgbm,5,2,239,1,1,0.8886234656406223
aeeem_mylyn,static,lightgbm,5,2,242,0,0,0.07653894114402908
aeeem_mylyn,static,lightgbm,5,2,246,0,0,0.013372678821172405
aeeem_mylyn,static,lightgbm,5,2,249,0,0,0.266520160162639
aeeem_mylyn,static,lightgbm,5,2,250,0,1,0.7132162558335623
aeeem_mylyn,static,lightgbm,5,2,253,0,1,0.840394528376268
aeeem_mylyn,static,lightgbm,5,2,258,0,0,0.012244111498275475
aeeem_mylyn,static,lightgbm,5,2,259,0,0,0.014667919744615609
aeeem_mylyn,static,lightgbm,5,2,267,0,0,0.013729562455434295
aeeem_mylyn,static,lightgbm,5,2,274,0,0,0.03417179477311489
aeeem_mylyn,static,lightgbm,5,2,278,0,0,0.2242233346712416
aeeem_mylyn,static,lightgbm,5,2,280,0,1,0.5133487245144268
aeeem_mylyn,static,lightgbm,5,2,285,0,1,0.8030259907934543
aeeem_mylyn,static,lightgbm,5,2,288,0,0,0.019554419240829353
aeeem_mylyn,static,lightgbm,5,2,303,0,0,0.03331249921659806
aeeem_mylyn,static,lightgbm,5,2,304,0,0,0.23789026131598381
aeeem_mylyn,static,lightgbm,5,2,305,0,0,0.09608856367029081
aeeem_mylyn,static,lightgbm,5,2,306,0,1,0.9234582569845717
aeeem_mylyn,static,lightgbm,5,2,307,0,0,0.008160872304612408
aeeem_mylyn,static,lightgbm,5,2,315,0,0,0.1496341166836879
aeeem_mylyn,static,lightgbm,5,2,317,1,0,0.22366704945815166
aeeem_mylyn,static,lightgbm,5,2,319,0,0,0.020080484978828902
aeeem_mylyn,static,lightgbm,5,2,323,0,0,0.013372678821172405
aeeem_mylyn,static,lightgbm,5,2,329,1,1,0.921534851220888
aeeem_mylyn,static,lightgbm,5,2,336,0,0,0.006682802306873159
aeeem_mylyn,static,lightgbm,5,2,338,1,0,0.19266061641855406
aeeem_mylyn,static,lightgbm,5,2,342,0,0,0.05440276512451678
aeeem_mylyn,static,lightgbm,5,2,344,0,0,0.03714241558188806
aeeem_mylyn,static,lightgbm,5,2,347,0,0,0.0023940628690539345
aeeem_mylyn,static,lightgbm,5,2,349,0,1,0.9234582569845717
aeeem_mylyn,static,lightgbm,5,2,357,1,1,0.8820325850261906
aeeem_mylyn,static,lightgbm,5,2,363,0,0,0.20289252650496215
aeeem_mylyn,static,lightgbm,5,2,371,0,0,0.0144227149796026
aeeem_mylyn,static,lightgbm,5,2,374,0,1,0.8341929316926693
aeeem_mylyn,static,lightgbm,5,2,376,0,0,0.013075890005270666
aeeem_mylyn,static,lightgbm,5,2,384,0,1,0.7295356235682252
aeeem_mylyn,static,lightgbm,5,2,389,0,0,0.009260862729849507
aeeem_mylyn,static,lightgbm,5,2,410,0,0,0.00437334732121542
aeeem_mylyn,static,lightgbm,5,2,416,0,0,0.02142014276817448
aeeem_mylyn,static,lightgbm,5,2,428,0,0,0.008705509661640558
aeeem_mylyn,static,lightgbm,5,2,437,0,0,0.08405345854909019
aeeem_mylyn,static,lightgbm,5,2,451,0,0,0.08022950446045324
aeeem_mylyn,static,lightgbm,5,2,452,0,1,0.9304500227838458
aeeem_mylyn,static,lightgbm,5,2,456,0,0,0.3774301895209908
aeeem_mylyn,static,lightgbm,5,2,461,0,0,0.07052826464188285
aeeem_mylyn,static,lightgbm,5,2,464,0,0,0.007767120461228762
aeeem_mylyn,static,lightgbm,5,2,473,0,0,0.012954512051557392
aeeem_mylyn,static,lightgbm,5,2,475,1,0,0.011667088025232515
aeeem_mylyn,static,lightgbm,5,2,481,0,0,0.029263532417298635
aeeem_mylyn,static,lightgbm,5,2,484,0,0,0.05183389279027369
aeeem_mylyn,static,lightgbm,5,2,490,0,0,0.2618452370461359
aeeem_mylyn,static,lightgbm,5,2,494,0,0,0.013372678821172405
aeeem_mylyn,static,lightgbm,5,2,495,1,1,0.6769211809302246
aeeem_mylyn,static,lightgbm,5,2,501,0,0,0.018531920870123682
aeeem_mylyn,static,lightgbm,5,2,502,0,0,0.008762797657666764
aeeem_mylyn,static,lightgbm,5,2,510,0,0,0.008938355735852744
aeeem_mylyn,static,lightgbm,5,2,511,0,0,0.39555687300546327
aeeem_mylyn,static,lightgbm,5,2,517,0,0,0.0007096740540982214
aeeem_mylyn,static,lightgbm,5,2,522,0,1,0.921534851220888
aeeem_mylyn,static,lightgbm,5,2,524,0,0,0.05203999623049284
aeeem_mylyn,static,lightgbm,5,2,528,1,1,0.9304500227838458
aeeem_mylyn,static,lightgbm,5,2,529,0,0,0.13853285923947803
aeeem_mylyn,static,lightgbm,5,2,531,0,0,0.1513751531449614
aeeem_mylyn,static,lightgbm,5,2,532,0,0,0.06831631925995381
aeeem_mylyn,static,lightgbm,5,2,538,0,0,0.24256676026771407
aeeem_mylyn,static,lightgbm,5,2,539,0,0,0.005055991207195188
aeeem_mylyn,static,lightgbm,5,2,546,0,0,0.0017845890938464407
aeeem_mylyn,static,lightgbm,5,2,550,0,1,0.7511891773303134
aeeem_mylyn,static,lightgbm,5,2,556,1,0,0.32808597155940183
aeeem_mylyn,static,lightgbm,5,2,558,0,0,0.06971539534984976
aeeem_mylyn,static,lightgbm,5,2,569,0,0,0.007465719349239388
aeeem_mylyn,static,lightgbm,5,2,577,1,0,0.073925917150414
aeeem_mylyn,static,lightgbm,5,2,579,0,0,0.007130066217595523
aeeem_mylyn,static,lightgbm,5,2,581,0,0,0.04096683949544448
aeeem_mylyn,static,lightgbm,5,2,584,0,0,0.04448286196250678
aeeem_mylyn,static,lightgbm,5,2,587,1,1,0.6005587114548929
aeeem_mylyn,static,lightgbm,5,2,590,0,0,0.0023416459784638393
aeeem_mylyn,static,lightgbm,5,2,597,0,0,0.0015301889236848918
aeeem_mylyn,static,lightgbm,5,2,604,0,0,0.03004157832885556
aeeem_mylyn,static,lightgbm,5,2,605,0,0,0.025101096991248923
aeeem_mylyn,static,lightgbm,5,2,612,1,1,0.9015329826303837
aeeem_mylyn,static,lightgbm,5,2,615,0,0,0.006130601480456484
aeeem_mylyn,static,lightgbm,5,2,616,0,0,0.03403749415892607
aeeem_mylyn,static,lightgbm,5,2,620,0,0,0.02142014276817448
aeeem_mylyn,static,lightgbm,5,2,625,0,0,0.010016106081013682
aeeem_mylyn,static,lightgbm,5,2,635,1,0,0.05085196626345325
aeeem_mylyn,static,lightgbm,5,2,636,0,0,0.057992924673691985
aeeem_mylyn,static,lightgbm,5,2,645,0,0,0.008380454426029206
aeeem_mylyn,static,lightgbm,5,2,646,0,0,0.31401955051063535
aeeem_mylyn,static,lightgbm,5,2,651,0,1,0.5623530942158531
aeeem_mylyn,static,lightgbm,5,2,653,1,0,0.0074574935404397935
aeeem_mylyn,static,lightgbm,5,2,654,0,0,0.027067256092023703
aeeem_mylyn,static,lightgbm,5,2,655,0,0,0.00585395782475425
aeeem_mylyn,static,lightgbm,5,2,660,0,0,0.18217841549987376
aeeem_mylyn,static,lightgbm,5,2,664,0,0,0.08849325004723976
aeeem_mylyn,static,lightgbm,5,2,665,0,0,0.14407970692699354
aeeem_mylyn,static,lightgbm,5,2,668,0,1,0.6406816926196373
aeeem_mylyn,static,lightgbm,5,2,669,1,0,0.01764293667015157
aeeem_mylyn,static,lightgbm,5,2,671,0,0,0.06619857069291595
aeeem_mylyn,static,lightgbm,5,2,673,0,0,0.04810970667755861
aeeem_mylyn,static,lightgbm,5,2,677,0,0,0.09174714493969327
aeeem_mylyn,static,lightgbm,5,2,680,0,0,0.3379757003378043
aeeem_mylyn,static,lightgbm,5,2,681,0,0,0.003875156678694747
aeeem_mylyn,static,lightgbm,5,2,695,0,0,0.003880930789670822
aeeem_mylyn,static,lightgbm,5,2,712,0,1,0.8241497629900155
aeeem_mylyn,static,lightgbm,5,2,713,0,0,0.006997643976498701
aeeem_mylyn,static,lightgbm,5,2,720,0,0,0.011718275164273624
aeeem_mylyn,static,lightgbm,5,2,721,0,0,0.005049334580391131
aeeem_mylyn,static,lightgbm,5,2,722,0,0,0.0064670283683252805
aeeem_mylyn,static,lightgbm,5,2,726,1,1,0.7733003380949859
aeeem_mylyn,static,lightgbm,5,2,732,0,0,0.005046752719653229
aeeem_mylyn,static,lightgbm,5,2,745,0,0,0.006661339881948677
aeeem_mylyn,static,lightgbm,5,2,749,0,0,0.04420467351464446
aeeem_mylyn,static,lightgbm,5,2,755,0,0,0.18744269413589038
aeeem_mylyn,static,lightgbm,5,2,756,0,0,0.09072860379735695
aeeem_mylyn,static,lightgbm,5,2,765,0,0,0.02176519697066023
aeeem_mylyn,static,lightgbm,5,2,767,0,0,0.0490134590095782
aeeem_mylyn,static,lightgbm,5,2,768,0,0,0.035052672634059305
aeeem_mylyn,static,lightgbm,5,2,774,0,0,0.14052166816157935
aeeem_mylyn,static,lightgbm,5,2,778,0,0,0.02456679217283038
aeeem_mylyn,static,lightgbm,5,2,781,0,0,0.02518699145518244
aeeem_mylyn,static,lightgbm,5,2,790,1,1,0.5767048598067959
aeeem_mylyn,static,lightgbm,5,2,791,1,1,0.8136215397672611
aeeem_mylyn,static,lightgbm,5,2,796,0,1,0.8362500464464174
aeeem_mylyn,static,lightgbm,5,2,801,0,0,0.07256210584303022
aeeem_mylyn,static,lightgbm,5,2,803,0,0,0.029613922647828778
aeeem_mylyn,static,lightgbm,5,2,809,0,0,0.009193021704092974
aeeem_mylyn,static,lightgbm,5,2,810,0,0,0.2786320437149083
aeeem_mylyn,static,lightgbm,5,2,812,0,0,0.06890185965442125
aeeem_mylyn,static,lightgbm,5,2,813,0,0,0.007961342993637759
aeeem_mylyn,static,lightgbm,5,2,821,1,1,0.7826460541759079
aeeem_mylyn,static,lightgbm,5,2,827,0,0,0.19976317588860817
aeeem_mylyn,static,lightgbm,5,2,828,0,0,0.18611136159981145
aeeem_mylyn,static,lightgbm,5,2,835,0,0,0.06082495700534055
aeeem_mylyn,static,lightgbm,5,2,836,1,1,0.9929790882662578
aeeem_mylyn,static,lightgbm,5,2,839,1,1,0.5144667876661796
aeeem_mylyn,static,lightgbm,5,2,849,0,0,0.036148837972023166
aeeem_mylyn,static,lightgbm,5,2,853,0,0,0.10405572987485553
aeeem_mylyn,static,lightgbm,5,2,857,0,0,0.05884063133033701
aeeem_mylyn,static,lightgbm,5,2,858,0,0,0.16010609157576777
aeeem_mylyn,static,lightgbm,5,2,865,0,0,0.010900821441732258
aeeem_mylyn,static,lightgbm,5,2,876,1,0,0.17953589453350527
aeeem_mylyn,static,lightgbm,5,2,878,0,0,0.018137026675022243
aeeem_mylyn,static,lightgbm,5,2,883,0,0,0.0033245985764852326
aeeem_mylyn,static,lightgbm,5,2,887,0,1,0.574458775601371
aeeem_mylyn,static,lightgbm,5,2,888,0,0,0.025656282935603927
aeeem_mylyn,static,lightgbm,5,2,891,0,0,0.2512580288525166
aeeem_mylyn,static,lightgbm,5,2,906,0,1,0.5587988705776179
aeeem_mylyn,static,lightgbm,5,2,911,0,0,0.033778226534439716
aeeem_mylyn,static,lightgbm,5,2,913,0,0,0.08246195965505797
aeeem_mylyn,static,lightgbm,5,2,915,0,0,0.09496248743075576
aeeem_mylyn,static,lightgbm,5,2,928,1,1,0.5194654506024624
aeeem_mylyn,static,lightgbm,5,2,930,0,0,0.07399932085624905
aeeem_mylyn,static,lightgbm,5,2,931,0,0,0.04484775627026505
aeeem_mylyn,static,lightgbm,5,2,947,0,0,0.009772344741793153
aeeem_mylyn,static,lightgbm,5,2,949,0,0,0.28075736227737924
aeeem_mylyn,static,lightgbm,5,2,953,1,1,0.84464053293026
aeeem_mylyn,static,lightgbm,5,2,956,1,0,0.289232426422969
aeeem_mylyn,static,lightgbm,5,2,965,0,0,0.26427844223405805
aeeem_mylyn,static,lightgbm,5,2,967,0,0,0.005742972587754496
aeeem_mylyn,static,lightgbm,5,2,971,0,0,0.04999045106831781
aeeem_mylyn,static,lightgbm,5,2,974,0,0,0.020694430952517513
aeeem_mylyn,static,lightgbm,5,2,984,0,0,0.01711932802228162
aeeem_mylyn,static,lightgbm,5,2,987,0,0,0.15793650502533876
aeeem_mylyn,static,lightgbm,5,2,997,1,0,0.04639475918939661
aeeem_mylyn,static,lightgbm,5,2,1004,0,0,0.04182491871446126
aeeem_mylyn,static,lightgbm,5,2,1005,1,1,0.9652470339413185
aeeem_mylyn,static,lightgbm,5,2,1026,0,0,0.0031371378826951543
aeeem_mylyn,static,lightgbm,5,2,1027,0,1,0.6104480537332807
aeeem_mylyn,static,lightgbm,5,2,1041,0,0,0.04087271366616819
aeeem_mylyn,static,lightgbm,5,2,1047,0,0,0.1290828425063738
aeeem_mylyn,static,lightgbm,5,2,1050,0,1,0.7801800778111379
aeeem_mylyn,static,lightgbm,5,2,1056,0,0,0.43989642540523693
aeeem_mylyn,static,lightgbm,5,2,1061,0,0,0.24537602009656395
aeeem_mylyn,static,lightgbm,5,2,1078,0,0,0.018985672222599153
aeeem_mylyn,static,lightgbm,5,2,1088,0,0,0.003593063125616757
aeeem_mylyn,static,lightgbm,5,2,1094,0,0,0.07359098325815552
aeeem_mylyn,static,lightgbm,5,2,1095,0,0,0.006202061900222911
aeeem_mylyn,static,lightgbm,5,2,1098,0,0,0.01242720862661538
aeeem_mylyn,static,lightgbm,5,2,1103,0,0,0.0028107665866743004
aeeem_mylyn,static,lightgbm,5,2,1110,0,0,0.028829127703627503
aeeem_mylyn,static,lightgbm,5,2,1117,0,0,0.012833922213898128
aeeem_mylyn,static,lightgbm,5,2,1133,0,0,0.2950553347729309
aeeem_mylyn,static,lightgbm,5,2,1137,0,0,0.0033486179936642758
aeeem_mylyn,static,lightgbm,5,2,1149,0,0,0.1393812922405088
aeeem_mylyn,static,lightgbm,5,2,1151,0,0,0.032962423449462167
aeeem_mylyn,static,lightgbm,5,2,1153,0,1,0.6367752801444834
aeeem_mylyn,static,lightgbm,5,2,1159,0,0,0.01273454642771126
aeeem_mylyn,static,lightgbm,5,2,1161,0,0,0.09364203147369839
aeeem_mylyn,static,lightgbm,5,2,1183,0,0,0.32442946750161616
aeeem_mylyn,static,lightgbm,5,2,1186,0,1,0.5466833554973248
aeeem_mylyn,static,lightgbm,5,2,1187,0,0,0.11203234824148828
aeeem_mylyn,static,lightgbm,5,2,1192,0,0,0.39442023030465534
aeeem_mylyn,static,lightgbm,5,2,1198,1,0,0.040579104840869296
aeeem_mylyn,static,lightgbm,5,2,1204,1,1,0.9805785113256659
aeeem_mylyn,static,lightgbm,5,2,1207,0,0,0.0023782984604952978
aeeem_mylyn,static,lightgbm,5,2,1208,0,0,0.023162706298481762
aeeem_mylyn,static,lightgbm,5,2,1215,0,1,0.5359955658211453
aeeem_mylyn,static,lightgbm,5,2,1218,0,1,0.7024354646840135
aeeem_mylyn,static,lightgbm,5,2,1230,0,0,0.019570778383126534
aeeem_mylyn,static,lightgbm,5,2,1240,0,0,0.001325465025600335
aeeem_mylyn,static,lightgbm,5,2,1243,1,1,0.8242080620114113
aeeem_mylyn,static,lightgbm,5,2,1244,0,0,0.03328591631982892
aeeem_mylyn,static,lightgbm,5,2,1245,0,0,0.22320530786807904
aeeem_mylyn,static,lightgbm,5,2,1251,0,0,0.029869788070578995
aeeem_mylyn,static,lightgbm,5,2,1267,0,0,0.061616736163396815
aeeem_mylyn,static,lightgbm,5,2,1274,0,0,0.013372678821172405
aeeem_mylyn,static,lightgbm,5,2,1277,0,0,0.006762609234666576
aeeem_mylyn,static,lightgbm,5,2,1279,0,0,0.046074202764607865
aeeem_mylyn,static,lightgbm,5,2,1282,0,0,0.21974863751048487
aeeem_mylyn,static,lightgbm,5,2,1288,1,0,0.05540341155967456
aeeem_mylyn,static,lightgbm,5,2,1292,0,0,0.043041803012421664
aeeem_mylyn,static,lightgbm,5,2,1294,0,1,0.7746763307446628
aeeem_mylyn,static,lightgbm,5,2,1306,0,0,0.033873839540570466
aeeem_mylyn,static,lightgbm,5,2,1309,0,0,0.02164713049160765
aeeem_mylyn,static,lightgbm,5,2,1317,0,0,0.022068763927505203
aeeem_mylyn,static,lightgbm,5,2,1319,0,0,0.16860565234260386
aeeem_mylyn,static,lightgbm,5,2,1321,0,1,0.8451649834154242
aeeem_mylyn,static,lightgbm,5,2,1322,0,0,0.4034934869670228
aeeem_mylyn,static,lightgbm,5,2,1323,0,0,0.010449301618383958
aeeem_mylyn,static,lightgbm,5,2,1346,0,0,0.014768738716771857
aeeem_mylyn,static,lightgbm,5,2,1349,0,0,0.014951720320435844
aeeem_mylyn,static,lightgbm,5,2,1350,0,0,0.019822004127047856
aeeem_mylyn,static,lightgbm,5,2,1355,0,0,0.03296347888198842
aeeem_mylyn,static,lightgbm,5,2,1356,0,0,0.023602768481583578
aeeem_mylyn,static,lightgbm,5,2,1371,0,1,0.9340428547044499
aeeem_mylyn,static,lightgbm,5,2,1372,0,0,0.018403952293167405
aeeem_mylyn,static,lightgbm,5,2,1387,1,1,0.7674628244145666
aeeem_mylyn,static,lightgbm,5,2,1396,0,0,0.09404953847002011
aeeem_mylyn,static,lightgbm,5,2,1407,0,0,0.0013168409024589915
aeeem_mylyn,static,lightgbm,5,2,1409,1,1,0.8524596896143182
aeeem_mylyn,static,lightgbm,5,2,1417,0,1,0.9604116423490447
aeeem_mylyn,static,lightgbm,5,2,1420,0,0,0.16713158969530792
aeeem_mylyn,static,lightgbm,5,2,1421,0,0,0.017116184532189403
aeeem_mylyn,static,lightgbm,5,2,1429,0,0,0.05145238199336013
aeeem_mylyn,static,lightgbm,5,2,1431,0,0,0.012206034088555988
aeeem_mylyn,static,lightgbm,5,2,1438,0,0,0.02765220951376013
aeeem_mylyn,static,lightgbm,5,2,1441,1,1,0.9234582569845717
aeeem_mylyn,static,lightgbm,5,2,1444,0,0,0.17165729253724002
aeeem_mylyn,static,lightgbm,5,2,1446,0,0,0.004944241644894888
aeeem_mylyn,static,lightgbm,5,2,1459,0,0,0.0433365374307353
aeeem_mylyn,static,lightgbm,5,2,1464,0,0,0.0016818868623604576
aeeem_mylyn,static,lightgbm,5,2,1466,1,1,0.8451649834154242
aeeem_mylyn,static,lightgbm,5,2,1472,0,0,0.09617734916195925
aeeem_mylyn,static,lightgbm,5,2,1474,0,0,0.1161122813880923
aeeem_mylyn,static,lightgbm,5,2,1483,0,0,0.020677565918694615
aeeem_mylyn,static,lightgbm,5,2,1499,0,0,0.02518699145518244
aeeem_mylyn,static,lightgbm,5,2,1506,0,0,0.11397287666014959
aeeem_mylyn,static,lightgbm,5,2,1511,0,0,0.016663581455187457
aeeem_mylyn,static,lightgbm,5,2,1516,1,0,0.09934039863872113
aeeem_mylyn,static,lightgbm,5,2,1530,0,0,0.0531369806048798
aeeem_mylyn,static,lightgbm,5,2,1535,0,0,0.06184711457248869
aeeem_mylyn,static,lightgbm,5,2,1540,0,0,0.037801284199224676
aeeem_mylyn,static,lightgbm,5,2,1551,0,0,0.005736219690399973
aeeem_mylyn,static,lightgbm,5,2,1559,0,0,0.34984179513443614
aeeem_mylyn,static,lightgbm,5,2,1560,0,0,0.015611080972211517
aeeem_mylyn,static,lightgbm,5,2,1567,0,0,0.46742921130410436
aeeem_mylyn,static,lightgbm,5,2,1568,0,0,0.47901692791769157
aeeem_mylyn,static,lightgbm,5,2,1571,0,0,0.006317105882450668
aeeem_mylyn,static,lightgbm,5,2,1573,0,0,0.3324060004854008
aeeem_mylyn,static,lightgbm,5,2,1580,0,0,0.10825950086304922
aeeem_mylyn,static,lightgbm,5,2,1585,0,0,0.007602520996458519
aeeem_mylyn,static,lightgbm,5,2,1591,0,0,0.012805782679523514
aeeem_mylyn,static,lightgbm,5,2,1600,0,0,0.025754780527417292
aeeem_mylyn,static,lightgbm,5,2,1609,0,0,0.016829245114920167
aeeem_mylyn,static,lightgbm,5,2,1613,0,0,0.36758057277461903
aeeem_mylyn,static,lightgbm,5,2,1624,0,0,0.06565338339041389
aeeem_mylyn,static,lightgbm,5,2,1641,0,0,0.005714779046686405
aeeem_mylyn,static,lightgbm,5,2,1642,0,0,0.3903120183816594
aeeem_mylyn,static,lightgbm,5,2,1657,0,0,0.005716367740643049
aeeem_mylyn,static,lightgbm,5,2,1659,0,0,0.008232360403023836
aeeem_mylyn,static,lightgbm,5,2,1661,0,0,0.02718400069362076
aeeem_mylyn,static,lightgbm,5,2,1665,0,0,0.06046701316146395
aeeem_mylyn,static,lightgbm,5,2,1669,0,1,0.5027372618566336
aeeem_mylyn,static,lightgbm,5,2,1677,0,0,0.30727123381864185
aeeem_mylyn,static,lightgbm,5,2,1680,1,1,0.921534851220888
aeeem_mylyn,static,lightgbm,5,2,1681,0,0,0.016170450894154215
aeeem_mylyn,static,lightgbm,5,2,1689,0,0,0.19562213114579188
aeeem_mylyn,static,lightgbm,5,2,1692,0,0,0.14590671965787902
aeeem_mylyn,static,lightgbm,5,2,1698,0,1,0.5067217743530714
aeeem_mylyn,static,lightgbm,5,2,1699,0,0,0.07693108509314664
aeeem_mylyn,static,lightgbm,5,2,1706,0,0,0.019921076897161893
aeeem_mylyn,static,lightgbm,5,2,1707,0,0,0.007050267313240162
aeeem_mylyn,static,lightgbm,5,2,1719,0,0,0.016398029775596144
aeeem_mylyn,static,lightgbm,5,2,1721,0,0,0.10696510777185095
aeeem_mylyn,static,lightgbm,5,2,1722,0,0,0.056543932239766066
aeeem_mylyn,static,lightgbm,5,2,1723,0,0,0.11875343441819158
aeeem_mylyn,static,lightgbm,5,2,1728,0,0,0.427613077581532
aeeem_mylyn,static,lightgbm,5,2,1731,0,0,0.033943537699097706
aeeem_mylyn,static,lightgbm,5,2,1737,0,0,0.2999008171011323
aeeem_mylyn,static,lightgbm,5,2,1738,0,1,0.91097956888219
aeeem_mylyn,static,lightgbm,5,2,1745,0,0,0.03807344854760356
aeeem_mylyn,static,lightgbm,5,2,1751,0,0,0.0057367025542837185
aeeem_mylyn,static,lightgbm,5,2,1761,0,0,0.13346659364118757
aeeem_mylyn,static,lightgbm,5,2,1765,0,0,0.0792241648668179
aeeem_mylyn,static,lightgbm,5,2,1774,0,0,0.0021018728311467598
aeeem_mylyn,static,lightgbm,5,2,1783,0,0,0.11527206615214915
aeeem_mylyn,static,lightgbm,5,2,1792,0,0,0.31332599358972946
aeeem_mylyn,static,lightgbm,5,2,1793,0,0,0.09899882023127812
aeeem_mylyn,static,lightgbm,5,2,1799,1,1,0.8355651056215072
aeeem_mylyn,static,lightgbm,5,2,1800,0,0,0.004422783973147192
aeeem_mylyn,static,lightgbm,5,2,1807,0,0,0.1121652743782744
aeeem_mylyn,static,lightgbm,5,2,1808,1,1,0.8270290002834194
aeeem_mylyn,static,lightgbm,5,2,1816,0,0,0.12669950427546267
aeeem_mylyn,static,lightgbm,5,2,1818,0,0,0.009185734004185145
aeeem_mylyn,static,lightgbm,5,2,1825,0,0,0.08848211779420528
aeeem_mylyn,static,lightgbm,5,2,1832,0,0,0.4036941704262582
aeeem_mylyn,static,lightgbm,5,2,1838,0,0,0.012479961347273178
aeeem_mylyn,static,lightgbm,5,2,1848,0,0,0.05897668204717718
aeeem_mylyn,static,lightgbm,5,2,1850,1,1,0.7270690870191152
aeeem_mylyn,static,lightgbm,5,2,1851,0,0,0.4616057094979411
aeeem_mylyn,static,lightgbm,5,2,1855,1,0,0.03301052599334376
aeeem_mylyn,static,lightgbm,5,3,7,0,0,0.013568517658911108
aeeem_mylyn,static,lightgbm,5,3,11,0,0,0.010342753755573194
aeeem_mylyn,static,lightgbm,5,3,12,0,0,0.021586175340228456
aeeem_mylyn,static,lightgbm,5,3,15,0,0,0.05763534137911853
aeeem_mylyn,static,lightgbm,5,3,18,0,0,0.2222331604385171
aeeem_mylyn,static,lightgbm,5,3,31,0,0,0.019364424053156994
aeeem_mylyn,static,lightgbm,5,3,33,0,0,0.017371200046456738
aeeem_mylyn,static,lightgbm,5,3,46,1,0,0.30823662307197736
aeeem_mylyn,static,lightgbm,5,3,68,1,1,0.7211511701180858
aeeem_mylyn,static,lightgbm,5,3,79,0,0,0.1448746207705628
aeeem_mylyn,static,lightgbm,5,3,89,0,0,0.31775868624554443
aeeem_mylyn,static,lightgbm,5,3,96,0,0,0.016259886614486543
aeeem_mylyn,static,lightgbm,5,3,98,0,0,0.2177219779072343
aeeem_mylyn,static,lightgbm,5,3,101,0,0,0.012880259479651369
aeeem_mylyn,static,lightgbm,5,3,103,0,0,0.16119503169393
aeeem_mylyn,static,lightgbm,5,3,104,0,0,0.015995174657117164
aeeem_mylyn,static,lightgbm,5,3,105,0,0,0.0013442163832878484
aeeem_mylyn,static,lightgbm,5,3,115,1,1,0.9414953622795504
aeeem_mylyn,static,lightgbm,5,3,121,0,0,0.04819349897094716
aeeem_mylyn,static,lightgbm,5,3,130,0,0,0.09054598281472163
aeeem_mylyn,static,lightgbm,5,3,133,1,0,0.4589776537611711
aeeem_mylyn,static,lightgbm,5,3,136,0,1,0.9577483959693396
aeeem_mylyn,static,lightgbm,5,3,137,0,0,0.0034529737968404775
aeeem_mylyn,static,lightgbm,5,3,138,0,0,0.026863473047689858
aeeem_mylyn,static,lightgbm,5,3,139,0,0,0.1903946405662404
aeeem_mylyn,static,lightgbm,5,3,157,0,0,0.09574109895725992
aeeem_mylyn,static,lightgbm,5,3,165,0,0,0.03593235751941829
aeeem_mylyn,static,lightgbm,5,3,169,1,0,0.4855512537739061
aeeem_mylyn,static,lightgbm,5,3,177,0,0,0.03159850842095388
aeeem_mylyn,static,lightgbm,5,3,185,0,0,0.028592610550035383
aeeem_mylyn,static,lightgbm,5,3,191,0,0,0.3451570531277613
aeeem_mylyn,static,lightgbm,5,3,203,0,1,0.921778276286834
aeeem_mylyn,static,lightgbm,5,3,205,1,1,0.6941892689693155
aeeem_mylyn,static,lightgbm,5,3,207,0,0,0.4980302600685734
aeeem_mylyn,static,lightgbm,5,3,208,1,0,0.17103622594507545
aeeem_mylyn,static,lightgbm,5,3,213,0,1,0.6812174033048363
aeeem_mylyn,static,lightgbm,5,3,216,0,0,0.009052018713295189
aeeem_mylyn,static,lightgbm,5,3,220,0,0,0.026585691689461503
aeeem_mylyn,static,lightgbm,5,3,227,0,0,0.3613174402654579
aeeem_mylyn,static,lightgbm,5,3,234,0,0,0.4029257968488977
aeeem_mylyn,static,lightgbm,5,3,236,0,0,0.02400105536446596
aeeem_mylyn,static,lightgbm,5,3,237,0,1,0.7212749439350213
aeeem_mylyn,static,lightgbm,5,3,238,0,0,0.14736096386667719
aeeem_mylyn,static,lightgbm,5,3,244,0,0,0.013894785913316783
aeeem_mylyn,static,lightgbm,5,3,248,0,0,0.1329649344674896
aeeem_mylyn,static,lightgbm,5,3,255,0,0,0.29980513471937253
aeeem_mylyn,static,lightgbm,5,3,264,0,0,0.0031047806318386935
aeeem_mylyn,static,lightgbm,5,3,265,0,0,0.006443427688653697
aeeem_mylyn,static,lightgbm,5,3,268,0,0,0.026725464371153626
aeeem_mylyn,static,lightgbm,5,3,270,0,0,0.0067171565922536395
aeeem_mylyn,static,lightgbm,5,3,289,1,0,0.05672660281051984
aeeem_mylyn,static,lightgbm,5,3,290,0,0,0.022923978516756007
aeeem_mylyn,static,lightgbm,5,3,291,1,1,0.7534001030979244
aeeem_mylyn,static,lightgbm,5,3,309,0,0,0.15218396642236443
aeeem_mylyn,static,lightgbm,5,3,310,0,0,0.4699303179450068
aeeem_mylyn,static,lightgbm,5,3,312,0,0,0.2591464230540321
aeeem_mylyn,static,lightgbm,5,3,313,0,0,0.010722029052299754
aeeem_mylyn,static,lightgbm,5,3,314,0,0,0.015597585045501216
aeeem_mylyn,static,lightgbm,5,3,321,0,0,0.004101632253653446
aeeem_mylyn,static,lightgbm,5,3,340,0,0,0.03968716295524747
aeeem_mylyn,static,lightgbm,5,3,359,0,0,0.027268825680439382
aeeem_mylyn,static,lightgbm,5,3,366,0,0,0.31775868624554443
aeeem_mylyn,static,lightgbm,5,3,377,0,0,0.024506948975309136
aeeem_mylyn,static,lightgbm,5,3,390,0,0,0.02554220077704665
aeeem_mylyn,static,lightgbm,5,3,395,0,0,0.002225468643582198
aeeem_mylyn,static,lightgbm,5,3,396,0,0,0.08607623656020975
aeeem_mylyn,static,lightgbm,5,3,398,0,0,0.0025041710231408884
aeeem_mylyn,static,lightgbm,5,3,408,0,0,0.026662304102821766
aeeem_mylyn,static,lightgbm,5,3,411,0,0,0.08467474255200205
aeeem_mylyn,static,lightgbm,5,3,417,0,0,0.0682788120824187
aeeem_mylyn,static,lightgbm,5,3,420,0,1,0.8063969234427076
aeeem_mylyn,static,lightgbm,5,3,425,0,0,0.10415175993216139
aeeem_mylyn,static,lightgbm,5,3,440,0,0,0.04746654444954482
aeeem_mylyn,static,lightgbm,5,3,447,0,1,0.6817883637015094
aeeem_mylyn,static,lightgbm,5,3,449,0,0,0.09722690403750239
aeeem_mylyn,static,lightgbm,5,3,453,0,0,0.0751436851621933
aeeem_mylyn,static,lightgbm,5,3,455,1,0,0.018668288207494273
aeeem_mylyn,static,lightgbm,5,3,459,1,1,0.5962568386527475
aeeem_mylyn,static,lightgbm,5,3,462,0,0,0.011638720254853956
aeeem_mylyn,static,lightgbm,5,3,479,0,0,0.09154842612317157
aeeem_mylyn,static,lightgbm,5,3,485,0,0,0.0016396502741722766
aeeem_mylyn,static,lightgbm,5,3,498,1,0,0.2966647468328696
aeeem_mylyn,static,lightgbm,5,3,500,0,0,0.1802888326209003
aeeem_mylyn,static,lightgbm,5,3,503,0,0,0.0065892372315632915
aeeem_mylyn,static,lightgbm,5,3,504,0,0,0.31775868624554443
aeeem_mylyn,static,lightgbm,5,3,507,0,0,0.3841573897254934
aeeem_mylyn,static,lightgbm,5,3,508,0,0,0.0640823434891202
aeeem_mylyn,static,lightgbm,5,3,512,0,0,0.009066431172830743
aeeem_mylyn,static,lightgbm,5,3,535,0,1,0.6825357469348536
aeeem_mylyn,static,lightgbm,5,3,537,0,0,0.20497987204465515
aeeem_mylyn,static,lightgbm,5,3,540,0,0,0.021594017381749393
aeeem_mylyn,static,lightgbm,5,3,543,1,0,0.12808815423079092
aeeem_mylyn,static,lightgbm,5,3,545,1,0,0.026003059504047438
aeeem_mylyn,static,lightgbm,5,3,552,1,1,0.6482360826427385
aeeem_mylyn,static,lightgbm,5,3,557,1,1,0.8938424805929742
aeeem_mylyn,static,lightgbm,5,3,561,1,0,0.032032874478232075
aeeem_mylyn,static,lightgbm,5,3,562,0,0,0.012076111321812513
aeeem_mylyn,static,lightgbm,5,3,566,0,0,0.046229245427170704
aeeem_mylyn,static,lightgbm,5,3,572,0,0,0.004126279192945862
aeeem_mylyn,static,lightgbm,5,3,574,0,0,0.0071265139566687695
aeeem_mylyn,static,lightgbm,5,3,575,0,0,0.011166643238325846
aeeem_mylyn,static,lightgbm,5,3,578,0,0,0.0018435142485348248
aeeem_mylyn,static,lightgbm,5,3,580,0,0,0.08797959790687554
aeeem_mylyn,static,lightgbm,5,3,588,0,1,0.8627712681136193
aeeem_mylyn,static,lightgbm,5,3,591,0,0,0.0027387528098889334
aeeem_mylyn,static,lightgbm,5,3,592,0,0,0.004063624525368738
aeeem_mylyn,static,lightgbm,5,3,601,0,0,0.010918157674173128
aeeem_mylyn,static,lightgbm,5,3,602,1,1,0.5117215138907998
aeeem_mylyn,static,lightgbm,5,3,606,0,0,0.15008103169362247
aeeem_mylyn,static,lightgbm,5,3,607,1,0,0.12180481780200977
aeeem_mylyn,static,lightgbm,5,3,609,0,0,0.007548847185823696
aeeem_mylyn,static,lightgbm,5,3,610,0,0,0.017371200046456738
aeeem_mylyn,static,lightgbm,5,3,618,0,1,0.6986028196478479
aeeem_mylyn,static,lightgbm,5,3,621,0,0,0.013067830669728778
aeeem_mylyn,static,lightgbm,5,3,632,0,0,0.019630205255669702
aeeem_mylyn,static,lightgbm,5,3,634,0,0,0.00439744160551672
aeeem_mylyn,static,lightgbm,5,3,638,0,0,0.012622071275888604
aeeem_mylyn,static,lightgbm,5,3,639,0,0,0.020795635199581542
aeeem_mylyn,static,lightgbm,5,3,649,0,0,0.008323574540314939
aeeem_mylyn,static,lightgbm,5,3,657,0,0,0.009895620708567728
aeeem_mylyn,static,lightgbm,5,3,672,0,0,0.018289763347239436
aeeem_mylyn,static,lightgbm,5,3,678,0,0,0.008331893411069371
aeeem_mylyn,static,lightgbm,5,3,685,0,0,0.12161837654707473
aeeem_mylyn,static,lightgbm,5,3,691,0,0,0.013622287058589014
aeeem_mylyn,static,lightgbm,5,3,697,1,0,0.0541026944176023
aeeem_mylyn,static,lightgbm,5,3,702,0,0,0.01473103639808743
aeeem_mylyn,static,lightgbm,5,3,704,0,0,0.1836681321302091
aeeem_mylyn,static,lightgbm,5,3,711,0,0,0.03822409938994069
aeeem_mylyn,static,lightgbm,5,3,714,0,0,0.07881739534138066
aeeem_mylyn,static,lightgbm,5,3,719,0,0,0.29613997295024497
aeeem_mylyn,static,lightgbm,5,3,727,0,0,0.020076434344569218
aeeem_mylyn,static,lightgbm,5,3,728,0,0,0.006743440933837367
aeeem_mylyn,static,lightgbm,5,3,733,0,0,0.23168894495684475
aeeem_mylyn,static,lightgbm,5,3,743,0,0,0.010566456064692049
aeeem_mylyn,static,lightgbm,5,3,746,0,0,0.05327726743141867
aeeem_mylyn,static,lightgbm,5,3,757,0,0,0.06775269838311757
aeeem_mylyn,static,lightgbm,5,3,760,0,0,0.015959179341014866
aeeem_mylyn,static,lightgbm,5,3,773,0,0,0.03474819488373348
aeeem_mylyn,static,lightgbm,5,3,785,1,0,0.06811359239339464
aeeem_mylyn,static,lightgbm,5,3,788,0,0,0.010472285205110864
aeeem_mylyn,static,lightgbm,5,3,789,0,0,0.007981867483612393
aeeem_mylyn,static,lightgbm,5,3,794,0,1,0.9549370900116312
aeeem_mylyn,static,lightgbm,5,3,798,0,0,0.05919682119151411
aeeem_mylyn,static,lightgbm,5,3,799,0,0,0.09203768688887871
aeeem_mylyn,static,lightgbm,5,3,805,0,0,0.10141786121416854
aeeem_mylyn,static,lightgbm,5,3,806,0,0,0.0630603720541907
aeeem_mylyn,static,lightgbm,5,3,814,0,0,0.08191818146057998
aeeem_mylyn,static,lightgbm,5,3,817,0,0,0.04479910221869883
aeeem_mylyn,static,lightgbm,5,3,819,1,1,0.5373052636045044
aeeem_mylyn,static,lightgbm,5,3,823,1,1,0.7388256599527102
aeeem_mylyn,static,lightgbm,5,3,825,0,1,0.7032926458186157
aeeem_mylyn,static,lightgbm,5,3,830,1,1,0.8380186024236077
aeeem_mylyn,static,lightgbm,5,3,832,1,0,0.32911632102701993
aeeem_mylyn,static,lightgbm,5,3,834,0,0,0.04926862095889052
aeeem_mylyn,static,lightgbm,5,3,837,0,0,0.016227704246627124
aeeem_mylyn,static,lightgbm,5,3,838,0,0,0.019717734153098434
aeeem_mylyn,static,lightgbm,5,3,847,0,0,0.0191149838449464
aeeem_mylyn,static,lightgbm,5,3,855,0,0,0.05856227283031433
aeeem_mylyn,static,lightgbm,5,3,863,0,0,0.07487917612890281
aeeem_mylyn,static,lightgbm,5,3,864,0,0,0.05298255407501602
aeeem_mylyn,static,lightgbm,5,3,868,1,1,0.8502416643879845
aeeem_mylyn,static,lightgbm,5,3,869,0,0,0.07303521143444763
aeeem_mylyn,static,lightgbm,5,3,875,0,0,0.01183085948328243
aeeem_mylyn,static,lightgbm,5,3,879,0,0,0.028476054763382542
aeeem_mylyn,static,lightgbm,5,3,880,0,0,0.021901105274116296
aeeem_mylyn,static,lightgbm,5,3,881,0,0,0.07662951949496775
aeeem_mylyn,static,lightgbm,5,3,893,0,0,0.36910133372305143
aeeem_mylyn,static,lightgbm,5,3,899,0,0,0.17061755059284847
aeeem_mylyn,static,lightgbm,5,3,908,0,0,0.033249943386462345
aeeem_mylyn,static,lightgbm,5,3,910,0,0,0.04021200801239205
aeeem_mylyn,static,lightgbm,5,3,916,0,0,0.004589853697089471
aeeem_mylyn,static,lightgbm,5,3,917,0,0,0.2720472543452399
aeeem_mylyn,static,lightgbm,5,3,919,0,0,0.06630877293250385
aeeem_mylyn,static,lightgbm,5,3,924,0,0,0.042916447344992815
aeeem_mylyn,static,lightgbm,5,3,929,0,0,0.09270728682433774
aeeem_mylyn,static,lightgbm,5,3,932,0,0,0.00214588601643583
aeeem_mylyn,static,lightgbm,5,3,941,0,0,0.011791344678755741
aeeem_mylyn,static,lightgbm,5,3,944,0,0,0.0065075257221015835
aeeem_mylyn,static,lightgbm,5,3,951,1,0,0.05350512297144076
aeeem_mylyn,static,lightgbm,5,3,954,0,0,0.4421792930361279
aeeem_mylyn,static,lightgbm,5,3,955,1,1,0.7902885060324738
aeeem_mylyn,static,lightgbm,5,3,959,0,0,0.03804881255402625
aeeem_mylyn,static,lightgbm,5,3,966,0,0,0.001153937834329516
aeeem_mylyn,static,lightgbm,5,3,975,0,0,0.11094858605820196
aeeem_mylyn,static,lightgbm,5,3,977,0,0,0.010931194545364228
aeeem_mylyn,static,lightgbm,5,3,980,0,0,0.21524417965273115
aeeem_mylyn,static,lightgbm,5,3,983,1,1,0.7111220274239326
aeeem_mylyn,static,lightgbm,5,3,1000,0,0,0.10261149615930276
aeeem_mylyn,static,lightgbm,5,3,1001,1,0,0.4563475796009923
aeeem_mylyn,static,lightgbm,5,3,1002,0,0,0.09935683406361316
aeeem_mylyn,static,lightgbm,5,3,1003,0,0,0.006857881680200895
aeeem_mylyn,static,lightgbm,5,3,1010,0,1,0.5007149622831395
aeeem_mylyn,static,lightgbm,5,3,1015,0,0,0.09050267790420542
aeeem_mylyn,static,lightgbm,5,3,1023,0,0,0.33705917091107285
aeeem_mylyn,static,lightgbm,5,3,1028,0,0,0.03938131806893096
aeeem_mylyn,static,lightgbm,5,3,1030,0,0,0.0920857273266573
aeeem_mylyn,static,lightgbm,5,3,1039,0,0,0.024210113307604676
aeeem_mylyn,static,lightgbm,5,3,1043,0,0,0.005707111741932673
aeeem_mylyn,static,lightgbm,5,3,1048,0,0,0.009833044930569206
aeeem_mylyn,static,lightgbm,5,3,1049,0,0,0.013777779997127973
aeeem_mylyn,static,lightgbm,5,3,1051,0,0,0.05682801752933314
aeeem_mylyn,static,lightgbm,5,3,1052,0,0,0.0030734834858709356
aeeem_mylyn,static,lightgbm,5,3,1063,0,0,0.01114742850012076
aeeem_mylyn,static,lightgbm,5,3,1065,0,0,0.05659547292191988
aeeem_mylyn,static,lightgbm,5,3,1070,0,0,0.08748109563423136
aeeem_mylyn,static,lightgbm,5,3,1071,0,1,0.6384992800148594
aeeem_mylyn,static,lightgbm,5,3,1091,0,0,0.07644245116702339
aeeem_mylyn,static,lightgbm,5,3,1093,0,0,0.09695072345925035
aeeem_mylyn,static,lightgbm,5,3,1099,0,0,0.006747040561301351
aeeem_mylyn,static,lightgbm,5,3,1100,0,0,0.13220400677496474
aeeem_mylyn,static,lightgbm,5,3,1104,0,0,0.09826554128637822
aeeem_mylyn,static,lightgbm,5,3,1109,0,0,0.11681001426955671
aeeem_mylyn,static,lightgbm,5,3,1111,0,0,0.017053925517174752
aeeem_mylyn,static,lightgbm,5,3,1113,0,0,0.0694293088214484
aeeem_mylyn,static,lightgbm,5,3,1115,0,0,0.004647394560833768
aeeem_mylyn,static,lightgbm,5,3,1116,0,0,0.03476872550500305
aeeem_mylyn,static,lightgbm,5,3,1120,0,0,0.0043777522620355135
aeeem_mylyn,static,lightgbm,5,3,1127,1,0,0.028538452896318876
aeeem_mylyn,static,lightgbm,5,3,1130,0,0,0.03601779882575985
aeeem_mylyn,static,lightgbm,5,3,1134,0,0,0.16696148818714135
aeeem_mylyn,static,lightgbm,5,3,1135,0,0,0.3366512794709171
aeeem_mylyn,static,lightgbm,5,3,1136,0,0,0.08636072088390549
aeeem_mylyn,static,lightgbm,5,3,1140,0,0,0.07291650220871594
aeeem_mylyn,static,lightgbm,5,3,1142,0,0,0.012217903608453462
aeeem_mylyn,static,lightgbm,5,3,1169,0,1,0.8938424805929742
aeeem_mylyn,static,lightgbm,5,3,1172,0,0,0.18240039044244014
aeeem_mylyn,static,lightgbm,5,3,1176,0,0,0.011826323736086716
aeeem_mylyn,static,lightgbm,5,3,1180,0,0,0.09918236796705593
aeeem_mylyn,static,lightgbm,5,3,1182,0,0,0.0036035975032797877
aeeem_mylyn,static,lightgbm,5,3,1189,0,0,0.01498853518606141
aeeem_mylyn,static,lightgbm,5,3,1190,0,0,0.17232589214357122
aeeem_mylyn,static,lightgbm,5,3,1194,0,0,0.4511002092268339
aeeem_mylyn,static,lightgbm,5,3,1197,0,0,0.20012491174554284
aeeem_mylyn,static,lightgbm,5,3,1201,0,0,0.004879519330108467
aeeem_mylyn,static,lightgbm,5,3,1212,0,0,0.183116208813806
aeeem_mylyn,static,lightgbm,5,3,1214,0,0,0.06146580784636613
aeeem_mylyn,static,lightgbm,5,3,1216,0,0,0.010026677880841302
aeeem_mylyn,static,lightgbm,5,3,1220,0,0,0.15622456000010557
aeeem_mylyn,static,lightgbm,5,3,1221,0,0,0.2147507273743781
aeeem_mylyn,static,lightgbm,5,3,1223,0,0,0.02121245026673678
aeeem_mylyn,static,lightgbm,5,3,1226,0,0,0.030964953080375283
aeeem_mylyn,static,lightgbm,5,3,1231,0,0,0.3606714159513875
aeeem_mylyn,static,lightgbm,5,3,1232,0,0,0.005098880422132758
aeeem_mylyn,static,lightgbm,5,3,1235,0,0,0.033984381288770654
aeeem_mylyn,static,lightgbm,5,3,1237,0,0,0.04429213049995099
aeeem_mylyn,static,lightgbm,5,3,1238,0,0,0.27386817441856065
aeeem_mylyn,static,lightgbm,5,3,1239,0,0,0.30931017833640573
aeeem_mylyn,static,lightgbm,5,3,1253,0,0,0.0990407594491342
aeeem_mylyn,static,lightgbm,5,3,1259,0,0,0.07974072806928827
aeeem_mylyn,static,lightgbm,5,3,1264,0,0,0.4485539046662385
aeeem_mylyn,static,lightgbm,5,3,1266,0,0,0.07586817194560447
aeeem_mylyn,static,lightgbm,5,3,1270,0,0,0.030924535471856848
aeeem_mylyn,static,lightgbm,5,3,1271,0,0,0.04716415324205086
aeeem_mylyn,static,lightgbm,5,3,1273,0,0,0.1791526535300062
aeeem_mylyn,static,lightgbm,5,3,1276,0,1,0.7945320509638021
aeeem_mylyn,static,lightgbm,5,3,1281,0,0,0.21586660304889024
aeeem_mylyn,static,lightgbm,5,3,1286,0,0,0.31015125429415913
aeeem_mylyn,static,lightgbm,5,3,1291,0,0,0.1921324084834277
aeeem_mylyn,static,lightgbm,5,3,1297,0,1,0.5809407861546746
aeeem_mylyn,static,lightgbm,5,3,1300,0,1,0.5345190327123646
aeeem_mylyn,static,lightgbm,5,3,1301,0,1,0.556637604877791
aeeem_mylyn,static,lightgbm,5,3,1303,0,0,0.13321465706160515
aeeem_mylyn,static,lightgbm,5,3,1311,0,0,0.020806857107688034
aeeem_mylyn,static,lightgbm,5,3,1314,0,0,0.12256097653806719
aeeem_mylyn,static,lightgbm,5,3,1325,0,0,0.015597095888899059
aeeem_mylyn,static,lightgbm,5,3,1335,1,0,0.35004622238375993
aeeem_mylyn,static,lightgbm,5,3,1337,0,0,0.21495507343755169
aeeem_mylyn,static,lightgbm,5,3,1345,0,0,0.03968716295524747
aeeem_mylyn,static,lightgbm,5,3,1347,0,0,0.0808103801765566
aeeem_mylyn,static,lightgbm,5,3,1354,0,0,0.1478708732599914
aeeem_mylyn,static,lightgbm,5,3,1360,0,0,0.45961622135798225
aeeem_mylyn,static,lightgbm,5,3,1361,1,0,0.27155766945722115
aeeem_mylyn,static,lightgbm,5,3,1363,0,0,0.0047786253331575206
aeeem_mylyn,static,lightgbm,5,3,1365,1,0,0.18533046770782535
aeeem_mylyn,static,lightgbm,5,3,1367,0,0,0.02525035946193326
aeeem_mylyn,static,lightgbm,5,3,1369,0,0,0.0448853191670374
aeeem_mylyn,static,lightgbm,5,3,1374,0,0,0.11138658122858457
aeeem_mylyn,static,lightgbm,5,3,1375,0,0,0.01690515669898201
aeeem_mylyn,static,lightgbm,5,3,1376,0,0,0.0010845828467884193
aeeem_mylyn,static,lightgbm,5,3,1378,1,1,0.881227533889344
aeeem_mylyn,static,lightgbm,5,3,1381,0,0,0.039636882443084075
aeeem_mylyn,static,lightgbm,5,3,1385,0,0,0.01010145711518994
aeeem_mylyn,static,lightgbm,5,3,1386,0,0,0.02713442464034228
aeeem_mylyn,static,lightgbm,5,3,1395,1,0,0.38128167574942906
aeeem_mylyn,static,lightgbm,5,3,1399,0,0,0.02423401190887858
aeeem_mylyn,static,lightgbm,5,3,1413,0,0,0.054424715255948955
aeeem_mylyn,static,lightgbm,5,3,1414,0,0,0.011155029217149887
aeeem_mylyn,static,lightgbm,5,3,1419,0,0,0.10204864617189384
aeeem_mylyn,static,lightgbm,5,3,1424,0,0,0.038209593546010494
aeeem_mylyn,static,lightgbm,5,3,1426,0,0,0.30146646212594264
aeeem_mylyn,static,lightgbm,5,3,1427,0,1,0.8280179890621668
aeeem_mylyn,static,lightgbm,5,3,1430,0,0,0.27856084972586304
aeeem_mylyn,static,lightgbm,5,3,1432,0,0,0.01528052555891145
aeeem_mylyn,static,lightgbm,5,3,1437,0,0,0.010597224486371763
aeeem_mylyn,static,lightgbm,5,3,1440,0,0,0.18938855795664564
aeeem_mylyn,static,lightgbm,5,3,1443,0,0,0.03625840376570515
aeeem_mylyn,static,lightgbm,5,3,1445,0,0,0.02681147155715676
aeeem_mylyn,static,lightgbm,5,3,1451,0,0,0.0037591399928951362
aeeem_mylyn,static,lightgbm,5,3,1460,1,1,0.8968825258029359
aeeem_mylyn,static,lightgbm,5,3,1465,1,0,0.011697848205950483
aeeem_mylyn,static,lightgbm,5,3,1477,1,0,0.43654096927700664
aeeem_mylyn,static,lightgbm,5,3,1484,0,0,0.00432850930325183
aeeem_mylyn,static,lightgbm,5,3,1488,0,1,0.9291699255862385
aeeem_mylyn,static,lightgbm,5,3,1490,1,0,0.020399421409073134
aeeem_mylyn,static,lightgbm,5,3,1493,1,1,0.9008709757863249
aeeem_mylyn,static,lightgbm,5,3,1495,0,0,0.31297890451564675
aeeem_mylyn,static,lightgbm,5,3,1503,0,0,0.016613538169617335
aeeem_mylyn,static,lightgbm,5,3,1509,0,0,0.4464580671957532
aeeem_mylyn,static,lightgbm,5,3,1520,0,0,0.31775868624554443
aeeem_mylyn,static,lightgbm,5,3,1522,0,1,0.5853019292292405
aeeem_mylyn,static,lightgbm,5,3,1524,0,0,0.05813153231263615
aeeem_mylyn,static,lightgbm,5,3,1526,0,0,0.001995502430514812
aeeem_mylyn,static,lightgbm,5,3,1527,0,0,0.03515670909145434
aeeem_mylyn,static,lightgbm,5,3,1554,0,0,0.01272422448143423
aeeem_mylyn,static,lightgbm,5,3,1557,0,0,0.17553558057360386
aeeem_mylyn,static,lightgbm,5,3,1565,1,0,0.0593565994523633
aeeem_mylyn,static,lightgbm,5,3,1572,0,0,0.19213837351579555
aeeem_mylyn,static,lightgbm,5,3,1574,1,1,0.7409770559886586
aeeem_mylyn,static,lightgbm,5,3,1581,0,0,0.04467979540108501
aeeem_mylyn,static,lightgbm,5,3,1583,0,1,0.5838554869386534
aeeem_mylyn,static,lightgbm,5,3,1586,1,1,0.7449522656464473
aeeem_mylyn,static,lightgbm,5,3,1593,0,0,0.015118442472813808
aeeem_mylyn,static,lightgbm,5,3,1596,0,0,0.17778131628432262
aeeem_mylyn,static,lightgbm,5,3,1604,0,0,0.003098892900463918
aeeem_mylyn,static,lightgbm,5,3,1611,0,0,0.017434380722552302
aeeem_mylyn,static,lightgbm,5,3,1616,0,0,0.0057498472635083946
aeeem_mylyn,static,lightgbm,5,3,1618,0,1,0.5676025057716961
aeeem_mylyn,static,lightgbm,5,3,1628,0,0,0.055273932130886654
aeeem_mylyn,static,lightgbm,5,3,1636,0,0,0.07342248781573098
aeeem_mylyn,static,lightgbm,5,3,1637,0,0,0.25498287341226183
aeeem_mylyn,static,lightgbm,5,3,1645,1,0,0.02818580219162565
aeeem_mylyn,static,lightgbm,5,3,1656,0,0,0.17981460606431074
aeeem_mylyn,static,lightgbm,5,3,1660,0,0,0.009475331784411695
aeeem_mylyn,static,lightgbm,5,3,1672,0,1,0.5226928310779684
aeeem_mylyn,static,lightgbm,5,3,1684,0,0,0.05883746855323967
aeeem_mylyn,static,lightgbm,5,3,1685,0,0,0.017860341803379916
aeeem_mylyn,static,lightgbm,5,3,1686,0,0,0.12412290616155322
aeeem_mylyn,static,lightgbm,5,3,1690,0,0,0.028318520192463573
aeeem_mylyn,static,lightgbm,5,3,1691,0,0,0.013672311651317779
aeeem_mylyn,static,lightgbm,5,3,1693,0,0,0.15148667468632215
aeeem_mylyn,static,lightgbm,5,3,1697,1,0,0.2587005286174247
aeeem_mylyn,static,lightgbm,5,3,1701,0,0,0.03814737768138581
aeeem_mylyn,static,lightgbm,5,3,1702,0,1,0.9935408142003747
aeeem_mylyn,static,lightgbm,5,3,1703,0,0,0.20176116870102223
aeeem_mylyn,static,lightgbm,5,3,1705,0,0,0.009516323481131713
aeeem_mylyn,static,lightgbm,5,3,1710,0,0,0.008198951593510917
aeeem_mylyn,static,lightgbm,5,3,1711,0,0,0.2492808186975488
aeeem_mylyn,static,lightgbm,5,3,1732,1,0,0.10842152907771554
aeeem_mylyn,static,lightgbm,5,3,1740,0,0,0.03408057749947566
aeeem_mylyn,static,lightgbm,5,3,1742,0,0,0.024686277395103512
aeeem_mylyn,static,lightgbm,5,3,1744,0,0,0.0579237279093809
aeeem_mylyn,static,lightgbm,5,3,1746,0,0,0.0025348841625658005
aeeem_mylyn,static,lightgbm,5,3,1753,0,0,0.31775868624554443
aeeem_mylyn,static,lightgbm,5,3,1756,1,1,0.8173779186477091
aeeem_mylyn,static,lightgbm,5,3,1759,1,1,0.9495953496035134
aeeem_mylyn,static,lightgbm,5,3,1760,0,0,0.08318419161039366
aeeem_mylyn,static,lightgbm,5,3,1762,0,0,0.1800998264170176
aeeem_mylyn,static,lightgbm,5,3,1773,0,0,0.006746275404054081
aeeem_mylyn,static,lightgbm,5,3,1782,0,0,0.001626755230297455
aeeem_mylyn,static,lightgbm,5,3,1787,0,0,0.350869796996554
aeeem_mylyn,static,lightgbm,5,3,1797,0,0,0.014144953877453592
aeeem_mylyn,static,lightgbm,5,3,1804,0,0,0.04882339286629754
aeeem_mylyn,static,lightgbm,5,3,1810,0,0,0.013317351689716837
aeeem_mylyn,static,lightgbm,5,3,1811,0,1,0.8968825258029359
aeeem_mylyn,static,lightgbm,5,3,1814,0,0,0.008918072065996268
aeeem_mylyn,static,lightgbm,5,3,1820,0,0,0.012755719485448116
aeeem_mylyn,static,lightgbm,5,3,1821,0,0,0.12525686270072942
aeeem_mylyn,static,lightgbm,5,3,1829,0,1,0.7527580798267273
aeeem_mylyn,static,lightgbm,5,3,1833,0,0,0.0018178920461646602
aeeem_mylyn,static,lightgbm,5,3,1839,0,0,0.013009733153109136
aeeem_mylyn,static,lightgbm,5,3,1843,0,1,0.839784165223289
aeeem_mylyn,static,lightgbm,5,3,1858,0,0,0.0069651758555149155
aeeem_mylyn,static,lightgbm,5,4,2,0,0,0.007833658835433669
aeeem_mylyn,static,lightgbm,5,4,5,0,0,0.01124423423818485
aeeem_mylyn,static,lightgbm,5,4,8,0,0,0.11604606817830848
aeeem_mylyn,static,lightgbm,5,4,38,0,0,0.007883730295075555
aeeem_mylyn,static,lightgbm,5,4,39,0,0,0.10806189676916578
aeeem_mylyn,static,lightgbm,5,4,40,1,1,0.8400399656075561
aeeem_mylyn,static,lightgbm,5,4,49,0,0,0.30162592219108264
aeeem_mylyn,static,lightgbm,5,4,50,0,0,0.1521635650588497
aeeem_mylyn,static,lightgbm,5,4,56,1,0,0.07181884766054722
aeeem_mylyn,static,lightgbm,5,4,64,0,0,0.298896152083958
aeeem_mylyn,static,lightgbm,5,4,65,0,0,0.01741668313843223
aeeem_mylyn,static,lightgbm,5,4,66,0,0,0.006494963867762948
aeeem_mylyn,static,lightgbm,5,4,67,0,1,0.8876360698961245
aeeem_mylyn,static,lightgbm,5,4,71,0,0,0.016639168003608696
aeeem_mylyn,static,lightgbm,5,4,72,0,0,0.23025972343921036
aeeem_mylyn,static,lightgbm,5,4,73,0,0,0.03489887019290849
aeeem_mylyn,static,lightgbm,5,4,80,0,1,0.9923510695277845
aeeem_mylyn,static,lightgbm,5,4,85,0,0,0.13724062750980257
aeeem_mylyn,static,lightgbm,5,4,87,0,0,0.015914083479199388
aeeem_mylyn,static,lightgbm,5,4,92,0,0,0.009258637320243488
aeeem_mylyn,static,lightgbm,5,4,97,0,0,0.053338544608820565
aeeem_mylyn,static,lightgbm,5,4,100,0,0,0.14755927442782954
aeeem_mylyn,static,lightgbm,5,4,106,0,0,0.10015206951412906
aeeem_mylyn,static,lightgbm,5,4,108,0,0,0.18934744775801982
aeeem_mylyn,static,lightgbm,5,4,109,0,0,0.0033705671681491293
aeeem_mylyn,static,lightgbm,5,4,113,1,0,0.20508957166329164
aeeem_mylyn,static,lightgbm,5,4,117,0,0,0.4919847731798469
aeeem_mylyn,static,lightgbm,5,4,124,0,0,0.13678452693378165
aeeem_mylyn,static,lightgbm,5,4,126,0,0,0.001548673366973262
aeeem_mylyn,static,lightgbm,5,4,145,0,0,0.13339100622382138
aeeem_mylyn,static,lightgbm,5,4,146,0,0,0.10439443849069274
aeeem_mylyn,static,lightgbm,5,4,149,0,0,0.13299070854340292
aeeem_mylyn,static,lightgbm,5,4,150,0,0,0.0044741532677377
aeeem_mylyn,static,lightgbm,5,4,159,0,0,0.03311091715547056
aeeem_mylyn,static,lightgbm,5,4,163,0,0,0.019757780086647976
aeeem_mylyn,static,lightgbm,5,4,175,0,0,0.00873383993073397
aeeem_mylyn,static,lightgbm,5,4,178,0,0,0.0031958642636460465
aeeem_mylyn,static,lightgbm,5,4,182,0,0,0.006216846939340828
aeeem_mylyn,static,lightgbm,5,4,189,0,0,0.04691143415820691
aeeem_mylyn,static,lightgbm,5,4,194,0,0,0.22554169598456963
aeeem_mylyn,static,lightgbm,5,4,206,0,0,0.019688873513199777
aeeem_mylyn,static,lightgbm,5,4,209,1,1,0.9330225496164363
aeeem_mylyn,static,lightgbm,5,4,218,0,0,0.06711006422002215
aeeem_mylyn,static,lightgbm,5,4,222,1,1,0.9005100088691312
aeeem_mylyn,static,lightgbm,5,4,224,0,1,0.6535936641130498
aeeem_mylyn,static,lightgbm,5,4,230,0,0,0.03026745556939601
aeeem_mylyn,static,lightgbm,5,4,240,0,0,0.013408913784431325
aeeem_mylyn,static,lightgbm,5,4,256,0,0,0.01739182933345494
aeeem_mylyn,static,lightgbm,5,4,269,0,0,0.0018926927041194364
aeeem_mylyn,static,lightgbm,5,4,271,0,0,0.1309559259994814
aeeem_mylyn,static,lightgbm,5,4,272,1,1,0.5336151380617168
aeeem_mylyn,static,lightgbm,5,4,275,0,0,0.13948086300057377
aeeem_mylyn,static,lightgbm,5,4,276,0,0,0.04057224148088101
aeeem_mylyn,static,lightgbm,5,4,282,0,0,0.03973995832419635
aeeem_mylyn,static,lightgbm,5,4,284,0,0,0.017785230668224652
aeeem_mylyn,static,lightgbm,5,4,286,0,0,0.17234265466823415
aeeem_mylyn,static,lightgbm,5,4,287,0,0,0.363386383300655
aeeem_mylyn,static,lightgbm,5,4,292,0,0,0.11978079981602652
aeeem_mylyn,static,lightgbm,5,4,293,0,0,0.007123186424507861
aeeem_mylyn,static,lightgbm,5,4,299,0,0,0.02123921342248151
aeeem_mylyn,static,lightgbm,5,4,316,1,1,0.7811339428588923
aeeem_mylyn,static,lightgbm,5,4,318,0,0,0.0043755787886323805
aeeem_mylyn,static,lightgbm,5,4,322,0,0,0.24072496398334625
aeeem_mylyn,static,lightgbm,5,4,328,0,0,0.012773036850222436
aeeem_mylyn,static,lightgbm,5,4,331,0,0,0.4240419175857614
aeeem_mylyn,static,lightgbm,5,4,333,0,0,0.008016783712770224
aeeem_mylyn,static,lightgbm,5,4,334,0,0,0.12815918407529467
aeeem_mylyn,static,lightgbm,5,4,337,1,0,0.14324080481324433
aeeem_mylyn,static,lightgbm,5,4,346,0,0,0.054588071345337504
aeeem_mylyn,static,lightgbm,5,4,353,0,0,0.004603887310230993
aeeem_mylyn,static,lightgbm,5,4,355,0,0,0.15219076602525483
aeeem_mylyn,static,lightgbm,5,4,356,0,0,0.1318612553655638
aeeem_mylyn,static,lightgbm,5,4,358,0,0,0.006372633423809201
aeeem_mylyn,static,lightgbm,5,4,362,0,0,0.4436834393384777
aeeem_mylyn,static,lightgbm,5,4,370,0,0,0.032292623137855324
aeeem_mylyn,static,lightgbm,5,4,378,0,0,0.008189063064629172
aeeem_mylyn,static,lightgbm,5,4,381,0,0,0.06711006422002215
aeeem_mylyn,static,lightgbm,5,4,385,0,0,0.2242921274452604
aeeem_mylyn,static,lightgbm,5,4,386,0,0,0.2960713316803122
aeeem_mylyn,static,lightgbm,5,4,387,0,0,0.009273856401596066
aeeem_mylyn,static,lightgbm,5,4,388,0,0,0.009575847092909992
aeeem_mylyn,static,lightgbm,5,4,391,0,0,0.003454709872143608
aeeem_mylyn,static,lightgbm,5,4,392,0,0,0.0033446333172817717
aeeem_mylyn,static,lightgbm,5,4,394,0,0,0.013160447319583681
aeeem_mylyn,static,lightgbm,5,4,401,0,0,0.0004929761819039905
aeeem_mylyn,static,lightgbm,5,4,402,0,0,0.06422558397592448
aeeem_mylyn,static,lightgbm,5,4,404,0,0,0.0964979055616175
aeeem_mylyn,static,lightgbm,5,4,405,0,0,0.13833934250809987
aeeem_mylyn,static,lightgbm,5,4,412,0,0,0.29706905738479605
aeeem_mylyn,static,lightgbm,5,4,413,1,1,0.7483640537697841
aeeem_mylyn,static,lightgbm,5,4,419,0,0,0.020250313665449576
aeeem_mylyn,static,lightgbm,5,4,424,0,0,0.0857150968286474
aeeem_mylyn,static,lightgbm,5,4,430,0,0,0.001405538582546974
aeeem_mylyn,static,lightgbm,5,4,433,1,0,0.008733733599271412
aeeem_mylyn,static,lightgbm,5,4,435,0,0,0.010274013910585324
aeeem_mylyn,static,lightgbm,5,4,436,0,0,0.057239920773939953
aeeem_mylyn,static,lightgbm,5,4,445,1,1,0.7553248669359458
aeeem_mylyn,static,lightgbm,5,4,446,0,0,0.025310655509875758
aeeem_mylyn,static,lightgbm,5,4,450,1,0,0.3146335398091105
aeeem_mylyn,static,lightgbm,5,4,460,0,0,0.0035686667825720873
aeeem_mylyn,static,lightgbm,5,4,468,0,0,0.10344944900992409
aeeem_mylyn,static,lightgbm,5,4,470,0,0,0.004513531812984034
aeeem_mylyn,static,lightgbm,5,4,477,0,0,0.135585724478122
aeeem_mylyn,static,lightgbm,5,4,478,0,1,0.882196408939142
aeeem_mylyn,static,lightgbm,5,4,497,0,0,0.04171459774527825
aeeem_mylyn,static,lightgbm,5,4,499,0,0,0.012507526357723682
aeeem_mylyn,static,lightgbm,5,4,513,0,1,0.6224680348667229
aeeem_mylyn,static,lightgbm,5,4,514,1,0,0.45731881706125416
aeeem_mylyn,static,lightgbm,5,4,518,0,0,0.38355002519979986
aeeem_mylyn,static,lightgbm,5,4,523,0,0,0.053157516517528904
aeeem_mylyn,static,lightgbm,5,4,525,0,0,0.014785292627440959
aeeem_mylyn,static,lightgbm,5,4,533,0,0,0.14810159722931782
aeeem_mylyn,static,lightgbm,5,4,536,0,0,0.0777226911137422
aeeem_mylyn,static,lightgbm,5,4,541,1,1,0.7389767642296461
aeeem_mylyn,static,lightgbm,5,4,544,0,0,0.047255411073614834
aeeem_mylyn,static,lightgbm,5,4,547,0,0,0.18976710069538263
aeeem_mylyn,static,lightgbm,5,4,549,0,0,0.10724573715355219
aeeem_mylyn,static,lightgbm,5,4,554,0,0,0.01084337221952148
aeeem_mylyn,static,lightgbm,5,4,559,0,0,0.019281978613081622
aeeem_mylyn,static,lightgbm,5,4,565,0,0,0.46096380202541715
aeeem_mylyn,static,lightgbm,5,4,571,0,0,0.26302157477931093
aeeem_mylyn,static,lightgbm,5,4,583,0,0,0.007237056127163747
aeeem_mylyn,static,lightgbm,5,4,585,0,0,0.1437281927130009
aeeem_mylyn,static,lightgbm,5,4,589,1,0,0.18566667670743311
aeeem_mylyn,static,lightgbm,5,4,594,0,0,0.1916794223204333
aeeem_mylyn,static,lightgbm,5,4,600,1,0,0.03082088585871521
aeeem_mylyn,static,lightgbm,5,4,611,0,0,0.009764472775710766
aeeem_mylyn,static,lightgbm,5,4,617,0,0,0.0973349146921078
aeeem_mylyn,static,lightgbm,5,4,619,1,0,0.2422293287977195
aeeem_mylyn,static,lightgbm,5,4,623,0,0,0.0684981559402592
aeeem_mylyn,static,lightgbm,5,4,630,0,0,0.01921585869477603
aeeem_mylyn,static,lightgbm,5,4,631,0,0,0.45204229678500935
aeeem_mylyn,static,lightgbm,5,4,633,0,0,0.0021590265000061117
aeeem_mylyn,static,lightgbm,5,4,641,0,0,0.04798952276284717
aeeem_mylyn,static,lightgbm,5,4,656,0,0,0.17300244601533518
aeeem_mylyn,static,lightgbm,5,4,667,0,0,0.038267757165332546
aeeem_mylyn,static,lightgbm,5,4,675,0,0,0.0033873407565357914
aeeem_mylyn,static,lightgbm,5,4,676,0,0,0.03311091715547056
aeeem_mylyn,static,lightgbm,5,4,683,0,0,0.06711006422002215
aeeem_mylyn,static,lightgbm,5,4,686,0,0,0.003052824345893883
aeeem_mylyn,static,lightgbm,5,4,687,0,0,0.024189402522808892
aeeem_mylyn,static,lightgbm,5,4,688,0,0,0.3616853229198901
aeeem_mylyn,static,lightgbm,5,4,690,0,0,0.043459465248118154
aeeem_mylyn,static,lightgbm,5,4,696,0,0,0.022807935901540545
aeeem_mylyn,static,lightgbm,5,4,703,0,1,0.5611873315144915
aeeem_mylyn,static,lightgbm,5,4,716,0,0,0.023292261777998525
aeeem_mylyn,static,lightgbm,5,4,718,0,0,0.07809559792104862
aeeem_mylyn,static,lightgbm,5,4,725,0,0,0.023774736974544665
aeeem_mylyn,static,lightgbm,5,4,730,1,1,0.9005100088691312
aeeem_mylyn,static,lightgbm,5,4,735,0,0,0.03160005430455327
aeeem_mylyn,static,lightgbm,5,4,736,0,0,0.10806189676916578
aeeem_mylyn,static,lightgbm,5,4,741,0,1,0.708453363637936
aeeem_mylyn,static,lightgbm,5,4,742,0,0,0.004443900009699363
aeeem_mylyn,static,lightgbm,5,4,747,0,0,0.10055275633203013
aeeem_mylyn,static,lightgbm,5,4,748,0,0,0.0033705671681491293
aeeem_mylyn,static,lightgbm,5,4,754,0,0,0.0048823143169512495
aeeem_mylyn,static,lightgbm,5,4,759,0,0,0.018407139242380906
aeeem_mylyn,static,lightgbm,5,4,764,0,0,0.3029036964676738
aeeem_mylyn,static,lightgbm,5,4,779,0,0,0.0033873407565357914
aeeem_mylyn,static,lightgbm,5,4,786,0,0,0.45913077824299614
aeeem_mylyn,static,lightgbm,5,4,792,1,0,0.0884281503498655
aeeem_mylyn,static,lightgbm,5,4,793,0,0,0.08732973666163649
aeeem_mylyn,static,lightgbm,5,4,808,0,0,0.010946762173491281
aeeem_mylyn,static,lightgbm,5,4,815,0,0,0.16732347818788718
aeeem_mylyn,static,lightgbm,5,4,820,0,0,0.37920674850543173
aeeem_mylyn,static,lightgbm,5,4,822,0,0,0.005167591183020065
aeeem_mylyn,static,lightgbm,5,4,824,0,0,0.03240010453136543
aeeem_mylyn,static,lightgbm,5,4,833,0,0,0.1962132880283225
aeeem_mylyn,static,lightgbm,5,4,845,1,0,0.23430068526115605
aeeem_mylyn,static,lightgbm,5,4,846,0,0,0.0037014792643766292
aeeem_mylyn,static,lightgbm,5,4,850,0,0,0.02408138665293573
aeeem_mylyn,static,lightgbm,5,4,852,0,0,0.10996522508651284
aeeem_mylyn,static,lightgbm,5,4,862,0,0,0.0058442911616852725
aeeem_mylyn,static,lightgbm,5,4,873,0,0,0.003930725948249187
aeeem_mylyn,static,lightgbm,5,4,884,0,1,0.7046622315809002
aeeem_mylyn,static,lightgbm,5,4,897,1,0,0.16682366919407995
aeeem_mylyn,static,lightgbm,5,4,898,0,0,0.053487639547120235
aeeem_mylyn,static,lightgbm,5,4,903,0,1,0.6700114497774174
aeeem_mylyn,static,lightgbm,5,4,907,0,0,0.12809536366039304
aeeem_mylyn,static,lightgbm,5,4,909,0,0,0.13259105793476608
aeeem_mylyn,static,lightgbm,5,4,912,0,1,0.9938732435857209
aeeem_mylyn,static,lightgbm,5,4,920,0,0,0.21125838282967632
aeeem_mylyn,static,lightgbm,5,4,936,0,0,0.04532265038073363
aeeem_mylyn,static,lightgbm,5,4,937,0,0,0.22546834002436242
aeeem_mylyn,static,lightgbm,5,4,946,0,1,0.5337983807226004
aeeem_mylyn,static,lightgbm,5,4,952,0,0,0.028038733181276653
aeeem_mylyn,static,lightgbm,5,4,964,0,0,0.10976892352120822
aeeem_mylyn,static,lightgbm,5,4,979,1,0,0.002137251792393554
aeeem_mylyn,static,lightgbm,5,4,982,0,0,0.028677125479032384
aeeem_mylyn,static,lightgbm,5,4,991,0,1,0.752392148552594
aeeem_mylyn,static,lightgbm,5,4,995,1,0,0.05659777436973436
aeeem_mylyn,static,lightgbm,5,4,999,1,0,0.15246714759783833
aeeem_mylyn,static,lightgbm,5,4,1014,1,0,0.20472894703166225
aeeem_mylyn,static,lightgbm,5,4,1018,0,0,0.00408741618803322
aeeem_mylyn,static,lightgbm,5,4,1024,0,0,0.16253847122331905
aeeem_mylyn,static,lightgbm,5,4,1032,0,0,0.3922214508319571
aeeem_mylyn,static,lightgbm,5,4,1033,0,0,0.03681683531077458
aeeem_mylyn,static,lightgbm,5,4,1036,0,1,0.6269283542936335
aeeem_mylyn,static,lightgbm,5,4,1044,1,1,0.8849979217689514
aeeem_mylyn,static,lightgbm,5,4,1053,0,0,0.013250997088093724
aeeem_mylyn,static,lightgbm,5,4,1054,0,0,0.009968347337534805
aeeem_mylyn,static,lightgbm,5,4,1055,0,1,0.5450092802457961
aeeem_mylyn,static,lightgbm,5,4,1059,0,0,0.09193318223435752
aeeem_mylyn,static,lightgbm,5,4,1066,0,1,0.7262144726794816
aeeem_mylyn,static,lightgbm,5,4,1067,0,0,0.030355953191881356
aeeem_mylyn,static,lightgbm,5,4,1072,0,0,0.26768060486903544
aeeem_mylyn,static,lightgbm,5,4,1081,0,0,0.009208362603635828
aeeem_mylyn,static,lightgbm,5,4,1086,0,0,0.020229210570438014
aeeem_mylyn,static,lightgbm,5,4,1089,0,0,0.00538591849559297
aeeem_mylyn,static,lightgbm,5,4,1090,0,0,0.05393751250274509
aeeem_mylyn,static,lightgbm,5,4,1096,0,0,0.02620711607416184
aeeem_mylyn,static,lightgbm,5,4,1097,0,0,0.028928360826944687
aeeem_mylyn,static,lightgbm,5,4,1102,0,0,0.076639125489932
aeeem_mylyn,static,lightgbm,5,4,1105,0,0,0.03930311141557901
aeeem_mylyn,static,lightgbm,5,4,1112,0,1,0.6139024409456211
aeeem_mylyn,static,lightgbm,5,4,1122,0,0,0.025514212196297965
aeeem_mylyn,static,lightgbm,5,4,1124,0,0,0.030171026815380357
aeeem_mylyn,static,lightgbm,5,4,1128,0,0,0.006205329425517871
aeeem_mylyn,static,lightgbm,5,4,1131,0,0,0.02412396775116922
aeeem_mylyn,static,lightgbm,5,4,1132,0,0,0.10806189676916578
aeeem_mylyn,static,lightgbm,5,4,1138,0,0,0.0026308109307893314
aeeem_mylyn,static,lightgbm,5,4,1139,1,1,0.9659235245061724
aeeem_mylyn,static,lightgbm,5,4,1141,1,0,0.24709073453032954
aeeem_mylyn,static,lightgbm,5,4,1143,0,0,0.01584384474827794
aeeem_mylyn,static,lightgbm,5,4,1144,0,0,0.4922218854924778
aeeem_mylyn,static,lightgbm,5,4,1146,0,0,0.010801853131199982
aeeem_mylyn,static,lightgbm,5,4,1147,0,0,0.06269348518520033
aeeem_mylyn,static,lightgbm,5,4,1148,1,0,0.044844197083513414
aeeem_mylyn,static,lightgbm,5,4,1150,0,0,0.08224706621130291
aeeem_mylyn,static,lightgbm,5,4,1154,0,0,0.04921736160195198
aeeem_mylyn,static,lightgbm,5,4,1156,0,0,0.10578655947153832
aeeem_mylyn,static,lightgbm,5,4,1160,1,0,0.10806189676916578
aeeem_mylyn,static,lightgbm,5,4,1164,0,1,0.7076311581695238
aeeem_mylyn,static,lightgbm,5,4,1175,0,0,0.2091389337460065
aeeem_mylyn,static,lightgbm,5,4,1188,0,0,0.026190596935211807
aeeem_mylyn,static,lightgbm,5,4,1193,0,0,0.016528465249282323
aeeem_mylyn,static,lightgbm,5,4,1202,0,0,0.0022147362171226048
aeeem_mylyn,static,lightgbm,5,4,1203,0,0,0.004443900009699363
aeeem_mylyn,static,lightgbm,5,4,1210,0,0,0.11257454635264878
aeeem_mylyn,static,lightgbm,5,4,1217,0,0,0.03800348963892689
aeeem_mylyn,static,lightgbm,5,4,1224,0,0,0.16765398052166458
aeeem_mylyn,static,lightgbm,5,4,1227,0,0,0.02214233930478543
aeeem_mylyn,static,lightgbm,5,4,1233,0,0,0.3323612447792118
aeeem_mylyn,static,lightgbm,5,4,1234,0,0,0.02080310485093079
aeeem_mylyn,static,lightgbm,5,4,1247,0,0,0.10030967433185446
aeeem_mylyn,static,lightgbm,5,4,1250,0,0,0.006071971341782192
aeeem_mylyn,static,lightgbm,5,4,1254,0,0,0.0796214756551705
aeeem_mylyn,static,lightgbm,5,4,1256,1,0,0.009208362603635828
aeeem_mylyn,static,lightgbm,5,4,1261,0,0,0.02681662557309918
aeeem_mylyn,static,lightgbm,5,4,1262,1,1,0.7507045446241427
aeeem_mylyn,static,lightgbm,5,4,1263,0,0,0.4991751647424481
aeeem_mylyn,static,lightgbm,5,4,1275,0,0,0.0983466503545508
aeeem_mylyn,static,lightgbm,5,4,1289,0,0,0.20564625011877496
aeeem_mylyn,static,lightgbm,5,4,1296,0,0,0.004443900009699363
aeeem_mylyn,static,lightgbm,5,4,1304,0,0,0.13357900660664365
aeeem_mylyn,static,lightgbm,5,4,1308,0,0,0.3268348658527809
aeeem_mylyn,static,lightgbm,5,4,1310,0,0,0.020493791635024024
aeeem_mylyn,static,lightgbm,5,4,1313,1,0,0.05793684333085484
aeeem_mylyn,static,lightgbm,5,4,1327,0,0,0.0394242116987283
aeeem_mylyn,static,lightgbm,5,4,1328,1,0,0.0525291341560094
aeeem_mylyn,static,lightgbm,5,4,1332,1,1,0.6396763541523725
aeeem_mylyn,static,lightgbm,5,4,1333,0,0,0.014133887910912834
aeeem_mylyn,static,lightgbm,5,4,1334,0,0,0.06739587966837318
aeeem_mylyn,static,lightgbm,5,4,1336,0,0,0.004106474799894009
aeeem_mylyn,static,lightgbm,5,4,1339,0,0,0.016692439407706865
aeeem_mylyn,static,lightgbm,5,4,1341,0,0,0.058188346948274086
aeeem_mylyn,static,lightgbm,5,4,1351,0,1,0.5134134087004554
aeeem_mylyn,static,lightgbm,5,4,1353,0,0,0.06088957206106179
aeeem_mylyn,static,lightgbm,5,4,1357,0,0,0.008756678377654816
aeeem_mylyn,static,lightgbm,5,4,1359,0,0,0.3996955904365066
aeeem_mylyn,static,lightgbm,5,4,1364,0,0,0.010062901260639565
aeeem_mylyn,static,lightgbm,5,4,1377,1,1,0.9254435461779543
aeeem_mylyn,static,lightgbm,5,4,1384,0,0,0.013160447319583681
aeeem_mylyn,static,lightgbm,5,4,1390,0,0,0.008198727621509281
aeeem_mylyn,static,lightgbm,5,4,1393,0,0,0.03816983745568598
aeeem_mylyn,static,lightgbm,5,4,1397,0,0,0.3184755846827552
aeeem_mylyn,static,lightgbm,5,4,1398,0,0,0.08235829620604926
aeeem_mylyn,static,lightgbm,5,4,1402,0,1,0.9118758524894809
aeeem_mylyn,static,lightgbm,5,4,1405,0,0,0.05155064109295072
aeeem_mylyn,static,lightgbm,5,4,1406,0,0,0.07137747613022159
aeeem_mylyn,static,lightgbm,5,4,1410,0,0,0.014797434500936783
aeeem_mylyn,static,lightgbm,5,4,1415,0,0,0.004094833577227984
aeeem_mylyn,static,lightgbm,5,4,1416,0,0,0.12892970100206289
aeeem_mylyn,static,lightgbm,5,4,1418,0,0,0.27136584562684435
aeeem_mylyn,static,lightgbm,5,4,1433,0,0,0.009607142786822462
aeeem_mylyn,static,lightgbm,5,4,1434,0,0,0.0017484250285785276
aeeem_mylyn,static,lightgbm,5,4,1436,0,0,0.0058442911616852725
aeeem_mylyn,static,lightgbm,5,4,1452,0,0,0.031633756145549696
aeeem_mylyn,static,lightgbm,5,4,1455,0,0,0.24225831828364944
aeeem_mylyn,static,lightgbm,5,4,1456,0,0,0.0163413633186552
aeeem_mylyn,static,lightgbm,5,4,1468,1,1,0.8085228864184454
aeeem_mylyn,static,lightgbm,5,4,1473,0,0,0.06416980415468279
aeeem_mylyn,static,lightgbm,5,4,1476,0,0,0.047501757984179264
aeeem_mylyn,static,lightgbm,5,4,1478,0,0,0.054683899195119366
aeeem_mylyn,static,lightgbm,5,4,1480,0,0,0.005096337122715768
aeeem_mylyn,static,lightgbm,5,4,1486,0,0,0.03773187663915014
aeeem_mylyn,static,lightgbm,5,4,1504,1,0,0.08845695747328766
aeeem_mylyn,static,lightgbm,5,4,1505,0,0,0.0011572667056462113
aeeem_mylyn,static,lightgbm,5,4,1513,0,0,0.007208939553781746
aeeem_mylyn,static,lightgbm,5,4,1514,0,0,0.0014356662222190127
aeeem_mylyn,static,lightgbm,5,4,1523,0,0,0.021921891347845338
aeeem_mylyn,static,lightgbm,5,4,1531,0,0,0.005426586686781563
aeeem_mylyn,static,lightgbm,5,4,1532,0,0,0.026078776614489662
aeeem_mylyn,static,lightgbm,5,4,1537,0,0,0.04821501422171388
aeeem_mylyn,static,lightgbm,5,4,1542,1,1,0.8876360698961245
aeeem_mylyn,static,lightgbm,5,4,1545,0,0,0.04815767931175956
aeeem_mylyn,static,lightgbm,5,4,1548,0,0,0.10991144804179212
aeeem_mylyn,static,lightgbm,5,4,1550,0,0,0.026835315519671058
aeeem_mylyn,static,lightgbm,5,4,1556,1,0,0.3921188496825815
aeeem_mylyn,static,lightgbm,5,4,1577,0,0,0.015375608413759772
aeeem_mylyn,static,lightgbm,5,4,1589,0,0,0.14464292526843123
aeeem_mylyn,static,lightgbm,5,4,1590,0,0,0.36208455683490304
aeeem_mylyn,static,lightgbm,5,4,1594,0,0,0.003332142289859934
aeeem_mylyn,static,lightgbm,5,4,1602,0,0,0.15412726863700113
aeeem_mylyn,static,lightgbm,5,4,1608,0,0,0.09471116542568508
aeeem_mylyn,static,lightgbm,5,4,1622,0,0,0.10151187654671562
aeeem_mylyn,static,lightgbm,5,4,1625,0,0,0.10806189676916578
aeeem_mylyn,static,lightgbm,5,4,1626,0,1,0.8050517299034485
aeeem_mylyn,static,lightgbm,5,4,1633,0,0,0.0021528284500904665
aeeem_mylyn,static,lightgbm,5,4,1639,0,0,0.020095995932508492
aeeem_mylyn,static,lightgbm,5,4,1640,0,0,0.17537954708698242
aeeem_mylyn,static,lightgbm,5,4,1647,0,0,0.04656824426300853
aeeem_mylyn,static,lightgbm,5,4,1649,1,0,0.10991144804179212
aeeem_mylyn,static,lightgbm,5,4,1650,0,0,0.2922715628236785
aeeem_mylyn,static,lightgbm,5,4,1655,1,1,0.9086220715450735
aeeem_mylyn,static,lightgbm,5,4,1658,0,0,0.0026570330531977032
aeeem_mylyn,static,lightgbm,5,4,1662,0,0,0.07637210502459053
aeeem_mylyn,static,lightgbm,5,4,1663,0,1,0.6426023850432455
aeeem_mylyn,static,lightgbm,5,4,1664,0,0,0.3232094938576294
aeeem_mylyn,static,lightgbm,5,4,1667,0,0,0.23547654923020375
aeeem_mylyn,static,lightgbm,5,4,1670,1,1,0.8876360698961245
aeeem_mylyn,static,lightgbm,5,4,1671,0,0,0.04683712897957683
aeeem_mylyn,static,lightgbm,5,4,1679,0,0,0.17404014779372873
aeeem_mylyn,static,lightgbm,5,4,1683,0,0,0.000709643586476265
aeeem_mylyn,static,lightgbm,5,4,1687,0,1,0.5332048866896759
aeeem_mylyn,static,lightgbm,5,4,1695,0,0,0.0017266887159169504
aeeem_mylyn,static,lightgbm,5,4,1696,0,0,0.013160447319583681
aeeem_mylyn,static,lightgbm,5,4,1708,0,1,0.8969249254625258
aeeem_mylyn,static,lightgbm,5,4,1709,0,0,0.47968663812427775
aeeem_mylyn,static,lightgbm,5,4,1715,0,0,0.011953191824714708
aeeem_mylyn,static,lightgbm,5,4,1717,0,0,0.006896300812553653
aeeem_mylyn,static,lightgbm,5,4,1724,0,0,0.014885123884376754
aeeem_mylyn,static,lightgbm,5,4,1725,1,1,0.6742419184693962
aeeem_mylyn,static,lightgbm,5,4,1726,0,0,0.01923779185692438
aeeem_mylyn,static,lightgbm,5,4,1729,0,0,0.01998894503108221
aeeem_mylyn,static,lightgbm,5,4,1735,0,0,0.02658289783457969
aeeem_mylyn,static,lightgbm,5,4,1736,0,0,0.14666532877394367
aeeem_mylyn,static,lightgbm,5,4,1743,0,0,0.006315315089267332
aeeem_mylyn,static,lightgbm,5,4,1748,0,0,0.012527121540874658
aeeem_mylyn,static,lightgbm,5,4,1749,0,1,0.9360017759633407
aeeem_mylyn,static,lightgbm,5,4,1755,0,0,0.01153094700704873
aeeem_mylyn,static,lightgbm,5,4,1764,0,0,0.004886429443086077
aeeem_mylyn,static,lightgbm,5,4,1767,0,1,0.7111886200460653
aeeem_mylyn,static,lightgbm,5,4,1768,0,0,0.38909040332458106
aeeem_mylyn,static,lightgbm,5,4,1770,0,0,0.05383424161510481
aeeem_mylyn,static,lightgbm,5,4,1776,1,1,0.6496630983732143
aeeem_mylyn,static,lightgbm,5,4,1788,1,0,0.042873533716988356
aeeem_mylyn,static,lightgbm,5,4,1802,0,0,0.009594569925245875
aeeem_mylyn,static,lightgbm,5,4,1805,0,0,0.3855920986060862
aeeem_mylyn,static,lightgbm,5,4,1813,0,0,0.09834854750152021
aeeem_mylyn,static,lightgbm,5,4,1817,0,0,0.024449304312126875
aeeem_mylyn,static,lightgbm,5,4,1819,1,0,0.29314353881250677
aeeem_mylyn,static,lightgbm,5,4,1826,1,1,0.8070544985021036
aeeem_mylyn,static,lightgbm,5,4,1827,0,0,0.027342293795074336
aeeem_mylyn,static,lightgbm,5,4,1830,0,0,0.013127120831885582
aeeem_mylyn,static,lightgbm,5,4,1844,0,0,0.008525422761600902
aeeem_mylyn,static,lightgbm,5,4,1849,0,0,0.022626437762285612
aeeem_mylyn,static,lightgbm,5,4,1853,0,0,0.0016363222249447889
aeeem_mylyn,static,lightgbm,5,4,1854,0,0,0.0228711278431138
aeeem_mylyn,static,lightgbm,5,4,1856,0,0,0.019590232089285814
aeeem_mylyn,static,lightgbm,5,4,1859,1,0,0.011374018818655728
aeeem_mylyn,static,lightgbm,5,4,1861,0,0,0.11882254509068371
aeeem_mylyn,static,lightgbm,5,5,6,0,0,0.001270729971499743
aeeem_mylyn,static,lightgbm,5,5,24,0,0,0.007667563913888992
aeeem_mylyn,static,lightgbm,5,5,26,0,0,0.03546144116884695
aeeem_mylyn,static,lightgbm,5,5,29,0,0,0.024318085676696095
aeeem_mylyn,static,lightgbm,5,5,37,0,0,0.05903659103685079
aeeem_mylyn,static,lightgbm,5,5,43,0,0,0.008979460412047688
aeeem_mylyn,static,lightgbm,5,5,47,0,0,0.009458728728325736
aeeem_mylyn,static,lightgbm,5,5,48,0,0,0.12486146479742405
aeeem_mylyn,static,lightgbm,5,5,59,0,0,0.02795128928465599
aeeem_mylyn,static,lightgbm,5,5,63,1,1,0.6904754229709703
aeeem_mylyn,static,lightgbm,5,5,74,0,0,0.10374296715510352
aeeem_mylyn,static,lightgbm,5,5,75,0,0,0.11936230760378033
aeeem_mylyn,static,lightgbm,5,5,77,0,1,0.9541629771833793
aeeem_mylyn,static,lightgbm,5,5,82,0,0,0.005596502917564315
aeeem_mylyn,static,lightgbm,5,5,83,0,0,0.35196605961475813
aeeem_mylyn,static,lightgbm,5,5,86,0,0,0.021466696241129228
aeeem_mylyn,static,lightgbm,5,5,110,0,0,0.0054656706538866945
aeeem_mylyn,static,lightgbm,5,5,112,0,0,0.30431207312109343
aeeem_mylyn,static,lightgbm,5,5,123,0,0,0.00852767708641246
aeeem_mylyn,static,lightgbm,5,5,131,0,0,0.00034384159510862406
aeeem_mylyn,static,lightgbm,5,5,147,0,0,0.3738672325572415
aeeem_mylyn,static,lightgbm,5,5,158,0,0,0.0058385558968022085
aeeem_mylyn,static,lightgbm,5,5,161,0,1,0.6390287842118086
aeeem_mylyn,static,lightgbm,5,5,164,0,0,0.023268925647076513
aeeem_mylyn,static,lightgbm,5,5,171,0,0,0.0382380524581004
aeeem_mylyn,static,lightgbm,5,5,179,0,0,0.010377079772160342
aeeem_mylyn,static,lightgbm,5,5,180,0,0,0.01259745368170292
aeeem_mylyn,static,lightgbm,5,5,184,0,0,0.040108911773376964
aeeem_mylyn,static,lightgbm,5,5,188,0,0,0.12433353070560446
aeeem_mylyn,static,lightgbm,5,5,192,0,0,0.018268918947656077
aeeem_mylyn,static,lightgbm,5,5,196,0,1,0.5494165181260581
aeeem_mylyn,static,lightgbm,5,5,197,0,0,0.11534002067568565
aeeem_mylyn,static,lightgbm,5,5,200,0,0,0.06209711432109988
aeeem_mylyn,static,lightgbm,5,5,204,0,0,0.004747023891965531
aeeem_mylyn,static,lightgbm,5,5,210,0,0,0.04496689566325166
aeeem_mylyn,static,lightgbm,5,5,211,0,0,0.42716714713869214
aeeem_mylyn,static,lightgbm,5,5,226,1,0,0.4301509810969597
aeeem_mylyn,static,lightgbm,5,5,231,0,1,0.9223989846993246
aeeem_mylyn,static,lightgbm,5,5,233,1,0,0.04297160862552971
aeeem_mylyn,static,lightgbm,5,5,243,0,0,0.08144111104716695
aeeem_mylyn,static,lightgbm,5,5,254,0,0,0.018533395864315703
aeeem_mylyn,static,lightgbm,5,5,257,1,0,0.4094228847814762
aeeem_mylyn,static,lightgbm,5,5,260,0,0,0.003544739550401426
aeeem_mylyn,static,lightgbm,5,5,273,0,0,0.2662257117847617
aeeem_mylyn,static,lightgbm,5,5,277,0,0,0.042123266890046564
aeeem_mylyn,static,lightgbm,5,5,281,0,0,0.0475541351813303
aeeem_mylyn,static,lightgbm,5,5,294,0,0,0.007460990733532124
aeeem_mylyn,static,lightgbm,5,5,301,0,0,0.004041253805728536
aeeem_mylyn,static,lightgbm,5,5,308,0,0,0.12147010362118639
aeeem_mylyn,static,lightgbm,5,5,320,0,0,0.05031978049686929
aeeem_mylyn,static,lightgbm,5,5,324,0,0,0.001705350574061325
aeeem_mylyn,static,lightgbm,5,5,325,0,0,0.47887076902068304
aeeem_mylyn,static,lightgbm,5,5,326,1,0,0.004160179644421802
aeeem_mylyn,static,lightgbm,5,5,327,0,1,0.7559919105641452
aeeem_mylyn,static,lightgbm,5,5,330,0,0,0.010143167753675941
aeeem_mylyn,static,lightgbm,5,5,332,1,1,0.7548952822147694
aeeem_mylyn,static,lightgbm,5,5,339,0,0,0.02871307399441044
aeeem_mylyn,static,lightgbm,5,5,348,0,0,0.0016867530322236689
aeeem_mylyn,static,lightgbm,5,5,350,0,0,0.06518241743865914
aeeem_mylyn,static,lightgbm,5,5,360,0,0,0.032109591936098254
aeeem_mylyn,static,lightgbm,5,5,361,0,0,0.14864898001963617
aeeem_mylyn,static,lightgbm,5,5,364,0,0,0.007366578898253977
aeeem_mylyn,static,lightgbm,5,5,368,0,0,0.15185611874485436
aeeem_mylyn,static,lightgbm,5,5,369,0,0,0.040193019936694385
aeeem_mylyn,static,lightgbm,5,5,372,0,0,0.012648200119722685
aeeem_mylyn,static,lightgbm,5,5,373,0,0,0.09647381255269709
aeeem_mylyn,static,lightgbm,5,5,379,0,0,0.002084910917236949
aeeem_mylyn,static,lightgbm,5,5,380,1,0,0.07860193296028786
aeeem_mylyn,static,lightgbm,5,5,382,0,0,0.04028031438873384
aeeem_mylyn,static,lightgbm,5,5,383,0,0,0.0015340960348931198
aeeem_mylyn,static,lightgbm,5,5,399,0,0,0.11000697573679662
aeeem_mylyn,static,lightgbm,5,5,400,0,0,0.05268210513874556
aeeem_mylyn,static,lightgbm,5,5,406,0,0,0.031822135708323145
aeeem_mylyn,static,lightgbm,5,5,409,0,0,0.003457162683926741
aeeem_mylyn,static,lightgbm,5,5,414,0,0,0.1791386642074778
aeeem_mylyn,static,lightgbm,5,5,415,0,0,0.0014611921401047267
aeeem_mylyn,static,lightgbm,5,5,418,0,0,0.1901695314774171
aeeem_mylyn,static,lightgbm,5,5,422,0,0,0.003496139974940035
aeeem_mylyn,static,lightgbm,5,5,426,0,0,0.029721567305968498
aeeem_mylyn,static,lightgbm,5,5,431,0,0,0.12743039998768171
aeeem_mylyn,static,lightgbm,5,5,434,0,0,0.16150448577532142
aeeem_mylyn,static,lightgbm,5,5,439,0,0,0.017797202756240627
aeeem_mylyn,static,lightgbm,5,5,442,0,0,0.008683829063983104
aeeem_mylyn,static,lightgbm,5,5,443,0,0,0.2486978377173033
aeeem_mylyn,static,lightgbm,5,5,444,0,1,0.8015482556648067
aeeem_mylyn,static,lightgbm,5,5,454,0,0,0.31222718951723366
aeeem_mylyn,static,lightgbm,5,5,457,0,0,0.033262615712348995
aeeem_mylyn,static,lightgbm,5,5,458,0,0,0.011703565488342072
aeeem_mylyn,static,lightgbm,5,5,463,0,0,0.0012935844768308332
aeeem_mylyn,static,lightgbm,5,5,465,1,1,0.86934239341475
aeeem_mylyn,static,lightgbm,5,5,466,0,0,0.09216363867878756
aeeem_mylyn,static,lightgbm,5,5,467,0,0,0.026545795190109252
aeeem_mylyn,static,lightgbm,5,5,471,0,0,0.0003417920060157319
aeeem_mylyn,static,lightgbm,5,5,472,0,0,0.03841752542967107
aeeem_mylyn,static,lightgbm,5,5,480,0,0,0.013386273920528019
aeeem_mylyn,static,lightgbm,5,5,482,0,1,0.8771886253092754
aeeem_mylyn,static,lightgbm,5,5,483,0,0,0.17467021132104463
aeeem_mylyn,static,lightgbm,5,5,488,0,0,0.02339356897851212
aeeem_mylyn,static,lightgbm,5,5,489,0,0,0.005753978560413298
aeeem_mylyn,static,lightgbm,5,5,493,0,0,0.00319042299408889
aeeem_mylyn,static,lightgbm,5,5,516,1,0,0.00985313761714595
aeeem_mylyn,static,lightgbm,5,5,519,1,1,0.8888927084042553
aeeem_mylyn,static,lightgbm,5,5,521,1,1,0.8396475803937469
aeeem_mylyn,static,lightgbm,5,5,527,1,1,0.8679849853909788
aeeem_mylyn,static,lightgbm,5,5,553,0,0,0.39988506508733507
aeeem_mylyn,static,lightgbm,5,5,563,0,0,0.049556347443898176
aeeem_mylyn,static,lightgbm,5,5,564,0,0,0.005197181985515655
aeeem_mylyn,static,lightgbm,5,5,567,0,0,0.016768207918155986
aeeem_mylyn,static,lightgbm,5,5,568,0,0,0.19699547739505577
aeeem_mylyn,static,lightgbm,5,5,573,0,0,0.049556347443898176
aeeem_mylyn,static,lightgbm,5,5,576,1,0,0.4790463476506712
aeeem_mylyn,static,lightgbm,5,5,582,0,0,0.03365137671406364
aeeem_mylyn,static,lightgbm,5,5,586,0,0,0.0019076160294312662
aeeem_mylyn,static,lightgbm,5,5,598,0,0,0.07786762688218175
aeeem_mylyn,static,lightgbm,5,5,613,0,0,0.02689947896675955
aeeem_mylyn,static,lightgbm,5,5,624,0,0,0.023338730981027424
aeeem_mylyn,static,lightgbm,5,5,626,0,0,0.045575371705791214
aeeem_mylyn,static,lightgbm,5,5,627,1,0,0.06415335610367899
aeeem_mylyn,static,lightgbm,5,5,637,0,0,0.32994630472924913
aeeem_mylyn,static,lightgbm,5,5,643,1,0,0.049556347443898176
aeeem_mylyn,static,lightgbm,5,5,650,0,0,0.16855860420170596
aeeem_mylyn,static,lightgbm,5,5,659,0,0,0.006655272163910417
aeeem_mylyn,static,lightgbm,5,5,661,0,0,0.08375876748239627
aeeem_mylyn,static,lightgbm,5,5,663,0,0,0.23790891279650658
aeeem_mylyn,static,lightgbm,5,5,674,0,0,0.0017314838592726264
aeeem_mylyn,static,lightgbm,5,5,682,0,0,0.48679640714715783
aeeem_mylyn,static,lightgbm,5,5,684,0,1,0.6546412742396073
aeeem_mylyn,static,lightgbm,5,5,692,0,0,0.0006187258148373342
aeeem_mylyn,static,lightgbm,5,5,693,0,0,0.024320844449405053
aeeem_mylyn,static,lightgbm,5,5,700,0,0,0.049556347443898176
aeeem_mylyn,static,lightgbm,5,5,705,0,0,0.0039615003337360385
aeeem_mylyn,static,lightgbm,5,5,707,0,0,0.26751594594550093
aeeem_mylyn,static,lightgbm,5,5,710,0,0,0.01329877027448042
aeeem_mylyn,static,lightgbm,5,5,715,0,0,0.005105468135227582
aeeem_mylyn,static,lightgbm,5,5,717,0,0,0.4114796574424562
aeeem_mylyn,static,lightgbm,5,5,723,0,0,0.3595181519501398
aeeem_mylyn,static,lightgbm,5,5,724,0,1,0.7789740000682229
aeeem_mylyn,static,lightgbm,5,5,729,0,0,0.3780581431245023
aeeem_mylyn,static,lightgbm,5,5,731,0,0,0.018004283850762505
aeeem_mylyn,static,lightgbm,5,5,751,0,0,0.015026292890533068
aeeem_mylyn,static,lightgbm,5,5,752,0,1,0.7499315309435798
aeeem_mylyn,static,lightgbm,5,5,761,0,0,0.04354665677738865
aeeem_mylyn,static,lightgbm,5,5,762,0,0,0.027538233700952444
aeeem_mylyn,static,lightgbm,5,5,769,1,0,0.14002991840110113
aeeem_mylyn,static,lightgbm,5,5,770,0,0,0.03455117998004535
aeeem_mylyn,static,lightgbm,5,5,771,0,0,0.2826106804038364
aeeem_mylyn,static,lightgbm,5,5,784,0,0,0.030338995089607863
aeeem_mylyn,static,lightgbm,5,5,787,0,1,0.6193445493535839
aeeem_mylyn,static,lightgbm,5,5,795,0,1,0.8072064661687004
aeeem_mylyn,static,lightgbm,5,5,797,0,0,0.05406981992750865
aeeem_mylyn,static,lightgbm,5,5,800,0,0,0.3546053201824011
aeeem_mylyn,static,lightgbm,5,5,807,0,0,0.0015683178023932348
aeeem_mylyn,static,lightgbm,5,5,811,1,0,0.4891655190854525
aeeem_mylyn,static,lightgbm,5,5,816,0,0,0.04496689566325166
aeeem_mylyn,static,lightgbm,5,5,841,0,0,0.0024944205315584845
aeeem_mylyn,static,lightgbm,5,5,843,0,0,0.0047802757336485
aeeem_mylyn,static,lightgbm,5,5,844,1,0,0.06676282369062973
aeeem_mylyn,static,lightgbm,5,5,848,0,0,0.013173053839584859
aeeem_mylyn,static,lightgbm,5,5,851,0,0,0.03796177697852675
aeeem_mylyn,static,lightgbm,5,5,866,0,0,0.012018426633906704
aeeem_mylyn,static,lightgbm,5,5,871,1,1,0.5976597390272784
aeeem_mylyn,static,lightgbm,5,5,872,0,0,0.3357708301849124
aeeem_mylyn,static,lightgbm,5,5,874,0,0,0.4216475968376501
aeeem_mylyn,static,lightgbm,5,5,882,0,1,0.8287470806952827
aeeem_mylyn,static,lightgbm,5,5,901,0,0,0.0023831037500036357
aeeem_mylyn,static,lightgbm,5,5,902,0,0,0.00804583400803253
aeeem_mylyn,static,lightgbm,5,5,905,0,0,0.069788117831111
aeeem_mylyn,static,lightgbm,5,5,918,0,0,0.19031519302182698
aeeem_mylyn,static,lightgbm,5,5,922,0,0,0.012758950827479102
aeeem_mylyn,static,lightgbm,5,5,925,0,0,0.02471215673094222
aeeem_mylyn,static,lightgbm,5,5,933,0,0,0.1838905418348426
aeeem_mylyn,static,lightgbm,5,5,935,1,0,0.006655272163910417
aeeem_mylyn,static,lightgbm,5,5,939,0,0,0.11761000576149264
aeeem_mylyn,static,lightgbm,5,5,950,0,0,0.032109591936098254
aeeem_mylyn,static,lightgbm,5,5,962,0,0,0.005193628558708465
aeeem_mylyn,static,lightgbm,5,5,972,0,0,0.43641654778087396
aeeem_mylyn,static,lightgbm,5,5,973,1,0,0.032154154730057435
aeeem_mylyn,static,lightgbm,5,5,978,0,0,0.0025904196064366774
aeeem_mylyn,static,lightgbm,5,5,981,0,0,0.10005328067512258
aeeem_mylyn,static,lightgbm,5,5,985,1,1,0.5919397614710318
aeeem_mylyn,static,lightgbm,5,5,989,0,1,0.5575872535367888
aeeem_mylyn,static,lightgbm,5,5,990,0,1,0.6246500934498372
aeeem_mylyn,static,lightgbm,5,5,992,0,0,0.05214634778956162
aeeem_mylyn,static,lightgbm,5,5,994,0,0,0.027338582006089115
aeeem_mylyn,static,lightgbm,5,5,996,0,0,0.005159641706505992
aeeem_mylyn,static,lightgbm,5,5,998,0,0,0.09990967575014993
aeeem_mylyn,static,lightgbm,5,5,1007,0,0,0.06448388229330944
aeeem_mylyn,static,lightgbm,5,5,1013,0,0,0.220961415126397
aeeem_mylyn,static,lightgbm,5,5,1017,0,0,0.07866298518420668
aeeem_mylyn,static,lightgbm,5,5,1021,0,0,0.2801049143028569
aeeem_mylyn,static,lightgbm,5,5,1025,0,0,0.46851360749515375
aeeem_mylyn,static,lightgbm,5,5,1029,1,0,0.010558858482949823
aeeem_mylyn,static,lightgbm,5,5,1031,1,0,0.25223312435732137
aeeem_mylyn,static,lightgbm,5,5,1035,0,0,0.07001403022552992
aeeem_mylyn,static,lightgbm,5,5,1042,0,0,0.004313182945336674
aeeem_mylyn,static,lightgbm,5,5,1045,0,0,0.04568386299905143
aeeem_mylyn,static,lightgbm,5,5,1046,0,0,0.0024925025991190852
aeeem_mylyn,static,lightgbm,5,5,1057,0,1,0.5422965653305962
aeeem_mylyn,static,lightgbm,5,5,1058,0,0,0.023665945220348206
aeeem_mylyn,static,lightgbm,5,5,1062,0,0,0.004601084781472086
aeeem_mylyn,static,lightgbm,5,5,1064,0,0,0.30396232206852325
aeeem_mylyn,static,lightgbm,5,5,1076,0,0,0.004391871938101111
aeeem_mylyn,static,lightgbm,5,5,1079,0,0,0.20270582012458727
aeeem_mylyn,static,lightgbm,5,5,1082,0,0,0.020311852850822893
aeeem_mylyn,static,lightgbm,5,5,1084,0,0,0.015291452406845256
aeeem_mylyn,static,lightgbm,5,5,1085,0,0,0.03559506951620723
aeeem_mylyn,static,lightgbm,5,5,1101,0,0,0.02117760629760701
aeeem_mylyn,static,lightgbm,5,5,1106,0,0,0.03784895378169129
aeeem_mylyn,static,lightgbm,5,5,1107,1,0,0.3108042852898027
aeeem_mylyn,static,lightgbm,5,5,1114,0,0,0.009835733231672793
aeeem_mylyn,static,lightgbm,5,5,1119,0,0,0.008979460412047688
aeeem_mylyn,static,lightgbm,5,5,1121,0,0,0.03433837526173645
aeeem_mylyn,static,lightgbm,5,5,1123,0,0,0.08010966382280915
aeeem_mylyn,static,lightgbm,5,5,1125,0,0,0.004302395515843026
aeeem_mylyn,static,lightgbm,5,5,1129,1,0,0.11064321689041735
aeeem_mylyn,static,lightgbm,5,5,1157,0,1,0.9335236687332696
aeeem_mylyn,static,lightgbm,5,5,1158,1,0,0.011631196342970539
aeeem_mylyn,static,lightgbm,5,5,1162,0,0,0.20400986419553327
aeeem_mylyn,static,lightgbm,5,5,1166,0,0,0.08586854309878882
aeeem_mylyn,static,lightgbm,5,5,1167,0,0,0.22748740206924806
aeeem_mylyn,static,lightgbm,5,5,1173,0,1,0.9292859828410069
aeeem_mylyn,static,lightgbm,5,5,1174,1,0,0.08959231754175156
aeeem_mylyn,static,lightgbm,5,5,1177,0,0,0.001969428976067922
aeeem_mylyn,static,lightgbm,5,5,1181,0,0,0.018009228781135037
aeeem_mylyn,static,lightgbm,5,5,1184,0,0,0.007486421099045269
aeeem_mylyn,static,lightgbm,5,5,1191,0,0,0.016535033607029754
aeeem_mylyn,static,lightgbm,5,5,1200,0,0,0.2394341093762613
aeeem_mylyn,static,lightgbm,5,5,1205,0,0,0.03419515135242473
aeeem_mylyn,static,lightgbm,5,5,1206,1,1,0.8923445582183859
aeeem_mylyn,static,lightgbm,5,5,1211,0,0,0.35623221698719304
aeeem_mylyn,static,lightgbm,5,5,1219,1,0,0.12106641320756306
aeeem_mylyn,static,lightgbm,5,5,1225,0,0,0.15939275720590035
aeeem_mylyn,static,lightgbm,5,5,1229,0,0,0.23892949205235972
aeeem_mylyn,static,lightgbm,5,5,1236,0,0,0.00790908732192142
aeeem_mylyn,static,lightgbm,5,5,1248,0,0,0.008494969973805151
aeeem_mylyn,static,lightgbm,5,5,1249,0,0,0.06836145901452248
aeeem_mylyn,static,lightgbm,5,5,1255,0,1,0.8923445582183859
aeeem_mylyn,static,lightgbm,5,5,1260,0,0,0.0038849371759063895
aeeem_mylyn,static,lightgbm,5,5,1269,1,0,0.40679392065791786
aeeem_mylyn,static,lightgbm,5,5,1272,0,0,0.003653167910143238
aeeem_mylyn,static,lightgbm,5,5,1280,0,0,0.031197302316254734
aeeem_mylyn,static,lightgbm,5,5,1284,0,0,0.026524240020267466
aeeem_mylyn,static,lightgbm,5,5,1290,0,0,0.05886273348902992
aeeem_mylyn,static,lightgbm,5,5,1298,0,0,0.02020410377374837
aeeem_mylyn,static,lightgbm,5,5,1299,0,0,0.23786956147991625
aeeem_mylyn,static,lightgbm,5,5,1307,0,1,0.946289422323212
aeeem_mylyn,static,lightgbm,5,5,1312,0,0,0.06157168735449264
aeeem_mylyn,static,lightgbm,5,5,1315,0,0,0.05268095704877306
aeeem_mylyn,static,lightgbm,5,5,1316,0,0,0.03924521058303311
aeeem_mylyn,static,lightgbm,5,5,1320,0,0,0.1037399577041859
aeeem_mylyn,static,lightgbm,5,5,1326,0,0,0.060559233278415496
aeeem_mylyn,static,lightgbm,5,5,1329,0,0,0.05280138556566636
aeeem_mylyn,static,lightgbm,5,5,1331,1,0,0.18885313324930636
aeeem_mylyn,static,lightgbm,5,5,1338,0,0,0.08834790921773973
aeeem_mylyn,static,lightgbm,5,5,1342,1,0,0.05623578451863232
aeeem_mylyn,static,lightgbm,5,5,1343,0,0,0.2548513968515667
aeeem_mylyn,static,lightgbm,5,5,1344,0,0,0.019285195657104855
aeeem_mylyn,static,lightgbm,5,5,1348,0,0,0.035342037333256124
aeeem_mylyn,static,lightgbm,5,5,1358,0,0,0.004593346606385509
aeeem_mylyn,static,lightgbm,5,5,1370,0,0,0.10595783643871526
aeeem_mylyn,static,lightgbm,5,5,1383,0,0,0.12377194307308913
aeeem_mylyn,static,lightgbm,5,5,1388,0,0,0.2866984526887726
aeeem_mylyn,static,lightgbm,5,5,1391,0,0,0.034725159232511196
aeeem_mylyn,static,lightgbm,5,5,1394,0,0,0.03574842793764944
aeeem_mylyn,static,lightgbm,5,5,1400,0,0,0.0021457822219942005
aeeem_mylyn,static,lightgbm,5,5,1412,1,0,0.006534512656642154
aeeem_mylyn,static,lightgbm,5,5,1428,0,0,0.0025215600739387674
aeeem_mylyn,static,lightgbm,5,5,1442,1,0,0.032109591936098254
aeeem_mylyn,static,lightgbm,5,5,1447,0,0,0.07432427382597631
aeeem_mylyn,static,lightgbm,5,5,1450,0,0,0.04213577778196953
aeeem_mylyn,static,lightgbm,5,5,1453,0,0,0.029303365267420015
aeeem_mylyn,static,lightgbm,5,5,1457,0,0,0.1990342870835011
aeeem_mylyn,static,lightgbm,5,5,1458,0,0,0.04955970526568382
aeeem_mylyn,static,lightgbm,5,5,1467,0,0,0.045575371705791214
aeeem_mylyn,static,lightgbm,5,5,1469,0,0,0.22952440120619352
aeeem_mylyn,static,lightgbm,5,5,1470,0,0,0.006792212473321389
aeeem_mylyn,static,lightgbm,5,5,1471,1,0,0.18523508163387561
aeeem_mylyn,static,lightgbm,5,5,1481,0,0,0.0026811509778687168
aeeem_mylyn,static,lightgbm,5,5,1485,0,0,0.039084383203132074
aeeem_mylyn,static,lightgbm,5,5,1487,0,0,0.3161167508285781
aeeem_mylyn,static,lightgbm,5,5,1491,0,0,0.004870051027566736
aeeem_mylyn,static,lightgbm,5,5,1498,1,1,0.8923445582183859
aeeem_mylyn,static,lightgbm,5,5,1500,0,0,0.0020479658044264687
aeeem_mylyn,static,lightgbm,5,5,1507,0,0,0.05069222424827126
aeeem_mylyn,static,lightgbm,5,5,1508,0,0,0.12621919036379572
aeeem_mylyn,static,lightgbm,5,5,1510,0,0,0.008979460412047688
aeeem_mylyn,static,lightgbm,5,5,1512,0,1,0.8822303802167271
aeeem_mylyn,static,lightgbm,5,5,1517,0,0,0.016167816906324902
aeeem_mylyn,static,lightgbm,5,5,1518,0,0,0.009420438458502264
aeeem_mylyn,static,lightgbm,5,5,1519,0,0,0.004426673465154268
aeeem_mylyn,static,lightgbm,5,5,1525,0,0,0.004863683520256529
aeeem_mylyn,static,lightgbm,5,5,1529,0,0,0.0013663105897681774
aeeem_mylyn,static,lightgbm,5,5,1533,0,0,0.14825123995838632
aeeem_mylyn,static,lightgbm,5,5,1536,0,0,0.14041749310249538
aeeem_mylyn,static,lightgbm,5,5,1541,0,0,0.45323453885589365
aeeem_mylyn,static,lightgbm,5,5,1544,0,0,0.0038614349004959855
aeeem_mylyn,static,lightgbm,5,5,1546,0,0,0.013569792334102607
aeeem_mylyn,static,lightgbm,5,5,1549,0,0,0.12877838097233607
aeeem_mylyn,static,lightgbm,5,5,1553,0,0,0.22871789323400213
aeeem_mylyn,static,lightgbm,5,5,1555,0,0,0.40855561788825884
aeeem_mylyn,static,lightgbm,5,5,1558,0,1,0.893995863458523
aeeem_mylyn,static,lightgbm,5,5,1561,1,1,0.6913888630455134
aeeem_mylyn,static,lightgbm,5,5,1562,0,1,0.6625642255032783
aeeem_mylyn,static,lightgbm,5,5,1564,0,0,0.004041253805728536
aeeem_mylyn,static,lightgbm,5,5,1569,0,0,0.15557388592179835
aeeem_mylyn,static,lightgbm,5,5,1570,0,0,0.003697344279279676
aeeem_mylyn,static,lightgbm,5,5,1575,0,0,0.005353315979091402
aeeem_mylyn,static,lightgbm,5,5,1579,0,0,0.03930873337736849
aeeem_mylyn,static,lightgbm,5,5,1582,0,0,0.004580168778066277
aeeem_mylyn,static,lightgbm,5,5,1584,0,0,0.01101475757956596
aeeem_mylyn,static,lightgbm,5,5,1587,0,0,0.05898876690838381
aeeem_mylyn,static,lightgbm,5,5,1599,0,0,0.0007488819872596411
aeeem_mylyn,static,lightgbm,5,5,1606,0,0,0.16582109590390237
aeeem_mylyn,static,lightgbm,5,5,1607,0,0,0.07034899461195819
aeeem_mylyn,static,lightgbm,5,5,1610,0,0,0.012406618334321452
aeeem_mylyn,static,lightgbm,5,5,1617,0,0,0.00790908732192142
aeeem_mylyn,static,lightgbm,5,5,1619,0,0,0.008910793057537343
aeeem_mylyn,static,lightgbm,5,5,1620,0,0,0.009253724163236892
aeeem_mylyn,static,lightgbm,5,5,1621,0,1,0.8696287449349446
aeeem_mylyn,static,lightgbm,5,5,1623,0,1,0.5480530250661062
aeeem_mylyn,static,lightgbm,5,5,1627,0,0,0.14927039388646715
aeeem_mylyn,static,lightgbm,5,5,1629,1,0,0.05535281470467553
aeeem_mylyn,static,lightgbm,5,5,1631,0,0,0.36644821868393607
aeeem_mylyn,static,lightgbm,5,5,1632,1,1,0.7756746573918408
aeeem_mylyn,static,lightgbm,5,5,1634,0,0,0.09201547027055991
aeeem_mylyn,static,lightgbm,5,5,1638,0,0,0.0034441131228980086
aeeem_mylyn,static,lightgbm,5,5,1643,0,0,0.09000555222417811
aeeem_mylyn,static,lightgbm,5,5,1644,0,0,0.14188725011151382
aeeem_mylyn,static,lightgbm,5,5,1646,0,0,0.07631655217832281
aeeem_mylyn,static,lightgbm,5,5,1648,0,0,0.004608246382604644
aeeem_mylyn,static,lightgbm,5,5,1651,0,0,0.011049328678992916
aeeem_mylyn,static,lightgbm,5,5,1652,0,0,0.42289566126940853
aeeem_mylyn,static,lightgbm,5,5,1653,0,0,0.004041253805728536
aeeem_mylyn,static,lightgbm,5,5,1654,0,0,0.017372474145047084
aeeem_mylyn,static,lightgbm,5,5,1666,1,0,0.001322801280033744
aeeem_mylyn,static,lightgbm,5,5,1673,0,0,0.0009623190166759193
aeeem_mylyn,static,lightgbm,5,5,1674,0,0,0.07795343742017737
aeeem_mylyn,static,lightgbm,5,5,1675,1,0,0.011235702957937842
aeeem_mylyn,static,lightgbm,5,5,1682,1,1,0.9712883474478472
aeeem_mylyn,static,lightgbm,5,5,1694,0,0,0.005661924542757488
aeeem_mylyn,static,lightgbm,5,5,1700,1,1,0.6015235403645817
aeeem_mylyn,static,lightgbm,5,5,1714,1,1,0.5436055496126243
aeeem_mylyn,static,lightgbm,5,5,1727,0,1,0.8102855891681928
aeeem_mylyn,static,lightgbm,5,5,1730,0,0,0.05154245308649612
aeeem_mylyn,static,lightgbm,5,5,1750,0,0,0.03475619414244447
aeeem_mylyn,static,lightgbm,5,5,1752,0,0,0.01876744636616276
aeeem_mylyn,static,lightgbm,5,5,1763,0,0,0.004580168778066277
aeeem_mylyn,static,lightgbm,5,5,1766,0,0,0.07880826916190574
aeeem_mylyn,static,lightgbm,5,5,1769,0,0,0.003647378043658457
aeeem_mylyn,static,lightgbm,5,5,1775,0,0,0.026545795190109252
aeeem_mylyn,static,lightgbm,5,5,1777,0,0,0.026154199349820724
aeeem_mylyn,static,lightgbm,5,5,1778,0,0,0.028387939542174046
aeeem_mylyn,static,lightgbm,5,5,1779,0,0,0.010117357086770593
aeeem_mylyn,static,lightgbm,5,5,1781,0,0,0.002683253014414098
aeeem_mylyn,static,lightgbm,5,5,1785,0,0,0.12196238028425668
aeeem_mylyn,static,lightgbm,5,5,1794,0,0,0.01311954570996495
aeeem_mylyn,static,lightgbm,5,5,1795,1,1,0.6092069705250907
aeeem_mylyn,static,lightgbm,5,5,1801,0,0,0.19792156425028612
aeeem_mylyn,static,lightgbm,5,5,1803,0,0,0.002917006331814887
aeeem_mylyn,static,lightgbm,5,5,1806,1,1,0.7572436009445414
aeeem_mylyn,static,lightgbm,5,5,1809,0,0,0.10930785751591995
aeeem_mylyn,static,lightgbm,5,5,1815,0,0,0.0012756137440530155
aeeem_mylyn,static,lightgbm,5,5,1824,0,0,0.005601407934713379
aeeem_mylyn,static,lightgbm,5,5,1834,1,0,0.3194340017640257
aeeem_mylyn,static,lightgbm,5,5,1836,0,0,0.0034546153582046594
aeeem_mylyn,static,lightgbm,5,5,1837,0,0,0.030249093884883484
aeeem_mylyn,static,lightgbm,5,5,1840,0,0,0.08949840825329747
aeeem_mylyn,static,lightgbm,5,5,1841,1,0,0.09803862815308635
aeeem_mylyn,static,lightgbm,5,5,1845,0,0,0.04811248636224647
aeeem_mylyn,static,lightgbm,5,5,1847,0,0,0.03173781056660811
aeeem_mylyn,static,lightgbm,5,5,1857,0,0,0.010489965383093132
aeeem_mylyn,static,lightgbm,5,5,1860,0,0,0.2878508604836477
