dataset,feature_set,model,cv_folds,fold,row_index,y_true,y_pred,y_score
aeeem_mylyn,hybrid,logistic_regression,10,1,0,0,0,0.4309930962702187
aeeem_mylyn,hybrid,logistic_regression,10,1,13,0,0,0.00404466423854345
aeeem_mylyn,hybrid,logistic_regression,10,1,28,0,0,0.023024431534053647
aeeem_mylyn,hybrid,logistic_regression,10,1,35,0,0,0.08990067839924082
aeeem_mylyn,hybrid,logistic_regression,10,1,36,0,1,0.712070341038361
aeeem_mylyn,hybrid,logistic_regression,10,1,51,1,1,0.8926897213730072
aeeem_mylyn,hybrid,logistic_regression,10,1,52,0,0,0.13453548550513106
aeeem_mylyn,hybrid,logistic_regression,10,1,54,0,0,0.2539874471934398
aeeem_mylyn,hybrid,logistic_regression,10,1,62,0,0,0.0643229977334242
aeeem_mylyn,hybrid,logistic_regression,10,1,76,0,0,0.030214745874790686
aeeem_mylyn,hybrid,logistic_regression,10,1,78,0,0,0.10556606493353955
aeeem_mylyn,hybrid,logistic_regression,10,1,90,0,0,0.16985017437787836
aeeem_mylyn,hybrid,logistic_regression,10,1,116,0,0,0.004556952205165036
aeeem_mylyn,hybrid,logistic_regression,10,1,140,0,0,0.213900585232273
aeeem_mylyn,hybrid,logistic_regression,10,1,141,0,0,0.20783493401293
aeeem_mylyn,hybrid,logistic_regression,10,1,151,0,1,0.8076859794716339
aeeem_mylyn,hybrid,logistic_regression,10,1,152,0,0,0.2292338272364708
aeeem_mylyn,hybrid,logistic_regression,10,1,160,0,0,0.12190982596809856
aeeem_mylyn,hybrid,logistic_regression,10,1,174,0,0,0.4562603027500616
aeeem_mylyn,hybrid,logistic_regression,10,1,176,0,1,0.6834726129424586
aeeem_mylyn,hybrid,logistic_regression,10,1,186,1,0,0.14349143329726585
aeeem_mylyn,hybrid,logistic_regression,10,1,228,0,1,0.5829620759403837
aeeem_mylyn,hybrid,logistic_regression,10,1,241,0,0,0.0018960181476699418
aeeem_mylyn,hybrid,logistic_regression,10,1,251,0,0,0.001819379741369148
aeeem_mylyn,hybrid,logistic_regression,10,1,261,1,1,0.7859306299787647
aeeem_mylyn,hybrid,logistic_regression,10,1,263,0,0,0.12470166192686034
aeeem_mylyn,hybrid,logistic_regression,10,1,295,0,0,0.08043506461900927
aeeem_mylyn,hybrid,logistic_regression,10,1,297,0,1,0.5212408265274578
aeeem_mylyn,hybrid,logistic_regression,10,1,298,0,0,0.4920101891906316
aeeem_mylyn,hybrid,logistic_regression,10,1,300,0,0,0.19345660541469833
aeeem_mylyn,hybrid,logistic_regression,10,1,302,0,0,0.0011372470352764624
aeeem_mylyn,hybrid,logistic_regression,10,1,311,0,0,0.09123051224075014
aeeem_mylyn,hybrid,logistic_regression,10,1,354,0,0,0.0038621349917746274
aeeem_mylyn,hybrid,logistic_regression,10,1,375,1,1,0.9947851887477162
aeeem_mylyn,hybrid,logistic_regression,10,1,407,0,0,0.40585645783686713
aeeem_mylyn,hybrid,logistic_regression,10,1,423,1,0,0.4546937797550198
aeeem_mylyn,hybrid,logistic_regression,10,1,432,0,0,0.08624347924563898
aeeem_mylyn,hybrid,logistic_regression,10,1,438,0,0,0.4351213610630705
aeeem_mylyn,hybrid,logistic_regression,10,1,441,1,0,0.18368997084436448
aeeem_mylyn,hybrid,logistic_regression,10,1,486,1,1,0.7961462479851148
aeeem_mylyn,hybrid,logistic_regression,10,1,487,0,0,0.3131557209261726
aeeem_mylyn,hybrid,logistic_regression,10,1,496,0,1,0.6160961478547118
aeeem_mylyn,hybrid,logistic_regression,10,1,506,0,0,0.31038191694137374
aeeem_mylyn,hybrid,logistic_regression,10,1,515,0,1,0.8088869480389081
aeeem_mylyn,hybrid,logistic_regression,10,1,526,0,0,0.25347930208004654
aeeem_mylyn,hybrid,logistic_regression,10,1,548,0,0,0.005150246717640939
aeeem_mylyn,hybrid,logistic_regression,10,1,551,0,0,0.17716927590128148
aeeem_mylyn,hybrid,logistic_regression,10,1,555,0,0,0.06598128424573083
aeeem_mylyn,hybrid,logistic_regression,10,1,560,0,0,0.4971967987610792
aeeem_mylyn,hybrid,logistic_regression,10,1,622,0,0,0.24002101834013706
aeeem_mylyn,hybrid,logistic_regression,10,1,629,0,0,0.06081463282572335
aeeem_mylyn,hybrid,logistic_regression,10,1,640,0,0,0.29014703763583444
aeeem_mylyn,hybrid,logistic_regression,10,1,647,0,0,0.15425703211746722
aeeem_mylyn,hybrid,logistic_regression,10,1,658,0,0,0.09589748338669517
aeeem_mylyn,hybrid,logistic_regression,10,1,666,0,1,0.7167477792272612
aeeem_mylyn,hybrid,logistic_regression,10,1,670,0,0,0.0013393634031654375
aeeem_mylyn,hybrid,logistic_regression,10,1,689,1,1,0.9312362728670136
aeeem_mylyn,hybrid,logistic_regression,10,1,698,0,0,0.3926135514824252
aeeem_mylyn,hybrid,logistic_regression,10,1,699,0,0,0.10185438449051812
aeeem_mylyn,hybrid,logistic_regression,10,1,701,0,0,0.4183497860358521
aeeem_mylyn,hybrid,logistic_regression,10,1,738,0,1,0.610067012744336
aeeem_mylyn,hybrid,logistic_regression,10,1,744,0,1,0.6552950422953258
aeeem_mylyn,hybrid,logistic_regression,10,1,750,0,0,0.4219607120467595
aeeem_mylyn,hybrid,logistic_regression,10,1,766,1,0,0.022516737629456586
aeeem_mylyn,hybrid,logistic_regression,10,1,772,0,0,0.014389617685838947
aeeem_mylyn,hybrid,logistic_regression,10,1,776,0,0,0.18676463059063214
aeeem_mylyn,hybrid,logistic_regression,10,1,780,0,1,0.9094924201344108
aeeem_mylyn,hybrid,logistic_regression,10,1,783,0,0,0.015809604082368263
aeeem_mylyn,hybrid,logistic_regression,10,1,826,0,0,0.02486241262180085
aeeem_mylyn,hybrid,logistic_regression,10,1,829,0,0,0.47295702116886607
aeeem_mylyn,hybrid,logistic_regression,10,1,840,0,1,0.5808139482174223
aeeem_mylyn,hybrid,logistic_regression,10,1,859,0,0,0.1742301456911864
aeeem_mylyn,hybrid,logistic_regression,10,1,860,0,1,0.9670389844090372
aeeem_mylyn,hybrid,logistic_regression,10,1,870,0,0,0.10809839966831607
aeeem_mylyn,hybrid,logistic_regression,10,1,886,0,0,0.09955785950162119
aeeem_mylyn,hybrid,logistic_regression,10,1,889,0,1,0.5697471302200313
aeeem_mylyn,hybrid,logistic_regression,10,1,890,0,0,0.05722788300220518
aeeem_mylyn,hybrid,logistic_regression,10,1,892,0,0,0.12519198656876662
aeeem_mylyn,hybrid,logistic_regression,10,1,894,1,0,0.1484993578163637
aeeem_mylyn,hybrid,logistic_regression,10,1,896,0,0,0.2997657579905008
aeeem_mylyn,hybrid,logistic_regression,10,1,900,0,1,0.6791278601900811
aeeem_mylyn,hybrid,logistic_regression,10,1,904,0,0,0.24184538644418946
aeeem_mylyn,hybrid,logistic_regression,10,1,921,0,0,0.1541535364081108
aeeem_mylyn,hybrid,logistic_regression,10,1,923,0,0,0.045497120041581185
aeeem_mylyn,hybrid,logistic_regression,10,1,938,0,0,0.4189745873474353
aeeem_mylyn,hybrid,logistic_regression,10,1,940,0,0,0.0013416688658843135
aeeem_mylyn,hybrid,logistic_regression,10,1,942,0,0,0.007722383904356549
aeeem_mylyn,hybrid,logistic_regression,10,1,945,0,0,0.0586903254364839
aeeem_mylyn,hybrid,logistic_regression,10,1,948,0,0,0.010192554822474961
aeeem_mylyn,hybrid,logistic_regression,10,1,958,0,0,0.08972642730312455
aeeem_mylyn,hybrid,logistic_regression,10,1,960,0,0,0.44606753655032
aeeem_mylyn,hybrid,logistic_regression,10,1,961,0,0,0.15978313898926122
aeeem_mylyn,hybrid,logistic_regression,10,1,963,0,0,0.03758395807418443
aeeem_mylyn,hybrid,logistic_regression,10,1,976,0,0,0.4858690621323149
aeeem_mylyn,hybrid,logistic_regression,10,1,986,0,0,0.1402331058125353
aeeem_mylyn,hybrid,logistic_regression,10,1,988,0,0,0.3845381492405454
aeeem_mylyn,hybrid,logistic_regression,10,1,1011,0,0,0.12172043319256146
aeeem_mylyn,hybrid,logistic_regression,10,1,1012,1,1,0.9991056185670725
aeeem_mylyn,hybrid,logistic_regression,10,1,1019,0,0,0.010400269284219573
aeeem_mylyn,hybrid,logistic_regression,10,1,1020,0,1,0.8273463366452799
aeeem_mylyn,hybrid,logistic_regression,10,1,1022,0,1,0.5710112162350376
aeeem_mylyn,hybrid,logistic_regression,10,1,1034,0,0,0.028961209160318628
aeeem_mylyn,hybrid,logistic_regression,10,1,1037,0,0,0.18767212302923575
aeeem_mylyn,hybrid,logistic_regression,10,1,1038,0,1,0.6229450920636884
aeeem_mylyn,hybrid,logistic_regression,10,1,1040,0,0,0.02553168899762509
aeeem_mylyn,hybrid,logistic_regression,10,1,1060,0,1,0.7823584972353927
aeeem_mylyn,hybrid,logistic_regression,10,1,1068,0,0,0.14960978926081586
aeeem_mylyn,hybrid,logistic_regression,10,1,1075,0,0,0.1944628851652239
aeeem_mylyn,hybrid,logistic_regression,10,1,1080,0,0,0.00029525974580231577
aeeem_mylyn,hybrid,logistic_regression,10,1,1087,0,0,1.9701645720256467e-05
aeeem_mylyn,hybrid,logistic_regression,10,1,1108,0,1,0.5826297389191147
aeeem_mylyn,hybrid,logistic_regression,10,1,1126,0,0,0.243536698004562
aeeem_mylyn,hybrid,logistic_regression,10,1,1152,0,0,0.19941799629725424
aeeem_mylyn,hybrid,logistic_regression,10,1,1170,0,0,0.010224396027925435
aeeem_mylyn,hybrid,logistic_regression,10,1,1171,0,0,0.488177215255136
aeeem_mylyn,hybrid,logistic_regression,10,1,1178,0,0,0.03458377409836618
aeeem_mylyn,hybrid,logistic_regression,10,1,1179,0,0,0.3118730748064434
aeeem_mylyn,hybrid,logistic_regression,10,1,1185,1,1,0.9998509603457888
aeeem_mylyn,hybrid,logistic_regression,10,1,1196,0,1,0.6360418179584587
aeeem_mylyn,hybrid,logistic_regression,10,1,1199,0,0,0.08384509139827376
aeeem_mylyn,hybrid,logistic_regression,10,1,1209,0,0,0.47162878747301434
aeeem_mylyn,hybrid,logistic_regression,10,1,1228,0,1,0.5879493862410096
aeeem_mylyn,hybrid,logistic_regression,10,1,1242,0,0,0.2829887213656995
aeeem_mylyn,hybrid,logistic_regression,10,1,1252,0,0,0.15227386410907803
aeeem_mylyn,hybrid,logistic_regression,10,1,1258,0,0,0.07453227478378707
aeeem_mylyn,hybrid,logistic_regression,10,1,1268,1,1,0.7446862217945049
aeeem_mylyn,hybrid,logistic_regression,10,1,1278,0,1,0.9956638255474389
aeeem_mylyn,hybrid,logistic_regression,10,1,1283,1,1,0.8590699054386312
aeeem_mylyn,hybrid,logistic_regression,10,1,1285,0,1,0.6780251100673885
aeeem_mylyn,hybrid,logistic_regression,10,1,1287,1,1,0.7637987879032938
aeeem_mylyn,hybrid,logistic_regression,10,1,1293,0,0,0.02546818743889198
aeeem_mylyn,hybrid,logistic_regression,10,1,1302,0,1,0.6491753210415535
aeeem_mylyn,hybrid,logistic_regression,10,1,1318,0,0,0.07113923398784326
aeeem_mylyn,hybrid,logistic_regression,10,1,1330,0,0,0.45448389299073
aeeem_mylyn,hybrid,logistic_regression,10,1,1340,0,0,0.037464642255242306
aeeem_mylyn,hybrid,logistic_regression,10,1,1352,1,1,0.9856428512382177
aeeem_mylyn,hybrid,logistic_regression,10,1,1362,0,0,0.21195228826082266
aeeem_mylyn,hybrid,logistic_regression,10,1,1366,1,1,0.8914144903662939
aeeem_mylyn,hybrid,logistic_regression,10,1,1368,0,0,0.16210949974080266
aeeem_mylyn,hybrid,logistic_regression,10,1,1380,1,1,0.9547861024853217
aeeem_mylyn,hybrid,logistic_regression,10,1,1382,0,0,0.39916765726163655
aeeem_mylyn,hybrid,logistic_regression,10,1,1389,0,0,0.3352132168089067
aeeem_mylyn,hybrid,logistic_regression,10,1,1404,0,0,0.3103859069353531
aeeem_mylyn,hybrid,logistic_regression,10,1,1408,0,0,0.19616056448788013
aeeem_mylyn,hybrid,logistic_regression,10,1,1423,0,0,0.12482382505138531
aeeem_mylyn,hybrid,logistic_regression,10,1,1425,0,1,0.5230519049054473
aeeem_mylyn,hybrid,logistic_regression,10,1,1439,0,0,0.03108722862566765
aeeem_mylyn,hybrid,logistic_regression,10,1,1448,0,0,0.01409939871981666
aeeem_mylyn,hybrid,logistic_regression,10,1,1449,0,0,0.25579325131475666
aeeem_mylyn,hybrid,logistic_regression,10,1,1475,0,0,0.3724382907860181
aeeem_mylyn,hybrid,logistic_regression,10,1,1479,0,0,0.05866125524476788
aeeem_mylyn,hybrid,logistic_regression,10,1,1482,1,0,0.3824280646940504
aeeem_mylyn,hybrid,logistic_regression,10,1,1494,1,1,0.7111145192658792
aeeem_mylyn,hybrid,logistic_regression,10,1,1497,0,0,0.21775294252071203
aeeem_mylyn,hybrid,logistic_regression,10,1,1502,0,0,0.08148737307932213
aeeem_mylyn,hybrid,logistic_regression,10,1,1521,0,0,0.0001983701577695598
aeeem_mylyn,hybrid,logistic_regression,10,1,1528,0,1,0.8490284174462908
aeeem_mylyn,hybrid,logistic_regression,10,1,1534,0,1,0.632683522748094
aeeem_mylyn,hybrid,logistic_regression,10,1,1538,0,1,0.5486887515659947
aeeem_mylyn,hybrid,logistic_regression,10,1,1539,0,0,0.07822803630957392
aeeem_mylyn,hybrid,logistic_regression,10,1,1547,0,0,0.2886777225530545
aeeem_mylyn,hybrid,logistic_regression,10,1,1566,0,0,0.1709494641705297
aeeem_mylyn,hybrid,logistic_regression,10,1,1578,0,0,0.08644662104749684
aeeem_mylyn,hybrid,logistic_regression,10,1,1592,0,0,0.0633209317755024
aeeem_mylyn,hybrid,logistic_regression,10,1,1601,0,1,0.6634248318195276
aeeem_mylyn,hybrid,logistic_regression,10,1,1614,0,0,0.06731419197881998
aeeem_mylyn,hybrid,logistic_regression,10,1,1615,0,0,0.03456778121224103
aeeem_mylyn,hybrid,logistic_regression,10,1,1630,1,1,0.7853810479478557
aeeem_mylyn,hybrid,logistic_regression,10,1,1676,1,1,0.955451969977154
aeeem_mylyn,hybrid,logistic_regression,10,1,1678,0,0,0.10437206916318523
aeeem_mylyn,hybrid,logistic_regression,10,1,1704,0,0,0.12844066903745707
aeeem_mylyn,hybrid,logistic_regression,10,1,1713,0,0,0.122089773252837
aeeem_mylyn,hybrid,logistic_regression,10,1,1716,0,0,0.020575831877173677
aeeem_mylyn,hybrid,logistic_regression,10,1,1733,0,1,0.8798966447117822
aeeem_mylyn,hybrid,logistic_regression,10,1,1734,0,1,0.584386089665009
aeeem_mylyn,hybrid,logistic_regression,10,1,1758,0,0,0.4143842367491372
aeeem_mylyn,hybrid,logistic_regression,10,1,1772,0,0,0.34347776458735013
aeeem_mylyn,hybrid,logistic_regression,10,1,1780,0,0,0.08271194760572208
aeeem_mylyn,hybrid,logistic_regression,10,1,1784,1,0,0.3894208436873245
aeeem_mylyn,hybrid,logistic_regression,10,1,1786,1,1,0.7539511974987014
aeeem_mylyn,hybrid,logistic_regression,10,1,1790,0,0,0.0863969497658933
aeeem_mylyn,hybrid,logistic_regression,10,1,1798,0,0,0.22653278609575614
aeeem_mylyn,hybrid,logistic_regression,10,1,1823,0,0,0.0015713211052841413
aeeem_mylyn,hybrid,logistic_regression,10,1,1831,1,0,0.18379235365054963
aeeem_mylyn,hybrid,logistic_regression,10,1,1842,0,0,0.22592496895374778
aeeem_mylyn,hybrid,logistic_regression,10,1,1846,0,0,0.0057937922166780035
aeeem_mylyn,hybrid,logistic_regression,10,1,1852,0,0,0.0004736256708705032
aeeem_mylyn,hybrid,logistic_regression,10,2,9,0,0,0.07912385499421626
aeeem_mylyn,hybrid,logistic_regression,10,2,17,0,1,0.5027013800884778
aeeem_mylyn,hybrid,logistic_regression,10,2,19,0,0,0.06851853518098427
aeeem_mylyn,hybrid,logistic_regression,10,2,20,0,0,0.06455721715152843
aeeem_mylyn,hybrid,logistic_regression,10,2,21,0,1,0.7313424799036923
aeeem_mylyn,hybrid,logistic_regression,10,2,22,0,1,0.795623867504604
aeeem_mylyn,hybrid,logistic_regression,10,2,32,0,0,0.07874376846847261
aeeem_mylyn,hybrid,logistic_regression,10,2,53,0,0,0.06174891009081199
aeeem_mylyn,hybrid,logistic_regression,10,2,69,0,0,0.1019167449889979
aeeem_mylyn,hybrid,logistic_regression,10,2,81,0,0,0.329677535229803
aeeem_mylyn,hybrid,logistic_regression,10,2,91,0,0,0.41480388959532943
aeeem_mylyn,hybrid,logistic_regression,10,2,94,0,0,0.28901298375217144
aeeem_mylyn,hybrid,logistic_regression,10,2,107,0,1,0.5210084849382421
aeeem_mylyn,hybrid,logistic_regression,10,2,114,1,0,0.48877547288487905
aeeem_mylyn,hybrid,logistic_regression,10,2,129,1,1,0.8229647161776725
aeeem_mylyn,hybrid,logistic_regression,10,2,134,1,1,0.5210084849382421
aeeem_mylyn,hybrid,logistic_regression,10,2,144,0,1,0.593642096873381
aeeem_mylyn,hybrid,logistic_regression,10,2,153,0,0,0.297792283060375
aeeem_mylyn,hybrid,logistic_regression,10,2,154,0,0,0.31922691245229545
aeeem_mylyn,hybrid,logistic_regression,10,2,162,0,0,0.26923196119818626
aeeem_mylyn,hybrid,logistic_regression,10,2,167,0,0,0.0005092683565473316
aeeem_mylyn,hybrid,logistic_regression,10,2,170,0,1,0.5614056004281143
aeeem_mylyn,hybrid,logistic_regression,10,2,187,0,0,0.05087849370530402
aeeem_mylyn,hybrid,logistic_regression,10,2,201,0,0,0.00016559500634795796
aeeem_mylyn,hybrid,logistic_regression,10,2,219,0,0,0.12473718915210308
aeeem_mylyn,hybrid,logistic_regression,10,2,223,0,0,0.1755988683309683
aeeem_mylyn,hybrid,logistic_regression,10,2,225,0,1,0.5395672470413486
aeeem_mylyn,hybrid,logistic_regression,10,2,235,0,0,0.22535265832195517
aeeem_mylyn,hybrid,logistic_regression,10,2,245,0,0,0.2724747545570913
aeeem_mylyn,hybrid,logistic_regression,10,2,247,1,1,0.7917432895862155
aeeem_mylyn,hybrid,logistic_regression,10,2,252,1,1,0.5320279836723423
aeeem_mylyn,hybrid,logistic_regression,10,2,262,0,0,0.001230387638509803
aeeem_mylyn,hybrid,logistic_regression,10,2,266,1,1,0.7269446160554293
aeeem_mylyn,hybrid,logistic_regression,10,2,279,0,1,0.6661610585802759
aeeem_mylyn,hybrid,logistic_regression,10,2,283,0,0,0.11903456966108661
aeeem_mylyn,hybrid,logistic_regression,10,2,296,0,0,0.020281736824993235
aeeem_mylyn,hybrid,logistic_regression,10,2,335,0,0,0.12505983684757624
aeeem_mylyn,hybrid,logistic_regression,10,2,341,0,0,0.3312874725055808
aeeem_mylyn,hybrid,logistic_regression,10,2,343,1,1,0.7487542512255974
aeeem_mylyn,hybrid,logistic_regression,10,2,345,0,0,0.41986242318367784
aeeem_mylyn,hybrid,logistic_regression,10,2,351,0,0,0.06938429261545141
aeeem_mylyn,hybrid,logistic_regression,10,2,352,0,0,0.07300313790363144
aeeem_mylyn,hybrid,logistic_regression,10,2,365,0,0,0.040647502332754756
aeeem_mylyn,hybrid,logistic_regression,10,2,367,0,1,0.6123450035510706
aeeem_mylyn,hybrid,logistic_regression,10,2,393,0,0,0.005097400987437408
aeeem_mylyn,hybrid,logistic_regression,10,2,397,0,0,0.1515918154196952
aeeem_mylyn,hybrid,logistic_regression,10,2,403,0,0,0.1405501913287623
aeeem_mylyn,hybrid,logistic_regression,10,2,421,0,0,0.002510084395822039
aeeem_mylyn,hybrid,logistic_regression,10,2,427,0,0,0.2796858956285687
aeeem_mylyn,hybrid,logistic_regression,10,2,429,0,0,0.052511266844728045
aeeem_mylyn,hybrid,logistic_regression,10,2,448,0,0,0.061073284929241856
aeeem_mylyn,hybrid,logistic_regression,10,2,469,1,0,0.4367785036919393
aeeem_mylyn,hybrid,logistic_regression,10,2,474,0,0,0.01135937720141047
aeeem_mylyn,hybrid,logistic_regression,10,2,476,0,0,0.052022919763666624
aeeem_mylyn,hybrid,logistic_regression,10,2,491,0,0,0.07105521652830055
aeeem_mylyn,hybrid,logistic_regression,10,2,492,0,0,0.124457179231793
aeeem_mylyn,hybrid,logistic_regression,10,2,505,0,1,0.5210084849382421
aeeem_mylyn,hybrid,logistic_regression,10,2,509,0,0,0.11161926219771465
aeeem_mylyn,hybrid,logistic_regression,10,2,520,0,0,0.24410321242287802
aeeem_mylyn,hybrid,logistic_regression,10,2,530,0,0,0.4211358095254475
aeeem_mylyn,hybrid,logistic_regression,10,2,534,0,0,0.3545326896531981
aeeem_mylyn,hybrid,logistic_regression,10,2,542,0,0,0.05019747000136314
aeeem_mylyn,hybrid,logistic_regression,10,2,570,0,0,0.23633742824943188
aeeem_mylyn,hybrid,logistic_regression,10,2,593,0,0,0.024406190343660223
aeeem_mylyn,hybrid,logistic_regression,10,2,595,1,1,0.6519012492960664
aeeem_mylyn,hybrid,logistic_regression,10,2,596,0,1,0.5868473227742929
aeeem_mylyn,hybrid,logistic_regression,10,2,599,1,0,0.1993783776209959
aeeem_mylyn,hybrid,logistic_regression,10,2,603,0,0,0.27814119540546434
aeeem_mylyn,hybrid,logistic_regression,10,2,608,0,0,0.08294576893910749
aeeem_mylyn,hybrid,logistic_regression,10,2,614,0,0,0.11744725925472062
aeeem_mylyn,hybrid,logistic_regression,10,2,628,0,0,0.04572817180460952
aeeem_mylyn,hybrid,logistic_regression,10,2,642,0,0,0.4348850517426067
aeeem_mylyn,hybrid,logistic_regression,10,2,644,0,0,0.02657028737877178
aeeem_mylyn,hybrid,logistic_regression,10,2,648,0,0,0.014311558666570023
aeeem_mylyn,hybrid,logistic_regression,10,2,652,1,0,0.4117820807601764
aeeem_mylyn,hybrid,logistic_regression,10,2,662,0,0,0.0706185349817057
aeeem_mylyn,hybrid,logistic_regression,10,2,679,0,0,0.1485228367921732
aeeem_mylyn,hybrid,logistic_regression,10,2,694,0,0,0.10786899590263764
aeeem_mylyn,hybrid,logistic_regression,10,2,706,1,1,0.58672062588242
aeeem_mylyn,hybrid,logistic_regression,10,2,708,0,0,0.04769414365301421
aeeem_mylyn,hybrid,logistic_regression,10,2,709,0,0,0.3029423009295209
aeeem_mylyn,hybrid,logistic_regression,10,2,734,0,0,0.3651416091718053
aeeem_mylyn,hybrid,logistic_regression,10,2,737,0,1,0.6726049441395883
aeeem_mylyn,hybrid,logistic_regression,10,2,739,0,1,0.9227821378851142
aeeem_mylyn,hybrid,logistic_regression,10,2,740,0,1,0.5915750114013547
aeeem_mylyn,hybrid,logistic_regression,10,2,753,0,1,0.942590246041992
aeeem_mylyn,hybrid,logistic_regression,10,2,758,0,0,0.06595215410405092
aeeem_mylyn,hybrid,logistic_regression,10,2,763,0,1,0.5264362338069498
aeeem_mylyn,hybrid,logistic_regression,10,2,775,0,1,0.6919275868214704
aeeem_mylyn,hybrid,logistic_regression,10,2,777,0,0,0.29234379179304343
aeeem_mylyn,hybrid,logistic_regression,10,2,782,0,0,0.0037185557456292837
aeeem_mylyn,hybrid,logistic_regression,10,2,802,0,0,0.3525146781348643
aeeem_mylyn,hybrid,logistic_regression,10,2,804,0,0,0.0036839970109137305
aeeem_mylyn,hybrid,logistic_regression,10,2,818,0,0,0.13326143380565644
aeeem_mylyn,hybrid,logistic_regression,10,2,831,0,0,0.27187143760291654
aeeem_mylyn,hybrid,logistic_regression,10,2,842,0,0,0.06615666755773308
aeeem_mylyn,hybrid,logistic_regression,10,2,854,0,1,0.5519125900809686
aeeem_mylyn,hybrid,logistic_regression,10,2,856,1,1,0.5848353648506772
aeeem_mylyn,hybrid,logistic_regression,10,2,861,0,0,0.3333578760241087
aeeem_mylyn,hybrid,logistic_regression,10,2,867,0,1,0.6143017700250383
aeeem_mylyn,hybrid,logistic_regression,10,2,877,1,0,0.35750616417794423
aeeem_mylyn,hybrid,logistic_regression,10,2,885,0,0,0.22037914716208715
aeeem_mylyn,hybrid,logistic_regression,10,2,895,0,0,0.0044116326877300495
aeeem_mylyn,hybrid,logistic_regression,10,2,914,1,1,0.821218303027573
aeeem_mylyn,hybrid,logistic_regression,10,2,926,0,0,0.15909829828758285
aeeem_mylyn,hybrid,logistic_regression,10,2,927,0,1,0.8965267831998893
aeeem_mylyn,hybrid,logistic_regression,10,2,934,0,0,0.3259446733820108
aeeem_mylyn,hybrid,logistic_regression,10,2,943,0,0,0.06733626235455487
aeeem_mylyn,hybrid,logistic_regression,10,2,957,0,0,0.06359051931647768
aeeem_mylyn,hybrid,logistic_regression,10,2,968,0,0,0.4102771069028833
aeeem_mylyn,hybrid,logistic_regression,10,2,969,0,0,0.08402267511619375
aeeem_mylyn,hybrid,logistic_regression,10,2,970,0,1,0.5091227449604656
aeeem_mylyn,hybrid,logistic_regression,10,2,993,0,0,0.17149109535209114
aeeem_mylyn,hybrid,logistic_regression,10,2,1006,0,0,0.24284780756150695
aeeem_mylyn,hybrid,logistic_regression,10,2,1008,0,0,0.059183257331915325
aeeem_mylyn,hybrid,logistic_regression,10,2,1009,0,0,0.08995262491466798
aeeem_mylyn,hybrid,logistic_regression,10,2,1016,0,1,0.8011057196589023
aeeem_mylyn,hybrid,logistic_regression,10,2,1069,0,1,0.6680679616371517
aeeem_mylyn,hybrid,logistic_regression,10,2,1073,0,0,0.23813771151372373
aeeem_mylyn,hybrid,logistic_regression,10,2,1074,0,0,0.025117894539226034
aeeem_mylyn,hybrid,logistic_regression,10,2,1077,1,1,0.7005194142863016
aeeem_mylyn,hybrid,logistic_regression,10,2,1083,0,0,0.4582576130287707
aeeem_mylyn,hybrid,logistic_regression,10,2,1092,0,0,0.014590220514986455
aeeem_mylyn,hybrid,logistic_regression,10,2,1118,0,0,0.17065650028867194
aeeem_mylyn,hybrid,logistic_regression,10,2,1145,0,0,0.20960708760554597
aeeem_mylyn,hybrid,logistic_regression,10,2,1155,0,1,0.767209302387667
aeeem_mylyn,hybrid,logistic_regression,10,2,1163,0,0,0.043271609132384536
aeeem_mylyn,hybrid,logistic_regression,10,2,1165,0,0,5.86715436352603e-05
aeeem_mylyn,hybrid,logistic_regression,10,2,1168,0,0,0.0037885215620499283
aeeem_mylyn,hybrid,logistic_regression,10,2,1195,0,0,0.0359234625779646
aeeem_mylyn,hybrid,logistic_regression,10,2,1213,0,0,0.4393260445866603
aeeem_mylyn,hybrid,logistic_regression,10,2,1222,0,0,0.27767801650069235
aeeem_mylyn,hybrid,logistic_regression,10,2,1241,0,0,0.04507917917798832
aeeem_mylyn,hybrid,logistic_regression,10,2,1246,0,0,0.0003861320891609052
aeeem_mylyn,hybrid,logistic_regression,10,2,1257,0,0,0.22286289647275703
aeeem_mylyn,hybrid,logistic_regression,10,2,1265,0,0,0.07457788513616749
aeeem_mylyn,hybrid,logistic_regression,10,2,1295,0,0,0.08465075862890797
aeeem_mylyn,hybrid,logistic_regression,10,2,1305,0,1,0.6503675608994434
aeeem_mylyn,hybrid,logistic_regression,10,2,1324,0,1,0.6843559945596753
aeeem_mylyn,hybrid,logistic_regression,10,2,1373,0,0,0.027767524358971393
aeeem_mylyn,hybrid,logistic_regression,10,2,1379,1,1,0.7959794219475601
aeeem_mylyn,hybrid,logistic_regression,10,2,1392,0,1,0.7900970266966202
aeeem_mylyn,hybrid,logistic_regression,10,2,1401,0,0,0.061366158498740025
aeeem_mylyn,hybrid,logistic_regression,10,2,1403,0,0,0.06273907612309806
aeeem_mylyn,hybrid,logistic_regression,10,2,1411,1,1,0.9407248289919287
aeeem_mylyn,hybrid,logistic_regression,10,2,1422,0,0,0.05570748735296276
aeeem_mylyn,hybrid,logistic_regression,10,2,1435,0,0,0.49268509862790305
aeeem_mylyn,hybrid,logistic_regression,10,2,1454,0,0,0.4175433653114839
aeeem_mylyn,hybrid,logistic_regression,10,2,1461,1,1,0.9992228849961715
aeeem_mylyn,hybrid,logistic_regression,10,2,1462,0,0,0.29138671137135463
aeeem_mylyn,hybrid,logistic_regression,10,2,1463,0,0,0.008272834788171007
aeeem_mylyn,hybrid,logistic_regression,10,2,1489,1,1,0.6040701142368771
aeeem_mylyn,hybrid,logistic_regression,10,2,1492,0,1,0.6319762311848638
aeeem_mylyn,hybrid,logistic_regression,10,2,1496,0,1,0.5801939273440899
aeeem_mylyn,hybrid,logistic_regression,10,2,1501,0,0,0.377185270870977
aeeem_mylyn,hybrid,logistic_regression,10,2,1515,1,0,0.4830457011276496
aeeem_mylyn,hybrid,logistic_regression,10,2,1543,0,0,0.3392302421351489
aeeem_mylyn,hybrid,logistic_regression,10,2,1552,0,0,0.2794411342372868
aeeem_mylyn,hybrid,logistic_regression,10,2,1563,0,0,0.028751133428331528
aeeem_mylyn,hybrid,logistic_regression,10,2,1576,1,1,0.9953382312115485
aeeem_mylyn,hybrid,logistic_regression,10,2,1588,0,0,0.09553896774423275
aeeem_mylyn,hybrid,logistic_regression,10,2,1595,0,0,0.18054315735477133
aeeem_mylyn,hybrid,logistic_regression,10,2,1597,0,1,0.684064155937761
aeeem_mylyn,hybrid,logistic_regression,10,2,1598,0,0,0.0023789330623024143
aeeem_mylyn,hybrid,logistic_regression,10,2,1603,0,1,0.5885661211015009
aeeem_mylyn,hybrid,logistic_regression,10,2,1605,0,0,0.40184349013950865
aeeem_mylyn,hybrid,logistic_regression,10,2,1612,0,0,0.24497499000025744
aeeem_mylyn,hybrid,logistic_regression,10,2,1635,0,0,0.39143911934353576
aeeem_mylyn,hybrid,logistic_regression,10,2,1668,1,0,0.3299217797994
aeeem_mylyn,hybrid,logistic_regression,10,2,1680,1,1,0.6541141915216873
aeeem_mylyn,hybrid,logistic_regression,10,2,1688,0,0,0.2004671759573562
aeeem_mylyn,hybrid,logistic_regression,10,2,1712,0,1,0.5453479199940974
aeeem_mylyn,hybrid,logistic_regression,10,2,1718,0,0,0.33229134550237155
aeeem_mylyn,hybrid,logistic_regression,10,2,1720,0,0,0.10997949240539948
aeeem_mylyn,hybrid,logistic_regression,10,2,1739,0,0,0.011957432661994664
aeeem_mylyn,hybrid,logistic_regression,10,2,1741,0,1,0.7147070447112551
aeeem_mylyn,hybrid,logistic_regression,10,2,1747,0,0,0.0009197935305564894
aeeem_mylyn,hybrid,logistic_regression,10,2,1754,0,0,0.0004938531609104061
aeeem_mylyn,hybrid,logistic_regression,10,2,1757,0,1,0.5304470246839865
aeeem_mylyn,hybrid,logistic_regression,10,2,1771,0,0,0.09516080944326871
aeeem_mylyn,hybrid,logistic_regression,10,2,1789,0,1,0.5419274767518449
aeeem_mylyn,hybrid,logistic_regression,10,2,1791,0,0,0.19631328787707292
aeeem_mylyn,hybrid,logistic_regression,10,2,1796,0,1,0.5918607174256091
aeeem_mylyn,hybrid,logistic_regression,10,2,1812,0,1,0.5624798795036974
aeeem_mylyn,hybrid,logistic_regression,10,2,1822,0,0,0.3759157913094805
aeeem_mylyn,hybrid,logistic_regression,10,2,1828,0,0,0.0009829425820834566
aeeem_mylyn,hybrid,logistic_regression,10,2,1835,1,0,0.45723308613909963
aeeem_mylyn,hybrid,logistic_regression,10,3,1,0,0,0.22690148236865154
aeeem_mylyn,hybrid,logistic_regression,10,3,16,0,0,0.4623928420222991
aeeem_mylyn,hybrid,logistic_regression,10,3,23,0,0,0.03238792005840498
aeeem_mylyn,hybrid,logistic_regression,10,3,25,0,0,0.24319126518554451
aeeem_mylyn,hybrid,logistic_regression,10,3,27,0,0,0.3356419483110539
aeeem_mylyn,hybrid,logistic_regression,10,3,41,0,1,0.8196736407672438
aeeem_mylyn,hybrid,logistic_regression,10,3,42,0,1,0.8065037034109145
aeeem_mylyn,hybrid,logistic_regression,10,3,45,0,0,0.21619245098325066
aeeem_mylyn,hybrid,logistic_regression,10,3,57,0,0,0.16648656923347643
aeeem_mylyn,hybrid,logistic_regression,10,3,60,1,1,0.8249147972732147
aeeem_mylyn,hybrid,logistic_regression,10,3,84,0,0,0.43843529660279074
aeeem_mylyn,hybrid,logistic_regression,10,3,88,0,1,0.5772377415784624
aeeem_mylyn,hybrid,logistic_regression,10,3,93,0,0,0.3737439447457581
aeeem_mylyn,hybrid,logistic_regression,10,3,99,1,1,0.7112832675635521
aeeem_mylyn,hybrid,logistic_regression,10,3,111,1,1,0.9982041191218709
aeeem_mylyn,hybrid,logistic_regression,10,3,119,0,0,0.07561658364705034
aeeem_mylyn,hybrid,logistic_regression,10,3,120,0,1,0.8153262477249552
aeeem_mylyn,hybrid,logistic_regression,10,3,122,0,0,0.002440454624457499
aeeem_mylyn,hybrid,logistic_regression,10,3,127,0,0,0.1822830241225147
aeeem_mylyn,hybrid,logistic_regression,10,3,135,0,0,0.0019055117693107073
aeeem_mylyn,hybrid,logistic_regression,10,3,148,0,0,0.11841742734232966
aeeem_mylyn,hybrid,logistic_regression,10,3,156,1,1,0.7379274622015203
aeeem_mylyn,hybrid,logistic_regression,10,3,166,0,0,0.4961304866858862
aeeem_mylyn,hybrid,logistic_regression,10,3,172,0,0,0.24604701292691256
aeeem_mylyn,hybrid,logistic_regression,10,3,173,1,0,0.02446172293498752
aeeem_mylyn,hybrid,logistic_regression,10,3,181,0,1,0.7227418126032541
aeeem_mylyn,hybrid,logistic_regression,10,3,195,0,0,0.0819709961964152
aeeem_mylyn,hybrid,logistic_regression,10,3,198,0,0,0.0033856853725498415
aeeem_mylyn,hybrid,logistic_regression,10,3,202,0,0,0.2921301753474165
aeeem_mylyn,hybrid,logistic_regression,10,3,212,0,0,0.16358496467933717
aeeem_mylyn,hybrid,logistic_regression,10,3,215,0,0,0.484720455447167
aeeem_mylyn,hybrid,logistic_regression,10,3,229,0,0,0.0006543466733463819
aeeem_mylyn,hybrid,logistic_regression,10,3,242,0,0,0.04240737852665025
aeeem_mylyn,hybrid,logistic_regression,10,3,246,0,1,0.5215318505354849
aeeem_mylyn,hybrid,logistic_regression,10,3,249,0,0,0.005886071331962729
aeeem_mylyn,hybrid,logistic_regression,10,3,250,0,1,0.9841394753084691
aeeem_mylyn,hybrid,logistic_regression,10,3,253,0,1,0.792540626041513
aeeem_mylyn,hybrid,logistic_regression,10,3,258,0,0,0.19191092560714615
aeeem_mylyn,hybrid,logistic_regression,10,3,259,0,0,0.060751166977380096
aeeem_mylyn,hybrid,logistic_regression,10,3,303,0,0,0.13403424214638715
aeeem_mylyn,hybrid,logistic_regression,10,3,304,0,0,0.20314796977807453
aeeem_mylyn,hybrid,logistic_regression,10,3,307,0,0,0.456065276905022
aeeem_mylyn,hybrid,logistic_regression,10,3,315,0,1,0.6778812625861106
aeeem_mylyn,hybrid,logistic_regression,10,3,317,1,1,0.5918356551503621
aeeem_mylyn,hybrid,logistic_regression,10,3,329,1,1,0.5676188887914465
aeeem_mylyn,hybrid,logistic_regression,10,3,338,1,1,0.5522904439123436
aeeem_mylyn,hybrid,logistic_regression,10,3,342,0,1,0.6809804101040187
aeeem_mylyn,hybrid,logistic_regression,10,3,347,0,0,0.058591152932042284
aeeem_mylyn,hybrid,logistic_regression,10,3,363,0,0,0.2570811781044449
aeeem_mylyn,hybrid,logistic_regression,10,3,371,0,0,0.26746948611014976
aeeem_mylyn,hybrid,logistic_regression,10,3,374,0,0,0.05829468557133551
aeeem_mylyn,hybrid,logistic_regression,10,3,416,0,1,0.6146509619515665
aeeem_mylyn,hybrid,logistic_regression,10,3,437,0,0,0.2097412364709822
aeeem_mylyn,hybrid,logistic_regression,10,3,456,0,0,0.09200263012799091
aeeem_mylyn,hybrid,logistic_regression,10,3,473,0,0,0.06404005784663086
aeeem_mylyn,hybrid,logistic_regression,10,3,475,1,0,0.0023635033979561796
aeeem_mylyn,hybrid,logistic_regression,10,3,484,0,0,0.03752021201313213
aeeem_mylyn,hybrid,logistic_regression,10,3,490,0,0,0.27462755653010923
aeeem_mylyn,hybrid,logistic_regression,10,3,494,0,1,0.5890930019852632
aeeem_mylyn,hybrid,logistic_regression,10,3,517,0,0,0.3445081153920232
aeeem_mylyn,hybrid,logistic_regression,10,3,522,0,1,0.5676188887914465
aeeem_mylyn,hybrid,logistic_regression,10,3,528,1,1,0.5683313776927554
aeeem_mylyn,hybrid,logistic_regression,10,3,531,0,0,2.6326752516623625e-05
aeeem_mylyn,hybrid,logistic_regression,10,3,538,0,0,0.3557489443016366
aeeem_mylyn,hybrid,logistic_regression,10,3,539,0,0,2.1207450349048755e-06
aeeem_mylyn,hybrid,logistic_regression,10,3,546,0,0,0.20954776280617649
aeeem_mylyn,hybrid,logistic_regression,10,3,550,0,0,0.26296995207915014
aeeem_mylyn,hybrid,logistic_regression,10,3,556,1,1,0.5392013686095776
aeeem_mylyn,hybrid,logistic_regression,10,3,558,0,0,0.14557976069063996
aeeem_mylyn,hybrid,logistic_regression,10,3,577,1,1,0.884015806990424
aeeem_mylyn,hybrid,logistic_regression,10,3,579,0,0,0.0032495211990291924
aeeem_mylyn,hybrid,logistic_regression,10,3,581,0,0,0.02357130303012135
aeeem_mylyn,hybrid,logistic_regression,10,3,584,0,1,0.6755412364131484
aeeem_mylyn,hybrid,logistic_regression,10,3,587,1,0,0.036216142370245265
aeeem_mylyn,hybrid,logistic_regression,10,3,597,0,0,0.05089659888251853
aeeem_mylyn,hybrid,logistic_regression,10,3,604,0,0,0.3177607147481244
aeeem_mylyn,hybrid,logistic_regression,10,3,605,0,1,0.7683594005570276
aeeem_mylyn,hybrid,logistic_regression,10,3,612,1,0,0.354492857967792
aeeem_mylyn,hybrid,logistic_regression,10,3,616,0,0,0.045423675129120156
aeeem_mylyn,hybrid,logistic_regression,10,3,620,0,1,0.5347865258600851
aeeem_mylyn,hybrid,logistic_regression,10,3,625,0,0,0.43389158964794405
aeeem_mylyn,hybrid,logistic_regression,10,3,665,0,0,0.4620839934625214
aeeem_mylyn,hybrid,logistic_regression,10,3,671,0,0,0.15684564721899594
aeeem_mylyn,hybrid,logistic_regression,10,3,673,0,1,0.8200800175281132
aeeem_mylyn,hybrid,logistic_regression,10,3,677,0,0,0.006536984080520643
aeeem_mylyn,hybrid,logistic_regression,10,3,680,0,1,0.6778196074918963
aeeem_mylyn,hybrid,logistic_regression,10,3,712,0,0,0.01757095865037086
aeeem_mylyn,hybrid,logistic_regression,10,3,720,0,0,0.08262499348523379
aeeem_mylyn,hybrid,logistic_regression,10,3,721,0,0,0.41229822429772317
aeeem_mylyn,hybrid,logistic_regression,10,3,722,0,0,0.08200858026592642
aeeem_mylyn,hybrid,logistic_regression,10,3,726,1,1,0.9991213777708543
aeeem_mylyn,hybrid,logistic_regression,10,3,732,0,0,0.18339861031808824
aeeem_mylyn,hybrid,logistic_regression,10,3,755,0,0,0.2038151456077709
aeeem_mylyn,hybrid,logistic_regression,10,3,756,0,1,0.951361701091151
aeeem_mylyn,hybrid,logistic_regression,10,3,774,0,0,0.22254590748585773
aeeem_mylyn,hybrid,logistic_regression,10,3,790,1,1,0.8574138333730283
aeeem_mylyn,hybrid,logistic_regression,10,3,801,0,1,0.6073613281589145
aeeem_mylyn,hybrid,logistic_regression,10,3,803,0,0,0.32079825597654366
aeeem_mylyn,hybrid,logistic_regression,10,3,809,0,0,0.1889717576348272
aeeem_mylyn,hybrid,logistic_regression,10,3,813,0,0,0.0005663036967348213
aeeem_mylyn,hybrid,logistic_regression,10,3,827,0,0,0.4880319118178382
aeeem_mylyn,hybrid,logistic_regression,10,3,836,1,0,0.015106988830917285
aeeem_mylyn,hybrid,logistic_regression,10,3,857,0,0,0.28627370112240846
aeeem_mylyn,hybrid,logistic_regression,10,3,865,0,0,0.02656945487697965
aeeem_mylyn,hybrid,logistic_regression,10,3,887,0,1,0.9680616417490012
aeeem_mylyn,hybrid,logistic_regression,10,3,891,0,1,0.9778297625034618
aeeem_mylyn,hybrid,logistic_regression,10,3,915,0,1,0.7175257332383388
aeeem_mylyn,hybrid,logistic_regression,10,3,930,0,0,0.223045674176822
aeeem_mylyn,hybrid,logistic_regression,10,3,967,0,0,0.05059021689420371
aeeem_mylyn,hybrid,logistic_regression,10,3,971,0,1,0.6145783019043025
aeeem_mylyn,hybrid,logistic_regression,10,3,974,0,0,0.057058326791078154
aeeem_mylyn,hybrid,logistic_regression,10,3,984,0,0,0.008210602934125129
aeeem_mylyn,hybrid,logistic_regression,10,3,987,0,1,0.5025397680779474
aeeem_mylyn,hybrid,logistic_regression,10,3,1004,0,0,0.016128235843405492
aeeem_mylyn,hybrid,logistic_regression,10,3,1005,1,1,0.9962308814887604
aeeem_mylyn,hybrid,logistic_regression,10,3,1026,0,0,0.005623565685827886
aeeem_mylyn,hybrid,logistic_regression,10,3,1027,0,0,0.1756443036855411
aeeem_mylyn,hybrid,logistic_regression,10,3,1041,0,1,0.6959635162626211
aeeem_mylyn,hybrid,logistic_regression,10,3,1047,0,1,0.5039705582056184
aeeem_mylyn,hybrid,logistic_regression,10,3,1056,0,0,0.3021938538789834
aeeem_mylyn,hybrid,logistic_regression,10,3,1078,0,0,8.318941303663843e-05
aeeem_mylyn,hybrid,logistic_regression,10,3,1088,0,0,0.11406263310395046
aeeem_mylyn,hybrid,logistic_regression,10,3,1095,0,0,0.02031357658616859
aeeem_mylyn,hybrid,logistic_regression,10,3,1103,0,0,0.06198447821978586
aeeem_mylyn,hybrid,logistic_regression,10,3,1133,0,0,0.21773883547852121
aeeem_mylyn,hybrid,logistic_regression,10,3,1137,0,0,0.30400283113420284
aeeem_mylyn,hybrid,logistic_regression,10,3,1149,0,0,0.4781622436479766
aeeem_mylyn,hybrid,logistic_regression,10,3,1151,0,0,0.35554185371133656
aeeem_mylyn,hybrid,logistic_regression,10,3,1159,0,0,0.048642879135156886
aeeem_mylyn,hybrid,logistic_regression,10,3,1186,0,0,0.23484287516640712
aeeem_mylyn,hybrid,logistic_regression,10,3,1187,0,0,0.4144025375622201
aeeem_mylyn,hybrid,logistic_regression,10,3,1192,0,0,0.00045624731045923163
aeeem_mylyn,hybrid,logistic_regression,10,3,1198,1,0,0.09021241574327236
aeeem_mylyn,hybrid,logistic_regression,10,3,1208,0,0,0.3006564347565116
aeeem_mylyn,hybrid,logistic_regression,10,3,1240,0,0,0.0305638176871908
aeeem_mylyn,hybrid,logistic_regression,10,3,1243,1,0,0.27642250509287014
aeeem_mylyn,hybrid,logistic_regression,10,3,1244,0,0,0.1158766879151424
aeeem_mylyn,hybrid,logistic_regression,10,3,1245,0,0,0.33047342234229155
aeeem_mylyn,hybrid,logistic_regression,10,3,1267,0,0,0.2857321409049225
aeeem_mylyn,hybrid,logistic_regression,10,3,1274,0,1,0.5890930019852632
aeeem_mylyn,hybrid,logistic_regression,10,3,1279,0,0,0.022603694193434262
aeeem_mylyn,hybrid,logistic_regression,10,3,1288,1,0,0.23205630696490506
aeeem_mylyn,hybrid,logistic_regression,10,3,1294,0,1,0.6805208477676369
aeeem_mylyn,hybrid,logistic_regression,10,3,1306,0,0,0.0011613923588412807
aeeem_mylyn,hybrid,logistic_regression,10,3,1319,0,0,0.10655948229570929
aeeem_mylyn,hybrid,logistic_regression,10,3,1321,0,1,0.7099022398056105
aeeem_mylyn,hybrid,logistic_regression,10,3,1322,0,0,0.247167718991192
aeeem_mylyn,hybrid,logistic_regression,10,3,1323,0,0,2.4440700692728837e-06
aeeem_mylyn,hybrid,logistic_regression,10,3,1372,0,0,0.16202573649947852
aeeem_mylyn,hybrid,logistic_regression,10,3,1396,0,1,0.5206998450887372
aeeem_mylyn,hybrid,logistic_regression,10,3,1417,0,1,0.9790436633080832
aeeem_mylyn,hybrid,logistic_regression,10,3,1420,0,1,0.5108647535597112
aeeem_mylyn,hybrid,logistic_regression,10,3,1429,0,0,0.11894393649801045
aeeem_mylyn,hybrid,logistic_regression,10,3,1474,0,0,0.22501778928266922
aeeem_mylyn,hybrid,logistic_regression,10,3,1499,0,0,0.1506935658289521
aeeem_mylyn,hybrid,logistic_regression,10,3,1506,0,0,0.19691556654365128
aeeem_mylyn,hybrid,logistic_regression,10,3,1516,1,0,0.005513117961309926
aeeem_mylyn,hybrid,logistic_regression,10,3,1540,0,0,0.4374538764400787
aeeem_mylyn,hybrid,logistic_regression,10,3,1551,0,0,0.0001390835023787133
aeeem_mylyn,hybrid,logistic_regression,10,3,1560,0,0,3.2503993184310256e-05
aeeem_mylyn,hybrid,logistic_regression,10,3,1567,0,0,0.2876297044752681
aeeem_mylyn,hybrid,logistic_regression,10,3,1580,0,1,0.5326712318206529
aeeem_mylyn,hybrid,logistic_regression,10,3,1585,0,0,0.06813015998685595
aeeem_mylyn,hybrid,logistic_regression,10,3,1600,0,0,0.050489834703398566
aeeem_mylyn,hybrid,logistic_regression,10,3,1609,0,0,0.09483928484034033
aeeem_mylyn,hybrid,logistic_regression,10,3,1624,0,0,0.001822895281380004
aeeem_mylyn,hybrid,logistic_regression,10,3,1677,0,0,0.002475637920838035
aeeem_mylyn,hybrid,logistic_regression,10,3,1689,0,0,0.0038388981698093305
aeeem_mylyn,hybrid,logistic_regression,10,3,1692,0,1,0.8778384158227295
aeeem_mylyn,hybrid,logistic_regression,10,3,1706,0,0,0.23755781832395845
aeeem_mylyn,hybrid,logistic_regression,10,3,1719,0,0,0.0898336907021703
aeeem_mylyn,hybrid,logistic_regression,10,3,1721,0,0,0.011585773322770247
aeeem_mylyn,hybrid,logistic_regression,10,3,1722,0,0,0.30127706020482425
aeeem_mylyn,hybrid,logistic_regression,10,3,1738,0,1,0.9999999999999076
aeeem_mylyn,hybrid,logistic_regression,10,3,1745,0,0,0.20442229427137185
aeeem_mylyn,hybrid,logistic_regression,10,3,1751,0,0,1.8166567075242092e-05
aeeem_mylyn,hybrid,logistic_regression,10,3,1761,0,1,0.7020002895020078
aeeem_mylyn,hybrid,logistic_regression,10,3,1793,0,0,0.24427592005292384
aeeem_mylyn,hybrid,logistic_regression,10,3,1799,1,1,0.5088579009543445
aeeem_mylyn,hybrid,logistic_regression,10,3,1818,0,0,0.009090009084574998
aeeem_mylyn,hybrid,logistic_regression,10,3,1825,0,0,0.2126437937661415
aeeem_mylyn,hybrid,logistic_regression,10,3,1832,0,0,0.09912116945480405
aeeem_mylyn,hybrid,logistic_regression,10,3,1838,0,1,0.5658642621818144
aeeem_mylyn,hybrid,logistic_regression,10,3,1848,0,0,0.1533301490917073
aeeem_mylyn,hybrid,logistic_regression,10,3,1851,0,0,0.4641543882952663
aeeem_mylyn,hybrid,logistic_regression,10,3,1855,1,0,0.19844675601615375
aeeem_mylyn,hybrid,logistic_regression,10,4,3,0,0,0.2676834561431485
aeeem_mylyn,hybrid,logistic_regression,10,4,4,0,0,0.011202665748072627
aeeem_mylyn,hybrid,logistic_regression,10,4,10,0,0,0.14145975948485673
aeeem_mylyn,hybrid,logistic_regression,10,4,14,0,0,0.011165262943443442
aeeem_mylyn,hybrid,logistic_regression,10,4,30,1,0,0.16513339831539794
aeeem_mylyn,hybrid,logistic_regression,10,4,34,0,0,0.02889663419068728
aeeem_mylyn,hybrid,logistic_regression,10,4,44,0,1,0.5624345871045632
aeeem_mylyn,hybrid,logistic_regression,10,4,55,0,0,0.32097659144554136
aeeem_mylyn,hybrid,logistic_regression,10,4,58,0,0,0.11275504193240152
aeeem_mylyn,hybrid,logistic_regression,10,4,61,0,0,0.18280460615557226
aeeem_mylyn,hybrid,logistic_regression,10,4,70,0,0,0.04897680194773687
aeeem_mylyn,hybrid,logistic_regression,10,4,95,0,0,0.16587410788159315
aeeem_mylyn,hybrid,logistic_regression,10,4,102,0,0,0.33423611730585
aeeem_mylyn,hybrid,logistic_regression,10,4,118,0,0,0.10182124092979593
aeeem_mylyn,hybrid,logistic_regression,10,4,125,0,1,0.5768542397545696
aeeem_mylyn,hybrid,logistic_regression,10,4,128,0,0,0.29306842073025474
aeeem_mylyn,hybrid,logistic_regression,10,4,132,0,1,0.590288404917165
aeeem_mylyn,hybrid,logistic_regression,10,4,142,0,0,0.010530365680248227
aeeem_mylyn,hybrid,logistic_regression,10,4,143,0,0,0.3682417783580762
aeeem_mylyn,hybrid,logistic_regression,10,4,155,0,0,0.2837062371823533
aeeem_mylyn,hybrid,logistic_regression,10,4,168,0,0,0.32270331632150906
aeeem_mylyn,hybrid,logistic_regression,10,4,183,0,0,0.37888047208533654
aeeem_mylyn,hybrid,logistic_regression,10,4,190,0,1,0.8724893712529146
aeeem_mylyn,hybrid,logistic_regression,10,4,193,0,0,0.05607875446015077
aeeem_mylyn,hybrid,logistic_regression,10,4,199,1,0,0.3443925180674553
aeeem_mylyn,hybrid,logistic_regression,10,4,214,0,1,0.5058284707745828
aeeem_mylyn,hybrid,logistic_regression,10,4,217,1,1,0.8889423129044397
aeeem_mylyn,hybrid,logistic_regression,10,4,221,0,0,0.26513341550021874
aeeem_mylyn,hybrid,logistic_regression,10,4,232,0,0,0.03403666432788963
aeeem_mylyn,hybrid,logistic_regression,10,4,239,1,1,0.9127508234400691
aeeem_mylyn,hybrid,logistic_regression,10,4,267,0,0,0.35167516528346277
aeeem_mylyn,hybrid,logistic_regression,10,4,274,0,0,0.18095201584431198
aeeem_mylyn,hybrid,logistic_regression,10,4,278,0,0,0.04556365174812876
aeeem_mylyn,hybrid,logistic_regression,10,4,280,0,0,0.48873362813888027
aeeem_mylyn,hybrid,logistic_regression,10,4,285,0,0,0.2320395481658237
aeeem_mylyn,hybrid,logistic_regression,10,4,288,0,0,0.025651497854931638
aeeem_mylyn,hybrid,logistic_regression,10,4,305,0,1,0.5660176763162078
aeeem_mylyn,hybrid,logistic_regression,10,4,306,0,1,0.5477342662465191
aeeem_mylyn,hybrid,logistic_regression,10,4,319,0,0,0.02502933714885483
aeeem_mylyn,hybrid,logistic_regression,10,4,323,0,1,0.5213844033485757
aeeem_mylyn,hybrid,logistic_regression,10,4,336,0,0,0.0007675543751437876
aeeem_mylyn,hybrid,logistic_regression,10,4,344,0,0,0.11098169366057124
aeeem_mylyn,hybrid,logistic_regression,10,4,349,0,1,0.5364860430772722
aeeem_mylyn,hybrid,logistic_regression,10,4,357,1,0,0.47198323824805555
aeeem_mylyn,hybrid,logistic_regression,10,4,376,0,0,0.1393272027528458
aeeem_mylyn,hybrid,logistic_regression,10,4,384,0,0,0.30381593480028035
aeeem_mylyn,hybrid,logistic_regression,10,4,389,0,0,0.42089264087384526
aeeem_mylyn,hybrid,logistic_regression,10,4,410,0,0,0.0006045926565753488
aeeem_mylyn,hybrid,logistic_regression,10,4,428,0,0,0.10938940560576255
aeeem_mylyn,hybrid,logistic_regression,10,4,451,0,0,0.18803199282883803
aeeem_mylyn,hybrid,logistic_regression,10,4,452,0,1,0.5472865886502765
aeeem_mylyn,hybrid,logistic_regression,10,4,461,0,0,0.08736353864491386
aeeem_mylyn,hybrid,logistic_regression,10,4,464,0,0,0.08533675590723552
aeeem_mylyn,hybrid,logistic_regression,10,4,481,0,0,0.023619854512728244
aeeem_mylyn,hybrid,logistic_regression,10,4,495,1,1,0.51938536950568
aeeem_mylyn,hybrid,logistic_regression,10,4,501,0,0,0.26218337923047985
aeeem_mylyn,hybrid,logistic_regression,10,4,502,0,0,0.28783706111388074
aeeem_mylyn,hybrid,logistic_regression,10,4,510,0,0,0.056753147488629065
aeeem_mylyn,hybrid,logistic_regression,10,4,511,0,1,0.916582219283782
aeeem_mylyn,hybrid,logistic_regression,10,4,524,0,1,0.7146498754612142
aeeem_mylyn,hybrid,logistic_regression,10,4,529,0,0,0.1942932529013604
aeeem_mylyn,hybrid,logistic_regression,10,4,532,0,0,0.12824756845843102
aeeem_mylyn,hybrid,logistic_regression,10,4,569,0,0,0.05546598722861198
aeeem_mylyn,hybrid,logistic_regression,10,4,590,0,0,0.02392148276465091
aeeem_mylyn,hybrid,logistic_regression,10,4,615,0,1,0.7000221103155109
aeeem_mylyn,hybrid,logistic_regression,10,4,635,1,0,0.12749650556156955
aeeem_mylyn,hybrid,logistic_regression,10,4,636,0,1,0.7929611964392902
aeeem_mylyn,hybrid,logistic_regression,10,4,645,0,0,0.0008487496515824101
aeeem_mylyn,hybrid,logistic_regression,10,4,646,0,0,0.02865321824894095
aeeem_mylyn,hybrid,logistic_regression,10,4,651,0,1,0.6256673820155322
aeeem_mylyn,hybrid,logistic_regression,10,4,653,1,0,0.1843262628459735
aeeem_mylyn,hybrid,logistic_regression,10,4,654,0,0,0.0001306703459942291
aeeem_mylyn,hybrid,logistic_regression,10,4,655,0,0,1.4676464618031506e-05
aeeem_mylyn,hybrid,logistic_regression,10,4,660,0,0,0.03660466944578198
aeeem_mylyn,hybrid,logistic_regression,10,4,664,0,0,0.26555791226727843
aeeem_mylyn,hybrid,logistic_regression,10,4,668,0,0,0.02464645293987104
aeeem_mylyn,hybrid,logistic_regression,10,4,669,1,1,0.5726139775079687
aeeem_mylyn,hybrid,logistic_regression,10,4,681,0,0,0.010528587930135483
aeeem_mylyn,hybrid,logistic_regression,10,4,695,0,0,0.15745773993172862
aeeem_mylyn,hybrid,logistic_regression,10,4,713,0,0,0.2709841762329035
aeeem_mylyn,hybrid,logistic_regression,10,4,745,0,0,0.13350532286293487
aeeem_mylyn,hybrid,logistic_regression,10,4,749,0,0,0.00022479342971815338
aeeem_mylyn,hybrid,logistic_regression,10,4,765,0,1,0.5635672706861036
aeeem_mylyn,hybrid,logistic_regression,10,4,767,0,0,0.3738860091275678
aeeem_mylyn,hybrid,logistic_regression,10,4,768,0,0,0.0029491855881393705
aeeem_mylyn,hybrid,logistic_regression,10,4,778,0,0,0.04269309853823196
aeeem_mylyn,hybrid,logistic_regression,10,4,781,0,0,0.14111873779448275
aeeem_mylyn,hybrid,logistic_regression,10,4,791,1,1,0.80766844317028
aeeem_mylyn,hybrid,logistic_regression,10,4,796,0,0,0.332330158639915
aeeem_mylyn,hybrid,logistic_regression,10,4,810,0,0,0.28115957350109066
aeeem_mylyn,hybrid,logistic_regression,10,4,812,0,0,0.00057364508847388
aeeem_mylyn,hybrid,logistic_regression,10,4,821,1,0,0.0677782775145687
aeeem_mylyn,hybrid,logistic_regression,10,4,828,0,0,0.20162935247531344
aeeem_mylyn,hybrid,logistic_regression,10,4,835,0,0,0.12248585560926466
aeeem_mylyn,hybrid,logistic_regression,10,4,839,1,0,0.23677352471860968
aeeem_mylyn,hybrid,logistic_regression,10,4,849,0,0,0.004456070051011307
aeeem_mylyn,hybrid,logistic_regression,10,4,853,0,0,0.008681477303170749
aeeem_mylyn,hybrid,logistic_regression,10,4,858,0,1,0.6297379588017199
aeeem_mylyn,hybrid,logistic_regression,10,4,876,1,1,0.744519795471824
aeeem_mylyn,hybrid,logistic_regression,10,4,878,0,0,0.04900315663351623
aeeem_mylyn,hybrid,logistic_regression,10,4,883,0,0,0.06768981908427853
aeeem_mylyn,hybrid,logistic_regression,10,4,888,0,0,0.3187725717678802
aeeem_mylyn,hybrid,logistic_regression,10,4,906,0,1,0.6242909339444267
aeeem_mylyn,hybrid,logistic_regression,10,4,911,0,0,0.2737828683784838
aeeem_mylyn,hybrid,logistic_regression,10,4,913,0,0,0.39384528601470836
aeeem_mylyn,hybrid,logistic_regression,10,4,928,1,1,0.9631003303931339
aeeem_mylyn,hybrid,logistic_regression,10,4,931,0,1,0.6628263782655197
aeeem_mylyn,hybrid,logistic_regression,10,4,947,0,1,0.5699569738328815
aeeem_mylyn,hybrid,logistic_regression,10,4,949,0,1,0.6357039625367004
aeeem_mylyn,hybrid,logistic_regression,10,4,953,1,1,0.9620248424418515
aeeem_mylyn,hybrid,logistic_regression,10,4,956,1,1,0.5467193762856605
aeeem_mylyn,hybrid,logistic_regression,10,4,965,0,1,0.6964568002803928
aeeem_mylyn,hybrid,logistic_regression,10,4,997,1,0,0.3656497974622706
aeeem_mylyn,hybrid,logistic_regression,10,4,1050,0,1,0.8362629718018153
aeeem_mylyn,hybrid,logistic_regression,10,4,1061,0,1,0.8267391755466488
aeeem_mylyn,hybrid,logistic_regression,10,4,1094,0,0,0.03367176293109831
aeeem_mylyn,hybrid,logistic_regression,10,4,1098,0,0,0.1175351604888747
aeeem_mylyn,hybrid,logistic_regression,10,4,1110,0,0,5.255088555215142e-06
aeeem_mylyn,hybrid,logistic_regression,10,4,1117,0,0,0.01619785970839147
aeeem_mylyn,hybrid,logistic_regression,10,4,1153,0,1,0.8036848314304625
aeeem_mylyn,hybrid,logistic_regression,10,4,1161,0,0,0.00010142133195607235
aeeem_mylyn,hybrid,logistic_regression,10,4,1183,0,1,0.7275652721013787
aeeem_mylyn,hybrid,logistic_regression,10,4,1204,1,0,0.0962631339094307
aeeem_mylyn,hybrid,logistic_regression,10,4,1207,0,0,0.10131776205144907
aeeem_mylyn,hybrid,logistic_regression,10,4,1215,0,0,0.4786114186654125
aeeem_mylyn,hybrid,logistic_regression,10,4,1218,0,1,0.7678669464483425
aeeem_mylyn,hybrid,logistic_regression,10,4,1230,0,0,0.15984512736723594
aeeem_mylyn,hybrid,logistic_regression,10,4,1251,0,0,0.4406751948920938
aeeem_mylyn,hybrid,logistic_regression,10,4,1277,0,0,0.023429498782939026
aeeem_mylyn,hybrid,logistic_regression,10,4,1282,0,1,0.7020962046051215
aeeem_mylyn,hybrid,logistic_regression,10,4,1292,0,0,0.000674709939707461
aeeem_mylyn,hybrid,logistic_regression,10,4,1309,0,0,0.0385116345194801
aeeem_mylyn,hybrid,logistic_regression,10,4,1317,0,0,0.3415527241383794
aeeem_mylyn,hybrid,logistic_regression,10,4,1346,0,0,0.0420796962109623
aeeem_mylyn,hybrid,logistic_regression,10,4,1349,0,1,0.5670397098606291
aeeem_mylyn,hybrid,logistic_regression,10,4,1350,0,0,0.44851522864755977
aeeem_mylyn,hybrid,logistic_regression,10,4,1355,0,0,0.4237126399314069
aeeem_mylyn,hybrid,logistic_regression,10,4,1356,0,0,0.056781874923278616
aeeem_mylyn,hybrid,logistic_regression,10,4,1371,0,1,0.8908360876498682
aeeem_mylyn,hybrid,logistic_regression,10,4,1387,1,1,0.9975790566144933
aeeem_mylyn,hybrid,logistic_regression,10,4,1407,0,0,0.00022082444607441718
aeeem_mylyn,hybrid,logistic_regression,10,4,1409,1,0,0.21561957656276784
aeeem_mylyn,hybrid,logistic_regression,10,4,1421,0,0,0.22809965987436415
aeeem_mylyn,hybrid,logistic_regression,10,4,1431,0,0,0.0009328658931947592
aeeem_mylyn,hybrid,logistic_regression,10,4,1438,0,0,0.016490533023872517
aeeem_mylyn,hybrid,logistic_regression,10,4,1441,1,1,0.7246111426971038
aeeem_mylyn,hybrid,logistic_regression,10,4,1444,0,0,0.2824136777704406
aeeem_mylyn,hybrid,logistic_regression,10,4,1446,0,0,0.0027353084713661827
aeeem_mylyn,hybrid,logistic_regression,10,4,1459,0,0,0.29232172216148056
aeeem_mylyn,hybrid,logistic_regression,10,4,1464,0,0,0.0007465501262243527
aeeem_mylyn,hybrid,logistic_regression,10,4,1466,1,1,0.8357618465780218
aeeem_mylyn,hybrid,logistic_regression,10,4,1472,0,0,0.0761852808805026
aeeem_mylyn,hybrid,logistic_regression,10,4,1483,0,1,0.5328777854742109
aeeem_mylyn,hybrid,logistic_regression,10,4,1511,0,0,8.896891937745776e-05
aeeem_mylyn,hybrid,logistic_regression,10,4,1530,0,0,0.0622935206560809
aeeem_mylyn,hybrid,logistic_regression,10,4,1535,0,0,0.11646782111871071
aeeem_mylyn,hybrid,logistic_regression,10,4,1559,0,1,0.877980437583835
aeeem_mylyn,hybrid,logistic_regression,10,4,1568,0,0,0.3492614584881279
aeeem_mylyn,hybrid,logistic_regression,10,4,1571,0,0,0.1814533864490318
aeeem_mylyn,hybrid,logistic_regression,10,4,1573,0,1,0.6080267914485107
aeeem_mylyn,hybrid,logistic_regression,10,4,1591,0,0,0.3971126655676041
aeeem_mylyn,hybrid,logistic_regression,10,4,1613,0,0,0.17984304155434594
aeeem_mylyn,hybrid,logistic_regression,10,4,1641,0,0,0.03636457736044311
aeeem_mylyn,hybrid,logistic_regression,10,4,1642,0,0,0.19014162180553743
aeeem_mylyn,hybrid,logistic_regression,10,4,1657,0,0,0.1609829466513396
aeeem_mylyn,hybrid,logistic_regression,10,4,1659,0,0,0.15999372679173482
aeeem_mylyn,hybrid,logistic_regression,10,4,1661,0,0,0.02105726018954818
aeeem_mylyn,hybrid,logistic_regression,10,4,1665,0,0,0.15645788189630888
aeeem_mylyn,hybrid,logistic_regression,10,4,1669,0,1,0.689208445330675
aeeem_mylyn,hybrid,logistic_regression,10,4,1681,0,0,0.06176888979101265
aeeem_mylyn,hybrid,logistic_regression,10,4,1698,0,0,0.4910805859960283
aeeem_mylyn,hybrid,logistic_regression,10,4,1699,0,0,0.00011390450964459717
aeeem_mylyn,hybrid,logistic_regression,10,4,1707,0,0,0.13312931001111672
aeeem_mylyn,hybrid,logistic_regression,10,4,1723,0,0,0.19299683291171943
aeeem_mylyn,hybrid,logistic_regression,10,4,1728,0,1,0.9866556453703913
aeeem_mylyn,hybrid,logistic_regression,10,4,1731,0,0,0.3385414580377319
aeeem_mylyn,hybrid,logistic_regression,10,4,1737,0,0,0.20504303019754766
aeeem_mylyn,hybrid,logistic_regression,10,4,1765,0,0,0.23105240599824095
aeeem_mylyn,hybrid,logistic_regression,10,4,1774,0,0,0.0002495543221407807
aeeem_mylyn,hybrid,logistic_regression,10,4,1783,0,1,0.6728180492300516
aeeem_mylyn,hybrid,logistic_regression,10,4,1792,0,1,0.5617636789912043
aeeem_mylyn,hybrid,logistic_regression,10,4,1800,0,0,0.07310748624511292
aeeem_mylyn,hybrid,logistic_regression,10,4,1807,0,0,0.09525906447591749
aeeem_mylyn,hybrid,logistic_regression,10,4,1808,1,0,0.3945760691683784
aeeem_mylyn,hybrid,logistic_regression,10,4,1816,0,1,0.6620995490388134
aeeem_mylyn,hybrid,logistic_regression,10,4,1850,1,0,0.4941546758150524
aeeem_mylyn,hybrid,logistic_regression,10,5,15,0,0,0.13119209232018042
aeeem_mylyn,hybrid,logistic_regression,10,5,33,0,1,0.69379002830127
aeeem_mylyn,hybrid,logistic_regression,10,5,68,1,1,0.9864794872037126
aeeem_mylyn,hybrid,logistic_regression,10,5,79,0,0,0.1528419938248006
aeeem_mylyn,hybrid,logistic_regression,10,5,98,0,0,0.18366987320243078
aeeem_mylyn,hybrid,logistic_regression,10,5,105,0,0,0.188959536792461
aeeem_mylyn,hybrid,logistic_regression,10,5,130,0,0,0.43669587964744416
aeeem_mylyn,hybrid,logistic_regression,10,5,133,1,0,0.1542683013823918
aeeem_mylyn,hybrid,logistic_regression,10,5,136,0,1,0.779782735332611
aeeem_mylyn,hybrid,logistic_regression,10,5,137,0,0,0.01584264128321763
aeeem_mylyn,hybrid,logistic_regression,10,5,138,0,0,0.3146029264886563
aeeem_mylyn,hybrid,logistic_regression,10,5,139,0,0,0.2194702708413567
aeeem_mylyn,hybrid,logistic_regression,10,5,157,0,1,0.7477597013305634
aeeem_mylyn,hybrid,logistic_regression,10,5,177,0,0,0.28292306349560764
aeeem_mylyn,hybrid,logistic_regression,10,5,185,0,0,0.10593542431265805
aeeem_mylyn,hybrid,logistic_regression,10,5,203,0,1,0.7949692001048909
aeeem_mylyn,hybrid,logistic_regression,10,5,207,0,1,0.7955306633668269
aeeem_mylyn,hybrid,logistic_regression,10,5,208,1,0,0.29470228975630547
aeeem_mylyn,hybrid,logistic_regression,10,5,213,0,1,0.6738654250483228
aeeem_mylyn,hybrid,logistic_regression,10,5,234,0,0,0.05013575148886282
aeeem_mylyn,hybrid,logistic_regression,10,5,237,0,1,0.7894409386935738
aeeem_mylyn,hybrid,logistic_regression,10,5,248,0,0,0.15624492551220598
aeeem_mylyn,hybrid,logistic_regression,10,5,255,0,1,0.7402786763699615
aeeem_mylyn,hybrid,logistic_regression,10,5,264,0,0,0.018505468544834727
aeeem_mylyn,hybrid,logistic_regression,10,5,268,0,0,0.01190499009898877
aeeem_mylyn,hybrid,logistic_regression,10,5,291,1,0,0.059389955997988124
aeeem_mylyn,hybrid,logistic_regression,10,5,312,0,1,0.7789752346159776
aeeem_mylyn,hybrid,logistic_regression,10,5,314,0,0,0.22219407256650783
aeeem_mylyn,hybrid,logistic_regression,10,5,321,0,0,0.32186459542106866
aeeem_mylyn,hybrid,logistic_regression,10,5,377,0,0,0.3679575442960822
aeeem_mylyn,hybrid,logistic_regression,10,5,396,0,1,0.8587293083037368
aeeem_mylyn,hybrid,logistic_regression,10,5,398,0,0,0.22362852818717144
aeeem_mylyn,hybrid,logistic_regression,10,5,449,0,0,0.26050593110953985
aeeem_mylyn,hybrid,logistic_regression,10,5,453,0,0,0.015984967698075572
aeeem_mylyn,hybrid,logistic_regression,10,5,459,1,1,0.5442139695840309
aeeem_mylyn,hybrid,logistic_regression,10,5,485,0,0,0.026365147603154324
aeeem_mylyn,hybrid,logistic_regression,10,5,498,1,1,0.7096592034901842
aeeem_mylyn,hybrid,logistic_regression,10,5,507,0,0,8.41100934061612e-05
aeeem_mylyn,hybrid,logistic_regression,10,5,508,0,1,0.7342261786387598
aeeem_mylyn,hybrid,logistic_regression,10,5,512,0,0,0.0029459108278050298
aeeem_mylyn,hybrid,logistic_regression,10,5,535,0,1,0.793912840738965
aeeem_mylyn,hybrid,logistic_regression,10,5,537,0,1,0.5950046721772064
aeeem_mylyn,hybrid,logistic_regression,10,5,540,0,0,0.058685828680395576
aeeem_mylyn,hybrid,logistic_regression,10,5,543,1,0,0.34469143365264504
aeeem_mylyn,hybrid,logistic_regression,10,5,545,1,0,0.3968116136893027
aeeem_mylyn,hybrid,logistic_regression,10,5,557,1,1,0.5973404638930259
aeeem_mylyn,hybrid,logistic_regression,10,5,572,0,0,0.26426907269809385
aeeem_mylyn,hybrid,logistic_regression,10,5,574,0,1,0.5489387314698533
aeeem_mylyn,hybrid,logistic_regression,10,5,580,0,0,0.0002198832757380037
aeeem_mylyn,hybrid,logistic_regression,10,5,591,0,0,0.018486031114381987
aeeem_mylyn,hybrid,logistic_regression,10,5,592,0,0,0.004443814238409222
aeeem_mylyn,hybrid,logistic_regression,10,5,601,0,0,0.005430095888546947
aeeem_mylyn,hybrid,logistic_regression,10,5,602,1,1,0.5339139680830739
aeeem_mylyn,hybrid,logistic_regression,10,5,606,0,0,0.008407543763651519
aeeem_mylyn,hybrid,logistic_regression,10,5,607,1,1,0.7059194636679602
aeeem_mylyn,hybrid,logistic_regression,10,5,609,0,0,0.006372840675651292
aeeem_mylyn,hybrid,logistic_regression,10,5,610,0,1,0.69379002830127
aeeem_mylyn,hybrid,logistic_regression,10,5,618,0,1,0.7488367824595303
aeeem_mylyn,hybrid,logistic_regression,10,5,632,0,0,0.044263790813025
aeeem_mylyn,hybrid,logistic_regression,10,5,634,0,0,4.875821983250446e-05
aeeem_mylyn,hybrid,logistic_regression,10,5,657,0,0,0.01465739781377903
aeeem_mylyn,hybrid,logistic_regression,10,5,672,0,0,0.08913511241148199
aeeem_mylyn,hybrid,logistic_regression,10,5,678,0,0,0.016559414410839527
aeeem_mylyn,hybrid,logistic_regression,10,5,685,0,0,0.003625828522819747
aeeem_mylyn,hybrid,logistic_regression,10,5,697,1,1,0.6430839104830111
aeeem_mylyn,hybrid,logistic_regression,10,5,702,0,1,0.6479575482249532
aeeem_mylyn,hybrid,logistic_regression,10,5,704,0,0,0.4840244662574423
aeeem_mylyn,hybrid,logistic_regression,10,5,711,0,0,0.37308227699929547
aeeem_mylyn,hybrid,logistic_regression,10,5,714,0,0,0.0006317370496365353
aeeem_mylyn,hybrid,logistic_regression,10,5,728,0,0,0.05836437651488653
aeeem_mylyn,hybrid,logistic_regression,10,5,733,0,0,0.009011512562310505
aeeem_mylyn,hybrid,logistic_regression,10,5,746,0,0,0.07764270602681021
aeeem_mylyn,hybrid,logistic_regression,10,5,798,0,0,0.042876892603635204
aeeem_mylyn,hybrid,logistic_regression,10,5,814,0,0,0.2701551252952875
aeeem_mylyn,hybrid,logistic_regression,10,5,817,0,1,0.5050603199104532
aeeem_mylyn,hybrid,logistic_regression,10,5,825,0,1,0.7258965701651142
aeeem_mylyn,hybrid,logistic_regression,10,5,830,1,1,0.6384300696039227
aeeem_mylyn,hybrid,logistic_regression,10,5,838,0,0,0.2631451679083287
aeeem_mylyn,hybrid,logistic_regression,10,5,847,0,0,0.034868521472405656
aeeem_mylyn,hybrid,logistic_regression,10,5,863,0,0,0.025437294380708794
aeeem_mylyn,hybrid,logistic_regression,10,5,864,0,0,0.20817425281655166
aeeem_mylyn,hybrid,logistic_regression,10,5,868,1,1,0.6112990820778721
aeeem_mylyn,hybrid,logistic_regression,10,5,869,0,0,0.10563730775798634
aeeem_mylyn,hybrid,logistic_regression,10,5,875,0,0,0.03897652309942114
aeeem_mylyn,hybrid,logistic_regression,10,5,880,0,0,0.4523822477487786
aeeem_mylyn,hybrid,logistic_regression,10,5,881,0,1,0.7148554813904395
aeeem_mylyn,hybrid,logistic_regression,10,5,917,0,0,0.03684176958453152
aeeem_mylyn,hybrid,logistic_regression,10,5,924,0,0,0.3396244837714066
aeeem_mylyn,hybrid,logistic_regression,10,5,929,0,0,0.004112761602415241
aeeem_mylyn,hybrid,logistic_regression,10,5,941,0,0,0.058193057687427184
aeeem_mylyn,hybrid,logistic_regression,10,5,951,1,0,0.31971499838622264
aeeem_mylyn,hybrid,logistic_regression,10,5,959,0,0,0.031272948333784516
aeeem_mylyn,hybrid,logistic_regression,10,5,980,0,0,0.44774463507527434
aeeem_mylyn,hybrid,logistic_regression,10,5,1001,1,1,0.8347031020174029
aeeem_mylyn,hybrid,logistic_regression,10,5,1002,0,0,0.19002872864950066
aeeem_mylyn,hybrid,logistic_regression,10,5,1003,0,0,0.018760171810054044
aeeem_mylyn,hybrid,logistic_regression,10,5,1015,0,0,0.09797502977414015
aeeem_mylyn,hybrid,logistic_regression,10,5,1023,0,1,0.6913807253851311
aeeem_mylyn,hybrid,logistic_regression,10,5,1028,0,0,0.4043085040151096
aeeem_mylyn,hybrid,logistic_regression,10,5,1030,0,0,0.453633742545465
aeeem_mylyn,hybrid,logistic_regression,10,5,1043,0,0,0.38397708085488425
aeeem_mylyn,hybrid,logistic_regression,10,5,1048,0,0,0.0072150902504631055
aeeem_mylyn,hybrid,logistic_regression,10,5,1063,0,0,0.006342433723094827
aeeem_mylyn,hybrid,logistic_regression,10,5,1071,0,1,0.8135212188161886
aeeem_mylyn,hybrid,logistic_regression,10,5,1091,0,0,0.05528127826923416
aeeem_mylyn,hybrid,logistic_regression,10,5,1104,0,0,0.08346133348532825
aeeem_mylyn,hybrid,logistic_regression,10,5,1113,0,0,0.01957127988268317
aeeem_mylyn,hybrid,logistic_regression,10,5,1116,0,0,0.1285626671619566
aeeem_mylyn,hybrid,logistic_regression,10,5,1120,0,0,0.15327566018653707
aeeem_mylyn,hybrid,logistic_regression,10,5,1127,1,0,0.32054725293149644
aeeem_mylyn,hybrid,logistic_regression,10,5,1130,0,0,0.00017118887021321717
aeeem_mylyn,hybrid,logistic_regression,10,5,1135,0,1,0.891405329815797
aeeem_mylyn,hybrid,logistic_regression,10,5,1136,0,0,0.20557207918078416
aeeem_mylyn,hybrid,logistic_regression,10,5,1176,0,1,0.6804782994649978
aeeem_mylyn,hybrid,logistic_regression,10,5,1194,0,0,0.24323719883571404
aeeem_mylyn,hybrid,logistic_regression,10,5,1197,0,1,0.8201046587372197
aeeem_mylyn,hybrid,logistic_regression,10,5,1220,0,0,0.03245198150344909
aeeem_mylyn,hybrid,logistic_regression,10,5,1221,0,0,0.1410757211012746
aeeem_mylyn,hybrid,logistic_regression,10,5,1223,0,0,0.1842598733720078
aeeem_mylyn,hybrid,logistic_regression,10,5,1238,0,0,0.06285887101080433
aeeem_mylyn,hybrid,logistic_regression,10,5,1239,0,0,0.2721496973768497
aeeem_mylyn,hybrid,logistic_regression,10,5,1259,0,0,0.31010713446845606
aeeem_mylyn,hybrid,logistic_regression,10,5,1264,0,1,0.746977168374101
aeeem_mylyn,hybrid,logistic_regression,10,5,1270,0,1,0.6616194002034956
aeeem_mylyn,hybrid,logistic_regression,10,5,1271,0,0,0.014867038093940872
aeeem_mylyn,hybrid,logistic_regression,10,5,1273,0,0,0.4874277208875973
aeeem_mylyn,hybrid,logistic_regression,10,5,1291,0,0,0.18067427711551062
aeeem_mylyn,hybrid,logistic_regression,10,5,1297,0,0,0.03945161250304543
aeeem_mylyn,hybrid,logistic_regression,10,5,1300,0,1,0.9922462569497044
aeeem_mylyn,hybrid,logistic_regression,10,5,1311,0,1,0.521046722847308
aeeem_mylyn,hybrid,logistic_regression,10,5,1314,0,0,0.33640989371290564
aeeem_mylyn,hybrid,logistic_regression,10,5,1337,0,0,0.46144296109089683
aeeem_mylyn,hybrid,logistic_regression,10,5,1345,0,1,0.5135477825056194
aeeem_mylyn,hybrid,logistic_regression,10,5,1347,0,0,0.05483317943534073
aeeem_mylyn,hybrid,logistic_regression,10,5,1354,0,1,0.591287873432287
aeeem_mylyn,hybrid,logistic_regression,10,5,1360,0,0,0.006220525635728477
aeeem_mylyn,hybrid,logistic_regression,10,5,1363,0,0,0.25639523299425937
aeeem_mylyn,hybrid,logistic_regression,10,5,1369,0,0,0.013641413082929337
aeeem_mylyn,hybrid,logistic_regression,10,5,1374,0,0,0.10672141895578303
aeeem_mylyn,hybrid,logistic_regression,10,5,1378,1,0,0.4744644190770921
aeeem_mylyn,hybrid,logistic_regression,10,5,1386,0,0,0.015218860866899922
aeeem_mylyn,hybrid,logistic_regression,10,5,1413,0,1,0.7278382038358001
aeeem_mylyn,hybrid,logistic_regression,10,5,1419,0,0,0.1058308426882223
aeeem_mylyn,hybrid,logistic_regression,10,5,1424,0,0,0.21502869856546436
aeeem_mylyn,hybrid,logistic_regression,10,5,1432,0,0,0.21521019074233033
aeeem_mylyn,hybrid,logistic_regression,10,5,1437,0,0,0.1687984860411663
aeeem_mylyn,hybrid,logistic_regression,10,5,1445,0,1,0.8739313042204814
aeeem_mylyn,hybrid,logistic_regression,10,5,1465,1,0,0.49712525623750337
aeeem_mylyn,hybrid,logistic_regression,10,5,1477,1,1,0.9833581575898834
aeeem_mylyn,hybrid,logistic_regression,10,5,1484,0,0,0.01790568307377925
aeeem_mylyn,hybrid,logistic_regression,10,5,1493,1,1,0.5363735987997515
aeeem_mylyn,hybrid,logistic_regression,10,5,1495,0,0,0.47010119200428385
aeeem_mylyn,hybrid,logistic_regression,10,5,1503,0,1,0.5625894104120548
aeeem_mylyn,hybrid,logistic_regression,10,5,1509,0,1,0.6143487922388694
aeeem_mylyn,hybrid,logistic_regression,10,5,1520,0,0,0.2894045254126478
aeeem_mylyn,hybrid,logistic_regression,10,5,1565,1,1,0.8438656054703321
aeeem_mylyn,hybrid,logistic_regression,10,5,1583,0,0,0.055867725450858954
aeeem_mylyn,hybrid,logistic_regression,10,5,1593,0,0,0.05863630813867569
aeeem_mylyn,hybrid,logistic_regression,10,5,1616,0,0,0.28992825919405896
aeeem_mylyn,hybrid,logistic_regression,10,5,1628,0,0,0.2635908068360096
aeeem_mylyn,hybrid,logistic_regression,10,5,1636,0,0,0.006741134072067196
aeeem_mylyn,hybrid,logistic_regression,10,5,1637,0,1,0.7817908029121264
aeeem_mylyn,hybrid,logistic_regression,10,5,1656,0,0,0.2564167763596736
aeeem_mylyn,hybrid,logistic_regression,10,5,1660,0,0,0.07727978315320162
aeeem_mylyn,hybrid,logistic_regression,10,5,1672,0,0,0.07631707732102526
aeeem_mylyn,hybrid,logistic_regression,10,5,1684,0,0,0.3288421595420486
aeeem_mylyn,hybrid,logistic_regression,10,5,1690,0,0,0.09789719877051074
aeeem_mylyn,hybrid,logistic_regression,10,5,1693,0,1,0.648700790493102
aeeem_mylyn,hybrid,logistic_regression,10,5,1697,1,1,0.7500035553599591
aeeem_mylyn,hybrid,logistic_regression,10,5,1702,0,0,0.08982398396634567
aeeem_mylyn,hybrid,logistic_regression,10,5,1703,0,1,0.633975219281053
aeeem_mylyn,hybrid,logistic_regression,10,5,1705,0,0,0.13451335533349257
aeeem_mylyn,hybrid,logistic_regression,10,5,1711,0,1,0.7470857593232542
aeeem_mylyn,hybrid,logistic_regression,10,5,1732,1,0,0.4871881738235597
aeeem_mylyn,hybrid,logistic_regression,10,5,1740,0,1,0.8491122902945577
aeeem_mylyn,hybrid,logistic_regression,10,5,1742,0,1,0.7734452251722358
aeeem_mylyn,hybrid,logistic_regression,10,5,1746,0,0,0.025629335777390103
aeeem_mylyn,hybrid,logistic_regression,10,5,1760,0,0,0.47265163361302565
aeeem_mylyn,hybrid,logistic_regression,10,5,1762,0,0,0.3342224740267427
aeeem_mylyn,hybrid,logistic_regression,10,5,1773,0,0,0.24361009731059385
aeeem_mylyn,hybrid,logistic_regression,10,5,1787,0,0,0.28392644250668586
aeeem_mylyn,hybrid,logistic_regression,10,5,1810,0,0,0.03497787554681185
aeeem_mylyn,hybrid,logistic_regression,10,5,1814,0,0,0.15424688043234316
aeeem_mylyn,hybrid,logistic_regression,10,5,1821,0,1,0.739348282426907
aeeem_mylyn,hybrid,logistic_regression,10,5,1833,0,0,0.003169721844057367
aeeem_mylyn,hybrid,logistic_regression,10,5,1839,0,0,0.07788863266750899
aeeem_mylyn,hybrid,logistic_regression,10,6,7,0,0,7.698557196684788e-05
aeeem_mylyn,hybrid,logistic_regression,10,6,11,0,1,0.6008073274701832
aeeem_mylyn,hybrid,logistic_regression,10,6,12,0,0,0.0006668982227287187
aeeem_mylyn,hybrid,logistic_regression,10,6,18,0,0,0.42374451127685453
aeeem_mylyn,hybrid,logistic_regression,10,6,31,0,0,0.06667329686656734
aeeem_mylyn,hybrid,logistic_regression,10,6,46,1,0,0.1565815404231101
aeeem_mylyn,hybrid,logistic_regression,10,6,89,0,0,0.3814795339510769
aeeem_mylyn,hybrid,logistic_regression,10,6,96,0,0,0.26845253920154605
aeeem_mylyn,hybrid,logistic_regression,10,6,101,0,0,0.0883541251976206
aeeem_mylyn,hybrid,logistic_regression,10,6,103,0,0,0.14350863537488803
aeeem_mylyn,hybrid,logistic_regression,10,6,104,0,1,0.5559940810878091
aeeem_mylyn,hybrid,logistic_regression,10,6,115,1,0,0.27643020047352773
aeeem_mylyn,hybrid,logistic_regression,10,6,121,0,0,0.4572034773734831
aeeem_mylyn,hybrid,logistic_regression,10,6,165,0,1,0.6847325254464899
aeeem_mylyn,hybrid,logistic_regression,10,6,169,1,0,0.439278176915476
aeeem_mylyn,hybrid,logistic_regression,10,6,191,0,1,0.6833426787478273
aeeem_mylyn,hybrid,logistic_regression,10,6,205,1,1,0.8633793696203257
aeeem_mylyn,hybrid,logistic_regression,10,6,216,0,0,0.11828919002087479
aeeem_mylyn,hybrid,logistic_regression,10,6,220,0,0,0.17950922578465622
aeeem_mylyn,hybrid,logistic_regression,10,6,227,0,1,0.5604257601474312
aeeem_mylyn,hybrid,logistic_regression,10,6,236,0,0,0.04085443902429391
aeeem_mylyn,hybrid,logistic_regression,10,6,238,0,0,0.2886481028452307
aeeem_mylyn,hybrid,logistic_regression,10,6,244,0,0,0.06495637165286278
aeeem_mylyn,hybrid,logistic_regression,10,6,265,0,0,0.09574449984213836
aeeem_mylyn,hybrid,logistic_regression,10,6,270,0,0,0.0011017242469954494
aeeem_mylyn,hybrid,logistic_regression,10,6,289,1,1,0.699951091953049
aeeem_mylyn,hybrid,logistic_regression,10,6,290,0,0,0.06308024868332897
aeeem_mylyn,hybrid,logistic_regression,10,6,309,0,0,0.4742493507770593
aeeem_mylyn,hybrid,logistic_regression,10,6,310,0,0,0.1067862881097058
aeeem_mylyn,hybrid,logistic_regression,10,6,313,0,0,0.02155954040801384
aeeem_mylyn,hybrid,logistic_regression,10,6,340,0,1,0.5751593650541131
aeeem_mylyn,hybrid,logistic_regression,10,6,359,0,0,0.06109199095493128
aeeem_mylyn,hybrid,logistic_regression,10,6,366,0,0,0.28270991999218675
aeeem_mylyn,hybrid,logistic_regression,10,6,390,0,0,0.07147739391340237
aeeem_mylyn,hybrid,logistic_regression,10,6,395,0,0,0.11675030233408264
aeeem_mylyn,hybrid,logistic_regression,10,6,408,0,0,0.27147113582331117
aeeem_mylyn,hybrid,logistic_regression,10,6,411,0,0,0.02925051956514569
aeeem_mylyn,hybrid,logistic_regression,10,6,417,0,1,0.6509291243964967
aeeem_mylyn,hybrid,logistic_regression,10,6,420,0,0,0.4533869151944275
aeeem_mylyn,hybrid,logistic_regression,10,6,425,0,0,0.17430167474169822
aeeem_mylyn,hybrid,logistic_regression,10,6,440,0,1,0.5788228521776089
aeeem_mylyn,hybrid,logistic_regression,10,6,447,0,0,0.03349723684530837
aeeem_mylyn,hybrid,logistic_regression,10,6,455,1,1,0.6017530728375943
aeeem_mylyn,hybrid,logistic_regression,10,6,462,0,0,0.2659060069365805
aeeem_mylyn,hybrid,logistic_regression,10,6,479,0,0,0.001196584980196955
aeeem_mylyn,hybrid,logistic_regression,10,6,500,0,1,0.5930114713504531
aeeem_mylyn,hybrid,logistic_regression,10,6,503,0,0,0.11169689509663328
aeeem_mylyn,hybrid,logistic_regression,10,6,504,0,1,0.5601788865730043
aeeem_mylyn,hybrid,logistic_regression,10,6,552,1,1,0.9999185100058254
aeeem_mylyn,hybrid,logistic_regression,10,6,561,1,0,0.08023071599820177
aeeem_mylyn,hybrid,logistic_regression,10,6,562,0,0,0.05841860000552371
aeeem_mylyn,hybrid,logistic_regression,10,6,566,0,0,0.03630024279860049
aeeem_mylyn,hybrid,logistic_regression,10,6,575,0,0,0.007606575555053565
aeeem_mylyn,hybrid,logistic_regression,10,6,578,0,0,0.1340284854740961
aeeem_mylyn,hybrid,logistic_regression,10,6,588,0,1,0.8751961242175259
aeeem_mylyn,hybrid,logistic_regression,10,6,621,0,1,0.657778990529217
aeeem_mylyn,hybrid,logistic_regression,10,6,638,0,0,0.16608816791838574
aeeem_mylyn,hybrid,logistic_regression,10,6,639,0,0,0.1379237405001881
aeeem_mylyn,hybrid,logistic_regression,10,6,649,0,0,0.06653052071321039
aeeem_mylyn,hybrid,logistic_regression,10,6,691,0,0,0.013726041745477719
aeeem_mylyn,hybrid,logistic_regression,10,6,719,0,0,0.34788107292794496
aeeem_mylyn,hybrid,logistic_regression,10,6,727,0,0,0.06360393296206088
aeeem_mylyn,hybrid,logistic_regression,10,6,743,0,0,0.00799678460728576
aeeem_mylyn,hybrid,logistic_regression,10,6,757,0,0,0.015336444689132032
aeeem_mylyn,hybrid,logistic_regression,10,6,760,0,0,0.002811894521887348
aeeem_mylyn,hybrid,logistic_regression,10,6,773,0,1,0.5889918545804402
aeeem_mylyn,hybrid,logistic_regression,10,6,785,1,1,0.7038595856121678
aeeem_mylyn,hybrid,logistic_regression,10,6,788,0,0,0.009039515765170777
aeeem_mylyn,hybrid,logistic_regression,10,6,789,0,0,0.4675711652736656
aeeem_mylyn,hybrid,logistic_regression,10,6,794,0,0,0.06329307233398108
aeeem_mylyn,hybrid,logistic_regression,10,6,799,0,0,0.010443467273933034
aeeem_mylyn,hybrid,logistic_regression,10,6,805,0,1,0.741266729582607
aeeem_mylyn,hybrid,logistic_regression,10,6,806,0,0,0.2562115830928575
aeeem_mylyn,hybrid,logistic_regression,10,6,819,1,1,0.9596365515792029
aeeem_mylyn,hybrid,logistic_regression,10,6,823,1,1,0.9152638963090666
aeeem_mylyn,hybrid,logistic_regression,10,6,832,1,1,0.7393810667569579
aeeem_mylyn,hybrid,logistic_regression,10,6,834,0,0,0.4728255102267998
aeeem_mylyn,hybrid,logistic_regression,10,6,837,0,0,0.001885368871953589
aeeem_mylyn,hybrid,logistic_regression,10,6,855,0,0,0.0005756159657518144
aeeem_mylyn,hybrid,logistic_regression,10,6,879,0,0,0.29306437815331327
aeeem_mylyn,hybrid,logistic_regression,10,6,893,0,0,0.4190471105319702
aeeem_mylyn,hybrid,logistic_regression,10,6,899,0,0,0.342269889769969
aeeem_mylyn,hybrid,logistic_regression,10,6,908,0,1,0.7654887835687109
aeeem_mylyn,hybrid,logistic_regression,10,6,910,0,0,0.3646287269226991
aeeem_mylyn,hybrid,logistic_regression,10,6,916,0,0,0.2801079420149282
aeeem_mylyn,hybrid,logistic_regression,10,6,919,0,0,0.010800306181031484
aeeem_mylyn,hybrid,logistic_regression,10,6,932,0,0,0.07392408961351178
aeeem_mylyn,hybrid,logistic_regression,10,6,944,0,0,0.06674859711558923
aeeem_mylyn,hybrid,logistic_regression,10,6,954,0,1,0.5090918928010252
aeeem_mylyn,hybrid,logistic_regression,10,6,955,1,1,0.9606108471844224
aeeem_mylyn,hybrid,logistic_regression,10,6,966,0,0,0.05597766034639016
aeeem_mylyn,hybrid,logistic_regression,10,6,975,0,0,0.19899332475628312
aeeem_mylyn,hybrid,logistic_regression,10,6,977,0,0,0.07821638901478675
aeeem_mylyn,hybrid,logistic_regression,10,6,983,1,0,0.07283076028916574
aeeem_mylyn,hybrid,logistic_regression,10,6,1000,0,0,0.23377075416119725
aeeem_mylyn,hybrid,logistic_regression,10,6,1010,0,0,0.4905911082279246
aeeem_mylyn,hybrid,logistic_regression,10,6,1039,0,1,0.5520029991060204
aeeem_mylyn,hybrid,logistic_regression,10,6,1049,0,0,0.3870164195426312
aeeem_mylyn,hybrid,logistic_regression,10,6,1051,0,1,0.7111566467555552
aeeem_mylyn,hybrid,logistic_regression,10,6,1052,0,0,0.0002733132154909093
aeeem_mylyn,hybrid,logistic_regression,10,6,1065,0,0,0.06783101743456486
aeeem_mylyn,hybrid,logistic_regression,10,6,1070,0,0,0.030324671257108096
aeeem_mylyn,hybrid,logistic_regression,10,6,1093,0,0,0.19992022512420884
aeeem_mylyn,hybrid,logistic_regression,10,6,1099,0,0,0.1941517808784881
aeeem_mylyn,hybrid,logistic_regression,10,6,1100,0,1,0.5568425523261885
aeeem_mylyn,hybrid,logistic_regression,10,6,1109,0,1,0.6940370876230649
aeeem_mylyn,hybrid,logistic_regression,10,6,1111,0,0,0.00027111880777521655
aeeem_mylyn,hybrid,logistic_regression,10,6,1115,0,0,0.12758210237336193
aeeem_mylyn,hybrid,logistic_regression,10,6,1134,0,0,0.12324953157701464
aeeem_mylyn,hybrid,logistic_regression,10,6,1140,0,0,0.04346266086585145
aeeem_mylyn,hybrid,logistic_regression,10,6,1142,0,0,0.059862412022211306
aeeem_mylyn,hybrid,logistic_regression,10,6,1169,0,1,0.5383673886155785
aeeem_mylyn,hybrid,logistic_regression,10,6,1172,0,0,0.26548972518366426
aeeem_mylyn,hybrid,logistic_regression,10,6,1180,0,0,0.04274459187969567
aeeem_mylyn,hybrid,logistic_regression,10,6,1182,0,0,0.28908540266459093
aeeem_mylyn,hybrid,logistic_regression,10,6,1189,0,0,0.0005811525080300478
aeeem_mylyn,hybrid,logistic_regression,10,6,1190,0,1,0.688856750266105
aeeem_mylyn,hybrid,logistic_regression,10,6,1201,0,0,0.0160872110938393
aeeem_mylyn,hybrid,logistic_regression,10,6,1212,0,0,0.2819570525689464
aeeem_mylyn,hybrid,logistic_regression,10,6,1214,0,0,0.14744970696790347
aeeem_mylyn,hybrid,logistic_regression,10,6,1216,0,0,0.0823836226802208
aeeem_mylyn,hybrid,logistic_regression,10,6,1226,0,0,0.1096169803112319
aeeem_mylyn,hybrid,logistic_regression,10,6,1231,0,0,0.06389617449526988
aeeem_mylyn,hybrid,logistic_regression,10,6,1232,0,0,0.15992571308277295
aeeem_mylyn,hybrid,logistic_regression,10,6,1235,0,0,0.003400576114961438
aeeem_mylyn,hybrid,logistic_regression,10,6,1237,0,0,0.054121430395383
aeeem_mylyn,hybrid,logistic_regression,10,6,1253,0,0,0.21258419821515348
aeeem_mylyn,hybrid,logistic_regression,10,6,1266,0,0,0.20894011629070863
aeeem_mylyn,hybrid,logistic_regression,10,6,1276,0,1,0.9120666661599717
aeeem_mylyn,hybrid,logistic_regression,10,6,1281,0,0,0.22869672504270797
aeeem_mylyn,hybrid,logistic_regression,10,6,1286,0,0,0.44292083435949087
aeeem_mylyn,hybrid,logistic_regression,10,6,1301,0,1,0.7831040919510751
aeeem_mylyn,hybrid,logistic_regression,10,6,1303,0,0,0.00014700010561603428
aeeem_mylyn,hybrid,logistic_regression,10,6,1325,0,0,0.23723810062049738
aeeem_mylyn,hybrid,logistic_regression,10,6,1335,1,1,0.9673767091550789
aeeem_mylyn,hybrid,logistic_regression,10,6,1361,1,1,0.5283798875054161
aeeem_mylyn,hybrid,logistic_regression,10,6,1367,0,0,0.02144065233550777
aeeem_mylyn,hybrid,logistic_regression,10,6,1375,0,0,0.0012975582336955027
aeeem_mylyn,hybrid,logistic_regression,10,6,1376,0,0,0.0007425565819762218
aeeem_mylyn,hybrid,logistic_regression,10,6,1381,0,0,0.48919218768480566
aeeem_mylyn,hybrid,logistic_regression,10,6,1385,0,0,0.014338294717919694
aeeem_mylyn,hybrid,logistic_regression,10,6,1395,1,1,0.6055196783339287
aeeem_mylyn,hybrid,logistic_regression,10,6,1399,0,0,0.0963925249307437
aeeem_mylyn,hybrid,logistic_regression,10,6,1414,0,0,0.03033494335991457
aeeem_mylyn,hybrid,logistic_regression,10,6,1418,0,0,0.19170346021618018
aeeem_mylyn,hybrid,logistic_regression,10,6,1426,0,0,0.4968003797770333
aeeem_mylyn,hybrid,logistic_regression,10,6,1427,0,1,0.943262103501407
aeeem_mylyn,hybrid,logistic_regression,10,6,1430,0,0,0.041614892341161135
aeeem_mylyn,hybrid,logistic_regression,10,6,1440,0,0,0.10771051583857762
aeeem_mylyn,hybrid,logistic_regression,10,6,1443,0,0,0.07243737976326353
aeeem_mylyn,hybrid,logistic_regression,10,6,1451,0,0,0.11046375769679591
aeeem_mylyn,hybrid,logistic_regression,10,6,1460,1,1,0.8402150058211892
aeeem_mylyn,hybrid,logistic_regression,10,6,1488,0,0,0.16473830011893076
aeeem_mylyn,hybrid,logistic_regression,10,6,1490,1,1,0.6406293724307738
aeeem_mylyn,hybrid,logistic_regression,10,6,1522,0,0,0.003359436440276657
aeeem_mylyn,hybrid,logistic_regression,10,6,1524,0,0,0.04912478993240755
aeeem_mylyn,hybrid,logistic_regression,10,6,1526,0,0,0.0074417094008188455
aeeem_mylyn,hybrid,logistic_regression,10,6,1527,0,0,0.42136447868691884
aeeem_mylyn,hybrid,logistic_regression,10,6,1554,0,0,0.04168713070341105
aeeem_mylyn,hybrid,logistic_regression,10,6,1557,0,0,0.0014707633532722167
aeeem_mylyn,hybrid,logistic_regression,10,6,1572,0,0,0.08353699400352688
aeeem_mylyn,hybrid,logistic_regression,10,6,1574,1,1,0.9992730120072313
aeeem_mylyn,hybrid,logistic_regression,10,6,1581,0,0,0.0833010980980363
aeeem_mylyn,hybrid,logistic_regression,10,6,1586,1,1,0.989923874735811
aeeem_mylyn,hybrid,logistic_regression,10,6,1596,0,0,0.027584670176221786
aeeem_mylyn,hybrid,logistic_regression,10,6,1604,0,0,0.14952372115064422
aeeem_mylyn,hybrid,logistic_regression,10,6,1611,0,0,0.0004981405556889782
aeeem_mylyn,hybrid,logistic_regression,10,6,1618,0,0,0.35756719937952325
aeeem_mylyn,hybrid,logistic_regression,10,6,1645,1,1,0.5785583567957879
aeeem_mylyn,hybrid,logistic_regression,10,6,1685,0,0,0.01987795916947355
aeeem_mylyn,hybrid,logistic_regression,10,6,1686,0,0,0.14875728649949038
aeeem_mylyn,hybrid,logistic_regression,10,6,1691,0,0,0.03264110635767464
aeeem_mylyn,hybrid,logistic_regression,10,6,1701,0,0,0.34613021019629137
aeeem_mylyn,hybrid,logistic_regression,10,6,1710,0,0,0.004490870962564683
aeeem_mylyn,hybrid,logistic_regression,10,6,1744,0,0,0.1871810400002831
aeeem_mylyn,hybrid,logistic_regression,10,6,1753,0,1,0.5159885482668136
aeeem_mylyn,hybrid,logistic_regression,10,6,1756,1,1,0.7834240227279865
aeeem_mylyn,hybrid,logistic_regression,10,6,1759,1,1,0.999921848322055
aeeem_mylyn,hybrid,logistic_regression,10,6,1782,0,0,0.01906752395934916
aeeem_mylyn,hybrid,logistic_regression,10,6,1797,0,0,0.11288923252697361
aeeem_mylyn,hybrid,logistic_regression,10,6,1804,0,0,0.3457465818491734
aeeem_mylyn,hybrid,logistic_regression,10,6,1811,0,1,0.8954774998236417
aeeem_mylyn,hybrid,logistic_regression,10,6,1820,0,0,6.926058911065044e-05
aeeem_mylyn,hybrid,logistic_regression,10,6,1829,0,0,0.05468879041306979
aeeem_mylyn,hybrid,logistic_regression,10,6,1843,0,0,0.2796305239238251
aeeem_mylyn,hybrid,logistic_regression,10,6,1858,0,0,0.18194209207063947
aeeem_mylyn,hybrid,logistic_regression,10,7,8,0,1,0.6067097393801208
aeeem_mylyn,hybrid,logistic_regression,10,7,38,0,1,0.7175717969350721
aeeem_mylyn,hybrid,logistic_regression,10,7,39,0,1,0.5369239617304578
aeeem_mylyn,hybrid,logistic_regression,10,7,64,0,0,0.010474192085487215
aeeem_mylyn,hybrid,logistic_regression,10,7,65,0,0,0.08171500517399889
aeeem_mylyn,hybrid,logistic_regression,10,7,66,0,0,0.05797612346326973
aeeem_mylyn,hybrid,logistic_regression,10,7,72,0,0,0.20003589556058005
aeeem_mylyn,hybrid,logistic_regression,10,7,73,0,0,0.14743609545613684
aeeem_mylyn,hybrid,logistic_regression,10,7,80,0,1,0.9954220477096786
aeeem_mylyn,hybrid,logistic_regression,10,7,85,0,1,0.5579742959563398
aeeem_mylyn,hybrid,logistic_regression,10,7,100,0,0,0.04927629594687208
aeeem_mylyn,hybrid,logistic_regression,10,7,106,0,0,0.00027647372005739387
aeeem_mylyn,hybrid,logistic_regression,10,7,109,0,0,0.23397737938548482
aeeem_mylyn,hybrid,logistic_regression,10,7,159,0,0,0.3336952459943177
aeeem_mylyn,hybrid,logistic_regression,10,7,182,0,0,0.07117511292169884
aeeem_mylyn,hybrid,logistic_regression,10,7,189,0,0,0.027698864655601157
aeeem_mylyn,hybrid,logistic_regression,10,7,206,0,0,0.4827030100486194
aeeem_mylyn,hybrid,logistic_regression,10,7,209,1,1,0.7774613950567622
aeeem_mylyn,hybrid,logistic_regression,10,7,224,0,0,0.4753177032370508
aeeem_mylyn,hybrid,logistic_regression,10,7,240,0,0,0.005231383007765421
aeeem_mylyn,hybrid,logistic_regression,10,7,256,0,0,0.20141051805997673
aeeem_mylyn,hybrid,logistic_regression,10,7,272,1,1,0.9506505668590076
aeeem_mylyn,hybrid,logistic_regression,10,7,276,0,0,0.0005286448988880803
aeeem_mylyn,hybrid,logistic_regression,10,7,284,0,0,0.03928396003351962
aeeem_mylyn,hybrid,logistic_regression,10,7,292,0,0,0.4374993414567051
aeeem_mylyn,hybrid,logistic_regression,10,7,293,0,0,0.1506261818404215
aeeem_mylyn,hybrid,logistic_regression,10,7,299,0,0,0.15454056258011414
aeeem_mylyn,hybrid,logistic_regression,10,7,328,0,0,0.3515278509666216
aeeem_mylyn,hybrid,logistic_regression,10,7,331,0,0,0.061190373052769
aeeem_mylyn,hybrid,logistic_regression,10,7,333,0,0,0.14847866165685578
aeeem_mylyn,hybrid,logistic_regression,10,7,334,0,1,0.5045055769440002
aeeem_mylyn,hybrid,logistic_regression,10,7,353,0,0,0.2958395101281409
aeeem_mylyn,hybrid,logistic_regression,10,7,356,0,0,0.0016874119222550707
aeeem_mylyn,hybrid,logistic_regression,10,7,358,0,1,0.528962820025595
aeeem_mylyn,hybrid,logistic_regression,10,7,362,0,0,0.01631464278189813
aeeem_mylyn,hybrid,logistic_regression,10,7,370,0,0,0.39881625543514293
aeeem_mylyn,hybrid,logistic_regression,10,7,378,0,0,0.32843584748337357
aeeem_mylyn,hybrid,logistic_regression,10,7,381,0,1,0.6083986816709243
aeeem_mylyn,hybrid,logistic_regression,10,7,385,0,0,0.01710309106986955
aeeem_mylyn,hybrid,logistic_regression,10,7,387,0,0,0.16991383637285515
aeeem_mylyn,hybrid,logistic_regression,10,7,388,0,0,0.003939978986799893
aeeem_mylyn,hybrid,logistic_regression,10,7,392,0,0,0.028750796827662482
aeeem_mylyn,hybrid,logistic_regression,10,7,401,0,0,0.033962279074185676
aeeem_mylyn,hybrid,logistic_regression,10,7,402,0,0,0.019197044764984093
aeeem_mylyn,hybrid,logistic_regression,10,7,413,1,1,0.8547852624530712
aeeem_mylyn,hybrid,logistic_regression,10,7,433,1,0,0.0019428560016377233
aeeem_mylyn,hybrid,logistic_regression,10,7,445,1,0,0.07709594424506781
aeeem_mylyn,hybrid,logistic_regression,10,7,446,0,0,0.01848126688087702
aeeem_mylyn,hybrid,logistic_regression,10,7,460,0,0,0.21098213419738324
aeeem_mylyn,hybrid,logistic_regression,10,7,468,0,0,0.2874006882313794
aeeem_mylyn,hybrid,logistic_regression,10,7,497,0,0,0.16418852928386266
aeeem_mylyn,hybrid,logistic_regression,10,7,514,1,0,0.3566696834741568
aeeem_mylyn,hybrid,logistic_regression,10,7,518,0,0,0.23752753682966593
aeeem_mylyn,hybrid,logistic_regression,10,7,523,0,0,0.411151640601257
aeeem_mylyn,hybrid,logistic_regression,10,7,536,0,0,0.002141352248986164
aeeem_mylyn,hybrid,logistic_regression,10,7,541,1,1,0.8680764878931682
aeeem_mylyn,hybrid,logistic_regression,10,7,547,0,0,0.1667837606782193
aeeem_mylyn,hybrid,logistic_regression,10,7,565,0,0,0.027088508611756355
aeeem_mylyn,hybrid,logistic_regression,10,7,571,0,0,0.14338063973287898
aeeem_mylyn,hybrid,logistic_regression,10,7,585,0,0,0.2143488688675398
aeeem_mylyn,hybrid,logistic_regression,10,7,617,0,0,0.47214509826333323
aeeem_mylyn,hybrid,logistic_regression,10,7,631,0,1,0.6643629935014701
aeeem_mylyn,hybrid,logistic_regression,10,7,656,0,0,0.061569915112225135
aeeem_mylyn,hybrid,logistic_regression,10,7,667,0,0,0.03134101961884297
aeeem_mylyn,hybrid,logistic_regression,10,7,675,0,0,0.1491206118950159
aeeem_mylyn,hybrid,logistic_regression,10,7,676,0,0,0.3289948878649894
aeeem_mylyn,hybrid,logistic_regression,10,7,683,0,1,0.6011975742151624
aeeem_mylyn,hybrid,logistic_regression,10,7,688,0,0,0.2791900485640405
aeeem_mylyn,hybrid,logistic_regression,10,7,696,0,0,0.2816878984546893
aeeem_mylyn,hybrid,logistic_regression,10,7,718,0,0,0.0006891441058153796
aeeem_mylyn,hybrid,logistic_regression,10,7,736,0,1,0.5154587415419934
aeeem_mylyn,hybrid,logistic_regression,10,7,741,0,0,0.45792773060738695
aeeem_mylyn,hybrid,logistic_regression,10,7,742,0,0,0.09639360000997099
aeeem_mylyn,hybrid,logistic_regression,10,7,747,0,1,0.676096804016222
aeeem_mylyn,hybrid,logistic_regression,10,7,748,0,0,0.23397737938548482
aeeem_mylyn,hybrid,logistic_regression,10,7,759,0,0,0.2996570755914607
aeeem_mylyn,hybrid,logistic_regression,10,7,764,0,0,0.1807158508415516
aeeem_mylyn,hybrid,logistic_regression,10,7,792,1,1,0.922350982420997
aeeem_mylyn,hybrid,logistic_regression,10,7,815,0,1,0.7587913017315615
aeeem_mylyn,hybrid,logistic_regression,10,7,845,1,1,0.6883002216030508
aeeem_mylyn,hybrid,logistic_regression,10,7,850,0,0,0.4057108086299853
aeeem_mylyn,hybrid,logistic_regression,10,7,852,0,0,0.011815893849244958
aeeem_mylyn,hybrid,logistic_regression,10,7,862,0,0,0.08213850714280752
aeeem_mylyn,hybrid,logistic_regression,10,7,873,0,0,0.05577627937240942
aeeem_mylyn,hybrid,logistic_regression,10,7,884,0,1,0.9078911796206264
aeeem_mylyn,hybrid,logistic_regression,10,7,898,0,0,0.49631446419233044
aeeem_mylyn,hybrid,logistic_regression,10,7,903,0,1,0.9993808149141686
aeeem_mylyn,hybrid,logistic_regression,10,7,907,0,0,0.24873973578867614
aeeem_mylyn,hybrid,logistic_regression,10,7,920,0,0,0.19114431799500556
aeeem_mylyn,hybrid,logistic_regression,10,7,936,0,0,0.16286808473143938
aeeem_mylyn,hybrid,logistic_regression,10,7,937,0,1,0.7339823026301343
aeeem_mylyn,hybrid,logistic_regression,10,7,982,0,0,0.08392591218395425
aeeem_mylyn,hybrid,logistic_regression,10,7,1032,0,0,0.12084418386428811
aeeem_mylyn,hybrid,logistic_regression,10,7,1036,0,0,0.4895006886977563
aeeem_mylyn,hybrid,logistic_regression,10,7,1044,1,1,0.6024929592387746
aeeem_mylyn,hybrid,logistic_regression,10,7,1053,0,0,0.12972960471540454
aeeem_mylyn,hybrid,logistic_regression,10,7,1067,0,1,0.565267466536961
aeeem_mylyn,hybrid,logistic_regression,10,7,1072,0,0,0.3859618197847575
aeeem_mylyn,hybrid,logistic_regression,10,7,1086,0,0,0.2739680631563793
aeeem_mylyn,hybrid,logistic_regression,10,7,1090,0,0,0.4730076422837678
aeeem_mylyn,hybrid,logistic_regression,10,7,1102,0,1,0.5882051705800544
aeeem_mylyn,hybrid,logistic_regression,10,7,1105,0,0,0.44862480327537313
aeeem_mylyn,hybrid,logistic_regression,10,7,1124,0,0,0.15951822347564307
aeeem_mylyn,hybrid,logistic_regression,10,7,1128,0,0,0.28420313231220123
aeeem_mylyn,hybrid,logistic_regression,10,7,1139,1,1,0.8567278046181354
aeeem_mylyn,hybrid,logistic_regression,10,7,1141,1,0,0.34514672380030775
aeeem_mylyn,hybrid,logistic_regression,10,7,1160,1,0,0.33075903915594235
aeeem_mylyn,hybrid,logistic_regression,10,7,1175,0,0,0.07898148237753962
aeeem_mylyn,hybrid,logistic_regression,10,7,1188,0,0,0.08360791187641224
aeeem_mylyn,hybrid,logistic_regression,10,7,1202,0,0,0.07323120977659622
aeeem_mylyn,hybrid,logistic_regression,10,7,1203,0,0,0.07869196406225334
aeeem_mylyn,hybrid,logistic_regression,10,7,1210,0,0,0.4392846597011097
aeeem_mylyn,hybrid,logistic_regression,10,7,1217,0,1,0.5885653847561845
aeeem_mylyn,hybrid,logistic_regression,10,7,1227,0,0,0.279274787289855
aeeem_mylyn,hybrid,logistic_regression,10,7,1233,0,0,0.00022157852377015878
aeeem_mylyn,hybrid,logistic_regression,10,7,1234,0,0,0.02975708631785496
aeeem_mylyn,hybrid,logistic_regression,10,7,1247,0,0,0.07944004913698251
aeeem_mylyn,hybrid,logistic_regression,10,7,1250,0,0,0.018393732520431732
aeeem_mylyn,hybrid,logistic_regression,10,7,1262,1,0,0.1116401812638168
aeeem_mylyn,hybrid,logistic_regression,10,7,1263,0,1,0.9824608541849653
aeeem_mylyn,hybrid,logistic_regression,10,7,1275,0,0,0.08713814675847259
aeeem_mylyn,hybrid,logistic_regression,10,7,1296,0,0,0.16041008708766222
aeeem_mylyn,hybrid,logistic_regression,10,7,1308,0,0,0.06942290324137855
aeeem_mylyn,hybrid,logistic_regression,10,7,1310,0,0,0.007770242101940647
aeeem_mylyn,hybrid,logistic_regression,10,7,1313,1,0,0.2908536525499616
aeeem_mylyn,hybrid,logistic_regression,10,7,1327,0,0,0.02155810051713992
aeeem_mylyn,hybrid,logistic_regression,10,7,1328,1,1,0.6951387497745313
aeeem_mylyn,hybrid,logistic_regression,10,7,1332,1,1,0.6388310068882987
aeeem_mylyn,hybrid,logistic_regression,10,7,1333,0,0,0.021096440971552662
aeeem_mylyn,hybrid,logistic_regression,10,7,1334,0,0,0.0001921197833572783
aeeem_mylyn,hybrid,logistic_regression,10,7,1336,0,0,0.22677306369721326
aeeem_mylyn,hybrid,logistic_regression,10,7,1339,0,0,0.11492331838362597
aeeem_mylyn,hybrid,logistic_regression,10,7,1341,0,0,0.03014027944990022
aeeem_mylyn,hybrid,logistic_regression,10,7,1353,0,0,0.06593396314653818
aeeem_mylyn,hybrid,logistic_regression,10,7,1364,0,0,0.017075838502628504
aeeem_mylyn,hybrid,logistic_regression,10,7,1365,1,1,0.6335279351137445
aeeem_mylyn,hybrid,logistic_regression,10,7,1384,0,1,0.5065132937920301
aeeem_mylyn,hybrid,logistic_regression,10,7,1390,0,0,0.2626324670972073
aeeem_mylyn,hybrid,logistic_regression,10,7,1397,0,0,0.19944537356028746
aeeem_mylyn,hybrid,logistic_regression,10,7,1398,0,0,0.14799967379386972
aeeem_mylyn,hybrid,logistic_regression,10,7,1415,0,0,0.045547409947959513
aeeem_mylyn,hybrid,logistic_regression,10,7,1433,0,0,0.19536622161218817
aeeem_mylyn,hybrid,logistic_regression,10,7,1436,0,0,0.0001430147745730269
aeeem_mylyn,hybrid,logistic_regression,10,7,1452,0,0,0.2639608214001494
aeeem_mylyn,hybrid,logistic_regression,10,7,1456,0,0,0.13176399037230394
aeeem_mylyn,hybrid,logistic_regression,10,7,1468,1,1,0.7904573123089608
aeeem_mylyn,hybrid,logistic_regression,10,7,1473,0,0,0.330207176343371
aeeem_mylyn,hybrid,logistic_regression,10,7,1480,0,0,0.0859119678147738
aeeem_mylyn,hybrid,logistic_regression,10,7,1486,0,0,0.33159482196255463
aeeem_mylyn,hybrid,logistic_regression,10,7,1505,0,0,0.20560371881346276
aeeem_mylyn,hybrid,logistic_regression,10,7,1545,0,0,0.12221414952897414
aeeem_mylyn,hybrid,logistic_regression,10,7,1548,0,1,0.56724224790486
aeeem_mylyn,hybrid,logistic_regression,10,7,1550,0,0,0.15912524942094
aeeem_mylyn,hybrid,logistic_regression,10,7,1556,1,1,0.5340332778323222
aeeem_mylyn,hybrid,logistic_regression,10,7,1594,0,0,0.02544145305129798
aeeem_mylyn,hybrid,logistic_regression,10,7,1640,0,0,0.275112416487371
aeeem_mylyn,hybrid,logistic_regression,10,7,1655,1,1,0.7903097252466792
aeeem_mylyn,hybrid,logistic_regression,10,7,1658,0,0,0.001944550395107392
aeeem_mylyn,hybrid,logistic_regression,10,7,1662,0,0,0.44023021706099147
aeeem_mylyn,hybrid,logistic_regression,10,7,1667,0,1,0.7934661439293343
aeeem_mylyn,hybrid,logistic_regression,10,7,1679,0,0,0.33984108210465563
aeeem_mylyn,hybrid,logistic_regression,10,7,1687,0,0,0.34616677452432115
aeeem_mylyn,hybrid,logistic_regression,10,7,1696,0,1,0.5065132937920301
aeeem_mylyn,hybrid,logistic_regression,10,7,1708,0,0,0.15756323371616895
aeeem_mylyn,hybrid,logistic_regression,10,7,1709,0,1,0.6812630976196771
aeeem_mylyn,hybrid,logistic_regression,10,7,1715,0,0,0.1716337566897357
aeeem_mylyn,hybrid,logistic_regression,10,7,1717,0,0,0.4700920683197877
aeeem_mylyn,hybrid,logistic_regression,10,7,1726,0,0,0.28425547806027346
aeeem_mylyn,hybrid,logistic_regression,10,7,1736,0,1,0.9216108397162481
aeeem_mylyn,hybrid,logistic_regression,10,7,1743,0,0,0.009810145510822044
aeeem_mylyn,hybrid,logistic_regression,10,7,1748,0,1,0.5764916791939616
aeeem_mylyn,hybrid,logistic_regression,10,7,1755,0,0,0.02477087407807143
aeeem_mylyn,hybrid,logistic_regression,10,7,1764,0,0,0.01267882791768077
aeeem_mylyn,hybrid,logistic_regression,10,7,1767,0,0,9.086921880559823e-05
aeeem_mylyn,hybrid,logistic_regression,10,7,1768,0,1,0.8392312387271249
aeeem_mylyn,hybrid,logistic_regression,10,7,1770,0,1,0.7158920355495999
aeeem_mylyn,hybrid,logistic_regression,10,7,1776,1,1,0.8948979919963488
aeeem_mylyn,hybrid,logistic_regression,10,7,1813,0,0,0.05194463015195601
aeeem_mylyn,hybrid,logistic_regression,10,7,1817,0,0,0.1345459490517604
aeeem_mylyn,hybrid,logistic_regression,10,7,1819,1,1,0.836686183183624
aeeem_mylyn,hybrid,logistic_regression,10,7,1844,0,0,0.026862430829510522
aeeem_mylyn,hybrid,logistic_regression,10,7,1853,0,0,0.02565335353027204
aeeem_mylyn,hybrid,logistic_regression,10,7,1854,0,1,0.641546737236281
aeeem_mylyn,hybrid,logistic_regression,10,7,1856,0,0,0.05811672561707306
aeeem_mylyn,hybrid,logistic_regression,10,7,1859,1,0,0.48952832335418445
aeeem_mylyn,hybrid,logistic_regression,10,7,1861,0,0,0.17641700137873723
aeeem_mylyn,hybrid,logistic_regression,10,8,2,0,0,0.0235862273055265
aeeem_mylyn,hybrid,logistic_regression,10,8,5,0,0,0.0003578710085931903
aeeem_mylyn,hybrid,logistic_regression,10,8,40,1,1,0.8890106164522448
aeeem_mylyn,hybrid,logistic_regression,10,8,49,0,0,0.3349491251501522
aeeem_mylyn,hybrid,logistic_regression,10,8,50,0,0,0.030629930031331454
aeeem_mylyn,hybrid,logistic_regression,10,8,56,1,1,0.6874910221012905
aeeem_mylyn,hybrid,logistic_regression,10,8,67,0,1,0.5318277596680803
aeeem_mylyn,hybrid,logistic_regression,10,8,71,0,0,0.29226934377506436
aeeem_mylyn,hybrid,logistic_regression,10,8,87,0,0,0.1591302403619976
aeeem_mylyn,hybrid,logistic_regression,10,8,92,0,0,0.028279272139602973
aeeem_mylyn,hybrid,logistic_regression,10,8,97,0,0,0.0414313376751558
aeeem_mylyn,hybrid,logistic_regression,10,8,108,0,1,0.5555492111457355
aeeem_mylyn,hybrid,logistic_regression,10,8,113,1,0,0.3438661373098675
aeeem_mylyn,hybrid,logistic_regression,10,8,117,0,0,0.020569810859418607
aeeem_mylyn,hybrid,logistic_regression,10,8,124,0,0,0.49240657740410104
aeeem_mylyn,hybrid,logistic_regression,10,8,126,0,0,0.014683922442359118
aeeem_mylyn,hybrid,logistic_regression,10,8,145,0,1,0.8516294130412668
aeeem_mylyn,hybrid,logistic_regression,10,8,146,0,0,0.054203255829452235
aeeem_mylyn,hybrid,logistic_regression,10,8,149,0,0,0.3203735863372724
aeeem_mylyn,hybrid,logistic_regression,10,8,150,0,0,0.34834698586022705
aeeem_mylyn,hybrid,logistic_regression,10,8,163,0,0,0.4771185621681833
aeeem_mylyn,hybrid,logistic_regression,10,8,175,0,0,0.04532448851963086
aeeem_mylyn,hybrid,logistic_regression,10,8,178,0,0,0.056850367161500236
aeeem_mylyn,hybrid,logistic_regression,10,8,194,0,1,0.7003546258338408
aeeem_mylyn,hybrid,logistic_regression,10,8,218,0,1,0.6434834309072018
aeeem_mylyn,hybrid,logistic_regression,10,8,222,1,1,0.5308794328777231
aeeem_mylyn,hybrid,logistic_regression,10,8,230,0,0,0.2296562334566737
aeeem_mylyn,hybrid,logistic_regression,10,8,269,0,0,0.019545364528719793
aeeem_mylyn,hybrid,logistic_regression,10,8,271,0,1,0.5891308057475105
aeeem_mylyn,hybrid,logistic_regression,10,8,275,0,0,0.40661598393731757
aeeem_mylyn,hybrid,logistic_regression,10,8,282,0,0,0.02011419375081466
aeeem_mylyn,hybrid,logistic_regression,10,8,286,0,1,0.675534442866142
aeeem_mylyn,hybrid,logistic_regression,10,8,287,0,1,0.6932678755814929
aeeem_mylyn,hybrid,logistic_regression,10,8,316,1,1,0.998499986174261
aeeem_mylyn,hybrid,logistic_regression,10,8,318,0,0,0.011188214163018736
aeeem_mylyn,hybrid,logistic_regression,10,8,322,0,1,0.515901291680481
aeeem_mylyn,hybrid,logistic_regression,10,8,337,1,0,0.25997206108578547
aeeem_mylyn,hybrid,logistic_regression,10,8,346,0,0,0.288710691852013
aeeem_mylyn,hybrid,logistic_regression,10,8,355,0,1,0.7313659621650276
aeeem_mylyn,hybrid,logistic_regression,10,8,386,0,0,0.03978732447899768
aeeem_mylyn,hybrid,logistic_regression,10,8,391,0,0,0.0009231618430800016
aeeem_mylyn,hybrid,logistic_regression,10,8,394,0,1,0.5689761545318599
aeeem_mylyn,hybrid,logistic_regression,10,8,404,0,0,0.0029731986441309207
aeeem_mylyn,hybrid,logistic_regression,10,8,405,0,1,0.7323233348714389
aeeem_mylyn,hybrid,logistic_regression,10,8,412,0,1,0.7717902631828617
aeeem_mylyn,hybrid,logistic_regression,10,8,419,0,1,0.7019676164109855
aeeem_mylyn,hybrid,logistic_regression,10,8,424,0,0,0.16326299708753797
aeeem_mylyn,hybrid,logistic_regression,10,8,430,0,0,0.00986310348279507
aeeem_mylyn,hybrid,logistic_regression,10,8,435,0,0,0.12038251740554129
aeeem_mylyn,hybrid,logistic_regression,10,8,436,0,0,0.036200778197346926
aeeem_mylyn,hybrid,logistic_regression,10,8,450,1,0,0.43236879884472024
aeeem_mylyn,hybrid,logistic_regression,10,8,470,0,0,0.14324847531826038
aeeem_mylyn,hybrid,logistic_regression,10,8,477,0,0,0.0009367978831817074
aeeem_mylyn,hybrid,logistic_regression,10,8,478,0,0,0.11435652577905676
aeeem_mylyn,hybrid,logistic_regression,10,8,499,0,0,0.044028726077832064
aeeem_mylyn,hybrid,logistic_regression,10,8,513,0,1,0.8405439822511402
aeeem_mylyn,hybrid,logistic_regression,10,8,525,0,0,0.06185419742712742
aeeem_mylyn,hybrid,logistic_regression,10,8,533,0,0,0.1740523578284046
aeeem_mylyn,hybrid,logistic_regression,10,8,544,0,0,0.07663871060407804
aeeem_mylyn,hybrid,logistic_regression,10,8,549,0,0,0.3563525590663447
aeeem_mylyn,hybrid,logistic_regression,10,8,554,0,0,0.04359152093806726
aeeem_mylyn,hybrid,logistic_regression,10,8,559,0,0,6.960095713025165e-05
aeeem_mylyn,hybrid,logistic_regression,10,8,583,0,0,0.4782716599203483
aeeem_mylyn,hybrid,logistic_regression,10,8,589,1,0,0.21790626989509154
aeeem_mylyn,hybrid,logistic_regression,10,8,594,0,0,0.02783079078374252
aeeem_mylyn,hybrid,logistic_regression,10,8,600,1,0,0.23639812459177348
aeeem_mylyn,hybrid,logistic_regression,10,8,611,0,0,0.23075899213975687
aeeem_mylyn,hybrid,logistic_regression,10,8,619,1,1,0.6467783843260861
aeeem_mylyn,hybrid,logistic_regression,10,8,623,0,0,0.2611686302938617
aeeem_mylyn,hybrid,logistic_regression,10,8,630,0,1,0.6510468068045971
aeeem_mylyn,hybrid,logistic_regression,10,8,633,0,0,0.15285665946627247
aeeem_mylyn,hybrid,logistic_regression,10,8,641,0,0,0.2879145865748583
aeeem_mylyn,hybrid,logistic_regression,10,8,686,0,1,0.928967494993193
aeeem_mylyn,hybrid,logistic_regression,10,8,687,0,0,0.03563568399043919
aeeem_mylyn,hybrid,logistic_regression,10,8,690,0,0,0.03513062336471408
aeeem_mylyn,hybrid,logistic_regression,10,8,703,0,1,0.9893649200445424
aeeem_mylyn,hybrid,logistic_regression,10,8,716,0,0,0.018007011900421938
aeeem_mylyn,hybrid,logistic_regression,10,8,725,0,0,0.40004397656129526
aeeem_mylyn,hybrid,logistic_regression,10,8,730,1,1,0.5308794328777231
aeeem_mylyn,hybrid,logistic_regression,10,8,735,0,0,0.15900729076723139
aeeem_mylyn,hybrid,logistic_regression,10,8,754,0,0,0.09312796732956023
aeeem_mylyn,hybrid,logistic_regression,10,8,779,0,0,0.1466161497728083
aeeem_mylyn,hybrid,logistic_regression,10,8,786,0,0,0.15268548444072505
aeeem_mylyn,hybrid,logistic_regression,10,8,793,0,1,0.5203778318381284
aeeem_mylyn,hybrid,logistic_regression,10,8,808,0,0,0.03654213323079472
aeeem_mylyn,hybrid,logistic_regression,10,8,820,0,1,0.7925313872266441
aeeem_mylyn,hybrid,logistic_regression,10,8,822,0,0,0.04388328086105088
aeeem_mylyn,hybrid,logistic_regression,10,8,824,0,0,0.030754061179533203
aeeem_mylyn,hybrid,logistic_regression,10,8,833,0,1,0.5291306051715488
aeeem_mylyn,hybrid,logistic_regression,10,8,846,0,0,0.0027954744241518816
aeeem_mylyn,hybrid,logistic_regression,10,8,897,1,1,0.6738998755378125
aeeem_mylyn,hybrid,logistic_regression,10,8,909,0,0,0.1360744650143245
aeeem_mylyn,hybrid,logistic_regression,10,8,912,0,1,0.9976693777368724
aeeem_mylyn,hybrid,logistic_regression,10,8,946,0,0,0.19915401902147556
aeeem_mylyn,hybrid,logistic_regression,10,8,952,0,0,0.008155254541888092
aeeem_mylyn,hybrid,logistic_regression,10,8,964,0,0,0.0057634222667976975
aeeem_mylyn,hybrid,logistic_regression,10,8,979,1,0,0.20375150384665136
aeeem_mylyn,hybrid,logistic_regression,10,8,991,0,1,0.8463463748741842
aeeem_mylyn,hybrid,logistic_regression,10,8,995,1,1,0.6452393310947061
aeeem_mylyn,hybrid,logistic_regression,10,8,999,1,0,0.2822500636217038
aeeem_mylyn,hybrid,logistic_regression,10,8,1014,1,0,0.1736942767758364
aeeem_mylyn,hybrid,logistic_regression,10,8,1018,0,0,0.12206951277615553
aeeem_mylyn,hybrid,logistic_regression,10,8,1024,0,0,0.42416200936808657
aeeem_mylyn,hybrid,logistic_regression,10,8,1033,0,0,0.02513922031937327
aeeem_mylyn,hybrid,logistic_regression,10,8,1054,0,0,0.011012433860608824
aeeem_mylyn,hybrid,logistic_regression,10,8,1055,0,0,0.36605377777077214
aeeem_mylyn,hybrid,logistic_regression,10,8,1059,0,1,0.8680196006163206
aeeem_mylyn,hybrid,logistic_regression,10,8,1066,0,0,0.24352252146620362
aeeem_mylyn,hybrid,logistic_regression,10,8,1081,0,0,0.026656217172346303
aeeem_mylyn,hybrid,logistic_regression,10,8,1089,0,0,0.001056184494429281
aeeem_mylyn,hybrid,logistic_regression,10,8,1096,0,0,0.19930997567257358
aeeem_mylyn,hybrid,logistic_regression,10,8,1097,0,0,0.20487085485722709
aeeem_mylyn,hybrid,logistic_regression,10,8,1112,0,0,0.4976051986455113
aeeem_mylyn,hybrid,logistic_regression,10,8,1122,0,0,0.1442123913094063
aeeem_mylyn,hybrid,logistic_regression,10,8,1131,0,0,0.018834531795527243
aeeem_mylyn,hybrid,logistic_regression,10,8,1132,0,0,0.44898567845932763
aeeem_mylyn,hybrid,logistic_regression,10,8,1138,0,0,0.005595687168891059
aeeem_mylyn,hybrid,logistic_regression,10,8,1143,0,0,0.008466711969014894
aeeem_mylyn,hybrid,logistic_regression,10,8,1144,0,0,0.2140695330825252
aeeem_mylyn,hybrid,logistic_regression,10,8,1146,0,0,0.0688971303966829
aeeem_mylyn,hybrid,logistic_regression,10,8,1147,0,0,0.0003771563858503477
aeeem_mylyn,hybrid,logistic_regression,10,8,1148,1,0,0.08556916047294005
aeeem_mylyn,hybrid,logistic_regression,10,8,1150,0,1,0.8651543957753836
aeeem_mylyn,hybrid,logistic_regression,10,8,1154,0,1,0.6545152857390639
aeeem_mylyn,hybrid,logistic_regression,10,8,1156,0,0,0.1052901696182874
aeeem_mylyn,hybrid,logistic_regression,10,8,1164,0,0,0.04020489998944443
aeeem_mylyn,hybrid,logistic_regression,10,8,1193,0,0,0.21086120783020518
aeeem_mylyn,hybrid,logistic_regression,10,8,1224,0,0,0.28945794680511666
aeeem_mylyn,hybrid,logistic_regression,10,8,1254,0,0,0.30935742550600853
aeeem_mylyn,hybrid,logistic_regression,10,8,1256,1,1,0.5678099296104252
aeeem_mylyn,hybrid,logistic_regression,10,8,1261,0,0,0.20238732830213443
aeeem_mylyn,hybrid,logistic_regression,10,8,1289,0,0,0.17073699462458547
aeeem_mylyn,hybrid,logistic_regression,10,8,1304,0,0,0.02743319308800292
aeeem_mylyn,hybrid,logistic_regression,10,8,1351,0,1,0.5167128946441096
aeeem_mylyn,hybrid,logistic_regression,10,8,1357,0,0,0.0634732849171767
aeeem_mylyn,hybrid,logistic_regression,10,8,1359,0,0,0.005114576792229137
aeeem_mylyn,hybrid,logistic_regression,10,8,1377,1,0,0.2951845257011734
aeeem_mylyn,hybrid,logistic_regression,10,8,1393,0,0,0.007958989500560718
aeeem_mylyn,hybrid,logistic_regression,10,8,1402,0,0,0.44828222003258017
aeeem_mylyn,hybrid,logistic_regression,10,8,1405,0,0,0.2769635960253998
aeeem_mylyn,hybrid,logistic_regression,10,8,1406,0,0,0.07772323555954706
aeeem_mylyn,hybrid,logistic_regression,10,8,1410,0,0,0.06954054818430548
aeeem_mylyn,hybrid,logistic_regression,10,8,1416,0,0,0.12758587286443698
aeeem_mylyn,hybrid,logistic_regression,10,8,1434,0,0,0.09659522039810246
aeeem_mylyn,hybrid,logistic_regression,10,8,1455,0,0,0.3791445117911977
aeeem_mylyn,hybrid,logistic_regression,10,8,1476,0,0,0.4176997752954675
aeeem_mylyn,hybrid,logistic_regression,10,8,1478,0,0,0.3529210818543282
aeeem_mylyn,hybrid,logistic_regression,10,8,1504,1,0,0.06620001242311728
aeeem_mylyn,hybrid,logistic_regression,10,8,1513,0,0,0.03140489924327991
aeeem_mylyn,hybrid,logistic_regression,10,8,1514,0,0,0.06493883411651243
aeeem_mylyn,hybrid,logistic_regression,10,8,1523,0,0,0.039795138884922324
aeeem_mylyn,hybrid,logistic_regression,10,8,1531,0,0,0.14758932706636915
aeeem_mylyn,hybrid,logistic_regression,10,8,1532,0,0,0.08412791350331043
aeeem_mylyn,hybrid,logistic_regression,10,8,1537,0,0,0.01073449013926772
aeeem_mylyn,hybrid,logistic_regression,10,8,1542,1,1,0.6667772626686207
aeeem_mylyn,hybrid,logistic_regression,10,8,1577,0,0,0.005029541850477965
aeeem_mylyn,hybrid,logistic_regression,10,8,1589,0,0,0.43396187330591185
aeeem_mylyn,hybrid,logistic_regression,10,8,1590,0,1,0.882382682118274
aeeem_mylyn,hybrid,logistic_regression,10,8,1602,0,0,0.2342552511640772
aeeem_mylyn,hybrid,logistic_regression,10,8,1608,0,0,0.2953866188425894
aeeem_mylyn,hybrid,logistic_regression,10,8,1622,0,0,0.18235527696122691
aeeem_mylyn,hybrid,logistic_regression,10,8,1625,0,0,0.25400519532809807
aeeem_mylyn,hybrid,logistic_regression,10,8,1626,0,1,0.7614255595082441
aeeem_mylyn,hybrid,logistic_regression,10,8,1633,0,0,0.10422682570529225
aeeem_mylyn,hybrid,logistic_regression,10,8,1639,0,1,0.6472330030200979
aeeem_mylyn,hybrid,logistic_regression,10,8,1647,0,0,0.08451769237944735
aeeem_mylyn,hybrid,logistic_regression,10,8,1649,1,1,0.6371664771776963
aeeem_mylyn,hybrid,logistic_regression,10,8,1650,0,1,0.8319826055239744
aeeem_mylyn,hybrid,logistic_regression,10,8,1663,0,0,0.05322211669419532
aeeem_mylyn,hybrid,logistic_regression,10,8,1664,0,1,0.5249832465848492
aeeem_mylyn,hybrid,logistic_regression,10,8,1670,1,1,0.5679830920702039
aeeem_mylyn,hybrid,logistic_regression,10,8,1671,0,0,0.0035780310657754495
aeeem_mylyn,hybrid,logistic_regression,10,8,1683,0,0,0.1515991673481315
aeeem_mylyn,hybrid,logistic_regression,10,8,1695,0,0,0.10726378489944227
aeeem_mylyn,hybrid,logistic_regression,10,8,1724,0,0,0.1706673658894563
aeeem_mylyn,hybrid,logistic_regression,10,8,1725,1,1,0.9600705854451697
aeeem_mylyn,hybrid,logistic_regression,10,8,1729,0,0,0.2044955110773432
aeeem_mylyn,hybrid,logistic_regression,10,8,1735,0,0,0.29254965252893567
aeeem_mylyn,hybrid,logistic_regression,10,8,1749,0,0,0.36163026558565026
aeeem_mylyn,hybrid,logistic_regression,10,8,1788,1,1,0.558146955942397
aeeem_mylyn,hybrid,logistic_regression,10,8,1802,0,0,0.00027544505086441026
aeeem_mylyn,hybrid,logistic_regression,10,8,1805,0,0,0.029967340364773793
aeeem_mylyn,hybrid,logistic_regression,10,8,1827,0,0,0.39013745507346226
aeeem_mylyn,hybrid,logistic_regression,10,8,1830,0,0,0.19427356342549104
aeeem_mylyn,hybrid,logistic_regression,10,8,1849,0,1,0.6656982814032695
aeeem_mylyn,hybrid,logistic_regression,10,8,1857,0,0,0.20712676572745364
aeeem_mylyn,hybrid,logistic_regression,10,9,24,0,1,0.7015049312844627
aeeem_mylyn,hybrid,logistic_regression,10,9,26,0,1,0.5409237886972174
aeeem_mylyn,hybrid,logistic_regression,10,9,37,0,1,0.6889193753378557
aeeem_mylyn,hybrid,logistic_regression,10,9,43,0,0,0.37059118250853995
aeeem_mylyn,hybrid,logistic_regression,10,9,48,0,0,0.014805014931132175
aeeem_mylyn,hybrid,logistic_regression,10,9,75,0,0,0.3363176819495898
aeeem_mylyn,hybrid,logistic_regression,10,9,77,0,1,0.9973916735927357
aeeem_mylyn,hybrid,logistic_regression,10,9,82,0,0,0.0005053769641793327
aeeem_mylyn,hybrid,logistic_regression,10,9,83,0,1,0.6937849140434998
aeeem_mylyn,hybrid,logistic_regression,10,9,86,0,0,0.37760410870620104
aeeem_mylyn,hybrid,logistic_regression,10,9,123,0,0,0.17697673213850698
aeeem_mylyn,hybrid,logistic_regression,10,9,158,0,0,0.059645465826826456
aeeem_mylyn,hybrid,logistic_regression,10,9,164,0,0,0.20731781651045966
aeeem_mylyn,hybrid,logistic_regression,10,9,171,0,0,0.1696409549215243
aeeem_mylyn,hybrid,logistic_regression,10,9,179,0,0,0.002555950585727417
aeeem_mylyn,hybrid,logistic_regression,10,9,192,0,0,0.06265751139799257
aeeem_mylyn,hybrid,logistic_regression,10,9,197,0,0,0.22817237296580822
aeeem_mylyn,hybrid,logistic_regression,10,9,204,0,0,0.00022049329538628324
aeeem_mylyn,hybrid,logistic_regression,10,9,226,1,0,0.4522579446997422
aeeem_mylyn,hybrid,logistic_regression,10,9,231,0,1,0.5536768364845479
aeeem_mylyn,hybrid,logistic_regression,10,9,260,0,0,0.005997411226906227
aeeem_mylyn,hybrid,logistic_regression,10,9,273,0,0,0.41397046232637924
aeeem_mylyn,hybrid,logistic_regression,10,9,281,0,0,0.12154044221518881
aeeem_mylyn,hybrid,logistic_regression,10,9,320,0,0,0.036843610071381656
aeeem_mylyn,hybrid,logistic_regression,10,9,324,0,0,0.019015704008349406
aeeem_mylyn,hybrid,logistic_regression,10,9,325,0,0,0.23283396263803965
aeeem_mylyn,hybrid,logistic_regression,10,9,326,1,0,0.022417538719067306
aeeem_mylyn,hybrid,logistic_regression,10,9,330,0,0,0.00017670776760707015
aeeem_mylyn,hybrid,logistic_regression,10,9,332,1,0,0.259597672312893
aeeem_mylyn,hybrid,logistic_regression,10,9,339,0,0,0.2829515646670845
aeeem_mylyn,hybrid,logistic_regression,10,9,361,0,0,0.38261028755406623
aeeem_mylyn,hybrid,logistic_regression,10,9,364,0,0,0.07470868745934985
aeeem_mylyn,hybrid,logistic_regression,10,9,369,0,0,0.3285638224934208
aeeem_mylyn,hybrid,logistic_regression,10,9,373,0,0,0.10447929866528517
aeeem_mylyn,hybrid,logistic_regression,10,9,379,0,1,0.6002991761128041
aeeem_mylyn,hybrid,logistic_regression,10,9,383,0,0,0.0068304300646043455
aeeem_mylyn,hybrid,logistic_regression,10,9,399,0,0,0.029014385885301062
aeeem_mylyn,hybrid,logistic_regression,10,9,409,0,0,0.03892760908902404
aeeem_mylyn,hybrid,logistic_regression,10,9,415,0,0,0.043749786447526084
aeeem_mylyn,hybrid,logistic_regression,10,9,418,0,1,0.8051652635581973
aeeem_mylyn,hybrid,logistic_regression,10,9,431,0,0,0.10499219189430069
aeeem_mylyn,hybrid,logistic_regression,10,9,439,0,0,0.3718095089622573
aeeem_mylyn,hybrid,logistic_regression,10,9,442,0,1,0.5397686140826685
aeeem_mylyn,hybrid,logistic_regression,10,9,444,0,0,0.38630898585515633
aeeem_mylyn,hybrid,logistic_regression,10,9,454,0,0,0.17738781602399029
aeeem_mylyn,hybrid,logistic_regression,10,9,457,0,1,0.6749322469504048
aeeem_mylyn,hybrid,logistic_regression,10,9,466,0,0,0.19521769172800416
aeeem_mylyn,hybrid,logistic_regression,10,9,472,0,0,3.30294921747812e-05
aeeem_mylyn,hybrid,logistic_regression,10,9,480,0,1,0.6246036145461971
aeeem_mylyn,hybrid,logistic_regression,10,9,488,0,0,0.06494541305190621
aeeem_mylyn,hybrid,logistic_regression,10,9,519,1,1,0.532210388935445
aeeem_mylyn,hybrid,logistic_regression,10,9,563,0,0,0.4932960676435607
aeeem_mylyn,hybrid,logistic_regression,10,9,564,0,0,0.09744122678802987
aeeem_mylyn,hybrid,logistic_regression,10,9,567,0,0,0.12282147698969206
aeeem_mylyn,hybrid,logistic_regression,10,9,573,0,0,0.3179121826971338
aeeem_mylyn,hybrid,logistic_regression,10,9,576,1,1,0.9752416492752223
aeeem_mylyn,hybrid,logistic_regression,10,9,626,0,0,0.4696086134320331
aeeem_mylyn,hybrid,logistic_regression,10,9,627,1,1,0.6417635377626281
aeeem_mylyn,hybrid,logistic_regression,10,9,650,0,1,0.7001431009513224
aeeem_mylyn,hybrid,logistic_regression,10,9,682,0,1,0.7168901711488812
aeeem_mylyn,hybrid,logistic_regression,10,9,684,0,0,0.14583924755692748
aeeem_mylyn,hybrid,logistic_regression,10,9,692,0,0,0.25684904072478243
aeeem_mylyn,hybrid,logistic_regression,10,9,693,0,0,0.4141139965575149
aeeem_mylyn,hybrid,logistic_regression,10,9,707,0,0,0.3610564901250451
aeeem_mylyn,hybrid,logistic_regression,10,9,724,0,0,0.13392109549428094
aeeem_mylyn,hybrid,logistic_regression,10,9,731,0,0,0.0042244424779346625
aeeem_mylyn,hybrid,logistic_regression,10,9,751,0,0,0.07049291726231503
aeeem_mylyn,hybrid,logistic_regression,10,9,761,0,0,0.011705069890225963
aeeem_mylyn,hybrid,logistic_regression,10,9,769,1,0,0.1949529824310594
aeeem_mylyn,hybrid,logistic_regression,10,9,770,0,0,0.0011263040783981999
aeeem_mylyn,hybrid,logistic_regression,10,9,771,0,1,0.9171389951908784
aeeem_mylyn,hybrid,logistic_regression,10,9,784,0,0,0.13012472239917275
aeeem_mylyn,hybrid,logistic_regression,10,9,807,0,0,0.0023307602538153115
aeeem_mylyn,hybrid,logistic_regression,10,9,816,0,1,0.8103796901953392
aeeem_mylyn,hybrid,logistic_regression,10,9,871,1,1,0.9523544540499113
aeeem_mylyn,hybrid,logistic_regression,10,9,872,0,1,0.7818731406829286
aeeem_mylyn,hybrid,logistic_regression,10,9,882,0,0,0.3111455492457756
aeeem_mylyn,hybrid,logistic_regression,10,9,901,0,0,0.00016925229431206102
aeeem_mylyn,hybrid,logistic_regression,10,9,905,0,0,0.015469905139025767
aeeem_mylyn,hybrid,logistic_regression,10,9,918,0,0,0.2875281802744248
aeeem_mylyn,hybrid,logistic_regression,10,9,925,0,0,0.04861582169659739
aeeem_mylyn,hybrid,logistic_regression,10,9,933,0,1,0.6432608839811927
aeeem_mylyn,hybrid,logistic_regression,10,9,935,1,1,0.6812240932682191
aeeem_mylyn,hybrid,logistic_regression,10,9,939,0,1,0.5758980037816549
aeeem_mylyn,hybrid,logistic_regression,10,9,962,0,0,0.05586005305604161
aeeem_mylyn,hybrid,logistic_regression,10,9,973,1,0,0.28146352682008147
aeeem_mylyn,hybrid,logistic_regression,10,9,981,0,0,0.2935469940490717
aeeem_mylyn,hybrid,logistic_regression,10,9,985,1,0,0.0898319103457853
aeeem_mylyn,hybrid,logistic_regression,10,9,989,0,1,0.8322483287687095
aeeem_mylyn,hybrid,logistic_regression,10,9,994,0,1,0.5791035828555963
aeeem_mylyn,hybrid,logistic_regression,10,9,996,0,0,0.048330957601772036
aeeem_mylyn,hybrid,logistic_regression,10,9,998,0,0,0.27229446097127347
aeeem_mylyn,hybrid,logistic_regression,10,9,1013,0,0,0.058124575682253155
aeeem_mylyn,hybrid,logistic_regression,10,9,1017,0,0,0.37118401875515156
aeeem_mylyn,hybrid,logistic_regression,10,9,1021,0,1,0.822759305720342
aeeem_mylyn,hybrid,logistic_regression,10,9,1025,0,1,0.5685618861962647
aeeem_mylyn,hybrid,logistic_regression,10,9,1029,1,1,0.769758672706932
aeeem_mylyn,hybrid,logistic_regression,10,9,1035,0,0,0.0012507932384885772
aeeem_mylyn,hybrid,logistic_regression,10,9,1042,0,0,0.1957743105530919
aeeem_mylyn,hybrid,logistic_regression,10,9,1046,0,0,0.0036991873645686644
aeeem_mylyn,hybrid,logistic_regression,10,9,1057,0,0,0.4154699271904921
aeeem_mylyn,hybrid,logistic_regression,10,9,1058,0,0,0.058006918563792136
aeeem_mylyn,hybrid,logistic_regression,10,9,1062,0,0,0.010687890929293897
aeeem_mylyn,hybrid,logistic_regression,10,9,1064,0,0,0.00017209699937764978
aeeem_mylyn,hybrid,logistic_regression,10,9,1079,0,0,0.32870408852521166
aeeem_mylyn,hybrid,logistic_regression,10,9,1082,0,0,0.001964078393453786
aeeem_mylyn,hybrid,logistic_regression,10,9,1085,0,1,0.5159352237249953
aeeem_mylyn,hybrid,logistic_regression,10,9,1101,0,0,0.1886321989061944
aeeem_mylyn,hybrid,logistic_regression,10,9,1123,0,0,0.059498747880883766
aeeem_mylyn,hybrid,logistic_regression,10,9,1158,1,0,0.15649912241954922
aeeem_mylyn,hybrid,logistic_regression,10,9,1162,0,0,0.2747704708247258
aeeem_mylyn,hybrid,logistic_regression,10,9,1166,0,0,0.3137871832046938
aeeem_mylyn,hybrid,logistic_regression,10,9,1167,0,1,0.6460227743026528
aeeem_mylyn,hybrid,logistic_regression,10,9,1174,1,1,0.7249247813764861
aeeem_mylyn,hybrid,logistic_regression,10,9,1184,0,0,0.23122929698170652
aeeem_mylyn,hybrid,logistic_regression,10,9,1225,0,0,0.036888250557472906
aeeem_mylyn,hybrid,logistic_regression,10,9,1229,0,0,0.09814702296741105
aeeem_mylyn,hybrid,logistic_regression,10,9,1236,0,0,0.29471927856100244
aeeem_mylyn,hybrid,logistic_regression,10,9,1248,0,0,0.0006848708332556964
aeeem_mylyn,hybrid,logistic_regression,10,9,1298,0,0,0.00016879016811487
aeeem_mylyn,hybrid,logistic_regression,10,9,1312,0,0,0.2028600216493678
aeeem_mylyn,hybrid,logistic_regression,10,9,1315,0,1,0.7472536136292165
aeeem_mylyn,hybrid,logistic_regression,10,9,1320,0,0,0.15035518072902399
aeeem_mylyn,hybrid,logistic_regression,10,9,1338,0,1,0.7116657856550024
aeeem_mylyn,hybrid,logistic_regression,10,9,1342,1,1,0.5682121786330695
aeeem_mylyn,hybrid,logistic_regression,10,9,1343,0,1,0.8845792599877628
aeeem_mylyn,hybrid,logistic_regression,10,9,1348,0,0,0.38681740600907194
aeeem_mylyn,hybrid,logistic_regression,10,9,1358,0,0,0.10827833431293121
aeeem_mylyn,hybrid,logistic_regression,10,9,1383,0,0,0.49884418013485715
aeeem_mylyn,hybrid,logistic_regression,10,9,1391,0,0,0.03652482230081569
aeeem_mylyn,hybrid,logistic_regression,10,9,1400,0,0,0.42750979338835743
aeeem_mylyn,hybrid,logistic_regression,10,9,1442,1,1,0.5495213322575284
aeeem_mylyn,hybrid,logistic_regression,10,9,1458,0,0,0.17514403233584866
aeeem_mylyn,hybrid,logistic_regression,10,9,1467,0,0,0.4696086134320331
aeeem_mylyn,hybrid,logistic_regression,10,9,1469,0,1,0.775157488821077
aeeem_mylyn,hybrid,logistic_regression,10,9,1470,0,1,0.5293919989649498
aeeem_mylyn,hybrid,logistic_regression,10,9,1471,1,1,0.7741470183208493
aeeem_mylyn,hybrid,logistic_regression,10,9,1485,0,0,0.002511913008957403
aeeem_mylyn,hybrid,logistic_regression,10,9,1487,0,0,0.19243664140986236
aeeem_mylyn,hybrid,logistic_regression,10,9,1498,1,1,0.5332026286575049
aeeem_mylyn,hybrid,logistic_regression,10,9,1507,0,0,0.047831064755573444
aeeem_mylyn,hybrid,logistic_regression,10,9,1512,0,0,0.39918413552454113
aeeem_mylyn,hybrid,logistic_regression,10,9,1517,0,0,0.05963614895280888
aeeem_mylyn,hybrid,logistic_regression,10,9,1518,0,0,0.006133210676568759
aeeem_mylyn,hybrid,logistic_regression,10,9,1525,0,1,0.6145259084961262
aeeem_mylyn,hybrid,logistic_regression,10,9,1533,0,0,0.08069775809164874
aeeem_mylyn,hybrid,logistic_regression,10,9,1546,0,0,0.00653093463815399
aeeem_mylyn,hybrid,logistic_regression,10,9,1549,0,0,0.0009853028528440293
aeeem_mylyn,hybrid,logistic_regression,10,9,1553,0,0,0.10943112570092522
aeeem_mylyn,hybrid,logistic_regression,10,9,1555,0,0,0.17058411125140802
aeeem_mylyn,hybrid,logistic_regression,10,9,1562,0,1,0.6483714612470038
aeeem_mylyn,hybrid,logistic_regression,10,9,1564,0,1,0.5406599454895435
aeeem_mylyn,hybrid,logistic_regression,10,9,1584,0,0,0.3760696593849336
aeeem_mylyn,hybrid,logistic_regression,10,9,1587,0,0,0.012644173930880775
aeeem_mylyn,hybrid,logistic_regression,10,9,1610,0,0,0.04108652106608401
aeeem_mylyn,hybrid,logistic_regression,10,9,1619,0,0,0.14093539454414925
aeeem_mylyn,hybrid,logistic_regression,10,9,1620,0,0,0.0013431162716892224
aeeem_mylyn,hybrid,logistic_regression,10,9,1621,0,1,0.722938394104581
aeeem_mylyn,hybrid,logistic_regression,10,9,1627,0,1,0.6063871307198601
aeeem_mylyn,hybrid,logistic_regression,10,9,1629,1,0,0.47816292363881724
aeeem_mylyn,hybrid,logistic_regression,10,9,1632,1,1,0.5336986505283383
aeeem_mylyn,hybrid,logistic_regression,10,9,1634,0,0,0.013619255424107855
aeeem_mylyn,hybrid,logistic_regression,10,9,1638,0,0,0.4053334599937303
aeeem_mylyn,hybrid,logistic_regression,10,9,1643,0,0,0.18050963008204934
aeeem_mylyn,hybrid,logistic_regression,10,9,1644,0,0,0.02284463620036696
aeeem_mylyn,hybrid,logistic_regression,10,9,1646,0,0,0.18594546322820868
aeeem_mylyn,hybrid,logistic_regression,10,9,1651,0,1,0.7083616624321541
aeeem_mylyn,hybrid,logistic_regression,10,9,1652,0,1,0.9220245082882491
aeeem_mylyn,hybrid,logistic_regression,10,9,1666,1,0,0.3371787466807478
aeeem_mylyn,hybrid,logistic_regression,10,9,1674,0,1,0.8488527072393951
aeeem_mylyn,hybrid,logistic_regression,10,9,1682,1,1,0.9782016307308723
aeeem_mylyn,hybrid,logistic_regression,10,9,1700,1,0,0.4715235017909807
aeeem_mylyn,hybrid,logistic_regression,10,9,1730,0,0,0.041653716609628
aeeem_mylyn,hybrid,logistic_regression,10,9,1766,0,1,0.7227953871117359
aeeem_mylyn,hybrid,logistic_regression,10,9,1769,0,0,0.0003997871595343547
aeeem_mylyn,hybrid,logistic_regression,10,9,1775,0,1,0.5794587607592807
aeeem_mylyn,hybrid,logistic_regression,10,9,1779,0,1,0.787044456779798
aeeem_mylyn,hybrid,logistic_regression,10,9,1781,0,0,0.16060302180556812
aeeem_mylyn,hybrid,logistic_regression,10,9,1785,0,1,0.5329102953564413
aeeem_mylyn,hybrid,logistic_regression,10,9,1794,0,0,0.09211960761351934
aeeem_mylyn,hybrid,logistic_regression,10,9,1795,1,1,0.7122970928106852
aeeem_mylyn,hybrid,logistic_regression,10,9,1824,0,1,0.613047213472816
aeeem_mylyn,hybrid,logistic_regression,10,9,1826,1,0,0.49204927191188097
aeeem_mylyn,hybrid,logistic_regression,10,9,1836,0,0,0.18573861123775215
aeeem_mylyn,hybrid,logistic_regression,10,9,1840,0,1,0.714057091239707
aeeem_mylyn,hybrid,logistic_regression,10,9,1845,0,0,0.47497591719214444
aeeem_mylyn,hybrid,logistic_regression,10,10,6,0,0,1.6027875354772795e-05
aeeem_mylyn,hybrid,logistic_regression,10,10,29,0,0,0.47156273809639765
aeeem_mylyn,hybrid,logistic_regression,10,10,47,0,0,0.006001453107732776
aeeem_mylyn,hybrid,logistic_regression,10,10,59,0,0,0.0005675852568614091
aeeem_mylyn,hybrid,logistic_regression,10,10,63,1,1,0.8701168574065805
aeeem_mylyn,hybrid,logistic_regression,10,10,74,0,1,0.8736911634194159
aeeem_mylyn,hybrid,logistic_regression,10,10,110,0,0,0.007779336232369478
aeeem_mylyn,hybrid,logistic_regression,10,10,112,0,0,0.3815264236598288
aeeem_mylyn,hybrid,logistic_regression,10,10,131,0,0,0.14727850056608566
aeeem_mylyn,hybrid,logistic_regression,10,10,147,0,0,0.0012360626825665285
aeeem_mylyn,hybrid,logistic_regression,10,10,161,0,0,0.11951129239564433
aeeem_mylyn,hybrid,logistic_regression,10,10,180,0,0,0.2086599763514266
aeeem_mylyn,hybrid,logistic_regression,10,10,184,0,0,0.41384017433059167
aeeem_mylyn,hybrid,logistic_regression,10,10,188,0,0,0.19337210839783697
aeeem_mylyn,hybrid,logistic_regression,10,10,196,0,1,0.8613410158735048
aeeem_mylyn,hybrid,logistic_regression,10,10,200,0,0,0.30529101458811686
aeeem_mylyn,hybrid,logistic_regression,10,10,210,0,1,0.6692845756170899
aeeem_mylyn,hybrid,logistic_regression,10,10,211,0,0,0.22310773447339485
aeeem_mylyn,hybrid,logistic_regression,10,10,233,1,1,0.6450892201705437
aeeem_mylyn,hybrid,logistic_regression,10,10,243,0,1,0.8506219020626268
aeeem_mylyn,hybrid,logistic_regression,10,10,254,0,0,0.06532525928199753
aeeem_mylyn,hybrid,logistic_regression,10,10,257,1,1,0.975944710795458
aeeem_mylyn,hybrid,logistic_regression,10,10,277,0,0,0.028685805292792143
aeeem_mylyn,hybrid,logistic_regression,10,10,294,0,0,0.0067881073466336895
aeeem_mylyn,hybrid,logistic_regression,10,10,301,0,1,0.5772012123286817
aeeem_mylyn,hybrid,logistic_regression,10,10,308,0,0,0.11463842608285683
aeeem_mylyn,hybrid,logistic_regression,10,10,327,0,0,0.040172164065570684
aeeem_mylyn,hybrid,logistic_regression,10,10,348,0,0,0.0011512024178391778
aeeem_mylyn,hybrid,logistic_regression,10,10,350,0,0,0.06541334328362368
aeeem_mylyn,hybrid,logistic_regression,10,10,360,0,0,0.2753641499334076
aeeem_mylyn,hybrid,logistic_regression,10,10,368,0,0,0.12365526969440821
aeeem_mylyn,hybrid,logistic_regression,10,10,372,0,0,0.00023712863286273877
aeeem_mylyn,hybrid,logistic_regression,10,10,380,1,0,0.44083267541949117
aeeem_mylyn,hybrid,logistic_regression,10,10,382,0,0,0.07103729025957994
aeeem_mylyn,hybrid,logistic_regression,10,10,400,0,0,0.009348125212233388
aeeem_mylyn,hybrid,logistic_regression,10,10,406,0,1,0.6528975001906141
aeeem_mylyn,hybrid,logistic_regression,10,10,414,0,0,0.12843739775492888
aeeem_mylyn,hybrid,logistic_regression,10,10,422,0,0,0.19406418021220256
aeeem_mylyn,hybrid,logistic_regression,10,10,426,0,0,0.19526947454531499
aeeem_mylyn,hybrid,logistic_regression,10,10,434,0,1,0.5229019569541382
aeeem_mylyn,hybrid,logistic_regression,10,10,443,0,1,0.5442540198358321
aeeem_mylyn,hybrid,logistic_regression,10,10,458,0,0,0.14185304969425597
aeeem_mylyn,hybrid,logistic_regression,10,10,463,0,0,0.27492528612526484
aeeem_mylyn,hybrid,logistic_regression,10,10,465,1,0,0.21937863818818698
aeeem_mylyn,hybrid,logistic_regression,10,10,467,0,1,0.6168020680737094
aeeem_mylyn,hybrid,logistic_regression,10,10,471,0,0,8.759882077075004e-06
aeeem_mylyn,hybrid,logistic_regression,10,10,482,0,0,0.3598676032828178
aeeem_mylyn,hybrid,logistic_regression,10,10,483,0,1,0.80713939027276
aeeem_mylyn,hybrid,logistic_regression,10,10,489,0,1,0.6044091471832685
aeeem_mylyn,hybrid,logistic_regression,10,10,493,0,1,0.5455306114538049
aeeem_mylyn,hybrid,logistic_regression,10,10,516,1,1,0.7312183167067745
aeeem_mylyn,hybrid,logistic_regression,10,10,521,1,0,0.11658614790988568
aeeem_mylyn,hybrid,logistic_regression,10,10,527,1,0,0.1498342975852089
aeeem_mylyn,hybrid,logistic_regression,10,10,553,0,1,0.7691917826218373
aeeem_mylyn,hybrid,logistic_regression,10,10,568,0,0,0.018020735737700078
aeeem_mylyn,hybrid,logistic_regression,10,10,582,0,0,0.03984070065913268
aeeem_mylyn,hybrid,logistic_regression,10,10,586,0,0,0.2438795152092872
aeeem_mylyn,hybrid,logistic_regression,10,10,598,0,0,0.12042975109175451
aeeem_mylyn,hybrid,logistic_regression,10,10,613,0,0,0.3363128435309729
aeeem_mylyn,hybrid,logistic_regression,10,10,624,0,0,0.2559204877226874
aeeem_mylyn,hybrid,logistic_regression,10,10,637,0,0,0.3727582314549236
aeeem_mylyn,hybrid,logistic_regression,10,10,643,1,0,0.28214782327263094
aeeem_mylyn,hybrid,logistic_regression,10,10,659,0,1,0.6025271581176262
aeeem_mylyn,hybrid,logistic_regression,10,10,661,0,1,0.6781421189396374
aeeem_mylyn,hybrid,logistic_regression,10,10,663,0,0,0.31072031657786736
aeeem_mylyn,hybrid,logistic_regression,10,10,674,0,0,0.021809170926422126
aeeem_mylyn,hybrid,logistic_regression,10,10,700,0,0,0.4968846764425548
aeeem_mylyn,hybrid,logistic_regression,10,10,705,0,1,0.5338092523680543
aeeem_mylyn,hybrid,logistic_regression,10,10,710,0,0,0.15840304996191706
aeeem_mylyn,hybrid,logistic_regression,10,10,715,0,0,0.00316749071364969
aeeem_mylyn,hybrid,logistic_regression,10,10,717,0,0,0.1262482502832252
aeeem_mylyn,hybrid,logistic_regression,10,10,723,0,1,0.7514548214784222
aeeem_mylyn,hybrid,logistic_regression,10,10,729,0,1,0.8340634314789643
aeeem_mylyn,hybrid,logistic_regression,10,10,752,0,0,0.19937668083734889
aeeem_mylyn,hybrid,logistic_regression,10,10,762,0,0,0.005389330545663087
aeeem_mylyn,hybrid,logistic_regression,10,10,787,0,0,0.08913471383039928
aeeem_mylyn,hybrid,logistic_regression,10,10,795,0,1,0.9397857534819107
aeeem_mylyn,hybrid,logistic_regression,10,10,797,0,0,0.07620698384954311
aeeem_mylyn,hybrid,logistic_regression,10,10,800,0,0,0.022907857888707757
aeeem_mylyn,hybrid,logistic_regression,10,10,811,1,1,0.8458393270897037
aeeem_mylyn,hybrid,logistic_regression,10,10,841,0,0,0.03426705064744402
aeeem_mylyn,hybrid,logistic_regression,10,10,843,0,0,0.034965030716960846
aeeem_mylyn,hybrid,logistic_regression,10,10,844,1,1,0.6011651748584459
aeeem_mylyn,hybrid,logistic_regression,10,10,848,0,1,0.6158148673341072
aeeem_mylyn,hybrid,logistic_regression,10,10,851,0,0,0.013486971957265934
aeeem_mylyn,hybrid,logistic_regression,10,10,866,0,0,0.06827371509943712
aeeem_mylyn,hybrid,logistic_regression,10,10,874,0,1,0.6467832437703239
aeeem_mylyn,hybrid,logistic_regression,10,10,902,0,0,0.22471825665622283
aeeem_mylyn,hybrid,logistic_regression,10,10,922,0,0,0.0305803306203474
aeeem_mylyn,hybrid,logistic_regression,10,10,950,0,0,0.45550212222244324
aeeem_mylyn,hybrid,logistic_regression,10,10,972,0,0,0.0004824108682903625
aeeem_mylyn,hybrid,logistic_regression,10,10,978,0,0,0.040656537552668605
aeeem_mylyn,hybrid,logistic_regression,10,10,990,0,0,0.2388686314788541
aeeem_mylyn,hybrid,logistic_regression,10,10,992,0,0,0.0005906937033250243
aeeem_mylyn,hybrid,logistic_regression,10,10,1007,0,0,0.10426081531344392
aeeem_mylyn,hybrid,logistic_regression,10,10,1031,1,1,0.7799989239938971
aeeem_mylyn,hybrid,logistic_regression,10,10,1045,0,0,8.999216019532433e-05
aeeem_mylyn,hybrid,logistic_regression,10,10,1076,0,0,0.007510656953563189
aeeem_mylyn,hybrid,logistic_regression,10,10,1084,0,0,0.011857410366078942
aeeem_mylyn,hybrid,logistic_regression,10,10,1106,0,0,0.03916094809188798
aeeem_mylyn,hybrid,logistic_regression,10,10,1107,1,1,0.6466889916239384
aeeem_mylyn,hybrid,logistic_regression,10,10,1114,0,1,0.5910463002727847
aeeem_mylyn,hybrid,logistic_regression,10,10,1119,0,0,0.33855491969777535
aeeem_mylyn,hybrid,logistic_regression,10,10,1121,0,0,0.4526806978255828
aeeem_mylyn,hybrid,logistic_regression,10,10,1125,0,0,0.014757332159996838
aeeem_mylyn,hybrid,logistic_regression,10,10,1129,1,1,0.5355803184700113
aeeem_mylyn,hybrid,logistic_regression,10,10,1157,0,0,0.2052700394195584
aeeem_mylyn,hybrid,logistic_regression,10,10,1173,0,1,0.7086985219759772
aeeem_mylyn,hybrid,logistic_regression,10,10,1177,0,0,0.03741755267427025
aeeem_mylyn,hybrid,logistic_regression,10,10,1181,0,1,0.795167920965302
aeeem_mylyn,hybrid,logistic_regression,10,10,1191,0,0,0.17329179961880298
aeeem_mylyn,hybrid,logistic_regression,10,10,1200,0,0,0.0875840998180447
aeeem_mylyn,hybrid,logistic_regression,10,10,1205,0,1,0.5237893042784609
aeeem_mylyn,hybrid,logistic_regression,10,10,1206,1,1,0.5518417174409075
aeeem_mylyn,hybrid,logistic_regression,10,10,1211,0,0,0.17318105544664839
aeeem_mylyn,hybrid,logistic_regression,10,10,1219,1,1,0.5589775726578942
aeeem_mylyn,hybrid,logistic_regression,10,10,1249,0,0,0.22392565331811068
aeeem_mylyn,hybrid,logistic_regression,10,10,1255,0,1,0.5518417174409075
aeeem_mylyn,hybrid,logistic_regression,10,10,1260,0,0,0.26816825115748105
aeeem_mylyn,hybrid,logistic_regression,10,10,1269,1,1,0.635364425770004
aeeem_mylyn,hybrid,logistic_regression,10,10,1272,0,0,0.015774931139693124
aeeem_mylyn,hybrid,logistic_regression,10,10,1280,0,0,0.27530080658474526
aeeem_mylyn,hybrid,logistic_regression,10,10,1284,0,0,0.367004480354381
aeeem_mylyn,hybrid,logistic_regression,10,10,1290,0,0,0.0005387687036934826
aeeem_mylyn,hybrid,logistic_regression,10,10,1299,0,0,0.308705611672224
aeeem_mylyn,hybrid,logistic_regression,10,10,1307,0,0,0.47197919839208835
aeeem_mylyn,hybrid,logistic_regression,10,10,1316,0,0,0.060328603117294606
aeeem_mylyn,hybrid,logistic_regression,10,10,1326,0,1,0.7026085992459956
aeeem_mylyn,hybrid,logistic_regression,10,10,1329,0,0,0.09897014759396307
aeeem_mylyn,hybrid,logistic_regression,10,10,1331,1,1,0.7889863234726588
aeeem_mylyn,hybrid,logistic_regression,10,10,1344,0,0,0.27082999518054296
aeeem_mylyn,hybrid,logistic_regression,10,10,1370,0,0,0.1840534682219624
aeeem_mylyn,hybrid,logistic_regression,10,10,1388,0,1,0.7836707588336923
aeeem_mylyn,hybrid,logistic_regression,10,10,1394,0,1,0.6739177257998641
aeeem_mylyn,hybrid,logistic_regression,10,10,1412,1,0,0.40744414832834824
aeeem_mylyn,hybrid,logistic_regression,10,10,1428,0,0,0.2743221694847381
aeeem_mylyn,hybrid,logistic_regression,10,10,1447,0,0,0.0032386272634866314
aeeem_mylyn,hybrid,logistic_regression,10,10,1450,0,0,0.2165511726524003
aeeem_mylyn,hybrid,logistic_regression,10,10,1453,0,0,0.3721547666425391
aeeem_mylyn,hybrid,logistic_regression,10,10,1457,0,0,0.3312404457261261
aeeem_mylyn,hybrid,logistic_regression,10,10,1481,0,0,0.16667187388777177
aeeem_mylyn,hybrid,logistic_regression,10,10,1491,0,1,0.5282943106452678
aeeem_mylyn,hybrid,logistic_regression,10,10,1500,0,0,0.027063971908426493
aeeem_mylyn,hybrid,logistic_regression,10,10,1508,0,0,0.020143793686484533
aeeem_mylyn,hybrid,logistic_regression,10,10,1510,0,0,0.4795714778533994
aeeem_mylyn,hybrid,logistic_regression,10,10,1519,0,0,0.0012005503484781358
aeeem_mylyn,hybrid,logistic_regression,10,10,1529,0,0,0.001993158005571124
aeeem_mylyn,hybrid,logistic_regression,10,10,1536,0,0,0.10836769735389226
aeeem_mylyn,hybrid,logistic_regression,10,10,1541,0,0,0.00027735248925699296
aeeem_mylyn,hybrid,logistic_regression,10,10,1544,0,0,0.02321082246432669
aeeem_mylyn,hybrid,logistic_regression,10,10,1558,0,0,0.06383115590907457
aeeem_mylyn,hybrid,logistic_regression,10,10,1561,1,1,0.8484376880374179
aeeem_mylyn,hybrid,logistic_regression,10,10,1569,0,0,0.01314588954453416
aeeem_mylyn,hybrid,logistic_regression,10,10,1570,0,0,0.1127457853535759
aeeem_mylyn,hybrid,logistic_regression,10,10,1575,0,0,0.10420776445834207
aeeem_mylyn,hybrid,logistic_regression,10,10,1579,0,0,0.20683800020965903
aeeem_mylyn,hybrid,logistic_regression,10,10,1582,0,1,0.5173954457322786
aeeem_mylyn,hybrid,logistic_regression,10,10,1599,0,0,0.2472167744410855
aeeem_mylyn,hybrid,logistic_regression,10,10,1606,0,1,0.8898587533916874
aeeem_mylyn,hybrid,logistic_regression,10,10,1607,0,1,0.5957905630979858
aeeem_mylyn,hybrid,logistic_regression,10,10,1617,0,0,0.2228053434845948
aeeem_mylyn,hybrid,logistic_regression,10,10,1623,0,1,0.5880294727143693
aeeem_mylyn,hybrid,logistic_regression,10,10,1631,0,1,0.7177612284307054
aeeem_mylyn,hybrid,logistic_regression,10,10,1648,0,0,0.0350632916179458
aeeem_mylyn,hybrid,logistic_regression,10,10,1653,0,1,0.5863184246381176
aeeem_mylyn,hybrid,logistic_regression,10,10,1654,0,1,0.6221670673593561
aeeem_mylyn,hybrid,logistic_regression,10,10,1673,0,0,0.09146741475885099
aeeem_mylyn,hybrid,logistic_regression,10,10,1675,1,1,0.7569550972647168
aeeem_mylyn,hybrid,logistic_regression,10,10,1694,0,0,0.026971231870924414
aeeem_mylyn,hybrid,logistic_regression,10,10,1714,1,1,0.7698362326801589
aeeem_mylyn,hybrid,logistic_regression,10,10,1727,0,0,0.155018928032966
aeeem_mylyn,hybrid,logistic_regression,10,10,1750,0,0,0.060803311622793524
aeeem_mylyn,hybrid,logistic_regression,10,10,1752,0,0,0.2558928864197643
aeeem_mylyn,hybrid,logistic_regression,10,10,1763,0,1,0.57354651510166
aeeem_mylyn,hybrid,logistic_regression,10,10,1777,0,0,3.9990343549445045e-05
aeeem_mylyn,hybrid,logistic_regression,10,10,1778,0,0,0.004565177863450493
aeeem_mylyn,hybrid,logistic_regression,10,10,1801,0,0,0.14212116199772434
aeeem_mylyn,hybrid,logistic_regression,10,10,1803,0,0,0.022912109934678408
aeeem_mylyn,hybrid,logistic_regression,10,10,1806,1,1,0.8079312356911693
aeeem_mylyn,hybrid,logistic_regression,10,10,1809,0,0,0.282736140716626
aeeem_mylyn,hybrid,logistic_regression,10,10,1815,0,0,0.0003406471993480512
aeeem_mylyn,hybrid,logistic_regression,10,10,1834,1,1,0.5906355499028679
aeeem_mylyn,hybrid,logistic_regression,10,10,1837,0,0,0.10432537255556121
aeeem_mylyn,hybrid,logistic_regression,10,10,1841,1,1,0.7143926667391469
aeeem_mylyn,hybrid,logistic_regression,10,10,1847,0,0,0.0006004730280473071
aeeem_mylyn,hybrid,logistic_regression,10,10,1860,0,1,0.5428369166188329
