dataset,feature_set,model,cv_folds,fold,row_index,y_true,y_pred,y_score
aeeem_pde,static,logistic_regression,10,1,3,0,0,0.3378192771769065
aeeem_pde,static,logistic_regression,10,1,4,0,0,0.3153999707007999
aeeem_pde,static,logistic_regression,10,1,5,0,0,0.24619091383270808
aeeem_pde,static,logistic_regression,10,1,11,0,0,0.39274988014273454
aeeem_pde,static,logistic_regression,10,1,15,0,0,0.24740102712731765
aeeem_pde,static,logistic_regression,10,1,48,0,0,0.3804926834478743
aeeem_pde,static,logistic_regression,10,1,55,0,0,0.3378478339753362
aeeem_pde,static,logistic_regression,10,1,57,0,0,0.4118941193092914
aeeem_pde,static,logistic_regression,10,1,60,0,1,0.886164881755439
aeeem_pde,static,logistic_regression,10,1,64,0,0,0.17551048718966075
aeeem_pde,static,logistic_regression,10,1,67,0,0,0.3512525322056085
aeeem_pde,static,logistic_regression,10,1,89,0,0,0.22590649079373984
aeeem_pde,static,logistic_regression,10,1,118,0,0,0.019330425857053753
aeeem_pde,static,logistic_regression,10,1,129,0,0,0.2570686989323248
aeeem_pde,static,logistic_regression,10,1,134,0,0,0.35723486501645413
aeeem_pde,static,logistic_regression,10,1,146,1,1,0.7600070886489215
aeeem_pde,static,logistic_regression,10,1,150,0,0,0.3475361073000001
aeeem_pde,static,logistic_regression,10,1,163,0,0,0.0471602511754563
aeeem_pde,static,logistic_regression,10,1,166,0,1,0.6751288288135227
aeeem_pde,static,logistic_regression,10,1,173,0,0,0.45734279967416236
aeeem_pde,static,logistic_regression,10,1,178,1,1,0.6056585648780286
aeeem_pde,static,logistic_regression,10,1,186,0,0,0.044675568190786205
aeeem_pde,static,logistic_regression,10,1,187,0,0,0.03595622531452359
aeeem_pde,static,logistic_regression,10,1,198,0,0,0.05539715503961019
aeeem_pde,static,logistic_regression,10,1,214,1,0,0.4333416047648981
aeeem_pde,static,logistic_regression,10,1,226,0,0,0.021844762672870856
aeeem_pde,static,logistic_regression,10,1,230,0,0,0.30354586039402914
aeeem_pde,static,logistic_regression,10,1,234,0,0,0.0527806752176726
aeeem_pde,static,logistic_regression,10,1,287,0,1,0.8181058247465721
aeeem_pde,static,logistic_regression,10,1,322,0,0,0.4494916097950594
aeeem_pde,static,logistic_regression,10,1,346,1,0,0.3288510413829255
aeeem_pde,static,logistic_regression,10,1,358,1,1,0.5504842412235793
aeeem_pde,static,logistic_regression,10,1,361,0,0,0.47192142009133503
aeeem_pde,static,logistic_regression,10,1,362,1,1,0.962638721598848
aeeem_pde,static,logistic_regression,10,1,379,0,0,0.026313432813033808
aeeem_pde,static,logistic_regression,10,1,400,0,0,0.04786269462986518
aeeem_pde,static,logistic_regression,10,1,461,0,0,0.4592007894565704
aeeem_pde,static,logistic_regression,10,1,462,0,0,0.3998103278968968
aeeem_pde,static,logistic_regression,10,1,476,0,0,0.07704864130559713
aeeem_pde,static,logistic_regression,10,1,477,0,0,0.2403498995032978
aeeem_pde,static,logistic_regression,10,1,497,0,0,0.335416269818958
aeeem_pde,static,logistic_regression,10,1,498,0,1,0.9009986815274369
aeeem_pde,static,logistic_regression,10,1,514,0,0,0.11009208067578322
aeeem_pde,static,logistic_regression,10,1,517,0,0,0.01898114090830002
aeeem_pde,static,logistic_regression,10,1,521,0,0,0.36112351612016724
aeeem_pde,static,logistic_regression,10,1,545,1,1,0.5633318213164382
aeeem_pde,static,logistic_regression,10,1,549,0,0,0.09118780550566125
aeeem_pde,static,logistic_regression,10,1,550,0,0,0.32844560186709304
aeeem_pde,static,logistic_regression,10,1,562,0,0,0.13277828073703307
aeeem_pde,static,logistic_regression,10,1,575,1,1,0.8446825707988652
aeeem_pde,static,logistic_regression,10,1,578,0,0,0.267432287877043
aeeem_pde,static,logistic_regression,10,1,581,0,0,0.39972424164542836
aeeem_pde,static,logistic_regression,10,1,583,0,0,0.2738653924105279
aeeem_pde,static,logistic_regression,10,1,585,0,0,0.2588837490973827
aeeem_pde,static,logistic_regression,10,1,586,1,1,0.9921178978421744
aeeem_pde,static,logistic_regression,10,1,589,0,0,0.38877054179966475
aeeem_pde,static,logistic_regression,10,1,594,0,0,0.13475310316885478
aeeem_pde,static,logistic_regression,10,1,602,0,0,0.40148684043862276
aeeem_pde,static,logistic_regression,10,1,612,0,0,0.42216703422429763
aeeem_pde,static,logistic_regression,10,1,613,0,0,0.37425995112707927
aeeem_pde,static,logistic_regression,10,1,622,0,0,0.18167647340333173
aeeem_pde,static,logistic_regression,10,1,638,0,0,0.044295588555307186
aeeem_pde,static,logistic_regression,10,1,646,1,0,0.3112347492294886
aeeem_pde,static,logistic_regression,10,1,651,0,1,0.7119031636440069
aeeem_pde,static,logistic_regression,10,1,674,0,0,0.09965359600457714
aeeem_pde,static,logistic_regression,10,1,675,0,1,0.7513860788213441
aeeem_pde,static,logistic_regression,10,1,678,0,0,0.4242452778564032
aeeem_pde,static,logistic_regression,10,1,687,0,0,0.26860479791821795
aeeem_pde,static,logistic_regression,10,1,688,0,1,0.6890043639142213
aeeem_pde,static,logistic_regression,10,1,690,0,0,0.4355942093055504
aeeem_pde,static,logistic_regression,10,1,701,0,0,0.28410726286204063
aeeem_pde,static,logistic_regression,10,1,704,0,0,0.3987887552552377
aeeem_pde,static,logistic_regression,10,1,713,0,0,0.2954470819345509
aeeem_pde,static,logistic_regression,10,1,717,0,0,0.4224405190662599
aeeem_pde,static,logistic_regression,10,1,729,1,0,0.3193435023459449
aeeem_pde,static,logistic_regression,10,1,737,0,1,0.6061785934237952
aeeem_pde,static,logistic_regression,10,1,763,0,0,0.15422162333590989
aeeem_pde,static,logistic_regression,10,1,778,0,0,0.05387404066722269
aeeem_pde,static,logistic_regression,10,1,789,0,1,0.5033531624511451
aeeem_pde,static,logistic_regression,10,1,792,0,1,0.7828480854685975
aeeem_pde,static,logistic_regression,10,1,800,0,0,0.4047365364337044
aeeem_pde,static,logistic_regression,10,1,817,0,1,0.570624174109048
aeeem_pde,static,logistic_regression,10,1,833,0,0,0.3962464487981015
aeeem_pde,static,logistic_regression,10,1,841,1,1,0.8867498468597611
aeeem_pde,static,logistic_regression,10,1,848,0,0,0.381582284474093
aeeem_pde,static,logistic_regression,10,1,851,0,1,0.8548242972722533
aeeem_pde,static,logistic_regression,10,1,860,0,0,0.49322154430201004
aeeem_pde,static,logistic_regression,10,1,867,1,1,0.9843685230471618
aeeem_pde,static,logistic_regression,10,1,874,1,1,0.9808668240477783
aeeem_pde,static,logistic_regression,10,1,882,0,0,0.4584678859834791
aeeem_pde,static,logistic_regression,10,1,888,0,0,0.39833869952603457
aeeem_pde,static,logistic_regression,10,1,897,0,0,0.04911095861457013
aeeem_pde,static,logistic_regression,10,1,920,0,0,0.15646890143017417
aeeem_pde,static,logistic_regression,10,1,926,0,0,0.16911694380397785
aeeem_pde,static,logistic_regression,10,1,931,0,0,0.4517661895939881
aeeem_pde,static,logistic_regression,10,1,940,0,0,0.42249195649145627
aeeem_pde,static,logistic_regression,10,1,944,1,1,0.574450276461267
aeeem_pde,static,logistic_regression,10,1,945,0,0,0.07265296643751976
aeeem_pde,static,logistic_regression,10,1,949,1,1,0.9475437682775009
aeeem_pde,static,logistic_regression,10,1,968,0,0,0.2367504523775568
aeeem_pde,static,logistic_regression,10,1,983,0,0,0.39043787275315534
aeeem_pde,static,logistic_regression,10,1,990,0,0,0.1183778419716638
aeeem_pde,static,logistic_regression,10,1,1004,0,0,0.24378774622672167
aeeem_pde,static,logistic_regression,10,1,1007,0,1,0.8163415796295543
aeeem_pde,static,logistic_regression,10,1,1011,0,0,0.39086837227958404
aeeem_pde,static,logistic_regression,10,1,1015,0,0,0.13007712251660034
aeeem_pde,static,logistic_regression,10,1,1017,1,0,0.44815109098911377
aeeem_pde,static,logistic_regression,10,1,1033,0,0,0.13868024847225302
aeeem_pde,static,logistic_regression,10,1,1044,0,0,0.36500538383520276
aeeem_pde,static,logistic_regression,10,1,1047,0,0,0.25173992306308984
aeeem_pde,static,logistic_regression,10,1,1052,0,0,0.2221048293028015
aeeem_pde,static,logistic_regression,10,1,1056,0,0,0.46127571916924315
aeeem_pde,static,logistic_regression,10,1,1060,0,0,0.4382354361387174
aeeem_pde,static,logistic_regression,10,1,1071,0,0,0.1300140821195485
aeeem_pde,static,logistic_regression,10,1,1077,0,0,0.41059964881063
aeeem_pde,static,logistic_regression,10,1,1078,0,0,0.4737268756953186
aeeem_pde,static,logistic_regression,10,1,1081,0,0,0.33877507136610585
aeeem_pde,static,logistic_regression,10,1,1097,0,1,0.5267249532236212
aeeem_pde,static,logistic_regression,10,1,1103,0,0,0.21199283566335017
aeeem_pde,static,logistic_regression,10,1,1118,1,0,0.1321096069536557
aeeem_pde,static,logistic_regression,10,1,1121,0,0,0.1880688362208434
aeeem_pde,static,logistic_regression,10,1,1123,0,0,0.44508946618271106
aeeem_pde,static,logistic_regression,10,1,1129,1,0,0.09054604809629058
aeeem_pde,static,logistic_regression,10,1,1139,0,0,0.4734885699732552
aeeem_pde,static,logistic_regression,10,1,1170,0,0,0.4828274066601215
aeeem_pde,static,logistic_regression,10,1,1171,0,1,0.5757447800505416
aeeem_pde,static,logistic_regression,10,1,1182,0,0,0.3270692313270079
aeeem_pde,static,logistic_regression,10,1,1196,0,0,0.17166179287291095
aeeem_pde,static,logistic_regression,10,1,1203,1,1,0.8022059946436513
aeeem_pde,static,logistic_regression,10,1,1216,0,0,0.0607923225340731
aeeem_pde,static,logistic_regression,10,1,1220,0,0,0.20303740092847827
aeeem_pde,static,logistic_regression,10,1,1245,0,0,0.018292136549082957
aeeem_pde,static,logistic_regression,10,1,1248,0,1,0.6244606136092364
aeeem_pde,static,logistic_regression,10,1,1253,0,0,0.14591621255360754
aeeem_pde,static,logistic_regression,10,1,1296,0,0,0.46332884149676085
aeeem_pde,static,logistic_regression,10,1,1308,0,0,0.21581886844845202
aeeem_pde,static,logistic_regression,10,1,1309,0,1,0.5720871952603219
aeeem_pde,static,logistic_regression,10,1,1342,0,1,0.6578140512860272
aeeem_pde,static,logistic_regression,10,1,1364,0,1,0.5059392113688338
aeeem_pde,static,logistic_regression,10,1,1376,0,1,0.831185525105725
aeeem_pde,static,logistic_regression,10,1,1384,1,0,0.44768594348670726
aeeem_pde,static,logistic_regression,10,1,1393,0,0,0.372054151292839
aeeem_pde,static,logistic_regression,10,1,1394,0,0,0.38574394931104494
aeeem_pde,static,logistic_regression,10,1,1430,0,0,0.43962820442712447
aeeem_pde,static,logistic_regression,10,1,1434,0,1,0.8896739858232705
aeeem_pde,static,logistic_regression,10,1,1440,0,0,0.18072435593330707
aeeem_pde,static,logistic_regression,10,1,1451,0,0,0.13439676457212063
aeeem_pde,static,logistic_regression,10,1,1470,0,0,0.09376297893214493
aeeem_pde,static,logistic_regression,10,1,1487,0,0,0.1808845672106266
aeeem_pde,static,logistic_regression,10,1,1491,0,0,0.3017815737839546
aeeem_pde,static,logistic_regression,10,2,25,1,1,0.7985609821837211
aeeem_pde,static,logistic_regression,10,2,78,0,0,0.2895859669273593
aeeem_pde,static,logistic_regression,10,2,80,0,0,0.19969104495366938
aeeem_pde,static,logistic_regression,10,2,87,0,0,0.3429056730310621
aeeem_pde,static,logistic_regression,10,2,88,0,0,0.18178567890354125
aeeem_pde,static,logistic_regression,10,2,94,0,0,0.42855191513743407
aeeem_pde,static,logistic_regression,10,2,99,0,1,0.9639268833811556
aeeem_pde,static,logistic_regression,10,2,101,0,0,0.14537887753185055
aeeem_pde,static,logistic_regression,10,2,106,0,0,0.12301281145901288
aeeem_pde,static,logistic_regression,10,2,112,0,1,0.7176558097480574
aeeem_pde,static,logistic_regression,10,2,114,0,1,0.7139556938764514
aeeem_pde,static,logistic_regression,10,2,125,0,0,0.4349793302199855
aeeem_pde,static,logistic_regression,10,2,138,0,0,0.34843659393314885
aeeem_pde,static,logistic_regression,10,2,154,1,0,0.34245965818648083
aeeem_pde,static,logistic_regression,10,2,156,1,0,0.1225722630282712
aeeem_pde,static,logistic_regression,10,2,170,0,0,0.26825431507110437
aeeem_pde,static,logistic_regression,10,2,182,0,0,0.22039428672432
aeeem_pde,static,logistic_regression,10,2,188,0,1,0.512238657364168
aeeem_pde,static,logistic_regression,10,2,206,0,1,0.5497254124066465
aeeem_pde,static,logistic_regression,10,2,212,1,1,0.6559171278049359
aeeem_pde,static,logistic_regression,10,2,213,0,0,0.3450464570005156
aeeem_pde,static,logistic_regression,10,2,221,0,0,0.1462801144802355
aeeem_pde,static,logistic_regression,10,2,227,0,0,0.4369484256504576
aeeem_pde,static,logistic_regression,10,2,261,0,0,0.36565601348126225
aeeem_pde,static,logistic_regression,10,2,265,1,1,0.722890174803815
aeeem_pde,static,logistic_regression,10,2,270,0,0,0.3977478921572995
aeeem_pde,static,logistic_regression,10,2,272,0,0,0.39651633209710335
aeeem_pde,static,logistic_regression,10,2,273,0,0,0.07087581092196496
aeeem_pde,static,logistic_regression,10,2,282,0,0,0.262712328785347
aeeem_pde,static,logistic_regression,10,2,288,0,0,0.14709713050934314
aeeem_pde,static,logistic_regression,10,2,294,0,0,0.4603561358801258
aeeem_pde,static,logistic_regression,10,2,305,0,0,0.049509428507856966
aeeem_pde,static,logistic_regression,10,2,313,0,0,0.026379364780226275
aeeem_pde,static,logistic_regression,10,2,326,0,0,0.054181057868260794
aeeem_pde,static,logistic_regression,10,2,351,0,0,0.23930321615200953
aeeem_pde,static,logistic_regression,10,2,401,0,0,0.05613830545012701
aeeem_pde,static,logistic_regression,10,2,404,0,1,0.9290608870397307
aeeem_pde,static,logistic_regression,10,2,415,0,0,0.41570871981162993
aeeem_pde,static,logistic_regression,10,2,423,0,1,0.9395157143074272
aeeem_pde,static,logistic_regression,10,2,427,0,0,0.3989611497172057
aeeem_pde,static,logistic_regression,10,2,430,0,0,0.3261754364801982
aeeem_pde,static,logistic_regression,10,2,463,0,0,0.44936423707338224
aeeem_pde,static,logistic_regression,10,2,466,0,0,0.3246901725643589
aeeem_pde,static,logistic_regression,10,2,491,1,0,0.40736534688834175
aeeem_pde,static,logistic_regression,10,2,493,1,1,0.5108835774007956
aeeem_pde,static,logistic_regression,10,2,508,0,1,0.7047804277777473
aeeem_pde,static,logistic_regression,10,2,520,0,1,0.67186022756546
aeeem_pde,static,logistic_regression,10,2,544,0,0,0.4315992887772253
aeeem_pde,static,logistic_regression,10,2,558,0,1,0.6396215120715272
aeeem_pde,static,logistic_regression,10,2,576,0,0,0.4862580884210567
aeeem_pde,static,logistic_regression,10,2,588,0,0,0.17053078906966038
aeeem_pde,static,logistic_regression,10,2,615,0,1,0.6765854472316783
aeeem_pde,static,logistic_regression,10,2,621,0,0,0.32120288503804667
aeeem_pde,static,logistic_regression,10,2,626,0,0,0.1168403043494638
aeeem_pde,static,logistic_regression,10,2,634,0,1,0.5233017686923934
aeeem_pde,static,logistic_regression,10,2,635,0,0,0.2575351813806157
aeeem_pde,static,logistic_regression,10,2,643,0,1,0.7927830554154837
aeeem_pde,static,logistic_regression,10,2,644,0,1,0.83440557583388
aeeem_pde,static,logistic_regression,10,2,645,1,0,0.3510091184255398
aeeem_pde,static,logistic_regression,10,2,664,0,0,0.22696165241071395
aeeem_pde,static,logistic_regression,10,2,670,0,0,0.45122714019432386
aeeem_pde,static,logistic_regression,10,2,672,1,0,0.34317485116352614
aeeem_pde,static,logistic_regression,10,2,676,1,0,0.4361889792241683
aeeem_pde,static,logistic_regression,10,2,707,0,0,0.15246038938592552
aeeem_pde,static,logistic_regression,10,2,708,0,0,0.21579943572466453
aeeem_pde,static,logistic_regression,10,2,709,0,0,0.35805807687981955
aeeem_pde,static,logistic_regression,10,2,715,0,0,0.30943989526245946
aeeem_pde,static,logistic_regression,10,2,727,0,1,0.6168840084825842
aeeem_pde,static,logistic_regression,10,2,732,0,0,0.18478365878325212
aeeem_pde,static,logistic_regression,10,2,759,0,0,0.4638256502204164
aeeem_pde,static,logistic_regression,10,2,760,0,0,0.24839862763280687
aeeem_pde,static,logistic_regression,10,2,762,0,0,0.3999838295220372
aeeem_pde,static,logistic_regression,10,2,764,0,0,0.4160491324355516
aeeem_pde,static,logistic_regression,10,2,768,0,0,0.4948918752515653
aeeem_pde,static,logistic_regression,10,2,787,0,0,0.1463401979409631
aeeem_pde,static,logistic_regression,10,2,794,0,1,0.7592978484232739
aeeem_pde,static,logistic_regression,10,2,797,0,0,0.39440069818243145
aeeem_pde,static,logistic_regression,10,2,801,0,0,0.33729803890932253
aeeem_pde,static,logistic_regression,10,2,816,0,1,0.7697255249124512
aeeem_pde,static,logistic_regression,10,2,820,0,0,0.39122383570745667
aeeem_pde,static,logistic_regression,10,2,824,0,0,0.009851849753756095
aeeem_pde,static,logistic_regression,10,2,828,0,0,0.44380527957482174
aeeem_pde,static,logistic_regression,10,2,839,0,0,0.41670935159285605
aeeem_pde,static,logistic_regression,10,2,840,0,1,0.5997740363323706
aeeem_pde,static,logistic_regression,10,2,842,0,0,0.36656297561015494
aeeem_pde,static,logistic_regression,10,2,843,0,0,0.45728359850551853
aeeem_pde,static,logistic_regression,10,2,847,0,0,0.2706864916041334
aeeem_pde,static,logistic_regression,10,2,877,0,0,0.26192389160732177
aeeem_pde,static,logistic_regression,10,2,881,0,0,0.16783592306492587
aeeem_pde,static,logistic_regression,10,2,903,1,1,0.6928543805688983
aeeem_pde,static,logistic_regression,10,2,910,0,0,0.1731701954576087
aeeem_pde,static,logistic_regression,10,2,946,0,0,0.32216085708202524
aeeem_pde,static,logistic_regression,10,2,956,1,1,0.5330539966777633
aeeem_pde,static,logistic_regression,10,2,962,0,1,0.6053180579725517
aeeem_pde,static,logistic_regression,10,2,964,0,0,0.111691602446126
aeeem_pde,static,logistic_regression,10,2,978,0,1,0.601781223787041
aeeem_pde,static,logistic_regression,10,2,981,0,0,0.01875767984097774
aeeem_pde,static,logistic_regression,10,2,1000,0,0,0.1396568889785643
aeeem_pde,static,logistic_regression,10,2,1001,0,1,0.7027796913169517
aeeem_pde,static,logistic_regression,10,2,1014,0,0,0.3402938385235339
aeeem_pde,static,logistic_regression,10,2,1024,0,1,0.9665913618162079
aeeem_pde,static,logistic_regression,10,2,1027,0,1,0.5419183390020931
aeeem_pde,static,logistic_regression,10,2,1076,0,0,0.3237413366391519
aeeem_pde,static,logistic_regression,10,2,1094,0,1,0.7667085275190969
aeeem_pde,static,logistic_regression,10,2,1110,0,0,0.07726219244404194
aeeem_pde,static,logistic_regression,10,2,1140,0,0,0.23028388142982117
aeeem_pde,static,logistic_regression,10,2,1143,0,1,0.7052276945653776
aeeem_pde,static,logistic_regression,10,2,1153,0,0,0.08467360281668122
aeeem_pde,static,logistic_regression,10,2,1173,0,0,0.3282278458623864
aeeem_pde,static,logistic_regression,10,2,1176,1,0,0.2325514772376463
aeeem_pde,static,logistic_regression,10,2,1181,0,1,0.6634779472909861
aeeem_pde,static,logistic_regression,10,2,1185,1,1,0.5738686149880745
aeeem_pde,static,logistic_regression,10,2,1187,0,0,0.07264206740039017
aeeem_pde,static,logistic_regression,10,2,1194,0,0,0.193850012558987
aeeem_pde,static,logistic_regression,10,2,1195,1,0,0.23796119823002404
aeeem_pde,static,logistic_regression,10,2,1215,0,0,0.3990228395126134
aeeem_pde,static,logistic_regression,10,2,1219,0,1,0.8900134705696986
aeeem_pde,static,logistic_regression,10,2,1232,0,0,0.14061675031932078
aeeem_pde,static,logistic_regression,10,2,1239,0,1,0.6173728400555015
aeeem_pde,static,logistic_regression,10,2,1243,1,1,0.9918532747360885
aeeem_pde,static,logistic_regression,10,2,1249,0,0,0.19746815402247522
aeeem_pde,static,logistic_regression,10,2,1251,0,1,0.54581460265705
aeeem_pde,static,logistic_regression,10,2,1258,0,0,0.3116317377585675
aeeem_pde,static,logistic_regression,10,2,1268,0,0,0.01885062466345454
aeeem_pde,static,logistic_regression,10,2,1278,0,0,0.3857321728336697
aeeem_pde,static,logistic_regression,10,2,1284,0,0,0.35127608713949054
aeeem_pde,static,logistic_regression,10,2,1286,0,0,0.49927224228258277
aeeem_pde,static,logistic_regression,10,2,1289,0,1,0.5477494459042146
aeeem_pde,static,logistic_regression,10,2,1297,0,0,0.04765616732374488
aeeem_pde,static,logistic_regression,10,2,1299,0,0,0.4431819491186781
aeeem_pde,static,logistic_regression,10,2,1304,0,0,0.2927783493010194
aeeem_pde,static,logistic_regression,10,2,1335,1,1,0.5946662646324666
aeeem_pde,static,logistic_regression,10,2,1350,0,0,0.12940658440747543
aeeem_pde,static,logistic_regression,10,2,1368,1,1,0.6440137715125283
aeeem_pde,static,logistic_regression,10,2,1373,0,0,0.040896734909828494
aeeem_pde,static,logistic_regression,10,2,1374,0,1,0.8348787203667765
aeeem_pde,static,logistic_regression,10,2,1378,0,1,0.7294366381258943
aeeem_pde,static,logistic_regression,10,2,1388,1,1,0.8246513839737069
aeeem_pde,static,logistic_regression,10,2,1390,1,0,0.24253969159684852
aeeem_pde,static,logistic_regression,10,2,1398,1,1,0.5986157483025538
aeeem_pde,static,logistic_regression,10,2,1402,0,0,0.43108577963908024
aeeem_pde,static,logistic_regression,10,2,1405,0,0,0.2506534425517448
aeeem_pde,static,logistic_regression,10,2,1418,0,0,0.3144733987764287
aeeem_pde,static,logistic_regression,10,2,1419,0,0,0.34836176056050827
aeeem_pde,static,logistic_regression,10,2,1429,0,0,0.11525039246224072
aeeem_pde,static,logistic_regression,10,2,1439,0,1,0.5192057436107348
aeeem_pde,static,logistic_regression,10,2,1447,0,0,0.015637498592595993
aeeem_pde,static,logistic_regression,10,2,1460,0,0,0.4244549457105742
aeeem_pde,static,logistic_regression,10,2,1469,0,0,0.38284479223421325
aeeem_pde,static,logistic_regression,10,2,1483,0,0,0.055480951993784035
aeeem_pde,static,logistic_regression,10,3,13,0,0,0.39241060527043375
aeeem_pde,static,logistic_regression,10,3,36,0,0,0.049721671163889376
aeeem_pde,static,logistic_regression,10,3,39,0,0,0.288333555914927
aeeem_pde,static,logistic_regression,10,3,43,0,0,0.05257709226293656
aeeem_pde,static,logistic_regression,10,3,46,1,0,0.28205080109125324
aeeem_pde,static,logistic_regression,10,3,47,0,0,0.31987658141646125
aeeem_pde,static,logistic_regression,10,3,50,0,1,0.5620717790941099
aeeem_pde,static,logistic_regression,10,3,59,0,0,0.34416552503033804
aeeem_pde,static,logistic_regression,10,3,65,0,0,0.45673667737892404
aeeem_pde,static,logistic_regression,10,3,71,0,0,0.08391085425932618
aeeem_pde,static,logistic_regression,10,3,79,0,0,0.4681592772537166
aeeem_pde,static,logistic_regression,10,3,97,1,0,0.0018649004730961064
aeeem_pde,static,logistic_regression,10,3,104,0,1,0.7220594373069357
aeeem_pde,static,logistic_regression,10,3,105,0,0,0.1527639633800269
aeeem_pde,static,logistic_regression,10,3,121,0,0,0.2865924779130221
aeeem_pde,static,logistic_regression,10,3,122,0,0,0.18286392965155582
aeeem_pde,static,logistic_regression,10,3,152,0,0,0.14544402802340864
aeeem_pde,static,logistic_regression,10,3,165,0,0,0.34416552503033804
aeeem_pde,static,logistic_regression,10,3,167,0,0,0.018944732360569688
aeeem_pde,static,logistic_regression,10,3,169,0,0,0.48572716221450546
aeeem_pde,static,logistic_regression,10,3,193,0,1,0.5706895968869506
aeeem_pde,static,logistic_regression,10,3,219,0,0,0.07321029559759197
aeeem_pde,static,logistic_regression,10,3,228,0,0,0.1602759581044099
aeeem_pde,static,logistic_regression,10,3,233,0,0,0.13132692298007215
aeeem_pde,static,logistic_regression,10,3,247,0,1,0.5500165519916101
aeeem_pde,static,logistic_regression,10,3,276,0,0,0.42273920523403463
aeeem_pde,static,logistic_regression,10,3,279,0,1,0.5516354081307359
aeeem_pde,static,logistic_regression,10,3,280,0,0,0.32659081302606424
aeeem_pde,static,logistic_regression,10,3,281,0,0,0.1876349245368544
aeeem_pde,static,logistic_regression,10,3,283,0,1,0.902525622238298
aeeem_pde,static,logistic_regression,10,3,284,0,0,0.36087310675294715
aeeem_pde,static,logistic_regression,10,3,285,0,1,0.5686325168274963
aeeem_pde,static,logistic_regression,10,3,297,0,0,0.232639896294893
aeeem_pde,static,logistic_regression,10,3,298,0,0,0.42523359460140736
aeeem_pde,static,logistic_regression,10,3,309,0,0,0.23808484361370622
aeeem_pde,static,logistic_regression,10,3,317,0,0,0.462759154210301
aeeem_pde,static,logistic_regression,10,3,327,1,0,0.4919972973198515
aeeem_pde,static,logistic_regression,10,3,333,0,0,0.2542975921461757
aeeem_pde,static,logistic_regression,10,3,337,0,0,0.2444054092018327
aeeem_pde,static,logistic_regression,10,3,338,1,1,0.6425399450856366
aeeem_pde,static,logistic_regression,10,3,355,0,0,0.44913682068101624
aeeem_pde,static,logistic_regression,10,3,356,0,0,0.3593582328709113
aeeem_pde,static,logistic_regression,10,3,364,0,0,0.047519037684559694
aeeem_pde,static,logistic_regression,10,3,371,0,0,0.49415611364045403
aeeem_pde,static,logistic_regression,10,3,373,0,1,0.7047063986975564
aeeem_pde,static,logistic_regression,10,3,377,0,0,0.13791043427090535
aeeem_pde,static,logistic_regression,10,3,393,0,0,0.16256759683261904
aeeem_pde,static,logistic_regression,10,3,396,0,0,0.2842995613651535
aeeem_pde,static,logistic_regression,10,3,407,0,0,0.4841819889225539
aeeem_pde,static,logistic_regression,10,3,414,0,0,0.4208825319920954
aeeem_pde,static,logistic_regression,10,3,416,0,0,0.043624463497807874
aeeem_pde,static,logistic_regression,10,3,432,0,0,0.22038575078200684
aeeem_pde,static,logistic_regression,10,3,433,0,1,0.6471630138829634
aeeem_pde,static,logistic_regression,10,3,434,0,0,0.40737468957749806
aeeem_pde,static,logistic_regression,10,3,435,0,0,0.21247899382052265
aeeem_pde,static,logistic_regression,10,3,441,0,0,0.39257132580075327
aeeem_pde,static,logistic_regression,10,3,455,0,0,0.3603655446085787
aeeem_pde,static,logistic_regression,10,3,468,0,1,0.516872322616196
aeeem_pde,static,logistic_regression,10,3,483,0,1,0.8869396850571933
aeeem_pde,static,logistic_regression,10,3,487,0,0,0.09509869846058668
aeeem_pde,static,logistic_regression,10,3,489,0,0,0.4358788644215937
aeeem_pde,static,logistic_regression,10,3,524,0,0,0.13006410276218883
aeeem_pde,static,logistic_regression,10,3,541,0,0,0.18645421499285003
aeeem_pde,static,logistic_regression,10,3,543,0,0,0.2534900269640527
aeeem_pde,static,logistic_regression,10,3,551,0,0,0.17596164117786545
aeeem_pde,static,logistic_regression,10,3,552,0,0,0.2943174765461761
aeeem_pde,static,logistic_regression,10,3,572,0,0,0.18555148422556483
aeeem_pde,static,logistic_regression,10,3,577,0,1,0.9868236514986186
aeeem_pde,static,logistic_regression,10,3,579,0,0,0.14733679883152115
aeeem_pde,static,logistic_regression,10,3,582,0,0,0.15987087889677254
aeeem_pde,static,logistic_regression,10,3,616,0,0,0.13054094433686594
aeeem_pde,static,logistic_regression,10,3,617,0,0,0.40126532467136317
aeeem_pde,static,logistic_regression,10,3,636,1,0,0.35655871688871066
aeeem_pde,static,logistic_regression,10,3,647,0,0,0.27561513073790145
aeeem_pde,static,logistic_regression,10,3,650,0,0,0.22127665332551974
aeeem_pde,static,logistic_regression,10,3,656,1,0,0.0708421065624675
aeeem_pde,static,logistic_regression,10,3,660,0,1,0.7857061290764551
aeeem_pde,static,logistic_regression,10,3,661,1,1,0.621983285020226
aeeem_pde,static,logistic_regression,10,3,667,0,0,0.28730543123697877
aeeem_pde,static,logistic_regression,10,3,705,0,0,0.33381497712334407
aeeem_pde,static,logistic_regression,10,3,712,0,0,0.2548576175446884
aeeem_pde,static,logistic_regression,10,3,741,0,0,0.1753776363165876
aeeem_pde,static,logistic_regression,10,3,742,0,0,0.04350112919516393
aeeem_pde,static,logistic_regression,10,3,745,0,0,0.3511194198860512
aeeem_pde,static,logistic_regression,10,3,748,0,0,0.3352286517098117
aeeem_pde,static,logistic_regression,10,3,776,0,0,0.4293077325540102
aeeem_pde,static,logistic_regression,10,3,777,0,0,0.34410055748362506
aeeem_pde,static,logistic_regression,10,3,779,0,0,0.33960353399597926
aeeem_pde,static,logistic_regression,10,3,802,0,1,0.5500084707753865
aeeem_pde,static,logistic_regression,10,3,804,0,0,0.46098261109037625
aeeem_pde,static,logistic_regression,10,3,811,0,0,0.3563834081429273
aeeem_pde,static,logistic_regression,10,3,814,0,0,0.04589071284009688
aeeem_pde,static,logistic_regression,10,3,836,1,1,0.5157707992858289
aeeem_pde,static,logistic_regression,10,3,866,0,0,0.3781256566475226
aeeem_pde,static,logistic_regression,10,3,870,0,1,0.5371189542209214
aeeem_pde,static,logistic_regression,10,3,875,0,0,0.3629713393171589
aeeem_pde,static,logistic_regression,10,3,889,0,1,0.9457481143552062
aeeem_pde,static,logistic_regression,10,3,892,0,0,0.361755103588671
aeeem_pde,static,logistic_regression,10,3,895,0,0,0.23604816542923518
aeeem_pde,static,logistic_regression,10,3,918,0,0,0.4310287288453603
aeeem_pde,static,logistic_regression,10,3,950,0,0,0.07072430437616302
aeeem_pde,static,logistic_regression,10,3,966,0,0,0.3073895655534034
aeeem_pde,static,logistic_regression,10,3,970,0,1,0.7108422078458702
aeeem_pde,static,logistic_regression,10,3,979,1,0,0.34484953969121385
aeeem_pde,static,logistic_regression,10,3,991,0,0,0.04582929882226816
aeeem_pde,static,logistic_regression,10,3,997,0,1,0.6617210040066743
aeeem_pde,static,logistic_regression,10,3,1009,0,1,0.50050161301184
aeeem_pde,static,logistic_regression,10,3,1025,0,0,0.04523809626931273
aeeem_pde,static,logistic_regression,10,3,1036,1,0,0.38264032766948336
aeeem_pde,static,logistic_regression,10,3,1062,1,1,0.6056192149653473
aeeem_pde,static,logistic_regression,10,3,1063,0,1,0.7028150649623152
aeeem_pde,static,logistic_regression,10,3,1065,0,0,0.13054094433686594
aeeem_pde,static,logistic_regression,10,3,1066,1,0,0.4502756255012921
aeeem_pde,static,logistic_regression,10,3,1072,0,1,0.6832341072107345
aeeem_pde,static,logistic_regression,10,3,1082,0,0,0.2189528875796365
aeeem_pde,static,logistic_regression,10,3,1090,0,0,0.1232980796337613
aeeem_pde,static,logistic_regression,10,3,1091,0,0,0.37017393522604014
aeeem_pde,static,logistic_regression,10,3,1093,0,0,0.35994314318651
aeeem_pde,static,logistic_regression,10,3,1100,1,1,0.5210282960231852
aeeem_pde,static,logistic_regression,10,3,1108,0,0,0.3085940887923834
aeeem_pde,static,logistic_regression,10,3,1113,1,1,0.7388838328039713
aeeem_pde,static,logistic_regression,10,3,1120,0,0,0.4867229175381553
aeeem_pde,static,logistic_regression,10,3,1159,0,0,0.48546573162969786
aeeem_pde,static,logistic_regression,10,3,1172,0,1,0.6017970532305486
aeeem_pde,static,logistic_regression,10,3,1188,0,0,0.4019617343230943
aeeem_pde,static,logistic_regression,10,3,1199,1,1,0.5653774174349508
aeeem_pde,static,logistic_regression,10,3,1210,0,0,0.053761074053003816
aeeem_pde,static,logistic_regression,10,3,1254,1,0,0.4399751440094171
aeeem_pde,static,logistic_regression,10,3,1264,0,0,0.12417399707761304
aeeem_pde,static,logistic_regression,10,3,1267,0,0,0.34416552503033804
aeeem_pde,static,logistic_regression,10,3,1292,0,1,0.5672135777104691
aeeem_pde,static,logistic_regression,10,3,1293,0,0,0.203432495215519
aeeem_pde,static,logistic_regression,10,3,1302,0,0,0.02619508046054865
aeeem_pde,static,logistic_regression,10,3,1307,1,1,0.76387773141726
aeeem_pde,static,logistic_regression,10,3,1318,0,0,0.3818589165341816
aeeem_pde,static,logistic_regression,10,3,1379,0,0,0.27466912720725256
aeeem_pde,static,logistic_regression,10,3,1380,0,0,0.35507302064441243
aeeem_pde,static,logistic_regression,10,3,1401,0,0,0.12635236658161533
aeeem_pde,static,logistic_regression,10,3,1404,1,1,0.6804476536979991
aeeem_pde,static,logistic_regression,10,3,1409,0,1,0.5175598826754882
aeeem_pde,static,logistic_regression,10,3,1412,0,0,0.40526842819329145
aeeem_pde,static,logistic_regression,10,3,1416,0,0,0.17784853892736416
aeeem_pde,static,logistic_regression,10,3,1435,1,0,0.3699487280352076
aeeem_pde,static,logistic_regression,10,3,1443,0,0,0.37153972768954974
aeeem_pde,static,logistic_regression,10,3,1444,1,1,0.6434031535094583
aeeem_pde,static,logistic_regression,10,3,1475,0,0,0.3216939507954138
aeeem_pde,static,logistic_regression,10,3,1478,0,0,0.37357207169941853
aeeem_pde,static,logistic_regression,10,3,1480,0,0,0.2894787624424215
aeeem_pde,static,logistic_regression,10,3,1484,1,0,0.45630171317414725
aeeem_pde,static,logistic_regression,10,3,1488,0,0,0.2031962447909539
aeeem_pde,static,logistic_regression,10,4,2,0,0,0.4061352316633399
aeeem_pde,static,logistic_regression,10,4,7,0,0,0.28939480558385666
aeeem_pde,static,logistic_regression,10,4,19,0,0,0.47952564867729736
aeeem_pde,static,logistic_regression,10,4,22,0,1,0.5253615977340305
aeeem_pde,static,logistic_regression,10,4,23,1,1,0.8106505312876391
aeeem_pde,static,logistic_regression,10,4,37,0,0,0.279675349187798
aeeem_pde,static,logistic_regression,10,4,38,0,0,0.4197048395520896
aeeem_pde,static,logistic_regression,10,4,45,1,0,0.4641365537356831
aeeem_pde,static,logistic_regression,10,4,53,0,0,0.41246257810316733
aeeem_pde,static,logistic_regression,10,4,66,1,1,0.9642649493918478
aeeem_pde,static,logistic_regression,10,4,81,0,0,0.4518879830827645
aeeem_pde,static,logistic_regression,10,4,83,0,0,0.06968480601863165
aeeem_pde,static,logistic_regression,10,4,85,0,1,0.6004144037877182
aeeem_pde,static,logistic_regression,10,4,93,0,1,0.7795955556351984
aeeem_pde,static,logistic_regression,10,4,110,0,0,0.2327462823163561
aeeem_pde,static,logistic_regression,10,4,137,0,0,0.22807127079298595
aeeem_pde,static,logistic_regression,10,4,139,0,0,0.4014821212992822
aeeem_pde,static,logistic_regression,10,4,143,0,0,0.4426270568702977
aeeem_pde,static,logistic_regression,10,4,147,0,0,0.38679622244766215
aeeem_pde,static,logistic_regression,10,4,158,0,0,0.44139151946574134
aeeem_pde,static,logistic_regression,10,4,168,1,1,0.6184572291075998
aeeem_pde,static,logistic_regression,10,4,180,0,0,0.38069262857321495
aeeem_pde,static,logistic_regression,10,4,190,0,0,0.1939142952509142
aeeem_pde,static,logistic_regression,10,4,197,0,0,0.4834384622902218
aeeem_pde,static,logistic_regression,10,4,209,0,0,0.035844623200565
aeeem_pde,static,logistic_regression,10,4,210,0,0,0.13918339581147426
aeeem_pde,static,logistic_regression,10,4,223,0,0,0.27795044103870337
aeeem_pde,static,logistic_regression,10,4,238,0,0,0.1542589294450575
aeeem_pde,static,logistic_regression,10,4,252,0,0,0.3660165201277203
aeeem_pde,static,logistic_regression,10,4,262,0,0,0.28109119117504333
aeeem_pde,static,logistic_regression,10,4,268,0,0,0.22424505645674547
aeeem_pde,static,logistic_regression,10,4,311,0,1,0.8592163917938246
aeeem_pde,static,logistic_regression,10,4,312,0,0,0.39474670413767743
aeeem_pde,static,logistic_regression,10,4,316,0,0,0.36080981700249154
aeeem_pde,static,logistic_regression,10,4,330,0,0,0.4525478983159196
aeeem_pde,static,logistic_regression,10,4,335,0,0,0.4361159478713228
aeeem_pde,static,logistic_regression,10,4,343,0,0,0.4811577097343906
aeeem_pde,static,logistic_regression,10,4,367,1,1,0.6372336193567488
aeeem_pde,static,logistic_regression,10,4,372,1,1,0.6656575305431234
aeeem_pde,static,logistic_regression,10,4,376,0,1,0.557438253414536
aeeem_pde,static,logistic_regression,10,4,386,0,0,0.09342428529084759
aeeem_pde,static,logistic_regression,10,4,395,0,0,0.36642446136342155
aeeem_pde,static,logistic_regression,10,4,397,0,1,0.6693856908683239
aeeem_pde,static,logistic_regression,10,4,405,1,1,0.577406849671971
aeeem_pde,static,logistic_regression,10,4,422,1,1,0.5058934436101509
aeeem_pde,static,logistic_regression,10,4,431,0,0,0.00930268572009967
aeeem_pde,static,logistic_regression,10,4,447,0,1,0.5418271377005871
aeeem_pde,static,logistic_regression,10,4,475,0,0,0.36905448858836937
aeeem_pde,static,logistic_regression,10,4,485,0,0,0.2851739006562273
aeeem_pde,static,logistic_regression,10,4,490,1,1,0.7214710611796369
aeeem_pde,static,logistic_regression,10,4,503,0,0,0.14842684402389825
aeeem_pde,static,logistic_regression,10,4,505,0,1,0.712817083433478
aeeem_pde,static,logistic_regression,10,4,512,0,1,0.5724145774096471
aeeem_pde,static,logistic_regression,10,4,513,1,1,0.5305451719878564
aeeem_pde,static,logistic_regression,10,4,518,0,1,0.7321876850452235
aeeem_pde,static,logistic_regression,10,4,554,0,0,0.4235330161922463
aeeem_pde,static,logistic_regression,10,4,595,0,0,0.16997098256724358
aeeem_pde,static,logistic_regression,10,4,599,0,0,0.37863759355764265
aeeem_pde,static,logistic_regression,10,4,608,0,0,0.13923944095383628
aeeem_pde,static,logistic_regression,10,4,642,0,0,0.12186898205787829
aeeem_pde,static,logistic_regression,10,4,663,0,0,0.025793000640499265
aeeem_pde,static,logistic_regression,10,4,680,0,0,0.38854643457714655
aeeem_pde,static,logistic_regression,10,4,681,0,1,0.6750681108257969
aeeem_pde,static,logistic_regression,10,4,691,0,0,0.20921857669873348
aeeem_pde,static,logistic_regression,10,4,694,0,1,0.6176017355485948
aeeem_pde,static,logistic_regression,10,4,697,0,0,0.3561524202833854
aeeem_pde,static,logistic_regression,10,4,718,0,1,0.8086831384645442
aeeem_pde,static,logistic_regression,10,4,721,0,1,0.514849647352824
aeeem_pde,static,logistic_regression,10,4,725,0,1,0.592575323760694
aeeem_pde,static,logistic_regression,10,4,728,0,0,0.28108106154196927
aeeem_pde,static,logistic_regression,10,4,757,0,0,0.2299200551641672
aeeem_pde,static,logistic_regression,10,4,770,0,0,0.2731696734271009
aeeem_pde,static,logistic_regression,10,4,772,0,0,0.280088536962367
aeeem_pde,static,logistic_regression,10,4,774,0,0,0.3672365280460275
aeeem_pde,static,logistic_regression,10,4,781,0,0,0.4146841217993641
aeeem_pde,static,logistic_regression,10,4,788,0,0,0.36555995577321065
aeeem_pde,static,logistic_regression,10,4,796,0,0,0.2641161075775019
aeeem_pde,static,logistic_regression,10,4,807,1,0,0.31281628930330774
aeeem_pde,static,logistic_regression,10,4,809,0,0,0.37176941699773697
aeeem_pde,static,logistic_regression,10,4,812,0,1,0.714015441681381
aeeem_pde,static,logistic_regression,10,4,815,0,0,0.025172760981433034
aeeem_pde,static,logistic_regression,10,4,827,1,0,0.022061883156647526
aeeem_pde,static,logistic_regression,10,4,832,0,0,0.21070156077362795
aeeem_pde,static,logistic_regression,10,4,857,0,0,0.39629508490192744
aeeem_pde,static,logistic_regression,10,4,858,0,0,0.3773367140963906
aeeem_pde,static,logistic_regression,10,4,862,1,0,0.3959398189522931
aeeem_pde,static,logistic_regression,10,4,873,0,1,0.7276425888444626
aeeem_pde,static,logistic_regression,10,4,878,0,0,0.1828475845637641
aeeem_pde,static,logistic_regression,10,4,879,0,0,0.3957150193920751
aeeem_pde,static,logistic_regression,10,4,911,0,1,0.8359608160683973
aeeem_pde,static,logistic_regression,10,4,912,0,0,0.17615238675132813
aeeem_pde,static,logistic_regression,10,4,917,0,0,0.4429311142508896
aeeem_pde,static,logistic_regression,10,4,919,0,0,0.40367096701909216
aeeem_pde,static,logistic_regression,10,4,923,0,0,0.25076999753899465
aeeem_pde,static,logistic_regression,10,4,927,0,0,0.19343746658066624
aeeem_pde,static,logistic_regression,10,4,935,0,0,0.41390863207896733
aeeem_pde,static,logistic_regression,10,4,937,1,0,0.46175371136069493
aeeem_pde,static,logistic_regression,10,4,941,0,0,0.07615236869036172
aeeem_pde,static,logistic_regression,10,4,947,0,0,0.47521994310135807
aeeem_pde,static,logistic_regression,10,4,952,0,0,0.4147182724735237
aeeem_pde,static,logistic_regression,10,4,969,0,0,0.3922431748593984
aeeem_pde,static,logistic_regression,10,4,998,0,0,0.4184906567024573
aeeem_pde,static,logistic_regression,10,4,1012,0,0,0.27185974231897403
aeeem_pde,static,logistic_regression,10,4,1022,0,0,0.29365975124759885
aeeem_pde,static,logistic_regression,10,4,1028,0,0,0.38296737069002296
aeeem_pde,static,logistic_regression,10,4,1030,1,0,0.4768131677604245
aeeem_pde,static,logistic_regression,10,4,1031,1,1,0.8615120145796784
aeeem_pde,static,logistic_regression,10,4,1039,0,0,0.15048037399209077
aeeem_pde,static,logistic_regression,10,4,1048,0,0,0.4541087409667509
aeeem_pde,static,logistic_regression,10,4,1084,0,1,0.5647251253199111
aeeem_pde,static,logistic_regression,10,4,1095,1,0,0.3348522312113605
aeeem_pde,static,logistic_regression,10,4,1111,0,0,0.40178012564373855
aeeem_pde,static,logistic_regression,10,4,1115,0,0,0.2567231728800999
aeeem_pde,static,logistic_regression,10,4,1116,0,0,0.4575009243013285
aeeem_pde,static,logistic_regression,10,4,1126,0,0,0.11998209488276786
aeeem_pde,static,logistic_regression,10,4,1130,0,0,0.31337265946582066
aeeem_pde,static,logistic_regression,10,4,1152,0,1,0.5533591773925771
aeeem_pde,static,logistic_regression,10,4,1189,0,1,0.5184846888657388
aeeem_pde,static,logistic_regression,10,4,1193,0,0,0.4469631236515601
aeeem_pde,static,logistic_regression,10,4,1207,1,1,0.8461354197794578
aeeem_pde,static,logistic_regression,10,4,1214,1,1,0.6744739220346373
aeeem_pde,static,logistic_regression,10,4,1217,0,1,0.7348186753855804
aeeem_pde,static,logistic_regression,10,4,1223,0,0,0.4208232217286516
aeeem_pde,static,logistic_regression,10,4,1242,0,0,0.0001488409368274305
aeeem_pde,static,logistic_regression,10,4,1250,0,0,0.3312265753077585
aeeem_pde,static,logistic_regression,10,4,1257,0,0,0.3631338957930284
aeeem_pde,static,logistic_regression,10,4,1266,1,0,0.4906286056107291
aeeem_pde,static,logistic_regression,10,4,1269,0,0,0.08241425283679786
aeeem_pde,static,logistic_regression,10,4,1275,0,1,0.6434664861962647
aeeem_pde,static,logistic_regression,10,4,1279,0,0,4.952113707851158e-07
aeeem_pde,static,logistic_regression,10,4,1283,0,0,0.2731696734271009
aeeem_pde,static,logistic_regression,10,4,1295,0,0,0.23317901312672298
aeeem_pde,static,logistic_regression,10,4,1314,0,0,0.025172760981433034
aeeem_pde,static,logistic_regression,10,4,1341,0,0,0.4836251306082814
aeeem_pde,static,logistic_regression,10,4,1351,0,1,0.5665979896574477
aeeem_pde,static,logistic_regression,10,4,1354,0,0,0.4176534847152506
aeeem_pde,static,logistic_regression,10,4,1366,0,0,0.4016695454241779
aeeem_pde,static,logistic_regression,10,4,1367,0,0,0.021322817102835446
aeeem_pde,static,logistic_regression,10,4,1381,0,0,0.3258684340710292
aeeem_pde,static,logistic_regression,10,4,1382,0,0,0.20808799744587678
aeeem_pde,static,logistic_regression,10,4,1400,0,0,0.4262243771584053
aeeem_pde,static,logistic_regression,10,4,1414,0,0,0.42778446157661726
aeeem_pde,static,logistic_regression,10,4,1421,0,0,0.15964713894042867
aeeem_pde,static,logistic_regression,10,4,1432,0,0,0.21121763793782397
aeeem_pde,static,logistic_regression,10,4,1442,1,1,0.8315859303834083
aeeem_pde,static,logistic_regression,10,4,1446,0,1,0.7985324887671208
aeeem_pde,static,logistic_regression,10,4,1463,0,0,0.40892374777545526
aeeem_pde,static,logistic_regression,10,4,1466,0,0,0.3625936165830793
aeeem_pde,static,logistic_regression,10,4,1472,0,0,0.4621418476390603
aeeem_pde,static,logistic_regression,10,4,1490,0,1,0.587328484126746
aeeem_pde,static,logistic_regression,10,5,18,0,1,0.5757124118454596
aeeem_pde,static,logistic_regression,10,5,27,0,0,0.3589078322757833
aeeem_pde,static,logistic_regression,10,5,28,0,0,0.4143855267017122
aeeem_pde,static,logistic_regression,10,5,61,0,0,0.20816324046812962
aeeem_pde,static,logistic_regression,10,5,73,0,0,0.1234443448088352
aeeem_pde,static,logistic_regression,10,5,77,0,1,0.5109969516469602
aeeem_pde,static,logistic_regression,10,5,95,0,0,0.09591174507619651
aeeem_pde,static,logistic_regression,10,5,107,0,0,0.28796435497622175
aeeem_pde,static,logistic_regression,10,5,109,0,0,0.1099239512560614
aeeem_pde,static,logistic_regression,10,5,116,0,0,0.26760077451174763
aeeem_pde,static,logistic_regression,10,5,126,1,0,0.4865794553009156
aeeem_pde,static,logistic_regression,10,5,127,0,0,0.20752667821190887
aeeem_pde,static,logistic_regression,10,5,128,0,0,0.30579838513533975
aeeem_pde,static,logistic_regression,10,5,136,1,1,0.5855950130852726
aeeem_pde,static,logistic_regression,10,5,145,0,1,0.6441999506793308
aeeem_pde,static,logistic_regression,10,5,171,0,1,0.5577243753799638
aeeem_pde,static,logistic_regression,10,5,175,0,0,0.1388164875017796
aeeem_pde,static,logistic_regression,10,5,183,0,0,0.42795436413295224
aeeem_pde,static,logistic_regression,10,5,207,0,0,0.11224690691007479
aeeem_pde,static,logistic_regression,10,5,208,0,0,0.2115027864148638
aeeem_pde,static,logistic_regression,10,5,215,0,0,0.4538952975643053
aeeem_pde,static,logistic_regression,10,5,220,0,0,0.12483322891462845
aeeem_pde,static,logistic_regression,10,5,242,0,0,0.41709851098034284
aeeem_pde,static,logistic_regression,10,5,251,0,0,0.17427385434755854
aeeem_pde,static,logistic_regression,10,5,253,0,0,0.009607122391656014
aeeem_pde,static,logistic_regression,10,5,263,0,0,0.10660215458533315
aeeem_pde,static,logistic_regression,10,5,264,1,1,0.6458441437766059
aeeem_pde,static,logistic_regression,10,5,275,1,0,0.3175954692774931
aeeem_pde,static,logistic_regression,10,5,289,0,1,0.5522097710318505
aeeem_pde,static,logistic_regression,10,5,291,0,1,0.6242485697010807
aeeem_pde,static,logistic_regression,10,5,292,0,0,0.40064141164438566
aeeem_pde,static,logistic_regression,10,5,293,0,0,0.22048329870972042
aeeem_pde,static,logistic_regression,10,5,300,0,0,0.36166816344237834
aeeem_pde,static,logistic_regression,10,5,310,0,0,0.032273740929308396
aeeem_pde,static,logistic_regression,10,5,318,0,0,0.13034309723066115
aeeem_pde,static,logistic_regression,10,5,319,1,1,0.5079481580897116
aeeem_pde,static,logistic_regression,10,5,325,0,1,0.5518395865624504
aeeem_pde,static,logistic_regression,10,5,329,1,1,0.9360190515804867
aeeem_pde,static,logistic_regression,10,5,334,1,1,0.7887657981964609
aeeem_pde,static,logistic_regression,10,5,340,0,0,0.37793167463409516
aeeem_pde,static,logistic_regression,10,5,341,0,0,0.20560067559716189
aeeem_pde,static,logistic_regression,10,5,348,0,0,0.22604204095872774
aeeem_pde,static,logistic_regression,10,5,349,0,0,0.026617648491991296
aeeem_pde,static,logistic_regression,10,5,357,0,1,0.5471789839906963
aeeem_pde,static,logistic_regression,10,5,359,0,0,0.20012110529890595
aeeem_pde,static,logistic_regression,10,5,374,0,0,0.30622634104098717
aeeem_pde,static,logistic_regression,10,5,382,0,1,0.5654277291538325
aeeem_pde,static,logistic_regression,10,5,406,0,0,0.46843501115706837
aeeem_pde,static,logistic_regression,10,5,408,0,1,0.6839493297782391
aeeem_pde,static,logistic_regression,10,5,409,0,0,0.2011779017368356
aeeem_pde,static,logistic_regression,10,5,424,0,0,0.29916399418619205
aeeem_pde,static,logistic_regression,10,5,425,0,0,0.3036392135073604
aeeem_pde,static,logistic_regression,10,5,428,0,1,0.9544382387082233
aeeem_pde,static,logistic_regression,10,5,436,0,0,0.38231412196884307
aeeem_pde,static,logistic_regression,10,5,448,0,0,0.33309730230094464
aeeem_pde,static,logistic_regression,10,5,452,0,0,0.15390086761198996
aeeem_pde,static,logistic_regression,10,5,471,0,0,0.21520333617892673
aeeem_pde,static,logistic_regression,10,5,484,0,0,0.2160964474085088
aeeem_pde,static,logistic_regression,10,5,495,1,1,0.7587900980817222
aeeem_pde,static,logistic_regression,10,5,500,0,0,0.3284239636918844
aeeem_pde,static,logistic_regression,10,5,501,0,1,0.6679239058641936
aeeem_pde,static,logistic_regression,10,5,525,0,0,0.10043399342984753
aeeem_pde,static,logistic_regression,10,5,534,0,0,0.3758271067782522
aeeem_pde,static,logistic_regression,10,5,555,0,0,0.49930416393866106
aeeem_pde,static,logistic_regression,10,5,587,0,0,0.3479262771409003
aeeem_pde,static,logistic_regression,10,5,598,0,0,0.39255432495242887
aeeem_pde,static,logistic_regression,10,5,600,0,0,0.40626440921716783
aeeem_pde,static,logistic_regression,10,5,605,0,0,0.23841152604725624
aeeem_pde,static,logistic_regression,10,5,611,0,0,0.13979423122205956
aeeem_pde,static,logistic_regression,10,5,618,0,0,0.4624365921132751
aeeem_pde,static,logistic_regression,10,5,619,0,0,0.4831281285514669
aeeem_pde,static,logistic_regression,10,5,624,1,1,0.5020620817664204
aeeem_pde,static,logistic_regression,10,5,627,0,0,0.1549564687713739
aeeem_pde,static,logistic_regression,10,5,632,0,0,0.18593887506112336
aeeem_pde,static,logistic_regression,10,5,640,0,1,0.5303145488722224
aeeem_pde,static,logistic_regression,10,5,641,0,0,0.24779234939103617
aeeem_pde,static,logistic_regression,10,5,677,0,0,0.1521831403095678
aeeem_pde,static,logistic_regression,10,5,689,0,0,0.41535365970096005
aeeem_pde,static,logistic_regression,10,5,702,0,0,0.14718529095166052
aeeem_pde,static,logistic_regression,10,5,720,0,0,0.2898530318367691
aeeem_pde,static,logistic_regression,10,5,724,0,0,0.4964983276048494
aeeem_pde,static,logistic_regression,10,5,731,0,0,0.11219898741455135
aeeem_pde,static,logistic_regression,10,5,740,1,0,0.41082346243933576
aeeem_pde,static,logistic_regression,10,5,752,0,1,0.7084790877865677
aeeem_pde,static,logistic_regression,10,5,758,0,0,0.19746931311048393
aeeem_pde,static,logistic_regression,10,5,791,0,0,0.27805839254390324
aeeem_pde,static,logistic_regression,10,5,798,1,1,0.6711404157791138
aeeem_pde,static,logistic_regression,10,5,799,1,1,0.5958091163056038
aeeem_pde,static,logistic_regression,10,5,808,1,1,0.8099896224264287
aeeem_pde,static,logistic_regression,10,5,818,1,0,0.354347506177715
aeeem_pde,static,logistic_regression,10,5,819,0,1,0.6324616175494865
aeeem_pde,static,logistic_regression,10,5,829,0,0,0.02406400613076059
aeeem_pde,static,logistic_regression,10,5,835,0,0,0.10629348152076538
aeeem_pde,static,logistic_regression,10,5,853,0,0,0.4879475869214984
aeeem_pde,static,logistic_regression,10,5,887,0,0,0.3995772310253353
aeeem_pde,static,logistic_regression,10,5,891,1,0,0.020156765514412447
aeeem_pde,static,logistic_regression,10,5,896,1,0,0.26762816553976326
aeeem_pde,static,logistic_regression,10,5,905,0,0,0.46461860471427746
aeeem_pde,static,logistic_regression,10,5,925,0,0,0.11658140917346387
aeeem_pde,static,logistic_regression,10,5,928,0,0,0.0005512703790697857
aeeem_pde,static,logistic_regression,10,5,929,0,0,0.384171208896985
aeeem_pde,static,logistic_regression,10,5,943,0,0,0.4925059993322238
aeeem_pde,static,logistic_regression,10,5,948,0,0,0.0027397020709672842
aeeem_pde,static,logistic_regression,10,5,954,0,1,0.5205448814892617
aeeem_pde,static,logistic_regression,10,5,972,0,0,0.4410210380424639
aeeem_pde,static,logistic_regression,10,5,984,1,1,0.5513485255094299
aeeem_pde,static,logistic_regression,10,5,988,0,0,0.05493868718093968
aeeem_pde,static,logistic_regression,10,5,995,0,1,0.9199443697524777
aeeem_pde,static,logistic_regression,10,5,1021,0,0,0.2421635098484505
aeeem_pde,static,logistic_regression,10,5,1032,0,0,0.025118386737427206
aeeem_pde,static,logistic_regression,10,5,1034,0,1,0.5617663502947443
aeeem_pde,static,logistic_regression,10,5,1040,0,1,0.5217273661426963
aeeem_pde,static,logistic_regression,10,5,1053,0,1,0.9085201744777223
aeeem_pde,static,logistic_regression,10,5,1061,0,0,0.33664135362104813
aeeem_pde,static,logistic_regression,10,5,1079,0,1,0.9970849253861186
aeeem_pde,static,logistic_regression,10,5,1080,0,1,0.6089678326619251
aeeem_pde,static,logistic_regression,10,5,1099,0,0,0.011668671598809483
aeeem_pde,static,logistic_regression,10,5,1117,1,0,0.39056060945409027
aeeem_pde,static,logistic_regression,10,5,1135,0,0,0.4329240548982245
aeeem_pde,static,logistic_regression,10,5,1141,1,0,0.46399045327207267
aeeem_pde,static,logistic_regression,10,5,1154,0,1,0.585695376890977
aeeem_pde,static,logistic_regression,10,5,1160,0,1,0.5745701291898675
aeeem_pde,static,logistic_regression,10,5,1165,0,0,0.12568329895082303
aeeem_pde,static,logistic_regression,10,5,1186,0,0,0.07363530992609335
aeeem_pde,static,logistic_regression,10,5,1192,0,0,0.12395512535025337
aeeem_pde,static,logistic_regression,10,5,1197,0,1,0.7443707594975019
aeeem_pde,static,logistic_regression,10,5,1198,1,1,0.8199540683980301
aeeem_pde,static,logistic_regression,10,5,1227,0,1,0.7065923468146146
aeeem_pde,static,logistic_regression,10,5,1246,0,0,0.41452412960973894
aeeem_pde,static,logistic_regression,10,5,1263,0,1,0.5295218677712432
aeeem_pde,static,logistic_regression,10,5,1270,0,0,0.23187643857219611
aeeem_pde,static,logistic_regression,10,5,1273,0,0,0.4251659505783488
aeeem_pde,static,logistic_regression,10,5,1285,0,0,0.4810686522821223
aeeem_pde,static,logistic_regression,10,5,1306,0,1,0.6003090627655204
aeeem_pde,static,logistic_regression,10,5,1316,1,1,0.5884645560312742
aeeem_pde,static,logistic_regression,10,5,1322,0,0,0.39047334663386757
aeeem_pde,static,logistic_regression,10,5,1323,0,0,0.3753435470669475
aeeem_pde,static,logistic_regression,10,5,1330,0,0,0.3666419404346497
aeeem_pde,static,logistic_regression,10,5,1332,0,0,0.4683915180631379
aeeem_pde,static,logistic_regression,10,5,1334,0,0,0.34481340919952774
aeeem_pde,static,logistic_regression,10,5,1337,0,1,0.5928911354130934
aeeem_pde,static,logistic_regression,10,5,1344,0,1,0.6163191043885056
aeeem_pde,static,logistic_regression,10,5,1359,0,0,0.4104946822342279
aeeem_pde,static,logistic_regression,10,5,1360,0,1,0.5965307721936837
aeeem_pde,static,logistic_regression,10,5,1383,0,0,0.4041172850577368
aeeem_pde,static,logistic_regression,10,5,1392,0,1,0.5641540963693135
aeeem_pde,static,logistic_regression,10,5,1425,0,1,0.9933450337750559
aeeem_pde,static,logistic_regression,10,5,1437,0,0,0.408259947614942
aeeem_pde,static,logistic_regression,10,5,1445,0,0,0.3689305340238593
aeeem_pde,static,logistic_regression,10,5,1456,0,0,0.351171980643433
aeeem_pde,static,logistic_regression,10,6,6,1,1,0.9999999999999984
aeeem_pde,static,logistic_regression,10,6,9,0,0,0.3996901140250526
aeeem_pde,static,logistic_regression,10,6,12,0,0,0.13852376045366474
aeeem_pde,static,logistic_regression,10,6,14,0,0,0.3264952138710842
aeeem_pde,static,logistic_regression,10,6,20,0,0,0.2906956873919114
aeeem_pde,static,logistic_regression,10,6,54,0,0,0.1382689591438379
aeeem_pde,static,logistic_regression,10,6,63,1,1,0.9711022437173404
aeeem_pde,static,logistic_regression,10,6,68,0,1,0.5381629432835922
aeeem_pde,static,logistic_regression,10,6,70,0,0,0.12770075865293384
aeeem_pde,static,logistic_regression,10,6,72,0,1,0.6218439623900104
aeeem_pde,static,logistic_regression,10,6,84,0,0,0.06432780614026967
aeeem_pde,static,logistic_regression,10,6,92,0,0,0.47678175211289814
aeeem_pde,static,logistic_regression,10,6,98,0,0,0.24663258843517732
aeeem_pde,static,logistic_regression,10,6,103,1,0,0.43776758635916413
aeeem_pde,static,logistic_regression,10,6,117,0,0,0.376426512689078
aeeem_pde,static,logistic_regression,10,6,130,1,1,0.5566193813231154
aeeem_pde,static,logistic_regression,10,6,142,0,0,0.2547240733924767
aeeem_pde,static,logistic_regression,10,6,155,0,0,0.10815428445038038
aeeem_pde,static,logistic_regression,10,6,157,0,0,0.21423801987075985
aeeem_pde,static,logistic_regression,10,6,161,1,1,0.5337478530676399
aeeem_pde,static,logistic_regression,10,6,184,0,0,0.31289268282772387
aeeem_pde,static,logistic_regression,10,6,237,0,0,0.09622419925368884
aeeem_pde,static,logistic_regression,10,6,241,0,1,0.5385426518924861
aeeem_pde,static,logistic_regression,10,6,245,0,0,0.45181076785525437
aeeem_pde,static,logistic_regression,10,6,249,0,0,0.2281488355662794
aeeem_pde,static,logistic_regression,10,6,267,1,1,0.7019826514550199
aeeem_pde,static,logistic_regression,10,6,286,0,0,0.28203146764145715
aeeem_pde,static,logistic_regression,10,6,301,0,0,0.38790046025485525
aeeem_pde,static,logistic_regression,10,6,308,0,1,0.7618163869246103
aeeem_pde,static,logistic_regression,10,6,363,0,1,0.5871468322347452
aeeem_pde,static,logistic_regression,10,6,366,0,0,0.36836158222102683
aeeem_pde,static,logistic_regression,10,6,368,0,1,0.6066561129164911
aeeem_pde,static,logistic_regression,10,6,369,0,1,0.5214057514077233
aeeem_pde,static,logistic_regression,10,6,370,1,1,0.9988538322440128
aeeem_pde,static,logistic_regression,10,6,384,0,0,0.29928601582262004
aeeem_pde,static,logistic_regression,10,6,387,0,0,0.10940920371275892
aeeem_pde,static,logistic_regression,10,6,394,0,0,0.2898458449529912
aeeem_pde,static,logistic_regression,10,6,402,0,0,0.3791202492347324
aeeem_pde,static,logistic_regression,10,6,438,0,0,0.1978392318288856
aeeem_pde,static,logistic_regression,10,6,444,0,0,0.22282652555217441
aeeem_pde,static,logistic_regression,10,6,451,0,0,0.26447089299155274
aeeem_pde,static,logistic_regression,10,6,454,0,0,0.3383457936441934
aeeem_pde,static,logistic_regression,10,6,464,0,0,0.4779421031997559
aeeem_pde,static,logistic_regression,10,6,492,0,0,0.49533599865592876
aeeem_pde,static,logistic_regression,10,6,499,0,1,0.5493066170182194
aeeem_pde,static,logistic_regression,10,6,502,0,0,0.23959722044607817
aeeem_pde,static,logistic_regression,10,6,522,0,1,0.5813942497644794
aeeem_pde,static,logistic_regression,10,6,529,0,0,0.23101176518198147
aeeem_pde,static,logistic_regression,10,6,547,0,0,0.00871603399212654
aeeem_pde,static,logistic_regression,10,6,556,0,0,0.4132957278707327
aeeem_pde,static,logistic_regression,10,6,574,0,0,0.15721181466976752
aeeem_pde,static,logistic_regression,10,6,590,1,0,0.19514965603177226
aeeem_pde,static,logistic_regression,10,6,591,0,1,0.5829571971929804
aeeem_pde,static,logistic_regression,10,6,596,0,0,0.2386804204579073
aeeem_pde,static,logistic_regression,10,6,609,0,0,0.16220326156109124
aeeem_pde,static,logistic_regression,10,6,614,0,0,0.13852035478662617
aeeem_pde,static,logistic_regression,10,6,629,0,0,0.33349483357887605
aeeem_pde,static,logistic_regression,10,6,630,0,1,0.6048629111244497
aeeem_pde,static,logistic_regression,10,6,631,0,1,0.9321249924627814
aeeem_pde,static,logistic_regression,10,6,637,0,0,0.347810286222663
aeeem_pde,static,logistic_regression,10,6,653,0,0,0.20182166236556143
aeeem_pde,static,logistic_regression,10,6,658,0,0,0.4607740495834595
aeeem_pde,static,logistic_regression,10,6,682,1,0,0.09342237257553572
aeeem_pde,static,logistic_regression,10,6,684,0,0,0.4690472040106074
aeeem_pde,static,logistic_regression,10,6,686,1,0,0.25328254061410926
aeeem_pde,static,logistic_regression,10,6,692,0,0,0.4312929400801589
aeeem_pde,static,logistic_regression,10,6,700,0,0,0.24283756990045108
aeeem_pde,static,logistic_regression,10,6,703,0,1,0.5008999733175787
aeeem_pde,static,logistic_regression,10,6,710,1,1,0.8711336143425489
aeeem_pde,static,logistic_regression,10,6,722,0,0,0.3250487659269444
aeeem_pde,static,logistic_regression,10,6,735,0,0,0.3947530256399303
aeeem_pde,static,logistic_regression,10,6,754,0,0,0.23568634351614076
aeeem_pde,static,logistic_regression,10,6,767,0,1,0.5545357041863791
aeeem_pde,static,logistic_regression,10,6,786,0,0,0.4471384660177222
aeeem_pde,static,logistic_regression,10,6,810,0,0,0.4106888458162113
aeeem_pde,static,logistic_regression,10,6,822,0,0,0.12219883946048839
aeeem_pde,static,logistic_regression,10,6,826,0,0,0.3559592999403172
aeeem_pde,static,logistic_regression,10,6,837,0,1,0.88523302945335
aeeem_pde,static,logistic_regression,10,6,849,1,1,0.5306518101620884
aeeem_pde,static,logistic_regression,10,6,850,0,0,0.013172551121476429
aeeem_pde,static,logistic_regression,10,6,854,0,0,0.3815305765227463
aeeem_pde,static,logistic_regression,10,6,859,1,0,0.4242190889133395
aeeem_pde,static,logistic_regression,10,6,872,0,0,0.0960494214014424
aeeem_pde,static,logistic_regression,10,6,894,0,0,0.077951707867187
aeeem_pde,static,logistic_regression,10,6,898,0,0,0.3726984580502619
aeeem_pde,static,logistic_regression,10,6,908,0,0,0.14616407927503147
aeeem_pde,static,logistic_regression,10,6,909,0,0,0.13454011450078748
aeeem_pde,static,logistic_regression,10,6,913,0,0,0.301701882411259
aeeem_pde,static,logistic_regression,10,6,914,0,1,0.595791412461766
aeeem_pde,static,logistic_regression,10,6,916,0,0,0.40414609484197417
aeeem_pde,static,logistic_regression,10,6,934,0,0,0.23101176518198147
aeeem_pde,static,logistic_regression,10,6,953,0,0,0.4297343257157465
aeeem_pde,static,logistic_regression,10,6,957,0,0,0.48987608532810717
aeeem_pde,static,logistic_regression,10,6,958,0,0,0.4774292700155523
aeeem_pde,static,logistic_regression,10,6,971,0,0,0.42761296205883476
aeeem_pde,static,logistic_regression,10,6,987,0,0,0.4693876731768472
aeeem_pde,static,logistic_regression,10,6,989,0,1,0.741844837077756
aeeem_pde,static,logistic_regression,10,6,992,0,0,0.4115107519480049
aeeem_pde,static,logistic_regression,10,6,1005,1,1,0.860540264457192
aeeem_pde,static,logistic_regression,10,6,1010,0,0,0.26393363345790855
aeeem_pde,static,logistic_regression,10,6,1023,0,0,0.44499416253244367
aeeem_pde,static,logistic_regression,10,6,1038,0,1,0.5183807009955093
aeeem_pde,static,logistic_regression,10,6,1050,0,0,0.3470525867036259
aeeem_pde,static,logistic_regression,10,6,1057,0,0,0.11056833833478016
aeeem_pde,static,logistic_regression,10,6,1059,0,0,0.4148861127578324
aeeem_pde,static,logistic_regression,10,6,1067,0,1,0.6146011451806507
aeeem_pde,static,logistic_regression,10,6,1075,0,0,0.45316720471042066
aeeem_pde,static,logistic_regression,10,6,1089,0,1,0.7998568705289465
aeeem_pde,static,logistic_regression,10,6,1101,0,0,0.19348083277258774
aeeem_pde,static,logistic_regression,10,6,1102,0,0,0.3510985341545962
aeeem_pde,static,logistic_regression,10,6,1105,0,1,0.8777404580886338
aeeem_pde,static,logistic_regression,10,6,1114,0,0,0.3496292539836126
aeeem_pde,static,logistic_regression,10,6,1122,0,0,0.38564188581720643
aeeem_pde,static,logistic_regression,10,6,1136,0,0,0.33220907333538496
aeeem_pde,static,logistic_regression,10,6,1142,1,0,0.4366710012857028
aeeem_pde,static,logistic_regression,10,6,1156,0,0,0.024266461218610792
aeeem_pde,static,logistic_regression,10,6,1162,0,0,0.20737102598652868
aeeem_pde,static,logistic_regression,10,6,1167,0,1,0.8908450984541717
aeeem_pde,static,logistic_regression,10,6,1201,0,0,0.4765272544140391
aeeem_pde,static,logistic_regression,10,6,1212,1,0,0.10416615443041956
aeeem_pde,static,logistic_regression,10,6,1221,0,0,0.24862586849209417
aeeem_pde,static,logistic_regression,10,6,1226,0,1,0.5272754043424772
aeeem_pde,static,logistic_regression,10,6,1282,0,1,0.5898200602751057
aeeem_pde,static,logistic_regression,10,6,1287,0,0,0.4626486697363723
aeeem_pde,static,logistic_regression,10,6,1305,1,1,0.5272784330507106
aeeem_pde,static,logistic_regression,10,6,1310,0,0,0.3626680571086058
aeeem_pde,static,logistic_regression,10,6,1315,0,0,0.24158104662724209
aeeem_pde,static,logistic_regression,10,6,1319,0,1,0.5701302442453755
aeeem_pde,static,logistic_regression,10,6,1320,0,0,0.22082790619689738
aeeem_pde,static,logistic_regression,10,6,1327,0,0,0.3321804079587237
aeeem_pde,static,logistic_regression,10,6,1331,0,0,0.47220680389734665
aeeem_pde,static,logistic_regression,10,6,1338,0,0,0.078486461949977
aeeem_pde,static,logistic_regression,10,6,1339,1,0,0.12371721856702309
aeeem_pde,static,logistic_regression,10,6,1346,0,0,0.013172551121476429
aeeem_pde,static,logistic_regression,10,6,1355,0,0,0.48692595970778385
aeeem_pde,static,logistic_regression,10,6,1362,0,0,0.17366141275041866
aeeem_pde,static,logistic_regression,10,6,1363,0,0,0.3813091249949069
aeeem_pde,static,logistic_regression,10,6,1389,0,0,0.36303653834321203
aeeem_pde,static,logistic_regression,10,6,1397,1,1,0.9119189206641563
aeeem_pde,static,logistic_regression,10,6,1403,0,0,0.2621068580819256
aeeem_pde,static,logistic_regression,10,6,1410,0,0,0.4971024154287889
aeeem_pde,static,logistic_regression,10,6,1420,0,0,0.01323975351943706
aeeem_pde,static,logistic_regression,10,6,1422,0,0,0.03164686300815531
aeeem_pde,static,logistic_regression,10,6,1423,1,0,0.32102380093853145
aeeem_pde,static,logistic_regression,10,6,1448,1,0,0.4400288346493814
aeeem_pde,static,logistic_regression,10,6,1453,0,0,0.47511026272460594
aeeem_pde,static,logistic_regression,10,6,1458,0,0,0.14558087297109457
aeeem_pde,static,logistic_regression,10,6,1462,0,0,0.21645709223105064
aeeem_pde,static,logistic_regression,10,6,1468,0,0,0.13063935651558342
aeeem_pde,static,logistic_regression,10,6,1481,0,0,0.13432796999284802
aeeem_pde,static,logistic_regression,10,7,42,0,0,0.13688376109415598
aeeem_pde,static,logistic_regression,10,7,74,0,1,0.5790362823424886
aeeem_pde,static,logistic_regression,10,7,75,0,0,0.4308850048295554
aeeem_pde,static,logistic_regression,10,7,86,0,0,0.04519073408666363
aeeem_pde,static,logistic_regression,10,7,91,0,0,0.4878823225031353
aeeem_pde,static,logistic_regression,10,7,113,1,0,0.3968183964940515
aeeem_pde,static,logistic_regression,10,7,115,0,0,0.2912968094642797
aeeem_pde,static,logistic_regression,10,7,120,1,0,0.04052907354714534
aeeem_pde,static,logistic_regression,10,7,131,0,0,0.3865765124649791
aeeem_pde,static,logistic_regression,10,7,133,0,0,0.3675657025384489
aeeem_pde,static,logistic_regression,10,7,153,0,0,0.45767042335595487
aeeem_pde,static,logistic_regression,10,7,160,1,0,0.46260618190892316
aeeem_pde,static,logistic_regression,10,7,162,0,0,0.12300591004569458
aeeem_pde,static,logistic_regression,10,7,177,0,0,0.3855563870455895
aeeem_pde,static,logistic_regression,10,7,185,0,0,0.06434743169070493
aeeem_pde,static,logistic_regression,10,7,195,0,0,0.35967841817202734
aeeem_pde,static,logistic_regression,10,7,216,0,0,0.1540856388549219
aeeem_pde,static,logistic_regression,10,7,229,0,0,0.18739487843459315
aeeem_pde,static,logistic_regression,10,7,232,1,1,0.6514951712196646
aeeem_pde,static,logistic_regression,10,7,236,0,0,0.04689245086869594
aeeem_pde,static,logistic_regression,10,7,239,0,0,0.36408099806378985
aeeem_pde,static,logistic_regression,10,7,240,0,0,0.3844795173857294
aeeem_pde,static,logistic_regression,10,7,255,0,0,0.06013296802254067
aeeem_pde,static,logistic_regression,10,7,259,0,0,0.16680055244078063
aeeem_pde,static,logistic_regression,10,7,260,0,0,0.3473286538535715
aeeem_pde,static,logistic_regression,10,7,266,0,0,0.43458306480375086
aeeem_pde,static,logistic_regression,10,7,269,0,1,0.8559121279682801
aeeem_pde,static,logistic_regression,10,7,277,0,1,0.8326708983079923
aeeem_pde,static,logistic_regression,10,7,278,0,0,0.0056902239316567555
aeeem_pde,static,logistic_regression,10,7,303,0,0,0.13741832791896078
aeeem_pde,static,logistic_regression,10,7,314,0,1,0.7166797647197413
aeeem_pde,static,logistic_regression,10,7,320,0,0,0.38276634733273873
aeeem_pde,static,logistic_regression,10,7,331,0,0,0.13309862824534813
aeeem_pde,static,logistic_regression,10,7,342,0,0,0.283462674544989
aeeem_pde,static,logistic_regression,10,7,344,0,0,0.4587058721295796
aeeem_pde,static,logistic_regression,10,7,360,0,0,0.42485810038726207
aeeem_pde,static,logistic_regression,10,7,383,0,0,0.15245418409028672
aeeem_pde,static,logistic_regression,10,7,403,0,0,0.3416191091129371
aeeem_pde,static,logistic_regression,10,7,413,0,0,0.41749483757144584
aeeem_pde,static,logistic_regression,10,7,419,1,1,0.7378388786583896
aeeem_pde,static,logistic_regression,10,7,421,1,1,0.6809870423388057
aeeem_pde,static,logistic_regression,10,7,440,0,0,0.03767159799790444
aeeem_pde,static,logistic_regression,10,7,443,1,1,0.5958097337630447
aeeem_pde,static,logistic_regression,10,7,445,0,0,0.4316087927814892
aeeem_pde,static,logistic_regression,10,7,449,0,0,0.42984400976043635
aeeem_pde,static,logistic_regression,10,7,450,0,0,0.23606733364618215
aeeem_pde,static,logistic_regression,10,7,456,0,0,0.2428562886972178
aeeem_pde,static,logistic_regression,10,7,457,1,0,0.1857548896095824
aeeem_pde,static,logistic_regression,10,7,460,0,0,0.4812437481240595
aeeem_pde,static,logistic_regression,10,7,478,0,0,0.26589571110109583
aeeem_pde,static,logistic_regression,10,7,482,0,0,0.45907435114776457
aeeem_pde,static,logistic_regression,10,7,494,1,0,0.06510968512944698
aeeem_pde,static,logistic_regression,10,7,507,0,0,0.11207246611135675
aeeem_pde,static,logistic_regression,10,7,510,0,0,0.24837162675079344
aeeem_pde,static,logistic_regression,10,7,519,1,0,0.4849975032598749
aeeem_pde,static,logistic_regression,10,7,526,0,1,0.7072200370165329
aeeem_pde,static,logistic_regression,10,7,536,1,1,0.5780825585768378
aeeem_pde,static,logistic_regression,10,7,548,1,0,0.4493802457402184
aeeem_pde,static,logistic_regression,10,7,563,0,0,0.405209244898881
aeeem_pde,static,logistic_regression,10,7,566,0,0,0.14106622026665536
aeeem_pde,static,logistic_regression,10,7,567,0,0,0.41445076060701763
aeeem_pde,static,logistic_regression,10,7,570,0,1,0.5136871680449695
aeeem_pde,static,logistic_regression,10,7,580,0,0,0.10155057900183836
aeeem_pde,static,logistic_regression,10,7,606,1,0,0.4109200380910911
aeeem_pde,static,logistic_regression,10,7,620,0,0,0.4214235750468089
aeeem_pde,static,logistic_regression,10,7,649,0,1,0.7385614552163104
aeeem_pde,static,logistic_regression,10,7,655,0,0,0.4058576594350963
aeeem_pde,static,logistic_regression,10,7,673,0,1,0.7238666082835968
aeeem_pde,static,logistic_regression,10,7,679,0,0,0.4954575662248526
aeeem_pde,static,logistic_regression,10,7,685,0,0,0.15138079687714415
aeeem_pde,static,logistic_regression,10,7,695,0,0,0.19935058505497957
aeeem_pde,static,logistic_regression,10,7,706,0,0,0.4929070552962697
aeeem_pde,static,logistic_regression,10,7,743,0,0,0.29351047199461927
aeeem_pde,static,logistic_regression,10,7,755,0,0,0.4167216716333599
aeeem_pde,static,logistic_regression,10,7,766,0,1,0.8678237912563727
aeeem_pde,static,logistic_regression,10,7,783,0,0,0.37463227242276737
aeeem_pde,static,logistic_regression,10,7,784,0,0,0.06149040756033585
aeeem_pde,static,logistic_regression,10,7,795,0,0,0.340319964264769
aeeem_pde,static,logistic_regression,10,7,821,1,0,0.39188111330421277
aeeem_pde,static,logistic_regression,10,7,823,0,0,0.12506586510550374
aeeem_pde,static,logistic_regression,10,7,825,0,0,0.16427780511441953
aeeem_pde,static,logistic_regression,10,7,845,0,0,0.445811069555524
aeeem_pde,static,logistic_regression,10,7,861,0,1,0.5129265326763215
aeeem_pde,static,logistic_regression,10,7,863,0,0,0.013512645648296882
aeeem_pde,static,logistic_regression,10,7,864,0,1,0.6203031175402165
aeeem_pde,static,logistic_regression,10,7,880,0,0,0.1266200925698336
aeeem_pde,static,logistic_regression,10,7,884,0,1,0.6261093689561961
aeeem_pde,static,logistic_regression,10,7,899,1,1,0.8036632354651263
aeeem_pde,static,logistic_regression,10,7,904,0,1,0.5350148651650859
aeeem_pde,static,logistic_regression,10,7,976,0,0,0.29296538011690254
aeeem_pde,static,logistic_regression,10,7,980,1,0,0.23551909897787204
aeeem_pde,static,logistic_regression,10,7,982,0,0,0.37992409700683255
aeeem_pde,static,logistic_regression,10,7,985,0,0,0.40638564215425116
aeeem_pde,static,logistic_regression,10,7,1020,0,0,0.4696841207289491
aeeem_pde,static,logistic_regression,10,7,1026,0,0,0.10310170829362818
aeeem_pde,static,logistic_regression,10,7,1037,0,0,0.48829760599687294
aeeem_pde,static,logistic_regression,10,7,1045,0,0,0.42322326031142987
aeeem_pde,static,logistic_regression,10,7,1046,0,0,0.2765766866409294
aeeem_pde,static,logistic_regression,10,7,1054,0,0,0.054076606957222606
aeeem_pde,static,logistic_regression,10,7,1055,0,0,0.36502685909198246
aeeem_pde,static,logistic_regression,10,7,1068,0,0,0.15167162164926526
aeeem_pde,static,logistic_regression,10,7,1069,0,0,0.34575568924503364
aeeem_pde,static,logistic_regression,10,7,1074,0,0,0.3087933496231062
aeeem_pde,static,logistic_regression,10,7,1086,0,0,0.03891055918210749
aeeem_pde,static,logistic_regression,10,7,1087,0,0,0.10497904130054378
aeeem_pde,static,logistic_regression,10,7,1106,0,0,0.11261574100489805
aeeem_pde,static,logistic_regression,10,7,1107,0,0,0.1170998609713634
aeeem_pde,static,logistic_regression,10,7,1112,0,0,0.30450482674250456
aeeem_pde,static,logistic_regression,10,7,1124,0,0,0.14589728840856467
aeeem_pde,static,logistic_regression,10,7,1125,0,0,0.39084401796368307
aeeem_pde,static,logistic_regression,10,7,1127,0,0,0.40731966809743525
aeeem_pde,static,logistic_regression,10,7,1133,0,0,0.1573195589334746
aeeem_pde,static,logistic_regression,10,7,1134,0,0,0.47548627846251834
aeeem_pde,static,logistic_regression,10,7,1144,0,0,0.12504332450050842
aeeem_pde,static,logistic_regression,10,7,1148,1,1,0.7568950690290837
aeeem_pde,static,logistic_regression,10,7,1149,0,0,0.22086989267771842
aeeem_pde,static,logistic_regression,10,7,1157,0,0,0.09782634889235392
aeeem_pde,static,logistic_regression,10,7,1169,0,0,0.3602404794277331
aeeem_pde,static,logistic_regression,10,7,1200,1,0,0.140838013180628
aeeem_pde,static,logistic_regression,10,7,1213,0,0,0.30325343316654035
aeeem_pde,static,logistic_regression,10,7,1231,0,1,0.5768068733866679
aeeem_pde,static,logistic_regression,10,7,1234,0,1,0.9973353258539287
aeeem_pde,static,logistic_regression,10,7,1236,0,0,0.18074261255072205
aeeem_pde,static,logistic_regression,10,7,1259,0,1,0.5684365011920076
aeeem_pde,static,logistic_regression,10,7,1261,0,0,0.41518946429109316
aeeem_pde,static,logistic_regression,10,7,1290,0,0,0.4275382032147605
aeeem_pde,static,logistic_regression,10,7,1298,0,0,0.2460542692674209
aeeem_pde,static,logistic_regression,10,7,1303,0,0,0.4059396124282415
aeeem_pde,static,logistic_regression,10,7,1326,0,0,0.0655914202884757
aeeem_pde,static,logistic_regression,10,7,1347,0,0,0.37907796300001473
aeeem_pde,static,logistic_regression,10,7,1348,0,0,0.00020430743746429296
aeeem_pde,static,logistic_regression,10,7,1352,0,0,0.39768380466818914
aeeem_pde,static,logistic_regression,10,7,1353,0,0,0.2404643538938925
aeeem_pde,static,logistic_regression,10,7,1365,0,0,0.22644264586148566
aeeem_pde,static,logistic_regression,10,7,1372,0,0,0.12609106476477125
aeeem_pde,static,logistic_regression,10,7,1406,0,0,0.34434083898677026
aeeem_pde,static,logistic_regression,10,7,1408,0,0,0.13100073748782443
aeeem_pde,static,logistic_regression,10,7,1415,0,0,0.4486158936517983
aeeem_pde,static,logistic_regression,10,7,1431,0,0,0.40460917982838734
aeeem_pde,static,logistic_regression,10,7,1436,0,0,0.2386390710908854
aeeem_pde,static,logistic_regression,10,7,1438,0,0,0.4383111621492403
aeeem_pde,static,logistic_regression,10,7,1441,1,0,0.32807542506020276
aeeem_pde,static,logistic_regression,10,7,1449,0,0,0.37670278417684405
aeeem_pde,static,logistic_regression,10,7,1455,0,0,0.03821708106635769
aeeem_pde,static,logistic_regression,10,7,1465,1,1,0.672998210931597
aeeem_pde,static,logistic_regression,10,7,1467,0,1,0.8250743764863334
aeeem_pde,static,logistic_regression,10,7,1473,1,0,0.1694039812019213
aeeem_pde,static,logistic_regression,10,7,1479,0,1,0.6285389331115088
aeeem_pde,static,logistic_regression,10,7,1485,0,0,0.46370492451577905
aeeem_pde,static,logistic_regression,10,7,1495,0,0,0.013512645648296882
aeeem_pde,static,logistic_regression,10,8,17,1,1,0.6468289791181494
aeeem_pde,static,logistic_regression,10,8,21,0,1,0.7236068170388521
aeeem_pde,static,logistic_regression,10,8,30,0,0,0.3829220836471944
aeeem_pde,static,logistic_regression,10,8,35,1,1,0.9486029496613416
aeeem_pde,static,logistic_regression,10,8,41,0,0,0.18932845718290695
aeeem_pde,static,logistic_regression,10,8,44,0,1,0.6837861439891297
aeeem_pde,static,logistic_regression,10,8,51,0,0,0.49014371701224696
aeeem_pde,static,logistic_regression,10,8,56,0,0,0.34345838519516375
aeeem_pde,static,logistic_regression,10,8,58,0,0,0.28197019287497205
aeeem_pde,static,logistic_regression,10,8,69,0,0,0.40212343000211614
aeeem_pde,static,logistic_regression,10,8,76,0,0,0.14323539725314324
aeeem_pde,static,logistic_regression,10,8,102,0,1,0.711100455317607
aeeem_pde,static,logistic_regression,10,8,119,0,0,0.49697564264121336
aeeem_pde,static,logistic_regression,10,8,123,0,1,0.5654597897114265
aeeem_pde,static,logistic_regression,10,8,135,0,0,0.11691094696302182
aeeem_pde,static,logistic_regression,10,8,140,0,0,0.38820307392770126
aeeem_pde,static,logistic_regression,10,8,144,1,1,0.9971443432927324
aeeem_pde,static,logistic_regression,10,8,189,0,0,0.46058904250413985
aeeem_pde,static,logistic_regression,10,8,192,0,0,0.3864763318922248
aeeem_pde,static,logistic_regression,10,8,199,0,1,0.5403523896218755
aeeem_pde,static,logistic_regression,10,8,211,0,0,0.36257445775744496
aeeem_pde,static,logistic_regression,10,8,231,0,0,0.4344861362210828
aeeem_pde,static,logistic_regression,10,8,256,0,0,0.391518459196227
aeeem_pde,static,logistic_regression,10,8,257,0,0,0.46469183908271744
aeeem_pde,static,logistic_regression,10,8,258,0,1,0.503602884927144
aeeem_pde,static,logistic_regression,10,8,271,0,0,0.3881517717654919
aeeem_pde,static,logistic_regression,10,8,302,1,1,0.6482281519835015
aeeem_pde,static,logistic_regression,10,8,306,1,0,0.3748685433051487
aeeem_pde,static,logistic_regression,10,8,323,0,1,0.7934549404551472
aeeem_pde,static,logistic_regression,10,8,339,0,0,0.2724739792013336
aeeem_pde,static,logistic_regression,10,8,350,0,1,0.6254273770738883
aeeem_pde,static,logistic_regression,10,8,352,0,0,0.24712797994859856
aeeem_pde,static,logistic_regression,10,8,354,0,0,0.4148039198594242
aeeem_pde,static,logistic_regression,10,8,365,0,1,0.7613624439387362
aeeem_pde,static,logistic_regression,10,8,378,0,0,0.18866210592159882
aeeem_pde,static,logistic_regression,10,8,388,1,0,0.26790011003082626
aeeem_pde,static,logistic_regression,10,8,390,0,0,0.2886118117240255
aeeem_pde,static,logistic_regression,10,8,391,0,0,0.2193824644866779
aeeem_pde,static,logistic_regression,10,8,399,0,1,0.618931127394421
aeeem_pde,static,logistic_regression,10,8,411,1,1,0.9804964684696834
aeeem_pde,static,logistic_regression,10,8,412,1,0,0.4002438047824612
aeeem_pde,static,logistic_regression,10,8,420,0,0,0.10504877886092504
aeeem_pde,static,logistic_regression,10,8,429,0,0,0.36158491799875286
aeeem_pde,static,logistic_regression,10,8,437,0,0,0.4507377586608034
aeeem_pde,static,logistic_regression,10,8,459,0,0,0.40409330388940917
aeeem_pde,static,logistic_regression,10,8,470,1,1,0.696129774337762
aeeem_pde,static,logistic_regression,10,8,481,0,0,0.2492018240519441
aeeem_pde,static,logistic_regression,10,8,504,0,0,0.15007535729470514
aeeem_pde,static,logistic_regression,10,8,506,0,0,0.42850261611486284
aeeem_pde,static,logistic_regression,10,8,515,1,0,0.12456696084181129
aeeem_pde,static,logistic_regression,10,8,516,0,0,0.25405159488723683
aeeem_pde,static,logistic_regression,10,8,530,0,1,0.5424185100939926
aeeem_pde,static,logistic_regression,10,8,533,0,0,0.07310166373204577
aeeem_pde,static,logistic_regression,10,8,535,0,0,0.4587004767468319
aeeem_pde,static,logistic_regression,10,8,539,0,0,0.27081845879791394
aeeem_pde,static,logistic_regression,10,8,542,0,1,0.546791963562089
aeeem_pde,static,logistic_regression,10,8,557,0,0,0.4820452984851561
aeeem_pde,static,logistic_regression,10,8,568,0,0,0.3253082438924956
aeeem_pde,static,logistic_regression,10,8,571,0,0,0.08305856128994572
aeeem_pde,static,logistic_regression,10,8,584,0,0,0.4344369697149118
aeeem_pde,static,logistic_regression,10,8,592,0,0,0.25255860547459125
aeeem_pde,static,logistic_regression,10,8,593,0,1,0.5220755666737065
aeeem_pde,static,logistic_regression,10,8,603,0,0,0.1518189221086933
aeeem_pde,static,logistic_regression,10,8,623,0,0,0.4763889240322907
aeeem_pde,static,logistic_regression,10,8,628,0,1,0.6671355231567715
aeeem_pde,static,logistic_regression,10,8,633,1,0,0.01813492923013103
aeeem_pde,static,logistic_regression,10,8,639,0,0,0.45051744681257483
aeeem_pde,static,logistic_regression,10,8,648,0,0,0.3795992916335766
aeeem_pde,static,logistic_regression,10,8,652,0,0,0.3648998440218423
aeeem_pde,static,logistic_regression,10,8,654,0,1,0.9487466312913795
aeeem_pde,static,logistic_regression,10,8,665,0,0,0.16473530415006304
aeeem_pde,static,logistic_regression,10,8,671,0,1,0.6385227917559916
aeeem_pde,static,logistic_regression,10,8,683,0,0,0.401756602189835
aeeem_pde,static,logistic_regression,10,8,696,0,0,0.16241935229171536
aeeem_pde,static,logistic_regression,10,8,714,0,0,0.11101846509501526
aeeem_pde,static,logistic_regression,10,8,719,0,0,0.39308548340925015
aeeem_pde,static,logistic_regression,10,8,739,0,1,0.7779457650051746
aeeem_pde,static,logistic_regression,10,8,744,0,0,0.24836215677421208
aeeem_pde,static,logistic_regression,10,8,746,0,1,0.6847707229363097
aeeem_pde,static,logistic_regression,10,8,747,1,1,0.5271377718694655
aeeem_pde,static,logistic_regression,10,8,750,0,0,0.22866710199936313
aeeem_pde,static,logistic_regression,10,8,753,0,0,0.37042119645698884
aeeem_pde,static,logistic_regression,10,8,765,0,0,0.17191444024098684
aeeem_pde,static,logistic_regression,10,8,769,0,0,0.16111452595680195
aeeem_pde,static,logistic_regression,10,8,771,0,0,0.13735007772509625
aeeem_pde,static,logistic_regression,10,8,831,0,0,0.16671567673582915
aeeem_pde,static,logistic_regression,10,8,852,0,1,0.865928139984542
aeeem_pde,static,logistic_regression,10,8,868,0,0,0.37430485758231774
aeeem_pde,static,logistic_regression,10,8,871,0,0,0.4251782870738241
aeeem_pde,static,logistic_regression,10,8,885,0,0,0.4836857923022437
aeeem_pde,static,logistic_regression,10,8,900,0,0,0.4519997867249231
aeeem_pde,static,logistic_regression,10,8,901,0,1,0.7411258919406558
aeeem_pde,static,logistic_regression,10,8,902,0,0,0.25544117102498337
aeeem_pde,static,logistic_regression,10,8,907,0,0,0.2147794528785289
aeeem_pde,static,logistic_regression,10,8,922,0,1,0.5740631887922251
aeeem_pde,static,logistic_regression,10,8,930,0,0,0.37561348511326814
aeeem_pde,static,logistic_regression,10,8,938,0,0,0.2624615416770345
aeeem_pde,static,logistic_regression,10,8,942,0,1,0.8563267564882909
aeeem_pde,static,logistic_regression,10,8,951,0,0,0.05374599913969367
aeeem_pde,static,logistic_regression,10,8,967,0,0,0.3830595826741099
aeeem_pde,static,logistic_regression,10,8,975,0,1,0.5085386039765332
aeeem_pde,static,logistic_regression,10,8,986,1,1,0.6841125038050239
aeeem_pde,static,logistic_regression,10,8,999,0,0,0.3128563512437289
aeeem_pde,static,logistic_regression,10,8,1006,0,0,0.4689280310865952
aeeem_pde,static,logistic_regression,10,8,1013,0,0,0.25575956802511324
aeeem_pde,static,logistic_regression,10,8,1041,0,1,0.7924928590120756
aeeem_pde,static,logistic_regression,10,8,1043,0,0,0.025576483976175023
aeeem_pde,static,logistic_regression,10,8,1070,0,0,0.13259993223872077
aeeem_pde,static,logistic_regression,10,8,1092,0,0,0.26858808401323053
aeeem_pde,static,logistic_regression,10,8,1096,1,1,0.6105373030291761
aeeem_pde,static,logistic_regression,10,8,1104,0,1,0.5157386391975302
aeeem_pde,static,logistic_regression,10,8,1131,0,0,0.2984895907956202
aeeem_pde,static,logistic_regression,10,8,1150,0,0,0.29589211640332996
aeeem_pde,static,logistic_regression,10,8,1155,0,0,0.4126460339916685
aeeem_pde,static,logistic_regression,10,8,1158,0,0,0.17013830703743868
aeeem_pde,static,logistic_regression,10,8,1168,0,1,0.6159974454514382
aeeem_pde,static,logistic_regression,10,8,1175,0,0,0.022835463041499835
aeeem_pde,static,logistic_regression,10,8,1177,0,0,0.36363385930657166
aeeem_pde,static,logistic_regression,10,8,1179,0,0,0.27825527440285347
aeeem_pde,static,logistic_regression,10,8,1183,0,1,0.6471609629589014
aeeem_pde,static,logistic_regression,10,8,1205,0,0,0.17738115086983058
aeeem_pde,static,logistic_regression,10,8,1208,0,0,0.20974642008854744
aeeem_pde,static,logistic_regression,10,8,1233,0,0,0.4437526679463911
aeeem_pde,static,logistic_regression,10,8,1237,0,0,0.18676674111557862
aeeem_pde,static,logistic_regression,10,8,1238,1,1,0.547731697237942
aeeem_pde,static,logistic_regression,10,8,1255,0,0,0.17533514681150697
aeeem_pde,static,logistic_regression,10,8,1274,0,0,0.32459867743634657
aeeem_pde,static,logistic_regression,10,8,1276,1,0,0.4855963862900702
aeeem_pde,static,logistic_regression,10,8,1280,0,0,0.47413901494216115
aeeem_pde,static,logistic_regression,10,8,1288,0,0,0.14100301492096662
aeeem_pde,static,logistic_regression,10,8,1291,1,1,0.5305706652196394
aeeem_pde,static,logistic_regression,10,8,1312,0,0,0.3722426099948969
aeeem_pde,static,logistic_regression,10,8,1321,0,0,0.1858644389512491
aeeem_pde,static,logistic_regression,10,8,1328,0,0,0.30862320920174996
aeeem_pde,static,logistic_regression,10,8,1343,0,1,0.522163108339318
aeeem_pde,static,logistic_regression,10,8,1345,1,0,0.4518777712388598
aeeem_pde,static,logistic_regression,10,8,1357,0,0,0.34332596755633693
aeeem_pde,static,logistic_regression,10,8,1361,0,1,0.5248319142941545
aeeem_pde,static,logistic_regression,10,8,1371,0,0,0.35637684391947516
aeeem_pde,static,logistic_regression,10,8,1377,0,0,0.25851438108619745
aeeem_pde,static,logistic_regression,10,8,1386,1,0,0.47392613981590964
aeeem_pde,static,logistic_regression,10,8,1413,0,0,0.45528706457463397
aeeem_pde,static,logistic_regression,10,8,1417,0,1,0.6117456790195196
aeeem_pde,static,logistic_regression,10,8,1426,0,0,0.1105659887188997
aeeem_pde,static,logistic_regression,10,8,1427,0,0,0.36158491799875286
aeeem_pde,static,logistic_regression,10,8,1452,1,1,0.9930865418454196
aeeem_pde,static,logistic_regression,10,8,1459,0,0,0.3890222991534436
aeeem_pde,static,logistic_regression,10,8,1461,0,0,0.3400027442028666
aeeem_pde,static,logistic_regression,10,8,1476,0,0,0.0224707927169649
aeeem_pde,static,logistic_regression,10,9,0,0,0,0.21448298669244212
aeeem_pde,static,logistic_regression,10,9,8,0,0,0.1452582477396451
aeeem_pde,static,logistic_regression,10,9,16,0,1,0.6010654529305895
aeeem_pde,static,logistic_regression,10,9,26,1,0,0.05048952236790491
aeeem_pde,static,logistic_regression,10,9,29,0,0,0.4056444412878351
aeeem_pde,static,logistic_regression,10,9,32,0,0,0.01217123632537612
aeeem_pde,static,logistic_regression,10,9,34,0,0,0.36014654880629254
aeeem_pde,static,logistic_regression,10,9,40,0,0,0.0750088020736749
aeeem_pde,static,logistic_regression,10,9,49,0,0,0.299353490343285
aeeem_pde,static,logistic_regression,10,9,82,0,0,0.39145100265060845
aeeem_pde,static,logistic_regression,10,9,96,0,0,0.01687522829684427
aeeem_pde,static,logistic_regression,10,9,108,0,0,0.3688178157339634
aeeem_pde,static,logistic_regression,10,9,124,0,1,0.5139917843541737
aeeem_pde,static,logistic_regression,10,9,141,0,0,0.3610094758017148
aeeem_pde,static,logistic_regression,10,9,149,0,1,0.5586276614474931
aeeem_pde,static,logistic_regression,10,9,159,0,0,0.09286797344771441
aeeem_pde,static,logistic_regression,10,9,164,0,1,0.7978119079875239
aeeem_pde,static,logistic_regression,10,9,174,0,0,0.056024516944056746
aeeem_pde,static,logistic_regression,10,9,179,1,1,0.9821339641674118
aeeem_pde,static,logistic_regression,10,9,181,0,0,0.38029734912940516
aeeem_pde,static,logistic_regression,10,9,196,1,1,0.5365949500698407
aeeem_pde,static,logistic_regression,10,9,200,0,0,0.41287127089334835
aeeem_pde,static,logistic_regression,10,9,201,1,1,0.984300678481302
aeeem_pde,static,logistic_regression,10,9,222,0,0,0.2516141693454083
aeeem_pde,static,logistic_regression,10,9,225,0,0,0.46161408201040816
aeeem_pde,static,logistic_regression,10,9,235,0,1,0.8766395765759891
aeeem_pde,static,logistic_regression,10,9,248,0,0,0.21865657706277083
aeeem_pde,static,logistic_regression,10,9,250,0,0,0.33453619938892404
aeeem_pde,static,logistic_regression,10,9,254,1,0,0.38674774363390935
aeeem_pde,static,logistic_regression,10,9,290,0,0,0.4014620016860848
aeeem_pde,static,logistic_regression,10,9,296,0,0,0.22862510516158063
aeeem_pde,static,logistic_regression,10,9,304,0,0,0.16624571912527125
aeeem_pde,static,logistic_regression,10,9,307,1,0,0.37646413538271595
aeeem_pde,static,logistic_regression,10,9,315,0,0,0.41977691369037357
aeeem_pde,static,logistic_regression,10,9,328,1,0,0.26029371709382676
aeeem_pde,static,logistic_regression,10,9,332,0,0,0.3900139698631971
aeeem_pde,static,logistic_regression,10,9,336,1,0,0.24658874340728779
aeeem_pde,static,logistic_regression,10,9,345,0,0,0.4621987132952206
aeeem_pde,static,logistic_regression,10,9,347,0,0,0.138111863983487
aeeem_pde,static,logistic_regression,10,9,353,0,0,0.00013500076973571316
aeeem_pde,static,logistic_regression,10,9,380,0,0,0.4264450851221114
aeeem_pde,static,logistic_regression,10,9,385,0,0,0.31194026058000557
aeeem_pde,static,logistic_regression,10,9,410,0,0,0.32365518464127796
aeeem_pde,static,logistic_regression,10,9,417,1,1,0.7091773365315791
aeeem_pde,static,logistic_regression,10,9,418,0,0,0.41887364492910173
aeeem_pde,static,logistic_regression,10,9,442,0,0,0.3930161406680202
aeeem_pde,static,logistic_regression,10,9,458,0,0,0.20414166770987976
aeeem_pde,static,logistic_regression,10,9,465,0,0,1.1115357737132117e-07
aeeem_pde,static,logistic_regression,10,9,469,0,1,0.6733192942486033
aeeem_pde,static,logistic_regression,10,9,473,0,0,0.41927432587487035
aeeem_pde,static,logistic_regression,10,9,479,0,1,0.6933300383573158
aeeem_pde,static,logistic_regression,10,9,486,1,1,0.7989833434720486
aeeem_pde,static,logistic_regression,10,9,496,0,0,0.2770947155472316
aeeem_pde,static,logistic_regression,10,9,509,0,1,0.5257194947665911
aeeem_pde,static,logistic_regression,10,9,511,0,1,0.6295542668330316
aeeem_pde,static,logistic_regression,10,9,527,0,1,0.9899474640946951
aeeem_pde,static,logistic_regression,10,9,532,1,0,0.4702522387309879
aeeem_pde,static,logistic_regression,10,9,540,0,0,0.20674027956702495
aeeem_pde,static,logistic_regression,10,9,553,0,0,0.315559795371792
aeeem_pde,static,logistic_regression,10,9,560,0,0,0.1998403293113476
aeeem_pde,static,logistic_regression,10,9,565,0,0,0.3700344864254883
aeeem_pde,static,logistic_regression,10,9,569,0,0,0.38502487790851786
aeeem_pde,static,logistic_regression,10,9,597,0,1,0.590703410346785
aeeem_pde,static,logistic_regression,10,9,601,1,1,0.7373597980149406
aeeem_pde,static,logistic_regression,10,9,604,0,0,0.1528631023482977
aeeem_pde,static,logistic_regression,10,9,607,0,0,0.37299720161125116
aeeem_pde,static,logistic_regression,10,9,610,0,0,0.4572522134852579
aeeem_pde,static,logistic_regression,10,9,625,0,0,0.2305410164640046
aeeem_pde,static,logistic_regression,10,9,662,0,0,0.30281342115368487
aeeem_pde,static,logistic_regression,10,9,666,0,0,0.4023715842173477
aeeem_pde,static,logistic_regression,10,9,669,0,0,0.19159212304000275
aeeem_pde,static,logistic_regression,10,9,693,0,0,0.43840376469043785
aeeem_pde,static,logistic_regression,10,9,698,0,0,0.40943665363954684
aeeem_pde,static,logistic_regression,10,9,699,0,0,0.08742738953514684
aeeem_pde,static,logistic_regression,10,9,723,0,1,0.7989045221018533
aeeem_pde,static,logistic_regression,10,9,749,0,0,0.4655525017129013
aeeem_pde,static,logistic_regression,10,9,761,0,0,0.39411989926936636
aeeem_pde,static,logistic_regression,10,9,782,0,1,0.8314262758838047
aeeem_pde,static,logistic_regression,10,9,806,0,0,0.4697625657814842
aeeem_pde,static,logistic_regression,10,9,830,0,0,0.3448435350192748
aeeem_pde,static,logistic_regression,10,9,834,0,0,0.47307932459478225
aeeem_pde,static,logistic_regression,10,9,846,0,0,0.07632366428756726
aeeem_pde,static,logistic_regression,10,9,855,0,0,0.4678415959909297
aeeem_pde,static,logistic_regression,10,9,865,0,0,0.2853563532245226
aeeem_pde,static,logistic_regression,10,9,869,0,1,0.7242844574139419
aeeem_pde,static,logistic_regression,10,9,876,0,1,0.8985592754223429
aeeem_pde,static,logistic_regression,10,9,886,0,0,0.17164485082789868
aeeem_pde,static,logistic_regression,10,9,936,0,1,0.5557127417596852
aeeem_pde,static,logistic_regression,10,9,960,0,1,0.7851175828569905
aeeem_pde,static,logistic_regression,10,9,965,0,1,0.8219422989192486
aeeem_pde,static,logistic_regression,10,9,974,0,0,0.22439656477127554
aeeem_pde,static,logistic_regression,10,9,977,1,0,0.18960744168127217
aeeem_pde,static,logistic_regression,10,9,993,0,0,0.02495442969819613
aeeem_pde,static,logistic_regression,10,9,996,0,0,0.060579678470606385
aeeem_pde,static,logistic_regression,10,9,1002,0,0,0.14978883403503682
aeeem_pde,static,logistic_regression,10,9,1003,0,0,0.1488262040013518
aeeem_pde,static,logistic_regression,10,9,1016,1,1,0.7209656509788835
aeeem_pde,static,logistic_regression,10,9,1018,0,0,0.3083297757186084
aeeem_pde,static,logistic_regression,10,9,1035,0,1,0.5699519242535696
aeeem_pde,static,logistic_regression,10,9,1042,0,0,0.016325154802448484
aeeem_pde,static,logistic_regression,10,9,1049,1,1,0.6577900943201126
aeeem_pde,static,logistic_regression,10,9,1051,0,1,0.6107842652796195
aeeem_pde,static,logistic_regression,10,9,1058,0,0,0.34698345778653883
aeeem_pde,static,logistic_regression,10,9,1064,1,1,0.5621737846301045
aeeem_pde,static,logistic_regression,10,9,1073,0,0,0.09274738718692906
aeeem_pde,static,logistic_regression,10,9,1085,0,0,0.45546398862634063
aeeem_pde,static,logistic_regression,10,9,1098,0,0,0.43745351337543326
aeeem_pde,static,logistic_regression,10,9,1137,0,0,0.36943548933438725
aeeem_pde,static,logistic_regression,10,9,1138,0,0,0.20878514170304166
aeeem_pde,static,logistic_regression,10,9,1146,0,0,0.01546781648033602
aeeem_pde,static,logistic_regression,10,9,1164,0,0,0.018043422114428855
aeeem_pde,static,logistic_regression,10,9,1174,0,1,0.5581294212129878
aeeem_pde,static,logistic_regression,10,9,1178,1,1,0.5243048757250635
aeeem_pde,static,logistic_regression,10,9,1190,0,0,0.38415195728028106
aeeem_pde,static,logistic_regression,10,9,1191,0,0,0.1477312388785629
aeeem_pde,static,logistic_regression,10,9,1202,0,0,0.40125302750836805
aeeem_pde,static,logistic_regression,10,9,1204,1,1,0.7411570650168396
aeeem_pde,static,logistic_regression,10,9,1222,0,0,0.20911440257398442
aeeem_pde,static,logistic_regression,10,9,1224,0,1,0.5399189693015884
aeeem_pde,static,logistic_regression,10,9,1228,0,1,0.5467074300327146
aeeem_pde,static,logistic_regression,10,9,1229,0,0,0.1998403293113476
aeeem_pde,static,logistic_regression,10,9,1235,0,0,0.38281581253782226
aeeem_pde,static,logistic_regression,10,9,1244,0,0,0.2619874560273875
aeeem_pde,static,logistic_regression,10,9,1247,0,0,0.2395903372810732
aeeem_pde,static,logistic_regression,10,9,1256,0,1,0.5290209396864715
aeeem_pde,static,logistic_regression,10,9,1260,0,0,0.05200575700173099
aeeem_pde,static,logistic_regression,10,9,1265,0,0,0.32082218340941915
aeeem_pde,static,logistic_regression,10,9,1333,0,0,0.39535028858497767
aeeem_pde,static,logistic_regression,10,9,1336,0,0,0.4981075799818996
aeeem_pde,static,logistic_regression,10,9,1349,0,0,0.35057923272074254
aeeem_pde,static,logistic_regression,10,9,1358,1,1,0.5192371774395267
aeeem_pde,static,logistic_regression,10,9,1369,0,0,0.37983033758810947
aeeem_pde,static,logistic_regression,10,9,1370,0,0,0.05509638358646212
aeeem_pde,static,logistic_regression,10,9,1375,0,1,0.7156118847975139
aeeem_pde,static,logistic_regression,10,9,1387,0,0,0.21408117959556255
aeeem_pde,static,logistic_regression,10,9,1391,0,1,0.5610322397259835
aeeem_pde,static,logistic_regression,10,9,1396,0,1,0.5416347369466562
aeeem_pde,static,logistic_regression,10,9,1399,1,0,0.11579764035019552
aeeem_pde,static,logistic_regression,10,9,1407,0,0,0.24072563281120912
aeeem_pde,static,logistic_regression,10,9,1424,0,0,0.031169778659062876
aeeem_pde,static,logistic_regression,10,9,1428,0,0,0.21217639308403424
aeeem_pde,static,logistic_regression,10,9,1454,0,0,0.4451018041073493
aeeem_pde,static,logistic_regression,10,9,1464,0,0,0.3370629635597288
aeeem_pde,static,logistic_regression,10,9,1471,1,0,0.15218413670005135
aeeem_pde,static,logistic_regression,10,9,1486,0,0,0.3601429763249007
aeeem_pde,static,logistic_regression,10,9,1492,0,0,0.16694917156379033
aeeem_pde,static,logistic_regression,10,9,1493,0,0,0.44534292937817826
aeeem_pde,static,logistic_regression,10,9,1494,0,0,0.38734894820571153
aeeem_pde,static,logistic_regression,10,9,1496,0,0,0.33874870567920423
aeeem_pde,static,logistic_regression,10,10,1,0,0,0.3919940064855139
aeeem_pde,static,logistic_regression,10,10,10,1,0,0.05396247780189588
aeeem_pde,static,logistic_regression,10,10,24,1,0,0.4236699765315329
aeeem_pde,static,logistic_regression,10,10,31,0,1,0.8198852849940264
aeeem_pde,static,logistic_regression,10,10,33,0,0,0.40174418782080146
aeeem_pde,static,logistic_regression,10,10,52,0,1,0.5126386814802485
aeeem_pde,static,logistic_regression,10,10,62,0,0,0.2518756873251889
aeeem_pde,static,logistic_regression,10,10,90,0,0,0.43042211662975605
aeeem_pde,static,logistic_regression,10,10,100,1,1,0.7580204500501571
aeeem_pde,static,logistic_regression,10,10,111,0,0,0.2879160013164817
aeeem_pde,static,logistic_regression,10,10,132,0,0,0.0375046349191712
aeeem_pde,static,logistic_regression,10,10,148,0,0,0.3651894618347844
aeeem_pde,static,logistic_regression,10,10,151,0,0,0.11658957810089413
aeeem_pde,static,logistic_regression,10,10,172,1,1,0.9633790598051049
aeeem_pde,static,logistic_regression,10,10,176,1,1,0.9993536667635421
aeeem_pde,static,logistic_regression,10,10,191,0,0,0.3866153653195702
aeeem_pde,static,logistic_regression,10,10,194,0,1,0.5232299786368441
aeeem_pde,static,logistic_regression,10,10,202,0,0,0.3485961153240576
aeeem_pde,static,logistic_regression,10,10,203,0,0,0.08911914237716506
aeeem_pde,static,logistic_regression,10,10,204,0,0,0.037378112256878836
aeeem_pde,static,logistic_regression,10,10,205,0,1,0.5936115532553
aeeem_pde,static,logistic_regression,10,10,217,0,1,0.8173382856134818
aeeem_pde,static,logistic_regression,10,10,218,0,0,0.21769729521937298
aeeem_pde,static,logistic_regression,10,10,224,0,0,0.19760009163804082
aeeem_pde,static,logistic_regression,10,10,243,0,0,0.156705694852408
aeeem_pde,static,logistic_regression,10,10,244,0,0,0.2405493905317927
aeeem_pde,static,logistic_regression,10,10,246,0,0,0.48919171942598805
aeeem_pde,static,logistic_regression,10,10,274,0,0,0.4948565865814979
aeeem_pde,static,logistic_regression,10,10,295,0,1,0.5590501175936111
aeeem_pde,static,logistic_regression,10,10,299,1,1,0.5375036797046824
aeeem_pde,static,logistic_regression,10,10,321,0,0,0.1810277646376225
aeeem_pde,static,logistic_regression,10,10,324,0,0,0.4923091651148323
aeeem_pde,static,logistic_regression,10,10,375,0,0,0.10708818373105816
aeeem_pde,static,logistic_regression,10,10,381,0,0,0.45783863921143236
aeeem_pde,static,logistic_regression,10,10,389,0,0,0.40368549892288197
aeeem_pde,static,logistic_regression,10,10,392,0,1,0.5260644764232232
aeeem_pde,static,logistic_regression,10,10,398,0,0,0.007796657268052583
aeeem_pde,static,logistic_regression,10,10,426,0,0,0.19100517553619356
aeeem_pde,static,logistic_regression,10,10,439,0,0,0.2720968847528751
aeeem_pde,static,logistic_regression,10,10,446,1,1,0.596457126414168
aeeem_pde,static,logistic_regression,10,10,453,1,1,0.5212636957098646
aeeem_pde,static,logistic_regression,10,10,467,1,0,0.18725888448420105
aeeem_pde,static,logistic_regression,10,10,472,0,0,0.171279639377168
aeeem_pde,static,logistic_regression,10,10,474,0,0,0.16773670044164804
aeeem_pde,static,logistic_regression,10,10,480,0,0,0.3774477577920635
aeeem_pde,static,logistic_regression,10,10,488,0,0,0.02857077859749567
aeeem_pde,static,logistic_regression,10,10,523,0,0,0.12450189488347134
aeeem_pde,static,logistic_regression,10,10,528,0,0,0.4604555551184788
aeeem_pde,static,logistic_regression,10,10,531,0,0,0.27437418557268733
aeeem_pde,static,logistic_regression,10,10,537,0,0,0.47471341976735953
aeeem_pde,static,logistic_regression,10,10,538,0,0,0.37910331836552436
aeeem_pde,static,logistic_regression,10,10,546,0,0,0.445329328067878
aeeem_pde,static,logistic_regression,10,10,559,1,1,0.6502327531271839
aeeem_pde,static,logistic_regression,10,10,561,0,0,0.46867445467516033
aeeem_pde,static,logistic_regression,10,10,564,0,0,0.295452606466287
aeeem_pde,static,logistic_regression,10,10,573,0,1,0.5737338291005363
aeeem_pde,static,logistic_regression,10,10,657,0,0,0.4259501021192915
aeeem_pde,static,logistic_regression,10,10,659,0,0,0.3571066298676415
aeeem_pde,static,logistic_regression,10,10,668,0,0,0.20444045086558021
aeeem_pde,static,logistic_regression,10,10,711,0,0,0.38819267330303064
aeeem_pde,static,logistic_regression,10,10,716,0,1,0.7108751787247642
aeeem_pde,static,logistic_regression,10,10,726,0,0,0.43246204984679026
aeeem_pde,static,logistic_regression,10,10,730,0,0,0.45765159406720185
aeeem_pde,static,logistic_regression,10,10,733,0,0,0.41966960702513356
aeeem_pde,static,logistic_regression,10,10,734,0,0,0.028461635654493438
aeeem_pde,static,logistic_regression,10,10,736,0,0,0.24318402636392952
aeeem_pde,static,logistic_regression,10,10,738,0,0,0.35866148427584377
aeeem_pde,static,logistic_regression,10,10,751,0,0,0.3804826599520672
aeeem_pde,static,logistic_regression,10,10,756,0,1,0.7284016042868416
aeeem_pde,static,logistic_regression,10,10,773,0,0,0.36039785855604367
aeeem_pde,static,logistic_regression,10,10,775,0,0,0.31991427559218333
aeeem_pde,static,logistic_regression,10,10,780,0,0,0.3886222109888375
aeeem_pde,static,logistic_regression,10,10,785,0,1,0.5874364202185927
aeeem_pde,static,logistic_regression,10,10,790,0,0,0.39691211300698076
aeeem_pde,static,logistic_regression,10,10,793,0,0,0.17863183982068095
aeeem_pde,static,logistic_regression,10,10,803,0,0,0.19599150150757613
aeeem_pde,static,logistic_regression,10,10,805,0,1,0.8079221101253266
aeeem_pde,static,logistic_regression,10,10,813,0,1,0.6160736586477962
aeeem_pde,static,logistic_regression,10,10,838,1,0,0.3173449076413602
aeeem_pde,static,logistic_regression,10,10,844,0,0,0.4514889341272862
aeeem_pde,static,logistic_regression,10,10,856,0,0,0.412680192493199
aeeem_pde,static,logistic_regression,10,10,883,0,0,0.17150454909064744
aeeem_pde,static,logistic_regression,10,10,890,0,1,0.6812243419626456
aeeem_pde,static,logistic_regression,10,10,893,0,1,0.5485569417495856
aeeem_pde,static,logistic_regression,10,10,906,1,1,0.6490493867407193
aeeem_pde,static,logistic_regression,10,10,915,0,0,0.2762541156825636
aeeem_pde,static,logistic_regression,10,10,921,0,1,0.607574871584152
aeeem_pde,static,logistic_regression,10,10,924,0,1,0.6180731524046691
aeeem_pde,static,logistic_regression,10,10,932,0,0,0.08717639115008963
aeeem_pde,static,logistic_regression,10,10,933,0,0,3.244425589409413e-05
aeeem_pde,static,logistic_regression,10,10,939,0,1,0.6789286079586795
aeeem_pde,static,logistic_regression,10,10,955,0,0,0.15521997642160948
aeeem_pde,static,logistic_regression,10,10,959,1,1,0.579302844678035
aeeem_pde,static,logistic_regression,10,10,961,0,0,0.06723329281455727
aeeem_pde,static,logistic_regression,10,10,963,0,1,0.51935715661185
aeeem_pde,static,logistic_regression,10,10,973,1,1,0.5539506150638348
aeeem_pde,static,logistic_regression,10,10,994,0,0,0.4253810624751909
aeeem_pde,static,logistic_regression,10,10,1008,0,1,0.9057547523910574
aeeem_pde,static,logistic_regression,10,10,1019,0,0,0.028266834817185053
aeeem_pde,static,logistic_regression,10,10,1029,0,0,0.22994653432850393
aeeem_pde,static,logistic_regression,10,10,1083,0,0,0.03866567596976734
aeeem_pde,static,logistic_regression,10,10,1088,0,0,0.3751726354975122
aeeem_pde,static,logistic_regression,10,10,1109,0,0,0.4809340498843342
aeeem_pde,static,logistic_regression,10,10,1119,0,1,0.7246685916879343
aeeem_pde,static,logistic_regression,10,10,1128,0,0,0.028266834817185053
aeeem_pde,static,logistic_regression,10,10,1132,1,1,0.6753465061906262
aeeem_pde,static,logistic_regression,10,10,1145,0,0,0.17009006590057793
aeeem_pde,static,logistic_regression,10,10,1147,0,0,0.398903383035503
aeeem_pde,static,logistic_regression,10,10,1151,0,1,0.6232412719632867
aeeem_pde,static,logistic_regression,10,10,1161,0,0,0.1920097112978218
aeeem_pde,static,logistic_regression,10,10,1163,0,0,0.35857922644052004
aeeem_pde,static,logistic_regression,10,10,1166,0,0,0.4339021363902429
aeeem_pde,static,logistic_regression,10,10,1180,0,1,0.6797044273797105
aeeem_pde,static,logistic_regression,10,10,1184,0,0,0.3826692699642708
aeeem_pde,static,logistic_regression,10,10,1206,0,1,0.7415621989098329
aeeem_pde,static,logistic_regression,10,10,1209,0,0,0.39614649459699175
aeeem_pde,static,logistic_regression,10,10,1211,1,0,0.45495048996748755
aeeem_pde,static,logistic_regression,10,10,1218,0,0,0.39888758730009416
aeeem_pde,static,logistic_regression,10,10,1225,0,0,0.18502353962730925
aeeem_pde,static,logistic_regression,10,10,1230,0,0,0.31096176603236836
aeeem_pde,static,logistic_regression,10,10,1240,1,1,0.7333942721403045
aeeem_pde,static,logistic_regression,10,10,1241,0,0,0.25054610538195005
aeeem_pde,static,logistic_regression,10,10,1252,0,0,0.3779256264486088
aeeem_pde,static,logistic_regression,10,10,1262,0,1,0.7588582844517969
aeeem_pde,static,logistic_regression,10,10,1271,0,0,0.027708935308867665
aeeem_pde,static,logistic_regression,10,10,1272,0,0,0.4270553358429973
aeeem_pde,static,logistic_regression,10,10,1277,0,1,0.7778848784173601
aeeem_pde,static,logistic_regression,10,10,1281,0,1,0.541361237788869
aeeem_pde,static,logistic_regression,10,10,1294,0,0,0.21445885570612774
aeeem_pde,static,logistic_regression,10,10,1300,0,0,0.2923731710618168
aeeem_pde,static,logistic_regression,10,10,1301,0,0,0.25043391723934816
aeeem_pde,static,logistic_regression,10,10,1311,0,0,0.4371715617334277
aeeem_pde,static,logistic_regression,10,10,1313,0,0,0.25467374252477987
aeeem_pde,static,logistic_regression,10,10,1317,0,0,0.4732594297872647
aeeem_pde,static,logistic_regression,10,10,1324,0,0,0.25444021328493566
aeeem_pde,static,logistic_regression,10,10,1325,0,0,0.037043018767787
aeeem_pde,static,logistic_regression,10,10,1329,1,1,0.5957664156062744
aeeem_pde,static,logistic_regression,10,10,1340,0,1,0.8380144366698704
aeeem_pde,static,logistic_regression,10,10,1356,0,0,0.16546292990192152
aeeem_pde,static,logistic_regression,10,10,1385,0,0,0.39805294812460995
aeeem_pde,static,logistic_regression,10,10,1395,0,1,0.6502272176455458
aeeem_pde,static,logistic_regression,10,10,1411,1,0,0.3341723552875057
aeeem_pde,static,logistic_regression,10,10,1433,0,1,0.8375901635831179
aeeem_pde,static,logistic_regression,10,10,1450,1,1,0.9286169941706541
aeeem_pde,static,logistic_regression,10,10,1457,0,0,0.34929139774905954
aeeem_pde,static,logistic_regression,10,10,1474,0,0,0.48665832089647737
aeeem_pde,static,logistic_regression,10,10,1477,0,0,0.3374740679405039
aeeem_pde,static,logistic_regression,10,10,1482,1,0,0.40157374442161303
aeeem_pde,static,logistic_regression,10,10,1489,0,0,0.4322631630116553
