dataset,feature_set,model,cv_folds,fold,row_index,y_true,y_pred,y_score
aeeem_pde,hybrid,logistic_regression,5,1,3,0,0,0.26131075411134147
aeeem_pde,hybrid,logistic_regression,5,1,4,0,0,0.3666944423829033
aeeem_pde,hybrid,logistic_regression,5,1,5,0,1,0.9904054717861703
aeeem_pde,hybrid,logistic_regression,5,1,11,0,0,0.35136938705969173
aeeem_pde,hybrid,logistic_regression,5,1,15,0,0,0.14095385494838947
aeeem_pde,hybrid,logistic_regression,5,1,25,1,1,0.8647361859501236
aeeem_pde,hybrid,logistic_regression,5,1,48,0,0,0.30902554228558515
aeeem_pde,hybrid,logistic_regression,5,1,55,0,0,0.36439337007466954
aeeem_pde,hybrid,logistic_regression,5,1,57,0,0,0.31816071362735904
aeeem_pde,hybrid,logistic_regression,5,1,60,0,1,0.9415870208707735
aeeem_pde,hybrid,logistic_regression,5,1,64,0,0,0.013311569446683385
aeeem_pde,hybrid,logistic_regression,5,1,67,0,0,0.40921123281178906
aeeem_pde,hybrid,logistic_regression,5,1,78,0,0,0.18663450660229172
aeeem_pde,hybrid,logistic_regression,5,1,80,0,0,0.09824518471069295
aeeem_pde,hybrid,logistic_regression,5,1,87,0,0,0.18709577207061245
aeeem_pde,hybrid,logistic_regression,5,1,88,0,0,0.18656449253211868
aeeem_pde,hybrid,logistic_regression,5,1,89,0,0,0.1660725982771756
aeeem_pde,hybrid,logistic_regression,5,1,94,0,0,0.2998318112529362
aeeem_pde,hybrid,logistic_regression,5,1,99,0,0,0.48630281906482264
aeeem_pde,hybrid,logistic_regression,5,1,101,0,0,0.16757279333321173
aeeem_pde,hybrid,logistic_regression,5,1,106,0,0,0.12839616413275987
aeeem_pde,hybrid,logistic_regression,5,1,112,0,0,0.4575927374450279
aeeem_pde,hybrid,logistic_regression,5,1,114,0,1,0.7956752685077955
aeeem_pde,hybrid,logistic_regression,5,1,118,0,0,0.03395506765646696
aeeem_pde,hybrid,logistic_regression,5,1,125,0,0,0.30056645760961587
aeeem_pde,hybrid,logistic_regression,5,1,129,0,0,0.14194801752982406
aeeem_pde,hybrid,logistic_regression,5,1,134,0,0,0.3393171088151542
aeeem_pde,hybrid,logistic_regression,5,1,138,0,0,0.3334647296153903
aeeem_pde,hybrid,logistic_regression,5,1,146,1,1,0.8430963142244002
aeeem_pde,hybrid,logistic_regression,5,1,150,0,0,0.30791133542006255
aeeem_pde,hybrid,logistic_regression,5,1,154,1,0,0.31804043664753345
aeeem_pde,hybrid,logistic_regression,5,1,156,1,0,0.03541124356287929
aeeem_pde,hybrid,logistic_regression,5,1,163,0,0,0.06130173444944244
aeeem_pde,hybrid,logistic_regression,5,1,166,0,0,0.20351557501644943
aeeem_pde,hybrid,logistic_regression,5,1,170,0,0,0.20468213854759226
aeeem_pde,hybrid,logistic_regression,5,1,173,0,1,0.7324035125968071
aeeem_pde,hybrid,logistic_regression,5,1,178,1,0,0.495789482019381
aeeem_pde,hybrid,logistic_regression,5,1,182,0,0,0.07408492640085244
aeeem_pde,hybrid,logistic_regression,5,1,186,0,0,0.014660346788795742
aeeem_pde,hybrid,logistic_regression,5,1,187,0,0,0.05387155416219444
aeeem_pde,hybrid,logistic_regression,5,1,188,0,1,0.5219174677097734
aeeem_pde,hybrid,logistic_regression,5,1,198,0,0,0.08144355321508594
aeeem_pde,hybrid,logistic_regression,5,1,206,0,0,0.36409867988788785
aeeem_pde,hybrid,logistic_regression,5,1,212,1,1,0.5607713464964055
aeeem_pde,hybrid,logistic_regression,5,1,213,0,0,0.3588897724472557
aeeem_pde,hybrid,logistic_regression,5,1,214,1,0,0.2507265128290794
aeeem_pde,hybrid,logistic_regression,5,1,221,0,0,0.1973833602189902
aeeem_pde,hybrid,logistic_regression,5,1,226,0,0,0.02745862429499026
aeeem_pde,hybrid,logistic_regression,5,1,227,0,1,0.5129698239419436
aeeem_pde,hybrid,logistic_regression,5,1,230,0,0,0.14711578857734697
aeeem_pde,hybrid,logistic_regression,5,1,234,0,0,0.1304441887043438
aeeem_pde,hybrid,logistic_regression,5,1,261,0,0,0.2285156590165358
aeeem_pde,hybrid,logistic_regression,5,1,265,1,0,0.4260172255121047
aeeem_pde,hybrid,logistic_regression,5,1,270,0,0,0.3569178654313091
aeeem_pde,hybrid,logistic_regression,5,1,272,0,1,0.5844404779183922
aeeem_pde,hybrid,logistic_regression,5,1,273,0,0,0.17038100294146477
aeeem_pde,hybrid,logistic_regression,5,1,282,0,1,0.5387678559454874
aeeem_pde,hybrid,logistic_regression,5,1,287,0,1,0.9999006342151185
aeeem_pde,hybrid,logistic_regression,5,1,288,0,0,0.15520072987012026
aeeem_pde,hybrid,logistic_regression,5,1,294,0,1,0.6454920284143608
aeeem_pde,hybrid,logistic_regression,5,1,305,0,0,0.013955092840644308
aeeem_pde,hybrid,logistic_regression,5,1,313,0,0,0.05320669253028051
aeeem_pde,hybrid,logistic_regression,5,1,322,0,0,0.39828291289230194
aeeem_pde,hybrid,logistic_regression,5,1,326,0,0,0.060348083441382434
aeeem_pde,hybrid,logistic_regression,5,1,346,1,0,0.000989908295457843
aeeem_pde,hybrid,logistic_regression,5,1,351,0,0,0.2538692142103841
aeeem_pde,hybrid,logistic_regression,5,1,358,1,0,0.49301832712933696
aeeem_pde,hybrid,logistic_regression,5,1,361,0,1,0.5893072565526758
aeeem_pde,hybrid,logistic_regression,5,1,362,1,1,0.9925728896538417
aeeem_pde,hybrid,logistic_regression,5,1,379,0,0,0.03682334733230878
aeeem_pde,hybrid,logistic_regression,5,1,400,0,0,0.062156301674979444
aeeem_pde,hybrid,logistic_regression,5,1,401,0,0,0.033537447320561346
aeeem_pde,hybrid,logistic_regression,5,1,404,0,1,0.9836471131642015
aeeem_pde,hybrid,logistic_regression,5,1,415,0,0,0.13113680574379327
aeeem_pde,hybrid,logistic_regression,5,1,423,0,1,0.8823315994478702
aeeem_pde,hybrid,logistic_regression,5,1,427,0,0,0.2630592985171067
aeeem_pde,hybrid,logistic_regression,5,1,430,0,0,0.32099654406268796
aeeem_pde,hybrid,logistic_regression,5,1,461,0,0,0.36869536904753986
aeeem_pde,hybrid,logistic_regression,5,1,462,0,0,0.17412555374312244
aeeem_pde,hybrid,logistic_regression,5,1,463,0,0,0.28590199894297286
aeeem_pde,hybrid,logistic_regression,5,1,466,0,0,0.26972086472637585
aeeem_pde,hybrid,logistic_regression,5,1,476,0,0,0.029672428815071795
aeeem_pde,hybrid,logistic_regression,5,1,477,0,0,0.1212136971838422
aeeem_pde,hybrid,logistic_regression,5,1,491,1,1,0.7605882433935055
aeeem_pde,hybrid,logistic_regression,5,1,493,1,1,0.5710507085685521
aeeem_pde,hybrid,logistic_regression,5,1,497,0,0,0.3302602571201222
aeeem_pde,hybrid,logistic_regression,5,1,498,0,1,0.8000243969400526
aeeem_pde,hybrid,logistic_regression,5,1,508,0,0,0.4956561162239864
aeeem_pde,hybrid,logistic_regression,5,1,514,0,0,0.1243005118223959
aeeem_pde,hybrid,logistic_regression,5,1,517,0,0,0.008806971837375525
aeeem_pde,hybrid,logistic_regression,5,1,520,0,0,0.30572626424470734
aeeem_pde,hybrid,logistic_regression,5,1,521,0,0,0.15745294313884112
aeeem_pde,hybrid,logistic_regression,5,1,544,0,0,0.4724011004012058
aeeem_pde,hybrid,logistic_regression,5,1,545,1,1,0.7540220207515772
aeeem_pde,hybrid,logistic_regression,5,1,549,0,0,0.15851615567938543
aeeem_pde,hybrid,logistic_regression,5,1,550,0,0,0.35260539913696387
aeeem_pde,hybrid,logistic_regression,5,1,558,0,1,0.7313765624555141
aeeem_pde,hybrid,logistic_regression,5,1,562,0,0,0.08440399491368523
aeeem_pde,hybrid,logistic_regression,5,1,575,1,1,0.8509808901484318
aeeem_pde,hybrid,logistic_regression,5,1,576,0,0,0.389739599351509
aeeem_pde,hybrid,logistic_regression,5,1,578,0,0,0.24719434363367984
aeeem_pde,hybrid,logistic_regression,5,1,581,0,0,0.34976479459964516
aeeem_pde,hybrid,logistic_regression,5,1,583,0,0,0.09737729076123634
aeeem_pde,hybrid,logistic_regression,5,1,585,0,0,0.29165757607600273
aeeem_pde,hybrid,logistic_regression,5,1,586,1,1,0.9987912403519752
aeeem_pde,hybrid,logistic_regression,5,1,588,0,0,0.1304651097483217
aeeem_pde,hybrid,logistic_regression,5,1,589,0,0,0.3659737591038397
aeeem_pde,hybrid,logistic_regression,5,1,594,0,0,0.10894319033885716
aeeem_pde,hybrid,logistic_regression,5,1,602,0,0,0.2478098771743378
aeeem_pde,hybrid,logistic_regression,5,1,612,0,0,0.3212756141621551
aeeem_pde,hybrid,logistic_regression,5,1,613,0,0,0.044328806746078885
aeeem_pde,hybrid,logistic_regression,5,1,615,0,1,0.5966429281375798
aeeem_pde,hybrid,logistic_regression,5,1,621,0,0,0.3991202295739066
aeeem_pde,hybrid,logistic_regression,5,1,622,0,0,0.05266944008109183
aeeem_pde,hybrid,logistic_regression,5,1,626,0,0,0.1356248408500827
aeeem_pde,hybrid,logistic_regression,5,1,634,0,1,0.8187083064408692
aeeem_pde,hybrid,logistic_regression,5,1,635,0,0,0.22803864983976402
aeeem_pde,hybrid,logistic_regression,5,1,638,0,0,0.06264535387135792
aeeem_pde,hybrid,logistic_regression,5,1,643,0,1,0.5266662645034942
aeeem_pde,hybrid,logistic_regression,5,1,644,0,1,0.6841989084326552
aeeem_pde,hybrid,logistic_regression,5,1,645,1,0,0.3519847526377433
aeeem_pde,hybrid,logistic_regression,5,1,646,1,1,0.5767786108852088
aeeem_pde,hybrid,logistic_regression,5,1,651,0,0,0.41521992177755396
aeeem_pde,hybrid,logistic_regression,5,1,664,0,0,0.15785413175694063
aeeem_pde,hybrid,logistic_regression,5,1,670,0,0,0.21293005500187473
aeeem_pde,hybrid,logistic_regression,5,1,672,1,0,0.25188744577227457
aeeem_pde,hybrid,logistic_regression,5,1,674,0,0,0.017584845479104796
aeeem_pde,hybrid,logistic_regression,5,1,675,0,0,0.30697961603795826
aeeem_pde,hybrid,logistic_regression,5,1,676,1,1,0.6133930399778831
aeeem_pde,hybrid,logistic_regression,5,1,678,0,0,0.1997067321939073
aeeem_pde,hybrid,logistic_regression,5,1,687,0,0,0.11986475365538041
aeeem_pde,hybrid,logistic_regression,5,1,688,0,0,0.41105159527358676
aeeem_pde,hybrid,logistic_regression,5,1,690,0,0,0.37139928529466965
aeeem_pde,hybrid,logistic_regression,5,1,701,0,0,0.355567218402516
aeeem_pde,hybrid,logistic_regression,5,1,704,0,0,0.39166029842085437
aeeem_pde,hybrid,logistic_regression,5,1,707,0,0,0.09374057191180402
aeeem_pde,hybrid,logistic_regression,5,1,708,0,0,0.24340036638927884
aeeem_pde,hybrid,logistic_regression,5,1,709,0,0,0.24091417708471877
aeeem_pde,hybrid,logistic_regression,5,1,713,0,0,0.016127708909151738
aeeem_pde,hybrid,logistic_regression,5,1,715,0,0,0.24420937657333427
aeeem_pde,hybrid,logistic_regression,5,1,717,0,0,0.22234942044800535
aeeem_pde,hybrid,logistic_regression,5,1,727,0,0,0.15698348507812626
aeeem_pde,hybrid,logistic_regression,5,1,729,1,0,0.3342374355706633
aeeem_pde,hybrid,logistic_regression,5,1,732,0,0,0.20059918857292972
aeeem_pde,hybrid,logistic_regression,5,1,737,0,0,0.4749335479291171
aeeem_pde,hybrid,logistic_regression,5,1,759,0,1,0.8889478654334745
aeeem_pde,hybrid,logistic_regression,5,1,760,0,0,0.2656026319471413
aeeem_pde,hybrid,logistic_regression,5,1,762,0,0,0.2612542316379864
aeeem_pde,hybrid,logistic_regression,5,1,763,0,0,0.08737623049967386
aeeem_pde,hybrid,logistic_regression,5,1,764,0,0,0.13393114303523593
aeeem_pde,hybrid,logistic_regression,5,1,768,0,0,0.4737742127927126
aeeem_pde,hybrid,logistic_regression,5,1,778,0,0,0.07112001463991367
aeeem_pde,hybrid,logistic_regression,5,1,787,0,0,0.18636725735947804
aeeem_pde,hybrid,logistic_regression,5,1,789,0,1,0.631036261346314
aeeem_pde,hybrid,logistic_regression,5,1,792,0,0,0.2144494460333452
aeeem_pde,hybrid,logistic_regression,5,1,794,0,1,0.9702774610824613
aeeem_pde,hybrid,logistic_regression,5,1,797,0,1,0.7831527364216031
aeeem_pde,hybrid,logistic_regression,5,1,800,0,0,0.3594753046807873
aeeem_pde,hybrid,logistic_regression,5,1,801,0,0,0.18429195430352532
aeeem_pde,hybrid,logistic_regression,5,1,816,0,1,0.5950234576931592
aeeem_pde,hybrid,logistic_regression,5,1,817,0,0,0.14163141839126991
aeeem_pde,hybrid,logistic_regression,5,1,820,0,0,0.37831019460977955
aeeem_pde,hybrid,logistic_regression,5,1,824,0,0,0.008753399000722488
aeeem_pde,hybrid,logistic_regression,5,1,828,0,0,0.3835160484086278
aeeem_pde,hybrid,logistic_regression,5,1,833,0,1,0.5894076385529414
aeeem_pde,hybrid,logistic_regression,5,1,839,0,0,0.29672730510710116
aeeem_pde,hybrid,logistic_regression,5,1,840,0,1,0.541040346183017
aeeem_pde,hybrid,logistic_regression,5,1,841,1,1,0.5277017882470213
aeeem_pde,hybrid,logistic_regression,5,1,842,0,0,0.40865090531696174
aeeem_pde,hybrid,logistic_regression,5,1,843,0,0,0.43702848518039916
aeeem_pde,hybrid,logistic_regression,5,1,847,0,0,0.1667820817780335
aeeem_pde,hybrid,logistic_regression,5,1,848,0,0,0.21721697867152132
aeeem_pde,hybrid,logistic_regression,5,1,851,0,1,0.9560876274775439
aeeem_pde,hybrid,logistic_regression,5,1,860,0,1,0.6088861682222134
aeeem_pde,hybrid,logistic_regression,5,1,867,1,1,0.9956128448170947
aeeem_pde,hybrid,logistic_regression,5,1,874,1,1,0.981271861337991
aeeem_pde,hybrid,logistic_regression,5,1,877,0,0,0.20126105282167867
aeeem_pde,hybrid,logistic_regression,5,1,881,0,0,0.1452224610999257
aeeem_pde,hybrid,logistic_regression,5,1,882,0,0,0.4422720710733295
aeeem_pde,hybrid,logistic_regression,5,1,888,0,0,0.34607875490260437
aeeem_pde,hybrid,logistic_regression,5,1,897,0,0,0.05705043894870033
aeeem_pde,hybrid,logistic_regression,5,1,903,1,1,0.9955912296563404
aeeem_pde,hybrid,logistic_regression,5,1,910,0,0,0.0982286057710317
aeeem_pde,hybrid,logistic_regression,5,1,920,0,0,0.08748062782186063
aeeem_pde,hybrid,logistic_regression,5,1,926,0,0,0.04471151459121256
aeeem_pde,hybrid,logistic_regression,5,1,931,0,0,0.4386125597768184
aeeem_pde,hybrid,logistic_regression,5,1,940,0,0,0.22022105964810146
aeeem_pde,hybrid,logistic_regression,5,1,944,1,1,0.8001108222246727
aeeem_pde,hybrid,logistic_regression,5,1,945,0,0,0.23514894518760399
aeeem_pde,hybrid,logistic_regression,5,1,946,0,0,0.3058171262372249
aeeem_pde,hybrid,logistic_regression,5,1,949,1,1,0.7970216721133239
aeeem_pde,hybrid,logistic_regression,5,1,956,1,1,0.50174805476185
aeeem_pde,hybrid,logistic_regression,5,1,962,0,1,0.65159386792329
aeeem_pde,hybrid,logistic_regression,5,1,964,0,0,0.017507388024699245
aeeem_pde,hybrid,logistic_regression,5,1,968,0,0,0.060598390104566885
aeeem_pde,hybrid,logistic_regression,5,1,978,0,1,0.6435723236625485
aeeem_pde,hybrid,logistic_regression,5,1,981,0,0,0.004348948231683553
aeeem_pde,hybrid,logistic_regression,5,1,983,0,0,0.3961470520981077
aeeem_pde,hybrid,logistic_regression,5,1,990,0,0,0.3603540821710724
aeeem_pde,hybrid,logistic_regression,5,1,1000,0,0,0.1093351651592763
aeeem_pde,hybrid,logistic_regression,5,1,1001,0,1,0.641715010874097
aeeem_pde,hybrid,logistic_regression,5,1,1004,0,0,0.2813730537743391
aeeem_pde,hybrid,logistic_regression,5,1,1007,0,1,0.6758842348726868
aeeem_pde,hybrid,logistic_regression,5,1,1011,0,0,0.339435984324072
aeeem_pde,hybrid,logistic_regression,5,1,1014,0,0,0.3055492732608538
aeeem_pde,hybrid,logistic_regression,5,1,1015,0,0,0.16598956303699286
aeeem_pde,hybrid,logistic_regression,5,1,1017,1,0,0.3631241014853485
aeeem_pde,hybrid,logistic_regression,5,1,1024,0,1,0.9556181481505533
aeeem_pde,hybrid,logistic_regression,5,1,1027,0,0,0.34447905199235557
aeeem_pde,hybrid,logistic_regression,5,1,1033,0,0,0.09356169555741627
aeeem_pde,hybrid,logistic_regression,5,1,1044,0,0,0.37907476141827173
aeeem_pde,hybrid,logistic_regression,5,1,1047,0,0,0.12742720881200587
aeeem_pde,hybrid,logistic_regression,5,1,1052,0,0,0.1998751895500148
aeeem_pde,hybrid,logistic_regression,5,1,1056,0,0,0.2337299630296384
aeeem_pde,hybrid,logistic_regression,5,1,1060,0,0,0.3862170631760234
aeeem_pde,hybrid,logistic_regression,5,1,1071,0,0,0.16289408798208188
aeeem_pde,hybrid,logistic_regression,5,1,1076,0,0,0.31242003963031817
aeeem_pde,hybrid,logistic_regression,5,1,1077,0,0,0.21979739540704493
aeeem_pde,hybrid,logistic_regression,5,1,1078,0,0,0.3821902455330324
aeeem_pde,hybrid,logistic_regression,5,1,1081,0,0,0.43876355680562246
aeeem_pde,hybrid,logistic_regression,5,1,1094,0,1,0.5209994422206772
aeeem_pde,hybrid,logistic_regression,5,1,1097,0,0,0.33312674613249366
aeeem_pde,hybrid,logistic_regression,5,1,1103,0,0,0.11020728418192947
aeeem_pde,hybrid,logistic_regression,5,1,1110,0,0,0.04537940008218378
aeeem_pde,hybrid,logistic_regression,5,1,1118,1,1,0.7713856868090362
aeeem_pde,hybrid,logistic_regression,5,1,1121,0,0,0.09326868425215576
aeeem_pde,hybrid,logistic_regression,5,1,1123,0,0,0.4040099520907892
aeeem_pde,hybrid,logistic_regression,5,1,1129,1,0,0.15571039699598682
aeeem_pde,hybrid,logistic_regression,5,1,1139,0,0,0.30310306269573445
aeeem_pde,hybrid,logistic_regression,5,1,1140,0,0,0.1446687671192664
aeeem_pde,hybrid,logistic_regression,5,1,1143,0,0,0.3845779227642396
aeeem_pde,hybrid,logistic_regression,5,1,1153,0,0,0.045257581140478065
aeeem_pde,hybrid,logistic_regression,5,1,1170,0,0,0.32785983899930626
aeeem_pde,hybrid,logistic_regression,5,1,1171,0,1,0.6429343785093949
aeeem_pde,hybrid,logistic_regression,5,1,1173,0,0,0.4289096587925611
aeeem_pde,hybrid,logistic_regression,5,1,1176,1,0,0.31900198890697645
aeeem_pde,hybrid,logistic_regression,5,1,1181,0,0,0.3684101345609337
aeeem_pde,hybrid,logistic_regression,5,1,1182,0,0,0.1744525231668187
aeeem_pde,hybrid,logistic_regression,5,1,1185,1,1,0.8005137522368183
aeeem_pde,hybrid,logistic_regression,5,1,1187,0,0,0.0700754870679077
aeeem_pde,hybrid,logistic_regression,5,1,1194,0,0,0.2556860446264047
aeeem_pde,hybrid,logistic_regression,5,1,1195,1,0,0.2434345128670395
aeeem_pde,hybrid,logistic_regression,5,1,1196,0,0,0.18188074149257694
aeeem_pde,hybrid,logistic_regression,5,1,1203,1,1,0.9887695878557795
aeeem_pde,hybrid,logistic_regression,5,1,1215,0,0,0.25056022858650684
aeeem_pde,hybrid,logistic_regression,5,1,1216,0,0,0.11288414293145739
aeeem_pde,hybrid,logistic_regression,5,1,1219,0,1,0.7585679468378906
aeeem_pde,hybrid,logistic_regression,5,1,1220,0,0,0.020438343962299155
aeeem_pde,hybrid,logistic_regression,5,1,1232,0,0,0.12600510658007605
aeeem_pde,hybrid,logistic_regression,5,1,1239,0,1,0.5190473256183551
aeeem_pde,hybrid,logistic_regression,5,1,1243,1,1,0.9997053826618485
aeeem_pde,hybrid,logistic_regression,5,1,1245,0,0,0.07639317742944764
aeeem_pde,hybrid,logistic_regression,5,1,1248,0,0,0.4984661038988193
aeeem_pde,hybrid,logistic_regression,5,1,1249,0,0,0.0551113886534583
aeeem_pde,hybrid,logistic_regression,5,1,1251,0,1,0.670989825378667
aeeem_pde,hybrid,logistic_regression,5,1,1253,0,0,0.1666905562924299
aeeem_pde,hybrid,logistic_regression,5,1,1258,0,0,0.1580970659524797
aeeem_pde,hybrid,logistic_regression,5,1,1268,0,0,0.004214041340768873
aeeem_pde,hybrid,logistic_regression,5,1,1278,0,0,0.41127796983904163
aeeem_pde,hybrid,logistic_regression,5,1,1284,0,0,0.22397323443965905
aeeem_pde,hybrid,logistic_regression,5,1,1286,0,0,0.3255570316821159
aeeem_pde,hybrid,logistic_regression,5,1,1289,0,1,0.6712995758993774
aeeem_pde,hybrid,logistic_regression,5,1,1296,0,0,0.277433937687812
aeeem_pde,hybrid,logistic_regression,5,1,1297,0,0,0.03261038738055576
aeeem_pde,hybrid,logistic_regression,5,1,1299,0,0,0.32262954315124037
aeeem_pde,hybrid,logistic_regression,5,1,1304,0,0,0.22504397907371906
aeeem_pde,hybrid,logistic_regression,5,1,1308,0,0,0.18064105655625218
aeeem_pde,hybrid,logistic_regression,5,1,1309,0,0,0.2826716156403278
aeeem_pde,hybrid,logistic_regression,5,1,1335,1,1,0.5138079638106277
aeeem_pde,hybrid,logistic_regression,5,1,1342,0,1,0.6023310725842821
aeeem_pde,hybrid,logistic_regression,5,1,1350,0,0,0.26947682024396885
aeeem_pde,hybrid,logistic_regression,5,1,1364,0,1,0.5212911826915648
aeeem_pde,hybrid,logistic_regression,5,1,1368,1,0,0.2526313017526592
aeeem_pde,hybrid,logistic_regression,5,1,1373,0,0,0.060294332870821754
aeeem_pde,hybrid,logistic_regression,5,1,1374,0,1,0.80138672209433
aeeem_pde,hybrid,logistic_regression,5,1,1376,0,1,0.786423562292397
aeeem_pde,hybrid,logistic_regression,5,1,1378,0,1,0.563139307757029
aeeem_pde,hybrid,logistic_regression,5,1,1384,1,1,0.5268201704883818
aeeem_pde,hybrid,logistic_regression,5,1,1388,1,1,0.8769748434117794
aeeem_pde,hybrid,logistic_regression,5,1,1390,1,0,0.08324436242341464
aeeem_pde,hybrid,logistic_regression,5,1,1393,0,0,0.35500552581035905
aeeem_pde,hybrid,logistic_regression,5,1,1394,0,0,0.1868287517237119
aeeem_pde,hybrid,logistic_regression,5,1,1398,1,1,0.9624675066473575
aeeem_pde,hybrid,logistic_regression,5,1,1402,0,0,0.23098669806727976
aeeem_pde,hybrid,logistic_regression,5,1,1405,0,0,0.21141661446043525
aeeem_pde,hybrid,logistic_regression,5,1,1418,0,0,0.2466752192776529
aeeem_pde,hybrid,logistic_regression,5,1,1419,0,0,0.4472756004387265
aeeem_pde,hybrid,logistic_regression,5,1,1429,0,0,0.11213886365230216
aeeem_pde,hybrid,logistic_regression,5,1,1430,0,0,0.21053696214639636
aeeem_pde,hybrid,logistic_regression,5,1,1434,0,1,0.9300967518940595
aeeem_pde,hybrid,logistic_regression,5,1,1439,0,0,0.18368620318880932
aeeem_pde,hybrid,logistic_regression,5,1,1440,0,0,0.10349274604731312
aeeem_pde,hybrid,logistic_regression,5,1,1447,0,0,0.04009102100642014
aeeem_pde,hybrid,logistic_regression,5,1,1451,0,0,0.13573993935313453
aeeem_pde,hybrid,logistic_regression,5,1,1460,0,0,0.3528202153967051
aeeem_pde,hybrid,logistic_regression,5,1,1469,0,0,0.2015913221925268
aeeem_pde,hybrid,logistic_regression,5,1,1470,0,0,0.0450498943998982
aeeem_pde,hybrid,logistic_regression,5,1,1483,0,0,0.10173773111200456
aeeem_pde,hybrid,logistic_regression,5,1,1487,0,0,0.015711499308887707
aeeem_pde,hybrid,logistic_regression,5,1,1491,0,0,0.1907563542964411
aeeem_pde,hybrid,logistic_regression,5,2,2,0,0,0.3026378275929224
aeeem_pde,hybrid,logistic_regression,5,2,7,0,0,0.2745084900710648
aeeem_pde,hybrid,logistic_regression,5,2,13,0,0,0.3376634369775842
aeeem_pde,hybrid,logistic_regression,5,2,19,0,0,0.4336628124626112
aeeem_pde,hybrid,logistic_regression,5,2,22,0,1,0.7953610674381284
aeeem_pde,hybrid,logistic_regression,5,2,23,1,1,0.7652936909319716
aeeem_pde,hybrid,logistic_regression,5,2,36,0,0,0.02959409830853405
aeeem_pde,hybrid,logistic_regression,5,2,37,0,0,0.2627162603440124
aeeem_pde,hybrid,logistic_regression,5,2,38,0,0,0.43150314145057855
aeeem_pde,hybrid,logistic_regression,5,2,39,0,0,0.3277381990535304
aeeem_pde,hybrid,logistic_regression,5,2,43,0,0,0.08121046650917223
aeeem_pde,hybrid,logistic_regression,5,2,45,1,0,0.33069281197662687
aeeem_pde,hybrid,logistic_regression,5,2,46,1,0,0.2171434106511454
aeeem_pde,hybrid,logistic_regression,5,2,47,0,0,0.09208767065403031
aeeem_pde,hybrid,logistic_regression,5,2,50,0,1,0.6121184697112346
aeeem_pde,hybrid,logistic_regression,5,2,53,0,0,0.4006940779179015
aeeem_pde,hybrid,logistic_regression,5,2,59,0,0,0.2551665206303357
aeeem_pde,hybrid,logistic_regression,5,2,65,0,0,0.39793035676373145
aeeem_pde,hybrid,logistic_regression,5,2,66,1,1,0.9705918215874251
aeeem_pde,hybrid,logistic_regression,5,2,71,0,0,0.04927841189626333
aeeem_pde,hybrid,logistic_regression,5,2,79,0,0,0.372067089691124
aeeem_pde,hybrid,logistic_regression,5,2,81,0,0,0.2878504022738426
aeeem_pde,hybrid,logistic_regression,5,2,83,0,0,0.049453906164509856
aeeem_pde,hybrid,logistic_regression,5,2,85,0,0,0.3684933208676806
aeeem_pde,hybrid,logistic_regression,5,2,93,0,0,0.2164846837313876
aeeem_pde,hybrid,logistic_regression,5,2,97,1,0,1.833348499017746e-05
aeeem_pde,hybrid,logistic_regression,5,2,104,0,1,0.8747209948267776
aeeem_pde,hybrid,logistic_regression,5,2,105,0,0,0.12953373712212005
aeeem_pde,hybrid,logistic_regression,5,2,110,0,0,0.2827167334133587
aeeem_pde,hybrid,logistic_regression,5,2,121,0,0,0.25565093936599836
aeeem_pde,hybrid,logistic_regression,5,2,122,0,0,0.23140679702224273
aeeem_pde,hybrid,logistic_regression,5,2,137,0,0,0.18302428831390669
aeeem_pde,hybrid,logistic_regression,5,2,139,0,0,0.37689409177747596
aeeem_pde,hybrid,logistic_regression,5,2,143,0,0,0.3436767954104138
aeeem_pde,hybrid,logistic_regression,5,2,147,0,0,0.4351941253883864
aeeem_pde,hybrid,logistic_regression,5,2,152,0,0,0.04772741996382797
aeeem_pde,hybrid,logistic_regression,5,2,158,0,0,0.2766300355164789
aeeem_pde,hybrid,logistic_regression,5,2,165,0,0,0.2551665206303357
aeeem_pde,hybrid,logistic_regression,5,2,167,0,0,0.007747870315108893
aeeem_pde,hybrid,logistic_regression,5,2,168,1,0,0.4503173364140906
aeeem_pde,hybrid,logistic_regression,5,2,169,0,0,0.31398550693945837
aeeem_pde,hybrid,logistic_regression,5,2,180,0,0,0.33654792977797826
aeeem_pde,hybrid,logistic_regression,5,2,190,0,0,0.11423394657095724
aeeem_pde,hybrid,logistic_regression,5,2,193,0,0,0.17626322880226936
aeeem_pde,hybrid,logistic_regression,5,2,197,0,0,0.4718054485878072
aeeem_pde,hybrid,logistic_regression,5,2,209,0,0,0.0747867723624133
aeeem_pde,hybrid,logistic_regression,5,2,210,0,0,0.30515226235004195
aeeem_pde,hybrid,logistic_regression,5,2,219,0,0,0.02298408845665082
aeeem_pde,hybrid,logistic_regression,5,2,223,0,0,0.21975607723260998
aeeem_pde,hybrid,logistic_regression,5,2,228,0,0,0.09818135911548394
aeeem_pde,hybrid,logistic_regression,5,2,233,0,0,0.10138837496593993
aeeem_pde,hybrid,logistic_regression,5,2,238,0,0,0.15113102856386
aeeem_pde,hybrid,logistic_regression,5,2,247,0,1,0.6647865643982094
aeeem_pde,hybrid,logistic_regression,5,2,252,0,0,0.3102352461676341
aeeem_pde,hybrid,logistic_regression,5,2,262,0,0,0.2951792748224418
aeeem_pde,hybrid,logistic_regression,5,2,268,0,0,0.3934759024865737
aeeem_pde,hybrid,logistic_regression,5,2,276,0,0,0.2725963154676493
aeeem_pde,hybrid,logistic_regression,5,2,279,0,1,0.5364595310669609
aeeem_pde,hybrid,logistic_regression,5,2,280,0,0,0.29260254347574277
aeeem_pde,hybrid,logistic_regression,5,2,281,0,0,0.14332445843064745
aeeem_pde,hybrid,logistic_regression,5,2,283,0,1,0.5645759228133096
aeeem_pde,hybrid,logistic_regression,5,2,284,0,0,0.3015602207057648
aeeem_pde,hybrid,logistic_regression,5,2,285,0,0,0.4094128251665338
aeeem_pde,hybrid,logistic_regression,5,2,297,0,0,0.20584327099309535
aeeem_pde,hybrid,logistic_regression,5,2,298,0,0,0.29163303649379135
aeeem_pde,hybrid,logistic_regression,5,2,309,0,0,0.07708874706065945
aeeem_pde,hybrid,logistic_regression,5,2,311,0,1,0.9841376655405193
aeeem_pde,hybrid,logistic_regression,5,2,312,0,0,0.23319852381275752
aeeem_pde,hybrid,logistic_regression,5,2,316,0,0,0.2656957278949953
aeeem_pde,hybrid,logistic_regression,5,2,317,0,0,0.33404822252248234
aeeem_pde,hybrid,logistic_regression,5,2,327,1,1,0.5644720745126001
aeeem_pde,hybrid,logistic_regression,5,2,330,0,0,0.32527163714503576
aeeem_pde,hybrid,logistic_regression,5,2,333,0,0,0.19868981107440875
aeeem_pde,hybrid,logistic_regression,5,2,335,0,0,0.4748540043266158
aeeem_pde,hybrid,logistic_regression,5,2,337,0,0,0.27113474811902954
aeeem_pde,hybrid,logistic_regression,5,2,338,1,1,0.6391316425316811
aeeem_pde,hybrid,logistic_regression,5,2,343,0,0,0.44594042703084474
aeeem_pde,hybrid,logistic_regression,5,2,355,0,1,0.5318423241613454
aeeem_pde,hybrid,logistic_regression,5,2,356,0,0,0.3552592485774171
aeeem_pde,hybrid,logistic_regression,5,2,364,0,0,0.04173056474048356
aeeem_pde,hybrid,logistic_regression,5,2,367,1,1,0.5434529390804441
aeeem_pde,hybrid,logistic_regression,5,2,371,0,0,0.37044656545308635
aeeem_pde,hybrid,logistic_regression,5,2,372,1,1,0.7536486184048048
aeeem_pde,hybrid,logistic_regression,5,2,373,0,0,0.2629787042016576
aeeem_pde,hybrid,logistic_regression,5,2,376,0,1,0.5328608194169223
aeeem_pde,hybrid,logistic_regression,5,2,377,0,0,0.13871104214873423
aeeem_pde,hybrid,logistic_regression,5,2,386,0,0,0.10439297009313046
aeeem_pde,hybrid,logistic_regression,5,2,393,0,0,0.17759347234180073
aeeem_pde,hybrid,logistic_regression,5,2,395,0,0,0.06205403908588562
aeeem_pde,hybrid,logistic_regression,5,2,396,0,0,0.12030504494005866
aeeem_pde,hybrid,logistic_regression,5,2,397,0,1,0.6528774407546082
aeeem_pde,hybrid,logistic_regression,5,2,405,1,0,0.18795649999378922
aeeem_pde,hybrid,logistic_regression,5,2,407,0,0,0.3486141086491244
aeeem_pde,hybrid,logistic_regression,5,2,414,0,0,0.28653603276274703
aeeem_pde,hybrid,logistic_regression,5,2,416,0,0,0.01977484804973574
aeeem_pde,hybrid,logistic_regression,5,2,422,1,0,0.16744754599804362
aeeem_pde,hybrid,logistic_regression,5,2,431,0,0,0.045659378034103186
aeeem_pde,hybrid,logistic_regression,5,2,432,0,0,0.2118520821469437
aeeem_pde,hybrid,logistic_regression,5,2,433,0,0,0.4286028524387965
aeeem_pde,hybrid,logistic_regression,5,2,434,0,0,0.46875739115127424
aeeem_pde,hybrid,logistic_regression,5,2,435,0,0,0.1794242008829438
aeeem_pde,hybrid,logistic_regression,5,2,441,0,1,0.6828866608798403
aeeem_pde,hybrid,logistic_regression,5,2,447,0,0,0.36773167990821415
aeeem_pde,hybrid,logistic_regression,5,2,455,0,0,0.3333164203541655
aeeem_pde,hybrid,logistic_regression,5,2,468,0,0,0.1619393700790381
aeeem_pde,hybrid,logistic_regression,5,2,475,0,0,0.4552765746471124
aeeem_pde,hybrid,logistic_regression,5,2,483,0,1,0.8996086542210536
aeeem_pde,hybrid,logistic_regression,5,2,485,0,0,0.2792886357942444
aeeem_pde,hybrid,logistic_regression,5,2,487,0,0,0.06083690618463319
aeeem_pde,hybrid,logistic_regression,5,2,489,0,1,0.5108153864928858
aeeem_pde,hybrid,logistic_regression,5,2,490,1,1,0.7630095134922714
aeeem_pde,hybrid,logistic_regression,5,2,503,0,0,0.13695448151308026
aeeem_pde,hybrid,logistic_regression,5,2,505,0,1,0.8501830237742081
aeeem_pde,hybrid,logistic_regression,5,2,512,0,1,0.5188019245952631
aeeem_pde,hybrid,logistic_regression,5,2,513,1,1,0.8884388507328186
aeeem_pde,hybrid,logistic_regression,5,2,518,0,1,0.7789587482975827
aeeem_pde,hybrid,logistic_regression,5,2,524,0,0,0.13240511216262332
aeeem_pde,hybrid,logistic_regression,5,2,541,0,0,0.127386366939894
aeeem_pde,hybrid,logistic_regression,5,2,543,0,0,0.30437322505286923
aeeem_pde,hybrid,logistic_regression,5,2,551,0,0,0.09718409741060414
aeeem_pde,hybrid,logistic_regression,5,2,552,0,0,0.05421489753722068
aeeem_pde,hybrid,logistic_regression,5,2,554,0,0,0.3032495715229446
aeeem_pde,hybrid,logistic_regression,5,2,572,0,0,0.05960789450112783
aeeem_pde,hybrid,logistic_regression,5,2,577,0,1,0.9029597177293209
aeeem_pde,hybrid,logistic_regression,5,2,579,0,0,0.09259395594379659
aeeem_pde,hybrid,logistic_regression,5,2,582,0,0,0.08973926060605199
aeeem_pde,hybrid,logistic_regression,5,2,595,0,0,0.17286168434389917
aeeem_pde,hybrid,logistic_regression,5,2,599,0,0,0.401800646195587
aeeem_pde,hybrid,logistic_regression,5,2,608,0,0,0.15354904396646776
aeeem_pde,hybrid,logistic_regression,5,2,616,0,0,0.05984216823922831
aeeem_pde,hybrid,logistic_regression,5,2,617,0,0,0.41347601775908877
aeeem_pde,hybrid,logistic_regression,5,2,636,1,1,0.5115038462081247
aeeem_pde,hybrid,logistic_regression,5,2,642,0,0,0.08595810300576051
aeeem_pde,hybrid,logistic_regression,5,2,647,0,1,0.6209082570254888
aeeem_pde,hybrid,logistic_regression,5,2,650,0,0,0.2961170440449605
aeeem_pde,hybrid,logistic_regression,5,2,656,1,0,0.01903293400599188
aeeem_pde,hybrid,logistic_regression,5,2,660,0,1,0.780583770475562
aeeem_pde,hybrid,logistic_regression,5,2,661,1,1,0.7520333697614553
aeeem_pde,hybrid,logistic_regression,5,2,663,0,0,0.006477409383667236
aeeem_pde,hybrid,logistic_regression,5,2,667,0,0,0.3112820236703407
aeeem_pde,hybrid,logistic_regression,5,2,680,0,0,0.392644551028326
aeeem_pde,hybrid,logistic_regression,5,2,681,0,1,0.7646265505715968
aeeem_pde,hybrid,logistic_regression,5,2,691,0,0,0.19337233922296868
aeeem_pde,hybrid,logistic_regression,5,2,694,0,0,0.04969985369213672
aeeem_pde,hybrid,logistic_regression,5,2,697,0,0,0.24615188964781437
aeeem_pde,hybrid,logistic_regression,5,2,705,0,0,0.2661961647751061
aeeem_pde,hybrid,logistic_regression,5,2,712,0,0,0.20924226534465354
aeeem_pde,hybrid,logistic_regression,5,2,718,0,1,0.574919589747292
aeeem_pde,hybrid,logistic_regression,5,2,721,0,1,0.6129545229312614
aeeem_pde,hybrid,logistic_regression,5,2,725,0,0,0.4563686721723709
aeeem_pde,hybrid,logistic_regression,5,2,728,0,0,0.1606480733536186
aeeem_pde,hybrid,logistic_regression,5,2,741,0,0,0.1583001216122952
aeeem_pde,hybrid,logistic_regression,5,2,742,0,0,0.03401873172283015
aeeem_pde,hybrid,logistic_regression,5,2,745,0,0,0.39318284758936906
aeeem_pde,hybrid,logistic_regression,5,2,748,0,0,0.24795024377856897
aeeem_pde,hybrid,logistic_regression,5,2,757,0,0,0.27409260989423334
aeeem_pde,hybrid,logistic_regression,5,2,770,0,0,0.242386801660215
aeeem_pde,hybrid,logistic_regression,5,2,772,0,0,0.14394498342627887
aeeem_pde,hybrid,logistic_regression,5,2,774,0,0,0.3235207141909957
aeeem_pde,hybrid,logistic_regression,5,2,776,0,0,0.4589507649280345
aeeem_pde,hybrid,logistic_regression,5,2,777,0,0,0.2686888912161078
aeeem_pde,hybrid,logistic_regression,5,2,779,0,0,0.24479201962861805
aeeem_pde,hybrid,logistic_regression,5,2,781,0,0,0.37655166098984044
aeeem_pde,hybrid,logistic_regression,5,2,788,0,0,0.23220128744116525
aeeem_pde,hybrid,logistic_regression,5,2,796,0,0,0.18297608212546554
aeeem_pde,hybrid,logistic_regression,5,2,802,0,0,0.10652073772065204
aeeem_pde,hybrid,logistic_regression,5,2,804,0,0,0.38671737896457625
aeeem_pde,hybrid,logistic_regression,5,2,807,1,0,0.268708452110421
aeeem_pde,hybrid,logistic_regression,5,2,809,0,0,0.1924840662410776
aeeem_pde,hybrid,logistic_regression,5,2,811,0,0,0.3325624998054405
aeeem_pde,hybrid,logistic_regression,5,2,812,0,1,0.6741653890120785
aeeem_pde,hybrid,logistic_regression,5,2,814,0,0,0.04848134553164494
aeeem_pde,hybrid,logistic_regression,5,2,815,0,0,0.0007819027686301857
aeeem_pde,hybrid,logistic_regression,5,2,827,1,0,0.07020640866312401
aeeem_pde,hybrid,logistic_regression,5,2,832,0,0,0.13004220555135937
aeeem_pde,hybrid,logistic_regression,5,2,836,1,0,0.4404501586114851
aeeem_pde,hybrid,logistic_regression,5,2,857,0,1,0.5651484127472561
aeeem_pde,hybrid,logistic_regression,5,2,858,0,0,0.2843559425923208
aeeem_pde,hybrid,logistic_regression,5,2,862,1,0,0.4414414150001442
aeeem_pde,hybrid,logistic_regression,5,2,866,0,0,0.3436889589356898
aeeem_pde,hybrid,logistic_regression,5,2,870,0,0,0.3411185791809815
aeeem_pde,hybrid,logistic_regression,5,2,873,0,1,0.7274465782791992
aeeem_pde,hybrid,logistic_regression,5,2,875,0,0,0.3172451144724812
aeeem_pde,hybrid,logistic_regression,5,2,878,0,0,0.12229571934715015
aeeem_pde,hybrid,logistic_regression,5,2,879,0,0,0.24217468698988506
aeeem_pde,hybrid,logistic_regression,5,2,889,0,1,0.8465368712542234
aeeem_pde,hybrid,logistic_regression,5,2,892,0,0,0.37705550661578724
aeeem_pde,hybrid,logistic_regression,5,2,895,0,0,0.1543063314708083
aeeem_pde,hybrid,logistic_regression,5,2,911,0,1,0.7500417581892826
aeeem_pde,hybrid,logistic_regression,5,2,912,0,0,0.12115320870130415
aeeem_pde,hybrid,logistic_regression,5,2,917,0,0,0.43832942722199614
aeeem_pde,hybrid,logistic_regression,5,2,918,0,1,0.6293346546515427
aeeem_pde,hybrid,logistic_regression,5,2,919,0,0,0.42516519700284794
aeeem_pde,hybrid,logistic_regression,5,2,923,0,0,0.30778477372811625
aeeem_pde,hybrid,logistic_regression,5,2,927,0,0,0.24758821468952677
aeeem_pde,hybrid,logistic_regression,5,2,935,0,0,0.3996630951639175
aeeem_pde,hybrid,logistic_regression,5,2,937,1,0,0.06974696364551436
aeeem_pde,hybrid,logistic_regression,5,2,941,0,0,0.1935815397176158
aeeem_pde,hybrid,logistic_regression,5,2,947,0,0,0.31634289163200957
aeeem_pde,hybrid,logistic_regression,5,2,950,0,0,0.040195738089175787
aeeem_pde,hybrid,logistic_regression,5,2,952,0,0,0.1206063321597086
aeeem_pde,hybrid,logistic_regression,5,2,966,0,0,0.27120371967278245
aeeem_pde,hybrid,logistic_regression,5,2,969,0,0,0.3398258570327332
aeeem_pde,hybrid,logistic_regression,5,2,970,0,1,0.6679020209165284
aeeem_pde,hybrid,logistic_regression,5,2,979,1,0,0.29300277274217523
aeeem_pde,hybrid,logistic_regression,5,2,991,0,0,0.0955803567085651
aeeem_pde,hybrid,logistic_regression,5,2,997,0,1,0.6180643907390984
aeeem_pde,hybrid,logistic_regression,5,2,998,0,0,0.31169958949815774
aeeem_pde,hybrid,logistic_regression,5,2,1009,0,1,0.587892702902766
aeeem_pde,hybrid,logistic_regression,5,2,1012,0,0,0.1885064725523561
aeeem_pde,hybrid,logistic_regression,5,2,1022,0,0,0.29971591266733744
aeeem_pde,hybrid,logistic_regression,5,2,1025,0,0,0.05691088569803545
aeeem_pde,hybrid,logistic_regression,5,2,1028,0,0,0.33885161297038036
aeeem_pde,hybrid,logistic_regression,5,2,1030,1,0,0.40109098960995065
aeeem_pde,hybrid,logistic_regression,5,2,1031,1,1,0.527573037566602
aeeem_pde,hybrid,logistic_regression,5,2,1036,1,0,0.2946478826599194
aeeem_pde,hybrid,logistic_regression,5,2,1039,0,0,0.2597119399858791
aeeem_pde,hybrid,logistic_regression,5,2,1048,0,0,0.4162708745250741
aeeem_pde,hybrid,logistic_regression,5,2,1062,1,1,0.5425078895618689
aeeem_pde,hybrid,logistic_regression,5,2,1063,0,1,0.8936407381905387
aeeem_pde,hybrid,logistic_regression,5,2,1065,0,0,0.05876155119012653
aeeem_pde,hybrid,logistic_regression,5,2,1066,1,1,0.5768995473876798
aeeem_pde,hybrid,logistic_regression,5,2,1072,0,0,0.37047403983619104
aeeem_pde,hybrid,logistic_regression,5,2,1082,0,0,0.19868476195459792
aeeem_pde,hybrid,logistic_regression,5,2,1084,0,1,0.6557681247931202
aeeem_pde,hybrid,logistic_regression,5,2,1090,0,0,0.10420607331592475
aeeem_pde,hybrid,logistic_regression,5,2,1091,0,0,0.33828809455717357
aeeem_pde,hybrid,logistic_regression,5,2,1093,0,0,0.4652291664339935
aeeem_pde,hybrid,logistic_regression,5,2,1095,1,0,0.3409954262996422
aeeem_pde,hybrid,logistic_regression,5,2,1100,1,1,0.7082977595252125
aeeem_pde,hybrid,logistic_regression,5,2,1108,0,0,0.13373392883066187
aeeem_pde,hybrid,logistic_regression,5,2,1111,0,0,0.4959040689722147
aeeem_pde,hybrid,logistic_regression,5,2,1113,1,1,0.9167813549584481
aeeem_pde,hybrid,logistic_regression,5,2,1115,0,0,0.2034134346698061
aeeem_pde,hybrid,logistic_regression,5,2,1116,0,0,0.2993474977349837
aeeem_pde,hybrid,logistic_regression,5,2,1120,0,1,0.510407843152026
aeeem_pde,hybrid,logistic_regression,5,2,1126,0,0,0.032697948163997105
aeeem_pde,hybrid,logistic_regression,5,2,1130,0,0,0.3337263307416691
aeeem_pde,hybrid,logistic_regression,5,2,1152,0,1,0.8119684618868271
aeeem_pde,hybrid,logistic_regression,5,2,1159,0,0,0.24031362644533133
aeeem_pde,hybrid,logistic_regression,5,2,1172,0,0,0.37229468408284233
aeeem_pde,hybrid,logistic_regression,5,2,1188,0,0,0.28809186797218955
aeeem_pde,hybrid,logistic_regression,5,2,1189,0,1,0.5140767319548498
aeeem_pde,hybrid,logistic_regression,5,2,1193,0,1,0.5854836003025331
aeeem_pde,hybrid,logistic_regression,5,2,1199,1,0,0.3123703672573756
aeeem_pde,hybrid,logistic_regression,5,2,1207,1,1,0.8939860239144068
aeeem_pde,hybrid,logistic_regression,5,2,1210,0,0,0.10578614683759105
aeeem_pde,hybrid,logistic_regression,5,2,1214,1,1,0.6462919049207719
aeeem_pde,hybrid,logistic_regression,5,2,1217,0,1,0.5960504056206513
aeeem_pde,hybrid,logistic_regression,5,2,1223,0,0,0.3100528108866197
aeeem_pde,hybrid,logistic_regression,5,2,1242,0,0,0.0009359154205207577
aeeem_pde,hybrid,logistic_regression,5,2,1250,0,0,0.329749898212036
aeeem_pde,hybrid,logistic_regression,5,2,1254,1,0,0.2749080974847005
aeeem_pde,hybrid,logistic_regression,5,2,1257,0,0,0.3695556506373927
aeeem_pde,hybrid,logistic_regression,5,2,1264,0,0,0.1740794376787258
aeeem_pde,hybrid,logistic_regression,5,2,1266,1,0,0.37462191248420357
aeeem_pde,hybrid,logistic_regression,5,2,1267,0,0,0.3287856562235488
aeeem_pde,hybrid,logistic_regression,5,2,1269,0,0,0.16342272237625033
aeeem_pde,hybrid,logistic_regression,5,2,1275,0,0,0.49151669514995044
aeeem_pde,hybrid,logistic_regression,5,2,1279,0,0,2.6691564587938734e-05
aeeem_pde,hybrid,logistic_regression,5,2,1283,0,0,0.24680222125484538
aeeem_pde,hybrid,logistic_regression,5,2,1292,0,1,0.7284698510649966
aeeem_pde,hybrid,logistic_regression,5,2,1293,0,0,0.2344406677679732
aeeem_pde,hybrid,logistic_regression,5,2,1295,0,0,0.20456921125752933
aeeem_pde,hybrid,logistic_regression,5,2,1302,0,0,0.054069304330757934
aeeem_pde,hybrid,logistic_regression,5,2,1307,1,0,0.26476574230473676
aeeem_pde,hybrid,logistic_regression,5,2,1314,0,0,0.0009418427814147961
aeeem_pde,hybrid,logistic_regression,5,2,1318,0,0,0.4441661665299314
aeeem_pde,hybrid,logistic_regression,5,2,1341,0,0,0.38397434814003506
aeeem_pde,hybrid,logistic_regression,5,2,1351,0,1,0.5970401849229513
aeeem_pde,hybrid,logistic_regression,5,2,1354,0,0,0.31065720745129755
aeeem_pde,hybrid,logistic_regression,5,2,1366,0,0,0.23542636598711061
aeeem_pde,hybrid,logistic_regression,5,2,1367,0,0,0.035644125048703915
aeeem_pde,hybrid,logistic_regression,5,2,1379,0,0,0.194158057781762
aeeem_pde,hybrid,logistic_regression,5,2,1380,0,0,0.2960629361983583
aeeem_pde,hybrid,logistic_regression,5,2,1381,0,0,0.31315416057022266
aeeem_pde,hybrid,logistic_regression,5,2,1382,0,0,0.21665035505727046
aeeem_pde,hybrid,logistic_regression,5,2,1400,0,1,0.511369158454785
aeeem_pde,hybrid,logistic_regression,5,2,1401,0,0,0.14610604417375647
aeeem_pde,hybrid,logistic_regression,5,2,1404,1,1,0.7316040325844626
aeeem_pde,hybrid,logistic_regression,5,2,1409,0,0,0.40029014421266546
aeeem_pde,hybrid,logistic_regression,5,2,1412,0,0,0.2928407324853518
aeeem_pde,hybrid,logistic_regression,5,2,1414,0,1,0.6767602960888004
aeeem_pde,hybrid,logistic_regression,5,2,1416,0,0,0.3707300509520609
aeeem_pde,hybrid,logistic_regression,5,2,1421,0,0,0.17958975627035131
aeeem_pde,hybrid,logistic_regression,5,2,1432,0,0,0.11145123148763
aeeem_pde,hybrid,logistic_regression,5,2,1435,1,1,0.5786861107808259
aeeem_pde,hybrid,logistic_regression,5,2,1442,1,1,0.7896409151315283
aeeem_pde,hybrid,logistic_regression,5,2,1443,0,0,0.3535851773829814
aeeem_pde,hybrid,logistic_regression,5,2,1444,1,0,0.344063753107894
aeeem_pde,hybrid,logistic_regression,5,2,1446,0,1,0.8123588153118252
aeeem_pde,hybrid,logistic_regression,5,2,1463,0,0,0.4482177521654715
aeeem_pde,hybrid,logistic_regression,5,2,1466,0,0,0.29531297863279676
aeeem_pde,hybrid,logistic_regression,5,2,1472,0,1,0.5347738931522594
aeeem_pde,hybrid,logistic_regression,5,2,1475,0,0,0.2919462282328327
aeeem_pde,hybrid,logistic_regression,5,2,1478,0,0,0.2749211726898112
aeeem_pde,hybrid,logistic_regression,5,2,1480,0,0,0.205032335264188
aeeem_pde,hybrid,logistic_regression,5,2,1484,1,1,0.9066595137826661
aeeem_pde,hybrid,logistic_regression,5,2,1488,0,0,0.33152678449278467
aeeem_pde,hybrid,logistic_regression,5,2,1490,0,1,0.5508046765110726
aeeem_pde,hybrid,logistic_regression,5,3,6,1,1,0.9999999983252907
aeeem_pde,hybrid,logistic_regression,5,3,9,0,0,0.29042723008202315
aeeem_pde,hybrid,logistic_regression,5,3,12,0,0,0.15848967626383226
aeeem_pde,hybrid,logistic_regression,5,3,14,0,0,0.11547664879890855
aeeem_pde,hybrid,logistic_regression,5,3,18,0,0,0.4030916704409738
aeeem_pde,hybrid,logistic_regression,5,3,20,0,0,0.20232527360801053
aeeem_pde,hybrid,logistic_regression,5,3,27,0,0,0.4348535949599382
aeeem_pde,hybrid,logistic_regression,5,3,28,0,0,0.3720968588282653
aeeem_pde,hybrid,logistic_regression,5,3,54,0,0,0.2593664566453073
aeeem_pde,hybrid,logistic_regression,5,3,61,0,0,0.0011686276536212756
aeeem_pde,hybrid,logistic_regression,5,3,63,1,1,0.9052187073208805
aeeem_pde,hybrid,logistic_regression,5,3,68,0,1,0.8488411836567925
aeeem_pde,hybrid,logistic_regression,5,3,70,0,0,0.0383970569731082
aeeem_pde,hybrid,logistic_regression,5,3,72,0,0,0.4507123548862412
aeeem_pde,hybrid,logistic_regression,5,3,73,0,0,0.07089764366823118
aeeem_pde,hybrid,logistic_regression,5,3,77,0,1,0.6324802989943774
aeeem_pde,hybrid,logistic_regression,5,3,84,0,0,0.03536350872721257
aeeem_pde,hybrid,logistic_regression,5,3,92,0,0,0.4968238645059962
aeeem_pde,hybrid,logistic_regression,5,3,95,0,0,0.030417669377857958
aeeem_pde,hybrid,logistic_regression,5,3,98,0,0,0.2753157722058674
aeeem_pde,hybrid,logistic_regression,5,3,103,1,0,0.4537787367567905
aeeem_pde,hybrid,logistic_regression,5,3,107,0,0,0.033777507373237724
aeeem_pde,hybrid,logistic_regression,5,3,109,0,0,0.14371017162089444
aeeem_pde,hybrid,logistic_regression,5,3,116,0,0,0.3345547664940033
aeeem_pde,hybrid,logistic_regression,5,3,117,0,0,0.448372708531755
aeeem_pde,hybrid,logistic_regression,5,3,126,1,0,0.3939374106477492
aeeem_pde,hybrid,logistic_regression,5,3,127,0,0,0.15310494462278373
aeeem_pde,hybrid,logistic_regression,5,3,128,0,0,0.22552270423104295
aeeem_pde,hybrid,logistic_regression,5,3,130,1,0,0.393354083825758
aeeem_pde,hybrid,logistic_regression,5,3,136,1,1,0.6107728977524195
aeeem_pde,hybrid,logistic_regression,5,3,142,0,0,0.26399658217497984
aeeem_pde,hybrid,logistic_regression,5,3,145,0,0,0.3238608509673124
aeeem_pde,hybrid,logistic_regression,5,3,155,0,0,0.0582198904062027
aeeem_pde,hybrid,logistic_regression,5,3,157,0,0,0.16827118078940959
aeeem_pde,hybrid,logistic_regression,5,3,161,1,1,0.5892958740228739
aeeem_pde,hybrid,logistic_regression,5,3,171,0,1,0.6129747550325421
aeeem_pde,hybrid,logistic_regression,5,3,175,0,0,0.07862689159659261
aeeem_pde,hybrid,logistic_regression,5,3,183,0,1,0.556365400896169
aeeem_pde,hybrid,logistic_regression,5,3,184,0,0,0.1496173019808503
aeeem_pde,hybrid,logistic_regression,5,3,207,0,0,0.010632287310591824
aeeem_pde,hybrid,logistic_regression,5,3,208,0,0,0.08610377479642671
aeeem_pde,hybrid,logistic_regression,5,3,215,0,0,0.27090979893940487
aeeem_pde,hybrid,logistic_regression,5,3,220,0,0,0.0815846507557432
aeeem_pde,hybrid,logistic_regression,5,3,237,0,0,0.03797913794003273
aeeem_pde,hybrid,logistic_regression,5,3,241,0,1,0.565482328941297
aeeem_pde,hybrid,logistic_regression,5,3,242,0,0,0.37267781281022716
aeeem_pde,hybrid,logistic_regression,5,3,245,0,0,0.45449913482259907
aeeem_pde,hybrid,logistic_regression,5,3,249,0,0,0.25435422049705686
aeeem_pde,hybrid,logistic_regression,5,3,251,0,0,0.07758193676358907
aeeem_pde,hybrid,logistic_regression,5,3,253,0,0,0.0014556183219002526
aeeem_pde,hybrid,logistic_regression,5,3,263,0,0,0.0571262393222356
aeeem_pde,hybrid,logistic_regression,5,3,264,1,0,0.3374419314694921
aeeem_pde,hybrid,logistic_regression,5,3,267,1,0,0.19241417266112132
aeeem_pde,hybrid,logistic_regression,5,3,275,1,0,0.2792595566300713
aeeem_pde,hybrid,logistic_regression,5,3,286,0,0,0.1824950214312662
aeeem_pde,hybrid,logistic_regression,5,3,289,0,1,0.758824053341
aeeem_pde,hybrid,logistic_regression,5,3,291,0,0,0.055369581674240935
aeeem_pde,hybrid,logistic_regression,5,3,292,0,0,0.18638879236829076
aeeem_pde,hybrid,logistic_regression,5,3,293,0,1,0.57411439668786
aeeem_pde,hybrid,logistic_regression,5,3,300,0,0,0.032088300922003744
aeeem_pde,hybrid,logistic_regression,5,3,301,0,0,0.32839753972875374
aeeem_pde,hybrid,logistic_regression,5,3,308,0,0,0.3870221256646129
aeeem_pde,hybrid,logistic_regression,5,3,310,0,0,0.08968991843621774
aeeem_pde,hybrid,logistic_regression,5,3,318,0,0,0.014168649103003165
aeeem_pde,hybrid,logistic_regression,5,3,319,1,0,0.31101137824001873
aeeem_pde,hybrid,logistic_regression,5,3,325,0,1,0.5207138866392419
aeeem_pde,hybrid,logistic_regression,5,3,329,1,1,0.756106981979595
aeeem_pde,hybrid,logistic_regression,5,3,334,1,1,0.9562754675358894
aeeem_pde,hybrid,logistic_regression,5,3,340,0,0,0.2964791256431955
aeeem_pde,hybrid,logistic_regression,5,3,341,0,0,0.16805905883174935
aeeem_pde,hybrid,logistic_regression,5,3,348,0,0,0.11519349037108381
aeeem_pde,hybrid,logistic_regression,5,3,349,0,0,0.015284473124875264
aeeem_pde,hybrid,logistic_regression,5,3,357,0,1,0.5556746887759886
aeeem_pde,hybrid,logistic_regression,5,3,359,0,0,0.0853328196404219
aeeem_pde,hybrid,logistic_regression,5,3,363,0,0,0.0946168932214792
aeeem_pde,hybrid,logistic_regression,5,3,366,0,0,0.4095994789812559
aeeem_pde,hybrid,logistic_regression,5,3,368,0,0,0.43737424402693037
aeeem_pde,hybrid,logistic_regression,5,3,369,0,0,0.47255321752837876
aeeem_pde,hybrid,logistic_regression,5,3,370,1,1,0.9974356130056813
aeeem_pde,hybrid,logistic_regression,5,3,374,0,0,0.23264381419014357
aeeem_pde,hybrid,logistic_regression,5,3,382,0,1,0.5414172956093013
aeeem_pde,hybrid,logistic_regression,5,3,384,0,0,0.23041787048335927
aeeem_pde,hybrid,logistic_regression,5,3,387,0,0,0.036290949862602624
aeeem_pde,hybrid,logistic_regression,5,3,394,0,0,0.14438702603964568
aeeem_pde,hybrid,logistic_regression,5,3,402,0,0,0.3319996289718947
aeeem_pde,hybrid,logistic_regression,5,3,406,0,0,0.31212487963042945
aeeem_pde,hybrid,logistic_regression,5,3,408,0,1,0.7368965101365521
aeeem_pde,hybrid,logistic_regression,5,3,409,0,0,0.18851954397691986
aeeem_pde,hybrid,logistic_regression,5,3,424,0,0,0.30971971408750965
aeeem_pde,hybrid,logistic_regression,5,3,425,0,0,0.3047266092708333
aeeem_pde,hybrid,logistic_regression,5,3,428,0,1,0.9731976893485377
aeeem_pde,hybrid,logistic_regression,5,3,436,0,0,0.39781859773224737
aeeem_pde,hybrid,logistic_regression,5,3,438,0,0,0.18953903108524858
aeeem_pde,hybrid,logistic_regression,5,3,444,0,0,0.11506157535623933
aeeem_pde,hybrid,logistic_regression,5,3,448,0,0,0.25553849958018865
aeeem_pde,hybrid,logistic_regression,5,3,451,0,0,0.08215281205131436
aeeem_pde,hybrid,logistic_regression,5,3,452,0,0,0.0577335158124334
aeeem_pde,hybrid,logistic_regression,5,3,454,0,0,0.11938795095007368
aeeem_pde,hybrid,logistic_regression,5,3,464,0,1,0.7952843850016382
aeeem_pde,hybrid,logistic_regression,5,3,471,0,0,0.061444525364652905
aeeem_pde,hybrid,logistic_regression,5,3,484,0,0,0.14968491480720642
aeeem_pde,hybrid,logistic_regression,5,3,492,0,0,0.2637802235027588
aeeem_pde,hybrid,logistic_regression,5,3,495,1,1,0.8719931084766018
aeeem_pde,hybrid,logistic_regression,5,3,499,0,1,0.5753463679642021
aeeem_pde,hybrid,logistic_regression,5,3,500,0,0,0.30176769152519217
aeeem_pde,hybrid,logistic_regression,5,3,501,0,0,0.008506957622799226
aeeem_pde,hybrid,logistic_regression,5,3,502,0,0,0.22412626852728043
aeeem_pde,hybrid,logistic_regression,5,3,522,0,1,0.5768464408080833
aeeem_pde,hybrid,logistic_regression,5,3,525,0,0,0.13884728994554074
aeeem_pde,hybrid,logistic_regression,5,3,529,0,0,0.20066267795659937
aeeem_pde,hybrid,logistic_regression,5,3,534,0,0,0.2830528647759731
aeeem_pde,hybrid,logistic_regression,5,3,547,0,0,0.0024956769025739536
aeeem_pde,hybrid,logistic_regression,5,3,555,0,0,0.43656400781363586
aeeem_pde,hybrid,logistic_regression,5,3,556,0,0,0.45980838269292873
aeeem_pde,hybrid,logistic_regression,5,3,574,0,0,0.061444862007952905
aeeem_pde,hybrid,logistic_regression,5,3,587,0,0,0.33247916252409493
aeeem_pde,hybrid,logistic_regression,5,3,590,1,0,0.01759061183436562
aeeem_pde,hybrid,logistic_regression,5,3,591,0,1,0.5979119213677369
aeeem_pde,hybrid,logistic_regression,5,3,596,0,0,0.08345582373609178
aeeem_pde,hybrid,logistic_regression,5,3,598,0,0,0.28918002204107335
aeeem_pde,hybrid,logistic_regression,5,3,600,0,0,0.43695652631716625
aeeem_pde,hybrid,logistic_regression,5,3,605,0,0,0.1750112918422767
aeeem_pde,hybrid,logistic_regression,5,3,609,0,0,0.009902096568429178
aeeem_pde,hybrid,logistic_regression,5,3,611,0,0,0.11620022421766264
aeeem_pde,hybrid,logistic_regression,5,3,614,0,0,0.014356360651960796
aeeem_pde,hybrid,logistic_regression,5,3,618,0,1,0.5144686017899107
aeeem_pde,hybrid,logistic_regression,5,3,619,0,1,0.5693972119875131
aeeem_pde,hybrid,logistic_regression,5,3,624,1,0,0.31569927337844095
aeeem_pde,hybrid,logistic_regression,5,3,627,0,0,0.3035028240467635
aeeem_pde,hybrid,logistic_regression,5,3,629,0,0,0.3099358845431842
aeeem_pde,hybrid,logistic_regression,5,3,630,0,1,0.5059696244310317
aeeem_pde,hybrid,logistic_regression,5,3,631,0,0,0.45164144967221076
aeeem_pde,hybrid,logistic_regression,5,3,632,0,0,0.2718881834957788
aeeem_pde,hybrid,logistic_regression,5,3,637,0,0,0.35292429694478794
aeeem_pde,hybrid,logistic_regression,5,3,640,0,0,0.0024082229215098604
aeeem_pde,hybrid,logistic_regression,5,3,641,0,0,0.20677497672389875
aeeem_pde,hybrid,logistic_regression,5,3,653,0,0,0.16808027740745848
aeeem_pde,hybrid,logistic_regression,5,3,658,0,0,0.24363352241266809
aeeem_pde,hybrid,logistic_regression,5,3,677,0,0,0.11634674449483758
aeeem_pde,hybrid,logistic_regression,5,3,682,1,0,0.0354135575130915
aeeem_pde,hybrid,logistic_regression,5,3,684,0,0,0.28051959375897045
aeeem_pde,hybrid,logistic_regression,5,3,689,0,0,0.33499806983817965
aeeem_pde,hybrid,logistic_regression,5,3,692,0,0,0.46383447971928604
aeeem_pde,hybrid,logistic_regression,5,3,700,0,0,0.11861660499107998
aeeem_pde,hybrid,logistic_regression,5,3,702,0,0,0.2023288222179283
aeeem_pde,hybrid,logistic_regression,5,3,703,0,0,0.27805009079627935
aeeem_pde,hybrid,logistic_regression,5,3,710,1,1,0.8609575983297222
aeeem_pde,hybrid,logistic_regression,5,3,720,0,0,0.027187047738356326
aeeem_pde,hybrid,logistic_regression,5,3,722,0,0,0.15133898525453476
aeeem_pde,hybrid,logistic_regression,5,3,724,0,0,0.4534879683043969
aeeem_pde,hybrid,logistic_regression,5,3,731,0,0,0.10365524372919101
aeeem_pde,hybrid,logistic_regression,5,3,735,0,0,0.1463000665163942
aeeem_pde,hybrid,logistic_regression,5,3,740,1,0,0.11835643168835083
aeeem_pde,hybrid,logistic_regression,5,3,752,0,1,0.6101024828927263
aeeem_pde,hybrid,logistic_regression,5,3,754,0,0,0.1474872252653003
aeeem_pde,hybrid,logistic_regression,5,3,758,0,0,0.08063876027008506
aeeem_pde,hybrid,logistic_regression,5,3,767,0,0,0.3366286658861229
aeeem_pde,hybrid,logistic_regression,5,3,786,0,1,0.561356876352711
aeeem_pde,hybrid,logistic_regression,5,3,791,0,1,0.5746319998883876
aeeem_pde,hybrid,logistic_regression,5,3,798,1,0,0.0005993342344047752
aeeem_pde,hybrid,logistic_regression,5,3,799,1,1,0.9107077713772553
aeeem_pde,hybrid,logistic_regression,5,3,808,1,1,0.9595071941750162
aeeem_pde,hybrid,logistic_regression,5,3,810,0,0,0.23714922056389845
aeeem_pde,hybrid,logistic_regression,5,3,818,1,0,0.25614667165572547
aeeem_pde,hybrid,logistic_regression,5,3,819,0,1,0.5016352476193152
aeeem_pde,hybrid,logistic_regression,5,3,822,0,0,0.06447314641156024
aeeem_pde,hybrid,logistic_regression,5,3,826,0,0,0.2794313742624186
aeeem_pde,hybrid,logistic_regression,5,3,829,0,0,0.019779876986875375
aeeem_pde,hybrid,logistic_regression,5,3,835,0,0,0.10521287571459133
aeeem_pde,hybrid,logistic_regression,5,3,837,0,1,0.9263064610415326
aeeem_pde,hybrid,logistic_regression,5,3,849,1,0,0.12237800867614242
aeeem_pde,hybrid,logistic_regression,5,3,850,0,0,0.0014556183219002526
aeeem_pde,hybrid,logistic_regression,5,3,853,0,0,0.3874986261751313
aeeem_pde,hybrid,logistic_regression,5,3,854,0,0,0.3291112718192629
aeeem_pde,hybrid,logistic_regression,5,3,859,1,0,0.3569915460564465
aeeem_pde,hybrid,logistic_regression,5,3,872,0,0,0.0682579706976794
aeeem_pde,hybrid,logistic_regression,5,3,887,0,0,0.2206182880639959
aeeem_pde,hybrid,logistic_regression,5,3,891,1,0,0.010947399679718557
aeeem_pde,hybrid,logistic_regression,5,3,894,0,0,0.04609010421135022
aeeem_pde,hybrid,logistic_regression,5,3,896,1,0,0.13636345943069958
aeeem_pde,hybrid,logistic_regression,5,3,898,0,0,0.4470940962186015
aeeem_pde,hybrid,logistic_regression,5,3,905,0,0,0.27043747952502223
aeeem_pde,hybrid,logistic_regression,5,3,908,0,0,0.1518175754496502
aeeem_pde,hybrid,logistic_regression,5,3,909,0,0,0.1269413072727759
aeeem_pde,hybrid,logistic_regression,5,3,913,0,0,0.3304207063232019
aeeem_pde,hybrid,logistic_regression,5,3,914,0,1,0.7587711893870747
aeeem_pde,hybrid,logistic_regression,5,3,916,0,0,0.41599328773225414
aeeem_pde,hybrid,logistic_regression,5,3,925,0,0,0.11176131786400349
aeeem_pde,hybrid,logistic_regression,5,3,928,0,0,3.690106151923639e-05
aeeem_pde,hybrid,logistic_regression,5,3,929,0,1,0.5259468065662819
aeeem_pde,hybrid,logistic_regression,5,3,934,0,0,0.2869497851430435
aeeem_pde,hybrid,logistic_regression,5,3,943,0,0,0.3914295751815204
aeeem_pde,hybrid,logistic_regression,5,3,948,0,0,0.0015798802873770643
aeeem_pde,hybrid,logistic_regression,5,3,953,0,0,0.41957205645054196
aeeem_pde,hybrid,logistic_regression,5,3,954,0,0,0.4134210473022754
aeeem_pde,hybrid,logistic_regression,5,3,957,0,0,0.4244315397791696
aeeem_pde,hybrid,logistic_regression,5,3,958,0,1,0.7501751245910767
aeeem_pde,hybrid,logistic_regression,5,3,971,0,0,0.3024114692281747
aeeem_pde,hybrid,logistic_regression,5,3,972,0,1,0.5339384567820211
aeeem_pde,hybrid,logistic_regression,5,3,984,1,1,0.760858176247644
aeeem_pde,hybrid,logistic_regression,5,3,987,0,0,0.2417533282917596
aeeem_pde,hybrid,logistic_regression,5,3,988,0,0,0.041440290981554946
aeeem_pde,hybrid,logistic_regression,5,3,989,0,0,0.15294927471358913
aeeem_pde,hybrid,logistic_regression,5,3,992,0,0,0.09532909715983115
aeeem_pde,hybrid,logistic_regression,5,3,995,0,1,0.9012858584345624
aeeem_pde,hybrid,logistic_regression,5,3,1005,1,1,0.9223604956303518
aeeem_pde,hybrid,logistic_regression,5,3,1010,0,0,0.11545488983670196
aeeem_pde,hybrid,logistic_regression,5,3,1021,0,0,0.2473494846706314
aeeem_pde,hybrid,logistic_regression,5,3,1023,0,0,0.43376567222186063
aeeem_pde,hybrid,logistic_regression,5,3,1032,0,0,0.0080852049615879
aeeem_pde,hybrid,logistic_regression,5,3,1034,0,0,0.4308056240651708
aeeem_pde,hybrid,logistic_regression,5,3,1038,0,0,0.22292727797328785
aeeem_pde,hybrid,logistic_regression,5,3,1040,0,1,0.5090918911322256
aeeem_pde,hybrid,logistic_regression,5,3,1050,0,0,0.345035831775362
aeeem_pde,hybrid,logistic_regression,5,3,1053,0,0,0.46254135449447625
aeeem_pde,hybrid,logistic_regression,5,3,1057,0,0,0.059736336780447014
aeeem_pde,hybrid,logistic_regression,5,3,1059,0,0,0.4367164196199583
aeeem_pde,hybrid,logistic_regression,5,3,1061,0,0,0.3310278483474165
aeeem_pde,hybrid,logistic_regression,5,3,1067,0,0,0.46191594489830534
aeeem_pde,hybrid,logistic_regression,5,3,1075,0,1,0.5916725967232348
aeeem_pde,hybrid,logistic_regression,5,3,1079,0,1,0.9769687482409288
aeeem_pde,hybrid,logistic_regression,5,3,1080,0,1,0.5628769426327596
aeeem_pde,hybrid,logistic_regression,5,3,1089,0,0,0.4634867789523559
aeeem_pde,hybrid,logistic_regression,5,3,1099,0,0,0.010412635670884587
aeeem_pde,hybrid,logistic_regression,5,3,1101,0,0,0.10664674242340595
aeeem_pde,hybrid,logistic_regression,5,3,1102,0,0,0.24886924959846632
aeeem_pde,hybrid,logistic_regression,5,3,1105,0,1,0.9193048042786991
aeeem_pde,hybrid,logistic_regression,5,3,1114,0,0,0.1361564200071207
aeeem_pde,hybrid,logistic_regression,5,3,1117,1,0,0.3542001686638054
aeeem_pde,hybrid,logistic_regression,5,3,1122,0,0,0.17512325431605785
aeeem_pde,hybrid,logistic_regression,5,3,1135,0,0,0.29253405046600295
aeeem_pde,hybrid,logistic_regression,5,3,1136,0,1,0.5320923454927452
aeeem_pde,hybrid,logistic_regression,5,3,1141,1,0,0.3248768033733817
aeeem_pde,hybrid,logistic_regression,5,3,1142,1,0,0.4426787524726085
aeeem_pde,hybrid,logistic_regression,5,3,1154,0,1,0.8554120973997448
aeeem_pde,hybrid,logistic_regression,5,3,1156,0,0,0.002919458013399169
aeeem_pde,hybrid,logistic_regression,5,3,1160,0,0,0.3953031177619617
aeeem_pde,hybrid,logistic_regression,5,3,1162,0,0,0.22022333993938775
aeeem_pde,hybrid,logistic_regression,5,3,1165,0,0,0.07362104114730847
aeeem_pde,hybrid,logistic_regression,5,3,1167,0,0,0.4498268786756705
aeeem_pde,hybrid,logistic_regression,5,3,1186,0,0,0.041497364808088716
aeeem_pde,hybrid,logistic_regression,5,3,1192,0,0,0.01606376305514695
aeeem_pde,hybrid,logistic_regression,5,3,1197,0,1,0.9402087878038627
aeeem_pde,hybrid,logistic_regression,5,3,1198,1,1,0.9055313404063072
aeeem_pde,hybrid,logistic_regression,5,3,1201,0,0,0.32752010069430754
aeeem_pde,hybrid,logistic_regression,5,3,1212,1,0,0.07736006277973242
aeeem_pde,hybrid,logistic_regression,5,3,1221,0,0,0.28563125841175685
aeeem_pde,hybrid,logistic_regression,5,3,1226,0,0,0.31865816717796525
aeeem_pde,hybrid,logistic_regression,5,3,1227,0,1,0.6070081107080612
aeeem_pde,hybrid,logistic_regression,5,3,1246,0,0,0.24473423153783938
aeeem_pde,hybrid,logistic_regression,5,3,1263,0,0,0.29834139011389615
aeeem_pde,hybrid,logistic_regression,5,3,1270,0,0,0.22126525724343013
aeeem_pde,hybrid,logistic_regression,5,3,1273,0,0,0.31798303770647984
aeeem_pde,hybrid,logistic_regression,5,3,1282,0,1,0.6417618369760089
aeeem_pde,hybrid,logistic_regression,5,3,1285,0,1,0.6640842884325036
aeeem_pde,hybrid,logistic_regression,5,3,1287,0,0,0.3676657661371549
aeeem_pde,hybrid,logistic_regression,5,3,1305,1,0,0.42897312027278633
aeeem_pde,hybrid,logistic_regression,5,3,1306,0,0,0.41921189040607404
aeeem_pde,hybrid,logistic_regression,5,3,1310,0,0,0.28005363411192047
aeeem_pde,hybrid,logistic_regression,5,3,1315,0,0,0.15180653511457465
aeeem_pde,hybrid,logistic_regression,5,3,1316,1,0,0.29109236447236697
aeeem_pde,hybrid,logistic_regression,5,3,1319,0,1,0.7219118054433981
aeeem_pde,hybrid,logistic_regression,5,3,1320,0,0,0.17114148500614548
aeeem_pde,hybrid,logistic_regression,5,3,1322,0,1,0.6423804747717805
aeeem_pde,hybrid,logistic_regression,5,3,1323,0,0,0.14375113108645102
aeeem_pde,hybrid,logistic_regression,5,3,1327,0,0,0.12247993094612195
aeeem_pde,hybrid,logistic_regression,5,3,1330,0,0,0.4089147580651329
aeeem_pde,hybrid,logistic_regression,5,3,1331,0,0,0.3439913539002594
aeeem_pde,hybrid,logistic_regression,5,3,1332,0,0,0.29391150313057923
aeeem_pde,hybrid,logistic_regression,5,3,1334,0,1,0.6331968786500238
aeeem_pde,hybrid,logistic_regression,5,3,1337,0,1,0.7231007616479166
aeeem_pde,hybrid,logistic_regression,5,3,1338,0,0,0.03865200431792677
aeeem_pde,hybrid,logistic_regression,5,3,1339,1,0,0.05650385869617613
aeeem_pde,hybrid,logistic_regression,5,3,1344,0,0,0.02743464144644633
aeeem_pde,hybrid,logistic_regression,5,3,1346,0,0,0.0014556183219002526
aeeem_pde,hybrid,logistic_regression,5,3,1355,0,0,0.3305479987631974
aeeem_pde,hybrid,logistic_regression,5,3,1359,0,0,0.39309196928055046
aeeem_pde,hybrid,logistic_regression,5,3,1360,0,1,0.6471778348555663
aeeem_pde,hybrid,logistic_regression,5,3,1362,0,0,0.09584350800611273
aeeem_pde,hybrid,logistic_regression,5,3,1363,0,1,0.5951393682595458
aeeem_pde,hybrid,logistic_regression,5,3,1383,0,0,0.2896073166589093
aeeem_pde,hybrid,logistic_regression,5,3,1389,0,0,0.17686940814588317
aeeem_pde,hybrid,logistic_regression,5,3,1392,0,0,0.3040417859716861
aeeem_pde,hybrid,logistic_regression,5,3,1397,1,1,0.9666944010989726
aeeem_pde,hybrid,logistic_regression,5,3,1403,0,0,0.1993153967401208
aeeem_pde,hybrid,logistic_regression,5,3,1410,0,0,0.3789168522514569
aeeem_pde,hybrid,logistic_regression,5,3,1420,0,0,0.0014344425291562789
aeeem_pde,hybrid,logistic_regression,5,3,1422,0,0,0.027572139595483675
aeeem_pde,hybrid,logistic_regression,5,3,1423,1,0,0.1031443813382096
aeeem_pde,hybrid,logistic_regression,5,3,1425,0,1,0.9983853762067116
aeeem_pde,hybrid,logistic_regression,5,3,1437,0,0,0.3957367490242668
aeeem_pde,hybrid,logistic_regression,5,3,1445,0,0,0.24511408090674391
aeeem_pde,hybrid,logistic_regression,5,3,1448,1,0,0.17601808053542678
aeeem_pde,hybrid,logistic_regression,5,3,1453,0,0,0.2534296406836405
aeeem_pde,hybrid,logistic_regression,5,3,1456,0,0,0.2634142832327344
aeeem_pde,hybrid,logistic_regression,5,3,1458,0,0,0.12860554452789658
aeeem_pde,hybrid,logistic_regression,5,3,1462,0,0,0.1630350591053058
aeeem_pde,hybrid,logistic_regression,5,3,1468,0,0,0.18393056720032772
aeeem_pde,hybrid,logistic_regression,5,3,1481,0,0,0.15382852543633518
aeeem_pde,hybrid,logistic_regression,5,4,17,1,1,0.5021497171782002
aeeem_pde,hybrid,logistic_regression,5,4,21,0,1,0.6459886511984955
aeeem_pde,hybrid,logistic_regression,5,4,30,0,0,0.40410277251453225
aeeem_pde,hybrid,logistic_regression,5,4,35,1,1,0.8871613416574268
aeeem_pde,hybrid,logistic_regression,5,4,41,0,0,0.10440867618748505
aeeem_pde,hybrid,logistic_regression,5,4,42,0,0,0.11883799942235573
aeeem_pde,hybrid,logistic_regression,5,4,44,0,1,0.6853513366260179
aeeem_pde,hybrid,logistic_regression,5,4,51,0,1,0.5794145448608827
aeeem_pde,hybrid,logistic_regression,5,4,56,0,0,0.3930112961368516
aeeem_pde,hybrid,logistic_regression,5,4,58,0,0,0.22989086558893462
aeeem_pde,hybrid,logistic_regression,5,4,69,0,0,0.11310052100934272
aeeem_pde,hybrid,logistic_regression,5,4,74,0,0,0.26115893100967963
aeeem_pde,hybrid,logistic_regression,5,4,75,0,1,0.5027002636466376
aeeem_pde,hybrid,logistic_regression,5,4,76,0,0,0.14283490240217495
aeeem_pde,hybrid,logistic_regression,5,4,86,0,0,0.060174310095794985
aeeem_pde,hybrid,logistic_regression,5,4,91,0,0,0.4305486491678096
aeeem_pde,hybrid,logistic_regression,5,4,102,0,1,0.7544714339464355
aeeem_pde,hybrid,logistic_regression,5,4,113,1,0,0.28524773719947016
aeeem_pde,hybrid,logistic_regression,5,4,115,0,0,0.06940225452283112
aeeem_pde,hybrid,logistic_regression,5,4,119,0,0,0.4208591207956731
aeeem_pde,hybrid,logistic_regression,5,4,120,1,0,0.053914367078347444
aeeem_pde,hybrid,logistic_regression,5,4,123,0,0,0.410379585429823
aeeem_pde,hybrid,logistic_regression,5,4,131,0,0,0.36144901127276485
aeeem_pde,hybrid,logistic_regression,5,4,133,0,0,0.37148341029345566
aeeem_pde,hybrid,logistic_regression,5,4,135,0,0,0.10853018225287149
aeeem_pde,hybrid,logistic_regression,5,4,140,0,0,0.30658341205592315
aeeem_pde,hybrid,logistic_regression,5,4,144,1,1,0.9967183181816371
aeeem_pde,hybrid,logistic_regression,5,4,153,0,1,0.5568171528773143
aeeem_pde,hybrid,logistic_regression,5,4,160,1,0,0.4022957238189417
aeeem_pde,hybrid,logistic_regression,5,4,162,0,0,0.284207154746037
aeeem_pde,hybrid,logistic_regression,5,4,177,0,0,0.4558548484474645
aeeem_pde,hybrid,logistic_regression,5,4,185,0,0,0.17116568670110643
aeeem_pde,hybrid,logistic_regression,5,4,189,0,0,0.43628651368118393
aeeem_pde,hybrid,logistic_regression,5,4,192,0,0,0.2755809085445303
aeeem_pde,hybrid,logistic_regression,5,4,195,0,0,0.42255094314107927
aeeem_pde,hybrid,logistic_regression,5,4,199,0,1,0.743141984924646
aeeem_pde,hybrid,logistic_regression,5,4,211,0,0,0.3180639848681462
aeeem_pde,hybrid,logistic_regression,5,4,216,0,0,0.16378154621147792
aeeem_pde,hybrid,logistic_regression,5,4,229,0,0,0.20488888638416108
aeeem_pde,hybrid,logistic_regression,5,4,231,0,0,0.28222673033437323
aeeem_pde,hybrid,logistic_regression,5,4,232,1,1,0.9630157155024386
aeeem_pde,hybrid,logistic_regression,5,4,236,0,0,0.07108844467701145
aeeem_pde,hybrid,logistic_regression,5,4,239,0,0,0.34207330569992483
aeeem_pde,hybrid,logistic_regression,5,4,240,0,0,0.3610775719770427
aeeem_pde,hybrid,logistic_regression,5,4,255,0,0,0.09143076102483905
aeeem_pde,hybrid,logistic_regression,5,4,256,0,0,0.41769760799412287
aeeem_pde,hybrid,logistic_regression,5,4,257,0,0,0.43160140999578206
aeeem_pde,hybrid,logistic_regression,5,4,258,0,0,0.35263758002317686
aeeem_pde,hybrid,logistic_regression,5,4,259,0,0,0.09613330757220491
aeeem_pde,hybrid,logistic_regression,5,4,260,0,0,0.26960207139970876
aeeem_pde,hybrid,logistic_regression,5,4,266,0,0,0.2507713321083326
aeeem_pde,hybrid,logistic_regression,5,4,269,0,1,0.6415953726618414
aeeem_pde,hybrid,logistic_regression,5,4,271,0,0,0.28028709090312537
aeeem_pde,hybrid,logistic_regression,5,4,277,0,1,0.6460097585907085
aeeem_pde,hybrid,logistic_regression,5,4,278,0,0,0.0075605313134468185
aeeem_pde,hybrid,logistic_regression,5,4,302,1,0,0.4081110721008088
aeeem_pde,hybrid,logistic_regression,5,4,303,0,0,0.35827709994854434
aeeem_pde,hybrid,logistic_regression,5,4,306,1,0,0.24059876247106962
aeeem_pde,hybrid,logistic_regression,5,4,314,0,1,0.870397578942524
aeeem_pde,hybrid,logistic_regression,5,4,320,0,0,0.3704793651344617
aeeem_pde,hybrid,logistic_regression,5,4,323,0,1,0.7373098752990959
aeeem_pde,hybrid,logistic_regression,5,4,331,0,0,0.10115731742567176
aeeem_pde,hybrid,logistic_regression,5,4,339,0,0,0.24464642278704377
aeeem_pde,hybrid,logistic_regression,5,4,342,0,0,0.1457008043463072
aeeem_pde,hybrid,logistic_regression,5,4,344,0,0,0.4272596297665213
aeeem_pde,hybrid,logistic_regression,5,4,350,0,1,0.9020860999255159
aeeem_pde,hybrid,logistic_regression,5,4,352,0,0,0.32512042519130047
aeeem_pde,hybrid,logistic_regression,5,4,354,0,0,0.40485113542350837
aeeem_pde,hybrid,logistic_regression,5,4,360,0,0,0.4386772014703265
aeeem_pde,hybrid,logistic_regression,5,4,365,0,1,0.6017107999461803
aeeem_pde,hybrid,logistic_regression,5,4,378,0,0,0.16619200419108124
aeeem_pde,hybrid,logistic_regression,5,4,383,0,0,0.15392681504601824
aeeem_pde,hybrid,logistic_regression,5,4,388,1,0,0.1492684073063195
aeeem_pde,hybrid,logistic_regression,5,4,390,0,0,0.39163160610114267
aeeem_pde,hybrid,logistic_regression,5,4,391,0,1,0.7656791147363503
aeeem_pde,hybrid,logistic_regression,5,4,399,0,1,0.808333641046178
aeeem_pde,hybrid,logistic_regression,5,4,403,0,0,0.28989724550600554
aeeem_pde,hybrid,logistic_regression,5,4,411,1,1,0.9866683548373548
aeeem_pde,hybrid,logistic_regression,5,4,412,1,0,0.24538642107041536
aeeem_pde,hybrid,logistic_regression,5,4,413,0,0,0.45372990182728506
aeeem_pde,hybrid,logistic_regression,5,4,419,1,1,0.9945344324955421
aeeem_pde,hybrid,logistic_regression,5,4,420,0,0,0.07652004399986136
aeeem_pde,hybrid,logistic_regression,5,4,421,1,1,0.6742790475612146
aeeem_pde,hybrid,logistic_regression,5,4,429,0,0,0.21925419590017617
aeeem_pde,hybrid,logistic_regression,5,4,437,0,1,0.6255939537545708
aeeem_pde,hybrid,logistic_regression,5,4,440,0,0,0.05120755537808197
aeeem_pde,hybrid,logistic_regression,5,4,443,1,1,0.6574600463707339
aeeem_pde,hybrid,logistic_regression,5,4,445,0,0,0.21356042428536123
aeeem_pde,hybrid,logistic_regression,5,4,449,0,0,0.36198030342581633
aeeem_pde,hybrid,logistic_regression,5,4,450,0,0,0.24044807885662636
aeeem_pde,hybrid,logistic_regression,5,4,456,0,0,0.2189138186777136
aeeem_pde,hybrid,logistic_regression,5,4,457,1,0,0.24614022903663596
aeeem_pde,hybrid,logistic_regression,5,4,459,0,0,0.38399246896030875
aeeem_pde,hybrid,logistic_regression,5,4,460,0,0,0.2548935581647414
aeeem_pde,hybrid,logistic_regression,5,4,470,1,1,0.6321868739036549
aeeem_pde,hybrid,logistic_regression,5,4,478,0,0,0.2807310518881763
aeeem_pde,hybrid,logistic_regression,5,4,481,0,0,0.29789356428357183
aeeem_pde,hybrid,logistic_regression,5,4,482,0,0,0.45312742803337736
aeeem_pde,hybrid,logistic_regression,5,4,494,1,0,0.052949956388775754
aeeem_pde,hybrid,logistic_regression,5,4,504,0,1,0.5670636560925285
aeeem_pde,hybrid,logistic_regression,5,4,506,0,0,0.3562133290629356
aeeem_pde,hybrid,logistic_regression,5,4,507,0,0,0.06902838855290112
aeeem_pde,hybrid,logistic_regression,5,4,510,0,0,0.20753344354195732
aeeem_pde,hybrid,logistic_regression,5,4,515,1,0,0.1902936471960721
aeeem_pde,hybrid,logistic_regression,5,4,516,0,0,0.21325931004536908
aeeem_pde,hybrid,logistic_regression,5,4,519,1,0,0.39553100873524666
aeeem_pde,hybrid,logistic_regression,5,4,526,0,1,0.7487497682971384
aeeem_pde,hybrid,logistic_regression,5,4,530,0,1,0.7642760269864421
aeeem_pde,hybrid,logistic_regression,5,4,533,0,0,0.17198291089687656
aeeem_pde,hybrid,logistic_regression,5,4,535,0,0,0.31864488057233786
aeeem_pde,hybrid,logistic_regression,5,4,536,1,0,0.4994293967377452
aeeem_pde,hybrid,logistic_regression,5,4,539,0,0,0.2560624114633251
aeeem_pde,hybrid,logistic_regression,5,4,542,0,0,0.3024094767507952
aeeem_pde,hybrid,logistic_regression,5,4,548,1,0,0.28609358489665404
aeeem_pde,hybrid,logistic_regression,5,4,557,0,1,0.5856897614939315
aeeem_pde,hybrid,logistic_regression,5,4,563,0,0,0.3536363495733849
aeeem_pde,hybrid,logistic_regression,5,4,566,0,0,0.07112885529200465
aeeem_pde,hybrid,logistic_regression,5,4,567,0,0,0.2996738485588463
aeeem_pde,hybrid,logistic_regression,5,4,568,0,0,0.17919969483122847
aeeem_pde,hybrid,logistic_regression,5,4,570,0,1,0.618038848706638
aeeem_pde,hybrid,logistic_regression,5,4,571,0,0,0.06884781119230245
aeeem_pde,hybrid,logistic_regression,5,4,580,0,0,0.08716074404636151
aeeem_pde,hybrid,logistic_regression,5,4,584,0,0,0.2835263082907427
aeeem_pde,hybrid,logistic_regression,5,4,592,0,0,0.28562148815930405
aeeem_pde,hybrid,logistic_regression,5,4,593,0,1,0.7839624924207613
aeeem_pde,hybrid,logistic_regression,5,4,603,0,0,0.07125222853826513
aeeem_pde,hybrid,logistic_regression,5,4,606,1,0,0.3110651589805259
aeeem_pde,hybrid,logistic_regression,5,4,620,0,0,0.3336581031901865
aeeem_pde,hybrid,logistic_regression,5,4,623,0,1,0.5684574281459429
aeeem_pde,hybrid,logistic_regression,5,4,628,0,1,0.5752203646219639
aeeem_pde,hybrid,logistic_regression,5,4,633,1,0,0.018134771888230553
aeeem_pde,hybrid,logistic_regression,5,4,639,0,0,0.3176479755576194
aeeem_pde,hybrid,logistic_regression,5,4,648,0,0,0.2673430661913804
aeeem_pde,hybrid,logistic_regression,5,4,649,0,1,0.7719447422574514
aeeem_pde,hybrid,logistic_regression,5,4,652,0,0,0.31569154986412046
aeeem_pde,hybrid,logistic_regression,5,4,654,0,1,0.7810589201336947
aeeem_pde,hybrid,logistic_regression,5,4,655,0,0,0.29420258966727225
aeeem_pde,hybrid,logistic_regression,5,4,665,0,0,0.11646240364285759
aeeem_pde,hybrid,logistic_regression,5,4,671,0,1,0.7350139672352711
aeeem_pde,hybrid,logistic_regression,5,4,673,0,1,0.9256638202270551
aeeem_pde,hybrid,logistic_regression,5,4,679,0,0,0.3088445267840333
aeeem_pde,hybrid,logistic_regression,5,4,683,0,1,0.527061632114122
aeeem_pde,hybrid,logistic_regression,5,4,685,0,0,0.1514339661045907
aeeem_pde,hybrid,logistic_regression,5,4,686,1,0,0.23553903669128945
aeeem_pde,hybrid,logistic_regression,5,4,695,0,0,0.28688409606652193
aeeem_pde,hybrid,logistic_regression,5,4,706,0,0,0.4489866921564379
aeeem_pde,hybrid,logistic_regression,5,4,714,0,0,0.12145128956735003
aeeem_pde,hybrid,logistic_regression,5,4,719,0,0,0.23842105244503398
aeeem_pde,hybrid,logistic_regression,5,4,739,0,1,0.7676723163347106
aeeem_pde,hybrid,logistic_regression,5,4,743,0,0,0.23447960060063802
aeeem_pde,hybrid,logistic_regression,5,4,744,0,0,0.2189138186777136
aeeem_pde,hybrid,logistic_regression,5,4,746,0,0,0.3819364411918171
aeeem_pde,hybrid,logistic_regression,5,4,747,1,1,0.5950631131222998
aeeem_pde,hybrid,logistic_regression,5,4,750,0,0,0.2557542349663333
aeeem_pde,hybrid,logistic_regression,5,4,753,0,0,0.4144038826146301
aeeem_pde,hybrid,logistic_regression,5,4,755,0,0,0.24950391544905284
aeeem_pde,hybrid,logistic_regression,5,4,765,0,0,0.08411131509321158
aeeem_pde,hybrid,logistic_regression,5,4,766,0,1,0.6261751716542205
aeeem_pde,hybrid,logistic_regression,5,4,769,0,0,0.19853266625092014
aeeem_pde,hybrid,logistic_regression,5,4,771,0,0,0.1830224087200511
aeeem_pde,hybrid,logistic_regression,5,4,783,0,0,0.33387233322341003
aeeem_pde,hybrid,logistic_regression,5,4,784,0,0,0.07481257020972737
aeeem_pde,hybrid,logistic_regression,5,4,795,0,0,0.2918745480361598
aeeem_pde,hybrid,logistic_regression,5,4,821,1,0,0.15641521210736423
aeeem_pde,hybrid,logistic_regression,5,4,823,0,0,0.1662661594415
aeeem_pde,hybrid,logistic_regression,5,4,825,0,0,0.11519557077598723
aeeem_pde,hybrid,logistic_regression,5,4,831,0,0,0.07538548318333727
aeeem_pde,hybrid,logistic_regression,5,4,845,0,1,0.5610930605652684
aeeem_pde,hybrid,logistic_regression,5,4,852,0,1,0.9271609414212107
aeeem_pde,hybrid,logistic_regression,5,4,861,0,0,0.28937003690810065
aeeem_pde,hybrid,logistic_regression,5,4,863,0,0,0.021717038978004866
aeeem_pde,hybrid,logistic_regression,5,4,864,0,1,0.8629037049002164
aeeem_pde,hybrid,logistic_regression,5,4,868,0,0,0.2951642239500458
aeeem_pde,hybrid,logistic_regression,5,4,871,0,0,0.4876478942310764
aeeem_pde,hybrid,logistic_regression,5,4,880,0,0,0.09577051668265049
aeeem_pde,hybrid,logistic_regression,5,4,884,0,1,0.5498990219652337
aeeem_pde,hybrid,logistic_regression,5,4,885,0,1,0.5621120599767312
aeeem_pde,hybrid,logistic_regression,5,4,899,1,1,0.9875870132730219
aeeem_pde,hybrid,logistic_regression,5,4,900,0,0,0.29639327385959313
aeeem_pde,hybrid,logistic_regression,5,4,901,0,0,0.40114976469565256
aeeem_pde,hybrid,logistic_regression,5,4,902,0,0,0.1768539566458754
aeeem_pde,hybrid,logistic_regression,5,4,904,0,0,0.3620829886592996
aeeem_pde,hybrid,logistic_regression,5,4,907,0,0,0.140040676862557
aeeem_pde,hybrid,logistic_regression,5,4,922,0,1,0.59137594027363
aeeem_pde,hybrid,logistic_regression,5,4,930,0,0,0.3516735499091846
aeeem_pde,hybrid,logistic_regression,5,4,938,0,1,0.7598198254046536
aeeem_pde,hybrid,logistic_regression,5,4,942,0,1,0.9664239911398201
aeeem_pde,hybrid,logistic_regression,5,4,951,0,0,0.06382626969899038
aeeem_pde,hybrid,logistic_regression,5,4,967,0,0,0.40673268385590755
aeeem_pde,hybrid,logistic_regression,5,4,975,0,0,0.3251196208115828
aeeem_pde,hybrid,logistic_regression,5,4,976,0,0,0.22128660561952915
aeeem_pde,hybrid,logistic_regression,5,4,980,1,0,0.2890732773129139
aeeem_pde,hybrid,logistic_regression,5,4,982,0,0,0.37109618783922355
aeeem_pde,hybrid,logistic_regression,5,4,985,0,0,0.2821193424045614
aeeem_pde,hybrid,logistic_regression,5,4,986,1,1,0.7235027528817388
aeeem_pde,hybrid,logistic_regression,5,4,999,0,0,0.17260806379262425
aeeem_pde,hybrid,logistic_regression,5,4,1006,0,0,0.48933445458401054
aeeem_pde,hybrid,logistic_regression,5,4,1013,0,0,0.2056412425679709
aeeem_pde,hybrid,logistic_regression,5,4,1020,0,0,0.2779822571301603
aeeem_pde,hybrid,logistic_regression,5,4,1026,0,0,0.2628022058288272
aeeem_pde,hybrid,logistic_regression,5,4,1037,0,0,0.3333486091621062
aeeem_pde,hybrid,logistic_regression,5,4,1041,0,1,0.8205494265028369
aeeem_pde,hybrid,logistic_regression,5,4,1043,0,0,0.030845286556114702
aeeem_pde,hybrid,logistic_regression,5,4,1045,0,0,0.27057326466488524
aeeem_pde,hybrid,logistic_regression,5,4,1046,0,0,0.2493328402725844
aeeem_pde,hybrid,logistic_regression,5,4,1054,0,0,0.11880119094376448
aeeem_pde,hybrid,logistic_regression,5,4,1055,0,0,0.2514624382597959
aeeem_pde,hybrid,logistic_regression,5,4,1068,0,0,0.0984327280492989
aeeem_pde,hybrid,logistic_regression,5,4,1069,0,0,0.2115608423138288
aeeem_pde,hybrid,logistic_regression,5,4,1070,0,0,0.16699445576356664
aeeem_pde,hybrid,logistic_regression,5,4,1074,0,0,0.2664630454422461
aeeem_pde,hybrid,logistic_regression,5,4,1086,0,0,0.04449426894082567
aeeem_pde,hybrid,logistic_regression,5,4,1087,0,0,0.10676018230363277
aeeem_pde,hybrid,logistic_regression,5,4,1092,0,0,0.14905091336496992
aeeem_pde,hybrid,logistic_regression,5,4,1096,1,1,0.611847036861669
aeeem_pde,hybrid,logistic_regression,5,4,1104,0,0,0.46338820712758255
aeeem_pde,hybrid,logistic_regression,5,4,1106,0,0,0.18298498658175208
aeeem_pde,hybrid,logistic_regression,5,4,1107,0,0,0.12181245343695704
aeeem_pde,hybrid,logistic_regression,5,4,1112,0,0,0.2791261253519541
aeeem_pde,hybrid,logistic_regression,5,4,1124,0,0,0.23482561362972498
aeeem_pde,hybrid,logistic_regression,5,4,1125,0,0,0.23437750101838414
aeeem_pde,hybrid,logistic_regression,5,4,1127,0,0,0.34489811896574507
aeeem_pde,hybrid,logistic_regression,5,4,1131,0,0,0.2713286340627126
aeeem_pde,hybrid,logistic_regression,5,4,1133,0,0,0.1376116038402675
aeeem_pde,hybrid,logistic_regression,5,4,1134,0,1,0.8430712728614098
aeeem_pde,hybrid,logistic_regression,5,4,1144,0,0,0.16275952325900112
aeeem_pde,hybrid,logistic_regression,5,4,1148,1,1,0.8478311725374795
aeeem_pde,hybrid,logistic_regression,5,4,1149,0,0,0.20380414767300445
aeeem_pde,hybrid,logistic_regression,5,4,1150,0,0,0.18458132250481085
aeeem_pde,hybrid,logistic_regression,5,4,1155,0,0,0.45562387142325533
aeeem_pde,hybrid,logistic_regression,5,4,1157,0,0,0.19004985237954852
aeeem_pde,hybrid,logistic_regression,5,4,1158,0,0,0.14133552747432185
aeeem_pde,hybrid,logistic_regression,5,4,1168,0,1,0.5410860774446182
aeeem_pde,hybrid,logistic_regression,5,4,1169,0,0,0.21916123919524733
aeeem_pde,hybrid,logistic_regression,5,4,1175,0,0,0.014549158111445583
aeeem_pde,hybrid,logistic_regression,5,4,1177,0,0,0.17783681923142144
aeeem_pde,hybrid,logistic_regression,5,4,1179,0,0,0.21450246180926696
aeeem_pde,hybrid,logistic_regression,5,4,1183,0,1,0.9397677202911576
aeeem_pde,hybrid,logistic_regression,5,4,1200,1,0,0.17298738533638597
aeeem_pde,hybrid,logistic_regression,5,4,1205,0,0,0.07811952118715819
aeeem_pde,hybrid,logistic_regression,5,4,1208,0,0,0.14789543127868157
aeeem_pde,hybrid,logistic_regression,5,4,1213,0,0,0.19892229144793247
aeeem_pde,hybrid,logistic_regression,5,4,1231,0,1,0.6307893286860056
aeeem_pde,hybrid,logistic_regression,5,4,1233,0,0,0.39919363836436417
aeeem_pde,hybrid,logistic_regression,5,4,1234,0,1,0.6157516613429169
aeeem_pde,hybrid,logistic_regression,5,4,1236,0,0,0.16643163913207348
aeeem_pde,hybrid,logistic_regression,5,4,1237,0,0,0.09426967528715145
aeeem_pde,hybrid,logistic_regression,5,4,1238,1,0,0.4395647591016292
aeeem_pde,hybrid,logistic_regression,5,4,1255,0,0,0.36450752073690984
aeeem_pde,hybrid,logistic_regression,5,4,1259,0,0,0.29048127643654925
aeeem_pde,hybrid,logistic_regression,5,4,1261,0,0,0.4533093700290212
aeeem_pde,hybrid,logistic_regression,5,4,1274,0,0,0.3784550528214394
aeeem_pde,hybrid,logistic_regression,5,4,1276,1,0,0.3729476649054212
aeeem_pde,hybrid,logistic_regression,5,4,1280,0,0,0.33779608641034214
aeeem_pde,hybrid,logistic_regression,5,4,1288,0,0,0.13410446634627404
aeeem_pde,hybrid,logistic_regression,5,4,1290,0,0,0.4573260785583813
aeeem_pde,hybrid,logistic_regression,5,4,1291,1,0,0.47163481358602843
aeeem_pde,hybrid,logistic_regression,5,4,1298,0,0,0.2587316844079315
aeeem_pde,hybrid,logistic_regression,5,4,1303,0,1,0.5654027695162174
aeeem_pde,hybrid,logistic_regression,5,4,1312,0,0,0.38775138943237936
aeeem_pde,hybrid,logistic_regression,5,4,1321,0,0,0.14082988065007968
aeeem_pde,hybrid,logistic_regression,5,4,1326,0,0,0.09870499024677225
aeeem_pde,hybrid,logistic_regression,5,4,1328,0,0,0.3368485295766318
aeeem_pde,hybrid,logistic_regression,5,4,1343,0,0,0.49224208758897997
aeeem_pde,hybrid,logistic_regression,5,4,1345,1,0,0.3429079984071896
aeeem_pde,hybrid,logistic_regression,5,4,1347,0,0,0.47705690280287555
aeeem_pde,hybrid,logistic_regression,5,4,1348,0,0,1.3848478545682863e-05
aeeem_pde,hybrid,logistic_regression,5,4,1352,0,0,0.42317070601076184
aeeem_pde,hybrid,logistic_regression,5,4,1353,0,0,0.24408848456993784
aeeem_pde,hybrid,logistic_regression,5,4,1357,0,0,0.2105992468926767
aeeem_pde,hybrid,logistic_regression,5,4,1361,0,1,0.8680878926853018
aeeem_pde,hybrid,logistic_regression,5,4,1365,0,0,0.10172105799305178
aeeem_pde,hybrid,logistic_regression,5,4,1371,0,0,0.3290336234606511
aeeem_pde,hybrid,logistic_regression,5,4,1372,0,0,0.11903555331015404
aeeem_pde,hybrid,logistic_regression,5,4,1377,0,0,0.36128098716795376
aeeem_pde,hybrid,logistic_regression,5,4,1386,1,1,0.7086602948834113
aeeem_pde,hybrid,logistic_regression,5,4,1406,0,0,0.26762312094169594
aeeem_pde,hybrid,logistic_regression,5,4,1408,0,0,0.08021289554908081
aeeem_pde,hybrid,logistic_regression,5,4,1413,0,0,0.4789597757916752
aeeem_pde,hybrid,logistic_regression,5,4,1415,0,1,0.5421574611656796
aeeem_pde,hybrid,logistic_regression,5,4,1417,0,1,0.5747960289226766
aeeem_pde,hybrid,logistic_regression,5,4,1426,0,0,0.09122977620055472
aeeem_pde,hybrid,logistic_regression,5,4,1427,0,0,0.21925419590017617
aeeem_pde,hybrid,logistic_regression,5,4,1431,0,0,0.38658591590025454
aeeem_pde,hybrid,logistic_regression,5,4,1436,0,0,0.36326661000747806
aeeem_pde,hybrid,logistic_regression,5,4,1438,0,0,0.24519428644041238
aeeem_pde,hybrid,logistic_regression,5,4,1441,1,1,0.5330137509669324
aeeem_pde,hybrid,logistic_regression,5,4,1449,0,0,0.29487600694096355
aeeem_pde,hybrid,logistic_regression,5,4,1452,1,1,0.9954211085268277
aeeem_pde,hybrid,logistic_regression,5,4,1455,0,0,0.0007595230466196357
aeeem_pde,hybrid,logistic_regression,5,4,1459,0,0,0.3390437710838963
aeeem_pde,hybrid,logistic_regression,5,4,1461,0,0,0.3869210138407492
aeeem_pde,hybrid,logistic_regression,5,4,1465,1,1,0.5599913687578029
aeeem_pde,hybrid,logistic_regression,5,4,1467,0,1,0.5028544585321885
aeeem_pde,hybrid,logistic_regression,5,4,1473,1,0,0.43459476026393
aeeem_pde,hybrid,logistic_regression,5,4,1476,0,0,0.013864073287436725
aeeem_pde,hybrid,logistic_regression,5,4,1479,0,0,0.42820182338374446
aeeem_pde,hybrid,logistic_regression,5,4,1485,0,1,0.6666109594608025
aeeem_pde,hybrid,logistic_regression,5,4,1495,0,0,0.014668406882368375
aeeem_pde,hybrid,logistic_regression,5,5,0,0,0,0.1902066983240167
aeeem_pde,hybrid,logistic_regression,5,5,1,0,0,0.3361055904301451
aeeem_pde,hybrid,logistic_regression,5,5,8,0,0,0.0914953523977782
aeeem_pde,hybrid,logistic_regression,5,5,10,1,0,0.010763864514222015
aeeem_pde,hybrid,logistic_regression,5,5,16,0,1,0.6374257758741066
aeeem_pde,hybrid,logistic_regression,5,5,24,1,0,0.3823209240397944
aeeem_pde,hybrid,logistic_regression,5,5,26,1,0,0.0007715773354355877
aeeem_pde,hybrid,logistic_regression,5,5,29,0,0,0.3285811651375412
aeeem_pde,hybrid,logistic_regression,5,5,31,0,1,0.9717255682190638
aeeem_pde,hybrid,logistic_regression,5,5,32,0,0,0.0023477795076309494
aeeem_pde,hybrid,logistic_regression,5,5,33,0,0,0.496720495824558
aeeem_pde,hybrid,logistic_regression,5,5,34,0,0,0.37082417888031216
aeeem_pde,hybrid,logistic_regression,5,5,40,0,0,0.03424023895429105
aeeem_pde,hybrid,logistic_regression,5,5,49,0,0,0.2483763753989932
aeeem_pde,hybrid,logistic_regression,5,5,52,0,0,0.33850250570304424
aeeem_pde,hybrid,logistic_regression,5,5,62,0,0,0.21294364180897246
aeeem_pde,hybrid,logistic_regression,5,5,82,0,0,0.2507194185609204
aeeem_pde,hybrid,logistic_regression,5,5,90,0,0,0.3487039620753592
aeeem_pde,hybrid,logistic_regression,5,5,96,0,0,0.008685495529566096
aeeem_pde,hybrid,logistic_regression,5,5,100,1,1,0.8919542224547705
aeeem_pde,hybrid,logistic_regression,5,5,108,0,0,0.32344713468896547
aeeem_pde,hybrid,logistic_regression,5,5,111,0,0,0.20936414847740026
aeeem_pde,hybrid,logistic_regression,5,5,124,0,0,0.2282580684257457
aeeem_pde,hybrid,logistic_regression,5,5,132,0,0,0.028891516691319084
aeeem_pde,hybrid,logistic_regression,5,5,141,0,0,0.26550924889164423
aeeem_pde,hybrid,logistic_regression,5,5,148,0,0,0.21720919909328806
aeeem_pde,hybrid,logistic_regression,5,5,149,0,1,0.5754993237327538
aeeem_pde,hybrid,logistic_regression,5,5,151,0,0,0.09313357001102122
aeeem_pde,hybrid,logistic_regression,5,5,159,0,0,0.048419193724039855
aeeem_pde,hybrid,logistic_regression,5,5,164,0,1,0.983142343985118
aeeem_pde,hybrid,logistic_regression,5,5,172,1,1,0.975384551311388
aeeem_pde,hybrid,logistic_regression,5,5,174,0,0,0.017627706609606112
aeeem_pde,hybrid,logistic_regression,5,5,176,1,1,0.9994668467977799
aeeem_pde,hybrid,logistic_regression,5,5,179,1,1,0.994455015441765
aeeem_pde,hybrid,logistic_regression,5,5,181,0,0,0.24291100585278455
aeeem_pde,hybrid,logistic_regression,5,5,191,0,0,0.4424956795359177
aeeem_pde,hybrid,logistic_regression,5,5,194,0,0,0.4322588924615906
aeeem_pde,hybrid,logistic_regression,5,5,196,1,1,0.539263954569916
aeeem_pde,hybrid,logistic_regression,5,5,200,0,0,0.36479262036126436
aeeem_pde,hybrid,logistic_regression,5,5,201,1,1,0.9729979072611356
aeeem_pde,hybrid,logistic_regression,5,5,202,0,0,0.27910683913598067
aeeem_pde,hybrid,logistic_regression,5,5,203,0,0,0.08016128372624115
aeeem_pde,hybrid,logistic_regression,5,5,204,0,0,0.01121478420092295
aeeem_pde,hybrid,logistic_regression,5,5,205,0,0,0.4934143526071881
aeeem_pde,hybrid,logistic_regression,5,5,217,0,1,0.7537814701236643
aeeem_pde,hybrid,logistic_regression,5,5,218,0,0,0.10731146237371539
aeeem_pde,hybrid,logistic_regression,5,5,222,0,0,0.10281169835820536
aeeem_pde,hybrid,logistic_regression,5,5,224,0,0,0.16539996257975764
aeeem_pde,hybrid,logistic_regression,5,5,225,0,1,0.7275444423182054
aeeem_pde,hybrid,logistic_regression,5,5,235,0,1,0.8601640172943538
aeeem_pde,hybrid,logistic_regression,5,5,243,0,0,0.10106076162520397
aeeem_pde,hybrid,logistic_regression,5,5,244,0,0,0.3513407018580671
aeeem_pde,hybrid,logistic_regression,5,5,246,0,0,0.2912399018897858
aeeem_pde,hybrid,logistic_regression,5,5,248,0,0,0.21657328859242186
aeeem_pde,hybrid,logistic_regression,5,5,250,0,1,0.6326627283129853
aeeem_pde,hybrid,logistic_regression,5,5,254,1,0,0.47580645264511445
aeeem_pde,hybrid,logistic_regression,5,5,274,0,0,0.3727230425032302
aeeem_pde,hybrid,logistic_regression,5,5,290,0,1,0.5078699479627122
aeeem_pde,hybrid,logistic_regression,5,5,295,0,0,0.2971957319736077
aeeem_pde,hybrid,logistic_regression,5,5,296,0,0,0.25887576723924954
aeeem_pde,hybrid,logistic_regression,5,5,299,1,0,0.22082437383683795
aeeem_pde,hybrid,logistic_regression,5,5,304,0,0,0.04808020540226264
aeeem_pde,hybrid,logistic_regression,5,5,307,1,0,0.34063001820280997
aeeem_pde,hybrid,logistic_regression,5,5,315,0,0,0.27587535592163254
aeeem_pde,hybrid,logistic_regression,5,5,321,0,0,0.0606378141308091
aeeem_pde,hybrid,logistic_regression,5,5,324,0,1,0.7237465513364608
aeeem_pde,hybrid,logistic_regression,5,5,328,1,0,0.3817029719477352
aeeem_pde,hybrid,logistic_regression,5,5,332,0,0,0.43828235059635545
aeeem_pde,hybrid,logistic_regression,5,5,336,1,0,0.29960191534986574
aeeem_pde,hybrid,logistic_regression,5,5,345,0,0,0.4913290729211904
aeeem_pde,hybrid,logistic_regression,5,5,347,0,0,0.06393037685912678
aeeem_pde,hybrid,logistic_regression,5,5,353,0,0,1.05032767188494e-06
aeeem_pde,hybrid,logistic_regression,5,5,375,0,0,0.118416584267119
aeeem_pde,hybrid,logistic_regression,5,5,380,0,0,0.39084468311812215
aeeem_pde,hybrid,logistic_regression,5,5,381,0,0,0.28761373322159745
aeeem_pde,hybrid,logistic_regression,5,5,385,0,0,0.3023310520790138
aeeem_pde,hybrid,logistic_regression,5,5,389,0,1,0.5387797509395785
aeeem_pde,hybrid,logistic_regression,5,5,392,0,0,0.46084654680983017
aeeem_pde,hybrid,logistic_regression,5,5,398,0,0,0.0017338207022124896
aeeem_pde,hybrid,logistic_regression,5,5,410,0,0,0.051263409904771864
aeeem_pde,hybrid,logistic_regression,5,5,417,1,1,0.8282110080034211
aeeem_pde,hybrid,logistic_regression,5,5,418,0,0,0.06890438842414086
aeeem_pde,hybrid,logistic_regression,5,5,426,0,0,0.13007707998529736
aeeem_pde,hybrid,logistic_regression,5,5,439,0,0,0.20795061796251343
aeeem_pde,hybrid,logistic_regression,5,5,442,0,0,0.22315738162467708
aeeem_pde,hybrid,logistic_regression,5,5,446,1,1,0.8320319740835308
aeeem_pde,hybrid,logistic_regression,5,5,453,1,0,0.2704996907429649
aeeem_pde,hybrid,logistic_regression,5,5,458,0,0,0.2244102495513708
aeeem_pde,hybrid,logistic_regression,5,5,465,0,0,4.2931333943858097e-11
aeeem_pde,hybrid,logistic_regression,5,5,467,1,0,0.11524306940361131
aeeem_pde,hybrid,logistic_regression,5,5,469,0,0,0.495491114252896
aeeem_pde,hybrid,logistic_regression,5,5,472,0,0,0.14014704278760745
aeeem_pde,hybrid,logistic_regression,5,5,473,0,0,0.29960039301789426
aeeem_pde,hybrid,logistic_regression,5,5,474,0,0,0.22087794892775467
aeeem_pde,hybrid,logistic_regression,5,5,479,0,0,0.4815464487387029
aeeem_pde,hybrid,logistic_regression,5,5,480,0,0,0.3341459087501251
aeeem_pde,hybrid,logistic_regression,5,5,486,1,1,0.9006089426067507
aeeem_pde,hybrid,logistic_regression,5,5,488,0,0,0.013523581298897578
aeeem_pde,hybrid,logistic_regression,5,5,496,0,0,0.047093505598815213
aeeem_pde,hybrid,logistic_regression,5,5,509,0,0,0.39848123924505297
aeeem_pde,hybrid,logistic_regression,5,5,511,0,1,0.7937804879630121
aeeem_pde,hybrid,logistic_regression,5,5,523,0,0,0.06577422710447654
aeeem_pde,hybrid,logistic_regression,5,5,527,0,1,0.9987776895372855
aeeem_pde,hybrid,logistic_regression,5,5,528,0,1,0.5046795187084515
aeeem_pde,hybrid,logistic_regression,5,5,531,0,0,0.10996791431917964
aeeem_pde,hybrid,logistic_regression,5,5,532,1,1,0.7745066442998281
aeeem_pde,hybrid,logistic_regression,5,5,537,0,0,0.32742422605459337
aeeem_pde,hybrid,logistic_regression,5,5,538,0,0,0.45609608558191933
aeeem_pde,hybrid,logistic_regression,5,5,540,0,0,0.11345567305686961
aeeem_pde,hybrid,logistic_regression,5,5,546,0,1,0.6129472710036645
aeeem_pde,hybrid,logistic_regression,5,5,553,0,0,0.44830273299009443
aeeem_pde,hybrid,logistic_regression,5,5,559,1,1,0.645009220323506
aeeem_pde,hybrid,logistic_regression,5,5,560,0,0,0.2664019255394951
aeeem_pde,hybrid,logistic_regression,5,5,561,0,0,0.43973597178600116
aeeem_pde,hybrid,logistic_regression,5,5,564,0,0,0.2185898997692829
aeeem_pde,hybrid,logistic_regression,5,5,565,0,0,0.2737634100420125
aeeem_pde,hybrid,logistic_regression,5,5,569,0,0,0.2902308992937423
aeeem_pde,hybrid,logistic_regression,5,5,573,0,0,0.33790788432255225
aeeem_pde,hybrid,logistic_regression,5,5,597,0,1,0.871165652135218
aeeem_pde,hybrid,logistic_regression,5,5,601,1,0,0.37280404865426214
aeeem_pde,hybrid,logistic_regression,5,5,604,0,0,0.06956435864087666
aeeem_pde,hybrid,logistic_regression,5,5,607,0,0,0.2347845052399633
aeeem_pde,hybrid,logistic_regression,5,5,610,0,0,0.41942463857917434
aeeem_pde,hybrid,logistic_regression,5,5,625,0,0,0.21168642898947065
aeeem_pde,hybrid,logistic_regression,5,5,657,0,0,0.3374943734098382
aeeem_pde,hybrid,logistic_regression,5,5,659,0,0,0.2757608481927656
aeeem_pde,hybrid,logistic_regression,5,5,662,0,0,0.1669808596175341
aeeem_pde,hybrid,logistic_regression,5,5,666,0,0,0.3085981226561049
aeeem_pde,hybrid,logistic_regression,5,5,668,0,0,0.06344240480618231
aeeem_pde,hybrid,logistic_regression,5,5,669,0,0,0.1664041973595272
aeeem_pde,hybrid,logistic_regression,5,5,693,0,1,0.50805211370358
aeeem_pde,hybrid,logistic_regression,5,5,696,0,0,0.07988390510712091
aeeem_pde,hybrid,logistic_regression,5,5,698,0,0,0.3950183170213922
aeeem_pde,hybrid,logistic_regression,5,5,699,0,0,0.06916350744636084
aeeem_pde,hybrid,logistic_regression,5,5,711,0,0,0.30620846647333466
aeeem_pde,hybrid,logistic_regression,5,5,716,0,1,0.9590334834428181
aeeem_pde,hybrid,logistic_regression,5,5,723,0,1,0.5896514529883928
aeeem_pde,hybrid,logistic_regression,5,5,726,0,0,0.340327821325467
aeeem_pde,hybrid,logistic_regression,5,5,730,0,0,0.2099200353060905
aeeem_pde,hybrid,logistic_regression,5,5,733,0,0,0.49771028160087805
aeeem_pde,hybrid,logistic_regression,5,5,734,0,0,0.008611608759878715
aeeem_pde,hybrid,logistic_regression,5,5,736,0,0,0.25468901325269605
aeeem_pde,hybrid,logistic_regression,5,5,738,0,0,0.39242097179837593
aeeem_pde,hybrid,logistic_regression,5,5,749,0,1,0.5071511374553573
aeeem_pde,hybrid,logistic_regression,5,5,751,0,0,0.2918870530805496
aeeem_pde,hybrid,logistic_regression,5,5,756,0,1,0.9984577378704659
aeeem_pde,hybrid,logistic_regression,5,5,761,0,0,0.36452141983989345
aeeem_pde,hybrid,logistic_regression,5,5,773,0,0,0.2291461122605941
aeeem_pde,hybrid,logistic_regression,5,5,775,0,0,0.49301786986834867
aeeem_pde,hybrid,logistic_regression,5,5,780,0,0,0.3013294236199258
aeeem_pde,hybrid,logistic_regression,5,5,782,0,1,0.8030129193193389
aeeem_pde,hybrid,logistic_regression,5,5,785,0,0,0.48781570742305275
aeeem_pde,hybrid,logistic_regression,5,5,790,0,0,0.12939069386707397
aeeem_pde,hybrid,logistic_regression,5,5,793,0,0,0.0858051889045585
aeeem_pde,hybrid,logistic_regression,5,5,803,0,0,0.14295094131591785
aeeem_pde,hybrid,logistic_regression,5,5,805,0,0,0.42871876500329803
aeeem_pde,hybrid,logistic_regression,5,5,806,0,0,0.47043834930476425
aeeem_pde,hybrid,logistic_regression,5,5,813,0,0,0.2696297142211465
aeeem_pde,hybrid,logistic_regression,5,5,830,0,0,0.31785307707050797
aeeem_pde,hybrid,logistic_regression,5,5,834,0,0,0.3030418558908944
aeeem_pde,hybrid,logistic_regression,5,5,838,1,0,0.30256246224091105
aeeem_pde,hybrid,logistic_regression,5,5,844,0,0,0.38531497940976145
aeeem_pde,hybrid,logistic_regression,5,5,846,0,0,0.03360796550688465
aeeem_pde,hybrid,logistic_regression,5,5,855,0,1,0.7443883291114978
aeeem_pde,hybrid,logistic_regression,5,5,856,0,0,0.27498158645776655
aeeem_pde,hybrid,logistic_regression,5,5,865,0,0,0.3298570617223336
aeeem_pde,hybrid,logistic_regression,5,5,869,0,1,0.5773768864276541
aeeem_pde,hybrid,logistic_regression,5,5,876,0,1,0.8061345761665137
aeeem_pde,hybrid,logistic_regression,5,5,883,0,0,0.06470392537506715
aeeem_pde,hybrid,logistic_regression,5,5,886,0,0,0.09650661760125002
aeeem_pde,hybrid,logistic_regression,5,5,890,0,1,0.6852533870858378
aeeem_pde,hybrid,logistic_regression,5,5,893,0,1,0.5581526403638761
aeeem_pde,hybrid,logistic_regression,5,5,906,1,1,0.9554862670905256
aeeem_pde,hybrid,logistic_regression,5,5,915,0,0,0.20162700645890816
aeeem_pde,hybrid,logistic_regression,5,5,921,0,1,0.7664264090011702
aeeem_pde,hybrid,logistic_regression,5,5,924,0,1,0.67282149309279
aeeem_pde,hybrid,logistic_regression,5,5,932,0,0,0.13709095369016644
aeeem_pde,hybrid,logistic_regression,5,5,933,0,0,4.403064887827623e-06
aeeem_pde,hybrid,logistic_regression,5,5,936,0,0,0.44006549437351733
aeeem_pde,hybrid,logistic_regression,5,5,939,0,1,0.6737600662587266
aeeem_pde,hybrid,logistic_regression,5,5,955,0,0,0.2802962167728743
aeeem_pde,hybrid,logistic_regression,5,5,959,1,0,0.42722302754764624
aeeem_pde,hybrid,logistic_regression,5,5,960,0,0,0.22525765357582134
aeeem_pde,hybrid,logistic_regression,5,5,961,0,0,0.10087128501032275
aeeem_pde,hybrid,logistic_regression,5,5,963,0,1,0.5350431127657753
aeeem_pde,hybrid,logistic_regression,5,5,965,0,1,0.5831903635957337
aeeem_pde,hybrid,logistic_regression,5,5,973,1,1,0.5307074919494841
aeeem_pde,hybrid,logistic_regression,5,5,974,0,0,0.13574787622548165
aeeem_pde,hybrid,logistic_regression,5,5,977,1,0,0.11255164491343304
aeeem_pde,hybrid,logistic_regression,5,5,993,0,0,0.006151357838695238
aeeem_pde,hybrid,logistic_regression,5,5,994,0,1,0.6239542183330725
aeeem_pde,hybrid,logistic_regression,5,5,996,0,0,0.0346667306902948
aeeem_pde,hybrid,logistic_regression,5,5,1002,0,0,0.07008241290148265
aeeem_pde,hybrid,logistic_regression,5,5,1003,0,0,0.12576499800516636
aeeem_pde,hybrid,logistic_regression,5,5,1008,0,1,0.6756237360542572
aeeem_pde,hybrid,logistic_regression,5,5,1016,1,0,0.3125853094134659
aeeem_pde,hybrid,logistic_regression,5,5,1018,0,0,0.21173996759757355
aeeem_pde,hybrid,logistic_regression,5,5,1019,0,0,0.00870260575532653
aeeem_pde,hybrid,logistic_regression,5,5,1029,0,0,0.23876927187834174
aeeem_pde,hybrid,logistic_regression,5,5,1035,0,0,0.3344034168335069
aeeem_pde,hybrid,logistic_regression,5,5,1042,0,0,0.008046441094473212
aeeem_pde,hybrid,logistic_regression,5,5,1049,1,1,0.8744796533250112
aeeem_pde,hybrid,logistic_regression,5,5,1051,0,0,0.30405313075495904
aeeem_pde,hybrid,logistic_regression,5,5,1058,0,0,0.22291909906389248
aeeem_pde,hybrid,logistic_regression,5,5,1064,1,1,0.6554211092315557
aeeem_pde,hybrid,logistic_regression,5,5,1073,0,0,0.12527776970870327
aeeem_pde,hybrid,logistic_regression,5,5,1083,0,0,0.008965158061990166
aeeem_pde,hybrid,logistic_regression,5,5,1085,0,0,0.30255807999437523
aeeem_pde,hybrid,logistic_regression,5,5,1088,0,0,0.48485996692321875
aeeem_pde,hybrid,logistic_regression,5,5,1098,0,0,0.34622264212395043
aeeem_pde,hybrid,logistic_regression,5,5,1109,0,0,0.4545798874678649
aeeem_pde,hybrid,logistic_regression,5,5,1119,0,1,0.8998417990233322
aeeem_pde,hybrid,logistic_regression,5,5,1128,0,0,0.00870260575532653
aeeem_pde,hybrid,logistic_regression,5,5,1132,1,1,0.6219794520693295
aeeem_pde,hybrid,logistic_regression,5,5,1137,0,0,0.06642501849591251
aeeem_pde,hybrid,logistic_regression,5,5,1138,0,0,0.09126461026472193
aeeem_pde,hybrid,logistic_regression,5,5,1145,0,0,0.08034632993939517
aeeem_pde,hybrid,logistic_regression,5,5,1146,0,0,0.008280078655791511
aeeem_pde,hybrid,logistic_regression,5,5,1147,0,0,0.43310738782045954
aeeem_pde,hybrid,logistic_regression,5,5,1151,0,1,0.677464738768229
aeeem_pde,hybrid,logistic_regression,5,5,1161,0,0,0.12283552620742756
aeeem_pde,hybrid,logistic_regression,5,5,1163,0,0,0.2556663080903424
aeeem_pde,hybrid,logistic_regression,5,5,1164,0,0,0.008788639906699957
aeeem_pde,hybrid,logistic_regression,5,5,1166,0,0,0.32454278217306437
aeeem_pde,hybrid,logistic_regression,5,5,1174,0,0,0.45384979642043216
aeeem_pde,hybrid,logistic_regression,5,5,1178,1,1,0.8782573502631553
aeeem_pde,hybrid,logistic_regression,5,5,1180,0,0,0.3706482871308438
aeeem_pde,hybrid,logistic_regression,5,5,1184,0,0,0.4007631444064742
aeeem_pde,hybrid,logistic_regression,5,5,1190,0,0,0.2878159123463385
aeeem_pde,hybrid,logistic_regression,5,5,1191,0,0,0.07420351136774961
aeeem_pde,hybrid,logistic_regression,5,5,1202,0,0,0.1796288611717013
aeeem_pde,hybrid,logistic_regression,5,5,1204,1,1,0.9999962558464723
aeeem_pde,hybrid,logistic_regression,5,5,1206,0,0,0.23754604404722615
aeeem_pde,hybrid,logistic_regression,5,5,1209,0,0,0.3271739101831591
aeeem_pde,hybrid,logistic_regression,5,5,1211,1,0,0.14389160536740103
aeeem_pde,hybrid,logistic_regression,5,5,1218,0,0,0.33321470659221325
aeeem_pde,hybrid,logistic_regression,5,5,1222,0,0,0.25173815441903413
aeeem_pde,hybrid,logistic_regression,5,5,1224,0,0,0.276037809905052
aeeem_pde,hybrid,logistic_regression,5,5,1225,0,0,0.14569441311783937
aeeem_pde,hybrid,logistic_regression,5,5,1228,0,1,0.5080773317702824
aeeem_pde,hybrid,logistic_regression,5,5,1229,0,0,0.2261454969506019
aeeem_pde,hybrid,logistic_regression,5,5,1230,0,1,0.7462806722723397
aeeem_pde,hybrid,logistic_regression,5,5,1235,0,0,0.3202168904235304
aeeem_pde,hybrid,logistic_regression,5,5,1240,1,1,0.9118906728823926
aeeem_pde,hybrid,logistic_regression,5,5,1241,0,0,0.2113375135709933
aeeem_pde,hybrid,logistic_regression,5,5,1244,0,0,0.21219796450644873
aeeem_pde,hybrid,logistic_regression,5,5,1247,0,0,0.26057916209556814
aeeem_pde,hybrid,logistic_regression,5,5,1252,0,0,0.27242955137850744
aeeem_pde,hybrid,logistic_regression,5,5,1256,0,1,0.8971580861249188
aeeem_pde,hybrid,logistic_regression,5,5,1260,0,0,0.011180983813867099
aeeem_pde,hybrid,logistic_regression,5,5,1262,0,1,0.781505347335317
aeeem_pde,hybrid,logistic_regression,5,5,1265,0,0,0.21845513890043788
aeeem_pde,hybrid,logistic_regression,5,5,1271,0,0,0.008611069846059569
aeeem_pde,hybrid,logistic_regression,5,5,1272,0,0,0.48152062143537117
aeeem_pde,hybrid,logistic_regression,5,5,1277,0,1,0.7206684547107098
aeeem_pde,hybrid,logistic_regression,5,5,1281,0,1,0.5024659963718187
aeeem_pde,hybrid,logistic_regression,5,5,1294,0,0,0.13836167739769348
aeeem_pde,hybrid,logistic_regression,5,5,1300,0,0,0.2298107731708047
aeeem_pde,hybrid,logistic_regression,5,5,1301,0,0,0.2070998213977759
aeeem_pde,hybrid,logistic_regression,5,5,1311,0,1,0.7093594973179668
aeeem_pde,hybrid,logistic_regression,5,5,1313,0,0,0.2565022185094633
aeeem_pde,hybrid,logistic_regression,5,5,1317,0,0,0.4203144076599292
aeeem_pde,hybrid,logistic_regression,5,5,1324,0,0,0.08913544223432696
aeeem_pde,hybrid,logistic_regression,5,5,1325,0,0,0.018433244303825373
aeeem_pde,hybrid,logistic_regression,5,5,1329,1,0,0.2907507319081073
aeeem_pde,hybrid,logistic_regression,5,5,1333,0,0,0.2047615731526635
aeeem_pde,hybrid,logistic_regression,5,5,1336,0,0,0.42082044431933485
aeeem_pde,hybrid,logistic_regression,5,5,1340,0,1,0.8124775001422624
aeeem_pde,hybrid,logistic_regression,5,5,1349,0,0,0.36709063564109623
aeeem_pde,hybrid,logistic_regression,5,5,1356,0,0,0.08220233372761993
aeeem_pde,hybrid,logistic_regression,5,5,1358,1,0,0.1309855850834559
aeeem_pde,hybrid,logistic_regression,5,5,1369,0,0,0.15273672069926436
aeeem_pde,hybrid,logistic_regression,5,5,1370,0,0,0.04188438364167467
aeeem_pde,hybrid,logistic_regression,5,5,1375,0,0,0.4568115377410647
aeeem_pde,hybrid,logistic_regression,5,5,1385,0,0,0.29224786268760045
aeeem_pde,hybrid,logistic_regression,5,5,1387,0,0,0.022823628485916046
aeeem_pde,hybrid,logistic_regression,5,5,1391,0,0,0.47638225658809036
aeeem_pde,hybrid,logistic_regression,5,5,1395,0,1,0.6180832138541613
aeeem_pde,hybrid,logistic_regression,5,5,1396,0,1,0.5111495837440265
aeeem_pde,hybrid,logistic_regression,5,5,1399,1,1,0.9958166111183462
aeeem_pde,hybrid,logistic_regression,5,5,1407,0,0,0.3117454087084536
aeeem_pde,hybrid,logistic_regression,5,5,1411,1,0,0.08883602597964056
aeeem_pde,hybrid,logistic_regression,5,5,1424,0,0,0.022534948606991068
aeeem_pde,hybrid,logistic_regression,5,5,1428,0,0,0.05744971330025018
aeeem_pde,hybrid,logistic_regression,5,5,1433,0,1,0.9584758159262846
aeeem_pde,hybrid,logistic_regression,5,5,1450,1,1,0.9597677188736726
aeeem_pde,hybrid,logistic_regression,5,5,1454,0,0,0.31181056036710414
aeeem_pde,hybrid,logistic_regression,5,5,1457,0,0,0.3397095193856801
aeeem_pde,hybrid,logistic_regression,5,5,1464,0,0,0.3539724592422594
aeeem_pde,hybrid,logistic_regression,5,5,1471,1,0,0.06867874135797157
aeeem_pde,hybrid,logistic_regression,5,5,1474,0,0,0.09685702146694633
aeeem_pde,hybrid,logistic_regression,5,5,1477,0,0,0.2872359122991397
aeeem_pde,hybrid,logistic_regression,5,5,1482,1,0,0.32166792976041986
aeeem_pde,hybrid,logistic_regression,5,5,1486,0,0,0.4374761446410991
aeeem_pde,hybrid,logistic_regression,5,5,1489,0,0,0.28686111803780506
aeeem_pde,hybrid,logistic_regression,5,5,1492,0,0,0.11830870408005537
aeeem_pde,hybrid,logistic_regression,5,5,1493,0,0,0.31202399003756465
aeeem_pde,hybrid,logistic_regression,5,5,1494,0,1,0.5583969254377578
aeeem_pde,hybrid,logistic_regression,5,5,1496,0,0,0.28322747194601056
