dataset,feature_set,model,cv_folds,fold,row_index,y_true,y_pred,y_score
aeeem_mylyn,hybrid,lightgbm,10,1,0,0,0,0.04623962405208333
aeeem_mylyn,hybrid,lightgbm,10,1,13,0,0,0.0025814563759562694
aeeem_mylyn,hybrid,lightgbm,10,1,28,0,0,0.0008751414074155251
aeeem_mylyn,hybrid,lightgbm,10,1,35,0,0,0.006350468577043253
aeeem_mylyn,hybrid,lightgbm,10,1,36,0,0,0.25568189929825014
aeeem_mylyn,hybrid,lightgbm,10,1,51,1,1,0.771348693724633
aeeem_mylyn,hybrid,lightgbm,10,1,52,0,0,0.22431165889500376
aeeem_mylyn,hybrid,lightgbm,10,1,54,0,0,0.04561258776713739
aeeem_mylyn,hybrid,lightgbm,10,1,62,0,0,0.05379152359241949
aeeem_mylyn,hybrid,lightgbm,10,1,76,0,0,0.0015775588257196675
aeeem_mylyn,hybrid,lightgbm,10,1,78,0,0,0.018667173126021754
aeeem_mylyn,hybrid,lightgbm,10,1,90,0,0,0.08602023218294204
aeeem_mylyn,hybrid,lightgbm,10,1,116,0,0,0.0015851613934040783
aeeem_mylyn,hybrid,lightgbm,10,1,140,0,0,0.0033536418021079726
aeeem_mylyn,hybrid,lightgbm,10,1,141,0,0,0.010288575166869334
aeeem_mylyn,hybrid,lightgbm,10,1,151,0,1,0.8028297566816972
aeeem_mylyn,hybrid,lightgbm,10,1,152,0,0,0.026307021226232196
aeeem_mylyn,hybrid,lightgbm,10,1,160,0,0,0.0005057083810237798
aeeem_mylyn,hybrid,lightgbm,10,1,174,0,0,0.09335931217991568
aeeem_mylyn,hybrid,lightgbm,10,1,176,0,1,0.8871140039077992
aeeem_mylyn,hybrid,lightgbm,10,1,186,1,0,0.0453612844611329
aeeem_mylyn,hybrid,lightgbm,10,1,228,0,0,0.004978325504086222
aeeem_mylyn,hybrid,lightgbm,10,1,241,0,0,0.0008715462106953627
aeeem_mylyn,hybrid,lightgbm,10,1,251,0,0,0.0027884286467169447
aeeem_mylyn,hybrid,lightgbm,10,1,261,1,1,0.7685265271723853
aeeem_mylyn,hybrid,lightgbm,10,1,263,0,0,0.059847090594263005
aeeem_mylyn,hybrid,lightgbm,10,1,295,0,0,0.00245290645870102
aeeem_mylyn,hybrid,lightgbm,10,1,297,0,0,0.17640023415479122
aeeem_mylyn,hybrid,lightgbm,10,1,298,0,0,0.014257961370090935
aeeem_mylyn,hybrid,lightgbm,10,1,300,0,0,0.005958581435090193
aeeem_mylyn,hybrid,lightgbm,10,1,302,0,0,0.0007591954449734667
aeeem_mylyn,hybrid,lightgbm,10,1,311,0,0,0.0020691225376885183
aeeem_mylyn,hybrid,lightgbm,10,1,354,0,0,0.005509421146800539
aeeem_mylyn,hybrid,lightgbm,10,1,375,1,1,0.9124556459473452
aeeem_mylyn,hybrid,lightgbm,10,1,407,0,0,0.17378141782380607
aeeem_mylyn,hybrid,lightgbm,10,1,423,1,0,0.014068159853466121
aeeem_mylyn,hybrid,lightgbm,10,1,432,0,0,0.0012948350837740203
aeeem_mylyn,hybrid,lightgbm,10,1,438,0,0,0.04459464191306839
aeeem_mylyn,hybrid,lightgbm,10,1,441,1,0,0.19372322638312345
aeeem_mylyn,hybrid,lightgbm,10,1,486,1,1,0.9266557354705824
aeeem_mylyn,hybrid,lightgbm,10,1,487,0,0,0.008600593847061624
aeeem_mylyn,hybrid,lightgbm,10,1,496,0,0,0.019898205256480436
aeeem_mylyn,hybrid,lightgbm,10,1,506,0,0,0.012796983478678024
aeeem_mylyn,hybrid,lightgbm,10,1,515,0,0,0.21677320725026192
aeeem_mylyn,hybrid,lightgbm,10,1,526,0,0,0.007669625671120217
aeeem_mylyn,hybrid,lightgbm,10,1,548,0,0,0.002364712210976065
aeeem_mylyn,hybrid,lightgbm,10,1,551,0,0,0.21434173581713875
aeeem_mylyn,hybrid,lightgbm,10,1,555,0,0,0.0011306420823910277
aeeem_mylyn,hybrid,lightgbm,10,1,560,0,0,0.06529530676392924
aeeem_mylyn,hybrid,lightgbm,10,1,622,0,0,0.488344981544688
aeeem_mylyn,hybrid,lightgbm,10,1,629,0,0,0.004200940879129274
aeeem_mylyn,hybrid,lightgbm,10,1,640,0,0,0.44099203814220234
aeeem_mylyn,hybrid,lightgbm,10,1,647,0,0,0.077949549921485
aeeem_mylyn,hybrid,lightgbm,10,1,658,0,0,0.003026455435751534
aeeem_mylyn,hybrid,lightgbm,10,1,666,0,1,0.8549876770895067
aeeem_mylyn,hybrid,lightgbm,10,1,670,0,0,0.00046996931455276956
aeeem_mylyn,hybrid,lightgbm,10,1,689,1,1,0.8954669250361822
aeeem_mylyn,hybrid,lightgbm,10,1,698,0,0,0.06589325875554722
aeeem_mylyn,hybrid,lightgbm,10,1,699,0,0,0.0024018333423435744
aeeem_mylyn,hybrid,lightgbm,10,1,701,0,0,0.01127521870779854
aeeem_mylyn,hybrid,lightgbm,10,1,738,0,1,0.6846019330293508
aeeem_mylyn,hybrid,lightgbm,10,1,744,0,0,0.06956760327649014
aeeem_mylyn,hybrid,lightgbm,10,1,750,0,0,0.20651577412556973
aeeem_mylyn,hybrid,lightgbm,10,1,766,1,0,0.031024088072264186
aeeem_mylyn,hybrid,lightgbm,10,1,772,0,0,0.007019766602984257
aeeem_mylyn,hybrid,lightgbm,10,1,776,0,0,0.05363539574380316
aeeem_mylyn,hybrid,lightgbm,10,1,780,0,1,0.9356355668083284
aeeem_mylyn,hybrid,lightgbm,10,1,783,0,0,0.0008140326856446459
aeeem_mylyn,hybrid,lightgbm,10,1,826,0,0,0.007967725961151863
aeeem_mylyn,hybrid,lightgbm,10,1,829,0,0,0.16827726844289437
aeeem_mylyn,hybrid,lightgbm,10,1,840,0,0,0.004551770109873976
aeeem_mylyn,hybrid,lightgbm,10,1,859,0,0,0.007577142853605391
aeeem_mylyn,hybrid,lightgbm,10,1,860,0,0,0.18162105733639436
aeeem_mylyn,hybrid,lightgbm,10,1,870,0,0,0.007825045450797388
aeeem_mylyn,hybrid,lightgbm,10,1,886,0,0,0.0018842161472595355
aeeem_mylyn,hybrid,lightgbm,10,1,889,0,0,0.01779809782022975
aeeem_mylyn,hybrid,lightgbm,10,1,890,0,0,0.08018228650652313
aeeem_mylyn,hybrid,lightgbm,10,1,892,0,0,0.0025714627760896327
aeeem_mylyn,hybrid,lightgbm,10,1,894,1,0,0.04858216088402636
aeeem_mylyn,hybrid,lightgbm,10,1,896,0,0,0.002788786654181482
aeeem_mylyn,hybrid,lightgbm,10,1,900,0,1,0.6925687493984347
aeeem_mylyn,hybrid,lightgbm,10,1,904,0,0,0.004950151306841922
aeeem_mylyn,hybrid,lightgbm,10,1,921,0,0,0.12322464680179808
aeeem_mylyn,hybrid,lightgbm,10,1,923,0,0,0.017910212269101045
aeeem_mylyn,hybrid,lightgbm,10,1,938,0,0,0.03052155522497735
aeeem_mylyn,hybrid,lightgbm,10,1,940,0,0,0.0016952764153245618
aeeem_mylyn,hybrid,lightgbm,10,1,942,0,0,0.007390003497523886
aeeem_mylyn,hybrid,lightgbm,10,1,945,0,0,0.013203323534447524
aeeem_mylyn,hybrid,lightgbm,10,1,948,0,0,0.008176919901789353
aeeem_mylyn,hybrid,lightgbm,10,1,958,0,0,0.0014629796025364982
aeeem_mylyn,hybrid,lightgbm,10,1,960,0,0,0.012933058649908267
aeeem_mylyn,hybrid,lightgbm,10,1,961,0,0,0.015238425126071386
aeeem_mylyn,hybrid,lightgbm,10,1,963,0,0,0.015656727750924266
aeeem_mylyn,hybrid,lightgbm,10,1,976,0,0,0.2616158836758213
aeeem_mylyn,hybrid,lightgbm,10,1,986,0,0,0.059139929262450396
aeeem_mylyn,hybrid,lightgbm,10,1,988,0,0,0.04431861910110415
aeeem_mylyn,hybrid,lightgbm,10,1,1011,0,0,0.01604380969060568
aeeem_mylyn,hybrid,lightgbm,10,1,1012,1,1,0.6006748927870597
aeeem_mylyn,hybrid,lightgbm,10,1,1019,0,0,0.0011575094328720903
aeeem_mylyn,hybrid,lightgbm,10,1,1020,0,0,0.2506566609205762
aeeem_mylyn,hybrid,lightgbm,10,1,1022,0,1,0.9427575996020011
aeeem_mylyn,hybrid,lightgbm,10,1,1034,0,0,0.0008082553520034456
aeeem_mylyn,hybrid,lightgbm,10,1,1037,0,0,0.009268327609554329
aeeem_mylyn,hybrid,lightgbm,10,1,1038,0,1,0.6115198706092727
aeeem_mylyn,hybrid,lightgbm,10,1,1040,0,0,0.0015204015136825256
aeeem_mylyn,hybrid,lightgbm,10,1,1060,0,0,0.15311511679092824
aeeem_mylyn,hybrid,lightgbm,10,1,1068,0,0,0.002200529436951559
aeeem_mylyn,hybrid,lightgbm,10,1,1075,0,0,0.006166209073157213
aeeem_mylyn,hybrid,lightgbm,10,1,1080,0,0,0.001073017421692465
aeeem_mylyn,hybrid,lightgbm,10,1,1087,0,0,0.000649133902448414
aeeem_mylyn,hybrid,lightgbm,10,1,1108,0,0,0.06858377866345186
aeeem_mylyn,hybrid,lightgbm,10,1,1126,0,0,0.01003004899100506
aeeem_mylyn,hybrid,lightgbm,10,1,1152,0,0,0.008326383128660117
aeeem_mylyn,hybrid,lightgbm,10,1,1170,0,0,0.013153765962169214
aeeem_mylyn,hybrid,lightgbm,10,1,1171,0,0,0.08339592784027336
aeeem_mylyn,hybrid,lightgbm,10,1,1178,0,0,0.01274835367129081
aeeem_mylyn,hybrid,lightgbm,10,1,1179,0,0,0.023075003894690475
aeeem_mylyn,hybrid,lightgbm,10,1,1185,1,1,0.6410239878993149
aeeem_mylyn,hybrid,lightgbm,10,1,1196,0,0,0.40198557949509567
aeeem_mylyn,hybrid,lightgbm,10,1,1199,0,0,0.00244765009280939
aeeem_mylyn,hybrid,lightgbm,10,1,1209,0,0,0.3046964026377502
aeeem_mylyn,hybrid,lightgbm,10,1,1228,0,0,0.0064587814322153644
aeeem_mylyn,hybrid,lightgbm,10,1,1242,0,0,0.0037790649454647043
aeeem_mylyn,hybrid,lightgbm,10,1,1252,0,0,0.017379980833876693
aeeem_mylyn,hybrid,lightgbm,10,1,1258,0,0,0.09687180952816891
aeeem_mylyn,hybrid,lightgbm,10,1,1268,1,1,0.8267531329412107
aeeem_mylyn,hybrid,lightgbm,10,1,1278,0,1,0.9935336643743345
aeeem_mylyn,hybrid,lightgbm,10,1,1283,1,0,0.45126040976352705
aeeem_mylyn,hybrid,lightgbm,10,1,1285,0,1,0.7498892021786933
aeeem_mylyn,hybrid,lightgbm,10,1,1287,1,0,0.03947560161600045
aeeem_mylyn,hybrid,lightgbm,10,1,1293,0,0,0.001695707605943666
aeeem_mylyn,hybrid,lightgbm,10,1,1302,0,0,0.27264132372416755
aeeem_mylyn,hybrid,lightgbm,10,1,1318,0,0,0.2109222740859945
aeeem_mylyn,hybrid,lightgbm,10,1,1330,0,0,0.4444429155224043
aeeem_mylyn,hybrid,lightgbm,10,1,1340,0,0,0.008992312647049425
aeeem_mylyn,hybrid,lightgbm,10,1,1352,1,1,0.9684746059162547
aeeem_mylyn,hybrid,lightgbm,10,1,1362,0,0,0.0075293443519938935
aeeem_mylyn,hybrid,lightgbm,10,1,1366,1,1,0.5499094642213652
aeeem_mylyn,hybrid,lightgbm,10,1,1368,0,0,0.0018528689801671299
aeeem_mylyn,hybrid,lightgbm,10,1,1380,1,0,0.12940063833101348
aeeem_mylyn,hybrid,lightgbm,10,1,1382,0,0,0.010864143153955142
aeeem_mylyn,hybrid,lightgbm,10,1,1389,0,0,0.02358181841411813
aeeem_mylyn,hybrid,lightgbm,10,1,1404,0,0,0.035187784321596235
aeeem_mylyn,hybrid,lightgbm,10,1,1408,0,0,0.006145009196613346
aeeem_mylyn,hybrid,lightgbm,10,1,1423,0,0,0.0353885172852813
aeeem_mylyn,hybrid,lightgbm,10,1,1425,0,0,0.03826353484026005
aeeem_mylyn,hybrid,lightgbm,10,1,1439,0,0,0.005896982158699624
aeeem_mylyn,hybrid,lightgbm,10,1,1448,0,0,0.0030900771293487822
aeeem_mylyn,hybrid,lightgbm,10,1,1449,0,0,0.14255269064752557
aeeem_mylyn,hybrid,lightgbm,10,1,1475,0,0,0.3423492871425589
aeeem_mylyn,hybrid,lightgbm,10,1,1479,0,0,0.002557767838739587
aeeem_mylyn,hybrid,lightgbm,10,1,1482,1,0,0.09087039108835915
aeeem_mylyn,hybrid,lightgbm,10,1,1494,1,1,0.9583024277094992
aeeem_mylyn,hybrid,lightgbm,10,1,1497,0,0,0.1657967002989048
aeeem_mylyn,hybrid,lightgbm,10,1,1502,0,0,0.00890005712275531
aeeem_mylyn,hybrid,lightgbm,10,1,1521,0,0,0.0013583153717511686
aeeem_mylyn,hybrid,lightgbm,10,1,1528,0,0,0.21048066963605214
aeeem_mylyn,hybrid,lightgbm,10,1,1534,0,0,0.21948897220046099
aeeem_mylyn,hybrid,lightgbm,10,1,1538,0,1,0.6600400942923501
aeeem_mylyn,hybrid,lightgbm,10,1,1539,0,0,0.01070826690046649
aeeem_mylyn,hybrid,lightgbm,10,1,1547,0,0,0.0021720033125463673
aeeem_mylyn,hybrid,lightgbm,10,1,1566,0,0,0.12625849119699734
aeeem_mylyn,hybrid,lightgbm,10,1,1578,0,0,0.006655282761541967
aeeem_mylyn,hybrid,lightgbm,10,1,1592,0,0,0.011279766688933626
aeeem_mylyn,hybrid,lightgbm,10,1,1601,0,0,0.03508270636224865
aeeem_mylyn,hybrid,lightgbm,10,1,1614,0,0,0.00345535258080969
aeeem_mylyn,hybrid,lightgbm,10,1,1615,0,0,0.0016344352273215683
aeeem_mylyn,hybrid,lightgbm,10,1,1630,1,1,0.8674473624806642
aeeem_mylyn,hybrid,lightgbm,10,1,1676,1,0,0.24001334550898057
aeeem_mylyn,hybrid,lightgbm,10,1,1678,0,0,0.01134393390029875
aeeem_mylyn,hybrid,lightgbm,10,1,1704,0,0,0.01808492703801334
aeeem_mylyn,hybrid,lightgbm,10,1,1713,0,0,0.011827144675685257
aeeem_mylyn,hybrid,lightgbm,10,1,1716,0,0,0.0029914991588598557
aeeem_mylyn,hybrid,lightgbm,10,1,1733,0,1,0.816386212951233
aeeem_mylyn,hybrid,lightgbm,10,1,1734,0,0,0.004551770109873976
aeeem_mylyn,hybrid,lightgbm,10,1,1758,0,0,0.45618091776280895
aeeem_mylyn,hybrid,lightgbm,10,1,1772,0,0,0.37702157541944176
aeeem_mylyn,hybrid,lightgbm,10,1,1780,0,0,0.0026562800257540074
aeeem_mylyn,hybrid,lightgbm,10,1,1784,1,0,0.018753287035505276
aeeem_mylyn,hybrid,lightgbm,10,1,1786,1,1,0.6794239101295221
aeeem_mylyn,hybrid,lightgbm,10,1,1790,0,0,0.007298006865402098
aeeem_mylyn,hybrid,lightgbm,10,1,1798,0,0,0.018426821398856225
aeeem_mylyn,hybrid,lightgbm,10,1,1823,0,0,0.004098954584722024
aeeem_mylyn,hybrid,lightgbm,10,1,1831,1,1,0.7095085726909948
aeeem_mylyn,hybrid,lightgbm,10,1,1842,0,0,0.008998425608896604
aeeem_mylyn,hybrid,lightgbm,10,1,1846,0,0,0.0031110138337240956
aeeem_mylyn,hybrid,lightgbm,10,1,1852,0,0,0.0004997584086651716
aeeem_mylyn,hybrid,lightgbm,10,2,9,0,0,0.00091323259560196
aeeem_mylyn,hybrid,lightgbm,10,2,17,0,0,0.10104456123336769
aeeem_mylyn,hybrid,lightgbm,10,2,19,0,0,0.0006402357577704788
aeeem_mylyn,hybrid,lightgbm,10,2,20,0,0,0.0008279167050269005
aeeem_mylyn,hybrid,lightgbm,10,2,21,0,0,0.37500827421823746
aeeem_mylyn,hybrid,lightgbm,10,2,22,0,1,0.6146693336005219
aeeem_mylyn,hybrid,lightgbm,10,2,32,0,0,0.0024282634106397847
aeeem_mylyn,hybrid,lightgbm,10,2,53,0,0,0.0006295326222601438
aeeem_mylyn,hybrid,lightgbm,10,2,69,0,0,0.00045647974411780544
aeeem_mylyn,hybrid,lightgbm,10,2,81,0,0,0.007018429150975334
aeeem_mylyn,hybrid,lightgbm,10,2,91,0,1,0.7091656294286585
aeeem_mylyn,hybrid,lightgbm,10,2,94,0,0,0.13300230380938285
aeeem_mylyn,hybrid,lightgbm,10,2,107,0,1,0.818708472861062
aeeem_mylyn,hybrid,lightgbm,10,2,114,1,0,0.10792328386986332
aeeem_mylyn,hybrid,lightgbm,10,2,129,1,1,0.7786905427853495
aeeem_mylyn,hybrid,lightgbm,10,2,134,1,1,0.818708472861062
aeeem_mylyn,hybrid,lightgbm,10,2,144,0,0,0.004545464030375164
aeeem_mylyn,hybrid,lightgbm,10,2,153,0,0,0.04008601706504776
aeeem_mylyn,hybrid,lightgbm,10,2,154,0,0,0.15637502781661142
aeeem_mylyn,hybrid,lightgbm,10,2,162,0,0,0.001170105850029145
aeeem_mylyn,hybrid,lightgbm,10,2,167,0,0,0.0007899348865316973
aeeem_mylyn,hybrid,lightgbm,10,2,170,0,0,0.007195520153918426
aeeem_mylyn,hybrid,lightgbm,10,2,187,0,0,0.0029367876773448804
aeeem_mylyn,hybrid,lightgbm,10,2,201,0,0,0.0021793129686133203
aeeem_mylyn,hybrid,lightgbm,10,2,219,0,0,0.0004125924249613926
aeeem_mylyn,hybrid,lightgbm,10,2,223,0,0,0.002704092059949927
aeeem_mylyn,hybrid,lightgbm,10,2,225,0,0,0.013019357959349854
aeeem_mylyn,hybrid,lightgbm,10,2,235,0,0,0.010730141262054143
aeeem_mylyn,hybrid,lightgbm,10,2,245,0,0,0.03464061296417602
aeeem_mylyn,hybrid,lightgbm,10,2,247,1,1,0.907538247005254
aeeem_mylyn,hybrid,lightgbm,10,2,252,1,1,0.8229937960385961
aeeem_mylyn,hybrid,lightgbm,10,2,262,0,0,0.0025658173130224055
aeeem_mylyn,hybrid,lightgbm,10,2,266,1,0,0.01888984174885774
aeeem_mylyn,hybrid,lightgbm,10,2,279,0,0,0.11796596876144641
aeeem_mylyn,hybrid,lightgbm,10,2,283,0,0,0.0033854796744050945
aeeem_mylyn,hybrid,lightgbm,10,2,296,0,0,0.01359234045640756
aeeem_mylyn,hybrid,lightgbm,10,2,335,0,0,0.0008709236510490599
aeeem_mylyn,hybrid,lightgbm,10,2,341,0,0,0.012277667488578049
aeeem_mylyn,hybrid,lightgbm,10,2,343,1,0,0.31074661344824067
aeeem_mylyn,hybrid,lightgbm,10,2,345,0,0,0.05729086929067296
aeeem_mylyn,hybrid,lightgbm,10,2,351,0,0,0.0006485951166358046
aeeem_mylyn,hybrid,lightgbm,10,2,352,0,0,0.0009000736198938156
aeeem_mylyn,hybrid,lightgbm,10,2,365,0,1,0.9971234296255496
aeeem_mylyn,hybrid,lightgbm,10,2,367,0,0,0.07904785756259516
aeeem_mylyn,hybrid,lightgbm,10,2,393,0,0,0.0017465031465189731
aeeem_mylyn,hybrid,lightgbm,10,2,397,0,0,0.001362875272131478
aeeem_mylyn,hybrid,lightgbm,10,2,403,0,0,0.0047884763496417945
aeeem_mylyn,hybrid,lightgbm,10,2,421,0,0,0.0038371890332264762
aeeem_mylyn,hybrid,lightgbm,10,2,427,0,0,0.25843271750685715
aeeem_mylyn,hybrid,lightgbm,10,2,429,0,0,0.0019216915762910703
aeeem_mylyn,hybrid,lightgbm,10,2,448,0,0,0.0018591343247202508
aeeem_mylyn,hybrid,lightgbm,10,2,469,1,1,0.8163334746599732
aeeem_mylyn,hybrid,lightgbm,10,2,474,0,0,0.004828568432029439
aeeem_mylyn,hybrid,lightgbm,10,2,476,0,0,0.006755159424436536
aeeem_mylyn,hybrid,lightgbm,10,2,491,0,0,0.0009085347468469984
aeeem_mylyn,hybrid,lightgbm,10,2,492,0,0,0.011249253798288256
aeeem_mylyn,hybrid,lightgbm,10,2,505,0,1,0.818708472861062
aeeem_mylyn,hybrid,lightgbm,10,2,509,0,0,0.04531518801617245
aeeem_mylyn,hybrid,lightgbm,10,2,520,0,0,0.16297460074810224
aeeem_mylyn,hybrid,lightgbm,10,2,530,0,1,0.6661509953622681
aeeem_mylyn,hybrid,lightgbm,10,2,534,0,0,0.001612507116451018
aeeem_mylyn,hybrid,lightgbm,10,2,542,0,0,0.028929372183757473
aeeem_mylyn,hybrid,lightgbm,10,2,570,0,0,0.007772144358268248
aeeem_mylyn,hybrid,lightgbm,10,2,593,0,0,0.0012885473702699823
aeeem_mylyn,hybrid,lightgbm,10,2,595,1,1,0.9208407284042355
aeeem_mylyn,hybrid,lightgbm,10,2,596,0,0,0.004050349061256652
aeeem_mylyn,hybrid,lightgbm,10,2,599,1,0,0.03902448391396527
aeeem_mylyn,hybrid,lightgbm,10,2,603,0,0,0.022860950672097938
aeeem_mylyn,hybrid,lightgbm,10,2,608,0,0,0.0012300277305434873
aeeem_mylyn,hybrid,lightgbm,10,2,614,0,0,0.07075686025491637
aeeem_mylyn,hybrid,lightgbm,10,2,628,0,0,0.01986358214985765
aeeem_mylyn,hybrid,lightgbm,10,2,642,0,0,0.024958445505185313
aeeem_mylyn,hybrid,lightgbm,10,2,644,0,0,0.0006859546200326
aeeem_mylyn,hybrid,lightgbm,10,2,648,0,0,0.002202946356792066
aeeem_mylyn,hybrid,lightgbm,10,2,652,1,0,0.03253638261906837
aeeem_mylyn,hybrid,lightgbm,10,2,662,0,0,0.16047684413222793
aeeem_mylyn,hybrid,lightgbm,10,2,679,0,0,0.018599219654339
aeeem_mylyn,hybrid,lightgbm,10,2,694,0,0,0.014335261090483588
aeeem_mylyn,hybrid,lightgbm,10,2,706,1,1,0.9741642364022235
aeeem_mylyn,hybrid,lightgbm,10,2,708,0,0,0.014612910486599155
aeeem_mylyn,hybrid,lightgbm,10,2,709,0,0,0.2117286590070873
aeeem_mylyn,hybrid,lightgbm,10,2,734,0,0,0.13242496394878905
aeeem_mylyn,hybrid,lightgbm,10,2,737,0,0,0.08697067881795754
aeeem_mylyn,hybrid,lightgbm,10,2,739,0,1,0.5725341963154661
aeeem_mylyn,hybrid,lightgbm,10,2,740,0,0,0.0044617034132982585
aeeem_mylyn,hybrid,lightgbm,10,2,753,0,0,0.20688491534261608
aeeem_mylyn,hybrid,lightgbm,10,2,758,0,0,0.06531946755595532
aeeem_mylyn,hybrid,lightgbm,10,2,763,0,0,0.015061017507169205
aeeem_mylyn,hybrid,lightgbm,10,2,775,0,1,0.7806566354780563
aeeem_mylyn,hybrid,lightgbm,10,2,777,0,0,0.0034326690224809014
aeeem_mylyn,hybrid,lightgbm,10,2,782,0,0,0.0006109159373948229
aeeem_mylyn,hybrid,lightgbm,10,2,802,0,0,0.02951193342351612
aeeem_mylyn,hybrid,lightgbm,10,2,804,0,0,0.0003728032033769167
aeeem_mylyn,hybrid,lightgbm,10,2,818,0,0,0.0004057595831762355
aeeem_mylyn,hybrid,lightgbm,10,2,831,0,0,0.04866845173029294
aeeem_mylyn,hybrid,lightgbm,10,2,842,0,0,0.0186279726248201
aeeem_mylyn,hybrid,lightgbm,10,2,854,0,0,0.14154571831227492
aeeem_mylyn,hybrid,lightgbm,10,2,856,1,1,0.8357248675976198
aeeem_mylyn,hybrid,lightgbm,10,2,861,0,0,0.1983016438513886
aeeem_mylyn,hybrid,lightgbm,10,2,867,0,0,0.02705943450224798
aeeem_mylyn,hybrid,lightgbm,10,2,877,1,0,0.036699266667045635
aeeem_mylyn,hybrid,lightgbm,10,2,885,0,0,0.002207681907536886
aeeem_mylyn,hybrid,lightgbm,10,2,895,0,0,0.013067423363632116
aeeem_mylyn,hybrid,lightgbm,10,2,914,1,1,0.679773100820888
aeeem_mylyn,hybrid,lightgbm,10,2,926,0,0,0.0017154299179955271
aeeem_mylyn,hybrid,lightgbm,10,2,927,0,1,0.8525031313803836
aeeem_mylyn,hybrid,lightgbm,10,2,934,0,1,0.7026016268179365
aeeem_mylyn,hybrid,lightgbm,10,2,943,0,0,0.0012026610071932228
aeeem_mylyn,hybrid,lightgbm,10,2,957,0,0,0.015467879164278659
aeeem_mylyn,hybrid,lightgbm,10,2,968,0,0,0.10269398846370346
aeeem_mylyn,hybrid,lightgbm,10,2,969,0,0,0.22393804031586628
aeeem_mylyn,hybrid,lightgbm,10,2,970,0,0,0.06429404777499628
aeeem_mylyn,hybrid,lightgbm,10,2,993,0,0,0.019628779870939545
aeeem_mylyn,hybrid,lightgbm,10,2,1006,0,0,0.03333536254370931
aeeem_mylyn,hybrid,lightgbm,10,2,1008,0,0,0.026139486590605065
aeeem_mylyn,hybrid,lightgbm,10,2,1009,0,0,0.0024385260271969945
aeeem_mylyn,hybrid,lightgbm,10,2,1016,0,0,0.0080262355462248
aeeem_mylyn,hybrid,lightgbm,10,2,1069,0,0,0.2839111416987095
aeeem_mylyn,hybrid,lightgbm,10,2,1073,0,0,0.003598877424036162
aeeem_mylyn,hybrid,lightgbm,10,2,1074,0,0,0.0009564745966485776
aeeem_mylyn,hybrid,lightgbm,10,2,1077,1,1,0.6187483361842921
aeeem_mylyn,hybrid,lightgbm,10,2,1083,0,0,0.034030506983289015
aeeem_mylyn,hybrid,lightgbm,10,2,1092,0,0,0.00455837549952039
aeeem_mylyn,hybrid,lightgbm,10,2,1118,0,0,0.0030411985008142717
aeeem_mylyn,hybrid,lightgbm,10,2,1145,0,0,0.004412407964062551
aeeem_mylyn,hybrid,lightgbm,10,2,1155,0,0,0.24998539320077454
aeeem_mylyn,hybrid,lightgbm,10,2,1163,0,0,0.0026995338462341293
aeeem_mylyn,hybrid,lightgbm,10,2,1165,0,0,0.0004778605299041292
aeeem_mylyn,hybrid,lightgbm,10,2,1168,0,0,0.002308668727467672
aeeem_mylyn,hybrid,lightgbm,10,2,1195,0,0,0.0017674978504939604
aeeem_mylyn,hybrid,lightgbm,10,2,1213,0,0,0.00211043943642744
aeeem_mylyn,hybrid,lightgbm,10,2,1222,0,0,0.0018862492481661088
aeeem_mylyn,hybrid,lightgbm,10,2,1241,0,0,0.0011194709350651935
aeeem_mylyn,hybrid,lightgbm,10,2,1246,0,0,0.0008660429715737782
aeeem_mylyn,hybrid,lightgbm,10,2,1257,0,0,0.0012517774968560905
aeeem_mylyn,hybrid,lightgbm,10,2,1265,0,0,0.0012151014999167832
aeeem_mylyn,hybrid,lightgbm,10,2,1295,0,0,0.01574106875509588
aeeem_mylyn,hybrid,lightgbm,10,2,1305,0,0,0.18228995523585056
aeeem_mylyn,hybrid,lightgbm,10,2,1324,0,0,0.2448658201312631
aeeem_mylyn,hybrid,lightgbm,10,2,1373,0,0,0.0031613244106456864
aeeem_mylyn,hybrid,lightgbm,10,2,1379,1,0,0.43496072705001104
aeeem_mylyn,hybrid,lightgbm,10,2,1392,0,0,0.26576540700064943
aeeem_mylyn,hybrid,lightgbm,10,2,1401,0,0,0.002213586877284054
aeeem_mylyn,hybrid,lightgbm,10,2,1403,0,0,0.0005094593680008947
aeeem_mylyn,hybrid,lightgbm,10,2,1411,1,1,0.7304068545071972
aeeem_mylyn,hybrid,lightgbm,10,2,1422,0,0,0.0028392969481308835
aeeem_mylyn,hybrid,lightgbm,10,2,1435,0,0,0.21527000201202887
aeeem_mylyn,hybrid,lightgbm,10,2,1454,0,0,0.014541543118398538
aeeem_mylyn,hybrid,lightgbm,10,2,1461,1,1,0.9800726475349254
aeeem_mylyn,hybrid,lightgbm,10,2,1462,0,0,0.01084424702029968
aeeem_mylyn,hybrid,lightgbm,10,2,1463,0,0,0.1929887970127432
aeeem_mylyn,hybrid,lightgbm,10,2,1489,1,0,0.32585305617577015
aeeem_mylyn,hybrid,lightgbm,10,2,1492,0,0,0.1862164613974922
aeeem_mylyn,hybrid,lightgbm,10,2,1496,0,0,0.007773711731823872
aeeem_mylyn,hybrid,lightgbm,10,2,1501,0,0,0.0517672576222876
aeeem_mylyn,hybrid,lightgbm,10,2,1515,1,0,0.04384883428577029
aeeem_mylyn,hybrid,lightgbm,10,2,1543,0,0,0.011116994622074834
aeeem_mylyn,hybrid,lightgbm,10,2,1552,0,0,0.07969797349805224
aeeem_mylyn,hybrid,lightgbm,10,2,1563,0,0,0.354486919133509
aeeem_mylyn,hybrid,lightgbm,10,2,1576,1,1,0.9321302654671362
aeeem_mylyn,hybrid,lightgbm,10,2,1588,0,0,0.00246543459609149
aeeem_mylyn,hybrid,lightgbm,10,2,1595,0,0,0.013259708845230459
aeeem_mylyn,hybrid,lightgbm,10,2,1597,0,0,0.19298251109782474
aeeem_mylyn,hybrid,lightgbm,10,2,1598,0,0,0.0014280234147737022
aeeem_mylyn,hybrid,lightgbm,10,2,1603,0,0,0.08326168760574144
aeeem_mylyn,hybrid,lightgbm,10,2,1605,0,0,0.10902773969310538
aeeem_mylyn,hybrid,lightgbm,10,2,1612,0,1,0.9591024111307391
aeeem_mylyn,hybrid,lightgbm,10,2,1635,0,0,0.008980652892714007
aeeem_mylyn,hybrid,lightgbm,10,2,1668,1,1,0.856557797724116
aeeem_mylyn,hybrid,lightgbm,10,2,1680,1,1,0.9346609030939484
aeeem_mylyn,hybrid,lightgbm,10,2,1688,0,0,0.008415215639973848
aeeem_mylyn,hybrid,lightgbm,10,2,1712,0,0,0.0807345262219718
aeeem_mylyn,hybrid,lightgbm,10,2,1718,0,0,0.036648459337135814
aeeem_mylyn,hybrid,lightgbm,10,2,1720,0,0,0.05414634953418361
aeeem_mylyn,hybrid,lightgbm,10,2,1739,0,0,0.003759520338654166
aeeem_mylyn,hybrid,lightgbm,10,2,1741,0,1,0.750987643087743
aeeem_mylyn,hybrid,lightgbm,10,2,1747,0,0,0.0021512775277234986
aeeem_mylyn,hybrid,lightgbm,10,2,1754,0,0,0.001121210400414195
aeeem_mylyn,hybrid,lightgbm,10,2,1757,0,0,0.15178778564859974
aeeem_mylyn,hybrid,lightgbm,10,2,1771,0,0,0.0013322622797335313
aeeem_mylyn,hybrid,lightgbm,10,2,1789,0,1,0.5661144919854423
aeeem_mylyn,hybrid,lightgbm,10,2,1791,0,0,0.040995744117336884
aeeem_mylyn,hybrid,lightgbm,10,2,1796,0,0,0.018222733130507703
aeeem_mylyn,hybrid,lightgbm,10,2,1812,0,0,0.07132544850055152
aeeem_mylyn,hybrid,lightgbm,10,2,1822,0,0,0.05216990936606216
aeeem_mylyn,hybrid,lightgbm,10,2,1828,0,0,0.0009340041180064814
aeeem_mylyn,hybrid,lightgbm,10,2,1835,1,1,0.8962139644884246
aeeem_mylyn,hybrid,lightgbm,10,3,1,0,0,0.12220294016793494
aeeem_mylyn,hybrid,lightgbm,10,3,16,0,0,0.05084395092780611
aeeem_mylyn,hybrid,lightgbm,10,3,23,0,0,0.04541707023536429
aeeem_mylyn,hybrid,lightgbm,10,3,25,0,0,0.09600692649540414
aeeem_mylyn,hybrid,lightgbm,10,3,27,0,0,0.0028391162929941294
aeeem_mylyn,hybrid,lightgbm,10,3,41,0,1,0.9491304296559547
aeeem_mylyn,hybrid,lightgbm,10,3,42,0,1,0.5136650432008631
aeeem_mylyn,hybrid,lightgbm,10,3,45,0,1,0.5999710052232573
aeeem_mylyn,hybrid,lightgbm,10,3,57,0,0,0.029835318182702332
aeeem_mylyn,hybrid,lightgbm,10,3,60,1,1,0.8521810926167819
aeeem_mylyn,hybrid,lightgbm,10,3,84,0,0,0.22825127501835585
aeeem_mylyn,hybrid,lightgbm,10,3,88,0,0,0.006569725777009146
aeeem_mylyn,hybrid,lightgbm,10,3,93,0,0,0.005295592475547643
aeeem_mylyn,hybrid,lightgbm,10,3,99,1,0,0.02225321146603191
aeeem_mylyn,hybrid,lightgbm,10,3,111,1,1,0.9743155367312918
aeeem_mylyn,hybrid,lightgbm,10,3,119,0,0,0.01716359944512962
aeeem_mylyn,hybrid,lightgbm,10,3,120,0,0,0.22349593716228783
aeeem_mylyn,hybrid,lightgbm,10,3,122,0,0,0.00035522209189088936
aeeem_mylyn,hybrid,lightgbm,10,3,127,0,0,0.003300710756548513
aeeem_mylyn,hybrid,lightgbm,10,3,135,0,0,0.0007099815367201794
aeeem_mylyn,hybrid,lightgbm,10,3,148,0,0,0.01755703422687196
aeeem_mylyn,hybrid,lightgbm,10,3,156,1,0,0.3307607000968069
aeeem_mylyn,hybrid,lightgbm,10,3,166,0,0,0.2578993972226042
aeeem_mylyn,hybrid,lightgbm,10,3,172,0,0,0.011213507146328038
aeeem_mylyn,hybrid,lightgbm,10,3,173,1,0,0.040653611339423426
aeeem_mylyn,hybrid,lightgbm,10,3,181,0,1,0.5692012874468172
aeeem_mylyn,hybrid,lightgbm,10,3,195,0,0,0.021091213337627056
aeeem_mylyn,hybrid,lightgbm,10,3,198,0,0,0.0008188125021527642
aeeem_mylyn,hybrid,lightgbm,10,3,202,0,0,0.03376544149764749
aeeem_mylyn,hybrid,lightgbm,10,3,212,0,0,0.008822034940744171
aeeem_mylyn,hybrid,lightgbm,10,3,215,0,0,0.010583010939223324
aeeem_mylyn,hybrid,lightgbm,10,3,229,0,0,0.001476197829899183
aeeem_mylyn,hybrid,lightgbm,10,3,242,0,0,0.15597416069997136
aeeem_mylyn,hybrid,lightgbm,10,3,246,0,0,0.00746499323018011
aeeem_mylyn,hybrid,lightgbm,10,3,249,0,0,0.0032530403149227355
aeeem_mylyn,hybrid,lightgbm,10,3,250,0,1,0.9597669259846314
aeeem_mylyn,hybrid,lightgbm,10,3,253,0,1,0.6729871560244748
aeeem_mylyn,hybrid,lightgbm,10,3,258,0,0,0.001410059366958926
aeeem_mylyn,hybrid,lightgbm,10,3,259,0,0,0.0031446587033977236
aeeem_mylyn,hybrid,lightgbm,10,3,303,0,0,0.07645968320597538
aeeem_mylyn,hybrid,lightgbm,10,3,304,0,0,0.0381881097227109
aeeem_mylyn,hybrid,lightgbm,10,3,307,0,0,0.03430821682151806
aeeem_mylyn,hybrid,lightgbm,10,3,315,0,0,0.10105931454310287
aeeem_mylyn,hybrid,lightgbm,10,3,317,1,0,0.3297837447030966
aeeem_mylyn,hybrid,lightgbm,10,3,329,1,1,0.8863269098521301
aeeem_mylyn,hybrid,lightgbm,10,3,338,1,1,0.6776071043742795
aeeem_mylyn,hybrid,lightgbm,10,3,342,0,0,0.07838182915993738
aeeem_mylyn,hybrid,lightgbm,10,3,347,0,0,0.00021415037631003768
aeeem_mylyn,hybrid,lightgbm,10,3,363,0,0,0.013720375817896535
aeeem_mylyn,hybrid,lightgbm,10,3,371,0,0,0.04045788280232231
aeeem_mylyn,hybrid,lightgbm,10,3,374,0,0,0.022007195689600332
aeeem_mylyn,hybrid,lightgbm,10,3,416,0,0,0.021954363792012214
aeeem_mylyn,hybrid,lightgbm,10,3,437,0,0,0.01716532707896705
aeeem_mylyn,hybrid,lightgbm,10,3,456,0,0,0.04334679341774969
aeeem_mylyn,hybrid,lightgbm,10,3,473,0,0,0.06355812493127895
aeeem_mylyn,hybrid,lightgbm,10,3,475,1,0,0.10840829308875911
aeeem_mylyn,hybrid,lightgbm,10,3,484,0,0,0.0008809504256672945
aeeem_mylyn,hybrid,lightgbm,10,3,490,0,0,0.45640269258510807
aeeem_mylyn,hybrid,lightgbm,10,3,494,0,0,0.007278256047835515
aeeem_mylyn,hybrid,lightgbm,10,3,517,0,0,0.0009756932825001543
aeeem_mylyn,hybrid,lightgbm,10,3,522,0,1,0.8863269098521301
aeeem_mylyn,hybrid,lightgbm,10,3,528,1,1,0.5890331479071028
aeeem_mylyn,hybrid,lightgbm,10,3,531,0,0,0.0013449598442657868
aeeem_mylyn,hybrid,lightgbm,10,3,538,0,0,0.03458504062388081
aeeem_mylyn,hybrid,lightgbm,10,3,539,0,0,0.00028574357856030934
aeeem_mylyn,hybrid,lightgbm,10,3,546,0,0,0.0010523907665706924
aeeem_mylyn,hybrid,lightgbm,10,3,550,0,0,0.017789138982086738
aeeem_mylyn,hybrid,lightgbm,10,3,556,1,1,0.9336122098370212
aeeem_mylyn,hybrid,lightgbm,10,3,558,0,0,0.04741488939802855
aeeem_mylyn,hybrid,lightgbm,10,3,577,1,0,0.2581464313152726
aeeem_mylyn,hybrid,lightgbm,10,3,579,0,0,0.006247433583981031
aeeem_mylyn,hybrid,lightgbm,10,3,581,0,0,0.0025623990128096773
aeeem_mylyn,hybrid,lightgbm,10,3,584,0,0,0.10912674350476033
aeeem_mylyn,hybrid,lightgbm,10,3,587,1,0,0.30812121227451117
aeeem_mylyn,hybrid,lightgbm,10,3,597,0,0,0.002798448449509869
aeeem_mylyn,hybrid,lightgbm,10,3,604,0,0,0.11923920949889821
aeeem_mylyn,hybrid,lightgbm,10,3,605,0,0,0.43247647559302166
aeeem_mylyn,hybrid,lightgbm,10,3,612,1,1,0.7573761108363034
aeeem_mylyn,hybrid,lightgbm,10,3,616,0,0,0.0043926190057988505
aeeem_mylyn,hybrid,lightgbm,10,3,620,0,0,0.008454271264353075
aeeem_mylyn,hybrid,lightgbm,10,3,625,0,0,0.0007367911349730405
aeeem_mylyn,hybrid,lightgbm,10,3,665,0,0,0.0266478707088873
aeeem_mylyn,hybrid,lightgbm,10,3,671,0,0,0.07208327945538315
aeeem_mylyn,hybrid,lightgbm,10,3,673,0,0,0.10225470712344598
aeeem_mylyn,hybrid,lightgbm,10,3,677,0,0,0.022219261491846005
aeeem_mylyn,hybrid,lightgbm,10,3,680,0,1,0.9544447126705777
aeeem_mylyn,hybrid,lightgbm,10,3,712,0,0,0.054683963136895136
aeeem_mylyn,hybrid,lightgbm,10,3,720,0,0,0.002506098220189384
aeeem_mylyn,hybrid,lightgbm,10,3,721,0,0,0.019037645754586476
aeeem_mylyn,hybrid,lightgbm,10,3,722,0,0,0.01036997492863444
aeeem_mylyn,hybrid,lightgbm,10,3,726,1,1,0.9733484468343958
aeeem_mylyn,hybrid,lightgbm,10,3,732,0,0,0.0029823954117922068
aeeem_mylyn,hybrid,lightgbm,10,3,755,0,0,0.003943258110465672
aeeem_mylyn,hybrid,lightgbm,10,3,756,0,0,0.4081055458391723
aeeem_mylyn,hybrid,lightgbm,10,3,774,0,0,0.020507908680853375
aeeem_mylyn,hybrid,lightgbm,10,3,790,1,1,0.8433102727212958
aeeem_mylyn,hybrid,lightgbm,10,3,801,0,0,0.47201901966282683
aeeem_mylyn,hybrid,lightgbm,10,3,803,0,0,0.004008012610185743
aeeem_mylyn,hybrid,lightgbm,10,3,809,0,0,0.007207602014286443
aeeem_mylyn,hybrid,lightgbm,10,3,813,0,0,0.0005060970544203375
aeeem_mylyn,hybrid,lightgbm,10,3,827,0,0,0.022971734997900943
aeeem_mylyn,hybrid,lightgbm,10,3,836,1,1,0.7427668145837334
aeeem_mylyn,hybrid,lightgbm,10,3,857,0,0,0.005691164425043977
aeeem_mylyn,hybrid,lightgbm,10,3,865,0,0,0.020809702179025214
aeeem_mylyn,hybrid,lightgbm,10,3,887,0,0,0.2683918205644594
aeeem_mylyn,hybrid,lightgbm,10,3,891,0,1,0.7668954308714484
aeeem_mylyn,hybrid,lightgbm,10,3,915,0,0,0.10313540810740204
aeeem_mylyn,hybrid,lightgbm,10,3,930,0,0,0.011020339098724014
aeeem_mylyn,hybrid,lightgbm,10,3,967,0,0,0.009620006064308056
aeeem_mylyn,hybrid,lightgbm,10,3,971,0,0,0.015540025597178792
aeeem_mylyn,hybrid,lightgbm,10,3,974,0,0,0.004794455540641363
aeeem_mylyn,hybrid,lightgbm,10,3,984,0,0,0.003889908167759829
aeeem_mylyn,hybrid,lightgbm,10,3,987,0,1,0.6320499784996322
aeeem_mylyn,hybrid,lightgbm,10,3,1004,0,0,0.003388478961714183
aeeem_mylyn,hybrid,lightgbm,10,3,1005,1,1,0.9944468466495078
aeeem_mylyn,hybrid,lightgbm,10,3,1026,0,0,0.0102922243243429
aeeem_mylyn,hybrid,lightgbm,10,3,1027,0,0,0.08156340926556971
aeeem_mylyn,hybrid,lightgbm,10,3,1041,0,0,0.49758346219623645
aeeem_mylyn,hybrid,lightgbm,10,3,1047,0,0,0.10542041881065767
aeeem_mylyn,hybrid,lightgbm,10,3,1056,0,0,0.30593263468015036
aeeem_mylyn,hybrid,lightgbm,10,3,1078,0,0,0.0005743698097431996
aeeem_mylyn,hybrid,lightgbm,10,3,1088,0,0,0.0028282609896121973
aeeem_mylyn,hybrid,lightgbm,10,3,1095,0,0,0.0004907886324195245
aeeem_mylyn,hybrid,lightgbm,10,3,1103,0,0,0.001325265679721152
aeeem_mylyn,hybrid,lightgbm,10,3,1133,0,0,0.06613715368567466
aeeem_mylyn,hybrid,lightgbm,10,3,1137,0,0,0.0042666423264204455
aeeem_mylyn,hybrid,lightgbm,10,3,1149,0,0,0.02271639125879563
aeeem_mylyn,hybrid,lightgbm,10,3,1151,0,0,0.009213950425915603
aeeem_mylyn,hybrid,lightgbm,10,3,1159,0,0,0.0203069519532613
aeeem_mylyn,hybrid,lightgbm,10,3,1186,0,0,0.19796917295119507
aeeem_mylyn,hybrid,lightgbm,10,3,1187,0,0,0.02336287243815213
aeeem_mylyn,hybrid,lightgbm,10,3,1192,0,0,0.11192902598464957
aeeem_mylyn,hybrid,lightgbm,10,3,1198,1,0,0.001886909121971989
aeeem_mylyn,hybrid,lightgbm,10,3,1208,0,0,0.0029988534981330393
aeeem_mylyn,hybrid,lightgbm,10,3,1240,0,0,0.0005282141920596061
aeeem_mylyn,hybrid,lightgbm,10,3,1243,1,1,0.9488671380362845
aeeem_mylyn,hybrid,lightgbm,10,3,1244,0,0,0.0010893865693136614
aeeem_mylyn,hybrid,lightgbm,10,3,1245,0,0,0.2905035784378653
aeeem_mylyn,hybrid,lightgbm,10,3,1267,0,0,0.009806535985280413
aeeem_mylyn,hybrid,lightgbm,10,3,1274,0,0,0.007278256047835515
aeeem_mylyn,hybrid,lightgbm,10,3,1279,0,0,0.00880524470228913
aeeem_mylyn,hybrid,lightgbm,10,3,1288,1,0,0.08996205546687151
aeeem_mylyn,hybrid,lightgbm,10,3,1294,0,0,0.2987310093662428
aeeem_mylyn,hybrid,lightgbm,10,3,1306,0,0,0.0009877346090568868
aeeem_mylyn,hybrid,lightgbm,10,3,1319,0,0,0.18861299150384053
aeeem_mylyn,hybrid,lightgbm,10,3,1321,0,1,0.7927506668323203
aeeem_mylyn,hybrid,lightgbm,10,3,1322,0,1,0.8960689717764071
aeeem_mylyn,hybrid,lightgbm,10,3,1323,0,0,0.0002619232844780634
aeeem_mylyn,hybrid,lightgbm,10,3,1372,0,0,0.0022699396937087973
aeeem_mylyn,hybrid,lightgbm,10,3,1396,0,0,0.062232038573202884
aeeem_mylyn,hybrid,lightgbm,10,3,1417,0,0,0.43970381896875044
aeeem_mylyn,hybrid,lightgbm,10,3,1420,0,0,0.0966141565185727
aeeem_mylyn,hybrid,lightgbm,10,3,1429,0,0,0.07391529314498671
aeeem_mylyn,hybrid,lightgbm,10,3,1474,0,0,0.1524039460558515
aeeem_mylyn,hybrid,lightgbm,10,3,1499,0,0,0.027529768362689385
aeeem_mylyn,hybrid,lightgbm,10,3,1506,0,0,0.0270027511921501
aeeem_mylyn,hybrid,lightgbm,10,3,1516,1,0,0.034747851718224414
aeeem_mylyn,hybrid,lightgbm,10,3,1540,0,0,0.25608153913237924
aeeem_mylyn,hybrid,lightgbm,10,3,1551,0,0,0.000306454743543932
aeeem_mylyn,hybrid,lightgbm,10,3,1560,0,0,0.0013246179548715438
aeeem_mylyn,hybrid,lightgbm,10,3,1567,0,0,0.09076027432617725
aeeem_mylyn,hybrid,lightgbm,10,3,1580,0,0,0.031297156365317796
aeeem_mylyn,hybrid,lightgbm,10,3,1585,0,0,0.002336719662103414
aeeem_mylyn,hybrid,lightgbm,10,3,1600,0,0,0.008076380854612293
aeeem_mylyn,hybrid,lightgbm,10,3,1609,0,0,0.009631921324679873
aeeem_mylyn,hybrid,lightgbm,10,3,1624,0,0,0.0004917739543041133
aeeem_mylyn,hybrid,lightgbm,10,3,1677,0,0,0.002207676407358146
aeeem_mylyn,hybrid,lightgbm,10,3,1689,0,0,0.004538505061336847
aeeem_mylyn,hybrid,lightgbm,10,3,1692,0,1,0.6877592931577703
aeeem_mylyn,hybrid,lightgbm,10,3,1706,0,0,0.02093865094195079
aeeem_mylyn,hybrid,lightgbm,10,3,1719,0,0,0.09007928097642945
aeeem_mylyn,hybrid,lightgbm,10,3,1721,0,0,0.015473792621986088
aeeem_mylyn,hybrid,lightgbm,10,3,1722,0,0,0.037770778132423015
aeeem_mylyn,hybrid,lightgbm,10,3,1738,0,1,0.8197670471059296
aeeem_mylyn,hybrid,lightgbm,10,3,1745,0,0,0.001784822930599453
aeeem_mylyn,hybrid,lightgbm,10,3,1751,0,0,0.0015552595495638664
aeeem_mylyn,hybrid,lightgbm,10,3,1761,0,0,0.03353736071828058
aeeem_mylyn,hybrid,lightgbm,10,3,1793,0,0,0.050029794857594664
aeeem_mylyn,hybrid,lightgbm,10,3,1799,1,1,0.7348920387152291
aeeem_mylyn,hybrid,lightgbm,10,3,1818,0,0,0.0017616492858389518
aeeem_mylyn,hybrid,lightgbm,10,3,1825,0,0,0.010317321329876498
aeeem_mylyn,hybrid,lightgbm,10,3,1832,0,0,0.0773713801410102
aeeem_mylyn,hybrid,lightgbm,10,3,1838,0,0,0.19668178913462572
aeeem_mylyn,hybrid,lightgbm,10,3,1848,0,0,0.11271751286936302
aeeem_mylyn,hybrid,lightgbm,10,3,1851,0,0,0.09497586615899821
aeeem_mylyn,hybrid,lightgbm,10,3,1855,1,0,0.20541399509520286
aeeem_mylyn,hybrid,lightgbm,10,4,3,0,0,0.1206713270891767
aeeem_mylyn,hybrid,lightgbm,10,4,4,0,0,0.00046761158683598073
aeeem_mylyn,hybrid,lightgbm,10,4,10,0,0,0.0021692660049215575
aeeem_mylyn,hybrid,lightgbm,10,4,14,0,0,0.006215215132950985
aeeem_mylyn,hybrid,lightgbm,10,4,30,1,0,0.25166149418834927
aeeem_mylyn,hybrid,lightgbm,10,4,34,0,0,0.0018338923926847859
aeeem_mylyn,hybrid,lightgbm,10,4,44,0,0,0.013945526047245915
aeeem_mylyn,hybrid,lightgbm,10,4,55,0,0,0.06605026115828116
aeeem_mylyn,hybrid,lightgbm,10,4,58,0,0,0.01255235361664441
aeeem_mylyn,hybrid,lightgbm,10,4,61,0,0,0.23422141878909494
aeeem_mylyn,hybrid,lightgbm,10,4,70,0,0,0.005891002967297695
aeeem_mylyn,hybrid,lightgbm,10,4,95,0,0,0.005142702447331087
aeeem_mylyn,hybrid,lightgbm,10,4,102,0,0,0.021030717311659626
aeeem_mylyn,hybrid,lightgbm,10,4,118,0,0,0.024408507212939422
aeeem_mylyn,hybrid,lightgbm,10,4,125,0,0,0.22647769775600812
aeeem_mylyn,hybrid,lightgbm,10,4,128,0,0,0.007099764393618145
aeeem_mylyn,hybrid,lightgbm,10,4,132,0,0,0.18838674553217066
aeeem_mylyn,hybrid,lightgbm,10,4,142,0,0,0.02678678148583287
aeeem_mylyn,hybrid,lightgbm,10,4,143,0,0,0.009233737140851638
aeeem_mylyn,hybrid,lightgbm,10,4,155,0,0,0.126655715548844
aeeem_mylyn,hybrid,lightgbm,10,4,168,0,0,0.03159145112711763
aeeem_mylyn,hybrid,lightgbm,10,4,183,0,0,0.015655192910784963
aeeem_mylyn,hybrid,lightgbm,10,4,190,0,0,0.27246297835071404
aeeem_mylyn,hybrid,lightgbm,10,4,193,0,0,0.004201084025201026
aeeem_mylyn,hybrid,lightgbm,10,4,199,1,1,0.5930436072705066
aeeem_mylyn,hybrid,lightgbm,10,4,214,0,0,0.02061036014785331
aeeem_mylyn,hybrid,lightgbm,10,4,217,1,1,0.7254849735920015
aeeem_mylyn,hybrid,lightgbm,10,4,221,0,0,0.04965827671592911
aeeem_mylyn,hybrid,lightgbm,10,4,232,0,0,0.006154442254085683
aeeem_mylyn,hybrid,lightgbm,10,4,239,1,1,0.823340814427651
aeeem_mylyn,hybrid,lightgbm,10,4,267,0,0,0.00581200825598592
aeeem_mylyn,hybrid,lightgbm,10,4,274,0,0,0.04361105279668236
aeeem_mylyn,hybrid,lightgbm,10,4,278,0,0,0.08063420217133176
aeeem_mylyn,hybrid,lightgbm,10,4,280,0,0,0.3102151687559262
aeeem_mylyn,hybrid,lightgbm,10,4,285,0,0,0.06939149124932052
aeeem_mylyn,hybrid,lightgbm,10,4,288,0,0,0.002872266292649741
aeeem_mylyn,hybrid,lightgbm,10,4,305,0,0,0.12465701929698561
aeeem_mylyn,hybrid,lightgbm,10,4,306,0,1,0.8905832140533075
aeeem_mylyn,hybrid,lightgbm,10,4,319,0,0,0.027930810130731804
aeeem_mylyn,hybrid,lightgbm,10,4,323,0,0,0.0038233197707847042
aeeem_mylyn,hybrid,lightgbm,10,4,336,0,0,0.0007323145955565205
aeeem_mylyn,hybrid,lightgbm,10,4,344,0,0,0.005089053758057466
aeeem_mylyn,hybrid,lightgbm,10,4,349,0,1,0.589004187904354
aeeem_mylyn,hybrid,lightgbm,10,4,357,1,1,0.8179014042920331
aeeem_mylyn,hybrid,lightgbm,10,4,376,0,0,0.005406497669571922
aeeem_mylyn,hybrid,lightgbm,10,4,384,0,0,0.09731711345900197
aeeem_mylyn,hybrid,lightgbm,10,4,389,0,0,0.006417616006939169
aeeem_mylyn,hybrid,lightgbm,10,4,410,0,0,0.004552632927817604
aeeem_mylyn,hybrid,lightgbm,10,4,428,0,0,0.014978965189264736
aeeem_mylyn,hybrid,lightgbm,10,4,451,0,0,0.04711859561295322
aeeem_mylyn,hybrid,lightgbm,10,4,452,0,1,0.8853032115364823
aeeem_mylyn,hybrid,lightgbm,10,4,461,0,0,0.002514646405973745
aeeem_mylyn,hybrid,lightgbm,10,4,464,0,0,0.00668307061256606
aeeem_mylyn,hybrid,lightgbm,10,4,481,0,0,0.0005253780278657308
aeeem_mylyn,hybrid,lightgbm,10,4,495,1,1,0.6984542756882068
aeeem_mylyn,hybrid,lightgbm,10,4,501,0,0,0.014687989962500434
aeeem_mylyn,hybrid,lightgbm,10,4,502,0,0,0.03191787163863644
aeeem_mylyn,hybrid,lightgbm,10,4,510,0,0,0.0022538725728201243
aeeem_mylyn,hybrid,lightgbm,10,4,511,0,0,0.09172811326032862
aeeem_mylyn,hybrid,lightgbm,10,4,524,0,0,0.22103057290720388
aeeem_mylyn,hybrid,lightgbm,10,4,529,0,0,0.04134328747340169
aeeem_mylyn,hybrid,lightgbm,10,4,532,0,0,0.006488222014431124
aeeem_mylyn,hybrid,lightgbm,10,4,569,0,0,0.0008331360748528397
aeeem_mylyn,hybrid,lightgbm,10,4,590,0,0,0.02233119925746696
aeeem_mylyn,hybrid,lightgbm,10,4,615,0,0,0.008761742819968091
aeeem_mylyn,hybrid,lightgbm,10,4,635,1,0,0.00951083781111679
aeeem_mylyn,hybrid,lightgbm,10,4,636,0,0,0.33237660476994985
aeeem_mylyn,hybrid,lightgbm,10,4,645,0,0,0.003290998077644022
aeeem_mylyn,hybrid,lightgbm,10,4,646,0,0,0.0025731927493684967
aeeem_mylyn,hybrid,lightgbm,10,4,651,0,0,0.052692807867658745
aeeem_mylyn,hybrid,lightgbm,10,4,653,1,0,0.01523902917656588
aeeem_mylyn,hybrid,lightgbm,10,4,654,0,0,0.017071851829656128
aeeem_mylyn,hybrid,lightgbm,10,4,655,0,0,0.001459493828148979
aeeem_mylyn,hybrid,lightgbm,10,4,660,0,0,0.0011865805079929789
aeeem_mylyn,hybrid,lightgbm,10,4,664,0,0,0.03821009069084029
aeeem_mylyn,hybrid,lightgbm,10,4,668,0,0,0.0029029683086534883
aeeem_mylyn,hybrid,lightgbm,10,4,669,1,0,0.01555746612574503
aeeem_mylyn,hybrid,lightgbm,10,4,681,0,0,0.024602541554082796
aeeem_mylyn,hybrid,lightgbm,10,4,695,0,0,0.0014109616208985737
aeeem_mylyn,hybrid,lightgbm,10,4,713,0,0,0.002303218231921901
aeeem_mylyn,hybrid,lightgbm,10,4,745,0,0,0.011688926394647744
aeeem_mylyn,hybrid,lightgbm,10,4,749,0,0,0.0003172939326231166
aeeem_mylyn,hybrid,lightgbm,10,4,765,0,0,0.03586304159274162
aeeem_mylyn,hybrid,lightgbm,10,4,767,0,0,0.023026272769771566
aeeem_mylyn,hybrid,lightgbm,10,4,768,0,0,0.001682005881315182
aeeem_mylyn,hybrid,lightgbm,10,4,778,0,0,0.0025689741287044494
aeeem_mylyn,hybrid,lightgbm,10,4,781,0,0,0.009555776344504078
aeeem_mylyn,hybrid,lightgbm,10,4,791,1,1,0.9419183254668556
aeeem_mylyn,hybrid,lightgbm,10,4,796,0,0,0.006746155157197621
aeeem_mylyn,hybrid,lightgbm,10,4,810,0,0,0.44525710110265826
aeeem_mylyn,hybrid,lightgbm,10,4,812,0,0,0.003797823064433135
aeeem_mylyn,hybrid,lightgbm,10,4,821,1,1,0.9868220128867178
aeeem_mylyn,hybrid,lightgbm,10,4,828,0,0,0.03093686204984223
aeeem_mylyn,hybrid,lightgbm,10,4,835,0,0,0.0018642816305356955
aeeem_mylyn,hybrid,lightgbm,10,4,839,1,0,0.2243969878004231
aeeem_mylyn,hybrid,lightgbm,10,4,849,0,0,0.0007669743517106034
aeeem_mylyn,hybrid,lightgbm,10,4,853,0,0,0.0289564404298456
aeeem_mylyn,hybrid,lightgbm,10,4,858,0,0,0.129136857955692
aeeem_mylyn,hybrid,lightgbm,10,4,876,1,0,0.2252062732497954
aeeem_mylyn,hybrid,lightgbm,10,4,878,0,0,0.00044511988528397764
aeeem_mylyn,hybrid,lightgbm,10,4,883,0,0,0.002490562931176565
aeeem_mylyn,hybrid,lightgbm,10,4,888,0,0,0.023706927417665388
aeeem_mylyn,hybrid,lightgbm,10,4,906,0,1,0.5280877006082085
aeeem_mylyn,hybrid,lightgbm,10,4,911,0,0,0.20247387586046822
aeeem_mylyn,hybrid,lightgbm,10,4,913,0,0,0.014187499534576748
aeeem_mylyn,hybrid,lightgbm,10,4,928,1,1,0.9100215406502873
aeeem_mylyn,hybrid,lightgbm,10,4,931,0,0,0.12041056965493697
aeeem_mylyn,hybrid,lightgbm,10,4,947,0,0,0.014534716544240753
aeeem_mylyn,hybrid,lightgbm,10,4,949,0,0,0.2006324581382148
aeeem_mylyn,hybrid,lightgbm,10,4,953,1,1,0.957891266013442
aeeem_mylyn,hybrid,lightgbm,10,4,956,1,0,0.4735285269598581
aeeem_mylyn,hybrid,lightgbm,10,4,965,0,1,0.5269781606653332
aeeem_mylyn,hybrid,lightgbm,10,4,997,1,0,0.12065566724301856
aeeem_mylyn,hybrid,lightgbm,10,4,1050,0,0,0.14253753774596142
aeeem_mylyn,hybrid,lightgbm,10,4,1061,0,0,0.2741755998258705
aeeem_mylyn,hybrid,lightgbm,10,4,1094,0,0,0.026121060259871782
aeeem_mylyn,hybrid,lightgbm,10,4,1098,0,0,0.08921319397811374
aeeem_mylyn,hybrid,lightgbm,10,4,1110,0,0,0.0006256442477032771
aeeem_mylyn,hybrid,lightgbm,10,4,1117,0,0,0.0009724966508460396
aeeem_mylyn,hybrid,lightgbm,10,4,1153,0,0,0.31208668659432576
aeeem_mylyn,hybrid,lightgbm,10,4,1161,0,0,0.0005611102305830557
aeeem_mylyn,hybrid,lightgbm,10,4,1183,0,1,0.6664030738732704
aeeem_mylyn,hybrid,lightgbm,10,4,1204,1,1,0.8109572851971745
aeeem_mylyn,hybrid,lightgbm,10,4,1207,0,0,0.00399848203362191
aeeem_mylyn,hybrid,lightgbm,10,4,1215,0,0,0.2860389651368838
aeeem_mylyn,hybrid,lightgbm,10,4,1218,0,0,0.13229976312384847
aeeem_mylyn,hybrid,lightgbm,10,4,1230,0,0,0.05008379614757061
aeeem_mylyn,hybrid,lightgbm,10,4,1251,0,0,0.018140866584811365
aeeem_mylyn,hybrid,lightgbm,10,4,1277,0,0,0.0018349446967471377
aeeem_mylyn,hybrid,lightgbm,10,4,1282,0,1,0.6495992656864841
aeeem_mylyn,hybrid,lightgbm,10,4,1292,0,0,0.0007825162526455424
aeeem_mylyn,hybrid,lightgbm,10,4,1309,0,0,0.0009106229881952782
aeeem_mylyn,hybrid,lightgbm,10,4,1317,0,0,0.011419941824249732
aeeem_mylyn,hybrid,lightgbm,10,4,1346,0,0,0.0016292154715445949
aeeem_mylyn,hybrid,lightgbm,10,4,1349,0,0,0.03269886324587531
aeeem_mylyn,hybrid,lightgbm,10,4,1350,0,0,0.0836348414610741
aeeem_mylyn,hybrid,lightgbm,10,4,1355,0,0,0.03272261146409521
aeeem_mylyn,hybrid,lightgbm,10,4,1356,0,0,0.017428832421862675
aeeem_mylyn,hybrid,lightgbm,10,4,1371,0,0,0.3445325848555412
aeeem_mylyn,hybrid,lightgbm,10,4,1387,1,1,0.5531250995338803
aeeem_mylyn,hybrid,lightgbm,10,4,1407,0,0,0.0007546439240310527
aeeem_mylyn,hybrid,lightgbm,10,4,1409,1,0,0.048402200885484935
aeeem_mylyn,hybrid,lightgbm,10,4,1421,0,0,0.07854623589152304
aeeem_mylyn,hybrid,lightgbm,10,4,1431,0,0,0.0011550636405722068
aeeem_mylyn,hybrid,lightgbm,10,4,1438,0,0,0.0012194954608768824
aeeem_mylyn,hybrid,lightgbm,10,4,1441,1,1,0.7688615598057542
aeeem_mylyn,hybrid,lightgbm,10,4,1444,0,0,0.3318320377148462
aeeem_mylyn,hybrid,lightgbm,10,4,1446,0,0,0.0006174913579996237
aeeem_mylyn,hybrid,lightgbm,10,4,1459,0,0,0.06922948177478196
aeeem_mylyn,hybrid,lightgbm,10,4,1464,0,0,0.0007515376792718978
aeeem_mylyn,hybrid,lightgbm,10,4,1466,1,0,0.32887797315368633
aeeem_mylyn,hybrid,lightgbm,10,4,1472,0,0,0.014317077900993671
aeeem_mylyn,hybrid,lightgbm,10,4,1483,0,0,0.36482724935517935
aeeem_mylyn,hybrid,lightgbm,10,4,1511,0,0,0.0065963599970362595
aeeem_mylyn,hybrid,lightgbm,10,4,1530,0,0,0.0018756425128493037
aeeem_mylyn,hybrid,lightgbm,10,4,1535,0,0,0.02908350450134924
aeeem_mylyn,hybrid,lightgbm,10,4,1559,0,1,0.9338237496822059
aeeem_mylyn,hybrid,lightgbm,10,4,1568,0,0,0.014823688032308857
aeeem_mylyn,hybrid,lightgbm,10,4,1571,0,0,0.020074350145228348
aeeem_mylyn,hybrid,lightgbm,10,4,1573,0,0,0.018777135133327818
aeeem_mylyn,hybrid,lightgbm,10,4,1591,0,0,0.043521645464355004
aeeem_mylyn,hybrid,lightgbm,10,4,1613,0,0,0.22646883078786956
aeeem_mylyn,hybrid,lightgbm,10,4,1641,0,0,0.0010700873412194036
aeeem_mylyn,hybrid,lightgbm,10,4,1642,0,0,0.009354293975994004
aeeem_mylyn,hybrid,lightgbm,10,4,1657,0,0,0.007351489389495171
aeeem_mylyn,hybrid,lightgbm,10,4,1659,0,0,0.017294434265702156
aeeem_mylyn,hybrid,lightgbm,10,4,1661,0,0,0.007807338624429054
aeeem_mylyn,hybrid,lightgbm,10,4,1665,0,0,0.07880826212379273
aeeem_mylyn,hybrid,lightgbm,10,4,1669,0,0,0.45467468562888114
aeeem_mylyn,hybrid,lightgbm,10,4,1681,0,0,0.016515396903086926
aeeem_mylyn,hybrid,lightgbm,10,4,1698,0,0,0.10479750043216286
aeeem_mylyn,hybrid,lightgbm,10,4,1699,0,0,0.0003975010554512888
aeeem_mylyn,hybrid,lightgbm,10,4,1707,0,0,0.1365625179030787
aeeem_mylyn,hybrid,lightgbm,10,4,1723,0,0,0.09550598503964483
aeeem_mylyn,hybrid,lightgbm,10,4,1728,0,1,0.9640836099003587
aeeem_mylyn,hybrid,lightgbm,10,4,1731,0,0,0.046432464800233025
aeeem_mylyn,hybrid,lightgbm,10,4,1737,0,0,0.22007588895769895
aeeem_mylyn,hybrid,lightgbm,10,4,1765,0,0,0.12482391018281418
aeeem_mylyn,hybrid,lightgbm,10,4,1774,0,0,0.0015767607470129122
aeeem_mylyn,hybrid,lightgbm,10,4,1783,0,0,0.16870137664637713
aeeem_mylyn,hybrid,lightgbm,10,4,1792,0,0,0.13975974294955215
aeeem_mylyn,hybrid,lightgbm,10,4,1800,0,0,0.007350237406231697
aeeem_mylyn,hybrid,lightgbm,10,4,1807,0,0,0.19286750587754975
aeeem_mylyn,hybrid,lightgbm,10,4,1808,1,1,0.8917311690306489
aeeem_mylyn,hybrid,lightgbm,10,4,1816,0,0,0.46904473858280005
aeeem_mylyn,hybrid,lightgbm,10,4,1850,1,1,0.8384293260544836
aeeem_mylyn,hybrid,lightgbm,10,5,15,0,0,0.1890562136362687
aeeem_mylyn,hybrid,lightgbm,10,5,33,0,0,0.2964691469249457
aeeem_mylyn,hybrid,lightgbm,10,5,68,1,1,0.8594798873162711
aeeem_mylyn,hybrid,lightgbm,10,5,79,0,0,0.19565657989626992
aeeem_mylyn,hybrid,lightgbm,10,5,98,0,0,0.01357929429073382
aeeem_mylyn,hybrid,lightgbm,10,5,105,0,0,0.0004672449459335279
aeeem_mylyn,hybrid,lightgbm,10,5,130,0,0,0.020245330638917508
aeeem_mylyn,hybrid,lightgbm,10,5,133,1,1,0.6294119885271359
aeeem_mylyn,hybrid,lightgbm,10,5,136,0,1,0.9783398940692286
aeeem_mylyn,hybrid,lightgbm,10,5,137,0,0,0.0014327399151659898
aeeem_mylyn,hybrid,lightgbm,10,5,138,0,0,0.018119855715218958
aeeem_mylyn,hybrid,lightgbm,10,5,139,0,0,0.04014573535964624
aeeem_mylyn,hybrid,lightgbm,10,5,157,0,0,0.0720886703668987
aeeem_mylyn,hybrid,lightgbm,10,5,177,0,0,0.04285901303685762
aeeem_mylyn,hybrid,lightgbm,10,5,185,0,0,0.0029768187111978246
aeeem_mylyn,hybrid,lightgbm,10,5,203,0,0,0.2031546419804894
aeeem_mylyn,hybrid,lightgbm,10,5,207,0,0,0.38741032824952604
aeeem_mylyn,hybrid,lightgbm,10,5,208,1,0,0.12024937358987499
aeeem_mylyn,hybrid,lightgbm,10,5,213,0,0,0.34916233590726026
aeeem_mylyn,hybrid,lightgbm,10,5,234,0,0,0.10552442152338579
aeeem_mylyn,hybrid,lightgbm,10,5,237,0,1,0.8732944695228624
aeeem_mylyn,hybrid,lightgbm,10,5,248,0,0,0.020633889052956964
aeeem_mylyn,hybrid,lightgbm,10,5,255,0,1,0.5342601637543708
aeeem_mylyn,hybrid,lightgbm,10,5,264,0,0,0.0014325332572706429
aeeem_mylyn,hybrid,lightgbm,10,5,268,0,0,0.0013243186826718567
aeeem_mylyn,hybrid,lightgbm,10,5,291,1,0,0.09643965880206892
aeeem_mylyn,hybrid,lightgbm,10,5,312,0,1,0.7414254846841044
aeeem_mylyn,hybrid,lightgbm,10,5,314,0,0,0.15280924234418433
aeeem_mylyn,hybrid,lightgbm,10,5,321,0,0,0.0036421736451772734
aeeem_mylyn,hybrid,lightgbm,10,5,377,0,0,0.01314515426639461
aeeem_mylyn,hybrid,lightgbm,10,5,396,0,1,0.5113542714296279
aeeem_mylyn,hybrid,lightgbm,10,5,398,0,0,0.03809435600554665
aeeem_mylyn,hybrid,lightgbm,10,5,449,0,0,0.013748288809755543
aeeem_mylyn,hybrid,lightgbm,10,5,453,0,0,0.011211020794644576
aeeem_mylyn,hybrid,lightgbm,10,5,459,1,1,0.8159778421575759
aeeem_mylyn,hybrid,lightgbm,10,5,485,0,0,0.0005481393056814027
aeeem_mylyn,hybrid,lightgbm,10,5,498,1,1,0.768924236605037
aeeem_mylyn,hybrid,lightgbm,10,5,507,0,0,0.004323760936070766
aeeem_mylyn,hybrid,lightgbm,10,5,508,0,0,0.3174604095830229
aeeem_mylyn,hybrid,lightgbm,10,5,512,0,0,0.0005720187640009516
aeeem_mylyn,hybrid,lightgbm,10,5,535,0,0,0.11625230759093497
aeeem_mylyn,hybrid,lightgbm,10,5,537,0,0,0.18816887540026864
aeeem_mylyn,hybrid,lightgbm,10,5,540,0,0,0.009217756246772919
aeeem_mylyn,hybrid,lightgbm,10,5,543,1,0,0.12096359747517857
aeeem_mylyn,hybrid,lightgbm,10,5,545,1,0,0.11083284945079584
aeeem_mylyn,hybrid,lightgbm,10,5,557,1,1,0.9099484352112491
aeeem_mylyn,hybrid,lightgbm,10,5,572,0,1,0.5037100830004532
aeeem_mylyn,hybrid,lightgbm,10,5,574,0,0,0.348206285253601
aeeem_mylyn,hybrid,lightgbm,10,5,580,0,0,0.02198786567658769
aeeem_mylyn,hybrid,lightgbm,10,5,591,0,0,0.00043998624511174884
aeeem_mylyn,hybrid,lightgbm,10,5,592,0,0,0.0037292691185728355
aeeem_mylyn,hybrid,lightgbm,10,5,601,0,0,0.15962134814946866
aeeem_mylyn,hybrid,lightgbm,10,5,602,1,0,0.09461359634669762
aeeem_mylyn,hybrid,lightgbm,10,5,606,0,0,0.013058038497866145
aeeem_mylyn,hybrid,lightgbm,10,5,607,1,0,0.34419878374863866
aeeem_mylyn,hybrid,lightgbm,10,5,609,0,0,0.0007511406152006229
aeeem_mylyn,hybrid,lightgbm,10,5,610,0,0,0.2964691469249457
aeeem_mylyn,hybrid,lightgbm,10,5,618,0,0,0.4659120045650709
aeeem_mylyn,hybrid,lightgbm,10,5,632,0,0,0.0014250961127568321
aeeem_mylyn,hybrid,lightgbm,10,5,634,0,0,0.00041153641976297926
aeeem_mylyn,hybrid,lightgbm,10,5,657,0,0,0.0009968873710934508
aeeem_mylyn,hybrid,lightgbm,10,5,672,0,0,0.0007867984918908704
aeeem_mylyn,hybrid,lightgbm,10,5,678,0,0,0.00079089155322935
aeeem_mylyn,hybrid,lightgbm,10,5,685,0,0,0.008364897878871543
aeeem_mylyn,hybrid,lightgbm,10,5,697,1,0,0.14766336948075176
aeeem_mylyn,hybrid,lightgbm,10,5,702,0,0,0.17602229590063984
aeeem_mylyn,hybrid,lightgbm,10,5,704,0,1,0.9363848049925432
aeeem_mylyn,hybrid,lightgbm,10,5,711,0,0,0.009220244530783477
aeeem_mylyn,hybrid,lightgbm,10,5,714,0,0,0.0005050417362386285
aeeem_mylyn,hybrid,lightgbm,10,5,728,0,0,0.0029588393453964025
aeeem_mylyn,hybrid,lightgbm,10,5,733,0,0,0.0807037841039583
aeeem_mylyn,hybrid,lightgbm,10,5,746,0,0,0.0033620110669044818
aeeem_mylyn,hybrid,lightgbm,10,5,798,0,0,0.004001954184602117
aeeem_mylyn,hybrid,lightgbm,10,5,814,0,0,0.03481433003397765
aeeem_mylyn,hybrid,lightgbm,10,5,817,0,0,0.0114918196568789
aeeem_mylyn,hybrid,lightgbm,10,5,825,0,1,0.7361326371749928
aeeem_mylyn,hybrid,lightgbm,10,5,830,1,0,0.3917774393245138
aeeem_mylyn,hybrid,lightgbm,10,5,838,0,0,0.02415182883138359
aeeem_mylyn,hybrid,lightgbm,10,5,847,0,0,0.0005447038739774531
aeeem_mylyn,hybrid,lightgbm,10,5,863,0,0,0.0020628909915381753
aeeem_mylyn,hybrid,lightgbm,10,5,864,0,0,0.014504027781958636
aeeem_mylyn,hybrid,lightgbm,10,5,868,1,1,0.9167401082668463
aeeem_mylyn,hybrid,lightgbm,10,5,869,0,0,0.017745454444954397
aeeem_mylyn,hybrid,lightgbm,10,5,875,0,0,0.0018006700046650445
aeeem_mylyn,hybrid,lightgbm,10,5,880,0,0,0.14320154831746978
aeeem_mylyn,hybrid,lightgbm,10,5,881,0,0,0.22304636096535377
aeeem_mylyn,hybrid,lightgbm,10,5,917,0,0,0.002744377036284774
aeeem_mylyn,hybrid,lightgbm,10,5,924,0,0,0.0021832802708020294
aeeem_mylyn,hybrid,lightgbm,10,5,929,0,0,0.02729087464967029
aeeem_mylyn,hybrid,lightgbm,10,5,941,0,0,0.0014071111782817123
aeeem_mylyn,hybrid,lightgbm,10,5,951,1,1,0.6260027304993522
aeeem_mylyn,hybrid,lightgbm,10,5,959,0,0,0.008884106030151754
aeeem_mylyn,hybrid,lightgbm,10,5,980,0,0,0.026888971055865685
aeeem_mylyn,hybrid,lightgbm,10,5,1001,1,0,0.08062435695129143
aeeem_mylyn,hybrid,lightgbm,10,5,1002,0,0,0.065186180447964
aeeem_mylyn,hybrid,lightgbm,10,5,1003,0,0,0.004607597562614686
aeeem_mylyn,hybrid,lightgbm,10,5,1015,0,0,0.0047397737905548595
aeeem_mylyn,hybrid,lightgbm,10,5,1023,0,1,0.7201277990512432
aeeem_mylyn,hybrid,lightgbm,10,5,1028,0,0,0.034306790199154495
aeeem_mylyn,hybrid,lightgbm,10,5,1030,0,0,0.012421686108422031
aeeem_mylyn,hybrid,lightgbm,10,5,1043,0,0,0.009317256476665231
aeeem_mylyn,hybrid,lightgbm,10,5,1048,0,0,0.0004650218723202952
aeeem_mylyn,hybrid,lightgbm,10,5,1063,0,0,0.0034521955864481777
aeeem_mylyn,hybrid,lightgbm,10,5,1071,0,1,0.8652207436734108
aeeem_mylyn,hybrid,lightgbm,10,5,1091,0,0,0.0011767747215213665
aeeem_mylyn,hybrid,lightgbm,10,5,1104,0,0,0.014155176316023208
aeeem_mylyn,hybrid,lightgbm,10,5,1113,0,0,0.0016062770363190367
aeeem_mylyn,hybrid,lightgbm,10,5,1116,0,0,0.014709521413191621
aeeem_mylyn,hybrid,lightgbm,10,5,1120,0,0,0.0035780698140234143
aeeem_mylyn,hybrid,lightgbm,10,5,1127,1,0,0.4259864320003975
aeeem_mylyn,hybrid,lightgbm,10,5,1130,0,0,0.000557122628256572
aeeem_mylyn,hybrid,lightgbm,10,5,1135,0,0,0.06568269834808912
aeeem_mylyn,hybrid,lightgbm,10,5,1136,0,0,0.00671320051152968
aeeem_mylyn,hybrid,lightgbm,10,5,1176,0,0,0.04453166468898631
aeeem_mylyn,hybrid,lightgbm,10,5,1194,0,1,0.6179434089297886
aeeem_mylyn,hybrid,lightgbm,10,5,1197,0,1,0.8382766174061106
aeeem_mylyn,hybrid,lightgbm,10,5,1220,0,0,0.011837060094206637
aeeem_mylyn,hybrid,lightgbm,10,5,1221,0,0,0.0447193423516401
aeeem_mylyn,hybrid,lightgbm,10,5,1223,0,0,0.0031661012651605295
aeeem_mylyn,hybrid,lightgbm,10,5,1238,0,0,0.01049663120981761
aeeem_mylyn,hybrid,lightgbm,10,5,1239,0,0,0.19592669424143064
aeeem_mylyn,hybrid,lightgbm,10,5,1259,0,0,0.004923360948742662
aeeem_mylyn,hybrid,lightgbm,10,5,1264,0,1,0.5838524577828706
aeeem_mylyn,hybrid,lightgbm,10,5,1270,0,0,0.042124532652832544
aeeem_mylyn,hybrid,lightgbm,10,5,1271,0,0,0.01314382474400934
aeeem_mylyn,hybrid,lightgbm,10,5,1273,0,0,0.3827357642320503
aeeem_mylyn,hybrid,lightgbm,10,5,1291,0,0,0.05951825021083608
aeeem_mylyn,hybrid,lightgbm,10,5,1297,0,0,0.002887434353851653
aeeem_mylyn,hybrid,lightgbm,10,5,1300,0,1,0.7179005630502376
aeeem_mylyn,hybrid,lightgbm,10,5,1311,0,0,0.02779162533140603
aeeem_mylyn,hybrid,lightgbm,10,5,1314,0,0,0.18398208928151394
aeeem_mylyn,hybrid,lightgbm,10,5,1337,0,0,0.14028574929001258
aeeem_mylyn,hybrid,lightgbm,10,5,1345,0,0,0.010610409165742865
aeeem_mylyn,hybrid,lightgbm,10,5,1347,0,0,0.007094283063905991
aeeem_mylyn,hybrid,lightgbm,10,5,1354,0,0,0.21137886030400327
aeeem_mylyn,hybrid,lightgbm,10,5,1360,0,1,0.9144662573507316
aeeem_mylyn,hybrid,lightgbm,10,5,1363,0,0,0.0015584710996418344
aeeem_mylyn,hybrid,lightgbm,10,5,1369,0,0,0.009525810725408581
aeeem_mylyn,hybrid,lightgbm,10,5,1374,0,0,0.03149366722566982
aeeem_mylyn,hybrid,lightgbm,10,5,1378,1,1,0.6956636538210691
aeeem_mylyn,hybrid,lightgbm,10,5,1386,0,0,0.17442590496729451
aeeem_mylyn,hybrid,lightgbm,10,5,1413,0,0,0.03988912083169489
aeeem_mylyn,hybrid,lightgbm,10,5,1419,0,0,0.11965280392784407
aeeem_mylyn,hybrid,lightgbm,10,5,1424,0,0,0.004303227862939263
aeeem_mylyn,hybrid,lightgbm,10,5,1432,0,0,0.03202481406358564
aeeem_mylyn,hybrid,lightgbm,10,5,1437,0,0,0.011151045887713821
aeeem_mylyn,hybrid,lightgbm,10,5,1445,0,0,0.09833372998403947
aeeem_mylyn,hybrid,lightgbm,10,5,1465,1,0,0.05561361265907403
aeeem_mylyn,hybrid,lightgbm,10,5,1477,1,1,0.8962246974026025
aeeem_mylyn,hybrid,lightgbm,10,5,1484,0,0,0.00033347815337824685
aeeem_mylyn,hybrid,lightgbm,10,5,1493,1,1,0.8527356697441041
aeeem_mylyn,hybrid,lightgbm,10,5,1495,0,0,0.2575453028969823
aeeem_mylyn,hybrid,lightgbm,10,5,1503,0,0,0.008812925280944012
aeeem_mylyn,hybrid,lightgbm,10,5,1509,0,1,0.8737832590844127
aeeem_mylyn,hybrid,lightgbm,10,5,1520,0,0,0.07376485310356594
aeeem_mylyn,hybrid,lightgbm,10,5,1565,1,1,0.8703875246917051
aeeem_mylyn,hybrid,lightgbm,10,5,1583,0,0,0.02901768357031992
aeeem_mylyn,hybrid,lightgbm,10,5,1593,0,0,0.001073158319138778
aeeem_mylyn,hybrid,lightgbm,10,5,1616,0,0,0.06266673751572185
aeeem_mylyn,hybrid,lightgbm,10,5,1628,0,0,0.06529178509410707
aeeem_mylyn,hybrid,lightgbm,10,5,1636,0,0,0.0009699702638069442
aeeem_mylyn,hybrid,lightgbm,10,5,1637,0,1,0.6278026727022248
aeeem_mylyn,hybrid,lightgbm,10,5,1656,0,0,0.09287044737848718
aeeem_mylyn,hybrid,lightgbm,10,5,1660,0,0,0.02586867359895427
aeeem_mylyn,hybrid,lightgbm,10,5,1672,0,0,0.3211158022360934
aeeem_mylyn,hybrid,lightgbm,10,5,1684,0,0,0.022629990986883137
aeeem_mylyn,hybrid,lightgbm,10,5,1690,0,0,0.1156500635844154
aeeem_mylyn,hybrid,lightgbm,10,5,1693,0,0,0.013926208132050396
aeeem_mylyn,hybrid,lightgbm,10,5,1697,1,1,0.9111696420074759
aeeem_mylyn,hybrid,lightgbm,10,5,1702,0,1,0.540276823889573
aeeem_mylyn,hybrid,lightgbm,10,5,1703,0,0,0.07926807983843664
aeeem_mylyn,hybrid,lightgbm,10,5,1705,0,0,0.00516946889916492
aeeem_mylyn,hybrid,lightgbm,10,5,1711,0,0,0.13494605726820247
aeeem_mylyn,hybrid,lightgbm,10,5,1732,1,0,0.2601902870938561
aeeem_mylyn,hybrid,lightgbm,10,5,1740,0,0,0.4009351289757918
aeeem_mylyn,hybrid,lightgbm,10,5,1742,0,0,0.10578501295185952
aeeem_mylyn,hybrid,lightgbm,10,5,1746,0,0,0.001453264659073761
aeeem_mylyn,hybrid,lightgbm,10,5,1760,0,0,0.21879716017417597
aeeem_mylyn,hybrid,lightgbm,10,5,1762,0,0,0.07033416118077696
aeeem_mylyn,hybrid,lightgbm,10,5,1773,0,0,0.014432254080549574
aeeem_mylyn,hybrid,lightgbm,10,5,1787,0,0,0.024298361566745762
aeeem_mylyn,hybrid,lightgbm,10,5,1810,0,0,0.0025175098605240915
aeeem_mylyn,hybrid,lightgbm,10,5,1814,0,0,0.0029417938949179386
aeeem_mylyn,hybrid,lightgbm,10,5,1821,0,0,0.0509545528005126
aeeem_mylyn,hybrid,lightgbm,10,5,1833,0,0,0.0019303068524609362
aeeem_mylyn,hybrid,lightgbm,10,5,1839,0,0,0.004433596378934066
aeeem_mylyn,hybrid,lightgbm,10,6,7,0,0,0.00021029622907868395
aeeem_mylyn,hybrid,lightgbm,10,6,11,0,0,0.039069584559479544
aeeem_mylyn,hybrid,lightgbm,10,6,12,0,0,0.0004333068619342723
aeeem_mylyn,hybrid,lightgbm,10,6,18,0,0,0.23834205392268923
aeeem_mylyn,hybrid,lightgbm,10,6,31,0,0,0.0013229659560203403
aeeem_mylyn,hybrid,lightgbm,10,6,46,1,1,0.5896901263971228
aeeem_mylyn,hybrid,lightgbm,10,6,89,0,0,0.02969396496936553
aeeem_mylyn,hybrid,lightgbm,10,6,96,0,0,0.008320323297118255
aeeem_mylyn,hybrid,lightgbm,10,6,101,0,0,0.04232086477017002
aeeem_mylyn,hybrid,lightgbm,10,6,103,0,0,0.06473896522729727
aeeem_mylyn,hybrid,lightgbm,10,6,104,0,0,0.01612083989093905
aeeem_mylyn,hybrid,lightgbm,10,6,115,1,0,0.2576333831687028
aeeem_mylyn,hybrid,lightgbm,10,6,121,0,0,0.023911627432922463
aeeem_mylyn,hybrid,lightgbm,10,6,165,0,0,0.19609464213262842
aeeem_mylyn,hybrid,lightgbm,10,6,169,1,0,0.38955250742255415
aeeem_mylyn,hybrid,lightgbm,10,6,191,0,0,0.00349709533633191
aeeem_mylyn,hybrid,lightgbm,10,6,205,1,0,0.3051552247067593
aeeem_mylyn,hybrid,lightgbm,10,6,216,0,0,0.003113929384172804
aeeem_mylyn,hybrid,lightgbm,10,6,220,0,0,0.01617467736367221
aeeem_mylyn,hybrid,lightgbm,10,6,227,0,1,0.6500378096874226
aeeem_mylyn,hybrid,lightgbm,10,6,236,0,0,0.002514721420346977
aeeem_mylyn,hybrid,lightgbm,10,6,238,0,0,0.3461293524957969
aeeem_mylyn,hybrid,lightgbm,10,6,244,0,0,0.03153562384535052
aeeem_mylyn,hybrid,lightgbm,10,6,265,0,0,0.08943090319414514
aeeem_mylyn,hybrid,lightgbm,10,6,270,0,0,0.0007523877863957916
aeeem_mylyn,hybrid,lightgbm,10,6,289,1,0,0.05038797313822812
aeeem_mylyn,hybrid,lightgbm,10,6,290,0,0,0.000960050086084674
aeeem_mylyn,hybrid,lightgbm,10,6,309,0,0,0.1636755188075961
aeeem_mylyn,hybrid,lightgbm,10,6,310,0,0,0.3419112833347769
aeeem_mylyn,hybrid,lightgbm,10,6,313,0,0,0.10396179173071304
aeeem_mylyn,hybrid,lightgbm,10,6,340,0,0,0.005805829857636967
aeeem_mylyn,hybrid,lightgbm,10,6,359,0,0,0.15620510478992128
aeeem_mylyn,hybrid,lightgbm,10,6,366,0,0,0.012005905182285712
aeeem_mylyn,hybrid,lightgbm,10,6,390,0,0,0.0010621789856964242
aeeem_mylyn,hybrid,lightgbm,10,6,395,0,0,0.002505403393076062
aeeem_mylyn,hybrid,lightgbm,10,6,408,0,0,0.003385311388723512
aeeem_mylyn,hybrid,lightgbm,10,6,411,0,0,0.050116978003771046
aeeem_mylyn,hybrid,lightgbm,10,6,417,0,0,0.18235848070900493
aeeem_mylyn,hybrid,lightgbm,10,6,420,0,0,0.2245783444787951
aeeem_mylyn,hybrid,lightgbm,10,6,425,0,0,0.008141111790343297
aeeem_mylyn,hybrid,lightgbm,10,6,440,0,0,0.04252809609910077
aeeem_mylyn,hybrid,lightgbm,10,6,447,0,0,0.028602396616782107
aeeem_mylyn,hybrid,lightgbm,10,6,455,1,0,0.24795879821615122
aeeem_mylyn,hybrid,lightgbm,10,6,462,0,0,0.14832168973207172
aeeem_mylyn,hybrid,lightgbm,10,6,479,0,0,0.000632115100478668
aeeem_mylyn,hybrid,lightgbm,10,6,500,0,0,0.2263953623677686
aeeem_mylyn,hybrid,lightgbm,10,6,503,0,0,0.04493376596266167
aeeem_mylyn,hybrid,lightgbm,10,6,504,0,0,0.01860940058826918
aeeem_mylyn,hybrid,lightgbm,10,6,552,1,1,0.8593072627451966
aeeem_mylyn,hybrid,lightgbm,10,6,561,1,0,0.0166505955082845
aeeem_mylyn,hybrid,lightgbm,10,6,562,0,0,0.0006521370091194728
aeeem_mylyn,hybrid,lightgbm,10,6,566,0,0,0.0020015849003954503
aeeem_mylyn,hybrid,lightgbm,10,6,575,0,0,0.000746643088786644
aeeem_mylyn,hybrid,lightgbm,10,6,578,0,0,0.06472124611208266
aeeem_mylyn,hybrid,lightgbm,10,6,588,0,0,0.3152855614501204
aeeem_mylyn,hybrid,lightgbm,10,6,621,0,0,0.014497943100505603
aeeem_mylyn,hybrid,lightgbm,10,6,638,0,0,0.0005970058608289026
aeeem_mylyn,hybrid,lightgbm,10,6,639,0,0,0.025070135209702325
aeeem_mylyn,hybrid,lightgbm,10,6,649,0,0,0.0008399396680462627
aeeem_mylyn,hybrid,lightgbm,10,6,691,0,0,0.0005581888433850187
aeeem_mylyn,hybrid,lightgbm,10,6,719,0,0,0.2314627645754407
aeeem_mylyn,hybrid,lightgbm,10,6,727,0,0,0.00021883761958393016
aeeem_mylyn,hybrid,lightgbm,10,6,743,0,0,0.01605493074240399
aeeem_mylyn,hybrid,lightgbm,10,6,757,0,0,0.010831283888570322
aeeem_mylyn,hybrid,lightgbm,10,6,760,0,0,0.001545896313156877
aeeem_mylyn,hybrid,lightgbm,10,6,773,0,0,0.08247634687264833
aeeem_mylyn,hybrid,lightgbm,10,6,785,1,0,0.23566075811760046
aeeem_mylyn,hybrid,lightgbm,10,6,788,0,0,0.0013394455053000458
aeeem_mylyn,hybrid,lightgbm,10,6,789,0,0,0.0053429853597887714
aeeem_mylyn,hybrid,lightgbm,10,6,794,0,0,0.014403579686639351
aeeem_mylyn,hybrid,lightgbm,10,6,799,0,0,0.0020015463142549223
aeeem_mylyn,hybrid,lightgbm,10,6,805,0,0,0.08680717233302128
aeeem_mylyn,hybrid,lightgbm,10,6,806,0,0,0.03074997098056748
aeeem_mylyn,hybrid,lightgbm,10,6,819,1,1,0.7486721064813584
aeeem_mylyn,hybrid,lightgbm,10,6,823,1,1,0.8735641304872613
aeeem_mylyn,hybrid,lightgbm,10,6,832,1,0,0.08894234498371117
aeeem_mylyn,hybrid,lightgbm,10,6,834,0,0,0.019561944788512593
aeeem_mylyn,hybrid,lightgbm,10,6,837,0,0,0.001168246485143036
aeeem_mylyn,hybrid,lightgbm,10,6,855,0,0,0.0005113665688224155
aeeem_mylyn,hybrid,lightgbm,10,6,879,0,0,0.00990351716286684
aeeem_mylyn,hybrid,lightgbm,10,6,893,0,0,0.3283693920394202
aeeem_mylyn,hybrid,lightgbm,10,6,899,0,0,0.0218739362069025
aeeem_mylyn,hybrid,lightgbm,10,6,908,0,0,0.08329663568602415
aeeem_mylyn,hybrid,lightgbm,10,6,910,0,0,0.010085718834480133
aeeem_mylyn,hybrid,lightgbm,10,6,916,0,0,0.008384841904502373
aeeem_mylyn,hybrid,lightgbm,10,6,919,0,0,0.0022458579780145326
aeeem_mylyn,hybrid,lightgbm,10,6,932,0,0,0.001031172720294265
aeeem_mylyn,hybrid,lightgbm,10,6,944,0,0,0.0016367788858405998
aeeem_mylyn,hybrid,lightgbm,10,6,954,0,0,0.02832185507283298
aeeem_mylyn,hybrid,lightgbm,10,6,955,1,1,0.6571117154367503
aeeem_mylyn,hybrid,lightgbm,10,6,966,0,0,0.05065584563064816
aeeem_mylyn,hybrid,lightgbm,10,6,975,0,0,0.11257986848033505
aeeem_mylyn,hybrid,lightgbm,10,6,977,0,0,0.0005100786451836361
aeeem_mylyn,hybrid,lightgbm,10,6,983,1,0,0.4579315107194077
aeeem_mylyn,hybrid,lightgbm,10,6,1000,0,0,0.012648368363471366
aeeem_mylyn,hybrid,lightgbm,10,6,1010,0,0,0.0674103847048657
aeeem_mylyn,hybrid,lightgbm,10,6,1039,0,0,0.08280918524663315
aeeem_mylyn,hybrid,lightgbm,10,6,1049,0,0,0.12932760042324162
aeeem_mylyn,hybrid,lightgbm,10,6,1051,0,0,0.44652450411600664
aeeem_mylyn,hybrid,lightgbm,10,6,1052,0,0,0.0008126529649659959
aeeem_mylyn,hybrid,lightgbm,10,6,1065,0,0,0.011226033886374262
aeeem_mylyn,hybrid,lightgbm,10,6,1070,0,0,0.0030003724960332443
aeeem_mylyn,hybrid,lightgbm,10,6,1093,0,0,0.17836957053230673
aeeem_mylyn,hybrid,lightgbm,10,6,1099,0,0,0.002473489030185492
aeeem_mylyn,hybrid,lightgbm,10,6,1100,0,0,0.06923835278923271
aeeem_mylyn,hybrid,lightgbm,10,6,1109,0,1,0.560436091987179
aeeem_mylyn,hybrid,lightgbm,10,6,1111,0,0,0.00031194289904857767
aeeem_mylyn,hybrid,lightgbm,10,6,1115,0,0,0.0049209626342717715
aeeem_mylyn,hybrid,lightgbm,10,6,1134,0,0,0.002370302580221722
aeeem_mylyn,hybrid,lightgbm,10,6,1140,0,0,0.0027267145633936545
aeeem_mylyn,hybrid,lightgbm,10,6,1142,0,0,0.016796765289751873
aeeem_mylyn,hybrid,lightgbm,10,6,1169,0,1,0.8699368569491148
aeeem_mylyn,hybrid,lightgbm,10,6,1172,0,0,0.011377073300068877
aeeem_mylyn,hybrid,lightgbm,10,6,1180,0,0,0.0015118569029986912
aeeem_mylyn,hybrid,lightgbm,10,6,1182,0,0,0.018338227414286153
aeeem_mylyn,hybrid,lightgbm,10,6,1189,0,0,0.0008613380459228703
aeeem_mylyn,hybrid,lightgbm,10,6,1190,0,1,0.7793304721879946
aeeem_mylyn,hybrid,lightgbm,10,6,1201,0,0,0.004038056070756858
aeeem_mylyn,hybrid,lightgbm,10,6,1212,0,0,0.0054524393175300915
aeeem_mylyn,hybrid,lightgbm,10,6,1214,0,0,0.07347184115700028
aeeem_mylyn,hybrid,lightgbm,10,6,1216,0,0,0.003446131977167951
aeeem_mylyn,hybrid,lightgbm,10,6,1226,0,0,0.007609473654469014
aeeem_mylyn,hybrid,lightgbm,10,6,1231,0,0,0.004637853980784261
aeeem_mylyn,hybrid,lightgbm,10,6,1232,0,0,0.0003097077038258349
aeeem_mylyn,hybrid,lightgbm,10,6,1235,0,0,0.00463152072379443
aeeem_mylyn,hybrid,lightgbm,10,6,1237,0,0,0.014608716079155051
aeeem_mylyn,hybrid,lightgbm,10,6,1253,0,0,0.012528774234117312
aeeem_mylyn,hybrid,lightgbm,10,6,1266,0,0,0.06327244323445955
aeeem_mylyn,hybrid,lightgbm,10,6,1276,0,0,0.2740645436836575
aeeem_mylyn,hybrid,lightgbm,10,6,1281,0,0,0.053747348785599634
aeeem_mylyn,hybrid,lightgbm,10,6,1286,0,0,0.07246720415783219
aeeem_mylyn,hybrid,lightgbm,10,6,1301,0,0,0.058479353497479826
aeeem_mylyn,hybrid,lightgbm,10,6,1303,0,0,0.0009668512029056146
aeeem_mylyn,hybrid,lightgbm,10,6,1325,0,0,0.01408476593728684
aeeem_mylyn,hybrid,lightgbm,10,6,1335,1,1,0.8123481867463639
aeeem_mylyn,hybrid,lightgbm,10,6,1361,1,0,0.018131769421402193
aeeem_mylyn,hybrid,lightgbm,10,6,1367,0,0,0.02102667093145366
aeeem_mylyn,hybrid,lightgbm,10,6,1375,0,0,0.002595872403697682
aeeem_mylyn,hybrid,lightgbm,10,6,1376,0,0,0.0009239573173659856
aeeem_mylyn,hybrid,lightgbm,10,6,1381,0,0,0.22625417398515643
aeeem_mylyn,hybrid,lightgbm,10,6,1385,0,0,0.0085476095936069
aeeem_mylyn,hybrid,lightgbm,10,6,1395,1,1,0.5462986723858874
aeeem_mylyn,hybrid,lightgbm,10,6,1399,0,0,0.016487491792663275
aeeem_mylyn,hybrid,lightgbm,10,6,1414,0,0,0.0011601070804771673
aeeem_mylyn,hybrid,lightgbm,10,6,1418,0,0,0.00623881711755528
aeeem_mylyn,hybrid,lightgbm,10,6,1426,0,0,0.06460901641144841
aeeem_mylyn,hybrid,lightgbm,10,6,1427,0,0,0.23053379592421777
aeeem_mylyn,hybrid,lightgbm,10,6,1430,0,0,0.0015097998080571696
aeeem_mylyn,hybrid,lightgbm,10,6,1440,0,0,0.011668249110638042
aeeem_mylyn,hybrid,lightgbm,10,6,1443,0,0,0.023107532035032397
aeeem_mylyn,hybrid,lightgbm,10,6,1451,0,0,0.004166594505951082
aeeem_mylyn,hybrid,lightgbm,10,6,1460,1,1,0.8403416710898867
aeeem_mylyn,hybrid,lightgbm,10,6,1488,0,0,0.06398499819154374
aeeem_mylyn,hybrid,lightgbm,10,6,1490,1,0,0.13519244284219334
aeeem_mylyn,hybrid,lightgbm,10,6,1522,0,0,0.09538656458681403
aeeem_mylyn,hybrid,lightgbm,10,6,1524,0,0,0.009044559000588906
aeeem_mylyn,hybrid,lightgbm,10,6,1526,0,0,0.001138243784536094
aeeem_mylyn,hybrid,lightgbm,10,6,1527,0,0,0.12668296681554875
aeeem_mylyn,hybrid,lightgbm,10,6,1554,0,0,0.0011394393409672066
aeeem_mylyn,hybrid,lightgbm,10,6,1557,0,0,0.0009415224702180834
aeeem_mylyn,hybrid,lightgbm,10,6,1572,0,0,0.007875570831091572
aeeem_mylyn,hybrid,lightgbm,10,6,1574,1,0,0.3749752342295195
aeeem_mylyn,hybrid,lightgbm,10,6,1581,0,0,0.14704538520410396
aeeem_mylyn,hybrid,lightgbm,10,6,1586,1,1,0.9889710665348048
aeeem_mylyn,hybrid,lightgbm,10,6,1596,0,0,0.04052096823741955
aeeem_mylyn,hybrid,lightgbm,10,6,1604,0,0,0.0024899233605867248
aeeem_mylyn,hybrid,lightgbm,10,6,1611,0,0,0.0007365819372863724
aeeem_mylyn,hybrid,lightgbm,10,6,1618,0,0,0.015415803552355578
aeeem_mylyn,hybrid,lightgbm,10,6,1645,1,0,0.39513358605157195
aeeem_mylyn,hybrid,lightgbm,10,6,1685,0,0,0.011932639541820096
aeeem_mylyn,hybrid,lightgbm,10,6,1686,0,0,0.014451964262097276
aeeem_mylyn,hybrid,lightgbm,10,6,1691,0,0,0.09332096843426295
aeeem_mylyn,hybrid,lightgbm,10,6,1701,0,0,0.003843192302886337
aeeem_mylyn,hybrid,lightgbm,10,6,1710,0,0,0.05080876963430956
aeeem_mylyn,hybrid,lightgbm,10,6,1744,0,0,0.016253096932861963
aeeem_mylyn,hybrid,lightgbm,10,6,1753,0,0,0.02347596176497158
aeeem_mylyn,hybrid,lightgbm,10,6,1756,1,1,0.9423259066792068
aeeem_mylyn,hybrid,lightgbm,10,6,1759,1,1,0.95825855994991
aeeem_mylyn,hybrid,lightgbm,10,6,1782,0,0,0.0037310332428978957
aeeem_mylyn,hybrid,lightgbm,10,6,1797,0,0,0.005150536947518081
aeeem_mylyn,hybrid,lightgbm,10,6,1804,0,0,0.017623839267965197
aeeem_mylyn,hybrid,lightgbm,10,6,1811,0,1,0.9314582014618802
aeeem_mylyn,hybrid,lightgbm,10,6,1820,0,0,0.0004582782378175245
aeeem_mylyn,hybrid,lightgbm,10,6,1829,0,0,0.1160032045708317
aeeem_mylyn,hybrid,lightgbm,10,6,1843,0,1,0.5205759330104328
aeeem_mylyn,hybrid,lightgbm,10,6,1858,0,0,0.0014550644452496525
aeeem_mylyn,hybrid,lightgbm,10,7,8,0,1,0.7403695529631901
aeeem_mylyn,hybrid,lightgbm,10,7,38,0,0,0.12870237869853762
aeeem_mylyn,hybrid,lightgbm,10,7,39,0,0,0.08070289831650163
aeeem_mylyn,hybrid,lightgbm,10,7,64,0,0,0.013153254920284784
aeeem_mylyn,hybrid,lightgbm,10,7,65,0,0,0.0018599653321720896
aeeem_mylyn,hybrid,lightgbm,10,7,66,0,0,0.006364939338786103
aeeem_mylyn,hybrid,lightgbm,10,7,72,0,0,0.017923309780668133
aeeem_mylyn,hybrid,lightgbm,10,7,73,0,0,0.002059718474404375
aeeem_mylyn,hybrid,lightgbm,10,7,80,0,0,0.07156777230723618
aeeem_mylyn,hybrid,lightgbm,10,7,85,0,1,0.5537061026485008
aeeem_mylyn,hybrid,lightgbm,10,7,100,0,0,0.0017546157749850552
aeeem_mylyn,hybrid,lightgbm,10,7,106,0,0,0.002746037693320669
aeeem_mylyn,hybrid,lightgbm,10,7,109,0,0,0.006161212702141713
aeeem_mylyn,hybrid,lightgbm,10,7,159,0,0,0.022826069256703826
aeeem_mylyn,hybrid,lightgbm,10,7,182,0,0,0.009700565627899053
aeeem_mylyn,hybrid,lightgbm,10,7,189,0,0,0.001337160952276528
aeeem_mylyn,hybrid,lightgbm,10,7,206,0,0,0.026925238220772987
aeeem_mylyn,hybrid,lightgbm,10,7,209,1,1,0.808251103378113
aeeem_mylyn,hybrid,lightgbm,10,7,224,0,0,0.11781005668013529
aeeem_mylyn,hybrid,lightgbm,10,7,240,0,0,0.00035474444363043896
aeeem_mylyn,hybrid,lightgbm,10,7,256,0,0,0.0029320675323737627
aeeem_mylyn,hybrid,lightgbm,10,7,272,1,1,0.6320806905344365
aeeem_mylyn,hybrid,lightgbm,10,7,276,0,0,0.00030646065136530614
aeeem_mylyn,hybrid,lightgbm,10,7,284,0,0,0.006947465406377796
aeeem_mylyn,hybrid,lightgbm,10,7,292,0,0,0.15284113860725973
aeeem_mylyn,hybrid,lightgbm,10,7,293,0,0,0.0023908867675717376
aeeem_mylyn,hybrid,lightgbm,10,7,299,0,0,0.01478891704213939
aeeem_mylyn,hybrid,lightgbm,10,7,328,0,0,0.00688555217518345
aeeem_mylyn,hybrid,lightgbm,10,7,331,0,0,0.016702175992434624
aeeem_mylyn,hybrid,lightgbm,10,7,333,0,0,0.0026649365387038165
aeeem_mylyn,hybrid,lightgbm,10,7,334,0,1,0.6764139374401518
aeeem_mylyn,hybrid,lightgbm,10,7,353,0,0,0.011000237931711968
aeeem_mylyn,hybrid,lightgbm,10,7,356,0,0,0.00046810737863478037
aeeem_mylyn,hybrid,lightgbm,10,7,358,0,1,0.5891989590386537
aeeem_mylyn,hybrid,lightgbm,10,7,362,0,0,0.1577137871548189
aeeem_mylyn,hybrid,lightgbm,10,7,370,0,0,0.012133377948166366
aeeem_mylyn,hybrid,lightgbm,10,7,378,0,0,0.01718786768764528
aeeem_mylyn,hybrid,lightgbm,10,7,381,0,0,0.01221209639161201
aeeem_mylyn,hybrid,lightgbm,10,7,385,0,0,0.034874969270489664
aeeem_mylyn,hybrid,lightgbm,10,7,387,0,0,0.004336165440026625
aeeem_mylyn,hybrid,lightgbm,10,7,388,0,0,0.00339128558951524
aeeem_mylyn,hybrid,lightgbm,10,7,392,0,0,0.0015139712974442331
aeeem_mylyn,hybrid,lightgbm,10,7,401,0,0,0.0006467768788470228
aeeem_mylyn,hybrid,lightgbm,10,7,402,0,0,0.0008701677486314543
aeeem_mylyn,hybrid,lightgbm,10,7,413,1,1,0.5514194683431207
aeeem_mylyn,hybrid,lightgbm,10,7,433,1,0,0.001563182115006409
aeeem_mylyn,hybrid,lightgbm,10,7,445,1,0,0.1551129769640342
aeeem_mylyn,hybrid,lightgbm,10,7,446,0,0,0.0017136283768736996
aeeem_mylyn,hybrid,lightgbm,10,7,460,0,0,0.0012320848948070599
aeeem_mylyn,hybrid,lightgbm,10,7,468,0,0,0.026392369645293557
aeeem_mylyn,hybrid,lightgbm,10,7,497,0,0,0.015963094217776
aeeem_mylyn,hybrid,lightgbm,10,7,514,1,0,0.0702091161471255
aeeem_mylyn,hybrid,lightgbm,10,7,518,0,0,0.08823867552098319
aeeem_mylyn,hybrid,lightgbm,10,7,523,0,0,0.11631639425081691
aeeem_mylyn,hybrid,lightgbm,10,7,536,0,0,0.002738697177904051
aeeem_mylyn,hybrid,lightgbm,10,7,541,1,1,0.8970843271621445
aeeem_mylyn,hybrid,lightgbm,10,7,547,0,1,0.6319341285421619
aeeem_mylyn,hybrid,lightgbm,10,7,565,0,0,0.0144662072220366
aeeem_mylyn,hybrid,lightgbm,10,7,571,0,0,0.00545299785912752
aeeem_mylyn,hybrid,lightgbm,10,7,585,0,0,0.013362407003119622
aeeem_mylyn,hybrid,lightgbm,10,7,617,0,0,0.050620447194067573
aeeem_mylyn,hybrid,lightgbm,10,7,631,0,0,0.49478405748038673
aeeem_mylyn,hybrid,lightgbm,10,7,656,0,0,0.0014301856013254077
aeeem_mylyn,hybrid,lightgbm,10,7,667,0,0,0.0006056905359391473
aeeem_mylyn,hybrid,lightgbm,10,7,675,0,0,0.0030945524077606204
aeeem_mylyn,hybrid,lightgbm,10,7,676,0,0,0.07559197551893924
aeeem_mylyn,hybrid,lightgbm,10,7,683,0,0,0.01763584395129561
aeeem_mylyn,hybrid,lightgbm,10,7,688,0,0,0.13623829528658862
aeeem_mylyn,hybrid,lightgbm,10,7,696,0,0,0.10861457280964032
aeeem_mylyn,hybrid,lightgbm,10,7,718,0,0,0.0008569306153068689
aeeem_mylyn,hybrid,lightgbm,10,7,736,0,0,0.016100615207597042
aeeem_mylyn,hybrid,lightgbm,10,7,741,0,0,0.06460392797781773
aeeem_mylyn,hybrid,lightgbm,10,7,742,0,0,0.04779144676808296
aeeem_mylyn,hybrid,lightgbm,10,7,747,0,0,0.1037071087588318
aeeem_mylyn,hybrid,lightgbm,10,7,748,0,0,0.006161212702141713
aeeem_mylyn,hybrid,lightgbm,10,7,759,0,0,0.041731911651993865
aeeem_mylyn,hybrid,lightgbm,10,7,764,0,0,0.02845751340731422
aeeem_mylyn,hybrid,lightgbm,10,7,792,1,0,0.48716524393673205
aeeem_mylyn,hybrid,lightgbm,10,7,815,0,1,0.5517572096321491
aeeem_mylyn,hybrid,lightgbm,10,7,845,1,1,0.5478154420868999
aeeem_mylyn,hybrid,lightgbm,10,7,850,0,0,0.03497083184373175
aeeem_mylyn,hybrid,lightgbm,10,7,852,0,0,0.0020517742856865995
aeeem_mylyn,hybrid,lightgbm,10,7,862,0,0,0.00030565102297938667
aeeem_mylyn,hybrid,lightgbm,10,7,873,0,0,0.003663209872705919
aeeem_mylyn,hybrid,lightgbm,10,7,884,0,1,0.9690095471768818
aeeem_mylyn,hybrid,lightgbm,10,7,898,0,0,0.02511701439431535
aeeem_mylyn,hybrid,lightgbm,10,7,903,0,0,0.4409810589766379
aeeem_mylyn,hybrid,lightgbm,10,7,907,0,0,0.010014025713794304
aeeem_mylyn,hybrid,lightgbm,10,7,920,0,0,0.10247020232130781
aeeem_mylyn,hybrid,lightgbm,10,7,936,0,0,0.006580734619925121
aeeem_mylyn,hybrid,lightgbm,10,7,937,0,0,0.019140655459340784
aeeem_mylyn,hybrid,lightgbm,10,7,982,0,0,0.06951863614039817
aeeem_mylyn,hybrid,lightgbm,10,7,1032,0,0,0.03406461456427815
aeeem_mylyn,hybrid,lightgbm,10,7,1036,0,0,0.3796242348048096
aeeem_mylyn,hybrid,lightgbm,10,7,1044,1,1,0.8106120473134101
aeeem_mylyn,hybrid,lightgbm,10,7,1053,0,0,0.005073310286679942
aeeem_mylyn,hybrid,lightgbm,10,7,1067,0,0,0.036370616118344884
aeeem_mylyn,hybrid,lightgbm,10,7,1072,0,1,0.7381154113988561
aeeem_mylyn,hybrid,lightgbm,10,7,1086,0,0,0.004295239306704124
aeeem_mylyn,hybrid,lightgbm,10,7,1090,0,0,0.02773441302704936
aeeem_mylyn,hybrid,lightgbm,10,7,1102,0,0,0.012915033633954881
aeeem_mylyn,hybrid,lightgbm,10,7,1105,0,0,0.01561152930084364
aeeem_mylyn,hybrid,lightgbm,10,7,1124,0,0,0.0006865384073035351
aeeem_mylyn,hybrid,lightgbm,10,7,1128,0,0,0.002449865211608088
aeeem_mylyn,hybrid,lightgbm,10,7,1139,1,1,0.9780950329905851
aeeem_mylyn,hybrid,lightgbm,10,7,1141,1,1,0.5161540244525274
aeeem_mylyn,hybrid,lightgbm,10,7,1160,1,0,0.034455513197506504
aeeem_mylyn,hybrid,lightgbm,10,7,1175,0,0,0.007438261865876549
aeeem_mylyn,hybrid,lightgbm,10,7,1188,0,0,0.0015885615093668623
aeeem_mylyn,hybrid,lightgbm,10,7,1202,0,0,0.0007204444698203491
aeeem_mylyn,hybrid,lightgbm,10,7,1203,0,0,0.0007803576506370571
aeeem_mylyn,hybrid,lightgbm,10,7,1210,0,0,0.08906491114987387
aeeem_mylyn,hybrid,lightgbm,10,7,1217,0,0,0.42146695534457995
aeeem_mylyn,hybrid,lightgbm,10,7,1227,0,0,0.022473891417914314
aeeem_mylyn,hybrid,lightgbm,10,7,1233,0,0,0.0009497379028541444
aeeem_mylyn,hybrid,lightgbm,10,7,1234,0,0,0.0015082773874128407
aeeem_mylyn,hybrid,lightgbm,10,7,1247,0,0,0.0650230818383518
aeeem_mylyn,hybrid,lightgbm,10,7,1250,0,0,0.0005727011500864587
aeeem_mylyn,hybrid,lightgbm,10,7,1262,1,0,0.08241941325120393
aeeem_mylyn,hybrid,lightgbm,10,7,1263,0,1,0.664521341352814
aeeem_mylyn,hybrid,lightgbm,10,7,1275,0,0,0.06817283726759014
aeeem_mylyn,hybrid,lightgbm,10,7,1296,0,0,0.0012170625247742756
aeeem_mylyn,hybrid,lightgbm,10,7,1308,0,0,0.03269031568751227
aeeem_mylyn,hybrid,lightgbm,10,7,1310,0,0,0.0014572189513797397
aeeem_mylyn,hybrid,lightgbm,10,7,1313,1,0,0.09862017962962716
aeeem_mylyn,hybrid,lightgbm,10,7,1327,0,0,0.004586012658089355
aeeem_mylyn,hybrid,lightgbm,10,7,1328,1,1,0.6972086227579911
aeeem_mylyn,hybrid,lightgbm,10,7,1332,1,1,0.8753240260804191
aeeem_mylyn,hybrid,lightgbm,10,7,1333,0,0,0.004649350852163076
aeeem_mylyn,hybrid,lightgbm,10,7,1334,0,0,0.002612191985460639
aeeem_mylyn,hybrid,lightgbm,10,7,1336,0,0,0.013332240684463374
aeeem_mylyn,hybrid,lightgbm,10,7,1339,0,0,0.005701335722465735
aeeem_mylyn,hybrid,lightgbm,10,7,1341,0,0,0.004375285246938159
aeeem_mylyn,hybrid,lightgbm,10,7,1353,0,0,0.0009985072958503967
aeeem_mylyn,hybrid,lightgbm,10,7,1364,0,0,0.003370399495973103
aeeem_mylyn,hybrid,lightgbm,10,7,1365,1,0,0.10374243846271904
aeeem_mylyn,hybrid,lightgbm,10,7,1384,0,0,0.006082977028495921
aeeem_mylyn,hybrid,lightgbm,10,7,1390,0,0,0.019903934012907222
aeeem_mylyn,hybrid,lightgbm,10,7,1397,0,0,0.08755493212477262
aeeem_mylyn,hybrid,lightgbm,10,7,1398,0,0,0.006391116361524824
aeeem_mylyn,hybrid,lightgbm,10,7,1415,0,0,0.03151342357644037
aeeem_mylyn,hybrid,lightgbm,10,7,1433,0,0,0.012326094293121136
aeeem_mylyn,hybrid,lightgbm,10,7,1436,0,0,0.00019985734004004092
aeeem_mylyn,hybrid,lightgbm,10,7,1452,0,0,0.006627371880277066
aeeem_mylyn,hybrid,lightgbm,10,7,1456,0,0,0.03265695340264168
aeeem_mylyn,hybrid,lightgbm,10,7,1468,1,0,0.2719535593433752
aeeem_mylyn,hybrid,lightgbm,10,7,1473,0,0,0.0051525239737533835
aeeem_mylyn,hybrid,lightgbm,10,7,1480,0,0,0.0017068786063511477
aeeem_mylyn,hybrid,lightgbm,10,7,1486,0,0,0.07662746481074488
aeeem_mylyn,hybrid,lightgbm,10,7,1505,0,0,0.0015819106366641413
aeeem_mylyn,hybrid,lightgbm,10,7,1545,0,0,0.008437358138463398
aeeem_mylyn,hybrid,lightgbm,10,7,1548,0,0,0.47580944758141913
aeeem_mylyn,hybrid,lightgbm,10,7,1550,0,0,0.0038673837330013864
aeeem_mylyn,hybrid,lightgbm,10,7,1556,1,0,0.2854857982317906
aeeem_mylyn,hybrid,lightgbm,10,7,1594,0,0,0.06033942123508048
aeeem_mylyn,hybrid,lightgbm,10,7,1640,0,0,0.08053441241894994
aeeem_mylyn,hybrid,lightgbm,10,7,1655,1,1,0.932928120781943
aeeem_mylyn,hybrid,lightgbm,10,7,1658,0,0,0.0003177395991770185
aeeem_mylyn,hybrid,lightgbm,10,7,1662,0,0,0.023321920709116307
aeeem_mylyn,hybrid,lightgbm,10,7,1667,0,0,0.14474476395947145
aeeem_mylyn,hybrid,lightgbm,10,7,1679,0,0,0.17899749333509005
aeeem_mylyn,hybrid,lightgbm,10,7,1687,0,0,0.03357909290752572
aeeem_mylyn,hybrid,lightgbm,10,7,1696,0,0,0.006082977028495921
aeeem_mylyn,hybrid,lightgbm,10,7,1708,0,0,0.007849652146294224
aeeem_mylyn,hybrid,lightgbm,10,7,1709,0,0,0.4558984834103729
aeeem_mylyn,hybrid,lightgbm,10,7,1715,0,0,0.0076645962465282606
aeeem_mylyn,hybrid,lightgbm,10,7,1717,0,0,0.06324742206073537
aeeem_mylyn,hybrid,lightgbm,10,7,1726,0,0,0.0034002610325881396
aeeem_mylyn,hybrid,lightgbm,10,7,1736,0,0,0.22465629868087664
aeeem_mylyn,hybrid,lightgbm,10,7,1743,0,0,0.003747954178100598
aeeem_mylyn,hybrid,lightgbm,10,7,1748,0,0,0.007338304382652072
aeeem_mylyn,hybrid,lightgbm,10,7,1755,0,0,0.019471620772400253
aeeem_mylyn,hybrid,lightgbm,10,7,1764,0,0,0.0003043330520407811
aeeem_mylyn,hybrid,lightgbm,10,7,1767,0,0,0.0007187347927586356
aeeem_mylyn,hybrid,lightgbm,10,7,1768,0,0,0.22116096741115338
aeeem_mylyn,hybrid,lightgbm,10,7,1770,0,0,0.03334322594791103
aeeem_mylyn,hybrid,lightgbm,10,7,1776,1,1,0.9650110467404955
aeeem_mylyn,hybrid,lightgbm,10,7,1813,0,0,0.14967166566502596
aeeem_mylyn,hybrid,lightgbm,10,7,1817,0,0,0.007789321060385177
aeeem_mylyn,hybrid,lightgbm,10,7,1819,1,0,0.41018258057459805
aeeem_mylyn,hybrid,lightgbm,10,7,1844,0,0,0.00031818567189168375
aeeem_mylyn,hybrid,lightgbm,10,7,1853,0,0,0.0210484132995394
aeeem_mylyn,hybrid,lightgbm,10,7,1854,0,0,0.021182042313680895
aeeem_mylyn,hybrid,lightgbm,10,7,1856,0,0,0.0007280484609990758
aeeem_mylyn,hybrid,lightgbm,10,7,1859,1,0,0.05699425333880104
aeeem_mylyn,hybrid,lightgbm,10,7,1861,0,0,0.014718459645665037
aeeem_mylyn,hybrid,lightgbm,10,8,2,0,0,0.001797860770038789
aeeem_mylyn,hybrid,lightgbm,10,8,5,0,0,0.0005103019998796375
aeeem_mylyn,hybrid,lightgbm,10,8,40,1,1,0.9398597501803353
aeeem_mylyn,hybrid,lightgbm,10,8,49,0,0,0.00798566746303639
aeeem_mylyn,hybrid,lightgbm,10,8,50,0,0,0.004715792736542259
aeeem_mylyn,hybrid,lightgbm,10,8,56,1,0,0.3119820451743546
aeeem_mylyn,hybrid,lightgbm,10,8,67,0,1,0.882553263247172
aeeem_mylyn,hybrid,lightgbm,10,8,71,0,0,0.019928973542967285
aeeem_mylyn,hybrid,lightgbm,10,8,87,0,0,0.17002201687654098
aeeem_mylyn,hybrid,lightgbm,10,8,92,0,0,0.0011996994091205348
aeeem_mylyn,hybrid,lightgbm,10,8,97,0,0,0.10352371853561598
aeeem_mylyn,hybrid,lightgbm,10,8,108,0,0,0.14278035643827874
aeeem_mylyn,hybrid,lightgbm,10,8,113,1,0,0.007962036015646348
aeeem_mylyn,hybrid,lightgbm,10,8,117,0,0,0.0035971536792433205
aeeem_mylyn,hybrid,lightgbm,10,8,124,0,0,0.2887448753516549
aeeem_mylyn,hybrid,lightgbm,10,8,126,0,0,0.0006942976017805239
aeeem_mylyn,hybrid,lightgbm,10,8,145,0,1,0.7858911698425428
aeeem_mylyn,hybrid,lightgbm,10,8,146,0,0,0.01161367846957333
aeeem_mylyn,hybrid,lightgbm,10,8,149,0,1,0.8976415884797585
aeeem_mylyn,hybrid,lightgbm,10,8,150,0,0,0.012102768838900822
aeeem_mylyn,hybrid,lightgbm,10,8,163,0,0,0.015450355004686969
aeeem_mylyn,hybrid,lightgbm,10,8,175,0,0,0.011000699398269757
aeeem_mylyn,hybrid,lightgbm,10,8,178,0,0,0.0015661072803199313
aeeem_mylyn,hybrid,lightgbm,10,8,194,0,0,0.2837858354696011
aeeem_mylyn,hybrid,lightgbm,10,8,218,0,0,0.03192334105845149
aeeem_mylyn,hybrid,lightgbm,10,8,222,1,1,0.8673671632757833
aeeem_mylyn,hybrid,lightgbm,10,8,230,0,0,0.012352456026245016
aeeem_mylyn,hybrid,lightgbm,10,8,269,0,0,0.0012253445156262409
aeeem_mylyn,hybrid,lightgbm,10,8,271,0,0,0.163135982468264
aeeem_mylyn,hybrid,lightgbm,10,8,275,0,0,0.02102094860256183
aeeem_mylyn,hybrid,lightgbm,10,8,282,0,0,0.0029215969319091517
aeeem_mylyn,hybrid,lightgbm,10,8,286,0,0,0.03743685420469514
aeeem_mylyn,hybrid,lightgbm,10,8,287,0,1,0.5638408379466356
aeeem_mylyn,hybrid,lightgbm,10,8,316,1,1,0.7966097314681594
aeeem_mylyn,hybrid,lightgbm,10,8,318,0,0,0.0005660797941527652
aeeem_mylyn,hybrid,lightgbm,10,8,322,0,0,0.05034296561364397
aeeem_mylyn,hybrid,lightgbm,10,8,337,1,0,0.05236060492881475
aeeem_mylyn,hybrid,lightgbm,10,8,346,0,0,0.010124564401044336
aeeem_mylyn,hybrid,lightgbm,10,8,355,0,1,0.5740308307049681
aeeem_mylyn,hybrid,lightgbm,10,8,386,0,0,0.004792687601337432
aeeem_mylyn,hybrid,lightgbm,10,8,391,0,0,0.0009322629485731409
aeeem_mylyn,hybrid,lightgbm,10,8,394,0,0,0.018087693281428285
aeeem_mylyn,hybrid,lightgbm,10,8,404,0,0,0.0015018837377988878
aeeem_mylyn,hybrid,lightgbm,10,8,405,0,1,0.8137642019775465
aeeem_mylyn,hybrid,lightgbm,10,8,412,0,1,0.8881868875980556
aeeem_mylyn,hybrid,lightgbm,10,8,419,0,0,0.043068615996486655
aeeem_mylyn,hybrid,lightgbm,10,8,424,0,0,0.0117829213363236
aeeem_mylyn,hybrid,lightgbm,10,8,430,0,0,0.0006838924339054944
aeeem_mylyn,hybrid,lightgbm,10,8,435,0,0,0.0012683863527488228
aeeem_mylyn,hybrid,lightgbm,10,8,436,0,0,0.006572190468819103
aeeem_mylyn,hybrid,lightgbm,10,8,450,1,1,0.8757143942701318
aeeem_mylyn,hybrid,lightgbm,10,8,470,0,0,0.0029335749668863214
aeeem_mylyn,hybrid,lightgbm,10,8,477,0,0,0.00418007492845706
aeeem_mylyn,hybrid,lightgbm,10,8,478,0,0,0.06265425701371853
aeeem_mylyn,hybrid,lightgbm,10,8,499,0,0,0.02461754115392694
aeeem_mylyn,hybrid,lightgbm,10,8,513,0,1,0.506361304241079
aeeem_mylyn,hybrid,lightgbm,10,8,525,0,0,0.009028345680589958
aeeem_mylyn,hybrid,lightgbm,10,8,533,0,0,0.10907707238203088
aeeem_mylyn,hybrid,lightgbm,10,8,544,0,0,0.031163522929029946
aeeem_mylyn,hybrid,lightgbm,10,8,549,0,0,0.2707846654012671
aeeem_mylyn,hybrid,lightgbm,10,8,554,0,0,0.0012883267519902997
aeeem_mylyn,hybrid,lightgbm,10,8,559,0,0,0.000721640292867193
aeeem_mylyn,hybrid,lightgbm,10,8,583,0,0,0.006922227002115736
aeeem_mylyn,hybrid,lightgbm,10,8,589,1,0,0.33059102767058474
aeeem_mylyn,hybrid,lightgbm,10,8,594,0,0,0.007425775622370568
aeeem_mylyn,hybrid,lightgbm,10,8,600,1,0,0.2555403974165748
aeeem_mylyn,hybrid,lightgbm,10,8,611,0,0,0.008181668043517411
aeeem_mylyn,hybrid,lightgbm,10,8,619,1,0,0.3652713492620608
aeeem_mylyn,hybrid,lightgbm,10,8,623,0,0,0.014375005351668715
aeeem_mylyn,hybrid,lightgbm,10,8,630,0,0,0.05229977847071385
aeeem_mylyn,hybrid,lightgbm,10,8,633,0,0,0.0009632338890495801
aeeem_mylyn,hybrid,lightgbm,10,8,641,0,0,0.012765034440702544
aeeem_mylyn,hybrid,lightgbm,10,8,686,0,0,0.016610273426439406
aeeem_mylyn,hybrid,lightgbm,10,8,687,0,0,0.004469822356859473
aeeem_mylyn,hybrid,lightgbm,10,8,690,0,0,0.0031697461976123442
aeeem_mylyn,hybrid,lightgbm,10,8,703,0,1,0.5146587401012112
aeeem_mylyn,hybrid,lightgbm,10,8,716,0,0,0.0017498711036374602
aeeem_mylyn,hybrid,lightgbm,10,8,725,0,0,0.03649211859316545
aeeem_mylyn,hybrid,lightgbm,10,8,730,1,1,0.8673671632757833
aeeem_mylyn,hybrid,lightgbm,10,8,735,0,0,0.07804897997540708
aeeem_mylyn,hybrid,lightgbm,10,8,754,0,0,0.005954421066990745
aeeem_mylyn,hybrid,lightgbm,10,8,779,0,0,0.00375735713461313
aeeem_mylyn,hybrid,lightgbm,10,8,786,0,0,0.03204820629140312
aeeem_mylyn,hybrid,lightgbm,10,8,793,0,0,0.08477545839301151
aeeem_mylyn,hybrid,lightgbm,10,8,808,0,0,0.0016473066219291643
aeeem_mylyn,hybrid,lightgbm,10,8,820,0,1,0.5993171933016462
aeeem_mylyn,hybrid,lightgbm,10,8,822,0,0,0.0017954008068764291
aeeem_mylyn,hybrid,lightgbm,10,8,824,0,0,0.004777888545605075
aeeem_mylyn,hybrid,lightgbm,10,8,833,0,0,0.013585721837266062
aeeem_mylyn,hybrid,lightgbm,10,8,846,0,0,0.00537160201871515
aeeem_mylyn,hybrid,lightgbm,10,8,897,1,1,0.9317161934842146
aeeem_mylyn,hybrid,lightgbm,10,8,909,0,0,0.004658878211613486
aeeem_mylyn,hybrid,lightgbm,10,8,912,0,1,0.9899394816471233
aeeem_mylyn,hybrid,lightgbm,10,8,946,0,0,0.0028617696792166422
aeeem_mylyn,hybrid,lightgbm,10,8,952,0,0,0.0014976841252817754
aeeem_mylyn,hybrid,lightgbm,10,8,964,0,0,0.0017400820026265789
aeeem_mylyn,hybrid,lightgbm,10,8,979,1,0,0.012917361855613778
aeeem_mylyn,hybrid,lightgbm,10,8,991,0,1,0.8630456727470649
aeeem_mylyn,hybrid,lightgbm,10,8,995,1,0,0.25094724954304354
aeeem_mylyn,hybrid,lightgbm,10,8,999,1,0,0.007387747220320632
aeeem_mylyn,hybrid,lightgbm,10,8,1014,1,0,0.03949868480273422
aeeem_mylyn,hybrid,lightgbm,10,8,1018,0,0,0.0014858307414402673
aeeem_mylyn,hybrid,lightgbm,10,8,1024,0,0,0.018366830859263897
aeeem_mylyn,hybrid,lightgbm,10,8,1033,0,0,0.002104501829842741
aeeem_mylyn,hybrid,lightgbm,10,8,1054,0,0,0.003245296038121181
aeeem_mylyn,hybrid,lightgbm,10,8,1055,0,0,0.25239914570373173
aeeem_mylyn,hybrid,lightgbm,10,8,1059,0,0,0.05073984021895506
aeeem_mylyn,hybrid,lightgbm,10,8,1066,0,1,0.7631716680564762
aeeem_mylyn,hybrid,lightgbm,10,8,1081,0,0,0.0030329723709401194
aeeem_mylyn,hybrid,lightgbm,10,8,1089,0,0,0.0014455742720160382
aeeem_mylyn,hybrid,lightgbm,10,8,1096,0,0,0.012952313988231148
aeeem_mylyn,hybrid,lightgbm,10,8,1097,0,0,0.0043844007477201645
aeeem_mylyn,hybrid,lightgbm,10,8,1112,0,0,0.036435654077902745
aeeem_mylyn,hybrid,lightgbm,10,8,1122,0,0,0.006674919175624349
aeeem_mylyn,hybrid,lightgbm,10,8,1131,0,0,0.016411035360285278
aeeem_mylyn,hybrid,lightgbm,10,8,1132,0,0,0.019059235842691855
aeeem_mylyn,hybrid,lightgbm,10,8,1138,0,0,0.00024883892214777733
aeeem_mylyn,hybrid,lightgbm,10,8,1143,0,0,0.0029467135329346
aeeem_mylyn,hybrid,lightgbm,10,8,1144,0,0,0.007856921008969281
aeeem_mylyn,hybrid,lightgbm,10,8,1146,0,0,0.002974202057998902
aeeem_mylyn,hybrid,lightgbm,10,8,1147,0,0,0.0013700505042749708
aeeem_mylyn,hybrid,lightgbm,10,8,1148,1,0,0.001818026303577314
aeeem_mylyn,hybrid,lightgbm,10,8,1150,0,0,0.04779285434644441
aeeem_mylyn,hybrid,lightgbm,10,8,1154,0,0,0.14623896128905411
aeeem_mylyn,hybrid,lightgbm,10,8,1156,0,0,0.013501320372636627
aeeem_mylyn,hybrid,lightgbm,10,8,1164,0,0,0.060616911198955174
aeeem_mylyn,hybrid,lightgbm,10,8,1193,0,0,0.0700245318981624
aeeem_mylyn,hybrid,lightgbm,10,8,1224,0,0,0.012281005684000512
aeeem_mylyn,hybrid,lightgbm,10,8,1254,0,0,0.012089477521324391
aeeem_mylyn,hybrid,lightgbm,10,8,1256,1,0,0.07927025524531289
aeeem_mylyn,hybrid,lightgbm,10,8,1261,0,0,0.003934985170651746
aeeem_mylyn,hybrid,lightgbm,10,8,1289,0,0,0.004530929994576874
aeeem_mylyn,hybrid,lightgbm,10,8,1304,0,0,0.002588351327921109
aeeem_mylyn,hybrid,lightgbm,10,8,1351,0,1,0.8102424216393325
aeeem_mylyn,hybrid,lightgbm,10,8,1357,0,0,0.0059584488685065565
aeeem_mylyn,hybrid,lightgbm,10,8,1359,0,0,0.046276188402158545
aeeem_mylyn,hybrid,lightgbm,10,8,1377,1,0,0.0689232424679268
aeeem_mylyn,hybrid,lightgbm,10,8,1393,0,0,0.001974804428044938
aeeem_mylyn,hybrid,lightgbm,10,8,1402,0,0,0.03658827678621681
aeeem_mylyn,hybrid,lightgbm,10,8,1405,0,0,0.13505806407070226
aeeem_mylyn,hybrid,lightgbm,10,8,1406,0,0,0.03138560896139978
aeeem_mylyn,hybrid,lightgbm,10,8,1410,0,0,0.0008528435194395266
aeeem_mylyn,hybrid,lightgbm,10,8,1416,0,0,0.004301790742403394
aeeem_mylyn,hybrid,lightgbm,10,8,1434,0,0,0.009334126342293662
aeeem_mylyn,hybrid,lightgbm,10,8,1455,0,0,0.023152756170443076
aeeem_mylyn,hybrid,lightgbm,10,8,1476,0,0,0.08394003998126887
aeeem_mylyn,hybrid,lightgbm,10,8,1478,0,0,0.10447112956437274
aeeem_mylyn,hybrid,lightgbm,10,8,1504,1,0,0.014774053042220618
aeeem_mylyn,hybrid,lightgbm,10,8,1513,0,0,0.0013580578051101031
aeeem_mylyn,hybrid,lightgbm,10,8,1514,0,0,0.0011327553876865927
aeeem_mylyn,hybrid,lightgbm,10,8,1523,0,0,0.0021509210519113776
aeeem_mylyn,hybrid,lightgbm,10,8,1531,0,0,0.008651773168979806
aeeem_mylyn,hybrid,lightgbm,10,8,1532,0,0,0.0046128561940286025
aeeem_mylyn,hybrid,lightgbm,10,8,1537,0,0,0.0027466204113912123
aeeem_mylyn,hybrid,lightgbm,10,8,1542,1,1,0.9563720983744642
aeeem_mylyn,hybrid,lightgbm,10,8,1577,0,0,0.0008177330960297575
aeeem_mylyn,hybrid,lightgbm,10,8,1589,0,0,0.01501544297697485
aeeem_mylyn,hybrid,lightgbm,10,8,1590,0,0,0.30158293951139853
aeeem_mylyn,hybrid,lightgbm,10,8,1602,0,0,0.022830811716763502
aeeem_mylyn,hybrid,lightgbm,10,8,1608,0,0,0.009307684403499066
aeeem_mylyn,hybrid,lightgbm,10,8,1622,0,0,0.03887965796406341
aeeem_mylyn,hybrid,lightgbm,10,8,1625,0,0,0.1376708363507777
aeeem_mylyn,hybrid,lightgbm,10,8,1626,0,1,0.9460255268263629
aeeem_mylyn,hybrid,lightgbm,10,8,1633,0,0,0.0009559571384857054
aeeem_mylyn,hybrid,lightgbm,10,8,1639,0,0,0.18531639361525792
aeeem_mylyn,hybrid,lightgbm,10,8,1647,0,0,0.005534452916143957
aeeem_mylyn,hybrid,lightgbm,10,8,1649,1,0,0.009628938574294045
aeeem_mylyn,hybrid,lightgbm,10,8,1650,0,0,0.2291552817139452
aeeem_mylyn,hybrid,lightgbm,10,8,1663,0,0,0.0568663511801561
aeeem_mylyn,hybrid,lightgbm,10,8,1664,0,0,0.3413083609888168
aeeem_mylyn,hybrid,lightgbm,10,8,1670,1,1,0.9072700747071389
aeeem_mylyn,hybrid,lightgbm,10,8,1671,0,0,0.0006360554597452167
aeeem_mylyn,hybrid,lightgbm,10,8,1683,0,0,0.00034709930807576674
aeeem_mylyn,hybrid,lightgbm,10,8,1695,0,0,0.0010766213786090049
aeeem_mylyn,hybrid,lightgbm,10,8,1724,0,0,0.0042687104096787425
aeeem_mylyn,hybrid,lightgbm,10,8,1725,1,1,0.8769620917035048
aeeem_mylyn,hybrid,lightgbm,10,8,1729,0,0,0.001760398957701669
aeeem_mylyn,hybrid,lightgbm,10,8,1735,0,0,0.24744218130106177
aeeem_mylyn,hybrid,lightgbm,10,8,1749,0,0,0.257848721296127
aeeem_mylyn,hybrid,lightgbm,10,8,1788,1,0,0.054713378913586984
aeeem_mylyn,hybrid,lightgbm,10,8,1802,0,0,0.0005203917827688696
aeeem_mylyn,hybrid,lightgbm,10,8,1805,0,0,0.00541898570660225
aeeem_mylyn,hybrid,lightgbm,10,8,1827,0,0,0.45157954518021864
aeeem_mylyn,hybrid,lightgbm,10,8,1830,0,0,0.11320496206984235
aeeem_mylyn,hybrid,lightgbm,10,8,1849,0,1,0.5958583378874772
aeeem_mylyn,hybrid,lightgbm,10,8,1857,0,0,0.011525925968168794
aeeem_mylyn,hybrid,lightgbm,10,9,24,0,0,0.17747935322306532
aeeem_mylyn,hybrid,lightgbm,10,9,26,0,0,0.1185915203998764
aeeem_mylyn,hybrid,lightgbm,10,9,37,0,1,0.6420236957918788
aeeem_mylyn,hybrid,lightgbm,10,9,43,0,0,0.008305520583246696
aeeem_mylyn,hybrid,lightgbm,10,9,48,0,0,0.39179219250242703
aeeem_mylyn,hybrid,lightgbm,10,9,75,0,0,0.11234031333209418
aeeem_mylyn,hybrid,lightgbm,10,9,77,0,1,0.870984586579154
aeeem_mylyn,hybrid,lightgbm,10,9,82,0,0,0.0006780407572903523
aeeem_mylyn,hybrid,lightgbm,10,9,83,0,0,0.11206933072731054
aeeem_mylyn,hybrid,lightgbm,10,9,86,0,0,0.05619124949657298
aeeem_mylyn,hybrid,lightgbm,10,9,123,0,0,0.0031846549822852873
aeeem_mylyn,hybrid,lightgbm,10,9,158,0,0,0.0042000972275537665
aeeem_mylyn,hybrid,lightgbm,10,9,164,0,0,0.014178249596612631
aeeem_mylyn,hybrid,lightgbm,10,9,171,0,0,0.16899198614684385
aeeem_mylyn,hybrid,lightgbm,10,9,179,0,0,0.0012899734774032162
aeeem_mylyn,hybrid,lightgbm,10,9,192,0,0,0.007177310201676787
aeeem_mylyn,hybrid,lightgbm,10,9,197,0,0,0.16558025729393866
aeeem_mylyn,hybrid,lightgbm,10,9,204,0,0,0.0001833852973736751
aeeem_mylyn,hybrid,lightgbm,10,9,226,1,1,0.5040911415483156
aeeem_mylyn,hybrid,lightgbm,10,9,231,0,1,0.8006726589822245
aeeem_mylyn,hybrid,lightgbm,10,9,260,0,0,0.00045800406940010353
aeeem_mylyn,hybrid,lightgbm,10,9,273,0,0,0.08859684687708999
aeeem_mylyn,hybrid,lightgbm,10,9,281,0,0,0.007899110710007694
aeeem_mylyn,hybrid,lightgbm,10,9,320,0,0,0.07216897820039891
aeeem_mylyn,hybrid,lightgbm,10,9,324,0,0,0.12639390211883755
aeeem_mylyn,hybrid,lightgbm,10,9,325,0,1,0.9822399283561052
aeeem_mylyn,hybrid,lightgbm,10,9,326,1,0,0.003512606932355966
aeeem_mylyn,hybrid,lightgbm,10,9,330,0,0,0.00030091006028801237
aeeem_mylyn,hybrid,lightgbm,10,9,332,1,0,0.3620998458782289
aeeem_mylyn,hybrid,lightgbm,10,9,339,0,0,0.02515499439264504
aeeem_mylyn,hybrid,lightgbm,10,9,361,0,0,0.018485740598282452
aeeem_mylyn,hybrid,lightgbm,10,9,364,0,0,0.009164884035393445
aeeem_mylyn,hybrid,lightgbm,10,9,369,0,0,0.022260612222206856
aeeem_mylyn,hybrid,lightgbm,10,9,373,0,0,0.004117154953829274
aeeem_mylyn,hybrid,lightgbm,10,9,379,0,0,0.0334003856527224
aeeem_mylyn,hybrid,lightgbm,10,9,383,0,0,0.0005423912641406218
aeeem_mylyn,hybrid,lightgbm,10,9,399,0,0,0.021169318979090364
aeeem_mylyn,hybrid,lightgbm,10,9,409,0,0,0.00029602959298711455
aeeem_mylyn,hybrid,lightgbm,10,9,415,0,0,0.0011738191736862702
aeeem_mylyn,hybrid,lightgbm,10,9,418,0,0,0.2945063624160626
aeeem_mylyn,hybrid,lightgbm,10,9,431,0,0,0.05627764458048592
aeeem_mylyn,hybrid,lightgbm,10,9,439,0,0,0.012703962446249217
aeeem_mylyn,hybrid,lightgbm,10,9,442,0,0,0.013664222119796841
aeeem_mylyn,hybrid,lightgbm,10,9,444,0,1,0.6355677868846984
aeeem_mylyn,hybrid,lightgbm,10,9,454,0,1,0.7652867472406534
aeeem_mylyn,hybrid,lightgbm,10,9,457,0,0,0.02439569030435433
aeeem_mylyn,hybrid,lightgbm,10,9,466,0,0,0.027613573616486965
aeeem_mylyn,hybrid,lightgbm,10,9,472,0,0,0.0016431589093232374
aeeem_mylyn,hybrid,lightgbm,10,9,480,0,0,0.05080828151245907
aeeem_mylyn,hybrid,lightgbm,10,9,488,0,0,0.0050690546716317345
aeeem_mylyn,hybrid,lightgbm,10,9,519,1,1,0.8919520914155183
aeeem_mylyn,hybrid,lightgbm,10,9,563,0,0,0.022366829743300894
aeeem_mylyn,hybrid,lightgbm,10,9,564,0,0,0.007939996393476093
aeeem_mylyn,hybrid,lightgbm,10,9,567,0,0,0.014397724736483042
aeeem_mylyn,hybrid,lightgbm,10,9,573,0,0,0.00696568279785563
aeeem_mylyn,hybrid,lightgbm,10,9,576,1,0,0.23186641689555554
aeeem_mylyn,hybrid,lightgbm,10,9,626,0,0,0.01352849061033176
aeeem_mylyn,hybrid,lightgbm,10,9,627,1,0,0.12805939500991642
aeeem_mylyn,hybrid,lightgbm,10,9,650,0,0,0.060447573308187244
aeeem_mylyn,hybrid,lightgbm,10,9,682,0,0,0.1472513206870345
aeeem_mylyn,hybrid,lightgbm,10,9,684,0,0,0.23096638402454225
aeeem_mylyn,hybrid,lightgbm,10,9,692,0,0,0.006264045872496888
aeeem_mylyn,hybrid,lightgbm,10,9,693,0,0,0.008283469263563955
aeeem_mylyn,hybrid,lightgbm,10,9,707,0,0,0.07800129905710447
aeeem_mylyn,hybrid,lightgbm,10,9,724,0,0,0.040770061211363784
aeeem_mylyn,hybrid,lightgbm,10,9,731,0,0,0.0010516614900270757
aeeem_mylyn,hybrid,lightgbm,10,9,751,0,0,0.014424400268522727
aeeem_mylyn,hybrid,lightgbm,10,9,761,0,0,0.005138047311481916
aeeem_mylyn,hybrid,lightgbm,10,9,769,1,0,0.022067601850413145
aeeem_mylyn,hybrid,lightgbm,10,9,770,0,0,0.000767425273562669
aeeem_mylyn,hybrid,lightgbm,10,9,771,0,0,0.07163812692242733
aeeem_mylyn,hybrid,lightgbm,10,9,784,0,0,0.002840182804948915
aeeem_mylyn,hybrid,lightgbm,10,9,807,0,0,0.00042397254716833316
aeeem_mylyn,hybrid,lightgbm,10,9,816,0,0,0.00799713232939876
aeeem_mylyn,hybrid,lightgbm,10,9,871,1,1,0.7245629676341041
aeeem_mylyn,hybrid,lightgbm,10,9,872,0,1,0.6668355751948493
aeeem_mylyn,hybrid,lightgbm,10,9,882,0,0,0.009478059872480658
aeeem_mylyn,hybrid,lightgbm,10,9,901,0,0,0.0008729101700034834
aeeem_mylyn,hybrid,lightgbm,10,9,905,0,0,0.0020594669446162878
aeeem_mylyn,hybrid,lightgbm,10,9,918,0,1,0.8890295493842625
aeeem_mylyn,hybrid,lightgbm,10,9,925,0,0,0.0028250681956891533
aeeem_mylyn,hybrid,lightgbm,10,9,933,0,0,0.16067709731178842
aeeem_mylyn,hybrid,lightgbm,10,9,935,1,0,0.025457029402549947
aeeem_mylyn,hybrid,lightgbm,10,9,939,0,0,0.41978131809515956
aeeem_mylyn,hybrid,lightgbm,10,9,962,0,0,0.0015730679723057663
aeeem_mylyn,hybrid,lightgbm,10,9,973,1,0,0.23607824916241996
aeeem_mylyn,hybrid,lightgbm,10,9,981,0,0,0.01917604407983743
aeeem_mylyn,hybrid,lightgbm,10,9,985,1,0,0.28541758299464426
aeeem_mylyn,hybrid,lightgbm,10,9,989,0,1,0.8608622993364591
aeeem_mylyn,hybrid,lightgbm,10,9,994,0,0,0.2776063684853415
aeeem_mylyn,hybrid,lightgbm,10,9,996,0,0,0.0007984829399743753
aeeem_mylyn,hybrid,lightgbm,10,9,998,0,0,0.05953805654789122
aeeem_mylyn,hybrid,lightgbm,10,9,1013,0,0,0.0007812056295531197
aeeem_mylyn,hybrid,lightgbm,10,9,1017,0,0,0.1031622885134759
aeeem_mylyn,hybrid,lightgbm,10,9,1021,0,1,0.6326796882591664
aeeem_mylyn,hybrid,lightgbm,10,9,1025,0,0,0.056542188340605676
aeeem_mylyn,hybrid,lightgbm,10,9,1029,1,1,0.9354433633172421
aeeem_mylyn,hybrid,lightgbm,10,9,1035,0,0,0.0009342641145510101
aeeem_mylyn,hybrid,lightgbm,10,9,1042,0,0,0.005656953411539596
aeeem_mylyn,hybrid,lightgbm,10,9,1046,0,0,0.0008281178446278545
aeeem_mylyn,hybrid,lightgbm,10,9,1057,0,0,0.28860848497259534
aeeem_mylyn,hybrid,lightgbm,10,9,1058,0,0,0.008421675767065333
aeeem_mylyn,hybrid,lightgbm,10,9,1062,0,0,0.005068615750956536
aeeem_mylyn,hybrid,lightgbm,10,9,1064,0,0,0.0021213924591154598
aeeem_mylyn,hybrid,lightgbm,10,9,1079,0,0,0.08108038026678836
aeeem_mylyn,hybrid,lightgbm,10,9,1082,0,0,0.0071106588498351725
aeeem_mylyn,hybrid,lightgbm,10,9,1085,0,0,0.2628920884299963
aeeem_mylyn,hybrid,lightgbm,10,9,1101,0,0,0.0018632237175495393
aeeem_mylyn,hybrid,lightgbm,10,9,1123,0,0,0.000842649603941815
aeeem_mylyn,hybrid,lightgbm,10,9,1158,1,0,0.043808187013216905
aeeem_mylyn,hybrid,lightgbm,10,9,1162,0,0,0.03223738947054734
aeeem_mylyn,hybrid,lightgbm,10,9,1166,0,0,0.16400185101298975
aeeem_mylyn,hybrid,lightgbm,10,9,1167,0,1,0.7537104348136542
aeeem_mylyn,hybrid,lightgbm,10,9,1174,1,1,0.7532656384088847
aeeem_mylyn,hybrid,lightgbm,10,9,1184,0,0,0.029772117242031767
aeeem_mylyn,hybrid,lightgbm,10,9,1225,0,0,0.055490017789114915
aeeem_mylyn,hybrid,lightgbm,10,9,1229,0,0,0.031301454791778045
aeeem_mylyn,hybrid,lightgbm,10,9,1236,0,0,0.012250106707463656
aeeem_mylyn,hybrid,lightgbm,10,9,1248,0,0,0.0006486778818275584
aeeem_mylyn,hybrid,lightgbm,10,9,1298,0,0,0.0005257467496424367
aeeem_mylyn,hybrid,lightgbm,10,9,1312,0,0,0.019356429972063008
aeeem_mylyn,hybrid,lightgbm,10,9,1315,0,0,0.243537317484621
aeeem_mylyn,hybrid,lightgbm,10,9,1320,0,0,0.004856882772293254
aeeem_mylyn,hybrid,lightgbm,10,9,1338,0,0,0.15221960052987646
aeeem_mylyn,hybrid,lightgbm,10,9,1342,1,0,0.4739057677346187
aeeem_mylyn,hybrid,lightgbm,10,9,1343,0,1,0.5742619111679856
aeeem_mylyn,hybrid,lightgbm,10,9,1348,0,0,0.016015617239665637
aeeem_mylyn,hybrid,lightgbm,10,9,1358,0,0,0.0016499088038931606
aeeem_mylyn,hybrid,lightgbm,10,9,1383,0,1,0.5085393346995246
aeeem_mylyn,hybrid,lightgbm,10,9,1391,0,0,0.0016425808732956702
aeeem_mylyn,hybrid,lightgbm,10,9,1400,0,0,0.006886298697508246
aeeem_mylyn,hybrid,lightgbm,10,9,1442,1,0,0.036299348378414004
aeeem_mylyn,hybrid,lightgbm,10,9,1458,0,0,0.015042098385850676
aeeem_mylyn,hybrid,lightgbm,10,9,1467,0,0,0.01352849061033176
aeeem_mylyn,hybrid,lightgbm,10,9,1469,0,0,0.08979307080955927
aeeem_mylyn,hybrid,lightgbm,10,9,1470,0,0,0.2888683374921304
aeeem_mylyn,hybrid,lightgbm,10,9,1471,1,0,0.045721731201697396
aeeem_mylyn,hybrid,lightgbm,10,9,1485,0,0,0.0017931210633149392
aeeem_mylyn,hybrid,lightgbm,10,9,1487,0,0,0.04732619205539578
aeeem_mylyn,hybrid,lightgbm,10,9,1498,1,1,0.807514213405529
aeeem_mylyn,hybrid,lightgbm,10,9,1507,0,0,0.30650794627056344
aeeem_mylyn,hybrid,lightgbm,10,9,1512,0,0,0.057125625465025205
aeeem_mylyn,hybrid,lightgbm,10,9,1517,0,0,0.009126336176957316
aeeem_mylyn,hybrid,lightgbm,10,9,1518,0,0,0.0008728626688026674
aeeem_mylyn,hybrid,lightgbm,10,9,1525,0,0,0.007487836376098569
aeeem_mylyn,hybrid,lightgbm,10,9,1533,0,0,0.00768551631766625
aeeem_mylyn,hybrid,lightgbm,10,9,1546,0,0,0.0008423609423648749
aeeem_mylyn,hybrid,lightgbm,10,9,1549,0,0,0.004031374018029736
aeeem_mylyn,hybrid,lightgbm,10,9,1553,0,0,0.2897189424633993
aeeem_mylyn,hybrid,lightgbm,10,9,1555,0,0,0.000893201718109368
aeeem_mylyn,hybrid,lightgbm,10,9,1562,0,1,0.6760993266351082
aeeem_mylyn,hybrid,lightgbm,10,9,1564,0,0,0.006151219438350587
aeeem_mylyn,hybrid,lightgbm,10,9,1584,0,0,0.03169603689879851
aeeem_mylyn,hybrid,lightgbm,10,9,1587,0,0,0.0020639234812847647
aeeem_mylyn,hybrid,lightgbm,10,9,1610,0,0,0.0005682229016054238
aeeem_mylyn,hybrid,lightgbm,10,9,1619,0,0,0.0020761282285944073
aeeem_mylyn,hybrid,lightgbm,10,9,1620,0,0,0.0033639498131404887
aeeem_mylyn,hybrid,lightgbm,10,9,1621,0,1,0.7719426681924749
aeeem_mylyn,hybrid,lightgbm,10,9,1627,0,0,0.02433933266074276
aeeem_mylyn,hybrid,lightgbm,10,9,1629,1,1,0.551335527418586
aeeem_mylyn,hybrid,lightgbm,10,9,1632,1,1,0.815143825663295
aeeem_mylyn,hybrid,lightgbm,10,9,1634,0,0,0.0017990774379677246
aeeem_mylyn,hybrid,lightgbm,10,9,1638,0,0,0.001556184606818773
aeeem_mylyn,hybrid,lightgbm,10,9,1643,0,0,0.001924424082541425
aeeem_mylyn,hybrid,lightgbm,10,9,1644,0,0,0.009783145616144283
aeeem_mylyn,hybrid,lightgbm,10,9,1646,0,0,0.0033489329172297854
aeeem_mylyn,hybrid,lightgbm,10,9,1651,0,0,0.02495221666982149
aeeem_mylyn,hybrid,lightgbm,10,9,1652,0,1,0.8578593792430455
aeeem_mylyn,hybrid,lightgbm,10,9,1666,1,0,0.007445713486839113
aeeem_mylyn,hybrid,lightgbm,10,9,1674,0,0,0.1902150827676337
aeeem_mylyn,hybrid,lightgbm,10,9,1682,1,1,0.9803982715764096
aeeem_mylyn,hybrid,lightgbm,10,9,1700,1,0,0.12530196766787083
aeeem_mylyn,hybrid,lightgbm,10,9,1730,0,0,0.303343161195137
aeeem_mylyn,hybrid,lightgbm,10,9,1766,0,0,0.17992107472430485
aeeem_mylyn,hybrid,lightgbm,10,9,1769,0,0,0.00041411385690622016
aeeem_mylyn,hybrid,lightgbm,10,9,1775,0,0,0.008291114199718109
aeeem_mylyn,hybrid,lightgbm,10,9,1779,0,0,0.04217508719294207
aeeem_mylyn,hybrid,lightgbm,10,9,1781,0,0,0.006774655538018689
aeeem_mylyn,hybrid,lightgbm,10,9,1785,0,0,0.06266513516709456
aeeem_mylyn,hybrid,lightgbm,10,9,1794,0,0,0.0955846807790552
aeeem_mylyn,hybrid,lightgbm,10,9,1795,1,0,0.3616819659019792
aeeem_mylyn,hybrid,lightgbm,10,9,1824,0,0,0.14025301229399992
aeeem_mylyn,hybrid,lightgbm,10,9,1826,1,1,0.7921314783613342
aeeem_mylyn,hybrid,lightgbm,10,9,1836,0,0,0.009172684740510334
aeeem_mylyn,hybrid,lightgbm,10,9,1840,0,0,0.27712767418549966
aeeem_mylyn,hybrid,lightgbm,10,9,1845,0,0,0.009083388478354128
aeeem_mylyn,hybrid,lightgbm,10,10,6,0,0,0.00047030927853241835
aeeem_mylyn,hybrid,lightgbm,10,10,29,0,0,0.006332262181817776
aeeem_mylyn,hybrid,lightgbm,10,10,47,0,0,0.0022232988979283296
aeeem_mylyn,hybrid,lightgbm,10,10,59,0,0,0.08491116626700027
aeeem_mylyn,hybrid,lightgbm,10,10,63,1,0,0.2938306546072805
aeeem_mylyn,hybrid,lightgbm,10,10,74,0,1,0.5405472901959714
aeeem_mylyn,hybrid,lightgbm,10,10,110,0,0,0.001471790232726721
aeeem_mylyn,hybrid,lightgbm,10,10,112,0,0,0.0345122019538955
aeeem_mylyn,hybrid,lightgbm,10,10,131,0,0,0.00039718491658016113
aeeem_mylyn,hybrid,lightgbm,10,10,147,0,0,0.0020140773144926754
aeeem_mylyn,hybrid,lightgbm,10,10,161,0,0,0.11688224894377056
aeeem_mylyn,hybrid,lightgbm,10,10,180,0,0,0.015416740716954813
aeeem_mylyn,hybrid,lightgbm,10,10,184,0,1,0.549638289355032
aeeem_mylyn,hybrid,lightgbm,10,10,188,0,0,0.11127431488500826
aeeem_mylyn,hybrid,lightgbm,10,10,196,0,1,0.7473042326869549
aeeem_mylyn,hybrid,lightgbm,10,10,200,0,0,0.017099871319584112
aeeem_mylyn,hybrid,lightgbm,10,10,210,0,0,0.008224722067104959
aeeem_mylyn,hybrid,lightgbm,10,10,211,0,0,0.016727159404607415
aeeem_mylyn,hybrid,lightgbm,10,10,233,1,0,0.07742473772456644
aeeem_mylyn,hybrid,lightgbm,10,10,243,0,0,0.1923800127029491
aeeem_mylyn,hybrid,lightgbm,10,10,254,0,0,0.004808307676435471
aeeem_mylyn,hybrid,lightgbm,10,10,257,1,1,0.9695442725030171
aeeem_mylyn,hybrid,lightgbm,10,10,277,0,0,0.006893049826648156
aeeem_mylyn,hybrid,lightgbm,10,10,294,0,0,0.00031261297556493725
aeeem_mylyn,hybrid,lightgbm,10,10,301,0,0,0.0059491313776381715
aeeem_mylyn,hybrid,lightgbm,10,10,308,0,0,0.0021613271778994085
aeeem_mylyn,hybrid,lightgbm,10,10,327,0,0,0.01660428703925652
aeeem_mylyn,hybrid,lightgbm,10,10,348,0,0,0.0004231241460056477
aeeem_mylyn,hybrid,lightgbm,10,10,350,0,0,0.0038345910171216713
aeeem_mylyn,hybrid,lightgbm,10,10,360,0,0,0.05286171403951717
aeeem_mylyn,hybrid,lightgbm,10,10,368,0,0,0.004779208464254586
aeeem_mylyn,hybrid,lightgbm,10,10,372,0,0,0.0014512063304250966
aeeem_mylyn,hybrid,lightgbm,10,10,380,1,0,0.0720119408434319
aeeem_mylyn,hybrid,lightgbm,10,10,382,0,0,0.03561431420648339
aeeem_mylyn,hybrid,lightgbm,10,10,400,0,0,0.001397409993736855
aeeem_mylyn,hybrid,lightgbm,10,10,406,0,0,0.0049432669233329864
aeeem_mylyn,hybrid,lightgbm,10,10,414,0,0,0.003485235440962746
aeeem_mylyn,hybrid,lightgbm,10,10,422,0,0,0.008588123827720595
aeeem_mylyn,hybrid,lightgbm,10,10,426,0,0,0.0173953108578678
aeeem_mylyn,hybrid,lightgbm,10,10,434,0,0,0.015371294326424992
aeeem_mylyn,hybrid,lightgbm,10,10,443,0,0,0.10237556473197286
aeeem_mylyn,hybrid,lightgbm,10,10,458,0,0,0.005910014433039786
aeeem_mylyn,hybrid,lightgbm,10,10,463,0,0,0.018774900799067608
aeeem_mylyn,hybrid,lightgbm,10,10,465,1,1,0.595809311407182
aeeem_mylyn,hybrid,lightgbm,10,10,467,0,0,0.013137868145401809
aeeem_mylyn,hybrid,lightgbm,10,10,471,0,0,0.00017940114170404028
aeeem_mylyn,hybrid,lightgbm,10,10,482,0,0,0.22709512762728137
aeeem_mylyn,hybrid,lightgbm,10,10,483,0,0,0.20410324157591478
aeeem_mylyn,hybrid,lightgbm,10,10,489,0,0,0.011954732405874698
aeeem_mylyn,hybrid,lightgbm,10,10,493,0,0,0.005893743368532306
aeeem_mylyn,hybrid,lightgbm,10,10,516,1,1,0.9474610772505488
aeeem_mylyn,hybrid,lightgbm,10,10,521,1,0,0.34317318088636384
aeeem_mylyn,hybrid,lightgbm,10,10,527,1,0,0.09589117264406943
aeeem_mylyn,hybrid,lightgbm,10,10,553,0,1,0.7044588183495047
aeeem_mylyn,hybrid,lightgbm,10,10,568,0,0,0.0028018861747880703
aeeem_mylyn,hybrid,lightgbm,10,10,582,0,0,0.13025647217737293
aeeem_mylyn,hybrid,lightgbm,10,10,586,0,0,0.0010581757730419017
aeeem_mylyn,hybrid,lightgbm,10,10,598,0,0,0.012950160370874207
aeeem_mylyn,hybrid,lightgbm,10,10,613,0,0,0.05085361922774284
aeeem_mylyn,hybrid,lightgbm,10,10,624,0,0,0.0022438815834829946
aeeem_mylyn,hybrid,lightgbm,10,10,637,0,1,0.9823942542597687
aeeem_mylyn,hybrid,lightgbm,10,10,643,1,0,0.013543849341322797
aeeem_mylyn,hybrid,lightgbm,10,10,659,0,0,0.012536464922324077
aeeem_mylyn,hybrid,lightgbm,10,10,661,0,0,0.05635441331618792
aeeem_mylyn,hybrid,lightgbm,10,10,663,0,1,0.5223251781332163
aeeem_mylyn,hybrid,lightgbm,10,10,674,0,0,0.001106015469177653
aeeem_mylyn,hybrid,lightgbm,10,10,700,0,0,0.009361479503406716
aeeem_mylyn,hybrid,lightgbm,10,10,705,0,0,0.00583846442754899
aeeem_mylyn,hybrid,lightgbm,10,10,710,0,0,0.0011699490322090397
aeeem_mylyn,hybrid,lightgbm,10,10,715,0,0,0.0009384020933534735
aeeem_mylyn,hybrid,lightgbm,10,10,717,0,0,0.008621465103789815
aeeem_mylyn,hybrid,lightgbm,10,10,723,0,0,0.3045227447589172
aeeem_mylyn,hybrid,lightgbm,10,10,729,0,1,0.6969009990188286
aeeem_mylyn,hybrid,lightgbm,10,10,752,0,1,0.644371816564763
aeeem_mylyn,hybrid,lightgbm,10,10,762,0,0,0.00380942612188537
aeeem_mylyn,hybrid,lightgbm,10,10,787,0,0,0.005113130465053036
aeeem_mylyn,hybrid,lightgbm,10,10,795,0,0,0.4699398467072178
aeeem_mylyn,hybrid,lightgbm,10,10,797,0,0,0.10115958296991474
aeeem_mylyn,hybrid,lightgbm,10,10,800,0,0,0.013110516934477722
aeeem_mylyn,hybrid,lightgbm,10,10,811,1,1,0.8976502663061093
aeeem_mylyn,hybrid,lightgbm,10,10,841,0,0,0.0003301061688422148
aeeem_mylyn,hybrid,lightgbm,10,10,843,0,0,0.0005888903765863497
aeeem_mylyn,hybrid,lightgbm,10,10,844,1,0,0.49972896061586647
aeeem_mylyn,hybrid,lightgbm,10,10,848,0,0,0.061303097617125026
aeeem_mylyn,hybrid,lightgbm,10,10,851,0,0,0.0022426484976999787
aeeem_mylyn,hybrid,lightgbm,10,10,866,0,0,0.004453002068917878
aeeem_mylyn,hybrid,lightgbm,10,10,874,0,1,0.9120925178597207
aeeem_mylyn,hybrid,lightgbm,10,10,902,0,0,0.058073253187573344
aeeem_mylyn,hybrid,lightgbm,10,10,922,0,0,0.0010390556236913237
aeeem_mylyn,hybrid,lightgbm,10,10,950,0,0,0.1154744614034963
aeeem_mylyn,hybrid,lightgbm,10,10,972,0,0,0.000708597391603683
aeeem_mylyn,hybrid,lightgbm,10,10,978,0,0,0.000656383813776331
aeeem_mylyn,hybrid,lightgbm,10,10,990,0,1,0.5176331365646436
aeeem_mylyn,hybrid,lightgbm,10,10,992,0,0,0.0003944564174667955
aeeem_mylyn,hybrid,lightgbm,10,10,1007,0,0,0.000720240865555503
aeeem_mylyn,hybrid,lightgbm,10,10,1031,1,0,0.23334834665147025
aeeem_mylyn,hybrid,lightgbm,10,10,1045,0,0,0.0004250252866838046
aeeem_mylyn,hybrid,lightgbm,10,10,1076,0,0,0.0007450028920938527
aeeem_mylyn,hybrid,lightgbm,10,10,1084,0,0,0.0006091299271298406
aeeem_mylyn,hybrid,lightgbm,10,10,1106,0,0,0.3437127366350798
aeeem_mylyn,hybrid,lightgbm,10,10,1107,1,0,0.17653714845957144
aeeem_mylyn,hybrid,lightgbm,10,10,1114,0,0,0.018122444802497632
aeeem_mylyn,hybrid,lightgbm,10,10,1119,0,0,0.005541019843887539
aeeem_mylyn,hybrid,lightgbm,10,10,1121,0,0,0.04580487523706908
aeeem_mylyn,hybrid,lightgbm,10,10,1125,0,0,0.0005016906655111147
aeeem_mylyn,hybrid,lightgbm,10,10,1129,1,0,0.17806441436734444
aeeem_mylyn,hybrid,lightgbm,10,10,1157,0,1,0.921595593059971
aeeem_mylyn,hybrid,lightgbm,10,10,1173,0,1,0.7824628104319851
aeeem_mylyn,hybrid,lightgbm,10,10,1177,0,0,0.0015107870946464747
aeeem_mylyn,hybrid,lightgbm,10,10,1181,0,0,0.3871202308774893
aeeem_mylyn,hybrid,lightgbm,10,10,1191,0,0,0.060121566687596384
aeeem_mylyn,hybrid,lightgbm,10,10,1200,0,0,0.3602837063178833
aeeem_mylyn,hybrid,lightgbm,10,10,1205,0,0,0.02023253382114991
aeeem_mylyn,hybrid,lightgbm,10,10,1206,1,1,0.8792233790045679
aeeem_mylyn,hybrid,lightgbm,10,10,1211,0,0,0.03114880743486015
aeeem_mylyn,hybrid,lightgbm,10,10,1219,1,0,0.07088410609197682
aeeem_mylyn,hybrid,lightgbm,10,10,1249,0,0,0.0005239088632612331
aeeem_mylyn,hybrid,lightgbm,10,10,1255,0,1,0.8792233790045679
aeeem_mylyn,hybrid,lightgbm,10,10,1260,0,0,0.006855856002855628
aeeem_mylyn,hybrid,lightgbm,10,10,1269,1,1,0.9146836832894609
aeeem_mylyn,hybrid,lightgbm,10,10,1272,0,0,0.0026832779288606026
aeeem_mylyn,hybrid,lightgbm,10,10,1280,0,0,0.005047545353779375
aeeem_mylyn,hybrid,lightgbm,10,10,1284,0,0,0.00485240694933544
aeeem_mylyn,hybrid,lightgbm,10,10,1290,0,0,0.004146447978637859
aeeem_mylyn,hybrid,lightgbm,10,10,1299,0,0,0.006081755166134211
aeeem_mylyn,hybrid,lightgbm,10,10,1307,0,0,0.05558886274513283
aeeem_mylyn,hybrid,lightgbm,10,10,1316,0,0,0.007332274155115444
aeeem_mylyn,hybrid,lightgbm,10,10,1326,0,0,0.17304162062438935
aeeem_mylyn,hybrid,lightgbm,10,10,1329,0,0,0.0029087580517832244
aeeem_mylyn,hybrid,lightgbm,10,10,1331,1,1,0.7571919124924857
aeeem_mylyn,hybrid,lightgbm,10,10,1344,0,0,0.1608374403216949
aeeem_mylyn,hybrid,lightgbm,10,10,1370,0,0,0.019535249376940077
aeeem_mylyn,hybrid,lightgbm,10,10,1388,0,0,0.05794123377466721
aeeem_mylyn,hybrid,lightgbm,10,10,1394,0,0,0.0293500239784471
aeeem_mylyn,hybrid,lightgbm,10,10,1412,1,0,0.006826772607031084
aeeem_mylyn,hybrid,lightgbm,10,10,1428,0,0,0.0018309897938555983
aeeem_mylyn,hybrid,lightgbm,10,10,1447,0,0,0.005674723879036306
aeeem_mylyn,hybrid,lightgbm,10,10,1450,0,0,0.005561640231149243
aeeem_mylyn,hybrid,lightgbm,10,10,1453,0,0,0.006427126354964811
aeeem_mylyn,hybrid,lightgbm,10,10,1457,0,0,0.22079056203828842
aeeem_mylyn,hybrid,lightgbm,10,10,1481,0,0,0.0005121147589734941
aeeem_mylyn,hybrid,lightgbm,10,10,1491,0,0,0.010697119844805588
aeeem_mylyn,hybrid,lightgbm,10,10,1500,0,0,0.0008729688435882632
aeeem_mylyn,hybrid,lightgbm,10,10,1508,0,0,0.02574025104742069
aeeem_mylyn,hybrid,lightgbm,10,10,1510,0,0,0.038336999586672874
aeeem_mylyn,hybrid,lightgbm,10,10,1519,0,0,0.0011532160286245917
aeeem_mylyn,hybrid,lightgbm,10,10,1529,0,0,0.004355301476063616
aeeem_mylyn,hybrid,lightgbm,10,10,1536,0,0,0.24241201796898
aeeem_mylyn,hybrid,lightgbm,10,10,1541,0,0,0.0006219341430271288
aeeem_mylyn,hybrid,lightgbm,10,10,1544,0,0,0.0004897807876927702
aeeem_mylyn,hybrid,lightgbm,10,10,1558,0,0,0.3328871789519998
aeeem_mylyn,hybrid,lightgbm,10,10,1561,1,0,0.2470592990598654
aeeem_mylyn,hybrid,lightgbm,10,10,1569,0,0,0.004741971755866932
aeeem_mylyn,hybrid,lightgbm,10,10,1570,0,0,0.021389878540666322
aeeem_mylyn,hybrid,lightgbm,10,10,1575,0,0,0.0017291778924594927
aeeem_mylyn,hybrid,lightgbm,10,10,1579,0,0,0.0007087226644809475
aeeem_mylyn,hybrid,lightgbm,10,10,1582,0,0,0.005793003117098963
aeeem_mylyn,hybrid,lightgbm,10,10,1599,0,0,0.014648960300995951
aeeem_mylyn,hybrid,lightgbm,10,10,1606,0,0,0.4097546524270424
aeeem_mylyn,hybrid,lightgbm,10,10,1607,0,0,0.1018804594095088
aeeem_mylyn,hybrid,lightgbm,10,10,1617,0,0,0.007408594764145445
aeeem_mylyn,hybrid,lightgbm,10,10,1623,0,0,0.15683889941930684
aeeem_mylyn,hybrid,lightgbm,10,10,1631,0,1,0.9159179375992956
aeeem_mylyn,hybrid,lightgbm,10,10,1648,0,0,0.0016381868914081953
aeeem_mylyn,hybrid,lightgbm,10,10,1653,0,0,0.008397443116765282
aeeem_mylyn,hybrid,lightgbm,10,10,1654,0,0,0.061303097617125026
aeeem_mylyn,hybrid,lightgbm,10,10,1673,0,0,0.0007856981001294389
aeeem_mylyn,hybrid,lightgbm,10,10,1675,1,0,0.07549822675933883
aeeem_mylyn,hybrid,lightgbm,10,10,1694,0,0,0.0006122028442538999
aeeem_mylyn,hybrid,lightgbm,10,10,1714,1,1,0.6369036013148225
aeeem_mylyn,hybrid,lightgbm,10,10,1727,0,0,0.17249240219268905
aeeem_mylyn,hybrid,lightgbm,10,10,1750,0,0,0.2886699121165509
aeeem_mylyn,hybrid,lightgbm,10,10,1752,0,0,0.05383965218873196
aeeem_mylyn,hybrid,lightgbm,10,10,1763,0,0,0.0059491313776381715
aeeem_mylyn,hybrid,lightgbm,10,10,1777,0,0,0.001329458647126959
aeeem_mylyn,hybrid,lightgbm,10,10,1778,0,0,0.001955466876184807
aeeem_mylyn,hybrid,lightgbm,10,10,1801,0,0,0.05198192501339787
aeeem_mylyn,hybrid,lightgbm,10,10,1803,0,0,0.0005238549763979121
aeeem_mylyn,hybrid,lightgbm,10,10,1806,1,1,0.7774538743724542
aeeem_mylyn,hybrid,lightgbm,10,10,1809,0,0,0.05734056240719237
aeeem_mylyn,hybrid,lightgbm,10,10,1815,0,0,0.0006720344434236699
aeeem_mylyn,hybrid,lightgbm,10,10,1834,1,0,0.07554749223716768
aeeem_mylyn,hybrid,lightgbm,10,10,1837,0,0,0.013006172811356844
aeeem_mylyn,hybrid,lightgbm,10,10,1841,1,0,0.10433510267147876
aeeem_mylyn,hybrid,lightgbm,10,10,1847,0,0,0.0009449161496368084
aeeem_mylyn,hybrid,lightgbm,10,10,1860,0,1,0.7796078607561643
