dataset,feature_set,model,cv_folds,fold,row_index,y_true,y_pred,y_score
aeeem_mylyn,hybrid,lightgbm,5,1,0,0,0,0.01839036907897237
aeeem_mylyn,hybrid,lightgbm,5,1,9,0,0,0.0010379256522913976
aeeem_mylyn,hybrid,lightgbm,5,1,13,0,0,0.0035092211470780866
aeeem_mylyn,hybrid,lightgbm,5,1,17,0,0,0.26006855778270255
aeeem_mylyn,hybrid,lightgbm,5,1,19,0,0,0.001662676123004416
aeeem_mylyn,hybrid,lightgbm,5,1,20,0,0,0.0002715627350046729
aeeem_mylyn,hybrid,lightgbm,5,1,21,0,0,0.09404728725432676
aeeem_mylyn,hybrid,lightgbm,5,1,22,0,0,0.4487379298230764
aeeem_mylyn,hybrid,lightgbm,5,1,28,0,0,0.001162030360223363
aeeem_mylyn,hybrid,lightgbm,5,1,32,0,0,0.0032210545631272684
aeeem_mylyn,hybrid,lightgbm,5,1,35,0,0,0.07721892756787899
aeeem_mylyn,hybrid,lightgbm,5,1,36,0,0,0.23417942692512217
aeeem_mylyn,hybrid,lightgbm,5,1,51,1,0,0.49246598491156524
aeeem_mylyn,hybrid,lightgbm,5,1,52,0,0,0.04103713862964299
aeeem_mylyn,hybrid,lightgbm,5,1,53,0,0,0.0007563273543533831
aeeem_mylyn,hybrid,lightgbm,5,1,54,0,0,0.0190926312990027
aeeem_mylyn,hybrid,lightgbm,5,1,62,0,0,0.06531699870359758
aeeem_mylyn,hybrid,lightgbm,5,1,69,0,0,0.0005076620096423672
aeeem_mylyn,hybrid,lightgbm,5,1,76,0,0,0.0013059557214622282
aeeem_mylyn,hybrid,lightgbm,5,1,78,0,0,0.004902992769581142
aeeem_mylyn,hybrid,lightgbm,5,1,81,0,0,0.010428817101223923
aeeem_mylyn,hybrid,lightgbm,5,1,90,0,0,0.12982663573985523
aeeem_mylyn,hybrid,lightgbm,5,1,91,0,0,0.4443230206454295
aeeem_mylyn,hybrid,lightgbm,5,1,94,0,0,0.06310338410949992
aeeem_mylyn,hybrid,lightgbm,5,1,107,0,1,0.875666557593468
aeeem_mylyn,hybrid,lightgbm,5,1,114,1,0,0.06340256093933036
aeeem_mylyn,hybrid,lightgbm,5,1,116,0,0,0.0021063472530655604
aeeem_mylyn,hybrid,lightgbm,5,1,129,1,1,0.6919029995557301
aeeem_mylyn,hybrid,lightgbm,5,1,134,1,1,0.875666557593468
aeeem_mylyn,hybrid,lightgbm,5,1,140,0,0,0.0029658596571743396
aeeem_mylyn,hybrid,lightgbm,5,1,141,0,0,0.03475294499341712
aeeem_mylyn,hybrid,lightgbm,5,1,144,0,0,0.009387501831871679
aeeem_mylyn,hybrid,lightgbm,5,1,151,0,1,0.7479416001557859
aeeem_mylyn,hybrid,lightgbm,5,1,152,0,0,0.01365876430009251
aeeem_mylyn,hybrid,lightgbm,5,1,153,0,0,0.04508992011520974
aeeem_mylyn,hybrid,lightgbm,5,1,154,0,0,0.2314836962718609
aeeem_mylyn,hybrid,lightgbm,5,1,160,0,0,0.0003766155856112564
aeeem_mylyn,hybrid,lightgbm,5,1,162,0,0,0.001078155202339221
aeeem_mylyn,hybrid,lightgbm,5,1,167,0,0,0.0006133091184983014
aeeem_mylyn,hybrid,lightgbm,5,1,170,0,0,0.005779596626431344
aeeem_mylyn,hybrid,lightgbm,5,1,174,0,0,0.013717402003185844
aeeem_mylyn,hybrid,lightgbm,5,1,176,0,1,0.7057801951825954
aeeem_mylyn,hybrid,lightgbm,5,1,186,1,0,0.0065328879071178915
aeeem_mylyn,hybrid,lightgbm,5,1,187,0,0,0.0021094327323581056
aeeem_mylyn,hybrid,lightgbm,5,1,201,0,0,0.0006320946105696072
aeeem_mylyn,hybrid,lightgbm,5,1,219,0,0,0.0005904818171230714
aeeem_mylyn,hybrid,lightgbm,5,1,223,0,0,0.005491996692920077
aeeem_mylyn,hybrid,lightgbm,5,1,225,0,0,0.056814176898847914
aeeem_mylyn,hybrid,lightgbm,5,1,228,0,0,0.003720953596270627
aeeem_mylyn,hybrid,lightgbm,5,1,235,0,0,0.015098583176049214
aeeem_mylyn,hybrid,lightgbm,5,1,241,0,0,0.0009166023580910275
aeeem_mylyn,hybrid,lightgbm,5,1,245,0,0,0.011039352535948632
aeeem_mylyn,hybrid,lightgbm,5,1,247,1,1,0.8772745342241536
aeeem_mylyn,hybrid,lightgbm,5,1,251,0,0,0.0022355334324851623
aeeem_mylyn,hybrid,lightgbm,5,1,252,1,1,0.9161136512480386
aeeem_mylyn,hybrid,lightgbm,5,1,261,1,1,0.7301941012036292
aeeem_mylyn,hybrid,lightgbm,5,1,262,0,0,0.0006070393478952737
aeeem_mylyn,hybrid,lightgbm,5,1,263,0,0,0.16116981396006125
aeeem_mylyn,hybrid,lightgbm,5,1,266,1,0,0.018504423465659572
aeeem_mylyn,hybrid,lightgbm,5,1,279,0,0,0.02568469836267518
aeeem_mylyn,hybrid,lightgbm,5,1,283,0,0,0.004468080815147581
aeeem_mylyn,hybrid,lightgbm,5,1,295,0,0,0.0015125725627305852
aeeem_mylyn,hybrid,lightgbm,5,1,296,0,0,0.009356281468608292
aeeem_mylyn,hybrid,lightgbm,5,1,297,0,0,0.06486759053601769
aeeem_mylyn,hybrid,lightgbm,5,1,298,0,0,0.027718176186782673
aeeem_mylyn,hybrid,lightgbm,5,1,300,0,0,0.014514990100029409
aeeem_mylyn,hybrid,lightgbm,5,1,302,0,0,0.0006544063584449718
aeeem_mylyn,hybrid,lightgbm,5,1,311,0,0,0.005459474728085425
aeeem_mylyn,hybrid,lightgbm,5,1,335,0,0,0.0005263614449398841
aeeem_mylyn,hybrid,lightgbm,5,1,341,0,0,0.023929471423492006
aeeem_mylyn,hybrid,lightgbm,5,1,343,1,0,0.13044601116267665
aeeem_mylyn,hybrid,lightgbm,5,1,345,0,0,0.1973376762098149
aeeem_mylyn,hybrid,lightgbm,5,1,351,0,0,0.0004904136418497634
aeeem_mylyn,hybrid,lightgbm,5,1,352,0,0,0.0005689367066565582
aeeem_mylyn,hybrid,lightgbm,5,1,354,0,0,0.002985021294568582
aeeem_mylyn,hybrid,lightgbm,5,1,365,0,1,0.9966747072886722
aeeem_mylyn,hybrid,lightgbm,5,1,367,0,0,0.03480873729748113
aeeem_mylyn,hybrid,lightgbm,5,1,375,1,1,0.8310605494304618
aeeem_mylyn,hybrid,lightgbm,5,1,393,0,0,0.0021333662494090596
aeeem_mylyn,hybrid,lightgbm,5,1,397,0,0,0.0010094292840919176
aeeem_mylyn,hybrid,lightgbm,5,1,403,0,0,0.0024796683886022077
aeeem_mylyn,hybrid,lightgbm,5,1,407,0,0,0.2574649218480481
aeeem_mylyn,hybrid,lightgbm,5,1,421,0,0,0.0034607574353551582
aeeem_mylyn,hybrid,lightgbm,5,1,423,1,0,0.011513831744942055
aeeem_mylyn,hybrid,lightgbm,5,1,427,0,0,0.15849499818838644
aeeem_mylyn,hybrid,lightgbm,5,1,429,0,0,0.0013270462205662878
aeeem_mylyn,hybrid,lightgbm,5,1,432,0,0,0.0020318462576697648
aeeem_mylyn,hybrid,lightgbm,5,1,438,0,0,0.013257254003151883
aeeem_mylyn,hybrid,lightgbm,5,1,441,1,0,0.1258117883304019
aeeem_mylyn,hybrid,lightgbm,5,1,448,0,0,0.0013984987399546407
aeeem_mylyn,hybrid,lightgbm,5,1,469,1,1,0.5887073096316503
aeeem_mylyn,hybrid,lightgbm,5,1,474,0,0,0.002280241687766825
aeeem_mylyn,hybrid,lightgbm,5,1,476,0,0,0.013406609777659327
aeeem_mylyn,hybrid,lightgbm,5,1,486,1,1,0.763733346765758
aeeem_mylyn,hybrid,lightgbm,5,1,487,0,0,0.008621669841420002
aeeem_mylyn,hybrid,lightgbm,5,1,491,0,0,0.00045088072671504986
aeeem_mylyn,hybrid,lightgbm,5,1,492,0,0,0.0073231068855837385
aeeem_mylyn,hybrid,lightgbm,5,1,496,0,0,0.01749396207792279
aeeem_mylyn,hybrid,lightgbm,5,1,505,0,1,0.875666557593468
aeeem_mylyn,hybrid,lightgbm,5,1,506,0,0,0.010247210502022711
aeeem_mylyn,hybrid,lightgbm,5,1,509,0,0,0.0072972096517529795
aeeem_mylyn,hybrid,lightgbm,5,1,515,0,1,0.6056333940475602
aeeem_mylyn,hybrid,lightgbm,5,1,520,0,0,0.109880569453763
aeeem_mylyn,hybrid,lightgbm,5,1,526,0,0,0.061782312827522175
aeeem_mylyn,hybrid,lightgbm,5,1,530,0,1,0.541968211339003
aeeem_mylyn,hybrid,lightgbm,5,1,534,0,0,0.0006154036152350408
aeeem_mylyn,hybrid,lightgbm,5,1,542,0,0,0.009728889795689139
aeeem_mylyn,hybrid,lightgbm,5,1,548,0,0,0.0032996942935725427
aeeem_mylyn,hybrid,lightgbm,5,1,551,0,0,0.40171440832480204
aeeem_mylyn,hybrid,lightgbm,5,1,555,0,0,0.0011469569919058567
aeeem_mylyn,hybrid,lightgbm,5,1,560,0,0,0.04064117244688667
aeeem_mylyn,hybrid,lightgbm,5,1,570,0,0,0.039079612429252196
aeeem_mylyn,hybrid,lightgbm,5,1,593,0,0,0.0009670362221539252
aeeem_mylyn,hybrid,lightgbm,5,1,595,1,1,0.9752582438649956
aeeem_mylyn,hybrid,lightgbm,5,1,596,0,0,0.004587057938238504
aeeem_mylyn,hybrid,lightgbm,5,1,599,1,0,0.028019631754794595
aeeem_mylyn,hybrid,lightgbm,5,1,603,0,0,0.019853432734435947
aeeem_mylyn,hybrid,lightgbm,5,1,608,0,0,0.0010326752271077283
aeeem_mylyn,hybrid,lightgbm,5,1,614,0,0,0.09966657144373985
aeeem_mylyn,hybrid,lightgbm,5,1,622,0,1,0.8250003140207394
aeeem_mylyn,hybrid,lightgbm,5,1,628,0,0,0.08714824857722918
aeeem_mylyn,hybrid,lightgbm,5,1,629,0,0,0.008467108534235147
aeeem_mylyn,hybrid,lightgbm,5,1,640,0,0,0.11119580360529471
aeeem_mylyn,hybrid,lightgbm,5,1,642,0,0,0.057199451247691324
aeeem_mylyn,hybrid,lightgbm,5,1,644,0,0,0.0002990940215090096
aeeem_mylyn,hybrid,lightgbm,5,1,647,0,0,0.018429267408778524
aeeem_mylyn,hybrid,lightgbm,5,1,648,0,0,0.0023804335058540717
aeeem_mylyn,hybrid,lightgbm,5,1,652,1,0,0.005684708535540622
aeeem_mylyn,hybrid,lightgbm,5,1,658,0,0,0.0036569444509168044
aeeem_mylyn,hybrid,lightgbm,5,1,662,0,0,0.042185022895733726
aeeem_mylyn,hybrid,lightgbm,5,1,666,0,1,0.7341962910064913
aeeem_mylyn,hybrid,lightgbm,5,1,670,0,0,0.0018604539389907087
aeeem_mylyn,hybrid,lightgbm,5,1,679,0,0,0.004490973242050217
aeeem_mylyn,hybrid,lightgbm,5,1,689,1,1,0.974849774314232
aeeem_mylyn,hybrid,lightgbm,5,1,694,0,0,0.005792697429356245
aeeem_mylyn,hybrid,lightgbm,5,1,698,0,0,0.2754991511098945
aeeem_mylyn,hybrid,lightgbm,5,1,699,0,0,0.0016677194324829824
aeeem_mylyn,hybrid,lightgbm,5,1,701,0,0,0.03246576119744916
aeeem_mylyn,hybrid,lightgbm,5,1,706,1,1,0.9071802895237082
aeeem_mylyn,hybrid,lightgbm,5,1,708,0,0,0.010901129927191585
aeeem_mylyn,hybrid,lightgbm,5,1,709,0,0,0.1631876060549263
aeeem_mylyn,hybrid,lightgbm,5,1,734,0,0,0.17950903077858502
aeeem_mylyn,hybrid,lightgbm,5,1,737,0,0,0.011122378814581956
aeeem_mylyn,hybrid,lightgbm,5,1,738,0,0,0.30220120000151096
aeeem_mylyn,hybrid,lightgbm,5,1,739,0,1,0.6242094804886125
aeeem_mylyn,hybrid,lightgbm,5,1,740,0,0,0.004370102652133333
aeeem_mylyn,hybrid,lightgbm,5,1,744,0,0,0.15139581329171928
aeeem_mylyn,hybrid,lightgbm,5,1,750,0,0,0.2924279928798327
aeeem_mylyn,hybrid,lightgbm,5,1,753,0,0,0.05299593530315328
aeeem_mylyn,hybrid,lightgbm,5,1,758,0,0,0.18682068537850835
aeeem_mylyn,hybrid,lightgbm,5,1,763,0,0,0.005035680521029356
aeeem_mylyn,hybrid,lightgbm,5,1,766,1,0,0.014581106061392327
aeeem_mylyn,hybrid,lightgbm,5,1,772,0,0,0.00251156634846306
aeeem_mylyn,hybrid,lightgbm,5,1,775,0,1,0.8554345164868725
aeeem_mylyn,hybrid,lightgbm,5,1,776,0,0,0.015895640012435173
aeeem_mylyn,hybrid,lightgbm,5,1,777,0,0,0.002090146424346825
aeeem_mylyn,hybrid,lightgbm,5,1,780,0,1,0.7141675774686295
aeeem_mylyn,hybrid,lightgbm,5,1,782,0,0,0.0002564645333600307
aeeem_mylyn,hybrid,lightgbm,5,1,783,0,0,0.0002990940215090096
aeeem_mylyn,hybrid,lightgbm,5,1,802,0,0,0.010010741238421555
aeeem_mylyn,hybrid,lightgbm,5,1,804,0,0,0.0003845165941584992
aeeem_mylyn,hybrid,lightgbm,5,1,818,0,0,0.0002652874391425243
aeeem_mylyn,hybrid,lightgbm,5,1,826,0,0,0.10901141592119254
aeeem_mylyn,hybrid,lightgbm,5,1,829,0,0,0.40608135314141686
aeeem_mylyn,hybrid,lightgbm,5,1,831,0,0,0.01615930845244106
aeeem_mylyn,hybrid,lightgbm,5,1,840,0,0,0.0038362264428402327
aeeem_mylyn,hybrid,lightgbm,5,1,842,0,0,0.007481564569747375
aeeem_mylyn,hybrid,lightgbm,5,1,854,0,0,0.3523870513892413
aeeem_mylyn,hybrid,lightgbm,5,1,856,1,0,0.4204929747850928
aeeem_mylyn,hybrid,lightgbm,5,1,859,0,0,0.004917715623874252
aeeem_mylyn,hybrid,lightgbm,5,1,860,0,0,0.11699836701677582
aeeem_mylyn,hybrid,lightgbm,5,1,861,0,0,0.0952314251563793
aeeem_mylyn,hybrid,lightgbm,5,1,867,0,0,0.018117304514522384
aeeem_mylyn,hybrid,lightgbm,5,1,870,0,0,0.004235058603930032
aeeem_mylyn,hybrid,lightgbm,5,1,877,1,0,0.01940335479008949
aeeem_mylyn,hybrid,lightgbm,5,1,885,0,0,0.0013264785415701011
aeeem_mylyn,hybrid,lightgbm,5,1,886,0,0,0.0009294924928256148
aeeem_mylyn,hybrid,lightgbm,5,1,889,0,0,0.09250721820876082
aeeem_mylyn,hybrid,lightgbm,5,1,890,0,0,0.09176361173890712
aeeem_mylyn,hybrid,lightgbm,5,1,892,0,0,0.0027147333998798094
aeeem_mylyn,hybrid,lightgbm,5,1,894,1,0,0.058589484617575543
aeeem_mylyn,hybrid,lightgbm,5,1,895,0,0,0.018307582648884678
aeeem_mylyn,hybrid,lightgbm,5,1,896,0,0,0.0033736153556844506
aeeem_mylyn,hybrid,lightgbm,5,1,900,0,1,0.6036973068616457
aeeem_mylyn,hybrid,lightgbm,5,1,904,0,0,0.017497344672111868
aeeem_mylyn,hybrid,lightgbm,5,1,914,1,1,0.6150190076104491
aeeem_mylyn,hybrid,lightgbm,5,1,921,0,0,0.008525900575462696
aeeem_mylyn,hybrid,lightgbm,5,1,923,0,0,0.029882525464219153
aeeem_mylyn,hybrid,lightgbm,5,1,926,0,0,0.002028924105666222
aeeem_mylyn,hybrid,lightgbm,5,1,927,0,1,0.5489934276438218
aeeem_mylyn,hybrid,lightgbm,5,1,934,0,1,0.5648288802330799
aeeem_mylyn,hybrid,lightgbm,5,1,938,0,0,0.04887944817141523
aeeem_mylyn,hybrid,lightgbm,5,1,940,0,0,0.0008153752032451466
aeeem_mylyn,hybrid,lightgbm,5,1,942,0,0,0.015808135260050357
aeeem_mylyn,hybrid,lightgbm,5,1,943,0,0,0.0018448488385136618
aeeem_mylyn,hybrid,lightgbm,5,1,945,0,0,0.0024884765836117725
aeeem_mylyn,hybrid,lightgbm,5,1,948,0,0,0.013022284707792327
aeeem_mylyn,hybrid,lightgbm,5,1,957,0,0,0.019912194974634524
aeeem_mylyn,hybrid,lightgbm,5,1,958,0,0,0.0009319899588972282
aeeem_mylyn,hybrid,lightgbm,5,1,960,0,0,0.028640933547567807
aeeem_mylyn,hybrid,lightgbm,5,1,961,0,0,0.004142069140640772
aeeem_mylyn,hybrid,lightgbm,5,1,963,0,0,0.016850522602343446
aeeem_mylyn,hybrid,lightgbm,5,1,968,0,0,0.10314292245695401
aeeem_mylyn,hybrid,lightgbm,5,1,969,0,0,0.030361132341657965
aeeem_mylyn,hybrid,lightgbm,5,1,970,0,0,0.010680544635672879
aeeem_mylyn,hybrid,lightgbm,5,1,976,0,0,0.17133246763542243
aeeem_mylyn,hybrid,lightgbm,5,1,986,0,0,0.1096177165716091
aeeem_mylyn,hybrid,lightgbm,5,1,988,0,0,0.12918745116421526
aeeem_mylyn,hybrid,lightgbm,5,1,993,0,0,0.015922311542224583
aeeem_mylyn,hybrid,lightgbm,5,1,1006,0,0,0.036711648416438564
aeeem_mylyn,hybrid,lightgbm,5,1,1008,0,0,0.02961990605932014
aeeem_mylyn,hybrid,lightgbm,5,1,1009,0,0,0.001228147649728414
aeeem_mylyn,hybrid,lightgbm,5,1,1011,0,0,0.015753868491527163
aeeem_mylyn,hybrid,lightgbm,5,1,1012,1,1,0.9247408583292088
aeeem_mylyn,hybrid,lightgbm,5,1,1016,0,0,0.09601504141496982
aeeem_mylyn,hybrid,lightgbm,5,1,1019,0,0,0.0010767702552413883
aeeem_mylyn,hybrid,lightgbm,5,1,1020,0,0,0.02963194875481435
aeeem_mylyn,hybrid,lightgbm,5,1,1022,0,1,0.9279175328431938
aeeem_mylyn,hybrid,lightgbm,5,1,1034,0,0,0.0002965288603858449
aeeem_mylyn,hybrid,lightgbm,5,1,1037,0,0,0.0061149735891842015
aeeem_mylyn,hybrid,lightgbm,5,1,1038,0,0,0.39913395369383586
aeeem_mylyn,hybrid,lightgbm,5,1,1040,0,0,0.00207228968604497
aeeem_mylyn,hybrid,lightgbm,5,1,1060,0,0,0.1969471734568704
aeeem_mylyn,hybrid,lightgbm,5,1,1068,0,0,0.0012348392438692854
aeeem_mylyn,hybrid,lightgbm,5,1,1069,0,0,0.2221389883757414
aeeem_mylyn,hybrid,lightgbm,5,1,1073,0,0,0.002964065438921425
aeeem_mylyn,hybrid,lightgbm,5,1,1074,0,0,0.0009672630525907959
aeeem_mylyn,hybrid,lightgbm,5,1,1075,0,0,0.020604681590535266
aeeem_mylyn,hybrid,lightgbm,5,1,1077,1,1,0.7304851178953001
aeeem_mylyn,hybrid,lightgbm,5,1,1080,0,0,0.000728288037032341
aeeem_mylyn,hybrid,lightgbm,5,1,1083,0,0,0.03765162710825136
aeeem_mylyn,hybrid,lightgbm,5,1,1087,0,0,0.0009696622405827654
aeeem_mylyn,hybrid,lightgbm,5,1,1092,0,0,0.003523346142313862
aeeem_mylyn,hybrid,lightgbm,5,1,1108,0,0,0.10981751757072603
aeeem_mylyn,hybrid,lightgbm,5,1,1118,0,0,0.004110772777764225
aeeem_mylyn,hybrid,lightgbm,5,1,1126,0,0,0.007436972546151204
aeeem_mylyn,hybrid,lightgbm,5,1,1145,0,0,0.004048393997621122
aeeem_mylyn,hybrid,lightgbm,5,1,1152,0,0,0.003984141773614576
aeeem_mylyn,hybrid,lightgbm,5,1,1155,0,0,0.287264097826051
aeeem_mylyn,hybrid,lightgbm,5,1,1163,0,0,0.0023318625711429256
aeeem_mylyn,hybrid,lightgbm,5,1,1165,0,0,0.00028087542119666753
aeeem_mylyn,hybrid,lightgbm,5,1,1168,0,0,0.001772729800047521
aeeem_mylyn,hybrid,lightgbm,5,1,1170,0,0,0.013767601542222428
aeeem_mylyn,hybrid,lightgbm,5,1,1171,0,0,0.04783420340375592
aeeem_mylyn,hybrid,lightgbm,5,1,1178,0,0,0.02694395612468417
aeeem_mylyn,hybrid,lightgbm,5,1,1179,0,0,0.011831483064096636
aeeem_mylyn,hybrid,lightgbm,5,1,1185,1,0,0.28186793862196685
aeeem_mylyn,hybrid,lightgbm,5,1,1195,0,0,0.001358193320348447
aeeem_mylyn,hybrid,lightgbm,5,1,1196,0,1,0.6141209825168641
aeeem_mylyn,hybrid,lightgbm,5,1,1199,0,0,0.002188200005354896
aeeem_mylyn,hybrid,lightgbm,5,1,1209,0,0,0.405867204273202
aeeem_mylyn,hybrid,lightgbm,5,1,1213,0,0,0.005512862223216034
aeeem_mylyn,hybrid,lightgbm,5,1,1222,0,0,0.00332810536750454
aeeem_mylyn,hybrid,lightgbm,5,1,1228,0,0,0.0040460965843753536
aeeem_mylyn,hybrid,lightgbm,5,1,1241,0,0,0.0012028110925482668
aeeem_mylyn,hybrid,lightgbm,5,1,1242,0,0,0.012704686518075228
aeeem_mylyn,hybrid,lightgbm,5,1,1246,0,0,0.002797374328104507
aeeem_mylyn,hybrid,lightgbm,5,1,1252,0,0,0.003677707605000885
aeeem_mylyn,hybrid,lightgbm,5,1,1257,0,0,0.0011877903923623743
aeeem_mylyn,hybrid,lightgbm,5,1,1258,0,0,0.20627058607855508
aeeem_mylyn,hybrid,lightgbm,5,1,1265,0,0,0.0014462127547251867
aeeem_mylyn,hybrid,lightgbm,5,1,1268,1,1,0.9038992064002085
aeeem_mylyn,hybrid,lightgbm,5,1,1278,0,1,0.9849172806512676
aeeem_mylyn,hybrid,lightgbm,5,1,1283,1,0,0.31070981279934756
aeeem_mylyn,hybrid,lightgbm,5,1,1285,0,1,0.8682851725507609
aeeem_mylyn,hybrid,lightgbm,5,1,1287,1,0,0.060253461411686096
aeeem_mylyn,hybrid,lightgbm,5,1,1293,0,0,0.0024498463986974287
aeeem_mylyn,hybrid,lightgbm,5,1,1295,0,0,0.026015912276859683
aeeem_mylyn,hybrid,lightgbm,5,1,1302,0,0,0.4544493500363042
aeeem_mylyn,hybrid,lightgbm,5,1,1305,0,0,0.1471081008574201
aeeem_mylyn,hybrid,lightgbm,5,1,1318,0,0,0.04337727495904442
aeeem_mylyn,hybrid,lightgbm,5,1,1324,0,0,0.10021626607728587
aeeem_mylyn,hybrid,lightgbm,5,1,1330,0,0,0.09216555475025988
aeeem_mylyn,hybrid,lightgbm,5,1,1340,0,0,0.0011779417570338554
aeeem_mylyn,hybrid,lightgbm,5,1,1352,1,1,0.9335158220773709
aeeem_mylyn,hybrid,lightgbm,5,1,1362,0,0,0.005918226015541738
aeeem_mylyn,hybrid,lightgbm,5,1,1366,1,0,0.15775957869594986
aeeem_mylyn,hybrid,lightgbm,5,1,1368,0,0,0.0015306193621409502
aeeem_mylyn,hybrid,lightgbm,5,1,1373,0,0,0.0026319983228338915
aeeem_mylyn,hybrid,lightgbm,5,1,1379,1,1,0.6668291221285457
aeeem_mylyn,hybrid,lightgbm,5,1,1380,1,0,0.0639916009673966
aeeem_mylyn,hybrid,lightgbm,5,1,1382,0,0,0.008153980777685286
aeeem_mylyn,hybrid,lightgbm,5,1,1389,0,0,0.007836797418606023
aeeem_mylyn,hybrid,lightgbm,5,1,1392,0,1,0.515399093582714
aeeem_mylyn,hybrid,lightgbm,5,1,1401,0,0,0.002198463994265603
aeeem_mylyn,hybrid,lightgbm,5,1,1403,0,0,0.0003608307601728838
aeeem_mylyn,hybrid,lightgbm,5,1,1404,0,0,0.12156519956349877
aeeem_mylyn,hybrid,lightgbm,5,1,1408,0,0,0.0071893777148862885
aeeem_mylyn,hybrid,lightgbm,5,1,1411,1,0,0.46793289806324
aeeem_mylyn,hybrid,lightgbm,5,1,1422,0,0,0.008762475935120166
aeeem_mylyn,hybrid,lightgbm,5,1,1423,0,0,0.08163847964738379
aeeem_mylyn,hybrid,lightgbm,5,1,1425,0,0,0.028521684476774153
aeeem_mylyn,hybrid,lightgbm,5,1,1435,0,0,0.2879052508305575
aeeem_mylyn,hybrid,lightgbm,5,1,1439,0,0,0.003500820934102239
aeeem_mylyn,hybrid,lightgbm,5,1,1448,0,0,0.005865311038952623
aeeem_mylyn,hybrid,lightgbm,5,1,1449,0,0,0.14101382199182078
aeeem_mylyn,hybrid,lightgbm,5,1,1454,0,0,0.012174281120492186
aeeem_mylyn,hybrid,lightgbm,5,1,1461,1,1,0.986149260236047
aeeem_mylyn,hybrid,lightgbm,5,1,1462,0,0,0.004835357471574384
aeeem_mylyn,hybrid,lightgbm,5,1,1463,0,0,0.06505641615671691
aeeem_mylyn,hybrid,lightgbm,5,1,1475,0,0,0.4689939528914706
aeeem_mylyn,hybrid,lightgbm,5,1,1479,0,0,0.003075359724895882
aeeem_mylyn,hybrid,lightgbm,5,1,1482,1,0,0.02960172319502072
aeeem_mylyn,hybrid,lightgbm,5,1,1489,1,0,0.2532201962986357
aeeem_mylyn,hybrid,lightgbm,5,1,1492,0,0,0.19972482440623873
aeeem_mylyn,hybrid,lightgbm,5,1,1494,1,1,0.8671941235787293
aeeem_mylyn,hybrid,lightgbm,5,1,1496,0,0,0.0054126400382436025
aeeem_mylyn,hybrid,lightgbm,5,1,1497,0,0,0.013613363487237743
aeeem_mylyn,hybrid,lightgbm,5,1,1501,0,0,0.032831783956995035
aeeem_mylyn,hybrid,lightgbm,5,1,1502,0,0,0.029082302413886665
aeeem_mylyn,hybrid,lightgbm,5,1,1515,1,0,0.0706378326495097
aeeem_mylyn,hybrid,lightgbm,5,1,1521,0,0,0.0005360353221625178
aeeem_mylyn,hybrid,lightgbm,5,1,1528,0,0,0.08864665174680943
aeeem_mylyn,hybrid,lightgbm,5,1,1534,0,0,0.275089164311864
aeeem_mylyn,hybrid,lightgbm,5,1,1538,0,1,0.9309730267954693
aeeem_mylyn,hybrid,lightgbm,5,1,1539,0,0,0.00327756229576711
aeeem_mylyn,hybrid,lightgbm,5,1,1543,0,0,0.008706191616741169
aeeem_mylyn,hybrid,lightgbm,5,1,1547,0,0,0.0010068529818164753
aeeem_mylyn,hybrid,lightgbm,5,1,1552,0,0,0.01632467625386736
aeeem_mylyn,hybrid,lightgbm,5,1,1563,0,0,0.1302545747088012
aeeem_mylyn,hybrid,lightgbm,5,1,1566,0,0,0.41518228890178094
aeeem_mylyn,hybrid,lightgbm,5,1,1576,1,1,0.9830072070198932
aeeem_mylyn,hybrid,lightgbm,5,1,1578,0,0,0.002367422795272784
aeeem_mylyn,hybrid,lightgbm,5,1,1588,0,0,0.0023436729349080782
aeeem_mylyn,hybrid,lightgbm,5,1,1592,0,0,0.0207588525617125
aeeem_mylyn,hybrid,lightgbm,5,1,1595,0,0,0.018597936983190677
aeeem_mylyn,hybrid,lightgbm,5,1,1597,0,0,0.17204159431841745
aeeem_mylyn,hybrid,lightgbm,5,1,1598,0,0,0.0008905258529612603
aeeem_mylyn,hybrid,lightgbm,5,1,1601,0,0,0.04092177024175591
aeeem_mylyn,hybrid,lightgbm,5,1,1603,0,0,0.24516693810843626
aeeem_mylyn,hybrid,lightgbm,5,1,1605,0,0,0.08772462620601071
aeeem_mylyn,hybrid,lightgbm,5,1,1612,0,1,0.9465940679987083
aeeem_mylyn,hybrid,lightgbm,5,1,1614,0,0,0.001096263889130506
aeeem_mylyn,hybrid,lightgbm,5,1,1615,0,0,0.0017010988317475262
aeeem_mylyn,hybrid,lightgbm,5,1,1630,1,1,0.6830343437612035
aeeem_mylyn,hybrid,lightgbm,5,1,1635,0,0,0.0067324192318069555
aeeem_mylyn,hybrid,lightgbm,5,1,1668,1,0,0.42961524006429325
aeeem_mylyn,hybrid,lightgbm,5,1,1676,1,0,0.15623947942380673
aeeem_mylyn,hybrid,lightgbm,5,1,1678,0,0,0.037418302724512735
aeeem_mylyn,hybrid,lightgbm,5,1,1688,0,0,0.021231261949369407
aeeem_mylyn,hybrid,lightgbm,5,1,1704,0,0,0.008238762775439695
aeeem_mylyn,hybrid,lightgbm,5,1,1712,0,0,0.02099979754563618
aeeem_mylyn,hybrid,lightgbm,5,1,1713,0,0,0.004262266331525791
aeeem_mylyn,hybrid,lightgbm,5,1,1716,0,0,0.0020164655447248176
aeeem_mylyn,hybrid,lightgbm,5,1,1718,0,0,0.03420651884100726
aeeem_mylyn,hybrid,lightgbm,5,1,1720,0,0,0.03826129318007182
aeeem_mylyn,hybrid,lightgbm,5,1,1733,0,1,0.9606867953586891
aeeem_mylyn,hybrid,lightgbm,5,1,1734,0,0,0.0040460965843753536
aeeem_mylyn,hybrid,lightgbm,5,1,1739,0,0,0.001815721844425875
aeeem_mylyn,hybrid,lightgbm,5,1,1741,0,1,0.9034215062258931
aeeem_mylyn,hybrid,lightgbm,5,1,1747,0,0,0.001970242963713483
aeeem_mylyn,hybrid,lightgbm,5,1,1754,0,0,0.0005380880687969526
aeeem_mylyn,hybrid,lightgbm,5,1,1757,0,0,0.17933698419982047
aeeem_mylyn,hybrid,lightgbm,5,1,1758,0,0,0.057260372269118044
aeeem_mylyn,hybrid,lightgbm,5,1,1771,0,0,0.0025589149396879106
aeeem_mylyn,hybrid,lightgbm,5,1,1772,0,0,0.136019853397776
aeeem_mylyn,hybrid,lightgbm,5,1,1780,0,0,0.0011565196236097842
aeeem_mylyn,hybrid,lightgbm,5,1,1784,1,0,0.01198386441781264
aeeem_mylyn,hybrid,lightgbm,5,1,1786,1,1,0.7808801084606676
aeeem_mylyn,hybrid,lightgbm,5,1,1789,0,0,0.49918975526823667
aeeem_mylyn,hybrid,lightgbm,5,1,1790,0,0,0.006493069275144168
aeeem_mylyn,hybrid,lightgbm,5,1,1791,0,0,0.08944188613890112
aeeem_mylyn,hybrid,lightgbm,5,1,1796,0,0,0.014934759900686415
aeeem_mylyn,hybrid,lightgbm,5,1,1798,0,0,0.0072074673372687775
aeeem_mylyn,hybrid,lightgbm,5,1,1812,0,0,0.057449343292557596
aeeem_mylyn,hybrid,lightgbm,5,1,1822,0,0,0.17410181345619719
aeeem_mylyn,hybrid,lightgbm,5,1,1823,0,0,0.002700478273349216
aeeem_mylyn,hybrid,lightgbm,5,1,1828,0,0,0.0005363836839579419
aeeem_mylyn,hybrid,lightgbm,5,1,1831,1,1,0.9565376431704515
aeeem_mylyn,hybrid,lightgbm,5,1,1835,1,1,0.9202334710691269
aeeem_mylyn,hybrid,lightgbm,5,1,1842,0,0,0.0071585845963849535
aeeem_mylyn,hybrid,lightgbm,5,1,1846,0,0,0.008801351912608705
aeeem_mylyn,hybrid,lightgbm,5,1,1852,0,0,0.0002734799433638083
aeeem_mylyn,hybrid,lightgbm,5,2,1,0,0,0.17533980389702908
aeeem_mylyn,hybrid,lightgbm,5,2,3,0,0,0.09195121301573024
aeeem_mylyn,hybrid,lightgbm,5,2,4,0,0,0.0009951995161362837
aeeem_mylyn,hybrid,lightgbm,5,2,10,0,0,0.0025428222406974114
aeeem_mylyn,hybrid,lightgbm,5,2,14,0,0,0.00690035515298633
aeeem_mylyn,hybrid,lightgbm,5,2,16,0,0,0.06816840447829797
aeeem_mylyn,hybrid,lightgbm,5,2,23,0,0,0.07067407329070961
aeeem_mylyn,hybrid,lightgbm,5,2,25,0,0,0.26120531636192834
aeeem_mylyn,hybrid,lightgbm,5,2,27,0,0,0.0011416967533822637
aeeem_mylyn,hybrid,lightgbm,5,2,30,1,0,0.2415603203064846
aeeem_mylyn,hybrid,lightgbm,5,2,34,0,0,0.000866561609197085
aeeem_mylyn,hybrid,lightgbm,5,2,41,0,1,0.966846240312552
aeeem_mylyn,hybrid,lightgbm,5,2,42,0,1,0.72870579281937
aeeem_mylyn,hybrid,lightgbm,5,2,44,0,0,0.011140990663355537
aeeem_mylyn,hybrid,lightgbm,5,2,45,0,0,0.32892133263716977
aeeem_mylyn,hybrid,lightgbm,5,2,55,0,0,0.10704457693824986
aeeem_mylyn,hybrid,lightgbm,5,2,57,0,0,0.05558656539762581
aeeem_mylyn,hybrid,lightgbm,5,2,58,0,0,0.01720298364684049
aeeem_mylyn,hybrid,lightgbm,5,2,60,1,1,0.9575010396024797
aeeem_mylyn,hybrid,lightgbm,5,2,61,0,1,0.5279904346926368
aeeem_mylyn,hybrid,lightgbm,5,2,70,0,0,0.008954737302630978
aeeem_mylyn,hybrid,lightgbm,5,2,84,0,0,0.18704682029137928
aeeem_mylyn,hybrid,lightgbm,5,2,88,0,0,0.004914829985498223
aeeem_mylyn,hybrid,lightgbm,5,2,93,0,0,0.008455974076048034
aeeem_mylyn,hybrid,lightgbm,5,2,95,0,0,0.007524538781680935
aeeem_mylyn,hybrid,lightgbm,5,2,99,1,0,0.10716358785117121
aeeem_mylyn,hybrid,lightgbm,5,2,102,0,0,0.011427489570202343
aeeem_mylyn,hybrid,lightgbm,5,2,111,1,1,0.8953123126190308
aeeem_mylyn,hybrid,lightgbm,5,2,118,0,0,0.034856922330992655
aeeem_mylyn,hybrid,lightgbm,5,2,119,0,0,0.007235435638500355
aeeem_mylyn,hybrid,lightgbm,5,2,120,0,0,0.05886226793962404
aeeem_mylyn,hybrid,lightgbm,5,2,122,0,0,0.00042779017260858345
aeeem_mylyn,hybrid,lightgbm,5,2,125,0,0,0.1752804625786197
aeeem_mylyn,hybrid,lightgbm,5,2,127,0,0,0.008572389860050128
aeeem_mylyn,hybrid,lightgbm,5,2,128,0,0,0.0029100137634786943
aeeem_mylyn,hybrid,lightgbm,5,2,132,0,0,0.2719924006204192
aeeem_mylyn,hybrid,lightgbm,5,2,135,0,0,0.001164104243458315
aeeem_mylyn,hybrid,lightgbm,5,2,142,0,0,0.0031049830624927262
aeeem_mylyn,hybrid,lightgbm,5,2,143,0,0,0.06282049697514842
aeeem_mylyn,hybrid,lightgbm,5,2,148,0,0,0.01580529477163085
aeeem_mylyn,hybrid,lightgbm,5,2,155,0,0,0.03849483839882968
aeeem_mylyn,hybrid,lightgbm,5,2,156,1,0,0.39253368284813867
aeeem_mylyn,hybrid,lightgbm,5,2,166,0,0,0.27204224613853817
aeeem_mylyn,hybrid,lightgbm,5,2,168,0,0,0.03727191422924487
aeeem_mylyn,hybrid,lightgbm,5,2,172,0,0,0.005260813155343003
aeeem_mylyn,hybrid,lightgbm,5,2,173,1,0,0.019694299612510905
aeeem_mylyn,hybrid,lightgbm,5,2,181,0,0,0.4697868475690886
aeeem_mylyn,hybrid,lightgbm,5,2,183,0,0,0.010711851648946606
aeeem_mylyn,hybrid,lightgbm,5,2,190,0,0,0.18383837574617062
aeeem_mylyn,hybrid,lightgbm,5,2,193,0,0,0.006881123523101479
aeeem_mylyn,hybrid,lightgbm,5,2,195,0,0,0.008178829286992215
aeeem_mylyn,hybrid,lightgbm,5,2,198,0,0,0.0006929195925665789
aeeem_mylyn,hybrid,lightgbm,5,2,199,1,1,0.5190072637587632
aeeem_mylyn,hybrid,lightgbm,5,2,202,0,0,0.008577452136496378
aeeem_mylyn,hybrid,lightgbm,5,2,212,0,0,0.011280793560249993
aeeem_mylyn,hybrid,lightgbm,5,2,214,0,0,0.06910203265333786
aeeem_mylyn,hybrid,lightgbm,5,2,215,0,0,0.012194575110828373
aeeem_mylyn,hybrid,lightgbm,5,2,217,1,0,0.41003624223555163
aeeem_mylyn,hybrid,lightgbm,5,2,221,0,0,0.04914742115642242
aeeem_mylyn,hybrid,lightgbm,5,2,229,0,0,0.0014761446533178206
aeeem_mylyn,hybrid,lightgbm,5,2,232,0,0,0.005516462953062179
aeeem_mylyn,hybrid,lightgbm,5,2,239,1,1,0.5324705956803281
aeeem_mylyn,hybrid,lightgbm,5,2,242,0,0,0.1673027505778188
aeeem_mylyn,hybrid,lightgbm,5,2,246,0,0,0.005184518017502398
aeeem_mylyn,hybrid,lightgbm,5,2,249,0,0,0.003161339880540982
aeeem_mylyn,hybrid,lightgbm,5,2,250,0,1,0.9822092296832181
aeeem_mylyn,hybrid,lightgbm,5,2,253,0,1,0.7995342224366501
aeeem_mylyn,hybrid,lightgbm,5,2,258,0,0,0.003989945362406068
aeeem_mylyn,hybrid,lightgbm,5,2,259,0,0,0.0030734127030674365
aeeem_mylyn,hybrid,lightgbm,5,2,267,0,0,0.036017678271949516
aeeem_mylyn,hybrid,lightgbm,5,2,274,0,0,0.03136837465163473
aeeem_mylyn,hybrid,lightgbm,5,2,278,0,0,0.1992435651731376
aeeem_mylyn,hybrid,lightgbm,5,2,280,0,0,0.36435033931620564
aeeem_mylyn,hybrid,lightgbm,5,2,285,0,0,0.10883935077920392
aeeem_mylyn,hybrid,lightgbm,5,2,288,0,0,0.0014867061370591069
aeeem_mylyn,hybrid,lightgbm,5,2,303,0,0,0.1076470911163767
aeeem_mylyn,hybrid,lightgbm,5,2,304,0,0,0.03270606199613613
aeeem_mylyn,hybrid,lightgbm,5,2,305,0,0,0.39819417221435033
aeeem_mylyn,hybrid,lightgbm,5,2,306,0,1,0.891116098367693
aeeem_mylyn,hybrid,lightgbm,5,2,307,0,0,0.04460870306729755
aeeem_mylyn,hybrid,lightgbm,5,2,315,0,0,0.1118808018075988
aeeem_mylyn,hybrid,lightgbm,5,2,317,1,1,0.6256985282902828
aeeem_mylyn,hybrid,lightgbm,5,2,319,0,0,0.021571753997684084
aeeem_mylyn,hybrid,lightgbm,5,2,323,0,0,0.005184518017502398
aeeem_mylyn,hybrid,lightgbm,5,2,329,1,1,0.9026078210630009
aeeem_mylyn,hybrid,lightgbm,5,2,336,0,0,0.0006503166270478783
aeeem_mylyn,hybrid,lightgbm,5,2,338,1,1,0.7869137795090264
aeeem_mylyn,hybrid,lightgbm,5,2,342,0,0,0.14013940382362555
aeeem_mylyn,hybrid,lightgbm,5,2,344,0,0,0.003777748019280181
aeeem_mylyn,hybrid,lightgbm,5,2,347,0,0,0.0003430918739289411
aeeem_mylyn,hybrid,lightgbm,5,2,349,0,0,0.4368068775146438
aeeem_mylyn,hybrid,lightgbm,5,2,357,1,1,0.7361411483796093
aeeem_mylyn,hybrid,lightgbm,5,2,363,0,0,0.008746094103778562
aeeem_mylyn,hybrid,lightgbm,5,2,371,0,0,0.062358139344031525
aeeem_mylyn,hybrid,lightgbm,5,2,374,0,0,0.01603404362886652
aeeem_mylyn,hybrid,lightgbm,5,2,376,0,0,0.008495084459385082
aeeem_mylyn,hybrid,lightgbm,5,2,384,0,0,0.383905113443591
aeeem_mylyn,hybrid,lightgbm,5,2,389,0,0,0.011902595556799329
aeeem_mylyn,hybrid,lightgbm,5,2,410,0,0,0.0036196720708834853
aeeem_mylyn,hybrid,lightgbm,5,2,416,0,0,0.016924701219795158
aeeem_mylyn,hybrid,lightgbm,5,2,428,0,0,0.0109313664264717
aeeem_mylyn,hybrid,lightgbm,5,2,437,0,0,0.03701010322943244
aeeem_mylyn,hybrid,lightgbm,5,2,451,0,0,0.1097644723838871
aeeem_mylyn,hybrid,lightgbm,5,2,452,0,1,0.861725049366841
aeeem_mylyn,hybrid,lightgbm,5,2,456,0,0,0.163053887427667
aeeem_mylyn,hybrid,lightgbm,5,2,461,0,0,0.0035857688492671545
aeeem_mylyn,hybrid,lightgbm,5,2,464,0,0,0.0015918418507779532
aeeem_mylyn,hybrid,lightgbm,5,2,473,0,0,0.09639797521148945
aeeem_mylyn,hybrid,lightgbm,5,2,475,1,0,0.20425214942669345
aeeem_mylyn,hybrid,lightgbm,5,2,481,0,0,0.00024794016150025375
aeeem_mylyn,hybrid,lightgbm,5,2,484,0,0,0.001477891101732178
aeeem_mylyn,hybrid,lightgbm,5,2,490,0,0,0.3958133608890244
aeeem_mylyn,hybrid,lightgbm,5,2,494,0,0,0.006413350739276834
aeeem_mylyn,hybrid,lightgbm,5,2,495,1,1,0.6869502583988165
aeeem_mylyn,hybrid,lightgbm,5,2,501,0,0,0.018449613818275083
aeeem_mylyn,hybrid,lightgbm,5,2,502,0,0,0.009958452122320804
aeeem_mylyn,hybrid,lightgbm,5,2,510,0,0,0.0009198609422202539
aeeem_mylyn,hybrid,lightgbm,5,2,511,0,0,0.07244695410433395
aeeem_mylyn,hybrid,lightgbm,5,2,517,0,0,0.0006867711292656203
aeeem_mylyn,hybrid,lightgbm,5,2,522,0,1,0.9026078210630009
aeeem_mylyn,hybrid,lightgbm,5,2,524,0,0,0.4904228887428478
aeeem_mylyn,hybrid,lightgbm,5,2,528,1,1,0.861725049366841
aeeem_mylyn,hybrid,lightgbm,5,2,529,0,0,0.05640850410314382
aeeem_mylyn,hybrid,lightgbm,5,2,531,0,0,0.001699219915617285
aeeem_mylyn,hybrid,lightgbm,5,2,532,0,0,0.003884806532825862
aeeem_mylyn,hybrid,lightgbm,5,2,538,0,0,0.05310921798821967
aeeem_mylyn,hybrid,lightgbm,5,2,539,0,0,0.00023324398024375252
aeeem_mylyn,hybrid,lightgbm,5,2,546,0,0,0.0009758160833665792
aeeem_mylyn,hybrid,lightgbm,5,2,550,0,0,0.011156183682266238
aeeem_mylyn,hybrid,lightgbm,5,2,556,1,1,0.7616491881167208
aeeem_mylyn,hybrid,lightgbm,5,2,558,0,0,0.01783245118689117
aeeem_mylyn,hybrid,lightgbm,5,2,569,0,0,0.001363301673284352
aeeem_mylyn,hybrid,lightgbm,5,2,577,1,1,0.5053170130361861
aeeem_mylyn,hybrid,lightgbm,5,2,579,0,0,0.006038354377109195
aeeem_mylyn,hybrid,lightgbm,5,2,581,0,0,0.0037512067022682075
aeeem_mylyn,hybrid,lightgbm,5,2,584,0,0,0.09540966597597482
aeeem_mylyn,hybrid,lightgbm,5,2,587,1,0,0.28701535697581826
aeeem_mylyn,hybrid,lightgbm,5,2,590,0,0,0.002580584323441349
aeeem_mylyn,hybrid,lightgbm,5,2,597,0,0,0.0004928272944319569
aeeem_mylyn,hybrid,lightgbm,5,2,604,0,0,0.26043977558190357
aeeem_mylyn,hybrid,lightgbm,5,2,605,0,1,0.792889509967865
aeeem_mylyn,hybrid,lightgbm,5,2,612,1,1,0.6831319822604545
aeeem_mylyn,hybrid,lightgbm,5,2,615,0,0,0.012121656871358664
aeeem_mylyn,hybrid,lightgbm,5,2,616,0,0,0.0013553325215708702
aeeem_mylyn,hybrid,lightgbm,5,2,620,0,0,0.009493178618258427
aeeem_mylyn,hybrid,lightgbm,5,2,625,0,0,0.0015579699269810832
aeeem_mylyn,hybrid,lightgbm,5,2,635,1,0,0.012282595020885096
aeeem_mylyn,hybrid,lightgbm,5,2,636,0,0,0.20191795559218906
aeeem_mylyn,hybrid,lightgbm,5,2,645,0,0,0.0018629119890548385
aeeem_mylyn,hybrid,lightgbm,5,2,646,0,0,0.0029501612215271584
aeeem_mylyn,hybrid,lightgbm,5,2,651,0,0,0.17339978835750272
aeeem_mylyn,hybrid,lightgbm,5,2,653,1,0,0.010368310953093826
aeeem_mylyn,hybrid,lightgbm,5,2,654,0,0,0.010205113432084403
aeeem_mylyn,hybrid,lightgbm,5,2,655,0,0,0.0008368555624898147
aeeem_mylyn,hybrid,lightgbm,5,2,660,0,0,0.0009292070626963227
aeeem_mylyn,hybrid,lightgbm,5,2,664,0,0,0.026618818240826198
aeeem_mylyn,hybrid,lightgbm,5,2,665,0,0,0.023120430024405867
aeeem_mylyn,hybrid,lightgbm,5,2,668,0,0,0.003119675768698609
aeeem_mylyn,hybrid,lightgbm,5,2,669,1,0,0.013460022748268656
aeeem_mylyn,hybrid,lightgbm,5,2,671,0,0,0.10498342714966981
aeeem_mylyn,hybrid,lightgbm,5,2,673,0,0,0.29130174908924866
aeeem_mylyn,hybrid,lightgbm,5,2,677,0,0,0.08350012814150878
aeeem_mylyn,hybrid,lightgbm,5,2,680,0,1,0.8861967529625876
aeeem_mylyn,hybrid,lightgbm,5,2,681,0,0,0.00381029206548811
aeeem_mylyn,hybrid,lightgbm,5,2,695,0,0,0.0007337951861690074
aeeem_mylyn,hybrid,lightgbm,5,2,712,0,0,0.15795152277142677
aeeem_mylyn,hybrid,lightgbm,5,2,713,0,0,0.000765035712613851
aeeem_mylyn,hybrid,lightgbm,5,2,720,0,0,0.0017709955582300516
aeeem_mylyn,hybrid,lightgbm,5,2,721,0,0,0.026997504209284758
aeeem_mylyn,hybrid,lightgbm,5,2,722,0,0,0.006617841757942726
aeeem_mylyn,hybrid,lightgbm,5,2,726,1,1,0.7571161888955364
aeeem_mylyn,hybrid,lightgbm,5,2,732,0,0,0.001677433177513889
aeeem_mylyn,hybrid,lightgbm,5,2,745,0,0,0.005774367727167771
aeeem_mylyn,hybrid,lightgbm,5,2,749,0,0,0.0004990325590815363
aeeem_mylyn,hybrid,lightgbm,5,2,755,0,0,0.0041505625322200415
aeeem_mylyn,hybrid,lightgbm,5,2,756,0,1,0.787194749506953
aeeem_mylyn,hybrid,lightgbm,5,2,765,0,0,0.014994823264592616
aeeem_mylyn,hybrid,lightgbm,5,2,767,0,0,0.03549676873553592
aeeem_mylyn,hybrid,lightgbm,5,2,768,0,0,0.000973748240982717
aeeem_mylyn,hybrid,lightgbm,5,2,774,0,0,0.026986689469900627
aeeem_mylyn,hybrid,lightgbm,5,2,778,0,0,0.00701472863238301
aeeem_mylyn,hybrid,lightgbm,5,2,781,0,0,0.012721117331897732
aeeem_mylyn,hybrid,lightgbm,5,2,790,1,0,0.4231192547310588
aeeem_mylyn,hybrid,lightgbm,5,2,791,1,1,0.860178052910757
aeeem_mylyn,hybrid,lightgbm,5,2,796,0,0,0.027178542180220717
aeeem_mylyn,hybrid,lightgbm,5,2,801,0,0,0.33750237854063886
aeeem_mylyn,hybrid,lightgbm,5,2,803,0,0,0.004359190656154828
aeeem_mylyn,hybrid,lightgbm,5,2,809,0,0,0.006662349633511769
aeeem_mylyn,hybrid,lightgbm,5,2,810,0,0,0.1471170199015496
aeeem_mylyn,hybrid,lightgbm,5,2,812,0,0,0.0023536589288166735
aeeem_mylyn,hybrid,lightgbm,5,2,813,0,0,0.0030083032643230916
aeeem_mylyn,hybrid,lightgbm,5,2,821,1,1,0.9799307814693928
aeeem_mylyn,hybrid,lightgbm,5,2,827,0,0,0.05841959881334716
aeeem_mylyn,hybrid,lightgbm,5,2,828,0,0,0.02142083128586097
aeeem_mylyn,hybrid,lightgbm,5,2,835,0,0,0.0013186294792435294
aeeem_mylyn,hybrid,lightgbm,5,2,836,1,1,0.7394938102077057
aeeem_mylyn,hybrid,lightgbm,5,2,839,1,0,0.21928110558625608
aeeem_mylyn,hybrid,lightgbm,5,2,849,0,0,0.00020719234477404555
aeeem_mylyn,hybrid,lightgbm,5,2,853,0,0,0.030726212483342206
aeeem_mylyn,hybrid,lightgbm,5,2,857,0,0,0.024252747331995027
aeeem_mylyn,hybrid,lightgbm,5,2,858,0,0,0.38791014243925287
aeeem_mylyn,hybrid,lightgbm,5,2,865,0,0,0.009860947451197444
aeeem_mylyn,hybrid,lightgbm,5,2,876,1,0,0.31652523119107406
aeeem_mylyn,hybrid,lightgbm,5,2,878,0,0,0.0005553549879748963
aeeem_mylyn,hybrid,lightgbm,5,2,883,0,0,0.002412177828429434
aeeem_mylyn,hybrid,lightgbm,5,2,887,0,0,0.1922174097045683
aeeem_mylyn,hybrid,lightgbm,5,2,888,0,0,0.02164240094188239
aeeem_mylyn,hybrid,lightgbm,5,2,891,0,1,0.9170929161027613
aeeem_mylyn,hybrid,lightgbm,5,2,906,0,0,0.2934218497038489
aeeem_mylyn,hybrid,lightgbm,5,2,911,0,0,0.11089393954994399
aeeem_mylyn,hybrid,lightgbm,5,2,913,0,0,0.005270878341580451
aeeem_mylyn,hybrid,lightgbm,5,2,915,0,0,0.07296514685411219
aeeem_mylyn,hybrid,lightgbm,5,2,928,1,1,0.8183639464962807
aeeem_mylyn,hybrid,lightgbm,5,2,930,0,0,0.025945232603404752
aeeem_mylyn,hybrid,lightgbm,5,2,931,0,1,0.5763592151785951
aeeem_mylyn,hybrid,lightgbm,5,2,947,0,0,0.01569964858762533
aeeem_mylyn,hybrid,lightgbm,5,2,949,0,0,0.2615279346157124
aeeem_mylyn,hybrid,lightgbm,5,2,953,1,1,0.9720404116646985
aeeem_mylyn,hybrid,lightgbm,5,2,956,1,0,0.2770233993937486
aeeem_mylyn,hybrid,lightgbm,5,2,965,0,1,0.7230275674085783
aeeem_mylyn,hybrid,lightgbm,5,2,967,0,0,0.008654702480170976
aeeem_mylyn,hybrid,lightgbm,5,2,971,0,0,0.016336099415693167
aeeem_mylyn,hybrid,lightgbm,5,2,974,0,0,0.0038208046674023614
aeeem_mylyn,hybrid,lightgbm,5,2,984,0,0,0.014232641336977318
aeeem_mylyn,hybrid,lightgbm,5,2,987,0,1,0.9633971219719228
aeeem_mylyn,hybrid,lightgbm,5,2,997,1,0,0.03719849116711585
aeeem_mylyn,hybrid,lightgbm,5,2,1004,0,0,0.008870504125681288
aeeem_mylyn,hybrid,lightgbm,5,2,1005,1,1,0.993288078961835
aeeem_mylyn,hybrid,lightgbm,5,2,1026,0,0,0.010255815915850402
aeeem_mylyn,hybrid,lightgbm,5,2,1027,0,0,0.07211638994024178
aeeem_mylyn,hybrid,lightgbm,5,2,1041,0,1,0.7826177491071651
aeeem_mylyn,hybrid,lightgbm,5,2,1047,0,0,0.36585125964393533
aeeem_mylyn,hybrid,lightgbm,5,2,1050,0,0,0.15472854140297757
aeeem_mylyn,hybrid,lightgbm,5,2,1056,0,0,0.14422441416704493
aeeem_mylyn,hybrid,lightgbm,5,2,1061,0,0,0.3350422343622187
aeeem_mylyn,hybrid,lightgbm,5,2,1078,0,0,0.0008395213659234915
aeeem_mylyn,hybrid,lightgbm,5,2,1088,0,0,0.008202699397624552
aeeem_mylyn,hybrid,lightgbm,5,2,1094,0,0,0.003998104207069191
aeeem_mylyn,hybrid,lightgbm,5,2,1095,0,0,0.0008551008267080654
aeeem_mylyn,hybrid,lightgbm,5,2,1098,0,0,0.14220124513527763
aeeem_mylyn,hybrid,lightgbm,5,2,1103,0,0,0.0019082871051025877
aeeem_mylyn,hybrid,lightgbm,5,2,1110,0,0,0.0003423797781092594
aeeem_mylyn,hybrid,lightgbm,5,2,1117,0,0,0.0006751904334135879
aeeem_mylyn,hybrid,lightgbm,5,2,1133,0,0,0.07159746397415398
aeeem_mylyn,hybrid,lightgbm,5,2,1137,0,0,0.006283288389699551
aeeem_mylyn,hybrid,lightgbm,5,2,1149,0,0,0.01717909318119309
aeeem_mylyn,hybrid,lightgbm,5,2,1151,0,0,0.007552477828692467
aeeem_mylyn,hybrid,lightgbm,5,2,1153,0,0,0.2891817006673559
aeeem_mylyn,hybrid,lightgbm,5,2,1159,0,0,0.04747085340805932
aeeem_mylyn,hybrid,lightgbm,5,2,1161,0,0,0.0004096257516919409
aeeem_mylyn,hybrid,lightgbm,5,2,1183,0,1,0.6454235959967182
aeeem_mylyn,hybrid,lightgbm,5,2,1186,0,0,0.09495648273294695
aeeem_mylyn,hybrid,lightgbm,5,2,1187,0,0,0.024442578189791463
aeeem_mylyn,hybrid,lightgbm,5,2,1192,0,0,0.06458234701609807
aeeem_mylyn,hybrid,lightgbm,5,2,1198,1,0,0.0013088309343100048
aeeem_mylyn,hybrid,lightgbm,5,2,1204,1,1,0.7455705289389962
aeeem_mylyn,hybrid,lightgbm,5,2,1207,0,0,0.00161654604629448
aeeem_mylyn,hybrid,lightgbm,5,2,1208,0,0,0.001771804274354241
aeeem_mylyn,hybrid,lightgbm,5,2,1215,0,0,0.2524051382230849
aeeem_mylyn,hybrid,lightgbm,5,2,1218,0,0,0.05591748583921438
aeeem_mylyn,hybrid,lightgbm,5,2,1230,0,0,0.04234991521260418
aeeem_mylyn,hybrid,lightgbm,5,2,1240,0,0,0.0005357285830686275
aeeem_mylyn,hybrid,lightgbm,5,2,1243,1,1,0.9238312830273943
aeeem_mylyn,hybrid,lightgbm,5,2,1244,0,0,0.0008171132691630974
aeeem_mylyn,hybrid,lightgbm,5,2,1245,0,0,0.3524095011735604
aeeem_mylyn,hybrid,lightgbm,5,2,1251,0,0,0.021585065742648527
aeeem_mylyn,hybrid,lightgbm,5,2,1267,0,0,0.013629301895279253
aeeem_mylyn,hybrid,lightgbm,5,2,1274,0,0,0.006413350739276834
aeeem_mylyn,hybrid,lightgbm,5,2,1277,0,0,0.002154389597133392
aeeem_mylyn,hybrid,lightgbm,5,2,1279,0,0,0.004797896849357137
aeeem_mylyn,hybrid,lightgbm,5,2,1282,0,1,0.531382974604055
aeeem_mylyn,hybrid,lightgbm,5,2,1288,1,0,0.3293533667182916
aeeem_mylyn,hybrid,lightgbm,5,2,1292,0,0,0.0005334662401740957
aeeem_mylyn,hybrid,lightgbm,5,2,1294,0,1,0.5570586248804432
aeeem_mylyn,hybrid,lightgbm,5,2,1306,0,0,0.000782618749455066
aeeem_mylyn,hybrid,lightgbm,5,2,1309,0,0,0.00030965152646324207
aeeem_mylyn,hybrid,lightgbm,5,2,1317,0,0,0.006303935397144749
aeeem_mylyn,hybrid,lightgbm,5,2,1319,0,0,0.19064262800391346
aeeem_mylyn,hybrid,lightgbm,5,2,1321,0,0,0.39598403574067753
aeeem_mylyn,hybrid,lightgbm,5,2,1322,0,1,0.6405365875318749
aeeem_mylyn,hybrid,lightgbm,5,2,1323,0,0,0.00025369308228724346
aeeem_mylyn,hybrid,lightgbm,5,2,1346,0,0,0.0012352316532625682
aeeem_mylyn,hybrid,lightgbm,5,2,1349,0,0,0.01922313441644452
aeeem_mylyn,hybrid,lightgbm,5,2,1350,0,0,0.03474144455624085
aeeem_mylyn,hybrid,lightgbm,5,2,1355,0,0,0.051325340406890484
aeeem_mylyn,hybrid,lightgbm,5,2,1356,0,0,0.02798061616009479
aeeem_mylyn,hybrid,lightgbm,5,2,1371,0,1,0.5415510525820597
aeeem_mylyn,hybrid,lightgbm,5,2,1372,0,0,0.0023357926857227817
aeeem_mylyn,hybrid,lightgbm,5,2,1387,1,1,0.9696850495508975
aeeem_mylyn,hybrid,lightgbm,5,2,1396,0,0,0.062304000981852764
aeeem_mylyn,hybrid,lightgbm,5,2,1407,0,0,0.000532586194113465
aeeem_mylyn,hybrid,lightgbm,5,2,1409,1,0,0.051309771088882954
aeeem_mylyn,hybrid,lightgbm,5,2,1417,0,1,0.7380236554879099
aeeem_mylyn,hybrid,lightgbm,5,2,1420,0,0,0.04365251264376525
aeeem_mylyn,hybrid,lightgbm,5,2,1421,0,0,0.10584729185215243
aeeem_mylyn,hybrid,lightgbm,5,2,1429,0,0,0.04022361356758187
aeeem_mylyn,hybrid,lightgbm,5,2,1431,0,0,0.0025788826260036185
aeeem_mylyn,hybrid,lightgbm,5,2,1438,0,0,0.000770259762173041
aeeem_mylyn,hybrid,lightgbm,5,2,1441,1,1,0.6418163487636955
aeeem_mylyn,hybrid,lightgbm,5,2,1444,0,0,0.12814714451821502
aeeem_mylyn,hybrid,lightgbm,5,2,1446,0,0,0.00014669563047028534
aeeem_mylyn,hybrid,lightgbm,5,2,1459,0,0,0.015334245099897878
aeeem_mylyn,hybrid,lightgbm,5,2,1464,0,0,0.0007370778938067579
aeeem_mylyn,hybrid,lightgbm,5,2,1466,1,0,0.3762686131930923
aeeem_mylyn,hybrid,lightgbm,5,2,1472,0,0,0.006470139972268095
aeeem_mylyn,hybrid,lightgbm,5,2,1474,0,0,0.04501133282144321
aeeem_mylyn,hybrid,lightgbm,5,2,1483,0,0,0.4371463708003387
aeeem_mylyn,hybrid,lightgbm,5,2,1499,0,0,0.02031711462064133
aeeem_mylyn,hybrid,lightgbm,5,2,1506,0,0,0.05548160917964071
aeeem_mylyn,hybrid,lightgbm,5,2,1511,0,0,0.0029069693134182242
aeeem_mylyn,hybrid,lightgbm,5,2,1516,1,0,0.029568021442519028
aeeem_mylyn,hybrid,lightgbm,5,2,1530,0,0,0.0028669662101979765
aeeem_mylyn,hybrid,lightgbm,5,2,1535,0,0,0.013482479828838816
aeeem_mylyn,hybrid,lightgbm,5,2,1540,0,0,0.04068968554187915
aeeem_mylyn,hybrid,lightgbm,5,2,1551,0,0,0.0002749335995623657
aeeem_mylyn,hybrid,lightgbm,5,2,1559,0,1,0.8946542465307656
aeeem_mylyn,hybrid,lightgbm,5,2,1560,0,0,0.0007562250471414585
aeeem_mylyn,hybrid,lightgbm,5,2,1567,0,0,0.0675207195291113
aeeem_mylyn,hybrid,lightgbm,5,2,1568,0,0,0.005911356251672959
aeeem_mylyn,hybrid,lightgbm,5,2,1571,0,0,0.006338789801023145
aeeem_mylyn,hybrid,lightgbm,5,2,1573,0,0,0.05321684666180426
aeeem_mylyn,hybrid,lightgbm,5,2,1580,0,0,0.05202580157912935
aeeem_mylyn,hybrid,lightgbm,5,2,1585,0,0,0.0026264844259108874
aeeem_mylyn,hybrid,lightgbm,5,2,1591,0,0,0.11128786891764521
aeeem_mylyn,hybrid,lightgbm,5,2,1600,0,0,0.006582178779145414
aeeem_mylyn,hybrid,lightgbm,5,2,1609,0,0,0.01177977711394846
aeeem_mylyn,hybrid,lightgbm,5,2,1613,0,0,0.42203447924518744
aeeem_mylyn,hybrid,lightgbm,5,2,1624,0,0,0.0008569925986224964
aeeem_mylyn,hybrid,lightgbm,5,2,1641,0,0,0.0011726275535327469
aeeem_mylyn,hybrid,lightgbm,5,2,1642,0,0,0.0036181842182344197
aeeem_mylyn,hybrid,lightgbm,5,2,1657,0,0,0.011458182245375996
aeeem_mylyn,hybrid,lightgbm,5,2,1659,0,0,0.014763007626997622
aeeem_mylyn,hybrid,lightgbm,5,2,1661,0,0,0.02375701639826654
aeeem_mylyn,hybrid,lightgbm,5,2,1665,0,0,0.05829965472285538
aeeem_mylyn,hybrid,lightgbm,5,2,1669,0,1,0.7409661987024049
aeeem_mylyn,hybrid,lightgbm,5,2,1677,0,0,0.021688418066159426
aeeem_mylyn,hybrid,lightgbm,5,2,1680,1,1,0.9354659723708096
aeeem_mylyn,hybrid,lightgbm,5,2,1681,0,0,0.012340177777778542
aeeem_mylyn,hybrid,lightgbm,5,2,1689,0,0,0.004610198976090826
aeeem_mylyn,hybrid,lightgbm,5,2,1692,0,1,0.6355770586632117
aeeem_mylyn,hybrid,lightgbm,5,2,1698,0,0,0.23277618996609603
aeeem_mylyn,hybrid,lightgbm,5,2,1699,0,0,0.00030315337305795103
aeeem_mylyn,hybrid,lightgbm,5,2,1706,0,0,0.009891606470098381
aeeem_mylyn,hybrid,lightgbm,5,2,1707,0,0,0.023629895059371034
aeeem_mylyn,hybrid,lightgbm,5,2,1719,0,0,0.020929145234382253
aeeem_mylyn,hybrid,lightgbm,5,2,1721,0,0,0.07672222790142605
aeeem_mylyn,hybrid,lightgbm,5,2,1722,0,0,0.01220656001198629
aeeem_mylyn,hybrid,lightgbm,5,2,1723,0,0,0.06625169071490462
aeeem_mylyn,hybrid,lightgbm,5,2,1728,0,1,0.9251406351752617
aeeem_mylyn,hybrid,lightgbm,5,2,1731,0,0,0.06144574976047623
aeeem_mylyn,hybrid,lightgbm,5,2,1737,0,0,0.09355874109118106
aeeem_mylyn,hybrid,lightgbm,5,2,1738,0,0,0.45295068198449595
aeeem_mylyn,hybrid,lightgbm,5,2,1745,0,0,0.012806435405160422
aeeem_mylyn,hybrid,lightgbm,5,2,1751,0,0,0.0003875009778951003
aeeem_mylyn,hybrid,lightgbm,5,2,1761,0,0,0.07422872843114867
aeeem_mylyn,hybrid,lightgbm,5,2,1765,0,0,0.04742493835750134
aeeem_mylyn,hybrid,lightgbm,5,2,1774,0,0,0.0006479827659667611
aeeem_mylyn,hybrid,lightgbm,5,2,1783,0,0,0.37379290469157467
aeeem_mylyn,hybrid,lightgbm,5,2,1792,0,0,0.3639357928028253
aeeem_mylyn,hybrid,lightgbm,5,2,1793,0,0,0.011175538972771007
aeeem_mylyn,hybrid,lightgbm,5,2,1799,1,1,0.7928654340470507
aeeem_mylyn,hybrid,lightgbm,5,2,1800,0,0,0.003635376183590178
aeeem_mylyn,hybrid,lightgbm,5,2,1807,0,0,0.07730629545154631
aeeem_mylyn,hybrid,lightgbm,5,2,1808,1,1,0.9237506752338493
aeeem_mylyn,hybrid,lightgbm,5,2,1816,0,1,0.5683586086332452
aeeem_mylyn,hybrid,lightgbm,5,2,1818,0,0,0.002224923723587744
aeeem_mylyn,hybrid,lightgbm,5,2,1825,0,0,0.009695765042833322
aeeem_mylyn,hybrid,lightgbm,5,2,1832,0,0,0.4256197155759534
aeeem_mylyn,hybrid,lightgbm,5,2,1838,0,0,0.20869081226010575
aeeem_mylyn,hybrid,lightgbm,5,2,1848,0,0,0.25657519220695085
aeeem_mylyn,hybrid,lightgbm,5,2,1850,1,1,0.9693451006984194
aeeem_mylyn,hybrid,lightgbm,5,2,1851,0,0,0.01672581541405439
aeeem_mylyn,hybrid,lightgbm,5,2,1855,1,0,0.20743121074194343
aeeem_mylyn,hybrid,lightgbm,5,3,7,0,0,0.0003509155875782656
aeeem_mylyn,hybrid,lightgbm,5,3,11,0,0,0.013952374564685814
aeeem_mylyn,hybrid,lightgbm,5,3,12,0,0,0.0002471473022560447
aeeem_mylyn,hybrid,lightgbm,5,3,15,0,0,0.21540655219697682
aeeem_mylyn,hybrid,lightgbm,5,3,18,0,0,0.14216064695664735
aeeem_mylyn,hybrid,lightgbm,5,3,31,0,0,0.0015167767153250386
aeeem_mylyn,hybrid,lightgbm,5,3,33,0,1,0.6023229002386152
aeeem_mylyn,hybrid,lightgbm,5,3,46,1,1,0.6884428009568726
aeeem_mylyn,hybrid,lightgbm,5,3,68,1,1,0.8335173587402656
aeeem_mylyn,hybrid,lightgbm,5,3,79,0,0,0.1043753519331097
aeeem_mylyn,hybrid,lightgbm,5,3,89,0,0,0.031365932497436085
aeeem_mylyn,hybrid,lightgbm,5,3,96,0,0,0.00259415693737511
aeeem_mylyn,hybrid,lightgbm,5,3,98,0,0,0.024713400562530397
aeeem_mylyn,hybrid,lightgbm,5,3,101,0,0,0.020366487685233543
aeeem_mylyn,hybrid,lightgbm,5,3,103,0,0,0.16813836417570727
aeeem_mylyn,hybrid,lightgbm,5,3,104,0,0,0.009764765357042572
aeeem_mylyn,hybrid,lightgbm,5,3,105,0,0,0.00031733228046549407
aeeem_mylyn,hybrid,lightgbm,5,3,115,1,0,0.2757689903338928
aeeem_mylyn,hybrid,lightgbm,5,3,121,0,0,0.05356360116904677
aeeem_mylyn,hybrid,lightgbm,5,3,130,0,0,0.0103252136640171
aeeem_mylyn,hybrid,lightgbm,5,3,133,1,0,0.4453141859894891
aeeem_mylyn,hybrid,lightgbm,5,3,136,0,1,0.9751352898166443
aeeem_mylyn,hybrid,lightgbm,5,3,137,0,0,0.0031972175300153624
aeeem_mylyn,hybrid,lightgbm,5,3,138,0,0,0.005346492681931587
aeeem_mylyn,hybrid,lightgbm,5,3,139,0,0,0.022986034376567325
aeeem_mylyn,hybrid,lightgbm,5,3,157,0,0,0.025198737535773993
aeeem_mylyn,hybrid,lightgbm,5,3,165,0,1,0.5076046774735768
aeeem_mylyn,hybrid,lightgbm,5,3,169,1,0,0.20595580032949626
aeeem_mylyn,hybrid,lightgbm,5,3,177,0,0,0.028237859273620186
aeeem_mylyn,hybrid,lightgbm,5,3,185,0,0,0.0004576720622775355
aeeem_mylyn,hybrid,lightgbm,5,3,191,0,0,0.004089219970133751
aeeem_mylyn,hybrid,lightgbm,5,3,203,0,0,0.23166713039468956
aeeem_mylyn,hybrid,lightgbm,5,3,205,1,0,0.483533423452103
aeeem_mylyn,hybrid,lightgbm,5,3,207,0,1,0.5242696288709259
aeeem_mylyn,hybrid,lightgbm,5,3,208,1,0,0.12987642800001464
aeeem_mylyn,hybrid,lightgbm,5,3,213,0,0,0.10267118210182945
aeeem_mylyn,hybrid,lightgbm,5,3,216,0,0,0.003649212376013039
aeeem_mylyn,hybrid,lightgbm,5,3,220,0,0,0.015174455850932085
aeeem_mylyn,hybrid,lightgbm,5,3,227,0,1,0.665051358091439
aeeem_mylyn,hybrid,lightgbm,5,3,234,0,0,0.036736740932462875
aeeem_mylyn,hybrid,lightgbm,5,3,236,0,0,0.00169963061273483
aeeem_mylyn,hybrid,lightgbm,5,3,237,0,1,0.8796045464496102
aeeem_mylyn,hybrid,lightgbm,5,3,238,0,0,0.2660863381405676
aeeem_mylyn,hybrid,lightgbm,5,3,244,0,0,0.05021510353724863
aeeem_mylyn,hybrid,lightgbm,5,3,248,0,0,0.01854406928516914
aeeem_mylyn,hybrid,lightgbm,5,3,255,0,0,0.38705936683899944
aeeem_mylyn,hybrid,lightgbm,5,3,264,0,0,0.0014745443346528316
aeeem_mylyn,hybrid,lightgbm,5,3,265,0,0,0.06073155544887071
aeeem_mylyn,hybrid,lightgbm,5,3,268,0,0,0.0008944196113071906
aeeem_mylyn,hybrid,lightgbm,5,3,270,0,0,0.0009480922484665723
aeeem_mylyn,hybrid,lightgbm,5,3,289,1,0,0.059125864520686654
aeeem_mylyn,hybrid,lightgbm,5,3,290,0,0,0.0005974464086077855
aeeem_mylyn,hybrid,lightgbm,5,3,291,1,0,0.13268126425115742
aeeem_mylyn,hybrid,lightgbm,5,3,309,0,0,0.07206187963991316
aeeem_mylyn,hybrid,lightgbm,5,3,310,0,1,0.6572943129746917
aeeem_mylyn,hybrid,lightgbm,5,3,312,0,1,0.6936530400576083
aeeem_mylyn,hybrid,lightgbm,5,3,313,0,0,0.061509900055719255
aeeem_mylyn,hybrid,lightgbm,5,3,314,0,0,0.09806437032193036
aeeem_mylyn,hybrid,lightgbm,5,3,321,0,0,0.02365231096750686
aeeem_mylyn,hybrid,lightgbm,5,3,340,0,0,0.008342247001905844
aeeem_mylyn,hybrid,lightgbm,5,3,359,0,0,0.02579561811343273
aeeem_mylyn,hybrid,lightgbm,5,3,366,0,0,0.011755274377655793
aeeem_mylyn,hybrid,lightgbm,5,3,377,0,0,0.011733759251098638
aeeem_mylyn,hybrid,lightgbm,5,3,390,0,0,0.0015126323190658984
aeeem_mylyn,hybrid,lightgbm,5,3,395,0,0,0.001708315315106059
aeeem_mylyn,hybrid,lightgbm,5,3,396,0,1,0.7805349848848134
aeeem_mylyn,hybrid,lightgbm,5,3,398,0,0,0.009917774218810758
aeeem_mylyn,hybrid,lightgbm,5,3,408,0,0,0.00812300105249674
aeeem_mylyn,hybrid,lightgbm,5,3,411,0,0,0.11212984932738361
aeeem_mylyn,hybrid,lightgbm,5,3,417,0,0,0.20251218050880881
aeeem_mylyn,hybrid,lightgbm,5,3,420,0,0,0.48029582512425745
aeeem_mylyn,hybrid,lightgbm,5,3,425,0,0,0.003895581349232701
aeeem_mylyn,hybrid,lightgbm,5,3,440,0,0,0.032739164462874816
aeeem_mylyn,hybrid,lightgbm,5,3,447,0,0,0.023646040359080564
aeeem_mylyn,hybrid,lightgbm,5,3,449,0,0,0.0015303958984570452
aeeem_mylyn,hybrid,lightgbm,5,3,453,0,0,0.007219987571269959
aeeem_mylyn,hybrid,lightgbm,5,3,455,1,0,0.2248138203619147
aeeem_mylyn,hybrid,lightgbm,5,3,459,1,1,0.7975744647608773
aeeem_mylyn,hybrid,lightgbm,5,3,462,0,0,0.20063160543774414
aeeem_mylyn,hybrid,lightgbm,5,3,479,0,0,0.0008702200877557265
aeeem_mylyn,hybrid,lightgbm,5,3,485,0,0,0.0005091897173210863
aeeem_mylyn,hybrid,lightgbm,5,3,498,1,1,0.7230717333794477
aeeem_mylyn,hybrid,lightgbm,5,3,500,0,0,0.08746457053255974
aeeem_mylyn,hybrid,lightgbm,5,3,503,0,0,0.26246077833469245
aeeem_mylyn,hybrid,lightgbm,5,3,504,0,0,0.07997203485134666
aeeem_mylyn,hybrid,lightgbm,5,3,507,0,0,0.0045102483660114275
aeeem_mylyn,hybrid,lightgbm,5,3,508,0,0,0.03702262768761012
aeeem_mylyn,hybrid,lightgbm,5,3,512,0,0,0.0015165082906305328
aeeem_mylyn,hybrid,lightgbm,5,3,535,0,0,0.1835652471201439
aeeem_mylyn,hybrid,lightgbm,5,3,537,0,0,0.1846303276447411
aeeem_mylyn,hybrid,lightgbm,5,3,540,0,0,0.0054880048180343055
aeeem_mylyn,hybrid,lightgbm,5,3,543,1,0,0.1372166870886824
aeeem_mylyn,hybrid,lightgbm,5,3,545,1,0,0.10225621764706011
aeeem_mylyn,hybrid,lightgbm,5,3,552,1,1,0.9806331630546365
aeeem_mylyn,hybrid,lightgbm,5,3,557,1,1,0.9542377541045869
aeeem_mylyn,hybrid,lightgbm,5,3,561,1,0,0.005797768415135587
aeeem_mylyn,hybrid,lightgbm,5,3,562,0,0,0.0010369503410669104
aeeem_mylyn,hybrid,lightgbm,5,3,566,0,0,0.002311567622804468
aeeem_mylyn,hybrid,lightgbm,5,3,572,0,0,0.43212304624978254
aeeem_mylyn,hybrid,lightgbm,5,3,574,0,1,0.704192832731038
aeeem_mylyn,hybrid,lightgbm,5,3,575,0,0,0.0007579803655694884
aeeem_mylyn,hybrid,lightgbm,5,3,578,0,0,0.038962449617568645
aeeem_mylyn,hybrid,lightgbm,5,3,580,0,0,0.017194970105153373
aeeem_mylyn,hybrid,lightgbm,5,3,588,0,0,0.2929470584886994
aeeem_mylyn,hybrid,lightgbm,5,3,591,0,0,0.00016277807818698828
aeeem_mylyn,hybrid,lightgbm,5,3,592,0,0,0.005149559385848454
aeeem_mylyn,hybrid,lightgbm,5,3,601,0,0,0.33428811205785086
aeeem_mylyn,hybrid,lightgbm,5,3,602,1,0,0.037666980027383584
aeeem_mylyn,hybrid,lightgbm,5,3,606,0,0,0.006972467974081091
aeeem_mylyn,hybrid,lightgbm,5,3,607,1,0,0.3558863809825354
aeeem_mylyn,hybrid,lightgbm,5,3,609,0,0,0.0006354211296400473
aeeem_mylyn,hybrid,lightgbm,5,3,610,0,1,0.6023229002386152
aeeem_mylyn,hybrid,lightgbm,5,3,618,0,0,0.31118232959162534
aeeem_mylyn,hybrid,lightgbm,5,3,621,0,0,0.006156289795289297
aeeem_mylyn,hybrid,lightgbm,5,3,632,0,0,0.0033581760884597565
aeeem_mylyn,hybrid,lightgbm,5,3,634,0,0,0.00037890250859104344
aeeem_mylyn,hybrid,lightgbm,5,3,638,0,0,0.0009300291102062084
aeeem_mylyn,hybrid,lightgbm,5,3,639,0,0,0.006160407478154042
aeeem_mylyn,hybrid,lightgbm,5,3,649,0,0,0.0003260739675527576
aeeem_mylyn,hybrid,lightgbm,5,3,657,0,0,0.000454205654540058
aeeem_mylyn,hybrid,lightgbm,5,3,672,0,0,0.0023644522745107227
aeeem_mylyn,hybrid,lightgbm,5,3,678,0,0,0.0007360451449223292
aeeem_mylyn,hybrid,lightgbm,5,3,685,0,0,0.007038882722514053
aeeem_mylyn,hybrid,lightgbm,5,3,691,0,0,0.00046650420099107005
aeeem_mylyn,hybrid,lightgbm,5,3,697,1,0,0.29315120859465404
aeeem_mylyn,hybrid,lightgbm,5,3,702,0,0,0.1080508599177477
aeeem_mylyn,hybrid,lightgbm,5,3,704,0,1,0.9643485180302184
aeeem_mylyn,hybrid,lightgbm,5,3,711,0,0,0.005837661910159993
aeeem_mylyn,hybrid,lightgbm,5,3,714,0,0,0.0014153521368196
aeeem_mylyn,hybrid,lightgbm,5,3,719,0,0,0.3592106328459545
aeeem_mylyn,hybrid,lightgbm,5,3,727,0,0,0.0002528726581787048
aeeem_mylyn,hybrid,lightgbm,5,3,728,0,0,0.0010431833106544473
aeeem_mylyn,hybrid,lightgbm,5,3,733,0,0,0.08639461564438287
aeeem_mylyn,hybrid,lightgbm,5,3,743,0,0,0.02217988480131482
aeeem_mylyn,hybrid,lightgbm,5,3,746,0,0,0.0016276332196490642
aeeem_mylyn,hybrid,lightgbm,5,3,757,0,0,0.0067210372286600865
aeeem_mylyn,hybrid,lightgbm,5,3,760,0,0,0.0015204433136986946
aeeem_mylyn,hybrid,lightgbm,5,3,773,0,0,0.31996232760932203
aeeem_mylyn,hybrid,lightgbm,5,3,785,1,0,0.23430410306991745
aeeem_mylyn,hybrid,lightgbm,5,3,788,0,0,0.0011432429236859208
aeeem_mylyn,hybrid,lightgbm,5,3,789,0,0,0.0077615918757966505
aeeem_mylyn,hybrid,lightgbm,5,3,794,0,0,0.03635417402819957
aeeem_mylyn,hybrid,lightgbm,5,3,798,0,0,0.004572251633347485
aeeem_mylyn,hybrid,lightgbm,5,3,799,0,0,0.0031769164344441964
aeeem_mylyn,hybrid,lightgbm,5,3,805,0,0,0.14398233872514643
aeeem_mylyn,hybrid,lightgbm,5,3,806,0,0,0.02145636498822241
aeeem_mylyn,hybrid,lightgbm,5,3,814,0,0,0.019769743580804328
aeeem_mylyn,hybrid,lightgbm,5,3,817,0,0,0.009914770802754599
aeeem_mylyn,hybrid,lightgbm,5,3,819,1,1,0.9589791738455719
aeeem_mylyn,hybrid,lightgbm,5,3,823,1,1,0.8468405460385029
aeeem_mylyn,hybrid,lightgbm,5,3,825,0,0,0.3157603686755443
aeeem_mylyn,hybrid,lightgbm,5,3,830,1,1,0.7324454412284935
aeeem_mylyn,hybrid,lightgbm,5,3,832,1,0,0.0980441927379956
aeeem_mylyn,hybrid,lightgbm,5,3,834,0,0,0.011810733645693253
aeeem_mylyn,hybrid,lightgbm,5,3,837,0,0,0.000771740510836996
aeeem_mylyn,hybrid,lightgbm,5,3,838,0,0,0.03288995355888017
aeeem_mylyn,hybrid,lightgbm,5,3,847,0,0,0.0005989146109643549
aeeem_mylyn,hybrid,lightgbm,5,3,855,0,0,0.0008278114645896939
aeeem_mylyn,hybrid,lightgbm,5,3,863,0,0,0.0016925261494607554
aeeem_mylyn,hybrid,lightgbm,5,3,864,0,0,0.00268083859204752
aeeem_mylyn,hybrid,lightgbm,5,3,868,1,1,0.6408192948739951
aeeem_mylyn,hybrid,lightgbm,5,3,869,0,0,0.02312382993683703
aeeem_mylyn,hybrid,lightgbm,5,3,875,0,0,0.001161326407649482
aeeem_mylyn,hybrid,lightgbm,5,3,879,0,0,0.04541956373470461
aeeem_mylyn,hybrid,lightgbm,5,3,880,0,0,0.07108930730661106
aeeem_mylyn,hybrid,lightgbm,5,3,881,0,1,0.5916910981770577
aeeem_mylyn,hybrid,lightgbm,5,3,893,0,0,0.2080115903637622
aeeem_mylyn,hybrid,lightgbm,5,3,899,0,0,0.005914537518185421
aeeem_mylyn,hybrid,lightgbm,5,3,908,0,0,0.019304891971881042
aeeem_mylyn,hybrid,lightgbm,5,3,910,0,0,0.015587611833917017
aeeem_mylyn,hybrid,lightgbm,5,3,916,0,0,0.011220642559208955
aeeem_mylyn,hybrid,lightgbm,5,3,917,0,0,0.0021803198591169265
aeeem_mylyn,hybrid,lightgbm,5,3,919,0,0,0.0021226927306256796
aeeem_mylyn,hybrid,lightgbm,5,3,924,0,0,0.0012305519823138545
aeeem_mylyn,hybrid,lightgbm,5,3,929,0,0,0.023391667850319528
aeeem_mylyn,hybrid,lightgbm,5,3,932,0,0,0.0005305705642352775
aeeem_mylyn,hybrid,lightgbm,5,3,941,0,0,0.00040186418058686267
aeeem_mylyn,hybrid,lightgbm,5,3,944,0,0,0.0021702669618571114
aeeem_mylyn,hybrid,lightgbm,5,3,951,1,1,0.5794908831862359
aeeem_mylyn,hybrid,lightgbm,5,3,954,0,0,0.012140227905578737
aeeem_mylyn,hybrid,lightgbm,5,3,955,1,1,0.8135857753996218
aeeem_mylyn,hybrid,lightgbm,5,3,959,0,0,0.024003777995717308
aeeem_mylyn,hybrid,lightgbm,5,3,966,0,0,0.2840807260694713
aeeem_mylyn,hybrid,lightgbm,5,3,975,0,0,0.06178239511744468
aeeem_mylyn,hybrid,lightgbm,5,3,977,0,0,0.0007705653262462291
aeeem_mylyn,hybrid,lightgbm,5,3,980,0,0,0.05042302752090896
aeeem_mylyn,hybrid,lightgbm,5,3,983,1,0,0.44147124683711525
aeeem_mylyn,hybrid,lightgbm,5,3,1000,0,0,0.013892848068675969
aeeem_mylyn,hybrid,lightgbm,5,3,1001,1,0,0.046626863577605614
aeeem_mylyn,hybrid,lightgbm,5,3,1002,0,0,0.017788891836015112
aeeem_mylyn,hybrid,lightgbm,5,3,1003,0,0,0.012224386004588078
aeeem_mylyn,hybrid,lightgbm,5,3,1010,0,0,0.04371650928636168
aeeem_mylyn,hybrid,lightgbm,5,3,1015,0,0,0.003910036291095183
aeeem_mylyn,hybrid,lightgbm,5,3,1023,0,1,0.8063889200831219
aeeem_mylyn,hybrid,lightgbm,5,3,1028,0,0,0.03584453642281906
aeeem_mylyn,hybrid,lightgbm,5,3,1030,0,0,0.01442790337447353
aeeem_mylyn,hybrid,lightgbm,5,3,1039,0,0,0.07290691688083575
aeeem_mylyn,hybrid,lightgbm,5,3,1043,0,0,0.004323388322171107
aeeem_mylyn,hybrid,lightgbm,5,3,1048,0,0,0.00031718431298322054
aeeem_mylyn,hybrid,lightgbm,5,3,1049,0,0,0.0288093958769677
aeeem_mylyn,hybrid,lightgbm,5,3,1051,0,0,0.3331207949049486
aeeem_mylyn,hybrid,lightgbm,5,3,1052,0,0,0.0007003980096003876
aeeem_mylyn,hybrid,lightgbm,5,3,1063,0,0,0.0017282455707161252
aeeem_mylyn,hybrid,lightgbm,5,3,1065,0,0,0.016125711920955584
aeeem_mylyn,hybrid,lightgbm,5,3,1070,0,0,0.0010669597456084926
aeeem_mylyn,hybrid,lightgbm,5,3,1071,0,1,0.6748398406585939
aeeem_mylyn,hybrid,lightgbm,5,3,1091,0,0,0.0007758936484614145
aeeem_mylyn,hybrid,lightgbm,5,3,1093,0,0,0.023370175042177324
aeeem_mylyn,hybrid,lightgbm,5,3,1099,0,0,0.0018795766451555897
aeeem_mylyn,hybrid,lightgbm,5,3,1100,0,0,0.12244751785593228
aeeem_mylyn,hybrid,lightgbm,5,3,1104,0,0,0.019278182999097167
aeeem_mylyn,hybrid,lightgbm,5,3,1109,0,1,0.875264322459614
aeeem_mylyn,hybrid,lightgbm,5,3,1111,0,0,0.0003416820805719847
aeeem_mylyn,hybrid,lightgbm,5,3,1113,0,0,0.0016080718751245594
aeeem_mylyn,hybrid,lightgbm,5,3,1115,0,0,0.0012276133674193866
aeeem_mylyn,hybrid,lightgbm,5,3,1116,0,0,0.007517388917118661
aeeem_mylyn,hybrid,lightgbm,5,3,1120,0,0,0.002076362341411101
aeeem_mylyn,hybrid,lightgbm,5,3,1127,1,1,0.7521577839780438
aeeem_mylyn,hybrid,lightgbm,5,3,1130,0,0,0.0004891779088452958
aeeem_mylyn,hybrid,lightgbm,5,3,1134,0,0,0.0008706430046534487
aeeem_mylyn,hybrid,lightgbm,5,3,1135,0,0,0.006032350888955589
aeeem_mylyn,hybrid,lightgbm,5,3,1136,0,0,0.009119856270073296
aeeem_mylyn,hybrid,lightgbm,5,3,1140,0,0,0.0014823577221145425
aeeem_mylyn,hybrid,lightgbm,5,3,1142,0,0,0.018849209526814553
aeeem_mylyn,hybrid,lightgbm,5,3,1169,0,1,0.8628494866178261
aeeem_mylyn,hybrid,lightgbm,5,3,1172,0,0,0.030775209274655047
aeeem_mylyn,hybrid,lightgbm,5,3,1176,0,0,0.011220799826873558
aeeem_mylyn,hybrid,lightgbm,5,3,1180,0,0,0.001524591959231472
aeeem_mylyn,hybrid,lightgbm,5,3,1182,0,0,0.00756973913721971
aeeem_mylyn,hybrid,lightgbm,5,3,1189,0,0,0.0005038077875808297
aeeem_mylyn,hybrid,lightgbm,5,3,1190,0,1,0.9292315521140649
aeeem_mylyn,hybrid,lightgbm,5,3,1194,0,0,0.21018386487404342
aeeem_mylyn,hybrid,lightgbm,5,3,1197,0,1,0.5840214819258124
aeeem_mylyn,hybrid,lightgbm,5,3,1201,0,0,0.0008303445594681445
aeeem_mylyn,hybrid,lightgbm,5,3,1212,0,0,0.004599900128803358
aeeem_mylyn,hybrid,lightgbm,5,3,1214,0,0,0.03529776615043979
aeeem_mylyn,hybrid,lightgbm,5,3,1216,0,0,0.00779574732902691
aeeem_mylyn,hybrid,lightgbm,5,3,1220,0,0,0.024958725713645498
aeeem_mylyn,hybrid,lightgbm,5,3,1221,0,0,0.014272736889075295
aeeem_mylyn,hybrid,lightgbm,5,3,1223,0,0,0.0018734134287384462
aeeem_mylyn,hybrid,lightgbm,5,3,1226,0,0,0.0021221540276620257
aeeem_mylyn,hybrid,lightgbm,5,3,1231,0,0,0.004400090962696101
aeeem_mylyn,hybrid,lightgbm,5,3,1232,0,0,0.0002420121456577157
aeeem_mylyn,hybrid,lightgbm,5,3,1235,0,0,0.0020877198439460975
aeeem_mylyn,hybrid,lightgbm,5,3,1237,0,0,0.06821348782371367
aeeem_mylyn,hybrid,lightgbm,5,3,1238,0,0,0.039352693681766644
aeeem_mylyn,hybrid,lightgbm,5,3,1239,0,0,0.21575767985070968
aeeem_mylyn,hybrid,lightgbm,5,3,1253,0,0,0.0048278873600052785
aeeem_mylyn,hybrid,lightgbm,5,3,1259,0,0,0.0038943599426463325
aeeem_mylyn,hybrid,lightgbm,5,3,1264,0,0,0.43197292374649987
aeeem_mylyn,hybrid,lightgbm,5,3,1266,0,0,0.027271119641458647
aeeem_mylyn,hybrid,lightgbm,5,3,1270,0,0,0.07612671858930167
aeeem_mylyn,hybrid,lightgbm,5,3,1271,0,0,0.014096340882644333
aeeem_mylyn,hybrid,lightgbm,5,3,1273,0,1,0.6436850956857809
aeeem_mylyn,hybrid,lightgbm,5,3,1276,0,0,0.4163749059721962
aeeem_mylyn,hybrid,lightgbm,5,3,1281,0,0,0.1593029068260812
aeeem_mylyn,hybrid,lightgbm,5,3,1286,0,0,0.008290739861022396
aeeem_mylyn,hybrid,lightgbm,5,3,1291,0,0,0.0154956905285041
aeeem_mylyn,hybrid,lightgbm,5,3,1297,0,0,0.0015543977257836664
aeeem_mylyn,hybrid,lightgbm,5,3,1300,0,1,0.8088191077436307
aeeem_mylyn,hybrid,lightgbm,5,3,1301,0,0,0.0747803625671254
aeeem_mylyn,hybrid,lightgbm,5,3,1303,0,0,0.00096903960518279
aeeem_mylyn,hybrid,lightgbm,5,3,1311,0,0,0.0296393298623219
aeeem_mylyn,hybrid,lightgbm,5,3,1314,0,0,0.28533649951486967
aeeem_mylyn,hybrid,lightgbm,5,3,1325,0,0,0.00265579869324204
aeeem_mylyn,hybrid,lightgbm,5,3,1335,1,1,0.6261240843915924
aeeem_mylyn,hybrid,lightgbm,5,3,1337,0,0,0.10912770195316497
aeeem_mylyn,hybrid,lightgbm,5,3,1345,0,0,0.008756100472985497
aeeem_mylyn,hybrid,lightgbm,5,3,1347,0,0,0.03020033411039437
aeeem_mylyn,hybrid,lightgbm,5,3,1354,0,0,0.27524578045279097
aeeem_mylyn,hybrid,lightgbm,5,3,1360,0,1,0.9592226104281841
aeeem_mylyn,hybrid,lightgbm,5,3,1361,1,0,0.032920091263222824
aeeem_mylyn,hybrid,lightgbm,5,3,1363,0,0,0.0037710925253002033
aeeem_mylyn,hybrid,lightgbm,5,3,1365,1,0,0.09758294199355239
aeeem_mylyn,hybrid,lightgbm,5,3,1367,0,0,0.00489936387709549
aeeem_mylyn,hybrid,lightgbm,5,3,1369,0,0,0.005107370554169343
aeeem_mylyn,hybrid,lightgbm,5,3,1374,0,0,0.07837276604484536
aeeem_mylyn,hybrid,lightgbm,5,3,1375,0,0,0.0009256686795734174
aeeem_mylyn,hybrid,lightgbm,5,3,1376,0,0,0.0004307496748094149
aeeem_mylyn,hybrid,lightgbm,5,3,1378,1,0,0.47180513975566646
aeeem_mylyn,hybrid,lightgbm,5,3,1381,0,0,0.12773359467743908
aeeem_mylyn,hybrid,lightgbm,5,3,1385,0,0,0.003748055805963869
aeeem_mylyn,hybrid,lightgbm,5,3,1386,0,0,0.25180701012125656
aeeem_mylyn,hybrid,lightgbm,5,3,1395,1,0,0.29142585586656994
aeeem_mylyn,hybrid,lightgbm,5,3,1399,0,0,0.0051012387073219555
aeeem_mylyn,hybrid,lightgbm,5,3,1413,0,0,0.007892550831092086
aeeem_mylyn,hybrid,lightgbm,5,3,1414,0,0,0.0007260237065199646
aeeem_mylyn,hybrid,lightgbm,5,3,1419,0,0,0.029039558651281074
aeeem_mylyn,hybrid,lightgbm,5,3,1424,0,0,0.003630266379453588
aeeem_mylyn,hybrid,lightgbm,5,3,1426,0,0,0.038581036131076614
aeeem_mylyn,hybrid,lightgbm,5,3,1427,0,1,0.5210620323536891
aeeem_mylyn,hybrid,lightgbm,5,3,1430,0,0,0.0022366595641753794
aeeem_mylyn,hybrid,lightgbm,5,3,1432,0,0,0.014316490184531835
aeeem_mylyn,hybrid,lightgbm,5,3,1437,0,0,0.015765366967605443
aeeem_mylyn,hybrid,lightgbm,5,3,1440,0,0,0.02324309937048943
aeeem_mylyn,hybrid,lightgbm,5,3,1443,0,0,0.012841430184266955
aeeem_mylyn,hybrid,lightgbm,5,3,1445,0,0,0.053657020779795304
aeeem_mylyn,hybrid,lightgbm,5,3,1451,0,0,0.0024597943429237757
aeeem_mylyn,hybrid,lightgbm,5,3,1460,1,1,0.8706401826431964
aeeem_mylyn,hybrid,lightgbm,5,3,1465,1,0,0.008529950468229379
aeeem_mylyn,hybrid,lightgbm,5,3,1477,1,1,0.8784423346377556
aeeem_mylyn,hybrid,lightgbm,5,3,1484,0,0,0.00033827741225342394
aeeem_mylyn,hybrid,lightgbm,5,3,1488,0,0,0.10546530503755888
aeeem_mylyn,hybrid,lightgbm,5,3,1490,1,0,0.07959506691291804
aeeem_mylyn,hybrid,lightgbm,5,3,1493,1,1,0.8779064157050754
aeeem_mylyn,hybrid,lightgbm,5,3,1495,0,0,0.04555669614962167
aeeem_mylyn,hybrid,lightgbm,5,3,1503,0,0,0.0050465328817590385
aeeem_mylyn,hybrid,lightgbm,5,3,1509,0,1,0.7044259355164597
aeeem_mylyn,hybrid,lightgbm,5,3,1520,0,0,0.055486994251465784
aeeem_mylyn,hybrid,lightgbm,5,3,1522,0,0,0.05162473572504367
aeeem_mylyn,hybrid,lightgbm,5,3,1524,0,0,0.00836725375306182
aeeem_mylyn,hybrid,lightgbm,5,3,1526,0,0,0.0007174138368433418
aeeem_mylyn,hybrid,lightgbm,5,3,1527,0,0,0.01663696512203973
aeeem_mylyn,hybrid,lightgbm,5,3,1554,0,0,0.0007331163747249085
aeeem_mylyn,hybrid,lightgbm,5,3,1557,0,0,0.0021398922176209785
aeeem_mylyn,hybrid,lightgbm,5,3,1565,1,1,0.9069571376436564
aeeem_mylyn,hybrid,lightgbm,5,3,1572,0,0,0.021842723804339076
aeeem_mylyn,hybrid,lightgbm,5,3,1574,1,1,0.8055124798860708
aeeem_mylyn,hybrid,lightgbm,5,3,1581,0,0,0.3588545102642154
aeeem_mylyn,hybrid,lightgbm,5,3,1583,0,0,0.011299980722071766
aeeem_mylyn,hybrid,lightgbm,5,3,1586,1,1,0.9942762902395701
aeeem_mylyn,hybrid,lightgbm,5,3,1593,0,0,0.0005459764908759871
aeeem_mylyn,hybrid,lightgbm,5,3,1596,0,0,0.02777838418873972
aeeem_mylyn,hybrid,lightgbm,5,3,1604,0,0,0.002006241478579089
aeeem_mylyn,hybrid,lightgbm,5,3,1611,0,0,0.0008380541405258226
aeeem_mylyn,hybrid,lightgbm,5,3,1616,0,0,0.02447284668091845
aeeem_mylyn,hybrid,lightgbm,5,3,1618,0,0,0.0026350098642897992
aeeem_mylyn,hybrid,lightgbm,5,3,1628,0,0,0.04107002128984269
aeeem_mylyn,hybrid,lightgbm,5,3,1636,0,0,0.0038593899587175333
aeeem_mylyn,hybrid,lightgbm,5,3,1637,0,0,0.1291820261146032
aeeem_mylyn,hybrid,lightgbm,5,3,1645,1,0,0.4945984791242174
aeeem_mylyn,hybrid,lightgbm,5,3,1656,0,0,0.09050440004434808
aeeem_mylyn,hybrid,lightgbm,5,3,1660,0,0,0.03312953872995369
aeeem_mylyn,hybrid,lightgbm,5,3,1672,0,0,0.03196043922986622
aeeem_mylyn,hybrid,lightgbm,5,3,1684,0,0,0.027436343559750595
aeeem_mylyn,hybrid,lightgbm,5,3,1685,0,0,0.0071516840184845075
aeeem_mylyn,hybrid,lightgbm,5,3,1686,0,0,0.019810315420570532
aeeem_mylyn,hybrid,lightgbm,5,3,1690,0,0,0.04963437549932222
aeeem_mylyn,hybrid,lightgbm,5,3,1691,0,0,0.15370114781686395
aeeem_mylyn,hybrid,lightgbm,5,3,1693,0,0,0.012537288979800151
aeeem_mylyn,hybrid,lightgbm,5,3,1697,1,1,0.8974623338487505
aeeem_mylyn,hybrid,lightgbm,5,3,1701,0,0,0.000998113630260172
aeeem_mylyn,hybrid,lightgbm,5,3,1702,0,1,0.5212989565264611
aeeem_mylyn,hybrid,lightgbm,5,3,1703,0,0,0.16757318962313708
aeeem_mylyn,hybrid,lightgbm,5,3,1705,0,0,0.0033433267825182206
aeeem_mylyn,hybrid,lightgbm,5,3,1710,0,0,0.04564673452346245
aeeem_mylyn,hybrid,lightgbm,5,3,1711,0,0,0.1415113752294871
aeeem_mylyn,hybrid,lightgbm,5,3,1732,1,0,0.07319640644500836
aeeem_mylyn,hybrid,lightgbm,5,3,1740,0,1,0.5030822612692337
aeeem_mylyn,hybrid,lightgbm,5,3,1742,0,0,0.07976745608550281
aeeem_mylyn,hybrid,lightgbm,5,3,1744,0,0,0.01089790336448424
aeeem_mylyn,hybrid,lightgbm,5,3,1746,0,0,0.0019277317647463184
aeeem_mylyn,hybrid,lightgbm,5,3,1753,0,0,0.037342544341684575
aeeem_mylyn,hybrid,lightgbm,5,3,1756,1,1,0.921195751212914
aeeem_mylyn,hybrid,lightgbm,5,3,1759,1,1,0.9785008947050121
aeeem_mylyn,hybrid,lightgbm,5,3,1760,0,0,0.19809487027454423
aeeem_mylyn,hybrid,lightgbm,5,3,1762,0,0,0.06540727617795637
aeeem_mylyn,hybrid,lightgbm,5,3,1773,0,0,0.018151277285270915
aeeem_mylyn,hybrid,lightgbm,5,3,1782,0,0,0.004321219922384318
aeeem_mylyn,hybrid,lightgbm,5,3,1787,0,0,0.02484245707367228
aeeem_mylyn,hybrid,lightgbm,5,3,1797,0,0,0.008024794005520577
aeeem_mylyn,hybrid,lightgbm,5,3,1804,0,0,0.02617556697899734
aeeem_mylyn,hybrid,lightgbm,5,3,1810,0,0,0.0028288751533964355
aeeem_mylyn,hybrid,lightgbm,5,3,1811,0,1,0.7657584847321424
aeeem_mylyn,hybrid,lightgbm,5,3,1814,0,0,0.0023428546887551385
aeeem_mylyn,hybrid,lightgbm,5,3,1820,0,0,0.0003784448957597262
aeeem_mylyn,hybrid,lightgbm,5,3,1821,0,0,0.03390087126624494
aeeem_mylyn,hybrid,lightgbm,5,3,1829,0,0,0.03135056429867144
aeeem_mylyn,hybrid,lightgbm,5,3,1833,0,0,0.0004804082031887115
aeeem_mylyn,hybrid,lightgbm,5,3,1839,0,0,0.0037368142814089914
aeeem_mylyn,hybrid,lightgbm,5,3,1843,0,0,0.37109296500024375
aeeem_mylyn,hybrid,lightgbm,5,3,1858,0,0,0.0009659092263600265
aeeem_mylyn,hybrid,lightgbm,5,4,2,0,0,0.0014680628326000015
aeeem_mylyn,hybrid,lightgbm,5,4,5,0,0,0.0005919770259057269
aeeem_mylyn,hybrid,lightgbm,5,4,8,0,0,0.1821886656507845
aeeem_mylyn,hybrid,lightgbm,5,4,38,0,0,0.041594192983392744
aeeem_mylyn,hybrid,lightgbm,5,4,39,0,0,0.32137335352679236
aeeem_mylyn,hybrid,lightgbm,5,4,40,1,1,0.8647853189762913
aeeem_mylyn,hybrid,lightgbm,5,4,49,0,0,0.009324345227321252
aeeem_mylyn,hybrid,lightgbm,5,4,50,0,0,0.0017103861928768223
aeeem_mylyn,hybrid,lightgbm,5,4,56,1,0,0.23039683200728367
aeeem_mylyn,hybrid,lightgbm,5,4,64,0,0,0.007154756045999037
aeeem_mylyn,hybrid,lightgbm,5,4,65,0,0,0.002672718489137693
aeeem_mylyn,hybrid,lightgbm,5,4,66,0,0,0.008119602329965841
aeeem_mylyn,hybrid,lightgbm,5,4,67,0,1,0.8787983662358839
aeeem_mylyn,hybrid,lightgbm,5,4,71,0,0,0.017918742583898334
aeeem_mylyn,hybrid,lightgbm,5,4,72,0,0,0.006783734549301524
aeeem_mylyn,hybrid,lightgbm,5,4,73,0,0,0.0017501240426283633
aeeem_mylyn,hybrid,lightgbm,5,4,80,0,0,0.027598054780392522
aeeem_mylyn,hybrid,lightgbm,5,4,85,0,0,0.0523088789279436
aeeem_mylyn,hybrid,lightgbm,5,4,87,0,0,0.08497284533548073
aeeem_mylyn,hybrid,lightgbm,5,4,92,0,0,0.0009433396599343593
aeeem_mylyn,hybrid,lightgbm,5,4,97,0,0,0.042298416823314235
aeeem_mylyn,hybrid,lightgbm,5,4,100,0,0,0.005079241668796978
aeeem_mylyn,hybrid,lightgbm,5,4,106,0,0,0.0057755331133716725
aeeem_mylyn,hybrid,lightgbm,5,4,108,0,0,0.30934881561574046
aeeem_mylyn,hybrid,lightgbm,5,4,109,0,0,0.008418691919121868
aeeem_mylyn,hybrid,lightgbm,5,4,113,1,0,0.006592605914408016
aeeem_mylyn,hybrid,lightgbm,5,4,117,0,0,0.008490347853173997
aeeem_mylyn,hybrid,lightgbm,5,4,124,0,0,0.08677421598646991
aeeem_mylyn,hybrid,lightgbm,5,4,126,0,0,0.0003441489456268911
aeeem_mylyn,hybrid,lightgbm,5,4,145,0,1,0.5636229143052304
aeeem_mylyn,hybrid,lightgbm,5,4,146,0,0,0.008321472450639111
aeeem_mylyn,hybrid,lightgbm,5,4,149,0,1,0.670887754494817
aeeem_mylyn,hybrid,lightgbm,5,4,150,0,0,0.015943803387079895
aeeem_mylyn,hybrid,lightgbm,5,4,159,0,0,0.028920461772475377
aeeem_mylyn,hybrid,lightgbm,5,4,163,0,0,0.01367930659449526
aeeem_mylyn,hybrid,lightgbm,5,4,175,0,0,0.0007000132188685663
aeeem_mylyn,hybrid,lightgbm,5,4,178,0,0,0.0035384523257356443
aeeem_mylyn,hybrid,lightgbm,5,4,182,0,0,0.002827403241877387
aeeem_mylyn,hybrid,lightgbm,5,4,189,0,0,0.0014473339241483272
aeeem_mylyn,hybrid,lightgbm,5,4,194,0,1,0.563275675212927
aeeem_mylyn,hybrid,lightgbm,5,4,206,0,0,0.0315579957047007
aeeem_mylyn,hybrid,lightgbm,5,4,209,1,1,0.8919586567402027
aeeem_mylyn,hybrid,lightgbm,5,4,218,0,0,0.025356833001621476
aeeem_mylyn,hybrid,lightgbm,5,4,222,1,1,0.862694569623582
aeeem_mylyn,hybrid,lightgbm,5,4,224,0,0,0.11465067843957219
aeeem_mylyn,hybrid,lightgbm,5,4,230,0,0,0.0036528074171637867
aeeem_mylyn,hybrid,lightgbm,5,4,240,0,0,0.00019195922478854502
aeeem_mylyn,hybrid,lightgbm,5,4,256,0,0,0.002509715533715795
aeeem_mylyn,hybrid,lightgbm,5,4,269,0,0,0.0013614812288253576
aeeem_mylyn,hybrid,lightgbm,5,4,271,0,0,0.10263382956454925
aeeem_mylyn,hybrid,lightgbm,5,4,272,1,1,0.5423032830447796
aeeem_mylyn,hybrid,lightgbm,5,4,275,0,0,0.11320104074931862
aeeem_mylyn,hybrid,lightgbm,5,4,276,0,0,0.00037815423384447494
aeeem_mylyn,hybrid,lightgbm,5,4,282,0,0,0.0017967273860431934
aeeem_mylyn,hybrid,lightgbm,5,4,284,0,0,0.0031665583490847766
aeeem_mylyn,hybrid,lightgbm,5,4,286,0,0,0.01265112322480903
aeeem_mylyn,hybrid,lightgbm,5,4,287,0,1,0.5549726644723579
aeeem_mylyn,hybrid,lightgbm,5,4,292,0,0,0.022081135833550657
aeeem_mylyn,hybrid,lightgbm,5,4,293,0,0,0.001496653190800214
aeeem_mylyn,hybrid,lightgbm,5,4,299,0,0,0.011017327686707983
aeeem_mylyn,hybrid,lightgbm,5,4,316,1,1,0.7216688321416465
aeeem_mylyn,hybrid,lightgbm,5,4,318,0,0,0.0002287694652641377
aeeem_mylyn,hybrid,lightgbm,5,4,322,0,0,0.0795188038552234
aeeem_mylyn,hybrid,lightgbm,5,4,328,0,0,0.004341435442616842
aeeem_mylyn,hybrid,lightgbm,5,4,331,0,0,0.004833178949542166
aeeem_mylyn,hybrid,lightgbm,5,4,333,0,0,0.001193912439804942
aeeem_mylyn,hybrid,lightgbm,5,4,334,0,0,0.05851082712695493
aeeem_mylyn,hybrid,lightgbm,5,4,337,1,0,0.01964232722376224
aeeem_mylyn,hybrid,lightgbm,5,4,346,0,0,0.0022606407923885497
aeeem_mylyn,hybrid,lightgbm,5,4,353,0,0,0.0074537095410685756
aeeem_mylyn,hybrid,lightgbm,5,4,355,0,1,0.6829788195791755
aeeem_mylyn,hybrid,lightgbm,5,4,356,0,0,0.0015676357329256184
aeeem_mylyn,hybrid,lightgbm,5,4,358,0,1,0.5471123760664838
aeeem_mylyn,hybrid,lightgbm,5,4,362,0,0,0.24887607627192296
aeeem_mylyn,hybrid,lightgbm,5,4,370,0,0,0.005016078037703094
aeeem_mylyn,hybrid,lightgbm,5,4,378,0,0,0.007841472243181349
aeeem_mylyn,hybrid,lightgbm,5,4,381,0,0,0.0043260783410558465
aeeem_mylyn,hybrid,lightgbm,5,4,385,0,0,0.139859174989298
aeeem_mylyn,hybrid,lightgbm,5,4,386,0,0,0.0034932360450316245
aeeem_mylyn,hybrid,lightgbm,5,4,387,0,0,0.0016615815245406692
aeeem_mylyn,hybrid,lightgbm,5,4,388,0,0,0.002628068453554633
aeeem_mylyn,hybrid,lightgbm,5,4,391,0,0,0.0008837295646118627
aeeem_mylyn,hybrid,lightgbm,5,4,392,0,0,0.0009308304957649731
aeeem_mylyn,hybrid,lightgbm,5,4,394,0,0,0.010876414898413699
aeeem_mylyn,hybrid,lightgbm,5,4,401,0,0,0.0002697232335074498
aeeem_mylyn,hybrid,lightgbm,5,4,402,0,0,0.0009607772008565392
aeeem_mylyn,hybrid,lightgbm,5,4,404,0,0,0.0015836489416472456
aeeem_mylyn,hybrid,lightgbm,5,4,405,0,0,0.13973234355469874
aeeem_mylyn,hybrid,lightgbm,5,4,412,0,1,0.6947580694501504
aeeem_mylyn,hybrid,lightgbm,5,4,413,1,1,0.5441868301154594
aeeem_mylyn,hybrid,lightgbm,5,4,419,0,0,0.054960416138440854
aeeem_mylyn,hybrid,lightgbm,5,4,424,0,0,0.01128743719295009
aeeem_mylyn,hybrid,lightgbm,5,4,430,0,0,0.0005967222253241825
aeeem_mylyn,hybrid,lightgbm,5,4,433,1,0,0.0008194344041199549
aeeem_mylyn,hybrid,lightgbm,5,4,435,0,0,0.0003993994094956595
aeeem_mylyn,hybrid,lightgbm,5,4,436,0,0,0.006695661279395764
aeeem_mylyn,hybrid,lightgbm,5,4,445,1,0,0.15282916876372415
aeeem_mylyn,hybrid,lightgbm,5,4,446,0,0,0.0030313547218728154
aeeem_mylyn,hybrid,lightgbm,5,4,450,1,1,0.9377737820730314
aeeem_mylyn,hybrid,lightgbm,5,4,460,0,0,0.0003875970310750771
aeeem_mylyn,hybrid,lightgbm,5,4,468,0,0,0.026900408962731152
aeeem_mylyn,hybrid,lightgbm,5,4,470,0,0,0.0024247360008340583
aeeem_mylyn,hybrid,lightgbm,5,4,477,0,0,0.0029600004707866744
aeeem_mylyn,hybrid,lightgbm,5,4,478,0,0,0.033853234116779055
aeeem_mylyn,hybrid,lightgbm,5,4,497,0,0,0.006495678527107818
aeeem_mylyn,hybrid,lightgbm,5,4,499,0,0,0.011599220878034496
aeeem_mylyn,hybrid,lightgbm,5,4,513,0,0,0.20612608452991507
aeeem_mylyn,hybrid,lightgbm,5,4,514,1,0,0.0653844036291057
aeeem_mylyn,hybrid,lightgbm,5,4,518,0,0,0.08389916213620943
aeeem_mylyn,hybrid,lightgbm,5,4,523,0,0,0.07825219298912353
aeeem_mylyn,hybrid,lightgbm,5,4,525,0,0,0.0020108901570971183
aeeem_mylyn,hybrid,lightgbm,5,4,533,0,0,0.05152747068009467
aeeem_mylyn,hybrid,lightgbm,5,4,536,0,0,0.0017220515200143502
aeeem_mylyn,hybrid,lightgbm,5,4,541,1,1,0.8628684944732263
aeeem_mylyn,hybrid,lightgbm,5,4,544,0,0,0.05770734098796742
aeeem_mylyn,hybrid,lightgbm,5,4,547,0,0,0.2765078041502375
aeeem_mylyn,hybrid,lightgbm,5,4,549,0,0,0.03443622542121355
aeeem_mylyn,hybrid,lightgbm,5,4,554,0,0,0.0022934097339911306
aeeem_mylyn,hybrid,lightgbm,5,4,559,0,0,0.0012366878488133538
aeeem_mylyn,hybrid,lightgbm,5,4,565,0,0,0.02603586921418138
aeeem_mylyn,hybrid,lightgbm,5,4,571,0,0,0.02823359938381363
aeeem_mylyn,hybrid,lightgbm,5,4,583,0,0,0.008358745746281883
aeeem_mylyn,hybrid,lightgbm,5,4,585,0,0,0.011571365166780218
aeeem_mylyn,hybrid,lightgbm,5,4,589,1,0,0.30044897239992563
aeeem_mylyn,hybrid,lightgbm,5,4,594,0,0,0.0051780795834243795
aeeem_mylyn,hybrid,lightgbm,5,4,600,1,0,0.19252065707655713
aeeem_mylyn,hybrid,lightgbm,5,4,611,0,0,0.0022909777224291686
aeeem_mylyn,hybrid,lightgbm,5,4,617,0,0,0.040508946231755764
aeeem_mylyn,hybrid,lightgbm,5,4,619,1,0,0.17957138172835416
aeeem_mylyn,hybrid,lightgbm,5,4,623,0,0,0.015788769673467196
aeeem_mylyn,hybrid,lightgbm,5,4,630,0,0,0.02285280181626276
aeeem_mylyn,hybrid,lightgbm,5,4,631,0,0,0.34927007773902646
aeeem_mylyn,hybrid,lightgbm,5,4,633,0,0,0.00022325115525925898
aeeem_mylyn,hybrid,lightgbm,5,4,641,0,0,0.004984892999058387
aeeem_mylyn,hybrid,lightgbm,5,4,656,0,0,0.003396198784400996
aeeem_mylyn,hybrid,lightgbm,5,4,667,0,0,0.0005798199894098625
aeeem_mylyn,hybrid,lightgbm,5,4,675,0,0,0.009477833147580739
aeeem_mylyn,hybrid,lightgbm,5,4,676,0,0,0.03429158447980244
aeeem_mylyn,hybrid,lightgbm,5,4,683,0,0,0.019204087162493274
aeeem_mylyn,hybrid,lightgbm,5,4,686,0,0,0.013817315934018722
aeeem_mylyn,hybrid,lightgbm,5,4,687,0,0,0.002011599729498898
aeeem_mylyn,hybrid,lightgbm,5,4,688,0,0,0.10751764955950849
aeeem_mylyn,hybrid,lightgbm,5,4,690,0,0,0.0016295935912581001
aeeem_mylyn,hybrid,lightgbm,5,4,696,0,0,0.2611575599598828
aeeem_mylyn,hybrid,lightgbm,5,4,703,0,0,0.2378231263748151
aeeem_mylyn,hybrid,lightgbm,5,4,716,0,0,0.001096270879090599
aeeem_mylyn,hybrid,lightgbm,5,4,718,0,0,0.0007753444364033485
aeeem_mylyn,hybrid,lightgbm,5,4,725,0,0,0.030889074093894502
aeeem_mylyn,hybrid,lightgbm,5,4,730,1,1,0.862694569623582
aeeem_mylyn,hybrid,lightgbm,5,4,735,0,0,0.042624740524182775
aeeem_mylyn,hybrid,lightgbm,5,4,736,0,0,0.014064959345590823
aeeem_mylyn,hybrid,lightgbm,5,4,741,0,0,0.23471017440624486
aeeem_mylyn,hybrid,lightgbm,5,4,742,0,0,0.025593176665305105
aeeem_mylyn,hybrid,lightgbm,5,4,747,0,0,0.31367205471108567
aeeem_mylyn,hybrid,lightgbm,5,4,748,0,0,0.008418691919121868
aeeem_mylyn,hybrid,lightgbm,5,4,754,0,0,0.0045070415602298285
aeeem_mylyn,hybrid,lightgbm,5,4,759,0,0,0.021144604552991886
aeeem_mylyn,hybrid,lightgbm,5,4,764,0,0,0.026519383095030668
aeeem_mylyn,hybrid,lightgbm,5,4,779,0,0,0.013103611630879844
aeeem_mylyn,hybrid,lightgbm,5,4,786,0,0,0.10388497652526457
aeeem_mylyn,hybrid,lightgbm,5,4,792,1,0,0.3745592695147601
aeeem_mylyn,hybrid,lightgbm,5,4,793,0,0,0.17066633592181343
aeeem_mylyn,hybrid,lightgbm,5,4,808,0,0,0.001952219636650031
aeeem_mylyn,hybrid,lightgbm,5,4,815,0,1,0.5663687277091594
aeeem_mylyn,hybrid,lightgbm,5,4,820,0,0,0.40456500606547735
aeeem_mylyn,hybrid,lightgbm,5,4,822,0,0,0.004176747548337118
aeeem_mylyn,hybrid,lightgbm,5,4,824,0,0,0.0032181028050630328
aeeem_mylyn,hybrid,lightgbm,5,4,833,0,0,0.01851927625121232
aeeem_mylyn,hybrid,lightgbm,5,4,845,1,0,0.3614058571976071
aeeem_mylyn,hybrid,lightgbm,5,4,846,0,0,0.0010961220358263431
aeeem_mylyn,hybrid,lightgbm,5,4,850,0,0,0.04364817416943532
aeeem_mylyn,hybrid,lightgbm,5,4,852,0,0,0.0011606569608838128
aeeem_mylyn,hybrid,lightgbm,5,4,862,0,0,0.00034345667844165215
aeeem_mylyn,hybrid,lightgbm,5,4,873,0,0,0.0026372425668403573
aeeem_mylyn,hybrid,lightgbm,5,4,884,0,1,0.8997404003567256
aeeem_mylyn,hybrid,lightgbm,5,4,897,1,1,0.9525776883684579
aeeem_mylyn,hybrid,lightgbm,5,4,898,0,0,0.010788147225514138
aeeem_mylyn,hybrid,lightgbm,5,4,903,0,0,0.42689636526922325
aeeem_mylyn,hybrid,lightgbm,5,4,907,0,0,0.0027841077514435034
aeeem_mylyn,hybrid,lightgbm,5,4,909,0,0,0.001800470727389382
aeeem_mylyn,hybrid,lightgbm,5,4,912,0,1,0.9738760200982881
aeeem_mylyn,hybrid,lightgbm,5,4,920,0,0,0.12165810507323373
aeeem_mylyn,hybrid,lightgbm,5,4,936,0,0,0.00475907336430553
aeeem_mylyn,hybrid,lightgbm,5,4,937,0,0,0.07150008609005194
aeeem_mylyn,hybrid,lightgbm,5,4,946,0,0,0.0019308472737869095
aeeem_mylyn,hybrid,lightgbm,5,4,952,0,0,0.0008282215884839279
aeeem_mylyn,hybrid,lightgbm,5,4,964,0,0,0.0015598523460420494
aeeem_mylyn,hybrid,lightgbm,5,4,979,1,0,0.005255883957319579
aeeem_mylyn,hybrid,lightgbm,5,4,982,0,0,0.06706858962951903
aeeem_mylyn,hybrid,lightgbm,5,4,991,0,0,0.3767617565149235
aeeem_mylyn,hybrid,lightgbm,5,4,995,1,0,0.21374826086957827
aeeem_mylyn,hybrid,lightgbm,5,4,999,1,0,0.00991305356048848
aeeem_mylyn,hybrid,lightgbm,5,4,1014,1,0,0.03227375797483493
aeeem_mylyn,hybrid,lightgbm,5,4,1018,0,0,0.0006252573794654158
aeeem_mylyn,hybrid,lightgbm,5,4,1024,0,0,0.015084770955040433
aeeem_mylyn,hybrid,lightgbm,5,4,1032,0,0,0.02901394165648005
aeeem_mylyn,hybrid,lightgbm,5,4,1033,0,0,0.000894250249840545
aeeem_mylyn,hybrid,lightgbm,5,4,1036,0,0,0.3689112087395372
aeeem_mylyn,hybrid,lightgbm,5,4,1044,1,1,0.8761763236695411
aeeem_mylyn,hybrid,lightgbm,5,4,1053,0,0,0.010005341058805592
aeeem_mylyn,hybrid,lightgbm,5,4,1054,0,0,0.0007110649569300147
aeeem_mylyn,hybrid,lightgbm,5,4,1055,0,0,0.18278796312444656
aeeem_mylyn,hybrid,lightgbm,5,4,1059,0,0,0.0486493984826925
aeeem_mylyn,hybrid,lightgbm,5,4,1066,0,1,0.6936658891096378
aeeem_mylyn,hybrid,lightgbm,5,4,1067,0,0,0.04483080069294921
aeeem_mylyn,hybrid,lightgbm,5,4,1072,0,1,0.6917503740963409
aeeem_mylyn,hybrid,lightgbm,5,4,1081,0,0,0.0006326338182286323
aeeem_mylyn,hybrid,lightgbm,5,4,1086,0,0,0.009886242464229499
aeeem_mylyn,hybrid,lightgbm,5,4,1089,0,0,0.0005659657534654529
aeeem_mylyn,hybrid,lightgbm,5,4,1090,0,0,0.00710161552305173
aeeem_mylyn,hybrid,lightgbm,5,4,1096,0,0,0.008357282409531675
aeeem_mylyn,hybrid,lightgbm,5,4,1097,0,0,0.0044428188357414355
aeeem_mylyn,hybrid,lightgbm,5,4,1102,0,0,0.0042472956246278745
aeeem_mylyn,hybrid,lightgbm,5,4,1105,0,0,0.003245467005648735
aeeem_mylyn,hybrid,lightgbm,5,4,1112,0,0,0.016902790861064894
aeeem_mylyn,hybrid,lightgbm,5,4,1122,0,0,0.013835535789581433
aeeem_mylyn,hybrid,lightgbm,5,4,1124,0,0,0.001065318434709085
aeeem_mylyn,hybrid,lightgbm,5,4,1128,0,0,0.006266952196253322
aeeem_mylyn,hybrid,lightgbm,5,4,1131,0,0,0.010680278114758288
aeeem_mylyn,hybrid,lightgbm,5,4,1132,0,0,0.014064959345590823
aeeem_mylyn,hybrid,lightgbm,5,4,1138,0,0,0.0004442261222540873
aeeem_mylyn,hybrid,lightgbm,5,4,1139,1,1,0.9860085038770363
aeeem_mylyn,hybrid,lightgbm,5,4,1141,1,1,0.8693768855450537
aeeem_mylyn,hybrid,lightgbm,5,4,1143,0,0,0.007549801176466397
aeeem_mylyn,hybrid,lightgbm,5,4,1144,0,0,0.0016013540033991153
aeeem_mylyn,hybrid,lightgbm,5,4,1146,0,0,0.0049807958969390696
aeeem_mylyn,hybrid,lightgbm,5,4,1147,0,0,0.0006029744923030336
aeeem_mylyn,hybrid,lightgbm,5,4,1148,1,0,0.0017501424337965231
aeeem_mylyn,hybrid,lightgbm,5,4,1150,0,0,0.09637454058415044
aeeem_mylyn,hybrid,lightgbm,5,4,1154,0,0,0.19614082761061744
aeeem_mylyn,hybrid,lightgbm,5,4,1156,0,0,0.019456020520288216
aeeem_mylyn,hybrid,lightgbm,5,4,1160,1,0,0.07956105614845067
aeeem_mylyn,hybrid,lightgbm,5,4,1164,0,0,0.030967324432363542
aeeem_mylyn,hybrid,lightgbm,5,4,1175,0,0,0.002204607674831141
aeeem_mylyn,hybrid,lightgbm,5,4,1188,0,0,0.004003766865528978
aeeem_mylyn,hybrid,lightgbm,5,4,1193,0,0,0.06561216318009815
aeeem_mylyn,hybrid,lightgbm,5,4,1202,0,0,0.0007176139163214013
aeeem_mylyn,hybrid,lightgbm,5,4,1203,0,0,0.0005177489975232996
aeeem_mylyn,hybrid,lightgbm,5,4,1210,0,0,0.11166611535526311
aeeem_mylyn,hybrid,lightgbm,5,4,1217,0,0,0.39806972031634924
aeeem_mylyn,hybrid,lightgbm,5,4,1224,0,0,0.0059679826927392585
aeeem_mylyn,hybrid,lightgbm,5,4,1227,0,0,0.014146009993630606
aeeem_mylyn,hybrid,lightgbm,5,4,1233,0,0,0.0008128252228290805
aeeem_mylyn,hybrid,lightgbm,5,4,1234,0,0,0.0011555132670644254
aeeem_mylyn,hybrid,lightgbm,5,4,1247,0,0,0.035270477039172736
aeeem_mylyn,hybrid,lightgbm,5,4,1250,0,0,0.0005374194852095713
aeeem_mylyn,hybrid,lightgbm,5,4,1254,0,0,0.00516063210781881
aeeem_mylyn,hybrid,lightgbm,5,4,1256,1,0,0.04850240213587231
aeeem_mylyn,hybrid,lightgbm,5,4,1261,0,0,0.003861746118552201
aeeem_mylyn,hybrid,lightgbm,5,4,1262,1,0,0.044834837842287555
aeeem_mylyn,hybrid,lightgbm,5,4,1263,0,1,0.8719465473808815
aeeem_mylyn,hybrid,lightgbm,5,4,1275,0,0,0.024393009352892354
aeeem_mylyn,hybrid,lightgbm,5,4,1289,0,0,0.0018399218142868766
aeeem_mylyn,hybrid,lightgbm,5,4,1296,0,0,0.00031721648058368195
aeeem_mylyn,hybrid,lightgbm,5,4,1304,0,0,0.003318211582672628
aeeem_mylyn,hybrid,lightgbm,5,4,1308,0,0,0.0048840508574440914
aeeem_mylyn,hybrid,lightgbm,5,4,1310,0,0,0.0017169554747358759
aeeem_mylyn,hybrid,lightgbm,5,4,1313,1,0,0.21940705511551398
aeeem_mylyn,hybrid,lightgbm,5,4,1327,0,0,0.002022223581432137
aeeem_mylyn,hybrid,lightgbm,5,4,1328,1,0,0.4138980526218951
aeeem_mylyn,hybrid,lightgbm,5,4,1332,1,1,0.785538566550654
aeeem_mylyn,hybrid,lightgbm,5,4,1333,0,0,0.004877020794186924
aeeem_mylyn,hybrid,lightgbm,5,4,1334,0,0,0.0012391634071561956
aeeem_mylyn,hybrid,lightgbm,5,4,1336,0,0,0.009350126090790813
aeeem_mylyn,hybrid,lightgbm,5,4,1339,0,0,0.005457534400067613
aeeem_mylyn,hybrid,lightgbm,5,4,1341,0,0,0.0032015202024791053
aeeem_mylyn,hybrid,lightgbm,5,4,1351,0,0,0.4526497293855546
aeeem_mylyn,hybrid,lightgbm,5,4,1353,0,0,0.0012810979176944282
aeeem_mylyn,hybrid,lightgbm,5,4,1357,0,0,0.0028122577202456963
aeeem_mylyn,hybrid,lightgbm,5,4,1359,0,0,0.18495461613844494
aeeem_mylyn,hybrid,lightgbm,5,4,1364,0,0,0.004639391771359461
aeeem_mylyn,hybrid,lightgbm,5,4,1377,1,0,0.049126258684897096
aeeem_mylyn,hybrid,lightgbm,5,4,1384,0,0,0.0022150663306058846
aeeem_mylyn,hybrid,lightgbm,5,4,1390,0,0,0.0012122392319928593
aeeem_mylyn,hybrid,lightgbm,5,4,1393,0,0,0.0026924600616806365
aeeem_mylyn,hybrid,lightgbm,5,4,1397,0,0,0.10917076436609582
aeeem_mylyn,hybrid,lightgbm,5,4,1398,0,0,0.07732427068344576
aeeem_mylyn,hybrid,lightgbm,5,4,1402,0,0,0.03273527535963454
aeeem_mylyn,hybrid,lightgbm,5,4,1405,0,0,0.07878526111514078
aeeem_mylyn,hybrid,lightgbm,5,4,1406,0,0,0.00880311670138398
aeeem_mylyn,hybrid,lightgbm,5,4,1410,0,0,0.001323061514004188
aeeem_mylyn,hybrid,lightgbm,5,4,1415,0,0,0.019283647416856422
aeeem_mylyn,hybrid,lightgbm,5,4,1416,0,0,0.002596122838649869
aeeem_mylyn,hybrid,lightgbm,5,4,1418,0,0,0.002890566711321391
aeeem_mylyn,hybrid,lightgbm,5,4,1433,0,0,0.022814705323212083
aeeem_mylyn,hybrid,lightgbm,5,4,1434,0,0,0.001481364537818191
aeeem_mylyn,hybrid,lightgbm,5,4,1436,0,0,0.0002263313522942979
aeeem_mylyn,hybrid,lightgbm,5,4,1452,0,0,0.01316729445694124
aeeem_mylyn,hybrid,lightgbm,5,4,1455,0,0,0.010322519796745274
aeeem_mylyn,hybrid,lightgbm,5,4,1456,0,0,0.04534850316774677
aeeem_mylyn,hybrid,lightgbm,5,4,1468,1,1,0.6526561755845272
aeeem_mylyn,hybrid,lightgbm,5,4,1473,0,0,0.00577868110214127
aeeem_mylyn,hybrid,lightgbm,5,4,1476,0,0,0.02550499701418554
aeeem_mylyn,hybrid,lightgbm,5,4,1478,0,0,0.16461259818547777
aeeem_mylyn,hybrid,lightgbm,5,4,1480,0,0,0.0008482310594235598
aeeem_mylyn,hybrid,lightgbm,5,4,1486,0,0,0.11876733712393998
aeeem_mylyn,hybrid,lightgbm,5,4,1504,1,0,0.06937772053043173
aeeem_mylyn,hybrid,lightgbm,5,4,1505,0,0,0.0009412263616466077
aeeem_mylyn,hybrid,lightgbm,5,4,1513,0,0,0.0007994657226093051
aeeem_mylyn,hybrid,lightgbm,5,4,1514,0,0,0.0004833259850811522
aeeem_mylyn,hybrid,lightgbm,5,4,1523,0,0,0.002453073552447856
aeeem_mylyn,hybrid,lightgbm,5,4,1531,0,0,0.0203932203670636
aeeem_mylyn,hybrid,lightgbm,5,4,1532,0,0,0.002077385104655196
aeeem_mylyn,hybrid,lightgbm,5,4,1537,0,0,0.001252148178414638
aeeem_mylyn,hybrid,lightgbm,5,4,1542,1,1,0.9642764911675976
aeeem_mylyn,hybrid,lightgbm,5,4,1545,0,0,0.0038065196563768387
aeeem_mylyn,hybrid,lightgbm,5,4,1548,0,0,0.08195933845686852
aeeem_mylyn,hybrid,lightgbm,5,4,1550,0,0,0.005315642151412618
aeeem_mylyn,hybrid,lightgbm,5,4,1556,1,0,0.25633172474106247
aeeem_mylyn,hybrid,lightgbm,5,4,1577,0,0,0.00045604377990597736
aeeem_mylyn,hybrid,lightgbm,5,4,1589,0,0,0.014235449900937641
aeeem_mylyn,hybrid,lightgbm,5,4,1590,0,0,0.1683232838397021
aeeem_mylyn,hybrid,lightgbm,5,4,1594,0,0,0.004776499785390517
aeeem_mylyn,hybrid,lightgbm,5,4,1602,0,0,0.04428120285366751
aeeem_mylyn,hybrid,lightgbm,5,4,1608,0,0,0.035990012278788404
aeeem_mylyn,hybrid,lightgbm,5,4,1622,0,0,0.18042474040556203
aeeem_mylyn,hybrid,lightgbm,5,4,1625,0,0,0.04897155332042228
aeeem_mylyn,hybrid,lightgbm,5,4,1626,0,1,0.9270051068441196
aeeem_mylyn,hybrid,lightgbm,5,4,1633,0,0,0.0004578793996416306
aeeem_mylyn,hybrid,lightgbm,5,4,1639,0,0,0.2711547472007093
aeeem_mylyn,hybrid,lightgbm,5,4,1640,0,0,0.07437943834209654
aeeem_mylyn,hybrid,lightgbm,5,4,1647,0,0,0.0032604315917319124
aeeem_mylyn,hybrid,lightgbm,5,4,1649,1,0,0.008871003791859003
aeeem_mylyn,hybrid,lightgbm,5,4,1650,0,0,0.13988040005706837
aeeem_mylyn,hybrid,lightgbm,5,4,1655,1,1,0.9621199576653304
aeeem_mylyn,hybrid,lightgbm,5,4,1658,0,0,0.0006066819456107906
aeeem_mylyn,hybrid,lightgbm,5,4,1662,0,0,0.02438917988794331
aeeem_mylyn,hybrid,lightgbm,5,4,1663,0,0,0.025895679123945112
aeeem_mylyn,hybrid,lightgbm,5,4,1664,0,0,0.21349958412628614
aeeem_mylyn,hybrid,lightgbm,5,4,1667,0,0,0.3515366244199646
aeeem_mylyn,hybrid,lightgbm,5,4,1670,1,1,0.8971905313791972
aeeem_mylyn,hybrid,lightgbm,5,4,1671,0,0,0.000742934551938505
aeeem_mylyn,hybrid,lightgbm,5,4,1679,0,0,0.07908513978848437
aeeem_mylyn,hybrid,lightgbm,5,4,1683,0,0,0.00026999705957393976
aeeem_mylyn,hybrid,lightgbm,5,4,1687,0,0,0.026650744012424375
aeeem_mylyn,hybrid,lightgbm,5,4,1695,0,0,0.00032736857058048436
aeeem_mylyn,hybrid,lightgbm,5,4,1696,0,0,0.0022150663306058846
aeeem_mylyn,hybrid,lightgbm,5,4,1708,0,0,0.011950059193356824
aeeem_mylyn,hybrid,lightgbm,5,4,1709,0,0,0.1684949287478082
aeeem_mylyn,hybrid,lightgbm,5,4,1715,0,0,0.02155265839241684
aeeem_mylyn,hybrid,lightgbm,5,4,1717,0,0,0.21258654350206904
aeeem_mylyn,hybrid,lightgbm,5,4,1724,0,0,0.007499228441610261
aeeem_mylyn,hybrid,lightgbm,5,4,1725,1,1,0.7825732397154767
aeeem_mylyn,hybrid,lightgbm,5,4,1726,0,0,0.0036761719665797687
aeeem_mylyn,hybrid,lightgbm,5,4,1729,0,0,0.0019403239366015837
aeeem_mylyn,hybrid,lightgbm,5,4,1735,0,0,0.1860153913093713
aeeem_mylyn,hybrid,lightgbm,5,4,1736,0,1,0.6492120856974454
aeeem_mylyn,hybrid,lightgbm,5,4,1743,0,0,0.008796273418641917
aeeem_mylyn,hybrid,lightgbm,5,4,1748,0,0,0.001992915723516509
aeeem_mylyn,hybrid,lightgbm,5,4,1749,0,0,0.04878624709839991
aeeem_mylyn,hybrid,lightgbm,5,4,1755,0,0,0.008278353574887619
aeeem_mylyn,hybrid,lightgbm,5,4,1764,0,0,0.0007064250807251405
aeeem_mylyn,hybrid,lightgbm,5,4,1767,0,0,0.0013958393732185338
aeeem_mylyn,hybrid,lightgbm,5,4,1768,0,0,0.11389453992286971
aeeem_mylyn,hybrid,lightgbm,5,4,1770,0,0,0.00722078891222032
aeeem_mylyn,hybrid,lightgbm,5,4,1776,1,1,0.9823091530294769
aeeem_mylyn,hybrid,lightgbm,5,4,1788,1,0,0.09981382752868163
aeeem_mylyn,hybrid,lightgbm,5,4,1802,0,0,0.0006805388348408287
aeeem_mylyn,hybrid,lightgbm,5,4,1805,0,0,0.012372642166409048
aeeem_mylyn,hybrid,lightgbm,5,4,1813,0,0,0.09062145796267011
aeeem_mylyn,hybrid,lightgbm,5,4,1817,0,0,0.011513358901376608
aeeem_mylyn,hybrid,lightgbm,5,4,1819,1,0,0.1510964667705733
aeeem_mylyn,hybrid,lightgbm,5,4,1826,1,1,0.7835068747481224
aeeem_mylyn,hybrid,lightgbm,5,4,1827,0,0,0.3544864109922362
aeeem_mylyn,hybrid,lightgbm,5,4,1830,0,0,0.045799428091164565
aeeem_mylyn,hybrid,lightgbm,5,4,1844,0,0,0.0006498973425950327
aeeem_mylyn,hybrid,lightgbm,5,4,1849,0,0,0.3386835477612234
aeeem_mylyn,hybrid,lightgbm,5,4,1853,0,0,0.011513274481346366
aeeem_mylyn,hybrid,lightgbm,5,4,1854,0,0,0.04292912024553194
aeeem_mylyn,hybrid,lightgbm,5,4,1856,0,0,0.0005642622393915036
aeeem_mylyn,hybrid,lightgbm,5,4,1859,1,0,0.08489380631041157
aeeem_mylyn,hybrid,lightgbm,5,4,1861,0,0,0.007855054972299533
aeeem_mylyn,hybrid,lightgbm,5,5,6,0,0,0.00010025525320448422
aeeem_mylyn,hybrid,lightgbm,5,5,24,0,0,0.06369730633491792
aeeem_mylyn,hybrid,lightgbm,5,5,26,0,0,0.278948086916031
aeeem_mylyn,hybrid,lightgbm,5,5,29,0,0,0.010368378213063457
aeeem_mylyn,hybrid,lightgbm,5,5,37,0,1,0.8849611510957461
aeeem_mylyn,hybrid,lightgbm,5,5,43,0,0,0.003917433569873881
aeeem_mylyn,hybrid,lightgbm,5,5,47,0,0,0.0010847961073801814
aeeem_mylyn,hybrid,lightgbm,5,5,48,0,0,0.10987631659860057
aeeem_mylyn,hybrid,lightgbm,5,5,59,0,0,0.13439237133229276
aeeem_mylyn,hybrid,lightgbm,5,5,63,1,0,0.04151122652333683
aeeem_mylyn,hybrid,lightgbm,5,5,74,0,1,0.5496082145399415
aeeem_mylyn,hybrid,lightgbm,5,5,75,0,0,0.1065862878070832
aeeem_mylyn,hybrid,lightgbm,5,5,77,0,1,0.9195060032395437
aeeem_mylyn,hybrid,lightgbm,5,5,82,0,0,0.0004140085485052998
aeeem_mylyn,hybrid,lightgbm,5,5,83,0,0,0.08765056939281787
aeeem_mylyn,hybrid,lightgbm,5,5,86,0,0,0.013092130496872358
aeeem_mylyn,hybrid,lightgbm,5,5,110,0,0,0.0004733967960534728
aeeem_mylyn,hybrid,lightgbm,5,5,112,0,0,0.028844415647145176
aeeem_mylyn,hybrid,lightgbm,5,5,123,0,0,0.0011477991895158727
aeeem_mylyn,hybrid,lightgbm,5,5,131,0,0,0.00022412652647008373
aeeem_mylyn,hybrid,lightgbm,5,5,147,0,0,0.0010715151186167548
aeeem_mylyn,hybrid,lightgbm,5,5,158,0,0,0.0032246349256625497
aeeem_mylyn,hybrid,lightgbm,5,5,161,0,0,0.04443902115742283
aeeem_mylyn,hybrid,lightgbm,5,5,164,0,0,0.0129260188781163
aeeem_mylyn,hybrid,lightgbm,5,5,171,0,0,0.16591915690563536
aeeem_mylyn,hybrid,lightgbm,5,5,179,0,0,0.0017609859076894072
aeeem_mylyn,hybrid,lightgbm,5,5,180,0,0,0.006170869722953988
aeeem_mylyn,hybrid,lightgbm,5,5,184,0,0,0.0438713066242077
aeeem_mylyn,hybrid,lightgbm,5,5,188,0,0,0.10020238364090524
aeeem_mylyn,hybrid,lightgbm,5,5,192,0,0,0.004346099741890929
aeeem_mylyn,hybrid,lightgbm,5,5,196,0,0,0.38858681651233934
aeeem_mylyn,hybrid,lightgbm,5,5,197,0,0,0.12920780013331706
aeeem_mylyn,hybrid,lightgbm,5,5,200,0,0,0.04986285587741933
aeeem_mylyn,hybrid,lightgbm,5,5,204,0,0,0.00018583049486844467
aeeem_mylyn,hybrid,lightgbm,5,5,210,0,0,0.01055468361943222
aeeem_mylyn,hybrid,lightgbm,5,5,211,0,0,0.004641853774418515
aeeem_mylyn,hybrid,lightgbm,5,5,226,1,1,0.6518682277679624
aeeem_mylyn,hybrid,lightgbm,5,5,231,0,1,0.7852984528076129
aeeem_mylyn,hybrid,lightgbm,5,5,233,1,0,0.019240572775936233
aeeem_mylyn,hybrid,lightgbm,5,5,243,0,0,0.031588063825385586
aeeem_mylyn,hybrid,lightgbm,5,5,254,0,0,0.004812083304010395
aeeem_mylyn,hybrid,lightgbm,5,5,257,1,1,0.8023877040869026
aeeem_mylyn,hybrid,lightgbm,5,5,260,0,0,0.0007825889388200047
aeeem_mylyn,hybrid,lightgbm,5,5,273,0,0,0.033416707887040646
aeeem_mylyn,hybrid,lightgbm,5,5,277,0,0,0.009122762047757702
aeeem_mylyn,hybrid,lightgbm,5,5,281,0,0,0.00143707129772712
aeeem_mylyn,hybrid,lightgbm,5,5,294,0,0,0.00020800983953863088
aeeem_mylyn,hybrid,lightgbm,5,5,301,0,0,0.00786491664614808
aeeem_mylyn,hybrid,lightgbm,5,5,308,0,0,0.002227173933051597
aeeem_mylyn,hybrid,lightgbm,5,5,320,0,0,0.004177335577148448
aeeem_mylyn,hybrid,lightgbm,5,5,324,0,0,0.05406915272234474
aeeem_mylyn,hybrid,lightgbm,5,5,325,0,1,0.9598360085642208
aeeem_mylyn,hybrid,lightgbm,5,5,326,1,0,0.001262292422896805
aeeem_mylyn,hybrid,lightgbm,5,5,327,0,0,0.00589835352256818
aeeem_mylyn,hybrid,lightgbm,5,5,330,0,0,0.00028804507689182614
aeeem_mylyn,hybrid,lightgbm,5,5,332,1,0,0.19581254364786707
aeeem_mylyn,hybrid,lightgbm,5,5,339,0,0,0.00987578782185029
aeeem_mylyn,hybrid,lightgbm,5,5,348,0,0,0.0005422841171494104
aeeem_mylyn,hybrid,lightgbm,5,5,350,0,0,0.0007996280694120813
aeeem_mylyn,hybrid,lightgbm,5,5,360,0,0,0.0194910096714833
aeeem_mylyn,hybrid,lightgbm,5,5,361,0,0,0.02742704043766401
aeeem_mylyn,hybrid,lightgbm,5,5,364,0,0,0.004096642409700914
aeeem_mylyn,hybrid,lightgbm,5,5,368,0,0,0.0020806793456185886
aeeem_mylyn,hybrid,lightgbm,5,5,369,0,0,0.034577189100166404
aeeem_mylyn,hybrid,lightgbm,5,5,372,0,0,0.0016722924176097436
aeeem_mylyn,hybrid,lightgbm,5,5,373,0,0,0.003104355766012274
aeeem_mylyn,hybrid,lightgbm,5,5,379,0,0,0.02258321979707929
aeeem_mylyn,hybrid,lightgbm,5,5,380,1,0,0.0548950811861959
aeeem_mylyn,hybrid,lightgbm,5,5,382,0,0,0.009563395451830508
aeeem_mylyn,hybrid,lightgbm,5,5,383,0,0,0.001007458563066994
aeeem_mylyn,hybrid,lightgbm,5,5,399,0,0,0.009648815698091248
aeeem_mylyn,hybrid,lightgbm,5,5,400,0,0,0.0007464087392198788
aeeem_mylyn,hybrid,lightgbm,5,5,406,0,0,0.019403682501415893
aeeem_mylyn,hybrid,lightgbm,5,5,409,0,0,0.000420468050280821
aeeem_mylyn,hybrid,lightgbm,5,5,414,0,0,0.0015412048231084514
aeeem_mylyn,hybrid,lightgbm,5,5,415,0,0,0.0016760596992272138
aeeem_mylyn,hybrid,lightgbm,5,5,418,0,0,0.10538551196276132
aeeem_mylyn,hybrid,lightgbm,5,5,422,0,0,0.00441037061639967
aeeem_mylyn,hybrid,lightgbm,5,5,426,0,0,0.05504821905330454
aeeem_mylyn,hybrid,lightgbm,5,5,431,0,0,0.027679590041841808
aeeem_mylyn,hybrid,lightgbm,5,5,434,0,0,0.08127119937548653
aeeem_mylyn,hybrid,lightgbm,5,5,439,0,0,0.007928313976353218
aeeem_mylyn,hybrid,lightgbm,5,5,442,0,0,0.010018919262935591
aeeem_mylyn,hybrid,lightgbm,5,5,443,0,0,0.06823188085442111
aeeem_mylyn,hybrid,lightgbm,5,5,444,0,1,0.8907163740692711
aeeem_mylyn,hybrid,lightgbm,5,5,454,0,1,0.6123820218739523
aeeem_mylyn,hybrid,lightgbm,5,5,457,0,0,0.011926876824203216
aeeem_mylyn,hybrid,lightgbm,5,5,458,0,0,0.005537791075252842
aeeem_mylyn,hybrid,lightgbm,5,5,463,0,0,0.006413427859118819
aeeem_mylyn,hybrid,lightgbm,5,5,465,1,1,0.9304509659162417
aeeem_mylyn,hybrid,lightgbm,5,5,466,0,0,0.0616294247533331
aeeem_mylyn,hybrid,lightgbm,5,5,467,0,0,0.01028105964626275
aeeem_mylyn,hybrid,lightgbm,5,5,471,0,0,7.934658049230404e-05
aeeem_mylyn,hybrid,lightgbm,5,5,472,0,0,0.0005272037942154758
aeeem_mylyn,hybrid,lightgbm,5,5,480,0,0,0.03801289202950428
aeeem_mylyn,hybrid,lightgbm,5,5,482,0,0,0.315174629143666
aeeem_mylyn,hybrid,lightgbm,5,5,483,0,0,0.06382033086622281
aeeem_mylyn,hybrid,lightgbm,5,5,488,0,0,0.022516046883006954
aeeem_mylyn,hybrid,lightgbm,5,5,489,0,0,0.009815453353664043
aeeem_mylyn,hybrid,lightgbm,5,5,493,0,0,0.002854631444818487
aeeem_mylyn,hybrid,lightgbm,5,5,516,1,1,0.7704975214571651
aeeem_mylyn,hybrid,lightgbm,5,5,519,1,1,0.9239317730244716
aeeem_mylyn,hybrid,lightgbm,5,5,521,1,0,0.37473942064372495
aeeem_mylyn,hybrid,lightgbm,5,5,527,1,0,0.27572190406097913
aeeem_mylyn,hybrid,lightgbm,5,5,553,0,1,0.5879638640918836
aeeem_mylyn,hybrid,lightgbm,5,5,563,0,0,0.00845556785659775
aeeem_mylyn,hybrid,lightgbm,5,5,564,0,0,0.001856599521592274
aeeem_mylyn,hybrid,lightgbm,5,5,567,0,0,0.0073839720209284325
aeeem_mylyn,hybrid,lightgbm,5,5,568,0,0,0.006184362304207894
aeeem_mylyn,hybrid,lightgbm,5,5,573,0,0,0.008692299595801384
aeeem_mylyn,hybrid,lightgbm,5,5,576,1,0,0.01889792652603896
aeeem_mylyn,hybrid,lightgbm,5,5,582,0,0,0.010887286708516198
aeeem_mylyn,hybrid,lightgbm,5,5,586,0,0,0.001017159838863633
aeeem_mylyn,hybrid,lightgbm,5,5,598,0,0,0.02665211275201203
aeeem_mylyn,hybrid,lightgbm,5,5,613,0,0,0.04614032296203182
aeeem_mylyn,hybrid,lightgbm,5,5,624,0,0,0.0006067572143146628
aeeem_mylyn,hybrid,lightgbm,5,5,626,0,0,0.005845587668819143
aeeem_mylyn,hybrid,lightgbm,5,5,627,1,0,0.011416133385776546
aeeem_mylyn,hybrid,lightgbm,5,5,637,0,1,0.9615823417312264
aeeem_mylyn,hybrid,lightgbm,5,5,643,1,0,0.03407909501999296
aeeem_mylyn,hybrid,lightgbm,5,5,650,0,0,0.12036070145362285
aeeem_mylyn,hybrid,lightgbm,5,5,659,0,0,0.009540479267199966
aeeem_mylyn,hybrid,lightgbm,5,5,661,0,0,0.029176839969670753
aeeem_mylyn,hybrid,lightgbm,5,5,663,0,1,0.5456794356629914
aeeem_mylyn,hybrid,lightgbm,5,5,674,0,0,0.00033892631182875734
aeeem_mylyn,hybrid,lightgbm,5,5,682,0,0,0.2518037040984614
aeeem_mylyn,hybrid,lightgbm,5,5,684,0,0,0.1459482939533492
aeeem_mylyn,hybrid,lightgbm,5,5,692,0,0,0.0029654220016059273
aeeem_mylyn,hybrid,lightgbm,5,5,693,0,0,0.004461440043657699
aeeem_mylyn,hybrid,lightgbm,5,5,700,0,0,0.00845556785659775
aeeem_mylyn,hybrid,lightgbm,5,5,705,0,0,0.0065370129782018754
aeeem_mylyn,hybrid,lightgbm,5,5,707,0,0,0.012943345751873699
aeeem_mylyn,hybrid,lightgbm,5,5,710,0,0,0.0006102025676862267
aeeem_mylyn,hybrid,lightgbm,5,5,715,0,0,0.0014876470636898675
aeeem_mylyn,hybrid,lightgbm,5,5,717,0,0,0.02549315143318615
aeeem_mylyn,hybrid,lightgbm,5,5,723,0,0,0.4065971760064484
aeeem_mylyn,hybrid,lightgbm,5,5,724,0,0,0.020991936304938643
aeeem_mylyn,hybrid,lightgbm,5,5,729,0,1,0.6496698760010238
aeeem_mylyn,hybrid,lightgbm,5,5,731,0,0,0.001012141583517872
aeeem_mylyn,hybrid,lightgbm,5,5,751,0,0,0.02638558887202861
aeeem_mylyn,hybrid,lightgbm,5,5,752,0,1,0.862688907355464
aeeem_mylyn,hybrid,lightgbm,5,5,761,0,0,0.007031660022675913
aeeem_mylyn,hybrid,lightgbm,5,5,762,0,0,0.00039655425440532143
aeeem_mylyn,hybrid,lightgbm,5,5,769,1,0,0.026790936444786854
aeeem_mylyn,hybrid,lightgbm,5,5,770,0,0,0.0005706475183866419
aeeem_mylyn,hybrid,lightgbm,5,5,771,0,0,0.15070970308354711
aeeem_mylyn,hybrid,lightgbm,5,5,784,0,0,0.0020956439200190014
aeeem_mylyn,hybrid,lightgbm,5,5,787,0,0,0.00419309655841835
aeeem_mylyn,hybrid,lightgbm,5,5,795,0,1,0.8850030364172268
aeeem_mylyn,hybrid,lightgbm,5,5,797,0,0,0.46161686056477924
aeeem_mylyn,hybrid,lightgbm,5,5,800,0,0,0.006246222396540636
aeeem_mylyn,hybrid,lightgbm,5,5,807,0,0,0.0006966779679715311
aeeem_mylyn,hybrid,lightgbm,5,5,811,1,1,0.8360695393254123
aeeem_mylyn,hybrid,lightgbm,5,5,816,0,0,0.019510384000606704
aeeem_mylyn,hybrid,lightgbm,5,5,841,0,0,0.0005158799098177291
aeeem_mylyn,hybrid,lightgbm,5,5,843,0,0,0.0003594174562778763
aeeem_mylyn,hybrid,lightgbm,5,5,844,1,1,0.5914711477654142
aeeem_mylyn,hybrid,lightgbm,5,5,848,0,0,0.04909245732923722
aeeem_mylyn,hybrid,lightgbm,5,5,851,0,0,0.0027790908567364688
aeeem_mylyn,hybrid,lightgbm,5,5,866,0,0,0.002117000323083525
aeeem_mylyn,hybrid,lightgbm,5,5,871,1,1,0.8952632058576925
aeeem_mylyn,hybrid,lightgbm,5,5,872,0,1,0.63653084708607
aeeem_mylyn,hybrid,lightgbm,5,5,874,0,1,0.9576292324634005
aeeem_mylyn,hybrid,lightgbm,5,5,882,0,0,0.024778263879532074
aeeem_mylyn,hybrid,lightgbm,5,5,901,0,0,0.0012454385878385042
aeeem_mylyn,hybrid,lightgbm,5,5,902,0,0,0.004181199764937809
aeeem_mylyn,hybrid,lightgbm,5,5,905,0,0,0.0009092578197907885
aeeem_mylyn,hybrid,lightgbm,5,5,918,0,1,0.9668318490779617
aeeem_mylyn,hybrid,lightgbm,5,5,922,0,0,0.0007373223389430506
aeeem_mylyn,hybrid,lightgbm,5,5,925,0,0,0.0017088916059678574
aeeem_mylyn,hybrid,lightgbm,5,5,933,0,0,0.1578054891658715
aeeem_mylyn,hybrid,lightgbm,5,5,935,1,0,0.007162648155327917
aeeem_mylyn,hybrid,lightgbm,5,5,939,0,0,0.08428348425089562
aeeem_mylyn,hybrid,lightgbm,5,5,950,0,0,0.018835090044305107
aeeem_mylyn,hybrid,lightgbm,5,5,962,0,0,0.0012583024266799563
aeeem_mylyn,hybrid,lightgbm,5,5,972,0,0,0.0007506415750891494
aeeem_mylyn,hybrid,lightgbm,5,5,973,1,0,0.02275526858825569
aeeem_mylyn,hybrid,lightgbm,5,5,978,0,0,0.0003398200849324859
aeeem_mylyn,hybrid,lightgbm,5,5,981,0,0,0.015126434725854392
aeeem_mylyn,hybrid,lightgbm,5,5,985,1,1,0.5138361087692536
aeeem_mylyn,hybrid,lightgbm,5,5,989,0,1,0.8380062768557354
aeeem_mylyn,hybrid,lightgbm,5,5,990,0,1,0.6181537712504337
aeeem_mylyn,hybrid,lightgbm,5,5,992,0,0,0.00023504422481051057
aeeem_mylyn,hybrid,lightgbm,5,5,994,0,0,0.23184288525387303
aeeem_mylyn,hybrid,lightgbm,5,5,996,0,0,0.000438281666488592
aeeem_mylyn,hybrid,lightgbm,5,5,998,0,0,0.0773200693179059
aeeem_mylyn,hybrid,lightgbm,5,5,1007,0,0,0.0013056903715751341
aeeem_mylyn,hybrid,lightgbm,5,5,1013,0,0,0.0006688945796246444
aeeem_mylyn,hybrid,lightgbm,5,5,1017,0,0,0.05999742529859376
aeeem_mylyn,hybrid,lightgbm,5,5,1021,0,1,0.7331579722315097
aeeem_mylyn,hybrid,lightgbm,5,5,1025,0,0,0.04613682487199056
aeeem_mylyn,hybrid,lightgbm,5,5,1029,1,1,0.8286761672360542
aeeem_mylyn,hybrid,lightgbm,5,5,1031,1,0,0.12225022357684512
aeeem_mylyn,hybrid,lightgbm,5,5,1035,0,0,0.00046732061021089914
aeeem_mylyn,hybrid,lightgbm,5,5,1042,0,0,0.00703008496335559
aeeem_mylyn,hybrid,lightgbm,5,5,1045,0,0,0.00024027616967792648
aeeem_mylyn,hybrid,lightgbm,5,5,1046,0,0,0.0008539541181662424
aeeem_mylyn,hybrid,lightgbm,5,5,1057,0,0,0.4273632597637921
aeeem_mylyn,hybrid,lightgbm,5,5,1058,0,0,0.01068301448622151
aeeem_mylyn,hybrid,lightgbm,5,5,1062,0,0,0.0034997701955675545
aeeem_mylyn,hybrid,lightgbm,5,5,1064,0,0,0.0028618091463575466
aeeem_mylyn,hybrid,lightgbm,5,5,1076,0,0,0.0003693279848054548
aeeem_mylyn,hybrid,lightgbm,5,5,1079,0,0,0.04336231479885199
aeeem_mylyn,hybrid,lightgbm,5,5,1082,0,0,0.03719584552981699
aeeem_mylyn,hybrid,lightgbm,5,5,1084,0,0,0.0006954534100610363
aeeem_mylyn,hybrid,lightgbm,5,5,1085,0,0,0.10204352597302108
aeeem_mylyn,hybrid,lightgbm,5,5,1101,0,0,0.0015991953751807422
aeeem_mylyn,hybrid,lightgbm,5,5,1106,0,0,0.12101894389586552
aeeem_mylyn,hybrid,lightgbm,5,5,1107,1,0,0.17688127970253475
aeeem_mylyn,hybrid,lightgbm,5,5,1114,0,0,0.04480273915142348
aeeem_mylyn,hybrid,lightgbm,5,5,1119,0,0,0.0040626600531549805
aeeem_mylyn,hybrid,lightgbm,5,5,1121,0,0,0.0379954338417845
aeeem_mylyn,hybrid,lightgbm,5,5,1123,0,0,0.001083128583748571
aeeem_mylyn,hybrid,lightgbm,5,5,1125,0,0,0.00032759121831875296
aeeem_mylyn,hybrid,lightgbm,5,5,1129,1,0,0.26941929860749925
aeeem_mylyn,hybrid,lightgbm,5,5,1157,0,1,0.9477877007479537
aeeem_mylyn,hybrid,lightgbm,5,5,1158,1,0,0.02024404297074722
aeeem_mylyn,hybrid,lightgbm,5,5,1162,0,0,0.060238083685582
aeeem_mylyn,hybrid,lightgbm,5,5,1166,0,0,0.17613592905059663
aeeem_mylyn,hybrid,lightgbm,5,5,1167,0,1,0.8614637630943018
aeeem_mylyn,hybrid,lightgbm,5,5,1173,0,1,0.5731633658398184
aeeem_mylyn,hybrid,lightgbm,5,5,1174,1,1,0.5717767838509702
aeeem_mylyn,hybrid,lightgbm,5,5,1177,0,0,0.003981041192961641
aeeem_mylyn,hybrid,lightgbm,5,5,1181,0,0,0.18407063556468004
aeeem_mylyn,hybrid,lightgbm,5,5,1184,0,0,0.0034671338120851637
aeeem_mylyn,hybrid,lightgbm,5,5,1191,0,0,0.04121256983864511
aeeem_mylyn,hybrid,lightgbm,5,5,1200,0,0,0.18509845215828333
aeeem_mylyn,hybrid,lightgbm,5,5,1205,0,0,0.010396583419921768
aeeem_mylyn,hybrid,lightgbm,5,5,1206,1,1,0.6894567090813055
aeeem_mylyn,hybrid,lightgbm,5,5,1211,0,0,0.05358594371115317
aeeem_mylyn,hybrid,lightgbm,5,5,1219,1,0,0.04907155726792379
aeeem_mylyn,hybrid,lightgbm,5,5,1225,0,0,0.020408801902890534
aeeem_mylyn,hybrid,lightgbm,5,5,1229,0,0,0.010070930307212515
aeeem_mylyn,hybrid,lightgbm,5,5,1236,0,0,0.02743634234854043
aeeem_mylyn,hybrid,lightgbm,5,5,1248,0,0,0.00046198332728470033
aeeem_mylyn,hybrid,lightgbm,5,5,1249,0,0,0.0005916609209619785
aeeem_mylyn,hybrid,lightgbm,5,5,1255,0,1,0.6894567090813055
aeeem_mylyn,hybrid,lightgbm,5,5,1260,0,0,0.005774604635736752
aeeem_mylyn,hybrid,lightgbm,5,5,1269,1,1,0.9204957571873503
aeeem_mylyn,hybrid,lightgbm,5,5,1272,0,0,0.0022234926128882953
aeeem_mylyn,hybrid,lightgbm,5,5,1280,0,0,0.0016647444034149402
aeeem_mylyn,hybrid,lightgbm,5,5,1284,0,0,0.0018499747691843374
aeeem_mylyn,hybrid,lightgbm,5,5,1290,0,0,0.0019779097221244973
aeeem_mylyn,hybrid,lightgbm,5,5,1298,0,0,0.0005054047883122007
aeeem_mylyn,hybrid,lightgbm,5,5,1299,0,0,0.00683411520301606
aeeem_mylyn,hybrid,lightgbm,5,5,1307,0,0,0.03755632617067164
aeeem_mylyn,hybrid,lightgbm,5,5,1312,0,0,0.03899232589118998
aeeem_mylyn,hybrid,lightgbm,5,5,1315,0,0,0.20226746373458307
aeeem_mylyn,hybrid,lightgbm,5,5,1316,0,0,0.0029886417276700824
aeeem_mylyn,hybrid,lightgbm,5,5,1320,0,0,0.002906267160132277
aeeem_mylyn,hybrid,lightgbm,5,5,1326,0,0,0.12930446502633872
aeeem_mylyn,hybrid,lightgbm,5,5,1329,0,0,0.002128292532187733
aeeem_mylyn,hybrid,lightgbm,5,5,1331,1,0,0.33434207344938344
aeeem_mylyn,hybrid,lightgbm,5,5,1338,0,0,0.07886099326342513
aeeem_mylyn,hybrid,lightgbm,5,5,1342,1,0,0.2440805262426877
aeeem_mylyn,hybrid,lightgbm,5,5,1343,0,0,0.26602996120389233
aeeem_mylyn,hybrid,lightgbm,5,5,1344,0,0,0.04977100414743246
aeeem_mylyn,hybrid,lightgbm,5,5,1348,0,0,0.005194514860860025
aeeem_mylyn,hybrid,lightgbm,5,5,1358,0,0,0.0029013275572836892
aeeem_mylyn,hybrid,lightgbm,5,5,1370,0,0,0.0130810123385045
aeeem_mylyn,hybrid,lightgbm,5,5,1383,0,0,0.0985132786106954
aeeem_mylyn,hybrid,lightgbm,5,5,1388,0,0,0.02895852746331856
aeeem_mylyn,hybrid,lightgbm,5,5,1391,0,0,0.004959757559476069
aeeem_mylyn,hybrid,lightgbm,5,5,1394,0,0,0.12247861208440303
aeeem_mylyn,hybrid,lightgbm,5,5,1400,0,0,0.008258337147290701
aeeem_mylyn,hybrid,lightgbm,5,5,1412,1,0,0.013788211701789859
aeeem_mylyn,hybrid,lightgbm,5,5,1428,0,0,0.001837706404506721
aeeem_mylyn,hybrid,lightgbm,5,5,1442,1,0,0.04431282891504682
aeeem_mylyn,hybrid,lightgbm,5,5,1447,0,0,0.004461045836390441
aeeem_mylyn,hybrid,lightgbm,5,5,1450,0,0,0.014444010265877948
aeeem_mylyn,hybrid,lightgbm,5,5,1453,0,0,0.009758550865628976
aeeem_mylyn,hybrid,lightgbm,5,5,1457,0,0,0.3459375210625353
aeeem_mylyn,hybrid,lightgbm,5,5,1458,0,0,0.005813224262092021
aeeem_mylyn,hybrid,lightgbm,5,5,1467,0,0,0.005845587668819143
aeeem_mylyn,hybrid,lightgbm,5,5,1469,0,0,0.040133423898908074
aeeem_mylyn,hybrid,lightgbm,5,5,1470,0,1,0.5055915244233383
aeeem_mylyn,hybrid,lightgbm,5,5,1471,1,0,0.09375719361303862
aeeem_mylyn,hybrid,lightgbm,5,5,1481,0,0,0.0004271359889408295
aeeem_mylyn,hybrid,lightgbm,5,5,1485,0,0,0.0055406561137173235
aeeem_mylyn,hybrid,lightgbm,5,5,1487,0,0,0.026905057076230785
aeeem_mylyn,hybrid,lightgbm,5,5,1491,0,0,0.014522774728708516
aeeem_mylyn,hybrid,lightgbm,5,5,1498,1,1,0.6894567090813055
aeeem_mylyn,hybrid,lightgbm,5,5,1500,0,0,0.0007541882091271758
aeeem_mylyn,hybrid,lightgbm,5,5,1507,0,0,0.2865256221304115
aeeem_mylyn,hybrid,lightgbm,5,5,1508,0,0,0.07193244189800686
aeeem_mylyn,hybrid,lightgbm,5,5,1510,0,0,0.02068019773952627
aeeem_mylyn,hybrid,lightgbm,5,5,1512,0,0,0.026364122972132295
aeeem_mylyn,hybrid,lightgbm,5,5,1517,0,0,0.010717256523858402
aeeem_mylyn,hybrid,lightgbm,5,5,1518,0,0,0.0005225230211283804
aeeem_mylyn,hybrid,lightgbm,5,5,1519,0,0,0.00034949472204345616
aeeem_mylyn,hybrid,lightgbm,5,5,1525,0,0,0.011703275982706426
aeeem_mylyn,hybrid,lightgbm,5,5,1529,0,0,0.0006567458909218509
aeeem_mylyn,hybrid,lightgbm,5,5,1533,0,0,0.010929050779229045
aeeem_mylyn,hybrid,lightgbm,5,5,1536,0,0,0.28989210263886506
aeeem_mylyn,hybrid,lightgbm,5,5,1541,0,0,0.0011152662608387035
aeeem_mylyn,hybrid,lightgbm,5,5,1544,0,0,0.0003377737942022542
aeeem_mylyn,hybrid,lightgbm,5,5,1546,0,0,0.0009293894793724165
aeeem_mylyn,hybrid,lightgbm,5,5,1549,0,0,0.0026808848489565896
aeeem_mylyn,hybrid,lightgbm,5,5,1553,0,0,0.1034278429616522
aeeem_mylyn,hybrid,lightgbm,5,5,1555,0,0,0.0004813344456907657
aeeem_mylyn,hybrid,lightgbm,5,5,1558,0,0,0.06281789572216552
aeeem_mylyn,hybrid,lightgbm,5,5,1561,1,1,0.7992963886871841
aeeem_mylyn,hybrid,lightgbm,5,5,1562,0,1,0.5814608060964759
aeeem_mylyn,hybrid,lightgbm,5,5,1564,0,0,0.00786491664614808
aeeem_mylyn,hybrid,lightgbm,5,5,1569,0,0,0.0018059776347441952
aeeem_mylyn,hybrid,lightgbm,5,5,1570,0,0,0.033726513382629
aeeem_mylyn,hybrid,lightgbm,5,5,1575,0,0,0.0011408861215498603
aeeem_mylyn,hybrid,lightgbm,5,5,1579,0,0,0.000392303159758352
aeeem_mylyn,hybrid,lightgbm,5,5,1582,0,0,0.007380327422763922
aeeem_mylyn,hybrid,lightgbm,5,5,1584,0,0,0.022604333495323477
aeeem_mylyn,hybrid,lightgbm,5,5,1587,0,0,0.0022805940660553
aeeem_mylyn,hybrid,lightgbm,5,5,1599,0,0,0.0028905042756367087
aeeem_mylyn,hybrid,lightgbm,5,5,1606,0,0,0.40643423986904753
aeeem_mylyn,hybrid,lightgbm,5,5,1607,0,0,0.055898851039443836
aeeem_mylyn,hybrid,lightgbm,5,5,1610,0,0,0.00039518903697641385
aeeem_mylyn,hybrid,lightgbm,5,5,1617,0,0,0.012095988905780505
aeeem_mylyn,hybrid,lightgbm,5,5,1619,0,0,0.002522441926363979
aeeem_mylyn,hybrid,lightgbm,5,5,1620,0,0,0.0011930181996775888
aeeem_mylyn,hybrid,lightgbm,5,5,1621,0,0,0.23391962121775264
aeeem_mylyn,hybrid,lightgbm,5,5,1623,0,0,0.22075669190012945
aeeem_mylyn,hybrid,lightgbm,5,5,1627,0,0,0.09031441801265813
aeeem_mylyn,hybrid,lightgbm,5,5,1629,1,0,0.25786311700822934
aeeem_mylyn,hybrid,lightgbm,5,5,1631,0,1,0.9089498524653562
aeeem_mylyn,hybrid,lightgbm,5,5,1632,1,1,0.7243728290662562
aeeem_mylyn,hybrid,lightgbm,5,5,1634,0,0,0.0029988513732239967
aeeem_mylyn,hybrid,lightgbm,5,5,1638,0,0,0.001454319286104921
aeeem_mylyn,hybrid,lightgbm,5,5,1643,0,0,0.000879367395853528
aeeem_mylyn,hybrid,lightgbm,5,5,1644,0,0,0.0014303113987439047
aeeem_mylyn,hybrid,lightgbm,5,5,1646,0,0,0.00344517657333626
aeeem_mylyn,hybrid,lightgbm,5,5,1648,0,0,0.0015344654439989264
aeeem_mylyn,hybrid,lightgbm,5,5,1651,0,0,0.009852922211666943
aeeem_mylyn,hybrid,lightgbm,5,5,1652,0,1,0.9636587966295752
aeeem_mylyn,hybrid,lightgbm,5,5,1653,0,0,0.008476544485218073
aeeem_mylyn,hybrid,lightgbm,5,5,1654,0,0,0.04909245732923722
aeeem_mylyn,hybrid,lightgbm,5,5,1666,1,0,0.00981399619401745
aeeem_mylyn,hybrid,lightgbm,5,5,1673,0,0,0.0005350126892609629
aeeem_mylyn,hybrid,lightgbm,5,5,1674,0,1,0.5609069917275016
aeeem_mylyn,hybrid,lightgbm,5,5,1675,1,0,0.007548956690368855
aeeem_mylyn,hybrid,lightgbm,5,5,1682,1,1,0.9920136312991438
aeeem_mylyn,hybrid,lightgbm,5,5,1694,0,0,0.00033382899697366637
aeeem_mylyn,hybrid,lightgbm,5,5,1700,1,0,0.22210756706551374
aeeem_mylyn,hybrid,lightgbm,5,5,1714,1,1,0.7232826801866913
aeeem_mylyn,hybrid,lightgbm,5,5,1727,0,0,0.09087579242312122
aeeem_mylyn,hybrid,lightgbm,5,5,1730,0,0,0.44802453249871227
aeeem_mylyn,hybrid,lightgbm,5,5,1750,0,0,0.03329838315944364
aeeem_mylyn,hybrid,lightgbm,5,5,1752,0,0,0.03504361484408812
aeeem_mylyn,hybrid,lightgbm,5,5,1763,0,0,0.00786491664614808
aeeem_mylyn,hybrid,lightgbm,5,5,1766,0,0,0.2716001421096263
aeeem_mylyn,hybrid,lightgbm,5,5,1769,0,0,0.0006363275168442585
aeeem_mylyn,hybrid,lightgbm,5,5,1775,0,0,0.009540479267199966
aeeem_mylyn,hybrid,lightgbm,5,5,1777,0,0,0.0019499650467667325
aeeem_mylyn,hybrid,lightgbm,5,5,1778,0,0,0.0031408527542717865
aeeem_mylyn,hybrid,lightgbm,5,5,1779,0,0,0.005484834746926362
aeeem_mylyn,hybrid,lightgbm,5,5,1781,0,0,0.013002784742208515
aeeem_mylyn,hybrid,lightgbm,5,5,1785,0,0,0.18154597979855394
aeeem_mylyn,hybrid,lightgbm,5,5,1794,0,0,0.011331029258831513
aeeem_mylyn,hybrid,lightgbm,5,5,1795,1,0,0.23391962121775264
aeeem_mylyn,hybrid,lightgbm,5,5,1801,0,0,0.011306355021857119
aeeem_mylyn,hybrid,lightgbm,5,5,1803,0,0,0.0005289182134341452
aeeem_mylyn,hybrid,lightgbm,5,5,1806,1,1,0.7524987960013374
aeeem_mylyn,hybrid,lightgbm,5,5,1809,0,0,0.04415226688789484
aeeem_mylyn,hybrid,lightgbm,5,5,1815,0,0,0.0003562284277739473
aeeem_mylyn,hybrid,lightgbm,5,5,1824,0,0,0.14712992962804217
aeeem_mylyn,hybrid,lightgbm,5,5,1834,1,0,0.2728693024188276
aeeem_mylyn,hybrid,lightgbm,5,5,1836,0,0,0.006548965886189868
aeeem_mylyn,hybrid,lightgbm,5,5,1837,0,0,0.022972351644043636
aeeem_mylyn,hybrid,lightgbm,5,5,1840,0,0,0.1548897037640506
aeeem_mylyn,hybrid,lightgbm,5,5,1841,1,1,0.5479573800071724
aeeem_mylyn,hybrid,lightgbm,5,5,1845,0,0,0.016867773271717897
aeeem_mylyn,hybrid,lightgbm,5,5,1847,0,0,0.0003208276822846871
aeeem_mylyn,hybrid,lightgbm,5,5,1857,0,0,0.04543631645511849
aeeem_mylyn,hybrid,lightgbm,5,5,1860,0,1,0.8832964046841117
