dataset,feature_set,model,cv_folds,fold,row_index,y_true,y_pred,y_score
pc3,static,logistic_regression,10,1,2,0,1,0.8694090161940652
pc3,static,logistic_regression,10,1,7,1,1,0.6146986823655962
pc3,static,logistic_regression,10,1,11,0,0,0.1745208991729875
pc3,static,logistic_regression,10,1,15,0,0,0.4136334454266612
pc3,static,logistic_regression,10,1,23,0,0,0.45589057365249447
pc3,static,logistic_regression,10,1,33,0,0,0.35510948341202075
pc3,static,logistic_regression,10,1,51,0,0,0.13940088033641276
pc3,static,logistic_regression,10,1,52,0,0,0.0004801478272447884
pc3,static,logistic_regression,10,1,56,0,0,0.007879738309083898
pc3,static,logistic_regression,10,1,57,0,0,0.4960591002377025
pc3,static,logistic_regression,10,1,80,1,0,0.47722793093842714
pc3,static,logistic_regression,10,1,85,0,0,0.203415558860281
pc3,static,logistic_regression,10,1,98,0,1,0.570725368133305
pc3,static,logistic_regression,10,1,107,0,0,0.02089995748003428
pc3,static,logistic_regression,10,1,124,0,0,0.13693807576544204
pc3,static,logistic_regression,10,1,143,0,0,0.21564279163692712
pc3,static,logistic_regression,10,1,150,0,0,0.08681609060416921
pc3,static,logistic_regression,10,1,182,1,1,0.8445963857794859
pc3,static,logistic_regression,10,1,189,0,0,0.23176120278900855
pc3,static,logistic_regression,10,1,194,0,0,0.10529772532809721
pc3,static,logistic_regression,10,1,195,0,0,0.2767554379010046
pc3,static,logistic_regression,10,1,215,0,0,0.08665064611783097
pc3,static,logistic_regression,10,1,221,0,0,0.4693148932975199
pc3,static,logistic_regression,10,1,260,0,0,0.1203678817222656
pc3,static,logistic_regression,10,1,270,0,0,0.03268360951648903
pc3,static,logistic_regression,10,1,272,0,0,0.16741131368965592
pc3,static,logistic_regression,10,1,284,0,1,0.6737740104020736
pc3,static,logistic_regression,10,1,288,0,0,0.0004801478272447884
pc3,static,logistic_regression,10,1,298,0,0,0.23570060666015674
pc3,static,logistic_regression,10,1,299,1,1,0.6787932153340693
pc3,static,logistic_regression,10,1,312,0,0,0.3677197506199816
pc3,static,logistic_regression,10,1,346,0,0,0.4742345037880903
pc3,static,logistic_regression,10,1,351,0,0,0.0761383653352135
pc3,static,logistic_regression,10,1,364,0,0,0.19802352914561014
pc3,static,logistic_regression,10,1,376,0,0,0.4770581346951457
pc3,static,logistic_regression,10,1,386,0,1,0.7563879997408526
pc3,static,logistic_regression,10,1,405,0,0,0.2517879958564325
pc3,static,logistic_regression,10,1,428,0,0,0.2903236570390381
pc3,static,logistic_regression,10,1,455,0,0,0.13978195696777662
pc3,static,logistic_regression,10,1,471,0,0,0.16152577802015197
pc3,static,logistic_regression,10,1,495,0,0,0.2220932960234258
pc3,static,logistic_regression,10,1,527,0,0,2.496707001185107e-06
pc3,static,logistic_regression,10,1,530,0,0,0.14076634939742355
pc3,static,logistic_regression,10,1,531,0,0,0.2636942709822259
pc3,static,logistic_regression,10,1,534,0,0,0.2692023314096589
pc3,static,logistic_regression,10,1,548,0,0,0.24898499744818117
pc3,static,logistic_regression,10,1,558,0,0,0.10300090359209013
pc3,static,logistic_regression,10,1,577,0,0,0.14128664185186177
pc3,static,logistic_regression,10,1,582,0,0,0.21948021867864534
pc3,static,logistic_regression,10,1,585,0,0,0.4108012473818578
pc3,static,logistic_regression,10,1,588,0,1,0.6058486779166201
pc3,static,logistic_regression,10,1,592,1,1,0.9011572155338303
pc3,static,logistic_regression,10,1,609,1,1,0.506051308401522
pc3,static,logistic_regression,10,1,618,0,0,0.2384373336821584
pc3,static,logistic_regression,10,1,628,0,0,0.0775859036903723
pc3,static,logistic_regression,10,1,640,0,0,0.23236772591801222
pc3,static,logistic_regression,10,1,641,0,0,0.1691250782644173
pc3,static,logistic_regression,10,1,648,0,0,0.1216223173009328
pc3,static,logistic_regression,10,1,657,0,0,0.026349498028674673
pc3,static,logistic_regression,10,1,661,0,1,0.5217901111462266
pc3,static,logistic_regression,10,1,662,0,1,0.6304020926499999
pc3,static,logistic_regression,10,1,664,0,1,0.986816362918039
pc3,static,logistic_regression,10,1,667,0,0,0.3561935152749857
pc3,static,logistic_regression,10,1,670,0,0,0.0005979345404090943
pc3,static,logistic_regression,10,1,673,0,0,0.0004801478272447884
pc3,static,logistic_regression,10,1,686,0,0,0.34297896462797584
pc3,static,logistic_regression,10,1,687,0,0,0.1362589698864448
pc3,static,logistic_regression,10,1,696,0,0,0.29059016784537917
pc3,static,logistic_regression,10,1,701,0,0,0.12897382870511986
pc3,static,logistic_regression,10,1,708,0,1,0.5180380737685399
pc3,static,logistic_regression,10,1,710,0,0,0.13346766442101046
pc3,static,logistic_regression,10,1,712,0,0,0.43504452716546615
pc3,static,logistic_regression,10,1,722,0,1,0.7868448229132043
pc3,static,logistic_regression,10,1,725,0,0,0.3650716266655889
pc3,static,logistic_regression,10,1,741,0,1,0.5238728241380202
pc3,static,logistic_regression,10,1,749,0,0,0.0005510821042172348
pc3,static,logistic_regression,10,1,750,0,0,0.1697783823266496
pc3,static,logistic_regression,10,1,752,0,0,0.2987344250128241
pc3,static,logistic_regression,10,1,761,0,0,0.21782374601290638
pc3,static,logistic_regression,10,1,763,0,0,0.10031783059807119
pc3,static,logistic_regression,10,1,765,0,1,0.6084795623508872
pc3,static,logistic_regression,10,1,779,0,0,3.9429986269653814e-89
pc3,static,logistic_regression,10,1,784,0,0,0.07374720493311179
pc3,static,logistic_regression,10,1,792,0,0,0.08593664764646587
pc3,static,logistic_regression,10,1,796,0,0,0.22616758847083687
pc3,static,logistic_regression,10,1,827,0,0,0.14514776930101742
pc3,static,logistic_regression,10,1,844,1,0,0.2505930211506819
pc3,static,logistic_regression,10,1,862,0,0,0.31659595906814997
pc3,static,logistic_regression,10,1,870,0,0,0.4256329932245516
pc3,static,logistic_regression,10,1,882,0,0,0.4267526245256692
pc3,static,logistic_regression,10,1,888,0,0,0.16741131368965592
pc3,static,logistic_regression,10,1,895,0,0,0.23698633241004663
pc3,static,logistic_regression,10,1,900,0,1,0.6588328350510123
pc3,static,logistic_regression,10,1,908,0,0,0.31648058577244775
pc3,static,logistic_regression,10,1,910,0,0,0.12020444628961911
pc3,static,logistic_regression,10,1,927,0,1,0.5022885637234301
pc3,static,logistic_regression,10,1,942,0,0,0.051041429690646664
pc3,static,logistic_regression,10,1,947,1,1,0.7448839407035776
pc3,static,logistic_regression,10,1,953,0,1,0.56746589290333
pc3,static,logistic_regression,10,1,959,0,0,0.12494640313800891
pc3,static,logistic_regression,10,1,961,0,0,1.6387168725753555e-07
pc3,static,logistic_regression,10,1,962,0,0,0.4527065863748561
pc3,static,logistic_regression,10,1,973,0,0,0.10621404875029536
pc3,static,logistic_regression,10,1,974,1,1,0.6095155717296219
pc3,static,logistic_regression,10,1,976,1,1,0.7554969547309685
pc3,static,logistic_regression,10,1,978,0,0,1.0267341339677029e-19
pc3,static,logistic_regression,10,1,991,0,1,0.7476877385986123
pc3,static,logistic_regression,10,1,997,0,0,0.16668514839948034
pc3,static,logistic_regression,10,1,1005,0,0,0.16280252641027515
pc3,static,logistic_regression,10,1,1017,0,0,0.423271056320591
pc3,static,logistic_regression,10,1,1043,0,0,0.4871367899931171
pc3,static,logistic_regression,10,1,1052,0,0,0.2531022053982996
pc3,static,logistic_regression,10,1,1058,0,0,0.2859988562059481
pc3,static,logistic_regression,10,1,1068,0,1,0.513463921313744
pc3,static,logistic_regression,10,1,1072,0,1,0.7616329169766839
pc3,static,logistic_regression,10,1,1101,0,0,0.34329679342827196
pc3,static,logistic_regression,10,1,1115,0,1,0.7356463254736183
pc3,static,logistic_regression,10,1,1122,0,0,0.25700286720773263
pc3,static,logistic_regression,10,1,1123,1,0,0.3783893720519467
pc3,static,logistic_regression,10,1,1142,0,0,0.27303162792819047
pc3,static,logistic_regression,10,1,1162,0,0,0.14352523286960472
pc3,static,logistic_regression,10,1,1165,0,1,0.5250125334750814
pc3,static,logistic_regression,10,1,1174,0,0,0.3954408315790085
pc3,static,logistic_regression,10,1,1179,0,0,0.2044714246744422
pc3,static,logistic_regression,10,1,1193,0,0,0.2387809202260681
pc3,static,logistic_regression,10,1,1204,0,0,0.44270597087315394
pc3,static,logistic_regression,10,1,1206,1,1,0.7878993709486145
pc3,static,logistic_regression,10,1,1207,0,0,0.4408166657356718
pc3,static,logistic_regression,10,1,1227,0,0,0.20704980235608766
pc3,static,logistic_regression,10,1,1228,0,0,0.13898548192826415
pc3,static,logistic_regression,10,1,1248,0,0,0.4891057659937101
pc3,static,logistic_regression,10,1,1262,0,0,0.05654123227507538
pc3,static,logistic_regression,10,1,1266,0,0,0.4492708705816222
pc3,static,logistic_regression,10,1,1295,0,0,0.3654920227817994
pc3,static,logistic_regression,10,1,1299,0,0,0.033686767183755906
pc3,static,logistic_regression,10,1,1308,0,0,0.14284392282464103
pc3,static,logistic_regression,10,1,1343,1,1,0.6991527805284354
pc3,static,logistic_regression,10,1,1358,0,0,0.23400649872606408
pc3,static,logistic_regression,10,1,1372,0,1,0.7153028068561782
pc3,static,logistic_regression,10,1,1373,0,0,0.05946313789643692
pc3,static,logistic_regression,10,1,1383,1,0,0.47467757020709317
pc3,static,logistic_regression,10,1,1408,0,0,0.34505735781222147
pc3,static,logistic_regression,10,1,1435,0,1,0.7318450446301937
pc3,static,logistic_regression,10,1,1446,0,1,0.6571513371778179
pc3,static,logistic_regression,10,1,1448,0,1,0.5883328055921434
pc3,static,logistic_regression,10,1,1461,0,0,0.10987560441119394
pc3,static,logistic_regression,10,1,1462,0,1,0.7868448229132043
pc3,static,logistic_regression,10,1,1489,1,1,0.9716476890939173
pc3,static,logistic_regression,10,1,1499,0,0,0.11645598030073022
pc3,static,logistic_regression,10,1,1505,0,0,0.13953689989748094
pc3,static,logistic_regression,10,1,1508,1,1,0.5897775758202191
pc3,static,logistic_regression,10,1,1511,0,0,0.11614149442501935
pc3,static,logistic_regression,10,1,1518,0,0,0.36855415632631205
pc3,static,logistic_regression,10,1,1537,0,0,0.07601323303274646
pc3,static,logistic_regression,10,1,1549,0,1,0.5200405734000465
pc3,static,logistic_regression,10,1,1552,0,0,0.1899820075666423
pc3,static,logistic_regression,10,1,1556,0,0,0.4512596781748425
pc3,static,logistic_regression,10,2,16,1,0,0.09630574912011526
pc3,static,logistic_regression,10,2,17,0,1,0.7770860540169924
pc3,static,logistic_regression,10,2,27,0,0,0.16560157078585724
pc3,static,logistic_regression,10,2,43,0,0,0.05093531213428857
pc3,static,logistic_regression,10,2,50,0,0,0.16688687485987036
pc3,static,logistic_regression,10,2,53,0,0,0.2670277284377509
pc3,static,logistic_regression,10,2,59,0,0,0.06046829801052387
pc3,static,logistic_regression,10,2,70,0,0,0.25406611583432953
pc3,static,logistic_regression,10,2,73,0,0,0.15815246569254512
pc3,static,logistic_regression,10,2,77,0,0,0.39979248245046656
pc3,static,logistic_regression,10,2,78,0,0,0.14873035125392875
pc3,static,logistic_regression,10,2,79,0,1,0.5519613629561207
pc3,static,logistic_regression,10,2,87,0,0,0.02481979836161313
pc3,static,logistic_regression,10,2,99,1,1,0.7912173556565116
pc3,static,logistic_regression,10,2,125,0,0,0.4045441781161186
pc3,static,logistic_regression,10,2,127,0,0,0.15142962425141906
pc3,static,logistic_regression,10,2,129,0,0,0.13920349721860908
pc3,static,logistic_regression,10,2,133,1,1,0.9976620672060231
pc3,static,logistic_regression,10,2,137,0,1,0.5969671347437195
pc3,static,logistic_regression,10,2,140,1,0,0.20186799290925092
pc3,static,logistic_regression,10,2,166,0,1,0.8692466651965941
pc3,static,logistic_regression,10,2,187,0,1,0.89472012642306
pc3,static,logistic_regression,10,2,202,1,1,0.9537036347272072
pc3,static,logistic_regression,10,2,230,0,0,0.24182663370157056
pc3,static,logistic_regression,10,2,231,0,1,0.8718021551462632
pc3,static,logistic_regression,10,2,248,0,1,0.9959016874695414
pc3,static,logistic_regression,10,2,253,0,1,0.6584560171955899
pc3,static,logistic_regression,10,2,257,0,0,0.2738061239250004
pc3,static,logistic_regression,10,2,263,0,1,0.6276820246967212
pc3,static,logistic_regression,10,2,275,0,0,0.12226016556409039
pc3,static,logistic_regression,10,2,287,0,0,0.1027358748225382
pc3,static,logistic_regression,10,2,291,0,0,0.46260935386521773
pc3,static,logistic_regression,10,2,300,0,1,0.7172280726232158
pc3,static,logistic_regression,10,2,306,0,0,0.32173102940299414
pc3,static,logistic_regression,10,2,313,0,0,0.09031062171250331
pc3,static,logistic_regression,10,2,337,0,1,0.7741746214388407
pc3,static,logistic_regression,10,2,347,1,0,0.3291857855330507
pc3,static,logistic_regression,10,2,370,0,0,0.16236110945670562
pc3,static,logistic_regression,10,2,374,0,1,0.5660794538920562
pc3,static,logistic_regression,10,2,381,0,0,0.10939218520076616
pc3,static,logistic_regression,10,2,387,0,0,0.403245591289976
pc3,static,logistic_regression,10,2,414,1,0,0.4056905854958262
pc3,static,logistic_regression,10,2,415,0,0,0.15192421165791478
pc3,static,logistic_regression,10,2,433,0,0,0.21990473574967404
pc3,static,logistic_regression,10,2,456,0,0,0.2941224082325121
pc3,static,logistic_regression,10,2,469,0,1,0.6061233241969378
pc3,static,logistic_regression,10,2,489,0,0,0.056643823465249286
pc3,static,logistic_regression,10,2,499,1,1,0.6497573195547587
pc3,static,logistic_regression,10,2,536,0,0,0.19617212066881698
pc3,static,logistic_regression,10,2,539,0,0,0.39815594337333543
pc3,static,logistic_regression,10,2,553,0,0,0.0018138960821420746
pc3,static,logistic_regression,10,2,561,0,0,0.13674072359986894
pc3,static,logistic_regression,10,2,563,0,1,0.6601114890362754
pc3,static,logistic_regression,10,2,581,1,1,0.8727366381545542
pc3,static,logistic_regression,10,2,586,0,0,0.1894636495456357
pc3,static,logistic_regression,10,2,612,0,1,0.6631370897398264
pc3,static,logistic_regression,10,2,620,1,0,0.2531515402936413
pc3,static,logistic_regression,10,2,622,0,1,0.6153273573321825
pc3,static,logistic_regression,10,2,637,0,0,0.18600029254637562
pc3,static,logistic_regression,10,2,646,0,0,0.06725556651233132
pc3,static,logistic_regression,10,2,656,0,0,0.2035326583405796
pc3,static,logistic_regression,10,2,666,0,1,0.5132987676458871
pc3,static,logistic_regression,10,2,689,0,0,0.3962527230913517
pc3,static,logistic_regression,10,2,690,0,0,0.21967100691824357
pc3,static,logistic_regression,10,2,695,0,0,0.18301956456285653
pc3,static,logistic_regression,10,2,699,0,0,0.33335371251403073
pc3,static,logistic_regression,10,2,707,0,0,0.19942088314089207
pc3,static,logistic_regression,10,2,716,0,0,0.10920381851140817
pc3,static,logistic_regression,10,2,717,0,0,0.23499994675984026
pc3,static,logistic_regression,10,2,737,0,0,0.2036697966733701
pc3,static,logistic_regression,10,2,746,0,0,0.08183462542008464
pc3,static,logistic_regression,10,2,785,0,0,0.37751085036209725
pc3,static,logistic_regression,10,2,787,0,1,0.6800480159423169
pc3,static,logistic_regression,10,2,788,0,0,1.2754845844760508e-07
pc3,static,logistic_regression,10,2,789,0,0,0.42125151465673266
pc3,static,logistic_regression,10,2,794,0,0,0.13520714231688366
pc3,static,logistic_regression,10,2,801,0,0,0.08916406520658028
pc3,static,logistic_regression,10,2,811,0,0,0.03978601079347979
pc3,static,logistic_regression,10,2,819,0,1,0.534320099451321
pc3,static,logistic_regression,10,2,838,0,1,0.725041813976005
pc3,static,logistic_regression,10,2,845,0,1,0.7274093505569533
pc3,static,logistic_regression,10,2,856,0,0,0.07194086396632897
pc3,static,logistic_regression,10,2,858,0,1,0.6930951343343826
pc3,static,logistic_regression,10,2,861,0,1,0.8215365481074466
pc3,static,logistic_regression,10,2,863,0,0,0.06699152858425078
pc3,static,logistic_regression,10,2,878,1,0,0.0057791024087047145
pc3,static,logistic_regression,10,2,887,1,1,0.7742927161995802
pc3,static,logistic_regression,10,2,893,0,0,0.1659450763688609
pc3,static,logistic_regression,10,2,902,0,0,0.13571605743124182
pc3,static,logistic_regression,10,2,907,0,0,0.044096431258990945
pc3,static,logistic_regression,10,2,926,0,0,0.2295222220134302
pc3,static,logistic_regression,10,2,929,0,0,0.11314649078090067
pc3,static,logistic_regression,10,2,933,0,1,0.5420969285253769
pc3,static,logistic_regression,10,2,936,0,0,0.151817122328529
pc3,static,logistic_regression,10,2,949,0,1,0.5989297324046564
pc3,static,logistic_regression,10,2,951,0,0,0.1411324872348021
pc3,static,logistic_regression,10,2,952,0,0,0.09431338077249
pc3,static,logistic_regression,10,2,958,0,0,0.14532374888458416
pc3,static,logistic_regression,10,2,990,0,0,0.05174931333014071
pc3,static,logistic_regression,10,2,992,0,0,0.005481185857813034
pc3,static,logistic_regression,10,2,996,0,1,0.5018538161469641
pc3,static,logistic_regression,10,2,1007,0,0,0.0402361911897164
pc3,static,logistic_regression,10,2,1012,0,0,0.2257512950225774
pc3,static,logistic_regression,10,2,1030,0,0,0.03717578227488707
pc3,static,logistic_regression,10,2,1049,0,0,0.06718703811494442
pc3,static,logistic_regression,10,2,1074,0,0,0.2482722193581986
pc3,static,logistic_regression,10,2,1078,0,0,0.0711583699754527
pc3,static,logistic_regression,10,2,1093,0,1,0.6722268242996117
pc3,static,logistic_regression,10,2,1097,0,0,0.053609606168410574
pc3,static,logistic_regression,10,2,1111,0,0,0.08837976116800156
pc3,static,logistic_regression,10,2,1112,0,0,0.2740876797133208
pc3,static,logistic_regression,10,2,1114,1,0,0.12252651084487136
pc3,static,logistic_regression,10,2,1134,0,0,0.14999480171758595
pc3,static,logistic_regression,10,2,1136,0,0,0.05161634568703523
pc3,static,logistic_regression,10,2,1138,1,1,0.7313951157100317
pc3,static,logistic_regression,10,2,1146,0,0,0.06853728394350285
pc3,static,logistic_regression,10,2,1169,0,0,0.18480817888004353
pc3,static,logistic_regression,10,2,1181,0,0,0.13220929039789978
pc3,static,logistic_regression,10,2,1191,0,0,0.1668499255335058
pc3,static,logistic_regression,10,2,1217,0,0,0.14538873284451298
pc3,static,logistic_regression,10,2,1220,0,0,0.16792432898532314
pc3,static,logistic_regression,10,2,1233,0,0,0.14423725658507394
pc3,static,logistic_regression,10,2,1237,0,0,0.48458800942349184
pc3,static,logistic_regression,10,2,1247,0,0,0.0816515511802106
pc3,static,logistic_regression,10,2,1260,0,1,0.6248578679873394
pc3,static,logistic_regression,10,2,1265,0,0,0.024598218711655014
pc3,static,logistic_regression,10,2,1281,0,1,0.6504335949581204
pc3,static,logistic_regression,10,2,1289,0,0,6.379721744127617e-18
pc3,static,logistic_regression,10,2,1300,0,1,0.7173149290396561
pc3,static,logistic_regression,10,2,1305,0,0,0.1983687865519642
pc3,static,logistic_regression,10,2,1314,0,0,0.0008556246860449189
pc3,static,logistic_regression,10,2,1324,0,0,0.09042493571022758
pc3,static,logistic_regression,10,2,1325,0,0,0.34244851185786035
pc3,static,logistic_regression,10,2,1335,0,0,0.18839623273075948
pc3,static,logistic_regression,10,2,1344,0,0,0.08810169328405523
pc3,static,logistic_regression,10,2,1349,0,0,0.16235817510788458
pc3,static,logistic_regression,10,2,1352,0,0,0.015873954902021727
pc3,static,logistic_regression,10,2,1354,0,0,0.1304510323144517
pc3,static,logistic_regression,10,2,1362,0,0,0.1084692890401442
pc3,static,logistic_regression,10,2,1364,0,0,0.0868950293804555
pc3,static,logistic_regression,10,2,1370,0,1,0.7560123903613928
pc3,static,logistic_regression,10,2,1417,0,0,0.07669778276765293
pc3,static,logistic_regression,10,2,1428,1,0,0.15654705176204148
pc3,static,logistic_regression,10,2,1445,0,0,0.4275535050234193
pc3,static,logistic_regression,10,2,1450,0,0,0.23625894647330434
pc3,static,logistic_regression,10,2,1467,0,0,0.1449214071338788
pc3,static,logistic_regression,10,2,1469,0,0,0.11574939196514607
pc3,static,logistic_regression,10,2,1474,1,1,0.5923117939008364
pc3,static,logistic_regression,10,2,1482,0,0,0.1398862105526417
pc3,static,logistic_regression,10,2,1484,0,0,0.09932279336215799
pc3,static,logistic_regression,10,2,1485,0,1,0.8303679116661794
pc3,static,logistic_regression,10,2,1498,0,1,0.5956078219726503
pc3,static,logistic_regression,10,2,1510,0,0,0.3918907398885601
pc3,static,logistic_regression,10,2,1516,0,0,0.14724795016414188
pc3,static,logistic_regression,10,2,1528,0,0,0.16654280394210247
pc3,static,logistic_regression,10,2,1536,0,0,0.020030018887634865
pc3,static,logistic_regression,10,2,1541,0,0,0.09028027960681023
pc3,static,logistic_regression,10,3,5,0,0,0.04088366333352167
pc3,static,logistic_regression,10,3,9,0,0,0.25100732220642635
pc3,static,logistic_regression,10,3,10,0,0,0.22353727033566395
pc3,static,logistic_regression,10,3,28,0,1,0.5447204000470034
pc3,static,logistic_regression,10,3,39,0,0,0.10076758555662797
pc3,static,logistic_regression,10,3,55,0,0,0.0020615162372173024
pc3,static,logistic_regression,10,3,58,1,1,0.668494843799816
pc3,static,logistic_regression,10,3,67,0,0,0.3060460672053299
pc3,static,logistic_regression,10,3,105,0,0,0.32005807643291917
pc3,static,logistic_regression,10,3,106,0,0,0.10336617793257376
pc3,static,logistic_regression,10,3,111,0,0,0.03697636864325759
pc3,static,logistic_regression,10,3,136,0,0,0.1346309765598044
pc3,static,logistic_regression,10,3,144,0,0,0.24510745156196648
pc3,static,logistic_regression,10,3,184,1,0,0.2288516942662363
pc3,static,logistic_regression,10,3,188,0,0,0.1980343298846949
pc3,static,logistic_regression,10,3,200,0,1,0.9504225926401212
pc3,static,logistic_regression,10,3,204,0,0,0.2868346762550167
pc3,static,logistic_regression,10,3,208,0,1,0.813336539182811
pc3,static,logistic_regression,10,3,209,0,1,0.732547489449555
pc3,static,logistic_regression,10,3,211,0,0,0.47160659585784653
pc3,static,logistic_regression,10,3,219,0,0,0.11344519368416976
pc3,static,logistic_regression,10,3,225,0,0,0.051597337716642336
pc3,static,logistic_regression,10,3,276,0,0,0.11466421366903304
pc3,static,logistic_regression,10,3,305,0,0,0.25940431217618853
pc3,static,logistic_regression,10,3,307,0,0,0.34628158968436346
pc3,static,logistic_regression,10,3,324,0,0,0.3297204502210683
pc3,static,logistic_regression,10,3,327,0,1,0.8521276234829329
pc3,static,logistic_regression,10,3,332,0,0,0.0022604859761676446
pc3,static,logistic_regression,10,3,333,0,1,0.5731782712048797
pc3,static,logistic_regression,10,3,338,0,0,0.07094343919804594
pc3,static,logistic_regression,10,3,349,0,0,0.2146177320538684
pc3,static,logistic_regression,10,3,357,0,0,0.10947001789806401
pc3,static,logistic_regression,10,3,361,0,0,0.2954300203390871
pc3,static,logistic_regression,10,3,365,0,0,0.06690958213500975
pc3,static,logistic_regression,10,3,382,0,0,0.2500529431200127
pc3,static,logistic_regression,10,3,384,0,0,0.053839320951542556
pc3,static,logistic_regression,10,3,390,0,0,0.054554275693585286
pc3,static,logistic_regression,10,3,391,0,0,0.15171175496429049
pc3,static,logistic_regression,10,3,393,1,0,0.052873817627675394
pc3,static,logistic_regression,10,3,394,0,1,0.5621276961680199
pc3,static,logistic_regression,10,3,400,0,0,0.10972742930339055
pc3,static,logistic_regression,10,3,418,0,0,0.33542045607519233
pc3,static,logistic_regression,10,3,430,0,1,0.8136297927908439
pc3,static,logistic_regression,10,3,438,0,1,0.9823871323452253
pc3,static,logistic_regression,10,3,439,0,0,0.0699736697682405
pc3,static,logistic_regression,10,3,446,0,0,0.149423708527252
pc3,static,logistic_regression,10,3,454,0,0,0.2418577254810121
pc3,static,logistic_regression,10,3,458,0,0,0.1483310531345063
pc3,static,logistic_regression,10,3,461,0,0,0.1535212957334871
pc3,static,logistic_regression,10,3,470,1,1,0.5027780306943823
pc3,static,logistic_regression,10,3,482,0,0,0.3367683248288234
pc3,static,logistic_regression,10,3,483,0,1,0.9995671531842919
pc3,static,logistic_regression,10,3,490,0,0,0.007466108379317386
pc3,static,logistic_regression,10,3,493,0,0,0.11119163327454969
pc3,static,logistic_regression,10,3,496,0,0,0.13966715038337482
pc3,static,logistic_regression,10,3,508,0,0,0.19893777015490316
pc3,static,logistic_regression,10,3,522,0,0,0.24298444277293044
pc3,static,logistic_regression,10,3,526,0,1,0.5518071798081833
pc3,static,logistic_regression,10,3,528,0,1,0.5286906010136059
pc3,static,logistic_regression,10,3,546,0,0,0.16545647989947534
pc3,static,logistic_regression,10,3,547,0,0,0.0020615162372173024
pc3,static,logistic_regression,10,3,549,0,0,0.09016457637441921
pc3,static,logistic_regression,10,3,550,0,0,0.15066068801465035
pc3,static,logistic_regression,10,3,564,0,0,0.06981129533426252
pc3,static,logistic_regression,10,3,566,0,0,0.48638270115085497
pc3,static,logistic_regression,10,3,567,0,0,0.27850920918388067
pc3,static,logistic_regression,10,3,568,0,1,0.6705219823310291
pc3,static,logistic_regression,10,3,580,0,0,0.018589967524177933
pc3,static,logistic_regression,10,3,587,1,0,0.16217950912568327
pc3,static,logistic_regression,10,3,599,1,0,0.47016566077311034
pc3,static,logistic_regression,10,3,600,0,0,0.14865364934720204
pc3,static,logistic_regression,10,3,601,0,0,0.12755802962665708
pc3,static,logistic_regression,10,3,603,0,0,0.09660806428366248
pc3,static,logistic_regression,10,3,639,0,1,0.8136297927908439
pc3,static,logistic_regression,10,3,642,0,1,0.7467943799264505
pc3,static,logistic_regression,10,3,658,0,0,0.0020615162372173024
pc3,static,logistic_regression,10,3,663,0,1,0.755788346824535
pc3,static,logistic_regression,10,3,691,0,0,0.24011271764551642
pc3,static,logistic_regression,10,3,718,0,0,0.29734939805376914
pc3,static,logistic_regression,10,3,721,0,1,0.9667330554947078
pc3,static,logistic_regression,10,3,732,0,0,0.29029477051190467
pc3,static,logistic_regression,10,3,736,0,0,0.28675836104704594
pc3,static,logistic_regression,10,3,740,0,0,0.24843346323976903
pc3,static,logistic_regression,10,3,743,1,1,0.9982040487311135
pc3,static,logistic_regression,10,3,760,1,1,0.9945635989219752
pc3,static,logistic_regression,10,3,775,0,0,0.3450309501093367
pc3,static,logistic_regression,10,3,791,0,1,0.8104581237011395
pc3,static,logistic_regression,10,3,803,0,0,0.4110265300884341
pc3,static,logistic_regression,10,3,831,0,0,0.41007415124897045
pc3,static,logistic_regression,10,3,834,0,1,0.521817561376396
pc3,static,logistic_regression,10,3,841,0,0,0.11465936144680386
pc3,static,logistic_regression,10,3,872,0,0,0.10923353181638457
pc3,static,logistic_regression,10,3,879,0,0,0.37621183872902353
pc3,static,logistic_regression,10,3,880,0,0,0.07043985114711764
pc3,static,logistic_regression,10,3,883,0,0,0.30191597057380654
pc3,static,logistic_regression,10,3,905,0,0,0.10908178630532908
pc3,static,logistic_regression,10,3,911,0,0,0.07777649418661825
pc3,static,logistic_regression,10,3,914,0,1,0.6832171383585302
pc3,static,logistic_regression,10,3,916,1,1,0.7640752675587528
pc3,static,logistic_regression,10,3,920,0,0,0.06850381658545646
pc3,static,logistic_regression,10,3,923,0,0,0.10174703398888794
pc3,static,logistic_regression,10,3,924,0,0,0.36352094416349134
pc3,static,logistic_regression,10,3,965,1,0,0.38095506121146844
pc3,static,logistic_regression,10,3,980,0,0,0.18219677683113433
pc3,static,logistic_regression,10,3,985,0,0,0.10332819483313382
pc3,static,logistic_regression,10,3,994,0,0,0.21076696939379425
pc3,static,logistic_regression,10,3,1000,0,0,0.48531764412815004
pc3,static,logistic_regression,10,3,1004,1,1,0.7771115915220661
pc3,static,logistic_regression,10,3,1015,0,1,0.5059932422900977
pc3,static,logistic_regression,10,3,1034,0,1,0.5874301169523342
pc3,static,logistic_regression,10,3,1040,0,1,0.9331319352484911
pc3,static,logistic_regression,10,3,1041,0,0,0.22110906148530043
pc3,static,logistic_regression,10,3,1042,0,0,0.0983846231040035
pc3,static,logistic_regression,10,3,1053,0,0,0.005115648818715936
pc3,static,logistic_regression,10,3,1069,0,0,0.07699939281776196
pc3,static,logistic_regression,10,3,1070,0,0,0.24208113110455326
pc3,static,logistic_regression,10,3,1075,0,0,3.6013898360555924e-05
pc3,static,logistic_regression,10,3,1099,0,0,0.34795486622613225
pc3,static,logistic_regression,10,3,1103,0,1,0.5991913546109664
pc3,static,logistic_regression,10,3,1124,0,0,0.3738200847361491
pc3,static,logistic_regression,10,3,1130,0,1,0.8948272296162196
pc3,static,logistic_regression,10,3,1168,0,0,0.48433048256053046
pc3,static,logistic_regression,10,3,1188,0,0,0.1643168010116325
pc3,static,logistic_regression,10,3,1190,0,0,0.12801575466960186
pc3,static,logistic_regression,10,3,1200,0,1,0.6325456887151398
pc3,static,logistic_regression,10,3,1202,0,0,0.29711957453306864
pc3,static,logistic_regression,10,3,1212,0,0,0.1643437654186821
pc3,static,logistic_regression,10,3,1238,0,0,0.20286120381996892
pc3,static,logistic_regression,10,3,1258,0,1,0.6048251358770752
pc3,static,logistic_regression,10,3,1282,1,1,0.9899220582831593
pc3,static,logistic_regression,10,3,1303,0,0,0.2077149297599116
pc3,static,logistic_regression,10,3,1321,1,0,0.4799359282939882
pc3,static,logistic_regression,10,3,1322,0,0,0.13263304312542454
pc3,static,logistic_regression,10,3,1336,0,0,0.0020615162372173024
pc3,static,logistic_regression,10,3,1355,0,0,0.20713637450995973
pc3,static,logistic_regression,10,3,1357,0,0,0.12927830437700288
pc3,static,logistic_regression,10,3,1368,0,1,0.7631021189419996
pc3,static,logistic_regression,10,3,1384,0,0,0.2855054652589822
pc3,static,logistic_regression,10,3,1418,0,1,0.8759791137663359
pc3,static,logistic_regression,10,3,1421,0,0,0.149128819607214
pc3,static,logistic_regression,10,3,1431,1,1,0.8374717275855158
pc3,static,logistic_regression,10,3,1433,1,0,0.22692517570753298
pc3,static,logistic_regression,10,3,1437,0,0,0.05469933307440839
pc3,static,logistic_regression,10,3,1451,0,0,0.410955153937017
pc3,static,logistic_regression,10,3,1452,0,0,0.10110013745200129
pc3,static,logistic_regression,10,3,1453,0,0,0.0022604859761676446
pc3,static,logistic_regression,10,3,1454,0,1,0.7541517959114582
pc3,static,logistic_regression,10,3,1466,0,0,0.006310047332449593
pc3,static,logistic_regression,10,3,1473,0,1,0.9184362453365577
pc3,static,logistic_regression,10,3,1476,0,0,0.1685278982446138
pc3,static,logistic_regression,10,3,1487,0,0,0.17009495343421033
pc3,static,logistic_regression,10,3,1494,1,1,0.702577194828649
pc3,static,logistic_regression,10,3,1512,0,0,0.17873097933079934
pc3,static,logistic_regression,10,3,1514,0,0,0.11398089719451829
pc3,static,logistic_regression,10,3,1544,0,0,0.4226645032262558
pc3,static,logistic_regression,10,3,1546,0,0,0.47862192718604407
pc3,static,logistic_regression,10,3,1553,0,0,0.43368184320450565
pc3,static,logistic_regression,10,4,13,0,0,0.37494004492819033
pc3,static,logistic_regression,10,4,20,0,1,0.6533669583431926
pc3,static,logistic_regression,10,4,22,0,0,0.18303926657087957
pc3,static,logistic_regression,10,4,62,0,0,0.0005614238673195315
pc3,static,logistic_regression,10,4,76,0,0,0.07055844202531951
pc3,static,logistic_regression,10,4,88,0,0,0.09404447247784108
pc3,static,logistic_regression,10,4,96,0,1,0.5385726963976974
pc3,static,logistic_regression,10,4,102,0,1,0.5228420974202476
pc3,static,logistic_regression,10,4,115,0,0,0.2702058546869859
pc3,static,logistic_regression,10,4,135,0,0,0.27782653770748283
pc3,static,logistic_regression,10,4,145,0,0,0.0955550984261694
pc3,static,logistic_regression,10,4,154,0,0,0.429303780904458
pc3,static,logistic_regression,10,4,159,0,0,0.2566186883763798
pc3,static,logistic_regression,10,4,161,0,0,0.1746007508271256
pc3,static,logistic_regression,10,4,167,0,0,0.042607556292374095
pc3,static,logistic_regression,10,4,170,0,0,0.0004775542465404809
pc3,static,logistic_regression,10,4,172,0,1,0.7094969264609358
pc3,static,logistic_regression,10,4,176,0,0,0.0008063751651907699
pc3,static,logistic_regression,10,4,180,0,0,0.14909087962508857
pc3,static,logistic_regression,10,4,183,0,0,0.41053809917009154
pc3,static,logistic_regression,10,4,196,0,0,0.09538019759631054
pc3,static,logistic_regression,10,4,198,0,0,0.2330194432380837
pc3,static,logistic_regression,10,4,236,1,1,0.5015074453432152
pc3,static,logistic_regression,10,4,237,0,0,0.31828668801324345
pc3,static,logistic_regression,10,4,247,0,0,0.13331428487396205
pc3,static,logistic_regression,10,4,274,0,0,0.09598587054676072
pc3,static,logistic_regression,10,4,278,0,0,0.002447754859933095
pc3,static,logistic_regression,10,4,285,0,0,0.19345181973959164
pc3,static,logistic_regression,10,4,292,0,1,0.5051172298662336
pc3,static,logistic_regression,10,4,311,0,0,0.3047237505586145
pc3,static,logistic_regression,10,4,328,0,0,0.3453082202245397
pc3,static,logistic_regression,10,4,336,0,0,0.47818155789555444
pc3,static,logistic_regression,10,4,339,0,0,0.3364350406644135
pc3,static,logistic_regression,10,4,355,0,1,0.6759696436783637
pc3,static,logistic_regression,10,4,371,0,0,0.07722517477723473
pc3,static,logistic_regression,10,4,388,0,0,0.26640806484226054
pc3,static,logistic_regression,10,4,397,0,0,0.13376381876115026
pc3,static,logistic_regression,10,4,398,0,1,0.8883997393730784
pc3,static,logistic_regression,10,4,399,0,0,0.39241845068617104
pc3,static,logistic_regression,10,4,404,0,0,0.0005614238673195315
pc3,static,logistic_regression,10,4,412,0,0,0.139386454524873
pc3,static,logistic_regression,10,4,422,0,0,0.06930954888506557
pc3,static,logistic_regression,10,4,429,0,0,0.32761285586768274
pc3,static,logistic_regression,10,4,435,1,0,0.14031442684226594
pc3,static,logistic_regression,10,4,444,0,0,0.10734971236432589
pc3,static,logistic_regression,10,4,447,0,0,0.05823182972809659
pc3,static,logistic_regression,10,4,449,0,1,0.7961101338916304
pc3,static,logistic_regression,10,4,486,0,0,0.25863831389481057
pc3,static,logistic_regression,10,4,491,1,1,0.6479416660188461
pc3,static,logistic_regression,10,4,492,1,1,0.6567111349454652
pc3,static,logistic_regression,10,4,509,0,1,0.6311288771978929
pc3,static,logistic_regression,10,4,520,0,0,0.11558952545129597
pc3,static,logistic_regression,10,4,523,0,0,0.0004775542465404809
pc3,static,logistic_regression,10,4,545,0,0,0.3894338554726307
pc3,static,logistic_regression,10,4,552,0,1,0.8970366450226585
pc3,static,logistic_regression,10,4,575,0,0,0.2923405097866079
pc3,static,logistic_regression,10,4,579,0,0,0.2419770636397266
pc3,static,logistic_regression,10,4,590,0,0,0.10962335126455144
pc3,static,logistic_regression,10,4,602,0,0,0.11770999474511781
pc3,static,logistic_regression,10,4,606,0,1,0.5644685653785585
pc3,static,logistic_regression,10,4,611,0,0,0.08363628376209085
pc3,static,logistic_regression,10,4,615,1,1,0.9085917887779688
pc3,static,logistic_regression,10,4,625,0,0,0.34638046281991386
pc3,static,logistic_regression,10,4,676,0,1,0.7187054037725464
pc3,static,logistic_regression,10,4,680,0,0,0.04302949700388518
pc3,static,logistic_regression,10,4,682,0,0,0.24564267056719433
pc3,static,logistic_regression,10,4,692,0,1,0.7153526307263095
pc3,static,logistic_regression,10,4,702,0,0,0.28352437342878906
pc3,static,logistic_regression,10,4,713,0,0,0.0587173568003846
pc3,static,logistic_regression,10,4,715,0,1,0.9263093713112459
pc3,static,logistic_regression,10,4,719,0,0,0.07717277250850571
pc3,static,logistic_regression,10,4,727,0,1,0.6864241201059833
pc3,static,logistic_regression,10,4,754,0,0,0.12208031124857155
pc3,static,logistic_regression,10,4,755,0,0,0.35367521669804924
pc3,static,logistic_regression,10,4,766,0,0,0.14488640324497284
pc3,static,logistic_regression,10,4,771,0,0,0.11669754615788222
pc3,static,logistic_regression,10,4,797,0,0,0.19533318798770713
pc3,static,logistic_regression,10,4,806,0,1,0.9877445264818151
pc3,static,logistic_regression,10,4,808,0,0,0.38434091490379324
pc3,static,logistic_regression,10,4,812,0,0,0.4984178072757564
pc3,static,logistic_regression,10,4,818,0,0,0.32750393770103386
pc3,static,logistic_regression,10,4,846,0,0,0.04618372668414751
pc3,static,logistic_regression,10,4,853,0,0,0.2762252424710428
pc3,static,logistic_regression,10,4,854,0,0,0.41820072079290854
pc3,static,logistic_regression,10,4,874,0,0,0.14416068147873076
pc3,static,logistic_regression,10,4,876,0,0,0.0842154752675532
pc3,static,logistic_regression,10,4,885,0,0,0.27440320797742607
pc3,static,logistic_regression,10,4,894,0,0,0.44466635759132694
pc3,static,logistic_regression,10,4,897,0,0,0.21800908084998177
pc3,static,logistic_regression,10,4,913,1,0,0.3861159235499967
pc3,static,logistic_regression,10,4,918,0,0,0.16300575599403025
pc3,static,logistic_regression,10,4,921,0,1,0.6396184392153814
pc3,static,logistic_regression,10,4,928,0,0,0.11461893482685434
pc3,static,logistic_regression,10,4,937,0,1,0.8262086843834704
pc3,static,logistic_regression,10,4,941,0,0,0.16397104993086825
pc3,static,logistic_regression,10,4,971,0,0,0.0290847800755457
pc3,static,logistic_regression,10,4,972,0,0,0.1128889197244867
pc3,static,logistic_regression,10,4,981,0,0,0.08187574591287589
pc3,static,logistic_regression,10,4,989,0,0,0.09751167014239803
pc3,static,logistic_regression,10,4,993,0,0,0.13285758435004147
pc3,static,logistic_regression,10,4,1024,1,1,0.8245454904615209
pc3,static,logistic_regression,10,4,1025,0,0,0.27794235142508295
pc3,static,logistic_regression,10,4,1032,0,0,0.11830639535050842
pc3,static,logistic_regression,10,4,1044,1,1,0.8954867179965965
pc3,static,logistic_regression,10,4,1047,0,0,0.001984813515781507
pc3,static,logistic_regression,10,4,1063,0,0,0.18229153524804997
pc3,static,logistic_regression,10,4,1071,0,1,0.7038242799363503
pc3,static,logistic_regression,10,4,1080,0,0,0.07693884056849888
pc3,static,logistic_regression,10,4,1085,0,1,0.5099773175694617
pc3,static,logistic_regression,10,4,1102,0,0,0.05185013561234497
pc3,static,logistic_regression,10,4,1118,1,0,0.0842841761137184
pc3,static,logistic_regression,10,4,1120,0,0,0.21683268666395558
pc3,static,logistic_regression,10,4,1131,1,1,0.8625498931986181
pc3,static,logistic_regression,10,4,1132,0,0,0.41235664230414854
pc3,static,logistic_regression,10,4,1133,0,0,0.35678796224790255
pc3,static,logistic_regression,10,4,1154,0,0,0.35527266157029935
pc3,static,logistic_regression,10,4,1155,0,1,0.5527305219012948
pc3,static,logistic_regression,10,4,1157,0,0,0.2274665170711361
pc3,static,logistic_regression,10,4,1184,0,0,0.4123473843655458
pc3,static,logistic_regression,10,4,1197,0,0,0.17021378887160665
pc3,static,logistic_regression,10,4,1201,0,0,0.33847068576383993
pc3,static,logistic_regression,10,4,1214,0,0,0.10689364871454414
pc3,static,logistic_regression,10,4,1219,0,0,0.12485525619551942
pc3,static,logistic_regression,10,4,1239,0,0,0.12315944419164156
pc3,static,logistic_regression,10,4,1240,1,0,0.2808461159178915
pc3,static,logistic_regression,10,4,1244,0,0,0.10890747080837514
pc3,static,logistic_regression,10,4,1246,0,0,0.32761285586768274
pc3,static,logistic_regression,10,4,1250,0,0,0.10577238760464024
pc3,static,logistic_regression,10,4,1253,1,1,0.5759884636449805
pc3,static,logistic_regression,10,4,1263,0,0,0.23235085069451633
pc3,static,logistic_regression,10,4,1269,0,0,0.06242772849984394
pc3,static,logistic_regression,10,4,1291,0,0,0.0004775542465404809
pc3,static,logistic_regression,10,4,1293,1,1,0.7708882585307273
pc3,static,logistic_regression,10,4,1311,1,0,0.4715681947920377
pc3,static,logistic_regression,10,4,1313,0,1,0.5160990021967181
pc3,static,logistic_regression,10,4,1326,0,0,0.2788827437083184
pc3,static,logistic_regression,10,4,1330,0,0,0.20689368611918293
pc3,static,logistic_regression,10,4,1332,0,1,0.6305103857503941
pc3,static,logistic_regression,10,4,1342,0,0,0.4900707070127023
pc3,static,logistic_regression,10,4,1379,0,0,0.07381598431082051
pc3,static,logistic_regression,10,4,1395,0,0,0.24437829310406997
pc3,static,logistic_regression,10,4,1401,0,0,0.25157223731859457
pc3,static,logistic_regression,10,4,1403,0,0,0.4041731494321947
pc3,static,logistic_regression,10,4,1407,0,0,0.10141006952861877
pc3,static,logistic_regression,10,4,1426,1,1,0.9391044255382959
pc3,static,logistic_regression,10,4,1438,0,0,0.2172802257207517
pc3,static,logistic_regression,10,4,1460,0,0,0.41608818405260656
pc3,static,logistic_regression,10,4,1465,0,1,0.652898877364254
pc3,static,logistic_regression,10,4,1479,0,1,0.5716242982125975
pc3,static,logistic_regression,10,4,1496,1,1,0.8223664728381431
pc3,static,logistic_regression,10,4,1503,0,0,0.07863225516661726
pc3,static,logistic_regression,10,4,1523,0,1,0.551807284292731
pc3,static,logistic_regression,10,4,1531,0,0,0.19952318394599033
pc3,static,logistic_regression,10,4,1533,0,1,0.8447565711389714
pc3,static,logistic_regression,10,4,1539,0,1,0.500600534246559
pc3,static,logistic_regression,10,4,1555,0,0,0.1007658154614143
pc3,static,logistic_regression,10,5,12,0,0,0.23592672269818804
pc3,static,logistic_regression,10,5,14,0,0,0.2613740957539065
pc3,static,logistic_regression,10,5,18,0,1,0.8604336297201998
pc3,static,logistic_regression,10,5,24,0,1,0.6290794723508997
pc3,static,logistic_regression,10,5,29,0,0,0.09598366443906702
pc3,static,logistic_regression,10,5,90,0,0,0.039433326540499226
pc3,static,logistic_regression,10,5,91,0,0,0.23604616831341904
pc3,static,logistic_regression,10,5,92,0,0,0.22558327724861402
pc3,static,logistic_regression,10,5,101,0,0,0.10643880717730407
pc3,static,logistic_regression,10,5,104,0,0,0.1629217332094767
pc3,static,logistic_regression,10,5,110,0,0,0.25010209196144767
pc3,static,logistic_regression,10,5,116,1,1,0.7227931930397475
pc3,static,logistic_regression,10,5,118,0,0,0.07899372664090107
pc3,static,logistic_regression,10,5,122,0,0,0.1580616785471281
pc3,static,logistic_regression,10,5,134,0,0,0.25310462740336187
pc3,static,logistic_regression,10,5,138,0,0,0.2537932445168524
pc3,static,logistic_regression,10,5,142,0,0,0.14029993769564778
pc3,static,logistic_regression,10,5,153,0,0,0.06440615628323232
pc3,static,logistic_regression,10,5,155,0,1,0.5678145452687497
pc3,static,logistic_regression,10,5,169,0,0,0.27812902349367297
pc3,static,logistic_regression,10,5,173,0,0,0.48096485881316947
pc3,static,logistic_regression,10,5,205,0,0,0.35926875725033575
pc3,static,logistic_regression,10,5,213,1,1,0.6946870277433477
pc3,static,logistic_regression,10,5,223,0,0,0.20138430846156172
pc3,static,logistic_regression,10,5,226,1,1,0.8448803955411294
pc3,static,logistic_regression,10,5,229,0,0,0.1446370438163347
pc3,static,logistic_regression,10,5,254,0,0,0.1109702190111214
pc3,static,logistic_regression,10,5,255,0,1,0.5694063672887401
pc3,static,logistic_regression,10,5,264,0,0,0.20569791723987849
pc3,static,logistic_regression,10,5,267,0,0,0.09087168321530496
pc3,static,logistic_regression,10,5,269,0,1,0.8459802098965185
pc3,static,logistic_regression,10,5,283,0,0,0.06760667207586019
pc3,static,logistic_regression,10,5,286,0,0,0.058890587604479294
pc3,static,logistic_regression,10,5,310,0,0,0.28769897510993797
pc3,static,logistic_regression,10,5,322,0,0,0.31245912034077755
pc3,static,logistic_regression,10,5,334,0,1,0.6296542682940489
pc3,static,logistic_regression,10,5,340,0,1,0.6614863950106393
pc3,static,logistic_regression,10,5,344,0,1,0.8422402446477276
pc3,static,logistic_regression,10,5,360,0,0,0.05980510159645113
pc3,static,logistic_regression,10,5,368,0,0,0.11358574478759154
pc3,static,logistic_regression,10,5,375,0,0,0.12804976041810984
pc3,static,logistic_regression,10,5,410,0,0,0.2545855691004185
pc3,static,logistic_regression,10,5,411,0,0,0.09805008410745428
pc3,static,logistic_regression,10,5,413,0,0,0.17921762475149508
pc3,static,logistic_regression,10,5,431,0,0,0.26770430305076254
pc3,static,logistic_regression,10,5,434,0,1,0.602976374427028
pc3,static,logistic_regression,10,5,463,1,1,0.6370795077329306
pc3,static,logistic_regression,10,5,464,0,0,0.07347746892734858
pc3,static,logistic_regression,10,5,475,0,1,0.5543550539894077
pc3,static,logistic_regression,10,5,478,0,1,0.5809607118928614
pc3,static,logistic_regression,10,5,481,1,0,0.36370706430735783
pc3,static,logistic_regression,10,5,510,0,1,0.6342401775064257
pc3,static,logistic_regression,10,5,517,0,0,0.08074156448732014
pc3,static,logistic_regression,10,5,525,0,0,0.06861873865780334
pc3,static,logistic_regression,10,5,535,0,0,0.41398358354029585
pc3,static,logistic_regression,10,5,556,0,0,0.19402751534321502
pc3,static,logistic_regression,10,5,570,0,1,0.6253035003225786
pc3,static,logistic_regression,10,5,578,0,1,0.516970238325007
pc3,static,logistic_regression,10,5,593,0,0,0.16078656937562744
pc3,static,logistic_regression,10,5,605,0,0,0.10644427018530872
pc3,static,logistic_regression,10,5,608,0,0,0.14628847741751808
pc3,static,logistic_regression,10,5,613,0,0,5.999087825888784e-07
pc3,static,logistic_regression,10,5,632,0,1,0.7681408465895938
pc3,static,logistic_regression,10,5,638,0,0,0.26310148640624703
pc3,static,logistic_regression,10,5,651,0,0,0.3887838619295297
pc3,static,logistic_regression,10,5,652,0,0,0.26622910870342115
pc3,static,logistic_regression,10,5,660,0,1,0.8211643187951502
pc3,static,logistic_regression,10,5,669,0,0,0.13545883859246427
pc3,static,logistic_regression,10,5,672,0,0,0.384237011633441
pc3,static,logistic_regression,10,5,675,1,1,0.8926940838811853
pc3,static,logistic_regression,10,5,681,0,1,0.7363705569097352
pc3,static,logistic_regression,10,5,688,0,0,0.2851129891194935
pc3,static,logistic_regression,10,5,694,0,0,0.0015806512200351708
pc3,static,logistic_regression,10,5,720,0,0,0.1026077588988162
pc3,static,logistic_regression,10,5,723,0,1,0.7510180883320415
pc3,static,logistic_regression,10,5,744,0,0,0.31514910889410114
pc3,static,logistic_regression,10,5,767,0,1,0.5533550839369921
pc3,static,logistic_regression,10,5,769,1,1,0.7002745820373074
pc3,static,logistic_regression,10,5,772,0,0,0.339618207596218
pc3,static,logistic_regression,10,5,780,0,0,0.4221789176127617
pc3,static,logistic_regression,10,5,802,0,0,0.3481221789059753
pc3,static,logistic_regression,10,5,814,1,0,0.07938365120651925
pc3,static,logistic_regression,10,5,821,0,0,0.1654767495899459
pc3,static,logistic_regression,10,5,829,0,1,0.5877723429065003
pc3,static,logistic_regression,10,5,866,0,0,0.31260868908309275
pc3,static,logistic_regression,10,5,889,0,0,0.10737339832597304
pc3,static,logistic_regression,10,5,935,0,0,0.18445592863656735
pc3,static,logistic_regression,10,5,944,0,1,0.7102847465492618
pc3,static,logistic_regression,10,5,946,0,0,0.30528391738005733
pc3,static,logistic_regression,10,5,960,0,0,0.2504746871225219
pc3,static,logistic_regression,10,5,964,0,0,0.14315744823256077
pc3,static,logistic_regression,10,5,1003,0,1,0.6579651555312628
pc3,static,logistic_regression,10,5,1014,0,0,0.0658354016945691
pc3,static,logistic_regression,10,5,1020,0,1,0.5951341031303431
pc3,static,logistic_regression,10,5,1027,0,0,5.999087825888784e-07
pc3,static,logistic_regression,10,5,1035,0,0,0.45870261157438097
pc3,static,logistic_regression,10,5,1039,1,0,0.33971305347322966
pc3,static,logistic_regression,10,5,1051,0,0,0.029771217347834063
pc3,static,logistic_regression,10,5,1054,0,0,0.005706403319430128
pc3,static,logistic_regression,10,5,1056,0,0,0.10742078145764376
pc3,static,logistic_regression,10,5,1076,0,0,0.1759627748377276
pc3,static,logistic_regression,10,5,1081,0,0,0.28699944069058236
pc3,static,logistic_regression,10,5,1087,0,0,0.06745041575967009
pc3,static,logistic_regression,10,5,1088,0,1,0.6133342904911376
pc3,static,logistic_regression,10,5,1105,0,0,0.4639601979073934
pc3,static,logistic_regression,10,5,1117,1,1,0.7070626174410803
pc3,static,logistic_regression,10,5,1128,0,0,0.130110030197825
pc3,static,logistic_regression,10,5,1137,1,1,0.8396204199342898
pc3,static,logistic_regression,10,5,1144,0,0,0.11502634432458736
pc3,static,logistic_regression,10,5,1151,0,0,0.07805275501597235
pc3,static,logistic_regression,10,5,1158,0,0,0.3771017123950571
pc3,static,logistic_regression,10,5,1159,1,1,0.914406575604254
pc3,static,logistic_regression,10,5,1166,0,0,0.10026363673262681
pc3,static,logistic_regression,10,5,1167,0,0,0.20625881971940133
pc3,static,logistic_regression,10,5,1170,0,1,0.6560980641802295
pc3,static,logistic_regression,10,5,1192,0,0,0.23478456448312002
pc3,static,logistic_regression,10,5,1199,0,1,0.7304750027584905
pc3,static,logistic_regression,10,5,1205,0,0,0.13486700898472667
pc3,static,logistic_regression,10,5,1223,0,0,0.42028356759227375
pc3,static,logistic_regression,10,5,1224,0,0,0.07242965596953284
pc3,static,logistic_regression,10,5,1225,0,1,0.5577850031971626
pc3,static,logistic_regression,10,5,1236,0,0,0.3263272452303339
pc3,static,logistic_regression,10,5,1251,0,0,0.09664389842320233
pc3,static,logistic_regression,10,5,1272,0,0,0.4151441501901274
pc3,static,logistic_regression,10,5,1274,0,0,0.23629038885193474
pc3,static,logistic_regression,10,5,1275,1,1,0.867504363987169
pc3,static,logistic_regression,10,5,1296,0,1,0.6755456299093651
pc3,static,logistic_regression,10,5,1318,1,1,0.7789538013986196
pc3,static,logistic_regression,10,5,1320,0,1,0.5492417993600093
pc3,static,logistic_regression,10,5,1327,0,1,0.8568241067160095
pc3,static,logistic_regression,10,5,1337,1,1,0.6400718596166426
pc3,static,logistic_regression,10,5,1341,0,0,0.17282205966019223
pc3,static,logistic_regression,10,5,1346,0,0,0.387065814411874
pc3,static,logistic_regression,10,5,1347,1,1,0.9385146119151262
pc3,static,logistic_regression,10,5,1371,0,1,0.6378087717790608
pc3,static,logistic_regression,10,5,1374,0,0,0.17151839050838694
pc3,static,logistic_regression,10,5,1381,0,0,0.12845171913573447
pc3,static,logistic_regression,10,5,1385,0,0,0.2842540239165227
pc3,static,logistic_regression,10,5,1388,0,0,0.1251748542017108
pc3,static,logistic_regression,10,5,1389,0,0,0.3363347226470631
pc3,static,logistic_regression,10,5,1393,0,0,0.0563758031682946
pc3,static,logistic_regression,10,5,1396,0,0,0.1168312877124036
pc3,static,logistic_regression,10,5,1397,0,0,0.21730396575274438
pc3,static,logistic_regression,10,5,1410,0,0,0.0015806512200351708
pc3,static,logistic_regression,10,5,1427,0,0,0.14313008987078496
pc3,static,logistic_regression,10,5,1429,0,0,0.0035407782304781813
pc3,static,logistic_regression,10,5,1434,0,0,0.10240285268355777
pc3,static,logistic_regression,10,5,1455,0,0,0.13778623200230306
pc3,static,logistic_regression,10,5,1458,0,0,0.3338943196552004
pc3,static,logistic_regression,10,5,1490,0,0,0.31601497764805153
pc3,static,logistic_regression,10,5,1492,0,0,0.012406917846141731
pc3,static,logistic_regression,10,5,1507,0,0,0.22093080236250182
pc3,static,logistic_regression,10,5,1513,0,0,0.18429505304581947
pc3,static,logistic_regression,10,5,1519,0,0,0.15522049626953427
pc3,static,logistic_regression,10,5,1525,0,0,0.300670537493526
pc3,static,logistic_regression,10,5,1530,0,0,0.1088876148390161
pc3,static,logistic_regression,10,6,4,0,0,0.25581961273826354
pc3,static,logistic_regression,10,6,6,0,0,0.10701442602411795
pc3,static,logistic_regression,10,6,19,0,0,0.08299255279030464
pc3,static,logistic_regression,10,6,34,0,1,0.7504601580718437
pc3,static,logistic_regression,10,6,36,0,0,0.1277719004733222
pc3,static,logistic_regression,10,6,44,0,1,0.6009143884868429
pc3,static,logistic_regression,10,6,66,0,0,0.28604324184281105
pc3,static,logistic_regression,10,6,71,0,0,0.3638053991589239
pc3,static,logistic_regression,10,6,74,1,1,0.7963331654445419
pc3,static,logistic_regression,10,6,75,0,1,0.5680740065292205
pc3,static,logistic_regression,10,6,81,0,0,0.13455949952780402
pc3,static,logistic_regression,10,6,84,0,0,0.1745828685341622
pc3,static,logistic_regression,10,6,93,0,0,0.13969685281137612
pc3,static,logistic_regression,10,6,109,1,0,0.14650183543089332
pc3,static,logistic_regression,10,6,131,0,1,0.5310285251061672
pc3,static,logistic_regression,10,6,151,0,0,0.09987767966959941
pc3,static,logistic_regression,10,6,156,0,0,5.581936792112142e-06
pc3,static,logistic_regression,10,6,160,1,1,0.9606050033903848
pc3,static,logistic_regression,10,6,165,0,1,0.6269002149452777
pc3,static,logistic_regression,10,6,171,0,0,0.17230633547187835
pc3,static,logistic_regression,10,6,178,0,0,0.40576855842206583
pc3,static,logistic_regression,10,6,197,0,1,0.618698031843119
pc3,static,logistic_regression,10,6,220,0,0,5.581936792112142e-06
pc3,static,logistic_regression,10,6,232,0,0,0.02523675019387455
pc3,static,logistic_regression,10,6,234,1,1,0.5894054598646329
pc3,static,logistic_regression,10,6,252,0,0,0.4770953208142136
pc3,static,logistic_regression,10,6,280,0,0,0.25310833133050437
pc3,static,logistic_regression,10,6,303,0,0,0.12244257662227065
pc3,static,logistic_regression,10,6,315,0,0,0.08337610125601723
pc3,static,logistic_regression,10,6,320,0,1,0.9445756799476072
pc3,static,logistic_regression,10,6,329,0,0,0.17858777319468236
pc3,static,logistic_regression,10,6,345,0,0,0.15082615258830928
pc3,static,logistic_regression,10,6,348,0,0,0.050057165863011746
pc3,static,logistic_regression,10,6,350,0,0,0.13207834919550396
pc3,static,logistic_regression,10,6,358,0,0,0.14963497838979004
pc3,static,logistic_regression,10,6,395,0,1,0.7913357409355574
pc3,static,logistic_regression,10,6,417,0,0,0.03270229983777994
pc3,static,logistic_regression,10,6,421,0,0,0.30906981670723715
pc3,static,logistic_regression,10,6,424,0,0,0.04274725585960924
pc3,static,logistic_regression,10,6,437,0,0,0.0022624629520275673
pc3,static,logistic_regression,10,6,441,0,1,0.9222410773056333
pc3,static,logistic_regression,10,6,452,0,0,0.08843878670163487
pc3,static,logistic_regression,10,6,453,0,0,0.07519115488992759
pc3,static,logistic_regression,10,6,465,0,0,0.28518779919862614
pc3,static,logistic_regression,10,6,466,1,1,0.9427709217969766
pc3,static,logistic_regression,10,6,472,0,0,0.10942475052456686
pc3,static,logistic_regression,10,6,480,0,0,0.07406119188748575
pc3,static,logistic_regression,10,6,484,0,0,0.44155666005979666
pc3,static,logistic_regression,10,6,487,0,0,0.12655413662150267
pc3,static,logistic_regression,10,6,488,1,1,0.8935849254936024
pc3,static,logistic_regression,10,6,500,0,0,0.14291575955947014
pc3,static,logistic_regression,10,6,505,1,0,0.3809857583715787
pc3,static,logistic_regression,10,6,507,0,1,0.7304236004162157
pc3,static,logistic_regression,10,6,521,0,0,0.0020097929170851125
pc3,static,logistic_regression,10,6,541,0,0,0.05167679704139283
pc3,static,logistic_regression,10,6,569,0,0,0.08984729549866605
pc3,static,logistic_regression,10,6,571,0,0,0.048964101707406935
pc3,static,logistic_regression,10,6,573,0,0,0.14065757265981377
pc3,static,logistic_regression,10,6,574,0,1,0.6012806437447665
pc3,static,logistic_regression,10,6,589,1,1,0.8301069719170506
pc3,static,logistic_regression,10,6,604,0,1,0.7747173415605293
pc3,static,logistic_regression,10,6,614,0,1,0.6285380859804773
pc3,static,logistic_regression,10,6,631,0,0,0.4011935541923645
pc3,static,logistic_regression,10,6,650,0,0,0.15481536556841055
pc3,static,logistic_regression,10,6,665,0,1,0.5389874951841412
pc3,static,logistic_regression,10,6,668,0,0,0.41771251427143635
pc3,static,logistic_regression,10,6,678,0,0,0.3430946527275872
pc3,static,logistic_regression,10,6,683,0,0,0.49487912207499696
pc3,static,logistic_regression,10,6,693,0,0,0.0284847855247227
pc3,static,logistic_regression,10,6,698,0,0,0.33766279612755756
pc3,static,logistic_regression,10,6,700,0,1,0.7215497610799829
pc3,static,logistic_regression,10,6,704,0,0,0.05978039348007148
pc3,static,logistic_regression,10,6,706,0,0,0.2956265716104383
pc3,static,logistic_regression,10,6,730,0,0,0.03604898010105749
pc3,static,logistic_regression,10,6,756,0,0,0.045323254900450985
pc3,static,logistic_regression,10,6,758,0,1,0.6776088783350469
pc3,static,logistic_regression,10,6,764,0,0,0.28518779919862614
pc3,static,logistic_regression,10,6,798,1,1,0.6603883080846656
pc3,static,logistic_regression,10,6,800,0,1,0.6841959127651379
pc3,static,logistic_regression,10,6,807,0,1,0.5678475730046577
pc3,static,logistic_regression,10,6,809,0,0,0.3275831823406467
pc3,static,logistic_regression,10,6,815,0,0,0.4836333498029466
pc3,static,logistic_regression,10,6,817,0,1,0.7357014201555993
pc3,static,logistic_regression,10,6,825,0,0,0.26282583327768183
pc3,static,logistic_regression,10,6,828,0,1,0.6327160332793156
pc3,static,logistic_regression,10,6,843,0,0,0.080107998247649
pc3,static,logistic_regression,10,6,864,0,0,0.18642695338530227
pc3,static,logistic_regression,10,6,898,0,0,0.06925744626487054
pc3,static,logistic_regression,10,6,904,0,0,0.07014128186586636
pc3,static,logistic_regression,10,6,906,1,1,0.7956970294141102
pc3,static,logistic_regression,10,6,909,0,0,0.19825671396026862
pc3,static,logistic_regression,10,6,945,0,0,0.20085533767511685
pc3,static,logistic_regression,10,6,948,0,0,0.14678184467373664
pc3,static,logistic_regression,10,6,950,0,0,0.05763003011908535
pc3,static,logistic_regression,10,6,963,1,0,0.09521597064311796
pc3,static,logistic_regression,10,6,986,0,0,0.4039663899158131
pc3,static,logistic_regression,10,6,987,0,0,0.0836509289650043
pc3,static,logistic_regression,10,6,1018,0,0,0.06050634802366855
pc3,static,logistic_regression,10,6,1023,1,1,0.8256103067615078
pc3,static,logistic_regression,10,6,1028,0,0,0.4287862467818369
pc3,static,logistic_regression,10,6,1036,0,0,0.24944383084960933
pc3,static,logistic_regression,10,6,1038,0,0,0.14455013382048632
pc3,static,logistic_regression,10,6,1048,0,0,0.34260005171268815
pc3,static,logistic_regression,10,6,1062,0,1,0.8937456559591094
pc3,static,logistic_regression,10,6,1073,0,0,0.0020097929170851125
pc3,static,logistic_regression,10,6,1077,0,1,0.5513908653395041
pc3,static,logistic_regression,10,6,1104,0,0,0.0496812221865099
pc3,static,logistic_regression,10,6,1106,1,0,0.0794158969394607
pc3,static,logistic_regression,10,6,1116,0,0,0.4039631137829555
pc3,static,logistic_regression,10,6,1119,0,0,0.15591319163876227
pc3,static,logistic_regression,10,6,1121,0,0,0.32622483847767353
pc3,static,logistic_regression,10,6,1125,0,0,0.10292797929047624
pc3,static,logistic_regression,10,6,1150,0,0,0.1353869234089328
pc3,static,logistic_regression,10,6,1152,0,0,0.18474111555259518
pc3,static,logistic_regression,10,6,1156,0,1,0.6860700070217198
pc3,static,logistic_regression,10,6,1161,0,0,0.06359118605523771
pc3,static,logistic_regression,10,6,1163,0,0,0.26544938591006073
pc3,static,logistic_regression,10,6,1164,0,0,0.05208538118422249
pc3,static,logistic_regression,10,6,1172,0,0,0.09718288336978584
pc3,static,logistic_regression,10,6,1178,0,0,0.10825582207021155
pc3,static,logistic_regression,10,6,1186,0,1,0.5592374831292356
pc3,static,logistic_regression,10,6,1195,0,1,0.8638559578000918
pc3,static,logistic_regression,10,6,1196,0,1,0.5964112108837683
pc3,static,logistic_regression,10,6,1209,0,1,0.9295614120045022
pc3,static,logistic_regression,10,6,1215,0,1,0.8980312195277003
pc3,static,logistic_regression,10,6,1218,0,0,0.07198018044673825
pc3,static,logistic_regression,10,6,1259,0,1,0.8956148442787762
pc3,static,logistic_regression,10,6,1267,0,0,0.08615002186898338
pc3,static,logistic_regression,10,6,1280,0,1,0.6591946838819545
pc3,static,logistic_regression,10,6,1284,0,1,0.8430487456940879
pc3,static,logistic_regression,10,6,1302,1,1,0.7144224970755174
pc3,static,logistic_regression,10,6,1350,0,1,0.5129087602742424
pc3,static,logistic_regression,10,6,1360,1,1,0.5340023696371651
pc3,static,logistic_regression,10,6,1363,0,0,0.10196509721971697
pc3,static,logistic_regression,10,6,1386,0,0,0.26469419738494615
pc3,static,logistic_regression,10,6,1392,0,0,0.04468275201683392
pc3,static,logistic_regression,10,6,1405,0,0,0.1219301302483307
pc3,static,logistic_regression,10,6,1412,0,0,0.0020097929170851125
pc3,static,logistic_regression,10,6,1419,0,1,0.5619438232266879
pc3,static,logistic_regression,10,6,1422,0,0,0.11479788832593096
pc3,static,logistic_regression,10,6,1432,0,0,0.3486129498904336
pc3,static,logistic_regression,10,6,1436,0,0,0.37277061745534457
pc3,static,logistic_regression,10,6,1442,1,0,0.26848404111418867
pc3,static,logistic_regression,10,6,1444,0,0,0.046518346673090155
pc3,static,logistic_regression,10,6,1468,0,0,0.06097603933721665
pc3,static,logistic_regression,10,6,1470,0,0,0.22832514834820702
pc3,static,logistic_regression,10,6,1475,0,1,0.9836806635587606
pc3,static,logistic_regression,10,6,1481,0,0,0.3163125529468252
pc3,static,logistic_regression,10,6,1486,0,0,0.12303529384259616
pc3,static,logistic_regression,10,6,1501,0,0,0.11182243759631864
pc3,static,logistic_regression,10,6,1509,0,0,0.4615534578995344
pc3,static,logistic_regression,10,6,1517,0,1,0.558691456764271
pc3,static,logistic_regression,10,6,1521,0,0,0.0020097929170851125
pc3,static,logistic_regression,10,6,1535,0,0,0.16393538597508403
pc3,static,logistic_regression,10,6,1545,0,0,0.18988350690211825
pc3,static,logistic_regression,10,6,1547,0,1,0.7636092234075859
pc3,static,logistic_regression,10,7,1,0,0,0.20171726088027223
pc3,static,logistic_regression,10,7,32,0,0,0.2512393387986945
pc3,static,logistic_regression,10,7,46,1,1,0.5181391201670704
pc3,static,logistic_regression,10,7,48,0,0,0.10328905246156085
pc3,static,logistic_regression,10,7,54,0,0,0.14455049609143045
pc3,static,logistic_regression,10,7,72,0,0,0.2561753891087467
pc3,static,logistic_regression,10,7,82,0,1,0.6642304728602249
pc3,static,logistic_regression,10,7,100,0,0,0.12180490428627212
pc3,static,logistic_regression,10,7,103,0,0,0.11872592270631377
pc3,static,logistic_regression,10,7,112,0,0,0.18851298622524756
pc3,static,logistic_regression,10,7,113,0,0,0.07641755936206432
pc3,static,logistic_regression,10,7,117,0,0,0.1461335630948332
pc3,static,logistic_regression,10,7,121,0,0,0.16939226102247623
pc3,static,logistic_regression,10,7,164,0,1,0.8360108266643148
pc3,static,logistic_regression,10,7,175,0,1,0.9108662540225396
pc3,static,logistic_regression,10,7,179,0,1,0.8962276912962176
pc3,static,logistic_regression,10,7,181,0,0,0.4137835558646224
pc3,static,logistic_regression,10,7,185,1,1,0.7049269907373903
pc3,static,logistic_regression,10,7,186,0,1,0.6185912480365895
pc3,static,logistic_regression,10,7,190,0,0,0.2484384858068686
pc3,static,logistic_regression,10,7,203,0,1,0.689900663308928
pc3,static,logistic_regression,10,7,217,0,0,0.13770490540571886
pc3,static,logistic_regression,10,7,224,0,0,0.353084033993279
pc3,static,logistic_regression,10,7,238,0,0,0.0993166661800546
pc3,static,logistic_regression,10,7,246,0,0,0.22220375987829802
pc3,static,logistic_regression,10,7,249,0,0,0.13039478432107288
pc3,static,logistic_regression,10,7,261,0,1,0.6595055888526421
pc3,static,logistic_regression,10,7,271,0,0,0.33768840202974404
pc3,static,logistic_regression,10,7,277,0,0,0.11797253241898341
pc3,static,logistic_regression,10,7,282,0,0,0.185503533202358
pc3,static,logistic_regression,10,7,289,0,0,0.1872126476938376
pc3,static,logistic_regression,10,7,290,0,0,0.38051791763702825
pc3,static,logistic_regression,10,7,301,0,0,0.340085595757476
pc3,static,logistic_regression,10,7,309,0,0,0.0008924281009526677
pc3,static,logistic_regression,10,7,318,0,1,0.7928276872321061
pc3,static,logistic_regression,10,7,319,0,0,0.12366499781107712
pc3,static,logistic_regression,10,7,335,0,1,0.8162201608771716
pc3,static,logistic_regression,10,7,343,0,0,0.34926948731935564
pc3,static,logistic_regression,10,7,356,0,0,0.15120175123141824
pc3,static,logistic_regression,10,7,367,1,0,0.3540068300919454
pc3,static,logistic_regression,10,7,380,0,0,0.25064373077546304
pc3,static,logistic_regression,10,7,392,0,0,0.0009667828740640313
pc3,static,logistic_regression,10,7,396,0,0,0.07763758735777065
pc3,static,logistic_regression,10,7,408,0,0,0.0008924281009526677
pc3,static,logistic_regression,10,7,425,0,0,0.062475007100654074
pc3,static,logistic_regression,10,7,427,0,0,0.28248107417651236
pc3,static,logistic_regression,10,7,436,0,0,0.09305470159523317
pc3,static,logistic_regression,10,7,467,0,0,0.10836242926857262
pc3,static,logistic_regression,10,7,468,0,0,0.453037339481552
pc3,static,logistic_regression,10,7,473,0,0,0.09894826448450324
pc3,static,logistic_regression,10,7,503,0,0,0.37814700786964484
pc3,static,logistic_regression,10,7,506,0,0,0.12362300812587103
pc3,static,logistic_regression,10,7,524,0,1,0.6421185137363644
pc3,static,logistic_regression,10,7,532,1,0,0.1845946800938495
pc3,static,logistic_regression,10,7,533,0,0,0.151129062927502
pc3,static,logistic_regression,10,7,540,0,0,0.00021309654974537934
pc3,static,logistic_regression,10,7,542,0,1,0.6870179544193933
pc3,static,logistic_regression,10,7,596,0,0,0.09478234799278479
pc3,static,logistic_regression,10,7,597,0,1,0.7546444936044406
pc3,static,logistic_regression,10,7,619,0,1,0.9118468017624591
pc3,static,logistic_regression,10,7,623,0,0,0.17832115379063088
pc3,static,logistic_regression,10,7,624,0,0,0.05316892532249122
pc3,static,logistic_regression,10,7,630,0,0,0.18593401973791612
pc3,static,logistic_regression,10,7,634,0,1,0.5450957781633892
pc3,static,logistic_regression,10,7,636,0,0,0.043312285283862204
pc3,static,logistic_regression,10,7,659,1,1,0.8158650276360975
pc3,static,logistic_regression,10,7,697,0,0,0.2423436156557695
pc3,static,logistic_regression,10,7,703,0,1,0.6548103101366676
pc3,static,logistic_regression,10,7,709,0,1,0.9186388189305021
pc3,static,logistic_regression,10,7,714,0,0,0.11847581459978282
pc3,static,logistic_regression,10,7,726,1,1,0.5266124378650998
pc3,static,logistic_regression,10,7,728,0,1,0.5391594801668539
pc3,static,logistic_regression,10,7,734,1,0,0.2763599317422995
pc3,static,logistic_regression,10,7,745,1,1,0.9478520176774118
pc3,static,logistic_regression,10,7,759,0,0,0.14203112116097455
pc3,static,logistic_regression,10,7,768,0,0,0.12425541302599698
pc3,static,logistic_regression,10,7,782,0,0,0.12857687661503955
pc3,static,logistic_regression,10,7,783,0,0,0.23579900152144517
pc3,static,logistic_regression,10,7,804,0,0,0.09177382502314341
pc3,static,logistic_regression,10,7,823,0,0,0.1360593684741336
pc3,static,logistic_regression,10,7,832,0,0,0.1759786191946588
pc3,static,logistic_regression,10,7,835,0,0,0.42636218350022503
pc3,static,logistic_regression,10,7,848,0,0,0.0008924281009526677
pc3,static,logistic_regression,10,7,857,0,0,0.20103439711079452
pc3,static,logistic_regression,10,7,868,0,0,0.0008924281009526677
pc3,static,logistic_regression,10,7,873,0,0,0.09966017668264529
pc3,static,logistic_regression,10,7,877,0,0,0.34098788052689744
pc3,static,logistic_regression,10,7,881,1,1,0.7776495224979317
pc3,static,logistic_regression,10,7,891,0,1,0.8406079603460686
pc3,static,logistic_regression,10,7,892,0,0,0.029390788455152753
pc3,static,logistic_regression,10,7,896,0,0,0.30517899302453283
pc3,static,logistic_regression,10,7,903,0,0,0.09716109484216706
pc3,static,logistic_regression,10,7,912,0,0,0.20763074765649434
pc3,static,logistic_regression,10,7,919,0,0,0.08879486701082939
pc3,static,logistic_regression,10,7,930,0,0,0.24981317974418374
pc3,static,logistic_regression,10,7,934,0,0,0.0008924281009526677
pc3,static,logistic_regression,10,7,938,1,1,0.8169603597903623
pc3,static,logistic_regression,10,7,940,0,0,0.12786233632394609
pc3,static,logistic_regression,10,7,966,1,1,0.6564418974317169
pc3,static,logistic_regression,10,7,969,1,0,0.33108154355158337
pc3,static,logistic_regression,10,7,975,0,0,0.2994370495109554
pc3,static,logistic_regression,10,7,977,0,1,0.9382989416240928
pc3,static,logistic_regression,10,7,982,0,0,0.0869274316906691
pc3,static,logistic_regression,10,7,999,0,0,0.23765459447666384
pc3,static,logistic_regression,10,7,1001,0,1,0.771548200235385
pc3,static,logistic_regression,10,7,1002,0,0,0.08500599143394715
pc3,static,logistic_regression,10,7,1009,0,0,0.07382706081582835
pc3,static,logistic_regression,10,7,1031,0,0,0.20256345352632107
pc3,static,logistic_regression,10,7,1033,0,1,0.9937006096625216
pc3,static,logistic_regression,10,7,1055,0,0,0.11218033132340417
pc3,static,logistic_regression,10,7,1059,0,0,0.37041272050321306
pc3,static,logistic_regression,10,7,1089,0,1,0.604480002609379
pc3,static,logistic_regression,10,7,1091,0,1,0.5710606502377872
pc3,static,logistic_regression,10,7,1094,0,0,0.06573913487125928
pc3,static,logistic_regression,10,7,1110,0,0,0.14691826237776853
pc3,static,logistic_regression,10,7,1135,0,0,0.18872930573491628
pc3,static,logistic_regression,10,7,1147,1,1,0.7281562530318813
pc3,static,logistic_regression,10,7,1171,0,0,0.07951514834728309
pc3,static,logistic_regression,10,7,1173,0,0,0.2141148513497166
pc3,static,logistic_regression,10,7,1177,0,0,0.10993669767544426
pc3,static,logistic_regression,10,7,1198,0,1,0.7550543478582378
pc3,static,logistic_regression,10,7,1208,0,0,0.153267213891791
pc3,static,logistic_regression,10,7,1213,0,1,0.8319589815217238
pc3,static,logistic_regression,10,7,1221,0,0,0.07097620690698182
pc3,static,logistic_regression,10,7,1222,0,0,0.2868320648941854
pc3,static,logistic_regression,10,7,1230,0,0,0.07747287437329237
pc3,static,logistic_regression,10,7,1231,0,0,0.15145307746598843
pc3,static,logistic_regression,10,7,1256,0,0,0.25875615242134975
pc3,static,logistic_regression,10,7,1283,0,0,0.22878038999219175
pc3,static,logistic_regression,10,7,1286,0,0,0.32659302257349654
pc3,static,logistic_regression,10,7,1287,1,1,0.9194193350627694
pc3,static,logistic_regression,10,7,1288,0,0,0.20326481948781278
pc3,static,logistic_regression,10,7,1315,0,0,0.0008924281009526677
pc3,static,logistic_regression,10,7,1317,0,0,0.03491668237773888
pc3,static,logistic_regression,10,7,1331,0,0,0.14892658157085714
pc3,static,logistic_regression,10,7,1338,0,1,0.6786862245693487
pc3,static,logistic_regression,10,7,1351,0,1,0.5207962819665513
pc3,static,logistic_regression,10,7,1353,0,1,0.885205704687581
pc3,static,logistic_regression,10,7,1361,1,0,0.39624717945543697
pc3,static,logistic_regression,10,7,1369,0,0,0.14161902125448095
pc3,static,logistic_regression,10,7,1376,0,0,0.3487491003547789
pc3,static,logistic_regression,10,7,1387,0,0,0.1734819321499595
pc3,static,logistic_regression,10,7,1413,0,0,0.16305766145429515
pc3,static,logistic_regression,10,7,1415,0,1,0.5013757380490975
pc3,static,logistic_regression,10,7,1420,0,0,0.0008924281009526677
pc3,static,logistic_regression,10,7,1430,0,0,0.2117209528588131
pc3,static,logistic_regression,10,7,1443,0,0,0.38795929111533095
pc3,static,logistic_regression,10,7,1472,0,0,0.39896474368413964
pc3,static,logistic_regression,10,7,1502,1,1,0.6160496693297057
pc3,static,logistic_regression,10,7,1506,0,0,0.16306513149624918
pc3,static,logistic_regression,10,7,1526,0,1,0.8776316776890883
pc3,static,logistic_regression,10,7,1529,0,0,0.20513969980089328
pc3,static,logistic_regression,10,7,1534,0,0,0.0008924281009526677
pc3,static,logistic_regression,10,7,1542,0,0,0.12876734571032636
pc3,static,logistic_regression,10,7,1550,0,0,0.07630049969528518
pc3,static,logistic_regression,10,7,1561,0,0,0.12843562427895402
pc3,static,logistic_regression,10,8,0,0,0,0.17470971625817844
pc3,static,logistic_regression,10,8,8,0,0,0.20482540811535185
pc3,static,logistic_regression,10,8,26,0,0,0.3023318744848992
pc3,static,logistic_regression,10,8,30,0,0,0.016518070949631876
pc3,static,logistic_regression,10,8,31,0,1,0.5491514191681379
pc3,static,logistic_regression,10,8,35,0,0,0.18801815025769772
pc3,static,logistic_regression,10,8,38,0,0,0.0011432978601791039
pc3,static,logistic_regression,10,8,40,0,0,0.20703247837358418
pc3,static,logistic_regression,10,8,45,0,1,0.626467865446638
pc3,static,logistic_regression,10,8,60,0,1,0.5703807853003698
pc3,static,logistic_regression,10,8,63,0,0,0.07106942602928673
pc3,static,logistic_regression,10,8,65,0,0,0.12048712838964838
pc3,static,logistic_regression,10,8,69,0,0,0.10969482918063148
pc3,static,logistic_regression,10,8,89,0,0,0.1596285312195398
pc3,static,logistic_regression,10,8,95,0,0,0.14926816214569968
pc3,static,logistic_regression,10,8,97,0,0,0.20957199253893094
pc3,static,logistic_regression,10,8,108,1,1,0.823054530774303
pc3,static,logistic_regression,10,8,126,1,0,0.34007691840249943
pc3,static,logistic_regression,10,8,130,1,1,0.6256116948516797
pc3,static,logistic_regression,10,8,146,0,0,0.1660054182348948
pc3,static,logistic_regression,10,8,149,0,1,0.8495905187695497
pc3,static,logistic_regression,10,8,157,0,0,0.1571968545796722
pc3,static,logistic_regression,10,8,162,0,0,0.055798644153901254
pc3,static,logistic_regression,10,8,163,0,1,0.6010680557993527
pc3,static,logistic_regression,10,8,191,0,0,0.18259761201896263
pc3,static,logistic_regression,10,8,192,0,0,0.1310360741966267
pc3,static,logistic_regression,10,8,199,0,1,0.5327395149433741
pc3,static,logistic_regression,10,8,201,0,1,0.5728805729367251
pc3,static,logistic_regression,10,8,210,0,0,0.13796349691944898
pc3,static,logistic_regression,10,8,218,0,0,0.07867762563202556
pc3,static,logistic_regression,10,8,228,0,0,0.1002734882174758
pc3,static,logistic_regression,10,8,233,0,0,0.09157549458459806
pc3,static,logistic_regression,10,8,235,1,1,0.7876300905896501
pc3,static,logistic_regression,10,8,239,0,0,0.004466942530546981
pc3,static,logistic_regression,10,8,241,0,0,0.1894303933280509
pc3,static,logistic_regression,10,8,243,1,1,0.9922558571854223
pc3,static,logistic_regression,10,8,250,0,1,0.5583906026091588
pc3,static,logistic_regression,10,8,281,0,0,0.25463925787790825
pc3,static,logistic_regression,10,8,294,0,1,0.5563135533406721
pc3,static,logistic_regression,10,8,302,0,0,0.27166703891470717
pc3,static,logistic_regression,10,8,317,0,0,0.03767648775062014
pc3,static,logistic_regression,10,8,321,0,0,0.09418318430371056
pc3,static,logistic_regression,10,8,323,0,1,0.6205708413756019
pc3,static,logistic_regression,10,8,330,0,0,0.05640981424209099
pc3,static,logistic_regression,10,8,341,0,0,0.1408916173391286
pc3,static,logistic_regression,10,8,352,0,0,0.14317934807537164
pc3,static,logistic_regression,10,8,366,0,0,0.0768274848627271
pc3,static,logistic_regression,10,8,372,0,0,0.11353089049659286
pc3,static,logistic_regression,10,8,383,0,0,0.46017186662329806
pc3,static,logistic_regression,10,8,406,1,0,0.3139907561631144
pc3,static,logistic_regression,10,8,407,0,1,0.6115278493686278
pc3,static,logistic_regression,10,8,423,0,0,0.038631261204196785
pc3,static,logistic_regression,10,8,474,0,0,0.4978806278273179
pc3,static,logistic_regression,10,8,477,0,0,0.02178169903766846
pc3,static,logistic_regression,10,8,479,0,0,0.33064494671577016
pc3,static,logistic_regression,10,8,497,0,0,2.9031308528886364e-13
pc3,static,logistic_regression,10,8,504,0,0,0.19840606426031923
pc3,static,logistic_regression,10,8,511,0,0,0.18183128923152045
pc3,static,logistic_regression,10,8,514,0,0,0.1810668682977704
pc3,static,logistic_regression,10,8,518,0,1,0.5065786642091235
pc3,static,logistic_regression,10,8,529,0,1,0.9787628653996625
pc3,static,logistic_regression,10,8,544,0,0,0.08481174256599597
pc3,static,logistic_regression,10,8,562,0,1,0.6205708413756019
pc3,static,logistic_regression,10,8,565,0,0,0.1818334731517658
pc3,static,logistic_regression,10,8,584,0,0,0.09574409468600568
pc3,static,logistic_regression,10,8,598,0,1,0.6574504663617314
pc3,static,logistic_regression,10,8,607,0,0,0.1362801407264851
pc3,static,logistic_regression,10,8,617,0,0,0.4351652605729376
pc3,static,logistic_regression,10,8,621,0,0,0.2957363082586961
pc3,static,logistic_regression,10,8,643,0,0,0.13372219472326058
pc3,static,logistic_regression,10,8,647,0,0,0.2129239225356032
pc3,static,logistic_regression,10,8,747,0,0,0.22924755624791546
pc3,static,logistic_regression,10,8,762,1,1,0.6944705719423623
pc3,static,logistic_regression,10,8,773,0,0,0.45800249815773997
pc3,static,logistic_regression,10,8,777,0,1,0.9176846085115408
pc3,static,logistic_regression,10,8,781,0,0,0.03619754073258807
pc3,static,logistic_regression,10,8,786,0,0,0.08523015968539766
pc3,static,logistic_regression,10,8,793,0,1,0.6205708413756019
pc3,static,logistic_regression,10,8,813,0,0,0.0926029131140184
pc3,static,logistic_regression,10,8,822,0,1,0.6701814495393736
pc3,static,logistic_regression,10,8,830,0,0,0.036813040619602826
pc3,static,logistic_regression,10,8,836,0,0,0.1583187637421614
pc3,static,logistic_regression,10,8,837,0,0,0.4681249018734806
pc3,static,logistic_regression,10,8,839,0,0,0.2230272562838173
pc3,static,logistic_regression,10,8,840,1,1,0.6349029000775908
pc3,static,logistic_regression,10,8,842,0,1,0.8318050347933569
pc3,static,logistic_regression,10,8,850,0,0,0.28686541613068783
pc3,static,logistic_regression,10,8,855,0,0,0.08905261565502708
pc3,static,logistic_regression,10,8,867,0,0,0.15715199198695676
pc3,static,logistic_regression,10,8,869,0,0,0.3409368096929942
pc3,static,logistic_regression,10,8,875,0,0,0.2159378301297947
pc3,static,logistic_regression,10,8,899,1,0,0.4063926468185118
pc3,static,logistic_regression,10,8,917,0,0,0.336122323101187
pc3,static,logistic_regression,10,8,955,0,0,0.1717426180657157
pc3,static,logistic_regression,10,8,956,0,0,0.15161359352308743
pc3,static,logistic_regression,10,8,967,0,1,0.6886021690399695
pc3,static,logistic_regression,10,8,1013,0,0,0.24656820157158607
pc3,static,logistic_regression,10,8,1021,0,0,0.25692706670698223
pc3,static,logistic_regression,10,8,1026,0,0,0.046066309769209474
pc3,static,logistic_regression,10,8,1029,1,0,0.36173314019220415
pc3,static,logistic_regression,10,8,1046,0,0,0.10167393455286652
pc3,static,logistic_regression,10,8,1050,0,0,0.09180823015432237
pc3,static,logistic_regression,10,8,1060,0,0,0.0011432978601791039
pc3,static,logistic_regression,10,8,1064,0,0,0.13472984693023224
pc3,static,logistic_regression,10,8,1066,0,0,0.10408115030616805
pc3,static,logistic_regression,10,8,1067,0,0,0.2651453216782428
pc3,static,logistic_regression,10,8,1079,0,1,0.6711829654555179
pc3,static,logistic_regression,10,8,1084,1,0,0.37307260410077814
pc3,static,logistic_regression,10,8,1095,0,1,0.7058779131751968
pc3,static,logistic_regression,10,8,1096,0,0,0.2028141676361655
pc3,static,logistic_regression,10,8,1109,0,0,0.1588222069267012
pc3,static,logistic_regression,10,8,1113,0,0,0.0587721740607403
pc3,static,logistic_regression,10,8,1140,0,0,0.30831217695221075
pc3,static,logistic_regression,10,8,1143,0,0,0.19923911702125754
pc3,static,logistic_regression,10,8,1145,0,0,0.24861627004718212
pc3,static,logistic_regression,10,8,1176,0,0,0.21954678319426346
pc3,static,logistic_regression,10,8,1180,0,0,0.10082823955751313
pc3,static,logistic_regression,10,8,1182,0,0,0.19700625832013824
pc3,static,logistic_regression,10,8,1185,0,0,0.0011432978601791039
pc3,static,logistic_regression,10,8,1189,0,1,0.6025256053097385
pc3,static,logistic_regression,10,8,1194,0,0,0.32356046693690477
pc3,static,logistic_regression,10,8,1216,0,0,0.3153995562139611
pc3,static,logistic_regression,10,8,1234,0,0,0.022669742231423474
pc3,static,logistic_regression,10,8,1245,0,0,0.00023088198762840048
pc3,static,logistic_regression,10,8,1249,0,0,0.13838065752397646
pc3,static,logistic_regression,10,8,1254,0,0,0.0012997727571425646
pc3,static,logistic_regression,10,8,1268,0,0,0.3717221776047002
pc3,static,logistic_regression,10,8,1278,1,0,0.22930790040476903
pc3,static,logistic_regression,10,8,1307,0,1,0.6803726540135531
pc3,static,logistic_regression,10,8,1310,0,0,0.1757738716205278
pc3,static,logistic_regression,10,8,1312,0,0,0.21385353296320164
pc3,static,logistic_regression,10,8,1339,1,0,0.18885672817242524
pc3,static,logistic_regression,10,8,1394,0,0,0.057519832020228055
pc3,static,logistic_regression,10,8,1398,0,0,0.1665959962942819
pc3,static,logistic_regression,10,8,1400,1,0,0.264536044327687
pc3,static,logistic_regression,10,8,1402,0,1,0.9870364728313451
pc3,static,logistic_regression,10,8,1409,0,0,0.2666480769514952
pc3,static,logistic_regression,10,8,1416,0,0,0.2284630144950199
pc3,static,logistic_regression,10,8,1425,0,0,0.2812488701177187
pc3,static,logistic_regression,10,8,1439,0,1,0.7152417610370888
pc3,static,logistic_regression,10,8,1440,1,1,0.9579032314984788
pc3,static,logistic_regression,10,8,1441,0,0,0.06426178804567323
pc3,static,logistic_regression,10,8,1447,0,0,0.12756816103356797
pc3,static,logistic_regression,10,8,1449,0,0,0.0715854516728433
pc3,static,logistic_regression,10,8,1457,0,0,0.190138813823595
pc3,static,logistic_regression,10,8,1464,0,0,0.1671516770307789
pc3,static,logistic_regression,10,8,1471,0,0,0.34569835938295124
pc3,static,logistic_regression,10,8,1477,0,0,0.14970774285108246
pc3,static,logistic_regression,10,8,1483,0,0,0.11946367043562288
pc3,static,logistic_regression,10,8,1493,0,1,0.7615588441912493
pc3,static,logistic_regression,10,8,1495,0,0,0.0011432978601791039
pc3,static,logistic_regression,10,8,1497,0,0,0.20517303548228172
pc3,static,logistic_regression,10,8,1500,1,0,0.34919669280453797
pc3,static,logistic_regression,10,8,1532,0,0,0.2402272045489779
pc3,static,logistic_regression,10,8,1557,0,0,0.13048898393463473
pc3,static,logistic_regression,10,8,1558,0,1,0.7385787373021981
pc3,static,logistic_regression,10,9,3,0,0,0.1436713389582715
pc3,static,logistic_regression,10,9,21,0,0,0.45205454630363845
pc3,static,logistic_regression,10,9,25,0,0,0.40278846827127474
pc3,static,logistic_regression,10,9,37,0,0,0.11071303779625695
pc3,static,logistic_regression,10,9,61,0,1,0.8418148127671211
pc3,static,logistic_regression,10,9,64,0,0,0.3036020051393778
pc3,static,logistic_regression,10,9,68,0,0,0.07033267692677714
pc3,static,logistic_regression,10,9,83,0,0,0.0029650582003380123
pc3,static,logistic_regression,10,9,86,0,0,0.12230890671300115
pc3,static,logistic_regression,10,9,114,0,0,0.092239947935475
pc3,static,logistic_regression,10,9,119,0,1,0.6525126055347661
pc3,static,logistic_regression,10,9,120,0,0,0.06566708173550306
pc3,static,logistic_regression,10,9,139,0,0,0.04708536634232862
pc3,static,logistic_regression,10,9,141,0,0,0.14621033475696887
pc3,static,logistic_regression,10,9,147,0,0,0.09102563677731365
pc3,static,logistic_regression,10,9,148,0,0,0.19052806938991673
pc3,static,logistic_regression,10,9,152,0,0,0.21021035660154586
pc3,static,logistic_regression,10,9,158,0,0,0.4140505590826664
pc3,static,logistic_regression,10,9,168,0,0,0.15400016612721154
pc3,static,logistic_regression,10,9,193,1,1,0.8972001072116008
pc3,static,logistic_regression,10,9,212,0,1,0.9492452173854531
pc3,static,logistic_regression,10,9,214,0,0,0.4266851918005668
pc3,static,logistic_regression,10,9,222,0,0,0.19276008265437053
pc3,static,logistic_regression,10,9,240,0,0,0.23759899026467565
pc3,static,logistic_regression,10,9,251,0,0,0.19656651671812433
pc3,static,logistic_regression,10,9,256,0,1,0.5070841463063627
pc3,static,logistic_regression,10,9,258,0,0,0.20278544141682273
pc3,static,logistic_regression,10,9,259,0,1,0.8588943883258474
pc3,static,logistic_regression,10,9,266,0,1,0.5097279884583276
pc3,static,logistic_regression,10,9,295,0,1,0.7218880192678678
pc3,static,logistic_regression,10,9,296,0,0,0.1279750714522885
pc3,static,logistic_regression,10,9,297,0,0,0.29887445444031996
pc3,static,logistic_regression,10,9,304,0,0,0.32238720865553316
pc3,static,logistic_regression,10,9,308,0,0,0.2804033880708369
pc3,static,logistic_regression,10,9,314,1,0,0.2555568844203768
pc3,static,logistic_regression,10,9,316,1,1,0.8812540440527448
pc3,static,logistic_regression,10,9,325,0,0,0.0380019941073542
pc3,static,logistic_regression,10,9,369,0,0,0.32590453932974467
pc3,static,logistic_regression,10,9,373,0,0,0.33445153123773713
pc3,static,logistic_regression,10,9,379,0,0,0.07392646281744793
pc3,static,logistic_regression,10,9,401,0,0,0.14992581568340957
pc3,static,logistic_regression,10,9,402,0,0,0.11275249509302057
pc3,static,logistic_regression,10,9,403,0,1,0.6049830551152018
pc3,static,logistic_regression,10,9,409,0,0,0.3169890250194186
pc3,static,logistic_regression,10,9,419,0,1,0.5162486273587438
pc3,static,logistic_regression,10,9,420,0,0,0.09574588053875863
pc3,static,logistic_regression,10,9,426,0,1,0.5363586162501998
pc3,static,logistic_regression,10,9,440,0,0,0.23667357945636872
pc3,static,logistic_regression,10,9,442,0,1,0.5054681789884741
pc3,static,logistic_regression,10,9,448,1,1,0.508443039437232
pc3,static,logistic_regression,10,9,450,0,0,0.09547718768199805
pc3,static,logistic_regression,10,9,451,0,0,0.09750500039350747
pc3,static,logistic_regression,10,9,460,0,0,0.3529558533601517
pc3,static,logistic_regression,10,9,515,1,0,0.11431432555605592
pc3,static,logistic_regression,10,9,516,1,1,0.744153260633024
pc3,static,logistic_regression,10,9,543,0,0,0.4443725683910847
pc3,static,logistic_regression,10,9,551,0,1,0.9086264628974454
pc3,static,logistic_regression,10,9,555,0,0,0.3391489589610819
pc3,static,logistic_regression,10,9,559,0,1,0.5863931164418899
pc3,static,logistic_regression,10,9,576,0,0,0.1561205199190985
pc3,static,logistic_regression,10,9,583,0,0,0.12639851413314196
pc3,static,logistic_regression,10,9,591,0,0,0.3183892944352097
pc3,static,logistic_regression,10,9,610,0,1,0.9837324088070915
pc3,static,logistic_regression,10,9,626,0,0,0.24633611028010122
pc3,static,logistic_regression,10,9,627,0,1,0.7246119905220219
pc3,static,logistic_regression,10,9,629,0,0,0.00318204939473785
pc3,static,logistic_regression,10,9,654,0,0,0.16649694452829517
pc3,static,logistic_regression,10,9,655,0,1,0.6439448433938072
pc3,static,logistic_regression,10,9,674,0,0,0.17862540831933238
pc3,static,logistic_regression,10,9,684,0,0,0.2793535621438582
pc3,static,logistic_regression,10,9,685,0,0,0.0712503034794433
pc3,static,logistic_regression,10,9,711,0,0,0.054126135825151536
pc3,static,logistic_regression,10,9,724,0,0,0.45100764825310347
pc3,static,logistic_regression,10,9,729,0,0,0.18140285763946962
pc3,static,logistic_regression,10,9,733,0,0,0.26398623768865026
pc3,static,logistic_regression,10,9,735,0,0,0.08091904062596586
pc3,static,logistic_regression,10,9,738,0,0,0.0029650582003380123
pc3,static,logistic_regression,10,9,739,0,0,0.418147954873498
pc3,static,logistic_regression,10,9,742,0,0,0.06661259019515617
pc3,static,logistic_regression,10,9,751,0,0,0.442080259230419
pc3,static,logistic_regression,10,9,757,0,0,0.15270256300945997
pc3,static,logistic_regression,10,9,774,0,0,0.04667963044602869
pc3,static,logistic_regression,10,9,776,0,0,0.4419589656422109
pc3,static,logistic_regression,10,9,778,0,0,0.40193336787500994
pc3,static,logistic_regression,10,9,805,0,0,0.32052687370313976
pc3,static,logistic_regression,10,9,849,1,0,0.3021118183350106
pc3,static,logistic_regression,10,9,852,1,1,0.9469522672976358
pc3,static,logistic_regression,10,9,859,0,0,0.07894507515552641
pc3,static,logistic_regression,10,9,860,0,0,0.15046194743424618
pc3,static,logistic_regression,10,9,871,0,0,0.41708615671368116
pc3,static,logistic_regression,10,9,886,0,0,0.08217028605596773
pc3,static,logistic_regression,10,9,890,0,0,0.1614962839578533
pc3,static,logistic_regression,10,9,925,1,0,0.44443370245966546
pc3,static,logistic_regression,10,9,939,0,0,0.2585007719707028
pc3,static,logistic_regression,10,9,943,0,1,0.7333995931995624
pc3,static,logistic_regression,10,9,954,1,0,0.3400826424117866
pc3,static,logistic_regression,10,9,957,0,0,0.13815675326867938
pc3,static,logistic_regression,10,9,968,0,0,0.23186521422207765
pc3,static,logistic_regression,10,9,979,0,1,0.6290283140525808
pc3,static,logistic_regression,10,9,983,1,0,0.4130260285067768
pc3,static,logistic_regression,10,9,984,0,0,0.10851603372247405
pc3,static,logistic_regression,10,9,988,0,0,0.3737930114387244
pc3,static,logistic_regression,10,9,995,0,1,0.6932351795998072
pc3,static,logistic_regression,10,9,998,0,0,0.18600573033355
pc3,static,logistic_regression,10,9,1008,0,0,0.10910501683805202
pc3,static,logistic_regression,10,9,1010,0,1,0.7269265443500867
pc3,static,logistic_regression,10,9,1019,0,0,0.35887405497233504
pc3,static,logistic_regression,10,9,1082,0,0,0.2958064280170429
pc3,static,logistic_regression,10,9,1083,0,0,0.23935410508637342
pc3,static,logistic_regression,10,9,1090,0,0,0.10976867230312633
pc3,static,logistic_regression,10,9,1107,0,0,0.44690644701703297
pc3,static,logistic_regression,10,9,1126,0,0,0.044203502646768277
pc3,static,logistic_regression,10,9,1129,0,0,0.414947687299381
pc3,static,logistic_regression,10,9,1139,0,0,0.08811389741958676
pc3,static,logistic_regression,10,9,1148,0,1,0.7069100461018515
pc3,static,logistic_regression,10,9,1153,0,0,0.23631379849388218
pc3,static,logistic_regression,10,9,1160,0,0,0.3323602866921506
pc3,static,logistic_regression,10,9,1175,0,1,0.5349593269918743
pc3,static,logistic_regression,10,9,1187,0,0,0.2889212995338445
pc3,static,logistic_regression,10,9,1210,0,0,0.2769503154127007
pc3,static,logistic_regression,10,9,1211,1,1,0.5591946701781678
pc3,static,logistic_regression,10,9,1241,0,0,0.2968599226132479
pc3,static,logistic_regression,10,9,1242,0,0,0.09554097685777528
pc3,static,logistic_regression,10,9,1270,0,0,0.18805597953878841
pc3,static,logistic_regression,10,9,1276,0,0,0.20807680029947323
pc3,static,logistic_regression,10,9,1277,0,0,0.3223290212025027
pc3,static,logistic_regression,10,9,1285,0,0,0.15358601591461898
pc3,static,logistic_regression,10,9,1292,0,1,0.5033251575860729
pc3,static,logistic_regression,10,9,1294,0,0,0.2987374660178105
pc3,static,logistic_regression,10,9,1297,0,0,0.18933193209682803
pc3,static,logistic_regression,10,9,1298,0,0,0.1468070487552861
pc3,static,logistic_regression,10,9,1301,1,1,0.660566370351568
pc3,static,logistic_regression,10,9,1309,1,1,0.7938942701705592
pc3,static,logistic_regression,10,9,1316,0,0,0.04495731779448699
pc3,static,logistic_regression,10,9,1323,0,0,0.1664605876970551
pc3,static,logistic_regression,10,9,1334,0,1,0.6745178488208934
pc3,static,logistic_regression,10,9,1345,0,1,0.6095861723277075
pc3,static,logistic_regression,10,9,1348,1,1,0.8907542431238245
pc3,static,logistic_regression,10,9,1359,0,1,0.9564087083114815
pc3,static,logistic_regression,10,9,1367,0,0,0.376188875533382
pc3,static,logistic_regression,10,9,1380,0,1,0.9717629542458659
pc3,static,logistic_regression,10,9,1399,0,0,0.2771200010076097
pc3,static,logistic_regression,10,9,1404,0,0,0.27992459846566525
pc3,static,logistic_regression,10,9,1424,0,0,0.24227296756269048
pc3,static,logistic_regression,10,9,1456,0,0,0.23851387015640169
pc3,static,logistic_regression,10,9,1459,0,0,0.10404091642407871
pc3,static,logistic_regression,10,9,1463,0,0,0.20607662862296464
pc3,static,logistic_regression,10,9,1491,0,1,0.5359744266401103
pc3,static,logistic_regression,10,9,1520,0,0,0.22474485372152783
pc3,static,logistic_regression,10,9,1527,1,1,0.6768341449687867
pc3,static,logistic_regression,10,9,1540,0,0,0.22898158739372285
pc3,static,logistic_regression,10,9,1543,0,0,0.2319280001958471
pc3,static,logistic_regression,10,9,1551,0,1,0.6223789142694404
pc3,static,logistic_regression,10,9,1554,0,0,0.022571640893755174
pc3,static,logistic_regression,10,9,1559,0,0,0.3850408585408283
pc3,static,logistic_regression,10,9,1562,0,0,0.0513888533273338
pc3,static,logistic_regression,10,10,41,0,1,0.7704806953005162
pc3,static,logistic_regression,10,10,42,0,0,0.3413897434736845
pc3,static,logistic_regression,10,10,47,0,0,0.08143881314051907
pc3,static,logistic_regression,10,10,49,0,1,0.6746838386050102
pc3,static,logistic_regression,10,10,94,0,0,0.4782901207647084
pc3,static,logistic_regression,10,10,123,1,0,0.08716929053707263
pc3,static,logistic_regression,10,10,128,0,0,0.002580710212650072
pc3,static,logistic_regression,10,10,132,0,0,0.2696454876381657
pc3,static,logistic_regression,10,10,174,1,1,0.9125599962617691
pc3,static,logistic_regression,10,10,177,0,0,0.1971251484277926
pc3,static,logistic_regression,10,10,206,0,0,0.13684439174701796
pc3,static,logistic_regression,10,10,207,0,0,0.31193807216808
pc3,static,logistic_regression,10,10,216,0,0,0.44369569007809906
pc3,static,logistic_regression,10,10,227,0,1,0.8369793148283303
pc3,static,logistic_regression,10,10,242,0,0,0.20567409236996106
pc3,static,logistic_regression,10,10,244,0,0,0.12378945472276652
pc3,static,logistic_regression,10,10,245,0,0,0.24659421311834823
pc3,static,logistic_regression,10,10,262,1,1,0.5153639061447968
pc3,static,logistic_regression,10,10,265,0,0,0.4276887110194299
pc3,static,logistic_regression,10,10,268,0,1,0.613667632631955
pc3,static,logistic_regression,10,10,273,0,1,0.7206542450512795
pc3,static,logistic_regression,10,10,279,0,0,0.053778149248006835
pc3,static,logistic_regression,10,10,293,0,0,0.20947367095543803
pc3,static,logistic_regression,10,10,326,1,1,0.937099279388713
pc3,static,logistic_regression,10,10,331,0,0,0.3331480197958501
pc3,static,logistic_regression,10,10,342,0,0,0.26982040273302477
pc3,static,logistic_regression,10,10,353,0,1,0.5430613051724916
pc3,static,logistic_regression,10,10,354,0,0,0.24913766678639646
pc3,static,logistic_regression,10,10,359,0,0,0.49765832365472473
pc3,static,logistic_regression,10,10,362,0,0,0.14552488770530894
pc3,static,logistic_regression,10,10,363,0,0,0.07183251769357514
pc3,static,logistic_regression,10,10,377,0,0,0.002580710212650072
pc3,static,logistic_regression,10,10,378,0,0,0.10691127937164958
pc3,static,logistic_regression,10,10,385,0,0,0.21876381552085025
pc3,static,logistic_regression,10,10,389,1,1,0.9421356095435333
pc3,static,logistic_regression,10,10,416,0,1,0.8861007894334032
pc3,static,logistic_regression,10,10,432,0,0,0.05380649450099602
pc3,static,logistic_regression,10,10,443,0,0,0.28919943016776467
pc3,static,logistic_regression,10,10,445,0,1,0.6098025735184148
pc3,static,logistic_regression,10,10,457,1,1,0.9591362426347838
pc3,static,logistic_regression,10,10,459,0,0,0.0305202756995725
pc3,static,logistic_regression,10,10,462,0,0,0.2323100205677912
pc3,static,logistic_regression,10,10,476,0,0,0.06088302494222229
pc3,static,logistic_regression,10,10,485,0,1,0.9025404001864736
pc3,static,logistic_regression,10,10,494,0,0,0.4725213885254387
pc3,static,logistic_regression,10,10,498,0,0,0.39334660460531734
pc3,static,logistic_regression,10,10,501,0,1,0.827606518833776
pc3,static,logistic_regression,10,10,502,0,0,0.046759897534338235
pc3,static,logistic_regression,10,10,512,0,0,0.12745032505383877
pc3,static,logistic_regression,10,10,513,0,0,0.2630840909213244
pc3,static,logistic_regression,10,10,519,0,0,0.14611465929002626
pc3,static,logistic_regression,10,10,537,0,0,0.0639231145045101
pc3,static,logistic_regression,10,10,538,0,0,0.15754169757975467
pc3,static,logistic_regression,10,10,554,0,0,0.13200447612063582
pc3,static,logistic_regression,10,10,557,1,1,0.7692218905680122
pc3,static,logistic_regression,10,10,560,0,0,0.162489972429273
pc3,static,logistic_regression,10,10,572,0,0,0.11750942030625554
pc3,static,logistic_regression,10,10,594,0,0,0.26399153406944537
pc3,static,logistic_regression,10,10,595,0,1,0.9762112824020373
pc3,static,logistic_regression,10,10,616,0,0,0.1560211766551859
pc3,static,logistic_regression,10,10,633,0,0,0.09603766936171573
pc3,static,logistic_regression,10,10,635,0,0,0.23905140743073663
pc3,static,logistic_regression,10,10,644,0,0,0.1464688809299655
pc3,static,logistic_regression,10,10,645,0,1,0.6519019517790456
pc3,static,logistic_regression,10,10,649,0,0,0.07666649513344867
pc3,static,logistic_regression,10,10,653,1,1,0.9692381670791977
pc3,static,logistic_regression,10,10,671,0,0,0.06947392249945332
pc3,static,logistic_regression,10,10,677,0,1,0.7095510323223958
pc3,static,logistic_regression,10,10,679,0,0,0.18785147662955018
pc3,static,logistic_regression,10,10,705,0,0,0.14589611082369616
pc3,static,logistic_regression,10,10,731,0,0,0.15952964993578192
pc3,static,logistic_regression,10,10,748,0,0,0.1980712415144626
pc3,static,logistic_regression,10,10,753,0,0,0.44798095315264236
pc3,static,logistic_regression,10,10,770,0,0,0.15150185236582456
pc3,static,logistic_regression,10,10,790,0,1,0.5054784170733824
pc3,static,logistic_regression,10,10,795,0,0,0.06117375019411351
pc3,static,logistic_regression,10,10,799,1,0,0.437748939979304
pc3,static,logistic_regression,10,10,810,0,0,0.16246573797067726
pc3,static,logistic_regression,10,10,816,0,0,0.2106510331856312
pc3,static,logistic_regression,10,10,820,0,0,0.14637676554613824
pc3,static,logistic_regression,10,10,824,0,0,0.1474969013601663
pc3,static,logistic_regression,10,10,826,0,1,0.7370243813970392
pc3,static,logistic_regression,10,10,833,1,1,0.8266238852539862
pc3,static,logistic_regression,10,10,847,0,1,0.8681074980574958
pc3,static,logistic_regression,10,10,851,0,0,0.18854088362077787
pc3,static,logistic_regression,10,10,865,1,1,0.9000711160753386
pc3,static,logistic_regression,10,10,884,0,0,0.002952548323999089
pc3,static,logistic_regression,10,10,901,0,0,0.12258002156876219
pc3,static,logistic_regression,10,10,915,0,0,0.29801093862332706
pc3,static,logistic_regression,10,10,922,0,0,0.12395613976850038
pc3,static,logistic_regression,10,10,931,0,1,0.7696883098089689
pc3,static,logistic_regression,10,10,932,0,0,0.14728850322329076
pc3,static,logistic_regression,10,10,970,0,0,0.146163326789476
pc3,static,logistic_regression,10,10,1006,0,0,0.06010048434075029
pc3,static,logistic_regression,10,10,1011,0,1,0.5865868147057077
pc3,static,logistic_regression,10,10,1016,0,0,0.03304835649029642
pc3,static,logistic_regression,10,10,1022,0,0,0.116277421759756
pc3,static,logistic_regression,10,10,1037,0,0,0.002580710212650072
pc3,static,logistic_regression,10,10,1045,0,0,0.2683765906363853
pc3,static,logistic_regression,10,10,1057,0,0,0.16180838943648163
pc3,static,logistic_regression,10,10,1061,0,0,0.09280391772933906
pc3,static,logistic_regression,10,10,1065,0,0,0.20575751214646898
pc3,static,logistic_regression,10,10,1086,0,0,0.12276221902838529
pc3,static,logistic_regression,10,10,1092,0,0,0.14700016115742978
pc3,static,logistic_regression,10,10,1098,0,0,0.1893513338726961
pc3,static,logistic_regression,10,10,1100,0,0,0.14871391068610582
pc3,static,logistic_regression,10,10,1108,0,0,0.07453211147437437
pc3,static,logistic_regression,10,10,1127,0,0,0.3195642123137638
pc3,static,logistic_regression,10,10,1141,0,0,0.11773284239883391
pc3,static,logistic_regression,10,10,1149,0,0,8.623220135053782e-07
pc3,static,logistic_regression,10,10,1183,0,0,0.13301066238189357
pc3,static,logistic_regression,10,10,1203,1,0,0.4228369549952525
pc3,static,logistic_regression,10,10,1226,0,1,0.5044666687022848
pc3,static,logistic_regression,10,10,1229,1,1,0.946897553196347
pc3,static,logistic_regression,10,10,1232,0,0,0.38710163497168876
pc3,static,logistic_regression,10,10,1235,0,0,0.14607107464338032
pc3,static,logistic_regression,10,10,1243,0,1,0.6175729350147074
pc3,static,logistic_regression,10,10,1252,0,0,0.13606286281780852
pc3,static,logistic_regression,10,10,1255,0,0,0.21543136530374643
pc3,static,logistic_regression,10,10,1257,0,0,0.28694463157079725
pc3,static,logistic_regression,10,10,1261,1,0,0.43692602170621736
pc3,static,logistic_regression,10,10,1264,0,0,0.3922768788535718
pc3,static,logistic_regression,10,10,1271,0,0,0.09762503269185561
pc3,static,logistic_regression,10,10,1273,0,0,0.09450626283429268
pc3,static,logistic_regression,10,10,1279,0,0,0.21069138504272514
pc3,static,logistic_regression,10,10,1290,0,0,0.23135147828981925
pc3,static,logistic_regression,10,10,1304,0,1,0.7230960762207033
pc3,static,logistic_regression,10,10,1306,0,0,0.4190257109789073
pc3,static,logistic_regression,10,10,1319,0,0,0.47153699148477046
pc3,static,logistic_regression,10,10,1328,0,0,0.11357723955793746
pc3,static,logistic_regression,10,10,1329,0,0,0.1135753511396673
pc3,static,logistic_regression,10,10,1333,0,0,0.2787665342332681
pc3,static,logistic_regression,10,10,1340,0,0,0.2613495651256098
pc3,static,logistic_regression,10,10,1356,0,0,0.12162742580459214
pc3,static,logistic_regression,10,10,1365,0,0,0.25902835002056623
pc3,static,logistic_regression,10,10,1366,0,0,0.17279705005855853
pc3,static,logistic_regression,10,10,1375,0,0,0.13124530763024161
pc3,static,logistic_regression,10,10,1377,0,0,0.4056517893349323
pc3,static,logistic_regression,10,10,1378,0,0,0.19003184484293428
pc3,static,logistic_regression,10,10,1382,0,1,0.6082005832721145
pc3,static,logistic_regression,10,10,1390,0,0,0.015492068160388221
pc3,static,logistic_regression,10,10,1391,0,0,0.2235508823846985
pc3,static,logistic_regression,10,10,1406,0,0,0.09229460729305114
pc3,static,logistic_regression,10,10,1411,0,1,0.6942201240679194
pc3,static,logistic_regression,10,10,1414,1,1,0.9039390509272761
pc3,static,logistic_regression,10,10,1423,0,1,0.7828348176964273
pc3,static,logistic_regression,10,10,1478,0,0,0.20727757035162975
pc3,static,logistic_regression,10,10,1480,0,0,0.14913831107732772
pc3,static,logistic_regression,10,10,1488,1,1,0.680436441237528
pc3,static,logistic_regression,10,10,1504,0,0,0.29469769260530265
pc3,static,logistic_regression,10,10,1515,0,0,0.15313152230567187
pc3,static,logistic_regression,10,10,1522,0,0,0.07101405563254068
pc3,static,logistic_regression,10,10,1524,0,0,0.08768337925715386
pc3,static,logistic_regression,10,10,1538,0,0,0.15451768820561443
pc3,static,logistic_regression,10,10,1548,0,0,0.10817014696797116
pc3,static,logistic_regression,10,10,1560,0,0,0.002580710212650072
