dataset_family_x,classname,cbo,dit,fanIn,fanOut,lcom,noc,numberOfAttributes,numberOfAttributesInherited,numberOfLinesOfCode,numberOfMethods,numberOfMethodsInherited,numberOfPrivateAttributes,numberOfPrivateMethods,numberOfPublicAttributes,numberOfPublicMethods,rfc,wmc,bugs,nonTrivialBugs,majorBugs,criticalBugs,highPriorityBugs,defects,dataset_family_y,file_module_id,code_churn,commit_count,num_developers,bugfix_commit_count,days_since_last_modified,lines_added,lines_deleted,numberOfRefactoringsUntil,maxLinesAddedUntil,avgLinesAddedUntil,maxLinesRemovedUntil,avgLinesRemovedUntil,maxCodeChurnUntil,avgCodeChurnUntil,weightedAgeWithRespectTo,numberOfBugsFoundUntil,numberOfNonTrivialBugsFoundUntil,numberOfMajorBugsFoundUntil,numberOfCriticalBugsFoundUntil,numberOfHighPriorityBugsFoundUntil,CvsEntropy,CvsWEntropy,CvsLinEntropy,CvsLogEntropy,CvsExpEntropy,repo_metrics_available
aeeem,org::apache::lucene::search::spans::SpanOrQuery,17,3,10,7,55,0,2,0,170.0,11.0,44,2,0,0.0,11,59.0,29.0,1,0,0,0,0,1,aeeem,org::apache::lucene::search::spans::SpanOrQuery,0.0,12,6,1,244.714,12.0,12.0,0,1.0,1.0,1.0,1.0,0.0,0.0,95.4643,3,3,0,0,0,10.4552,0.0654643,0.0459837,0.312237,0.102246,True
aeeem,org::apache::lucene::index::DocumentsWriter,34,1,9,27,2415,0,60,0,829.0,70.0,9,25,11,19.0,0,263.0,177.0,2,0,0,0,0,1,aeeem,org::apache::lucene::index::DocumentsWriter,-1372.0,49,3,9,66.0,2311.0,3683.0,1,644.0,47.1633,2030.0,75.1633,218.0,-28.0,35.1323,42,42,0,0,0,13.9297,1.5636,0.121367,3.64623,0.318946,True
aeeem,org::apache::lucene::document::Document,179,1,174,5,120,0,6,0,138.0,16.0,18,5,0,1.0,16,99.0,46.0,0,0,0,0,0,0,aeeem,org::apache::lucene::document::Document,186.0,32,10,4,368.143,424.0,238.0,0,58.0,13.25,51.0,7.4375,51.0,5.8125,168.949,9,9,0,0,0,9.3931,0.127039,0.0877331,0.400665,0.210511,True
aeeem,org::apache::lucene::search::highlight::SimpleSpanFragmenter,5,1,1,4,3,0,7,0,40.0,3.0,11,7,0,0.0,3,12.0,10.0,0,0,0,0,0,0,aeeem,org::apache::lucene::search::highlight::SimpleSpanFragmenter,0.0,2,2,0,23.1429,2.0,2.0,0,1.0,1.0,1.0,1.0,0.0,0.0,8.07143,2,2,0,0,0,2.46341,0.00545206,0.0399775,0.135853,0.132707,True
aeeem,org::apache::lucene::ant::FileExtensionDocumentHandler,5,1,0,5,0,0,0,0,19.0,1.0,10,0,0,0.0,1,7.0,3.0,0,0,0,0,0,0,aeeem,org::apache::lucene::ant::FileExtensionDocumentHandler,0.0,2,1,1,325.857,2.0,2.0,0,1.0,1.0,1.0,1.0,0.0,0.0,39.7857,0,0,0,0,0,0.0,0.0,0.0,0.0,0.0,True
aeeem,org::apache::lucene::analysis::Token,128,1,122,6,465,0,11,0,240.0,31.0,18,3,4,7.0,27,72.0,66.0,0,0,0,0,0,0,aeeem,org::apache::lucene::analysis::Token,748.0,24,9,4,368.143,999.0,251.0,0,468.0,41.625,69.0,10.4583,420.0,31.1667,314.776,13,13,0,0,0,16.4641,0.612773,0.0871962,0.542911,0.230256,True
aeeem,org::apache::lucene::search::FieldDoc,0,2,0,0,0,0,1,2,4.0,1.0,19,0,0,1.0,1,1.0,1.0,0,0,0,0,0,0,aeeem,org::apache::lucene::search::FieldDoc,11.0,7,4,0,242.143,30.0,19.0,0,20.0,4.28571,9.0,2.71429,11.0,1.57143,32.4762,1,1,0,0,0,4.24084,0.00884444,0.0566766,0.217954,0.10808,True
aeeem,org::tartarus::snowball::ext::DanishStemmer,1,2,0,1,21,0,8,6,345.0,7.0,35,8,6,0.0,1,32.0,51.0,0,0,0,0,0,0,aeeem,org::tartarus::snowball::ext::DanishStemmer,0.0,1,1,0,6.57143,1.0,1.0,0,1.0,1.0,1.0,1.0,0.0,0.0,0.0,1,1,0,0,0,1.35264,0.000832763,0.0350566,0.101164,0.0995792,True
aeeem,org::apache::lucene::search::SortField,6,1,4,2,21,0,18,0,44.0,7.0,18,4,0,1.0,7,20.0,13.0,1,0,0,0,0,1,aeeem,org::apache::lucene::search::SortField,112.0,14,7,2,242.143,134.0,22.0,0,36.0,9.57143,5.0,1.57143,33.0,8.0,50.0437,4,4,0,0,0,6.60956,0.0283922,0.0719954,0.30796,0.153127,True
aeeem,org::apache::lucene::document::AbstractField,16,2,13,3,231,3,16,0,182.0,22.0,41,0,0,0.0,20,57.0,60.0,0,0,0,0,0,0,aeeem,org::apache::lucene::document::AbstractField,66.0,6,3,1,121.571,349.0,283.0,0,274.0,58.1667,274.0,47.1667,38.0,11.0,103.953,4,4,0,0,0,5.34192,0.126545,0.103812,0.341011,0.279462,True
aeeem,org::apache::lucene::benchmark::byTask::utils::Config,23,1,14,9,66,0,6,0,182.0,12.0,9,6,4,0.0,8,120.0,37.0,0,0,0,0,0,0,aeeem,org::apache::lucene::benchmark::byTask::utils::Config,80.0,10,4,0,90.5714,422.0,342.0,0,324.0,42.2,324.0,34.2,49.0,8.0,15.8812,6,6,0,0,0,7.7902,0.171935,0.0220847,0.218167,0.0274878,True
aeeem,org::apache::lucene::benchmark::quality::utils::DocNameExtractor,5,1,2,3,1,0,2,0,13.0,2.0,9,2,0,0.0,2,5.0,3.0,0,0,0,0,0,0,aeeem,org::apache::lucene::benchmark::quality::utils::DocNameExtractor,0.0,1,1,0,62.7143,1.0,1.0,0,1.0,1.0,1.0,1.0,0.0,0.0,0.0,1,1,0,0,0,1.17486,0.000965682,0.00361796,0.0337529,0.00505055,True
aeeem,org::apache::lucene::analysis::cjk::CJKAnalyzer,2,2,0,2,1,0,2,0,6.0,2.0,15,1,0,0.0,2,5.0,2.0,0,0,0,0,0,0,aeeem,org::apache::lucene::analysis::cjk::CJKAnalyzer,0.0,5,3,0,250.143,5.0,5.0,0,1.0,1.0,1.0,1.0,0.0,0.0,13.9429,0,0,0,0,0,0.0,0.0,0.0,0.0,0.0,True
aeeem,org::apache::lucene::search::HitIterator,4,1,2,3,10,0,2,0,20.0,5.0,9,2,0,0.0,4,11.0,6.0,0,0,0,0,0,0,aeeem,org::apache::lucene::search::HitIterator,1.0,6,4,1,180.143,14.0,13.0,0,6.0,2.33333,6.0,2.16667,2.0,0.166667,57.3265,2,2,0,0,0,5.50819,0.0336513,0.0687709,0.271872,0.157142,True
aeeem,org::apache::lucene::misc::HighFreqTerms,8,1,0,8,1,0,1,0,40.0,2.0,9,0,1,0.0,1,26.0,9.0,0,0,0,0,0,0,aeeem,org::apache::lucene::misc::HighFreqTerms,0.0,3,2,1,307.429,3.0,3.0,0,1.0,1.0,1.0,1.0,0.0,0.0,40.4286,0,0,0,0,0,0.0,0.0,0.0,0.0,0.0,True
aeeem,org::apache::lucene::index::FormatPostingsDocsConsumer,2,1,2,0,1,1,0,0,0.0,2.0,9,0,0,0.0,0,2.0,0.0,0,0,0,0,0,0,aeeem,org::apache::lucene::index::FormatPostingsDocsConsumer,0.0,0,0,0,0.0,0.0,0.0,0,0.0,0.0,0.0,0.0,0.0,0.0,0.0,0,0,0,0,0,0.0,0.0,0.0,0.0,0.0,True
aeeem,org::apache::lucene::search::IndexSearcher,65,3,57,8,36,2,2,0,61.0,9.0,37,1,1,1.0,8,30.0,18.0,0,0,0,0,0,0,aeeem,org::apache::lucene::search::IndexSearcher,-6.0,36,11,4,368.143,291.0,297.0,0,39.0,8.08333,51.0,8.25,39.0,-0.166667,164.852,5,5,0,0,0,11.5269,0.350981,0.0842299,3.50814,0.113609,True
aeeem,org::apache::lucene::store::db::DbIndexOutput,4,2,1,3,28,0,8,0,86.0,8.0,24,0,0,0.0,7,34.0,16.0,0,0,0,0,0,0,aeeem,org::apache::lucene::store::db::DbIndexOutput,0.0,2,1,0,179.286,2.0,2.0,0,1.0,1.0,1.0,1.0,0.0,0.0,15.2143,0,0,0,0,0,2.56045,0.00833997,0.00309243,0.0579449,8.74499e-05,True
aeeem,org::apache::lucene::search::highlight::TokenGroup,6,1,5,1,45,0,9,0,54.0,10.0,9,1,0,8.0,7,24.0,13.0,0,0,0,0,0,0,aeeem,org::apache::lucene::search::highlight::TokenGroup,0.0,1,1,0,219.286,1.0,1.0,0,1.0,1.0,1.0,1.0,0.0,0.0,0.0,0,0,0,0,0,0.0,0.0,0.0,0.0,0.0,True
aeeem,org::apache::lucene::index::MergeDocIDRemapper,4,1,2,2,1,0,6,0,76.0,2.0,9,0,0,6.0,2,8.0,15.0,1,0,0,0,0,1,aeeem,org::apache::lucene::index::MergeDocIDRemapper,0.0,1,1,0,30.8571,1.0,1.0,0,1.0,1.0,1.0,1.0,0.0,0.0,0.0,1,1,0,0,0,0.871061,0.00164027,0.00523142,0.0309637,0.0182075,True
aeeem,org::apache::lucene::benchmark::byTask::tasks::RepSelectByPrefTask,8,4,0,8,3,0,0,13,39.0,3.0,51,0,0,0.0,2,33.0,10.0,0,0,0,0,0,0,aeeem,org::apache::lucene::benchmark::byTask::tasks::RepSelectByPrefTask,31.0,3,2,0,90.5714,76.0,45.0,0,42.0,25.3333,42.0,15.0,31.0,10.3333,10.3929,1,1,0,0,0,3.28866,0.0163189,0.00774168,0.0876976,0.00527147,True
aeeem,org::apache::lucene::analysis::PorterStemFilter,3,3,0,3,1,0,1,1,14.0,2.0,16,1,0,0.0,2,10.0,4.0,0,0,0,0,0,0,aeeem,org::apache::lucene::analysis::PorterStemFilter,-40.0,8,5,1,368.143,79.0,119.0,0,26.0,9.875,51.0,14.875,1.0,-5.0,137.492,2,2,0,0,0,4.2341,0.0216663,0.0385326,0.170244,0.106043,True
aeeem,org::apache::lucene::search::PhraseScorer,8,3,1,7,78,2,9,0,107.0,13.0,17,4,3,0.0,6,44.0,33.0,0,0,0,0,0,0,aeeem,org::apache::lucene::search::PhraseScorer,53.0,18,8,3,368.143,322.0,269.0,0,120.0,17.8889,82.0,14.9444,38.0,2.94444,125.349,2,2,0,0,0,2.6029,0.026718,0.0057418,0.0681672,0.00340696,True
aeeem,org::apache::lucene::analysis::WordlistLoader,6,1,2,4,1,0,0,0,44.0,2.0,9,0,0,0.0,2,18.0,10.0,0,0,0,0,0,0,aeeem,org::apache::lucene::analysis::WordlistLoader,11.0,9,4,1,216.286,83.0,72.0,0,32.0,9.22222,29.0,8.0,32.0,1.22222,70.0826,1,1,0,0,0,7.75655,0.206158,0.013608,0.190306,0.0072202,True
aeeem,org::apache::lucene::analysis::CharTokenizer,3,3,1,2,10,3,6,1,55.0,5.0,16,6,0,0.0,3,15.0,13.0,1,0,0,0,0,1,aeeem,org::apache::lucene::analysis::CharTokenizer,-23.0,10,6,0,349.857,84.0,107.0,0,27.0,8.4,51.0,10.7,9.0,-2.3,198.361,3,3,0,0,0,5.46076,0.0423946,0.0445186,0.210853,0.12351,True
aeeem,org::apache::lucene::benchmark::byTask::tasks::ResetSystemEraseTask,2,4,0,2,1,0,0,2,7.0,2.0,44,0,0,0.0,2,4.0,2.0,0,0,0,0,0,0,aeeem,org::apache::lucene::benchmark::byTask::tasks::ResetSystemEraseTask,-8.0,4,3,0,90.5714,52.0,60.0,0,48.0,13.0,48.0,15.0,0.0,-2.0,11.467,2,2,0,0,0,4.08464,0.017208,0.0105405,0.111471,0.0103927,True
aeeem,org::apache::lucene::queryParser::surround::query::ComposedQuery,9,2,5,4,105,4,3,1,73.0,15.0,30,3,0,0.0,9,64.0,24.0,0,0,0,0,0,0,aeeem,org::apache::lucene::queryParser::surround::query::ComposedQuery,1.0,3,3,0,170.143,8.0,7.0,0,6.0,2.66667,5.0,2.33333,1.0,0.333333,73.4286,1,1,0,0,0,3.9126,0.0091715,0.0563791,0.210955,0.108084,True
aeeem,org::apache::lucene::xmlparser::builders::SpanBuilderBase,1,2,0,1,0,6,0,0,3.0,1.0,11,0,0,0.0,1,2.0,1.0,0,0,0,0,0,0,aeeem,org::apache::lucene::xmlparser::builders::SpanBuilderBase,15.0,2,1,0,136.571,17.0,2.0,0,16.0,8.5,1.0,1.0,15.0,7.5,45.042,0,0,0,0,0,2.42975,0.0199393,0.0044811,0.0606869,0.00162176,True
aeeem,org::apache::lucene::store::Directory,74,1,69,5,153,7,2,0,64.0,18.0,9,0,0,1.0,17,35.0,18.0,1,0,0,0,0,1,aeeem,org::apache::lucene::store::Directory,113.0,22,6,3,368.143,241.0,128.0,0,45.0,10.9545,51.0,5.81818,45.0,5.13636,217.232,11,11,0,0,0,11.9647,0.189867,0.119783,3.59951,0.218627,True
aeeem,org::apache::lucene::xmlparser::builders::DuplicateFilterBuilder,4,1,1,3,1,0,0,0,34.0,2.0,10,0,0,0.0,2,15.0,5.0,0,0,0,0,0,0,aeeem,org::apache::lucene::xmlparser::builders::DuplicateFilterBuilder,-2.0,2,2,0,53.1429,2.0,4.0,0,1.0,1.0,3.0,2.0,0.0,-1.0,24.9286,1,1,0,0,0,2.24283,0.00352988,0.0555838,0.176221,0.114048,True
aeeem,org::apache::lucene::xmlparser::builders::BooleanQueryBuilder,11,1,2,9,3,0,1,0,56.0,3.0,10,1,0,0.0,2,25.0,10.0,0,0,0,0,0,0,aeeem,org::apache::lucene::xmlparser::builders::BooleanQueryBuilder,11.0,7,2,1,136.571,37.0,26.0,0,16.0,5.28571,12.0,3.71429,15.0,1.57143,35.1892,1,1,0,0,0,7.59491,0.0717043,0.0627134,0.301601,0.109454,True
aeeem,org::apache::lucene::index::DocInverterPerField,14,2,1,13,3,0,6,0,130.0,3.0,11,2,0,4.0,2,35.0,18.0,3,0,0,0,0,1,aeeem,org::apache::lucene::index::DocInverterPerField,-8.0,2,1,0,11.7143,3.0,11.0,1,2.0,1.5,10.0,5.5,0.0,-4.0,3.14286,2,2,0,0,0,2.2048,0.00530609,0.0438039,0.136638,0.145088,True
aeeem,org::apache::lucene::analysis::el::GreekLowerCaseFilter,4,3,1,3,1,0,1,1,19.0,2.0,16,0,0,1.0,2,6.0,4.0,0,0,0,0,0,0,aeeem,org::apache::lucene::analysis::el::GreekLowerCaseFilter,-6.0,3,3,0,180.286,9.0,15.0,0,8.0,3.0,13.0,5.0,0.0,-2.0,154.032,2,2,0,0,0,4.01034,0.0133112,0.0849614,0.270262,0.206211,True
aeeem,org::apache::lucene::index::ReadOnlySegmentReader,3,4,1,2,3,0,0,15,9.0,3.0,80,0,0,0.0,1,6.0,4.0,0,0,0,0,0,0,aeeem,org::apache::lucene::index::ReadOnlySegmentReader,0.0,1,1,0,6.57143,1.0,1.0,0,1.0,1.0,1.0,1.0,0.0,0.0,0.0,1,1,0,0,0,1.35264,0.000832763,0.0350566,0.101164,0.0995792,True
aeeem,org::apache::lucene::search::spans::SpanNotQuery,11,3,4,7,66,0,2,0,144.0,12.0,44,2,0,0.0,12,34.0,21.0,0,0,0,0,0,0,aeeem,org::apache::lucene::search::spans::SpanNotQuery,86.0,11,7,2,244.714,108.0,22.0,0,26.0,9.81818,8.0,2.0,22.0,7.81818,113.093,4,4,0,0,0,8.83948,0.267342,0.0428683,0.271437,0.101025,True
aeeem,org::apache::lucene::benchmark::byTask::tasks::RepSumByNameTask,7,3,1,6,3,0,0,12,39.0,3.0,46,0,0,0.0,2,27.0,6.0,0,0,0,0,0,0,aeeem,org::apache::lucene::benchmark::byTask::tasks::RepSumByNameTask,36.0,3,2,0,90.5714,82.0,46.0,0,43.0,27.3333,43.0,15.3333,36.0,12.0,10.3537,1,1,0,0,0,3.28866,0.0170226,0.00774168,0.0876976,0.00527147,True
aeeem,org::apache::lucene::index::InvertedDocEndConsumer,2,1,2,0,10,1,0,0,0.0,5.0,9,0,0,0.0,0,5.0,0.0,0,0,0,0,0,0,aeeem,org::apache::lucene::index::InvertedDocEndConsumer,0.0,1,1,0,11.7143,1.0,1.0,1,1.0,1.0,1.0,1.0,0.0,0.0,0.0,1,1,0,0,0,0.792859,0.00051848,0.0122672,0.0424562,0.0457934,True
aeeem,org::apache::lucene::search::highlight::SpanGradientFormatter,4,2,0,4,1,0,2,14,35.0,2.0,15,2,0,0.0,2,12.0,6.0,0,0,0,0,0,0,aeeem,org::apache::lucene::search::highlight::SpanGradientFormatter,-1.0,3,3,0,190.0,7.0,8.0,0,6.0,2.33333,5.0,2.66667,1.0,-0.333333,95.7143,1,1,0,0,0,4.04759,0.0130581,0.00827961,0.102943,0.00675749,True
aeeem,org::apache::lucene::xmlparser::CoreParser,23,1,3,20,15,1,5,0,87.0,6.0,10,0,1,1.0,4,41.0,7.0,0,0,0,0,0,0,aeeem,org::apache::lucene::xmlparser::CoreParser,56.0,9,2,2,136.571,60.0,4.0,0,29.0,6.66667,1.0,0.444444,28.0,6.22222,69.35,1,1,0,0,0,7.67536,0.0494495,0.0676022,0.316053,0.13114,True
aeeem,org::apache::lucene::analysis::compound::hyphenation::HyphenationException,1,1,1,0,0,0,0,0,3.0,1.0,27,0,0,0.0,1,1.0,1.0,0,0,0,0,0,0,aeeem,org::apache::lucene::analysis::compound::hyphenation::HyphenationException,0.0,1,1,0,20.7143,1.0,1.0,0,1.0,1.0,1.0,1.0,0.0,0.0,0.0,1,1,0,0,0,1.18716,0.00167713,0.0103756,0.0486875,0.0417474,True
aeeem,org::apache::lucene::xmlparser::builders::FilteredQueryBuilder,6,1,1,5,1,0,2,0,18.0,2.0,10,2,0,0.0,2,9.0,2.0,0,0,0,0,0,0,aeeem,org::apache::lucene::xmlparser::builders::FilteredQueryBuilder,13.0,3,2,0,136.0,18.0,5.0,0,16.0,6.0,3.0,1.66667,15.0,4.33333,49.4048,1,1,0,0,0,3.81153,0.0207318,0.0566197,0.210002,0.108541,True
aeeem,org::apache::lucene::benchmark::stats::MemUsage,2,1,1,1,3,0,6,0,13.0,3.0,9,0,0,6.0,3,8.0,2.0,0,0,0,0,0,0,aeeem,org::apache::lucene::benchmark::stats::MemUsage,-1.0,3,2,0,99.0,1.0,2.0,0,1.0,0.333333,1.0,0.666667,0.0,-0.333333,0.0,1,1,0,0,0,2.88097,0.00120628,0.0551741,0.187772,0.108062,True
aeeem,org::apache::lucene::index::ParallelReader,10,2,3,7,325,0,9,2,267.0,26.0,58,8,0,1.0,20,156.0,67.0,0,0,0,0,0,0,aeeem,org::apache::lucene::index::ParallelReader,275.0,22,7,4,177.857,413.0,138.0,1,118.0,18.7727,23.0,6.27273,113.0,12.5,87.8565,15,15,0,0,0,19.4885,0.70161,0.0716809,0.563933,0.140551,True
aeeem,org::apache::lucene::store::ChecksumIndexInput,3,2,0,3,28,0,2,0,28.0,8.0,33,0,0,2.0,8,18.0,8.0,0,0,0,0,0,0,aeeem,org::apache::lucene::store::ChecksumIndexInput,0.0,1,1,0,34.2857,1.0,1.0,0,1.0,1.0,1.0,1.0,0.0,0.0,0.0,1,1,0,0,0,1.12713,0.00181519,0.00645093,0.0393921,0.0217025,True
aeeem,org::apache::lucene::analysis::compound::DictionaryCompoundWordTokenFilter,2,4,0,2,1,0,0,10,36.0,2.0,24,0,0,0.0,1,14.0,12.0,0,0,0,0,0,0,aeeem,org::apache::lucene::analysis::compound::DictionaryCompoundWordTokenFilter,0.0,1,1,0,20.7143,1.0,1.0,0,1.0,1.0,1.0,1.0,0.0,0.0,0.0,1,1,0,0,0,1.18716,0.00167713,0.0103756,0.0486875,0.0417474,True
aeeem,org::apache::lucene::store::SingleInstanceLockFactory,3,2,2,1,3,0,1,1,13.0,3.0,13,1,0,0.0,3,6.0,3.0,0,0,0,0,0,0,aeeem,org::apache::lucene::store::SingleInstanceLockFactory,4.0,4,2,1,110.143,13.0,9.0,0,6.0,3.25,5.0,2.25,4.0,1.0,13.7802,3,3,0,0,0,4.99485,0.0137035,0.0132794,0.136452,0.0185345,True
aeeem,org::apache::lucene::analysis::ar::ArabicNormalizationFilter,5,3,2,3,1,0,1,1,15.0,2.0,16,0,0,0.0,1,8.0,4.0,0,0,0,0,0,0,aeeem,org::apache::lucene::analysis::ar::ArabicNormalizationFilter,0.0,0,0,0,0.0,0.0,0.0,0,0.0,0.0,0.0,0.0,0.0,0.0,0.0,0,0,0,0,0,0.0,0.0,0.0,0.0,0.0,True
aeeem,org::apache::lucene::analysis::StopAnalyzer,6,2,1,5,3,0,2,0,17.0,3.0,15,1,0,0.0,3,12.0,4.0,0,0,0,0,0,0,aeeem,org::apache::lucene::analysis::StopAnalyzer,2.0,12,7,1,368.143,69.0,67.0,0,17.0,5.75,51.0,5.58333,17.0,0.166667,208.59,1,1,0,0,0,6.50047,0.0635998,0.0116065,0.159885,0.00705316,True
aeeem,org::apache::lucene::analysis::PerFieldAnalyzerWrapper,3,2,2,1,15,0,2,0,30.0,6.0,15,2,0,0.0,6,13.0,9.0,0,0,0,0,0,0,aeeem,org::apache::lucene::analysis::PerFieldAnalyzerWrapper,-2.0,9,6,2,262.857,59.0,61.0,0,16.0,6.55556,51.0,6.77778,14.0,-0.222222,104.37,2,2,0,0,0,6.08433,0.0968814,0.0113622,0.151484,0.00717911,True
aeeem,org::apache::lucene::index::IndexReader,153,1,138,16,1225,6,5,0,214.0,50.0,9,3,1,0.0,39,124.0,48.0,3,0,0,0,0,1,aeeem,org::apache::lucene::index::IndexReader,891.0,95,13,19,368.143,1990.0,1099.0,2,132.0,20.9474,202.0,11.5684,98.0,9.37895,207.691,34,34,0,0,0,31.8654,1.82971,0.166162,1.03245,0.362861,True
aeeem,org::apache::lucene::wordnet::SynLookup,9,1,0,9,1,0,0,0,78.0,2.0,9,0,0,0.0,2,43.0,13.0,0,0,0,0,0,0,aeeem,org::apache::lucene::wordnet::SynLookup,0.0,2,2,0,245.286,2.0,2.0,0,1.0,1.0,1.0,1.0,0.0,0.0,25.0714,0,0,0,0,0,0.740259,0.0094905,0.000755367,0.016145,4.53657e-06,True
aeeem,org::apache::lucene::queryParser::surround::parser::QueryParserTokenManager,4,1,1,3,190,0,19,26,604.0,20.0,9,2,14,7.0,5,103.0,217.0,0,0,0,0,0,0,aeeem,org::apache::lucene::queryParser::surround::parser::QueryParserTokenManager,0.0,1,1,0,170.143,1.0,1.0,0,1.0,1.0,1.0,1.0,0.0,0.0,0.0,0,0,0,0,0,1.03163,0.0042698,0.00120501,0.023183,2.18418e-05,True
aeeem,org::apache::lucene::analysis::ngram::EdgeNGramTokenFilter,3,3,1,2,3,0,7,1,45.0,3.0,16,4,1,0.0,2,17.0,10.0,1,0,0,0,0,1,aeeem,org::apache::lucene::analysis::ngram::EdgeNGramTokenFilter,2.0,3,3,0,82.1429,20.0,18.0,0,16.0,6.66667,16.0,6.0,2.0,0.666667,68.0,3,3,0,0,0,3.46561,0.0139708,0.0389238,0.155112,0.115967,True
aeeem,org::apache::lucene::search::ExtendedFieldCacheImpl,3,2,1,2,6,0,5,13,9.0,4.0,35,2,0,3.0,3,9.0,3.0,0,0,0,0,0,0,aeeem,org::apache::lucene::search::ExtendedFieldCacheImpl,65.0,4,2,0,49.0,80.0,15.0,1,59.0,20.0,11.0,3.75,48.0,16.25,16.5536,3,3,0,0,0,4.85875,0.0677033,0.105557,3.41697,0.21549,True
aeeem,org::apache::lucene::benchmark::byTask::tasks::NewRoundTask,3,2,0,3,3,0,0,2,10.0,3.0,39,0,0,0.0,2,6.0,3.0,0,0,0,0,0,0,aeeem,org::apache::lucene::benchmark::byTask::tasks::NewRoundTask,0.0,3,2,0,90.5714,45.0,45.0,0,43.0,15.0,43.0,15.0,0.0,0.0,10.9968,1,1,0,0,0,3.28866,0.013807,0.00774168,0.0876976,0.00527147,True
aeeem,org::apache::lucene::benchmark::byTask::stats::Points,11,1,10,1,15,0,3,0,23.0,6.0,9,3,1,0.0,5,12.0,6.0,0,0,0,0,0,0,aeeem,org::apache::lucene::benchmark::byTask::stats::Points,-252.0,3,2,0,90.5714,92.0,344.0,0,85.0,30.6667,258.0,114.667,0.0,-84.0,11.0512,1,1,0,0,0,3.28866,0.0605032,0.00774168,0.0876976,0.00527147,True
aeeem,org::apache::lucene::analysis::miscellaneous::PrefixAwareTokenFilter,5,2,2,3,36,2,4,0,63.0,9.0,13,4,0,0.0,9,24.0,15.0,0,0,0,0,0,0,aeeem,org::apache::lucene::analysis::miscellaneous::PrefixAwareTokenFilter,-28.0,2,2,0,14.0,16.0,44.0,0,15.0,8.0,43.0,22.0,0.0,-14.0,6.5625,2,2,0,0,0,2.35699,0.026903,0.0440601,0.140911,0.148302,True
aeeem,org::apache::lucene::queryParser::Token,0,1,0,0,6,0,8,0,13.0,4.0,9,0,0,8.0,4,5.0,4.0,0,0,0,0,0,0,aeeem,org::apache::lucene::queryParser::Token,43.0,2,2,0,264.857,56.0,13.0,0,55.0,28.0,12.0,6.5,43.0,21.5,257.041,1,1,0,0,0,1.23854,0.0331713,0.0519223,0.145898,0.106899,True
aeeem,org::apache::lucene::store::Lock,13,1,10,3,3,9,3,0,29.0,3.0,9,0,0,1.0,3,12.0,8.0,1,0,0,0,0,1,aeeem,org::apache::lucene::store::Lock,19.0,20,8,1,366.857,184.0,165.0,0,50.0,9.2,51.0,8.25,25.0,0.95,165.044,5,5,0,0,0,9.15338,0.0710578,0.0208316,0.239519,0.0219847,True
aeeem,org::apache::lucene::index::FreqProxTermsWriter,14,2,0,14,45,0,3,1,229.0,10.0,16,2,1,1.0,2,53.0,43.0,0,0,0,0,0,0,aeeem,org::apache::lucene::index::FreqProxTermsWriter,20.0,2,1,0,11.7143,61.0,41.0,1,60.0,30.5,40.0,20.5,20.0,10.0,2.52927,2,2,0,0,0,1.54522,0.0346251,0.0273145,0.0891453,0.0962259,True
aeeem,org::apache::lucene::analysis::compound::hyphenation::Hyphen,2,1,0,2,1,0,3,0,19.0,2.0,18,0,0,3.0,1,7.0,6.0,0,0,0,0,0,0,aeeem,org::apache::lucene::analysis::compound::hyphenation::Hyphen,0.0,1,1,0,20.7143,1.0,1.0,0,1.0,1.0,1.0,1.0,0.0,0.0,0.0,1,1,0,0,0,1.18716,0.00167713,0.0103756,0.0486875,0.0417474,True
aeeem,org::apache::lucene::index::InvertedDocConsumerPerThread,2,1,2,0,6,1,0,0,0.0,4.0,9,0,0,0.0,0,4.0,0.0,0,0,0,0,0,0,aeeem,org::apache::lucene::index::InvertedDocConsumerPerThread,0.0,1,1,0,11.7143,1.0,1.0,1,1.0,1.0,1.0,1.0,0.0,0.0,0.0,1,1,0,0,0,0.792859,0.00051848,0.0122672,0.0424562,0.0457934,True
aeeem,org::apache::lucene::analysis::Analyzer,50,1,50,0,15,33,1,0,12.0,6.0,9,1,0,0.0,4,9.0,4.0,1,0,0,0,0,1,aeeem,org::apache::lucene::analysis::Analyzer,-10.0,11,8,1,368.143,78.0,88.0,0,28.0,7.09091,51.0,8.0,27.0,-0.909091,237.31,2,2,0,0,0,7.3729,0.0854729,0.0176392,0.194196,0.0254562,True
aeeem,org::apache::lucene::xmlparser::builders::LikeThisQueryBuilder,12,1,1,11,1,0,5,0,58.0,2.0,10,1,0,4.0,2,29.0,10.0,0,0,0,0,0,0,aeeem,org::apache::lucene::xmlparser::builders::LikeThisQueryBuilder,54.0,6,3,0,136.571,64.0,10.0,0,38.0,10.6667,5.0,1.66667,38.0,9.0,36.9531,2,2,0,0,0,7.36559,0.138294,0.0933122,0.361464,0.212374,True
aeeem,org::apache::lucene::xmlparser::builders::RangeFilterBuilder,3,1,1,2,1,0,0,0,10.0,2.0,10,0,0,0.0,2,6.0,1.0,0,0,0,0,0,0,aeeem,org::apache::lucene::xmlparser::builders::RangeFilterBuilder,13.0,3,2,0,136.571,18.0,5.0,0,16.0,6.0,3.0,1.66667,15.0,4.33333,49.9444,1,1,0,0,0,3.66829,0.0219196,0.0564034,0.206585,0.108521,True
aeeem,org::tartarus::snowball::ext::LovinsStemmer,1,2,0,1,561,0,4,6,1501.0,34.0,35,4,33,0.0,1,137.0,262.0,0,0,0,0,0,0,aeeem,org::tartarus::snowball::ext::LovinsStemmer,0.0,1,1,0,6.57143,1.0,1.0,0,1.0,1.0,1.0,1.0,0.0,0.0,0.0,1,1,0,0,0,1.35264,0.000832763,0.0350566,0.101164,0.0995792,True
aeeem,org::apache::lucene::util::UnicodeUtil,8,1,6,2,1,0,9,0,115.0,2.0,9,4,0,0.0,2,7.0,20.0,0,0,0,0,0,0,aeeem,org::apache::lucene::util::UnicodeUtil,0.0,1,1,0,28.0,1.0,1.0,0,1.0,1.0,1.0,1.0,0.0,0.0,0.0,1,1,0,0,0,0.907447,0.00157841,0.00633487,0.0340785,0.0239308,True
aeeem,org::apache::lucene::document::NumberTools,6,1,1,5,1,0,6,0,51.0,2.0,9,3,0,0.0,2,19.0,10.0,0,0,0,0,0,0,aeeem,org::apache::lucene::document::NumberTools,1.0,5,5,1,202.143,13.0,12.0,0,6.0,2.6,5.0,2.4,1.0,0.2,59.011,1,1,0,0,0,2.83909,0.00755549,0.00795341,0.0788386,0.011542,True
aeeem,org::apache::lucene::search::ExactPhraseScorer,5,4,2,3,1,0,0,5,28.0,2.0,27,0,0,0.0,0,9.0,7.0,0,0,0,0,0,0,aeeem,org::apache::lucene::search::ExactPhraseScorer,-36.0,10,7,1,368.143,39.0,75.0,0,13.0,3.9,51.0,7.5,3.0,-3.6,182.044,2,2,0,0,0,2.6029,0.0168352,0.0057418,0.0681672,0.00340696,True
aeeem,org::apache::lucene::store::FSDirectory,1,2,1,0,1,3,4,2,6.0,2.0,27,3,0,0.0,2,2.0,2.0,5,0,0,0,0,1,aeeem,org::apache::lucene::store::FSDirectory,372.0,81,10,15,368.143,1262.0,890.0,1,128.0,15.5802,108.0,10.9877,51.0,4.59259,204.577,30,30,0,0,0,27.817,1.41357,0.146834,0.914975,0.314159,True
aeeem,org::apache::lucene::ant::TextDocument,6,1,2,4,3,0,1,0,31.0,3.0,9,1,0,0.0,3,19.0,4.0,0,0,0,0,0,0,aeeem,org::apache::lucene::ant::TextDocument,0.0,2,1,1,325.857,2.0,2.0,0,1.0,1.0,1.0,1.0,0.0,0.0,39.7857,0,0,0,0,0,0.0,0.0,0.0,0.0,0.0,True
aeeem,org::apache::lucene::xmlparser::builders::SpanNotBuilder,5,3,1,4,1,0,1,0,19.0,2.0,12,0,0,1.0,2,8.0,2.0,0,0,0,0,0,0,aeeem,org::apache::lucene::xmlparser::builders::SpanNotBuilder,3.0,3,1,0,136.571,25.0,22.0,0,16.0,8.33333,20.0,7.33333,15.0,1.0,30.8114,0,0,0,0,0,2.99495,0.0431902,0.00530023,0.0740352,0.00168471,True
aeeem,org::apache::lucene::store::instantiated::InstantiatedIndexReader,16,2,5,14,276,0,4,2,174.0,24.0,58,4,0,0.0,19,123.0,64.0,1,0,0,0,0,1,aeeem,org::apache::lucene::store::instantiated::InstantiatedIndexReader,62.0,4,2,0,29.8571,122.0,60.0,0,119.0,30.5,57.0,15.0,62.0,15.5,15.2482,3,3,0,0,0,2.62836,0.142628,0.0658346,0.206049,0.160434,True
aeeem,org::tartarus::snowball::ext::PortugueseStemmer,1,2,0,1,66,0,13,6,866.0,12.0,35,13,11,0.0,1,92.0,155.0,0,0,0,0,0,0,aeeem,org::tartarus::snowball::ext::PortugueseStemmer,0.0,1,1,0,6.57143,1.0,1.0,0,1.0,1.0,1.0,1.0,0.0,0.0,0.0,1,1,0,0,0,1.35264,0.000832763,0.0350566,0.101164,0.0995792,True
aeeem,org::apache::lucene::util::CloseableThreadLocal,5,1,4,1,6,1,2,0,43.0,4.0,9,2,0,0.0,3,18.0,8.0,0,0,0,0,0,0,aeeem,org::apache::lucene::util::CloseableThreadLocal,9.0,2,1,0,3.42857,15.0,6.0,0,14.0,7.5,5.0,3.0,9.0,4.5,0.266667,2,2,0,0,0,1.23854,0.010397,0.0519223,0.145898,0.106899,True
aeeem,org::apache::lucene::index::FormatPostingsTermsWriter,4,2,1,3,10,0,8,1,30.0,5.0,11,0,0,8.0,0,11.0,6.0,0,0,0,0,0,0,aeeem,org::apache::lucene::index::FormatPostingsTermsWriter,0.0,0,0,0,0.0,0.0,0.0,0,0.0,0.0,0.0,0.0,0.0,0.0,0.0,0,0,0,0,0,0.0,0.0,0.0,0.0,0.0,True
aeeem,org::apache::lucene::index::MergeScheduler,1,1,1,0,1,3,0,0,0.0,2.0,9,0,0,0.0,0,2.0,0.0,0,0,0,0,0,0,aeeem,org::apache::lucene::index::MergeScheduler,3.0,4,1,0,55.1429,10.0,7.0,0,5.0,2.5,3.0,1.75,3.0,0.75,12.7143,6,6,0,0,0,3.38172,0.0124765,0.0152197,0.108803,0.0408162,True
aeeem,org::apache::lucene::index::TermInfo,2,1,2,0,1,0,4,0,12.0,2.0,9,0,0,4.0,0,2.0,2.0,0,0,0,0,0,0,aeeem,org::apache::lucene::index::TermInfo,-32.0,4,3,0,368.143,29.0,61.0,0,13.0,7.25,51.0,15.25,5.0,-8.0,152.256,0,0,0,0,0,1.64243,0.00391152,0.00325183,0.0418737,0.00116335,True
aeeem,org::apache::lucene::search::ComplexExplanation,12,2,10,2,10,0,1,0,20.0,5.0,29,1,0,0.0,4,14.0,8.0,0,0,0,0,0,0,aeeem,org::apache::lucene::search::ComplexExplanation,0.0,5,5,2,119.286,11.0,11.0,0,6.0,2.2,5.0,2.2,1.0,0.0,47.7403,3,3,0,0,0,5.15836,0.0132306,0.0217915,0.158272,0.0603891,True
aeeem,org::apache::lucene::search::DocIdSetIterator,26,1,26,0,6,4,0,0,0.0,4.0,9,0,0,0.0,4,4.0,0.0,0,0,0,0,0,0,aeeem,org::apache::lucene::search::DocIdSetIterator,0.0,1,1,0,35.5714,1.0,1.0,0,1.0,1.0,1.0,1.0,0.0,0.0,0.0,1,1,0,0,0,1.17515,0.000669115,0.00634538,0.0402517,0.0203787,True
aeeem,org::apache::lucene::store::db::DbDirectory,9,2,1,8,91,0,5,2,102.0,14.0,27,0,0,0.0,14,63.0,21.0,0,0,0,0,0,0,aeeem,org::apache::lucene::store::db::DbDirectory,0.0,3,1,0,247.0,3.0,3.0,0,1.0,1.0,1.0,1.0,0.0,0.0,24.2381,0,0,0,0,0,1.43177,0.0129918,0.00146826,0.0312605,9.22005e-06,True
aeeem,org::apache::lucene::search::CheckHits,20,1,12,10,45,0,1,0,214.0,10.0,9,0,0,1.0,10,105.0,46.0,0,0,0,0,0,0,aeeem,org::apache::lucene::search::CheckHits,0.0,3,2,0,200.429,3.0,3.0,0,1.0,1.0,1.0,1.0,0.0,0.0,44.8571,0,0,0,0,0,1.45008,0.00310247,0.00214814,0.0344245,0.00018773,True
aeeem,org::apache::lucene::index::Term,74,1,72,2,45,0,2,0,37.0,10.0,18,0,1,2.0,7,18.0,16.0,0,0,0,0,0,0,aeeem,org::apache::lucene::index::Term,0.0,14,8,3,368.143,73.0,73.0,0,13.0,5.21429,51.0,5.21429,11.0,0.0,194.02,2,2,0,0,0,7.01764,0.0477485,0.0418079,0.233481,0.103884,True
aeeem,org::apache::lucene::demo::SearchFiles,12,1,0,12,6,0,0,0,206.0,4.0,9,0,1,0.0,3,78.0,47.0,0,0,0,0,0,0,aeeem,org::apache::lucene::demo::SearchFiles,164.0,13,8,2,349.571,338.0,174.0,0,151.0,26.0,51.0,13.3846,111.0,12.6154,231.055,2,2,0,0,0,7.70696,0.0988963,0.0235861,0.212649,0.0547781,True
aeeem,org::apache::lucene::demo::html::ParseException,4,1,1,3,3,0,5,0,87.0,3.0,27,0,0,3.0,2,28.0,24.0,0,0,0,0,0,0,aeeem,org::apache::lucene::demo::html::ParseException,0.0,3,2,1,264.857,8.0,8.0,0,6.0,2.66667,6.0,2.66667,0.0,0.0,220.839,2,2,0,0,0,2.76873,0.00606085,0.037311,0.137154,0.113602,True
aeeem,org::apache::lucene::queryParser::surround::query::NotQuery,3,3,1,2,1,0,0,1,12.0,2.0,45,0,0,0.0,2,9.0,2.0,0,0,0,0,0,0,aeeem,org::apache::lucene::queryParser::surround::query::NotQuery,1.0,2,2,0,170.143,7.0,6.0,0,6.0,3.5,5.0,3.0,1.0,0.5,60.2449,0,0,0,0,0,2.67407,0.00818132,0.00445684,0.0650567,0.00118519,True
aeeem,org::tartarus::snowball::Among,2,1,0,2,0,0,6,0,18.0,1.0,9,0,0,6.0,1,5.0,2.0,0,0,0,0,0,0,aeeem,org::tartarus::snowball::Among,0.0,1,1,0,6.57143,1.0,1.0,0,1.0,1.0,1.0,1.0,0.0,0.0,0.0,1,1,0,0,0,1.35264,0.000832763,0.0350566,0.101164,0.0995792,True
aeeem,org::apache::lucene::search::NonMatchingScorer,2,3,1,1,15,0,0,0,10.0,6.0,17,0,0,0.0,6,10.0,6.0,0,0,0,0,0,0,aeeem,org::apache::lucene::search::NonMatchingScorer,1.0,2,2,0,193.286,7.0,6.0,0,6.0,3.5,5.0,3.0,1.0,0.5,80.0816,0,0,0,0,0,3.0742,0.0169033,0.00472009,0.0731342,0.00117257,True
aeeem,org::apache::lucene::index::TermVectorsTermsWriterPerThread,3,2,2,2,21,0,7,0,42.0,7.0,13,0,0,7.0,5,12.0,10.0,0,0,0,0,0,0,aeeem,org::apache::lucene::index::TermVectorsTermsWriterPerThread,0.0,1,1,0,11.7143,1.0,1.0,1,1.0,1.0,1.0,1.0,0.0,0.0,0.0,1,1,0,0,0,0.792859,0.00051848,0.0122672,0.0424562,0.0457934,True
aeeem,org::apache::lucene::search::Explanation,29,1,28,1,55,1,3,0,63.0,11.0,18,3,0,0.0,9,32.0,18.0,0,0,0,0,0,0,aeeem,org::apache::lucene::search::Explanation,-18.0,7,5,4,299.286,49.0,67.0,0,25.0,7.0,51.0,9.57143,18.0,-2.57143,146.085,3,3,0,0,0,4.70913,0.0533872,0.0118167,0.126392,0.0158854,True
aeeem,org::apache::lucene::index::TermVectorsWriter,13,1,1,12,6,0,5,0,163.0,4.0,9,4,0,1.0,2,43.0,27.0,0,0,0,0,0,0,aeeem,org::apache::lucene::index::TermVectorsWriter,-85.0,14,8,3,241.714,340.0,425.0,0,126.0,24.2857,310.0,30.3571,52.0,-6.07143,115.235,6,6,0,0,0,7.52307,0.123177,0.0284878,0.226735,0.069843,True
aeeem,org::apache::lucene::search::spans::NearSpansOrdered,6,2,1,6,91,0,12,0,166.0,14.0,16,12,5,0.0,9,63.0,50.0,1,0,0,0,0,1,aeeem,org::apache::lucene::search::spans::NearSpansOrdered,26.0,3,3,1,101.714,42.0,16.0,0,35.0,14.0,10.0,5.33333,25.0,8.66667,79.1939,2,2,0,0,0,3.71322,0.0223112,0.0360555,0.152729,0.10086,True
aeeem,org::apache::lucene::util::BitVector,8,1,5,3,78,0,4,0,128.0,13.0,9,4,5,0.0,8,52.0,31.0,0,0,0,0,0,0,aeeem,org::apache::lucene::util::BitVector,64.0,11,6,1,368.143,142.0,78.0,0,75.0,12.9091,51.0,7.09091,68.0,5.81818,248.907,4,4,0,0,0,5.74394,0.0918801,0.019391,0.166227,0.0419916,True
aeeem,org::apache::lucene::search::regex::RegexTermEnum,6,3,1,5,10,0,4,0,34.0,5.0,24,4,0,0.0,4,18.0,8.0,0,0,0,0,0,0,aeeem,org::apache::lucene::search::regex::RegexTermEnum,0.0,2,1,0,151.571,2.0,2.0,0,1.0,1.0,1.0,1.0,0.0,0.0,0.857143,0,0,0,0,0,1.3633,0.00348653,0.0017908,0.0314662,7.47148e-05,True
aeeem,org::apache::lucene::search::BoostingQuery,2,2,1,1,3,0,3,0,39.0,3.0,39,3,0,0.0,3,8.0,5.0,0,0,0,0,0,0,aeeem,org::apache::lucene::search::BoostingQuery,18.0,4,3,0,136.571,22.0,4.0,0,19.0,5.5,1.0,1.0,18.0,4.5,63.013,2,2,0,0,0,5.06437,0.0329868,0.0117325,0.134047,0.00916186,True
aeeem,org::apache::lucene::analysis::ngram::NGramTokenizer,2,3,1,1,1,0,9,1,27.0,2.0,16,7,0,0.0,2,7.0,6.0,0,0,0,0,0,0,aeeem,org::apache::lucene::analysis::ngram::NGramTokenizer,0.0,5,2,0,93.7143,58.0,58.0,0,52.0,11.6,52.0,11.6,1.0,0.0,14.9483,3,3,0,0,0,4.74253,0.0496714,0.0881842,0.29526,0.209,True
aeeem,org::apache::lucene::queryParser::ParseException,8,1,5,3,3,0,5,0,90.0,3.0,27,0,0,3.0,2,29.0,24.0,0,0,0,0,0,0,aeeem,org::apache::lucene::queryParser::ParseException,-4.0,4,3,1,264.857,8.0,12.0,0,6.0,2.0,6.0,3.0,0.0,-1.0,220.839,3,3,0,0,0,4.00726,0.00804122,0.0892333,0.283052,0.220501,True
aeeem,org::apache::lucene::benchmark::byTask::feeds::NoMoreDataException,6,1,6,0,0,0,0,0,0.0,1.0,27,0,0,0.0,1,1.0,0.0,0,0,0,0,0,0,aeeem,org::apache::lucene::benchmark::byTask::feeds::NoMoreDataException,0.0,1,1,0,80.2857,1.0,1.0,0,1.0,1.0,1.0,1.0,0.0,0.0,0.0,1,1,0,0,0,1.48053,0.000280668,0.00365544,0.0399966,0.00285194,True
aeeem,org::apache::lucene::demo::html::HTMLParser,15,1,3,13,496,0,40,39,574.0,32.0,9,19,11,21.0,17,177.0,179.0,0,0,0,0,0,0,aeeem,org::apache::lucene::demo::html::HTMLParser,25.0,14,6,6,264.857,125.0,100.0,0,34.0,8.92857,28.0,7.14286,19.0,1.78571,56.4354,3,3,0,0,0,6.53022,0.0788933,0.0426173,0.225197,0.114191,True
aeeem,org::apache::lucene::queryParser::surround::query::BasicQueryFactory,4,1,1,3,15,0,2,0,18.0,6.0,9,2,1,0.0,5,12.0,7.0,0,0,0,0,0,0,aeeem,org::apache::lucene::queryParser::surround::query::BasicQueryFactory,1.0,2,2,0,170.143,7.0,6.0,0,6.0,3.5,5.0,3.0,1.0,0.5,60.2449,0,0,0,0,0,2.67407,0.00818132,0.00445684,0.0650567,0.00118519,True
aeeem,org::apache::lucene::analysis::br::BrazilianAnalyzer,4,2,0,4,3,0,3,0,15.0,3.0,15,2,0,0.0,3,10.0,3.0,0,0,0,0,0,0,aeeem,org::apache::lucene::analysis::br::BrazilianAnalyzer,0.0,9,3,1,250.143,9.0,9.0,0,1.0,1.0,1.0,1.0,0.0,0.0,19.0794,0,0,0,0,0,0.0,0.0,0.0,0.0,0.0,True
aeeem,org::apache::lucene::search::Similarity,29,1,27,2,78,4,2,0,22.0,13.0,18,2,0,0.0,13,17.0,7.0,1,0,0,0,0,1,aeeem,org::apache::lucene::search::Similarity,412.0,28,11,5,368.143,694.0,282.0,0,250.0,24.7857,51.0,10.0714,204.0,14.7143,162.464,4,4,0,0,0,12.5926,0.433618,0.0302525,0.334176,0.0355882,True
aeeem,org::apache::lucene::search::highlight::SimpleFragmenter,7,1,6,1,10,0,3,0,20.0,5.0,11,3,0,0.0,5,6.0,6.0,0,0,0,0,0,0,aeeem,org::apache::lucene::search::highlight::SimpleFragmenter,0.0,1,1,0,234.714,1.0,1.0,0,1.0,1.0,1.0,1.0,0.0,0.0,0.0,0,0,0,0,0,0.0,0.0,0.0,0.0,0.0,True
aeeem,org::apache::lucene::index::SegmentTermVector,3,1,1,2,28,1,3,0,50.0,8.0,15,3,0,0.0,7,18.0,15.0,0,0,0,0,0,0,aeeem,org::apache::lucene::index::SegmentTermVector,-28.0,6,4,1,241.714,34.0,62.0,0,26.0,5.66667,49.0,10.3333,22.0,-4.66667,56.9538,1,1,0,0,0,2.88097,0.0053968,0.0551741,0.187772,0.108062,True
aeeem,org::apache::lucene::benchmark::Constants,0,1,0,0,0,0,5,0,0.0,0.0,9,0,0,1.0,0,0.0,0.0,0,0,0,0,0,0,aeeem,org::apache::lucene::benchmark::Constants,0.0,2,2,0,99.0,1.0,1.0,0,1.0,0.5,1.0,0.5,0.0,0.0,0.0,0,0,0,0,0,1.64243,0.000711186,0.00325183,0.0418737,0.00116335,True
aeeem,org::apache::lucene::benchmark::byTask::tasks::WarmTask,0,3,0,0,15,0,0,2,18.0,6.0,55,0,0,0.0,6,6.0,6.0,0,0,0,0,0,0,aeeem,org::apache::lucene::benchmark::byTask::tasks::WarmTask,7.0,4,3,0,90.5714,69.0,62.0,0,60.0,17.25,60.0,15.5,4.0,1.75,10.8944,1,1,0,0,0,3.28866,0.0191707,0.00774168,0.0876976,0.00527147,True
aeeem,org::apache::lucene::index::DefaultSkipListReader,3,2,1,2,28,0,7,0,58.0,8.0,17,7,0,0.0,0,17.0,10.0,0,0,0,0,0,0,aeeem,org::apache::lucene::index::DefaultSkipListReader,0.0,3,1,0,70.8571,116.0,116.0,0,114.0,38.6667,114.0,38.6667,0.0,0.0,49.8498,2,2,0,0,0,2.55842,0.0486157,0.0156888,0.0899649,0.053001,True
aeeem,org::apache::lucene::analysis::el::GreekAnalyzer,3,2,0,3,3,0,27,0,25.0,3.0,15,27,1,0.0,2,11.0,5.0,0,0,0,0,0,0,aeeem,org::apache::lucene::analysis::el::GreekAnalyzer,0.0,3,3,0,180.286,4.0,4.0,0,3.0,1.33333,2.0,1.33333,1.0,0.0,131.893,2,2,0,0,0,2.5984,0.00740838,0.0534247,0.17608,0.106916,True
aeeem,org::apache::lucene::xmlparser::builders::SpanOrBuilder,5,3,1,4,1,0,1,0,19.0,2.0,12,0,0,1.0,2,13.0,4.0,0,0,0,0,0,0,aeeem,org::apache::lucene::xmlparser::builders::SpanOrBuilder,15.0,2,1,0,136.571,17.0,2.0,0,16.0,8.5,1.0,1.0,15.0,7.5,45.042,0,0,0,0,0,2.42975,0.0199393,0.0044811,0.0606869,0.00162176,True
aeeem,org::apache::lucene::search::function::CustomScoreQuery,9,2,1,8,78,2,3,0,88.0,13.0,39,3,0,0.0,12,44.0,28.0,0,0,0,0,0,0,aeeem,org::apache::lucene::search::function::CustomScoreQuery,116.0,5,2,2,70.1429,172.0,56.0,0,165.0,34.4,49.0,11.2,116.0,23.2,27.4377,3,3,0,0,0,6.48196,0.155219,0.0523836,0.252522,0.150075,True
aeeem,org::apache::lucene::index::SortedTermVectorMapper,4,2,2,2,6,0,5,0,59.0,4.0,15,4,0,0.0,4,19.0,21.0,0,0,0,0,0,0,aeeem,org::apache::lucene::index::SortedTermVectorMapper,0.0,1,1,0,63.2857,1.0,1.0,0,1.0,1.0,1.0,1.0,0.0,0.0,0.0,1,1,0,0,0,1.17486,0.000965682,0.00361796,0.0337529,0.00505055,True
aeeem,org::apache::lucene::analysis::sinks::TokenTypeSinkTokenizer,3,4,0,3,1,0,1,3,10.0,2.0,22,1,0,0.0,2,5.0,4.0,0,0,0,0,0,0,aeeem,org::apache::lucene::analysis::sinks::TokenTypeSinkTokenizer,0.0,2,2,0,43.7143,2.0,2.0,0,1.0,1.0,1.0,1.0,0.0,0.0,18.3571,2,2,0,0,0,2.76004,0.0020987,0.0375323,0.137482,0.115025,True
aeeem,org::apache::lucene::search::spans::SpanWeight,10,2,1,10,21,1,7,0,97.0,7.0,24,0,0,0.0,7,50.0,12.0,0,0,0,0,0,0,aeeem,org::apache::lucene::search::spans::SpanWeight,19.0,8,6,1,244.714,64.0,45.0,0,22.0,8.0,20.0,5.625,16.0,2.375,78.933,3,3,0,0,0,6.7985,0.058815,0.0121093,0.168035,0.00451784,True
aeeem,org::apache::lucene::search::FuzzyTermEnum,6,3,2,4,66,0,11,0,135.0,12.0,24,11,7,0.0,4,51.0,36.0,0,0,0,0,0,0,aeeem,org::apache::lucene::search::FuzzyTermEnum,132.0,15,6,2,368.143,498.0,366.0,0,201.0,33.2,177.0,24.4,106.0,8.8,161.324,0,0,0,0,0,1.64243,0.00391152,0.00325183,0.0418737,0.00116335,True
aeeem,org::apache::lucene::search::function::ShortFieldSource,4,3,0,4,10,0,1,0,43.0,5.0,31,1,0,0.0,5,13.0,8.0,0,0,0,0,0,0,aeeem,org::apache::lucene::search::function::ShortFieldSource,0.0,2,1,0,70.1429,3.0,3.0,0,2.0,1.5,2.0,1.5,0.0,0.0,18.0952,2,2,0,0,0,2.69823,0.00544118,0.00980001,0.0811239,0.0200228,True
aeeem,org::apache::lucene::search::payloads::BoostingTermQuery,4,4,1,3,3,0,0,1,13.0,3.0,54,0,0,0.0,2,6.0,5.0,0,0,0,0,0,0,aeeem,org::apache::lucene::search::payloads::BoostingTermQuery,5.0,10,3,1,80.0,56.0,51.0,0,43.0,5.6,26.0,5.1,31.0,0.5,9.34694,7,7,0,0,0,8.28731,0.0780494,0.0362422,0.261043,0.0944933,True
aeeem,org::apache::lucene::search::highlight::TokenSources,2,1,0,2,1,0,0,0,21.0,2.0,9,0,0,0.0,2,7.0,5.0,0,0,0,0,0,0,aeeem,org::apache::lucene::search::highlight::TokenSources,52.0,5,5,0,190.0,70.0,18.0,0,43.0,14.0,8.0,3.6,36.0,10.4,146.902,4,4,0,0,0,6.46103,0.0597259,0.0948869,0.346366,0.229954,True
aeeem,org::apache::lucene::demo::html::ParserThread,6,1,1,6,1,0,1,2,23.0,2.0,31,0,0,1.0,1,11.0,2.0,0,0,0,0,0,0,aeeem,org::apache::lucene::demo::html::ParserThread,-37.0,4,4,0,349.571,31.0,68.0,0,13.0,7.75,51.0,17.0,1.0,-9.25,143.184,0,0,0,0,0,1.64243,0.00391152,0.00325183,0.0418737,0.00116335,True
aeeem,org::tartarus::snowball::ext::EnglishStemmer,1,2,0,1,136,0,17,6,1131.0,17.0,35,17,16,0.0,1,127.0,206.0,0,0,0,0,0,0,aeeem,org::tartarus::snowball::ext::EnglishStemmer,0.0,1,1,0,6.57143,1.0,1.0,0,1.0,1.0,1.0,1.0,0.0,0.0,0.0,1,1,0,0,0,1.35264,0.000832763,0.0350566,0.101164,0.0995792,True
aeeem,org::apache::lucene::index::TermVectorEntry,6,1,5,1,66,0,5,0,51.0,12.0,9,4,0,1.0,9,16.0,18.0,0,0,0,0,0,0,aeeem,org::apache::lucene::index::TermVectorEntry,0.0,1,1,0,63.2857,1.0,1.0,0,1.0,1.0,1.0,1.0,0.0,0.0,0.0,1,1,0,0,0,1.17486,0.000965682,0.00361796,0.0337529,0.00505055,True
aeeem,org::apache::lucene::LucenePackage,1,1,0,1,1,0,0,0,4.0,2.0,9,0,1,0.0,1,3.0,2.0,0,0,0,0,0,0,aeeem,org::apache::lucene::LucenePackage,1.0,3,3,0,186.571,7.0,6.0,0,6.0,2.33333,5.0,2.0,1.0,0.333333,74.3265,0,0,0,0,0,2.52013,0.00852783,0.00418069,0.0611694,0.00117101,True
aeeem,org::apache::lucene::index::FieldSortedTermVectorMapper,4,2,3,1,10,0,4,0,19.0,5.0,15,4,0,0.0,5,9.0,5.0,0,0,0,0,0,0,aeeem,org::apache::lucene::index::FieldSortedTermVectorMapper,0.0,1,1,0,63.2857,1.0,1.0,0,1.0,1.0,1.0,1.0,0.0,0.0,0.0,1,1,0,0,0,1.17486,0.000965682,0.00361796,0.0337529,0.00505055,True
aeeem,org::apache::lucene::store::BufferedIndexInput,7,2,5,2,78,4,6,0,131.0,13.0,33,4,2,0.0,8,36.0,30.0,0,0,0,0,0,0,aeeem,org::apache::lucene::store::BufferedIndexInput,93.0,12,5,3,211.857,145.0,52.0,0,52.0,12.0833,13.0,4.33333,48.0,7.75,132.914,6,6,0,0,0,7.86104,0.165435,0.0576741,0.29089,0.13975,True
aeeem,org::apache::lucene::index::FieldInfos,18,1,14,4,78,0,9,0,107.0,13.0,9,2,2,0.0,9,52.0,32.0,1,0,0,0,0,1,aeeem,org::apache::lucene::index::FieldInfos,160.0,25,11,3,368.143,398.0,238.0,1,110.0,15.92,51.0,9.52,77.0,6.4,198.416,6,6,0,0,0,11.3053,0.179749,0.0485387,0.342745,0.111945,True
aeeem,org::apache::lucene::index::TermInfosReader,8,1,1,7,105,0,13,0,154.0,15.0,9,13,5,0.0,5,55.0,39.0,1,0,0,0,0,1,aeeem,org::apache::lucene::index::TermInfosReader,113.0,26,9,1,368.143,334.0,221.0,0,89.0,12.8462,51.0,8.5,54.0,4.34615,251.482,14,14,0,0,0,11.8687,0.381633,0.0913715,0.46058,0.204893,True
aeeem,org::apache::lucene::swing::models::RestaurantInfo,3,1,3,0,153,0,8,0,51.0,18.0,9,8,0,0.0,18,20.0,17.0,0,0,0,0,0,0,aeeem,org::apache::lucene::swing::models::RestaurantInfo,-2.0,2,2,0,187.0,2.0,4.0,0,1.0,1.0,3.0,2.0,0.0,-1.0,91.8571,1,1,0,0,0,2.55041,0.0106646,0.0533105,0.174739,0.10691,True
aeeem,org::apache::lucene::benchmark::byTask::tasks::TaskSequence,11,2,4,7,253,0,14,2,240.0,23.0,39,13,8,1.0,14,89.0,72.0,0,0,0,0,0,0,aeeem,org::apache::lucene::benchmark::byTask::tasks::TaskSequence,82.0,12,4,3,90.5714,430.0,348.0,0,295.0,35.8333,295.0,29.0,25.0,6.83333,18.2093,6,6,0,0,0,8.77321,0.148371,0.0275235,0.25187,0.0466191,True
aeeem,org::apache::lucene::index::FreqProxTermsWriterPerThread,2,2,1,1,10,0,2,0,13.0,5.0,13,0,0,2.0,3,6.0,5.0,0,0,0,0,0,0,aeeem,org::apache::lucene::index::FreqProxTermsWriterPerThread,0.0,1,1,0,11.7143,1.0,1.0,1,1.0,1.0,1.0,1.0,0.0,0.0,0.0,1,1,0,0,0,0.792859,0.00051848,0.0122672,0.0424562,0.0457934,True
aeeem,org::apache::lucene::index::DocInverter,4,2,0,4,21,0,2,1,53.0,7.0,15,0,0,2.0,4,33.0,9.0,0,0,0,0,0,0,aeeem,org::apache::lucene::index::DocInverter,0.0,1,1,0,11.7143,1.0,1.0,1,1.0,1.0,1.0,1.0,0.0,0.0,0.0,1,1,0,0,0,0.792859,0.00051848,0.0122672,0.0424562,0.0457934,True
aeeem,org::apache::lucene::util::SortedVIntList,4,2,2,3,15,0,7,0,62.0,6.0,11,6,2,0.0,4,13.0,10.0,0,0,0,0,0,0,aeeem,org::apache::lucene::util::SortedVIntList,0.0,1,1,0,35.5714,1.0,1.0,0,1.0,1.0,1.0,1.0,0.0,0.0,0.0,1,1,0,0,0,1.17515,0.000669115,0.00634538,0.0402517,0.0203787,True
aeeem,org::apache::lucene::analysis::cn::ChineseAnalyzer,2,2,0,2,1,0,0,0,7.0,2.0,15,0,0,0.0,2,4.0,2.0,0,0,0,0,0,0,aeeem,org::apache::lucene::analysis::cn::ChineseAnalyzer,0.0,2,2,0,250.143,2.0,2.0,0,1.0,1.0,1.0,1.0,0.0,0.0,2.14286,0,0,0,0,0,0.0,0.0,0.0,0.0,0.0,True
aeeem,org::apache::lucene::store::je::JEDirectory,8,2,1,7,91,0,5,2,102.0,14.0,27,0,0,0.0,14,64.0,21.0,0,0,0,0,0,0,aeeem,org::apache::lucene::store::je::JEDirectory,0.0,4,4,0,143.857,9.0,9.0,0,6.0,2.25,5.0,2.25,1.0,0.0,52.7143,2,2,0,0,0,4.83343,0.0152834,0.0591792,0.237672,0.110802,True
aeeem,org::apache::lucene::search::highlight::GradientFormatter,5,1,1,4,21,1,16,0,132.0,7.0,10,2,2,12.0,3,46.0,23.0,0,0,0,0,0,0,aeeem,org::apache::lucene::search::highlight::GradientFormatter,0.0,4,2,0,196.714,4.0,4.0,0,1.0,1.0,1.0,1.0,0.0,0.0,0.75,0,0,0,0,0,0.740259,0.0284715,0.000755367,0.016145,4.53657e-06,True
aeeem,org::apache::lucene::wordnet::Syns2Index,8,1,0,8,6,0,5,0,154.0,4.0,9,3,3,0.0,1,62.0,18.0,0,0,0,0,0,0,aeeem,org::apache::lucene::wordnet::Syns2Index,0.0,6,3,0,308.0,6.0,6.0,0,1.0,1.0,1.0,1.0,0.0,0.0,69.1667,0,0,0,0,0,0.740259,0.018981,0.000755367,0.016145,4.53657e-06,True
aeeem,org::apache::lucene::index::MergePolicy,1,1,1,0,15,1,0,0,3.0,6.0,9,0,0,0.0,0,7.0,1.0,0,0,0,0,0,0,aeeem,org::apache::lucene::index::MergePolicy,48.0,8,1,1,55.1429,72.0,24.0,0,19.0,9.0,13.0,3.0,18.0,6.0,15.2698,9,9,0,0,0,5.84867,0.0546801,0.0269325,0.189716,0.074024,True
aeeem,org::apache::lucene::search::QueryUtils,26,1,13,14,28,0,0,0,167.0,8.0,9,0,2,0.0,6,56.0,25.0,0,0,0,0,0,0,aeeem,org::apache::lucene::search::QueryUtils,160.0,11,5,3,151.143,352.0,192.0,0,128.0,32.0,128.0,17.4545,58.0,14.5455,74.1039,9,9,0,0,0,10.3357,0.47489,0.0769022,0.396811,0.142307,True
aeeem,org::apache::lucene::index::memory::SynonymTokenFilter,3,3,0,3,6,0,7,1,56.0,4.0,16,6,1,0.0,2,17.0,14.0,0,0,0,0,0,0,aeeem,org::apache::lucene::index::memory::SynonymTokenFilter,3.0,5,4,0,148.571,128.0,125.0,0,100.0,25.6,100.0,25.0,3.0,0.6,46.856,2,2,0,0,0,6.53653,0.0619658,0.090004,0.335068,0.207675,True
aeeem,org::apache::lucene::search::DisjunctionSumScorer,5,3,1,4,36,0,8,0,98.0,9.0,17,6,1,0.0,7,41.0,31.0,0,0,0,0,0,0,aeeem,org::apache::lucene::search::DisjunctionSumScorer,24.0,5,3,1,193.286,95.0,71.0,0,85.0,19.0,62.0,14.2,23.0,4.8,88.7594,3,3,0,0,0,6.61495,0.186243,0.010607,0.159497,0.00226626,True
aeeem,org::apache::lucene::store::NativeFSLockFactory,8,2,2,6,10,0,1,1,53.0,5.0,13,1,1,0.0,3,28.0,14.0,0,0,0,0,0,0,aeeem,org::apache::lucene::store::NativeFSLockFactory,19.0,9,2,3,103.286,213.0,194.0,0,119.0,23.6667,92.0,21.5556,27.0,2.11111,12.9215,10,10,0,0,0,8.56136,0.335887,0.0222024,0.233121,0.0260645,True
aeeem,org::apache::lucene::queryParser::surround::query::SpanNearClauseFactory,8,1,2,6,55,0,4,0,50.0,11.0,9,4,0,0.0,10,39.0,16.0,0,0,0,0,0,0,aeeem,org::apache::lucene::queryParser::surround::query::SpanNearClauseFactory,-12.0,3,2,1,170.143,7.0,19.0,0,6.0,2.33333,13.0,6.33333,1.0,-4.0,60.2449,0,0,0,0,0,3.99248,0.0387692,0.0064383,0.096463,0.0013732,True
aeeem,org::apache::lucene::search::spell::PlainTextDictionary,2,1,1,1,1,0,3,0,6.0,2.0,10,3,0,0.0,2,4.0,2.0,0,0,0,0,0,0,aeeem,org::apache::lucene::search::spell::PlainTextDictionary,0.0,1,1,0,205.143,1.0,1.0,0,1.0,1.0,1.0,1.0,0.0,0.0,0.0,0,0,0,0,0,0.0,0.0,0.0,0.0,0.0,True
aeeem,org::apache::lucene::store::BufferedIndexOutput,1,2,0,1,28,0,4,0,58.0,8.0,24,3,0,0.0,7,18.0,14.0,0,0,0,0,0,0,aeeem,org::apache::lucene::store::BufferedIndexOutput,45.0,7,4,1,210.143,63.0,18.0,0,35.0,9.0,7.0,2.57143,33.0,6.42857,89.0612,3,3,0,0,0,6.09962,0.0701341,0.0127713,0.157212,0.00759033,True
aeeem,org::apache::lucene::document::MapFieldSelector,2,2,2,0,1,0,1,0,9.0,2.0,19,0,0,1.0,2,5.0,4.0,0,0,0,0,0,0,aeeem,org::apache::lucene::document::MapFieldSelector,9.0,5,3,0,121.571,18.0,9.0,0,15.0,3.6,5.0,1.8,10.0,1.8,47.5873,3,3,0,0,0,4.88853,0.030974,0.0603946,0.242608,0.113451,True
aeeem,org::apache::lucene::search::MockFilter,3,2,1,2,6,0,1,0,10.0,4.0,21,1,0,0.0,4,6.0,3.0,0,0,0,0,0,0,aeeem,org::apache::lucene::search::MockFilter,0.0,3,2,0,200.429,3.0,3.0,0,1.0,1.0,1.0,1.0,0.0,0.0,44.8571,0,0,0,0,0,1.45008,0.00310247,0.00214814,0.0344245,0.00018773,True
aeeem,org::apache::lucene::store::instantiated::InstantiatedIndex,20,1,5,17,136,0,8,0,226.0,17.0,18,8,0,0.0,10,128.0,43.0,0,0,0,0,0,0,aeeem,org::apache::lucene::store::instantiated::InstantiatedIndex,76.0,3,2,0,29.8571,87.0,11.0,0,83.0,29.0,7.0,3.66667,76.0,25.3333,15.4795,2,2,0,0,0,2.62836,0.0747738,0.0658346,0.206049,0.160434,True
aeeem,org::apache::lucene::index::FieldReaderException,0,1,0,0,0,0,0,0,3.0,1.0,28,0,0,0.0,1,1.0,1.0,0,0,0,0,0,0,aeeem,org::apache::lucene::index::FieldReaderException,9.0,4,3,1,121.571,97.0,88.0,0,79.0,24.25,79.0,22.0,7.0,2.25,84.5449,0,0,0,0,0,3.46402,0.0420774,0.0168468,0.111014,0.0522199,True
aeeem,org::apache::lucene::store::LockFactory,6,1,6,0,6,6,1,0,6.0,4.0,9,0,0,0.0,4,4.0,2.0,0,0,0,0,0,0,aeeem,org::apache::lucene::store::LockFactory,18.0,6,2,1,110.143,32.0,14.0,0,11.0,5.33333,5.0,2.33333,9.0,3.0,26.9509,4,4,0,0,0,6.48779,0.0345617,0.0146122,0.17039,0.0113508,True
aeeem,org::apache::lucene::benchmark::quality::trec::QueryDriver,8,1,0,8,0,0,0,0,35.0,1.0,9,0,0,0.0,1,18.0,1.0,0,0,0,0,0,0,aeeem,org::apache::lucene::benchmark::quality::trec::QueryDriver,1.0,2,2,0,51.0,3.0,2.0,0,2.0,1.5,1.0,1.0,1.0,0.5,7.42857,1,1,0,0,0,2.3444,0.00589857,0.0102046,0.0747136,0.0262005,True
aeeem,org::apache::lucene::index::TermsHashConsumerPerField,1,1,1,0,15,2,0,0,0.0,6.0,9,0,0,0.0,0,6.0,0.0,0,0,0,0,0,0,aeeem,org::apache::lucene::index::TermsHashConsumerPerField,1.0,2,1,0,11.7143,2.0,1.0,1,1.0,1.0,1.0,0.5,1.0,0.5,1.28571,2,2,0,0,0,1.54522,0.000601081,0.0273145,0.0891453,0.0962259,True
aeeem,org::apache::lucene::xmlparser::builders::TermsQueryBuilder,11,1,1,10,1,0,1,0,37.0,2.0,10,0,0,1.0,2,22.0,4.0,0,0,0,0,0,0,aeeem,org::apache::lucene::xmlparser::builders::TermsQueryBuilder,9.0,4,3,0,119.143,21.0,12.0,0,16.0,5.25,6.0,3.0,12.0,2.25,44.5442,2,2,0,0,0,5.06827,0.0272382,0.0881505,0.30133,0.207983,True
aeeem,org::apache::lucene::search::spans::TermSpans,5,2,2,3,45,0,6,0,64.0,10.0,16,0,0,0.0,10,23.0,16.0,0,0,0,0,0,0,aeeem,org::apache::lucene::search::spans::TermSpans,14.0,2,1,0,80.0,16.0,2.0,0,15.0,8.0,1.0,1.0,14.0,7.0,68.4375,2,2,0,0,0,2.89247,0.00666415,0.0351921,0.134178,0.102147,True
aeeem,org::apache::lucene::demo::html::TokenMgrError,5,1,2,3,6,0,5,0,57.0,4.0,27,0,0,1.0,2,26.0,17.0,0,0,0,0,0,0,aeeem,org::apache::lucene::demo::html::TokenMgrError,0.0,3,2,1,264.857,3.0,3.0,0,1.0,1.0,1.0,1.0,0.0,0.0,159.143,2,2,0,0,0,2.76873,0.00207117,0.037311,0.137154,0.113602,True
aeeem,org::apache::lucene::search::TopDocs,6,1,6,0,3,1,3,0,11.0,3.0,18,1,0,2.0,3,3.0,3.0,0,0,0,0,0,0,aeeem,org::apache::lucene::search::TopDocs,-17.0,7,4,1,368.143,50.0,67.0,0,15.0,7.14286,51.0,9.57143,13.0,-2.42857,151.086,2,2,0,0,0,4.17568,0.0338708,0.0108385,0.112667,0.0169694,True
aeeem,org::apache::lucene::benchmark::quality::trec::TrecJudge,7,1,2,5,6,0,1,0,77.0,4.0,12,0,0,1.0,4,45.0,21.0,0,0,0,0,0,0,aeeem,org::apache::lucene::benchmark::quality::trec::TrecJudge,0.0,1,1,0,62.7143,1.0,1.0,0,1.0,1.0,1.0,1.0,0.0,0.0,0.0,1,1,0,0,0,1.17486,0.000965682,0.00361796,0.0337529,0.00505055,True
aeeem,org::apache::lucene::demo::html::SimpleCharStream,6,1,1,5,190,0,16,0,256.0,20.0,9,0,0,4.0,15,38.0,47.0,0,0,0,0,0,0,aeeem,org::apache::lucene::demo::html::SimpleCharStream,38.0,4,4,0,264.857,65.0,27.0,0,46.0,16.25,18.0,6.75,38.0,9.5,227.662,2,2,0,0,0,4.36338,0.0468221,0.0366038,0.166707,0.100452,True
aeeem,org::apache::lucene::index::TermsHashConsumerPerThread,2,1,2,0,6,2,0,0,0.0,4.0,9,0,0,0.0,2,4.0,0.0,0,0,0,0,0,0,aeeem,org::apache::lucene::index::TermsHashConsumerPerThread,0.0,1,1,0,11.7143,1.0,1.0,1,1.0,1.0,1.0,1.0,0.0,0.0,0.0,1,1,0,0,0,0.792859,0.00051848,0.0122672,0.0424562,0.0457934,True
aeeem,org::apache::lucene::index::FormatPostingsPositionsConsumer,2,1,2,0,1,1,0,0,0.0,2.0,9,0,0,0.0,0,2.0,0.0,0,0,0,0,0,0,aeeem,org::apache::lucene::index::FormatPostingsPositionsConsumer,0.0,0,0,0,0.0,0.0,0.0,0,0.0,0.0,0.0,0.0,0.0,0.0,0.0,0,0,0,0,0,0.0,0.0,0.0,0.0,0.0,True
aeeem,org::apache::lucene::queryParser::surround::parser::QueryParser,20,1,2,18,903,0,31,26,583.0,43.0,9,17,9,14.0,22,221.0,174.0,0,0,0,0,0,0,aeeem,org::apache::lucene::queryParser::surround::parser::QueryParser,0.0,1,1,0,170.143,1.0,1.0,0,1.0,1.0,1.0,1.0,0.0,0.0,0.0,0,0,0,0,0,1.03163,0.0042698,0.00120501,0.023183,2.18418e-05,True
aeeem,org::apache::lucene::store::instantiated::InstantiatedTermPositions,4,2,1,3,21,0,1,2,35.0,7.0,35,1,0,0.0,7,15.0,9.0,0,0,0,0,0,0,aeeem,org::apache::lucene::store::instantiated::InstantiatedTermPositions,0.0,1,1,0,29.8571,1.0,1.0,0,1.0,1.0,1.0,1.0,0.0,0.0,0.0,1,1,0,0,0,0.60098,0.00038181,0.00388466,0.0219358,0.0141336,True
aeeem,org::apache::lucene::analysis::el::GreekCharsets,2,1,1,1,0,0,3,0,225.0,1.0,9,0,0,3.0,1,2.0,79.0,0,0,0,0,0,0,aeeem,org::apache::lucene::analysis::el::GreekCharsets,-1.0,2,2,0,180.286,1.0,2.0,0,1.0,0.5,1.0,1.0,0.0,-0.5,0.0,1,1,0,0,0,2.5984,0.00493292,0.0534247,0.17608,0.106916,True
aeeem,org::apache::lucene::benchmark::stats::QueryData,4,1,2,2,6,0,5,0,26.0,4.0,9,0,0,5.0,4,10.0,10.0,0,0,0,0,0,0,aeeem,org::apache::lucene::benchmark::stats::QueryData,-1.0,3,2,0,99.0,1.0,2.0,0,1.0,0.333333,1.0,0.666667,0.0,-0.333333,0.0,1,1,0,0,0,2.88097,0.00120628,0.0551741,0.187772,0.108062,True
aeeem,org::apache::lucene::benchmark::byTask::feeds::FileBasedQueryMaker,8,2,0,8,0,0,0,3,49.0,1.0,23,0,0,0.0,0,24.0,9.0,0,0,0,0,0,0,aeeem,org::apache::lucene::benchmark::byTask::feeds::FileBasedQueryMaker,0.0,2,2,0,81.0,2.0,2.0,0,1.0,1.0,1.0,1.0,0.0,0.0,9.0,2,2,0,0,0,2.62755,0.00140593,0.00712044,0.0727472,0.00758919,True
aeeem,org::tartarus::snowball::ext::FinnishStemmer,1,2,0,1,78,0,18,6,877.0,13.0,35,18,12,0.0,1,85.0,140.0,0,0,0,0,0,0,aeeem,org::tartarus::snowball::ext::FinnishStemmer,0.0,1,1,0,6.57143,1.0,1.0,0,1.0,1.0,1.0,1.0,0.0,0.0,0.0,1,1,0,0,0,1.35264,0.000832763,0.0350566,0.101164,0.0995792,True
aeeem,org::apache::lucene::search::highlight::SpanScorer,7,1,3,4,45,0,7,0,77.0,10.0,12,7,1,0.0,9,29.0,19.0,0,0,0,0,0,0,aeeem,org::apache::lucene::search::highlight::SpanScorer,0.0,3,3,0,23.1429,7.0,7.0,0,5.0,2.33333,5.0,2.33333,0.0,0.0,15.8775,3,3,0,0,0,3.70195,0.010403,0.0918998,0.281751,0.239606,True
aeeem,org::apache::lucene::search::regex::RegexQuery,6,3,2,4,15,0,1,2,27.0,6.0,51,1,0,0.0,5,17.0,10.0,0,0,0,0,0,0,aeeem,org::apache::lucene::search::regex::RegexQuery,0.0,1,1,0,151.571,1.0,1.0,0,1.0,1.0,1.0,1.0,0.0,0.0,0.0,0,0,0,0,0,1.39276,0.00403302,0.00181929,0.032105,7.29382e-05,True
aeeem,org::apache::lucene::document::Field,14,3,11,3,15,0,0,16,49.0,6.0,104,0,0,0.0,6,13.0,17.0,1,0,0,0,0,1,aeeem,org::apache::lucene::document::Field,307.0,46,10,7,368.143,991.0,684.0,0,136.0,21.5435,199.0,14.8696,133.0,6.67391,189.416,7,7,0,0,0,16.2091,0.427376,0.111507,0.585738,0.232305,True
aeeem,org::tartarus::snowball::ext::TurkishStemmer,1,2,0,1,861,0,34,6,2864.0,42.0,35,34,41,0.0,1,312.0,479.0,0,0,0,0,0,0,aeeem,org::tartarus::snowball::ext::TurkishStemmer,0.0,1,1,0,6.57143,1.0,1.0,0,1.0,1.0,1.0,1.0,0.0,0.0,0.0,1,1,0,0,0,1.35264,0.000832763,0.0350566,0.101164,0.0995792,True
aeeem,org::apache::lucene::analysis::WhitespaceTokenizer,19,4,18,1,1,0,0,1,6.0,2.0,21,0,0,0.0,1,3.0,2.0,0,0,0,0,0,0,aeeem,org::apache::lucene::analysis::WhitespaceTokenizer,-37.0,5,2,2,349.857,22.0,59.0,0,13.0,4.4,51.0,11.8,1.0,-7.4,135.565,0,0,0,0,0,1.64243,0.00391152,0.00325183,0.0418737,0.00116335,True
aeeem,org::apache::lucene::demo::DeleteFiles,4,1,0,4,1,0,0,0,32.0,2.0,9,0,1,0.0,1,14.0,3.0,0,0,0,0,0,0,aeeem,org::apache::lucene::demo::DeleteFiles,-23.0,7,5,1,349.571,46.0,69.0,0,18.0,6.57143,51.0,9.85714,9.0,-3.28571,154.186,1,1,0,0,0,4.92899,0.0119391,0.0090143,0.122947,0.0029026,True
aeeem,org::apache::lucene::xmlparser::builders::FuzzyLikeThisQueryBuilder,6,1,1,5,1,0,5,0,22.0,2.0,10,1,0,4.0,2,16.0,3.0,0,0,0,0,0,0,aeeem,org::apache::lucene::xmlparser::builders::FuzzyLikeThisQueryBuilder,15.0,2,1,0,136.571,17.0,2.0,0,16.0,8.5,1.0,1.0,15.0,7.5,45.042,0,0,0,0,0,2.42975,0.0199393,0.0044811,0.0606869,0.00162176,True
aeeem,org::apache::lucene::index::InvertedDocConsumerPerField,1,1,1,0,6,1,0,0,0.0,4.0,9,0,0,0.0,0,4.0,0.0,0,0,0,0,0,0,aeeem,org::apache::lucene::index::InvertedDocConsumerPerField,0.0,1,1,0,11.7143,1.0,1.0,1,1.0,1.0,1.0,1.0,0.0,0.0,0.0,1,1,0,0,0,0.792859,0.00051848,0.0122672,0.0424562,0.0457934,True
aeeem,org::apache::lucene::index::SegmentMergeInfo,6,1,3,3,10,0,6,0,44.0,5.0,9,2,0,4.0,0,14.0,12.0,0,0,0,0,0,0,aeeem,org::apache::lucene::index::SegmentMergeInfo,-25.0,6,4,0,368.143,48.0,73.0,0,17.0,8.0,51.0,12.1667,14.0,-4.16667,170.17,1,1,0,0,0,3.2211,0.0508607,0.00528871,0.078161,0.00123854,True
aeeem,org::apache::lucene::search::FuzzyLikeThisQuery,18,2,2,16,15,0,7,0,141.0,6.0,39,0,1,7.0,5,68.0,24.0,0,0,0,0,0,0,aeeem,org::apache::lucene::search::FuzzyLikeThisQuery,20.0,8,4,2,136.571,98.0,78.0,0,52.0,12.25,47.0,9.75,17.0,2.5,56.8426,4,4,0,0,0,7.57455,0.0765668,0.124305,3.51032,0.243378,True
aeeem,org::apache::lucene::index::FieldInvertState,4,1,4,0,21,0,5,0,29.0,7.0,9,0,0,5.0,6,7.0,7.0,0,0,0,0,0,0,aeeem,org::apache::lucene::index::FieldInvertState,0.0,0,0,0,0.0,0.0,0.0,0,0.0,0.0,0.0,0.0,0.0,0.0,0.0,0,0,0,0,0,0.0,0.0,0.0,0.0,0.0,True
aeeem,org::apache::lucene::index::DocFieldConsumersPerThread,3,2,1,3,10,0,4,0,37.0,5.0,13,0,0,4.0,5,12.0,7.0,0,0,0,0,0,0,aeeem,org::apache::lucene::index::DocFieldConsumersPerThread,0.0,1,1,0,11.7143,1.0,1.0,1,1.0,1.0,1.0,1.0,0.0,0.0,0.0,1,1,0,0,0,0.792859,0.00051848,0.0122672,0.0424562,0.0457934,True
aeeem,org::apache::lucene::store::GCJIndexInput,2,2,1,1,55,0,6,0,14.0,11.0,33,4,2,2.0,9,14.0,5.0,0,0,0,0,0,0,aeeem,org::apache::lucene::store::GCJIndexInput,0.0,4,3,0,211.286,9.0,9.0,0,6.0,2.25,5.0,2.25,1.0,0.0,74.3492,1,1,0,0,0,2.88097,0.00440662,0.0551741,0.187772,0.108062,True
aeeem,org::apache::lucene::store::MMapDirectory,0,3,0,0,1,0,1,3,5.0,2.0,29,1,0,0.0,1,3.0,2.0,1,0,0,0,0,1,aeeem,org::apache::lucene::store::MMapDirectory,115.0,8,5,3,210.143,159.0,44.0,0,128.0,19.875,16.0,5.5,116.0,14.375,10.2749,2,2,0,0,0,5.27595,0.0274984,0.0107263,0.134671,0.00713072,True
aeeem,org::apache::lucene::store::instantiated::InstantiatedTermEnum,3,2,1,3,15,0,3,0,51.0,6.0,15,3,0,0.0,6,23.0,12.0,1,0,0,0,0,1,aeeem,org::apache::lucene::store::instantiated::InstantiatedTermEnum,0.0,2,2,0,29.8571,2.0,2.0,0,1.0,1.0,1.0,1.0,0.0,0.0,7.64286,2,2,0,0,0,1.70353,0.00334037,0.0452834,3.21225,0.0849066,True
aeeem,org::apache::lucene::wordnet::SynExpand,9,1,0,9,1,0,0,0,70.0,2.0,9,0,0,0.0,2,38.0,12.0,0,0,0,0,0,0,aeeem,org::apache::lucene::wordnet::SynExpand,0.0,1,1,0,195.143,1.0,1.0,0,1.0,1.0,1.0,1.0,0.0,0.0,0.0,0,0,0,0,0,0.740259,0.0094905,0.000755367,0.016145,4.53657e-06,True
aeeem,org::apache::lucene::xmlparser::builders::MatchAllDocsQueryBuilder,2,1,1,1,1,0,0,0,3.0,2.0,10,0,0,0.0,2,3.0,1.0,0,0,0,0,0,0,aeeem,org::apache::lucene::xmlparser::builders::MatchAllDocsQueryBuilder,15.0,2,1,0,132.286,17.0,2.0,0,16.0,8.5,1.0,1.0,15.0,7.5,41.0084,0,0,0,0,0,2.58969,0.0217965,0.00477666,0.0647073,0.00167658,True
aeeem,org::apache::lucene::benchmark::quality::utils::QualityQueriesFinder,9,1,0,9,10,0,2,0,64.0,5.0,9,2,4,0.0,1,33.0,15.0,0,0,0,0,0,0,aeeem,org::apache::lucene::benchmark::quality::utils::QualityQueriesFinder,0.0,1,1,0,62.7143,1.0,1.0,0,1.0,1.0,1.0,1.0,0.0,0.0,0.0,1,1,0,0,0,1.17486,0.000965682,0.00361796,0.0337529,0.00505055,True
aeeem,org::apache::lucene::benchmark::byTask::tasks::WriteLineDocTask,10,2,0,10,21,0,7,2,73.0,7.0,39,4,1,1.0,6,41.0,17.0,0,0,0,0,0,0,aeeem,org::apache::lucene::benchmark::byTask::tasks::WriteLineDocTask,1.0,2,1,0,63.0,4.0,3.0,0,3.0,2.0,2.0,1.5,1.0,0.5,1.60714,2,2,0,0,0,1.74444,0.00337235,0.0054553,0.0503378,0.00788631,True
aeeem,org::apache::lucene::store::LockObtainFailedException,3,1,3,0,0,0,0,0,3.0,1.0,27,0,0,0.0,1,1.0,1.0,0,0,0,0,0,0,aeeem,org::apache::lucene::store::LockObtainFailedException,0.0,1,1,0,85.0,1.0,1.0,0,1.0,1.0,1.0,1.0,0.0,0.0,0.0,1,1,0,0,0,1.09884,0.00126433,0.00252752,0.0291281,0.00157239,True
aeeem,org::apache::lucene::search::WildcardQuery,10,3,6,4,6,0,1,2,19.0,4.0,49,1,0,0.0,3,12.0,7.0,0,0,0,0,0,0,aeeem,org::apache::lucene::search::WildcardQuery,-17.0,9,6,2,368.143,56.0,73.0,0,13.0,6.22222,51.0,8.11111,11.0,-1.88889,172.074,1,1,0,0,0,3.23668,0.0262769,0.00471624,0.0761413,0.000949908,True
aeeem,org::apache::lucene::search::TimeLimitedCollector,5,2,1,4,15,0,8,0,30.0,6.0,11,6,0,1.0,6,12.0,8.0,1,0,0,0,0,1,aeeem,org::apache::lucene::search::TimeLimitedCollector,38.0,2,1,1,34.1429,40.0,2.0,0,39.0,20.0,1.0,1.0,38.0,19.0,4.875,2,2,0,0,0,1.72811,0.00945138,0.0103356,0.0613279,0.0358361,True
aeeem,org::apache::lucene::benchmark::byTask::feeds::ReutersQueryMaker,6,2,0,6,3,0,1,3,48.0,3.0,23,1,2,0.0,0,35.0,7.0,0,0,0,0,0,0,aeeem,org::apache::lucene::benchmark::byTask::feeds::ReutersQueryMaker,-43.0,5,4,0,90.5714,121.0,164.0,0,107.0,24.2,107.0,32.8,0.0,-8.6,11.3022,2,2,0,0,0,4.46352,0.0390323,0.0113596,0.12145,0.010322,True
aeeem,org::apache::lucene::xmlparser::builders::TermsFilterBuilder,8,1,1,7,1,0,1,0,32.0,2.0,10,0,0,1.0,2,15.0,4.0,0,0,0,0,0,0,aeeem,org::apache::lucene::xmlparser::builders::TermsFilterBuilder,2.0,7,4,0,136.571,50.0,48.0,0,23.0,7.14286,27.0,6.85714,15.0,0.285714,30.3743,3,3,0,0,0,7.97841,0.156578,0.093454,0.373535,0.210734,True
aeeem,org::apache::lucene::analysis::ar::ArabicNormalizer,2,1,1,1,3,0,17,0,27.0,3.0,9,0,0,0.0,2,5.0,18.0,0,0,0,0,0,0,aeeem,org::apache::lucene::analysis::ar::ArabicNormalizer,0.0,0,0,0,0.0,0.0,0.0,0,0.0,0.0,0.0,0.0,0.0,0.0,0.0,0,0,0,0,0,0.0,0.0,0.0,0.0,0.0,True
aeeem,org::apache::lucene::swing::models::TableSearcher,16,1,6,11,153,0,7,0,165.0,18.0,39,6,5,0.0,13,84.0,30.0,0,0,0,0,0,0,aeeem,org::apache::lucene::swing::models::TableSearcher,-3.0,6,6,2,187.0,20.0,23.0,0,10.0,3.33333,13.0,3.83333,1.0,-0.5,63.5,2,2,0,0,0,6.26048,0.041144,0.0585238,0.261606,0.107361,True
aeeem,org::apache::lucene::ant::HtmlDocument,14,1,2,12,21,0,1,0,98.0,7.0,9,1,1,0.0,6,58.0,16.0,0,0,0,0,0,0,aeeem,org::apache::lucene::ant::HtmlDocument,0.0,3,1,1,325.857,3.0,3.0,0,1.0,1.0,1.0,1.0,0.0,0.0,53.2381,0,0,0,0,0,0.0,0.0,0.0,0.0,0.0,True
aeeem,org::apache::lucene::search::WildcardTermEnum,5,3,1,4,15,0,8,0,133.0,6.0,24,0,0,6.0,5,31.0,26.0,0,0,0,0,0,0,aeeem,org::apache::lucene::search::WildcardTermEnum,50.0,13,7,2,368.143,278.0,228.0,0,119.0,21.3846,118.0,17.5385,72.0,3.84615,80.5118,1,1,0,0,0,3.2211,0.0203438,0.00528871,0.078161,0.00123854,True
aeeem,org::apache::lucene::queryParser::surround::parser::FastCharStream,3,1,1,2,91,0,6,0,75.0,14.0,19,0,1,6.0,13,24.0,19.0,0,0,0,0,0,0,aeeem,org::apache::lucene::queryParser::surround::parser::FastCharStream,1.0,2,2,0,170.143,7.0,6.0,0,6.0,3.5,5.0,3.0,1.0,0.5,60.2449,0,0,0,0,0,2.67407,0.00818132,0.00445684,0.0650567,0.00118519,True
aeeem,org::apache::lucene::search::similar::MoreLikeThis,18,1,1,17,496,0,22,0,285.0,32.0,9,12,4,0.0,28,105.0,68.0,0,0,0,0,0,0,aeeem,org::apache::lucene::search::similar::MoreLikeThis,0.0,1,1,0,194.286,1.0,1.0,0,1.0,1.0,1.0,1.0,0.0,0.0,0.0,0,0,0,0,0,1.43177,0.0129918,0.00146826,0.0312605,9.22005e-06,True
aeeem,org::apache::lucene::index::StoredFieldsWriterPerField,6,2,1,5,3,0,3,0,31.0,3.0,11,0,0,3.0,2,10.0,6.0,0,0,0,0,0,0,aeeem,org::apache::lucene::index::StoredFieldsWriterPerField,0.0,1,1,0,11.7143,1.0,1.0,1,1.0,1.0,1.0,1.0,0.0,0.0,0.0,1,1,0,0,0,0.792859,0.00051848,0.0122672,0.0424562,0.0457934,True
aeeem,org::apache::lucene::analysis::ru::RussianLowerCaseFilter,4,3,1,3,1,0,1,1,19.0,2.0,16,0,0,1.0,2,6.0,4.0,0,0,0,0,0,0,aeeem,org::apache::lucene::analysis::ru::RussianLowerCaseFilter,0.0,4,2,0,316.286,4.0,4.0,0,1.0,1.0,1.0,1.0,0.0,0.0,26.1071,0,0,0,0,0,0.0,0.0,0.0,0.0,0.0,True
aeeem,org::apache::lucene::benchmark::byTask::feeds::SimpleSloppyPhraseQueryMaker,2,3,0,2,0,0,0,3,46.0,1.0,24,0,0,0.0,0,16.0,10.0,0,0,0,0,0,0,aeeem,org::apache::lucene::benchmark::byTask::feeds::SimpleSloppyPhraseQueryMaker,17.0,4,3,0,90.5714,83.0,66.0,0,63.0,20.75,63.0,16.5,17.0,4.25,13.0981,2,2,0,0,0,4.63879,0.0437266,0.011546,0.125521,0.00956453,True
aeeem,org::apache::lucene::index::IndexFileNameFilter,2,1,1,1,6,0,3,0,46.0,4.0,18,2,0,1.0,4,22.0,18.0,0,0,0,0,0,0,aeeem,org::apache::lucene::index::IndexFileNameFilter,49.0,6,5,0,173.857,66.0,17.0,0,52.0,11.0,5.0,2.83333,47.0,8.16667,76.8528,2,2,0,0,0,5.55317,0.033377,0.0600699,0.254036,0.110622,True
aeeem,org::apache::lucene::analysis::payloads::TypeAsPayloadTokenFilter,4,3,1,3,1,0,0,1,12.0,2.0,16,0,0,0.0,2,9.0,5.0,0,0,0,0,0,0,aeeem,org::apache::lucene::analysis::payloads::TypeAsPayloadTokenFilter,1.0,2,2,0,43.7143,7.0,6.0,0,6.0,3.5,5.0,3.0,1.0,0.5,31.4694,2,2,0,0,0,2.76004,0.00568941,0.0375323,0.137482,0.115025,True
aeeem,org::apache::lucene::search::DocIdSet,8,1,8,0,1,3,0,0,0.0,2.0,9,0,0,0.0,2,2.0,0.0,0,0,0,0,0,0,aeeem,org::apache::lucene::search::DocIdSet,0.0,1,1,0,35.5714,1.0,1.0,0,1.0,1.0,1.0,1.0,0.0,0.0,0.0,1,1,0,0,0,1.17515,0.000669115,0.00634538,0.0402517,0.0203787,True
aeeem,org::apache::lucene::index::CharBlockPool,4,1,2,2,3,0,7,0,21.0,3.0,9,1,0,6.0,3,6.0,4.0,0,0,0,0,0,0,aeeem,org::apache::lucene::index::CharBlockPool,0.0,2,1,0,30.0,8.0,8.0,1,7.0,4.0,7.0,4.0,0.0,0.0,16.0,2,2,0,0,0,1.39384,0.00401117,0.0161519,0.0643919,0.059927,True
aeeem,org::apache::lucene::index::IndexModifier,8,1,3,5,253,1,10,0,189.0,23.0,9,0,0,0.0,19,84.0,39.0,0,0,0,0,0,0,aeeem,org::apache::lucene::index::IndexModifier,97.0,22,7,3,174.286,230.0,133.0,0,106.0,10.4545,28.0,6.04545,79.0,4.40909,66.6702,13,13,0,0,0,18.28,0.435033,0.0994431,0.611578,0.197629,True
aeeem,org::tartarus::snowball::ext::SpanishStemmer,1,2,0,1,66,0,14,6,919.0,12.0,35,14,11,0.0,1,104.0,162.0,0,0,0,0,0,0,aeeem,org::tartarus::snowball::ext::SpanishStemmer,0.0,1,1,0,6.57143,1.0,1.0,0,1.0,1.0,1.0,1.0,0.0,0.0,0.0,1,1,0,0,0,1.35264,0.000832763,0.0350566,0.101164,0.0995792,True
aeeem,org::apache::lucene::analysis::snowball::SnowballAnalyzer,4,2,0,4,1,0,2,0,13.0,2.0,15,2,0,0.0,2,8.0,3.0,0,0,0,0,0,0,aeeem,org::apache::lucene::analysis::snowball::SnowballAnalyzer,0.0,4,2,0,302.714,4.0,4.0,0,1.0,1.0,1.0,1.0,0.0,0.0,36.6071,0,0,0,0,0,0.0,0.0,0.0,0.0,0.0,True
aeeem,org::apache::lucene::index::IndexFileNames,9,1,7,2,3,0,26,0,20.0,3.0,9,0,0,0.0,0,6.0,8.0,0,0,0,0,0,0,aeeem,org::apache::lucene::index::IndexFileNames,145.0,13,6,2,173.857,175.0,30.0,0,89.0,13.4615,8.0,2.30769,83.0,11.1538,98.0906,6,6,0,0,0,9.29826,0.0983306,0.0706476,0.358735,0.124037,True
aeeem,org::apache::lucene::misc::SweetSpotSimilarity,6,3,1,5,36,0,13,1,94.0,9.0,41,13,0,0.0,9,36.0,18.0,0,0,0,0,0,0,aeeem,org::apache::lucene::misc::SweetSpotSimilarity,1.0,3,3,0,123.857,11.0,10.0,0,6.0,3.66667,5.0,3.33333,1.0,0.333333,31.013,1,1,0,0,0,3.87029,0.0169838,0.00802606,0.0996214,0.00430382,True
aeeem,org::apache::lucene::store::db::DbLock,1,2,1,0,6,0,1,3,11.0,4.0,12,0,0,1.0,4,4.0,4.0,0,0,0,0,0,0,aeeem,org::apache::lucene::store::db::DbLock,0.0,2,1,0,247.0,2.0,2.0,0,1.0,1.0,1.0,1.0,0.0,0.0,26.4286,0,0,0,0,0,1.43177,0.0129918,0.00146826,0.0312605,9.22005e-06,True
aeeem,org::tartarus::snowball::ext::FrenchStemmer,1,2,0,1,91,0,14,6,1295.0,14.0,35,14,13,0.0,1,150.0,219.0,0,0,0,0,0,0,aeeem,org::tartarus::snowball::ext::FrenchStemmer,0.0,1,1,0,6.57143,1.0,1.0,0,1.0,1.0,1.0,1.0,0.0,0.0,0.0,1,1,0,0,0,1.35264,0.000832763,0.0350566,0.101164,0.0995792,True
aeeem,org::apache::lucene::search::ConstantScoreQuery,11,2,7,4,28,0,1,0,30.0,8.0,39,0,0,0.0,7,16.0,12.0,0,0,0,0,0,0,aeeem,org::apache::lucene::search::ConstantScoreQuery,12.0,9,5,2,151.143,187.0,175.0,0,158.0,20.7778,158.0,19.4444,6.0,1.33333,23.3155,8,8,0,0,0,11.1794,0.312273,0.0749912,0.406381,0.13632,True
aeeem,org::apache::lucene::store::LockReleaseFailedException,2,1,2,0,0,0,0,0,3.0,1.0,27,0,0,0.0,1,1.0,1.0,0,0,0,0,0,0,aeeem,org::apache::lucene::store::LockReleaseFailedException,0.0,1,1,0,46.8571,1.0,1.0,0,1.0,1.0,1.0,1.0,0.0,0.0,0.0,1,1,0,0,0,1.33267,0.0015355,0.00544545,0.0416711,0.0127467,True
aeeem,org::apache::lucene::analysis::de::GermanStemmer,4,1,1,3,28,0,2,0,171.0,8.0,9,2,6,0.0,1,123.0,58.0,0,0,0,0,0,0,aeeem,org::apache::lucene::analysis::de::GermanStemmer,0.0,12,5,7,367.143,12.0,12.0,0,1.0,1.0,1.0,1.0,0.0,0.0,78.2381,0,0,0,0,0,0.0,0.0,0.0,0.0,0.0,True
aeeem,org::apache::lucene::index::MultiReader,9,2,2,7,378,0,8,2,215.0,28.0,58,7,3,0.0,19,84.0,57.0,1,0,0,0,0,1,aeeem,org::apache::lucene::index::MultiReader,-60.0,35,9,7,241.857,711.0,771.0,1,203.0,20.3143,433.0,22.0286,196.0,-1.71429,126.647,16,16,0,0,0,19.4587,0.539004,0.101951,0.639779,0.189407,True
aeeem,org::apache::lucene::queryParser::surround::query::DistanceQuery,8,3,1,7,21,0,2,1,68.0,7.0,47,2,0,0.0,7,36.0,13.0,0,0,0,0,0,0,aeeem,org::apache::lucene::queryParser::surround::query::DistanceQuery,1.0,2,2,0,170.143,7.0,6.0,0,6.0,3.5,5.0,3.0,1.0,0.5,60.2449,0,0,0,0,0,2.67407,0.00818132,0.00445684,0.0650567,0.00118519,True
aeeem,org::apache::lucene::search::ConstantScoreRangeQuery,3,4,2,1,3,0,0,2,10.0,3.0,63,0,0,0.0,3,5.0,3.0,0,0,0,0,0,0,aeeem,org::apache::lucene::search::ConstantScoreRangeQuery,-124.0,6,3,1,151.143,25.0,149.0,0,16.0,4.16667,138.0,24.8333,13.0,-20.6667,111.337,4,4,0,0,0,7.46875,0.133534,0.0637048,0.301838,0.11397,True
aeeem,org::apache::lucene::analysis::TeeTokenFilter,6,3,4,2,1,0,1,1,10.0,2.0,16,0,0,1.0,2,4.0,2.0,0,0,0,0,0,0,aeeem,org::apache::lucene::analysis::TeeTokenFilter,18.0,4,2,0,44.8571,24.0,6.0,0,17.0,6.0,4.0,1.5,17.0,4.5,37.256,2,2,0,0,0,4.01909,0.0136504,0.089419,0.28374,0.221425,True
aeeem,org::apache::lucene::util::cache::Cache,2,1,2,0,15,2,0,0,6.0,6.0,9,0,0,0.0,5,8.0,2.0,0,0,0,0,0,0,aeeem,org::apache::lucene::util::cache::Cache,5.0,2,1,0,19.7143,6.0,1.0,0,5.0,3.0,1.0,0.5,5.0,2.5,0.119048,1,1,0,0,0,1.26735,0.00139584,0.0120944,0.0539188,0.0490618,True
aeeem,org::apache::lucene::search::TermsFilter,6,2,3,3,15,0,1,0,63.0,6.0,21,0,0,1.0,6,36.0,15.0,0,0,0,0,0,0,aeeem,org::apache::lucene::search::TermsFilter,79.0,7,3,1,136.571,101.0,22.0,0,30.0,14.4286,16.0,3.14286,30.0,11.2857,98.8543,4,4,0,0,0,6.54006,0.0654453,0.106414,3.45598,0.207561,True
aeeem,org::apache::lucene::store::IndexInput,46,1,45,1,120,12,3,0,89.0,16.0,18,3,1,0.0,15,37.0,24.0,0,0,0,0,0,0,aeeem,org::apache::lucene::store::IndexInput,73.0,6,4,0,211.857,88.0,15.0,0,29.0,14.6667,7.0,2.5,27.0,12.1667,126.529,2,2,0,0,0,4.67638,0.0430511,0.0145387,0.132192,0.0296045,True
aeeem,org::apache::lucene::index::MockIndexInput,2,3,1,1,10,0,3,2,28.0,5.0,44,3,0,0.0,3,6.0,7.0,0,0,0,0,0,0,aeeem,org::apache::lucene::index::MockIndexInput,-2.0,3,3,0,211.857,10.0,12.0,0,6.0,3.33333,6.0,4.0,1.0,-0.666667,68.2286,0,0,0,0,0,1.64243,0.00391152,0.00325183,0.0418737,0.00116335,True
aeeem,org::apache::lucene::search::Collector,2,2,1,1,1,0,2,0,25.0,2.0,11,2,0,0.0,2,3.0,4.0,0,0,0,0,0,0,aeeem,org::apache::lucene::search::Collector,0.0,0,0,0,0.0,0.0,0.0,0,0.0,0.0,0.0,0.0,0.0,0.0,0.0,0,0,0,0,0,0.0,0.0,0.0,0.0,0.0,True
aeeem,org::apache::lucene::queryParser::precedence::PrecedenceQueryParser,24,1,1,23,1081,1,37,36,822.0,47.0,9,24,10,11.0,30,284.0,244.0,0,0,0,0,0,0,aeeem,org::apache::lucene::queryParser::precedence::PrecedenceQueryParser,0.0,7,1,1,187.286,7.0,7.0,0,1.0,1.0,1.0,1.0,0.0,0.0,0.979592,0,0,0,0,0,2.52248,0.0552345,0.00271246,0.0556502,2.57592e-05,True
aeeem,org::apache::lucene::index::TermEnum,42,1,41,1,15,6,0,0,7.0,6.0,9,0,0,0.0,6,9.0,3.0,0,0,0,0,0,0,aeeem,org::apache::lucene::index::TermEnum,-16.0,6,4,0,368.143,49.0,65.0,0,23.0,8.16667,51.0,10.8333,23.0,-2.66667,132.746,0,0,0,0,0,1.64243,0.00391152,0.00325183,0.0418737,0.00116335,True
aeeem,org::apache::lucene::store::MockRAMInputStream,4,3,1,3,3,0,3,1,44.0,3.0,49,3,0,0.0,3,11.0,6.0,0,0,0,0,0,0,aeeem,org::apache::lucene::store::MockRAMInputStream,18.0,4,2,3,83.4286,33.0,15.0,0,19.0,8.25,7.0,3.75,12.0,4.5,15.0433,5,5,0,0,0,3.57285,0.0271034,0.0130631,0.107049,0.0287692,True
aeeem,org::apache::lucene::wikipedia::analysis::WikipediaTokenizerImpl,6,1,1,5,231,0,64,0,422.0,22.0,9,34,7,0.0,12,77.0,139.0,0,0,0,0,0,0,aeeem,org::apache::lucene::wikipedia::analysis::WikipediaTokenizerImpl,-53.0,6,2,0,39.7143,551.0,604.0,0,268.0,91.8333,276.0,100.667,0.0,-8.83333,1.63158,4,4,0,0,0,3.50218,0.318565,0.0204668,0.123094,0.0692717,True
aeeem,org::apache::lucene::util::OpenBitSetIterator,2,2,2,0,10,0,8,0,73.0,5.0,13,7,1,0.0,4,7.0,16.0,0,0,0,0,0,0,aeeem,org::apache::lucene::util::OpenBitSetIterator,0.0,1,1,0,35.5714,1.0,1.0,0,1.0,1.0,1.0,1.0,0.0,0.0,0.0,1,1,0,0,0,1.17515,0.000669115,0.00634538,0.0402517,0.0203787,True
aeeem,org::apache::lucene::search::DefaultSimilarity,8,2,6,2,45,3,1,0,32.0,10.0,31,0,0,0.0,10,19.0,10.0,0,0,0,0,0,0,aeeem,org::apache::lucene::search::DefaultSimilarity,-39.0,4,3,0,308.857,20.0,59.0,0,13.0,5.0,51.0,14.75,1.0,-9.75,109.871,0,0,0,0,0,1.64243,0.00391152,0.00325183,0.0418737,0.00116335,True
aeeem,org::apache::lucene::index::InvertedDocConsumer,2,1,2,0,15,1,1,0,3.0,6.0,9,0,0,1.0,0,6.0,1.0,0,0,0,0,0,0,aeeem,org::apache::lucene::index::InvertedDocConsumer,0.0,1,1,0,11.7143,1.0,1.0,1,1.0,1.0,1.0,1.0,0.0,0.0,0.0,1,1,0,0,0,0.792859,0.00051848,0.0122672,0.0424562,0.0457934,True
aeeem,org::apache::lucene::analysis::ngram::NGramTokenFilter,3,3,1,2,3,0,5,1,32.0,3.0,16,3,1,0.0,2,13.0,8.0,1,0,0,0,0,1,aeeem,org::apache::lucene::analysis::ngram::NGramTokenFilter,-4.0,3,2,0,82.1429,10.0,14.0,0,9.0,3.33333,12.0,4.66667,0.0,-1.33333,67.6286,3,3,0,0,0,4.10317,0.00931366,0.0869614,0.279074,0.208732,True
aeeem,org::apache::lucene::search::MultiSearcher,13,3,8,5,78,1,3,0,111.0,13.0,37,3,0,0.0,11,38.0,25.0,1,0,0,0,0,1,aeeem,org::apache::lucene::search::MultiSearcher,177.0,28,9,4,368.143,387.0,210.0,0,166.0,13.8214,51.0,7.5,161.0,6.32143,140.47,4,4,0,0,0,10.1352,0.344828,0.0170192,0.246347,0.00643703,True
aeeem,org::apache::lucene::queryParser::surround::query::SrndQuery,11,1,8,3,66,3,3,0,30.0,12.0,18,2,0,0.0,11,25.0,12.0,0,0,0,0,0,0,aeeem,org::apache::lucene::queryParser::surround::query::SrndQuery,-5.0,3,3,0,170.143,9.0,14.0,0,6.0,3.0,8.0,4.66667,1.0,-1.66667,51.0794,0,0,0,0,0,4.06683,0.0283464,0.00627614,0.0971617,0.00125813,True
aeeem,org::apache::lucene::analysis::compound::hyphenation::HyphenationTree,9,2,1,8,78,0,5,9,270.0,13.0,54,2,0,0.0,8,67.0,61.0,0,0,0,0,0,0,aeeem,org::apache::lucene::analysis::compound::hyphenation::HyphenationTree,0.0,1,1,0,20.7143,1.0,1.0,0,1.0,1.0,1.0,1.0,0.0,0.0,0.0,1,1,0,0,0,1.18716,0.00167713,0.0103756,0.0486875,0.0417474,True
aeeem,org::apache::lucene::index::StoredFieldsWriterPerThread,3,2,1,2,10,0,4,0,32.0,5.0,13,0,0,4.0,5,9.0,7.0,0,0,0,0,0,0,aeeem,org::apache::lucene::index::StoredFieldsWriterPerThread,0.0,1,1,0,11.7143,1.0,1.0,1,1.0,1.0,1.0,1.0,0.0,0.0,0.0,1,1,0,0,0,0.792859,0.00051848,0.0122672,0.0424562,0.0457934,True
aeeem,org::apache::lucene::search::function::ByteFieldSource,4,3,0,4,10,0,1,0,43.0,5.0,31,1,0,0.0,5,13.0,8.0,0,0,0,0,0,0,aeeem,org::apache::lucene::search::function::ByteFieldSource,0.0,2,1,0,70.1429,2.0,2.0,0,1.0,1.0,1.0,1.0,0.0,0.0,13.5714,2,2,0,0,0,2.69823,0.00414041,0.00980001,0.0811239,0.0200228,True
aeeem,org::apache::lucene::queryParser::surround::query::OrQuery,6,3,2,4,6,0,0,1,29.0,4.0,47,0,0,0.0,4,15.0,8.0,0,0,0,0,0,0,aeeem,org::apache::lucene::queryParser::surround::query::OrQuery,1.0,2,2,0,170.143,7.0,6.0,0,6.0,3.5,5.0,3.0,1.0,0.5,60.2449,0,0,0,0,0,2.67407,0.00818132,0.00445684,0.0650567,0.00118519,True
aeeem,org::apache::lucene::search::SpanFilterResult,3,1,3,0,6,0,3,0,13.0,4.0,9,3,0,0.0,4,4.0,4.0,0,0,0,0,0,0,aeeem,org::apache::lucene::search::SpanFilterResult,21.0,2,2,0,64.0,24.0,3.0,0,23.0,12.0,2.0,1.5,21.0,10.5,27.244,2,2,0,0,0,2.35,0.00932962,0.00996333,0.0740046,0.0254293,True
aeeem,org::apache::lucene::analysis::ar::ArabicStemFilter,5,3,2,3,1,0,1,1,20.0,2.0,16,0,0,0.0,1,8.0,4.0,0,0,0,0,0,0,aeeem,org::apache::lucene::analysis::ar::ArabicStemFilter,0.0,0,0,0,0.0,0.0,0.0,0,0.0,0.0,0.0,0.0,0.0,0.0,0.0,0,0,0,0,0,0.0,0.0,0.0,0.0,0.0,True
aeeem,org::apache::lucene::index::LogByteSizeMergePolicy,2,3,1,1,15,0,2,6,20.0,6.0,30,0,0,0.0,5,7.0,6.0,0,0,0,0,0,0,aeeem,org::apache::lucene::index::LogByteSizeMergePolicy,10.0,3,1,1,55.1429,17.0,7.0,0,13.0,5.66667,5.0,2.33333,8.0,3.33333,3.59664,5,5,0,0,0,1.91372,0.0360644,0.00701735,0.0578775,0.0138548,True
aeeem,org::apache::lucene::util::ArrayUtil,10,1,9,1,10,0,0,0,38.0,5.0,9,0,0,0.0,5,9.0,9.0,0,0,0,0,0,0,aeeem,org::apache::lucene::util::ArrayUtil,21.0,2,1,0,11.7143,23.0,2.0,1,22.0,11.5,1.0,1.0,21.0,10.5,4.50932,2,2,0,0,0,2.2048,0.00969473,0.0438039,0.136638,0.145088,True
aeeem,org::apache::lucene::queryParser::surround::query::SrndPrefixQuery,7,3,1,6,21,0,2,1,35.0,7.0,44,2,0,0.0,6,25.0,12.0,0,0,0,0,0,0,aeeem,org::apache::lucene::queryParser::surround::query::SrndPrefixQuery,-1.0,3,3,0,170.143,7.0,8.0,0,6.0,2.33333,5.0,2.66667,1.0,-0.333333,60.2449,0,0,0,0,0,4.06683,0.0122143,0.00627614,0.0971617,0.00125813,True
aeeem,org::apache::lucene::index::LogMergePolicy,6,2,1,6,136,2,10,0,258.0,17.0,15,4,2,3.0,14,79.0,58.0,0,0,0,0,0,0,aeeem,org::apache::lucene::index::LogMergePolicy,126.0,10,1,1,55.1429,162.0,36.0,0,56.0,16.2,17.0,3.6,48.0,12.6,11.0441,11,11,0,0,0,5.94911,0.118996,0.0281536,0.194325,0.079638,True
aeeem,org::apache::lucene::queryParser::analyzing::AnalyzingQueryParser,9,2,1,8,10,0,0,56,209.0,5.0,68,0,0,0.0,1,95.0,33.0,0,0,0,0,0,0,aeeem,org::apache::lucene::queryParser::analyzing::AnalyzingQueryParser,11.0,6,6,0,164.857,53.0,42.0,0,35.0,8.83333,28.0,7.0,7.0,1.83333,132.941,3,3,0,0,0,7.34144,0.0485354,0.0965588,0.36946,0.227756,True
aeeem,org::apache::lucene::search::spans::SpanFirstQuery,13,3,7,6,66,0,2,0,98.0,12.0,44,2,0,0.0,12,31.0,18.0,0,0,0,0,0,0,aeeem,org::apache::lucene::search::spans::SpanFirstQuery,80.0,8,6,0,244.714,94.0,14.0,0,24.0,11.75,7.0,1.75,19.0,10.0,117.313,2,2,0,0,0,7.83578,0.196659,0.0412861,0.247252,0.10083,True
aeeem,org::apache::lucene::index::GCJSegmentReader,1,4,0,1,0,0,0,15,7.0,1.0,80,0,0,0.0,1,3.0,2.0,0,0,0,0,0,0,aeeem,org::apache::lucene::index::GCJSegmentReader,4.0,4,2,0,211.0,15.0,11.0,0,6.0,3.75,5.0,2.75,4.0,1.0,45.5429,0,0,0,0,0,1.64243,0.00391152,0.00325183,0.0418737,0.00116335,True
aeeem,org::apache::lucene::benchmark::byTask::tasks::AddDocTask,8,2,1,7,21,0,5,2,40.0,7.0,39,3,1,1.0,6,31.0,11.0,0,0,0,0,0,0,aeeem,org::apache::lucene::benchmark::byTask::tasks::AddDocTask,20.0,5,4,1,90.5714,115.0,95.0,0,84.0,23.0,84.0,19.0,16.0,4.0,12.1255,3,3,0,0,0,5.6765,0.0415052,0.0148701,0.155688,0.0145571,True
aeeem,org::apache::lucene::index::TermVectorsReader,13,1,3,10,105,0,15,0,313.0,15.0,18,8,6,0.0,1,73.0,58.0,0,0,0,0,0,0,aeeem,org::apache::lucene::index::TermVectorsReader,378.0,27,8,7,241.714,731.0,353.0,0,179.0,27.0741,86.0,13.0741,119.0,14.0,144.604,15,15,0,0,0,17.9349,0.492822,0.0944703,0.591047,0.254187,True
aeeem,org::apache::lucene::benchmark::byTask::tasks::ReportTask,14,2,6,8,21,4,10,2,71.0,7.0,39,0,0,0.0,1,57.0,18.0,0,0,0,0,0,0,aeeem,org::apache::lucene::benchmark::byTask::tasks::ReportTask,118.0,3,2,0,90.5714,163.0,45.0,0,118.0,54.3333,44.0,15.0,118.0,39.3333,9.97546,1,1,0,0,0,3.28866,0.0279689,0.00774168,0.0876976,0.00527147,True
aeeem,org::apache::lucene::search::RemoteSearchable,7,2,3,4,45,0,1,0,50.0,10.0,44,1,0,0.0,10,25.0,14.0,0,0,0,0,0,0,aeeem,org::apache::lucene::search::RemoteSearchable,2.0,13,6,0,325.0,96.0,94.0,0,23.0,7.38462,51.0,7.23077,23.0,0.153846,137.792,2,2,0,0,0,7.96475,0.106482,0.0132445,0.193443,0.00417724,True
aeeem,org::apache::lucene::swing::models::BaseListModel,5,1,4,1,10,0,1,0,19.0,5.0,32,1,0,0.0,5,16.0,6.0,0,0,0,0,0,0,aeeem,org::apache::lucene::swing::models::BaseListModel,0.0,3,3,0,187.0,6.0,6.0,0,4.0,2.0,3.0,2.0,2.0,0.0,152.333,2,2,0,0,0,2.55041,0.0136351,0.0533105,0.174739,0.10691,True
aeeem,org::apache::lucene::index::ConcurrentMergeScheduler,15,2,11,5,190,1,11,0,182.0,20.0,11,6,4,1.0,11,75.0,39.0,2,0,0,0,0,1,aeeem,org::apache::lucene::index::ConcurrentMergeScheduler,91.0,16,1,4,55.1429,244.0,153.0,0,70.0,15.25,27.0,9.5625,44.0,5.6875,11.1259,18,18,0,0,0,10.9738,0.24706,0.144352,3.63831,0.320737,True
aeeem,org::apache::lucene::document::SetBasedFieldSelector,5,2,5,0,1,0,2,0,14.0,2.0,19,2,0,0.0,2,4.0,4.0,0,0,0,0,0,0,aeeem,org::apache::lucene::document::SetBasedFieldSelector,7.0,3,2,1,121.571,73.0,66.0,0,59.0,24.3333,59.0,22.0,7.0,2.33333,81.9765,0,0,0,0,0,2.29636,0.0275083,0.0137681,0.0789014,0.0493051,True
aeeem,org::apache::lucene::analysis::de::GermanStemFilter,6,3,2,4,6,0,2,1,29.0,4.0,16,2,0,0.0,4,10.0,10.0,0,0,0,0,0,0,aeeem,org::apache::lucene::analysis::de::GermanStemFilter,0.0,1,1,0,216.286,1.0,1.0,0,1.0,1.0,1.0,1.0,0.0,0.0,0.0,0,0,0,0,0,0.0,0.0,0.0,0.0,0.0,True
aeeem,org::apache::lucene::xmlparser::builders::ConstantScoreQueryBuilder,5,1,1,4,1,0,1,0,12.0,2.0,10,1,0,0.0,2,7.0,2.0,0,0,0,0,0,0,aeeem,org::apache::lucene::xmlparser::builders::ConstantScoreQueryBuilder,14.0,3,1,0,136.571,24.0,10.0,0,16.0,8.0,8.0,3.33333,15.0,4.66667,32.0714,0,0,0,0,0,2.99495,0.0323951,0.00530023,0.0740352,0.00168471,True
aeeem,org::apache::lucene::index::SegmentMerger,27,1,3,25,136,0,18,0,507.0,17.0,9,16,8,1.0,0,175.0,104.0,1,0,0,0,0,1,aeeem,org::apache::lucene::index::SegmentMerger,535.0,51,11,6,368.143,1172.0,637.0,0,174.0,22.9804,75.0,12.4902,107.0,10.4902,235.447,22,22,0,0,0,28.939,0.782803,0.155437,0.956831,0.363135,True
aeeem,org::apache::lucene::benchmark::utils::ExtractReuters,9,1,0,9,10,0,6,0,115.0,5.0,9,5,1,1.0,3,45.0,17.0,0,0,0,0,0,0,aeeem,org::apache::lucene::benchmark::utils::ExtractReuters,1.0,3,3,0,99.0,2.0,1.0,0,1.0,0.666667,1.0,0.333333,1.0,0.333333,8.64286,1,1,0,0,0,3.09513,0.000931311,0.00675431,0.080868,0.00370199,True
aeeem,org::apache::lucene::util::PriorityQueue,33,1,33,0,66,15,3,0,90.0,12.0,9,2,2,0.0,8,23.0,25.0,0,0,0,0,0,0,aeeem,org::apache::lucene::util::PriorityQueue,7.0,9,7,2,368.143,99.0,92.0,0,35.0,11.0,51.0,10.2222,26.0,0.777778,192.729,1,1,0,0,0,2.94062,0.0416879,0.00928649,0.0841712,0.0178567,True
aeeem,org::apache::lucene::benchmark::byTask::tasks::ResetInputsTask,2,2,0,2,3,1,0,2,10.0,3.0,39,0,0,0.0,2,5.0,3.0,0,0,0,0,0,0,aeeem,org::apache::lucene::benchmark::byTask::tasks::ResetInputsTask,0.0,2,2,0,90.5714,49.0,49.0,0,48.0,24.5,48.0,24.5,0.0,0.0,11.0554,0,0,0,0,0,2.58836,0.0150411,0.00607429,0.0689624,0.00411087,True
aeeem,org::apache::lucene::index::TermVectorEntryFreqSortedComparator,5,1,3,2,1,0,0,0,15.0,2.0,9,0,0,0.0,2,7.0,3.0,0,0,0,0,0,0,aeeem,org::apache::lucene::index::TermVectorEntryFreqSortedComparator,0.0,1,1,0,63.2857,1.0,1.0,0,1.0,1.0,1.0,1.0,0.0,0.0,0.0,1,1,0,0,0,1.17486,0.000965682,0.00361796,0.0337529,0.00505055,True
aeeem,org::apache::lucene::index::LogDocMergePolicy,6,3,6,0,6,1,1,6,17.0,4.0,30,0,0,0.0,3,4.0,4.0,0,0,0,0,0,0,aeeem,org::apache::lucene::index::LogDocMergePolicy,-14.0,2,1,1,55.1429,5.0,19.0,0,4.0,2.5,18.0,9.5,0.0,-7.0,1.94286,4,4,0,0,0,1.36109,0.0170119,0.00489185,0.0409177,0.00931852,True
aeeem,org::apache::lucene::benchmark::quality::QualityBenchmark,9,1,2,7,21,0,6,0,60.0,7.0,9,2,1,0.0,6,25.0,13.0,0,0,0,0,0,0,aeeem,org::apache::lucene::benchmark::quality::QualityBenchmark,37.0,2,1,0,62.7143,42.0,5.0,0,41.0,21.0,4.0,2.5,37.0,18.5,22.3129,2,2,0,0,0,2.40151,0.0254453,0.00960402,0.0743622,0.0225175,True
aeeem,org::apache::lucene::search::function::ValueSource,4,1,4,0,10,3,0,0,3.0,5.0,18,0,0,0.0,5,6.0,1.0,0,0,0,0,0,0,aeeem,org::apache::lucene::search::function::ValueSource,-1.0,3,3,0,70.1429,2.0,3.0,0,1.0,0.666667,1.0,1.0,0.0,-0.333333,4.64286,3,3,0,0,0,3.87796,0.00487477,0.0135441,0.115313,0.0256072,True
aeeem,org::apache::lucene::store::VerifyingLockFactory,3,2,1,2,3,0,4,1,12.0,3.0,13,0,0,4.0,3,6.0,3.0,0,0,0,0,0,0,aeeem,org::apache::lucene::store::VerifyingLockFactory,0.0,2,1,0,53.0,2.0,2.0,0,1.0,1.0,1.0,1.0,0.0,0.0,3.07143,2,2,0,0,0,2.33696,0.00308502,0.00910696,0.0719939,0.0198956,True
aeeem,org::apache::lucene::index::TermsHashPerThread,11,2,5,8,28,0,10,0,75.0,8.0,13,0,1,10.0,4,28.0,17.0,0,0,0,0,0,0,aeeem,org::apache::lucene::index::TermsHashPerThread,5.0,2,1,1,11.7143,8.0,3.0,1,7.0,4.0,2.0,1.5,5.0,2.5,2.375,1,1,0,0,0,1.54522,0.00310807,0.0273145,0.0891453,0.0962259,True
aeeem,org::apache::lucene::index::ReusableStringReader,2,1,1,1,3,0,3,0,22.0,3.0,29,0,0,3.0,2,7.0,5.0,0,0,0,0,0,0,aeeem,org::apache::lucene::index::ReusableStringReader,0.0,1,1,0,30.0,1.0,1.0,0,1.0,1.0,1.0,1.0,0.0,0.0,0.0,1,1,0,0,0,0.60098,0.00038181,0.00388466,0.0219358,0.0141336,True
aeeem,org::tartarus::snowball::ext::NorwegianStemmer,1,2,0,1,15,0,7,6,281.0,6.0,35,7,5,0.0,1,24.0,44.0,0,0,0,0,0,0,aeeem,org::tartarus::snowball::ext::NorwegianStemmer,0.0,1,1,0,6.57143,1.0,1.0,0,1.0,1.0,1.0,1.0,0.0,0.0,0.0,1,1,0,0,0,1.35264,0.000832763,0.0350566,0.101164,0.0995792,True
aeeem,org::apache::lucene::search::TopFieldDocCollector,3,3,0,3,3,0,1,2,29.0,3.0,15,1,0,0.0,3,13.0,6.0,0,0,0,0,0,0,aeeem,org::apache::lucene::search::TopFieldDocCollector,10.0,6,6,0,144.286,22.0,12.0,0,14.0,3.66667,5.0,2.0,13.0,1.66667,83.3571,2,2,0,0,0,6.14206,0.0409547,0.0486591,0.23221,0.116134,True
aeeem,org::apache::lucene::analysis::sinks::DateRecognizerSinkTokenizer,3,4,0,3,1,0,2,3,19.0,2.0,22,0,0,0.0,2,6.0,4.0,0,0,0,0,0,0,aeeem,org::apache::lucene::analysis::sinks::DateRecognizerSinkTokenizer,0.0,2,2,0,43.7143,3.0,3.0,0,2.0,1.5,2.0,1.5,0.0,0.0,24.4762,2,2,0,0,0,2.76004,0.00289664,0.0375323,0.137482,0.115025,True
aeeem,org::apache::lucene::xmlparser::QueryBuilderFactory,5,1,3,2,6,0,1,0,14.0,4.0,10,0,0,1.0,4,11.0,4.0,0,0,0,0,0,0,aeeem,org::apache::lucene::xmlparser::QueryBuilderFactory,17.0,4,2,1,136.571,23.0,6.0,0,16.0,5.75,3.0,1.5,15.0,4.25,48.8385,1,1,0,0,0,4.12294,0.0205949,0.0573708,0.218393,0.108978,True
aeeem,org::apache::lucene::benchmark::byTask::feeds::EnwikiDocMaker,4,3,1,3,6,0,8,14,16.0,4.0,39,0,1,1.0,3,12.0,4.0,0,0,0,0,0,0,aeeem,org::apache::lucene::benchmark::byTask::feeds::EnwikiDocMaker,53.0,5,2,2,60.8571,79.0,26.0,0,29.0,15.8,14.0,5.2,16.0,10.6,21.9114,4,4,0,0,0,3.58153,0.0523894,0.0160755,0.11505,0.0434301,True
aeeem,org::apache::lucene::search::DisjunctionMaxScorer,3,3,1,2,55,0,4,0,115.0,11.0,17,4,4,0.0,7,64.0,32.0,0,0,0,0,0,0,aeeem,org::apache::lucene::search::DisjunctionMaxScorer,-20.0,7,5,0,151.0,292.0,312.0,0,195.0,41.7143,195.0,44.5714,7.0,-2.85714,89.7378,4,4,0,0,0,8.939,0.43582,0.0757326,0.359523,0.161567,True
aeeem,org::apache::lucene::search::BooleanQuery,36,2,30,8,210,1,5,0,149.0,21.0,39,4,0,0.0,20,94.0,46.0,0,0,0,0,0,0,aeeem,org::apache::lucene::search::BooleanQuery,293.0,56,9,15,368.143,758.0,465.0,0,98.0,13.5357,73.0,8.30357,55.0,5.23214,166.469,10,10,0,0,0,23.8003,1.10022,0.119711,0.761933,0.242231,True
aeeem,org::apache::lucene::index::DocInverterPerThread,6,2,1,5,10,0,7,0,26.0,5.0,13,0,0,7.0,4,14.0,5.0,0,0,0,0,0,0,aeeem,org::apache::lucene::index::DocInverterPerThread,0.0,1,1,0,11.7143,1.0,1.0,1,1.0,1.0,1.0,1.0,0.0,0.0,0.0,1,1,0,0,0,0.792859,0.00051848,0.0122672,0.0424562,0.0457934,True
aeeem,org::apache::lucene::index::TermBuffer,9,1,1,8,36,0,6,0,79.0,9.0,18,6,1,0.0,5,30.0,16.0,0,0,0,0,0,0,aeeem,org::apache::lucene::index::TermBuffer,20.0,3,3,0,208.714,63.0,43.0,0,56.0,21.0,37.0,14.3333,19.0,6.66667,171.002,1,1,0,0,0,2.54988,0.0773077,0.0095867,0.0759522,0.0250941,True
aeeem,org::apache::lucene::util::DocIdBitSet,5,2,4,1,3,0,1,0,9.0,3.0,11,1,0,0.0,3,4.0,3.0,0,0,0,0,0,0,aeeem,org::apache::lucene::util::DocIdBitSet,0.0,1,1,0,35.5714,1.0,1.0,0,1.0,1.0,1.0,1.0,0.0,0.0,0.0,1,1,0,0,0,1.17515,0.000669115,0.00634538,0.0402517,0.0203787,True
aeeem,org::apache::lucene::analysis::TokenFilter,5,2,4,1,3,42,1,0,10.0,3.0,13,0,0,0.0,2,5.0,3.0,1,0,0,0,0,1,aeeem,org::apache::lucene::analysis::TokenFilter,-26.0,10,5,0,368.143,40.0,66.0,0,13.0,4.0,51.0,6.6,9.0,-2.6,185.707,3,3,0,0,0,8.08193,0.0202412,0.0567067,0.290392,0.157777,True
aeeem,org::apache::lucene::analysis::cjk::CJKTokenizer,3,3,1,2,1,0,9,1,140.0,2.0,16,9,0,0.0,2,8.0,26.0,0,0,0,0,0,0,aeeem,org::apache::lucene::analysis::cjk::CJKTokenizer,0.0,4,2,1,250.143,4.0,4.0,0,1.0,1.0,1.0,1.0,0.0,0.0,10.5714,0,0,0,0,0,0.0,0.0,0.0,0.0,0.0,True
aeeem,org::apache::lucene::search::Query,103,1,99,7,66,16,1,0,84.0,12.0,27,1,0,0.0,11,49.0,23.0,0,0,0,0,0,0,aeeem,org::apache::lucene::search::Query,106.0,27,8,9,368.143,316.0,210.0,0,91.0,11.7037,55.0,7.77778,43.0,3.92593,102.066,0,0,0,0,0,8.85763,0.296282,0.0121526,0.205876,0.00150294,True
aeeem,org::apache::lucene::analysis::CachingTokenFilter,7,3,6,1,6,0,2,1,30.0,4.0,16,2,1,0.0,3,14.0,8.0,1,0,0,0,0,1,aeeem,org::apache::lucene::analysis::CachingTokenFilter,5.0,4,2,0,75.4286,90.0,85.0,0,72.0,22.5,72.0,21.25,4.0,1.25,51.7698,3,3,0,0,0,4.85274,0.0507359,0.0496314,0.208631,0.154835,True
aeeem,org::apache::lucene::benchmark::byTask::tasks::SearchWithSortTask,5,3,0,5,45,0,1,2,61.0,10.0,55,1,1,0.0,9,24.0,16.0,0,0,0,0,0,0,aeeem,org::apache::lucene::benchmark::byTask::tasks::SearchWithSortTask,0.0,1,1,0,4.14286,1.0,1.0,0,1.0,1.0,1.0,1.0,0.0,0.0,0.0,1,1,0,0,0,1.23854,0.000990187,0.0519223,0.145898,0.106899,True
aeeem,org::apache::lucene::benchmark::byTask::feeds::TrecDocMaker,13,2,0,13,36,0,9,11,153.0,9.0,33,3,0,0.0,3,71.0,27.0,1,0,0,0,0,1,aeeem,org::apache::lucene::benchmark::byTask::feeds::TrecDocMaker,29.0,10,3,3,86.2857,326.0,297.0,0,221.0,32.6,221.0,29.7,10.0,2.9,9.94741,6,6,0,0,0,7.61688,0.130565,0.0275865,0.227585,0.060062,True
aeeem,org::apache::lucene::benchmark::quality::trec::Trec1MQReader,3,1,0,3,1,0,1,0,33.0,2.0,9,1,0,0.0,2,16.0,4.0,0,0,0,0,0,0,aeeem,org::apache::lucene::benchmark::quality::trec::Trec1MQReader,0.0,1,1,0,39.8571,1.0,1.0,0,1.0,1.0,1.0,1.0,0.0,0.0,0.0,1,1,0,0,0,1.22665,0.00108798,0.00598607,0.0406094,0.0174669,True
aeeem,org::apache::lucene::demo::HTMLDocument,7,1,1,6,6,0,1,0,52.0,4.0,9,0,1,1.0,3,25.0,4.0,0,0,0,0,0,0,aeeem,org::apache::lucene::demo::HTMLDocument,-35.0,12,6,1,349.571,79.0,114.0,0,18.0,6.58333,51.0,9.5,7.0,-2.91667,155.192,1,1,0,0,0,4.65286,0.0771399,0.0571345,0.2271,0.108089,True
aeeem,org::apache::lucene::util::Parameter,1,1,0,1,6,6,2,0,24.0,4.0,18,1,1,1.0,1,12.0,6.0,0,0,0,0,0,0,aeeem,org::apache::lucene::util::Parameter,1.0,4,3,1,209.0,10.0,9.0,0,6.0,2.5,5.0,2.25,1.0,0.25,69.2857,0,0,0,0,0,2.86786,0.0194352,0.00453553,0.0687541,0.00117304,True
aeeem,org::apache::lucene::search::RemoteCachingWrapperFilter,2,2,0,2,3,1,1,0,11.0,3.0,21,0,0,0.0,3,9.0,3.0,0,0,0,0,0,0,aeeem,org::apache::lucene::search::RemoteCachingWrapperFilter,11.0,4,2,0,78.2857,13.0,2.0,0,12.0,3.25,1.0,0.5,12.0,2.75,39.4286,3,3,0,0,0,3.6986,0.0053998,0.0615157,0.221084,0.129997,True
aeeem,org::apache::lucene::swing::models::BaseTableModel,7,1,4,3,45,0,2,0,60.0,10.0,39,2,0,0.0,10,30.0,18.0,0,0,0,0,0,0,aeeem,org::apache::lucene::swing::models::BaseTableModel,0.0,3,3,0,187.0,7.0,7.0,0,5.0,2.33333,3.0,2.33333,2.0,0.0,156.653,2,2,0,0,0,2.55041,0.0146253,0.0533105,0.174739,0.10691,True
aeeem,lucli::LuceneMethods,21,1,1,20,78,0,8,0,232.0,13.0,9,8,5,0.0,8,147.0,48.0,0,0,0,0,0,0,aeeem,lucli::LuceneMethods,0.0,4,2,2,251.857,4.0,4.0,0,1.0,1.0,1.0,1.0,0.0,0.0,30.8571,0,0,0,0,0,1.43177,0.0259836,0.00146826,0.0312605,9.22005e-06,True
aeeem,org::tartarus::snowball::SnowballProgram,25,1,21,4,325,19,6,0,306.0,26.0,9,0,0,0.0,3,76.0,95.0,0,0,0,0,0,0,aeeem,org::tartarus::snowball::SnowballProgram,0.0,1,1,0,6.57143,1.0,1.0,0,1.0,1.0,1.0,1.0,0.0,0.0,0.0,1,1,0,0,0,1.35264,0.000832763,0.0350566,0.101164,0.0995792,True
aeeem,org::apache::lucene::benchmark::byTask::tasks::RepAllTask,8,3,0,8,3,0,0,12,38.0,3.0,46,0,0,0.0,2,28.0,9.0,0,0,0,0,0,0,aeeem,org::apache::lucene::benchmark::byTask::tasks::RepAllTask,35.0,3,2,0,90.5714,79.0,44.0,0,41.0,26.3333,41.0,14.6667,35.0,11.6667,10.34,1,1,0,0,0,3.28866,0.0163767,0.00774168,0.0876976,0.00527147,True
aeeem,org::apache::lucene::benchmark::byTask::feeds::DemoHTMLParser,2,1,0,2,1,0,0,0,5.0,2.0,10,0,0,0.0,2,5.0,2.0,0,0,0,0,0,0,aeeem,org::apache::lucene::benchmark::byTask::feeds::DemoHTMLParser,-3.0,2,1,1,80.2857,5.0,8.0,0,4.0,2.5,7.0,4.0,0.0,-1.5,10.5143,2,2,0,0,0,2.69351,0.0128559,0.00716586,0.074234,0.00708705,True
aeeem,org::apache::lucene::xmlparser::builders::SpanNearBuilder,5,3,1,4,1,0,1,0,19.0,2.0,12,0,0,1.0,2,14.0,4.0,0,0,0,0,0,0,aeeem,org::apache::lucene::xmlparser::builders::SpanNearBuilder,11.0,3,1,0,136.571,19.0,8.0,0,16.0,6.33333,6.0,2.66667,15.0,3.66667,40.3609,0,0,0,0,0,2.99495,0.0265824,0.00530023,0.0740352,0.00168471,True
aeeem,org::apache::lucene::index::SegmentTermPositions,3,2,0,3,105,0,7,9,129.0,15.0,37,7,4,0.0,7,34.0,31.0,0,0,0,0,0,0,aeeem,org::apache::lucene::index::SegmentTermPositions,83.0,20,8,3,368.143,196.0,113.0,0,74.0,9.8,51.0,5.65,68.0,4.15,251.561,6,6,0,0,0,8.72787,0.0676164,0.0431024,0.280232,0.10439,True
aeeem,org::apache::lucene::analysis::ru::RussianStemmer,4,1,2,2,136,0,40,0,173.0,17.0,9,40,14,0.0,3,68.0,44.0,0,0,0,0,0,0,aeeem,org::apache::lucene::analysis::ru::RussianStemmer,0.0,1,1,0,216.286,1.0,1.0,0,1.0,1.0,1.0,1.0,0.0,0.0,0.0,0,0,0,0,0,0.0,0.0,0.0,0.0,0.0,True
aeeem,org::apache::lucene::benchmark::byTask::feeds::LineDocMaker,6,2,2,4,21,1,7,11,38.0,7.0,33,4,1,3.0,4,23.0,10.0,0,0,0,0,0,0,aeeem,org::apache::lucene::benchmark::byTask::feeds::LineDocMaker,43.0,7,2,3,63.0,86.0,43.0,0,49.0,12.2857,10.0,6.14286,39.0,6.14286,24.4784,7,7,0,0,0,4.8362,0.0461243,0.0666614,0.258121,0.142609,True
aeeem,org::apache::lucene::index::NormsWriterPerField,5,2,2,3,10,0,7,0,32.0,5.0,11,0,0,7.0,3,12.0,8.0,0,0,0,0,0,0,aeeem,org::apache::lucene::index::NormsWriterPerField,0.0,1,1,0,11.7143,1.0,1.0,1,1.0,1.0,1.0,1.0,0.0,0.0,0.0,1,1,0,0,0,0.792859,0.00051848,0.0122672,0.0424562,0.0457934,True
aeeem,org::apache::lucene::queryParser::precedence::PrecedenceQueryParserTokenManager,4,1,1,3,496,0,19,36,947.0,32.0,9,2,26,7.0,5,167.0,301.0,0,0,0,0,0,0,aeeem,org::apache::lucene::queryParser::precedence::PrecedenceQueryParserTokenManager,0.0,1,1,0,187.286,1.0,1.0,0,1.0,1.0,1.0,1.0,0.0,0.0,0.0,0,0,0,0,0,1.31187,0.00868421,0.00138824,0.0288405,1.14211e-05,True
aeeem,org::apache::lucene::analysis::fr::FrenchAnalyzer,5,2,1,4,3,0,3,0,19.0,3.0,15,2,0,0.0,3,14.0,5.0,0,0,0,0,0,0,aeeem,org::apache::lucene::analysis::fr::FrenchAnalyzer,0.0,9,2,0,246.143,9.0,9.0,0,1.0,1.0,1.0,1.0,0.0,0.0,15.7937,0,0,0,0,0,0.0,0.0,0.0,0.0,0.0,True
aeeem,org::apache::lucene::search::ReqOptSumScorer,4,3,1,3,15,0,3,0,41.0,6.0,17,3,0,0.0,6,18.0,12.0,0,0,0,0,0,0,aeeem,org::apache::lucene::search::ReqOptSumScorer,1.0,2,2,0,193.286,7.0,6.0,0,6.0,3.5,5.0,3.0,1.0,0.5,80.0816,0,0,0,0,0,3.0742,0.0169033,0.00472009,0.0731342,0.00117257,True
aeeem,org::apache::lucene::ant::DocumentHandlerException,2,1,1,1,3,0,1,0,16.0,3.0,27,1,0,0.0,3,7.0,4.0,0,0,0,0,0,0,aeeem,org::apache::lucene::ant::DocumentHandlerException,0.0,2,1,1,325.857,2.0,2.0,0,1.0,1.0,1.0,1.0,0.0,0.0,39.7857,0,0,0,0,0,0.0,0.0,0.0,0.0,0.0,True
aeeem,org::apache::lucene::analysis::shingle::ShingleAnalyzerWrapper,2,2,0,2,15,0,3,0,23.0,6.0,15,0,0,0.0,6,10.0,6.0,0,0,0,0,0,0,aeeem,org::apache::lucene::analysis::shingle::ShingleAnalyzerWrapper,3.0,2,2,1,27.5714,47.0,44.0,0,46.0,23.5,43.0,22.0,3.0,1.5,6.85106,1,1,0,0,0,2.08776,0.0764708,0.0172213,0.083567,0.067865,True
aeeem,org::apache::lucene::queryParser::TokenMgrError,5,1,2,3,6,0,5,0,57.0,4.0,27,0,0,1.0,2,26.0,17.0,0,0,0,0,0,0,aeeem,org::apache::lucene::queryParser::TokenMgrError,7.0,4,3,1,264.857,21.0,14.0,0,18.0,5.25,11.0,3.5,7.0,1.75,247.061,3,3,0,0,0,4.00726,0.0164289,0.0892333,0.283052,0.220501,True
aeeem,org::apache::lucene::xmlparser::builders::SpanFirstBuilder,5,3,1,4,1,0,1,0,14.0,2.0,12,0,0,1.0,2,8.0,2.0,0,0,0,0,0,0,aeeem,org::apache::lucene::xmlparser::builders::SpanFirstBuilder,15.0,2,1,0,136.571,17.0,2.0,0,16.0,8.5,1.0,1.0,15.0,7.5,45.042,0,0,0,0,0,2.42975,0.0199393,0.0044811,0.0606869,0.00162176,True
aeeem,org::apache::lucene::search::MatchAllDocsQuery,13,2,8,5,15,0,0,0,22.0,6.0,39,0,0,0.0,5,15.0,7.0,0,0,0,0,0,0,aeeem,org::apache::lucene::search::MatchAllDocsQuery,6.0,10,6,2,163.429,52.0,46.0,0,31.0,5.2,27.0,4.6,5.0,0.6,29.2994,6,6,0,0,0,8.8814,0.228413,0.0638157,0.329159,0.108845,True
aeeem,org::apache::lucene::xmlparser::ParserException,0,1,0,0,0,0,0,0,3.0,1.0,27,0,0,0.0,1,1.0,1.0,0,0,0,0,0,0,aeeem,org::apache::lucene::xmlparser::ParserException,9.0,3,2,0,136.571,18.0,9.0,0,16.0,6.0,5.0,3.0,11.0,3.0,49.9444,1,1,0,0,0,3.66829,0.025941,0.0564034,0.206585,0.108521,True
aeeem,org::apache::lucene::benchmark::byTask::utils::Format,7,1,4,3,6,0,2,0,21.0,4.0,9,2,0,0.0,4,18.0,5.0,0,0,0,0,0,0,aeeem,org::apache::lucene::benchmark::byTask::utils::Format,11.0,4,2,1,90.5714,127.0,116.0,0,114.0,31.75,114.0,29.0,10.0,2.75,13.667,3,3,0,0,0,4.67365,0.0619516,0.0134567,0.131351,0.01787,True
aeeem,org::tartarus::snowball::ext::PorterStemmer,1,2,0,1,78,0,11,6,788.0,13.0,35,11,12,0.0,1,90.0,141.0,0,0,0,0,0,0,aeeem,org::tartarus::snowball::ext::PorterStemmer,0.0,1,1,0,6.57143,1.0,1.0,0,1.0,1.0,1.0,1.0,0.0,0.0,0.0,1,1,0,0,0,1.35264,0.000832763,0.0350566,0.101164,0.0995792,True
aeeem,org::apache::lucene::swing::models::DataStore,6,1,6,0,1,0,19,0,7.0,2.0,9,4,1,15.0,1,3.0,2.0,0,0,0,0,0,0,aeeem,org::apache::lucene::swing::models::DataStore,-3.0,3,3,0,187.0,4.0,7.0,0,2.0,1.33333,3.0,2.33333,0.0,-1.0,71.4286,1,1,0,0,0,3.85212,0.0148165,0.0552128,0.205541,0.107064,True
aeeem,org::apache::lucene::store::MockRAMDirectory,18,3,10,9,253,0,11,4,195.0,23.0,48,2,2,9.0,19,97.0,61.0,0,0,0,0,0,0,aeeem,org::apache::lucene::store::MockRAMDirectory,231.0,14,1,6,94.2857,269.0,38.0,0,89.0,19.2143,16.0,2.71429,73.0,16.5,36.2459,17,17,0,0,0,12.4762,0.194189,0.0519984,0.387965,0.134258,True
aeeem,org::apache::lucene::search::HitQueue,1,2,0,1,1,0,0,1,11.0,2.0,19,0,0,0.0,0,3.0,3.0,0,0,0,0,0,0,aeeem,org::apache::lucene::search::HitQueue,-37.0,3,3,0,368.143,20.0,57.0,0,13.0,6.66667,51.0,19.0,1.0,-12.3333,166.193,0,0,0,0,0,1.64243,0.00391152,0.00325183,0.0418737,0.00116335,True
aeeem,org::apache::lucene::misc::IndexMergeTool,3,1,0,3,0,0,0,0,22.0,1.0,9,0,0,0.0,1,11.0,3.0,0,0,0,0,0,0,aeeem,org::apache::lucene::misc::IndexMergeTool,-32.0,5,3,0,146.0,24.0,56.0,0,15.0,4.8,53.0,11.2,7.0,-6.4,6.02381,2,2,0,0,0,4.01101,0.254921,0.0603641,0.223297,0.126469,True
aeeem,org::apache::lucene::search::Filter,18,1,17,1,3,16,0,0,6.0,3.0,18,0,0,0.0,3,5.0,2.0,0,0,0,0,0,0,aeeem,org::apache::lucene::search::Filter,-16.0,6,5,0,368.143,49.0,65.0,0,26.0,8.16667,51.0,10.8333,21.0,-2.66667,247.601,1,1,0,0,0,2.81758,0.0142828,0.00959721,0.0821254,0.0215421,True
aeeem,org::apache::lucene::benchmark::byTask::tasks::OpenIndexTask,4,2,0,4,1,0,5,2,14.0,2.0,39,0,0,0.0,2,10.0,2.0,0,0,0,0,0,0,aeeem,org::apache::lucene::benchmark::byTask::tasks::OpenIndexTask,-1.0,10,3,3,90.5714,108.0,109.0,0,56.0,10.8,56.0,10.9,6.0,-0.1,21.6005,8,8,0,0,0,9.35438,0.0573069,0.0922037,3.49127,0.146405,True
aeeem,org::apache::lucene::queryParser::surround::query::TooManyBasicQueries,1,1,1,0,0,0,0,0,3.0,1.0,27,0,0,0.0,1,1.0,1.0,0,0,0,0,0,0,aeeem,org::apache::lucene::queryParser::surround::query::TooManyBasicQueries,1.0,2,2,0,170.143,7.0,6.0,0,6.0,3.5,5.0,3.0,1.0,0.5,60.2449,0,0,0,0,0,2.67407,0.00818132,0.00445684,0.0650567,0.00118519,True
aeeem,org::apache::lucene::benchmark::byTask::tasks::CloseIndexTask,5,2,1,4,6,0,1,2,18.0,4.0,39,0,0,1.0,4,11.0,5.0,0,0,0,0,0,0,aeeem,org::apache::lucene::benchmark::byTask::tasks::CloseIndexTask,11.0,4,3,1,90.5714,57.0,46.0,0,43.0,14.25,43.0,11.5,11.0,2.75,19.8697,2,2,0,0,0,4.52366,0.0189962,0.0140815,0.12928,0.0247287,True
aeeem,org::apache::lucene::search::highlight::Highlighter,29,1,17,12,105,0,7,0,280.0,15.0,9,5,1,0.0,14,86.0,46.0,0,0,0,0,0,0,aeeem,org::apache::lucene::search::highlight::Highlighter,102.0,14,7,4,191.429,208.0,106.0,0,46.0,14.8571,46.0,7.57143,41.0,7.28571,62.5446,6,6,0,0,0,12.8567,0.573647,0.114258,0.518075,0.2776,True
aeeem,org::apache::lucene::store::AlreadyClosedException,4,1,4,0,0,0,0,0,3.0,1.0,29,0,0,0.0,1,1.0,1.0,0,0,0,0,0,0,aeeem,org::apache::lucene::store::AlreadyClosedException,0.0,1,1,0,82.0,1.0,1.0,0,1.0,1.0,1.0,1.0,0.0,0.0,0.0,1,1,0,0,0,1.45269,0.00044025,0.00350248,0.0389943,0.00253864,True
aeeem,org::apache::lucene::index::FilterIndexReader,2,2,1,1,276,2,1,2,82.0,24.0,58,0,0,0.0,19,60.0,24.0,0,0,0,0,0,0,aeeem,org::apache::lucene::index::FilterIndexReader,81.0,27,9,0,259.143,245.0,164.0,1,61.0,9.07407,50.0,6.07407,49.0,3.0,99.2315,8,8,0,0,0,12.1251,0.0618058,0.0261315,0.313975,0.020353,True
aeeem,org::apache::lucene::index::SegmentWriteState,4,1,4,0,1,0,8,0,13.0,2.0,9,0,0,8.0,2,3.0,2.0,0,0,0,0,0,0,aeeem,org::apache::lucene::index::SegmentWriteState,0.0,0,0,0,0.0,0.0,0.0,0,0.0,0.0,0.0,0.0,0.0,0.0,0.0,0,0,0,0,0,0.0,0.0,0.0,0.0,0.0,True
aeeem,org::apache::lucene::search::FilteredQuery,14,2,9,5,36,0,2,0,131.0,9.0,39,0,0,2.0,8,28.0,15.0,0,0,0,0,0,0,aeeem,org::apache::lucene::search::FilteredQuery,81.0,16,8,4,233.0,150.0,69.0,0,36.0,9.375,36.0,4.3125,20.0,5.0625,116.207,7,7,0,0,0,12.5285,0.14867,0.0762108,0.435486,0.135382,True
aeeem,org::apache::lucene::misc::ChainedFilter,7,2,1,6,21,0,8,0,101.0,7.0,21,3,4,1.0,2,44.0,22.0,0,0,0,0,0,0,aeeem,org::apache::lucene::misc::ChainedFilter,0.0,5,2,1,285.143,5.0,5.0,0,1.0,1.0,1.0,1.0,0.0,0.0,41.4286,0,0,0,0,0,0.0,0.0,0.0,0.0,0.0,True
aeeem,org::apache::lucene::search::RemoteCachingWrapperFilterHelper,5,3,1,4,3,0,1,1,22.0,3.0,24,1,0,0.0,3,10.0,5.0,0,0,0,0,0,0,aeeem,org::apache::lucene::search::RemoteCachingWrapperFilterHelper,-1.0,4,2,0,78.2857,3.0,4.0,0,2.0,0.75,2.0,1.0,0.0,-0.25,28.4762,3,3,0,0,0,3.6986,0.00272334,0.0615157,0.221084,0.129997,True
aeeem,org::apache::lucene::search::spell::LuceneDictionary,4,1,2,2,1,0,2,0,7.0,2.0,10,2,0,0.0,2,4.0,2.0,0,0,0,0,0,0,aeeem,org::apache::lucene::search::spell::LuceneDictionary,0.0,1,1,0,205.143,1.0,1.0,0,1.0,1.0,1.0,1.0,0.0,0.0,0.0,0,0,0,0,0,0.0,0.0,0.0,0.0,0.0,True
aeeem,org::apache::lucene::search::payloads::PayloadHelper,4,1,1,3,1,0,6,0,21.0,2.0,9,3,0,0.0,2,16.0,2.0,0,0,0,0,0,0,aeeem,org::apache::lucene::search::payloads::PayloadHelper,0.0,2,2,0,7.0,4.0,4.0,0,3.0,2.0,3.0,2.0,0.0,0.0,2.25,2,2,0,0,0,2.65048,0.0037685,0.0834589,0.24008,0.206194,True
aeeem,org::apache::lucene::util::ScorerDocQueue,4,1,1,3,120,0,4,0,115.0,16.0,9,4,4,0.0,12,33.0,29.0,0,0,0,0,0,0,aeeem,org::apache::lucene::util::ScorerDocQueue,1.0,2,1,0,103.0,7.0,6.0,0,6.0,3.5,5.0,3.0,1.0,0.5,2.69388,1,1,0,0,0,2.86107,0.00591041,0.00557505,0.0726462,0.00187384,True
aeeem,org::apache::lucene::index::StaleReaderException,1,1,1,0,0,0,0,0,3.0,1.0,27,0,0,0.0,1,1.0,1.0,0,0,0,0,0,0,aeeem,org::apache::lucene::index::StaleReaderException,0.0,1,1,0,85.0,1.0,1.0,0,1.0,1.0,1.0,1.0,0.0,0.0,0.0,1,1,0,0,0,1.09884,0.00126433,0.00252752,0.0291281,0.00157239,True
aeeem,org::apache::lucene::analysis::cn::ChineseFilter,5,3,1,4,1,0,2,1,38.0,2.0,16,1,0,0.0,2,10.0,8.0,0,0,0,0,0,0,aeeem,org::apache::lucene::analysis::cn::ChineseFilter,0.0,4,2,0,250.143,4.0,4.0,0,1.0,1.0,1.0,1.0,0.0,0.0,2.67857,0,0,0,0,0,0.0,0.0,0.0,0.0,0.0,True
aeeem,org::apache::lucene::index::TermVectorOffsetInfo,8,1,8,0,21,0,3,0,33.0,7.0,9,2,0,0.0,7,7.0,11.0,1,0,0,0,0,1,aeeem,org::apache::lucene::index::TermVectorOffsetInfo,23.0,3,3,0,209.143,32.0,9.0,0,25.0,10.6667,5.0,3.0,22.0,7.66667,129.978,0,0,0,0,0,2.99256,0.0436665,0.00705617,0.0796972,0.00545641,True
aeeem,org::apache::lucene::benchmark::byTask::Benchmark,8,1,2,6,10,0,3,0,70.0,5.0,9,3,0,0.0,5,35.0,10.0,0,0,0,0,0,0,aeeem,org::apache::lucene::benchmark::byTask::Benchmark,44.0,7,4,0,90.5714,198.0,154.0,0,134.0,28.2857,134.0,22.0,33.0,6.28571,10.518,4,4,0,0,0,5.56724,0.053899,0.0140133,0.151014,0.0124283,True
aeeem,org::apache::lucene::analysis::standard::StandardTokenizerImpl,6,1,1,5,171,0,41,0,271.0,19.0,9,29,7,0.0,10,40.0,64.0,0,0,0,0,0,0,aeeem,org::apache::lucene::analysis::standard::StandardTokenizerImpl,75.0,6,2,0,61.0,248.0,173.0,0,135.0,41.3333,79.0,28.8333,56.0,12.5,38.905,5,5,0,0,0,6.01329,0.250767,0.0607581,0.260938,0.172092,True
aeeem,org::apache::lucene::document::DateField,7,1,2,5,21,0,1,0,40.0,7.0,9,1,1,0.0,6,24.0,12.0,0,0,0,0,0,0,aeeem,org::apache::lucene::document::DateField,-3.0,13,7,1,368.143,95.0,98.0,0,19.0,7.30769,51.0,7.53846,13.0,-0.230769,130.263,0,0,0,0,0,4.07967,0.026554,0.00682189,0.0995781,0.00145655,True
aeeem,org::apache::lucene::benchmark::byTask::programmatic::Sample,8,1,0,8,1,0,0,0,56.0,2.0,9,0,1,0.0,1,18.0,2.0,0,0,0,0,0,0,aeeem,org::apache::lucene::benchmark::byTask::programmatic::Sample,20.0,4,2,0,90.5714,122.0,102.0,0,101.0,30.5,101.0,25.5,16.0,5.0,10.959,0,0,0,0,0,3.6872,0.0346905,0.00860181,0.0980905,0.00568326,True
aeeem,org::apache::lucene::index::CheckIndex,17,1,2,15,36,0,4,0,427.0,9.0,9,3,3,1.0,6,150.0,79.0,2,0,0,0,0,1,aeeem,org::apache::lucene::index::CheckIndex,407.0,14,2,3,50.2857,699.0,292.0,0,298.0,49.9286,99.0,20.8571,232.0,29.0714,33.643,9,9,0,0,0,10.8724,0.532036,0.149002,3.64568,0.352548,True
aeeem,org::apache::lucene::index::FormatPostingsTermsConsumer,4,1,2,2,1,1,1,0,8.0,2.0,9,0,0,1.0,0,6.0,3.0,0,0,0,0,0,0,aeeem,org::apache::lucene::index::FormatPostingsTermsConsumer,0.0,0,0,0,0.0,0.0,0.0,0,0.0,0.0,0.0,0.0,0.0,0.0,0.0,0,0,0,0,0,0.0,0.0,0.0,0.0,0.0,True
aeeem,org::apache::lucene::benchmark::byTask::tasks::ReopenReaderTask,3,2,0,3,1,0,0,2,13.0,2.0,39,0,0,0.0,2,8.0,3.0,0,0,0,0,0,0,aeeem,org::apache::lucene::benchmark::byTask::tasks::ReopenReaderTask,0.0,1,1,0,4.14286,1.0,1.0,0,1.0,1.0,1.0,1.0,0.0,0.0,0.0,1,1,0,0,0,1.23854,0.000990187,0.0519223,0.145898,0.106899,True
aeeem,org::apache::lucene::index::SegmentTermEnum,7,2,2,5,66,0,15,0,132.0,12.0,24,8,0,7.0,4,44.0,26.0,0,0,0,0,0,0,aeeem,org::apache::lucene::index::SegmentTermEnum,25.0,16,7,2,368.143,164.0,139.0,0,39.0,10.25,51.0,8.6875,35.0,1.5625,174.308,6,6,0,0,0,8.26464,0.0367494,0.0385824,0.264742,0.113436,True
aeeem,org::apache::lucene::analysis::TokenStream,90,1,90,0,6,22,0,0,7.0,4.0,9,0,0,0.0,4,5.0,3.0,1,0,0,0,0,1,aeeem,org::apache::lucene::analysis::TokenStream,33.0,10,7,0,368.143,116.0,83.0,0,28.0,11.6,51.0,8.3,25.0,3.3,295.233,6,6,0,0,0,7.77801,0.0701776,0.0527829,0.280119,0.140061,True
aeeem,org::apache::lucene::analysis::nl::DutchAnalyzer,4,2,0,4,6,0,4,0,31.0,4.0,15,3,0,0.0,4,14.0,4.0,0,0,0,0,0,0,aeeem,org::apache::lucene::analysis::nl::DutchAnalyzer,0.0,4,3,0,239.143,4.0,4.0,0,1.0,1.0,1.0,1.0,0.0,0.0,8.10714,0,0,0,0,0,0.0,0.0,0.0,0.0,0.0,True
aeeem,org::apache::lucene::analysis::PorterStemmer,5,1,1,4,231,0,8,0,312.0,22.0,9,8,12,0.0,8,157.0,164.0,0,0,0,0,0,0,aeeem,org::apache::lucene::analysis::PorterStemmer,-39.0,5,5,1,368.143,133.0,172.0,0,111.0,26.6,111.0,34.4,1.0,-7.8,127.255,1,1,0,0,0,2.99922,0.00773124,0.00902615,0.0848456,0.0154708,True
aeeem,org::apache::lucene::search::PrefixTermEnum,5,3,1,4,6,0,2,0,18.0,4.0,24,2,0,0.0,2,12.0,6.0,0,0,0,0,0,0,aeeem,org::apache::lucene::search::PrefixTermEnum,0.0,0,0,0,0.0,0.0,0.0,0,0.0,0.0,0.0,0.0,0.0,0.0,0.0,0,0,0,0,0,0.0,0.0,0.0,0.0,0.0,True
aeeem,org::apache::lucene::store::je::JELock,1,2,1,0,6,0,1,3,11.0,4.0,12,0,0,1.0,4,4.0,4.0,0,0,0,0,0,0,aeeem,org::apache::lucene::store::je::JELock,0.0,3,3,0,143.857,8.0,8.0,0,6.0,2.66667,5.0,2.66667,1.0,0.0,50.5714,1,1,0,0,0,3.81886,0.0130551,0.0564659,0.209658,0.108135,True
aeeem,org::apache::lucene::queryParser::precedence::ParseException,5,1,2,3,3,0,5,0,87.0,3.0,27,0,0,3.0,2,23.0,24.0,0,0,0,0,0,0,aeeem,org::apache::lucene::queryParser::precedence::ParseException,0.0,1,1,0,187.286,1.0,1.0,0,1.0,1.0,1.0,1.0,0.0,0.0,0.0,0,0,0,0,0,1.31187,0.00868421,0.00138824,0.0288405,1.14211e-05,True
aeeem,org::apache::lucene::search::TermQuery,80,2,73,7,21,1,1,0,30.0,7.0,39,1,0,0.0,6,25.0,10.0,0,0,0,0,0,0,aeeem,org::apache::lucene::search::TermQuery,59.0,19,8,6,368.143,206.0,147.0,0,82.0,10.8421,51.0,7.73684,58.0,3.10526,103.945,3,3,0,0,0,7.5969,0.0870623,0.015019,0.1906,0.0158696,True
aeeem,org::apache::lucene::search::spans::SpanTermQuery,27,3,20,7,45,1,1,0,36.0,10.0,44,0,0,0.0,10,33.0,13.0,0,0,0,0,0,0,aeeem,org::apache::lucene::search::spans::SpanTermQuery,3.0,11,6,2,244.714,80.0,77.0,0,17.0,7.27273,62.0,7.0,16.0,0.272727,77.3893,3,3,0,0,0,10.4963,0.103477,0.0461827,0.313174,0.103685,True
aeeem,org::apache::lucene::util::English,0,1,0,0,1,0,0,0,72.0,2.0,9,0,0,0.0,2,45.0,38.0,0,0,0,0,0,0,aeeem,org::apache::lucene::util::English,-37.0,3,2,0,246.857,20.0,57.0,0,13.0,6.66667,51.0,19.0,1.0,-12.3333,50.9714,0,0,0,0,0,1.64243,0.00391152,0.00325183,0.0418737,0.00116335,True
aeeem,org::apache::lucene::index::FieldsWriter,10,1,4,6,45,0,10,0,185.0,10.0,9,4,1,0.0,0,78.0,27.0,0,0,0,0,0,0,aeeem,org::apache::lucene::index::FieldsWriter,201.0,18,5,1,368.143,439.0,238.0,1,80.0,24.3889,56.0,13.2222,57.0,11.1667,266.608,11,11,0,0,0,11.4058,0.297725,0.106372,0.471706,0.322137,True
aeeem,org::apache::lucene::document::DateTools,18,1,13,5,15,0,8,0,126.0,6.0,9,8,1,0.0,5,56.0,27.0,0,0,0,0,0,0,aeeem,org::apache::lucene::document::DateTools,59.0,7,4,1,213.429,106.0,47.0,0,76.0,15.1429,33.0,6.71429,43.0,8.42857,87.9016,2,2,0,0,0,4.70954,0.462237,0.0124595,0.127247,0.021855,True
aeeem,org::apache::lucene::analysis::ar::ArabicAnalyzer,4,2,0,4,1,0,3,0,11.0,2.0,15,1,0,0.0,2,7.0,2.0,0,0,0,0,0,0,aeeem,org::apache::lucene::analysis::ar::ArabicAnalyzer,0.0,0,0,0,0.0,0.0,0.0,0,0.0,0.0,0.0,0.0,0.0,0.0,0.0,0,0,0,0,0,0.0,0.0,0.0,0.0,0.0,True
aeeem,org::apache::lucene::benchmark::quality::trec::TrecTopicsReader,6,1,2,4,3,0,1,0,60.0,3.0,9,1,1,0.0,2,22.0,10.0,0,0,0,0,0,0,aeeem,org::apache::lucene::benchmark::quality::trec::TrecTopicsReader,0.0,1,1,0,62.7143,1.0,1.0,0,1.0,1.0,1.0,1.0,0.0,0.0,0.0,1,1,0,0,0,1.17486,0.000965682,0.00361796,0.0337529,0.00505055,True
aeeem,org::apache::lucene::analysis::SinkTokenizer,10,3,10,0,15,4,2,1,28.0,6.0,16,0,0,0.0,6,14.0,9.0,0,0,0,0,0,0,aeeem,org::apache::lucene::analysis::SinkTokenizer,48.0,7,2,0,44.8571,60.0,12.0,0,17.0,8.57143,4.0,1.71429,17.0,6.85714,19.8095,2,2,0,0,0,5.30545,0.0280864,0.0952679,0.325349,0.237195,True
aeeem,org::apache::lucene::search::FieldDocSortedHitQueue,11,2,1,10,10,0,2,1,123.0,5.0,19,0,1,2.0,0,25.0,41.0,0,0,0,0,0,0,aeeem,org::apache::lucene::search::FieldDocSortedHitQueue,51.0,14,6,2,242.143,182.0,131.0,0,47.0,13.0,90.0,9.35714,38.0,3.64286,81.5392,5,5,0,0,0,8.32875,0.319027,0.0704974,0.33686,0.139153,True
aeeem,org::apache::lucene::search::TermScorer,8,3,2,6,21,0,11,0,81.0,7.0,17,11,0,0.0,6,29.0,19.0,0,0,0,0,0,0,aeeem,org::apache::lucene::search::TermScorer,70.0,17,7,1,368.143,212.0,142.0,0,51.0,12.4706,51.0,8.35294,44.0,4.11765,124.301,0,0,0,0,0,2.64198,0.0281195,0.00502175,0.0666518,0.00155324,True
aeeem,org::apache::lucene::swing::models::TableSearcherSimulator,15,1,0,15,1,0,0,0,51.0,2.0,9,0,0,0.0,2,27.0,2.0,0,0,0,0,0,0,aeeem,org::apache::lucene::swing::models::TableSearcherSimulator,-2.0,2,2,0,187.0,2.0,4.0,0,1.0,1.0,3.0,2.0,0.0,-1.0,91.8571,1,1,0,0,0,2.55041,0.0106646,0.0533105,0.174739,0.10691,True
aeeem,org::apache::lucene::search::BooleanFilter,10,2,2,8,45,0,4,0,129.0,10.0,21,1,3,3.0,6,76.0,42.0,0,0,0,0,0,0,aeeem,org::apache::lucene::search::BooleanFilter,79.0,7,3,1,132.286,266.0,187.0,0,167.0,38.0,180.0,26.7143,39.0,11.2857,95.7089,3,3,0,0,0,8.77244,0.172816,0.0807921,0.371672,0.177843,True
aeeem,org::apache::lucene::index::DocConsumerPerThread,1,1,1,0,1,1,0,0,0.0,2.0,9,0,0,0.0,0,2.0,0.0,0,0,0,0,0,0,aeeem,org::apache::lucene::index::DocConsumerPerThread,0.0,1,1,0,11.7143,1.0,1.0,1,1.0,1.0,1.0,1.0,0.0,0.0,0.0,1,1,0,0,0,0.792859,0.00051848,0.0122672,0.0424562,0.0457934,True
aeeem,org::apache::lucene::analysis::compound::hyphenation::ByteVector,2,1,1,1,28,0,4,0,42.0,8.0,18,4,0,0.0,8,10.0,11.0,0,0,0,0,0,0,aeeem,org::apache::lucene::analysis::compound::hyphenation::ByteVector,0.0,1,1,0,20.7143,1.0,1.0,0,1.0,1.0,1.0,1.0,0.0,0.0,0.0,1,1,0,0,0,1.18716,0.00167713,0.0103756,0.0486875,0.0417474,True
aeeem,org::apache::lucene::analysis::payloads::PayloadHelper,3,1,2,1,6,0,0,0,18.0,4.0,9,0,0,0.0,4,8.0,4.0,0,0,0,0,0,0,aeeem,org::apache::lucene::analysis::payloads::PayloadHelper,0.0,1,1,0,42.2857,1.0,1.0,1,1.0,1.0,1.0,1.0,0.0,0.0,0.0,1,1,0,0,0,1.29819,0.00145294,0.00603466,0.0422975,0.0166933,True
aeeem,org::apache::lucene::search::DisjunctionMaxQuery,6,2,2,4,45,0,2,0,81.0,10.0,39,2,0,0.0,9,53.0,26.0,0,0,0,0,0,0,aeeem,org::apache::lucene::search::DisjunctionMaxQuery,10.0,9,5,3,151.0,284.0,274.0,0,257.0,31.5556,257.0,30.4444,10.0,1.11111,121.497,6,6,0,0,0,9.2521,0.179805,0.0970429,0.410565,0.24155,True
aeeem,org::apache::lucene::analysis::th::ThaiAnalyzer,3,2,1,2,1,0,0,0,7.0,2.0,15,0,0,0.0,2,6.0,1.0,0,0,0,0,0,0,aeeem,org::apache::lucene::analysis::th::ThaiAnalyzer,-1.0,2,2,0,122.286,1.0,2.0,0,1.0,0.5,1.0,1.0,0.0,-0.5,0.0,2,2,0,0,0,2.26754,0.000873984,0.0535961,0.170881,0.107142,True
aeeem,org::apache::lucene::store::IndexOutput,33,1,31,2,105,5,3,0,61.0,15.0,9,3,0,0.0,15,30.0,19.0,0,0,0,0,0,0,aeeem,org::apache::lucene::store::IndexOutput,71.0,8,4,0,210.143,95.0,24.0,0,25.0,11.875,9.0,3.0,25.0,8.875,137.215,5,5,0,0,0,7.66773,0.0545415,0.0281528,0.229457,0.0641037,True
aeeem,org::apache::lucene::queryParser::surround::query::FieldsQuery,5,2,0,5,28,0,4,1,48.0,8.0,30,4,0,0.0,7,40.0,11.0,0,0,0,0,0,0,aeeem,org::apache::lucene::queryParser::surround::query::FieldsQuery,1.0,3,3,0,170.143,10.0,9.0,0,6.0,3.33333,5.0,3.0,1.0,0.333333,91.8857,1,1,0,0,0,3.9126,0.0111519,0.0563791,0.210955,0.108084,True
aeeem,org::apache::lucene::queryParser::surround::query::AndQuery,3,3,1,2,1,0,0,1,7.0,2.0,45,0,0,0.0,2,4.0,2.0,0,0,0,0,0,0,aeeem,org::apache::lucene::queryParser::surround::query::AndQuery,1.0,2,2,0,170.143,7.0,6.0,0,6.0,3.5,5.0,3.0,1.0,0.5,60.2449,0,0,0,0,0,2.67407,0.00818132,0.00445684,0.0650567,0.00118519,True
aeeem,org::apache::lucene::analysis::ru::RussianLetterTokenizer,3,4,2,1,1,0,1,1,14.0,2.0,21,1,0,0.0,1,3.0,5.0,0,0,0,0,0,0,aeeem,org::apache::lucene::analysis::ru::RussianLetterTokenizer,0.0,1,1,0,216.286,1.0,1.0,0,1.0,1.0,1.0,1.0,0.0,0.0,0.0,0,0,0,0,0,0.0,0.0,0.0,0.0,0.0,True
aeeem,org::apache::lucene::index::MultiLevelSkipListWriter,5,1,2,3,15,1,3,0,66.0,6.0,9,3,0,0.0,0,19.0,18.0,0,0,0,0,0,0,aeeem,org::apache::lucene::index::MultiLevelSkipListWriter,0.0,2,1,0,70.8571,152.0,152.0,0,151.0,76.0,151.0,76.0,0.0,0.0,50.3806,1,1,0,0,0,2.54818,0.0628148,0.0156063,0.0895288,0.052754,True
aeeem,org::apache::lucene::search::function::IntFieldSource,5,3,1,4,10,0,1,0,43.0,5.0,31,1,0,0.0,5,13.0,8.0,0,0,0,0,0,0,aeeem,org::apache::lucene::search::function::IntFieldSource,0.0,3,2,0,70.1429,3.0,3.0,0,1.0,1.0,1.0,1.0,0.0,0.0,12.1429,3,3,0,0,0,3.87796,0.00552515,0.0135441,0.115313,0.0256072,True
aeeem,org::apache::lucene::index::SerialMergeScheduler,7,2,6,1,3,1,0,0,10.0,3.0,11,0,0,0.0,3,5.0,4.0,0,0,0,0,0,0,aeeem,org::apache::lucene::index::SerialMergeScheduler,-1.0,3,1,0,55.1429,2.0,3.0,0,1.0,0.666667,1.0,1.0,0.0,-0.333333,3.64286,5,5,0,0,0,2.69376,0.00247675,0.0103373,0.0825889,0.0220653,True
aeeem,org::apache::lucene::analysis::standard::StandardFilter,12,3,10,2,1,0,2,1,32.0,2.0,16,2,0,0.0,2,8.0,11.0,0,0,0,0,0,0,aeeem,org::apache::lucene::analysis::standard::StandardFilter,-36.0,7,4,0,368.143,56.0,92.0,0,19.0,8.0,51.0,13.1429,1.0,-5.14286,262.199,3,3,0,0,0,4.2341,0.0461104,0.0385326,0.170244,0.106043,True
aeeem,org::apache::lucene::benchmark::byTask::tasks::SearchTask,2,3,1,2,15,1,0,2,18.0,6.0,55,0,0,0.0,6,8.0,6.0,0,0,0,0,0,0,aeeem,org::apache::lucene::benchmark::byTask::tasks::SearchTask,3.0,4,3,0,90.5714,60.0,57.0,0,55.0,15.0,55.0,14.25,3.0,0.75,10.9262,1,1,0,0,0,3.28866,0.0174289,0.00774168,0.0876976,0.00527147,True
aeeem,org::apache::lucene::util::SmallFloat,3,1,2,1,15,0,0,0,62.0,6.0,9,0,0,0.0,6,12.0,18.0,0,0,0,0,0,0,aeeem,org::apache::lucene::util::SmallFloat,-1.0,4,3,0,150.571,127.0,128.0,0,125.0,31.75,125.0,32.0,0.0,-0.25,128.382,1,1,0,0,0,4.48422,0.0577354,0.0666167,0.245484,0.156069,True
aeeem,org::apache::lucene::store::je::JEIndexOutput,4,2,1,3,28,0,8,0,83.0,8.0,24,0,0,0.0,7,34.0,16.0,0,0,0,0,0,0,aeeem,org::apache::lucene::store::je::JEIndexOutput,-1.0,4,4,0,143.857,9.0,10.0,0,6.0,2.25,5.0,2.5,1.0,-0.25,51.8413,2,2,0,0,0,5.27155,0.0137155,0.0599683,0.248653,0.110674,True
aeeem,org::apache::lucene::analysis::LowerCaseFilter,14,3,11,3,1,0,0,1,17.0,2.0,16,0,0,0.0,2,6.0,4.0,0,0,0,0,0,0,aeeem,org::apache::lucene::analysis::LowerCaseFilter,-28.0,7,5,0,368.143,45.0,73.0,0,13.0,6.42857,51.0,10.4286,5.0,-4.0,210.289,2,2,0,0,0,4.2341,0.0208684,0.0385326,0.170244,0.106043,True
aeeem,org::apache::lucene::queryParser::surround::query::ExceptionQueryTst,6,1,2,4,3,0,2,0,34.0,3.0,9,2,0,0.0,3,14.0,7.0,0,0,0,0,0,0,aeeem,org::apache::lucene::queryParser::surround::query::ExceptionQueryTst,18.0,2,2,0,151.143,21.0,3.0,0,18.0,10.5,3.0,1.5,18.0,9.0,69.9184,2,2,0,0,0,2.74289,0.0376558,0.00562364,0.0699285,0.004366,True
aeeem,org::apache::lucene::demo::html::Token,2,1,2,0,3,0,8,0,9.0,3.0,9,0,0,8.0,3,4.0,2.0,0,0,0,0,0,0,aeeem,org::apache::lucene::demo::html::Token,0.0,1,1,0,264.857,1.0,1.0,0,1.0,1.0,1.0,1.0,0.0,0.0,0.0,0,0,0,0,0,0.0,0.0,0.0,0.0,0.0,True
aeeem,org::apache::lucene::store::db::DbIndexInput,6,2,1,5,28,0,5,0,92.0,8.0,33,0,0,0.0,7,34.0,16.0,0,0,0,0,0,0,aeeem,org::apache::lucene::store::db::DbIndexInput,0.0,2,1,0,179.286,2.0,2.0,0,1.0,1.0,1.0,1.0,0.0,0.0,15.2143,0,0,0,0,0,2.56045,0.00833997,0.00309243,0.0579449,8.74499e-05,True
aeeem,org::apache::lucene::benchmark::byTask::feeds::DocData,5,1,5,0,55,0,5,0,37.0,11.0,9,5,0,0.0,11,11.0,11.0,0,0,0,0,0,0,aeeem,org::apache::lucene::benchmark::byTask::feeds::DocData,0.0,1,1,0,80.2857,1.0,1.0,0,1.0,1.0,1.0,1.0,0.0,0.0,0.0,1,1,0,0,0,1.48053,0.000280668,0.00365544,0.0399966,0.00285194,True
aeeem,org::apache::lucene::search::spans::SpanNearQuery,24,3,17,9,78,0,4,0,113.0,13.0,44,4,0,0.0,13,65.0,33.0,0,0,0,0,0,0,aeeem,org::apache::lucene::search::spans::SpanNearQuery,84.0,11,7,1,244.714,107.0,23.0,0,23.0,9.72727,5.0,2.09091,23.0,7.63636,88.3137,3,3,0,0,0,9.72561,0.327863,0.0439444,0.291386,0.101251,True
aeeem,org::apache::lucene::queryParser::surround::parser::Token,2,1,2,0,3,0,8,0,9.0,3.0,9,0,0,8.0,3,4.0,2.0,0,0,0,0,0,0,aeeem,org::apache::lucene::queryParser::surround::parser::Token,0.0,1,1,0,170.143,1.0,1.0,0,1.0,1.0,1.0,1.0,0.0,0.0,0.0,0,0,0,0,0,1.03163,0.0042698,0.00120501,0.023183,2.18418e-05,True
aeeem,org::apache::lucene::benchmark::byTask::tasks::PerfTask,43,1,37,6,210,20,7,0,93.0,21.0,18,5,0,0.0,15,54.0,31.0,0,0,0,0,0,0,aeeem,org::apache::lucene::benchmark::byTask::tasks::PerfTask,33.0,6,4,1,90.5714,284.0,251.0,0,230.0,47.3333,230.0,41.8333,20.0,5.5,14.1177,3,3,0,0,0,5.70339,0.0798064,0.0178256,0.163469,0.0303132,True
aeeem,org::apache::lucene::benchmark::byTask::feeds::BasicDocMaker,17,1,6,11,136,5,20,0,177.0,17.0,19,9,3,0.0,9,115.0,55.0,0,0,0,0,0,0,aeeem,org::apache::lucene::benchmark::byTask::feeds::BasicDocMaker,54.0,10,4,2,86.2857,422.0,368.0,0,309.0,42.2,309.0,36.8,19.0,5.4,8.87339,6,6,0,0,0,6.29405,0.124537,0.0672753,0.289447,0.131668,True
aeeem,org::apache::lucene::search::regex::JavaUtilRegexCapabilities,3,1,0,3,10,0,1,0,22.0,5.0,12,1,0,0.0,5,12.0,11.0,0,0,0,0,0,0,aeeem,org::apache::lucene::search::regex::JavaUtilRegexCapabilities,39.0,4,2,0,145.0,45.0,6.0,1,23.0,11.25,5.0,1.5,23.0,9.75,10.4,0,0,0,0,0,4.11562,0.0645639,0.00674772,0.0999354,0.00140016,True
aeeem,org::apache::lucene::search::SimilarityDelegator,3,2,2,1,36,0,1,0,27.0,9.0,31,1,0,0.0,9,17.0,9.0,0,0,0,0,0,0,aeeem,org::apache::lucene::search::SimilarityDelegator,4.0,5,5,1,187.286,12.0,8.0,0,6.0,2.4,5.0,1.6,3.0,0.8,82.5595,1,1,0,0,0,4.30098,0.0172787,0.0113271,0.11495,0.0228795,True
aeeem,org::apache::lucene::search::FuzzyQuery,16,3,3,13,36,0,4,2,88.0,9.0,49,2,0,0.0,8,44.0,21.0,0,0,0,0,0,0,aeeem,org::apache::lucene::search::FuzzyQuery,130.0,17,8,1,368.143,237.0,107.0,0,75.0,13.9412,51.0,6.29412,68.0,7.64706,170.596,2,2,0,0,0,7.22218,0.0810278,0.0147719,0.182153,0.0183529,True
aeeem,org::apache::lucene::xmlparser::builders::BoostingQueryBuilder,5,1,1,4,1,0,2,0,20.0,2.0,10,1,0,1.0,2,8.0,2.0,0,0,0,0,0,0,aeeem,org::apache::lucene::xmlparser::builders::BoostingQueryBuilder,-1.0,3,1,0,136.571,28.0,29.0,0,16.0,9.33333,27.0,9.66667,15.0,-0.333333,27.5714,0,0,0,0,0,2.99495,0.0514942,0.00530023,0.0740352,0.00168471,True
aeeem,org::apache::lucene::search::SpanFilter,1,2,1,0,0,2,0,0,0.0,1.0,21,0,0,0.0,1,1.0,0.0,0,0,0,0,0,0,aeeem,org::apache::lucene::search::SpanFilter,0.0,2,2,0,64.0,2.0,2.0,0,1.0,1.0,1.0,1.0,0.0,0.0,14.2143,2,2,0,0,0,2.35,0.0016348,0.00996333,0.0740046,0.0254293,True
aeeem,org::apache::lucene::store::instantiated::InstantiatedTermPositionVector,3,2,1,2,3,0,1,0,9.0,3.0,50,1,0,0.0,3,9.0,3.0,0,0,0,0,0,0,aeeem,org::apache::lucene::store::instantiated::InstantiatedTermPositionVector,0.0,1,1,0,29.8571,1.0,1.0,0,1.0,1.0,1.0,1.0,0.0,0.0,0.0,1,1,0,0,0,0.60098,0.00038181,0.00388466,0.0219358,0.0141336,True
aeeem,org::apache::lucene::store::MockRAMOutputStream,3,3,1,3,10,0,3,1,61.0,5.0,35,2,0,1.0,5,19.0,15.0,0,0,0,0,0,0,aeeem,org::apache::lucene::store::MockRAMOutputStream,18.0,7,2,2,94.2857,28.0,10.0,0,10.0,4.0,3.0,1.42857,7.0,2.57143,34.0,9,9,0,0,0,6.71691,0.0166888,0.0240711,0.199952,0.0523294,True
aeeem,org::apache::lucene::benchmark::byTask::tasks::ResetSystemSoftTask,2,3,0,2,1,1,0,2,7.0,2.0,42,0,0,0.0,2,4.0,2.0,0,0,0,0,0,0,aeeem,org::apache::lucene::benchmark::byTask::tasks::ResetSystemSoftTask,-8.0,4,3,0,90.5714,52.0,60.0,0,49.0,13.0,49.0,15.0,0.0,-2.0,11.5,2,2,0,0,0,4.08464,0.0173194,0.0105405,0.111471,0.0103927,True
aeeem,org::apache::lucene::index::IndexCommit,19,1,15,4,66,3,0,0,31.0,12.0,12,0,0,0.0,12,28.0,11.0,0,0,0,0,0,0,aeeem,org::apache::lucene::index::IndexCommit,31.0,7,1,1,30.8571,35.0,4.0,0,13.0,5.0,2.0,0.571429,13.0,4.42857,17.4653,6,6,0,0,0,4.73438,0.0172413,0.070693,0.251368,0.231857,True
aeeem,org::apache::lucene::analysis::compound::hyphenation::Hyphenation,2,1,2,0,3,0,2,0,9.0,3.0,9,2,0,0.0,2,3.0,3.0,0,0,0,0,0,0,aeeem,org::apache::lucene::analysis::compound::hyphenation::Hyphenation,0.0,1,1,0,20.7143,1.0,1.0,0,1.0,1.0,1.0,1.0,0.0,0.0,0.0,1,1,0,0,0,1.18716,0.00167713,0.0103756,0.0486875,0.0417474,True
aeeem,org::apache::lucene::search::similar::SimilarityQueries,5,1,0,5,1,0,0,0,28.0,2.0,9,0,1,0.0,1,14.0,6.0,0,0,0,0,0,0,aeeem,org::apache::lucene::search::similar::SimilarityQueries,0.0,1,1,0,194.286,1.0,1.0,0,1.0,1.0,1.0,1.0,0.0,0.0,0.0,0,0,0,0,0,1.43177,0.0129918,0.00146826,0.0312605,9.22005e-06,True
aeeem,org::apache::lucene::analysis::SimpleAnalyzer,47,2,44,3,3,0,0,0,12.0,3.0,15,0,0,0.0,3,8.0,3.0,0,0,0,0,0,0,aeeem,org::apache::lucene::analysis::SimpleAnalyzer,-26.0,5,4,0,368.143,32.0,58.0,0,13.0,6.4,51.0,11.6,11.0,-5.2,211.545,1,1,0,0,0,2.82217,0.0115276,0.00699591,0.0760623,0.0067478,True
aeeem,org::apache::lucene::benchmark::byTask::feeds::DirDocMaker,9,2,0,9,10,0,4,11,66.0,5.0,33,0,0,0.0,3,41.0,11.0,0,0,0,0,0,0,aeeem,org::apache::lucene::benchmark::byTask::feeds::DirDocMaker,13.0,4,3,0,66.4286,24.0,11.0,0,15.0,6.0,5.0,2.75,10.0,3.25,11.1429,3,3,0,0,0,4.23089,0.0157352,0.017526,0.132413,0.0431241,True
aeeem,org::apache::lucene::search::regex::SpanRegexQuery,15,3,2,13,66,0,2,0,73.0,12.0,46,2,0,0.0,12,41.0,18.0,0,0,0,0,0,0,aeeem,org::apache::lucene::search::regex::SpanRegexQuery,0.0,4,2,1,151.571,4.0,4.0,0,1.0,1.0,1.0,1.0,0.0,0.0,3.39286,1,1,0,0,0,3.1498,0.0172968,0.0041937,0.0729263,0.000191932,True
aeeem,org::apache::lucene::benchmark::byTask::feeds::SimpleQueryMaker,3,2,0,3,0,1,0,3,24.0,1.0,23,0,0,0.0,0,14.0,1.0,0,0,0,0,0,0,aeeem,org::apache::lucene::benchmark::byTask::feeds::SimpleQueryMaker,-45.0,5,4,0,90.5714,73.0,118.0,0,63.0,14.6,63.0,23.6,0.0,-9.0,11.6536,2,2,0,0,0,4.46352,0.0269716,0.0113596,0.12145,0.010322,True
aeeem,org::apache::lucene::index::TermVectorsTermsWriterPerField,10,2,2,10,36,0,10,0,186.0,9.0,15,0,0,10.0,2,43.0,31.0,0,0,0,0,0,0,aeeem,org::apache::lucene::index::TermVectorsTermsWriterPerField,4.0,2,1,0,11.7143,5.0,1.0,1,4.0,2.5,1.0,0.5,4.0,2.0,2.05714,2,2,0,0,0,1.54522,0.00137637,0.0273145,0.0891453,0.0962259,True
aeeem,org::apache::lucene::benchmark::byTask::tasks::CommitIndexTask,2,2,0,2,1,0,0,2,11.0,2.0,39,0,0,0.0,2,5.0,3.0,0,0,0,0,0,0,aeeem,org::apache::lucene::benchmark::byTask::tasks::CommitIndexTask,0.0,1,1,0,4.14286,1.0,1.0,0,1.0,1.0,1.0,1.0,0.0,0.0,0.0,1,1,0,0,0,1.23854,0.000990187,0.0519223,0.145898,0.106899,True
aeeem,org::apache::lucene::benchmark::byTask::tasks::SearchTravRetHighlightTask,8,4,0,8,28,1,4,3,55.0,8.0,64,0,0,0.0,7,41.0,18.0,0,0,0,0,0,0,aeeem,org::apache::lucene::benchmark::byTask::tasks::SearchTravRetHighlightTask,0.0,1,1,1,36.8571,1.0,1.0,0,1.0,1.0,1.0,1.0,0.0,0.0,0.0,1,1,0,0,0,1.23499,0.000798332,0.00633986,0.0415823,0.0194572,True
aeeem,org::apache::lucene::search::highlight::QueryScorer,3,1,1,2,15,0,5,0,45.0,6.0,12,1,0,4.0,6,18.0,11.0,0,0,0,0,0,0,aeeem,org::apache::lucene::search::highlight::QueryScorer,0.0,1,1,0,234.714,1.0,1.0,0,1.0,1.0,1.0,1.0,0.0,0.0,0.0,0,0,0,0,0,0.0,0.0,0.0,0.0,0.0,True
aeeem,org::apache::lucene::queryParser::FastCharStream,3,1,1,2,91,0,6,0,75.0,14.0,21,0,1,6.0,13,24.0,19.0,0,0,0,0,0,0,aeeem,org::apache::lucene::queryParser::FastCharStream,-37.0,4,4,1,361.857,22.0,59.0,0,13.0,5.5,51.0,14.75,1.0,-9.25,150.474,0,0,0,0,0,1.64243,0.00391152,0.00325183,0.0418737,0.00116335,True
aeeem,org::apache::lucene::benchmark::standard::StandardOptions,1,1,1,0,28,0,4,0,24.0,8.0,9,4,0,0.0,8,8.0,8.0,0,0,0,0,0,0,aeeem,org::apache::lucene::benchmark::standard::StandardOptions,-8.0,5,3,0,99.0,3.0,11.0,0,1.0,0.6,6.0,2.2,0.0,-1.6,19.619,0,0,0,0,0,5.25817,0.0125676,0.0131499,0.142268,0.0119555,True
aeeem,org::apache::lucene::search::function::FieldCacheSource,5,2,4,1,28,4,1,0,23.0,8.0,23,1,0,0.0,8,13.0,7.0,0,0,0,0,0,0,aeeem,org::apache::lucene::search::function::FieldCacheSource,-4.0,3,2,1,70.1429,3.0,7.0,0,1.0,1.0,4.0,2.33333,0.0,-1.33333,28.9048,3,3,0,0,0,3.78532,0.0134348,0.0604282,0.220687,0.121571,True
aeeem,org::apache::lucene::search::CachingWrapperFilter,6,2,4,2,15,2,2,0,54.0,6.0,21,0,0,0.0,6,16.0,11.0,1,0,0,0,0,1,aeeem,org::apache::lucene::search::CachingWrapperFilter,0.0,11,6,0,264.143,69.0,69.0,0,25.0,6.27273,51.0,6.27273,25.0,0.0,136.253,4,4,0,0,0,6.91215,0.0463653,0.0162734,0.180807,0.0243563,True
aeeem,org::apache::lucene::search::RangeQuery,12,3,5,7,105,1,6,2,85.0,15.0,49,6,1,0.0,13,49.0,54.0,1,0,0,0,0,1,aeeem,org::apache::lucene::search::RangeQuery,31.0,25,10,4,367.143,319.0,288.0,0,104.0,12.76,92.0,11.52,75.0,1.24,202.125,3,3,0,0,0,13.4571,0.185802,0.0993444,0.494687,0.210123,True
aeeem,org::apache::lucene::analysis::sinks::TokenRangeSinkTokenizer,1,4,0,1,3,0,3,3,14.0,3.0,22,3,0,0.0,3,4.0,5.0,0,0,0,0,0,0,aeeem,org::apache::lucene::analysis::sinks::TokenRangeSinkTokenizer,0.0,1,1,0,43.7143,1.0,1.0,0,1.0,1.0,1.0,1.0,0.0,0.0,0.0,1,1,0,0,0,1.3481,0.00130077,0.00599567,0.0433004,0.0157297,True
aeeem,org::apache::lucene::index::CompoundFileWriter,11,1,4,7,15,0,6,0,147.0,6.0,9,6,1,0.0,4,52.0,22.0,0,0,0,0,0,0,aeeem,org::apache::lucene::index::CompoundFileWriter,46.0,15,7,3,262.857,192.0,146.0,0,117.0,12.8,60.0,9.73333,57.0,3.06667,46.6734,5,5,0,0,0,9.12701,0.0427676,0.0607724,0.32498,0.144619,True
aeeem,org::apache::lucene::benchmark::standard::StandardBenchmarker,26,2,0,26,45,0,3,0,319.0,10.0,12,1,0,0.0,4,165.0,58.0,0,0,0,0,0,0,aeeem,org::apache::lucene::benchmark::standard::StandardBenchmarker,-7.0,8,4,0,99.0,17.0,24.0,0,6.0,2.125,15.0,3.0,2.0,-0.875,40.521,4,4,0,0,0,6.47189,0.0207855,0.0671365,0.292414,0.131498,True
aeeem,org::apache::lucene::queryParser::surround::query::SrndBooleanQuery,4,1,3,1,1,0,0,0,13.0,2.0,9,0,0,0.0,2,12.0,4.0,0,0,0,0,0,0,aeeem,org::apache::lucene::queryParser::surround::query::SrndBooleanQuery,1.0,2,2,0,170.143,7.0,6.0,0,6.0,3.5,5.0,3.0,1.0,0.5,60.2449,0,0,0,0,0,2.67407,0.00818132,0.00445684,0.0650567,0.00118519,True
aeeem,org::apache::lucene::analysis::snowball::SnowballFilter,8,3,2,6,1,0,1,1,23.0,2.0,16,1,0,0.0,2,13.0,4.0,0,0,0,0,0,0,aeeem,org::apache::lucene::analysis::snowball::SnowballFilter,0.0,7,2,1,302.714,7.0,7.0,0,1.0,1.0,1.0,1.0,0.0,0.0,31.3061,0,0,0,0,0,0.0,0.0,0.0,0.0,0.0,True
aeeem,org::apache::lucene::index::FieldInfo,1,1,1,0,3,0,9,0,38.0,3.0,9,0,0,9.0,1,4.0,10.0,1,0,0,0,0,1,aeeem,org::apache::lucene::index::FieldInfo,35.0,10,6,0,368.143,100.0,65.0,1,43.0,10.0,51.0,6.5,43.0,3.5,283.449,5,5,0,0,0,7.31651,0.0320039,0.039384,0.237557,0.10427,True
aeeem,org::apache::lucene::search::Hits,39,1,31,9,55,0,14,0,141.0,11.0,9,13,5,1.0,5,42.0,32.0,0,0,0,0,0,0,aeeem,org::apache::lucene::search::Hits,88.0,22,10,4,368.143,403.0,315.0,0,136.0,18.3182,125.0,14.3182,56.0,4.0,160.563,4,4,0,0,0,9.64939,0.10328,0.030807,0.271163,0.07131,True
aeeem,org::apache::lucene::search::spell::JaroWinklerDistance,2,1,1,1,10,0,1,0,73.0,5.0,10,1,1,0.0,4,25.0,19.0,0,0,0,0,0,0,aeeem,org::apache::lucene::search::spell::JaroWinklerDistance,0.0,1,1,0,16.0,1.0,1.0,0,1.0,1.0,1.0,1.0,0.0,0.0,0.0,1,1,0,0,0,0.938338,0.0048406,0.0111861,0.0440916,0.0447485,True
aeeem,org::apache::lucene::search::FieldSortedHitQueue,10,2,1,9,153,0,4,1,265.0,18.0,19,0,1,0.0,4,73.0,33.0,0,0,0,0,0,0,aeeem,org::apache::lucene::search::FieldSortedHitQueue,296.0,29,10,6,244.714,799.0,503.0,1,257.0,27.5517,286.0,17.3448,96.0,10.2069,59.3216,10,10,0,0,0,17.2681,0.399622,0.0912739,0.569637,0.171246,True
aeeem,org::apache::lucene::util::cache::SimpleLRUCache,3,3,2,1,0,0,2,1,11.0,1.0,22,2,0,0.0,1,3.0,1.0,0,0,0,0,0,0,aeeem,org::apache::lucene::util::cache::SimpleLRUCache,0.0,1,1,0,19.7143,1.0,1.0,0,1.0,1.0,1.0,1.0,0.0,0.0,0.0,1,1,0,0,0,1.26735,0.000398813,0.0120944,0.0539188,0.0490618,True
aeeem,org::apache::lucene::search::RangeTermEnum,6,3,1,5,6,0,7,0,75.0,4.0,24,7,0,0.0,2,15.0,26.0,1,0,0,0,0,1,aeeem,org::apache::lucene::search::RangeTermEnum,0.0,0,0,0,0.0,0.0,0.0,0,0.0,0.0,0.0,0.0,0.0,0.0,0.0,0,0,0,0,0,0.0,0.0,0.0,0.0,0.0,True
aeeem,org::apache::lucene::analysis::StopFilter,21,3,19,2,21,0,3,1,36.0,7.0,16,3,0,0.0,7,17.0,10.0,0,0,0,0,0,0,aeeem,org::apache::lucene::analysis::StopFilter,74.0,21,7,0,368.143,320.0,246.0,1,75.0,15.2381,51.0,11.7143,59.0,3.52381,224.254,6,6,0,0,0,11.0402,0.307877,0.0634577,0.371815,0.170339,True
aeeem,org::apache::lucene::index::PositionBasedTermVectorMapper,2,2,1,1,10,0,4,0,35.0,5.0,15,4,0,0.0,5,14.0,10.0,0,0,0,0,0,0,aeeem,org::apache::lucene::index::PositionBasedTermVectorMapper,0.0,2,2,0,60.0,2.0,2.0,0,1.0,1.0,1.0,1.0,0.0,0.0,2.42857,4,4,0,0,0,1.76352,0.00506796,0.00596275,0.052058,0.0101467,True
aeeem,org::apache::lucene::store::ChecksumIndexOutput,4,2,1,3,55,0,2,0,45.0,11.0,24,0,0,2.0,11,29.0,11.0,0,0,0,0,0,0,aeeem,org::apache::lucene::store::ChecksumIndexOutput,24.0,2,1,0,34.2857,25.0,1.0,0,24.0,12.5,1.0,0.5,24.0,12.0,11.6571,2,2,0,0,0,2.31429,0.0219407,0.0168265,0.0880797,0.0634498,True
aeeem,org::apache::lucene::misc::LengthNormModifier,12,1,1,11,3,0,2,0,77.0,3.0,9,2,0,0.0,3,42.0,15.0,0,0,0,0,0,0,aeeem,org::apache::lucene::misc::LengthNormModifier,-4.0,6,4,0,123.857,132.0,136.0,0,123.0,22.0,123.0,22.6667,0.0,-0.666667,28.4307,2,2,0,0,0,4.43735,0.117002,0.0379541,0.172472,0.103124,True
aeeem,org::apache::lucene::benchmark::byTask::tasks::OptimizeTask,3,2,0,3,6,0,1,2,16.0,4.0,39,0,0,1.0,4,10.0,4.0,0,0,0,0,0,0,aeeem,org::apache::lucene::benchmark::byTask::tasks::OptimizeTask,10.0,4,3,1,90.5714,52.0,42.0,0,39.0,13.0,39.0,10.5,10.0,2.5,19.8901,2,2,0,0,0,4.52366,0.0174744,0.0140815,0.12928,0.0247287,True
aeeem,org::apache::lucene::xmlparser::QueryTemplateManager,14,1,2,12,21,0,4,0,50.0,7.0,9,0,0,4.0,7,36.0,10.0,0,0,0,0,0,0,aeeem,org::apache::lucene::xmlparser::QueryTemplateManager,109.0,4,2,0,88.8571,130.0,21.0,0,112.0,32.5,17.0,5.25,95.0,27.25,1.90659,1,1,0,0,0,3.03811,0.11059,0.0559182,0.193159,0.109104,True
aeeem,org::apache::lucene::demo::FileDocument,6,1,3,3,1,0,0,0,26.0,2.0,9,0,1,0.0,1,10.0,2.0,0,0,0,0,0,0,aeeem,org::apache::lucene::demo::FileDocument,-40.0,9,5,1,349.571,47.0,87.0,0,13.0,5.22222,51.0,9.66667,1.0,-4.44444,149.696,1,1,0,0,0,2.88097,0.0058919,0.0551741,0.187772,0.108062,True
aeeem,org::tartarus::snowball::ext::German2Stemmer,1,2,0,1,28,0,12,6,644.0,8.0,35,12,7,0.0,1,63.0,116.0,0,0,0,0,0,0,aeeem,org::tartarus::snowball::ext::German2Stemmer,0.0,1,1,0,6.57143,1.0,1.0,0,1.0,1.0,1.0,1.0,0.0,0.0,0.0,1,1,0,0,0,1.35264,0.000832763,0.0350566,0.101164,0.0995792,True
aeeem,org::apache::lucene::index::DocHelper,10,1,7,3,6,0,56,0,21.0,4.0,9,0,1,27.0,3,15.0,5.0,0,0,0,0,0,0,aeeem,org::apache::lucene::index::DocHelper,88.0,15,7,3,241.714,231.0,143.0,0,71.0,15.4,34.0,9.53333,65.0,5.86667,111.39,6,6,0,0,0,11.4214,0.369933,0.0753887,0.411395,0.139189,True
aeeem,org::apache::lucene::search::TopDocCollector,5,2,2,3,6,1,3,0,32.0,4.0,11,1,0,0.0,3,10.0,9.0,0,0,0,0,0,0,aeeem,org::apache::lucene::search::TopDocCollector,14.0,7,6,1,144.286,38.0,24.0,0,17.0,5.42857,7.0,3.42857,13.0,2.0,107.947,3,3,0,0,0,6.78032,0.064671,0.0805721,0.323633,0.173886,True
aeeem,org::apache::lucene::index::MultiSegmentReader,14,3,2,12,435,1,7,5,300.0,30.0,78,6,2,0.0,16,124.0,75.0,1,0,0,0,0,1,aeeem,org::apache::lucene::index::MultiSegmentReader,178.0,7,3,2,62.8571,692.0,514.0,1,475.0,98.8571,475.0,73.4286,133.0,25.4286,11.8214,6,6,0,0,0,5.96254,0.289126,0.0817368,0.31309,0.187653,True
aeeem,org::apache::lucene::search::QueryWrapperFilter,10,2,5,5,15,0,1,0,32.0,6.0,21,1,0,0.0,6,16.0,7.0,0,0,0,0,0,0,aeeem,org::apache::lucene::search::QueryWrapperFilter,15.0,3,2,0,78.1429,16.0,1.0,0,15.0,5.33333,1.0,0.333333,15.0,5.0,39.9107,2,2,0,0,0,2.46006,0.00590838,0.00959337,0.0751859,0.0230982,True
aeeem,org::apache::lucene::search::function::DocValues,12,1,9,3,78,1,4,0,52.0,13.0,9,4,1,0.0,11,28.0,12.0,0,0,0,0,0,0,aeeem,org::apache::lucene::search::function::DocValues,-6.0,3,2,0,70.1429,15.0,21.0,0,13.0,5.0,19.0,7.0,0.0,-2.0,24.1429,3,3,0,0,0,3.87796,0.0250367,0.0135441,0.115313,0.0256072,True
aeeem,org::apache::lucene::index::DocFieldConsumerPerThread,3,1,3,0,6,3,0,0,0.0,4.0,9,0,0,0.0,0,4.0,0.0,0,0,0,0,0,0,aeeem,org::apache::lucene::index::DocFieldConsumerPerThread,0.0,1,1,0,11.7143,1.0,1.0,1,1.0,1.0,1.0,1.0,0.0,0.0,0.0,1,1,0,0,0,0.792859,0.00051848,0.0122672,0.0424562,0.0457934,True
aeeem,org::apache::lucene::analysis::KeywordTokenizer,2,3,0,2,3,0,2,1,30.0,3.0,16,2,0,0.0,3,11.0,7.0,0,0,0,0,0,0,aeeem,org::apache::lucene::analysis::KeywordTokenizer,11.0,4,2,0,190.714,21.0,10.0,0,11.0,5.25,8.0,2.5,8.0,2.75,5.98639,0,0,0,0,0,2.61865,0.0879209,0.00280624,0.0577254,2.65708e-05,True
aeeem,org::apache::lucene::queryParser::precedence::TokenMgrError,5,1,2,3,6,0,5,0,57.0,4.0,27,0,0,1.0,2,26.0,17.0,0,0,0,0,0,0,aeeem,org::apache::lucene::queryParser::precedence::TokenMgrError,0.0,1,1,0,187.286,1.0,1.0,0,1.0,1.0,1.0,1.0,0.0,0.0,0.0,0,0,0,0,0,1.31187,0.00868421,0.00138824,0.0288405,1.14211e-05,True
aeeem,org::apache::lucene::analysis::ngram::EdgeNGramTokenizer,4,3,1,3,1,0,10,1,34.0,2.0,16,7,0,0.0,2,10.0,6.0,0,0,0,0,0,0,aeeem,org::apache::lucene::analysis::ngram::EdgeNGramTokenizer,53.0,6,3,0,93.7143,107.0,54.0,0,84.0,17.8333,36.0,9.0,48.0,8.83333,19.0921,3,3,0,0,0,5.37625,0.0687913,0.0429417,0.204598,0.117724,True
aeeem,org::apache::lucene::search::similar::MoreLikeThisQuery,4,2,1,3,171,0,8,0,74.0,19.0,39,3,0,5.0,19,31.0,20.0,0,0,0,0,0,0,aeeem,org::apache::lucene::search::similar::MoreLikeThisQuery,41.0,6,4,0,136.571,44.0,3.0,0,17.0,7.33333,1.0,0.5,17.0,6.83333,53.5227,3,3,0,0,0,5.69695,0.0806006,0.0616937,0.261994,0.114258,True
aeeem,org::apache::lucene::search::highlight::SimpleHTMLFormatter,8,1,6,2,1,0,2,0,16.0,2.0,10,0,0,2.0,2,6.0,3.0,0,0,0,0,0,0,aeeem,org::apache::lucene::search::highlight::SimpleHTMLFormatter,0.0,2,2,0,234.714,2.0,2.0,0,1.0,1.0,1.0,1.0,0.0,0.0,7.71429,0,0,0,0,0,0.0,0.0,0.0,0.0,0.0,True
aeeem,org::apache::lucene::index::FormatPostingsFieldsWriter,6,2,2,4,3,0,7,0,35.0,3.0,11,0,0,7.0,1,11.0,3.0,0,0,0,0,0,0,aeeem,org::apache::lucene::index::FormatPostingsFieldsWriter,0.0,0,0,0,0.0,0.0,0.0,0,0.0,0.0,0.0,0.0,0.0,0.0,0.0,0,0,0,0,0,0.0,0.0,0.0,0.0,0.0,True
aeeem,org::apache::lucene::store::NoLockFactory,3,2,3,0,6,0,2,1,7.0,4.0,13,2,0,0.0,4,4.0,3.0,0,0,0,0,0,0,aeeem,org::apache::lucene::store::NoLockFactory,1.0,3,2,1,110.143,8.0,7.0,0,6.0,2.66667,5.0,2.33333,1.0,0.333333,10.1607,2,2,0,0,0,3.64676,0.00834589,0.00728374,0.0931516,0.00280479,True
aeeem,org::apache::lucene::search::FilterClause,3,1,3,0,3,0,2,0,10.0,3.0,18,0,0,2.0,3,3.0,3.0,0,0,0,0,0,0,aeeem,org::apache::lucene::search::FilterClause,16.0,3,3,0,132.286,18.0,2.0,0,17.0,6.0,1.0,0.666667,17.0,5.33333,59.2302,2,2,0,0,0,3.90708,0.0293379,0.0577081,0.215128,0.11138,True
aeeem,org::apache::lucene::xmlparser::webdemo::FormBasedXmlQueryDemo,15,1,0,15,3,0,4,0,92.0,3.0,48,4,1,0.0,1,50.0,10.0,0,0,0,0,0,0,aeeem,org::apache::lucene::xmlparser::webdemo::FormBasedXmlQueryDemo,0.0,0,0,0,0.0,0.0,0.0,0,0.0,0.0,0.0,0.0,0.0,0.0,0.0,0,0,0,0,0,0.0,0.0,0.0,0.0,0.0,True
aeeem,org::apache::lucene::index::InvertedDocEndConsumerPerField,1,1,1,0,1,1,0,0,0.0,2.0,9,0,0,0.0,0,2.0,0.0,0,0,0,0,0,0,aeeem,org::apache::lucene::index::InvertedDocEndConsumerPerField,0.0,1,1,0,11.7143,1.0,1.0,1,1.0,1.0,1.0,1.0,0.0,0.0,0.0,1,1,0,0,0,0.792859,0.00051848,0.0122672,0.0424562,0.0457934,True
aeeem,org::tartarus::snowball::ext::RomanianStemmer,1,2,0,1,78,0,11,6,747.0,13.0,35,11,12,0.0,1,77.0,140.0,0,0,0,0,0,0,aeeem,org::tartarus::snowball::ext::RomanianStemmer,0.0,1,1,0,6.57143,1.0,1.0,0,1.0,1.0,1.0,1.0,0.0,0.0,0.0,1,1,0,0,0,1.35264,0.000832763,0.0350566,0.101164,0.0995792,True
aeeem,org::apache::lucene::store::je::File,12,1,4,8,45,0,7,0,168.0,10.0,9,0,1,0.0,0,72.0,24.0,0,0,0,0,0,0,aeeem,org::apache::lucene::store::je::File,4.0,4,3,0,143.857,14.0,10.0,0,6.0,3.5,5.0,2.5,4.0,1.0,34.9592,1,1,0,0,0,4.7258,0.117878,0.0578471,0.231331,0.108276,True
aeeem,org::apache::lucene::benchmark::byTask::tasks::DeleteDocTask,4,2,0,4,21,0,8,2,37.0,7.0,39,6,1,0.0,6,22.0,12.0,0,0,0,0,0,0,aeeem,org::apache::lucene::benchmark::byTask::tasks::DeleteDocTask,21.0,4,3,1,90.5714,110.0,89.0,0,82.0,27.5,82.0,22.25,21.0,5.25,11.0143,2,2,0,0,0,4.50164,0.0316107,0.0112521,0.121935,0.00950658,True
aeeem,org::apache::lucene::search::Scorer,25,2,25,0,6,16,1,0,6.0,4.0,13,1,0,0.0,3,4.0,2.0,0,0,0,0,0,0,aeeem,org::apache::lucene::search::Scorer,31.0,14,8,2,368.143,183.0,152.0,0,46.0,13.0714,54.0,10.8571,34.0,2.21429,183.101,1,1,0,0,0,5.59993,0.0866711,0.0166679,0.156288,0.0332368,True
aeeem,org::apache::lucene::analysis::nl::DutchStemmer,4,1,1,3,153,0,5,0,289.0,18.0,9,5,15,0.0,2,143.0,102.0,0,0,0,0,0,0,aeeem,org::apache::lucene::analysis::nl::DutchStemmer,0.0,5,3,0,239.143,5.0,5.0,0,1.0,1.0,1.0,1.0,0.0,0.0,9.37143,0,0,0,0,0,0.0,0.0,0.0,0.0,0.0,True
aeeem,org::apache::lucene::search::function::ValueSourceQuery,9,2,3,6,21,1,1,0,26.0,7.0,39,0,0,1.0,6,20.0,9.0,1,0,0,0,0,1,aeeem,org::apache::lucene::search::function::ValueSourceQuery,-2.0,3,2,2,70.1429,5.0,7.0,0,3.0,1.66667,3.0,2.33333,0.0,-0.666667,24.2571,2,2,0,0,0,3.95872,0.0153674,0.0400426,0.16897,0.113967,True
aeeem,org::apache::lucene::store::db::SanityLoadLibrary,0,1,0,0,0,0,0,0,5.0,1.0,9,0,0,0.0,1,3.0,1.0,0,0,0,0,0,0,aeeem,org::apache::lucene::store::db::SanityLoadLibrary,0.0,1,1,1,71.0,1.0,1.0,0,1.0,1.0,1.0,1.0,0.0,0.0,0.0,1,1,0,0,0,1.28083,0.00259405,0.00351199,0.0356101,0.00369221,True
aeeem,org::apache::lucene::benchmark::byTask::tasks::NewAnalyzerTask,6,2,0,6,6,0,2,2,37.0,4.0,39,2,0,0.0,4,22.0,10.0,0,0,0,0,0,0,aeeem,org::apache::lucene::benchmark::byTask::tasks::NewAnalyzerTask,0.0,1,1,1,59.5714,1.0,1.0,0,1.0,1.0,1.0,1.0,0.0,0.0,0.0,2,2,0,0,0,0.96755,0.00470229,0.00316392,0.0282847,0.00502553,True
aeeem,org::tartarus::snowball::ext::GermanStemmer,1,2,0,1,28,0,11,6,615.0,8.0,35,11,7,0.0,1,60.0,109.0,0,0,0,0,0,0,aeeem,org::tartarus::snowball::ext::GermanStemmer,0.0,1,1,0,6.57143,1.0,1.0,0,1.0,1.0,1.0,1.0,0.0,0.0,0.0,1,1,0,0,0,1.35264,0.000832763,0.0350566,0.101164,0.0995792,True
aeeem,org::apache::lucene::util::Constants,0,1,0,0,0,0,8,0,1.0,1.0,9,0,1,0.0,0,1.0,1.0,0,0,0,0,0,0,aeeem,org::apache::lucene::util::Constants,-37.0,7,5,2,365.0,27.0,64.0,0,13.0,3.85714,51.0,9.14286,5.0,-5.28571,168.355,1,1,0,0,0,4.04167,0.0328469,0.0083892,0.103332,0.00676912,True
aeeem,org::apache::lucene::queryParser::surround::query::SrndTermQuery,7,3,1,6,10,0,1,1,25.0,5.0,44,1,0,0.0,5,19.0,8.0,0,0,0,0,0,0,aeeem,org::apache::lucene::queryParser::surround::query::SrndTermQuery,-3.0,3,3,0,170.143,9.0,12.0,0,6.0,3.0,6.0,4.0,1.0,-1.0,51.0794,0,0,0,0,0,4.06683,0.0243134,0.00627614,0.0971617,0.00125813,True
aeeem,org::apache::lucene::queryParser::surround::query::SrndTruncQuery,10,3,1,9,21,0,5,1,63.0,7.0,44,5,0,0.0,4,40.0,19.0,0,0,0,0,0,0,aeeem,org::apache::lucene::queryParser::surround::query::SrndTruncQuery,1.0,2,2,0,170.143,7.0,6.0,0,6.0,3.5,5.0,3.0,1.0,0.5,60.2449,0,0,0,0,0,2.67407,0.00818132,0.00445684,0.0650567,0.00118519,True
aeeem,org::apache::lucene::search::spans::NearSpansUnordered,7,2,1,7,120,0,10,0,151.0,16.0,16,10,7,0.0,9,80.0,51.0,0,0,0,0,0,0,aeeem,org::apache::lucene::search::spans::NearSpansUnordered,40.0,4,4,2,101.714,67.0,27.0,0,51.0,16.75,12.0,6.75,39.0,10.0,85.6567,3,3,0,0,0,4.66519,0.0409413,0.0993396,3.39625,0.189983,True
aeeem,org::apache::lucene::xmlparser::builders::BooleanFilterBuilder,9,1,1,8,1,0,1,0,23.0,2.0,10,1,0,0.0,2,13.0,4.0,0,0,0,0,0,0,aeeem,org::apache::lucene::xmlparser::builders::BooleanFilterBuilder,19.0,4,2,1,132.286,30.0,11.0,0,16.0,7.5,6.0,2.75,15.0,4.75,36.9667,1,1,0,0,0,4.72472,0.0495644,0.058312,0.232918,0.108958,True
aeeem,org::apache::lucene::benchmark::quality::utils::SimpleQQParser,4,1,2,2,1,0,3,0,12.0,2.0,10,2,0,1.0,2,8.0,3.0,0,0,0,0,0,0,aeeem,org::apache::lucene::benchmark::quality::utils::SimpleQQParser,0.0,1,1,0,62.7143,1.0,1.0,0,1.0,1.0,1.0,1.0,0.0,0.0,0.0,1,1,0,0,0,1.17486,0.000965682,0.00361796,0.0337529,0.00505055,True
aeeem,org::apache::lucene::index::SnapshotDeletionPolicy,5,1,1,4,15,0,3,0,31.0,6.0,11,3,1,0.0,5,22.0,9.0,0,0,0,0,0,0,aeeem,org::apache::lucene::index::SnapshotDeletionPolicy,21.0,6,1,1,44.1429,39.0,18.0,0,16.0,6.5,8.0,3.0,8.0,3.5,15.4872,5,5,0,0,0,5.97302,0.0391736,0.0658061,0.27076,0.198475,True
aeeem,org::apache::lucene::analysis::cz::CzechAnalyzer,5,2,0,5,3,0,2,0,35.0,3.0,15,1,0,0.0,3,15.0,6.0,0,0,0,0,0,0,aeeem,org::apache::lucene::analysis::cz::CzechAnalyzer,0.0,7,3,0,250.143,7.0,7.0,0,1.0,1.0,1.0,1.0,0.0,0.0,19.3878,0,0,0,0,0,0.0,0.0,0.0,0.0,0.0,True
aeeem,org::apache::lucene::index::ByteSliceWriter,2,1,1,1,15,0,4,0,45.0,6.0,9,3,0,1.0,6,10.0,10.0,0,0,0,0,0,0,aeeem,org::apache::lucene::index::ByteSliceWriter,0.0,1,1,0,20.5714,1.0,1.0,0,1.0,1.0,1.0,1.0,0.0,0.0,0.0,1,1,0,0,0,1.18032,0.00168297,0.0108864,0.0494884,0.0439342,True
aeeem,org::apache::lucene::analysis::fr::FrenchStemmer,4,1,1,3,210,0,8,0,482.0,21.0,9,8,19,0.0,1,174.0,128.0,0,0,0,0,0,0,aeeem,org::apache::lucene::analysis::fr::FrenchStemmer,0.0,3,2,0,246.143,3.0,3.0,0,1.0,1.0,1.0,1.0,0.0,0.0,10.0952,0,0,0,0,0,0.0,0.0,0.0,0.0,0.0,True
aeeem,org::apache::lucene::benchmark::byTask::feeds::AbstractQueryMaker,4,1,0,4,15,3,3,0,26.0,6.0,13,0,0,0.0,4,15.0,7.0,0,0,0,0,0,0,aeeem,org::apache::lucene::benchmark::byTask::feeds::AbstractQueryMaker,0.0,1,1,0,81.0,1.0,1.0,0,1.0,1.0,1.0,1.0,0.0,0.0,0.0,1,1,0,0,0,1.45269,0.00044025,0.00350248,0.0389943,0.00253864,True
aeeem,org::apache::lucene::search::FilteredTermEnum,9,2,8,1,36,5,2,0,38.0,9.0,15,2,0,0.0,6,18.0,14.0,0,0,0,0,0,0,aeeem,org::apache::lucene::search::FilteredTermEnum,-38.0,10,7,1,368.143,27.0,65.0,0,13.0,2.7,51.0,6.5,1.0,-3.8,162.794,0,0,0,0,0,2.94415,0.00557231,0.00515406,0.0726763,0.00131696,True
aeeem,org::apache::lucene::analysis::payloads::NumericPayloadTokenFilter,4,3,1,3,1,0,2,1,14.0,2.0,16,2,0,0.0,2,8.0,4.0,0,0,0,0,0,0,aeeem,org::apache::lucene::analysis::payloads::NumericPayloadTokenFilter,-33.0,3,2,0,43.7143,9.0,42.0,1,6.0,3.0,36.0,14.0,1.0,-11.0,24.7937,2,2,0,0,0,3.37826,0.0316246,0.0404763,0.157785,0.123391,True
aeeem,org::apache::lucene::analysis::compound::hyphenation::PatternParser,14,1,1,13,210,0,11,0,268.0,21.0,48,0,1,7.0,14,160.0,64.0,0,0,0,0,0,0,aeeem,org::apache::lucene::analysis::compound::hyphenation::PatternParser,-1.0,2,2,1,20.7143,2.0,3.0,0,1.0,1.0,2.0,1.5,0.0,-0.5,10.1429,1,1,0,0,0,1.50087,0.00270569,0.0417467,3.20079,0.0731185,True
aeeem,org::apache::lucene::analysis::fr::FrenchStemFilter,5,3,1,4,6,0,2,1,29.0,4.0,16,2,0,0.0,4,12.0,10.0,0,0,0,0,0,0,aeeem,org::apache::lucene::analysis::fr::FrenchStemFilter,0.0,5,1,1,246.143,5.0,5.0,0,1.0,1.0,1.0,1.0,0.0,0.0,13.7714,0,0,0,0,0,1.25878,0.00762692,0.0013038,0.0275436,8.92963e-06,True
aeeem,org::apache::lucene::search::spans::SpanQuery,12,2,12,1,10,6,0,0,6.0,5.0,39,0,0,0.0,4,6.0,2.0,0,0,0,0,0,0,aeeem,org::apache::lucene::search::spans::SpanQuery,36.0,6,5,0,244.714,50.0,14.0,0,21.0,8.33333,6.0,2.33333,16.0,6.0,129.906,1,1,0,0,0,5.5834,0.0319304,0.0380942,0.194271,0.100661,True
aeeem,org::apache::lucene::search::function::OrdFieldSource,4,2,1,3,10,0,2,0,36.0,5.0,23,1,0,0.0,5,10.0,6.0,0,0,0,0,0,0,aeeem,org::apache::lucene::search::function::OrdFieldSource,-1.0,3,2,0,70.1429,3.0,4.0,0,1.0,1.0,2.0,1.33333,0.0,-0.333333,31.3333,3,3,0,0,0,3.93677,0.00562569,0.0617223,0.227022,0.126922,True
aeeem,org::tartarus::snowball::ext::DutchStemmer,1,2,0,1,55,0,12,6,753.0,11.0,35,12,10,0.0,1,85.0,130.0,0,0,0,0,0,0,aeeem,org::tartarus::snowball::ext::DutchStemmer,0.0,1,1,0,6.57143,1.0,1.0,0,1.0,1.0,1.0,1.0,0.0,0.0,0.0,1,1,0,0,0,1.35264,0.000832763,0.0350566,0.101164,0.0995792,True
aeeem,org::apache::lucene::index::memory::PatternAnalyzer,7,2,1,6,28,0,8,0,88.0,8.0,15,4,4,0.0,4,36.0,33.0,0,0,0,0,0,0,aeeem,org::apache::lucene::index::memory::PatternAnalyzer,23.0,12,7,3,179.286,430.0,407.0,0,387.0,35.8333,387.0,33.9167,17.0,1.91667,59.8618,2,2,0,0,0,12.0175,0.215343,0.0990119,0.467422,0.211415,True
aeeem,org::apache::lucene::search::function::FieldScoreQuery,2,3,2,0,1,0,0,1,18.0,2.0,46,0,1,0.0,1,8.0,6.0,0,0,0,0,0,0,aeeem,org::apache::lucene::search::function::FieldScoreQuery,0.0,2,2,1,70.1429,2.0,2.0,0,1.0,1.0,1.0,1.0,0.0,0.0,30.8571,1,1,0,0,0,2.76207,0.00363758,0.035341,0.132005,0.103588,True
aeeem,org::apache::lucene::analysis::compound::CompoundWordTokenFilterBase,6,3,2,4,28,2,9,1,74.0,8.0,16,0,0,0.0,2,36.0,14.0,0,0,0,0,0,0,aeeem,org::apache::lucene::analysis::compound::CompoundWordTokenFilterBase,-1.0,2,2,0,20.7143,9.0,10.0,0,8.0,4.5,9.0,5.0,0.0,-0.5,12.1905,2,2,0,0,0,2.5991,0.00845957,0.0419123,0.142869,0.141042,True
aeeem,org::apache::lucene::swing::models::ListSearcher,15,1,5,11,66,0,8,0,137.0,12.0,32,8,6,0.0,6,67.0,21.0,0,0,0,0,0,0,aeeem,org::apache::lucene::swing::models::ListSearcher,1.0,6,5,1,187.0,10.0,9.0,0,4.0,1.66667,3.0,1.5,1.0,0.166667,86.2571,3,3,0,0,0,6.26449,0.0179557,0.0634723,0.275728,0.126799,True
aeeem,org::apache::lucene::index::DocConsumer,2,1,2,0,10,1,0,0,0.0,5.0,9,0,0,0.0,0,5.0,0.0,0,0,0,0,0,0,aeeem,org::apache::lucene::index::DocConsumer,0.0,1,1,0,11.7143,1.0,1.0,1,1.0,1.0,1.0,1.0,0.0,0.0,0.0,1,1,0,0,0,0.792859,0.00051848,0.0122672,0.0424562,0.0457934,True
aeeem,org::apache::lucene::analysis::standard::StandardTokenizer,3,3,1,2,28,0,14,1,62.0,8.0,16,3,0,0.0,7,24.0,13.0,1,0,0,0,0,1,aeeem,org::apache::lucene::analysis::standard::StandardTokenizer,15.0,13,6,2,264.857,265.0,250.0,0,64.0,20.3846,185.0,19.2308,58.0,1.15385,202.889,8,8,0,0,0,9.37718,0.32649,0.0619818,0.332374,0.182565,True
aeeem,org::apache::lucene::xmlparser::builders::SpanOrTermsBuilder,9,3,1,8,1,0,1,0,26.0,2.0,12,0,0,1.0,2,19.0,3.0,0,0,0,0,0,0,aeeem,org::apache::lucene::xmlparser::builders::SpanOrTermsBuilder,8.0,4,2,0,136.571,22.0,14.0,0,16.0,5.5,7.0,3.5,15.0,2.0,52.526,1,1,0,0,0,4.40689,0.0306045,0.0368369,0.168217,0.10098,True
aeeem,org::apache::lucene::analysis::cn::ChineseTokenizer,3,3,2,1,6,0,9,1,66.0,4.0,16,9,2,0.0,2,15.0,14.0,0,0,0,0,0,0,aeeem,org::apache::lucene::analysis::cn::ChineseTokenizer,0.0,4,2,0,250.143,4.0,4.0,0,1.0,1.0,1.0,1.0,0.0,0.0,4.53571,0,0,0,0,0,0.0,0.0,0.0,0.0,0.0,True
aeeem,org::apache::lucene::wikipedia::analysis::WikipediaTokenizer,5,3,1,4,28,0,38,1,122.0,8.0,16,4,4,0.0,3,74.0,26.0,0,0,0,0,0,0,aeeem,org::apache::lucene::wikipedia::analysis::WikipediaTokenizer,165.0,7,2,0,39.7143,197.0,32.0,0,123.0,28.1429,21.0,4.57143,115.0,23.5714,7.70631,6,6,0,0,0,4.91412,0.130016,0.0520034,0.217276,0.168567,True
aeeem,org::apache::lucene::store::instantiated::InstantiatedTermDocs,6,1,2,5,28,1,4,0,63.0,8.0,16,2,0,0.0,8,31.0,20.0,0,0,0,0,0,0,aeeem,org::apache::lucene::store::instantiated::InstantiatedTermDocs,-5.0,2,2,0,29.8571,1.0,6.0,0,1.0,0.5,5.0,3.0,0.0,-2.5,0.0,2,2,0,0,0,1.38982,0.00434966,0.0139123,0.0601513,0.0535355,True
aeeem,org::apache::lucene::index::DocFieldProcessorPerThread,9,2,1,8,21,0,11,0,238.0,7.0,11,0,1,11.0,4,52.0,41.0,0,0,0,0,0,0,aeeem,org::apache::lucene::index::DocFieldProcessorPerThread,0.0,2,1,0,11.7143,3.0,3.0,1,2.0,1.5,2.0,1.5,0.0,0.0,1.71429,2,2,0,0,0,1.54522,0.00137637,0.0273145,0.0891453,0.0962259,True
aeeem,org::apache::lucene::xmlparser::builders::UserInputQueryBuilder,5,1,1,4,3,0,3,0,32.0,3.0,10,2,0,1.0,2,13.0,4.0,0,0,0,0,0,0,aeeem,org::apache::lucene::xmlparser::builders::UserInputQueryBuilder,50.0,5,2,0,136.571,61.0,11.0,0,30.0,12.2,4.0,2.2,26.0,10.0,91.6066,1,1,0,0,0,5.74047,0.0825305,0.0753778,0.292707,0.17923,True
aeeem,org::apache::lucene::analysis::ru::RussianStemFilter,5,3,1,4,3,0,1,1,22.0,3.0,16,1,0,0.0,3,9.0,7.0,0,0,0,0,0,0,aeeem,org::apache::lucene::analysis::ru::RussianStemFilter,0.0,5,2,0,316.286,5.0,5.0,0,1.0,1.0,1.0,1.0,0.0,0.0,24.7429,0,0,0,0,0,0.0,0.0,0.0,0.0,0.0,True
aeeem,org::apache::lucene::analysis::shingle::ShingleFilter,4,3,1,3,28,0,10,1,141.0,8.0,16,7,3,0.0,5,66.0,32.0,0,0,0,0,0,0,aeeem,org::apache::lucene::analysis::shingle::ShingleFilter,13.0,3,3,1,27.5714,43.0,30.0,0,38.0,14.3333,25.0,10.0,13.0,4.33333,18.8306,2,2,0,0,0,3.4997,0.0334453,0.0487579,0.177749,0.16716,True
aeeem,org::apache::lucene::index::DocFieldConsumer,4,1,4,0,15,3,1,0,3.0,6.0,9,0,0,1.0,0,6.0,1.0,0,0,0,0,0,0,aeeem,org::apache::lucene::index::DocFieldConsumer,0.0,1,1,0,11.7143,1.0,1.0,1,1.0,1.0,1.0,1.0,0.0,0.0,0.0,1,1,0,0,0,0.792859,0.00051848,0.0122672,0.0424562,0.0457934,True
aeeem,org::apache::lucene::analysis::compound::hyphenation::CharVector,4,1,3,1,45,0,4,0,50.0,10.0,27,4,0,0.0,10,14.0,13.0,0,0,0,0,0,0,aeeem,org::apache::lucene::analysis::compound::hyphenation::CharVector,0.0,1,1,0,20.7143,1.0,1.0,0,1.0,1.0,1.0,1.0,0.0,0.0,0.0,1,1,0,0,0,1.18716,0.00167713,0.0103756,0.0486875,0.0417474,True
aeeem,org::apache::lucene::search::FilterManager,7,1,2,5,10,0,7,0,35.0,5.0,9,0,0,0.0,4,19.0,7.0,1,0,0,0,0,1,aeeem,org::apache::lucene::search::FilterManager,-1.0,3,2,0,78.2857,1.0,2.0,0,1.0,0.333333,1.0,0.666667,0.0,-0.333333,0.0,2,2,0,0,0,2.52346,0.00138511,0.0551703,0.180832,0.109618,True
aeeem,org::apache::lucene::search::PhraseQuery,28,2,20,9,55,0,5,0,90.0,11.0,39,5,0,0.0,10,54.0,28.0,0,0,0,0,0,0,aeeem,org::apache::lucene::search::PhraseQuery,136.0,27,9,6,368.143,352.0,216.0,0,113.0,13.037,51.0,8.0,68.0,5.03704,127.543,4,4,0,0,0,9.68386,0.157584,0.130155,3.56135,0.262809,True
aeeem,org::apache::lucene::index::TermsHashConsumer,2,1,2,0,21,2,1,0,3.0,7.0,9,0,0,1.0,0,7.0,1.0,0,0,0,0,0,0,aeeem,org::apache::lucene::index::TermsHashConsumer,-2.0,2,1,0,11.7143,1.0,3.0,1,1.0,0.5,2.0,1.5,0.0,-1.0,0.0,2,2,0,0,0,1.15014,0.000683682,0.0207298,0.0671158,0.072263,True
aeeem,org::apache::lucene::queryParser::surround::query::BooleanQueryTst,7,1,2,5,3,0,7,0,32.0,3.0,9,0,0,7.0,3,12.0,4.0,0,0,0,0,0,0,aeeem,org::apache::lucene::queryParser::surround::query::BooleanQueryTst,18.0,2,2,0,151.143,20.0,2.0,0,18.0,10.0,2.0,1.0,18.0,9.0,73.4143,2,2,0,0,0,2.74289,0.0336228,0.00562364,0.0699285,0.004366,True
aeeem,org::apache::lucene::index::KeepOnlyLastCommitDeletionPolicy,8,1,7,1,3,0,0,0,12.0,3.0,11,0,0,0.0,3,7.0,3.0,0,0,0,0,0,0,aeeem,org::apache::lucene::index::KeepOnlyLastCommitDeletionPolicy,0.0,2,1,0,82.1429,2.0,2.0,0,1.0,1.0,1.0,1.0,0.0,0.0,25.6429,2,2,0,0,0,2.32375,0.00208052,0.00873391,0.0699581,0.0207461,True
aeeem,org::apache::lucene::search::BooleanScorer,9,3,0,9,36,0,10,0,85.0,9.0,17,10,1,0.0,6,27.0,28.0,0,0,0,0,0,0,aeeem,org::apache::lucene::search::BooleanScorer,68.0,17,6,2,368.143,247.0,179.0,0,66.0,14.5294,51.0,10.5294,40.0,4.0,142.315,1,1,0,0,0,3.67974,0.0141081,0.0083349,0.0970669,0.00526084,True
aeeem,org::apache::lucene::search::FieldCacheImpl,2,1,0,2,28,1,12,2,24.0,8.0,17,4,0,8.0,8,21.0,8.0,1,0,0,0,0,1,aeeem,org::apache::lucene::search::FieldCacheImpl,132.0,21,9,4,229.0,481.0,349.0,1,121.0,22.9048,122.0,16.619,90.0,6.28571,117.646,9,9,0,0,0,16.8684,0.867589,0.114725,0.606812,0.244443,True
aeeem,org::apache::lucene::store::instantiated::InstantiatedTermFreqVector,6,1,1,5,36,1,5,0,60.0,9.0,24,5,0,0.0,9,27.0,17.0,0,0,0,0,0,0,aeeem,org::apache::lucene::store::instantiated::InstantiatedTermFreqVector,0.0,1,1,0,29.8571,1.0,1.0,0,1.0,1.0,1.0,1.0,0.0,0.0,0.0,1,1,0,0,0,0.60098,0.00038181,0.00388466,0.0219358,0.0141336,True
aeeem,org::apache::lucene::index::DocFieldConsumerPerField,3,1,3,0,1,3,0,0,0.0,2.0,9,0,0,0.0,0,2.0,0.0,0,0,0,0,0,0,aeeem,org::apache::lucene::index::DocFieldConsumerPerField,0.0,1,1,0,11.7143,1.0,1.0,1,1.0,1.0,1.0,1.0,0.0,0.0,0.0,1,1,0,0,0,0.792859,0.00051848,0.0122672,0.0424562,0.0457934,True
aeeem,org::apache::lucene::benchmark::byTask::tasks::RepSumByPrefTask,8,3,1,7,10,2,1,12,45.0,5.0,46,0,0,0.0,4,33.0,9.0,0,0,0,0,0,0,aeeem,org::apache::lucene::benchmark::byTask::tasks::RepSumByPrefTask,32.0,3,2,0,90.5714,125.0,93.0,0,90.0,41.6667,90.0,31.0,32.0,10.6667,10.7291,1,1,0,0,0,3.28866,0.0298755,0.00774168,0.0876976,0.00527147,True
aeeem,org::apache::lucene::index::FormatPostingsPositionsWriter,6,2,1,5,10,0,6,0,45.0,5.0,11,0,0,6.0,0,15.0,11.0,0,0,0,0,0,0,aeeem,org::apache::lucene::index::FormatPostingsPositionsWriter,0.0,0,0,0,0.0,0.0,0.0,0,0.0,0.0,0.0,0.0,0.0,0.0,0.0,0,0,0,0,0,0.0,0.0,0.0,0.0,0.0,True
aeeem,org::apache::lucene::index::FieldsReader,17,1,3,15,120,0,11,0,332.0,16.0,9,11,9,0.0,0,119.0,60.0,1,0,0,0,0,1,aeeem,org::apache::lucene::index::FieldsReader,520.0,43,10,6,368.143,1011.0,491.0,1,273.0,23.5116,73.0,11.4186,200.0,12.093,243.808,24,24,0,0,0,25.5769,0.799957,0.172332,0.926117,0.425781,True
aeeem,org::apache::lucene::store::GCJDirectory,3,3,0,3,0,0,0,3,9.0,1.0,29,0,0,0.0,1,7.0,2.0,0,0,0,0,0,0,aeeem,org::apache::lucene::store::GCJDirectory,6.0,4,3,0,211.286,14.0,8.0,0,7.0,3.5,5.0,2.0,6.0,1.5,49.398,1,1,0,0,0,2.88097,0.00440662,0.0551741,0.187772,0.108062,True
aeeem,org::apache::lucene::search::spell::SuggestWord,2,1,2,0,1,0,3,0,19.0,2.0,9,0,0,3.0,1,2.0,5.0,0,0,0,0,0,0,aeeem,org::apache::lucene::search::spell::SuggestWord,0.0,1,1,0,205.143,1.0,1.0,0,1.0,1.0,1.0,1.0,0.0,0.0,0.0,0,0,0,0,0,0.0,0.0,0.0,0.0,0.0,True
aeeem,org::apache::lucene::xmlparser::builders::SpanTermBuilder,4,3,1,3,1,0,0,0,9.0,2.0,12,0,0,0.0,2,8.0,1.0,0,0,0,0,0,0,aeeem,org::apache::lucene::xmlparser::builders::SpanTermBuilder,8.0,3,1,0,136.571,23.0,15.0,0,16.0,7.66667,13.0,5.0,15.0,2.66667,33.441,0,0,0,0,0,2.99495,0.0357167,0.00530023,0.0740352,0.00168471,True
aeeem,org::apache::lucene::benchmark::byTask::utils::Algorithm,14,1,2,12,6,0,1,0,204.0,4.0,9,1,1,0.0,3,92.0,44.0,0,0,0,0,0,0,aeeem,org::apache::lucene::benchmark::byTask::utils::Algorithm,38.0,6,3,1,90.5714,307.0,269.0,0,258.0,51.1667,258.0,44.8333,25.0,6.33333,13.3076,4,4,0,0,0,4.52366,0.0865696,0.0140815,0.12928,0.0247287,True
aeeem,org::apache::lucene::search::CachingWrapperFilterHelper,5,3,2,3,10,0,1,2,38.0,5.0,27,1,0,0.0,5,12.0,9.0,0,0,0,0,0,0,aeeem,org::apache::lucene::search::CachingWrapperFilterHelper,0.0,3,2,0,78.2857,4.0,4.0,0,3.0,1.33333,3.0,1.33333,0.0,0.0,32.0357,2,2,0,0,0,2.46006,0.00289736,0.00959337,0.0751859,0.0230982,True
aeeem,org::tartarus::snowball::ext::RussianStemmer,1,2,0,1,66,0,11,6,540.0,12.0,35,11,11,0.0,1,59.0,98.0,0,0,0,0,0,0,aeeem,org::tartarus::snowball::ext::RussianStemmer,0.0,1,1,0,6.57143,1.0,1.0,0,1.0,1.0,1.0,1.0,0.0,0.0,0.0,1,1,0,0,0,1.35264,0.000832763,0.0350566,0.101164,0.0995792,True
aeeem,org::apache::lucene::store::db::Block,4,1,2,2,15,0,2,0,47.0,6.0,9,0,0,0.0,0,20.0,6.0,0,0,0,0,0,0,aeeem,org::apache::lucene::store::db::Block,0.0,3,1,0,247.0,3.0,3.0,0,1.0,1.0,1.0,1.0,0.0,0.0,24.2381,0,0,0,0,0,1.43177,0.0129918,0.00146826,0.0312605,9.22005e-06,True
aeeem,org::apache::lucene::search::HitCollector,18,1,18,0,1,12,0,0,0.0,2.0,9,0,0,0.0,2,2.0,0.0,0,0,0,0,0,0,aeeem,org::apache::lucene::search::HitCollector,-24.0,9,6,1,368.143,44.0,68.0,0,13.0,4.88889,51.0,7.55556,6.0,-2.66667,125.64,0,0,0,0,0,4.31109,0.0151422,0.0104144,0.113686,0.0154823,True
aeeem,org::apache::lucene::index::TermVectorMapper,4,1,4,0,15,6,2,0,12.0,6.0,9,2,0,0.0,5,6.0,4.0,0,0,0,0,0,0,aeeem,org::apache::lucene::index::TermVectorMapper,13.0,2,1,0,63.2857,14.0,1.0,0,13.0,7.0,1.0,0.5,13.0,6.5,13.6633,2,2,0,0,0,2.41614,0.0251721,0.00861283,0.0723787,0.0164911,True
aeeem,org::apache::lucene::util::OpenBitSet,11,2,6,5,861,1,2,0,335.0,42.0,29,0,0,0.0,41,88.0,82.0,0,0,0,0,0,0,aeeem,org::apache::lucene::util::OpenBitSet,0.0,4,3,3,35.5714,6.0,6.0,0,3.0,1.5,3.0,1.5,0.0,0.0,25.381,2,2,0,0,0,3.07326,0.00394291,0.074757,0.233643,0.17614,True
aeeem,org::apache::lucene::benchmark::byTask::tasks::ReadTokensTask,11,2,0,11,10,0,7,2,66.0,5.0,39,2,1,4.0,4,37.0,13.0,0,0,0,0,0,0,aeeem,org::apache::lucene::benchmark::byTask::tasks::ReadTokensTask,0.0,2,1,0,62.0,4.0,4.0,0,3.0,2.0,3.0,2.0,0.0,0.0,0.964286,2,2,0,0,0,1.17973,0.00553895,0.00374408,0.0341887,0.00558445,True
aeeem,org::apache::lucene::store::je::Block,4,1,2,2,15,0,2,0,45.0,6.0,9,0,0,0.0,0,20.0,6.0,0,0,0,0,0,0,aeeem,org::apache::lucene::store::je::Block,0.0,3,3,0,143.857,8.0,8.0,0,6.0,2.66667,5.0,2.66667,1.0,0.0,50.5714,1,1,0,0,0,3.81886,0.0130551,0.0564659,0.209658,0.108135,True
aeeem,org::apache::lucene::util::StringHelper,3,1,2,1,3,0,0,0,20.0,3.0,9,0,1,0.0,2,5.0,9.0,0,0,0,0,0,0,aeeem,org::apache::lucene::util::StringHelper,34.0,4,4,0,241.714,47.0,13.0,0,24.0,11.75,6.0,3.25,18.0,8.5,93.3435,1,1,0,0,0,2.54988,0.017328,0.0095867,0.0759522,0.0250941,True
aeeem,org::apache::lucene::swing::models::ListSearcherSimulator,16,1,0,16,1,0,0,0,53.0,2.0,9,0,0,0.0,2,27.0,2.0,0,0,0,0,0,0,aeeem,org::apache::lucene::swing::models::ListSearcherSimulator,2.0,3,3,0,187.0,11.0,9.0,0,9.0,3.66667,5.0,3.0,4.0,0.666667,58.4286,1,1,0,0,0,3.85212,0.0222901,0.0552128,0.205541,0.107064,True
aeeem,org::apache::lucene::demo::html::Tags,0,1,0,0,0,0,1,0,0.0,0.0,9,0,0,0.0,0,0.0,0.0,0,0,0,0,0,0,aeeem,org::apache::lucene::demo::html::Tags,-25.0,5,4,1,254.429,40.0,65.0,0,15.0,8.0,50.0,13.0,12.0,-5.0,30.4929,0,0,0,0,0,1.64243,0.00391152,0.00325183,0.0418737,0.00116335,True
aeeem,org::apache::lucene::benchmark::byTask::tasks::SetPropTask,5,2,0,5,6,0,2,2,19.0,4.0,39,2,0,0.0,4,14.0,6.0,0,0,0,0,0,0,aeeem,org::apache::lucene::benchmark::byTask::tasks::SetPropTask,8.0,3,2,0,90.5714,67.0,59.0,0,57.0,22.3333,57.0,19.6667,8.0,2.66667,10.887,1,1,0,0,0,3.28866,0.0184133,0.00774168,0.0876976,0.00527147,True
aeeem,org::apache::lucene::store::LockVerifyServer,5,1,0,5,1,0,0,0,57.0,2.0,9,0,1,0.0,1,25.0,9.0,0,0,0,0,0,0,aeeem,org::apache::lucene::store::LockVerifyServer,-2.0,2,2,1,53.0,1.0,3.0,0,1.0,0.5,2.0,1.5,0.0,-1.0,0.0,1,1,0,0,0,2.36108,0.00282275,0.00943583,0.0732947,0.0214563,True
aeeem,org::apache::lucene::analysis::payloads::TokenOffsetPayloadTokenFilter,4,3,1,3,1,0,0,1,15.0,2.0,16,0,0,0.0,2,8.0,3.0,0,0,0,0,0,0,aeeem,org::apache::lucene::analysis::payloads::TokenOffsetPayloadTokenFilter,-32.0,2,2,0,42.2857,21.0,53.0,1,13.0,10.5,46.0,26.5,1.0,-16.0,13.4422,2,2,0,0,0,2.71012,0.0488462,0.0375713,0.136479,0.115988,True
aeeem,org::apache::lucene::search::spans::SpanScorer,7,3,2,5,21,1,8,0,57.0,7.0,17,0,0,0.0,5,31.0,15.0,0,0,0,0,0,0,aeeem,org::apache::lucene::search::spans::SpanScorer,18.0,8,5,2,244.714,66.0,48.0,0,23.0,8.25,22.0,6.0,16.0,2.25,106.316,3,3,0,0,0,6.64038,0.118494,0.063301,0.285468,0.113346,True
aeeem,org::apache::lucene::index::MultiLevelSkipListReader,6,1,2,4,45,1,14,0,140.0,10.0,9,14,2,0.0,1,33.0,31.0,0,0,0,0,0,0,aeeem,org::apache::lucene::index::MultiLevelSkipListReader,2.0,3,1,1,70.8571,277.0,275.0,0,273.0,92.3333,273.0,91.6667,2.0,0.666667,50.0469,2,2,0,0,0,3.64568,0.113522,0.0188846,0.120786,0.057021,True
aeeem,org::apache::lucene::index::DocumentsWriterThreadState,3,1,1,2,1,0,6,0,13.0,2.0,9,0,0,6.0,1,4.0,2.0,1,0,0,0,0,1,aeeem,org::apache::lucene::index::DocumentsWriterThreadState,-669.0,5,1,0,30.0,36.0,705.0,1,19.0,7.2,688.0,141.0,6.0,-133.8,8.69048,5,5,0,0,0,3.17313,0.211347,0.0313166,0.136571,0.120185,True
aeeem,org::apache::lucene::document::LoadFirstFieldSelector,1,2,1,0,1,0,0,0,3.0,2.0,19,0,0,0.0,2,2.0,1.0,0,0,0,0,0,0,aeeem,org::apache::lucene::document::LoadFirstFieldSelector,7.0,3,2,1,121.571,42.0,35.0,0,28.0,14.0,28.0,11.6667,7.0,2.33333,67.619,0,0,0,0,0,2.29636,0.0151451,0.0137681,0.0789014,0.0493051,True
aeeem,org::apache::lucene::search::PrefixFilter,6,2,1,5,10,0,2,0,18.0,5.0,21,1,0,0.0,5,14.0,5.0,0,0,0,0,0,0,aeeem,org::apache::lucene::search::PrefixFilter,33.0,5,3,0,104.857,36.0,3.0,0,18.0,7.2,1.0,0.6,18.0,6.6,48.3968,4,4,0,0,0,5.88673,0.0345824,0.0187659,0.169599,0.0331881,True
aeeem,org::apache::lucene::index::TermVectorsTermsWriter,10,2,1,10,78,0,9,1,189.0,13.0,16,0,0,9.0,4,64.0,32.0,1,0,0,0,0,1,aeeem,org::apache::lucene::index::TermVectorsTermsWriter,-1.0,2,1,0,11.7143,1.0,2.0,1,1.0,0.5,1.0,1.0,0.0,-0.5,0.0,2,2,0,0,0,1.54522,0.000601081,0.0273145,0.0891453,0.0962259,True
aeeem,org::apache::lucene::benchmark::Driver,5,1,0,5,45,0,3,0,71.0,10.0,9,3,2,0.0,8,29.0,12.0,0,0,0,0,0,0,aeeem,org::apache::lucene::benchmark::Driver,0.0,3,2,1,99.0,2.0,2.0,0,1.0,0.666667,1.0,0.666667,0.0,0.0,9.85714,0,0,0,0,0,3.12296,0.000991854,0.00690727,0.0818702,0.00401529,True
aeeem,org::apache::lucene::benchmark::quality::utils::SubmissionReport,7,1,2,5,6,0,4,0,36.0,4.0,9,4,1,0.0,3,17.0,8.0,0,0,0,0,0,0,aeeem,org::apache::lucene::benchmark::quality::utils::SubmissionReport,10.0,2,1,0,62.7143,14.0,4.0,0,13.0,7.0,3.0,2.0,10.0,5.0,21.2245,2,2,0,0,0,2.40151,0.00966953,0.00960402,0.0743622,0.0225175,True
aeeem,org::apache::lucene::store::instantiated::InstantiatedTerm,10,1,7,3,66,0,6,0,101.0,12.0,18,4,0,0.0,10,26.0,24.0,0,0,0,0,0,0,aeeem,org::apache::lucene::store::instantiated::InstantiatedTerm,0.0,1,1,0,29.8571,1.0,1.0,0,1.0,1.0,1.0,1.0,0.0,0.0,0.0,1,1,0,0,0,0.60098,0.00038181,0.00388466,0.0219358,0.0141336,True
aeeem,org::apache::lucene::store::instantiated::FieldSetting,2,1,1,1,3,0,9,0,17.0,3.0,9,0,0,9.0,2,7.0,6.0,1,0,0,0,0,1,aeeem,org::apache::lucene::store::instantiated::FieldSetting,0.0,1,1,0,14.5714,1.0,1.0,0,1.0,1.0,1.0,1.0,0.0,0.0,0.0,1,1,0,0,0,0.788836,0.00158714,0.0100276,0.0382156,0.0394019,True
aeeem,org::apache::lucene::index::SegmentReader,3,3,1,2,6,2,26,5,22.0,4.0,78,16,2,10.0,2,18.0,6.0,4,0,0,0,0,1,aeeem,org::apache::lucene::index::SegmentReader,826.0,76,13,8,368.143,1663.0,837.0,2,357.0,21.8816,80.0,11.0132,285.0,10.8684,231.52,32,32,0,0,0,26.0888,0.956908,0.158873,0.900412,0.365193,True
aeeem,org::apache::lucene::benchmark::byTask::tasks::SearchTravRetLoadFieldSelectorTask,3,4,0,3,10,0,1,3,22.0,5.0,64,0,0,0.0,4,12.0,6.0,0,0,0,0,0,0,aeeem,org::apache::lucene::benchmark::byTask::tasks::SearchTravRetLoadFieldSelectorTask,21.0,6,3,4,80.7143,33.0,12.0,0,14.0,5.5,6.0,2.0,9.0,3.5,4.0303,2,2,0,0,0,3.41583,0.0103702,0.0116627,0.100314,0.0234698,True
aeeem,org::apache::lucene::benchmark::standard::ReutersQueries,5,1,1,4,0,0,1,0,9.0,1.0,9,0,0,1.0,1,15.0,1.0,0,0,0,0,0,0,aeeem,org::apache::lucene::benchmark::standard::ReutersQueries,0.0,3,2,0,99.0,7.0,7.0,0,6.0,2.33333,6.0,2.33333,0.0,0.0,33.551,0,0,0,0,0,2.60998,0.0289249,0.00641575,0.0701584,0.00618888,True
aeeem,org::apache::lucene::queryParser::surround::parser::TokenMgrError,5,1,2,3,6,0,5,0,57.0,4.0,27,0,0,1.0,2,26.0,17.0,0,0,0,0,0,0,aeeem,org::apache::lucene::queryParser::surround::parser::TokenMgrError,0.0,1,1,0,170.143,1.0,1.0,0,1.0,1.0,1.0,1.0,0.0,0.0,0.0,0,0,0,0,0,1.03163,0.0042698,0.00120501,0.023183,2.18418e-05,True
aeeem,org::apache::lucene::index::FormatPostingsDocsWriter,9,2,1,8,10,0,14,0,72.0,5.0,11,1,0,13.0,0,23.0,12.0,0,0,0,0,0,0,aeeem,org::apache::lucene::index::FormatPostingsDocsWriter,0.0,0,0,0,0.0,0.0,0.0,0,0.0,0.0,0.0,0.0,0.0,0.0,0.0,0,0,0,0,0,0.0,0.0,0.0,0.0,0.0,True
aeeem,org::apache::lucene::store::db::File,12,1,4,8,45,0,7,0,183.0,10.0,9,0,1,0.0,0,73.0,24.0,0,0,0,0,0,0,aeeem,org::apache::lucene::store::db::File,0.0,3,1,0,247.0,3.0,3.0,0,1.0,1.0,1.0,1.0,0.0,0.0,24.2381,0,0,0,0,0,1.43177,0.0129918,0.00146826,0.0312605,9.22005e-06,True
aeeem,org::apache::lucene::index::SegmentInfo,22,1,13,9,435,0,19,0,467.0,30.0,9,11,2,4.0,5,116.0,114.0,1,0,0,0,0,1,aeeem,org::apache::lucene::index::SegmentInfo,614.0,20,6,2,368.143,810.0,196.0,0,287.0,40.5,53.0,9.8,287.0,30.7,284.59,14,14,0,0,0,11.3676,0.375406,0.114134,3.5767,0.217353,True
aeeem,org::apache::lucene::index::ReadOnlyMultiSegmentReader,2,4,1,1,1,0,0,6,6.0,2.0,106,0,0,0.0,0,3.0,2.0,0,0,0,0,0,0,aeeem,org::apache::lucene::index::ReadOnlyMultiSegmentReader,0.0,1,1,0,6.57143,1.0,1.0,0,1.0,1.0,1.0,1.0,0.0,0.0,0.0,1,1,0,0,0,1.35264,0.000832763,0.0350566,0.101164,0.0995792,True
aeeem,org::apache::lucene::index::StoredFieldsWriter,8,2,1,7,55,0,6,1,116.0,11.0,15,0,1,6.0,5,41.0,22.0,1,0,0,0,0,1,aeeem,org::apache::lucene::index::StoredFieldsWriter,0.0,1,1,0,11.7143,1.0,1.0,1,1.0,1.0,1.0,1.0,0.0,0.0,0.0,1,1,0,0,0,0.792859,0.00051848,0.0122672,0.0424562,0.0457934,True
aeeem,org::apache::lucene::xmlparser::CorePlusExtensionsParser,8,2,0,8,0,0,0,5,11.0,1.0,15,0,1,0.0,0,9.0,1.0,0,0,0,0,0,0,aeeem,org::apache::lucene::xmlparser::CorePlusExtensionsParser,37.0,5,1,0,136.571,42.0,5.0,0,21.0,8.4,3.0,1.0,18.0,7.4,73.9796,0,0,0,0,0,5.87959,0.0479768,0.016575,0.161808,0.0306611,True
aeeem,org::apache::lucene::index::RawPostingList,0,1,0,0,0,1,4,0,0.0,0.0,9,0,0,3.0,0,0.0,0.0,0,0,0,0,0,0,aeeem,org::apache::lucene::index::RawPostingList,0.0,1,1,0,11.7143,1.0,1.0,1,1.0,1.0,1.0,1.0,0.0,0.0,0.0,1,1,0,0,0,0.792859,0.00051848,0.0122672,0.0424562,0.0457934,True
aeeem,org::apache::lucene::benchmark::byTask::tasks::ReadTask,12,2,2,10,120,4,0,2,116.0,16.0,39,0,0,0.0,11,69.0,31.0,1,0,0,0,0,1,aeeem,org::apache::lucene::benchmark::byTask::tasks::ReadTask,115.0,7,3,1,90.5714,312.0,197.0,0,144.0,44.5714,144.0,28.1429,75.0,16.4286,30.6049,3,3,0,0,0,5.76219,0.111712,0.0660038,0.275178,0.131628,True
aeeem,org::apache::lucene::benchmark::byTask::feeds::SimpleDocMaker,5,2,1,4,6,1,2,11,18.0,4.0,33,1,1,0.0,2,10.0,6.0,0,0,0,0,0,0,aeeem,org::apache::lucene::benchmark::byTask::feeds::SimpleDocMaker,-153.0,6,3,1,90.5714,105.0,258.0,0,69.0,17.5,166.0,43.0,4.0,-25.5,13.0667,3,3,0,0,0,4.90018,0.174915,0.0121122,0.132328,0.00991837,True
aeeem,org::apache::lucene::store::NIOFSDirectory,2,3,0,2,1,0,0,3,6.0,2.0,29,0,0,0.0,1,6.0,2.0,2,0,0,0,0,1,aeeem,org::apache::lucene::store::NIOFSDirectory,0.0,1,1,0,5.57143,1.0,1.0,0,1.0,1.0,1.0,1.0,0.0,0.0,0.0,1,1,0,0,0,1.25985,0.000772812,0.0364986,0.101967,0.0980091,True
aeeem,org::apache::lucene::index::FreqProxTermsWriterPerField,7,2,2,5,55,0,7,0,96.0,11.0,15,0,0,7.0,3,25.0,22.0,0,0,0,0,0,0,aeeem,org::apache::lucene::index::FreqProxTermsWriterPerField,28.0,2,1,0,11.7143,50.0,22.0,1,49.0,25.0,21.0,11.0,28.0,14.0,2.52,2,2,0,0,0,1.54522,0.0242349,0.0273145,0.0891453,0.0962259,True
aeeem,org::apache::lucene::demo::IndexHTML,10,1,0,10,3,0,4,0,88.0,3.0,9,4,2,0.0,1,53.0,23.0,0,0,0,0,0,0,aeeem,org::apache::lucene::demo::IndexHTML,-34.0,11,6,2,349.571,87.0,121.0,0,46.0,7.90909,51.0,11.0,3.0,-3.09091,164.714,1,1,0,0,0,6.17458,0.216048,0.0138113,0.15911,0.0205534,True
aeeem,org::apache::lucene::analysis::nl::DutchStemFilter,5,3,1,4,10,0,2,1,33.0,5.0,16,2,0,0.0,5,13.0,12.0,0,0,0,0,0,0,aeeem,org::apache::lucene::analysis::nl::DutchStemFilter,0.0,3,2,0,239.143,3.0,3.0,0,1.0,1.0,1.0,1.0,0.0,0.0,0.238095,0,0,0,0,0,0.0,0.0,0.0,0.0,0.0,True
aeeem,org::apache::lucene::index::IndexFileDeleter,17,1,5,12,91,0,11,0,319.0,14.0,9,9,4,2.0,4,130.0,66.0,3,0,0,0,0,1,aeeem,org::apache::lucene::index::IndexFileDeleter,436.0,23,4,2,98.7143,792.0,356.0,1,405.0,34.4348,203.0,15.4783,202.0,18.9565,25.8036,20,20,0,0,0,18.3422,0.377512,0.114049,0.642115,0.303306,True
aeeem,org::tartarus::snowball::ext::KpStemmer,1,2,0,1,153,0,19,6,2032.0,18.0,35,19,17,0.0,1,259.0,351.0,0,0,0,0,0,0,aeeem,org::tartarus::snowball::ext::KpStemmer,0.0,1,1,0,6.57143,1.0,1.0,0,1.0,1.0,1.0,1.0,0.0,0.0,0.0,1,1,0,0,0,1.35264,0.000832763,0.0350566,0.101164,0.0995792,True
aeeem,lucli::Lucli,12,1,0,12,78,0,19,0,188.0,13.0,9,0,11,4.0,2,80.0,40.0,0,0,0,0,0,0,aeeem,lucli::Lucli,0.0,4,2,2,251.857,4.0,4.0,0,1.0,1.0,1.0,1.0,0.0,0.0,17.8571,0,0,0,0,0,1.43177,0.0129918,0.00146826,0.0312605,9.22005e-06,True
aeeem,org::apache::lucene::analysis::ar::ArabicStemmer,2,1,1,1,28,0,13,0,53.0,8.0,9,0,0,0.0,4,16.0,21.0,0,0,0,0,0,0,aeeem,org::apache::lucene::analysis::ar::ArabicStemmer,0.0,0,0,0,0.0,0.0,0.0,0,0.0,0.0,0.0,0.0,0.0,0.0,0.0,0,0,0,0,0,0.0,0.0,0.0,0.0,0.0,True
aeeem,org::apache::lucene::index::DocFieldProcessorPerField,3,1,1,2,1,0,6,0,7.0,2.0,9,0,0,6.0,2,4.0,2.0,0,0,0,0,0,0,aeeem,org::apache::lucene::index::DocFieldProcessorPerField,0.0,1,1,0,11.7143,1.0,1.0,1,1.0,1.0,1.0,1.0,0.0,0.0,0.0,1,1,0,0,0,0.792859,0.00051848,0.0122672,0.0424562,0.0457934,True
aeeem,org::apache::lucene::analysis::LetterTokenizer,3,4,2,1,1,2,0,1,6.0,2.0,21,0,0,0.0,1,3.0,2.0,0,0,0,0,0,0,aeeem,org::apache::lucene::analysis::LetterTokenizer,-74.0,5,3,1,368.143,28.0,102.0,0,13.0,5.6,51.0,20.4,1.0,-14.8,124.041,0,0,0,0,0,1.64243,0.00391152,0.00325183,0.0418737,0.00116335,True
aeeem,org::apache::lucene::queryParser::surround::query::SimpleTerm,9,2,3,6,66,3,1,1,56.0,12.0,32,1,0,0.0,10,31.0,14.0,0,0,0,0,0,0,aeeem,org::apache::lucene::queryParser::surround::query::SimpleTerm,3.0,3,3,0,170.143,13.0,10.0,0,6.0,4.33333,5.0,3.33333,2.0,1.0,108.923,1,1,0,0,0,3.9126,0.0131323,0.0563791,0.210955,0.108084,True
aeeem,org::apache::lucene::search::SortComparator,4,2,1,3,3,0,0,0,19.0,3.0,19,0,0,0.0,2,6.0,1.0,0,0,0,0,0,0,aeeem,org::apache::lucene::search::SortComparator,14.0,5,4,0,229.0,22.0,8.0,0,18.0,4.4,4.0,1.6,17.0,2.8,135.37,1,1,0,0,0,2.1402,0.0158288,0.00623405,0.0604822,0.00782807,True
aeeem,org::apache::lucene::analysis::th::ThaiWordFilter,6,3,1,5,1,0,2,1,39.0,2.0,16,2,0,0.0,2,25.0,8.0,0,0,0,0,0,0,aeeem,org::apache::lucene::analysis::th::ThaiWordFilter,6.0,3,3,0,122.286,19.0,13.0,0,18.0,6.33333,11.0,4.33333,7.0,2.0,109.218,3,3,0,0,0,3.67948,0.012444,0.0851327,0.265063,0.206437,True
aeeem,org::apache::lucene::index::CompoundFileReader,8,2,4,4,91,0,5,2,97.0,14.0,27,5,0,0.0,14,41.0,23.0,0,0,0,0,0,0,aeeem,org::apache::lucene::index::CompoundFileReader,21.0,22,9,4,262.857,307.0,286.0,0,110.0,13.9545,78.0,13.0,82.0,0.954545,60.0861,4,4,0,0,0,8.43595,0.408934,0.0288185,0.240385,0.0637452,True
aeeem,org::apache::lucene::store::RAMDirectory,26,2,19,7,66,2,3,2,114.0,12.0,36,1,0,2.0,12,55.0,22.0,3,0,0,0,0,1,aeeem,org::apache::lucene::store::RAMDirectory,20.0,37,11,8,368.143,393.0,373.0,0,112.0,10.6216,95.0,10.0811,65.0,0.54054,174.639,19,19,0,0,0,14.0755,0.203273,0.0409222,0.387802,0.0687205,True
aeeem,org::apache::lucene::index::memory::AnalyzerUtil,10,1,0,10,55,0,2,0,237.0,11.0,9,2,3,0.0,8,63.0,32.0,0,0,0,0,0,0,aeeem,org::apache::lucene::index::memory::AnalyzerUtil,69.0,20,4,0,148.571,651.0,582.0,0,335.0,32.55,335.0,29.1,161.0,3.45,41.2012,2,2,0,0,0,8.26847,0.408332,0.0926648,0.376457,0.208128,True
aeeem,org::apache::lucene::analysis::br::BrazilianStemFilter,5,3,1,4,1,0,2,1,21.0,2.0,16,2,0,0.0,2,8.0,7.0,0,0,0,0,0,0,aeeem,org::apache::lucene::analysis::br::BrazilianStemFilter,0.0,8,3,1,250.143,8.0,8.0,0,1.0,1.0,1.0,1.0,0.0,0.0,15.6071,0,0,0,0,0,1.25878,0.00762692,0.0013038,0.0275436,8.92963e-06,True
aeeem,org::apache::lucene::index::CorruptIndexException,5,1,5,0,0,0,0,0,3.0,1.0,27,0,0,0.0,1,1.0,1.0,0,0,0,0,0,0,aeeem,org::apache::lucene::index::CorruptIndexException,0.0,1,1,0,85.0,1.0,1.0,0,1.0,1.0,1.0,1.0,0.0,0.0,0.0,1,1,0,0,0,1.09884,0.00126433,0.00252752,0.0291281,0.00157239,True
aeeem,org::apache::lucene::search::QueryTermVector,8,1,1,7,36,0,2,0,81.0,9.0,15,2,1,0.0,8,47.0,20.0,0,0,0,0,0,0,aeeem,org::apache::lucene::search::QueryTermVector,-74.0,7,4,1,241.714,32.0,106.0,0,13.0,4.57143,51.0,15.1429,4.0,-10.5714,116.821,1,1,0,0,0,3.05437,0.0118909,0.0347885,0.136055,0.100458,True
aeeem,org::apache::lucene::store::SimpleFSLockFactory,3,2,1,2,6,0,1,1,24.0,4.0,13,1,0,0.0,3,12.0,9.0,0,0,0,0,0,0,aeeem,org::apache::lucene::store::SimpleFSLockFactory,26.0,9,3,2,110.143,85.0,59.0,0,26.0,9.44444,18.0,6.55556,22.0,2.88889,31.8992,7,7,0,0,0,10.3263,0.10637,0.0293917,0.287547,0.0455709,True
aeeem,org::apache::lucene::demo::html::Entities,6,1,2,4,3,0,2,0,44.0,3.0,9,0,0,0.0,1,26.0,13.0,0,0,0,0,0,0,aeeem,org::apache::lucene::demo::html::Entities,-36.0,5,5,0,349.571,22.0,58.0,0,11.0,4.4,49.0,11.6,1.0,-7.2,176.571,1,1,0,0,0,2.88097,0.00638699,0.0551741,0.187772,0.108062,True
aeeem,org::apache::lucene::benchmark::byTask::tasks::OpenReaderTask,2,2,0,2,1,0,0,2,9.0,2.0,39,0,0,0.0,2,6.0,2.0,0,0,0,0,0,0,aeeem,org::apache::lucene::benchmark::byTask::tasks::OpenReaderTask,0.0,3,2,0,90.5714,44.0,44.0,0,42.0,14.6667,42.0,14.6667,0.0,0.0,10.9903,1,1,0,0,0,3.28866,0.0135264,0.00774168,0.0876976,0.00527147,True
aeeem,org::apache::lucene::benchmark::byTask::PerfRunData,48,1,37,12,153,0,11,0,132.0,18.0,9,11,0,0.0,18,63.0,27.0,0,0,0,0,0,0,aeeem,org::apache::lucene::benchmark::byTask::PerfRunData,42.0,14,4,1,90.5714,297.0,255.0,0,210.0,21.2143,210.0,18.2143,12.0,3.0,13.7379,8,8,0,0,0,11.2928,0.118556,0.0480877,0.351652,0.114231,True
aeeem,org::apache::lucene::search::RangeFilter,6,2,1,5,36,0,7,0,59.0,9.0,21,7,1,0.0,8,28.0,29.0,0,0,0,0,0,0,aeeem,org::apache::lucene::search::RangeFilter,163.0,8,6,0,202.143,239.0,76.0,0,126.0,29.875,54.0,9.5,72.0,20.375,160.397,4,4,0,0,0,8.49681,0.185602,0.0972412,0.392917,0.227999,True
aeeem,org::apache::lucene::index::ByteBlockPool,6,1,4,2,10,0,10,0,77.0,5.0,9,2,0,5.0,5,12.0,11.0,0,0,0,0,0,0,aeeem,org::apache::lucene::index::ByteBlockPool,5.0,3,1,0,30.0,16.0,11.0,1,11.0,5.33333,6.0,3.66667,5.0,1.66667,11.0536,3,3,0,0,0,2.57416,0.016761,0.0270383,0.11388,0.103861,True
aeeem,org::apache::lucene::analysis::CharArraySet,5,1,1,4,45,0,4,0,98.0,10.0,0,4,4,0.0,6,34.0,32.0,1,0,0,0,0,1,aeeem,org::apache::lucene::analysis::CharArraySet,139.0,5,2,1,60.7143,219.0,80.0,0,206.0,43.8,68.0,16.0,138.0,27.8,14.4279,4,4,0,0,0,4.10964,0.196315,0.0171903,0.129112,0.0424604,True
aeeem,org::apache::lucene::index::NormsWriterPerThread,2,2,1,1,15,0,2,0,13.0,6.0,13,0,0,2.0,1,7.0,6.0,0,0,0,0,0,0,aeeem,org::apache::lucene::index::NormsWriterPerThread,0.0,1,1,0,11.7143,1.0,1.0,1,1.0,1.0,1.0,1.0,0.0,0.0,0.0,1,1,0,0,0,0.792859,0.00051848,0.0122672,0.0424562,0.0457934,True
aeeem,org::apache::lucene::index::DocFieldProcessor,3,2,0,3,15,0,3,0,37.0,6.0,14,0,0,3.0,6,22.0,7.0,0,0,0,0,0,0,aeeem,org::apache::lucene::index::DocFieldProcessor,0.0,1,1,0,11.7143,1.0,1.0,1,1.0,1.0,1.0,1.0,0.0,0.0,0.0,1,1,0,0,0,0.792859,0.00051848,0.0122672,0.0424562,0.0457934,True
aeeem,org::apache::lucene::xmlparser::builders::SpanQueryBuilderFactory,3,2,1,2,6,0,1,0,14.0,4.0,11,0,0,1.0,4,11.0,4.0,0,0,0,0,0,0,aeeem,org::apache::lucene::xmlparser::builders::SpanQueryBuilderFactory,13.0,3,2,0,136.571,18.0,5.0,0,16.0,6.0,3.0,1.66667,15.0,4.33333,49.9444,1,1,0,0,0,3.66829,0.0219196,0.0564034,0.206585,0.108521,True
aeeem,org::apache::lucene::index::TermsHashPerField,15,2,6,10,136,0,22,0,388.0,17.0,13,7,2,15.0,6,60.0,84.0,0,0,0,0,0,0,aeeem,org::apache::lucene::index::TermsHashPerField,1.0,2,1,0,11.7143,4.0,3.0,1,3.0,2.0,2.0,1.5,1.0,0.5,1.92857,2,2,0,0,0,1.54522,0.00172271,0.0273145,0.0891453,0.0962259,True
aeeem,org::apache::lucene::search::ConjunctionScorer,5,3,1,4,28,0,5,0,78.0,8.0,17,5,2,0.0,6,25.0,17.0,0,0,0,0,0,0,aeeem,org::apache::lucene::search::ConjunctionScorer,-29.0,11,5,2,246.857,174.0,203.0,0,68.0,15.8182,81.0,18.4545,11.0,-2.63636,137.312,2,2,0,0,0,6.52069,0.44398,0.0180491,0.177842,0.0343981,True
aeeem,org::apache::lucene::index::FormatPostingsFieldsConsumer,2,1,2,0,1,1,0,0,0.0,2.0,9,0,0,0.0,0,2.0,0.0,0,0,0,0,0,0,aeeem,org::apache::lucene::index::FormatPostingsFieldsConsumer,0.0,0,0,0,0.0,0.0,0.0,0,0.0,0.0,0.0,0.0,0.0,0.0,0.0,0,0,0,0,0,0.0,0.0,0.0,0.0,0.0,True
aeeem,org::apache::lucene::search::MultiPhraseQuery,21,2,12,10,105,0,4,0,140.0,15.0,39,4,3,0.0,11,75.0,42.0,1,0,0,0,0,1,aeeem,org::apache::lucene::search::MultiPhraseQuery,45.0,13,6,3,208.429,96.0,51.0,0,20.0,7.38462,18.0,3.92308,20.0,3.46154,63.8229,6,6,0,0,0,14.6136,0.325199,0.12129,3.6437,0.2146,True
aeeem,org::apache::lucene::index::FieldNormModifier,11,1,1,10,3,0,2,0,86.0,3.0,9,2,0,0.0,3,46.0,18.0,0,0,0,0,0,0,aeeem,org::apache::lucene::index::FieldNormModifier,0.0,4,3,0,94.0,7.0,7.0,0,5.0,1.75,3.0,1.75,2.0,0.0,26.2857,3,3,0,0,0,4.63934,0.0116243,0.0882686,0.293469,0.209899,True
aeeem,org::apache::lucene::analysis::nl::WordlistLoader,3,1,0,3,3,0,0,0,51.0,3.0,9,0,1,0.0,2,19.0,9.0,0,0,0,0,0,0,aeeem,org::apache::lucene::analysis::nl::WordlistLoader,0.0,2,2,0,239.143,2.0,2.0,0,1.0,1.0,1.0,1.0,0.0,0.0,0.142857,0,0,0,0,0,0.0,0.0,0.0,0.0,0.0,True
aeeem,org::apache::lucene::util::BitUtil,1,1,1,0,55,0,1,0,686.0,11.0,9,0,0,0.0,11,36.0,42.0,0,0,0,0,0,0,aeeem,org::apache::lucene::util::BitUtil,0.0,1,1,0,35.5714,1.0,1.0,0,1.0,1.0,1.0,1.0,0.0,0.0,0.0,1,1,0,0,0,1.17515,0.000669115,0.00634538,0.0402517,0.0203787,True
aeeem,org::apache::lucene::analysis::miscellaneous::SingleTokenTokenStream,4,2,4,0,10,0,2,0,21.0,5.0,13,2,0,0.0,5,9.0,6.0,0,0,0,0,0,0,aeeem,org::apache::lucene::analysis::miscellaneous::SingleTokenTokenStream,3.0,2,2,0,14.0,9.0,6.0,0,8.0,4.5,5.0,3.0,3.0,1.5,6.22222,2,2,0,0,0,2.35699,0.00894951,0.0440601,0.140911,0.148302,True
aeeem,org::apache::lucene::search::spell::LevensteinDistance,2,1,1,1,1,0,0,0,71.0,2.0,10,0,0,0.0,2,7.0,8.0,1,0,0,0,0,1,aeeem,org::apache::lucene::search::spell::LevensteinDistance,0.0,2,2,0,16.0,3.0,3.0,0,2.0,1.5,2.0,1.5,0.0,0.0,0.047619,1,1,0,0,0,0.938338,0.0145218,0.0111861,0.0440916,0.0447485,True
aeeem,org::apache::lucene::analysis::miscellaneous::EmptyTokenStream,2,2,2,0,1,0,0,0,4.0,2.0,13,0,0,0.0,2,2.0,1.0,0,0,0,0,0,0,aeeem,org::apache::lucene::analysis::miscellaneous::EmptyTokenStream,-10.0,2,2,0,14.0,3.0,13.0,0,2.0,1.5,12.0,6.5,0.0,-5.0,4.66667,2,2,0,0,0,2.35699,0.00934848,0.0440601,0.140911,0.148302,True
aeeem,org::apache::lucene::util::ToStringUtils,18,1,17,1,0,0,0,0,5.0,1.0,9,0,0,0.0,1,2.0,2.0,0,0,0,0,0,0,aeeem,org::apache::lucene::util::ToStringUtils,3.0,4,4,0,153.571,9.0,6.0,0,6.0,2.25,5.0,1.5,2.0,0.75,54.3492,1,1,0,0,0,4.57123,0.0114461,0.00909305,0.115984,0.0055316,True
aeeem,org::apache::lucene::index::FreqProxFieldMergeState,4,1,1,3,3,0,12,0,56.0,3.0,9,2,0,10.0,2,10.0,10.0,0,0,0,0,0,0,aeeem,org::apache::lucene::index::FreqProxFieldMergeState,8.0,2,1,0,11.7143,17.0,9.0,1,16.0,8.5,8.0,4.5,8.0,4.0,2.42017,2,2,0,0,0,1.54522,0.00830319,0.0273145,0.0891453,0.0962259,True
aeeem,org::apache::lucene::store::instantiated::InstantiatedTermDocumentInformation,9,1,9,0,45,0,9,0,33.0,10.0,18,6,0,0.0,6,10.0,10.0,0,0,0,0,0,0,aeeem,org::apache::lucene::store::instantiated::InstantiatedTermDocumentInformation,0.0,1,1,0,29.8571,1.0,1.0,0,1.0,1.0,1.0,1.0,0.0,0.0,0.0,1,1,0,0,0,0.60098,0.00038181,0.00388466,0.0219358,0.0141336,True
aeeem,org::apache::lucene::analysis::WhitespaceAnalyzer,74,2,71,3,3,0,0,0,12.0,3.0,15,0,0,0.0,3,8.0,3.0,0,0,0,0,0,0,aeeem,org::apache::lucene::analysis::WhitespaceAnalyzer,-26.0,5,3,0,349.857,32.0,58.0,0,13.0,6.4,51.0,11.6,11.0,-5.2,193.83,1,1,0,0,0,2.82217,0.0115276,0.00699591,0.0760623,0.0067478,True
aeeem,org::apache::lucene::search::SpanQueryFilter,7,3,1,6,21,0,1,0,40.0,7.0,22,0,0,0.0,7,24.0,10.0,0,0,0,0,0,0,aeeem,org::apache::lucene::search::SpanQueryFilter,-1.0,3,3,0,64.0,5.0,6.0,0,4.0,1.66667,4.0,2.0,0.0,-0.333333,22.7429,2,2,0,0,0,3.30197,0.00427818,0.0732474,3.31753,0.114553,True
aeeem,org::apache::lucene::store::instantiated::FieldSettings,6,1,3,3,6,0,1,0,55.0,4.0,9,1,0,0.0,0,13.0,16.0,1,0,0,0,0,1,aeeem,org::apache::lucene::store::instantiated::FieldSettings,0.0,1,1,0,14.5714,1.0,1.0,0,1.0,1.0,1.0,1.0,0.0,0.0,0.0,1,1,0,0,0,0.788836,0.00158714,0.0100276,0.0382156,0.0394019,True
aeeem,org::apache::lucene::index::MultipleTermPositions,6,2,1,5,66,0,4,0,74.0,12.0,20,4,0,0.0,12,49.0,22.0,0,0,0,0,0,0,aeeem,org::apache::lucene::index::MultipleTermPositions,-95.0,12,6,1,324.857,223.0,318.0,0,160.0,18.5833,199.0,26.5,18.0,-7.91667,161.475,3,3,0,0,0,5.80413,0.263764,0.0613751,0.263233,0.112092,True
aeeem,org::apache::lucene::analysis::compound::HyphenationCompoundWordTokenFilter,5,4,1,4,3,0,1,10,81.0,3.0,24,1,0,0.0,2,24.0,18.0,0,0,0,0,0,0,aeeem,org::apache::lucene::analysis::compound::HyphenationCompoundWordTokenFilter,0.0,1,1,0,20.7143,1.0,1.0,0,1.0,1.0,1.0,1.0,0.0,0.0,0.0,1,1,0,0,0,1.18716,0.00167713,0.0103756,0.0486875,0.0417474,True
aeeem,org::apache::lucene::demo::html::HTMLParserTokenManager,4,1,1,3,1275,0,18,39,1504.0,51.0,9,2,45,7.0,5,238.0,408.0,0,0,0,0,0,0,aeeem,org::apache::lucene::demo::html::HTMLParserTokenManager,275.0,4,4,1,264.857,618.0,343.0,0,431.0,154.5,176.0,85.75,255.0,68.75,23.4621,1,1,0,0,0,1.41194,0.0023938,0.0315366,0.0941817,0.099295,True
aeeem,org::apache::lucene::benchmark::byTask::utils::FileUtils,2,1,1,1,0,0,0,0,18.0,1.0,9,0,0,0.0,1,7.0,8.0,0,0,0,0,0,0,aeeem,org::apache::lucene::benchmark::byTask::utils::FileUtils,0.0,2,2,0,90.5714,55.0,55.0,0,54.0,27.5,54.0,27.5,0.0,0.0,11.0805,0,0,0,0,0,2.58836,0.0167251,0.00607429,0.0689624,0.00411087,True
aeeem,org::apache::lucene::index::DocFieldConsumersPerField,2,2,1,1,3,0,3,0,16.0,3.0,11,0,0,3.0,3,6.0,3.0,0,0,0,0,0,0,aeeem,org::apache::lucene::index::DocFieldConsumersPerField,0.0,1,1,0,11.7143,1.0,1.0,1,1.0,1.0,1.0,1.0,0.0,0.0,0.0,1,1,0,0,0,0.792859,0.00051848,0.0122672,0.0424562,0.0457934,True
aeeem,org::apache::lucene::search::BooleanScorer2,10,3,1,9,105,0,8,0,147.0,15.0,17,8,8,0.0,7,72.0,36.0,0,0,0,0,0,0,aeeem,org::apache::lucene::search::BooleanScorer2,80.0,11,7,2,193.286,212.0,132.0,0,99.0,19.2727,77.0,12.0,23.0,7.27273,67.0849,5,5,0,0,0,12.9419,0.537444,0.027018,0.330283,0.02595,True
aeeem,org::apache::lucene::benchmark::byTask::tasks::SearchTravRetTask,0,4,0,0,1,0,0,3,6.0,2.0,64,0,0,0.0,2,2.0,2.0,0,0,0,0,0,0,aeeem,org::apache::lucene::benchmark::byTask::tasks::SearchTravRetTask,-9.0,6,3,1,90.5714,54.0,63.0,0,41.0,9.0,41.0,10.5,4.0,-1.5,10.6905,1,1,0,0,0,3.28866,0.0159804,0.00774168,0.0876976,0.00527147,True
aeeem,org::apache::lucene::index::NormsWriter,5,2,0,5,21,0,2,0,125.0,7.0,14,2,0,0.0,3,37.0,23.0,0,0,0,0,0,0,aeeem,org::apache::lucene::index::NormsWriter,0.0,1,1,0,11.7143,1.0,1.0,1,1.0,1.0,1.0,1.0,0.0,0.0,0.0,1,1,0,0,0,0.792859,0.00051848,0.0122672,0.0424562,0.0457934,True
aeeem,org::apache::lucene::benchmark::byTask::stats::Report,7,1,7,0,10,0,4,0,18.0,5.0,9,4,0,0.0,5,5.0,5.0,0,0,0,0,0,0,aeeem,org::apache::lucene::benchmark::byTask::stats::Report,0.0,3,2,0,90.5714,65.0,65.0,0,63.0,21.6667,63.0,21.6667,0.0,0.0,11.0857,1,1,0,0,0,3.28866,0.0194204,0.00774168,0.0876976,0.00527147,True
aeeem,com::sleepycat::db::DbHandleExtractor,0,1,0,0,3,0,0,0,8.0,3.0,9,0,1,0.0,2,3.0,3.0,0,0,0,0,0,0,aeeem,com::sleepycat::db::DbHandleExtractor,0.0,1,1,0,194.143,1.0,1.0,0,1.0,1.0,1.0,1.0,0.0,0.0,0.0,0,0,0,0,0,1.43177,0.0129918,0.00146826,0.0312605,9.22005e-06,True
aeeem,org::apache::lucene::index::DirectoryIndexReader,17,2,4,14,190,2,10,2,295.0,20.0,58,7,0,0.0,9,101.0,54.0,4,0,0,0,0,1,aeeem,org::apache::lucene::index::DirectoryIndexReader,209.0,10,3,0,54.8571,232.0,23.0,1,65.0,23.2,10.0,2.3,62.0,20.9,26.8972,9,9,0,0,0,9.24384,0.224015,0.105203,0.42435,0.342104,True
aeeem,org::apache::lucene::search::function::FloatFieldSource,4,3,0,4,10,0,1,0,39.0,5.0,31,1,0,0.0,5,13.0,8.0,0,0,0,0,0,0,aeeem,org::apache::lucene::search::function::FloatFieldSource,-1.0,3,2,0,70.1429,3.0,4.0,0,1.0,1.0,2.0,1.33333,0.0,-0.333333,31.3333,3,3,0,0,0,3.93677,0.00562569,0.0617223,0.227022,0.126922,True
aeeem,org::apache::lucene::search::Hit,6,1,2,4,28,0,4,0,39.0,8.0,18,4,1,0.0,6,23.0,10.0,0,0,0,0,0,0,aeeem,org::apache::lucene::search::Hit,7.0,10,6,1,180.143,43.0,36.0,0,13.0,4.3,9.0,3.6,7.0,0.7,43.7076,3,3,0,0,0,7.82654,0.129167,0.0726917,0.32827,0.158735,True
aeeem,org::apache::lucene::index::ByteSliceReader,7,2,5,2,55,0,8,0,96.0,11.0,33,0,0,8.0,10,23.0,17.0,0,0,0,0,0,0,aeeem,org::apache::lucene::index::ByteSliceReader,7.0,2,1,0,30.0,11.0,4.0,1,10.0,5.5,3.0,2.0,7.0,3.5,16.6234,2,2,0,0,0,1.39384,0.00375193,0.0161519,0.0643919,0.059927,True
aeeem,org::apache::lucene::analysis::fr::ElisionFilter,2,3,0,2,3,0,2,1,40.0,3.0,16,2,0,0.0,3,23.0,10.0,0,0,0,0,0,0,aeeem,org::apache::lucene::analysis::fr::ElisionFilter,10.0,4,3,1,66.7143,34.0,24.0,0,28.0,8.5,17.0,6.0,11.0,2.5,51.0588,3,3,0,0,0,4.42816,0.030271,0.0886806,0.290466,0.212731,True
aeeem,org::apache::lucene::benchmark::quality::QualityQuery,7,1,6,1,10,0,2,0,25.0,5.0,9,2,0,0.0,5,10.0,5.0,0,0,0,0,0,0,aeeem,org::apache::lucene::benchmark::quality::QualityQuery,0.0,1,1,0,62.7143,1.0,1.0,0,1.0,1.0,1.0,1.0,0.0,0.0,0.0,1,1,0,0,0,1.17486,0.000965682,0.00361796,0.0337529,0.00505055,True
aeeem,org::apache::lucene::search::DuplicateFilter,11,2,2,9,78,0,7,0,143.0,13.0,21,0,2,3.0,11,58.0,36.0,0,0,0,0,0,0,aeeem,org::apache::lucene::search::DuplicateFilter,3.0,4,3,0,53.1429,12.0,9.0,0,7.0,3.0,6.0,2.25,2.0,0.75,27.3333,2,2,0,0,0,3.6711,0.00730358,0.047325,0.178239,0.155845,True
aeeem,org::apache::lucene::index::TermVectorAccessor,8,1,1,7,3,0,4,0,66.0,3.0,9,4,1,0.0,2,40.0,12.0,0,0,0,0,0,0,aeeem,org::apache::lucene::index::TermVectorAccessor,0.0,1,1,0,6.28571,1.0,1.0,0,1.0,1.0,1.0,1.0,0.0,0.0,0.0,1,1,0,0,0,1.25985,0.000772812,0.0364986,0.101967,0.0980091,True
aeeem,org::apache::lucene::index::IndexWriter,91,1,66,28,7875,4,59,0,2630.0,126.0,9,45,47,3.0,55,908.0,484.0,9,0,0,0,0,1,aeeem,org::apache::lucene::index::IndexWriter,4387.0,166,14,35,368.143,8602.0,4215.0,1,1221.0,51.8193,499.0,25.3916,722.0,26.4277,296.037,81,81,0,0,0,39.6054,4.49023,0.242303,4.4516,0.535071,True
aeeem,org::apache::lucene::demo::IndexFiles,5,1,0,5,3,0,1,0,60.0,3.0,9,0,1,0.0,1,34.0,11.0,0,0,0,0,0,0,aeeem,org::apache::lucene::demo::IndexFiles,2.0,9,7,1,349.571,83.0,81.0,0,39.0,9.22222,61.0,9.0,8.0,0.222222,134.069,1,1,0,0,0,4.17914,0.011353,0.0114939,0.114259,0.0207742,True
aeeem,org::apache::lucene::search::highlight::DefaultEncoder,0,1,0,0,1,0,0,0,5.0,2.0,10,0,0,0.0,2,2.0,2.0,0,0,0,0,0,0,aeeem,org::apache::lucene::search::highlight::DefaultEncoder,-1.0,2,2,0,191.429,1.0,2.0,0,1.0,0.5,1.0,1.0,0.0,-0.5,0.0,1,1,0,0,0,2.49732,0.00812201,0.0532261,0.173442,0.106908,True
aeeem,org::apache::lucene::analysis::ISOLatin1AccentFilter,4,3,2,2,3,0,2,1,216.0,3.0,16,2,0,0.0,3,8.0,44.0,0,0,0,0,0,0,aeeem,org::apache::lucene::analysis::ISOLatin1AccentFilter,-3.0,5,2,1,183.286,175.0,178.0,0,170.0,35.0,170.0,35.6,0.0,-0.6,0.0604082,0,0,0,0,0,1.97962,0.383604,0.00218663,0.043934,2.57962e-05,True
aeeem,org::apache::lucene::search::highlight::WeightedSpanTermExtractor,27,1,1,26,55,0,5,0,269.0,11.0,9,5,6,0.0,5,144.0,56.0,0,0,0,0,0,0,aeeem,org::apache::lucene::search::highlight::WeightedSpanTermExtractor,27.0,5,3,0,23.1429,467.0,440.0,0,460.0,93.4,433.0,88.0,27.0,5.4,3.83695,5,5,0,0,0,4.9693,0.197344,0.103994,0.33567,0.288668,True
aeeem,org::apache::lucene::util::OpenBitSetDISI,4,3,2,2,10,0,0,2,29.0,5.0,71,0,0,0.0,5,27.0,14.0,0,0,0,0,0,0,aeeem,org::apache::lucene::util::OpenBitSetDISI,0.0,1,1,0,19.7143,1.0,1.0,0,1.0,1.0,1.0,1.0,0.0,0.0,0.0,1,1,0,0,0,1.26735,0.000398813,0.0120944,0.0539188,0.0490618,True
aeeem,org::apache::lucene::queryParser::surround::parser::ParseException,5,1,2,3,3,0,5,0,87.0,3.0,27,0,0,3.0,2,23.0,24.0,0,0,0,0,0,0,aeeem,org::apache::lucene::queryParser::surround::parser::ParseException,0.0,1,1,0,170.143,1.0,1.0,0,1.0,1.0,1.0,1.0,0.0,0.0,0.0,0,0,0,0,0,1.03163,0.0042698,0.00120501,0.023183,2.18418e-05,True
aeeem,org::apache::lucene::analysis::shingle::ShingleMatrixFilter,10,2,1,9,136,0,17,0,276.0,17.0,13,14,2,3.0,15,118.0,58.0,0,0,0,0,0,0,aeeem,org::apache::lucene::analysis::shingle::ShingleMatrixFilter,15.0,5,2,2,14.0,83.0,68.0,0,58.0,16.6,50.0,13.6,8.0,3.0,9.07401,2,2,0,0,0,3.59553,0.0726288,0.0959824,0.286809,0.255201,True
aeeem,org::apache::regexp::RegexpTunnel,2,1,1,1,0,0,0,0,4.0,1.0,9,0,0,0.0,1,2.0,1.0,0,0,0,0,0,0,aeeem,org::apache::regexp::RegexpTunnel,18.0,3,2,0,145.0,24.0,6.0,1,17.0,8.0,5.0,2.0,17.0,6.0,17.3571,0,0,0,0,0,4.11562,0.0229168,0.00674772,0.0999354,0.00140016,True
aeeem,org::apache::lucene::index::memory::SynonymMap,9,1,1,8,36,0,3,0,270.0,9.0,9,3,5,0.0,3,100.0,59.0,0,0,0,0,0,0,aeeem,org::apache::lucene::index::memory::SynonymMap,4.0,7,3,0,148.571,328.0,324.0,0,313.0,46.8571,313.0,46.2857,4.0,0.571429,27.6943,1,1,0,0,0,7.62066,0.141883,0.0632699,0.303907,0.110328,True
aeeem,org::apache::lucene::search::spell::SuggestWordQueue,3,2,1,2,1,0,0,1,9.0,2.0,19,0,0,0.0,0,4.0,2.0,0,0,0,0,0,0,aeeem,org::apache::lucene::search::spell::SuggestWordQueue,0.0,1,1,0,205.143,1.0,1.0,0,1.0,1.0,1.0,1.0,0.0,0.0,0.0,0,0,0,0,0,0.0,0.0,0.0,0.0,0.0,True
aeeem,org::apache::lucene::xmlparser::builders::TermQueryBuilder,4,1,1,3,1,0,0,0,10.0,2.0,10,0,0,0.0,2,8.0,1.0,0,0,0,0,0,0,aeeem,org::apache::lucene::xmlparser::builders::TermQueryBuilder,4.0,4,2,0,136.571,25.0,21.0,0,16.0,6.25,13.0,5.25,12.0,1.0,36.12,1,1,0,0,0,4.23349,0.0415435,0.0572225,0.219933,0.108584,True
aeeem,org::apache::lucene::benchmark::utils::ExtractWikipedia,11,1,0,11,15,0,4,0,103.0,6.0,9,1,1,1.0,5,49.0,20.0,0,0,0,0,0,0,aeeem,org::apache::lucene::benchmark::utils::ExtractWikipedia,-58.0,5,2,0,66.4286,92.0,150.0,0,88.0,18.4,145.0,30.0,0.0,-11.6,29.7003,3,3,0,0,0,4.75056,0.0839952,0.0194024,0.147995,0.0469234,True
aeeem,org::tartarus::snowball::ext::ItalianStemmer,1,2,0,1,66,0,14,6,924.0,12.0,35,14,11,0.0,1,102.0,164.0,0,0,0,0,0,0,aeeem,org::tartarus::snowball::ext::ItalianStemmer,0.0,1,1,0,6.57143,1.0,1.0,0,1.0,1.0,1.0,1.0,0.0,0.0,0.0,1,1,0,0,0,1.35264,0.000832763,0.0350566,0.101164,0.0995792,True
aeeem,org::apache::lucene::analysis::query::QueryAutoStopWordAnalyzer,7,2,1,6,6,0,3,0,43.0,4.0,15,0,0,2.0,4,33.0,11.0,0,0,0,0,0,0,aeeem,org::apache::lucene::analysis::query::QueryAutoStopWordAnalyzer,0.0,2,2,0,34.8571,2.0,2.0,0,1.0,1.0,1.0,1.0,0.0,0.0,13.8571,2,2,0,0,0,2.58708,0.00146705,0.037882,0.134433,0.119674,True
aeeem,org::tartarus::snowball::ext::SwedishStemmer,1,2,0,1,15,0,7,6,265.0,6.0,35,7,5,0.0,1,23.0,41.0,0,0,0,0,0,0,aeeem,org::tartarus::snowball::ext::SwedishStemmer,0.0,1,1,0,6.57143,1.0,1.0,0,1.0,1.0,1.0,1.0,0.0,0.0,0.0,1,1,0,0,0,1.35264,0.000832763,0.0350566,0.101164,0.0995792,True
aeeem,org::apache::lucene::ant::IndexTask,16,1,1,15,66,0,10,0,199.0,12.0,0,10,1,0.0,11,69.0,29.0,0,0,0,0,0,0,aeeem,org::apache::lucene::ant::IndexTask,0.0,1,1,1,191.571,1.0,1.0,0,1.0,1.0,1.0,1.0,0.0,0.0,0.0,0,0,0,0,0,1.25878,0.00762692,0.0013038,0.0275436,8.92963e-06,True
aeeem,org::apache::lucene::index::SegmentInfos,29,1,19,11,528,0,19,0,306.0,33.0,0,8,2,2.0,27,107.0,53.0,4,0,0,0,0,1,aeeem,org::apache::lucene::index::SegmentInfos,742.0,35,9,5,368.143,1117.0,375.0,0,483.0,31.9143,62.0,10.7143,445.0,21.2,275.335,21,21,0,0,0,19.5286,0.729388,0.146444,0.739952,0.360125,True
aeeem,org::apache::lucene::search::ParallelMultiSearcher,4,4,2,2,6,0,2,0,24.0,4.0,50,2,0,0.0,4,9.0,4.0,1,0,0,0,0,1,aeeem,org::apache::lucene::search::ParallelMultiSearcher,43.0,11,5,0,246.143,297.0,254.0,0,249.0,27.0,170.0,23.0909,79.0,3.90909,15.5748,2,2,0,0,0,5.96744,0.0801905,0.0189968,0.164804,0.0503248,True
aeeem,org::apache::lucene::benchmark::byTask::tasks::CloseReaderTask,3,2,0,3,1,0,0,2,11.0,2.0,39,0,0,0.0,2,6.0,3.0,0,0,0,0,0,0,aeeem,org::apache::lucene::benchmark::byTask::tasks::CloseReaderTask,0.0,3,2,0,90.5714,46.0,46.0,0,43.0,15.3333,43.0,15.3333,0.0,0.0,10.9658,1,1,0,0,0,3.28866,0.0139763,0.00774168,0.0876976,0.00527147,True
aeeem,org::apache::lucene::index::SegmentTermDocs,8,1,3,5,55,3,16,0,128.0,11.0,16,7,1,2.0,6,39.0,37.0,0,0,0,0,0,0,aeeem,org::apache::lucene::index::SegmentTermDocs,60.0,20,8,5,368.143,301.0,241.0,0,77.0,15.05,80.0,12.05,67.0,3.0,198.82,3,3,0,0,0,5.5234,0.183774,0.0318983,0.185197,0.0817897,True
aeeem,org::apache::lucene::queryParser::MultiFieldQueryParser,9,2,4,5,28,0,2,56,73.0,8.0,68,0,1,0.0,2,41.0,24.0,0,0,0,0,0,0,aeeem,org::apache::lucene::queryParser::MultiFieldQueryParser,146.0,29,8,5,345.714,702.0,556.0,0,192.0,24.2069,202.0,19.1724,105.0,5.03448,176.561,6,6,0,0,0,16.8048,1.12431,0.0825282,0.536249,0.13606,True
aeeem,org::apache::lucene::benchmark::AbstractBenchmarker,2,1,1,1,0,1,0,0,25.0,1.0,10,0,0,0.0,1,7.0,8.0,0,0,0,0,0,0,aeeem,org::apache::lucene::benchmark::AbstractBenchmarker,0.0,3,2,0,99.0,2.0,2.0,0,1.0,0.666667,1.0,0.666667,0.0,0.0,19.5714,0,0,0,0,0,2.60998,0.00541348,0.00641575,0.0701584,0.00618888,True
aeeem,org::apache::lucene::queryParser::precedence::FastCharStream,3,1,1,2,91,0,6,0,75.0,14.0,21,0,1,6.0,13,24.0,19.0,0,0,0,0,0,0,aeeem,org::apache::lucene::queryParser::precedence::FastCharStream,0.0,1,1,0,187.286,1.0,1.0,0,1.0,1.0,1.0,1.0,0.0,0.0,0.0,0,0,0,0,0,1.31187,0.00868421,0.00138824,0.0288405,1.14211e-05,True
aeeem,org::apache::lucene::search::MultiTermQuery,24,2,13,12,45,5,2,0,76.0,10.0,39,0,0,0.0,8,44.0,20.0,0,0,0,0,0,0,aeeem,org::apache::lucene::search::MultiTermQuery,-63.0,18,7,2,368.143,99.0,162.0,0,30.0,5.5,56.0,9.0,15.0,-3.5,109.758,1,1,0,0,0,7.41088,0.0690403,0.0101588,0.17215,0.00135426,True
aeeem,org::apache::lucene::store::instantiated::InstantiatedIndexWriter,27,1,3,25,153,0,10,0,469.0,18.0,9,10,0,0.0,17,277.0,50.0,1,0,0,0,0,1,aeeem,org::apache::lucene::store::instantiated::InstantiatedIndexWriter,2.0,4,3,0,29.8571,92.0,90.0,0,80.0,23.0,79.0,22.5,1.0,0.5,16.0932,3,3,0,0,0,4.35401,0.137037,0.128742,3.45233,0.2911,True
aeeem,org::apache::lucene::search::BooleanClause,18,1,16,3,45,0,2,0,37.0,10.0,18,2,0,0.0,10,17.0,14.0,0,0,0,0,0,0,aeeem,org::apache::lucene::search::BooleanClause,40.0,19,8,4,368.143,234.0,194.0,0,102.0,12.3158,62.0,10.2105,94.0,2.10526,159.803,1,1,0,0,0,10.3086,0.203041,0.0163136,0.246981,0.0054889,True
aeeem,org::apache::lucene::search::QueryFilter,2,3,0,2,3,0,0,2,9.0,3.0,27,0,0,0.0,3,6.0,3.0,0,0,0,0,0,0,aeeem,org::apache::lucene::search::QueryFilter,-62.0,10,5,2,322.286,100.0,162.0,0,27.0,10.0,51.0,16.2,9.0,-6.2,95.0971,2,2,0,0,0,4.50602,0.0508492,0.0085367,0.113095,0.00395799,True
aeeem,org::apache::lucene::analysis::Tokenizer,9,2,8,1,3,10,1,0,9.0,3.0,13,0,0,0.0,2,4.0,3.0,0,0,0,0,0,0,aeeem,org::apache::lucene::analysis::Tokenizer,-15.0,9,6,0,368.143,47.0,62.0,0,13.0,5.22222,51.0,6.88889,9.0,-1.66667,206.584,4,4,0,0,0,5.52249,0.0147491,0.0446654,0.212545,0.123469,True
aeeem,org::apache::lucene::store::RAMFile,4,1,4,0,45,1,6,0,41.0,10.0,18,3,0,3.0,0,15.0,11.0,0,0,0,0,0,0,aeeem,org::apache::lucene::store::RAMFile,35.0,7,5,1,246.857,101.0,66.0,0,55.0,14.4286,51.0,9.42857,52.0,5.0,137.301,4,4,0,0,0,5.63409,0.0360766,0.0151975,0.154655,0.0211195,True
aeeem,org::apache::lucene::benchmark::byTask::feeds::ReutersDocMaker,9,2,1,8,10,1,5,11,68.0,5.0,33,5,0,0.0,3,42.0,11.0,0,0,0,0,0,0,aeeem,org::apache::lucene::benchmark::byTask::feeds::ReutersDocMaker,-21.0,11,3,3,90.5714,203.0,224.0,0,121.0,18.4545,121.0,20.3636,11.0,-1.90909,12.6594,7,7,0,0,0,7.54956,0.143175,0.02366,0.216299,0.0409423,True
aeeem,org::apache::lucene::search::spell::SpellChecker,16,1,3,13,105,0,7,0,176.0,15.0,9,5,6,1.0,9,74.0,48.0,0,0,0,0,0,0,aeeem,org::apache::lucene::search::spell::SpellChecker,0.0,1,1,0,205.143,1.0,1.0,0,1.0,1.0,1.0,1.0,0.0,0.0,0.0,0,0,0,0,0,0.0,0.0,0.0,0.0,0.0,True
aeeem,org::apache::lucene::benchmark::stats::TimeData,5,1,2,3,36,0,6,0,42.0,9.0,9,1,0,5.0,8,20.0,11.0,0,0,0,0,0,0,aeeem,org::apache::lucene::benchmark::stats::TimeData,-1.0,3,2,0,99.0,103.0,104.0,0,102.0,34.3333,102.0,34.6667,0.0,-0.333333,19.5229,1,1,0,0,0,4.3615,0.0298344,0.0588296,0.227768,0.110914,True
aeeem,org::apache::lucene::search::payloads::PayloadSpanUtil,15,1,1,14,6,0,1,0,117.0,4.0,9,1,2,0.0,2,52.0,27.0,0,0,0,0,0,0,aeeem,org::apache::lucene::search::payloads::PayloadSpanUtil,0.0,2,2,1,7.0,2.0,2.0,0,1.0,1.0,1.0,1.0,0.0,0.0,2.14286,2,2,0,0,0,2.65048,0.00178812,0.0834589,0.24008,0.206194,True
aeeem,org::apache::lucene::search::spans::SpanQueue,2,2,0,2,1,0,0,1,16.0,2.0,19,0,0,0.0,1,8.0,4.0,0,0,0,0,0,0,aeeem,org::apache::lucene::search::spans::SpanQueue,0.0,3,2,1,244.714,3.0,3.0,0,1.0,1.0,1.0,1.0,0.0,0.0,0.619048,0,0,0,0,0,0.0,0.0,0.0,0.0,0.0,True
aeeem,org::apache::lucene::index::memory::MemoryIndex,11,1,4,9,45,0,8,0,226.0,10.0,18,8,4,0.0,6,84.0,33.0,1,0,0,0,0,1,aeeem,org::apache::lucene::index::memory::MemoryIndex,196.0,36,9,2,179.286,1239.0,1043.0,0,886.0,34.4167,886.0,28.9722,78.0,5.44444,65.7761,6,6,0,0,0,16.8263,0.59608,0.118878,0.612866,0.263269,True
aeeem,org::apache::lucene::store::instantiated::InstantiatedDocument,7,1,6,1,21,0,4,0,21.0,7.0,18,4,0,0.0,6,8.0,7.0,0,0,0,0,0,0,aeeem,org::apache::lucene::store::instantiated::InstantiatedDocument,0.0,1,1,0,29.8571,1.0,1.0,0,1.0,1.0,1.0,1.0,0.0,0.0,0.0,1,1,0,0,0,0.60098,0.00038181,0.00388466,0.0219358,0.0141336,True
aeeem,org::apache::lucene::search::Sort,5,1,3,2,6,0,3,0,20.0,4.0,18,0,0,1.0,4,10.0,6.0,1,0,0,0,0,1,aeeem,org::apache::lucene::search::Sort,115.0,16,7,1,242.143,331.0,216.0,0,145.0,20.6875,102.0,13.5,65.0,7.1875,20.4074,3,3,0,0,0,5.92561,0.0160268,0.0638892,0.2724,0.123015,True
aeeem,org::apache::lucene::index::Payload,14,1,9,5,55,0,3,0,76.0,11.0,27,0,0,0.0,11,21.0,23.0,0,0,0,0,0,0,aeeem,org::apache::lucene::index::Payload,85.0,6,2,0,81.8571,397.0,312.0,0,167.0,66.1667,163.0,52.0,42.0,14.1667,62.0507,5,5,0,0,0,6.8389,0.252059,0.0567121,0.26789,0.169496,True
aeeem,org::apache::lucene::benchmark::byTask::tasks::SearchTravTask,3,3,0,3,36,3,1,2,28.0,9.0,55,0,0,0.0,9,13.0,9.0,0,0,0,0,0,0,aeeem,org::apache::lucene::benchmark::byTask::tasks::SearchTravTask,26.0,6,3,1,90.5714,87.0,61.0,0,57.0,14.5,57.0,10.1667,21.0,4.33333,10.5747,1,1,0,0,0,3.28866,0.0203864,0.00774168,0.0876976,0.00527147,True
aeeem,org::apache::lucene::analysis::compound::hyphenation::TernaryTree,6,1,1,5,153,1,9,0,267.0,18.0,27,0,3,0.0,12,73.0,44.0,0,0,0,0,0,0,aeeem,org::apache::lucene::analysis::compound::hyphenation::TernaryTree,0.0,1,1,0,20.7143,1.0,1.0,0,1.0,1.0,1.0,1.0,0.0,0.0,0.0,1,1,0,0,0,1.18716,0.00167713,0.0103756,0.0486875,0.0417474,True
aeeem,org::apache::lucene::analysis::ru::RussianAnalyzer,6,2,1,5,3,0,32,0,26.0,3.0,15,32,1,0.0,2,12.0,5.0,0,0,0,0,0,0,aeeem,org::apache::lucene::analysis::ru::RussianAnalyzer,0.0,9,4,0,316.286,9.0,9.0,0,1.0,1.0,1.0,1.0,0.0,0.0,52.4127,0,0,0,0,0,0.0,0.0,0.0,0.0,0.0,True
aeeem,org::apache::lucene::analysis::LowerCaseTokenizer,9,5,8,1,1,0,0,1,6.0,2.0,23,0,0,0.0,1,3.0,2.0,0,0,0,0,0,0,aeeem,org::apache::lucene::analysis::LowerCaseTokenizer,-73.0,6,4,2,368.143,38.0,111.0,0,13.0,6.33333,51.0,18.5,1.0,-12.1667,99.1805,0,0,0,0,0,1.64243,0.00391152,0.00325183,0.0418737,0.00116335,True
aeeem,org::apache::lucene::search::highlight::QueryTermExtractor,8,1,0,8,6,0,0,0,61.0,4.0,9,0,3,0.0,1,27.0,14.0,0,0,0,0,0,0,aeeem,org::apache::lucene::search::highlight::QueryTermExtractor,0.0,1,1,0,234.714,1.0,1.0,0,1.0,1.0,1.0,1.0,0.0,0.0,0.0,0,0,0,0,0,0.0,0.0,0.0,0.0,0.0,True
aeeem,org::tartarus::snowball::ext::HungarianStemmer,1,2,0,1,120,0,14,6,907.0,16.0,35,14,15,0.0,1,138.0,171.0,0,0,0,0,0,0,aeeem,org::tartarus::snowball::ext::HungarianStemmer,0.0,1,1,0,6.57143,1.0,1.0,0,1.0,1.0,1.0,1.0,0.0,0.0,0.0,1,1,0,0,0,1.35264,0.000832763,0.0350566,0.101164,0.0995792,True
aeeem,org::apache::lucene::search::highlight::SimpleHTMLEncoder,3,1,1,2,3,0,0,0,49.0,3.0,10,0,0,0.0,3,17.0,11.0,0,0,0,0,0,0,aeeem,org::apache::lucene::search::highlight::SimpleHTMLEncoder,6.0,3,2,1,191.429,9.0,3.0,0,8.0,3.0,1.0,1.0,7.0,2.0,26.9206,1,1,0,0,0,3.14666,0.191643,0.0540233,0.188199,0.106929,True
aeeem,org::apache::lucene::search::PrefixQuery,13,3,6,7,10,0,1,2,25.0,5.0,49,1,0,0.0,4,19.0,7.0,0,0,0,0,0,0,aeeem,org::apache::lucene::search::PrefixQuery,-61.0,18,7,2,368.143,79.0,140.0,0,25.0,4.38889,51.0,7.77778,13.0,-3.38889,137.796,2,2,0,0,0,9.97613,0.0833865,0.0150425,0.236497,0.00393042,True
aeeem,org::apache::lucene::analysis::standard::StandardAnalyzer,12,2,6,6,36,0,6,0,48.0,9.0,15,4,0,0.0,9,24.0,10.0,0,0,0,0,0,0,aeeem,org::apache::lucene::analysis::standard::StandardAnalyzer,169.0,22,9,3,368.143,320.0,151.0,0,100.0,14.5455,51.0,6.86364,98.0,7.68182,239.629,6,6,0,0,0,10.68,0.149897,0.0747449,0.39539,0.15959,True
aeeem,org::apache::lucene::document::FieldSelectorResult,1,1,1,0,3,0,8,0,16.0,3.0,18,1,1,0.0,2,5.0,7.0,0,0,0,0,0,0,aeeem,org::apache::lucene::document::FieldSelectorResult,52.0,8,4,1,121.571,167.0,115.0,0,96.0,20.875,96.0,14.375,32.0,6.5,66.6801,2,2,0,0,0,8.13453,0.106547,0.0265863,0.231586,0.0568552,True
aeeem,org::apache::lucene::search::TopFieldDocs,1,2,1,0,0,0,1,2,4.0,1.0,21,0,0,1.0,0,1.0,1.0,0,0,0,0,0,0,aeeem,org::apache::lucene::search::TopFieldDocs,1.0,6,3,0,242.143,13.0,12.0,0,6.0,2.16667,5.0,2.0,1.0,0.166667,117.78,2,2,0,0,0,5.42599,0.0216352,0.0582676,0.245446,0.108156,True
aeeem,org::apache::lucene::index::BufferedDeletes,4,1,1,3,6,0,4,0,71.0,4.0,9,0,0,4.0,0,47.0,15.0,0,0,0,0,0,0,aeeem,org::apache::lucene::index::BufferedDeletes,0.0,1,1,0,30.0,1.0,1.0,0,1.0,1.0,1.0,1.0,0.0,0.0,0.0,1,1,0,0,0,0.60098,0.00038181,0.00388466,0.0219358,0.0141336,True
aeeem,org::apache::lucene::index::IntBlockPool,4,1,2,2,3,0,7,0,29.0,3.0,9,1,0,6.0,3,6.0,6.0,0,0,0,0,0,0,aeeem,org::apache::lucene::index::IntBlockPool,0.0,1,1,0,11.7143,1.0,1.0,1,1.0,1.0,1.0,1.0,0.0,0.0,0.0,1,1,0,0,0,0.792859,0.00051848,0.0122672,0.0424562,0.0457934,True
aeeem,org::apache::lucene::analysis::ar::ArabicLetterTokenizer,5,5,3,2,1,0,0,1,6.0,2.0,23,0,0,0.0,1,4.0,3.0,0,0,0,0,0,0,aeeem,org::apache::lucene::analysis::ar::ArabicLetterTokenizer,0.0,0,0,0,0.0,0.0,0.0,0,0.0,0.0,0.0,0.0,0.0,0.0,0.0,0,0,0,0,0,0.0,0.0,0.0,0.0,0.0,True
aeeem,org::apache::lucene::search::SampleComparable,5,1,1,4,6,0,2,0,86.0,4.0,18,0,0,2.0,4,12.0,5.0,0,0,0,0,0,0,aeeem,org::apache::lucene::search::SampleComparable,0.0,2,2,0,200.429,2.0,2.0,0,1.0,1.0,1.0,1.0,0.0,0.0,33.6429,0,0,0,0,0,1.45008,0.00155124,0.00214814,0.0344245,0.00018773,True
aeeem,org::apache::lucene::search::Searcher,38,2,38,1,55,3,1,0,16.0,11.0,26,1,0,0.0,10,13.0,5.0,0,0,0,0,0,0,aeeem,org::apache::lucene::search::Searcher,123.0,24,8,2,368.143,256.0,133.0,0,68.0,10.6667,51.0,5.54167,67.0,5.125,159.17,6,6,0,0,0,10.3467,0.220623,0.0638529,0.352466,0.171877,True
aeeem,org::apache::lucene::index::InvertedDocEndConsumerPerThread,2,1,2,0,6,1,0,0,0.0,4.0,9,0,0,0.0,0,4.0,0.0,0,0,0,0,0,0,aeeem,org::apache::lucene::index::InvertedDocEndConsumerPerThread,0.0,1,1,0,11.7143,1.0,1.0,1,1.0,1.0,1.0,1.0,0.0,0.0,0.0,1,1,0,0,0,0.792859,0.00051848,0.0122672,0.0424562,0.0457934,True
aeeem,org::apache::lucene::analysis::LengthFilter,3,3,1,2,1,0,2,1,19.0,2.0,16,0,0,2.0,2,4.0,5.0,0,0,0,0,0,0,aeeem,org::apache::lucene::analysis::LengthFilter,0.0,2,2,0,240.143,2.0,2.0,0,1.0,1.0,1.0,1.0,0.0,0.0,0.642857,0,0,0,0,0,0.0,0.0,0.0,0.0,0.0,True
aeeem,org::apache::lucene::search::PhraseQueue,2,2,1,1,1,0,0,1,16.0,2.0,19,0,0,0.0,0,3.0,4.0,0,0,0,0,0,0,aeeem,org::apache::lucene::search::PhraseQueue,-32.0,4,4,1,368.143,26.0,58.0,0,13.0,6.5,51.0,14.5,5.0,-8.0,195.225,2,2,0,0,0,2.6029,0.00923303,0.0057418,0.0681672,0.00340696,True
aeeem,org::apache::lucene::index::GCJTermDocs,1,2,1,0,1,0,0,9,3.0,2.0,26,0,0,0.0,2,2.0,1.0,0,0,0,0,0,0,aeeem,org::apache::lucene::index::GCJTermDocs,1.0,2,2,0,211.0,7.0,6.0,0,6.0,3.5,5.0,3.0,1.0,0.5,95.2653,0,0,0,0,0,1.64243,0.00391152,0.00325183,0.0418737,0.00116335,True
aeeem,org::apache::lucene::search::regex::JakartaRegexpCapabilities,4,1,1,3,15,0,1,0,23.0,6.0,12,1,0,0.0,6,14.0,12.0,0,0,0,0,0,0,aeeem,org::apache::lucene::search::regex::JakartaRegexpCapabilities,37.0,4,2,0,145.0,43.0,6.0,1,21.0,10.75,5.0,1.5,21.0,9.25,10.4851,0,0,0,0,0,4.11562,0.0629032,0.00674772,0.0999354,0.00140016,True
aeeem,org::apache::lucene::xmlparser::DOMUtils,29,1,20,9,91,0,0,0,166.0,14.0,9,0,1,0.0,13,71.0,39.0,0,0,0,0,0,0,aeeem,org::apache::lucene::xmlparser::DOMUtils,78.0,6,2,2,136.571,86.0,8.0,0,59.0,14.3333,3.0,1.33333,59.0,13.0,15.794,1,1,0,0,0,5.48549,0.0727159,0.0196286,0.159005,0.0480047,True
aeeem,org::apache::lucene::util::cache::SimpleMapCache,1,2,1,1,21,2,1,0,21.0,7.0,15,0,0,1.0,6,12.0,7.0,0,0,0,0,0,0,aeeem,org::apache::lucene::util::cache::SimpleMapCache,0.0,1,1,0,19.7143,1.0,1.0,0,1.0,1.0,1.0,1.0,0.0,0.0,0.0,1,1,0,0,0,1.26735,0.000398813,0.0120944,0.0539188,0.0490618,True
aeeem,org::apache::lucene::analysis::de::GermanAnalyzer,4,2,0,4,3,0,3,0,14.0,3.0,15,2,0,0.0,3,10.0,3.0,0,0,0,0,0,0,aeeem,org::apache::lucene::analysis::de::GermanAnalyzer,0.0,4,1,0,216.286,4.0,4.0,0,1.0,1.0,1.0,1.0,0.0,0.0,5.96429,0,0,0,0,0,0.0,0.0,0.0,0.0,0.0,True
aeeem,org::apache::lucene::xmlparser::FilterBuilderFactory,6,1,4,2,6,0,1,0,14.0,4.0,10,0,0,1.0,4,11.0,4.0,0,0,0,0,0,0,aeeem,org::apache::lucene::xmlparser::FilterBuilderFactory,16.0,4,2,1,136.571,22.0,6.0,0,16.0,5.5,3.0,1.5,15.0,4.0,49.0195,1,1,0,0,0,4.12294,0.0208157,0.0573708,0.218393,0.108978,True
aeeem,org::apache::lucene::benchmark::byTask::tasks::RepSumByNameRoundTask,6,3,0,6,3,0,0,12,40.0,3.0,46,0,0,0.0,2,28.0,6.0,0,0,0,0,0,0,aeeem,org::apache::lucene::benchmark::byTask::tasks::RepSumByNameRoundTask,36.0,3,2,0,90.5714,82.0,46.0,0,43.0,27.3333,43.0,15.3333,36.0,12.0,10.3537,1,1,0,0,0,3.28866,0.0170226,0.00774168,0.0876976,0.00527147,True
aeeem,org::apache::lucene::benchmark::byTask::tasks::RepSumByPrefRoundTask,7,4,0,7,3,0,0,13,40.0,3.0,51,0,0,0.0,2,31.0,7.0,0,0,0,0,0,0,aeeem,org::apache::lucene::benchmark::byTask::tasks::RepSumByPrefRoundTask,33.0,3,2,0,90.5714,79.0,46.0,0,43.0,26.3333,43.0,15.3333,33.0,11.0,10.3834,1,1,0,0,0,3.28866,0.0167688,0.00774168,0.0876976,0.00527147,True
aeeem,org::apache::lucene::index::DefaultSkipListWriter,6,2,4,2,15,0,11,0,79.0,6.0,15,11,0,0.0,0,18.0,10.0,0,0,0,0,0,0,aeeem,org::apache::lucene::index::DefaultSkipListWriter,2.0,3,2,0,70.8571,129.0,127.0,0,124.0,43.0,124.0,42.3333,2.0,0.666667,50.6622,2,2,0,0,0,3.69563,0.0541249,0.0372384,0.158247,0.12715,True
aeeem,org::apache::lucene::index::SegmentMergeQueue,5,2,2,3,3,0,0,1,16.0,3.0,19,0,0,0.0,0,8.0,5.0,0,0,0,0,0,0,aeeem,org::apache::lucene::index::SegmentMergeQueue,-37.0,3,3,0,368.143,20.0,57.0,0,13.0,6.66667,51.0,19.0,1.0,-12.3333,166.193,0,0,0,0,0,1.64243,0.00391152,0.00325183,0.0418737,0.00116335,True
aeeem,org::apache::lucene::search::highlight::WeightedSpanTerm,4,2,4,0,15,0,2,2,33.0,6.0,14,1,0,1.0,6,10.0,9.0,0,0,0,0,0,0,aeeem,org::apache::lucene::search::highlight::WeightedSpanTerm,0.0,1,1,0,23.1429,1.0,1.0,0,1.0,1.0,1.0,1.0,0.0,0.0,0.0,1,1,0,0,0,1.05147,0.00465413,0.00844083,0.0416713,0.0334121,True
aeeem,org::apache::lucene::index::TermsHash,8,2,2,7,45,0,10,1,166.0,10.0,15,4,0,6.0,5,52.0,29.0,0,0,0,0,0,0,aeeem,org::apache::lucene::index::TermsHash,-11.0,3,1,1,11.7143,11.0,22.0,1,10.0,3.66667,19.0,7.33333,0.0,-3.66667,2.46753,2,2,0,0,0,1.54522,0.0107276,0.0273145,0.0891453,0.0962259,True
aeeem,org::apache::lucene::benchmark::byTask::feeds::SortableSimpleDocMaker,5,3,0,5,3,0,1,12,16.0,3.0,36,1,1,0.0,1,14.0,3.0,0,0,0,0,0,0,aeeem,org::apache::lucene::benchmark::byTask::feeds::SortableSimpleDocMaker,0.0,1,1,0,4.14286,1.0,1.0,0,1.0,1.0,1.0,1.0,0.0,0.0,0.0,1,1,0,0,0,1.23854,0.000990187,0.0519223,0.145898,0.106899,True
aeeem,org::apache::lucene::analysis::KeywordAnalyzer,6,2,4,2,3,0,0,0,12.0,3.0,15,0,0,0.0,3,8.0,3.0,0,0,0,0,0,0,aeeem,org::apache::lucene::analysis::KeywordAnalyzer,-19.0,5,2,1,191.143,4.0,23.0,0,2.0,0.8,20.0,4.6,1.0,-3.8,7.82143,0,0,0,0,0,3.22194,0.0988745,0.00348845,0.0711839,3.64505e-05,True
aeeem,org::apache::lucene::xmlparser::builders::CachedFilterBuilder,9,1,1,8,1,0,4,0,47.0,2.0,10,4,0,0.0,2,12.0,6.0,0,0,0,0,0,0,aeeem,org::apache::lucene::xmlparser::builders::CachedFilterBuilder,6.0,5,3,1,91.7143,27.0,21.0,0,16.0,5.4,15.0,4.2,15.0,1.2,24.3598,2,2,0,0,0,4.71817,0.038075,0.0654335,0.251675,0.140904,True
aeeem,org::apache::lucene::search::highlight::TextFragment,4,1,3,1,21,0,5,0,24.0,7.0,9,0,0,5.0,6,9.0,7.0,0,0,0,0,0,0,aeeem,org::apache::lucene::search::highlight::TextFragment,0.0,1,1,0,234.714,1.0,1.0,0,1.0,1.0,1.0,1.0,0.0,0.0,0.0,0,0,0,0,0,0.0,0.0,0.0,0.0,0.0,True
aeeem,org::apache::lucene::benchmark::byTask::stats::TaskStats,14,1,9,5,91,0,10,0,69.0,14.0,18,10,0,0.0,12,34.0,17.0,0,0,0,0,0,0,aeeem,org::apache::lucene::benchmark::byTask::stats::TaskStats,0.0,3,2,0,90.5714,193.0,193.0,0,190.0,64.3333,190.0,64.3333,0.0,0.0,11.2095,1,1,0,0,0,3.28866,0.0552344,0.00774168,0.0876976,0.00527147,True
aeeem,org::apache::lucene::search::ScoreDoc,1,1,1,0,0,1,2,0,4.0,1.0,18,0,0,2.0,1,1.0,1.0,0,0,0,0,0,0,aeeem,org::apache::lucene::search::ScoreDoc,-29.0,5,3,1,368.143,35.0,64.0,0,14.0,7.0,51.0,12.8,8.0,-5.8,113.457,0,0,0,0,0,1.64243,0.00391152,0.00325183,0.0418737,0.00116335,True
aeeem,org::apache::lucene::search::ReqExclScorer,4,3,1,3,21,0,3,0,79.0,7.0,17,3,1,0.0,6,28.0,24.0,0,0,0,0,0,0,aeeem,org::apache::lucene::search::ReqExclScorer,1.0,2,2,0,193.286,7.0,6.0,0,6.0,3.5,5.0,3.0,1.0,0.5,80.0816,0,0,0,0,0,3.0742,0.0169033,0.00472009,0.0731342,0.00117257,True
aeeem,org::apache::lucene::queryParser::precedence::Token,2,1,2,0,3,0,8,0,9.0,3.0,9,0,0,8.0,3,4.0,2.0,0,0,0,0,0,0,aeeem,org::apache::lucene::queryParser::precedence::Token,0.0,1,1,0,187.286,1.0,1.0,0,1.0,1.0,1.0,1.0,0.0,0.0,0.0,0,0,0,0,0,1.31187,0.00868421,0.00138824,0.0288405,1.14211e-05,True
aeeem,org::apache::lucene::index::TermInfosWriter,10,1,2,8,21,0,19,0,114.0,7.0,9,11,5,5.0,0,35.0,26.0,0,0,0,0,0,0,aeeem,org::apache::lucene::index::TermInfosWriter,69.0,16,8,0,368.143,272.0,203.0,0,78.0,17.0,61.0,12.6875,47.0,4.3125,258.475,5,5,0,0,0,9.59891,0.287962,0.0310337,0.273717,0.0697348,True
aeeem,org::apache::lucene::search::function::ReverseOrdFieldSource,4,2,1,3,10,0,2,0,44.0,5.0,23,1,0,1.0,5,10.0,6.0,0,0,0,0,0,0,aeeem,org::apache::lucene::search::function::ReverseOrdFieldSource,-1.0,3,2,0,70.1429,3.0,4.0,0,1.0,1.0,2.0,1.33333,0.0,-0.333333,31.3333,3,3,0,0,0,3.93677,0.00562569,0.0617223,0.227022,0.126922,True
aeeem,org::apache::lucene::benchmark::byTask::tasks::CreateIndexTask,8,2,2,6,3,0,0,2,66.0,3.0,39,0,0,0.0,3,41.0,6.0,0,0,0,0,0,0,aeeem,org::apache::lucene::benchmark::byTask::tasks::CreateIndexTask,47.0,12,3,5,90.5714,164.0,117.0,0,62.0,13.6667,56.0,9.75,39.0,3.91667,34.939,8,8,0,0,0,9.35438,0.0803641,0.0922037,3.49127,0.146405,True
aeeem,org::apache::lucene::search::highlight::NullFragmenter,4,1,4,0,3,0,0,0,5.0,3.0,11,0,0,0.0,3,3.0,2.0,0,0,0,0,0,0,aeeem,org::apache::lucene::search::highlight::NullFragmenter,1.0,2,2,0,151.571,7.0,6.0,0,6.0,3.5,5.0,3.0,1.0,0.5,44.3265,0,0,0,0,0,3.0352,0.00794454,0.00507112,0.0739787,0.00123629,True
aeeem,org::apache::lucene::benchmark::byTask::tasks::ClearStatsTask,3,2,0,3,3,0,0,2,10.0,3.0,39,0,0,0.0,2,6.0,3.0,0,0,0,0,0,0,aeeem,org::apache::lucene::benchmark::byTask::tasks::ClearStatsTask,0.0,3,2,0,90.5714,45.0,45.0,0,43.0,15.0,43.0,15.0,0.0,0.0,10.9968,1,1,0,0,0,3.28866,0.013807,0.00774168,0.0876976,0.00527147,True
aeeem,org::apache::lucene::queryParser::QueryParserTokenManager,3,1,1,2,496,0,19,38,1040.0,32.0,9,2,26,7.0,5,184.0,334.0,0,0,0,0,0,0,aeeem,org::apache::lucene::queryParser::QueryParserTokenManager,145.0,15,8,2,264.857,1045.0,900.0,0,154.0,69.6667,181.0,60.0,59.0,9.66667,177.82,9,9,0,0,0,10.2371,0.598752,0.108996,0.456687,0.266352,True
aeeem,org::apache::lucene::analysis::ru::RussianCharsets,2,1,1,1,0,0,3,0,41.0,1.0,9,0,0,3.0,1,2.0,16.0,0,0,0,0,0,0,aeeem,org::apache::lucene::analysis::ru::RussianCharsets,0.0,1,1,0,216.286,1.0,1.0,0,1.0,1.0,1.0,1.0,0.0,0.0,0.0,0,0,0,0,0,0.0,0.0,0.0,0.0,0.0,True
aeeem,org::apache::lucene::search::highlight::WeightedTerm,4,1,4,0,10,1,2,0,16.0,5.0,9,0,0,2.0,5,5.0,5.0,0,0,0,0,0,0,aeeem,org::apache::lucene::search::highlight::WeightedTerm,0.0,1,1,0,234.714,1.0,1.0,0,1.0,1.0,1.0,1.0,0.0,0.0,0.0,0,0,0,0,0,0.0,0.0,0.0,0.0,0.0,True
aeeem,org::apache::lucene::queryParser::QueryParser,73,1,46,27,2628,5,42,38,1009.0,73.0,9,24,14,16.0,42,345.0,290.0,1,0,0,0,0,1,aeeem,org::apache::lucene::queryParser::QueryParser,727.0,57,12,11,264.857,1332.0,605.0,0,116.0,23.3684,123.0,10.614,93.0,12.7544,142.483,18,18,0,0,0,23.6331,0.865223,0.13696,0.797407,0.298367,True
aeeem,org::apache::lucene::store::RAMOutputStream,12,2,9,3,78,1,7,0,98.0,13.0,24,6,2,0.0,10,34.0,24.0,0,0,0,0,0,0,aeeem,org::apache::lucene::store::RAMOutputStream,13.0,16,5,4,246.857,146.0,133.0,1,77.0,9.125,51.0,8.3125,46.0,0.8125,143.408,11,11,0,0,0,13.5448,0.146081,0.0774005,0.453825,0.17475,True
aeeem,org::apache::lucene::store::RAMInputStream,5,2,3,2,28,1,8,0,68.0,8.0,42,7,1,0.0,6,16.0,20.0,0,0,0,0,0,0,aeeem,org::apache::lucene::store::RAMInputStream,21.0,11,5,1,246.857,124.0,103.0,0,68.0,11.2727,51.0,9.36364,46.0,1.90909,145.357,7,7,0,0,0,9.10209,0.0914275,0.0272107,0.256815,0.045721,True
aeeem,org::apache::lucene::search::PhrasePositions,5,1,3,2,10,0,7,0,35.0,5.0,9,0,0,7.0,0,14.0,8.0,0,0,0,0,0,0,aeeem,org::apache::lucene::search::PhrasePositions,-15.0,6,5,1,368.143,46.0,61.0,0,15.0,7.66667,51.0,10.1667,12.0,-2.5,178.556,2,2,0,0,0,2.6029,0.0115137,0.0057418,0.0681672,0.00340696,True
aeeem,org::apache::lucene::analysis::miscellaneous::PrefixAndSuffixAwareTokenFilter,6,2,4,2,15,0,1,0,32.0,6.0,13,1,0,0.0,6,18.0,6.0,0,0,0,0,0,0,aeeem,org::apache::lucene::analysis::miscellaneous::PrefixAndSuffixAwareTokenFilter,1.0,2,2,0,14.0,4.0,3.0,0,3.0,2.0,2.0,1.5,1.0,0.5,5.25,2,2,0,0,0,2.35699,0.00575777,0.0440601,0.140911,0.148302,True
aeeem,org::apache::lucene::analysis::br::BrazilianStemmer,3,1,1,2,171,0,5,0,847.0,19.0,9,5,16,0.0,2,423.0,321.0,0,0,0,0,0,0,aeeem,org::apache::lucene::analysis::br::BrazilianStemmer,0.0,5,3,1,250.143,5.0,5.0,0,1.0,1.0,1.0,1.0,0.0,0.0,16.1429,0,0,0,0,0,0.0,0.0,0.0,0.0,0.0,True
aeeem,org::apache::lucene::search::SloppyPhraseScorer,6,4,2,4,10,0,4,5,139.0,5.0,27,4,3,0.0,0,30.0,40.0,0,0,0,0,0,0,aeeem,org::apache::lucene::search::SloppyPhraseScorer,110.0,11,8,1,368.143,262.0,152.0,0,142.0,23.8182,51.0,13.8182,125.0,10.0,254.441,3,3,0,0,0,3.75035,0.148683,0.0273738,0.136886,0.0778025,True
aeeem,org::apache::lucene::benchmark::quality::QualityStats,8,1,3,5,120,0,12,0,154.0,16.0,9,11,2,0.0,14,57.0,40.0,0,0,0,0,0,0,aeeem,org::apache::lucene::benchmark::quality::QualityStats,28.0,3,1,0,62.7143,31.0,3.0,0,29.0,10.3333,1.0,1.0,28.0,9.33333,22.424,2,2,0,0,0,3.00249,0.0176672,0.0134887,0.096298,0.0366511,True
aeeem,org::apache::lucene::index::DocFieldConsumers,4,2,2,4,36,0,5,1,80.0,9.0,15,0,0,5.0,6,35.0,13.0,0,0,0,0,0,0,aeeem,org::apache::lucene::index::DocFieldConsumers,0.0,1,1,0,11.7143,1.0,1.0,1,1.0,1.0,1.0,1.0,0.0,0.0,0.0,1,1,0,0,0,0.792859,0.00051848,0.0122672,0.0424562,0.0457934,True
aeeem,org::apache::lucene::index::SegmentTermPositionVector,1,2,1,0,3,0,3,0,26.0,3.0,31,0,0,0.0,3,3.0,9.0,0,0,0,0,0,0,aeeem,org::apache::lucene::index::SegmentTermPositionVector,1.0,3,3,0,209.143,8.0,7.0,0,6.0,2.66667,5.0,2.33333,1.0,0.333333,99.4107,1,1,0,0,0,2.99256,0.00675117,0.00705617,0.0796972,0.00545641,True
aeeem,org::apache::lucene::store::je::JEIndexInput,6,2,1,5,28,0,5,0,88.0,8.0,33,0,0,0.0,7,35.0,16.0,0,0,0,0,0,0,aeeem,org::apache::lucene::store::je::JEIndexInput,0.0,3,3,0,143.857,8.0,8.0,0,6.0,2.66667,5.0,2.66667,1.0,0.0,50.5714,1,1,0,0,0,3.81886,0.0130551,0.0564659,0.209658,0.108135,True
aeeem,org::apache::lucene::search::CachingSpanFilter,3,3,0,3,28,0,2,0,39.0,8.0,22,0,1,0.0,7,19.0,13.0,0,0,0,0,0,0,aeeem,org::apache::lucene::search::CachingSpanFilter,8.0,2,2,0,64.0,10.0,2.0,0,9.0,5.0,1.0,1.0,8.0,4.0,25.5857,2,2,0,0,0,2.35,0.00431126,0.00996333,0.0740046,0.0254293,True
