dataset_family_x,classname,cbo,dit,fanIn,fanOut,lcom,noc,numberOfAttributes,numberOfAttributesInherited,numberOfLinesOfCode,numberOfMethods,numberOfMethodsInherited,numberOfPrivateAttributes,numberOfPrivateMethods,numberOfPublicAttributes,numberOfPublicMethods,rfc,wmc,bugs,nonTrivialBugs,majorBugs,criticalBugs,highPriorityBugs,defects,dataset_family_y,file_module_id,code_churn,commit_count,num_developers,bugfix_commit_count,days_since_last_modified,lines_added,lines_deleted,numberOfRefactoringsUntil,maxLinesAddedUntil,avgLinesAddedUntil,maxLinesRemovedUntil,avgLinesRemovedUntil,maxCodeChurnUntil,avgCodeChurnUntil,weightedAgeWithRespectTo,numberOfBugsFoundUntil,numberOfNonTrivialBugsFoundUntil,numberOfMajorBugsFoundUntil,numberOfCriticalBugsFoundUntil,numberOfHighPriorityBugsFoundUntil,CvsEntropy,CvsWEntropy,CvsLinEntropy,CvsLogEntropy,CvsExpEntropy,repo_metrics_available
aeeem,org::eclipse::jdt::internal::core::search::indexing::IndexBinaryFolder,9,2,1,9,15,0,1,8,122.0,6.0,19,0,0,1.0,5,34.0,20.0,0,0,0,0,0,0,aeeem,org::eclipse::jdt::internal::core::search::indexing::IndexBinaryFolder,42.0,65,8,4,350.571,608.0,566.0,0,158.0,9.35385,158.0,8.70769,15.0,0.646154,63.0609,3,2,0,0,0,10.9131,0.00830197,0.0147667,0.253257,0.00112474,True
aeeem,org::eclipse::jdt::internal::compiler::codegen::CachedIndexEntry,1,1,1,0,0,0,2,0,4.0,1.0,8,0,0,2.0,1,1.0,1.0,0,0,0,0,0,0,aeeem,org::eclipse::jdt::internal::compiler::codegen::CachedIndexEntry,10.0,2,2,0,117.714,10.0,0.0,0,10.0,5.0,0.0,0.0,10.0,5.0,0.0,0,0,0,0,0,1.10349,0.000657459,0.00188573,0.027116,0.000350878,True
aeeem,org::eclipse::jdt::internal::compiler::ast::ASTNode,114,1,102,18,190,6,131,249,484.0,20.0,8,0,1,3.0,19,156.0,176.0,1,0,0,0,0,1,aeeem,org::eclipse::jdt::internal::compiler::ast::ASTNode,593.0,120,12,10,238.429,1361.0,768.0,0,99.0,11.3417,77.0,6.4,66.0,4.94167,104.204,55,48,6,4,2,37.8606,0.228509,0.10618,1.0284,0.210412,True
aeeem,org::eclipse::jdt::internal::compiler::lookup::MemberTypeBinding,5,6,1,4,10,0,0,61,33.0,5.0,207,0,0,0.0,4,18.0,12.0,0,0,0,0,0,0,aeeem,org::eclipse::jdt::internal::compiler::lookup::MemberTypeBinding,15.0,28,5,4,367.0,138.0,123.0,0,39.0,4.92857,39.0,4.39286,23.0,0.535714,112.678,3,3,0,0,0,5.86013,0.00910478,0.0101128,0.14368,0.0034853,True
aeeem,org::eclipse::jdt::internal::eval::CodeSnippetParser,23,2,1,22,820,0,7,416,673.0,41.0,8,0,2,7.0,1,174.0,115.0,0,0,0,0,0,0,aeeem,org::eclipse::jdt::internal::eval::CodeSnippetParser,-11.0,93,8,17,367.0,1870.0,1881.0,0,684.0,20.1075,692.0,20.2258,18.0,-0.11828,54.9702,15,13,1,1,0,13.596,0.0160054,0.0257509,0.338602,0.0213775,True
aeeem,org::eclipse::jdt::internal::formatter::Location,2,1,1,1,1,0,12,0,16.0,2.0,8,0,0,12.0,2,4.0,2.0,0,0,0,0,0,0,aeeem,org::eclipse::jdt::internal::formatter::Location,20.0,16,5,5,264.857,37.0,17.0,0,6.0,2.3125,6.0,1.0625,4.0,1.25,48.8224,13,13,3,0,0,4.55853,0.00199999,0.00548106,0.103103,0.000127393,True
aeeem,org::eclipse::jdt::core::dom::SingleMemberAnnotation,6,4,2,4,78,0,4,96,87.0,13.0,88,2,0,0.0,3,46.0,23.0,0,0,0,0,0,0,aeeem,org::eclipse::jdt::core::dom::SingleMemberAnnotation,461.0,30,5,5,226.0,535.0,74.0,0,142.0,17.8333,13.0,2.46667,142.0,15.3667,3.2259,5,4,0,0,0,5.59671,0.00395051,0.149865,8.07898,0.23097,True
aeeem,org::eclipse::jdt::internal::compiler::parser::NLSTag,2,1,2,0,1,0,4,0,9.0,2.0,8,0,0,4.0,2,2.0,2.0,0,0,0,0,0,0,aeeem,org::eclipse::jdt::internal::compiler::parser::NLSTag,-15.0,7,2,6,150.714,14.0,29.0,0,7.0,2.0,27.0,4.14286,4.0,-2.14286,12.1531,6,5,0,0,0,4.98774,0.00385486,0.00788835,0.120148,0.0012199,True
aeeem,org::eclipse::jdt::internal::compiler::parser::RecoveredBlock,11,3,2,9,105,0,9,119,250.0,15.0,40,0,0,9.0,13,50.0,64.0,0,0,0,0,0,0,aeeem,org::eclipse::jdt::internal::compiler::parser::RecoveredBlock,186.0,52,7,5,367.0,1075.0,889.0,0,343.0,20.6731,343.0,17.0962,68.0,3.57692,81.1875,7,6,0,0,1,11.93,0.0397218,0.170703,8.25875,0.27893,True
aeeem,org::eclipse::jdt::internal::core::CompilationUnitElementInfo,4,3,3,1,6,1,3,3,9.0,4.0,17,0,0,1.0,3,5.0,3.0,0,0,0,0,0,0,aeeem,org::eclipse::jdt::internal::core::CompilationUnitElementInfo,-16.0,23,6,5,367.0,122.0,138.0,0,42.0,5.30435,42.0,6.0,16.0,-0.695652,84.4309,1,0,0,0,1,10.7711,0.00781561,0.131699,8.15155,0.169684,True
aeeem,org::eclipse::jdt::core::dom::MemberRef,6,2,3,4,105,0,5,95,95.0,15.0,68,3,0,0.0,6,51.0,25.0,0,0,0,0,0,0,aeeem,org::eclipse::jdt::core::dom::MemberRef,167.0,25,5,8,229.714,228.0,61.0,0,82.0,9.12,8.0,2.44,74.0,6.68,10.4781,3,3,0,0,0,6.70304,0.00381663,0.152618,8.10942,0.231938,True
aeeem,org::eclipse::jdt::internal::core::util::Annotation,8,2,4,4,15,0,6,0,42.0,6.0,23,6,0,0.0,5,14.0,10.0,0,0,0,0,0,0,aeeem,org::eclipse::jdt::internal::core::util::Annotation,181.0,11,3,4,222.857,193.0,12.0,0,81.0,17.5455,4.0,1.09091,81.0,16.4545,13.1984,1,1,0,0,0,4.07501,0.00220824,0.0062193,0.097153,0.00103086,True
aeeem,org::eclipse::jdt::internal::codeassist::select::SelectionOnQualifiedNameReference,5,7,1,4,3,0,0,397,42.0,3.0,124,0,0,0.0,3,22.0,14.0,0,0,0,0,0,0,aeeem,org::eclipse::jdt::internal::codeassist::select::SelectionOnQualifiedNameReference,12.0,32,5,7,367.0,219.0,207.0,0,89.0,6.84375,89.0,6.46875,11.0,0.375,53.9478,4,4,0,0,0,6.73444,0.00389127,0.132755,8.07051,0.197855,True
aeeem,org::eclipse::jdt::internal::compiler::flow::LoopingFlowContext,12,3,4,8,78,0,16,143,387.0,13.0,40,6,0,10.0,10,125.0,93.0,0,0,0,0,0,0,aeeem,org::eclipse::jdt::internal::compiler::flow::LoopingFlowContext,358.0,52,5,3,367.0,991.0,633.0,0,226.0,19.0577,148.0,12.1731,161.0,6.88462,136.59,11,11,2,1,0,10.0952,0.0550803,0.0225858,0.262712,0.0240387,True
aeeem,org::eclipse::jdt::internal::core::util::KeyKind,1,2,1,0,136,0,15,2,53.0,17.0,41,1,0,1.0,17,18.0,19.0,0,0,0,0,0,0,aeeem,org::eclipse::jdt::internal::core::util::KeyKind,42.0,13,4,2,175.0,91.0,49.0,0,31.0,7.0,14.0,3.76923,17.0,3.23077,35.4835,7,7,1,0,0,10.4506,0.0182484,0.133647,8.14963,0.182548,True
aeeem,org::eclipse::jdt::core::dom::ChildListPropertyDescriptor,4,2,3,1,3,0,2,0,14.0,3.0,15,0,0,2.0,2,4.0,4.0,0,0,0,0,0,0,aeeem,org::eclipse::jdt::core::dom::ChildListPropertyDescriptor,1.0,9,4,5,224.857,11.0,10.0,0,5.0,1.22222,5.0,1.11111,1.0,0.111111,86.3117,1,1,0,0,0,6.70304,0.00406141,0.152618,8.10942,0.231938,True
aeeem,org::eclipse::jdt::internal::compiler::ast::TypeDeclaration,63,3,36,33,351,2,30,391,624.0,27.0,42,0,1,26.0,25,172.0,148.0,3,0,0,0,0,1,aeeem,org::eclipse::jdt::internal::compiler::ast::TypeDeclaration,499.0,193,12,30,367.0,6571.0,6072.0,0,1071.0,34.0466,1123.0,31.4611,174.0,2.58549,111.711,60,57,6,2,1,37.7605,0.264394,0.222874,8.91639,0.371919,True
aeeem,org::eclipse::jdt::core::dom::ASTRequestor,1,1,1,1,6,1,1,0,20.0,4.0,8,0,0,1.0,3,5.0,6.0,0,0,0,0,0,0,aeeem,org::eclipse::jdt::core::dom::ASTRequestor,66.0,12,5,2,193.571,228.0,162.0,0,53.0,19.0,35.0,13.5,40.0,5.5,4.72807,2,2,0,0,0,2.96868,0.00114952,0.0034669,0.0667091,6.29834e-05,True
aeeem,org::eclipse::jdt::internal::core::search::AbstractJavaSearchScope,1,2,1,0,1,2,0,5,0.0,2.0,19,0,0,0.0,2,2.0,0.0,0,0,0,0,0,0,aeeem,org::eclipse::jdt::internal::core::search::AbstractJavaSearchScope,0.0,1,1,0,7.85714,0.0,0.0,0,0.0,0.0,0.0,0.0,0.0,0.0,0.0,1,1,0,0,0,0.0,0.0,0.0,0.0,0.0,True
aeeem,org::eclipse::jdt::core::search::SearchPattern,36,2,18,23,190,2,12,3,1126.0,20.0,13,2,6,0.0,14,244.0,276.0,1,0,0,0,0,1,aeeem,org::eclipse::jdt::core::search::SearchPattern,1609.0,91,9,8,236.0,6880.0,5271.0,0,1627.0,75.6044,1359.0,57.9231,583.0,17.6813,96.0161,37,31,1,0,1,28.279,0.884194,0.0785823,0.764092,0.165991,True
aeeem,org::eclipse::jdt::core::jdom::DOMFactory,4,1,1,3,45,0,1,0,52.0,10.0,17,0,0,1.0,10,34.0,17.0,0,0,0,0,0,0,aeeem,org::eclipse::jdt::core::jdom::DOMFactory,-4.0,35,7,6,367.0,405.0,409.0,0,155.0,11.5714,155.0,11.6857,12.0,-0.114286,46.4272,3,2,0,0,0,8.22982,0.00609829,0.154538,8.14431,0.231997,True
aeeem,org::eclipse::jdt::internal::core::util::SignatureAttribute,6,3,3,3,3,0,2,1,16.0,3.0,31,2,0,0.0,2,8.0,4.0,0,0,0,0,0,0,aeeem,org::eclipse::jdt::internal::core::util::SignatureAttribute,98.0,6,3,3,228.857,104.0,6.0,0,49.0,17.3333,4.0,1.0,49.0,16.3333,14.8173,0,0,0,0,0,4.07501,0.00220824,0.0062193,0.097153,0.00103086,True
aeeem,org::eclipse::jdt::internal::core::BinaryMember,18,6,3,15,91,3,0,53,127.0,14.0,170,0,1,0.0,10,61.0,29.0,1,0,0,0,0,1,aeeem,org::eclipse::jdt::internal::core::BinaryMember,92.0,43,6,6,367.0,409.0,317.0,0,105.0,9.51163,110.0,7.37209,79.0,2.13953,133.861,10,7,1,0,2,15.7424,0.0310248,0.149122,8.29536,0.216848,True
aeeem,org::eclipse::jdt::internal::compiler::ast::MessageSend,22,4,5,17,136,5,13,384,494.0,17.0,77,0,0,13.0,17,191.0,166.0,4,0,0,0,0,1,aeeem,org::eclipse::jdt::internal::compiler::ast::MessageSend,407.0,168,10,12,367.0,2126.0,1719.0,0,307.0,12.6548,307.0,10.2321,63.0,2.42262,129.876,37,31,3,3,0,30.738,0.109581,0.197734,8.7181,0.317602,True
aeeem,org::eclipse::jdt::internal::core::XMLWriter,2,2,2,0,0,0,0,0,3.0,1.0,43,0,0,0.0,1,2.0,1.0,0,0,0,0,0,0,aeeem,org::eclipse::jdt::internal::core::XMLWriter,-60.0,20,7,4,244.571,115.0,175.0,0,14.0,5.75,94.0,8.75,5.0,-3.0,99.8596,4,4,0,0,0,10.5335,0.0340213,0.0166018,0.252483,0.00498488,True
aeeem,org::eclipse::jdt::internal::compiler::parser::JavadocParser,27,2,7,20,210,4,6,133,795.0,21.0,46,4,0,2.0,3,171.0,212.0,3,0,0,0,0,1,aeeem,org::eclipse::jdt::internal::compiler::parser::JavadocParser,-292.0,92,9,12,239.143,2972.0,3264.0,0,319.0,32.3043,892.0,35.4783,168.0,-3.17391,49.4217,59,50,5,2,3,24.2321,0.124182,0.0943869,0.704466,0.193358,True
aeeem,org::eclipse::jdt::internal::eval::CodeSnippetSingleNameReference,21,7,1,20,55,0,2,448,591.0,11.0,115,0,0,2.0,11,220.0,156.0,2,0,0,0,0,1,aeeem,org::eclipse::jdt::internal::eval::CodeSnippetSingleNameReference,-89.0,76,7,10,367.0,1763.0,1852.0,0,600.0,23.1974,600.0,24.3684,43.0,-1.17105,81.0014,16,15,3,2,0,17.8868,0.0596056,0.184833,8.41605,0.337749,True
aeeem,org::eclipse::jdt::internal::compiler::parser::RecoveredInitializer,9,3,1,8,45,0,7,126,166.0,10.0,44,0,0,7.0,10,40.0,39.0,0,0,0,0,0,0,aeeem,org::eclipse::jdt::internal::compiler::parser::RecoveredInitializer,71.0,54,7,8,367.0,740.0,669.0,0,243.0,13.7037,243.0,12.3889,85.0,1.31481,94.1838,6,5,0,0,2,10.2069,0.0394717,0.171941,8.22695,0.299491,True
aeeem,org::eclipse::jdt::internal::core::util::WeakHashSetOfCharArray,3,1,0,3,45,0,4,0,144.0,10.0,8,0,3,4.0,7,40.0,37.0,0,0,0,0,0,0,aeeem,org::eclipse::jdt::internal::core::util::WeakHashSetOfCharArray,11.0,4,4,1,141.714,18.0,7.0,0,17.0,4.5,6.0,1.75,11.0,2.75,23.2937,1,1,0,0,0,2.27054,0.00171284,0.00387962,0.0557912,0.000723901,True
aeeem,org::eclipse::jdt::internal::compiler::ast::Expression,108,3,92,18,528,15,4,380,760.0,33.0,38,0,2,4.0,31,281.0,234.0,0,0,0,0,0,0,aeeem,org::eclipse::jdt::internal::compiler::ast::Expression,602.0,149,11,12,367.0,5262.0,4660.0,0,483.0,35.3154,483.0,31.2752,226.0,4.04027,148.462,57,51,11,8,0,33.6845,0.638785,0.210199,8.79785,0.334186,True
aeeem,org::eclipse::jdt::internal::compiler::classfmt::MethodInfoWithAnnotations,5,3,3,3,10,1,1,13,35.0,5.0,55,0,0,0.0,1,12.0,13.0,0,0,0,0,0,0,aeeem,org::eclipse::jdt::internal::compiler::classfmt::MethodInfoWithAnnotations,0.0,2,2,1,127.0,1.0,1.0,0,1.0,0.5,1.0,0.5,0.0,0.0,69.2857,0,0,0,0,0,1.06049,0.000678105,0.00371141,0.0316289,0.00673218,True
aeeem,org::eclipse::jdt::internal::core::util::ConstantPool,3,2,1,2,10,0,3,0,72.0,5.0,22,3,1,0.0,3,55.0,15.0,0,0,0,0,0,0,aeeem,org::eclipse::jdt::internal::core::util::ConstantPool,-1.0,10,3,4,322.714,60.0,61.0,0,32.0,6.0,33.0,6.1,0.0,-0.1,97.4809,0,0,0,0,0,4.07501,0.00220824,0.0062193,0.097153,0.00103086,True
aeeem,org::eclipse::jdt::internal::compiler::ast::ArrayTypeReference,7,6,5,3,15,2,2,385,52.0,6.0,95,0,0,2.0,5,17.0,12.0,0,0,0,0,0,0,aeeem,org::eclipse::jdt::internal::compiler::ast::ArrayTypeReference,58.0,47,5,7,367.0,320.0,262.0,0,52.0,6.80851,52.0,5.57447,20.0,1.23404,92.4138,4,4,0,0,0,6.73444,0.00399605,0.132755,8.07051,0.197855,True
aeeem,org::eclipse::jdt::internal::compiler::impl::IntConstant,5,2,5,0,66,0,16,152,55.0,12.0,41,15,1,1.0,11,14.0,27.0,0,0,0,0,0,0,aeeem,org::eclipse::jdt::internal::compiler::impl::IntConstant,26.0,37,6,6,367.0,284.0,258.0,0,64.0,7.67568,64.0,6.97297,22.0,0.702703,81.749,1,1,0,0,0,6.77104,0.00888686,0.0101348,0.160922,0.00120756,True
aeeem,org::eclipse::jdt::internal::core::search::matching::SuperTypeReferencePattern,7,4,1,6,28,0,15,61,214.0,8.0,45,0,0,10.0,5,47.0,53.0,1,0,0,0,0,1,aeeem,org::eclipse::jdt::internal::core::search::matching::SuperTypeReferencePattern,-156.0,82,8,7,367.0,2577.0,2733.0,0,325.0,31.4268,325.0,33.3293,81.0,-1.90244,77.5985,11,9,0,0,0,12.566,0.0182439,0.1376,8.20489,0.177692,True
aeeem,org::eclipse::jdt::internal::codeassist::complete::CompletionOnQualifiedAllocationExpression,5,6,1,4,3,0,0,394,32.0,3.0,102,0,0,0.0,3,17.0,11.0,0,0,0,0,0,0,aeeem,org::eclipse::jdt::internal::codeassist::complete::CompletionOnQualifiedAllocationExpression,-1.0,29,5,4,367.0,184.0,185.0,0,69.0,6.34483,69.0,6.37931,6.0,-0.0344828,49.3261,0,0,0,0,0,4.07501,0.00220824,0.0062193,0.097153,0.00103086,True
aeeem,org::eclipse::jdt::core::dom::SuperFieldAccess,5,3,1,5,105,0,5,95,96.0,15.0,73,3,0,0.0,6,51.0,25.0,0,0,0,0,0,0,aeeem,org::eclipse::jdt::core::dom::SuperFieldAccess,201.0,39,7,14,333.143,465.0,264.0,0,167.0,11.9231,167.0,6.76923,74.0,5.15385,70.569,10,9,0,0,0,7.95479,0.00397769,0.154542,8.1394,0.232145,True
aeeem,org::eclipse::jdt::internal::core::ExternalPackageFragmentRoot,6,5,1,5,78,0,1,62,56.0,13.0,202,0,0,0.0,8,22.0,20.0,0,0,0,0,0,0,aeeem,org::eclipse::jdt::internal::core::ExternalPackageFragmentRoot,17.0,7,1,0,16.0,23.0,6.0,0,11.0,3.28571,4.0,0.857143,10.0,2.42857,2.03106,5,2,0,0,1,2.27131,0.00266082,0.041741,0.134373,0.141951,True
aeeem,org::eclipse::jdt::internal::compiler::lookup::MethodScope,55,3,44,15,105,0,12,274,378.0,15.0,103,0,2,12.0,11,93.0,110.0,1,1,0,0,0,1,aeeem,org::eclipse::jdt::internal::compiler::lookup::MethodScope,112.0,89,9,9,367.0,2001.0,1889.0,0,399.0,22.4831,399.0,21.2247,117.0,1.25843,118.103,24,20,3,1,1,14.8368,0.135188,0.0280398,0.367434,0.0304744,True
aeeem,org::eclipse::jdt::internal::compiler::CompilationResult,31,1,24,7,190,0,24,0,245.0,20.0,8,3,3,21.0,17,72.0,72.0,1,0,0,0,0,1,aeeem,org::eclipse::jdt::internal::compiler::CompilationResult,266.0,81,9,18,367.0,1835.0,1569.0,0,349.0,22.6543,379.0,19.3704,79.0,3.28395,130.299,22,16,0,0,0,23.6109,0.153622,0.170381,8.5032,0.243506,True
aeeem,org::eclipse::jdt::internal::core::util::KeyToSignature,5,2,2,3,300,0,13,2,258.0,25.0,41,8,1,1.0,24,130.0,56.0,0,0,0,0,0,0,aeeem,org::eclipse::jdt::internal::core::util::KeyToSignature,291.0,32,4,1,175.714,413.0,122.0,0,92.0,12.9062,26.0,3.8125,80.0,9.09375,24.9862,18,17,4,0,0,14.3292,0.0621304,0.0250814,0.349752,0.0189098,True
aeeem,org::eclipse::jdt::internal::core::jdom::DOMType,14,4,4,11,703,0,14,50,419.0,38.0,185,0,0,0.0,20,162.0,94.0,0,0,0,0,0,0,aeeem,org::eclipse::jdt::internal::core::jdom::DOMType,121.0,58,7,11,367.0,1851.0,1730.0,0,721.0,31.9138,721.0,29.8276,77.0,2.08621,49.3741,11,11,2,2,0,12.0518,0.00989231,0.0193642,0.290484,0.0051789,True
aeeem,org::eclipse::jdt::internal::compiler::ast::ForStatement,11,3,0,11,15,0,11,380,343.0,6.0,38,2,0,9.0,6,106.0,91.0,0,0,0,0,0,0,aeeem,org::eclipse::jdt::internal::compiler::ast::ForStatement,94.0,86,8,11,367.0,1629.0,1535.0,0,335.0,18.9419,335.0,17.8488,65.0,1.09302,76.4774,18,16,2,1,1,16.4642,0.0287867,0.0286204,0.403196,0.0152769,True
aeeem,org::eclipse::jdt::internal::compiler::lookup::MissingTypeBinding,3,5,1,2,10,0,0,58,34.0,5.0,179,0,0,0.0,4,12.0,7.0,0,0,0,0,0,0,aeeem,org::eclipse::jdt::internal::compiler::lookup::MissingTypeBinding,0.0,2,2,1,16.5714,1.0,1.0,0,1.0,0.5,1.0,0.5,0.0,0.0,13.5714,1,1,0,0,0,1.47165,0.0013687,0.112489,7.91776,0.140566,True
aeeem,org::eclipse::jdt::internal::compiler::ast::TrueLiteral,3,6,1,2,21,0,1,384,39.0,7.0,79,0,0,0.0,7,14.0,11.0,0,0,0,0,0,0,aeeem,org::eclipse::jdt::internal::compiler::ast::TrueLiteral,-7.0,24,4,5,367.0,167.0,174.0,0,70.0,6.95833,70.0,7.25,8.0,-0.291667,66.3601,2,2,1,1,0,7.2883,0.00322632,0.0120812,0.177191,0.00316137,True
aeeem,org::eclipse::jdt::internal::codeassist::complete::CompletionOnKeyword3,1,7,1,0,15,0,1,419,21.0,6.0,118,1,0,0.0,6,10.0,6.0,0,0,0,0,0,0,aeeem,org::eclipse::jdt::internal::codeassist::complete::CompletionOnKeyword3,4.0,11,6,4,282.0,21.0,17.0,0,4.0,1.90909,4.0,1.54545,3.0,0.363636,82.7755,2,0,0,0,0,6.93237,0.00313282,0.00985736,0.162632,0.00115402,True
aeeem,org::eclipse::jdt::internal::formatter::FormatJavadocText,6,2,3,4,136,0,7,119,197.0,17.0,16,1,1,6.0,7,54.0,68.0,0,0,0,0,0,0,aeeem,org::eclipse::jdt::internal::formatter::FormatJavadocText,111.0,7,2,2,9.14286,139.0,28.0,0,75.0,19.8571,13.0,4.0,63.0,15.8571,1.58068,7,6,1,0,1,1.69533,0.0394985,0.0446887,0.127957,0.126468,True
aeeem,org::eclipse::jdt::internal::core::ImportDeclarationElementInfo,1,4,1,0,0,0,0,7,0.0,1.0,28,0,0,0.0,1,1.0,0.0,0,0,0,0,0,0,aeeem,org::eclipse::jdt::internal::core::ImportDeclarationElementInfo,-12.0,10,6,3,271.0,16.0,28.0,0,5.0,1.6,18.0,2.8,5.0,-1.2,86.4107,3,3,0,0,0,5.33714,0.00382679,0.00771314,0.1256,0.00106076,True
aeeem,org::eclipse::jdt::internal::formatter::comment::SubstitutionTextReader,5,1,2,3,55,2,7,0,81.0,11.0,28,7,0,0.0,5,29.0,21.0,0,0,0,0,0,0,aeeem,org::eclipse::jdt::internal::formatter::comment::SubstitutionTextReader,2.0,7,1,6,168.857,12.0,10.0,0,4.0,1.71429,4.0,1.42857,2.0,0.285714,93.3452,4,3,1,0,0,3.17525,0.00223339,0.00797677,0.0850172,0.0117179,True
aeeem,org::eclipse::jdt::internal::compiler::ast::NormalAnnotation,6,5,4,2,10,1,1,388,45.0,5.0,78,0,0,1.0,5,13.0,16.0,0,0,0,0,0,0,aeeem,org::eclipse::jdt::internal::compiler::ast::NormalAnnotation,158.0,18,6,9,222.714,211.0,53.0,1,84.0,11.7222,14.0,2.94444,84.0,8.77778,21.6087,2,1,0,0,0,8.43551,0.00627586,0.142794,8.12637,0.214433,True
aeeem,org::eclipse::jdt::internal::compiler::lookup::SourceTypeBinding,55,4,32,32,1275,1,15,49,1461.0,51.0,148,8,2,7.0,43,446.0,456.0,6,0,1,0,0,1,aeeem,org::eclipse::jdt::internal::compiler::lookup::SourceTypeBinding,862.0,224,12,16,367.0,6579.0,5717.0,0,1041.0,29.3705,1041.0,25.5223,146.0,3.84821,115.991,74,67,16,5,0,39.1311,0.285371,0.244915,8.98854,0.430462,True
aeeem,org::eclipse::jdt::internal::core::SetContainerOperation,14,3,1,13,15,0,3,19,167.0,6.0,67,0,4,3.0,1,51.0,36.0,0,0,0,0,0,0,aeeem,org::eclipse::jdt::internal::core::SetContainerOperation,24.0,10,2,2,105.0,86.0,62.0,0,60.0,8.6,51.0,6.2,9.0,2.4,22.3239,5,5,3,1,0,6.98868,0.0227382,0.0643822,0.298201,0.136898,True
aeeem,org::eclipse::jdt::internal::compiler::lookup::AnnotationBinding,13,1,8,6,45,1,2,0,151.0,10.0,8,0,3,2.0,6,53.0,53.0,0,0,0,0,0,0,aeeem,org::eclipse::jdt::internal::compiler::lookup::AnnotationBinding,155.0,12,5,3,184.714,233.0,78.0,0,165.0,19.4167,34.0,6.5,131.0,12.9167,78.8087,4,3,0,0,1,9.16287,0.0392627,0.152103,8.16642,0.248182,True
aeeem,org::eclipse::jdt::internal::core::LRUCacheEnumerator,1,1,1,0,3,0,1,0,11.0,3.0,8,0,0,0.0,3,3.0,3.0,0,0,0,0,0,0,aeeem,org::eclipse::jdt::internal::core::LRUCacheEnumerator,2.0,15,5,4,367.0,121.0,119.0,0,69.0,8.06667,69.0,7.93333,6.0,0.133333,68.9906,0,0,0,0,0,5.07933,0.00335126,0.00762499,0.120678,0.00111852,True
aeeem,org::eclipse::jdt::internal::core::JavaModelInfo,3,3,1,2,3,0,1,3,27.0,3.0,17,0,1,1.0,1,7.0,8.0,0,0,0,0,0,0,aeeem,org::eclipse::jdt::internal::core::JavaModelInfo,-30.0,27,5,5,367.0,152.0,182.0,0,42.0,5.62963,32.0,6.74074,41.0,-1.11111,62.4445,2,2,0,0,0,4.07501,0.00220824,0.0062193,0.097153,0.00103086,True
aeeem,org::eclipse::jdt::core::dom::MethodDeclaration,15,3,8,9,595,0,23,97,319.0,35.0,84,11,0,0.0,18,156.0,81.0,0,0,0,0,0,0,aeeem,org::eclipse::jdt::core::dom::MethodDeclaration,936.0,73,8,16,333.143,2096.0,1160.0,0,439.0,28.7123,439.0,15.8904,282.0,12.8219,84.0883,15,13,0,0,1,7.18067,0.0119023,0.151655,8.11431,0.230995,True
aeeem,org::eclipse::jdt::internal::core::search::matching::AndPattern,2,5,1,2,10,0,2,61,50.0,5.0,49,0,1,1.0,1,10.0,15.0,1,0,0,0,0,1,aeeem,org::eclipse::jdt::internal::core::search::matching::AndPattern,-133.0,50,8,6,367.0,574.0,707.0,0,115.0,11.48,115.0,14.14,14.0,-2.66,119.907,4,4,0,0,0,13.8528,0.0686472,0.141381,8.23988,0.18781,True
aeeem,org::eclipse::jdt::internal::eval::CodeSnippetSuperReference,3,7,1,2,28,0,0,398,25.0,8.0,107,0,0,0.0,8,10.0,8.0,0,0,0,0,0,0,aeeem,org::eclipse::jdt::internal::eval::CodeSnippetSuperReference,23.0,26,6,6,355.714,112.0,89.0,0,54.0,4.30769,54.0,3.42308,7.0,0.884615,79.8367,1,0,0,0,0,10.8205,0.0061972,0.0195642,0.267914,0.00981523,True
aeeem,org::eclipse::jdt::internal::core::search::matching::OrPattern,8,3,2,7,28,0,2,52,69.0,8.0,27,0,0,1.0,5,24.0,25.0,1,0,0,0,0,1,aeeem,org::eclipse::jdt::internal::core::search::matching::OrPattern,-116.0,60,7,3,367.0,986.0,1102.0,0,170.0,16.4333,170.0,18.3667,35.0,-1.93333,74.1623,6,4,0,0,0,7.86064,0.0275474,0.137064,8.10379,0.219378,True
aeeem,org::eclipse::jdt::internal::core::util::HashSetOfArray,5,1,1,4,36,0,3,0,109.0,9.0,16,0,2,3.0,7,30.0,31.0,0,0,0,0,0,0,aeeem,org::eclipse::jdt::internal::core::util::HashSetOfArray,0.0,3,1,0,60.0,149.0,149.0,0,149.0,49.6667,149.0,49.6667,149.0,0.0,1.28571,1,1,0,0,0,1.29561,0.0693099,0.00438967,0.0382717,0.00748615,True
aeeem,org::eclipse::jdt::internal::core::util::ClassFileStruct,35,1,32,3,55,16,0,0,85.0,11.0,8,0,0,0.0,0,16.0,21.0,0,0,0,0,0,0,aeeem,org::eclipse::jdt::internal::core::util::ClassFileStruct,-8.0,14,5,4,322.714,53.0,61.0,0,9.0,3.78571,9.0,4.35714,0.0,-0.571429,68.9003,0,0,0,0,0,4.07501,0.00220824,0.0062193,0.097153,0.00103086,True
aeeem,org::eclipse::jdt::internal::codeassist::select::SelectionOnSingleTypeReference,7,6,2,5,10,0,0,385,35.0,5.0,95,0,0,0.0,4,24.0,11.0,0,0,0,0,0,0,aeeem,org::eclipse::jdt::internal::codeassist::select::SelectionOnSingleTypeReference,10.0,37,6,6,367.0,177.0,167.0,0,65.0,4.78378,65.0,4.51351,11.0,0.27027,82.0153,3,3,0,0,0,6.70304,0.00573407,0.152618,8.10942,0.231938,True
aeeem,org::eclipse::jdt::internal::compiler::env::AccessRuleSet,16,1,11,5,10,0,3,0,62.0,5.0,8,1,0,2.0,5,18.0,22.0,0,0,0,0,0,0,aeeem,org::eclipse::jdt::internal::compiler::env::AccessRuleSet,42.0,16,4,2,169.143,151.0,109.0,0,30.0,9.4375,31.0,6.8125,19.0,2.625,46.8515,9,8,1,0,0,11.1338,0.0324992,0.0214973,0.276308,0.0274661,True
aeeem,org::eclipse::jdt::internal::core::search::indexing::IndexAllProject,13,2,1,13,15,0,1,8,207.0,6.0,19,0,0,1.0,5,58.0,30.0,0,0,0,0,0,0,aeeem,org::eclipse::jdt::internal::core::search::indexing::IndexAllProject,160.0,110,9,7,367.0,1350.0,1190.0,0,176.0,12.2727,176.0,10.8182,30.0,1.45455,92.3705,10,7,1,0,0,12.1787,0.0366249,0.01769,0.287275,0.00204809,True
aeeem,org::eclipse::jdt::internal::compiler::codegen::ObjectCache,3,1,1,2,36,0,4,0,83.0,9.0,8,0,1,4.0,8,24.0,25.0,0,0,0,0,0,0,aeeem,org::eclipse::jdt::internal::compiler::codegen::ObjectCache,-7.0,31,6,2,367.0,571.0,578.0,0,152.0,18.4194,152.0,18.6452,6.0,-0.225806,61.5161,1,1,0,0,0,3.42081,0.00462944,0.00487674,0.0802947,0.00055128,True
aeeem,org::eclipse::jdt::internal::core::util::ClassFileAttribute,7,2,4,3,6,17,4,0,18.0,4.0,22,3,0,0.0,4,10.0,5.0,0,0,0,0,0,0,aeeem,org::eclipse::jdt::internal::core::util::ClassFileAttribute,-1.0,10,3,4,322.714,29.0,30.0,0,9.0,2.9,10.0,3.0,0.0,-0.1,50.9852,0,0,0,0,0,4.07501,0.00220824,0.0062193,0.097153,0.00103086,True
aeeem,org::eclipse::jdt::internal::compiler::ast::ForeachStatement,19,3,0,19,15,0,21,380,451.0,6.0,38,11,0,10.0,6,172.0,84.0,2,0,0,0,0,1,aeeem,org::eclipse::jdt::internal::compiler::ast::ForeachStatement,929.0,84,8,31,223.429,2092.0,1163.0,0,395.0,24.9048,62.0,13.8452,395.0,11.0595,46.9666,24,21,2,1,0,23.6077,0.269073,0.0477337,0.59548,0.0542082,True
aeeem,org::eclipse::jdt::core::dom::NodeEventHandler,1,1,1,0,55,1,0,0,43.0,11.0,8,0,0,0.0,0,11.0,11.0,0,0,0,0,0,0,aeeem,org::eclipse::jdt::core::dom::NodeEventHandler,236.0,14,4,4,224.857,279.0,43.0,0,92.0,19.9286,10.0,3.07143,88.0,16.8571,8.69329,2,1,0,0,0,6.44569,0.00981633,0.0095078,0.152559,0.00123383,True
aeeem,org::eclipse::jdt::internal::eval::CodeSnippetClassFile,13,2,1,12,1,0,0,270,166.0,2.0,48,0,0,0.0,2,42.0,29.0,1,0,0,0,0,1,aeeem,org::eclipse::jdt::internal::eval::CodeSnippetClassFile,-38.0,61,8,13,367.0,667.0,705.0,0,241.0,10.9344,241.0,11.5574,5.0,-0.622951,79.6989,12,10,0,0,0,19.6547,0.0201623,0.042134,0.502398,0.0541979,True
aeeem,org::eclipse::jdt::internal::compiler::flow::FinallyFlowContext,8,2,1,7,28,0,7,141,264.0,8.0,35,0,0,7.0,5,85.0,63.0,0,0,0,0,0,0,aeeem,org::eclipse::jdt::internal::compiler::flow::FinallyFlowContext,249.0,36,5,3,367.0,842.0,593.0,0,188.0,23.3889,97.0,16.4722,123.0,6.91667,157.823,8,8,1,0,0,7.61486,0.065214,0.0158234,0.194937,0.0123144,True
aeeem,org::eclipse::jdt::internal::compiler::SourceJavadocParser,6,3,1,5,6,0,2,135,107.0,4.0,67,0,0,2.0,2,24.0,49.0,0,0,0,0,0,0,aeeem,org::eclipse::jdt::internal::compiler::SourceJavadocParser,24.0,13,4,2,139.714,74.0,50.0,0,29.0,5.69231,29.0,3.84615,29.0,1.84615,13.749,6,5,0,0,0,7.11369,0.0051027,0.0112972,0.171667,0.00153047,True
aeeem,org::eclipse::jdt::internal::compiler::lookup::UnresolvedReferenceBinding,11,4,6,6,15,0,2,49,64.0,6.0,148,0,0,2.0,2,18.0,18.0,0,0,0,0,0,0,aeeem,org::eclipse::jdt::internal::compiler::lookup::UnresolvedReferenceBinding,54.0,50,8,6,367.0,271.0,217.0,0,42.0,5.42,42.0,4.34,27.0,1.08,128.633,7,7,2,0,0,12.5452,0.0197347,0.145537,8.22094,0.211069,True
aeeem,org::eclipse::jdt::internal::core::CreateImportOperation,17,3,2,15,21,0,2,25,83.0,7.0,82,0,0,0.0,3,49.0,20.0,0,0,0,0,0,0,aeeem,org::eclipse::jdt::internal::core::CreateImportOperation,67.0,49,7,4,367.0,405.0,338.0,0,136.0,8.26531,136.0,6.89796,17.0,1.36735,104.855,8,8,2,1,0,15.9473,0.0267405,0.150379,8.29942,0.210012,True
aeeem,org::eclipse::jdt::internal::core::builder::ReferenceCollection,8,1,3,5,10,1,10,0,140.0,5.0,8,0,0,4.0,4,37.0,48.0,1,0,0,0,0,1,aeeem,org::eclipse::jdt::internal::core::builder::ReferenceCollection,42.0,28,7,6,329.0,407.0,365.0,0,225.0,14.5357,225.0,13.0357,32.0,1.5,74.1846,6,5,0,0,0,8.432,0.0154394,0.132469,8.10494,0.18682,True
aeeem,org::eclipse::jdt::internal::compiler::ast::InstanceOfExpression,8,5,0,8,21,0,2,412,70.0,7.0,94,0,0,2.0,7,39.0,18.0,1,0,0,0,0,1,aeeem,org::eclipse::jdt::internal::compiler::ast::InstanceOfExpression,-129.0,74,8,8,367.0,1181.0,1310.0,0,247.0,15.9595,247.0,17.7027,33.0,-1.74324,74.9741,13,13,1,0,0,16.213,0.010783,0.0268068,0.393339,0.00911055,True
aeeem,org::eclipse::jdt::core::dom::NodeSearcher,1,2,1,0,1,0,3,0,11.0,2.0,11,0,0,3.0,1,2.0,4.0,0,0,0,0,0,0,aeeem,org::eclipse::jdt::core::dom::NodeSearcher,-4.0,9,4,4,256.571,17.0,21.0,0,4.0,1.88889,6.0,2.33333,0.0,-0.444444,48.3193,1,0,0,0,0,4.07501,0.00220824,0.0062193,0.097153,0.00103086,True
aeeem,org::eclipse::jdt::internal::core::util::AnnotationComponent,5,2,1,4,10,0,4,0,27.0,5.0,22,4,0,0.0,4,12.0,7.0,0,0,0,0,0,0,aeeem,org::eclipse::jdt::internal::core::util::AnnotationComponent,142.0,6,3,3,222.857,148.0,6.0,0,71.0,24.6667,4.0,1.0,71.0,23.6667,10.582,0,0,0,0,0,4.07501,0.00220824,0.0062193,0.097153,0.00103086,True
aeeem,org::eclipse::jdt::core::dom::BreakStatement,4,3,1,3,66,0,3,95,59.0,12.0,73,2,0,0.0,3,35.0,16.0,0,0,0,0,0,0,aeeem,org::eclipse::jdt::core::dom::BreakStatement,135.0,34,7,12,333.143,316.0,181.0,0,123.0,9.29412,123.0,5.32353,60.0,3.97059,70.9878,6,5,0,0,0,7.95479,0.00397769,0.154542,8.1394,0.232145,True
aeeem,org::eclipse::jdt::internal::core::ASTHolderCUInfo,1,4,1,0,0,0,5,6,0.0,1.0,21,0,0,5.0,1,1.0,0.0,0,0,0,0,0,0,aeeem,org::eclipse::jdt::internal::core::ASTHolderCUInfo,45.0,13,7,4,226.571,52.0,7.0,0,17.0,4.0,4.0,0.538462,17.0,3.46154,29.2555,4,3,0,0,0,7.68944,0.00208409,0.0130856,0.187608,0.00572797,True
aeeem,org::eclipse::jdt::internal::codeassist::complete::CompletionOnMethodReturnType,2,4,1,1,3,0,0,410,12.0,3.0,66,0,0,0.0,3,5.0,3.0,0,0,0,0,0,0,aeeem,org::eclipse::jdt::internal::codeassist::complete::CompletionOnMethodReturnType,-3.0,11,5,4,319.714,18.0,21.0,0,5.0,1.63636,5.0,1.90909,0.0,-0.272727,89.1905,1,1,0,0,0,4.07501,0.00220824,0.0062193,0.097153,0.00103086,True
aeeem,org::eclipse::jdt::internal::compiler::ast::ImportReference,20,2,20,0,10,5,7,380,35.0,5.0,27,0,0,7.0,5,10.0,10.0,0,0,0,0,0,0,aeeem,org::eclipse::jdt::internal::compiler::ast::ImportReference,21.0,44,6,9,367.0,292.0,271.0,0,61.0,6.63636,61.0,6.15909,16.0,0.477273,78.2143,2,2,0,0,1,7.7102,0.00581399,0.0150364,0.194204,0.0103768,True
aeeem,org::eclipse::jdt::internal::core::builder::ClasspathJar,11,2,2,9,45,0,8,0,108.0,10.0,18,0,0,8.0,9,51.0,34.0,0,0,0,0,0,0,aeeem,org::eclipse::jdt::internal::core::builder::ClasspathJar,172.0,41,8,5,329.0,535.0,363.0,0,87.0,13.0488,87.0,8.85366,41.0,4.19512,80.2275,7,7,1,1,0,14.1927,0.016369,0.0242462,0.345974,0.0119841,True
aeeem,org::eclipse::jdt::internal::eval::VariablesInfo,3,1,2,1,3,0,5,0,25.0,3.0,8,0,0,5.0,1,5.0,7.0,0,0,0,0,0,0,aeeem,org::eclipse::jdt::internal::eval::VariablesInfo,-2.0,18,4,5,367.0,134.0,136.0,0,64.0,7.44444,64.0,7.55556,5.0,-0.111111,53.8454,1,1,0,0,0,4.07501,0.00220824,0.0062193,0.097153,0.00103086,True
aeeem,org::eclipse::jdt::internal::core::DeleteResourceElementsOperation,9,3,1,8,10,0,0,22,90.0,5.0,78,0,1,0.0,0,34.0,30.0,0,0,0,0,0,0,aeeem,org::eclipse::jdt::internal::core::DeleteResourceElementsOperation,0.0,52,7,10,367.0,355.0,355.0,0,130.0,6.82692,130.0,6.82692,10.0,0.0,51.1952,10,9,0,0,2,9.5041,0.00532485,0.136917,8.13451,0.199167,True
aeeem,org::eclipse::jdt::internal::core::InternalNamingConventions,11,1,1,10,55,0,1,0,377.0,11.0,8,1,7,0.0,4,89.0,80.0,2,0,0,0,0,1,aeeem,org::eclipse::jdt::internal::core::InternalNamingConventions,143.0,24,7,7,278.571,267.0,124.0,0,108.0,11.125,44.0,5.16667,64.0,5.95833,145.973,9,6,0,0,0,11.7427,0.0406622,0.151567,8.21627,0.228081,True
aeeem,org::eclipse::jdt::internal::core::search::IndexQueryRequestor,6,1,6,0,1,5,0,0,0.0,2.0,8,0,0,0.0,2,2.0,0.0,0,0,0,0,0,0,aeeem,org::eclipse::jdt::internal::core::search::IndexQueryRequestor,1.0,9,5,3,236.0,12.0,11.0,0,4.0,1.33333,4.0,1.22222,1.0,0.111111,61.1071,1,1,0,0,0,5.33714,0.00254899,0.00771314,0.1256,0.00106076,True
aeeem,org::eclipse::jdt::internal::compiler::flow::SwitchFlowContext,4,2,1,3,10,2,2,141,23.0,5.0,35,0,0,2.0,5,13.0,6.0,0,0,0,0,0,0,aeeem,org::eclipse::jdt::internal::compiler::flow::SwitchFlowContext,-1.0,42,6,3,367.0,254.0,255.0,0,53.0,6.04762,53.0,6.07143,5.0,-0.0238095,84.9809,5,4,1,1,0,5.87361,0.00421312,0.00865428,0.139052,0.000985877,True
aeeem,org::eclipse::jdt::core::dom::LineComment,4,3,2,2,36,0,1,95,31.0,9.0,75,1,0,0.0,1,19.0,9.0,0,0,0,0,0,0,aeeem,org::eclipse::jdt::core::dom::LineComment,79.0,19,5,6,229.714,101.0,22.0,0,37.0,5.31579,4.0,1.15789,37.0,4.15789,16.587,3,2,0,0,0,7.95479,0.00397769,0.154542,8.1394,0.232145,True
aeeem,org::eclipse::jdt::internal::compiler::ast::JavadocSingleNameReference,6,7,2,4,3,2,2,419,30.0,3.0,115,0,0,2.0,3,12.0,8.0,0,0,0,0,0,0,aeeem,org::eclipse::jdt::internal::compiler::ast::JavadocSingleNameReference,43.0,17,6,3,239.143,80.0,37.0,0,15.0,4.70588,6.0,2.17647,9.0,2.52941,49.5089,10,8,1,1,0,6.15815,0.00409874,0.0132351,0.158651,0.0124446,True
aeeem,org::eclipse::jdt::internal::compiler::ast::SubRoutineStatement,9,3,8,1,28,2,1,380,31.0,8.0,38,0,0,1.0,8,14.0,11.0,0,0,0,0,0,0,aeeem,org::eclipse::jdt::internal::compiler::ast::SubRoutineStatement,-19.0,19,5,6,270.143,70.0,89.0,0,23.0,3.68421,23.0,4.68421,11.0,-1.0,145.004,10,10,1,1,0,10.0134,0.0168189,0.0222662,0.260407,0.0225005,True
aeeem,org::eclipse::jdt::internal::compiler::ProcessTaskManager,5,1,1,5,10,0,11,0,140.0,5.0,16,3,1,8.0,4,28.0,25.0,0,0,0,0,0,0,aeeem,org::eclipse::jdt::internal::compiler::ProcessTaskManager,21.0,7,1,0,9.57143,94.0,73.0,0,34.0,13.4286,26.0,10.4286,11.0,3.0,3.71581,3,3,0,0,0,1.84991,0.0468311,0.0685862,0.193852,0.153095,True
aeeem,org::eclipse::jdt::core::dom::SwitchStatement,6,3,1,5,91,0,5,95,86.0,14.0,73,3,0,0.0,4,48.0,22.0,0,0,0,0,0,0,aeeem,org::eclipse::jdt::core::dom::SwitchStatement,173.0,39,8,14,333.143,431.0,258.0,0,164.0,11.0513,164.0,6.61538,74.0,4.4359,72.3752,9,8,1,1,0,9.21692,0.00431843,0.156036,8.16785,0.232175,True
aeeem,org::eclipse::jdt::internal::core::search::matching::SuperTypeReferenceLocator,4,2,1,4,21,0,1,68,67.0,7.0,33,0,0,0.0,4,18.0,25.0,1,0,0,0,0,1,aeeem,org::eclipse::jdt::internal::core::search::matching::SuperTypeReferenceLocator,39.0,22,8,4,248.571,105.0,66.0,0,23.0,4.77273,23.0,3.0,19.0,1.77273,69.2898,4,3,0,0,0,10.0398,0.0127751,0.140319,8.15627,0.209527,True
aeeem,org::eclipse::jdt::internal::core::SourceMethod,20,6,4,18,378,1,1,69,222.0,28.0,227,0,0,0.0,22,126.0,57.0,0,0,0,0,0,0,aeeem,org::eclipse::jdt::internal::core::SourceMethod,116.0,84,8,8,367.0,919.0,803.0,0,251.0,10.9405,251.0,9.55952,18.0,1.38095,87.5335,17,16,2,1,2,17.5057,0.0238779,0.166991,8.36355,0.260462,True
aeeem,org::eclipse::jdt::internal::core::hierarchy::IndexBasedHierarchyBuilder,28,2,1,28,36,0,4,17,423.0,9.0,19,0,3,0.0,3,149.0,56.0,0,0,0,0,0,0,aeeem,org::eclipse::jdt::internal::core::hierarchy::IndexBasedHierarchyBuilder,3.0,132,8,8,367.0,2132.0,2129.0,0,535.0,16.1515,535.0,16.1288,39.0,0.0227273,74.4663,33,32,5,1,0,23.3337,0.0300901,0.0496048,0.59501,0.0613302,True
aeeem,org::eclipse::jdt::internal::core::util::CommentRecorderScanner,2,2,1,1,1,0,0,219,10.0,2.0,55,0,0,0.0,2,3.0,3.0,1,0,0,0,0,1,aeeem,org::eclipse::jdt::internal::core::util::CommentRecorderScanner,2.0,8,4,4,228.143,12.0,10.0,0,4.0,1.5,4.0,1.25,1.0,0.25,40.2857,0,0,0,0,0,4.07501,0.00220824,0.0062193,0.097153,0.00103086,True
aeeem,org::eclipse::jdt::internal::core::util::StackMapAttribute,4,3,1,3,6,0,5,1,33.0,4.0,31,5,0,0.0,4,9.0,7.0,0,0,0,0,0,0,aeeem,org::eclipse::jdt::internal::core::util::StackMapAttribute,143.0,5,2,2,228.857,144.0,1.0,0,82.0,28.8,1.0,0.2,82.0,28.6,59.0307,1,1,0,0,0,2.26443,0.00533575,0.00374515,0.0551917,0.000610663,True
aeeem,org::eclipse::jdt::core::dom::SuperMethodInvocation,6,3,1,6,171,0,10,95,136.0,19.0,73,6,0,0.0,9,72.0,38.0,0,0,0,0,0,0,aeeem,org::eclipse::jdt::core::dom::SuperMethodInvocation,399.0,45,7,15,333.143,813.0,414.0,0,187.0,18.0667,187.0,9.2,93.0,8.86667,98.4973,11,8,0,0,0,8.63149,0.0194735,0.157177,8.1599,0.238388,True
aeeem,org::eclipse::jdt::internal::codeassist::complete::CompletionOnExplicitConstructorCall,6,4,1,5,3,0,0,393,41.0,3.0,61,0,0,0.0,3,18.0,14.0,0,0,0,0,0,0,aeeem,org::eclipse::jdt::internal::codeassist::complete::CompletionOnExplicitConstructorCall,9.0,28,5,4,367.0,265.0,256.0,0,76.0,9.46429,76.0,9.14286,6.0,0.321429,52.4016,0,0,0,0,0,4.07501,0.00220824,0.0062193,0.097153,0.00103086,True
aeeem,org::eclipse::jdt::internal::formatter::old::CodeFormatter,6,1,1,5,1,0,1,114,131.0,2.0,9,1,0,0.0,2,38.0,24.0,0,0,0,0,0,0,aeeem,org::eclipse::jdt::internal::formatter::old::CodeFormatter,5.0,19,6,7,229.857,317.0,312.0,0,121.0,16.6842,120.0,16.4211,18.0,0.263158,51.1739,5,3,0,0,0,7.25753,0.0253314,0.0098062,0.168437,0.000656321,True
aeeem,org::eclipse::jdt::internal::compiler::lookup::CaptureBinding,8,5,1,7,45,0,5,55,210.0,10.0,171,0,0,5.0,10,70.0,47.0,0,0,0,0,0,0,aeeem,org::eclipse::jdt::internal::compiler::lookup::CaptureBinding,117.0,33,4,4,164.714,397.0,280.0,0,54.0,12.0303,53.0,8.48485,53.0,3.54545,42.6312,20,19,4,2,0,18.513,0.0615781,0.16975,8.39701,0.288074,True
aeeem,org::eclipse::jdt::internal::compiler::lookup::ParameterizedMethodBinding,7,3,4,4,10,1,1,37,34.0,5.0,72,0,0,0.0,5,13.0,6.0,0,0,0,0,0,0,aeeem,org::eclipse::jdt::internal::compiler::lookup::ParameterizedMethodBinding,433.0,49,9,4,224.143,630.0,197.0,0,89.0,12.8571,43.0,4.02041,89.0,8.83673,62.839,14,14,1,1,0,22.2757,0.040362,0.174812,8.48431,0.293833,True
aeeem,org::eclipse::jdt::internal::compiler::ast::FieldDeclaration,38,4,17,23,28,5,4,396,241.0,8.0,57,0,0,4.0,8,105.0,87.0,0,0,0,0,0,0,aeeem,org::eclipse::jdt::internal::compiler::ast::FieldDeclaration,132.0,121,10,8,367.0,1517.0,1385.0,0,223.0,12.5372,237.0,11.4463,39.0,1.09091,130.518,41,37,4,2,1,30.6378,0.130658,0.200719,8.71535,0.325189,True
aeeem,org::eclipse::jdt::internal::compiler::lookup::InferenceContext,6,1,3,3,15,0,9,0,116.0,6.0,8,1,0,6.0,6,34.0,31.0,0,0,0,0,0,0,aeeem,org::eclipse::jdt::internal::compiler::lookup::InferenceContext,16.0,5,2,1,103.286,26.0,10.0,0,11.0,5.2,4.0,2.0,7.0,3.2,51.945,2,1,1,0,0,2.22103,0.0173098,0.00845588,0.0679235,0.017846,True
aeeem,org::eclipse::jdt::core::dom::AssertStatement,5,3,1,4,91,0,5,95,98.0,14.0,73,3,0,0.0,5,49.0,24.0,0,0,0,0,0,0,aeeem,org::eclipse::jdt::core::dom::AssertStatement,184.0,38,7,13,333.143,453.0,269.0,0,172.0,11.9211,172.0,7.07895,77.0,4.84211,69.9451,8,7,0,0,0,7.95479,0.00397769,0.154542,8.1394,0.232145,True
aeeem,org::eclipse::jdt::internal::core::search::matching::PackageDeclarationPattern,2,4,1,1,3,0,1,61,17.0,3.0,45,0,0,0.0,1,7.0,4.0,1,0,0,0,0,1,aeeem,org::eclipse::jdt::internal::core::search::matching::PackageDeclarationPattern,-86.0,49,7,4,367.0,497.0,583.0,0,97.0,10.1429,97.0,11.898,19.0,-1.7551,51.8896,2,1,0,0,0,5.11213,0.00290785,0.0084493,0.124162,0.00212678,True
aeeem,org::eclipse::jdt::core::dom::InternalASTRewrite,12,2,1,11,105,0,5,0,163.0,15.0,19,1,4,1.0,3,88.0,35.0,0,0,0,0,0,0,aeeem,org::eclipse::jdt::core::dom::InternalASTRewrite,34.0,15,7,2,221.0,86.0,52.0,0,17.0,5.73333,11.0,3.46667,15.0,2.26667,46.3405,3,2,1,0,0,7.06348,0.00618332,0.00997839,0.16545,0.00112302,True
aeeem,org::eclipse::jdt::internal::compiler::classfmt::ClassFileReader,22,3,7,15,630,0,23,8,724.0,36.0,37,23,8,0.0,28,210.0,246.0,0,0,0,0,0,0,aeeem,org::eclipse::jdt::internal::compiler::classfmt::ClassFileReader,53.0,111,9,21,367.0,5118.0,5065.0,0,788.0,46.1081,788.0,45.6306,279.0,0.477477,80.9683,27,25,4,1,1,22.1081,0.127041,0.189791,8.51026,0.321851,True
aeeem,org::eclipse::jdt::internal::core::search::JavaSearchParticipant,10,2,3,7,28,0,1,0,46.0,8.0,18,0,0,1.0,8,25.0,12.0,0,0,0,0,0,0,aeeem,org::eclipse::jdt::internal::core::search::JavaSearchParticipant,-175.0,21,7,4,236.0,52.0,227.0,0,15.0,2.47619,82.0,10.8095,2.0,-8.33333,27.4478,3,2,0,0,0,9.08309,0.0062024,0.13756,8.1338,0.199004,True
aeeem,org::eclipse::jdt::internal::core::ImportContainer,11,4,1,11,55,1,0,52,63.0,11.0,127,0,0,0.0,6,34.0,22.0,0,0,0,0,0,0,aeeem,org::eclipse::jdt::internal::core::ImportContainer,34.0,44,8,4,367.0,286.0,252.0,0,82.0,6.5,82.0,5.72727,21.0,0.772727,62.7033,8,8,0,0,1,9.21502,0.00450811,0.135103,8.12236,0.198215,True
aeeem,org::eclipse::jdt::core::dom::TypeParameter,6,2,1,6,105,0,5,95,91.0,15.0,68,3,0,0.0,5,50.0,23.0,0,0,0,0,0,0,aeeem,org::eclipse::jdt::core::dom::TypeParameter,510.0,36,7,6,239.571,597.0,87.0,0,165.0,16.5833,12.0,2.41667,165.0,14.1667,13.5219,5,4,0,0,0,8.43242,0.00408152,0.153579,8.14429,0.231202,True
aeeem,org::eclipse::jdt::internal::compiler::env::NameEnvironmentAnswer,8,1,7,1,45,0,4,0,34.0,10.0,8,0,0,4.0,10,12.0,14.0,0,0,0,0,0,0,aeeem,org::eclipse::jdt::internal::compiler::env::NameEnvironmentAnswer,27.0,30,6,3,367.0,929.0,902.0,0,78.0,30.9667,78.0,30.0667,16.0,0.9,30.1708,2,2,1,0,0,4.06989,0.00235898,0.00590675,0.0959564,0.00068934,True
aeeem,org::eclipse::jdt::core::CompletionContext,3,2,1,2,120,0,5,11,123.0,16.0,18,0,0,0.0,16,43.0,31.0,1,0,0,0,0,1,aeeem,org::eclipse::jdt::core::CompletionContext,548.0,18,4,4,169.857,599.0,51.0,0,151.0,33.2778,24.0,2.83333,151.0,30.4444,73.1803,14,9,0,0,2,10.2625,0.0524104,0.171654,8.22522,0.290037,True
aeeem,org::eclipse::jdt::internal::core::index::EntryResult,7,1,4,4,15,0,3,0,56.0,6.0,8,3,0,0.0,6,16.0,19.0,0,0,0,0,0,0,aeeem,org::eclipse::jdt::internal::core::index::EntryResult,25.0,19,7,5,234.571,240.0,215.0,0,46.0,12.6316,44.0,11.3158,10.0,1.31579,21.7625,2,2,0,0,0,9.22461,0.00703002,0.0143352,0.220489,0.00372547,True
aeeem,org::eclipse::jdt::internal::compiler::problem::AbortCompilation,13,1,9,4,1,1,6,0,14.0,2.0,23,1,0,5.0,2,11.0,5.0,0,0,0,0,0,0,aeeem,org::eclipse::jdt::internal::compiler::problem::AbortCompilation,43.0,26,7,6,367.0,207.0,164.0,0,50.0,7.96154,50.0,6.30769,14.0,1.65385,104.823,8,7,0,0,1,9.05061,0.00370299,0.0173837,0.22698,0.0121331,True
aeeem,org::eclipse::jdt::core::dom::SynchronizedStatement,6,3,1,5,91,0,5,95,106.0,14.0,73,3,0,0.0,5,54.0,27.0,0,0,0,0,0,0,aeeem,org::eclipse::jdt::core::dom::SynchronizedStatement,188.0,38,7,13,333.143,484.0,296.0,0,172.0,12.7368,172.0,7.78947,73.0,4.94737,72.0003,8,7,0,0,0,7.95479,0.00397769,0.154542,8.1394,0.232145,True
aeeem,org::eclipse::jdt::core::dom::DefaultCommentMapper,6,1,2,5,78,0,10,0,393.0,13.0,8,0,1,9.0,4,67.0,102.0,0,0,0,0,0,0,aeeem,org::eclipse::jdt::core::dom::DefaultCommentMapper,1005.0,45,8,6,229.0,1727.0,722.0,0,444.0,38.3778,107.0,16.0444,430.0,22.3333,25.5065,24,22,2,2,2,12.8915,0.050394,0.0251661,0.325267,0.0159743,True
aeeem,org::eclipse::jdt::internal::core::util::EnclosingMethodAttribute,4,3,1,3,28,0,7,1,50.0,8.0,36,7,0,0.0,7,23.0,13.0,0,0,0,0,0,0,aeeem,org::eclipse::jdt::internal::core::util::EnclosingMethodAttribute,208.0,9,3,5,228.857,234.0,26.0,0,103.0,26.0,15.0,2.88889,103.0,23.1111,15.5336,0,0,0,0,0,4.07501,0.00220824,0.0062193,0.097153,0.00103086,True
aeeem,org::eclipse::jdt::internal::compiler::ast::ArrayInitializer,16,4,3,13,15,0,2,384,195.0,6.0,69,0,0,2.0,6,75.0,56.0,0,0,0,0,0,0,aeeem,org::eclipse::jdt::internal::compiler::ast::ArrayInitializer,55.0,72,7,11,367.0,873.0,818.0,0,188.0,12.125,188.0,11.3611,14.0,0.763889,101.333,17,15,3,2,0,20.2492,0.0733418,0.155112,8.39812,0.206625,True
aeeem,org::eclipse::jdt::internal::codeassist::complete::CompletionOnMemberValueName,1,3,1,0,1,0,0,384,9.0,2.0,31,0,0,0.0,2,5.0,2.0,0,0,0,0,0,0,aeeem,org::eclipse::jdt::internal::codeassist::complete::CompletionOnMemberValueName,0.0,1,1,0,172.714,0.0,0.0,0,0.0,0.0,0.0,0.0,0.0,0.0,0.0,0,0,0,0,0,0.0,0.0,0.0,0.0,0.0,True
aeeem,org::eclipse::jdt::internal::compiler::impl::ShortConstant,3,2,3,0,66,0,1,152,37.0,12.0,41,1,1,0.0,11,14.0,12.0,0,0,0,0,0,0,aeeem,org::eclipse::jdt::internal::compiler::impl::ShortConstant,-24.0,35,6,6,367.0,177.0,201.0,0,54.0,5.05714,54.0,5.74286,5.0,-0.685714,57.4762,1,1,0,0,0,6.77104,0.00343493,0.0101348,0.160922,0.00120756,True
aeeem,org::eclipse::jdt::internal::core::search::matching::OrLocator,5,2,1,5,36,0,1,68,124.0,9.0,33,0,0,0.0,5,30.0,44.0,0,0,0,0,0,0,aeeem,org::eclipse::jdt::internal::core::search::matching::OrLocator,226.0,27,8,4,248.571,317.0,91.0,0,98.0,11.7407,35.0,3.37037,63.0,8.37037,58.6223,8,7,0,0,0,11.2897,0.0307847,0.147945,8.19532,0.223211,True
aeeem,org::eclipse::jdt::internal::core::OpenableElementInfo,3,2,3,0,3,6,1,2,6.0,3.0,14,0,0,0.0,3,3.0,2.0,0,0,0,0,0,0,aeeem,org::eclipse::jdt::internal::core::OpenableElementInfo,25.0,17,5,4,367.0,66.0,41.0,0,23.0,3.88235,17.0,2.41176,22.0,1.47059,118.11,1,1,1,0,1,4.07501,0.00220824,0.0062193,0.097153,0.00103086,True
aeeem,org::eclipse::jdt::internal::compiler::ast::IntLiteralMinValue,0,7,0,0,1,0,2,388,7.0,2.0,87,0,0,0.0,2,2.0,2.0,0,0,0,0,0,0,aeeem,org::eclipse::jdt::internal::compiler::ast::IntLiteralMinValue,-2.0,16,4,3,367.0,79.0,81.0,0,27.0,4.9375,27.0,5.0625,6.0,-0.125,74.094,0,0,0,0,0,4.08525,0.00137146,0.00599796,0.0965694,0.000752173,True
aeeem,org::eclipse::jdt::internal::core::search::matching::AndLocator,1,2,1,1,21,0,2,68,74.0,7.0,33,0,0,2.0,4,17.0,25.0,0,0,0,0,0,0,aeeem,org::eclipse::jdt::internal::core::search::matching::AndLocator,0.0,3,2,1,49.8571,3.0,3.0,0,2.0,1.0,2.0,1.0,0.0,0.0,40.6667,2,1,0,0,0,2.57538,0.00247396,0.132681,7.98269,0.210948,True
aeeem,org::eclipse::jdt::internal::compiler::codegen::CharArrayCache,4,1,2,2,55,0,4,0,118.0,11.0,8,0,2,4.0,9,33.0,36.0,0,0,0,0,0,0,aeeem,org::eclipse::jdt::internal::compiler::codegen::CharArrayCache,39.0,34,7,5,367.0,553.0,514.0,0,184.0,16.2647,184.0,15.1176,25.0,1.14706,78.5451,4,4,0,0,0,8.57238,0.027208,0.129683,8.1024,0.175244,True
aeeem,org::eclipse::jdt::internal::core::search::matching::MethodLocator,26,2,1,26,190,0,4,68,526.0,20.0,33,1,4,1.0,5,176.0,175.0,3,0,0,0,0,1,aeeem,org::eclipse::jdt::internal::core::search::matching::MethodLocator,844.0,107,9,10,248.571,1707.0,863.0,0,139.0,15.9533,70.0,8.06542,119.0,7.88785,94.0384,57,52,6,1,4,33.9297,0.236619,0.199192,8.78156,0.294428,True
aeeem,org::eclipse::jdt::core::BufferChangedEvent,2,1,2,0,10,0,4,0,18.0,5.0,16,4,0,0.0,5,5.0,5.0,0,0,0,0,0,0,aeeem,org::eclipse::jdt::core::BufferChangedEvent,7.0,22,4,6,367.0,192.0,185.0,0,109.0,8.72727,109.0,8.40909,5.0,0.318182,58.026,0,0,0,0,0,6.70304,0.00429599,0.152618,8.10942,0.231938,True
aeeem,org::eclipse::jdt::internal::core::NullBuffer,1,2,1,0,0,0,0,11,3.0,1.0,47,0,0,0.0,1,1.0,1.0,0,0,0,0,0,0,aeeem,org::eclipse::jdt::internal::core::NullBuffer,-1.0,2,1,2,57.8571,2.0,3.0,0,2.0,1.0,3.0,1.5,0.0,-0.5,0.0,1,1,0,0,0,1.06049,0.00169526,0.00371141,0.0316289,0.00673218,True
aeeem,org::eclipse::jdt::core::dom::ReturnStatement,3,3,1,2,66,0,3,95,60.0,12.0,73,2,0,0.0,3,35.0,16.0,0,0,0,0,0,0,aeeem,org::eclipse::jdt::core::dom::ReturnStatement,133.0,34,7,12,333.143,316.0,183.0,0,122.0,9.29412,122.0,5.38235,59.0,3.91176,70.3734,6,5,0,0,0,7.95479,0.00397769,0.154542,8.1394,0.232145,True
aeeem,org::eclipse::jdt::internal::core::CopyPackageFragmentRootOperation,15,2,2,13,15,1,4,18,223.0,6.0,62,0,0,4.0,2,104.0,46.0,1,0,0,0,0,1,aeeem,org::eclipse::jdt::internal::core::CopyPackageFragmentRootOperation,67.0,35,7,7,281.143,215.0,148.0,0,50.0,6.14286,46.0,4.22857,41.0,1.91429,35.0671,12,10,3,0,2,13.7034,0.00847021,0.148299,8.25014,0.213692,True
aeeem,org::eclipse::jdt::internal::core::MultiOperation,18,2,7,11,136,4,4,18,165.0,17.0,62,0,1,0.0,2,81.0,56.0,0,0,0,0,0,0,aeeem,org::eclipse::jdt::internal::core::MultiOperation,-58.0,28,7,2,367.0,981.0,1039.0,0,334.0,35.0357,334.0,37.1071,12.0,-2.07143,59.3,3,3,1,1,0,6.9656,0.0135317,0.0123244,0.170848,0.00748692,True
aeeem,org::eclipse::jdt::internal::core::ProjectReferenceChange,5,1,3,2,3,0,2,0,77.0,3.0,8,2,0,0.0,3,12.0,12.0,1,0,0,0,0,1,aeeem,org::eclipse::jdt::internal::core::ProjectReferenceChange,28.0,8,2,2,105.0,132.0,104.0,0,62.0,16.5,50.0,13.0,12.0,3.5,81.7056,3,3,1,1,0,5.07652,0.0893076,0.135422,8.04626,0.218176,True
aeeem,org::eclipse::jdt::internal::compiler::ast::QualifiedSuperReference,7,7,1,6,15,1,0,386,38.0,6.0,97,0,0,0.0,6,17.0,10.0,1,0,0,0,0,1,aeeem,org::eclipse::jdt::internal::compiler::ast::QualifiedSuperReference,13.0,38,5,6,367.0,239.0,226.0,0,58.0,6.28947,58.0,5.94737,9.0,0.342105,67.2791,3,3,0,0,0,5.29522,0.00372688,0.00902112,0.129483,0.00276379,True
aeeem,org::eclipse::jdt::internal::core::search::processing::JobManager,15,1,10,6,120,1,10,0,383.0,16.0,16,2,0,2.0,13,122.0,93.0,0,0,0,0,0,0,aeeem,org::eclipse::jdt::internal::core::search::processing::JobManager,231.0,116,8,9,367.0,1922.0,1691.0,0,368.0,16.569,368.0,14.5776,29.0,1.99138,76.0182,16,13,0,0,0,17.3722,0.0459164,0.168612,8.37081,0.284163,True
aeeem,org::eclipse::jdt::internal::core::search::matching::MemberDeclarationVisitor,6,2,0,6,21,0,16,0,142.0,7.0,11,7,2,9.0,3,23.0,39.0,0,0,0,0,0,0,aeeem,org::eclipse::jdt::internal::core::search::matching::MemberDeclarationVisitor,0.0,1,1,0,12.2857,0.0,0.0,0,0.0,0.0,0.0,0.0,0.0,0.0,0.0,1,0,0,0,0,0.0,0.0,0.0,0.0,0.0,True
aeeem,org::eclipse::jdt::core::dom::SimpleName,62,4,58,5,105,0,4,97,124.0,15.0,79,3,0,0.0,4,47.0,32.0,0,0,0,0,0,0,aeeem,org::eclipse::jdt::core::dom::SimpleName,197.0,58,8,14,333.143,673.0,476.0,0,206.0,11.6034,206.0,8.2069,49.0,3.39655,65.2539,13,11,1,0,0,10.6043,0.00911553,0.159856,8.20567,0.238377,True
aeeem,org::eclipse::jdt::internal::eval::CodeSnippetToCuMapper,4,1,2,2,21,0,12,14,233.0,7.0,8,0,1,12.0,6,32.0,24.0,0,0,0,0,0,0,aeeem,org::eclipse::jdt::internal::eval::CodeSnippetToCuMapper,-94.0,76,8,6,367.0,1158.0,1252.0,0,300.0,15.2368,370.0,16.4737,23.0,-1.23684,66.1541,17,15,0,0,0,14.5431,0.0194613,0.0316076,0.373209,0.0396787,True
aeeem,org::eclipse::jdt::internal::core::builder::JavaBuilder,25,1,7,21,465,0,14,0,661.0,31.0,0,0,15,13.0,11,319.0,196.0,0,0,0,0,0,0,aeeem,org::eclipse::jdt::internal::core::builder::JavaBuilder,508.0,167,11,8,329.0,2144.0,1636.0,0,515.0,12.8383,515.0,9.79641,47.0,3.04192,77.0235,31,26,5,4,1,32.0766,0.136858,0.216457,8.78373,0.363007,True
aeeem,org::eclipse::jdt::core::dom::AnnotationTypeDeclaration,7,4,1,7,136,0,5,99,98.0,17.0,100,1,0,0.0,1,57.0,26.0,0,0,0,0,0,0,aeeem,org::eclipse::jdt::core::dom::AnnotationTypeDeclaration,549.0,27,5,5,226.0,629.0,80.0,0,146.0,23.2963,12.0,2.96296,146.0,20.3333,3.16489,6,4,0,0,0,6.84846,0.00360045,0.151789,8.10896,0.231177,True
aeeem,org::eclipse::jdt::internal::compiler::util::SimpleNameVector,3,1,1,2,45,0,4,0,64.0,10.0,8,0,0,4.0,10,20.0,18.0,0,0,0,0,0,0,aeeem,org::eclipse::jdt::internal::compiler::util::SimpleNameVector,24.0,29,4,5,367.0,280.0,256.0,0,93.0,9.65517,93.0,8.82759,25.0,0.827586,34.4097,1,1,0,0,0,4.07501,0.00220824,0.0062193,0.097153,0.00103086,True
aeeem,org::eclipse::jdt::internal::core::SearchableEnvironment,17,1,4,13,66,1,6,48,144.0,12.0,11,0,4,1.0,5,54.0,38.0,1,0,0,0,0,1,aeeem,org::eclipse::jdt::internal::core::SearchableEnvironment,139.0,90,8,8,367.0,4337.0,4198.0,0,329.0,48.1889,329.0,46.6444,101.0,1.54444,36.5847,27,20,2,0,0,20.8131,0.0519283,0.168737,8.43925,0.229295,True
aeeem,org::eclipse::jdt::core::dom::LabeledStatement,6,3,1,5,91,0,5,95,107.0,14.0,73,3,0,0.0,5,53.0,27.0,0,0,0,0,0,0,aeeem,org::eclipse::jdt::core::dom::LabeledStatement,208.0,38,7,13,333.143,493.0,285.0,0,173.0,12.9737,173.0,7.5,75.0,5.47368,73.2634,9,8,0,0,0,7.95479,0.00397769,0.154542,8.1394,0.232145,True
aeeem,org::eclipse::jdt::internal::core::search::AbstractSearchScope,1,1,1,0,10,2,0,5,12.0,5.0,14,0,0,0.0,5,5.0,4.0,0,0,0,0,0,0,aeeem,org::eclipse::jdt::internal::core::search::AbstractSearchScope,8.0,21,5,5,367.0,147.0,139.0,0,54.0,7.0,54.0,6.61905,31.0,0.380952,56.1244,1,1,1,0,0,6.86677,0.00411404,0.125854,8.06017,0.164593,True
aeeem,org::eclipse::jdt::internal::core::hierarchy::HierarchyBuilder,22,1,5,18,55,2,5,0,242.0,11.0,8,0,0,0.0,3,89.0,51.0,0,0,0,0,0,0,aeeem,org::eclipse::jdt::internal::core::hierarchy::HierarchyBuilder,155.0,82,7,4,367.0,1665.0,1510.0,0,441.0,20.3049,441.0,18.4146,135.0,1.89024,71.0099,12,11,2,1,0,14.4323,0.0421348,0.0219163,0.34386,0.00359123,True
aeeem,org::eclipse::jdt::internal::compiler::ast::Argument,23,5,13,11,28,2,1,397,132.0,8.0,64,1,0,0.0,8,56.0,38.0,0,0,0,0,0,0,aeeem,org::eclipse::jdt::internal::compiler::ast::Argument,114.0,80,8,10,367.0,620.0,506.0,0,91.0,7.75,91.0,6.325,15.0,1.425,106.514,13,11,1,0,1,20.4932,0.0388918,0.168942,8.44318,0.253393,True
aeeem,org::eclipse::jdt::internal::codeassist::MissingTypesGuesser,10,2,1,9,36,0,5,0,186.0,9.0,11,5,7,0.0,2,44.0,32.0,0,0,0,0,0,0,aeeem,org::eclipse::jdt::internal::codeassist::MissingTypesGuesser,0.0,4,2,1,87.7143,11.0,11.0,0,8.0,2.75,8.0,2.75,0.0,0.0,8.35065,3,2,0,0,1,2.51582,0.00409529,0.00719149,0.0706021,0.00921909,True
aeeem,org::eclipse::jdt::internal::core::util::JavaElementFinder,9,2,0,9,66,0,5,2,89.0,12.0,41,3,1,2.0,11,54.0,26.0,0,0,0,0,0,0,aeeem,org::eclipse::jdt::internal::core::util::JavaElementFinder,0.0,1,1,0,29.0,0.0,0.0,0,0.0,0.0,0.0,0.0,0.0,0.0,0.0,1,0,0,0,1,0.0,0.0,0.0,0.0,0.0,True
aeeem,org::eclipse::jdt::internal::compiler::flow::ConditionalFlowInfo,2,2,1,2,496,0,2,8,145.0,32.0,46,0,0,2.0,31,68.0,43.0,0,0,0,0,0,0,aeeem,org::eclipse::jdt::internal::compiler::flow::ConditionalFlowInfo,68.0,33,5,2,367.0,798.0,730.0,0,141.0,24.1818,127.0,22.1212,72.0,2.06061,112.254,4,4,0,0,0,5.18843,0.0282476,0.00784661,0.123538,0.00108711,True
aeeem,org::eclipse::jdt::internal::core::search::JavaWorkspaceScope,12,3,2,11,36,0,1,5,155.0,9.0,21,1,0,0.0,9,60.0,40.0,0,0,0,0,0,0,aeeem,org::eclipse::jdt::internal::core::search::JavaWorkspaceScope,202.0,47,9,7,367.0,502.0,300.0,0,140.0,10.6809,140.0,6.38298,71.0,4.29787,154.785,8,8,1,0,0,13.1836,0.0538294,0.166302,8.27278,0.255169,True
aeeem,org::eclipse::jdt::internal::core::MoveResourceElementsOperation,1,4,1,0,3,1,0,37,9.0,3.0,85,0,0,0.0,1,3.0,3.0,0,0,0,0,0,0,aeeem,org::eclipse::jdt::internal::core::MoveResourceElementsOperation,1.0,28,5,4,367.0,104.0,103.0,0,44.0,3.71429,44.0,3.67857,6.0,0.0357143,59.0316,2,2,0,0,0,6.92698,0.00278123,0.0097273,0.161994,0.00112517,True
aeeem,org::eclipse::jdt::internal::core::BatchInitializationMonitor,1,1,1,0,45,0,3,0,55.0,10.0,8,0,1,3.0,9,27.0,18.0,0,0,0,0,0,0,aeeem,org::eclipse::jdt::internal::core::BatchInitializationMonitor,0.0,1,1,0,35.7143,0.0,0.0,0,0.0,0.0,0.0,0.0,0.0,0.0,0.0,1,1,0,0,0,0.0,0.0,0.0,0.0,0.0,True
aeeem,org::eclipse::jdt::internal::compiler::util::Util,61,1,44,17,171,0,6,12,513.0,19.0,8,2,1,0.0,18,143.0,120.0,1,0,0,0,0,1,aeeem,org::eclipse::jdt::internal::compiler::util::Util,996.0,87,7,19,363.857,3123.0,2127.0,0,378.0,35.8966,378.0,24.4483,216.0,11.4483,109.912,25,21,2,1,1,25.9159,0.159701,0.199802,8.61679,0.33165,True
aeeem,org::eclipse::jdt::internal::core::CancelableProblemFactory,1,2,0,1,1,0,1,1,9.0,2.0,18,0,0,1.0,2,6.0,4.0,0,0,0,0,0,0,aeeem,org::eclipse::jdt::internal::core::CancelableProblemFactory,6.0,7,4,3,191.571,19.0,13.0,0,7.0,2.71429,5.0,1.85714,6.0,0.857143,95.6842,6,5,0,0,0,6.50029,0.00472774,0.0162024,0.172037,0.0284823,True
aeeem,org::eclipse::jdt::internal::core::LocalVariable,20,4,5,15,300,0,7,52,222.0,25.0,129,0,3,7.0,16,78.0,55.0,1,0,0,0,0,1,aeeem,org::eclipse::jdt::internal::core::LocalVariable,170.0,35,8,4,243.857,219.0,49.0,0,110.0,6.25714,7.0,1.4,106.0,4.85714,141.279,13,10,2,0,2,13.7497,0.0364921,0.17536,8.30879,0.310199,True
aeeem,org::eclipse::jdt::internal::compiler::ast::MethodDeclaration,21,3,7,15,28,4,2,408,198.0,8.0,58,0,0,2.0,8,59.0,69.0,2,0,0,0,0,1,aeeem,org::eclipse::jdt::internal::compiler::ast::MethodDeclaration,177.0,84,6,8,367.0,857.0,680.0,0,102.0,10.2024,102.0,8.09524,59.0,2.10714,122.828,17,14,0,0,1,23.1815,0.0733601,0.173763,8.50375,0.271031,True
aeeem,org::eclipse::jdt::internal::core::ResolvedBinaryType,5,8,4,2,15,0,1,82,26.0,6.0,319,1,0,0.0,5,11.0,7.0,0,0,0,0,0,0,aeeem,org::eclipse::jdt::internal::core::ResolvedBinaryType,10.0,8,3,3,175.0,28.0,18.0,0,7.0,3.5,5.0,2.25,6.0,1.25,34.1888,2,2,0,0,0,9.47399,0.00664446,0.138728,8.13707,0.203073,True
aeeem,org::eclipse::jdt::internal::compiler::lookup::InnerEmulationDependency,1,1,1,0,0,0,2,0,4.0,1.0,8,0,0,2.0,1,1.0,1.0,0,0,0,0,0,0,aeeem,org::eclipse::jdt::internal::compiler::lookup::InnerEmulationDependency,0.0,17,4,4,367.0,68.0,68.0,0,23.0,4.0,23.0,4.0,6.0,0.0,61.6723,0,0,0,0,0,4.07501,0.00220824,0.0062193,0.097153,0.00103086,True
aeeem,org::eclipse::jdt::internal::core::CreateTypeOperation,11,4,3,8,28,0,0,28,62.0,8.0,91,0,1,0.0,2,35.0,16.0,0,0,0,0,0,0,aeeem,org::eclipse::jdt::internal::core::CreateTypeOperation,21.0,41,7,6,367.0,337.0,316.0,0,105.0,8.21951,105.0,7.70732,15.0,0.512195,80.2128,7,7,1,0,0,8.7196,0.0137488,0.13446,8.11095,0.198195,True
aeeem,org::eclipse::jdt::internal::core::hierarchy::RegionBasedHierarchyBuilder,12,2,1,11,21,0,0,5,156.0,7.0,19,0,5,0.0,2,61.0,31.0,0,0,0,0,0,0,aeeem,org::eclipse::jdt::internal::core::hierarchy::RegionBasedHierarchyBuilder,-30.0,37,5,5,367.0,1295.0,1325.0,0,285.0,35.0,285.0,35.8108,43.0,-0.810811,63.2596,7,6,0,0,0,8.94796,0.0169683,0.0166142,0.22261,0.00996758,True
aeeem,org::eclipse::jdt::internal::core::util::PublicScanner,9,1,0,9,1225,0,107,114,3449.0,50.0,20,2,3,44.0,41,374.0,1169.0,0,0,0,0,0,0,aeeem,org::eclipse::jdt::internal::core::util::PublicScanner,848.0,135,9,24,288.143,5002.0,4154.0,0,649.0,37.0519,634.0,30.7704,269.0,6.28148,96.7068,43,39,3,1,1,24.6219,0.453537,0.15945,8.49782,0.200777,True
aeeem,org::eclipse::jdt::internal::compiler::ast::Block,16,3,12,4,45,0,3,380,97.0,10.0,38,0,0,3.0,10,32.0,30.0,0,0,0,0,0,0,aeeem,org::eclipse::jdt::internal::compiler::ast::Block,4.0,51,5,6,367.0,809.0,805.0,0,159.0,15.8627,159.0,15.7843,13.0,0.0784314,44.356,5,5,1,1,1,5.26853,0.00179632,0.00769384,0.124448,0.00086308,True
aeeem,org::eclipse::jdt::internal::core::search::matching::MatchLocator,102,1,17,90,1431,0,27,0,1531.0,54.0,9,2,4,24.0,19,572.0,419.0,5,0,1,0,0,1,aeeem,org::eclipse::jdt::internal::core::search::matching::MatchLocator,3203.0,381,9,27,367.0,19905.0,16702.0,0,1343.0,52.2441,1343.0,43.8373,240.0,8.40682,76.8359,135,118,9,1,9,42.2808,0.466001,0.192471,1.31291,0.432691,True
aeeem,org::eclipse::jdt::internal::compiler::ast::ExplicitConstructorCall,26,3,10,17,105,2,13,380,364.0,15.0,46,0,0,9.0,14,127.0,104.0,1,0,0,0,0,1,aeeem,org::eclipse::jdt::internal::compiler::ast::ExplicitConstructorCall,173.0,85,8,9,367.0,2035.0,1862.0,0,315.0,23.9412,315.0,21.9059,55.0,2.03529,80.5213,21,19,2,1,1,23.2611,0.0392912,0.169271,8.49634,0.246169,True
aeeem,org::eclipse::jdt::core::dom::SimpleType,12,3,9,3,66,0,3,95,72.0,12.0,76,2,0,0.0,3,37.0,19.0,0,0,0,0,0,0,aeeem,org::eclipse::jdt::core::dom::SimpleType,147.0,42,7,14,333.143,365.0,218.0,0,126.0,8.69048,126.0,5.19048,60.0,3.5,73.5362,9,8,0,0,0,7.95479,0.00397769,0.154542,8.1394,0.232145,True
aeeem,org::eclipse::jdt::internal::core::dom::rewrite::ASTRewriteFormatter,11,1,5,7,120,0,28,0,258.0,16.0,8,6,3,19.0,13,65.0,50.0,0,0,0,0,0,0,aeeem,org::eclipse::jdt::internal::core::dom::rewrite::ASTRewriteFormatter,580.0,34,8,10,220.143,1053.0,473.0,0,319.0,30.9706,70.0,13.9118,249.0,17.0588,26.9399,8,6,0,0,0,17.7564,0.126867,0.142393,8.31733,0.174182,True
aeeem,org::eclipse::jdt::internal::core::builder::ProblemFactory,3,2,2,1,1,0,1,1,9.0,2.0,18,0,1,1.0,1,5.0,3.0,0,0,0,0,0,0,aeeem,org::eclipse::jdt::internal::core::builder::ProblemFactory,6.0,12,5,4,329.0,58.0,52.0,0,31.0,4.83333,31.0,4.33333,5.0,0.5,40.2143,0,0,0,0,0,4.07501,0.00220824,0.0062193,0.097153,0.00103086,True
aeeem,org::eclipse::jdt::internal::core::ExternalFolderChange,6,1,3,3,3,0,2,0,27.0,3.0,8,2,0,0.0,3,13.0,7.0,0,0,0,0,0,0,aeeem,org::eclipse::jdt::internal::core::ExternalFolderChange,-26.0,3,1,0,16.0,9.0,35.0,0,7.0,3.0,23.0,11.6667,0.0,-8.66667,1.73016,2,0,0,0,1,1.67023,0.00778298,0.0241137,0.0862473,0.0917318,True
aeeem,org::eclipse::jdt::internal::compiler::ClassFilePool,3,1,2,2,10,0,2,0,30.0,5.0,8,0,1,1.0,4,10.0,8.0,0,0,0,0,0,0,aeeem,org::eclipse::jdt::internal::compiler::ClassFilePool,-6.0,5,2,2,117.0,22.0,28.0,0,10.0,4.4,17.0,5.6,10.0,-1.2,55.5325,0,0,0,0,0,4.65831,0.0186341,0.143022,8.04914,0.227034,True
aeeem,org::eclipse::jdt::internal::core::hierarchy::HierarchyType,4,2,1,3,6,0,5,1,17.0,4.0,11,0,0,5.0,4,7.0,4.0,0,0,0,0,0,0,aeeem,org::eclipse::jdt::internal::core::hierarchy::HierarchyType,-27.0,14,5,4,331.857,129.0,156.0,0,87.0,9.21429,87.0,11.1429,5.0,-1.92857,44.6523,0,0,0,0,0,6.26221,0.00463659,0.00932372,0.148552,0.00124495,True
aeeem,org::eclipse::jdt::internal::compiler::batch::Main,39,1,1,39,666,0,50,23,2557.0,37.0,8,6,5,36.0,20,917.0,659.0,2,0,0,0,0,1,aeeem,org::eclipse::jdt::internal::compiler::batch::Main,3735.0,397,10,96,367.0,22934.0,19199.0,1,2078.0,57.7683,2001.0,48.3602,630.0,9.40806,176.29,117,80,5,0,3,49.9143,2.28526,0.272317,9.27456,0.531851,True
aeeem,org::eclipse::jdt::internal::compiler::ast::CombinedBinaryExpression,6,6,0,6,36,0,6,415,266.0,9.0,117,0,1,4.0,8,64.0,47.0,0,0,0,0,0,0,aeeem,org::eclipse::jdt::internal::compiler::ast::CombinedBinaryExpression,6.0,4,3,2,103.143,21.0,15.0,0,19.0,5.25,13.0,3.75,6.0,1.5,69.2925,4,4,1,0,0,3.63513,0.0135951,0.122647,7.98736,0.171885,True
aeeem,org::eclipse::jdt::internal::core::util::RuntimeInvisibleAnnotationsAttribute,5,3,3,2,3,0,3,1,22.0,3.0,31,3,0,0.0,3,6.0,5.0,0,0,0,0,0,0,aeeem,org::eclipse::jdt::internal::core::util::RuntimeInvisibleAnnotationsAttribute,138.0,7,3,4,222.857,146.0,8.0,0,69.0,20.8571,4.0,1.14286,69.0,19.7143,10.5264,0,0,0,0,0,4.07501,0.00220824,0.0062193,0.097153,0.00103086,True
aeeem,org::eclipse::jdt::internal::antadapter::AntAdapterMessages,4,1,1,3,1,0,2,0,12.0,2.0,8,2,1,0.0,1,5.0,2.0,0,0,0,0,0,0,aeeem,org::eclipse::jdt::internal::antadapter::AntAdapterMessages,0.0,7,3,3,236.143,9.0,9.0,0,5.0,1.28571,5.0,1.28571,0.0,0.0,63.6984,1,1,0,0,0,4.07501,0.00245303,0.0062193,0.097153,0.00103086,True
aeeem,org::eclipse::jdt::internal::core::search::indexing::SaveIndex,5,2,2,3,3,0,0,8,30.0,3.0,19,0,0,0.0,3,10.0,9.0,0,0,0,0,0,0,aeeem,org::eclipse::jdt::internal::core::search::indexing::SaveIndex,-12.0,21,5,4,288.857,65.0,77.0,0,16.0,3.09524,21.0,3.66667,1.0,-0.571429,36.0571,0,0,0,0,0,4.07501,0.00220824,0.0062193,0.097153,0.00103086,True
aeeem,org::eclipse::jdt::internal::core::JavaModel,43,4,22,23,496,0,2,51,235.0,32.0,157,0,2,2.0,22,118.0,79.0,1,1,0,0,0,1,aeeem,org::eclipse::jdt::internal::core::JavaModel,-244.0,112,7,11,367.0,1709.0,1953.0,0,500.0,15.2589,593.0,17.4375,44.0,-2.17857,61.1051,28,26,1,0,2,16.4611,0.0212322,0.176024,8.36307,0.299664,True
aeeem,org::eclipse::jdt::internal::compiler::lookup::FieldBinding,39,3,32,10,253,3,1,34,251.0,23.0,24,0,0,1.0,23,64.0,74.0,3,0,0,0,0,1,aeeem,org::eclipse::jdt::internal::compiler::lookup::FieldBinding,263.0,71,10,5,367.0,979.0,716.0,0,202.0,13.7887,210.0,10.0845,50.0,3.70423,132.269,16,15,0,0,0,24.0421,0.0406408,0.185777,8.53863,0.301109,True
aeeem,org::eclipse::jdt::internal::compiler::lookup::ParameterizedFieldBinding,3,4,1,2,6,0,1,35,24.0,4.0,47,0,0,1.0,4,8.0,6.0,0,0,0,0,0,0,aeeem,org::eclipse::jdt::internal::compiler::lookup::ParameterizedFieldBinding,102.0,19,5,2,224.0,201.0,99.0,0,39.0,10.5789,42.0,5.21053,33.0,5.36842,50.1599,5,5,0,0,0,11.0731,0.0155554,0.015298,0.258265,0.0012279,True
aeeem,org::eclipse::jdt::internal::codeassist::complete::CompletionOnPackageReference,2,3,1,1,1,0,0,387,12.0,2.0,32,0,0,0.0,2,7.0,4.0,0,0,0,0,0,0,aeeem,org::eclipse::jdt::internal::codeassist::complete::CompletionOnPackageReference,3.0,28,5,4,367.0,139.0,136.0,0,53.0,4.96429,53.0,4.85714,6.0,0.107143,53.7605,0,0,0,0,0,5.19438,0.002307,0.00784493,0.123602,0.00115776,True
aeeem,org::eclipse::jdt::internal::codeassist::select::SelectionOnFieldType,2,5,1,1,1,0,0,400,10.0,2.0,65,0,0,0.0,2,4.0,2.0,0,0,0,0,0,0,aeeem,org::eclipse::jdt::internal::codeassist::select::SelectionOnFieldType,11.0,12,4,5,334.714,56.0,45.0,0,27.0,4.66667,27.0,3.75,10.0,0.916667,46.8112,1,1,0,0,0,4.07501,0.00220824,0.0062193,0.097153,0.00103086,True
aeeem,org::eclipse::jdt::internal::compiler::lookup::ProblemBinding,3,2,3,0,6,0,3,28,13.0,4.0,16,1,0,2.0,3,4.0,4.0,0,0,0,0,0,0,aeeem,org::eclipse::jdt::internal::compiler::lookup::ProblemBinding,-4.0,16,4,5,367.0,115.0,119.0,0,55.0,7.1875,55.0,7.4375,6.0,-0.25,51.2435,1,1,0,0,0,4.07501,0.00220824,0.0062193,0.097153,0.00103086,True
aeeem,org::eclipse::jdt::internal::core::CreateTypeHierarchyOperation,8,2,4,4,10,0,1,18,35.0,5.0,62,0,0,0.0,4,15.0,12.0,0,0,0,0,0,0,aeeem,org::eclipse::jdt::internal::core::CreateTypeHierarchyOperation,17.0,21,6,2,367.0,246.0,229.0,0,104.0,11.7143,104.0,10.9048,12.0,0.809524,55.2096,1,0,0,0,0,2.50744,0.0015187,0.00287293,0.0561041,4.51575e-05,True
aeeem,org::eclipse::jdt::core::search::MethodReferenceMatch,1,4,1,0,6,0,3,3,13.0,4.0,38,3,0,0.0,4,4.0,4.0,1,0,0,0,0,1,aeeem,org::eclipse::jdt::core::search::MethodReferenceMatch,172.0,35,5,6,227.571,386.0,214.0,0,100.0,11.0286,100.0,6.11429,37.0,4.91429,92.5426,9,7,1,0,2,9.97058,0.0679523,0.14727,8.16992,0.219542,True
aeeem,org::eclipse::jdt::internal::eval::CodeSnippetQualifiedNameReference,19,7,1,18,78,0,2,426,551.0,13.0,124,0,0,2.0,13,226.0,140.0,2,0,1,0,0,1,aeeem,org::eclipse::jdt::internal::eval::CodeSnippetQualifiedNameReference,-88.0,73,7,9,367.0,2135.0,2223.0,0,604.0,29.2466,604.0,30.4521,22.0,-1.20548,73.4238,9,8,1,1,1,14.4405,0.0195094,0.160556,8.28677,0.249887,True
aeeem,org::eclipse::jdt::internal::codeassist::complete::CompletionJavadocParser,18,3,1,17,276,0,8,135,768.0,24.0,67,0,4,6.0,2,169.0,207.0,0,0,0,0,0,0,aeeem,org::eclipse::jdt::internal::codeassist::complete::CompletionJavadocParser,293.0,33,4,5,140.143,617.0,324.0,0,331.0,18.697,129.0,9.81818,202.0,8.87879,4.84719,26,23,2,1,0,15.3647,0.0307317,0.0346363,0.400882,0.0373279,True
aeeem,org::eclipse::jdt::core::dom::EmptyStatement,5,3,3,2,28,0,1,95,29.0,8.0,73,1,0,0.0,1,18.0,8.0,0,0,0,0,0,0,aeeem,org::eclipse::jdt::core::dom::EmptyStatement,83.0,30,7,9,333.143,198.0,115.0,0,77.0,6.6,77.0,3.83333,36.0,2.76667,72.3867,5,4,0,0,0,7.95479,0.00397769,0.154542,8.1394,0.232145,True
aeeem,org::eclipse::jdt::core::dom::SimplePropertyDescriptor,4,2,2,2,3,0,2,0,14.0,3.0,15,2,0,0.0,2,5.0,5.0,0,0,0,0,0,0,aeeem,org::eclipse::jdt::core::dom::SimplePropertyDescriptor,1.0,9,4,5,224.857,12.0,11.0,0,4.0,1.33333,4.0,1.22222,1.0,0.111111,76.9405,1,1,0,0,0,6.70304,0.00381663,0.152618,8.10942,0.231938,True
aeeem,org::eclipse::jdt::internal::core::SourceRange,12,1,10,2,15,0,2,0,28.0,6.0,10,0,0,0.0,6,12.0,8.0,0,0,0,0,0,0,aeeem,org::eclipse::jdt::internal::core::SourceRange,14.0,26,4,5,367.0,153.0,139.0,0,47.0,5.88462,47.0,5.34615,15.0,0.538462,65.3119,1,1,0,0,0,5.26021,0.00464642,0.00888735,0.128392,0.00257359,True
aeeem,org::eclipse::jdt::internal::core::BinaryType,48,7,10,43,1540,1,5,81,698.0,56.0,263,4,0,0.0,51,367.0,177.0,1,0,0,0,0,1,aeeem,org::eclipse::jdt::internal::core::BinaryType,901.0,183,9,30,367.0,2680.0,1779.0,0,542.0,14.6448,542.0,9.72131,84.0,4.9235,108.119,45,39,5,2,3,29.2704,0.0697392,0.186933,8.66042,0.284892,True
aeeem,org::eclipse::jdt::core::search::TypeParameterDeclarationMatch,1,2,1,0,0,0,0,2,3.0,1.0,33,0,0,0.0,1,1.0,1.0,0,0,0,0,0,0,aeeem,org::eclipse::jdt::core::search::TypeParameterDeclarationMatch,0.0,3,3,1,177.143,5.0,5.0,0,4.0,1.66667,4.0,1.66667,0.0,0.0,3.45714,1,1,0,0,0,3.29051,0.00128984,0.00376279,0.0735933,5.82024e-05,True
aeeem,org::eclipse::jdt::internal::core::util::LocalVariableTypeAttribute,3,3,1,2,3,0,3,1,21.0,3.0,31,3,0,0.0,3,5.0,5.0,0,0,0,0,0,0,aeeem,org::eclipse::jdt::internal::core::util::LocalVariableTypeAttribute,136.0,8,4,4,223.571,155.0,19.0,0,76.0,19.375,11.0,2.375,76.0,17.0,10.482,0,0,0,0,0,4.07501,0.00220824,0.0062193,0.097153,0.00103086,True
aeeem,org::eclipse::jdt::core::util::ByteCodeVisitorAdapter,0,1,0,0,20706,0,0,0,612.0,204.0,212,0,0,0.0,204,204.0,204.0,1,0,0,0,0,1,aeeem,org::eclipse::jdt::core::util::ByteCodeVisitorAdapter,205.0,11,3,4,322.714,234.0,29.0,0,205.0,21.2727,9.0,2.63636,205.0,18.6364,69.5672,0,0,0,0,0,4.07501,0.00220824,0.0062193,0.097153,0.00103086,True
aeeem,org::eclipse::jdt::internal::compiler::ast::ThisReference,8,5,4,4,91,3,0,384,78.0,14.0,77,0,0,0.0,14,29.0,21.0,0,0,0,0,0,0,aeeem,org::eclipse::jdt::internal::compiler::ast::ThisReference,51.0,44,6,6,367.0,328.0,277.0,0,72.0,7.45455,72.0,6.29545,34.0,1.15909,68.76,3,3,0,0,0,8.4257,0.00385568,0.0136954,0.203937,0.00319476,True
aeeem,org::eclipse::jdt::internal::compiler::Compiler,24,1,6,19,120,3,17,11,407.0,16.0,9,0,0,16.0,9,125.0,73.0,1,0,0,0,0,1,aeeem,org::eclipse::jdt::internal::compiler::Compiler,452.0,140,10,26,367.0,7441.0,6989.0,1,594.0,53.15,594.0,49.9214,111.0,3.22857,55.6267,32,24,3,2,1,35.4473,0.278681,0.260976,8.95262,0.499491,True
aeeem,org::eclipse::jdt::internal::compiler::flow::FlowContext,28,1,18,11,351,4,16,125,379.0,27.0,8,0,0,5.0,24,92.0,108.0,2,0,0,0,0,1,aeeem,org::eclipse::jdt::internal::compiler::flow::FlowContext,104.0,72,7,4,367.0,3216.0,3112.0,0,448.0,44.6667,448.0,43.2222,52.0,1.44444,109.796,17,16,2,1,0,14.9914,0.0656826,0.0267717,0.369907,0.0135966,True
aeeem,org::eclipse::jdt::internal::codeassist::complete::CompletionOnQualifiedNameReference,4,7,1,3,3,0,2,397,36.0,3.0,124,0,0,2.0,3,20.0,9.0,0,0,0,0,0,0,aeeem,org::eclipse::jdt::internal::codeassist::complete::CompletionOnQualifiedNameReference,-9.0,35,6,7,367.0,205.0,214.0,0,78.0,5.85714,78.0,6.11429,6.0,-0.257143,63.5052,5,3,0,0,0,14.5866,0.00655623,0.144641,8.2573,0.200209,True
aeeem,org::eclipse::jdt::internal::core::DeletePackageFragmentRootOperation,12,2,1,11,15,0,2,18,120.0,6.0,62,0,0,2.0,1,49.0,26.0,0,0,0,0,0,0,aeeem,org::eclipse::jdt::internal::core::DeletePackageFragmentRootOperation,32.0,21,5,6,281.143,138.0,106.0,0,55.0,6.57143,37.0,5.04762,18.0,1.52381,48.5166,3,2,1,0,2,10.025,0.00933103,0.143124,8.16441,0.21225,True
aeeem,org::eclipse::jdt::internal::compiler::ast::BreakStatement,9,4,0,9,6,0,0,384,72.0,4.0,41,0,0,0.0,4,28.0,16.0,0,0,0,0,0,0,aeeem,org::eclipse::jdt::internal::compiler::ast::BreakStatement,0.0,13,5,4,270.143,85.0,85.0,0,60.0,6.53846,65.0,6.53846,3.0,0.0,133.121,6,6,0,0,0,7.32455,0.0120357,0.0157158,0.188793,0.014289,True
aeeem,org::eclipse::jdt::internal::formatter::FormatJavadocBlock,7,2,4,4,171,0,15,119,238.0,19.0,16,1,1,5.0,11,62.0,86.0,0,0,0,0,0,0,aeeem,org::eclipse::jdt::internal::formatter::FormatJavadocBlock,78.0,7,1,3,9.14286,122.0,44.0,0,35.0,17.4286,17.0,6.28571,30.0,11.1429,1.79742,8,7,2,0,2,1.84991,0.0376748,0.0685862,0.193852,0.153095,True
aeeem,org::eclipse::jdt::internal::compiler::classfmt::FieldInfo,23,2,4,20,276,1,9,3,305.0,24.0,25,0,4,0.0,17,135.0,86.0,0,0,0,0,0,0,aeeem,org::eclipse::jdt::internal::compiler::classfmt::FieldInfo,133.0,66,8,16,367.0,1809.0,1676.0,0,310.0,27.4091,310.0,25.3939,87.0,2.01515,97.146,11,10,1,1,1,17.9172,0.0624976,0.139862,8.31555,0.156474,True
aeeem,org::eclipse::jdt::internal::codeassist::select::SelectionJavadoc,4,3,1,3,6,0,1,388,80.0,4.0,33,0,1,1.0,3,11.0,27.0,0,0,0,0,0,0,aeeem,org::eclipse::jdt::internal::codeassist::select::SelectionJavadoc,-24.0,6,1,1,169.571,63.0,87.0,0,33.0,10.5,32.0,14.5,1.0,-4.0,7.85714,3,3,0,0,0,4.59811,0.0106444,0.00592579,0.10563,0.000245712,True
aeeem,org::eclipse::jdt::internal::core::util::LineNumberAttribute,2,3,1,1,3,0,3,1,23.0,3.0,31,3,0,0.0,3,5.0,5.0,0,0,0,0,0,0,aeeem,org::eclipse::jdt::internal::core::util::LineNumberAttribute,-11.0,14,5,4,322.714,59.0,70.0,0,12.0,4.21429,19.0,5.0,4.0,-0.785714,69.0678,0,0,0,0,0,4.07501,0.00220824,0.0062193,0.097153,0.00103086,True
aeeem,org::eclipse::jdt::internal::core::PackageFragmentRootInfo,12,3,4,9,45,1,3,3,110.0,10.0,17,0,2,0.0,2,37.0,30.0,0,0,0,0,0,0,aeeem,org::eclipse::jdt::internal::core::PackageFragmentRootInfo,38.0,53,7,9,367.0,420.0,382.0,0,133.0,7.92453,133.0,7.20755,19.0,0.716981,88.0983,11,8,2,1,1,10.0996,0.0251327,0.16326,8.20471,0.279352,True
aeeem,org::eclipse::jdt::internal::core::dom::rewrite::ASTRewriteFlattener,9,2,4,5,66,1,3,0,92.0,12.0,13,1,0,0.0,6,61.0,29.0,0,0,0,0,0,0,aeeem,org::eclipse::jdt::internal::core::dom::rewrite::ASTRewriteFlattener,581.0,24,6,8,220.143,1029.0,448.0,0,316.0,42.875,159.0,18.6667,290.0,24.2083,15.1756,8,7,0,0,0,10.8995,0.0189371,0.0173681,0.262326,0.00432864,True
aeeem,org::eclipse::jdt::core::dom::ForStatement,6,3,1,5,136,0,9,95,117.0,17.0,73,5,0,0.0,7,61.0,29.0,0,0,0,0,0,0,aeeem,org::eclipse::jdt::core::dom::ForStatement,257.0,45,7,15,333.143,625.0,368.0,0,230.0,13.8889,230.0,8.17778,104.0,5.71111,71.442,11,10,0,0,0,7.95479,0.00397769,0.154542,8.1394,0.232145,True
aeeem,org::eclipse::jdt::internal::compiler::parser::diagnose::DiagnoseParser,13,1,0,13,351,0,45,131,2262.0,27.0,8,40,24,5.0,3,368.0,449.0,0,0,0,0,0,0,aeeem,org::eclipse::jdt::internal::compiler::parser::diagnose::DiagnoseParser,461.0,43,8,7,262.0,888.0,427.0,0,445.0,20.6512,216.0,9.93023,229.0,10.7209,102.345,10,8,0,0,0,15.6896,0.0637251,0.148811,8.29096,0.20354,True
aeeem,org::eclipse::jdt::core::dom::ASTNode,150,1,135,18,1830,19,102,0,657.0,61.0,8,7,1,2.0,26,209.0,206.0,0,0,0,0,0,0,aeeem,org::eclipse::jdt::core::dom::ASTNode,2709.0,112,10,26,333.143,5361.0,2652.0,0,1562.0,47.8661,1562.0,23.6786,746.0,24.1875,72.771,26,18,0,0,1,14.5995,0.0154561,0.177241,8.33007,0.286004,True
aeeem,org::eclipse::jdt::internal::codeassist::InternalCompletionContext,2,1,1,1,45,1,11,0,48.0,10.0,8,0,0,0.0,0,11.0,12.0,1,0,0,0,0,1,aeeem,org::eclipse::jdt::internal::codeassist::InternalCompletionContext,109.0,13,3,3,169.857,130.0,21.0,0,45.0,10.0,14.0,1.61538,31.0,8.38461,89.5549,12,8,0,0,2,9.68336,0.0144815,0.156878,8.18146,0.248237,True
aeeem,org::eclipse::jdt::internal::compiler::ast::IfStatement,11,3,0,11,15,0,6,380,192.0,6.0,38,0,0,6.0,6,69.0,45.0,0,0,0,0,0,0,aeeem,org::eclipse::jdt::internal::compiler::ast::IfStatement,-35.0,78,7,8,367.0,1025.0,1060.0,0,277.0,13.141,277.0,13.5897,64.0,-0.448718,65.5231,15,14,3,3,2,13.3833,0.0111105,0.0229137,0.327049,0.0102256,True
aeeem,org::eclipse::jdt::core::dom::CharacterLiteral,7,3,1,6,105,0,3,95,220.0,15.0,73,2,0,0.0,5,85.0,57.0,1,1,0,0,0,1,aeeem,org::eclipse::jdt::core::dom::CharacterLiteral,260.0,49,8,13,333.143,785.0,525.0,0,308.0,16.0204,308.0,10.7143,61.0,5.30612,67.7934,9,8,0,0,0,14.7589,0.0284261,0.166418,8.30467,0.244005,True
aeeem,org::eclipse::jdt::internal::compiler::lookup::SignatureWrapper,4,1,3,1,10,0,4,0,47.0,5.0,8,0,0,4.0,5,11.0,17.0,0,0,0,0,0,0,aeeem,org::eclipse::jdt::internal::compiler::lookup::SignatureWrapper,136.0,9,4,3,220.857,149.0,13.0,0,68.0,16.5556,4.0,1.44444,68.0,15.1111,9.39981,0,0,0,0,0,4.07501,0.00220824,0.0062193,0.097153,0.00103086,True
aeeem,org::eclipse::jdt::internal::compiler::DefaultErrorHandlingPolicies,13,1,12,1,6,0,0,0,40.0,4.0,8,0,0,0.0,4,8.0,4.0,0,0,0,0,0,0,aeeem,org::eclipse::jdt::internal::compiler::DefaultErrorHandlingPolicies,-8.0,18,4,4,367.0,246.0,254.0,0,75.0,13.6667,75.0,14.1111,9.0,-0.444444,53.8084,0,0,0,0,0,4.07501,0.00220824,0.0062193,0.097153,0.00103086,True
aeeem,org::eclipse::jdt::internal::core::search::BasicSearchEngine,39,1,4,36,190,0,5,0,712.0,20.0,8,4,2,1.0,15,211.0,148.0,1,0,1,0,0,1,aeeem,org::eclipse::jdt::internal::core::search::BasicSearchEngine,493.0,65,5,9,178.143,1612.0,1119.0,0,232.0,24.8,217.0,17.2154,231.0,7.58461,49.9435,41,37,6,1,1,35.6225,0.243232,0.228688,8.88507,0.391676,True
aeeem,org::eclipse::jdt::internal::compiler::batch::FileFinder,3,1,1,2,1,0,0,0,23.0,2.0,8,0,1,0.0,1,16.0,7.0,0,0,0,0,0,0,aeeem,org::eclipse::jdt::internal::compiler::batch::FileFinder,-25.0,31,4,5,367.0,157.0,182.0,0,48.0,5.06452,48.0,5.87097,6.0,-0.806452,79.3467,2,1,0,0,0,5.12326,0.00638453,0.00860472,0.124861,0.00246505,True
aeeem,org::eclipse::jdt::internal::formatter::comment::MultiCommentRegion,6,2,3,4,45,1,4,58,121.0,10.0,24,4,0,0.0,1,51.0,50.0,0,0,0,0,0,0,aeeem,org::eclipse::jdt::internal::formatter::comment::MultiCommentRegion,1.0,7,1,6,168.857,9.0,8.0,0,4.0,1.28571,4.0,1.14286,1.0,0.142857,85.9841,4,2,0,0,0,6.03322,0.00352956,0.0137697,0.159077,0.0105902,True
aeeem,org::eclipse::jdt::internal::eval::CodeSnippetCompiler,2,2,1,1,1,0,3,28,24.0,2.0,25,0,0,3.0,2,4.0,2.0,0,0,0,0,0,0,aeeem,org::eclipse::jdt::internal::eval::CodeSnippetCompiler,31.0,35,6,6,367.0,154.0,123.0,0,42.0,4.4,42.0,3.51429,18.0,0.885714,84.1169,3,3,0,0,0,6.40012,0.00632382,0.0103957,0.154739,0.00275654,True
aeeem,org::eclipse::jdt::core::dom::Message,2,1,1,1,10,0,3,0,27.0,5.0,8,3,0,0.0,5,8.0,8.0,0,0,0,0,0,0,aeeem,org::eclipse::jdt::core::dom::Message,82.0,11,6,5,332.0,250.0,168.0,0,134.0,22.7273,134.0,15.2727,64.0,7.45455,21.8657,2,2,0,0,0,5.26021,0.00253333,0.00888735,0.128392,0.00257359,True
aeeem,org::eclipse::jdt::internal::compiler::ast::SingleNameReference,32,6,10,22,210,5,5,414,787.0,21.0,94,0,0,3.0,21,277.0,253.0,6,0,1,0,0,1,aeeem,org::eclipse::jdt::internal::compiler::ast::SingleNameReference,265.0,150,10,10,367.0,4705.0,4440.0,0,765.0,31.3667,746.0,29.6,43.0,1.76667,155.141,40,35,6,5,0,30.8847,0.347495,0.221639,8.77424,0.392389,True
aeeem,org::eclipse::jdt::internal::core::Openable,38,3,27,16,595,6,0,35,327.0,35.0,83,0,0,0.0,19,177.0,92.0,0,0,0,0,0,0,aeeem,org::eclipse::jdt::internal::core::Openable,91.0,140,8,8,367.0,2114.0,2023.0,0,539.0,15.1,539.0,14.45,206.0,0.65,72.7247,22,19,3,1,5,16.967,0.0302371,0.153516,8.32698,0.222678,True
aeeem,org::eclipse::jdt::internal::compiler::lookup::ProblemMethodBinding,8,3,8,0,1,0,2,37,8.0,2.0,72,1,0,1.0,2,2.0,4.0,0,0,0,0,0,0,aeeem,org::eclipse::jdt::internal::compiler::lookup::ProblemMethodBinding,1.0,23,7,3,367.0,124.0,123.0,0,39.0,5.3913,39.0,5.34783,5.0,0.0434783,80.6912,2,1,0,0,0,6.55162,0.00253756,0.0104365,0.157424,0.00317932,True
aeeem,org::eclipse::jdt::internal::codeassist::impl::AssistInitializer,2,6,2,1,3,0,2,68,13.0,3.0,210,2,0,0.0,3,5.0,3.0,0,0,0,0,0,0,aeeem,org::eclipse::jdt::internal::codeassist::impl::AssistInitializer,0.0,1,1,0,14.7143,0.0,0.0,0,0.0,0.0,0.0,0.0,0.0,0.0,0.0,1,1,0,0,1,0.0,0.0,0.0,0.0,0.0,True
aeeem,org::eclipse::jdt::internal::formatter::comment::SingleCommentLine,4,2,1,3,36,0,3,3,48.0,9.0,27,2,0,0.0,0,25.0,12.0,0,0,0,0,0,0,aeeem,org::eclipse::jdt::internal::formatter::comment::SingleCommentLine,0.0,3,1,3,168.857,2.0,2.0,0,1.0,0.666667,1.0,0.666667,0.0,0.0,56.0,1,1,0,0,0,2.36846,0.0012291,0.00424624,0.058891,0.000997772,True
aeeem,org::eclipse::jdt::internal::compiler::codegen::DoubleCache,4,1,1,3,15,0,3,0,88.0,6.0,8,3,0,0.0,6,17.0,32.0,0,0,0,0,0,0,aeeem,org::eclipse::jdt::internal::compiler::codegen::DoubleCache,2.0,30,5,3,367.0,578.0,576.0,0,138.0,19.2667,138.0,19.2,10.0,0.0666667,76.868,1,1,0,0,0,5.18073,0.0232114,0.0071473,0.120784,0.000586932,True
aeeem,org::eclipse::jdt::internal::core::util::LRUCache,16,1,9,7,276,1,7,0,276.0,24.0,16,0,0,0.0,16,79.0,49.0,0,0,0,0,0,0,aeeem,org::eclipse::jdt::internal::core::util::LRUCache,11.0,36,5,4,367.0,833.0,822.0,0,498.0,23.1389,498.0,22.8333,30.0,0.305556,77.5493,2,2,1,1,0,9.45026,0.0230673,0.135639,8.13419,0.191572,True
aeeem,org::eclipse::jdt::internal::core::search::matching::DeclarationOfReferencedTypesPattern,2,6,2,0,0,0,2,67,7.0,1.0,58,0,0,0.0,1,2.0,1.0,1,0,0,0,0,1,aeeem,org::eclipse::jdt::internal::core::search::matching::DeclarationOfReferencedTypesPattern,-88.0,33,7,8,343.0,276.0,364.0,0,150.0,8.36364,150.0,11.0303,15.0,-2.66667,44.9234,5,5,0,0,0,5.04743,0.00238946,0.00755549,0.119848,0.00107935,True
aeeem,org::eclipse::jdt::internal::compiler::util::SimpleLookupTable,25,1,23,2,55,0,4,0,127.0,11.0,16,0,1,4.0,10,31.0,45.0,0,0,0,0,0,0,aeeem,org::eclipse::jdt::internal::compiler::util::SimpleLookupTable,11.0,7,4,3,193.857,22.0,11.0,0,12.0,3.14286,4.0,1.57143,11.0,1.57143,83.013,2,2,1,0,0,8.23039,0.00710727,0.0132931,0.198222,0.00483248,True
aeeem,org::eclipse::jdt::internal::compiler::lookup::ProblemReferenceBinding,23,4,18,5,21,0,2,49,48.0,7.0,148,1,0,1.0,7,23.0,13.0,0,0,0,0,0,0,aeeem,org::eclipse::jdt::internal::compiler::lookup::ProblemReferenceBinding,45.0,31,8,5,367.0,216.0,171.0,0,41.0,6.96774,41.0,5.51613,36.0,1.45161,146.976,2,2,0,0,0,11.296,0.0671594,0.147463,8.19862,0.234873,True
aeeem,org::eclipse::jdt::internal::core::NamedMember,24,5,11,13,45,4,1,52,178.0,10.0,161,0,1,0.0,5,82.0,34.0,0,0,0,0,0,0,aeeem,org::eclipse::jdt::internal::core::NamedMember,267.0,22,5,6,205.857,368.0,101.0,0,85.0,16.7273,31.0,4.59091,65.0,12.1364,59.2092,8,8,1,0,1,14.7371,0.0497196,0.154403,8.28197,0.239999,True
aeeem,org::eclipse::jdt::internal::core::JarPackageFragmentRootInfo,2,4,2,0,1,0,1,6,4.0,2.0,25,0,0,1.0,1,2.0,1.0,0,0,0,0,0,0,aeeem,org::eclipse::jdt::internal::core::JarPackageFragmentRootInfo,-13.0,17,5,6,367.0,91.0,104.0,0,42.0,5.35294,42.0,6.11765,4.0,-0.764706,72.0581,2,2,0,0,0,6.5762,0.0041119,0.124025,8.04965,0.158008,True
aeeem,org::eclipse::jdt::core::dom::ASTParser,41,1,9,33,210,0,19,0,426.0,21.0,8,15,5,0.0,15,170.0,89.0,1,0,0,0,0,1,aeeem,org::eclipse::jdt::core::dom::ASTParser,2150.0,106,11,35,225.286,4597.0,2447.0,0,1604.0,43.3679,849.0,23.0849,1604.0,20.283,17.0975,38,30,0,0,0,28.8029,0.115516,0.20306,8.67929,0.307199,True
aeeem,org::eclipse::jdt::internal::core::SourceMethodInfo,1,6,1,0,10,1,1,11,12.0,5.0,47,0,0,0.0,4,5.0,4.0,0,0,0,0,0,0,aeeem,org::eclipse::jdt::internal::core::SourceMethodInfo,0.0,4,2,3,184.571,6.0,6.0,0,4.0,1.5,4.0,1.5,0.0,0.0,31.7143,0,0,0,0,0,4.07501,0.00220824,0.0062193,0.097153,0.00103086,True
aeeem,org::eclipse::jdt::internal::core::JavaElementInfo,17,1,15,2,15,2,2,0,47.0,6.0,8,0,0,1.0,5,13.0,13.0,0,0,0,0,0,0,aeeem,org::eclipse::jdt::internal::core::JavaElementInfo,-68.0,25,6,5,367.0,443.0,511.0,0,128.0,17.72,128.0,20.44,3.0,-2.72,58.7591,3,3,0,0,1,6.65212,0.0110455,0.133409,8.06967,0.199073,True
aeeem,org::eclipse::jdt::internal::core::dom::rewrite::NodeRewriteEvent,6,2,4,2,28,0,2,5,59.0,8.0,13,2,0,0.0,8,26.0,15.0,0,0,0,0,0,0,aeeem,org::eclipse::jdt::internal::core::dom::rewrite::NodeRewriteEvent,0.0,9,5,4,220.143,31.0,31.0,0,11.0,3.44444,11.0,3.44444,0.0,0.0,16.5392,1,1,0,0,0,4.07501,0.00196346,0.0062193,0.097153,0.00103086,True
aeeem,org::eclipse::jdt::internal::compiler::ast::AND_AND_Expression,10,6,1,9,15,0,2,415,230.0,6.0,117,0,0,2.0,6,87.0,56.0,0,0,0,0,0,0,aeeem,org::eclipse::jdt::internal::compiler::ast::AND_AND_Expression,-167.0,52,6,5,367.0,1715.0,1882.0,0,296.0,32.9808,323.0,36.1923,22.0,-3.21154,65.6336,12,12,3,3,0,12.0762,0.0128063,0.019818,0.291856,0.00865566,True
aeeem,org::eclipse::jdt::internal::core::search::indexing::SourceIndexer,7,2,1,6,1,0,0,52,35.0,2.0,25,0,0,0.0,2,14.0,6.0,1,0,0,0,0,1,aeeem,org::eclipse::jdt::internal::core::search::indexing::SourceIndexer,-17.0,58,10,6,367.0,317.0,334.0,0,78.0,5.46552,78.0,5.75862,10.0,-0.293103,92.6327,10,8,1,1,1,13.2934,0.007284,0.155692,8.25881,0.252613,True
aeeem,org::eclipse::jdt::core::dom::ThisExpression,2,3,1,1,66,0,3,95,59.0,12.0,73,2,0,0.0,3,33.0,16.0,0,0,0,0,0,0,aeeem,org::eclipse::jdt::core::dom::ThisExpression,97.0,38,7,13,333.143,373.0,276.0,0,119.0,9.81579,119.0,7.26316,65.0,2.55263,68.8728,8,7,0,0,0,7.95479,0.00397769,0.154542,8.1394,0.232145,True
aeeem,org::eclipse::jdt::internal::core::builder::SourceFile,11,2,5,6,45,0,4,1,68.0,10.0,12,0,0,4.0,8,38.0,15.0,0,0,0,0,0,0,aeeem,org::eclipse::jdt::internal::core::builder::SourceFile,46.0,39,8,5,329.0,449.0,403.0,0,104.0,11.5128,104.0,10.3333,16.0,1.17949,41.8762,5,4,0,0,0,5.38431,0.00173501,0.00756356,0.125968,0.000788076,True
aeeem,org::eclipse::jdt::core::ElementChangedEvent,2,1,2,0,3,0,5,0,10.0,3.0,16,2,0,0.0,3,3.0,3.0,0,0,0,0,0,0,aeeem,org::eclipse::jdt::core::ElementChangedEvent,92.0,30,4,5,367.0,387.0,295.0,0,121.0,12.9,121.0,9.83333,71.0,3.06667,101.296,0,0,0,0,0,7.70736,0.016439,0.154024,8.13295,0.232026,True
aeeem,org::eclipse::jdt::internal::formatter::FormatterCommentParser,13,3,1,12,300,0,3,170,495.0,25.0,67,1,2,2.0,4,130.0,129.0,5,0,0,0,0,1,aeeem,org::eclipse::jdt::internal::formatter::FormatterCommentParser,170.0,13,1,4,9.14286,337.0,167.0,0,78.0,25.9231,45.0,12.8462,50.0,13.0769,1.99788,17,16,3,0,1,2.62803,0.108177,0.146399,8.01227,0.230907,True
aeeem,org::eclipse::jdt::core::dom::StructuralPropertyDescriptor,8,1,6,2,21,3,2,0,44.0,7.0,8,2,0,0.0,6,20.0,14.0,0,0,0,0,0,0,aeeem,org::eclipse::jdt::core::dom::StructuralPropertyDescriptor,1.0,9,4,5,224.857,14.0,13.0,0,4.0,1.55556,4.0,1.44444,1.0,0.111111,67.7959,1,1,0,0,0,6.70304,0.00381663,0.152618,8.10942,0.231938,True
aeeem,org::eclipse::jdt::internal::compiler::lookup::BlockScope,87,2,72,21,276,2,12,262,546.0,24.0,80,0,1,9.0,19,157.0,169.0,1,0,0,0,0,1,aeeem,org::eclipse::jdt::internal::compiler::lookup::BlockScope,-613.0,143,10,8,367.0,7111.0,7724.0,0,1444.0,49.7273,1444.0,54.014,217.0,-4.28671,74.1449,30,29,2,2,0,29.0867,0.160642,0.213758,8.71483,0.379601,True
aeeem,org::eclipse::jdt::internal::compiler::lookup::LookupEnvironment,84,1,68,30,703,0,27,140,1069.0,38.0,8,11,3,10.0,27,312.0,321.0,3,0,1,0,0,1,aeeem,org::eclipse::jdt::internal::compiler::lookup::LookupEnvironment,1059.0,156,11,12,367.0,3401.0,2342.0,0,580.0,21.8013,588.0,15.0128,222.0,6.78846,152.001,44,44,11,2,1,37.4003,0.309824,0.244463,8.95618,0.462886,True
aeeem,org::eclipse::jdt::core::dom::BodyDeclaration,17,2,10,7,120,6,3,95,74.0,16.0,68,1,0,2.0,7,38.0,19.0,0,0,0,0,0,0,aeeem,org::eclipse::jdt::core::dom::BodyDeclaration,353.0,40,7,7,333.143,624.0,271.0,0,92.0,15.6,89.0,6.775,74.0,8.825,96.3013,6,3,0,0,0,2.96868,0.0025125,0.0034669,0.0667091,6.29834e-05,True
aeeem,org::eclipse::jdt::core::dom::ConditionalExpression,4,3,1,3,120,0,7,95,141.0,16.0,73,4,0,0.0,7,65.0,35.0,0,0,0,0,0,0,aeeem,org::eclipse::jdt::core::dom::ConditionalExpression,230.0,36,7,13,333.143,614.0,384.0,0,220.0,17.0556,220.0,10.6667,86.0,6.38889,71.7064,8,7,0,0,0,7.95479,0.00397769,0.154542,8.1394,0.232145,True
aeeem,org::eclipse::jdt::internal::compiler::lookup::LocalVariableBinding,25,3,17,11,45,2,9,34,177.0,10.0,24,0,1,6.0,9,41.0,49.0,0,0,0,0,0,0,aeeem,org::eclipse::jdt::internal::compiler::lookup::LocalVariableBinding,162.0,54,8,5,367.0,621.0,459.0,0,91.0,11.5,91.0,8.5,48.0,3.0,116.731,8,7,2,0,0,12.6921,0.0406935,0.0265154,0.323213,0.0293346,True
aeeem,org::eclipse::jdt::internal::core::JavaModelOperation,51,1,36,17,1431,14,18,0,528.0,54.0,8,0,0,1.0,16,244.0,141.0,0,0,0,0,0,0,aeeem,org::eclipse::jdt::internal::core::JavaModelOperation,326.0,90,7,7,367.0,2398.0,2072.0,0,590.0,26.6444,590.0,23.0222,91.0,3.62222,69.7218,29,25,6,1,3,19.3262,0.0230328,0.16414,8.40219,0.252362,True
aeeem,org::eclipse::jdt::internal::core::CopyResourceElementsOperation,31,3,2,29,171,1,3,34,516.0,19.0,78,0,12,0.0,1,278.0,125.0,1,0,0,0,0,1,aeeem,org::eclipse::jdt::internal::core::CopyResourceElementsOperation,185.0,131,7,20,367.0,2700.0,2515.0,0,580.0,20.6107,580.0,19.1985,42.0,1.41221,79.1748,26,23,4,0,3,17.5543,0.0834168,0.15278,8.3368,0.213493,True
aeeem,org::eclipse::jdt::core::dom::VariableDeclarationFragment,7,3,4,3,190,0,7,95,127.0,20.0,82,4,0,0.0,7,63.0,33.0,0,0,0,0,0,0,aeeem,org::eclipse::jdt::core::dom::VariableDeclarationFragment,242.0,43,8,13,333.143,557.0,315.0,0,190.0,12.9535,190.0,7.32558,100.0,5.62791,76.6576,10,8,0,0,0,7.95479,0.00397769,0.154542,8.1394,0.232145,True
aeeem,org::eclipse::jdt::internal::compiler::codegen::CaseLabel,4,3,3,2,21,0,1,7,46.0,7.0,22,0,0,1.0,4,15.0,12.0,0,0,0,0,0,0,aeeem,org::eclipse::jdt::internal::compiler::codegen::CaseLabel,7.0,27,5,6,367.0,287.0,280.0,0,81.0,10.6296,81.0,10.3704,7.0,0.259259,88.5903,3,3,1,1,0,10.0961,0.007057,0.0155376,0.241568,0.00211847,True
aeeem,org::eclipse::jdt::internal::core::DeleteElementsOperation,16,3,2,14,36,0,2,22,102.0,9.0,78,0,2,0.0,1,61.0,26.0,0,0,0,0,0,0,aeeem,org::eclipse::jdt::internal::core::DeleteElementsOperation,27.0,60,7,8,367.0,653.0,626.0,0,163.0,10.8833,163.0,10.4333,17.0,0.45,74.995,12,12,1,0,0,14.4964,0.0184317,0.147981,8.26365,0.211882,True
aeeem,org::eclipse::jdt::internal::codeassist::select::SelectionOnMessageSend,8,5,1,7,6,0,0,397,65.0,4.0,94,0,1,0.0,3,25.0,24.0,0,0,0,0,0,0,aeeem,org::eclipse::jdt::internal::codeassist::select::SelectionOnMessageSend,74.0,43,6,3,367.0,392.0,318.0,0,71.0,9.11628,71.0,7.39535,52.0,1.72093,61.2591,2,2,0,0,0,4.98614,0.012638,0.00754857,0.118732,0.00108189,True
aeeem,org::eclipse::jdt::internal::compiler::lookup::PackageBinding,14,2,11,6,136,1,6,153,136.0,17.0,16,0,3,6.0,7,54.0,45.0,4,0,3,1,0,1,aeeem,org::eclipse::jdt::internal::compiler::lookup::PackageBinding,-6.0,59,9,7,367.0,588.0,594.0,0,205.0,9.9661,205.0,10.0678,21.0,-0.101695,79.0481,7,7,1,0,0,14.2157,0.0124216,0.144388,8.24891,0.202536,True
aeeem,org::eclipse::jdt::internal::core::search::TypeNameMatchRequestorWrapper,14,1,0,14,6,0,6,0,121.0,4.0,9,5,2,1.0,2,59.0,32.0,0,0,0,0,0,0,aeeem,org::eclipse::jdt::internal::core::search::TypeNameMatchRequestorWrapper,116.0,11,3,1,89.0,194.0,78.0,0,141.0,17.6364,33.0,7.09091,121.0,10.5455,6.10604,8,7,2,1,1,7.96959,0.0412459,0.172306,8.18353,0.299588,True
aeeem,org::eclipse::jdt::core::dom::TagElement,6,2,4,2,105,0,24,95,70.0,15.0,68,3,0,0.0,5,40.0,19.0,0,0,0,0,0,0,aeeem,org::eclipse::jdt::core::dom::TagElement,423.0,31,7,8,229.714,508.0,85.0,0,87.0,16.3871,9.0,2.74194,87.0,13.6452,7.75506,9,7,1,0,0,7.95479,0.00413875,0.154542,8.1394,0.232145,True
aeeem,org::eclipse::jdt::core::dom::CompilationUnit,23,2,15,9,666,0,16,95,344.0,37.0,68,12,0,1.0,21,120.0,100.0,0,0,0,0,0,0,aeeem,org::eclipse::jdt::core::dom::CompilationUnit,1311.0,120,12,31,333.143,3335.0,2024.0,0,544.0,27.7917,588.0,16.8667,125.0,10.925,131.366,38,31,0,0,1,21.3966,0.225936,0.175902,8.46243,0.238125,True
aeeem,org::eclipse::jdt::core::dom::ExpressionStatement,5,3,1,4,66,0,3,95,72.0,12.0,73,2,0,0.0,3,39.0,19.0,0,0,0,0,0,0,aeeem,org::eclipse::jdt::core::dom::ExpressionStatement,143.0,38,7,13,333.143,359.0,216.0,0,135.0,9.44737,135.0,5.68421,58.0,3.76316,71.4314,8,7,0,0,0,7.95479,0.00397769,0.154542,8.1394,0.232145,True
aeeem,org::eclipse::jdt::internal::core::search::matching::PossibleMatch,13,2,2,12,91,0,11,1,112.0,14.0,12,3,2,6.0,9,50.0,36.0,0,0,0,0,0,0,aeeem,org::eclipse::jdt::internal::core::search::matching::PossibleMatch,23.0,38,9,3,248.143,161.0,138.0,0,27.0,4.23684,21.0,3.63158,14.0,0.605263,67.559,13,12,0,0,0,12.2134,0.024964,0.13521,8.18913,0.174991,True
aeeem,org::eclipse::jdt::internal::compiler::lookup::ArrayBinding,24,3,19,7,276,0,6,40,190.0,24.0,71,0,0,5.0,24,70.0,61.0,0,0,0,0,0,0,aeeem,org::eclipse::jdt::internal::compiler::lookup::ArrayBinding,231.0,81,9,7,367.0,796.0,565.0,0,143.0,9.82716,143.0,6.97531,47.0,2.85185,132.518,16,15,1,0,0,21.0952,0.0436281,0.161999,8.43269,0.233251,True
aeeem,org::eclipse::jdt::core::formatter::DefaultCodeFormatterConstants,4,1,3,1,45,0,276,0,177.0,10.0,8,1,0,0.0,10,26.0,41.0,2,1,0,0,0,1,aeeem,org::eclipse::jdt::core::formatter::DefaultCodeFormatterConstants,5790.0,119,9,55,246.571,8425.0,2635.0,0,2042.0,70.7983,594.0,22.1429,2013.0,48.6555,30.3109,62,44,3,1,0,26.6608,0.207262,0.206171,8.64482,0.331568,True
aeeem,org::eclipse::jdt::internal::compiler::ast::JavadocArgumentExpression,10,4,1,9,15,0,2,384,66.0,6.0,69,0,1,2.0,5,32.0,20.0,0,0,0,0,0,0,aeeem,org::eclipse::jdt::internal::compiler::ast::JavadocArgumentExpression,19.0,37,8,7,239.143,120.0,101.0,0,16.0,3.24324,29.0,2.72973,9.0,0.513513,61.5,15,14,0,0,0,19.225,0.0154278,0.156502,8.38432,0.220811,True
aeeem,org::eclipse::jdt::internal::core::jdom::DOMField,15,4,2,14,741,0,4,50,328.0,39.0,176,0,0,0.0,13,195.0,85.0,0,0,0,0,0,0,aeeem,org::eclipse::jdt::internal::core::jdom::DOMField,-85.0,42,7,6,367.0,1347.0,1432.0,0,618.0,32.0714,637.0,34.0952,5.0,-2.02381,35.6825,4,4,0,0,0,8.58816,0.00541697,0.0119328,0.200411,0.00123867,True
aeeem,org::eclipse::jdt::internal::compiler::util::HashtableOfObjectToInt,8,1,6,2,45,0,4,0,117.0,10.0,16,0,1,4.0,9,24.0,30.0,0,0,0,0,0,0,aeeem,org::eclipse::jdt::internal::compiler::util::HashtableOfObjectToInt,15.0,7,3,2,184.571,64.0,49.0,0,25.0,9.14286,26.0,7.0,8.0,2.14286,24.154,1,1,0,0,0,5.56106,0.00443884,0.00764241,0.129385,0.000782103,True
aeeem,org::eclipse::jdt::core::util::ClassFileBytesDisassembler,0,1,0,0,1,1,5,0,0.0,2.0,8,0,0,0.0,2,2.0,0.0,0,0,0,0,0,0,aeeem,org::eclipse::jdt::core::util::ClassFileBytesDisassembler,25.0,11,5,6,288.143,39.0,14.0,0,8.0,3.54545,5.0,1.27273,7.0,2.27273,107.689,2,2,0,0,0,3.83244,0.00267763,0.00503485,0.0883939,0.000260932,True
aeeem,org::eclipse::jdt::internal::codeassist::complete::CompletionParser,78,3,2,76,21115,0,94,427,4390.0,206.0,96,1,27,23.0,28,1156.0,1148.0,1,0,0,0,0,1,aeeem,org::eclipse::jdt::internal::codeassist::complete::CompletionParser,4477.0,244,8,19,367.0,10254.0,5777.0,0,1386.0,42.0246,1386.0,23.6762,564.0,18.3484,132.341,102,85,10,3,8,37.9039,0.509973,0.260027,9.0016,0.484394,True
aeeem,org::eclipse::jdt::internal::core::search::matching::LocalVariableLocator,4,3,1,4,28,0,0,69,65.0,8.0,37,0,1,0.0,2,21.0,27.0,1,0,0,0,0,1,aeeem,org::eclipse::jdt::internal::core::search::matching::LocalVariableLocator,26.0,29,8,4,243.0,172.0,146.0,0,63.0,5.93103,75.0,5.03448,7.0,0.896552,22.7566,6,5,0,0,0,11.6607,0.0068817,0.139983,8.19003,0.203522,True
aeeem,org::eclipse::jdt::core::dom::PrimitiveType,7,3,5,2,78,0,13,95,59.0,13.0,76,3,0,0.0,4,31.0,16.0,0,0,0,0,0,0,aeeem,org::eclipse::jdt::core::dom::PrimitiveType,130.0,34,7,12,333.143,433.0,303.0,0,238.0,12.7353,238.0,8.91176,60.0,3.82353,55.2118,7,6,0,0,0,7.95479,0.00397769,0.154542,8.1394,0.232145,True
aeeem,org::eclipse::jdt::internal::compiler::impl::DoubleConstant,5,2,4,1,66,0,1,152,39.0,12.0,41,1,1,0.0,11,14.0,13.0,0,0,0,0,0,0,aeeem,org::eclipse::jdt::internal::compiler::impl::DoubleConstant,-6.0,37,6,6,367.0,252.0,258.0,0,66.0,6.81081,66.0,6.97297,12.0,-0.162162,45.5635,1,1,0,0,0,6.77104,0.00333971,0.0101348,0.160922,0.00120756,True
aeeem,org::eclipse::jdt::internal::eval::CodeSnippetEnvironment,3,1,1,2,6,0,2,14,17.0,4.0,11,0,0,2.0,4,9.0,5.0,0,0,0,0,0,0,aeeem,org::eclipse::jdt::internal::eval::CodeSnippetEnvironment,8.0,20,4,6,367.0,187.0,179.0,0,89.0,9.35,89.0,8.95,6.0,0.4,47.6921,1,1,0,0,0,4.07501,0.00220824,0.0062193,0.097153,0.00103086,True
aeeem,org::eclipse::jdt::internal::core::jdom::DOMNode,21,2,11,11,1378,4,24,7,482.0,53.0,35,0,1,0.0,21,194.0,125.0,0,0,0,0,0,0,aeeem,org::eclipse::jdt::internal::core::jdom::DOMNode,-46.0,38,7,6,367.0,1976.0,2022.0,0,971.0,52.0,971.0,53.2105,10.0,-1.21053,35.1962,4,4,0,0,0,7.96737,0.00617939,0.0112024,0.186438,0.00122471,True
aeeem,org::eclipse::jdt::internal::core::JarEntryResource,9,2,4,6,66,2,2,0,57.0,12.0,5,0,0,0.0,10,30.0,20.0,0,0,0,0,0,0,aeeem,org::eclipse::jdt::internal::core::JarEntryResource,10.0,2,1,0,66.7143,11.0,1.0,0,11.0,5.5,1.0,0.5,10.0,5.0,0.714286,2,1,0,0,0,1.08792,0.000937316,0.00334366,0.0312375,0.00464707,True
aeeem,org::eclipse::jdt::internal::compiler::ast::LongLiteralMinValue,0,7,0,0,1,0,2,386,7.0,2.0,86,0,0,0.0,2,2.0,2.0,0,0,0,0,0,0,aeeem,org::eclipse::jdt::internal::compiler::ast::LongLiteralMinValue,-21.0,18,4,3,367.0,80.0,101.0,0,27.0,4.44444,33.0,5.61111,6.0,-1.16667,80.5321,0,0,0,0,0,6.61333,0.00264716,0.0131475,0.167452,0.00896347,True
aeeem,org::eclipse::jdt::internal::eval::VariablesEvaluator,9,2,1,9,21,0,0,19,255.0,7.0,15,0,1,0.0,0,77.0,39.0,0,0,0,0,0,0,aeeem,org::eclipse::jdt::internal::eval::VariablesEvaluator,-21.0,46,6,4,367.0,943.0,964.0,0,310.0,20.5,310.0,20.9565,10.0,-0.456522,34.3077,4,4,0,0,0,9.14442,0.00654986,0.0164738,0.225868,0.00911072,True
aeeem,org::eclipse::jdt::core::dom::FieldAccess,4,3,1,4,105,0,5,95,109.0,15.0,73,3,0,0.0,6,55.0,28.0,0,0,0,0,0,0,aeeem,org::eclipse::jdt::core::dom::FieldAccess,250.0,42,7,14,333.143,539.0,289.0,0,170.0,12.8333,170.0,6.88095,74.0,5.95238,68.9268,10,9,0,0,0,7.95479,0.00397769,0.154542,8.1394,0.232145,True
aeeem,org::eclipse::jdt::internal::compiler::batch::ClasspathSourceJar,1,3,1,0,1,0,1,23,7.0,2.0,28,1,0,0.0,2,3.0,2.0,0,0,0,0,0,0,aeeem,org::eclipse::jdt::internal::compiler::batch::ClasspathSourceJar,-14.0,6,2,3,113.857,23.0,37.0,0,10.0,3.83333,31.0,6.16667,6.0,-2.33333,20.323,2,1,0,0,0,3.93934,0.00987218,0.0103018,0.107598,0.0118528,True
aeeem,org::eclipse::jdt::internal::formatter::BinaryExpressionFragmentBuilder,2,2,1,1,36,0,3,0,42.0,9.0,11,1,3,2.0,5,21.0,11.0,0,0,0,0,0,0,aeeem,org::eclipse::jdt::internal::formatter::BinaryExpressionFragmentBuilder,250.0,31,5,11,264.857,562.0,312.0,0,75.0,18.129,65.0,10.0645,74.0,8.06452,34.1734,9,9,0,0,0,7.58317,0.0319067,0.017719,0.197202,0.0287891,True
aeeem,org::eclipse::jdt::internal::core::TypeParameter,13,4,7,6,55,1,2,52,57.0,11.0,127,0,0,0.0,9,31.0,16.0,0,0,0,0,0,0,aeeem,org::eclipse::jdt::internal::core::TypeParameter,79.0,16,6,6,198.143,130.0,51.0,0,22.0,8.125,20.0,3.1875,22.0,4.9375,50.2901,5,5,0,0,0,12.1917,0.0223898,0.134343,8.18775,0.168931,True
aeeem,org::eclipse::jdt::internal::core::util::AnnotationComponentValue,6,2,2,4,91,0,14,13,131.0,14.0,31,14,0,0.0,13,37.0,29.0,0,0,0,0,0,0,aeeem,org::eclipse::jdt::internal::core::util::AnnotationComponentValue,392.0,14,3,3,222.857,443.0,51.0,0,180.0,31.6429,22.0,3.64286,180.0,28.0,13.5824,2,2,0,0,0,5.00863,0.00359703,0.120679,8.0086,0.157022,True
aeeem,org::eclipse::jdt::internal::codeassist::complete::CompletionNodeFound,1,1,1,0,0,0,5,0,3.0,1.0,23,1,0,4.0,1,1.0,1.0,0,0,0,0,0,0,aeeem,org::eclipse::jdt::internal::codeassist::complete::CompletionNodeFound,19.0,21,6,4,367.0,129.0,110.0,0,32.0,6.14286,32.0,5.2381,8.0,0.904762,100.924,1,1,0,0,0,6.94335,0.00408339,0.00976588,0.162444,0.00112919,True
aeeem,org::eclipse::jdt::core::dom::Name,12,3,8,4,15,2,2,95,22.0,6.0,73,0,0,1.0,4,13.0,6.0,0,0,0,0,0,0,aeeem,org::eclipse::jdt::core::dom::Name,36.0,24,6,8,333.143,225.0,189.0,0,77.0,9.375,77.0,7.875,47.0,1.5,66.5175,2,1,0,0,0,6.70304,0.00381663,0.152618,8.10942,0.231938,True
aeeem,org::eclipse::jdt::internal::formatter::comment::CommentRange,6,1,5,1,66,0,1,17,136.0,12.0,0,1,0,0.0,5,66.0,51.0,0,0,0,0,0,0,aeeem,org::eclipse::jdt::internal::formatter::comment::CommentRange,4.0,5,1,4,168.857,22.0,18.0,0,19.0,4.4,15.0,3.6,4.0,0.8,95.5909,2,1,0,0,0,4.22835,0.0100423,0.00972118,0.11164,0.00788645,True
aeeem,org::eclipse::jdt::internal::compiler::ast::JavadocImplicitTypeReference,7,5,1,6,55,0,1,384,91.0,11.0,87,0,0,1.0,7,38.0,25.0,0,0,0,0,0,0,aeeem,org::eclipse::jdt::internal::compiler::ast::JavadocImplicitTypeReference,4.0,16,4,5,176.857,95.0,91.0,0,42.0,5.9375,22.0,5.6875,21.0,0.25,107.777,9,8,0,0,0,17.2339,0.0366339,0.161279,8.35272,0.254842,True
aeeem,org::eclipse::jdt::internal::compiler::util::HashSetOfInt,4,1,1,3,28,0,3,0,94.0,8.0,16,0,1,3.0,7,18.0,24.0,0,0,0,0,0,0,aeeem,org::eclipse::jdt::internal::compiler::util::HashSetOfInt,0.0,2,2,1,22.7143,1.0,1.0,0,1.0,0.5,1.0,0.5,0.0,0.0,19.7143,1,1,0,0,1,1.47165,0.0013687,0.112489,7.91776,0.140566,True
aeeem,org::eclipse::jdt::internal::core::util::MementoTokenizer,14,1,12,2,3,0,18,0,80.0,3.0,8,18,0,0.0,3,11.0,24.0,0,0,0,0,0,0,aeeem,org::eclipse::jdt::internal::core::util::MementoTokenizer,7.0,9,5,4,217.143,18.0,11.0,0,4.0,2.0,4.0,1.22222,4.0,0.777778,86.3968,2,1,0,0,1,8.16696,0.00523666,0.128231,8.09127,0.169519,True
aeeem,org::eclipse::jdt::internal::core::jdom::SimpleDOMBuilder,14,3,1,13,153,0,0,8,104.0,18.0,46,0,0,0.0,15,65.0,21.0,0,0,0,0,0,0,aeeem,org::eclipse::jdt::internal::core::jdom::SimpleDOMBuilder,-144.0,65,7,7,367.0,643.0,787.0,0,217.0,9.89231,324.0,12.1077,13.0,-2.21538,60.7758,9,6,0,0,3,13.1641,0.00799878,0.151806,8.24874,0.248283,True
aeeem,org::eclipse::jdt::internal::core::util::DefaultStackMapFrame,3,2,1,2,28,0,7,0,51.0,8.0,25,7,0,0.0,7,13.0,12.0,0,0,0,0,0,0,aeeem,org::eclipse::jdt::internal::core::util::DefaultStackMapFrame,0.0,4,1,4,126.571,3.0,3.0,0,1.0,0.75,1.0,0.75,0.0,0.0,74.0476,2,2,0,0,0,3.58477,0.00184347,0.119691,7.97924,0.157359,True
aeeem,org::eclipse::jdt::internal::formatter::FormatJavadocNode,5,1,5,0,28,3,6,78,27.0,8.0,8,0,0,0.0,4,12.0,7.0,0,0,0,0,0,0,aeeem,org::eclipse::jdt::internal::formatter::FormatJavadocNode,39.0,5,1,2,9.14286,40.0,1.0,0,19.0,8.0,1.0,0.2,18.0,7.8,1.37143,6,5,1,0,1,1.15638,0.00982692,0.0339097,0.0945119,0.0903414,True
aeeem,org::eclipse::jdt::internal::core::search::matching::MatchLocatorParser,14,2,1,13,2080,1,4,402,681.0,65.0,8,1,0,3.0,2,237.0,223.0,0,0,0,0,0,0,aeeem,org::eclipse::jdt::internal::core::search::matching::MatchLocatorParser,697.0,109,8,15,367.0,2519.0,1822.0,0,442.0,23.1101,290.0,16.7156,213.0,6.3945,155.613,36,33,4,1,0,17.5678,0.349033,0.158754,8.34992,0.249095,True
aeeem,org::eclipse::jdt::core::dom::ParenthesizedExpression,6,3,3,3,66,0,3,95,71.0,12.0,73,2,0,0.0,3,37.0,19.0,0,0,0,0,0,0,aeeem,org::eclipse::jdt::core::dom::ParenthesizedExpression,143.0,36,7,13,333.143,351.0,208.0,0,130.0,9.75,130.0,5.77778,58.0,3.97222,72.3289,8,7,0,0,0,7.95479,0.00397769,0.154542,8.1394,0.232145,True
aeeem,org::eclipse::jdt::internal::compiler::AbstractAnnotationProcessorManager,3,1,3,0,45,0,0,0,0.0,10.0,8,0,0,0.0,10,10.0,0.0,0,0,0,0,0,0,aeeem,org::eclipse::jdt::internal::compiler::AbstractAnnotationProcessorManager,72.0,10,1,5,78.7143,85.0,13.0,0,55.0,8.5,3.0,1.3,54.0,7.2,15.4303,2,1,0,0,0,5.54249,0.0232235,0.0160548,0.156359,0.0200261,True
aeeem,org::eclipse::jdt::internal::compiler::lookup::UpdatedMethodBinding,1,3,1,0,1,0,1,37,7.0,2.0,72,0,0,1.0,2,2.0,2.0,1,0,0,0,0,1,aeeem,org::eclipse::jdt::internal::compiler::lookup::UpdatedMethodBinding,3.0,7,5,3,264.857,11.0,8.0,0,4.0,1.57143,4.0,1.14286,3.0,0.428571,94.5714,0,0,0,0,0,5.41657,0.0024968,0.0078453,0.127553,0.0010696,True
aeeem,org::eclipse::jdt::core::dom::ArrayAccess,4,3,1,3,91,0,5,95,109.0,14.0,73,3,0,0.0,5,51.0,27.0,0,0,0,0,0,0,aeeem,org::eclipse::jdt::core::dom::ArrayAccess,194.0,36,7,13,333.143,482.0,288.0,0,175.0,13.3889,175.0,8.0,76.0,5.38889,72.0033,8,7,0,0,0,7.95479,0.00397769,0.154542,8.1394,0.232145,True
aeeem,org::eclipse::jdt::internal::codeassist::complete::CompletionOnStringLiteral,1,6,0,1,3,0,2,386,13.0,3.0,85,0,0,2.0,3,7.0,3.0,0,0,0,0,0,0,aeeem,org::eclipse::jdt::internal::codeassist::complete::CompletionOnStringLiteral,0.0,2,2,0,135.714,0.0,0.0,0,0.0,0.0,0.0,0.0,0.0,0.0,0.0,1,0,0,0,0,0.0,0.0,0.0,0.0,0.0,True
aeeem,org::eclipse::jdt::internal::core::hierarchy::RegionBasedTypeHierarchy,9,2,0,9,21,0,1,33,103.0,7.0,82,0,1,0.0,2,36.0,30.0,0,0,0,0,0,0,aeeem,org::eclipse::jdt::internal::core::hierarchy::RegionBasedTypeHierarchy,81.0,38,7,3,367.0,476.0,395.0,0,152.0,12.5263,152.0,10.3947,56.0,2.13158,105.485,9,8,1,0,0,9.05113,0.0202702,0.0218898,0.238777,0.0324825,True
aeeem,org::eclipse::jdt::internal::core::PackageFragmentRoot,47,4,27,27,903,2,3,59,554.0,43.0,160,0,1,0.0,27,273.0,134.0,1,0,0,0,0,1,aeeem,org::eclipse::jdt::internal::core::PackageFragmentRoot,497.0,157,8,13,367.0,2349.0,1852.0,0,392.0,14.9618,392.0,11.7962,295.0,3.16561,94.4644,39,35,2,1,3,23.8259,0.0815601,0.223021,8.62125,0.410867,True
aeeem,org::eclipse::jdt::core::util::CompilationUnitSorter,3,1,0,3,3,0,1,0,19.0,3.0,8,0,2,0.0,1,8.0,6.0,0,0,0,0,0,0,aeeem,org::eclipse::jdt::core::util::CompilationUnitSorter,397.0,45,8,17,281.714,1126.0,729.0,0,157.0,25.0222,306.0,16.2,148.0,8.82222,67.46,5,4,2,1,1,14.6865,0.142125,0.167995,8.30963,0.242834,True
aeeem,org::eclipse::jdt::internal::compiler::ast::Annotation,33,4,19,16,45,3,5,384,357.0,10.0,69,1,1,3.0,9,94.0,118.0,1,0,0,0,0,1,aeeem,org::eclipse::jdt::internal::compiler::ast::Annotation,248.0,78,7,15,255.714,1262.0,1014.0,1,219.0,16.1795,246.0,13.0,205.0,3.17949,64.8228,26,23,6,2,1,27.4521,0.071775,0.187975,8.62271,0.315806,True
aeeem,org::eclipse::jdt::internal::compiler::ast::JavadocFieldReference,7,6,2,5,15,1,4,394,87.0,6.0,107,0,0,4.0,5,34.0,25.0,1,0,0,0,0,1,aeeem,org::eclipse::jdt::internal::compiler::ast::JavadocFieldReference,70.0,44,7,10,239.143,244.0,174.0,0,31.0,5.54545,21.0,3.95455,17.0,1.59091,57.1985,22,20,1,0,1,20.2148,0.0266789,0.180599,8.45349,0.287555,True
aeeem,org::eclipse::jdt::internal::codeassist::select::SelectionOnSingleNameReference,6,7,1,5,3,0,0,419,40.0,3.0,115,0,0,0.0,3,23.0,15.0,0,0,0,0,0,0,aeeem,org::eclipse::jdt::internal::codeassist::select::SelectionOnSingleNameReference,27.0,33,5,5,367.0,168.0,141.0,0,74.0,5.09091,74.0,4.27273,11.0,0.818182,67.8172,3,3,0,0,0,7.99656,0.00440239,0.134248,8.09896,0.197885,True
aeeem,org::eclipse::jdt::internal::core::dom::rewrite::RewriteEventStore,22,1,6,16,903,0,12,0,474.0,43.0,8,5,13,4.0,30,273.0,133.0,0,0,0,0,0,0,aeeem,org::eclipse::jdt::internal::core::dom::rewrite::RewriteEventStore,464.0,25,8,7,220.143,1229.0,765.0,0,291.0,49.16,122.0,30.6,169.0,18.56,81.2442,6,6,1,0,1,10.7103,0.22605,0.0223479,0.270568,0.0316001,True
aeeem,org::eclipse::jdt::internal::compiler::ast::EmptyStatement,6,3,1,5,21,0,0,380,32.0,7.0,38,0,0,0.0,7,17.0,9.0,0,0,0,0,0,0,aeeem,org::eclipse::jdt::internal::compiler::ast::EmptyStatement,40.0,28,6,6,351.857,115.0,75.0,0,34.0,4.10714,34.0,2.67857,11.0,1.42857,72.0658,1,1,0,0,0,7.98927,0.00263523,0.0113212,0.187307,0.00125779,True
aeeem,org::eclipse::jdt::internal::compiler::ClassFile,50,1,18,37,1891,1,22,249,6113.0,62.0,8,1,22,17.0,39,1095.0,1042.0,6,1,1,0,0,1,aeeem,org::eclipse::jdt::internal::compiler::ClassFile,6094.0,226,10,71,367.0,50221.0,44127.0,0,3693.0,222.217,2958.0,195.252,2050.0,26.9646,91.0942,69,64,7,5,3,43.9774,1.52601,0.28485,9.18277,0.545311,True
aeeem,org::eclipse::jdt::internal::core::ClasspathChange,18,1,2,17,55,0,8,0,469.0,11.0,8,0,5,8.0,6,159.0,108.0,1,0,0,0,0,1,aeeem,org::eclipse::jdt::internal::core::ClasspathChange,72.0,15,2,2,105.0,120.0,48.0,0,27.0,8.0,20.0,3.2,26.0,4.8,60.5952,11,8,1,1,3,14.2639,0.0765557,0.204926,8.39423,0.435957,True
aeeem,org::eclipse::jdt::internal::compiler::ast::StringLiteral,6,5,1,5,36,3,2,384,72.0,9.0,76,0,0,2.0,9,29.0,19.0,0,0,0,0,0,0,aeeem,org::eclipse::jdt::internal::compiler::ast::StringLiteral,18.0,38,6,7,367.0,496.0,478.0,0,105.0,13.0526,105.0,12.5789,9.0,0.473684,51.4145,7,7,1,1,0,6.55214,0.00299589,0.0107585,0.158845,0.00290842,True
aeeem,org::eclipse::jdt::core::Signature,36,1,30,7,861,0,54,0,841.0,42.0,8,12,16,0.0,26,294.0,225.0,1,0,0,0,0,1,aeeem,org::eclipse::jdt::core::Signature,3130.0,127,10,24,367.0,8666.0,5536.0,0,1365.0,68.2362,1365.0,43.5905,546.0,24.6457,112.494,37,33,3,1,0,26.5988,0.106278,0.185252,8.5903,0.24535,True
aeeem,org::eclipse::jdt::internal::compiler::classfmt::AnnotationMethodInfoWithAnnotations,4,4,1,4,10,0,1,14,26.0,5.0,59,1,0,0.0,1,12.0,13.0,0,0,0,0,0,0,aeeem,org::eclipse::jdt::internal::compiler::classfmt::AnnotationMethodInfoWithAnnotations,0.0,2,2,1,127.0,1.0,1.0,0,1.0,0.5,1.0,0.5,0.0,0.0,69.2857,0,0,0,0,0,1.06049,0.000678105,0.00371141,0.0316289,0.00673218,True
aeeem,org::eclipse::jdt::internal::compiler::parser::RecoveryScanner,5,2,2,3,136,0,9,219,191.0,17.0,55,7,1,1.0,16,30.0,53.0,0,0,0,0,0,0,aeeem,org::eclipse::jdt::internal::compiler::parser::RecoveryScanner,55.0,8,1,0,126.0,75.0,20.0,0,24.0,9.375,12.0,2.5,19.0,6.875,5.41524,6,5,0,0,0,4.49837,0.00690744,0.0084123,0.112806,0.00313656,True
aeeem,org::eclipse::jdt::core::dom::Type,6,2,6,1,28,6,0,95,24.0,8.0,68,0,0,0.0,7,10.0,8.0,0,0,0,0,0,0,aeeem,org::eclipse::jdt::core::dom::Type,82.0,21,6,4,333.143,335.0,253.0,0,130.0,15.9524,130.0,12.0476,46.0,3.90476,71.0094,2,2,0,0,0,2.96868,0.00190542,0.0034669,0.0667091,6.29834e-05,True
aeeem,org::eclipse::jdt::core::CompletionRequestorAdapter,0,1,0,0,91,0,0,0,42.0,14.0,22,0,0,0.0,14,14.0,14.0,0,0,0,0,0,0,aeeem,org::eclipse::jdt::core::CompletionRequestorAdapter,40.0,21,8,4,325.857,269.0,229.0,0,195.0,12.8095,194.0,10.9048,14.0,1.90476,146.125,0,0,0,0,0,5.07933,0.0269101,0.00762499,0.120678,0.00111852,True
aeeem,org::eclipse::jdt::core::compiler::InvalidInputException,6,1,6,0,0,0,1,0,3.0,1.0,22,1,0,0.0,1,1.0,1.0,0,0,0,0,0,0,aeeem,org::eclipse::jdt::core::compiler::InvalidInputException,16.0,25,6,9,325.143,119.0,103.0,0,36.0,4.76,36.0,4.12,8.0,0.64,87.6999,1,1,0,0,0,7.82241,0.0089693,0.154243,8.13587,0.232065,True
aeeem,org::eclipse::jdt::internal::core::dom::rewrite::LineCommentEndOffsets,5,1,1,4,6,0,2,0,51.0,4.0,8,2,1,0.0,3,15.0,15.0,0,0,0,0,0,0,aeeem,org::eclipse::jdt::internal::core::dom::rewrite::LineCommentEndOffsets,1.0,3,2,2,111.714,5.0,4.0,0,3.0,1.66667,3.0,1.33333,1.0,0.333333,13.1714,3,3,1,0,0,2.61009,0.00392254,0.00563284,0.0679469,0.00316745,True
aeeem,org::eclipse::jdt::internal::compiler::parser::Scanner,47,1,38,9,1225,4,107,114,3449.0,50.0,8,2,3,44.0,41,374.0,1169.0,1,0,0,0,0,1,aeeem,org::eclipse::jdt::internal::compiler::parser::Scanner,1098.0,239,10,59,367.0,14272.0,13174.0,0,3055.0,59.7155,3055.0,55.1213,269.0,4.59414,80.6008,85,74,9,3,4,27.9911,0.44194,0.0833288,0.761406,0.156788,True
aeeem,org::eclipse::jdt::internal::compiler::ast::Initializer,12,5,5,7,36,0,4,400,81.0,9.0,65,0,0,4.0,9,32.0,23.0,0,0,0,0,0,0,aeeem,org::eclipse::jdt::internal::compiler::ast::Initializer,31.0,54,6,9,367.0,525.0,494.0,0,115.0,9.72222,115.0,9.14815,21.0,0.574074,71.8171,4,4,0,0,1,7.6133,0.017571,0.0170074,0.197432,0.0204433,True
aeeem,org::eclipse::jdt::core::dom::VariableDeclarationStatement,11,3,5,7,171,0,10,95,155.0,19.0,73,6,0,0.0,7,75.0,40.0,0,0,0,0,0,0,aeeem,org::eclipse::jdt::core::dom::VariableDeclarationStatement,429.0,58,7,13,333.143,905.0,476.0,0,215.0,15.6034,215.0,8.2069,132.0,7.39655,87.9662,11,9,0,0,0,6.84846,0.00521899,0.151789,8.10896,0.231177,True
aeeem,org::eclipse::jdt::internal::core::search::matching::DeclarationOfReferencedMethodsPattern,2,5,2,0,0,0,2,83,7.0,1.0,57,0,0,0.0,1,2.0,1.0,1,0,0,0,0,1,aeeem,org::eclipse::jdt::internal::core::search::matching::DeclarationOfReferencedMethodsPattern,-68.0,31,7,8,343.0,212.0,280.0,0,105.0,6.83871,105.0,9.03226,8.0,-2.19355,54.0222,4,4,0,0,0,8.4491,0.00496796,0.129804,8.10052,0.175583,True
aeeem,org::eclipse::jdt::core::compiler::CharOperation,141,1,137,4,561,0,3,0,845.0,34.0,8,0,0,0.0,34,91.0,262.0,0,0,0,0,0,0,aeeem,org::eclipse::jdt::core::compiler::CharOperation,3083.0,98,13,26,294.571,15621.0,12538.0,0,3028.0,159.398,3026.0,127.939,751.0,31.4592,138.94,20,16,1,1,0,27.6193,0.861381,0.112974,0.821275,0.269654,True
aeeem,org::eclipse::jdt::internal::codeassist::CompletionElementNotifier,6,2,1,5,21,0,1,10,136.0,7.0,15,1,0,0.0,1,32.0,39.0,0,0,0,0,0,0,aeeem,org::eclipse::jdt::internal::codeassist::CompletionElementNotifier,0.0,1,1,0,14.7143,0.0,0.0,0,0.0,0.0,0.0,0.0,0.0,0.0,0.0,1,1,0,0,1,0.0,0.0,0.0,0.0,0.0,True
aeeem,org::eclipse::jdt::internal::core::search::indexing::BinaryIndexer,16,2,1,15,171,0,10,52,707.0,19.0,25,10,16,0.0,3,221.0,191.0,0,0,0,0,0,0,aeeem,org::eclipse::jdt::internal::core::search::indexing::BinaryIndexer,158.0,90,8,14,367.0,3173.0,3015.0,0,548.0,35.2556,610.0,33.5,76.0,1.75556,100.157,17,17,3,1,0,20.2507,0.0981125,0.0518942,0.540612,0.0901459,True
aeeem,org::eclipse::jdt::internal::compiler::ast::CompilationUnitDeclaration,40,2,22,21,253,0,23,391,536.0,23.0,31,5,2,18.0,21,128.0,174.0,2,0,0,0,0,1,aeeem,org::eclipse::jdt::internal::compiler::ast::CompilationUnitDeclaration,587.0,97,8,23,367.0,1990.0,1403.0,0,289.0,20.5155,289.0,14.4639,140.0,6.05155,139.257,29,25,3,2,2,30.7687,0.154854,0.208173,8.74434,0.361136,True
aeeem,org::eclipse::jdt::internal::compiler::ast::PrefixExpression,2,6,1,1,10,0,0,415,28.0,5.0,93,0,0,0.0,5,12.0,8.0,0,0,0,0,0,0,aeeem,org::eclipse::jdt::internal::compiler::ast::PrefixExpression,3.0,36,5,5,367.0,310.0,307.0,0,59.0,8.61111,59.0,8.52778,10.0,0.0833333,68.859,1,1,0,0,0,3.9771,0.00563763,0.00585268,0.0940532,0.000756986,True
aeeem,org::eclipse::jdt::core::dom::DefaultValuePairBinding,4,3,1,3,15,0,1,9,20.0,6.0,42,1,0,0.0,5,11.0,6.0,0,0,0,0,0,0,aeeem,org::eclipse::jdt::core::dom::DefaultValuePairBinding,-73.0,3,2,2,122.714,24.0,97.0,0,18.0,8.0,87.0,32.3333,8.0,-24.3333,57.3929,5,4,0,0,0,1.66466,0.0106826,0.00520412,0.0480311,0.00751851,True
aeeem,org::eclipse::jdt::internal::core::search::matching::TypeDeclarationLocator,5,2,1,5,10,0,1,68,69.0,5.0,33,0,0,0.0,4,30.0,35.0,1,0,0,0,0,1,aeeem,org::eclipse::jdt::internal::core::search::matching::TypeDeclarationLocator,31.0,18,7,4,248.571,64.0,33.0,0,14.0,3.55556,10.0,1.83333,12.0,1.72222,58.0045,2,1,0,0,0,7.90701,0.00579704,0.0119255,0.187868,0.00222681,True
aeeem,org::eclipse::jdt::internal::compiler::flow::FlowInfo,51,1,50,3,703,2,8,0,66.0,38.0,8,0,0,1.0,38,60.0,20.0,0,0,0,0,0,0,aeeem,org::eclipse::jdt::internal::compiler::flow::FlowInfo,301.0,43,5,3,367.0,768.0,467.0,0,230.0,17.8605,87.0,10.8605,161.0,7.0,138.212,6,6,0,0,0,8.14156,0.0319196,0.0135216,0.198168,0.00318161,True
aeeem,org::eclipse::jdt::core::dom::Block,15,3,12,3,55,0,3,95,47.0,11.0,73,2,0,0.0,2,29.0,13.0,0,0,0,0,0,0,aeeem,org::eclipse::jdt::core::dom::Block,114.0,29,7,9,333.143,276.0,162.0,0,113.0,9.51724,113.0,5.58621,52.0,3.93103,71.3131,5,4,0,0,0,7.95479,0.00397769,0.154542,8.1394,0.232145,True
aeeem,org::eclipse::jdt::core::dom::MethodRefParameter,6,2,3,4,136,0,8,95,121.0,17.0,68,5,0,0.0,7,60.0,31.0,0,0,0,0,0,0,aeeem,org::eclipse::jdt::core::dom::MethodRefParameter,272.0,25,6,6,229.714,339.0,67.0,0,113.0,13.56,7.0,2.68,107.0,10.88,26.3936,5,5,0,0,0,5.59671,0.0145245,0.149865,8.07898,0.23097,True
aeeem,org::eclipse::jdt::internal::core::search::IndexSelector,12,1,1,11,10,0,3,0,145.0,5.0,8,0,2,3.0,3,62.0,43.0,1,0,1,0,0,1,aeeem,org::eclipse::jdt::internal::core::search::IndexSelector,13.0,55,8,6,367.0,988.0,975.0,0,192.0,17.9636,192.0,17.7273,50.0,0.236364,112.65,12,11,4,1,2,15.8578,0.0441399,0.153897,8.3084,0.222325,True
aeeem,org::eclipse::jdt::internal::compiler::ast::Wildcard,8,6,2,6,28,0,5,385,71.0,8.0,95,0,1,2.0,7,34.0,20.0,0,0,0,0,0,0,aeeem,org::eclipse::jdt::internal::compiler::ast::Wildcard,239.0,28,6,3,240.857,352.0,113.0,0,112.0,12.5714,36.0,4.03571,112.0,8.53571,45.5933,2,2,0,0,0,6.88643,0.0350745,0.0150429,0.177039,0.0183785,True
aeeem,org::eclipse::jdt::core::dom::ArrayType,9,3,5,4,91,0,3,95,87.0,14.0,76,2,0,0.0,5,45.0,23.0,0,0,0,0,0,0,aeeem,org::eclipse::jdt::core::dom::ArrayType,145.0,39,7,14,333.143,400.0,255.0,0,171.0,10.2564,171.0,6.53846,60.0,3.71795,66.5168,9,8,0,0,0,7.95479,0.00397769,0.154542,8.1394,0.232145,True
aeeem,org::eclipse::jdt::core::search::FieldReferenceMatch,1,4,1,0,3,0,2,3,11.0,3.0,38,2,0,0.0,3,3.0,3.0,1,0,0,0,0,1,aeeem,org::eclipse::jdt::core::search::FieldReferenceMatch,143.0,27,6,5,227.571,257.0,114.0,0,45.0,9.51852,44.0,4.22222,31.0,5.2963,46.5097,3,2,0,0,1,6.22874,0.0273985,0.0375519,0.208869,0.116568,True
aeeem,org::eclipse::jdt::core::search::SearchDocument,10,2,9,1,28,1,2,2,16.0,8.0,11,2,0,0.0,7,10.0,5.0,1,0,0,0,0,1,aeeem,org::eclipse::jdt::core::search::SearchDocument,169.0,22,5,4,236.0,268.0,99.0,0,61.0,12.1818,30.0,4.5,31.0,7.68182,17.9238,2,2,0,0,0,4.07501,0.00220824,0.0062193,0.097153,0.00103086,True
aeeem,org::eclipse::jdt::core::ToolFactory,12,1,1,11,15,0,2,0,63.0,6.0,8,0,0,0.0,6,25.0,15.0,0,0,0,0,0,0,aeeem,org::eclipse::jdt::core::ToolFactory,463.0,95,8,18,325.143,845.0,382.0,0,75.0,8.89474,51.0,4.02105,61.0,4.87368,110.378,15,13,0,0,1,17.0375,0.150336,0.182856,8.38839,0.297276,True
aeeem,org::eclipse::jdt::internal::core::util::DefaultBytecodeVisitor,13,1,0,13,23005,0,17,0,1585.0,215.0,212,17,10,0.0,205,1156.0,265.0,2,0,0,0,0,1,aeeem,org::eclipse::jdt::internal::core::util::DefaultBytecodeVisitor,-1324.0,56,7,17,322.714,3556.0,4880.0,0,587.0,63.5,1041.0,87.1429,307.0,-23.6429,115.126,9,8,1,1,0,13.7363,0.383893,0.131523,8.20884,0.152763,True
aeeem,org::eclipse::jdt::core::dom::ThrowStatement,5,3,1,4,66,0,3,95,72.0,12.0,73,2,0,0.0,3,39.0,19.0,0,0,0,0,0,0,aeeem,org::eclipse::jdt::core::dom::ThrowStatement,142.0,38,7,13,333.143,356.0,214.0,0,130.0,9.36842,130.0,5.63158,58.0,3.73684,71.937,8,7,0,0,0,7.95479,0.00397769,0.154542,8.1394,0.232145,True
aeeem,org::eclipse::jdt::internal::core::search::matching::InternalReferenceMatch,3,3,3,0,1,4,1,2,6.0,2.0,36,0,0,1.0,2,2.0,2.0,1,0,0,0,0,1,aeeem,org::eclipse::jdt::internal::core::search::matching::InternalReferenceMatch,0.0,1,1,0,12.2857,0.0,0.0,0,0.0,0.0,0.0,0.0,0.0,0.0,0.0,1,0,0,0,0,0.0,0.0,0.0,0.0,0.0,True
aeeem,org::eclipse::jdt::internal::codeassist::complete::CompletionOnAnnotationMemberValuePair,5,6,1,4,3,0,1,389,32.0,3.0,83,0,0,1.0,3,13.0,8.0,0,0,0,0,0,0,aeeem,org::eclipse::jdt::internal::codeassist::complete::CompletionOnAnnotationMemberValuePair,0.0,1,1,0,172.714,0.0,0.0,0,0.0,0.0,0.0,0.0,0.0,0.0,0.0,0,0,0,0,0,0.0,0.0,0.0,0.0,0.0,True
aeeem,org::eclipse::jdt::internal::codeassist::ThrownExceptionFinder,6,2,1,5,36,0,2,0,75.0,9.0,11,2,5,0.0,4,30.0,24.0,0,0,0,0,0,0,aeeem,org::eclipse::jdt::internal::codeassist::ThrownExceptionFinder,15.0,3,1,0,73.5714,18.0,3.0,0,14.0,6.0,2.0,1.0,13.0,5.0,3.79365,3,2,1,1,0,1.26759,0.00551926,0.00368011,0.0358109,0.00447435,True
aeeem,org::eclipse::jdt::internal::core::DefaultWorkingCopyOwner,1,2,0,1,3,0,2,0,10.0,3.0,13,0,1,1.0,2,5.0,4.0,0,0,0,0,0,0,aeeem,org::eclipse::jdt::internal::core::DefaultWorkingCopyOwner,0.0,23,6,3,261.571,81.0,81.0,0,19.0,3.52174,14.0,3.52174,17.0,0.0,28.3104,1,0,0,0,0,5.16293,0.00259879,0.00956296,0.128391,0.00567792,True
aeeem,org::eclipse::jdt::internal::compiler::impl::ByteConstant,3,2,3,0,66,0,1,152,37.0,12.0,41,1,1,0.0,11,14.0,12.0,0,0,0,0,0,0,aeeem,org::eclipse::jdt::internal::compiler::impl::ByteConstant,-22.0,35,6,6,367.0,179.0,201.0,0,54.0,5.11429,54.0,5.74286,5.0,-0.628571,58.2705,1,1,0,0,0,6.77104,0.00334607,0.0101348,0.160922,0.00120756,True
aeeem,org::eclipse::jdt::internal::core::AnnotatableInfo,1,4,1,0,0,3,1,7,0.0,1.0,25,0,0,0.0,1,1.0,0.0,0,0,0,0,0,0,aeeem,org::eclipse::jdt::internal::core::AnnotatableInfo,0.0,1,1,0,33.8571,0.0,0.0,0,0.0,0.0,0.0,0.0,0.0,0.0,0.0,1,0,0,0,1,0.0,0.0,0.0,0.0,0.0,True
aeeem,org::eclipse::jdt::internal::core::util::ExceptionAttribute,4,3,1,3,6,0,3,1,31.0,4.0,32,3,0,0.0,3,10.0,7.0,0,0,0,0,0,0,aeeem,org::eclipse::jdt::internal::core::util::ExceptionAttribute,-17.0,19,5,6,322.714,47.0,64.0,0,9.0,2.47368,9.0,3.36842,7.0,-0.894737,48.6717,3,3,0,0,0,5.40022,0.00477953,0.00949096,0.132953,0.00358267,True
aeeem,org::eclipse::jdt::core::dom::Initializer,9,3,3,6,136,0,7,97,125.0,17.0,84,3,0,0.0,3,63.0,35.0,0,0,0,0,0,0,aeeem,org::eclipse::jdt::core::dom::Initializer,279.0,53,7,13,333.143,697.0,418.0,0,175.0,13.1509,175.0,7.88679,160.0,5.26415,84.9543,11,8,0,0,0,6.84846,0.00402638,0.151789,8.10896,0.231177,True
aeeem,org::eclipse::jdt::internal::codeassist::impl::AssistImportContainer,3,5,2,1,3,0,1,52,10.0,3.0,138,1,0,0.0,2,5.0,3.0,0,0,0,0,0,0,aeeem,org::eclipse::jdt::internal::codeassist::impl::AssistImportContainer,0.0,1,1,0,14.7143,0.0,0.0,0,0.0,0.0,0.0,0.0,0.0,0.0,0.0,1,1,0,0,1,0.0,0.0,0.0,0.0,0.0,True
aeeem,org::eclipse::jdt::internal::core::MoveElementsOperation,1,4,1,0,3,1,0,34,9.0,3.0,84,0,0,0.0,1,3.0,3.0,0,0,0,0,0,0,aeeem,org::eclipse::jdt::internal::core::MoveElementsOperation,2.0,28,5,4,367.0,105.0,103.0,0,45.0,3.75,45.0,3.67857,6.0,0.0714286,59.0014,2,2,0,0,0,6.92698,0.00278123,0.0097273,0.161994,0.00112517,True
aeeem,org::eclipse::jdt::internal::compiler::parser::RecoveredStatement,4,2,1,3,21,3,1,4,23.0,7.0,33,0,0,1.0,7,11.0,8.0,0,0,0,0,0,0,aeeem,org::eclipse::jdt::internal::compiler::parser::RecoveredStatement,-4.0,30,5,4,367.0,132.0,136.0,0,55.0,4.4,55.0,4.53333,7.0,-0.133333,50.4026,0,0,0,0,0,4.07501,0.00220824,0.0062193,0.097153,0.00103086,True
aeeem,org::eclipse::jdt::internal::codeassist::complete::CompletionOnMethodName,6,4,1,5,3,0,1,410,31.0,3.0,66,0,0,1.0,3,16.0,9.0,0,0,0,0,0,0,aeeem,org::eclipse::jdt::internal::codeassist::complete::CompletionOnMethodName,-1.0,15,4,4,347.857,144.0,145.0,0,60.0,9.6,60.0,9.66667,10.0,-0.0666667,51.7669,0,0,0,0,0,4.07501,0.00220824,0.0062193,0.097153,0.00103086,True
aeeem,org::eclipse::jdt::core::dom::ClassInstanceCreation,8,3,2,7,276,0,14,95,208.0,24.0,73,8,0,0.0,12,104.0,54.0,0,0,0,0,0,0,aeeem,org::eclipse::jdt::core::dom::ClassInstanceCreation,653.0,66,9,16,333.143,1416.0,763.0,0,249.0,21.4545,249.0,11.5606,147.0,9.89394,87.7899,14,12,0,0,0,9.64335,0.00779499,0.155266,8.17266,0.231277,True
aeeem,org::eclipse::jdt::internal::core::builder::MissingSourceFileException,1,1,1,0,0,0,2,0,3.0,1.0,23,1,0,0.0,1,1.0,1.0,0,0,0,0,0,0,aeeem,org::eclipse::jdt::internal::core::builder::MissingSourceFileException,7.0,11,5,4,321.714,27.0,20.0,0,10.0,2.45455,5.0,1.81818,5.0,0.636364,71.4709,0,0,0,0,0,4.07501,0.00220824,0.0062193,0.097153,0.00103086,True
aeeem,org::eclipse::jdt::internal::compiler::env::EnumConstantSignature,5,1,4,1,6,0,2,0,17.0,4.0,8,0,0,2.0,4,8.0,4.0,0,0,0,0,0,0,aeeem,org::eclipse::jdt::internal::compiler::env::EnumConstantSignature,0.0,2,2,1,127.0,1.0,1.0,0,1.0,0.5,1.0,0.5,0.0,0.0,69.2857,0,0,0,0,0,1.06049,0.000678105,0.00371141,0.0316289,0.00673218,True
aeeem,org::eclipse::jdt::internal::compiler::ast::TypeReference,43,4,36,10,153,3,0,384,144.0,18.0,69,0,0,0.0,14,72.0,48.0,0,0,0,0,0,0,aeeem,org::eclipse::jdt::internal::compiler::ast::TypeReference,184.0,70,9,8,367.0,809.0,625.0,0,102.0,11.5571,102.0,8.92857,51.0,2.62857,157.035,16,13,1,1,0,21.1415,0.0720048,0.168983,8.4521,0.258198,True
aeeem,org::eclipse::jdt::internal::compiler::impl::CompilerStats,3,1,3,0,3,0,7,0,9.0,3.0,8,0,0,7.0,3,4.0,4.0,0,0,0,0,0,0,aeeem,org::eclipse::jdt::internal::compiler::impl::CompilerStats,-5.0,2,2,0,14.5714,1.0,6.0,0,1.0,0.5,6.0,3.0,0.0,-2.5,5.0,0,0,0,0,0,1.09529,0.00116194,0.0246875,0.0735047,0.0773417,True
aeeem,org::eclipse::jdt::internal::codeassist::select::SelectionScanner,3,2,1,2,3,0,3,219,31.0,3.0,55,0,0,3.0,3,7.0,10.0,0,0,0,0,0,0,aeeem,org::eclipse::jdt::internal::codeassist::select::SelectionScanner,-1.0,34,5,4,367.0,163.0,164.0,0,68.0,4.79412,68.0,4.82353,5.0,-0.0294118,47.3216,1,1,0,0,0,4.07501,0.00220824,0.0062193,0.097153,0.00103086,True
aeeem,org::eclipse::jdt::core::dom::PackageDeclaration,13,2,7,7,136,0,8,95,130.0,17.0,68,4,0,1.0,7,66.0,36.0,0,0,0,0,0,0,aeeem,org::eclipse::jdt::core::dom::PackageDeclaration,460.0,48,9,12,333.143,778.0,318.0,0,144.0,16.2083,144.0,6.625,94.0,9.58333,90.6761,11,9,0,0,0,9.21914,0.00580356,0.155078,8.16436,0.23138,True
aeeem,org::eclipse::jdt::internal::compiler::ast::CaseStatement,13,3,2,11,21,0,2,380,96.0,7.0,38,0,0,2.0,7,46.0,34.0,0,0,0,0,0,0,aeeem,org::eclipse::jdt::internal::compiler::ast::CaseStatement,58.0,42,7,6,270.143,262.0,204.0,0,115.0,6.2381,115.0,4.85714,14.0,1.38095,138.27,15,15,3,3,1,21.1473,0.0580881,0.157459,8.42302,0.208139,True
aeeem,org::eclipse::jdt::internal::compiler::ASTVisitor,2,1,2,0,3,18,0,0,9.0,3.0,8,0,0,0.0,3,3.0,3.0,0,0,0,0,0,0,aeeem,org::eclipse::jdt::internal::compiler::ASTVisitor,586.0,24,5,8,238.429,1171.0,585.0,0,357.0,48.7917,217.0,24.375,306.0,24.4167,63.1014,3,3,0,0,0,5.96416,0.0867764,0.0106138,0.14738,0.00387241,True
aeeem,org::eclipse::jdt::internal::compiler::ast::Literal,7,4,6,2,21,3,0,384,25.0,7.0,69,0,0,0.0,7,13.0,5.0,0,0,0,0,0,0,aeeem,org::eclipse::jdt::internal::compiler::ast::Literal,22.0,21,5,4,367.0,157.0,135.0,0,38.0,7.47619,38.0,6.42857,7.0,1.04762,77.6069,0,0,0,0,0,4.07501,0.00220824,0.0062193,0.097153,0.00103086,True
aeeem,org::eclipse::jdt::internal::compiler::lookup::ProblemFieldBinding,8,4,8,0,1,0,2,35,9.0,2.0,47,1,0,1.0,2,2.0,2.0,0,0,0,0,0,0,aeeem,org::eclipse::jdt::internal::compiler::lookup::ProblemFieldBinding,13.0,23,6,6,367.0,100.0,87.0,0,35.0,4.34783,35.0,3.78261,6.0,0.565217,85.0928,3,3,0,0,0,8.13317,0.00426962,0.0117365,0.191479,0.00142848,True
aeeem,org::eclipse::jdt::internal::core::search::matching::PatternLocator,27,1,15,24,300,11,29,39,580.0,25.0,8,0,0,1.0,9,157.0,209.0,1,0,0,0,0,1,aeeem,org::eclipse::jdt::internal::core::search::matching::PatternLocator,848.0,92,9,6,248.571,1830.0,982.0,0,206.0,19.8913,146.0,10.6739,205.0,9.21739,85.3527,44,40,2,0,1,30.3272,0.246259,0.209223,8.73166,0.364918,True
aeeem,org::eclipse::jdt::internal::codeassist::impl::Engine,12,1,2,10,36,2,13,0,230.0,9.0,9,0,1,12.0,6,45.0,59.0,1,0,0,0,0,1,aeeem,org::eclipse::jdt::internal::codeassist::impl::Engine,291.0,75,7,7,367.0,2054.0,1763.0,0,181.0,27.3867,181.0,23.5067,112.0,3.88,72.6069,20,18,1,0,1,20.393,0.0572623,0.182453,8.45997,0.295484,True
aeeem,org::eclipse::jdt::internal::core::SingleTypeRequestor,0,1,0,0,45,0,1,0,27.0,10.0,15,0,0,0.0,9,10.0,9.0,0,0,0,0,0,0,aeeem,org::eclipse::jdt::internal::core::SingleTypeRequestor,2.0,15,3,4,367.0,163.0,161.0,0,79.0,10.8667,79.0,10.7333,8.0,0.133333,47.2287,0,0,0,0,0,4.07501,0.00220824,0.0062193,0.097153,0.00103086,True
aeeem,org::eclipse::jdt::core::dom::ASTConverter,55,1,2,53,2080,0,12,0,1947.0,65.0,8,1,5,3.0,10,680.0,470.0,1,1,0,0,0,1,aeeem,org::eclipse::jdt::core::dom::ASTConverter,5144.0,318,10,166,333.143,17380.0,12236.0,0,3852.0,54.6541,2861.0,38.478,1378.0,16.1761,97.7421,196,183,21,10,8,37.2855,0.328708,0.235777,8.93493,0.40676,True
aeeem,org::eclipse::jdt::internal::compiler::ast::QualifiedAllocationExpression,22,5,2,20,36,2,2,392,414.0,9.0,93,0,0,2.0,9,153.0,117.0,1,0,0,0,0,1,aeeem,org::eclipse::jdt::internal::compiler::ast::QualifiedAllocationExpression,192.0,115,11,16,367.0,2006.0,1814.0,0,339.0,17.4435,339.0,15.7739,68.0,1.66957,110.401,25,25,1,1,0,25.3215,0.125608,0.17826,8.55929,0.277085,True
aeeem,org::eclipse::jdt::internal::core::search::matching::VariablePattern,2,4,1,1,1,2,6,61,34.0,2.0,45,0,0,0.0,1,3.0,12.0,0,0,0,0,0,0,aeeem,org::eclipse::jdt::internal::core::search::matching::VariablePattern,9.0,20,6,4,243.0,106.0,97.0,0,37.0,5.3,32.0,4.85,27.0,0.45,94.4892,4,4,0,0,0,8.89835,0.024575,0.133644,8.12036,0.18746,True
aeeem,org::eclipse::jdt::internal::core::search::JavaSearchScope,14,3,3,11,91,0,11,5,289.0,14.0,21,9,7,0.0,6,111.0,79.0,1,0,1,0,0,1,aeeem,org::eclipse::jdt::internal::core::search::JavaSearchScope,624.0,90,9,7,367.0,2269.0,1645.0,0,335.0,25.2111,335.0,18.2778,96.0,6.93333,143.248,34,32,7,1,2,34.0926,0.259287,0.247916,8.89712,0.465087,True
aeeem,org::eclipse::jdt::internal::compiler::util::SimpleSet,24,1,21,3,45,0,3,0,103.0,10.0,16,0,1,3.0,9,27.0,36.0,0,0,0,0,0,0,aeeem,org::eclipse::jdt::internal::compiler::util::SimpleSet,15.0,3,2,0,112.0,16.0,1.0,0,15.0,5.33333,1.0,0.333333,15.0,5.0,38.3036,0,0,0,0,0,2.57445,0.00521829,0.00736652,0.0724262,0.00868141,True
aeeem,org::eclipse::jdt::internal::core::jdom::DOMMember,10,3,4,6,210,4,5,38,146.0,21.0,118,0,0,0.0,4,61.0,33.0,0,0,0,0,0,0,aeeem,org::eclipse::jdt::internal::core::jdom::DOMMember,-33.0,37,6,4,367.0,706.0,739.0,0,351.0,19.0811,351.0,19.973,5.0,-0.891892,39.6908,2,2,0,0,0,6.49901,0.00271841,0.00939918,0.15305,0.0011905,True
aeeem,org::eclipse::jdt::internal::core::jdom::DOMMethod,13,4,2,11,780,0,13,50,404.0,40.0,189,0,0,0.0,23,162.0,104.0,0,0,0,0,0,0,aeeem,org::eclipse::jdt::internal::core::jdom::DOMMethod,-8.0,43,7,6,367.0,1703.0,1711.0,0,718.0,39.6047,718.0,39.7907,44.0,-0.186047,41.9631,6,6,0,0,0,8.87298,0.00623217,0.0137293,0.211766,0.00369094,True
aeeem,org::eclipse::jdt::internal::codeassist::select::SelectionOnLocalName,4,5,1,3,6,0,0,397,24.0,4.0,64,0,0,0.0,4,16.0,5.0,0,0,0,0,0,0,aeeem,org::eclipse::jdt::internal::codeassist::select::SelectionOnLocalName,17.0,16,6,5,325.143,60.0,43.0,0,13.0,3.75,9.0,2.6875,6.0,1.0625,102.576,2,1,0,0,0,6.20089,0.00331553,0.00928109,0.147285,0.0012587,True
aeeem,org::eclipse::jdt::internal::compiler::ast::Javadoc,24,2,8,17,55,3,8,380,708.0,11.0,27,0,5,8.0,5,172.0,269.0,3,0,0,0,0,1,aeeem,org::eclipse::jdt::internal::compiler::ast::Javadoc,859.0,80,6,11,239.143,1712.0,853.0,0,152.0,21.4,113.0,10.6625,105.0,10.7375,65.9057,48,41,3,2,1,24.4246,0.147577,0.158256,8.49732,0.180572,True
aeeem,org::eclipse::jdt::core::dom::TypeBinding,22,2,1,22,1653,0,16,6,952.0,58.0,67,12,1,1.0,57,361.0,271.0,1,0,0,0,0,1,aeeem,org::eclipse::jdt::core::dom::TypeBinding,1359.0,166,11,72,333.143,4331.0,2972.0,0,668.0,26.0904,616.0,17.9036,119.0,8.18675,147.972,89,77,6,0,3,33.5493,0.317666,0.221837,8.82617,0.373111,True
aeeem,org::eclipse::jdt::core::search::SearchRequestor,2,1,2,0,10,1,0,0,12.0,5.0,8,0,0,0.0,5,5.0,4.0,0,0,0,0,0,0,aeeem,org::eclipse::jdt::core::search::SearchRequestor,23.0,16,4,3,236.0,144.0,121.0,0,45.0,9.0,29.0,7.5625,22.0,1.4375,21.5427,1,1,0,0,0,4.07501,0.00220824,0.0062193,0.097153,0.00103086,True
aeeem,org::eclipse::jdt::core::dom::ContinueStatement,4,3,1,3,66,0,3,95,59.0,12.0,73,2,0,0.0,3,35.0,16.0,0,0,0,0,0,0,aeeem,org::eclipse::jdt::core::dom::ContinueStatement,135.0,34,7,12,333.143,314.0,179.0,0,123.0,9.23529,123.0,5.26471,60.0,3.97059,70.7502,6,5,0,0,0,7.95479,0.00397769,0.154542,8.1394,0.232145,True
aeeem,org::eclipse::jdt::internal::core::builder::AdditionalTypeCollection,1,2,1,0,0,0,1,10,4.0,1.0,13,0,0,1.0,0,1.0,1.0,1,0,0,0,0,1,aeeem,org::eclipse::jdt::internal::core::builder::AdditionalTypeCollection,5.0,9,4,4,329.0,44.0,39.0,0,22.0,4.88889,22.0,4.33333,5.0,0.555556,44.6526,0,0,0,0,0,4.07501,0.00220824,0.0062193,0.097153,0.00103086,True
aeeem,org::eclipse::jdt::core::JavaModelException,38,1,33,5,15,0,2,0,52.0,6.0,0,1,0,1.0,6,30.0,12.0,0,0,0,0,0,0,aeeem,org::eclipse::jdt::core::JavaModelException,80.0,38,6,6,367.0,385.0,305.0,0,132.0,10.1316,132.0,8.02632,23.0,2.10526,60.177,3,3,0,0,0,6.00951,0.00478914,0.117941,8.01008,0.169185,True
aeeem,org::eclipse::jdt::internal::core::builder::StringSet,4,1,3,1,15,0,3,0,56.0,6.0,8,0,1,3.0,5,13.0,19.0,0,0,0,0,0,0,aeeem,org::eclipse::jdt::internal::core::builder::StringSet,26.0,12,5,4,240.143,40.0,14.0,0,11.0,3.33333,4.0,1.16667,11.0,2.16667,20.6786,2,2,0,0,0,4.07501,0.00220824,0.0062193,0.097153,0.00103086,True
aeeem,org::eclipse::jdt::core::search::PackageDeclarationMatch,1,2,1,0,0,0,0,2,3.0,1.0,33,0,0,0.0,1,1.0,1.0,0,0,0,0,0,0,aeeem,org::eclipse::jdt::core::search::PackageDeclarationMatch,82.0,17,4,3,227.571,106.0,24.0,0,23.0,6.23529,6.0,1.41176,23.0,4.82353,9.22237,0,0,0,0,0,4.07501,0.00220824,0.0062193,0.097153,0.00103086,True
aeeem,org::eclipse::jdt::internal::core::CreatePackageFragmentOperation,8,2,1,8,6,0,1,18,83.0,4.0,62,0,0,0.0,2,48.0,21.0,0,0,0,0,0,0,aeeem,org::eclipse::jdt::internal::core::CreatePackageFragmentOperation,32.0,51,7,9,367.0,426.0,394.0,0,143.0,8.35294,143.0,7.72549,13.0,0.627451,88.2921,9,7,3,1,1,14.8353,0.0210936,0.151772,8.28236,0.219943,True
aeeem,org::eclipse::jdt::internal::core::util::ClassFileReader,12,2,1,11,253,0,23,8,285.0,23.0,40,23,1,0.0,22,66.0,64.0,0,0,0,0,0,0,aeeem,org::eclipse::jdt::internal::core::util::ClassFileReader,30.0,35,6,10,322.714,336.0,306.0,0,103.0,9.6,89.0,8.74286,22.0,0.857143,75.7976,5,5,0,0,0,10.091,0.00488359,0.132442,8.14193,0.170812,True
aeeem,org::eclipse::jdt::internal::compiler::ast::ArrayReference,9,5,1,8,55,0,2,384,158.0,11.0,77,0,0,2.0,11,70.0,37.0,0,0,0,0,0,0,aeeem,org::eclipse::jdt::internal::compiler::ast::ArrayReference,62.0,66,8,11,367.0,885.0,823.0,0,193.0,13.4091,193.0,12.4697,53.0,0.939394,125.48,10,10,0,0,0,17.5763,0.0455713,0.152311,8.3382,0.20937,True
aeeem,org::eclipse::jdt::internal::formatter::comment::HTMLEntity2JavaReader,7,2,2,5,6,0,1,0,44.0,4.0,39,1,1,0.0,1,25.0,13.0,0,0,0,0,0,0,aeeem,org::eclipse::jdt::internal::formatter::comment::HTMLEntity2JavaReader,4.0,6,1,6,168.857,10.0,6.0,0,3.0,1.66667,2.0,1.0,2.0,0.666667,94.5857,4,3,1,0,0,3.17525,0.0016358,0.00797677,0.0850172,0.0117179,True
aeeem,org::eclipse::jdt::internal::core::BinaryMethod,32,7,3,31,465,1,4,69,529.0,31.0,240,0,4,0.0,22,241.0,118.0,1,0,0,0,0,1,aeeem,org::eclipse::jdt::internal::core::BinaryMethod,698.0,121,9,27,367.0,1943.0,1245.0,0,305.0,16.0579,305.0,10.2893,150.0,5.76859,146.939,31,27,6,2,3,25.6644,0.116277,0.181872,8.57348,0.283185,True
aeeem,org::eclipse::jdt::internal::core::search::matching::ImportMatchLocatorParser,1,3,1,0,10,0,1,405,28.0,5.0,73,0,0,1.0,0,13.0,10.0,0,0,0,0,0,0,aeeem,org::eclipse::jdt::internal::core::search::matching::ImportMatchLocatorParser,85.0,6,1,2,142.0,98.0,13.0,0,37.0,16.3333,9.0,2.16667,37.0,14.1667,29.0831,2,2,0,0,0,2.80457,0.0121204,0.0140038,0.0911194,0.0477261,True
aeeem,org::eclipse::jdt::core::dom::MethodRef,8,2,3,6,136,0,7,95,109.0,17.0,68,4,0,0.0,7,60.0,28.0,0,0,0,0,0,0,aeeem,org::eclipse::jdt::core::dom::MethodRef,201.0,24,5,6,229.714,269.0,68.0,0,100.0,11.2083,9.0,2.83333,91.0,8.375,9.76739,3,3,0,0,0,6.70304,0.00381663,0.152618,8.10942,0.231938,True
aeeem,org::eclipse::jdt::internal::core::util::ReferenceInfoAdapter,0,1,0,0,15,3,0,0,18.0,6.0,8,0,0,0.0,6,6.0,6.0,0,0,0,0,0,0,aeeem,org::eclipse::jdt::internal::core::util::ReferenceInfoAdapter,5.0,20,5,5,367.0,155.0,150.0,0,46.0,7.75,54.0,7.5,14.0,0.25,80.0212,1,1,0,0,0,6.8559,0.00854804,0.127737,8.06385,0.17552,True
aeeem,org::eclipse::jdt::internal::core::RenameResourceElementsOperation,6,5,2,4,6,0,0,37,28.0,4.0,88,0,0,0.0,1,12.0,9.0,0,0,0,0,0,0,aeeem,org::eclipse::jdt::internal::core::RenameResourceElementsOperation,-5.0,31,5,4,367.0,148.0,153.0,0,67.0,4.77419,67.0,4.93548,4.0,-0.16129,52.1911,2,2,0,0,0,6.92698,0.00278123,0.0097273,0.161994,0.00112517,True
aeeem,org::eclipse::jdt::core::dom::ASTMatcher,4,1,1,4,15,0,1,0,52.0,6.0,8,1,1,0.0,5,19.0,19.0,0,0,0,0,0,0,aeeem,org::eclipse::jdt::core::dom::ASTMatcher,1536.0,66,9,6,329.143,2006.0,470.0,0,584.0,30.3939,105.0,7.12121,556.0,23.2727,99.6814,11,9,0,0,0,7.97103,0.00933731,0.0148224,0.198091,0.00942904,True
aeeem,org::eclipse::jdt::core::WorkingCopyOwner,10,1,6,5,10,2,0,0,17.0,5.0,8,0,0,0.0,5,13.0,4.0,0,0,0,0,0,0,aeeem,org::eclipse::jdt::core::WorkingCopyOwner,224.0,33,7,4,261.571,310.0,86.0,0,87.0,9.39394,19.0,2.60606,68.0,6.78788,129.549,3,1,0,0,0,15.6356,0.0304594,0.178388,8.34979,0.27637,True
aeeem,org::eclipse::jdt::core::compiler::ReconcileContext,5,1,1,5,36,0,2,0,44.0,9.0,8,2,0,0.0,9,26.0,14.0,0,0,0,0,0,0,aeeem,org::eclipse::jdt::core::compiler::ReconcileContext,37.0,13,3,4,136.571,86.0,49.0,0,47.0,6.61538,13.0,3.76923,35.0,2.84615,12.0282,4,3,1,1,0,7.99162,0.0148172,0.157613,8.15006,0.239334,True
aeeem,org::eclipse::jdt::core::ClasspathContainerInitializer,4,1,3,1,45,1,2,0,69.0,10.0,8,0,0,0.0,10,21.0,13.0,0,0,0,0,0,0,aeeem,org::eclipse::jdt::core::ClasspathContainerInitializer,345.0,43,8,10,320.714,485.0,140.0,0,178.0,11.2791,46.0,3.25581,132.0,8.02326,153.406,4,3,1,0,0,7.05208,0.0275543,0.0139575,0.178617,0.00851947,True
aeeem,org::eclipse::jdt::internal::core::Annotation,10,4,6,5,55,2,3,52,56.0,11.0,128,0,0,0.0,9,30.0,16.0,1,0,0,0,0,1,aeeem,org::eclipse::jdt::internal::core::Annotation,0.0,1,1,0,33.8571,0.0,0.0,0,0.0,0.0,0.0,0.0,0.0,0.0,0.0,1,0,0,0,1,0.0,0.0,0.0,0.0,0.0,True
aeeem,org::eclipse::jdt::internal::core::jdom::AbstractDOMBuilder,5,2,2,3,36,2,8,0,82.0,9.0,15,0,0,0.0,6,22.0,22.0,0,0,0,0,0,0,aeeem,org::eclipse::jdt::internal::core::jdom::AbstractDOMBuilder,-14.0,28,6,5,367.0,414.0,428.0,0,215.0,14.7857,215.0,15.2857,6.0,-0.5,45.3585,2,2,0,0,0,5.1154,0.00238599,0.00769445,0.121597,0.00113041,True
aeeem,org::eclipse::jdt::internal::eval::Evaluator,7,1,3,5,21,2,5,0,104.0,7.0,8,0,0,5.0,0,25.0,7.0,0,0,0,0,0,0,aeeem,org::eclipse::jdt::internal::eval::Evaluator,-5.0,49,5,6,367.0,416.0,421.0,0,172.0,8.4898,172.0,8.59184,15.0,-0.102041,57.4475,9,8,0,0,0,6.62518,0.00739449,0.010227,0.158491,0.00165773,True
aeeem,org::eclipse::jdt::internal::formatter::comment::JavaDocRegion,13,3,1,12,91,0,3,58,231.0,14.0,34,3,5,0.0,1,110.0,51.0,0,0,0,0,0,0,aeeem,org::eclipse::jdt::internal::formatter::comment::JavaDocRegion,20.0,14,3,9,168.857,45.0,25.0,0,11.0,3.21429,6.0,1.78571,9.0,1.42857,52.1873,6,3,0,0,0,10.7828,0.0120674,0.153312,8.19873,0.228401,True
aeeem,org::eclipse::jdt::core::dom::VariableBinding,16,2,1,16,231,0,8,6,232.0,22.0,30,8,1,0.0,20,90.0,71.0,0,0,0,0,0,0,aeeem,org::eclipse::jdt::core::dom::VariableBinding,346.0,71,11,22,333.143,877.0,531.0,0,133.0,12.3521,133.0,7.47887,48.0,4.87324,129.753,32,25,0,0,2,20.5304,0.0406166,0.170138,8.44099,0.267907,True
aeeem,org::eclipse::jdt::internal::compiler::problem::DefaultProblem,4,2,2,2,190,0,12,563,164.0,20.0,24,11,0,0.0,20,31.0,58.0,0,0,0,0,0,0,aeeem,org::eclipse::jdt::internal::compiler::problem::DefaultProblem,68.0,64,7,12,367.0,1384.0,1316.0,0,248.0,21.625,248.0,20.5625,44.0,1.0625,111.665,11,8,0,0,0,14.0643,0.0448697,0.0244866,0.34434,0.0135106,True
aeeem,org::eclipse::jdt::core::util::ClassFormatException,0,1,0,0,0,0,9,0,3.0,1.0,22,1,0,0.0,1,1.0,1.0,0,0,0,0,0,0,aeeem,org::eclipse::jdt::core::util::ClassFormatException,24.0,26,5,8,322.714,67.0,43.0,0,10.0,2.57692,9.0,1.65385,10.0,0.923077,76.2345,0,0,0,0,0,4.07501,0.00220824,0.0062193,0.097153,0.00103086,True
aeeem,org::eclipse::jdt::internal::core::builder::IncrementalImageBuilder,24,2,2,23,210,0,9,19,706.0,21.0,37,0,0,1.0,2,322.0,215.0,1,0,0,0,0,1,aeeem,org::eclipse::jdt::internal::core::builder::IncrementalImageBuilder,533.0,124,9,10,329.0,2029.0,1496.0,0,568.0,16.3629,568.0,12.0645,51.0,4.29839,99.3253,39,34,4,1,0,27.5325,0.165532,0.228648,8.71512,0.402414,True
aeeem,org::eclipse::jdt::internal::codeassist::select::SelectionOnNameOfMemberValuePair,2,3,1,1,3,0,0,384,17.0,3.0,31,0,0,0.0,3,8.0,4.0,0,0,0,0,0,0,aeeem,org::eclipse::jdt::internal::codeassist::select::SelectionOnNameOfMemberValuePair,0.0,4,2,3,183.857,6.0,6.0,0,4.0,1.5,4.0,1.5,0.0,0.0,30.9762,0,0,0,0,0,4.07501,0.00220824,0.0062193,0.097153,0.00103086,True
aeeem,org::eclipse::jdt::internal::core::SourceRefElement,29,3,19,13,351,7,1,35,171.0,27.0,76,0,0,1.0,21,83.0,50.0,0,0,0,0,0,0,aeeem,org::eclipse::jdt::internal::core::SourceRefElement,62.0,64,7,6,367.0,714.0,652.0,0,232.0,11.1563,232.0,10.1875,39.0,0.96875,69.3741,15,12,0,0,3,14.9873,0.0105976,0.152971,8.2857,0.233905,True
aeeem,org::eclipse::jdt::internal::codeassist::select::SelectionOnQualifiedSuperReference,3,8,1,2,3,0,0,386,16.0,3.0,103,0,0,0.0,3,10.0,5.0,0,0,0,0,0,0,aeeem,org::eclipse::jdt::internal::codeassist::select::SelectionOnQualifiedSuperReference,-2.0,28,5,4,367.0,190.0,192.0,0,60.0,6.78571,60.0,6.85714,7.0,-0.0714286,63.3609,1,1,0,0,0,4.07501,0.00220824,0.0062193,0.097153,0.00103086,True
aeeem,org::eclipse::jdt::internal::core::NonJavaResource,6,2,1,5,78,0,3,0,77.0,13.0,5,1,0,0.0,12,32.0,24.0,0,0,0,0,0,0,aeeem,org::eclipse::jdt::internal::core::NonJavaResource,0.0,1,1,0,15.7143,0.0,0.0,0,0.0,0.0,0.0,0.0,0.0,0.0,0.0,1,0,0,0,1,0.0,0.0,0.0,0.0,0.0,True
aeeem,org::eclipse::jdt::internal::core::hierarchy::HierarchyBinaryType,6,3,0,6,231,0,8,5,154.0,22.0,27,8,0,0.0,22,61.0,44.0,0,0,0,0,0,0,aeeem,org::eclipse::jdt::internal::core::hierarchy::HierarchyBinaryType,-3.0,49,9,6,367.0,726.0,729.0,0,219.0,14.8163,219.0,14.8776,23.0,-0.0612245,72.1556,6,6,2,0,0,12.7841,0.0185001,0.140355,8.20887,0.19785,True
aeeem,org::eclipse::jdt::internal::codeassist::complete::CompletionOnFieldName,4,5,1,3,3,0,2,400,20.0,3.0,65,1,0,1.0,3,13.0,5.0,0,0,0,0,0,0,aeeem,org::eclipse::jdt::internal::codeassist::complete::CompletionOnFieldName,15.0,20,6,6,347.857,91.0,76.0,0,42.0,4.55,42.0,3.8,10.0,0.75,63.5369,2,1,0,0,0,7.8386,0.00317177,0.0117569,0.186314,0.00155339,True
aeeem,org::eclipse::jdt::internal::compiler::impl::FloatConstant,4,2,4,0,66,0,1,152,36.0,12.0,41,0,1,1.0,11,14.0,12.0,0,0,0,0,0,0,aeeem,org::eclipse::jdt::internal::compiler::impl::FloatConstant,-7.0,37,6,6,367.0,232.0,239.0,0,64.0,6.27027,64.0,6.45946,11.0,-0.189189,46.1823,1,1,0,0,0,6.77104,0.00287714,0.0101348,0.160922,0.00120756,True
aeeem,org::eclipse::jdt::internal::compiler::codegen::FloatCache,4,1,1,3,15,0,3,0,88.0,6.0,8,3,0,0.0,6,17.0,32.0,0,0,0,0,0,0,aeeem,org::eclipse::jdt::internal::compiler::codegen::FloatCache,2.0,30,5,3,367.0,572.0,570.0,0,138.0,19.0667,138.0,19.0,10.0,0.0666667,77.5457,1,1,0,0,0,5.18073,0.0232114,0.0071473,0.120784,0.000586932,True
aeeem,org::eclipse::jdt::internal::compiler::parser::SourceTypeConverter,21,2,5,16,15,0,13,3,209.0,6.0,12,5,5,0.0,1,57.0,51.0,0,0,0,0,0,0,aeeem,org::eclipse::jdt::internal::compiler::parser::SourceTypeConverter,449.0,82,9,11,222.857,1715.0,1266.0,0,270.0,20.9146,524.0,15.439,265.0,5.47561,54.4049,28,25,2,1,4,24.2091,0.238687,0.188789,8.55521,0.312863,True
aeeem,org::eclipse::jdt::internal::core::search::matching::ClassFileMatchLocator,29,1,1,29,136,0,2,39,462.0,17.0,8,2,8,0.0,3,215.0,162.0,1,0,0,0,0,1,aeeem,org::eclipse::jdt::internal::core::search::matching::ClassFileMatchLocator,259.0,56,8,9,250.0,657.0,398.0,0,141.0,11.7321,53.0,7.10714,140.0,4.625,147.079,15,13,1,0,0,23.0053,0.231448,0.17689,8.50601,0.267306,True
aeeem,org::eclipse::jdt::internal::core::VerboseElementCache,10,4,1,9,3,0,2,11,27.0,3.0,64,2,0,0.0,2,19.0,7.0,0,0,0,0,0,0,aeeem,org::eclipse::jdt::internal::core::VerboseElementCache,5.0,2,1,0,123.714,8.0,3.0,0,8.0,4.0,3.0,1.5,5.0,2.5,0.142857,0,0,0,0,0,1.35903,0.00113403,0.00221008,0.0329935,0.000320956,True
aeeem,org::eclipse::jdt::internal::core::BinaryTypeConverter,16,2,1,15,15,0,2,3,216.0,6.0,12,2,3,0.0,3,57.0,52.0,0,0,0,0,0,0,aeeem,org::eclipse::jdt::internal::core::BinaryTypeConverter,126.0,20,7,6,192.0,250.0,124.0,0,94.0,12.5,60.0,6.2,43.0,6.3,152.038,8,8,2,1,1,11.4729,0.107001,0.162806,8.23713,0.288635,True
aeeem,org::eclipse::jdt::internal::compiler::util::CompoundNameVector,4,1,1,3,28,0,4,0,50.0,8.0,8,0,0,4.0,8,17.0,16.0,0,0,0,0,0,0,aeeem,org::eclipse::jdt::internal::compiler::util::CompoundNameVector,7.0,13,4,5,345.429,95.0,88.0,0,68.0,7.30769,68.0,6.76923,5.0,0.538462,47.2707,1,1,0,0,0,4.07501,0.00220824,0.0062193,0.097153,0.00103086,True
aeeem,org::eclipse::jdt::core::dom::PackageBinding,16,2,1,15,105,0,7,6,155.0,15.0,23,7,1,0.0,13,61.0,43.0,0,0,0,0,0,0,aeeem,org::eclipse::jdt::core::dom::PackageBinding,241.0,46,8,14,333.143,470.0,229.0,0,124.0,10.2174,124.0,4.97826,93.0,5.23913,134.24,18,14,0,0,0,19.5611,0.0334503,0.179696,8.43936,0.290953,True
aeeem,org::eclipse::jdt::internal::formatter::comment::MultiCommentLine,6,2,1,6,66,1,5,55,276.0,12.0,27,2,2,0.0,0,126.0,84.0,0,0,0,0,0,0,aeeem,org::eclipse::jdt::internal::formatter::comment::MultiCommentLine,7.0,5,1,3,168.857,23.0,16.0,0,15.0,4.6,9.0,3.2,6.0,1.4,84.6584,2,1,0,0,0,4.13043,0.00711234,0.00935456,0.10854,0.00761258,True
aeeem,org::eclipse::jdt::internal::core::JavaCorePreferenceInitializer,4,1,0,4,0,0,0,0,73.0,1.0,0,0,0,0.0,1,25.0,3.0,0,0,0,0,0,0,aeeem,org::eclipse::jdt::internal::core::JavaCorePreferenceInitializer,-5.0,46,7,18,181.429,127.0,132.0,0,25.0,2.76087,25.0,2.86957,18.0,-0.108696,33.0315,22,14,4,4,0,19.5164,0.0215881,0.0314653,0.470371,0.010621,True
aeeem,org::eclipse::jdt::internal::compiler::codegen::VerificationTypeInfo,4,1,2,2,45,0,13,0,156.0,10.0,8,2,0,2.0,10,33.0,43.0,0,0,0,0,0,0,aeeem,org::eclipse::jdt::internal::compiler::codegen::VerificationTypeInfo,34.0,8,2,6,126.571,46.0,12.0,0,29.0,5.75,7.0,1.5,22.0,4.25,67.1366,4,4,0,0,0,7.88266,0.00917284,0.129478,8.09233,0.165868,True
aeeem,org::eclipse::jdt::internal::compiler::ast::QualifiedThisReference,12,6,1,11,15,1,2,384,76.0,6.0,91,0,0,2.0,6,27.0,17.0,0,0,0,0,0,0,aeeem,org::eclipse::jdt::internal::compiler::ast::QualifiedThisReference,-21.0,52,7,5,367.0,690.0,711.0,0,175.0,13.2692,175.0,13.6731,40.0,-0.403846,68.7714,4,4,0,0,0,13.45,0.00813681,0.14304,8.23084,0.199799,True
aeeem,org::eclipse::jdt::internal::codeassist::complete::CompletionOnJavadocParamNameReference,2,8,1,1,10,0,3,429,17.0,5.0,120,0,0,3.0,5,8.0,6.0,0,0,0,0,0,0,aeeem,org::eclipse::jdt::internal::codeassist::complete::CompletionOnJavadocParamNameReference,9.0,6,2,0,140.143,17.0,8.0,0,9.0,2.83333,6.0,1.33333,9.0,1.5,2.19328,7,4,0,0,0,3.58431,0.000931347,0.00533203,0.0851721,0.000481514,True
aeeem,org::eclipse::jdt::core::dom::MethodBinding,14,2,1,14,465,0,14,6,290.0,31.0,39,14,1,0.0,29,85.0,86.0,0,0,0,0,0,0,aeeem,org::eclipse::jdt::core::dom::MethodBinding,446.0,108,11,30,333.143,1416.0,970.0,0,164.0,13.1111,164.0,8.98148,83.0,4.12963,159.011,59,54,5,0,1,34.7321,0.196943,0.217569,8.84711,0.38326,True
aeeem,org::eclipse::jdt::internal::compiler::ast::ConstructorDeclaration,33,3,6,29,105,0,2,408,437.0,15.0,58,0,1,2.0,14,145.0,118.0,3,0,1,1,0,1,aeeem,org::eclipse::jdt::internal::compiler::ast::ConstructorDeclaration,208.0,123,9,13,367.0,2597.0,2389.0,0,393.0,21.1138,393.0,19.4228,66.0,1.69106,130.377,40,36,1,1,1,29.7618,0.406544,0.0709193,0.781236,0.106508,True
aeeem,org::eclipse::jdt::internal::core::CreateCompilationUnitOperation,14,2,2,12,10,0,2,18,87.0,5.0,62,0,0,0.0,2,58.0,19.0,0,0,0,0,0,0,aeeem,org::eclipse::jdt::internal::core::CreateCompilationUnitOperation,85.0,51,6,7,367.0,437.0,352.0,0,149.0,8.56863,149.0,6.90196,20.0,1.66667,65.764,10,9,2,1,0,9.60485,0.00599819,0.014692,0.228743,0.00353979,True
aeeem,org::eclipse::jdt::core::CorrectionEngine,7,1,0,7,15,0,13,15,128.0,6.0,8,0,2,0.0,4,31.0,24.0,1,0,0,0,0,1,aeeem,org::eclipse::jdt::core::CorrectionEngine,171.0,60,10,8,333.0,979.0,808.0,0,413.0,16.3167,413.0,13.4667,39.0,2.85,66.5053,6,5,0,0,0,13.0232,0.0147415,0.160592,8.25406,0.232006,True
aeeem,org::eclipse::jdt::internal::core::search::matching::VariableLocator,4,2,1,3,6,2,1,68,36.0,4.0,33,0,0,0.0,3,13.0,15.0,1,0,0,0,0,1,aeeem,org::eclipse::jdt::internal::core::search::matching::VariableLocator,2.0,12,6,4,243.0,71.0,69.0,0,49.0,5.91667,54.0,5.75,7.0,0.166667,46.3501,2,2,0,0,0,6.43425,0.00580944,0.026389,0.192876,0.0801099,True
aeeem,org::eclipse::jdt::internal::compiler::batch::ClasspathDirectory,8,2,1,7,66,0,4,18,136.0,12.0,18,4,0,0.0,9,63.0,41.0,0,0,0,0,0,0,aeeem,org::eclipse::jdt::internal::compiler::batch::ClasspathDirectory,103.0,61,7,18,367.0,601.0,498.0,0,116.0,9.85246,116.0,8.16393,28.0,1.68852,95.2008,9,7,0,0,0,17.8093,0.0289362,0.0577404,0.498338,0.126743,True
aeeem,org::eclipse::jdt::internal::core::index::MemoryIndex,7,1,1,7,21,0,5,0,99.0,7.0,8,0,0,5.0,0,36.0,35.0,0,0,0,0,0,0,aeeem,org::eclipse::jdt::internal::core::index::MemoryIndex,239.0,21,8,4,228.429,290.0,51.0,0,107.0,13.8095,15.0,2.42857,107.0,11.381,14.2847,2,2,1,1,1,9.51627,0.00483325,0.0135951,0.223586,0.00146674,True
aeeem,org::eclipse::jdt::internal::compiler::ast::SwitchStatement,21,3,2,19,21,0,16,380,334.0,7.0,38,0,0,13.0,7,99.0,79.0,1,0,0,0,0,1,aeeem,org::eclipse::jdt::internal::compiler::ast::SwitchStatement,125.0,95,8,11,367.0,2048.0,1923.0,0,311.0,21.5579,311.0,20.2421,28.0,1.31579,88.3375,19,18,2,2,1,19.2089,0.0204487,0.152694,8.37102,0.202788,True
aeeem,org::eclipse::jdt::internal::core::search::indexing::InternalSearchDocument,2,1,1,1,6,1,3,0,16.0,4.0,8,1,1,2.0,3,10.0,7.0,1,0,0,0,0,1,aeeem,org::eclipse::jdt::internal::core::search::indexing::InternalSearchDocument,25.0,14,6,2,216.571,51.0,26.0,0,12.0,3.64286,11.0,1.85714,11.0,1.78571,75.3782,4,4,0,0,0,11.8809,0.0074146,0.0197444,0.288096,0.00827257,True
aeeem,org::eclipse::jdt::core::dom::BindingResolver,26,1,26,0,595,1,0,0,105.0,35.0,8,0,0,0.0,2,35.0,35.0,0,0,0,0,0,0,aeeem,org::eclipse::jdt::core::dom::BindingResolver,902.0,63,10,23,333.143,2035.0,1133.0,0,467.0,32.3016,467.0,17.9841,139.0,14.3175,107.323,23,17,2,0,0,14.6512,0.122787,0.149425,8.27325,0.213496,True
aeeem,org::eclipse::jdt::internal::compiler::codegen::StackMapFrame,4,1,1,3,105,0,16,0,325.0,15.0,8,2,3,6.0,12,52.0,89.0,0,0,0,0,0,0,aeeem,org::eclipse::jdt::internal::compiler::codegen::StackMapFrame,9.0,12,2,10,126.571,139.0,130.0,0,38.0,11.5833,77.0,10.8333,16.0,0.75,41.1747,8,8,0,0,0,7.35509,0.0537909,0.017624,0.195627,0.0190915,True
aeeem,org::eclipse::jdt::internal::core::AnnotationInfo,1,3,1,0,0,0,3,4,0.0,1.0,19,0,0,3.0,1,1.0,0.0,0,0,0,0,0,0,aeeem,org::eclipse::jdt::internal::core::AnnotationInfo,0.0,2,2,1,33.8571,1.0,1.0,0,1.0,0.5,1.0,0.5,0.0,0.0,30.8571,1,0,0,0,1,1.47165,0.0013687,0.112489,7.91776,0.140566,True
aeeem,org::eclipse::jdt::internal::compiler::classfmt::ClassFormatException,1,1,1,0,10,0,34,0,29.0,5.0,22,5,0,0.0,5,11.0,7.0,0,0,0,0,0,0,aeeem,org::eclipse::jdt::internal::compiler::classfmt::ClassFormatException,121.0,25,5,4,367.0,421.0,300.0,0,100.0,16.84,69.0,12.0,60.0,4.84,106.91,2,2,0,0,0,4.08525,0.00250287,0.00599796,0.0965694,0.000752173,True
aeeem,org::eclipse::jdt::internal::core::builder::ClasspathDirectory,9,2,3,6,78,1,5,0,101.0,13.0,18,0,0,5.0,9,42.0,32.0,0,0,0,0,0,0,aeeem,org::eclipse::jdt::internal::core::builder::ClasspathDirectory,44.0,40,8,4,329.0,373.0,329.0,0,105.0,9.325,105.0,8.225,14.0,1.1,68.1264,6,5,1,0,0,10.2582,0.0154351,0.0138371,0.237905,0.0010253,True
aeeem,org::eclipse::jdt::internal::compiler::classfmt::MethodInfoWithParameterAnnotations,4,4,1,3,10,0,1,14,35.0,5.0,60,1,0,0.0,1,14.0,17.0,0,0,0,0,0,0,aeeem,org::eclipse::jdt::internal::compiler::classfmt::MethodInfoWithParameterAnnotations,0.0,2,2,1,127.0,1.0,1.0,0,1.0,0.5,1.0,0.5,0.0,0.0,69.2857,0,0,0,0,0,1.06049,0.000678105,0.00371141,0.0316289,0.00673218,True
aeeem,org::eclipse::jdt::internal::core::builder::ClasspathMultiDirectory,5,3,2,3,6,0,4,5,33.0,4.0,31,0,0,4.0,2,11.0,16.0,0,0,0,0,0,0,aeeem,org::eclipse::jdt::internal::core::builder::ClasspathMultiDirectory,3.0,28,7,4,329.0,178.0,175.0,0,58.0,6.35714,58.0,6.25,8.0,0.107143,38.0385,3,2,0,0,0,2.50744,0.00137131,0.00287293,0.0561041,4.51575e-05,True
aeeem,org::eclipse::jdt::internal::compiler::lookup::TypeBinding,128,2,126,11,1596,3,12,28,773.0,57.0,16,0,2,2.0,54,197.0,273.0,3,0,0,0,0,1,aeeem,org::eclipse::jdt::internal::compiler::lookup::TypeBinding,1363.0,144,10,9,367.0,3312.0,1949.0,0,537.0,23.0,361.0,13.5347,176.0,9.46528,227.626,56,55,4,1,0,35.3663,0.435971,0.220092,8.85653,0.35532,True
aeeem,org::eclipse::jdt::internal::compiler::flow::LabelFlowContext,4,3,1,3,6,0,1,143,23.0,4.0,40,0,0,1.0,3,10.0,7.0,0,0,0,0,0,0,aeeem,org::eclipse::jdt::internal::compiler::flow::LabelFlowContext,-7.0,34,5,4,367.0,233.0,240.0,0,54.0,6.85294,54.0,7.05882,6.0,-0.205882,77.8087,3,2,1,1,0,5.26853,0.00369007,0.00769384,0.124448,0.00086308,True
aeeem,org::eclipse::jdt::internal::compiler::ast::AssertStatement,18,3,1,17,21,0,4,380,163.0,7.0,38,1,0,3.0,7,63.0,32.0,2,0,0,0,0,1,aeeem,org::eclipse::jdt::internal::compiler::ast::AssertStatement,381.0,69,7,10,359.857,823.0,442.0,0,171.0,11.9275,171.0,6.4058,145.0,5.52174,56.821,9,9,1,1,0,14.8017,0.0129674,0.0235452,0.356324,0.005372,True
aeeem,org::eclipse::jdt::internal::core::search::matching::TypeReferencePattern,2,5,0,2,36,1,9,61,54.0,9.0,49,3,0,1.0,5,20.0,16.0,1,0,0,0,0,1,aeeem,org::eclipse::jdt::internal::core::search::matching::TypeReferencePattern,-462.0,100,7,5,367.0,4966.0,5428.0,0,645.0,49.66,645.0,54.28,55.0,-4.62,46.5549,21,20,2,1,0,11.9023,0.0622637,0.0401578,0.341978,0.099809,True
aeeem,org::eclipse::jdt::core::search::TypeNameMatchRequestor,2,1,2,0,0,0,0,0,0.0,1.0,8,0,0,0.0,1,1.0,0.0,0,0,0,0,0,0,aeeem,org::eclipse::jdt::core::search::TypeNameMatchRequestor,-2.0,3,2,0,89.0,6.0,8.0,0,5.0,2.0,7.0,2.66667,0.0,-0.666667,22.9524,3,2,0,0,0,1.78303,0.00106003,0.0053881,0.0509477,0.00721085,True
aeeem,org::eclipse::jdt::internal::codeassist::select::SelectionOnPackageReference,2,3,1,1,1,0,0,387,11.0,2.0,32,0,0,0.0,2,7.0,4.0,0,0,0,0,0,0,aeeem,org::eclipse::jdt::internal::codeassist::select::SelectionOnPackageReference,2.0,28,5,4,367.0,136.0,134.0,0,50.0,4.85714,50.0,4.78571,6.0,0.0714286,53.2805,0,0,0,0,0,5.19438,0.002307,0.00784493,0.123602,0.00115776,True
aeeem,org::eclipse::jdt::core::BindingKey,7,1,2,5,78,0,1,0,82.0,13.0,8,1,0,0.0,13,46.0,18.0,0,0,0,0,0,0,aeeem,org::eclipse::jdt::core::BindingKey,201.0,26,4,5,175.714,332.0,131.0,0,39.0,12.7692,39.0,5.03846,39.0,7.73077,23.7431,7,7,1,0,0,17.6471,0.0482063,0.142686,8.31741,0.171512,True
aeeem,org::eclipse::jdt::internal::compiler::ast::JavadocReturnStatement,6,4,2,4,6,0,0,384,29.0,4.0,48,0,0,0.0,4,16.0,10.0,0,0,0,0,0,0,aeeem,org::eclipse::jdt::internal::compiler::ast::JavadocReturnStatement,11.0,25,7,5,239.143,64.0,53.0,0,13.0,2.56,8.0,2.12,13.0,0.44,70.4911,13,12,0,0,1,11.4634,0.00676725,0.0206178,0.282636,0.012526,True
aeeem,org::eclipse::jdt::internal::eval::CodeSnippetAllocationExpression,13,5,1,12,10,0,2,421,184.0,5.0,93,0,0,2.0,5,73.0,49.0,1,0,0,0,0,1,aeeem,org::eclipse::jdt::internal::eval::CodeSnippetAllocationExpression,80.0,56,8,7,367.0,647.0,567.0,0,174.0,11.5536,174.0,10.125,30.0,1.42857,86.2279,13,13,0,0,0,11.2364,0.00554235,0.138916,8.17546,0.198062,True
aeeem,org::eclipse::jdt::internal::compiler::env::AccessRule,7,1,5,2,15,1,3,0,39.0,6.0,8,0,0,2.0,6,19.0,12.0,0,0,0,0,0,0,aeeem,org::eclipse::jdt::internal::compiler::env::AccessRule,17.0,6,3,2,169.143,42.0,25.0,0,22.0,7.0,9.0,4.16667,17.0,2.83333,25.6633,2,2,1,0,0,6.4938,0.00528195,0.00897411,0.151433,0.000784485,True
aeeem,org::eclipse::jdt::internal::core::jdom::DOMBuilder,9,3,2,8,406,0,4,8,368.0,29.0,41,0,0,1.0,23,114.0,85.0,0,0,0,0,0,0,aeeem,org::eclipse::jdt::internal::core::jdom::DOMBuilder,-94.0,46,6,8,367.0,1599.0,1693.0,0,712.0,34.7609,825.0,36.8043,80.0,-2.04348,40.0115,10,9,4,4,0,8.29017,0.00328434,0.0145023,0.203211,0.00777314,True
aeeem,org::eclipse::jdt::internal::core::search::matching::TypeParameterPattern,13,4,1,12,3,0,7,61,61.0,3.0,45,0,0,0.0,2,32.0,13.0,0,0,0,0,0,0,aeeem,org::eclipse::jdt::internal::core::search::matching::TypeParameterPattern,9.0,11,3,2,177.143,44.0,35.0,0,16.0,4.0,11.0,3.18182,5.0,0.818182,23.7045,6,5,1,0,1,10.0345,0.00817526,0.141243,8.15536,0.208159,True
aeeem,org::eclipse::jdt::internal::core::util::InnerClassesAttributeEntry,4,2,1,3,28,0,7,0,49.0,8.0,26,7,0,0.0,8,21.0,14.0,0,0,0,0,0,0,aeeem,org::eclipse::jdt::internal::core::util::InnerClassesAttributeEntry,0.0,11,4,4,322.714,42.0,42.0,0,9.0,3.81818,9.0,3.81818,0.0,0.0,36.2279,0,0,0,0,0,4.07501,0.00220824,0.0062193,0.097153,0.00103086,True
aeeem,org::eclipse::jdt::core::dom::ASTSyntaxErrorPropagator,3,2,1,2,3,0,1,0,62.0,3.0,13,1,1,0.0,1,14.0,8.0,0,0,0,0,0,0,aeeem,org::eclipse::jdt::core::dom::ASTSyntaxErrorPropagator,81.0,23,8,7,332.0,214.0,133.0,0,99.0,9.30435,99.0,5.78261,21.0,3.52174,76.0494,6,6,1,1,0,6.89725,0.00684106,0.00994651,0.162417,0.00106831,True
aeeem,org::eclipse::jdt::internal::codeassist::complete::CompletionOnFieldType,2,5,1,1,1,0,1,400,14.0,2.0,65,0,0,1.0,2,4.0,3.0,0,0,0,0,0,0,aeeem,org::eclipse::jdt::internal::codeassist::complete::CompletionOnFieldType,-2.0,21,5,5,367.0,120.0,122.0,0,58.0,5.71429,58.0,5.80952,6.0,-0.0952381,63.0702,1,1,0,0,0,4.07501,0.00220824,0.0062193,0.097153,0.00103086,True
aeeem,org::eclipse::jdt::internal::codeassist::select::SelectionOnExplicitConstructorCall,5,4,1,4,3,0,0,393,34.0,3.0,61,0,0,0.0,3,16.0,11.0,0,0,0,0,0,0,aeeem,org::eclipse::jdt::internal::codeassist::select::SelectionOnExplicitConstructorCall,7.0,30,5,4,367.0,243.0,236.0,0,71.0,8.1,71.0,7.86667,6.0,0.233333,47.4062,1,1,0,0,0,4.07501,0.00220824,0.0062193,0.097153,0.00103086,True
aeeem,org::eclipse::jdt::internal::core::util::HandleFactory,23,1,5,18,10,0,4,0,200.0,5.0,8,4,3,0.0,2,85.0,50.0,0,0,0,0,0,0,aeeem,org::eclipse::jdt::internal::core::util::HandleFactory,121.0,60,8,4,249.143,890.0,769.0,0,212.0,14.8333,281.0,12.8167,131.0,2.01667,32.1392,20,15,0,0,2,12.8587,0.0678917,0.197965,8.33843,0.383115,True
aeeem,org::eclipse::jdt::internal::core::dom::rewrite::TrackedNodePosition,2,1,1,1,3,0,2,0,24.0,3.0,10,2,0,0.0,3,11.0,7.0,0,0,0,0,0,0,aeeem,org::eclipse::jdt::internal::core::dom::rewrite::TrackedNodePosition,18.0,9,6,4,220.143,49.0,31.0,0,11.0,5.44444,10.0,3.44444,9.0,2.0,38.5423,2,2,0,0,0,5.60179,0.00401503,0.00813987,0.132044,0.00109044,True
aeeem,org::eclipse::jdt::internal::compiler::util::SimpleSetOfCharArray,7,1,3,4,45,0,3,0,103.0,10.0,16,0,1,3.0,9,27.0,36.0,0,0,0,0,0,0,aeeem,org::eclipse::jdt::internal::compiler::util::SimpleSetOfCharArray,15.0,6,3,0,84.5714,302.0,287.0,0,143.0,50.3333,143.0,47.8333,143.0,2.5,23.6272,6,6,2,0,0,2.4812,0.126859,0.00751672,0.0709051,0.0103292,True
aeeem,org::eclipse::jdt::internal::core::dom::rewrite::ASTRewriteAnalyzer,34,2,4,32,2080,0,12,0,907.0,65.0,13,9,37,2.0,6,547.0,218.0,2,0,0,0,0,1,aeeem,org::eclipse::jdt::internal::core::dom::rewrite::ASTRewriteAnalyzer,1093.0,68,9,11,220.143,2381.0,1288.0,0,402.0,35.0147,141.0,18.9412,361.0,16.0735,35.9899,28,24,2,0,1,27.8882,0.173283,0.0536707,0.695483,0.0522975,True
aeeem,org::eclipse::jdt::internal::compiler::ast::ReturnStatement,17,3,2,15,55,2,4,380,217.0,11.0,38,0,1,4.0,10,81.0,74.0,1,0,0,0,0,1,aeeem,org::eclipse::jdt::internal::compiler::ast::ReturnStatement,19.0,84,7,9,367.0,1444.0,1425.0,0,249.0,17.1905,249.0,16.9643,15.0,0.22619,110.897,26,26,2,2,1,22.412,0.0638049,0.171808,8.48499,0.255302,True
aeeem,org::eclipse::jdt::core::search::MethodDeclarationMatch,2,2,2,0,0,0,0,2,3.0,1.0,33,0,0,0.0,1,1.0,1.0,0,0,0,0,0,0,aeeem,org::eclipse::jdt::core::search::MethodDeclarationMatch,82.0,17,4,3,227.571,106.0,24.0,0,23.0,6.23529,6.0,1.41176,23.0,4.82353,9.22237,0,0,0,0,0,4.07501,0.00220824,0.0062193,0.097153,0.00103086,True
aeeem,org::eclipse::jdt::internal::core::util::LocalVariableAttribute,3,3,1,2,3,0,3,1,21.0,3.0,31,3,0,0.0,3,5.0,5.0,0,0,0,0,0,0,aeeem,org::eclipse::jdt::internal::core::util::LocalVariableAttribute,-13.0,15,5,4,322.714,55.0,68.0,0,10.0,3.66667,18.0,4.53333,4.0,-0.866667,65.2597,0,0,0,0,0,4.07501,0.00220824,0.0062193,0.097153,0.00103086,True
aeeem,org::eclipse::jdt::internal::core::builder::NameEnvironment,19,1,3,16,36,0,6,12,271.0,9.0,11,0,4,6.0,4,116.0,79.0,0,0,0,0,0,0,aeeem,org::eclipse::jdt::internal::core::builder::NameEnvironment,175.0,69,8,6,329.0,922.0,747.0,0,282.0,13.3623,282.0,10.8261,38.0,2.53623,47.0913,14,10,2,0,1,14.9973,0.022009,0.172211,8.32551,0.287168,True
aeeem,org::eclipse::jdt::core::dom::ParameterizedType,10,3,6,4,91,0,6,95,88.0,14.0,76,3,0,1.0,4,47.0,22.0,0,0,0,0,0,0,aeeem,org::eclipse::jdt::core::dom::ParameterizedType,502.0,39,6,7,239.571,734.0,232.0,0,162.0,18.8205,58.0,5.94872,162.0,12.8718,14.6339,6,5,0,0,0,6.78585,0.00386166,0.151707,8.10751,0.231175,True
aeeem,org::eclipse::jdt::internal::formatter::comment::Java2HTMLEntityReader,5,2,2,3,1,0,3,0,50.0,2.0,39,3,0,0.0,1,18.0,12.0,0,0,0,0,0,0,aeeem,org::eclipse::jdt::internal::formatter::comment::Java2HTMLEntityReader,104.0,9,1,9,168.857,141.0,37.0,0,54.0,15.6667,18.0,4.11111,50.0,11.5556,122.691,4,3,1,0,0,3.80102,0.0360506,0.0107428,0.105192,0.0184557,True
aeeem,org::eclipse::jdt::internal::core::BufferFactoryWrapper,6,2,3,3,15,0,1,0,23.0,6.0,13,0,1,1.0,5,11.0,10.0,0,0,0,0,0,0,aeeem,org::eclipse::jdt::internal::core::BufferFactoryWrapper,5.0,16,6,3,261.571,51.0,46.0,0,11.0,3.1875,9.0,2.875,10.0,0.3125,25.8964,0,0,0,0,0,5.1154,0.00225268,0.00769445,0.121597,0.00113041,True
aeeem,org::eclipse::jdt::internal::core::NameLookup,29,1,6,25,171,0,13,12,691.0,19.0,8,1,5,3.0,7,244.0,181.0,0,0,0,0,0,0,aeeem,org::eclipse::jdt::internal::core::NameLookup,530.0,144,9,10,367.0,3524.0,2994.0,0,763.0,24.4722,763.0,20.7917,86.0,3.68056,134.697,35,31,8,2,0,24.7695,0.141225,0.169324,8.52288,0.233666,True
aeeem,org::eclipse::jdt::internal::codeassist::complete::CompletionOnJavadocTag,8,8,3,5,21,0,3,507,115.0,7.0,120,1,0,1.0,7,24.0,34.0,1,1,0,0,0,1,aeeem,org::eclipse::jdt::internal::codeassist::complete::CompletionOnJavadocTag,37.0,6,2,3,140.143,58.0,21.0,0,22.0,9.66667,14.0,3.5,17.0,6.16667,27.7192,3,3,0,0,0,4.63008,0.0107908,0.00855981,0.115692,0.00330776,True
aeeem,org::eclipse::jdt::internal::compiler::util::HashtableOfObject,17,1,14,3,45,0,4,0,122.0,10.0,16,0,1,4.0,9,26.0,33.0,0,0,0,0,0,0,aeeem,org::eclipse::jdt::internal::compiler::util::HashtableOfObject,78.0,39,6,5,367.0,533.0,455.0,0,147.0,13.6667,147.0,11.6667,35.0,2.0,47.9743,1,1,0,0,0,3.9771,0.00318468,0.00585268,0.0940532,0.000756986,True
aeeem,org::eclipse::jdt::internal::compiler::ast::ParameterizedQualifiedTypeReference,16,7,3,13,36,2,1,387,296.0,9.0,101,0,1,1.0,7,115.0,91.0,1,0,0,0,0,1,aeeem,org::eclipse::jdt::internal::compiler::ast::ParameterizedQualifiedTypeReference,642.0,85,9,13,240.857,1168.0,526.0,0,274.0,13.7412,106.0,6.18824,274.0,7.55294,56.7549,32,30,6,2,1,28.5804,0.0671102,0.188916,8.64911,0.29708,True
aeeem,org::eclipse::jdt::internal::eval::EvaluationContext,19,1,4,16,190,0,17,26,332.0,20.0,8,0,1,16.0,17,76.0,43.0,0,0,0,0,0,0,aeeem,org::eclipse::jdt::internal::eval::EvaluationContext,-764.0,75,9,9,367.0,2010.0,2774.0,0,555.0,26.8,1321.0,36.9867,39.0,-10.1867,40.6723,16,14,1,0,1,14.7972,0.0162405,0.148826,8.27367,0.20782,True
aeeem,org::eclipse::jdt::internal::compiler::ast::ContinueStatement,9,4,0,9,6,0,0,384,75.0,4.0,41,0,0,0.0,4,29.0,17.0,0,0,0,0,0,0,aeeem,org::eclipse::jdt::internal::compiler::ast::ContinueStatement,-2.0,14,6,4,270.143,92.0,94.0,0,64.0,6.57143,70.0,6.71429,3.0,-0.142857,132.286,6,6,0,0,0,7.3557,0.0123242,0.0115911,0.176828,0.00209973,True
aeeem,org::eclipse::jdt::internal::compiler::ast::ThrowStatement,8,3,1,7,15,0,2,380,44.0,6.0,38,0,0,2.0,6,28.0,13.0,0,0,0,0,0,0,aeeem,org::eclipse::jdt::internal::compiler::ast::ThrowStatement,0.0,49,7,5,367.0,895.0,895.0,0,78.0,18.2653,78.0,18.2653,8.0,0.0,42.2337,3,2,0,0,0,13.1052,0.0170448,0.029089,0.33798,0.0390715,True
aeeem,org::eclipse::jdt::internal::core::SourceType,42,6,6,39,1128,1,0,69,480.0,48.0,250,0,0,0.0,45,258.0,121.0,0,0,0,0,0,0,aeeem,org::eclipse::jdt::internal::core::SourceType,553.0,173,9,9,367.0,2305.0,1752.0,0,458.0,13.3237,458.0,10.1272,72.0,3.19653,96.9238,36,33,2,0,2,23.0587,0.0473651,0.170674,8.49097,0.264851,True
aeeem,org::eclipse::jdt::internal::core::util::StackMapFrame,3,2,1,2,28,0,8,0,127.0,8.0,25,8,0,0.0,7,24.0,20.0,0,0,0,0,0,0,aeeem,org::eclipse::jdt::internal::core::util::StackMapFrame,292.0,8,3,2,228.857,305.0,13.0,0,162.0,38.125,11.0,1.625,162.0,36.5,56.919,1,1,0,0,0,4.23122,0.0140505,0.00669853,0.102033,0.000890851,True
aeeem,org::eclipse::jdt::core::CheckDebugAttributes,7,1,0,7,6,0,2,0,50.0,4.0,0,2,1,0.0,3,28.0,14.0,0,0,0,0,0,0,aeeem,org::eclipse::jdt::core::CheckDebugAttributes,33.0,16,6,5,252.857,69.0,36.0,0,15.0,4.3125,7.0,2.25,14.0,2.0625,97.1739,3,2,0,0,0,10.4982,0.00892024,0.148309,8.17678,0.21912,True
aeeem,org::eclipse::jdt::internal::core::ClasspathEntry,46,1,21,27,946,0,43,5,1340.0,44.0,21,8,10,8.0,28,567.0,396.0,4,0,1,1,0,1,aeeem,org::eclipse::jdt::internal::core::ClasspathEntry,2014.0,128,9,12,367.0,5536.0,3522.0,0,1358.0,43.25,1358.0,27.5156,449.0,15.7344,164.919,36,31,4,1,2,27.2818,0.402768,0.196934,8.63408,0.317245,True
aeeem,org::eclipse::jdt::internal::core::jdom::DOMPackage,6,3,1,5,36,0,0,38,50.0,9.0,116,0,0,0.0,5,28.0,12.0,0,0,0,0,0,0,aeeem,org::eclipse::jdt::internal::core::jdom::DOMPackage,4.0,34,7,6,367.0,370.0,366.0,0,141.0,10.8824,141.0,10.7647,5.0,0.117647,42.3432,3,3,0,0,0,6.92698,0.00400116,0.0097273,0.161994,0.00112517,True
aeeem,org::eclipse::jdt::internal::core::search::matching::PackageReferencePattern,1,5,0,1,36,0,4,61,40.0,9.0,49,0,0,0.0,5,14.0,12.0,1,0,0,0,0,1,aeeem,org::eclipse::jdt::internal::core::search::matching::PackageReferencePattern,-399.0,83,7,8,367.0,2960.0,3359.0,0,450.0,35.6627,450.0,40.4699,58.0,-4.80723,36.1602,11,10,0,0,0,9.78677,0.00572628,0.13159,8.13472,0.165746,True
aeeem,org::eclipse::jdt::internal::core::JavaProjectElementInfo,21,3,3,20,45,0,3,3,251.0,10.0,17,1,3,1.0,1,82.0,55.0,1,0,0,0,0,1,aeeem,org::eclipse::jdt::internal::core::JavaProjectElementInfo,291.0,69,7,9,367.0,1470.0,1179.0,0,235.0,21.3043,235.0,17.087,62.0,4.21739,131.242,25,22,5,2,3,22.3638,0.132324,0.196679,8.5323,0.351579,True
aeeem,org::eclipse::jdt::internal::core::SourceAnnotationMethodInfo,1,7,1,0,1,0,3,12,3.0,2.0,52,0,0,3.0,2,2.0,1.0,0,0,0,0,0,0,aeeem,org::eclipse::jdt::internal::core::SourceAnnotationMethodInfo,-3.0,8,3,5,184.571,17.0,20.0,0,6.0,2.125,9.0,2.5,4.0,-0.375,104.076,3,2,1,1,1,8.66785,0.0147682,0.140262,8.13047,0.222697,True
aeeem,org::eclipse::jdt::internal::compiler::ast::ExtendedStringLiteral,2,6,1,1,6,0,0,386,29.0,4.0,85,0,0,0.0,4,11.0,4.0,0,0,0,0,0,0,aeeem,org::eclipse::jdt::internal::compiler::ast::ExtendedStringLiteral,12.0,33,5,5,367.0,291.0,279.0,0,81.0,8.81818,81.0,8.45454,20.0,0.363636,56.6794,3,3,0,0,0,5.19438,0.00233992,0.00784493,0.123602,0.00115776,True
aeeem,org::eclipse::jdt::internal::core::builder::WorkQueue,4,1,3,1,28,0,2,0,28.0,8.0,8,2,0,0.0,8,16.0,9.0,0,0,0,0,0,0,aeeem,org::eclipse::jdt::internal::core::builder::WorkQueue,5.0,15,7,4,329.0,101.0,96.0,0,54.0,6.73333,54.0,6.4,5.0,0.333333,55.1117,0,0,0,0,0,6.37263,0.00435249,0.00914291,0.149798,0.00111407,True
aeeem,org::eclipse::jdt::internal::core::SourceConstructorInfo,1,6,1,0,10,0,1,11,13.0,5.0,47,1,0,0.0,4,5.0,4.0,0,0,0,0,0,0,aeeem,org::eclipse::jdt::internal::core::SourceConstructorInfo,0.0,4,2,3,184.571,6.0,6.0,0,4.0,1.5,4.0,1.5,0.0,0.0,31.7143,0,0,0,0,0,4.07501,0.00220824,0.0062193,0.097153,0.00103086,True
aeeem,org::eclipse::jdt::internal::compiler::ast::ArrayQualifiedTypeReference,8,6,4,5,15,2,1,386,62.0,6.0,95,0,0,1.0,5,21.0,12.0,0,0,0,0,0,0,aeeem,org::eclipse::jdt::internal::compiler::ast::ArrayQualifiedTypeReference,65.0,49,7,5,367.0,334.0,269.0,0,51.0,6.81633,51.0,5.4898,23.0,1.32653,98.6069,4,4,1,0,0,7.282,0.00916201,0.0121162,0.176942,0.00396161,True
aeeem,org::eclipse::jdt::internal::compiler::DocumentElementParser,25,2,1,24,1711,0,11,402,1200.0,59.0,8,8,2,3.0,15,308.0,138.0,0,0,0,0,0,0,aeeem,org::eclipse::jdt::internal::compiler::DocumentElementParser,-74.0,74,5,8,367.0,4391.0,4465.0,0,1328.0,59.3378,1328.0,60.3378,34.0,-1.0,52.6632,9,7,1,1,0,0.0,0.0,0.0,0.0,0.0,True
aeeem,org::eclipse::jdt::internal::core::builder::ImageBuilderInternalException,2,1,2,0,3,0,2,0,15.0,3.0,23,1,0,0.0,3,7.0,4.0,0,0,0,0,0,0,aeeem,org::eclipse::jdt::internal::core::builder::ImageBuilderInternalException,17.0,15,7,5,329.0,87.0,70.0,0,39.0,5.8,39.0,4.66667,10.0,1.13333,61.9277,1,0,0,0,0,6.70721,0.00866876,0.123453,8.0512,0.15271,True
aeeem,org::eclipse::jdt::internal::codeassist::complete::CompletionOnJavadocSingleTypeReference,2,7,1,1,28,0,1,396,55.0,8.0,102,0,0,1.0,8,26.0,18.0,0,0,0,0,0,0,aeeem,org::eclipse::jdt::internal::codeassist::complete::CompletionOnJavadocSingleTypeReference,11.0,4,1,0,140.143,25.0,14.0,0,16.0,6.25,12.0,3.5,14.0,2.75,1.84571,3,3,0,0,0,1.5732,0.000679976,0.00228336,0.0371667,0.000177449,True
aeeem,org::eclipse::jdt::internal::compiler::ast::OperatorExpression,5,4,4,1,300,4,1,411,1520.0,25.0,69,0,0,1.0,25,63.0,73.0,0,0,0,0,0,0,aeeem,org::eclipse::jdt::internal::compiler::ast::OperatorExpression,-300.0,48,7,7,367.0,8887.0,9187.0,0,1598.0,185.146,1854.0,191.396,6.0,-6.25,50.8267,4,3,0,0,0,6.61079,0.00478913,0.0123433,0.165248,0.00550348,True
aeeem,org::eclipse::jdt::internal::core::search::TypeNameRequestorWrapper,1,1,0,1,1,0,1,0,6.0,2.0,9,0,0,1.0,2,3.0,2.0,0,0,0,0,0,0,aeeem,org::eclipse::jdt::internal::core::search::TypeNameRequestorWrapper,0.0,9,3,2,190.714,55.0,55.0,0,20.0,6.11111,46.0,6.11111,20.0,0.0,21.1013,5,4,0,0,0,8.18073,0.00792092,0.0140086,0.199245,0.00735175,True
aeeem,org::eclipse::jdt::internal::codeassist::impl::AssistAnnotation,5,5,5,0,1,0,1,55,7.0,2.0,139,1,0,0.0,2,3.0,2.0,0,0,0,0,0,0,aeeem,org::eclipse::jdt::internal::codeassist::impl::AssistAnnotation,0.0,1,1,0,14.7143,0.0,0.0,0,0.0,0.0,0.0,0.0,0.0,0.0,0.0,1,1,0,0,1,0.0,0.0,0.0,0.0,0.0,True
aeeem,org::eclipse::jdt::core::dom::ArrayCreation,6,3,1,6,120,0,7,95,110.0,16.0,73,4,0,0.0,6,59.0,27.0,0,0,0,0,0,0,aeeem,org::eclipse::jdt::core::dom::ArrayCreation,234.0,45,9,13,333.143,583.0,349.0,0,204.0,12.9556,204.0,7.75556,94.0,5.2,75.7047,9,8,0,0,0,9.64599,0.00543572,0.157858,8.18241,0.233287,True
aeeem,org::eclipse::jdt::internal::core::CompilationUnitStructureRequestor,40,2,3,38,630,1,15,0,525.0,36.0,36,0,2,0.0,16,252.0,99.0,1,0,0,0,0,1,aeeem,org::eclipse::jdt::internal::core::CompilationUnitStructureRequestor,-48.0,94,8,6,367.0,2095.0,2143.0,0,542.0,22.2872,579.0,22.7979,124.0,-0.510638,102.386,22,18,1,0,3,15.7278,0.0726696,0.180249,8.36256,0.313255,True
aeeem,org::eclipse::jdt::internal::compiler::ast::JavadocSingleTypeReference,9,6,2,7,10,2,3,385,66.0,5.0,95,0,0,3.0,2,29.0,17.0,0,0,0,0,0,0,aeeem,org::eclipse::jdt::internal::compiler::ast::JavadocSingleTypeReference,208.0,40,9,5,239.143,337.0,129.0,0,49.0,8.425,36.0,3.225,49.0,5.2,61.4837,26,24,3,1,1,21.1753,0.0414412,0.170967,8.45532,0.274788,True
aeeem,org::eclipse::jdt::internal::core::builder::BatchImageBuilder,15,2,2,14,78,0,3,19,269.0,13.0,37,0,1,3.0,2,89.0,66.0,1,0,0,0,0,1,aeeem,org::eclipse::jdt::internal::core::builder::BatchImageBuilder,185.0,94,9,5,329.0,1177.0,992.0,0,151.0,12.5213,151.0,10.5532,87.0,1.96809,108.524,28,23,3,0,0,25.0221,0.112996,0.196981,8.58924,0.323567,True
aeeem,org::eclipse::jdt::internal::compiler::parser::AbstractCommentParser,13,1,6,7,861,2,58,78,1399.0,42.0,8,3,4,4.0,1,329.0,426.0,7,0,0,0,2,1,aeeem,org::eclipse::jdt::internal::compiler::parser::AbstractCommentParser,1377.0,105,9,17,230.143,3845.0,2468.0,0,308.0,36.619,312.0,23.5048,167.0,13.1143,50.3423,81,71,10,4,2,29.6783,0.267116,0.134308,0.916961,0.242873,True
aeeem,org::eclipse::jdt::internal::core::ResolvedBinaryField,3,8,3,1,10,0,1,69,23.0,5.0,243,1,0,0.0,4,8.0,6.0,0,0,0,0,0,0,aeeem,org::eclipse::jdt::internal::core::ResolvedBinaryField,10.0,6,3,2,175.0,26.0,16.0,0,7.0,4.33333,5.0,2.66667,6.0,1.66667,23.9945,1,1,0,0,0,6.94335,0.00474275,0.00976588,0.162444,0.00112919,True
aeeem,org::eclipse::jdt::internal::core::index::Index,23,1,19,6,78,0,7,0,134.0,13.0,8,0,0,3.0,13,52.0,53.0,1,0,0,0,0,1,aeeem,org::eclipse::jdt::internal::core::index::Index,362.0,46,8,5,234.571,748.0,386.0,0,166.0,16.2609,43.0,8.3913,129.0,7.86956,30.6146,18,18,4,2,1,16.1076,0.0337405,0.036095,0.415625,0.0521402,True
aeeem,org::eclipse::jdt::internal::core::ExternalFoldersManager,17,1,11,9,66,0,5,0,192.0,12.0,8,5,3,0.0,9,86.0,51.0,3,0,0,0,0,1,aeeem,org::eclipse::jdt::internal::core::ExternalFoldersManager,72.0,8,1,0,16.0,131.0,59.0,0,60.0,16.375,25.0,7.375,58.0,9.0,1.72737,4,1,1,1,1,2.31501,0.023806,0.0478336,0.148766,0.149862,True
aeeem,org::eclipse::jdt::core::dom::BooleanLiteral,2,3,1,1,66,0,3,95,52.0,12.0,73,2,0,0.0,3,28.0,14.0,0,0,0,0,0,0,aeeem,org::eclipse::jdt::core::dom::BooleanLiteral,132.0,28,7,9,333.143,287.0,155.0,0,113.0,10.25,113.0,5.53571,61.0,4.71429,73.4545,5,4,0,0,0,7.95479,0.00397769,0.154542,8.1394,0.232145,True
aeeem,org::eclipse::jdt::internal::core::util::Disassembler,18,2,3,15,561,1,2,5,629.0,34.0,10,2,30,0.0,3,263.0,159.0,1,0,0,0,0,1,aeeem,org::eclipse::jdt::internal::core::util::Disassembler,1884.0,132,7,50,322.714,6668.0,4784.0,0,923.0,50.5151,808.0,36.2424,433.0,14.2727,132.977,33,26,1,1,0,34.1638,0.420596,0.214757,8.822,0.35932,True
aeeem,org::eclipse::jdt::internal::core::util::DOMFinder,7,2,2,6,6,0,7,0,28.0,4.0,13,5,0,2.0,3,14.0,10.0,0,0,0,0,0,0,aeeem,org::eclipse::jdt::internal::core::util::DOMFinder,41.0,6,2,2,178.143,67.0,26.0,0,28.0,11.1667,15.0,4.33333,21.0,6.83333,48.6098,3,2,0,0,1,6.07783,0.0173676,0.124221,8.03826,0.168514,True
aeeem,org::eclipse::jdt::internal::compiler::lookup::VariableBinding,29,2,26,3,28,2,6,28,35.0,8.0,16,0,0,5.0,8,15.0,11.0,0,0,0,0,0,0,aeeem,org::eclipse::jdt::internal::compiler::lookup::VariableBinding,38.0,41,7,4,367.0,209.0,171.0,0,39.0,5.09756,39.0,4.17073,14.0,0.926829,110.032,3,3,0,0,0,13.2396,0.00635838,0.141228,8.22045,0.198018,True
aeeem,org::eclipse::jdt::internal::core::util::CodeSnippetParsingUtil,15,1,2,13,15,0,1,0,152.0,6.0,8,0,1,1.0,5,67.0,19.0,0,0,0,0,0,0,aeeem,org::eclipse::jdt::internal::core::util::CodeSnippetParsingUtil,90.0,24,8,10,230.571,256.0,166.0,0,43.0,10.6667,26.0,6.91667,18.0,3.75,14.5619,13,9,0,0,0,11.1327,0.00824644,0.134361,8.1664,0.17641,True
aeeem,org::eclipse::jdt::internal::core::search::indexing::ReadWriteMonitor,12,1,10,2,28,0,1,0,52.0,8.0,8,1,0,0.0,8,21.0,15.0,0,0,0,0,0,0,aeeem,org::eclipse::jdt::internal::core::search::indexing::ReadWriteMonitor,107.0,27,6,4,367.0,329.0,222.0,0,85.0,12.1852,85.0,8.22222,24.0,3.96296,81.0729,0,0,0,0,0,4.07501,0.00220824,0.0062193,0.097153,0.00103086,True
aeeem,org::eclipse::jdt::internal::core::JavaProject,94,4,52,50,4753,1,9,63,1607.0,98.0,177,2,11,0.0,76,664.0,344.0,4,0,0,0,0,1,aeeem,org::eclipse::jdt::internal::core::JavaProject,2331.0,469,12,31,367.0,14901.0,12570.0,0,2162.0,31.7719,2162.0,26.8017,334.0,4.97015,90.5064,128,115,12,4,8,40.4352,0.434306,0.267845,9.06677,0.498101,True
aeeem,org::eclipse::jdt::internal::compiler::flow::ExceptionHandlingFlowContext,13,2,5,9,36,1,9,141,139.0,9.0,35,0,0,8.0,9,47.0,36.0,2,0,0,0,0,1,aeeem,org::eclipse::jdt::internal::compiler::flow::ExceptionHandlingFlowContext,99.0,56,7,3,367.0,1017.0,918.0,0,186.0,18.1607,186.0,16.3929,37.0,1.76786,92.2651,11,9,1,0,1,13.0996,0.0308353,0.0504701,0.381259,0.145797,True
aeeem,org::eclipse::jdt::internal::core::search::matching::TypeReferenceLocator,22,2,1,22,91,0,3,68,343.0,14.0,33,1,0,0.0,3,107.0,117.0,2,0,0,0,0,1,aeeem,org::eclipse::jdt::internal::core::search::matching::TypeReferenceLocator,387.0,84,9,7,248.571,1376.0,989.0,0,249.0,16.381,200.0,11.7738,237.0,4.60714,63.8602,40,37,4,0,2,29.3011,0.0831872,0.209338,8.70653,0.378235,True
aeeem,org::eclipse::jdt::internal::core::JavaModelStatus,15,2,4,11,91,0,6,45,286.0,14.0,4,0,0,0.0,12,120.0,89.0,0,0,0,0,0,0,aeeem,org::eclipse::jdt::internal::core::JavaModelStatus,162.0,55,6,11,367.0,2135.0,1973.0,0,325.0,38.8182,325.0,35.8727,84.0,2.94545,56.5857,15,13,3,1,1,8.29601,0.0534223,0.0129805,0.198308,0.00442924,True
aeeem,org::eclipse::jdt::core::dom::CatchClause,5,2,1,4,91,0,5,95,107.0,14.0,68,3,0,0.0,5,53.0,27.0,0,0,0,0,0,0,aeeem,org::eclipse::jdt::core::dom::CatchClause,190.0,39,7,14,333.143,487.0,297.0,0,173.0,12.4872,173.0,7.61538,74.0,4.87179,72.7413,8,7,0,0,0,7.95479,0.00397769,0.154542,8.1394,0.232145,True
aeeem,org::eclipse::jdt::internal::compiler::ast::JavadocArraySingleTypeReference,3,7,1,2,6,0,0,387,14.0,4.0,101,0,0,0.0,2,12.0,4.0,0,0,0,0,0,0,aeeem,org::eclipse::jdt::internal::compiler::ast::JavadocArraySingleTypeReference,29.0,16,5,3,239.143,50.0,21.0,0,9.0,3.125,4.0,1.3125,8.0,1.8125,32.7971,6,5,0,0,0,6.60309,0.00496733,0.0133689,0.168035,0.00924215,True
aeeem,org::eclipse::jdt::internal::core::CreateMethodOperation,12,4,2,10,28,0,1,28,64.0,8.0,91,0,1,0.0,2,38.0,17.0,0,0,0,0,0,0,aeeem,org::eclipse::jdt::internal::core::CreateMethodOperation,46.0,40,7,6,367.0,385.0,339.0,0,115.0,9.625,115.0,8.475,24.0,1.15,93.5184,9,9,1,0,0,11.0281,0.0244016,0.137491,8.16421,0.198335,True
aeeem,org::eclipse::jdt::internal::core::Buffer,6,1,1,5,231,1,11,0,275.0,22.0,25,0,0,0.0,18,83.0,62.0,0,0,0,0,0,0,aeeem,org::eclipse::jdt::internal::core::Buffer,-282.0,73,7,8,367.0,1847.0,2129.0,0,572.0,25.3014,651.0,29.1644,19.0,-3.86301,45.9869,14,14,3,2,0,8.8113,0.0126229,0.123881,8.09315,0.143511,True
aeeem,org::eclipse::jdt::internal::core::search::matching::TypeParameterLocator,5,2,1,5,21,0,1,68,57.0,7.0,33,0,0,0.0,4,16.0,27.0,1,0,0,0,0,1,aeeem,org::eclipse::jdt::internal::core::search::matching::TypeParameterLocator,0.0,2,2,1,177.143,5.0,5.0,0,5.0,2.5,5.0,2.5,0.0,0.0,4.28571,1,1,0,0,0,1.70656,0.00122393,0.00197306,0.038262,3.30855e-05,True
aeeem,org::eclipse::jdt::internal::compiler::batch::ClasspathLocation,4,1,2,2,1,2,6,12,15.0,2.0,16,0,0,4.0,0,7.0,4.0,0,0,0,0,0,0,aeeem,org::eclipse::jdt::internal::compiler::batch::ClasspathLocation,34.0,14,4,5,159.857,62.0,28.0,0,14.0,4.42857,5.0,2.0,13.0,2.42857,46.9885,7,6,0,0,0,10.8648,0.0135907,0.0301065,0.294846,0.0561531,True
aeeem,org::eclipse::jdt::internal::core::MemberValuePair,3,1,0,3,10,0,3,14,26.0,5.0,11,0,0,3.0,5,8.0,13.0,0,0,0,0,0,0,aeeem,org::eclipse::jdt::internal::core::MemberValuePair,0.0,1,1,0,33.8571,0.0,0.0,0,0.0,0.0,0.0,0.0,0.0,0.0,0.0,1,0,0,0,1,0.0,0.0,0.0,0.0,0.0,True
aeeem,org::eclipse::jdt::core::dom::ConstructorInvocation,4,3,1,4,78,0,6,95,76.0,13.0,73,4,0,0.0,4,39.0,23.0,0,0,0,0,0,0,aeeem,org::eclipse::jdt::core::dom::ConstructorInvocation,279.0,35,7,8,333.143,514.0,235.0,0,124.0,14.6857,124.0,6.71429,76.0,7.97143,85.9722,7,6,0,0,0,6.84846,0.00428194,0.151789,8.10896,0.231177,True
aeeem,org::eclipse::jdt::internal::formatter::comment::CommentRegion,12,1,6,7,351,1,12,19,269.0,27.0,0,8,3,0.0,2,106.0,54.0,0,0,0,0,0,0,aeeem,org::eclipse::jdt::internal::formatter::comment::CommentRegion,-18.0,7,1,6,168.857,29.0,47.0,0,20.0,4.14286,36.0,6.71429,1.0,-2.57143,58.7685,4,2,0,0,0,7.2605,0.0120886,0.0149905,0.185927,0.0103511,True
aeeem,org::eclipse::jdt::internal::compiler::util::HashtableOfObjectToIntArray,3,1,1,2,45,0,4,0,117.0,10.0,16,0,1,4.0,9,24.0,30.0,0,0,0,0,0,0,aeeem,org::eclipse::jdt::internal::compiler::util::HashtableOfObjectToIntArray,8.0,3,3,1,122.857,21.0,13.0,0,20.0,7.0,12.0,4.33333,8.0,2.66667,4.41497,1,0,0,0,0,2.27054,0.00230197,0.00387962,0.0557912,0.000723901,True
aeeem,org::eclipse::jdt::internal::core::search::indexing::RemoveFolderFromIndex,5,2,1,5,3,0,4,8,49.0,3.0,19,0,0,4.0,3,17.0,15.0,0,0,0,0,0,0,aeeem,org::eclipse::jdt::internal::core::search::indexing::RemoveFolderFromIndex,17.0,41,8,5,326.857,172.0,155.0,0,20.0,4.19512,32.0,3.78049,8.0,0.414634,87.7741,6,5,0,0,0,7.96225,0.00482674,0.0108899,0.185241,0.000883196,True
aeeem,org::eclipse::jdt::internal::codeassist::SelectionEngine,49,2,3,46,120,0,22,13,1189.0,16.0,19,11,10,11.0,6,265.0,229.0,1,0,0,0,0,1,aeeem,org::eclipse::jdt::internal::codeassist::SelectionEngine,1134.0,176,10,15,367.0,4315.0,3181.0,0,737.0,24.517,737.0,18.0739,101.0,6.44318,115.47,56,50,2,0,3,32.2544,0.185896,0.216219,8.78565,0.379814,True
aeeem,org::eclipse::jdt::internal::compiler::lookup::ImportBinding,8,2,5,3,10,1,4,28,21.0,5.0,16,0,0,4.0,5,12.0,7.0,0,0,0,0,0,0,aeeem,org::eclipse::jdt::internal::compiler::lookup::ImportBinding,4.0,32,7,5,367.0,133.0,129.0,0,45.0,4.15625,45.0,4.03125,6.0,0.125,58.1525,1,1,0,0,0,5.34312,0.00365422,0.00777497,0.125968,0.0010713,True
aeeem,org::eclipse::jdt::core::compiler::BuildContext,3,2,1,2,28,0,0,6,56.0,8.0,11,0,0,0.0,8,17.0,20.0,0,0,0,0,0,0,aeeem,org::eclipse::jdt::core::compiler::BuildContext,19.0,6,3,1,122.143,28.0,9.0,0,21.0,4.66667,4.0,1.5,17.0,3.16667,16.6276,3,3,0,0,0,3.92315,0.00548968,0.148538,8.04383,0.231244,True
aeeem,org::eclipse::jdt::internal::core::search::matching::PackageDeclarationLocator,2,2,1,1,3,0,1,68,11.0,3.0,33,0,0,0.0,2,4.0,3.0,0,0,0,0,0,0,aeeem,org::eclipse::jdt::internal::core::search::matching::PackageDeclarationLocator,0.0,7,4,4,248.571,9.0,9.0,0,4.0,1.28571,4.0,1.28571,0.0,0.0,67.7302,0,0,0,0,0,4.07501,0.00220824,0.0062193,0.097153,0.00103086,True
aeeem,org::eclipse::jdt::internal::compiler::codegen::ExceptionLabel,10,2,4,7,10,0,3,3,58.0,5.0,10,0,0,3.0,5,28.0,15.0,1,0,0,0,0,1,aeeem,org::eclipse::jdt::internal::compiler::codegen::ExceptionLabel,84.0,25,5,4,367.0,234.0,150.0,0,57.0,9.36,36.0,6.0,35.0,3.36,159.93,6,6,1,1,0,7.52192,0.0192577,0.0118392,0.180872,0.00189321,True
aeeem,org::eclipse::jdt::internal::eval::CodeSnippetFieldReference,15,6,1,14,21,0,2,423,336.0,7.0,107,0,0,2.0,7,132.0,75.0,0,0,0,0,0,0,aeeem,org::eclipse::jdt::internal::eval::CodeSnippetFieldReference,-24.0,56,9,6,367.0,1101.0,1125.0,0,362.0,19.6607,362.0,20.0893,20.0,-0.428571,74.7192,6,5,0,0,0,11.7816,0.0134217,0.0178093,0.280256,0.00324688,True
aeeem,org::eclipse::jdt::internal::compiler::lookup::ElementValuePair,5,1,4,1,21,0,3,0,28.0,7.0,8,0,0,3.0,5,12.0,7.0,0,0,0,0,0,0,aeeem,org::eclipse::jdt::internal::compiler::lookup::ElementValuePair,17.0,9,4,6,127.0,24.0,7.0,0,7.0,2.66667,2.0,0.777778,7.0,1.88889,71.7738,5,5,1,0,0,8.12682,0.00989244,0.155483,8.15185,0.270428,True
aeeem,org::eclipse::jdt::internal::core::JarPackageFragmentInfo,1,4,1,0,1,0,0,4,3.0,2.0,21,0,0,0.0,0,2.0,1.0,0,0,0,0,0,0,aeeem,org::eclipse::jdt::internal::core::JarPackageFragmentInfo,-43.0,20,5,4,367.0,99.0,142.0,0,44.0,4.95,44.0,7.1,2.0,-2.15,60.1457,1,1,0,0,0,4.07501,0.00220824,0.0062193,0.097153,0.00103086,True
aeeem,org::eclipse::jdt::internal::core::CancelableNameEnvironment,2,2,0,2,10,0,1,54,23.0,5.0,19,0,1,1.0,4,16.0,8.0,1,0,0,0,0,1,aeeem,org::eclipse::jdt::internal::core::CancelableNameEnvironment,3.0,10,4,3,191.571,21.0,18.0,0,5.0,2.1,5.0,1.8,3.0,0.3,37.898,6,3,0,0,0,7.57299,0.00405123,0.0117578,0.181247,0.0023069,True
aeeem,org::eclipse::jdt::internal::compiler::parser::RecoveredElement,17,1,14,3,300,6,4,0,172.0,25.0,8,0,0,3.0,23,43.0,54.0,0,0,0,0,0,0,aeeem,org::eclipse::jdt::internal::compiler::parser::RecoveredElement,-31.0,43,7,4,367.0,771.0,802.0,0,322.0,17.9302,328.0,18.6512,21.0,-0.72093,56.2944,3,2,0,0,2,8.50122,0.0117907,0.135387,8.11581,0.195791,True
aeeem,org::eclipse::jdt::internal::core::UserLibraryClasspathContainer,4,1,2,3,21,0,1,3,35.0,7.0,12,1,2,0.0,5,17.0,13.0,0,0,0,0,0,0,aeeem,org::eclipse::jdt::internal::core::UserLibraryClasspathContainer,28.0,12,4,5,217.0,61.0,33.0,0,17.0,5.08333,7.0,2.75,10.0,2.33333,113.841,3,3,1,0,0,6.78997,0.0144278,0.0540384,0.270163,0.110716,True
aeeem,org::eclipse::jdt::internal::compiler::problem::DefaultProblemFactory,15,1,7,8,28,3,6,0,126.0,8.0,11,5,1,1.0,7,56.0,22.0,0,0,0,0,0,0,aeeem,org::eclipse::jdt::internal::compiler::problem::DefaultProblemFactory,126.0,62,6,12,367.0,797.0,671.0,0,160.0,12.8548,160.0,10.8226,31.0,2.03226,94.6232,19,15,0,0,0,11.0206,0.0349722,0.0319309,0.304144,0.0652418,True
aeeem,org::eclipse::jdt::core::search::TypeReferenceMatch,4,4,2,2,6,0,1,3,16.0,4.0,38,1,0,0.0,4,7.0,6.0,2,0,0,0,0,1,aeeem,org::eclipse::jdt::core::search::TypeReferenceMatch,206.0,31,6,4,227.571,352.0,146.0,0,77.0,11.3548,64.0,4.70968,53.0,6.64516,84.1364,6,5,0,0,1,8.6615,0.0481694,0.141949,8.12785,0.212283,True
aeeem,org::eclipse::jdt::internal::compiler::ast::JavadocMessageSend,12,5,2,10,15,1,3,397,174.0,6.0,94,0,1,3.0,5,74.0,53.0,0,0,0,0,0,0,aeeem,org::eclipse::jdt::internal::compiler::ast::JavadocMessageSend,80.0,49,10,8,239.143,322.0,242.0,0,37.0,6.57143,42.0,4.93878,30.0,1.63265,56.287,28,22,1,0,1,22.6963,0.0370243,0.169942,8.48332,0.259188,True
aeeem,org::eclipse::jdt::internal::compiler::lookup::BaseTypeBinding,10,3,9,1,91,0,2,40,163.0,14.0,71,1,0,1.0,13,17.0,55.0,0,0,0,0,0,0,aeeem,org::eclipse::jdt::internal::compiler::lookup::BaseTypeBinding,47.0,35,7,4,367.0,613.0,566.0,0,171.0,17.5143,164.0,16.1714,28.0,1.34286,87.2589,2,2,0,0,0,7.44972,0.0124493,0.0100184,0.172635,0.000762558,True
aeeem,org::eclipse::jdt::core::dom::WildcardType,7,3,5,3,105,0,5,95,80.0,15.0,76,3,0,0.0,5,43.0,21.0,0,0,0,0,0,0,aeeem,org::eclipse::jdt::core::dom::WildcardType,566.0,29,6,6,237.714,653.0,87.0,0,170.0,22.5172,16.0,3.0,170.0,19.5172,11.3424,4,3,0,0,0,6.84846,0.00361122,0.151789,8.10896,0.231177,True
aeeem,org::eclipse::jdt::internal::core::util::RuntimeInvisibleParameterAnnotationsAttribute,3,3,1,2,3,0,3,1,22.0,3.0,31,3,0,0.0,3,6.0,5.0,0,0,0,0,0,0,aeeem,org::eclipse::jdt::internal::core::util::RuntimeInvisibleParameterAnnotationsAttribute,136.0,6,3,3,222.857,142.0,6.0,0,68.0,23.6667,4.0,1.0,68.0,22.6667,10.6881,0,0,0,0,0,4.07501,0.00220824,0.0062193,0.097153,0.00103086,True
aeeem,org::eclipse::jdt::internal::core::UserLibraryClasspathContainerInitializer,8,2,0,8,28,0,0,2,52.0,8.0,18,0,3,0.0,5,34.0,19.0,0,0,0,0,0,0,aeeem,org::eclipse::jdt::internal::core::UserLibraryClasspathContainerInitializer,32.0,15,4,6,217.0,133.0,101.0,0,34.0,8.86667,39.0,6.73333,20.0,2.13333,158.364,3,3,1,0,0,7.56809,0.0427949,0.131851,8.08858,0.188529,True
aeeem,org::eclipse::jdt::core::dom::AST,108,1,49,93,7381,0,17,0,804.0,122.0,8,10,0,3.0,96,347.0,182.0,0,0,0,0,0,0,aeeem,org::eclipse::jdt::core::dom::AST,2155.0,210,11,49,333.143,9587.0,7432.0,0,1441.0,45.6524,1441.0,35.3905,359.0,10.2619,95.3919,66,48,0,0,0,24.6967,0.125208,0.219321,8.62848,0.404613,True
aeeem,org::eclipse::jdt::internal::codeassist::UnresolvedReferenceNameFinder,11,2,1,10,153,0,12,0,321.0,18.0,11,12,14,0.0,4,66.0,86.0,0,0,0,0,0,0,aeeem,org::eclipse::jdt::internal::codeassist::UnresolvedReferenceNameFinder,250.0,11,3,2,86.7143,416.0,166.0,0,224.0,37.8182,99.0,15.0909,180.0,22.7273,10.285,7,5,0,0,2,7.9636,0.114712,0.0226596,0.223501,0.0272472,True
aeeem,org::eclipse::jdt::internal::codeassist::complete::CompletionOnAnnotationOfType,2,4,1,1,1,0,2,421,10.0,2.0,68,0,0,2.0,2,3.0,2.0,0,0,0,0,0,0,aeeem,org::eclipse::jdt::internal::codeassist::complete::CompletionOnAnnotationOfType,5.0,5,2,1,183.571,14.0,9.0,0,6.0,2.8,5.0,1.8,6.0,1.0,67.2551,3,3,0,0,0,3.00217,0.00369656,0.00636273,0.0765337,0.00751923,True
aeeem,org::eclipse::jdt::internal::core::util::HashSetOfCharArrayArray,6,1,1,5,36,0,3,0,118.0,9.0,16,0,2,3.0,7,31.0,33.0,0,0,0,0,0,0,aeeem,org::eclipse::jdt::internal::core::util::HashSetOfCharArrayArray,0.0,1,1,0,28.5714,0.0,0.0,0,0.0,0.0,0.0,0.0,0.0,0.0,0.0,1,1,0,0,0,0.0,0.0,0.0,0.0,0.0,True
aeeem,org::eclipse::jdt::internal::compiler::ast::LongLiteral,6,6,0,6,21,1,1,385,128.0,7.0,79,0,0,0.0,7,20.0,47.0,0,0,0,0,0,0,aeeem,org::eclipse::jdt::internal::compiler::ast::LongLiteral,8.0,34,6,8,367.0,426.0,418.0,0,140.0,12.5294,157.0,12.2941,22.0,0.235294,95.1472,5,5,1,1,0,15.218,0.0365524,0.0267348,0.37431,0.0119008,True
aeeem,org::eclipse::jdt::internal::compiler::util::HashtableOfType,4,1,2,2,21,0,4,0,79.0,7.0,8,0,1,4.0,6,17.0,26.0,0,0,0,0,0,0,aeeem,org::eclipse::jdt::internal::compiler::util::HashtableOfType,3.0,31,7,4,367.0,242.0,239.0,0,95.0,7.80645,95.0,7.70968,9.0,0.0967742,53.6429,1,1,0,0,0,3.9771,0.00256106,0.00585268,0.0940532,0.000756986,True
aeeem,org::eclipse::jdt::internal::compiler::ast::ClassLiteralAccess,10,4,1,9,15,1,3,384,72.0,6.0,69,0,0,3.0,6,37.0,18.0,0,0,0,0,0,0,aeeem,org::eclipse::jdt::internal::compiler::ast::ClassLiteralAccess,44.0,73,8,15,367.0,490.0,446.0,0,95.0,6.71233,95.0,6.10959,19.0,0.60274,97.614,9,8,0,0,0,23.7357,0.0221692,0.167801,8.50068,0.234965,True
aeeem,org::eclipse::jdt::core::dom::NumberLiteral,5,3,1,4,78,0,3,95,97.0,13.0,73,2,0,0.0,3,42.0,20.0,0,0,0,0,0,0,aeeem,org::eclipse::jdt::core::dom::NumberLiteral,181.0,45,8,10,333.143,411.0,230.0,0,146.0,9.13333,146.0,5.11111,61.0,4.02222,65.2517,7,6,0,0,0,10.8068,0.0052669,0.15805,8.20424,0.23224,True
aeeem,org::eclipse::jdt::internal::core::util::CharArrayBuffer,11,1,9,2,6,0,5,0,35.0,4.0,8,0,0,0.0,4,10.0,10.0,0,0,0,0,0,0,aeeem,org::eclipse::jdt::internal::core::util::CharArrayBuffer,-7.0,22,5,4,367.0,407.0,414.0,0,195.0,18.5,195.0,18.8182,21.0,-0.318182,40.1183,1,1,0,0,0,6.60309,0.00546179,0.0133689,0.168035,0.00924215,True
aeeem,org::eclipse::jdt::internal::formatter::OptimizedReplaceEdit,1,1,1,0,1,0,3,0,8.0,2.0,8,0,0,3.0,2,2.0,2.0,0,0,0,0,0,0,aeeem,org::eclipse::jdt::internal::formatter::OptimizedReplaceEdit,0.0,6,3,2,246.714,12.0,12.0,0,7.0,2.0,7.0,2.0,0.0,0.0,64.8452,1,1,0,0,0,2.96868,0.00229903,0.0034669,0.0667091,6.29834e-05,True
aeeem,org::eclipse::jdt::internal::core::JavaCorePreferenceModifyListener,2,1,0,2,3,0,2,0,29.0,3.0,0,0,0,2.0,1,15.0,8.0,0,0,0,0,0,0,aeeem,org::eclipse::jdt::internal::core::JavaCorePreferenceModifyListener,0.0,2,1,0,162.429,0.0,0.0,0,0.0,0.0,0.0,0.0,0.0,0.0,0.0,1,1,0,0,0,0.0,0.0,0.0,0.0,0.0,True
aeeem,org::eclipse::jdt::internal::core::search::matching::FieldPattern,5,5,2,3,36,1,7,67,63.0,9.0,47,0,0,0.0,7,30.0,29.0,1,0,0,0,0,1,aeeem,org::eclipse::jdt::internal::core::search::matching::FieldPattern,-371.0,41,6,1,258.143,324.0,695.0,0,37.0,7.90244,254.0,16.9512,28.0,-9.04878,47.142,11,10,0,0,0,8.96672,0.0123633,0.0247682,0.242697,0.0519956,True
aeeem,org::eclipse::jdt::internal::core::builder::NameSet,2,1,1,1,6,0,3,0,41.0,4.0,8,0,1,3.0,3,10.0,13.0,0,0,0,0,0,0,aeeem,org::eclipse::jdt::internal::core::builder::NameSet,132.0,10,5,3,240.857,148.0,16.0,0,64.0,14.8,4.0,1.6,64.0,13.2,6.00676,1,1,0,0,0,4.07501,0.00220824,0.0062193,0.097153,0.00103086,True
aeeem,org::eclipse::jdt::internal::core::ExternalJavaProject,5,5,1,4,15,0,1,70,29.0,6.0,264,0,0,0.0,5,14.0,8.0,0,0,0,0,0,0,aeeem,org::eclipse::jdt::internal::core::ExternalJavaProject,8.0,6,2,0,125.0,12.0,4.0,0,5.0,2.0,1.0,0.666667,5.0,1.33333,50.0357,4,3,0,0,1,4.4156,0.00163705,0.0132175,0.124288,0.023966,True
aeeem,org::eclipse::jdt::core::search::SearchEngine,15,1,7,8,78,0,1,0,54.0,13.0,8,1,0,0.0,13,37.0,14.0,0,0,0,0,0,0,aeeem,org::eclipse::jdt::core::search::SearchEngine,984.0,183,10,14,367.0,6101.0,5117.0,0,979.0,33.3388,928.0,27.9617,171.0,5.37705,118.906,41,37,4,2,0,23.9899,0.114245,0.195172,8.56812,0.295215,True
aeeem,org::eclipse::jdt::internal::compiler::ConfigurableOption,4,1,0,4,55,0,9,0,117.0,11.0,8,8,0,0.0,11,34.0,18.0,0,0,0,0,0,0,aeeem,org::eclipse::jdt::internal::compiler::ConfigurableOption,-9.0,41,5,6,367.0,4660.0,4669.0,0,487.0,113.659,508.0,113.878,296.0,-0.219512,16.8509,4,4,0,0,0,5.41047,0.00598619,0.00926963,0.132369,0.00330398,True
aeeem,org::eclipse::jdt::internal::compiler::lookup::SyntheticFieldBinding,1,4,1,0,0,0,1,35,5.0,1.0,47,0,0,1.0,1,1.0,1.0,0,0,0,0,0,0,aeeem,org::eclipse::jdt::internal::compiler::lookup::SyntheticFieldBinding,4.0,17,6,4,367.0,58.0,54.0,0,21.0,3.41176,21.0,3.17647,6.0,0.235294,98.3818,1,1,0,0,0,7.88927,0.00377102,0.0121915,0.188296,0.00302032,True
aeeem,org::eclipse::jdt::internal::compiler::impl::BooleanConstant,7,2,7,0,15,0,3,152,19.0,6.0,41,3,1,0.0,5,7.0,7.0,0,0,0,0,0,0,aeeem,org::eclipse::jdt::internal::compiler::impl::BooleanConstant,-17.0,41,6,9,367.0,190.0,207.0,0,38.0,4.63415,38.0,5.04878,4.0,-0.414634,103.091,5,5,1,1,0,8.13684,0.0116352,0.01192,0.192409,0.00127943,True
aeeem,org::eclipse::jdt::internal::core::util::HashtableOfArrayToObject,12,1,8,4,55,0,4,0,144.0,11.0,16,0,2,4.0,9,37.0,41.0,0,0,0,0,0,0,aeeem,org::eclipse::jdt::internal::core::util::HashtableOfArrayToObject,26.0,6,4,2,205.857,48.0,22.0,0,25.0,8.0,15.0,3.66667,16.0,4.33333,51.9851,1,1,1,0,0,5.15795,0.00392987,0.00771277,0.122501,0.000985513,True
aeeem,org::eclipse::jdt::internal::core::InitializerElementInfo,1,4,1,0,0,0,0,7,0.0,1.0,25,0,0,0.0,1,1.0,0.0,0,0,0,0,0,0,aeeem,org::eclipse::jdt::internal::core::InitializerElementInfo,4.0,16,4,4,367.0,42.0,38.0,0,17.0,2.625,17.0,2.375,4.0,0.25,85.6224,0,0,0,0,0,4.07501,0.00220824,0.0062193,0.097153,0.00103086,True
aeeem,org::eclipse::jdt::core::dom::CastExpression,4,3,1,4,91,0,5,95,106.0,14.0,73,3,0,0.0,5,51.0,27.0,0,0,0,0,0,0,aeeem,org::eclipse::jdt::core::dom::CastExpression,186.0,36,7,13,333.143,474.0,288.0,0,172.0,13.1667,172.0,8.0,72.0,5.16667,72.5286,8,7,0,0,0,7.95479,0.00397769,0.154542,8.1394,0.232145,True
aeeem,org::eclipse::jdt::internal::core::ModelUpdater,10,1,1,9,28,0,1,0,157.0,8.0,8,0,0,1.0,1,57.0,33.0,0,0,0,0,0,0,aeeem,org::eclipse::jdt::internal::core::ModelUpdater,0.0,24,7,5,321.143,65.0,65.0,0,11.0,2.70833,8.0,2.70833,6.0,0.0,89.8725,7,6,2,0,0,10.9499,0.00789657,0.135944,8.16645,0.186665,True
aeeem,org::eclipse::jdt::internal::core::util::ConstantPoolEntry,1,1,1,0,946,0,20,0,169.0,44.0,28,20,0,0.0,44,45.0,44.0,0,0,0,0,0,0,aeeem,org::eclipse::jdt::internal::core::util::ConstantPoolEntry,22.0,10,3,3,322.714,51.0,29.0,0,22.0,5.1,9.0,2.9,22.0,2.2,97.6667,1,1,0,0,0,5.08455,0.00442748,0.130063,8.02862,0.198087,True
aeeem,org::eclipse::jdt::core::dom::AnnotationBinding,24,2,1,23,120,0,4,6,190.0,16.0,24,3,1,0.0,14,100.0,63.0,2,0,0,0,0,1,aeeem,org::eclipse::jdt::core::dom::AnnotationBinding,90.0,10,4,5,122.714,124.0,34.0,0,76.0,12.4,18.0,3.4,58.0,9.0,90.1463,11,9,0,0,1,10.0587,0.0415666,0.206383,8.30299,0.434808,True
aeeem,org::eclipse::jdt::internal::core::ResolvedBinaryMethod,3,8,3,1,10,0,1,73,23.0,5.0,267,1,0,0.0,4,8.0,6.0,0,0,0,0,0,0,aeeem,org::eclipse::jdt::internal::core::ResolvedBinaryMethod,11.0,6,3,2,175.0,27.0,16.0,0,7.0,4.5,5.0,2.66667,7.0,1.83333,25.328,1,1,0,0,0,6.94335,0.00484639,0.00976588,0.162444,0.00112919,True
aeeem,org::eclipse::jdt::internal::core::search::matching::PossibleMatchSet,8,1,1,7,6,0,2,0,37.0,4.0,8,2,0,0.0,4,20.0,9.0,0,0,0,0,0,0,aeeem,org::eclipse::jdt::internal::core::search::matching::PossibleMatchSet,7.0,11,5,4,248.143,23.0,16.0,0,9.0,2.09091,4.0,1.45455,7.0,0.636364,154.36,1,1,0,0,0,6.63337,0.0109936,0.12672,8.05657,0.172517,True
aeeem,org::eclipse::jdt::internal::codeassist::impl::AssistSourceType,10,8,5,8,66,0,4,69,59.0,12.0,304,4,0,0.0,11,31.0,16.0,0,0,0,0,0,0,aeeem,org::eclipse::jdt::internal::codeassist::impl::AssistSourceType,11.0,3,2,0,14.7143,13.0,2.0,0,12.0,4.33333,1.0,0.666667,11.0,3.66667,8.92308,3,3,0,0,1,2.35255,0.00511713,0.0711507,0.210663,0.173258,True
aeeem,org::eclipse::jdt::internal::compiler::ast::JavadocArrayQualifiedTypeReference,3,7,1,2,6,0,2,387,13.0,4.0,101,0,0,2.0,2,12.0,4.0,0,0,0,0,0,0,aeeem,org::eclipse::jdt::internal::compiler::ast::JavadocArrayQualifiedTypeReference,29.0,16,5,3,239.143,50.0,21.0,0,9.0,3.125,4.0,1.3125,8.0,1.8125,32.7971,6,5,0,0,0,6.60309,0.00496733,0.0133689,0.168035,0.00924215,True
aeeem,org::eclipse::jdt::internal::compiler::ast::TypeParameter,10,4,4,6,28,0,2,396,60.0,8.0,57,0,1,2.0,7,27.0,23.0,0,0,0,0,0,0,aeeem,org::eclipse::jdt::internal::compiler::ast::TypeParameter,216.0,19,5,3,240.857,260.0,44.0,0,79.0,13.6842,9.0,2.31579,79.0,11.3684,35.0055,5,4,0,0,0,6.62651,0.0136506,0.0122236,0.164395,0.00773458,True
aeeem,org::eclipse::jdt::internal::codeassist::complete::CompletionOnMarkerAnnotationName,5,6,1,4,1,0,0,388,15.0,2.0,81,0,0,0.0,2,9.0,4.0,0,0,0,0,0,0,aeeem,org::eclipse::jdt::internal::codeassist::complete::CompletionOnMarkerAnnotationName,22.0,6,3,3,183.571,28.0,6.0,0,11.0,4.66667,4.0,1.0,11.0,3.66667,23.3571,1,1,0,0,0,6.94335,0.00392713,0.00976588,0.162444,0.00112919,True
aeeem,org::eclipse::jdt::internal::compiler::parser::RecoveredImport,3,2,1,2,21,0,1,4,26.0,7.0,33,0,0,1.0,7,10.0,8.0,0,0,0,0,0,0,aeeem,org::eclipse::jdt::internal::compiler::parser::RecoveredImport,-1.0,29,5,5,367.0,139.0,140.0,0,57.0,4.7931,57.0,4.82759,7.0,-0.0344828,49.4584,0,0,0,0,0,4.07501,0.00220824,0.0062193,0.097153,0.00103086,True
aeeem,org::eclipse::jdt::internal::core::builder::BuildNotifier,12,1,6,6,105,0,15,0,189.0,15.0,8,0,0,4.0,13,81.0,66.0,0,0,0,0,0,0,aeeem,org::eclipse::jdt::internal::core::builder::BuildNotifier,42.0,37,7,4,329.0,487.0,445.0,0,240.0,13.1622,240.0,12.027,43.0,1.13514,46.494,8,7,1,1,0,9.44802,0.00883712,0.127266,8.11401,0.157405,True
aeeem,org::eclipse::jdt::internal::formatter::comment::CommentFormatterUtil,3,1,2,1,6,0,0,0,55.0,4.0,8,0,1,0.0,3,21.0,12.0,0,0,0,0,0,0,aeeem,org::eclipse::jdt::internal::formatter::comment::CommentFormatterUtil,0.0,4,1,4,168.857,3.0,3.0,0,1.0,0.75,1.0,0.75,0.0,0.0,55.3809,2,2,0,0,0,2.36846,0.00143639,0.00424624,0.058891,0.000997772,True
aeeem,org::eclipse::jdt::internal::compiler::flow::NullInfoRegistry,7,3,4,3,28,0,0,20,312.0,8.0,84,0,0,0.0,8,18.0,75.0,0,0,0,0,0,0,aeeem,org::eclipse::jdt::internal::compiler::flow::NullInfoRegistry,-28.0,6,2,1,117.857,233.0,261.0,0,219.0,38.8333,248.0,43.5,1.0,-4.66667,6.16432,4,4,0,0,1,3.17913,0.0838741,0.0074275,0.0840233,0.00752121,True
aeeem,org::eclipse::jdt::internal::compiler::ast::Reference,12,4,10,2,28,4,0,384,42.0,8.0,69,0,0,0.0,8,18.0,13.0,1,0,0,0,0,1,aeeem,org::eclipse::jdt::internal::compiler::ast::Reference,-47.0,37,6,4,367.0,315.0,362.0,0,76.0,8.51351,92.0,9.78378,11.0,-1.27027,60.6934,3,3,0,0,0,8.0715,0.0032547,0.0116738,0.190265,0.00118993,True
aeeem,org::eclipse::jdt::internal::core::CreateTypeMemberOperation,20,3,4,16,45,4,3,25,126.0,10.0,82,0,1,0.0,2,83.0,27.0,1,0,0,0,0,1,aeeem,org::eclipse::jdt::internal::core::CreateTypeMemberOperation,80.0,50,9,8,367.0,533.0,453.0,0,143.0,10.66,143.0,9.06,56.0,1.6,98.5864,8,7,0,0,0,15.0958,0.0360206,0.144342,8.26384,0.199481,True
aeeem,org::eclipse::jdt::internal::core::util::RuntimeVisibleAnnotationsAttribute,5,3,3,2,3,0,3,1,22.0,3.0,31,3,0,0.0,3,6.0,5.0,0,0,0,0,0,0,aeeem,org::eclipse::jdt::internal::core::util::RuntimeVisibleAnnotationsAttribute,136.0,7,3,4,222.857,144.0,8.0,0,68.0,20.5714,4.0,1.14286,68.0,19.4286,10.5605,0,0,0,0,0,4.07501,0.00220824,0.0062193,0.097153,0.00103086,True
aeeem,org::eclipse::jdt::internal::core::util::WeakHashSet,3,1,1,2,45,0,4,0,143.0,10.0,8,0,3,4.0,7,39.0,37.0,0,0,0,0,0,0,aeeem,org::eclipse::jdt::internal::core::util::WeakHashSet,422.0,7,5,1,142.571,431.0,9.0,0,206.0,61.5714,6.0,1.28571,206.0,60.2857,1.4183,1,1,0,0,0,3.76257,0.0114763,0.00598204,0.0907956,0.000860714,True
aeeem,org::eclipse::jdt::core::JavaConventions,19,1,11,8,91,0,3,0,219.0,14.0,8,3,2,0.0,12,109.0,69.0,1,0,1,1,0,1,aeeem,org::eclipse::jdt::core::JavaConventions,-36.0,141,10,19,367.0,4684.0,4720.0,0,670.0,33.2199,670.0,33.4752,219.0,-0.255319,84.7565,24,19,5,1,1,18.7552,0.17606,0.181025,8.4173,0.271999,True
aeeem,org::eclipse::jdt::internal::compiler::impl::StringConstant,5,2,5,0,10,0,1,152,27.0,5.0,41,1,1,0.0,4,6.0,5.0,0,0,0,0,0,0,aeeem,org::eclipse::jdt::internal::compiler::impl::StringConstant,2.0,30,4,4,367.0,148.0,146.0,0,48.0,4.93333,48.0,4.86667,5.0,0.0666667,52.1207,0,0,0,0,0,4.08525,0.00285167,0.00599796,0.0965694,0.000752173,True
aeeem,org::eclipse::jdt::internal::compiler::lookup::Binding,91,1,91,0,28,6,28,0,18.0,8.0,8,0,0,0.0,8,10.0,6.0,0,0,0,0,0,0,aeeem,org::eclipse::jdt::internal::compiler::lookup::Binding,78.0,42,9,5,367.0,255.0,177.0,0,41.0,6.07143,41.0,4.21429,10.0,1.85714,128.515,7,6,1,0,1,16.2655,0.00987753,0.183381,8.37704,0.313923,True
aeeem,org::eclipse::jdt::core::dom::DoStatement,6,3,1,5,91,0,5,95,106.0,14.0,73,3,0,0.0,5,53.0,27.0,0,0,0,0,0,0,aeeem,org::eclipse::jdt::core::dom::DoStatement,206.0,42,7,13,333.143,501.0,295.0,0,172.0,11.9286,172.0,7.02381,74.0,4.90476,72.5395,10,9,0,0,0,7.95479,0.00397769,0.154542,8.1394,0.232145,True
aeeem,org::eclipse::jdt::internal::compiler::util::GenericXMLWriter,9,1,4,5,36,1,3,0,99.0,9.0,38,3,4,0.0,5,44.0,25.0,0,0,0,0,0,0,aeeem,org::eclipse::jdt::internal::compiler::util::GenericXMLWriter,24.0,5,2,2,103.857,52.0,28.0,0,29.0,10.4,23.0,5.6,10.0,4.8,15.8049,3,2,0,0,0,3.0444,0.0146929,0.00675144,0.079878,0.00390605,True
aeeem,org::eclipse::jdt::internal::core::Region,8,1,5,3,28,1,1,0,89.0,8.0,12,0,1,0.0,6,43.0,22.0,0,0,0,0,0,0,aeeem,org::eclipse::jdt::internal::core::Region,-6.0,32,6,4,367.0,379.0,385.0,0,151.0,11.8438,151.0,12.0313,17.0,-0.1875,63.5756,2,2,0,0,0,7.25379,0.0102321,0.0118542,0.17587,0.00251882,True
aeeem,org::eclipse::jdt::internal::codeassist::impl::AssistCompilationUnit,6,5,1,5,15,0,2,71,21.0,6.0,279,2,0,0.0,6,14.0,6.0,0,0,0,0,0,0,aeeem,org::eclipse::jdt::internal::codeassist::impl::AssistCompilationUnit,0.0,1,1,0,14.7143,0.0,0.0,0,0.0,0.0,0.0,0.0,0.0,0.0,0.0,1,1,0,0,1,0.0,0.0,0.0,0.0,0.0,True
aeeem,org::eclipse::jdt::internal::core::BatchOperation,1,2,1,0,6,0,1,18,28.0,4.0,62,0,0,0.0,1,8.0,7.0,0,0,0,0,0,0,aeeem,org::eclipse::jdt::internal::core::BatchOperation,20.0,14,6,4,300.0,35.0,15.0,0,10.0,2.5,4.0,1.07143,10.0,1.42857,78.1429,1,1,0,0,0,6.94335,0.00298956,0.00976588,0.162444,0.00112919,True
aeeem,org::eclipse::jdt::internal::core::JarPackageFragmentRoot,22,5,4,19,210,0,2,62,185.0,21.0,202,1,1,0.0,13,86.0,47.0,0,0,0,0,0,0,aeeem,org::eclipse::jdt::internal::core::JarPackageFragmentRoot,-376.0,86,7,10,367.0,1544.0,1920.0,0,671.0,17.9535,671.0,22.3256,28.0,-4.37209,85.1222,19,17,2,1,2,16.2509,0.0459416,0.207098,8.42968,0.387258,True
aeeem,org::eclipse::jdt::internal::codeassist::CompletionEngine,75,2,4,71,8515,0,86,295,7341.0,131.0,19,25,111,50.0,9,2390.0,1680.0,7,0,0,0,0,1,aeeem,org::eclipse::jdt::internal::codeassist::CompletionEngine,10624.0,413,11,18,367.0,36511.0,25887.0,0,2702.0,88.4044,2702.0,62.6804,868.0,25.724,119.439,205,169,9,1,6,48.228,1.91567,0.297747,9.3016,0.573765,True
aeeem,org::eclipse::jdt::internal::compiler::ast::TryStatement,26,4,3,23,78,0,28,381,784.0,13.0,46,11,1,17.0,12,256.0,134.0,3,0,0,0,0,1,aeeem,org::eclipse::jdt::internal::compiler::ast::TryStatement,508.0,139,7,18,367.0,4053.0,3545.0,0,618.0,29.1583,558.0,25.5036,92.0,3.65468,129.03,31,29,3,2,0,22.8522,0.219143,0.0417087,0.56581,0.0265101,True
aeeem,org::eclipse::jdt::internal::compiler::lookup::ParameterizedGenericMethodBinding,13,4,2,13,66,0,7,38,412.0,12.0,80,2,3,5.0,9,81.0,105.0,0,0,0,0,0,0,aeeem,org::eclipse::jdt::internal::compiler::lookup::ParameterizedGenericMethodBinding,799.0,90,8,4,217.857,1635.0,836.0,0,276.0,18.1667,153.0,9.28889,204.0,8.87778,46.7696,44,42,12,5,0,31.4543,0.190234,0.19938,8.7335,0.335058,True
aeeem,org::eclipse::jdt::core::dom::Javadoc,18,3,12,6,91,0,7,95,108.0,14.0,75,5,0,0.0,4,49.0,26.0,0,0,0,0,0,0,aeeem,org::eclipse::jdt::core::dom::Javadoc,378.0,51,7,11,333.143,687.0,309.0,0,119.0,13.4706,119.0,6.05882,104.0,7.41176,87.2758,8,7,0,0,0,6.84846,0.00393189,0.151789,8.10896,0.231177,True
aeeem,org::eclipse::jdt::internal::core::ElementCache,5,3,1,4,10,1,1,10,36.0,5.0,59,0,0,1.0,1,12.0,8.0,0,0,0,0,0,0,aeeem,org::eclipse::jdt::internal::core::ElementCache,30.0,22,5,4,367.0,203.0,173.0,0,66.0,9.22727,66.0,7.86364,32.0,1.36364,103.087,4,3,2,1,1,8.14238,0.00830037,0.125977,8.0855,0.15785,True
aeeem,org::eclipse::jdt::internal::compiler::lookup::ReferenceBinding,102,3,96,12,2926,8,11,41,840.0,77.0,72,3,1,8.0,69,290.0,308.0,1,0,0,0,0,1,aeeem,org::eclipse::jdt::internal::compiler::lookup::ReferenceBinding,829.0,181,10,11,367.0,3670.0,2841.0,0,599.0,20.2762,599.0,15.6961,180.0,4.58011,146.225,50,49,3,1,0,37.0956,0.177573,0.210879,8.87905,0.330973,True
aeeem,org::eclipse::jdt::core::dom::InfixExpression,5,3,1,4,190,0,9,95,158.0,20.0,73,5,0,0.0,9,74.0,42.0,0,0,0,0,0,0,aeeem,org::eclipse::jdt::core::dom::InfixExpression,249.0,42,7,15,333.143,855.0,606.0,0,407.0,20.3571,407.0,14.4286,116.0,5.92857,61.1658,11,10,0,0,0,7.95479,0.00397769,0.154542,8.1394,0.232145,True
aeeem,org::eclipse::jdt::internal::codeassist::complete::CompletionOnJavadocAllocationExpression,2,6,1,1,28,0,2,405,56.0,8.0,100,0,0,2.0,8,26.0,18.0,0,0,0,0,0,0,aeeem,org::eclipse::jdt::internal::codeassist::complete::CompletionOnJavadocAllocationExpression,24.0,6,2,0,140.143,26.0,2.0,0,15.0,4.33333,1.0,0.333333,14.0,4.0,5.91758,4,4,0,0,0,4.01609,0.00099479,0.00836727,0.103132,0.00589837,True
aeeem,org::eclipse::jdt::internal::compiler::util::HashtableOfInt,3,1,2,1,21,0,4,0,71.0,7.0,8,0,1,4.0,6,11.0,22.0,0,0,0,0,0,0,aeeem,org::eclipse::jdt::internal::compiler::util::HashtableOfInt,0.0,28,7,3,367.0,253.0,253.0,0,92.0,9.03571,92.0,9.03571,9.0,0.0,44.2716,0,0,0,0,0,3.9771,0.00236469,0.00585268,0.0940532,0.000756986,True
aeeem,org::eclipse::jdt::internal::compiler::env::ClassSignature,5,1,4,1,3,0,1,0,12.0,3.0,8,0,0,1.0,3,7.0,3.0,0,0,0,0,0,0,aeeem,org::eclipse::jdt::internal::compiler::env::ClassSignature,0.0,2,2,1,127.0,1.0,1.0,0,1.0,0.5,1.0,0.5,0.0,0.0,69.2857,0,0,0,0,0,1.06049,0.000678105,0.00371141,0.0316289,0.00673218,True
aeeem,org::eclipse::jdt::internal::formatter::CodeFormatterVisitor,18,2,1,17,780,0,9,0,1248.0,40.0,11,5,35,3.0,5,405.0,316.0,2,0,0,0,0,1,aeeem,org::eclipse::jdt::internal::formatter::CodeFormatterVisitor,2318.0,252,8,142,261.571,7409.0,5091.0,0,1496.0,29.4008,428.0,20.2024,1296.0,9.19841,48.5992,132,108,7,0,3,38.6091,0.189006,0.141039,1.11559,0.29541,True
aeeem,org::eclipse::jdt::internal::core::util::ParameterAnnotation,4,2,2,2,6,0,4,0,25.0,4.0,21,4,0,0.0,3,7.0,6.0,0,0,0,0,0,0,aeeem,org::eclipse::jdt::internal::core::util::ParameterAnnotation,144.0,9,4,5,222.857,153.0,9.0,0,72.0,17.0,4.0,1.0,72.0,16.0,11.4613,1,1,0,0,0,5.53745,0.00248193,0.00809341,0.130716,0.00109711,True
aeeem,org::eclipse::jdt::internal::compiler::ast::LabeledStatement,11,3,0,11,21,0,5,380,92.0,7.0,38,0,0,5.0,7,34.0,20.0,0,0,0,0,0,0,aeeem,org::eclipse::jdt::internal::compiler::ast::LabeledStatement,30.0,58,7,9,367.0,549.0,519.0,0,125.0,9.46552,125.0,8.94828,29.0,0.517241,88.0458,8,7,2,1,1,12.7023,0.024178,0.148845,8.23331,0.230898,True
aeeem,org::eclipse::jdt::core::dom::NormalAnnotation,4,4,1,3,78,0,4,96,67.0,13.0,88,2,0,0.0,2,41.0,18.0,0,0,0,0,0,0,aeeem,org::eclipse::jdt::core::dom::NormalAnnotation,412.0,23,5,4,226.0,464.0,52.0,0,123.0,20.1739,12.0,2.26087,123.0,17.913,3.29433,4,3,0,0,0,5.59671,0.00386532,0.149865,8.07898,0.23097,True
aeeem,org::eclipse::jdt::core::dom::BlockComment,4,3,2,2,36,0,1,95,31.0,9.0,75,1,0,0.0,1,19.0,9.0,0,0,0,0,0,0,aeeem,org::eclipse::jdt::core::dom::BlockComment,79.0,21,5,7,229.714,103.0,24.0,0,37.0,4.90476,4.0,1.14286,37.0,3.7619,16.3523,3,2,0,0,0,7.95479,0.00397769,0.154542,8.1394,0.232145,True
aeeem,org::eclipse::jdt::internal::core::util::SimpleWordSet,2,1,1,1,6,0,3,0,43.0,4.0,8,0,1,3.0,3,11.0,14.0,0,0,0,0,0,0,aeeem,org::eclipse::jdt::internal::core::util::SimpleWordSet,4.0,9,5,3,233.0,19.0,15.0,0,5.0,2.11111,5.0,1.66667,2.0,0.444444,33.4662,1,1,1,1,1,4.07501,0.00245303,0.0062193,0.097153,0.00103086,True
aeeem,org::eclipse::jdt::internal::compiler::ast::AnnotationMethodDeclaration,14,4,1,13,28,0,2,410,128.0,8.0,66,0,0,2.0,8,54.0,33.0,0,0,0,0,0,0,aeeem,org::eclipse::jdt::internal::compiler::ast::AnnotationMethodDeclaration,75.0,21,5,3,187.0,130.0,55.0,1,52.0,6.19048,21.0,2.61905,52.0,3.57143,8.06264,2,1,0,0,0,7.51373,0.00670714,0.0108253,0.176986,0.0010655,True
aeeem,org::eclipse::jdt::core::search::ReferenceMatch,2,2,1,1,3,1,0,2,10.0,3.0,33,0,0,0.0,2,5.0,3.0,1,0,0,0,0,1,aeeem,org::eclipse::jdt::core::search::ReferenceMatch,0.0,1,1,0,12.2857,0.0,0.0,0,0.0,0.0,0.0,0.0,0.0,0.0,0.0,1,0,0,0,0,0.0,0.0,0.0,0.0,0.0,True
aeeem,org::eclipse::jdt::internal::codeassist::impl::AssistSourceField,4,8,2,3,21,0,4,69,41.0,7.0,234,4,0,0.0,6,17.0,10.0,0,0,0,0,0,0,aeeem,org::eclipse::jdt::internal::codeassist::impl::AssistSourceField,11.0,2,1,0,14.7143,12.0,1.0,0,12.0,6.0,1.0,0.5,11.0,5.5,9.57143,2,2,0,0,1,1.29357,0.00458412,0.0546777,0.153793,0.11188,True
aeeem,org::eclipse::jdt::core::dom::DefaultASTVisitor,0,2,0,0,10,2,0,0,15.0,5.0,13,0,0,0.0,3,7.0,5.0,0,0,0,0,0,0,aeeem,org::eclipse::jdt::core::dom::DefaultASTVisitor,108.0,9,5,2,224.143,373.0,265.0,0,341.0,41.4444,259.0,29.4444,82.0,12.0,159.199,7,5,0,0,1,7.76307,0.123284,0.0169774,0.201121,0.0158315,True
aeeem,org::eclipse::jdt::internal::core::JavaElementDeltaBuilder,16,1,3,14,210,0,9,0,354.0,21.0,8,0,18,9.0,3,163.0,112.0,0,0,0,0,0,0,aeeem,org::eclipse::jdt::internal::core::JavaElementDeltaBuilder,26.0,48,7,6,367.0,1148.0,1122.0,0,464.0,23.9167,464.0,23.375,49.0,0.541667,82.3712,8,6,0,0,1,11.7544,0.0498364,0.134947,8.18128,0.172188,True
aeeem,org::eclipse::jdt::internal::core::ClassFileWorkingCopy,11,5,1,11,36,0,1,71,68.0,9.0,279,0,0,1.0,7,41.0,18.0,0,0,0,0,0,0,aeeem,org::eclipse::jdt::internal::core::ClassFileWorkingCopy,-843.0,65,8,5,328.143,646.0,1489.0,0,64.0,9.93846,625.0,22.9077,34.0,-12.9692,96.705,7,4,0,0,1,11.2467,0.0615187,0.141369,8.18253,0.201912,True
aeeem,org::eclipse::jdt::internal::compiler::ast::AllocationExpression,19,4,4,15,120,3,8,384,337.0,16.0,77,0,0,7.0,16,119.0,100.0,1,0,0,0,0,1,aeeem,org::eclipse::jdt::internal::compiler::ast::AllocationExpression,202.0,96,10,11,367.0,1711.0,1509.0,0,272.0,17.8229,290.0,15.7187,50.0,2.10417,115.101,20,19,2,2,0,24.5715,0.0686667,0.177189,8.54178,0.276803,True
aeeem,org::eclipse::jdt::internal::compiler::SourceElementNotifier,11,1,3,9,78,1,10,0,299.0,13.0,8,0,6,10.0,1,51.0,78.0,0,0,0,0,0,0,aeeem,org::eclipse::jdt::internal::compiler::SourceElementNotifier,6.0,2,2,0,14.7143,10.0,4.0,0,10.0,5.0,4.0,2.0,6.0,3.0,5.0,2,2,0,0,1,1.09529,0.00232389,0.0246875,0.0735047,0.0773417,True
aeeem,org::eclipse::jdt::core::dom::ASTVisitor,2,1,2,0,10,6,1,0,15.0,5.0,8,1,0,0.0,5,5.0,5.0,0,0,0,0,0,0,aeeem,org::eclipse::jdt::core::dom::ASTVisitor,4249.0,35,9,7,333.143,5188.0,939.0,0,1713.0,148.229,434.0,26.8286,1511.0,121.4,105.181,5,4,0,0,0,7.97103,0.0153458,0.0148224,0.198091,0.00942904,True
aeeem,org::eclipse::jdt::internal::core::util::BindingKeyParser,6,1,2,4,1378,4,5,0,423.0,53.0,8,3,20,1.0,33,241.0,117.0,0,0,0,0,0,0,aeeem,org::eclipse::jdt::internal::core::util::BindingKeyParser,543.0,40,4,4,175.714,1012.0,469.0,0,232.0,25.3,78.0,11.725,154.0,13.575,41.0707,24,22,4,0,1,20.0781,0.254233,0.165402,8.42492,0.251941,True
aeeem,org::eclipse::jdt::core::dom::Modifier,9,2,7,2,300,0,15,95,96.0,25.0,70,2,0,0.0,16,43.0,28.0,0,0,0,0,0,0,aeeem,org::eclipse::jdt::core::dom::Modifier,797.0,36,7,9,333.143,1462.0,665.0,0,425.0,40.6111,315.0,18.4722,270.0,22.1389,120.387,6,4,0,0,0,7.27499,0.0490958,0.153141,8.12186,0.231652,True
aeeem,org::eclipse::jdt::internal::core::dom::rewrite::RewriteEvent,6,1,6,0,10,2,5,0,0.0,5.0,8,0,0,0.0,5,5.0,0.0,0,0,0,0,0,0,aeeem,org::eclipse::jdt::internal::core::dom::rewrite::RewriteEvent,0.0,7,4,3,220.143,9.0,9.0,0,3.0,1.28571,3.0,1.28571,0.0,0.0,45.0952,0,0,0,0,0,4.07501,0.00196346,0.0062193,0.097153,0.00103086,True
aeeem,org::eclipse::jdt::internal::core::util::MethodInfo,13,2,1,12,136,0,12,0,123.0,17.0,32,12,2,0.0,14,53.0,40.0,0,0,0,0,0,0,aeeem,org::eclipse::jdt::internal::core::util::MethodInfo,79.0,24,5,7,322.714,251.0,172.0,0,67.0,10.4583,51.0,7.16667,20.0,3.29167,78.992,3,3,0,0,1,4.8759,0.0022644,0.00711917,0.114995,0.00104293,True
aeeem,org::eclipse::jdt::internal::core::builder::AbstractImageBuilder,39,1,3,36,351,2,20,0,639.0,27.0,10,1,0,1.0,2,248.0,171.0,2,0,0,0,0,1,aeeem,org::eclipse::jdt::internal::core::builder::AbstractImageBuilder,658.0,150,11,14,329.0,2422.0,1764.0,0,411.0,16.1467,411.0,11.76,151.0,4.38667,135.043,41,35,2,0,1,36.8083,0.297852,0.223532,8.89567,0.354999,True
aeeem,org::eclipse::jdt::internal::compiler::ast::NullLiteral,1,6,0,1,28,0,1,384,32.0,8.0,79,0,0,0.0,8,13.0,9.0,0,0,0,0,0,0,aeeem,org::eclipse::jdt::internal::compiler::ast::NullLiteral,13.0,27,5,6,367.0,174.0,161.0,0,52.0,6.44444,52.0,5.96296,8.0,0.481481,78.014,7,7,1,1,0,9.14824,0.00318961,0.0148253,0.221303,0.00339668,True
aeeem,org::eclipse::jdt::internal::compiler::flow::InsideSubRoutineFlowContext,5,2,2,3,15,0,1,141,27.0,6.0,35,0,0,1.0,6,14.0,8.0,0,0,0,0,0,0,aeeem,org::eclipse::jdt::internal::compiler::flow::InsideSubRoutineFlowContext,40.0,27,5,3,367.0,185.0,145.0,0,41.0,6.85185,41.0,5.37037,16.0,1.48148,88.8672,6,6,0,0,0,5.25685,0.00569738,0.00790131,0.125004,0.0010311,True
aeeem,org::eclipse::jdt::internal::compiler::util::ObjectVector,9,1,7,2,66,0,4,0,78.0,12.0,8,0,0,4.0,12,21.0,25.0,0,0,0,0,0,0,aeeem,org::eclipse::jdt::internal::compiler::util::ObjectVector,62.0,35,6,5,367.0,391.0,329.0,0,131.0,11.1714,131.0,9.4,32.0,1.77143,38.0018,3,3,1,0,0,7.10696,0.00527875,0.127566,8.06834,0.17271,True
aeeem,org::eclipse::jdt::core::dom::AnonymousClassDeclaration,6,2,4,3,66,0,3,95,53.0,12.0,68,2,0,0.0,3,30.0,14.0,0,0,0,0,0,0,aeeem,org::eclipse::jdt::core::dom::AnonymousClassDeclaration,122.0,27,8,8,328.143,168.0,46.0,0,57.0,6.22222,6.0,1.7037,53.0,4.51852,102.19,7,6,0,0,0,7.95479,0.00397769,0.154542,8.1394,0.232145,True
aeeem,org::eclipse::jdt::internal::compiler::ast::QualifiedTypeReference,20,5,10,11,28,4,2,384,105.0,8.0,87,0,0,2.0,6,55.0,37.0,0,0,0,0,0,0,aeeem,org::eclipse::jdt::internal::compiler::ast::QualifiedTypeReference,88.0,70,9,5,367.0,421.0,333.0,0,62.0,6.01429,62.0,4.75714,32.0,1.25714,128.918,16,16,2,0,1,25.0807,0.0200452,0.20111,8.60286,0.345685,True
aeeem,org::eclipse::jdt::internal::compiler::ast::OR_OR_Expression,10,6,1,9,15,0,2,415,226.0,6.0,117,0,0,2.0,6,87.0,53.0,0,0,0,0,0,0,aeeem,org::eclipse::jdt::internal::compiler::ast::OR_OR_Expression,-168.0,50,6,5,367.0,1636.0,1804.0,0,295.0,32.72,321.0,36.08,18.0,-3.36,64.1712,12,12,3,3,0,12.0762,0.0159521,0.019818,0.291856,0.00865566,True
aeeem,org::eclipse::jdt::internal::core::util::SourceFileAttribute,4,3,1,3,3,0,2,1,15.0,3.0,31,2,0,0.0,3,8.0,4.0,0,0,0,0,0,0,aeeem,org::eclipse::jdt::internal::core::util::SourceFileAttribute,-19.0,13,5,4,322.714,30.0,49.0,0,9.0,2.30769,10.0,3.76923,0.0,-1.46154,49.4905,0,0,0,0,0,4.07501,0.00220824,0.0062193,0.097153,0.00103086,True
aeeem,org::eclipse::jdt::core::dom::Expression,2,2,0,2,10,26,0,95,15.0,5.0,68,0,0,0.0,4,13.0,5.0,0,0,0,0,0,0,aeeem,org::eclipse::jdt::core::dom::Expression,62.0,14,7,5,333.143,192.0,130.0,0,79.0,13.7143,79.0,9.28571,32.0,4.42857,100.571,2,1,0,0,0,2.96868,0.0126497,0.0034669,0.0667091,6.29834e-05,True
aeeem,org::eclipse::jdt::internal::compiler::util::Messages,14,1,6,8,10,0,39,0,80.0,5.0,8,3,2,36.0,3,29.0,15.0,0,0,0,0,0,0,aeeem,org::eclipse::jdt::internal::compiler::util::Messages,168.0,18,4,9,166.714,237.0,69.0,0,200.0,13.1667,43.0,3.83333,157.0,9.33333,9.8692,7,5,0,0,1,11.6815,0.0310828,0.147029,8.20478,0.219187,True
aeeem,org::eclipse::jdt::internal::core::CopyElementsOperation,21,3,0,21,28,1,1,34,124.0,8.0,78,1,2,0.0,1,78.0,38.0,0,0,0,0,0,0,aeeem,org::eclipse::jdt::internal::core::CopyElementsOperation,4.0,57,7,6,367.0,667.0,663.0,0,263.0,11.7018,263.0,11.6316,14.0,0.0701754,62.2949,8,6,1,0,0,17.8759,0.0131251,0.151972,8.34094,0.208135,True
aeeem,org::eclipse::jdt::internal::compiler::ast::SynchronizedStatement,13,4,1,12,28,0,7,381,158.0,8.0,46,0,0,6.0,8,70.0,25.0,0,0,0,0,0,0,aeeem,org::eclipse::jdt::internal::compiler::ast::SynchronizedStatement,84.0,66,7,12,367.0,946.0,862.0,0,169.0,14.3333,169.0,13.0606,22.0,1.27273,104.98,17,17,1,1,1,15.2779,0.0443422,0.0322277,0.391872,0.0299632,True
aeeem,org::eclipse::jdt::internal::core::RenameElementsOperation,3,5,1,2,6,0,0,34,28.0,4.0,87,0,0,0.0,1,13.0,10.0,0,0,0,0,0,0,aeeem,org::eclipse::jdt::internal::core::RenameElementsOperation,-5.0,31,6,3,367.0,185.0,190.0,0,83.0,5.96774,83.0,6.12903,6.0,-0.16129,51.556,3,3,0,0,0,7.42989,0.00344595,0.0111101,0.175082,0.00513063,True
aeeem,org::eclipse::jdt::internal::core::jdom::DOMImport,7,3,1,6,66,0,2,38,62.0,12.0,119,0,0,0.0,8,33.0,16.0,0,0,0,0,0,0,aeeem,org::eclipse::jdt::internal::core::jdom::DOMImport,50.0,39,7,5,367.0,514.0,464.0,0,158.0,13.1795,158.0,11.8974,25.0,1.28205,53.9778,4,4,0,0,0,6.92698,0.00376086,0.0097273,0.161994,0.00112517,True
aeeem,org::eclipse::jdt::internal::compiler::ast::SingleTypeReference,22,5,14,9,28,6,1,384,63.0,8.0,87,0,0,1.0,7,30.0,19.0,0,0,0,0,0,0,aeeem,org::eclipse::jdt::internal::compiler::ast::SingleTypeReference,34.0,46,9,5,367.0,355.0,321.0,0,65.0,7.71739,65.0,6.97826,11.0,0.73913,108.363,4,3,0,0,0,13.4078,0.0102507,0.153461,8.25459,0.25148,True
aeeem,org::eclipse::jdt::internal::codeassist::InternalCompletionProposal,8,1,3,5,136,1,21,0,127.0,17.0,8,1,0,0.0,1,31.0,34.0,1,0,0,0,0,1,aeeem,org::eclipse::jdt::internal::codeassist::InternalCompletionProposal,-113.0,12,4,2,191.714,117.0,230.0,0,43.0,9.75,105.0,19.1667,7.0,-9.41667,38.3492,5,4,1,0,0,10.0703,0.0756812,0.014064,0.235473,0.00119597,True
aeeem,org::eclipse::jdt::internal::compiler::ast::UnaryExpression,14,5,1,13,28,0,2,412,253.0,8.0,94,0,0,2.0,8,73.0,58.0,0,0,0,0,0,0,aeeem,org::eclipse::jdt::internal::compiler::ast::UnaryExpression,37.0,63,8,7,367.0,1269.0,1232.0,0,287.0,20.1429,287.0,19.5556,24.0,0.587302,48.3928,10,10,2,2,0,17.3206,0.0231784,0.140628,8.30766,0.157463,True
aeeem,org::eclipse::jdt::core::dom::ASTRecoveryPropagator,5,3,1,4,36,0,13,0,261.0,9.0,18,12,4,1.0,2,56.0,69.0,0,0,0,0,0,0,aeeem,org::eclipse::jdt::core::dom::ASTRecoveryPropagator,368.0,9,3,2,126.0,388.0,20.0,0,267.0,43.1111,11.0,2.22222,256.0,40.8889,23.0066,7,6,1,0,1,8.11626,0.0626451,0.169647,8.18048,0.299608,True
aeeem,org::eclipse::jdt::core::Flags,19,1,18,1,231,0,20,0,95.0,22.0,8,0,1,0.0,21,48.0,34.0,0,0,0,0,0,0,aeeem,org::eclipse::jdt::core::Flags,289.0,48,8,5,367.0,928.0,639.0,0,293.0,19.3333,293.0,13.3125,68.0,6.02083,81.3798,2,2,0,0,0,7.83265,0.00868952,0.154022,8.13529,0.231786,True
aeeem,org::eclipse::jdt::internal::core::CreatePackageDeclarationOperation,13,3,2,11,21,0,1,25,57.0,7.0,82,0,0,0.0,3,31.0,14.0,0,0,0,0,0,0,aeeem,org::eclipse::jdt::internal::core::CreatePackageDeclarationOperation,3.0,40,7,4,367.0,326.0,323.0,0,134.0,8.15,134.0,8.075,14.0,0.075,65.1613,8,8,1,1,0,11.9751,0.0144735,0.142277,8.19773,0.205538,True
aeeem,org::eclipse::jdt::internal::compiler::problem::AbortMethod,5,4,5,0,0,0,1,6,3.0,1.0,27,1,0,0.0,1,1.0,1.0,0,0,0,0,0,0,aeeem,org::eclipse::jdt::internal::compiler::problem::AbortMethod,13.0,18,5,3,367.0,64.0,51.0,0,25.0,3.55556,25.0,2.83333,6.0,0.722222,93.6473,3,3,0,0,0,4.08525,0.00155648,0.00599796,0.0965694,0.000752173,True
aeeem,org::eclipse::jdt::internal::core::JavaElementDelta,16,2,11,5,666,0,9,28,485.0,37.0,30,0,1,9.0,24,169.0,131.0,0,0,0,0,0,0,aeeem,org::eclipse::jdt::internal::core::JavaElementDelta,251.0,69,7,5,367.0,2270.0,2019.0,0,728.0,32.8986,728.0,29.2609,98.0,3.63768,56.1678,14,10,0,0,3,10.3083,0.0234571,0.136885,8.15721,0.192711,True
aeeem,org::eclipse::jdt::core::dom::WhileStatement,7,3,2,5,91,0,5,95,106.0,14.0,73,3,0,0.0,5,53.0,27.0,0,0,0,0,0,0,aeeem,org::eclipse::jdt::core::dom::WhileStatement,206.0,40,7,13,333.143,501.0,295.0,0,174.0,12.525,174.0,7.375,74.0,5.15,72.5264,9,8,0,0,0,7.95479,0.00397769,0.154542,8.1394,0.232145,True
aeeem,org::eclipse::jdt::core::dom::InstanceofExpression,5,3,1,4,91,0,5,95,106.0,14.0,73,3,0,0.0,5,51.0,27.0,0,0,0,0,0,0,aeeem,org::eclipse::jdt::core::dom::InstanceofExpression,180.0,35,7,12,321.0,297.0,117.0,0,92.0,8.48571,18.0,3.34286,74.0,5.14286,91.5094,8,7,0,0,0,7.95479,0.00397769,0.154542,8.1394,0.232145,True
aeeem,org::eclipse::jdt::internal::compiler::impl::CharConstant,4,2,4,0,66,0,1,152,38.0,12.0,41,1,1,0.0,11,14.0,12.0,0,0,0,0,0,0,aeeem,org::eclipse::jdt::internal::compiler::impl::CharConstant,-22.0,34,6,6,367.0,203.0,225.0,0,54.0,5.97059,54.0,6.61765,4.0,-0.647059,69.1696,1,1,0,0,0,6.77104,0.00334607,0.0101348,0.160922,0.00120756,True
aeeem,org::eclipse::jdt::internal::compiler::lookup::LocalTypeBinding,20,6,9,12,105,0,6,61,186.0,15.0,207,1,0,4.0,14,100.0,49.0,0,0,0,0,0,0,aeeem,org::eclipse::jdt::internal::compiler::lookup::LocalTypeBinding,195.0,62,9,7,367.0,711.0,516.0,0,106.0,11.4677,117.0,8.32258,28.0,3.14516,133.266,11,10,1,1,0,19.5989,0.0747923,0.0395532,0.491817,0.0502912,True
aeeem,org::eclipse::jdt::internal::compiler::impl::CompilerOptions,33,1,27,6,105,0,218,0,974.0,15.0,8,1,0,42.0,14,287.0,392.0,1,0,0,0,0,1,aeeem,org::eclipse::jdt::internal::compiler::impl::CompilerOptions,1125.0,233,11,26,367.0,10114.0,8989.0,0,619.0,43.4077,619.0,38.5794,300.0,4.82833,71.8777,76,57,3,1,2,36.059,0.229668,0.134495,1.04934,0.32745,True
aeeem,org::eclipse::jdt::internal::core::eval::RequestorWrapper,4,1,1,3,3,0,1,0,36.0,3.0,10,0,0,1.0,3,18.0,7.0,0,0,0,0,0,0,aeeem,org::eclipse::jdt::internal::core::eval::RequestorWrapper,-4.0,24,6,3,367.0,146.0,150.0,0,65.0,6.08333,65.0,6.25,4.0,-0.166667,65.5724,4,4,0,0,0,8.6406,0.00467795,0.0155542,0.213761,0.00741533,True
aeeem,org::eclipse::jdt::internal::compiler::parser::ScannerHelper,37,1,35,2,91,0,15,0,136.0,14.0,8,3,2,0.0,12,34.0,52.0,0,0,0,0,0,0,aeeem,org::eclipse::jdt::internal::compiler::parser::ScannerHelper,219.0,22,4,9,173.429,584.0,365.0,0,155.0,26.5455,102.0,16.5909,53.0,9.95454,40.4474,2,1,0,0,0,8.02975,0.0405738,0.124585,8.08011,0.150244,True
aeeem,org::eclipse::jdt::internal::core::search::matching::MultiTypeDeclarationPattern,6,4,1,5,15,0,4,61,146.0,6.0,45,0,0,3.0,3,34.0,46.0,1,0,0,0,0,1,aeeem,org::eclipse::jdt::internal::core::search::matching::MultiTypeDeclarationPattern,90.0,15,3,5,169.571,182.0,92.0,0,53.0,12.1333,54.0,6.13333,52.0,6.0,34.5275,10,9,0,0,0,12.7087,0.040186,0.138954,8.21217,0.179479,True
aeeem,org::eclipse::jdt::internal::core::SelectionRequestor,33,1,3,31,253,0,5,0,781.0,23.0,15,0,1,0.0,15,346.0,197.0,0,0,0,0,0,0,aeeem,org::eclipse::jdt::internal::core::SelectionRequestor,942.0,90,9,6,367.0,2364.0,1422.0,0,335.0,26.2667,335.0,15.8,149.0,10.4667,140.613,26,24,3,0,2,21.0102,0.17533,0.146891,8.39244,0.213129,True
aeeem,org::eclipse::jdt::core::dom::FieldDeclaration,11,3,6,6,153,0,9,97,136.0,18.0,84,4,0,0.0,4,69.0,37.0,0,0,0,0,0,0,aeeem,org::eclipse::jdt::core::dom::FieldDeclaration,290.0,59,8,16,333.143,821.0,531.0,0,243.0,13.9153,243.0,9.0,170.0,4.91525,78.58,13,10,0,0,1,8.43242,0.0070524,0.153579,8.14429,0.231202,True
aeeem,org::eclipse::jdt::internal::eval::GlobalVariable,4,1,3,1,10,0,7,0,26.0,5.0,8,0,0,7.0,5,11.0,6.0,0,0,0,0,0,0,aeeem,org::eclipse::jdt::internal::eval::GlobalVariable,-1.0,26,4,4,367.0,197.0,198.0,0,69.0,7.57692,69.0,7.61538,9.0,-0.0384615,35.0812,0,0,0,0,0,4.07501,0.00220824,0.0062193,0.097153,0.00103086,True
aeeem,org::eclipse::jdt::core::dom::MemberValuePairBinding,15,2,4,11,171,1,6,6,152.0,19.0,24,3,1,0.0,14,76.0,56.0,0,0,0,0,0,0,aeeem,org::eclipse::jdt::core::dom::MemberValuePairBinding,44.0,6,2,5,122.714,74.0,30.0,0,50.0,12.3333,16.0,5.0,34.0,7.33333,56.0985,6,5,0,0,0,3.42644,0.00818911,0.00934984,0.0947131,0.0116323,True
aeeem,org::eclipse::jdt::internal::core::hierarchy::TypeHierarchy,34,1,9,28,2278,1,33,0,1119.0,68.0,33,0,19,5.0,32,493.0,283.0,1,1,0,0,0,1,aeeem,org::eclipse::jdt::internal::core::hierarchy::TypeHierarchy,265.0,122,8,7,367.0,4457.0,4192.0,0,1312.0,36.5328,1312.0,34.3607,357.0,2.17213,59.2385,27,27,2,0,1,18.5538,0.0466464,0.0384879,0.471849,0.0412559,True
aeeem,org::eclipse::jdt::internal::compiler::lookup::ParameterizedTypeBinding,35,4,19,20,1275,1,10,49,866.0,51.0,151,2,0,8.0,46,296.0,256.0,2,0,1,0,0,1,aeeem,org::eclipse::jdt::internal::compiler::lookup::ParameterizedTypeBinding,2082.0,184,10,8,230.857,4159.0,2077.0,0,756.0,22.6033,203.0,11.288,756.0,11.3152,48.756,69,66,12,4,0,35.6247,0.252619,0.228898,8.8842,0.392024,True
aeeem,org::eclipse::jdt::internal::codeassist::select::SelectionOnArgumentName,5,6,1,4,6,0,0,397,26.0,4.0,72,0,0,0.0,4,16.0,6.0,0,0,0,0,0,0,aeeem,org::eclipse::jdt::internal::codeassist::select::SelectionOnArgumentName,14.0,15,6,4,325.143,57.0,43.0,0,20.0,3.8,14.0,2.86667,8.0,0.933333,71.1905,1,1,0,0,0,4.07501,0.00220824,0.0062193,0.097153,0.00103086,True
aeeem,org::eclipse::jdt::internal::eval::CodeSnippetTypeDeclaration,8,4,1,7,1,0,0,421,56.0,2.0,68,0,0,0.0,2,23.0,13.0,0,0,0,0,0,0,aeeem,org::eclipse::jdt::internal::eval::CodeSnippetTypeDeclaration,4.0,23,5,6,367.0,225.0,221.0,0,83.0,9.78261,83.0,9.6087,6.0,0.173913,79.4641,3,3,0,0,1,7.94507,0.0105621,0.0179755,0.207851,0.0171984,True
aeeem,org::eclipse::jdt::internal::eval::EvaluationResult,8,1,3,5,78,0,11,0,99.0,13.0,8,0,0,5.0,12,34.0,29.0,0,0,0,0,0,0,aeeem,org::eclipse::jdt::internal::eval::EvaluationResult,-14.0,29,4,3,367.0,581.0,595.0,0,232.0,20.0345,232.0,20.5172,5.0,-0.482759,33.3142,2,2,0,0,0,4.08525,0.00266665,0.00599796,0.0965694,0.000752173,True
aeeem,org::eclipse::jdt::internal::core::search::indexing::IndexingParser,1,4,1,0,6,0,3,413,31.0,4.0,67,0,0,3.0,1,4.0,5.0,0,0,0,0,0,0,aeeem,org::eclipse::jdt::internal::core::search::indexing::IndexingParser,3.0,3,2,1,118.857,5.0,2.0,0,4.0,1.66667,1.0,0.666667,3.0,1.0,59.0571,1,1,0,0,1,1.29561,0.00162808,0.00438967,0.0382717,0.00748615,True
aeeem,org::eclipse::jdt::core::JDTCompilerAdapter,7,1,0,7,1,0,10,0,21.0,2.0,0,8,0,2.0,1,28.0,3.0,0,0,0,0,0,0,aeeem,org::eclipse::jdt::core::JDTCompilerAdapter,637.0,80,7,31,318.143,1561.0,924.0,0,247.0,19.5125,145.0,11.55,223.0,7.9625,122.75,30,27,1,1,1,15.5832,0.0632826,0.0248605,0.375188,0.00633314,True
aeeem,org::eclipse::jdt::internal::codeassist::CompletionRequestorWrapper,4,2,0,4,10,0,2,0,306.0,5.0,22,2,2,0.0,3,222.0,56.0,1,0,0,0,0,1,aeeem,org::eclipse::jdt::internal::codeassist::CompletionRequestorWrapper,1.0,7,3,3,191.714,33.0,32.0,0,17.0,4.71429,17.0,4.57143,1.0,0.142857,7.50216,0,0,0,0,0,4.07501,0.00220824,0.0062193,0.097153,0.00103086,True
aeeem,org::eclipse::jdt::internal::core::CreateElementInCUOperation,19,2,8,11,190,3,7,18,142.0,20.0,62,0,0,0.0,5,85.0,36.0,0,0,0,0,0,0,aeeem,org::eclipse::jdt::internal::core::CreateElementInCUOperation,23.0,52,6,7,367.0,1072.0,1049.0,0,316.0,20.6154,316.0,20.1731,17.0,0.442308,70.7504,9,9,1,0,0,9.44761,0.0373517,0.141003,8.14618,0.209916,True
aeeem,org::eclipse::jdt::internal::core::dom::rewrite::ListRewriteEvent,7,2,3,4,91,0,5,5,121.0,14.0,13,2,1,0.0,13,72.0,35.0,0,0,0,0,0,0,aeeem,org::eclipse::jdt::internal::core::dom::rewrite::ListRewriteEvent,4.0,11,6,5,220.143,80.0,76.0,0,31.0,7.27273,31.0,6.90909,4.0,0.363636,30.9089,2,2,0,0,0,6.63337,0.00856741,0.12672,8.05657,0.172517,True
aeeem,org::eclipse::jdt::core::dom::Assignment,4,3,1,3,136,0,7,95,132.0,17.0,73,4,0,0.0,7,62.0,33.0,0,0,0,0,0,0,aeeem,org::eclipse::jdt::core::dom::Assignment,241.0,39,7,15,333.143,701.0,460.0,0,321.0,17.9744,321.0,11.7949,100.0,6.17949,63.1528,9,8,0,0,0,7.95479,0.00397769,0.154542,8.1394,0.232145,True
aeeem,org::eclipse::jdt::core::dom::NullLiteral,2,3,1,1,36,0,1,95,31.0,9.0,73,1,0,0.0,1,18.0,9.0,0,0,0,0,0,0,aeeem,org::eclipse::jdt::core::dom::NullLiteral,86.0,30,7,9,333.143,201.0,115.0,0,76.0,6.7,76.0,3.83333,37.0,2.86667,72.9204,5,4,0,0,0,7.95479,0.00397769,0.154542,8.1394,0.232145,True
aeeem,org::eclipse::jdt::internal::core::JavaElement,102,2,76,29,1540,2,23,16,505.0,56.0,18,4,1,0.0,35,225.0,132.0,1,0,0,0,0,1,aeeem,org::eclipse::jdt::internal::core::JavaElement,375.0,156,7,16,367.0,3080.0,2705.0,0,677.0,19.7436,677.0,17.3397,128.0,2.40385,86.1558,36,32,3,1,3,25.1307,0.054415,0.130358,0.813583,0.271534,True
aeeem,org::eclipse::jdt::internal::formatter::comment::CommentLine,10,1,6,5,171,2,4,2,149.0,19.0,8,3,0,0.0,1,78.0,33.0,0,0,0,0,0,0,aeeem,org::eclipse::jdt::internal::formatter::comment::CommentLine,20.0,5,2,2,168.857,23.0,3.0,0,9.0,4.6,2.0,0.6,9.0,4.0,34.4472,1,1,0,0,0,4.39643,0.00131187,0.00694141,0.105923,0.000951748,True
aeeem,org::eclipse::jdt::internal::codeassist::complete::CompletionOnMessageSend,5,5,1,4,3,0,0,397,41.0,3.0,94,0,0,0.0,3,24.0,14.0,0,0,0,0,0,0,aeeem,org::eclipse::jdt::internal::codeassist::complete::CompletionOnMessageSend,27.0,37,6,5,367.0,270.0,243.0,0,69.0,7.2973,69.0,6.56757,10.0,0.72973,66.9688,2,1,0,0,0,10.696,0.00818072,0.0153949,0.251793,0.00167655,True
aeeem,org::eclipse::jdt::core::dom::ArrayInitializer,4,3,2,2,55,0,3,95,45.0,11.0,73,2,0,0.0,2,27.0,13.0,0,0,0,0,0,0,aeeem,org::eclipse::jdt::core::dom::ArrayInitializer,116.0,27,7,9,333.143,265.0,149.0,0,104.0,9.81481,104.0,5.51852,53.0,4.2963,73.7757,5,4,0,0,0,7.95479,0.00397769,0.154542,8.1394,0.232145,True
aeeem,org::eclipse::jdt::internal::codeassist::impl::AssistTypeParameter,3,5,3,0,1,0,1,54,7.0,2.0,138,1,0,0.0,2,3.0,2.0,0,0,0,0,0,0,aeeem,org::eclipse::jdt::internal::codeassist::impl::AssistTypeParameter,0.0,1,1,0,14.7143,0.0,0.0,0,0.0,0.0,0.0,0.0,0.0,0.0,0.0,1,1,0,0,1,0.0,0.0,0.0,0.0,0.0,True
aeeem,org::eclipse::jdt::internal::formatter::align::AlignmentException,1,1,0,1,1,0,6,0,21.0,2.0,23,1,0,3.0,2,8.0,4.0,0,0,0,0,0,0,aeeem,org::eclipse::jdt::internal::formatter::align::AlignmentException,5.0,11,5,1,264.857,20.0,15.0,0,6.0,1.81818,6.0,1.36364,2.0,0.454545,58.1571,0,0,0,0,0,1.70656,0.0017135,0.00197306,0.038262,3.30855e-05,True
aeeem,org::eclipse::jdt::core::CompletionFlags,0,1,0,0,1,0,2,0,6.0,2.0,8,0,1,0.0,1,2.0,2.0,0,0,0,0,0,0,aeeem,org::eclipse::jdt::core::CompletionFlags,0.0,1,1,1,74.5714,0.0,0.0,0,0.0,0.0,0.0,0.0,0.0,0.0,0.0,1,0,0,0,0,0.0,0.0,0.0,0.0,0.0,True
aeeem,org::eclipse::jdt::core::compiler::CategorizedProblem,1,1,1,0,6,1,16,547,6.0,4.0,20,0,0,0.0,4,4.0,2.0,0,0,0,0,0,0,aeeem,org::eclipse::jdt::core::compiler::CategorizedProblem,52.0,23,5,4,140.571,198.0,146.0,0,57.0,8.6087,29.0,6.34783,50.0,2.26087,38.2857,4,4,0,0,0,8.58795,0.0350625,0.129181,8.10498,0.161803,True
aeeem,org::eclipse::jdt::internal::compiler::ast::AbstractMethodDeclaration,48,2,36,18,378,3,17,391,314.0,28.0,31,0,1,17.0,26,111.0,95.0,0,0,0,0,0,0,aeeem,org::eclipse::jdt::internal::compiler::ast::AbstractMethodDeclaration,179.0,126,10,16,367.0,2188.0,2009.0,0,397.0,17.3651,397.0,15.9444,53.0,1.42063,67.7641,35,32,1,1,1,24.8564,0.0343974,0.0731596,0.684112,0.163427,True
aeeem,org::eclipse::jdt::internal::core::util::Messages,7,1,6,1,1,0,313,0,6.0,2.0,0,1,1,312.0,1,3.0,2.0,1,0,0,0,0,1,aeeem,org::eclipse::jdt::internal::core::util::Messages,33.0,26,5,7,166.571,57.0,24.0,0,10.0,2.19231,8.0,0.923077,10.0,1.26923,55.2957,17,13,1,1,1,19.8025,0.0131943,0.173451,8.43364,0.283964,True
aeeem,org::eclipse::jdt::internal::core::CreateFieldOperation,14,4,2,12,36,0,0,28,77.0,9.0,91,0,2,0.0,2,45.0,22.0,0,0,0,0,0,0,aeeem,org::eclipse::jdt::internal::core::CreateFieldOperation,56.0,42,7,8,367.0,334.0,278.0,0,103.0,7.95238,103.0,6.61905,18.0,1.33333,97.4341,10,10,1,0,0,10.984,0.017524,0.138206,8.16614,0.198805,True
aeeem,org::eclipse::jdt::internal::codeassist::complete::CompletionOnJavadocQualifiedTypeReference,2,7,1,1,28,0,2,397,56.0,8.0,102,0,0,2.0,8,26.0,18.0,0,0,0,0,0,0,aeeem,org::eclipse::jdt::internal::codeassist::complete::CompletionOnJavadocQualifiedTypeReference,22.0,4,1,0,140.143,25.0,3.0,0,16.0,6.25,3.0,0.75,13.0,5.5,1.84571,3,3,0,0,0,1.5732,0.000642829,0.00228336,0.0371667,0.000177449,True
aeeem,org::eclipse::jdt::internal::codeassist::complete::CompletionOnLocalName,4,5,1,3,6,0,2,397,25.0,4.0,64,1,0,1.0,4,17.0,6.0,0,0,0,0,0,0,aeeem,org::eclipse::jdt::internal::codeassist::complete::CompletionOnLocalName,27.0,18,6,6,347.857,106.0,79.0,0,42.0,5.88889,42.0,4.38889,10.0,1.5,80.6752,2,1,0,0,0,6.20089,0.00315735,0.00928109,0.147285,0.0012587,True
aeeem,org::eclipse::jdt::core::dom::rewrite::ImportRewrite,14,1,1,13,465,0,15,0,356.0,31.0,8,15,10,0.0,20,181.0,107.0,0,0,0,0,0,0,aeeem,org::eclipse::jdt::core::dom::rewrite::ImportRewrite,24.0,16,5,3,127.714,110.0,86.0,0,59.0,6.875,45.0,5.375,54.0,1.5,16.3779,7,4,0,0,0,8.98775,0.0201628,0.0214348,0.239577,0.0192268,True
aeeem,org::eclipse::jdt::core::formatter::CodeFormatterApplication,12,1,0,12,21,0,9,0,200.0,7.0,8,9,5,0.0,2,88.0,39.0,0,0,0,0,0,0,aeeem,org::eclipse::jdt::core::formatter::CodeFormatterApplication,3.0,15,3,9,123.571,64.0,61.0,0,28.0,4.26667,25.0,4.06667,26.0,0.2,53.0201,6,4,1,0,1,12.4195,0.0559249,0.188628,8.31314,0.333078,True
aeeem,org::eclipse::jdt::internal::core::BecomeWorkingCopyOperation,7,2,2,6,6,0,1,18,38.0,4.0,62,0,0,1.0,2,25.0,6.0,0,0,0,0,0,0,aeeem,org::eclipse::jdt::internal::core::BecomeWorkingCopyOperation,0.0,24,7,3,261.571,71.0,71.0,0,11.0,2.95833,14.0,2.95833,7.0,0.0,27.662,6,6,2,1,1,5.41015,0.00258936,0.00824376,0.129025,0.00123329,True
aeeem,org::eclipse::jdt::internal::compiler::lookup::UnresolvedAnnotationBinding,4,2,1,3,3,0,2,2,37.0,3.0,15,2,0,0.0,2,11.0,10.0,1,0,1,0,0,1,aeeem,org::eclipse::jdt::internal::compiler::lookup::UnresolvedAnnotationBinding,36.0,4,3,2,127.0,54.0,18.0,0,26.0,13.5,8.0,4.5,18.0,9.0,35.6984,1,1,0,0,0,3.3409,0.0140805,0.00691689,0.0860835,0.003211,True
aeeem,org::eclipse::jdt::core::compiler::batch::BatchCompiler,0,1,0,0,1,0,0,0,6.0,2.0,8,0,1,0.0,1,3.0,2.0,0,0,0,0,0,0,aeeem,org::eclipse::jdt::core::compiler::batch::BatchCompiler,2.0,3,2,1,12.5714,11.0,9.0,0,6.0,3.66667,6.0,3.0,2.0,0.666667,3.24675,1,0,0,0,1,2.2601,0.00523323,0.0541016,0.159449,0.160724,True
aeeem,org::eclipse::jdt::internal::core::util::SimpleDocument,2,1,1,1,820,0,1,0,145.0,41.0,8,1,0,0.0,41,45.0,41.0,0,0,0,0,0,0,aeeem,org::eclipse::jdt::internal::core::util::SimpleDocument,-9.0,10,4,3,245.571,42.0,51.0,0,20.0,4.2,32.0,5.1,1.0,-0.9,18.2007,0,0,0,0,0,5.1154,0.00225268,0.00769445,0.121597,0.00113041,True
aeeem,org::eclipse::jdt::internal::core::search::matching::ConstructorPattern,8,4,3,6,55,0,16,61,154.0,11.0,45,0,0,10.0,6,46.0,58.0,1,0,0,0,0,1,aeeem,org::eclipse::jdt::internal::core::search::matching::ConstructorPattern,-53.0,55,7,4,258.143,792.0,845.0,0,127.0,14.4,170.0,15.3636,124.0,-0.963636,62.4695,15,13,1,0,0,21.3849,0.0658474,0.163583,8.44618,0.241107,True
aeeem,org::eclipse::jdt::core::dom::RecoveredTypeBinding,26,2,1,25,1770,0,7,6,402.0,60.0,67,7,4,0.0,55,178.0,124.0,0,0,0,0,0,0,aeeem,org::eclipse::jdt::core::dom::RecoveredTypeBinding,155.0,12,3,8,65.7143,238.0,83.0,0,73.0,19.8333,26.0,6.91667,57.0,12.9167,24.8962,10,8,1,0,0,7.87568,0.0916432,0.158058,8.15727,0.257149,True
aeeem,org::eclipse::jdt::internal::compiler::ast::CastExpression,25,4,11,14,210,0,3,384,431.0,21.0,69,0,2,3.0,19,139.0,138.0,1,0,0,0,0,1,aeeem,org::eclipse::jdt::internal::compiler::ast::CastExpression,412.0,156,7,13,367.0,3003.0,2591.0,0,501.0,19.25,474.0,16.609,72.0,2.64103,168.204,50,48,3,0,0,34.6202,0.364933,0.240895,8.88345,0.426885,True
aeeem,org::eclipse::jdt::internal::core::ClassFileInfo,18,3,2,18,28,0,2,15,149.0,8.0,17,0,4,0.0,0,77.0,29.0,1,0,0,0,0,1,aeeem,org::eclipse::jdt::internal::core::ClassFileInfo,38.0,53,6,5,367.0,588.0,550.0,0,183.0,11.0943,183.0,10.3774,34.0,0.716981,73.7826,6,6,0,0,0,7.49694,0.0123853,0.0113635,0.178442,0.00189122,True
aeeem,org::eclipse::jdt::internal::core::DeltaProcessor,44,1,6,44,1326,0,26,0,2116.0,52.0,8,15,41,10.0,11,794.0,468.0,2,0,0,0,0,1,aeeem,org::eclipse::jdt::internal::core::DeltaProcessor,2086.0,368,11,22,367.0,11891.0,9805.0,0,1854.0,32.3125,1854.0,26.644,271.0,5.66848,85.7021,101,94,24,12,7,41.3943,0.285085,0.27896,9.11903,0.551144,True
aeeem,org::eclipse::jdt::core::dom::TypeDeclaration,10,4,3,8,561,0,19,99,303.0,34.0,100,8,0,0.0,13,151.0,82.0,0,0,0,0,0,0,aeeem,org::eclipse::jdt::core::dom::TypeDeclaration,620.0,71,8,19,333.143,2297.0,1677.0,0,522.0,32.3521,522.0,23.6197,348.0,8.73239,85.3538,18,14,0,0,1,10.2923,0.0142698,0.159054,8.19704,0.238091,True
aeeem,org::eclipse::jdt::internal::compiler::codegen::ConstantPool,16,1,4,13,120,0,214,201,329.0,16.0,8,0,3,6.0,11,108.0,63.0,1,0,0,0,0,1,aeeem,org::eclipse::jdt::internal::compiler::codegen::ConstantPool,-1745.0,80,7,20,367.0,14750.0,16495.0,0,3120.0,184.375,3120.0,206.188,531.0,-21.8125,81.4591,16,16,0,0,0,18.4276,0.287335,0.0361438,0.463579,0.0301626,True
aeeem,org::eclipse::jdt::core::dom::VariableDeclarationExpression,10,3,5,6,171,0,10,95,156.0,19.0,73,6,0,0.0,7,73.0,40.0,0,0,0,0,0,0,aeeem,org::eclipse::jdt::core::dom::VariableDeclarationExpression,430.0,56,7,13,333.143,904.0,474.0,0,218.0,16.1429,218.0,8.46429,132.0,7.67857,87.7539,11,9,0,0,0,6.84846,0.00555974,0.151789,8.10896,0.231177,True
aeeem,org::eclipse::jdt::internal::compiler::classfmt::ElementValuePairInfo,2,1,1,1,6,0,3,0,28.0,4.0,10,2,0,0.0,3,12.0,7.0,0,0,0,0,0,0,aeeem,org::eclipse::jdt::internal::compiler::classfmt::ElementValuePairInfo,102.0,4,3,1,164.714,103.0,1.0,0,54.0,25.75,1.0,0.25,54.0,25.5,18.6144,0,0,0,0,0,3.5829,0.00887415,0.0071975,0.0904768,0.00699945,True
aeeem,org::eclipse::jdt::internal::compiler::util::FloatUtil,4,1,2,2,3,0,14,0,311.0,3.0,8,14,1,0.0,2,15.0,45.0,0,0,0,0,0,0,aeeem,org::eclipse::jdt::internal::compiler::util::FloatUtil,0.0,4,2,4,194.0,6.0,6.0,0,4.0,1.5,4.0,1.5,0.0,0.0,41.1429,1,1,0,0,0,4.07501,0.00220824,0.0062193,0.097153,0.00103086,True
aeeem,org::eclipse::jdt::internal::compiler::lookup::NestedTypeBinding,17,5,10,7,45,2,5,56,115.0,10.0,197,0,0,5.0,10,22.0,37.0,1,0,0,0,0,1,aeeem,org::eclipse::jdt::internal::compiler::lookup::NestedTypeBinding,-25.0,27,5,4,367.0,700.0,725.0,0,202.0,25.9259,216.0,26.8519,17.0,-0.925926,46.851,5,5,0,0,0,10.9152,0.00426889,0.131131,8.15351,0.164666,True
aeeem,org::eclipse::jdt::internal::core::ResolvedSourceField,3,7,3,1,10,1,1,69,23.0,5.0,229,1,0,0.0,4,9.0,6.0,0,0,0,0,0,0,aeeem,org::eclipse::jdt::internal::core::ResolvedSourceField,10.0,8,4,3,175.0,28.0,18.0,0,7.0,3.5,5.0,2.25,6.0,1.25,34.148,2,2,0,0,1,9.52046,0.00632507,0.136956,8.13496,0.199171,True
aeeem,org::eclipse::jdt::internal::compiler::SourceElementRequestorAdapter,0,1,0,0,231,0,0,0,66.0,22.0,30,0,0,0.0,22,22.0,22.0,0,0,0,0,0,0,aeeem,org::eclipse::jdt::internal::compiler::SourceElementRequestorAdapter,-36.0,29,7,5,222.857,209.0,245.0,0,48.0,7.2069,79.0,8.44828,36.0,-1.24138,47.7457,15,13,0,0,2,13.0619,0.015381,0.183885,8.31531,0.361134,True
aeeem,org::eclipse::jdt::internal::codeassist::InternalExtendedCompletionContext,31,1,2,29,91,0,18,0,648.0,14.0,8,17,11,1.0,3,138.0,155.0,2,0,2,0,0,1,aeeem,org::eclipse::jdt::internal::codeassist::InternalExtendedCompletionContext,52.0,4,1,0,14.7143,58.0,6.0,0,21.0,14.5,3.0,1.5,19.0,13.0,7.29557,4,4,2,0,1,2.38886,0.00820623,0.0793652,0.227298,0.189222,True
aeeem,org::eclipse::jdt::internal::compiler::ast::AbstractVariableDeclaration,4,3,2,2,55,3,16,380,57.0,11.0,46,0,0,10.0,11,25.0,16.0,0,0,0,0,0,0,aeeem,org::eclipse::jdt::internal::compiler::ast::AbstractVariableDeclaration,106.0,42,7,8,367.0,319.0,213.0,0,45.0,7.59524,38.0,5.07143,37.0,2.52381,94.7886,1,0,0,0,0,6.20089,0.00339463,0.00928109,0.147285,0.0012587,True
aeeem,org::eclipse::jdt::core::dom::AnnotationTypeMemberDeclaration,9,3,2,8,210,0,9,97,170.0,21.0,84,4,0,0.0,8,88.0,43.0,0,0,0,0,0,0,aeeem,org::eclipse::jdt::core::dom::AnnotationTypeMemberDeclaration,844.0,33,5,8,226.0,956.0,112.0,0,256.0,28.9697,13.0,3.39394,256.0,25.5758,2.54752,8,6,0,0,0,6.84846,0.00402638,0.151789,8.10896,0.231177,True
aeeem,org::eclipse::jdt::internal::compiler::parser::TypeConverter,14,1,2,12,28,2,4,0,246.0,8.0,8,1,4,1.0,0,53.0,55.0,0,0,0,0,0,0,aeeem,org::eclipse::jdt::internal::compiler::parser::TypeConverter,5.0,2,2,0,10.7143,8.0,3.0,0,8.0,4.0,3.0,1.5,5.0,2.5,6.71429,2,2,0,0,0,1.47165,0.00752785,0.112489,7.91776,0.140566,True
aeeem,org::eclipse::jdt::internal::core::util::VerificationInfo,5,2,2,3,15,0,5,9,37.0,6.0,23,5,0,0.0,6,13.0,10.0,0,0,0,0,0,0,aeeem,org::eclipse::jdt::internal::core::util::VerificationInfo,0.0,4,2,2,135.0,2.0,2.0,0,1.0,0.5,1.0,0.5,0.0,0.0,22.1429,0,0,0,0,0,2.36846,0.0012291,0.00424624,0.058891,0.000997772,True
aeeem,org::eclipse::jdt::internal::core::SimpleDelta,4,1,3,1,45,1,2,0,44.0,10.0,8,0,0,0.0,9,19.0,13.0,0,0,0,0,0,0,aeeem,org::eclipse::jdt::internal::core::SimpleDelta,0.0,6,3,3,245.857,8.0,8.0,0,4.0,1.33333,4.0,1.33333,0.0,0.0,73.4821,2,2,0,0,0,4.07501,0.00220824,0.0062193,0.097153,0.00103086,True
aeeem,org::eclipse::jdt::internal::codeassist::impl::AssistSourceMethod,5,8,2,4,28,0,4,70,44.0,8.0,260,4,0,0.0,7,19.0,11.0,0,0,0,0,0,0,aeeem,org::eclipse::jdt::internal::codeassist::impl::AssistSourceMethod,11.0,2,1,0,14.7143,12.0,1.0,0,12.0,6.0,1.0,0.5,11.0,5.5,9.57143,2,2,0,0,1,1.29357,0.00458412,0.0546777,0.153793,0.11188,True
aeeem,org::eclipse::jdt::internal::compiler::classfmt::AnnotationMethodInfo,7,3,2,6,6,1,1,13,95.0,4.0,55,0,0,0.0,2,29.0,22.0,0,0,0,0,0,0,aeeem,org::eclipse::jdt::internal::compiler::classfmt::AnnotationMethodInfo,213.0,7,3,1,164.714,223.0,10.0,0,114.0,31.8571,7.0,1.42857,114.0,30.4286,21.5868,0,0,0,0,0,7.26753,0.0177741,0.014114,0.182148,0.0122915,True
aeeem,org::eclipse::jdt::internal::core::search::matching::IntersectingPattern,5,4,0,5,6,3,0,61,49.0,4.0,45,0,0,0.0,2,24.0,17.0,1,0,0,0,0,1,aeeem,org::eclipse::jdt::internal::core::search::matching::IntersectingPattern,1.0,3,2,1,49.8571,3.0,2.0,0,2.0,1.0,1.0,0.666667,1.0,0.333333,19.1429,2,2,0,0,0,2.50899,0.0024698,0.117103,7.95108,0.152675,True
aeeem,org::eclipse::jdt::internal::compiler::problem::AbortCompilationUnit,2,2,2,0,0,1,2,5,4.0,1.0,25,1,0,1.0,1,1.0,1.0,0,0,0,0,0,0,aeeem,org::eclipse::jdt::internal::compiler::problem::AbortCompilationUnit,25.0,19,5,3,367.0,76.0,51.0,0,25.0,4.0,25.0,2.68421,12.0,1.31579,118.041,4,4,0,0,0,4.66145,0.00205793,0.00697458,0.1107,0.000926621,True
aeeem,org::eclipse::jdt::internal::codeassist::complete::CompletionOnArgumentName,5,6,1,4,6,0,3,397,27.0,4.0,72,1,0,2.0,4,17.0,6.0,0,0,0,0,0,0,aeeem,org::eclipse::jdt::internal::codeassist::complete::CompletionOnArgumentName,22.0,20,6,5,347.857,112.0,90.0,0,50.0,5.6,50.0,4.5,10.0,1.1,63.8724,2,2,0,0,0,4.07501,0.00220824,0.0062193,0.097153,0.00103086,True
aeeem,org::eclipse::jdt::core::NamingConventions,3,1,0,3,91,0,3,0,142.0,14.0,8,3,6,0.0,8,59.0,38.0,2,0,0,0,0,1,aeeem,org::eclipse::jdt::core::NamingConventions,500.0,39,9,7,288.143,1312.0,812.0,0,242.0,33.641,258.0,20.8205,201.0,12.8205,28.4435,9,6,2,0,0,9.2993,0.0149074,0.156486,8.17119,0.232187,True
aeeem,org::eclipse::jdt::internal::core::OverflowingLRUCache,8,2,4,4,171,2,3,7,233.0,19.0,40,0,0,0.0,14,60.0,44.0,0,0,0,0,0,0,aeeem,org::eclipse::jdt::internal::core::OverflowingLRUCache,-27.0,52,6,4,367.0,909.0,936.0,0,426.0,17.4808,426.0,18.0,7.0,-0.519231,50.9054,5,5,1,1,0,10.9911,0.0104477,0.0183702,0.266788,0.00786623,True
aeeem,org::eclipse::jdt::internal::core::SourceMethodElementInfo,7,5,5,2,45,2,3,8,34.0,10.0,37,0,0,0.0,7,13.0,9.0,0,0,0,0,0,0,aeeem,org::eclipse::jdt::internal::core::SourceMethodElementInfo,22.0,29,6,5,367.0,365.0,343.0,0,100.0,12.5862,100.0,11.8276,50.0,0.758621,113.877,3,2,0,0,1,8.12446,0.00707368,0.128171,8.09027,0.169516,True
aeeem,org::eclipse::jdt::internal::core::util::FieldInfo,9,2,1,8,78,0,11,0,92.0,13.0,30,11,0,0.0,12,39.0,25.0,0,0,0,0,0,0,aeeem,org::eclipse::jdt::internal::core::util::FieldInfo,20.0,19,5,5,322.714,166.0,146.0,0,47.0,8.73684,39.0,7.68421,18.0,1.05263,84.0189,1,1,0,0,0,4.07501,0.00220824,0.0062193,0.097153,0.00103086,True
aeeem,org::eclipse::jdt::internal::formatter::FormatJavadoc,4,3,2,2,6,0,5,388,27.0,4.0,33,0,0,5.0,4,8.0,8.0,0,0,0,0,0,0,aeeem,org::eclipse::jdt::internal::formatter::FormatJavadoc,14.0,2,1,0,9.14286,14.0,0.0,0,14.0,7.0,0.0,0.0,14.0,7.0,1.28571,3,2,1,0,1,1.15638,0.00335553,0.0339097,0.0945119,0.0903414,True
aeeem,org::eclipse::jdt::internal::compiler::codegen::IntegerCache,2,1,1,1,36,0,4,0,94.0,9.0,8,0,1,4.0,8,23.0,36.0,0,0,0,0,0,0,aeeem,org::eclipse::jdt::internal::compiler::codegen::IntegerCache,8.0,32,6,4,367.0,637.0,629.0,0,155.0,19.9063,155.0,19.6563,9.0,0.25,74.9404,1,1,0,0,0,6.34778,0.0203183,0.00914118,0.14946,0.000959955,True
aeeem,org::eclipse::jdt::core::search::PackageReferenceMatch,1,4,1,0,0,0,0,3,3.0,1.0,38,0,0,0.0,1,1.0,1.0,1,0,0,0,0,1,aeeem,org::eclipse::jdt::core::search::PackageReferenceMatch,86.0,21,5,4,227.571,144.0,58.0,0,23.0,6.85714,17.0,2.7619,23.0,4.09524,35.755,2,1,0,0,1,6.65039,0.0129717,0.1389,8.07985,0.211979,True
aeeem,org::eclipse::jdt::internal::compiler::parser::RecoveredMethod,13,2,2,12,136,0,13,118,409.0,17.0,33,0,0,13.0,17,74.0,102.0,0,0,0,0,0,0,aeeem,org::eclipse::jdt::internal::compiler::parser::RecoveredMethod,369.0,84,8,9,367.0,1426.0,1057.0,0,437.0,16.9762,437.0,12.5833,117.0,4.39286,96.8127,15,12,1,1,2,19.1826,0.0874993,0.211232,8.50193,0.406604,True
aeeem,org::eclipse::jdt::internal::core::search::matching::MethodPattern,8,4,3,6,66,1,22,61,180.0,12.0,45,0,0,15.0,6,56.0,64.0,1,0,0,0,0,1,aeeem,org::eclipse::jdt::internal::core::search::matching::MethodPattern,214.0,81,8,7,367.0,1723.0,1509.0,0,380.0,21.2716,182.0,18.6296,322.0,2.64198,120.512,23,21,1,0,0,19.2708,0.0672433,0.158898,8.39042,0.239233,True
aeeem,org::eclipse::jdt::internal::core::eval::EvaluationContextWrapper,14,1,1,14,210,0,2,0,195.0,21.0,21,0,0,0.0,16,77.0,29.0,0,0,0,0,0,0,aeeem,org::eclipse::jdt::internal::core::eval::EvaluationContextWrapper,114.0,77,7,6,367.0,1332.0,1218.0,0,403.0,17.2987,403.0,15.8182,81.0,1.48052,45.2638,2,2,0,0,1,10.302,0.00680713,0.140507,8.16145,0.204442,True
aeeem,org::eclipse::jdt::internal::compiler::flow::InitializationFlowContext,8,3,3,5,6,0,4,150,54.0,4.0,44,0,0,4.0,4,14.0,7.0,2,0,0,0,0,1,aeeem,org::eclipse::jdt::internal::compiler::flow::InitializationFlowContext,36.0,24,4,3,367.0,337.0,301.0,0,85.0,14.0417,85.0,12.5417,27.0,1.5,50.1865,0,0,0,0,0,3.97098,0.00137406,0.00571821,0.0934537,0.000643748,True
aeeem,org::eclipse::jdt::internal::compiler::ast::Assignment,20,4,4,16,105,1,2,384,221.0,15.0,69,0,0,2.0,13,89.0,77.0,0,0,0,0,0,0,aeeem,org::eclipse::jdt::internal::compiler::ast::Assignment,176.0,113,9,9,367.0,1169.0,993.0,0,162.0,10.3451,185.0,8.78761,31.0,1.55752,126.459,28,26,1,1,0,27.6825,0.0693473,0.175178,8.5986,0.246966,True
aeeem,org::eclipse::jdt::internal::compiler::lookup::TypeVariableBinding,25,4,20,9,253,1,6,49,333.0,23.0,148,0,0,6.0,22,101.0,117.0,1,0,1,0,0,1,aeeem,org::eclipse::jdt::internal::compiler::lookup::TypeVariableBinding,734.0,114,9,3,230.857,1591.0,857.0,0,198.0,13.9561,111.0,7.51754,198.0,6.4386,63.5575,45,43,7,1,0,27.3456,0.203669,0.0544016,0.68651,0.0608113,True
aeeem,org::eclipse::jdt::internal::core::util::RecordedParsingInformation,1,1,1,0,1,0,4,0,12.0,2.0,8,0,0,4.0,1,2.0,4.0,0,0,0,0,0,0,aeeem,org::eclipse::jdt::internal::core::util::RecordedParsingInformation,16.0,9,4,5,228.143,28.0,12.0,0,9.0,3.11111,4.0,1.33333,9.0,1.77778,23.5714,5,4,0,0,0,4.08525,0.00174151,0.00599796,0.0965694,0.000752173,True
aeeem,org::eclipse::jdt::core::formatter::CodeFormatter,1,1,1,0,1,1,9,0,3.0,2.0,8,0,0,0.0,2,2.0,1.0,0,0,0,0,0,0,aeeem,org::eclipse::jdt::core::formatter::CodeFormatter,185.0,26,8,11,246.571,243.0,58.0,0,129.0,9.34615,15.0,2.23077,114.0,7.11538,187.309,13,10,1,0,2,10.425,0.0414655,0.0680079,0.362124,0.174383,True
aeeem,org::eclipse::jdt::internal::compiler::ast::MagicLiteral,0,5,0,0,3,3,0,384,12.0,3.0,76,0,0,0.0,3,3.0,3.0,0,0,0,0,0,0,aeeem,org::eclipse::jdt::internal::compiler::ast::MagicLiteral,-4.0,18,4,4,367.0,119.0,123.0,0,31.0,6.61111,31.0,6.83333,5.0,-0.222222,67.4886,0,0,0,0,0,4.07501,0.00220824,0.0062193,0.097153,0.00103086,True
aeeem,org::eclipse::jdt::internal::core::BufferCache,3,3,1,2,6,0,1,10,32.0,4.0,59,1,0,0.0,1,16.0,8.0,0,0,0,0,0,0,aeeem,org::eclipse::jdt::internal::core::BufferCache,22.0,26,5,6,367.0,160.0,138.0,0,54.0,6.15385,54.0,5.30769,12.0,0.846154,99.8339,3,3,1,0,0,6.85444,0.00690273,0.012161,0.168806,0.00614579,True
aeeem,org::eclipse::jdt::internal::compiler::classfmt::AnnotationInfo,24,2,8,16,55,0,5,3,316.0,11.0,20,2,5,3.0,3,105.0,67.0,0,0,0,0,0,0,aeeem,org::eclipse::jdt::internal::compiler::classfmt::AnnotationInfo,724.0,7,3,2,164.714,740.0,16.0,0,381.0,105.714,9.0,2.28571,381.0,103.429,20.6807,1,1,0,0,0,6.92842,0.0612419,0.0133038,0.173252,0.0111168,True
aeeem,org::eclipse::jdt::core::dom::rewrite::ListRewrite,8,1,2,7,190,0,3,0,128.0,20.0,8,3,5,0.0,14,78.0,41.0,0,0,0,0,0,0,aeeem,org::eclipse::jdt::core::dom::rewrite::ListRewrite,146.0,16,8,2,220.143,226.0,80.0,0,46.0,14.125,18.0,5.0,33.0,9.125,40.9937,3,3,1,0,1,8.43424,0.0220729,0.016745,0.20741,0.0311083,True
aeeem,org::eclipse::jdt::internal::formatter::FormatJavadocReference,3,2,2,1,3,0,0,84,10.0,3.0,16,0,0,0.0,1,5.0,3.0,0,0,0,0,0,0,aeeem,org::eclipse::jdt::internal::formatter::FormatJavadocReference,-10.0,4,1,2,9.14286,9.0,19.0,0,6.0,2.25,7.0,4.75,0.0,-2.5,1.28571,3,2,1,0,1,1.15638,0.00671106,0.0339097,0.0945119,0.0903414,True
aeeem,org::eclipse::jdt::internal::core::CreateInitializerOperation,12,4,2,10,15,0,1,28,59.0,6.0,91,0,0,0.0,2,27.0,17.0,0,0,0,0,0,0,aeeem,org::eclipse::jdt::internal::core::CreateInitializerOperation,7.0,38,7,5,367.0,283.0,276.0,0,116.0,7.44737,116.0,7.26316,8.0,0.184211,62.9692,7,7,0,0,0,8.7196,0.0103796,0.13446,8.11095,0.198195,True
aeeem,org::eclipse::jdt::internal::core::dom::rewrite::TokenScanner,2,1,1,1,120,0,5,0,78.0,16.0,8,2,0,0.0,16,39.0,20.0,0,0,0,0,0,0,aeeem,org::eclipse::jdt::internal::core::dom::rewrite::TokenScanner,-380.0,15,7,5,220.143,71.0,451.0,0,20.0,4.73333,193.0,30.0667,0.0,-25.3333,34.5775,2,1,0,0,0,9.17374,0.0244922,0.0137813,0.218186,0.00175582,True
aeeem,org::eclipse::jdt::internal::core::builder::AbortIncrementalBuildException,2,1,2,0,0,0,2,0,3.0,1.0,23,1,0,0.0,1,1.0,1.0,0,0,0,0,0,0,aeeem,org::eclipse::jdt::internal::core::builder::AbortIncrementalBuildException,2.0,9,5,4,316.714,15.0,13.0,0,5.0,1.66667,5.0,1.44444,1.0,0.222222,105.933,0,0,0,0,0,4.07501,0.00220824,0.0062193,0.097153,0.00103086,True
aeeem,org::eclipse::jdt::internal::compiler::ReadManager,9,1,1,8,6,0,13,0,153.0,4.0,16,1,0,12.0,4,25.0,33.0,2,0,0,0,0,1,aeeem,org::eclipse::jdt::internal::compiler::ReadManager,22.0,2,1,0,9.57143,51.0,29.0,0,51.0,25.5,29.0,14.5,22.0,11.0,3.57143,1,1,0,0,0,1.29357,0.02821,0.0546777,0.153793,0.11188,True
aeeem,org::eclipse::jdt::core::search::SearchMatch,11,1,10,1,300,9,13,0,111.0,25.0,8,11,0,0.0,25,38.0,34.0,0,0,0,0,0,0,aeeem,org::eclipse::jdt::core::search::SearchMatch,465.0,40,7,3,236.0,843.0,378.0,0,117.0,21.075,79.0,9.45,75.0,11.625,35.1466,13,9,1,0,2,8.50274,0.0179792,0.0126505,0.20134,0.00232833,True
aeeem,org::eclipse::jdt::core::dom::rewrite::TargetSourceRangeComputer,7,1,4,3,1,0,0,0,11.0,2.0,8,0,0,0.0,2,9.0,3.0,0,0,0,0,0,0,aeeem,org::eclipse::jdt::core::dom::rewrite::TargetSourceRangeComputer,11.0,5,4,1,179.857,23.0,12.0,0,7.0,4.6,4.0,2.4,7.0,2.2,14.205,2,1,1,0,1,5.76357,0.0033812,0.00694314,0.130415,0.000163011,True
aeeem,org::eclipse::jdt::internal::core::index::DiskIndex,20,1,2,20,496,0,28,0,1117.0,32.0,8,24,23,3.0,0,294.0,276.0,0,0,0,0,0,0,aeeem,org::eclipse::jdt::internal::core::index::DiskIndex,2825.0,92,9,10,228.429,4436.0,1611.0,0,799.0,48.2174,370.0,17.5109,799.0,30.7065,78.6207,40,39,6,1,0,30.0415,0.50624,0.0796126,0.808926,0.139015,True
aeeem,org::eclipse::jdt::internal::core::JarEntryDirectory,3,3,1,2,21,0,1,2,32.0,7.0,17,1,0,0.0,7,13.0,9.0,0,0,0,0,0,0,aeeem,org::eclipse::jdt::internal::core::JarEntryDirectory,-27.0,3,1,0,66.7143,20.0,47.0,0,12.0,6.66667,47.0,15.6667,12.0,-9.0,0.0,1,1,0,0,0,1.28741,0.00960715,0.00383928,0.0366484,0.00497812,True
aeeem,org::eclipse::jdt::internal::eval::CodeSnippetReturnStatement,9,4,1,8,78,0,1,398,101.0,13.0,56,0,0,1.0,13,40.0,25.0,1,0,0,0,0,1,aeeem,org::eclipse::jdt::internal::eval::CodeSnippetReturnStatement,8.0,49,6,6,367.0,506.0,498.0,0,137.0,10.3265,137.0,10.1633,13.0,0.163265,51.083,3,3,0,0,0,7.10146,0.00215478,0.0103925,0.167908,0.00107472,True
aeeem,org::eclipse::jdt::internal::core::util::RuntimeVisibleParameterAnnotationsAttribute,3,3,1,2,3,0,3,1,22.0,3.0,31,3,0,0.0,3,6.0,5.0,0,0,0,0,0,0,aeeem,org::eclipse::jdt::internal::core::util::RuntimeVisibleParameterAnnotationsAttribute,136.0,6,3,3,222.857,142.0,6.0,0,68.0,23.6667,4.0,1.0,68.0,22.6667,10.6881,0,0,0,0,0,4.07501,0.00220824,0.0062193,0.097153,0.00103086,True
aeeem,org::eclipse::jdt::internal::compiler::impl::LongConstant,4,2,4,0,66,0,2,152,40.0,12.0,41,2,1,0.0,11,14.0,13.0,0,0,0,0,0,0,aeeem,org::eclipse::jdt::internal::compiler::impl::LongConstant,-19.0,35,6,6,367.0,178.0,197.0,0,54.0,5.08571,54.0,5.62857,9.0,-0.542857,61.1862,1,1,0,0,0,6.77104,0.0038975,0.0101348,0.160922,0.00120756,True
aeeem,org::eclipse::jdt::internal::compiler::parser::RecoveredType,13,3,5,10,231,0,20,119,468.0,22.0,40,0,0,20.0,22,81.0,139.0,0,0,0,0,0,0,aeeem,org::eclipse::jdt::internal::compiler::parser::RecoveredType,269.0,80,7,11,367.0,1549.0,1280.0,0,505.0,19.3625,505.0,16.0,138.0,3.3625,96.6581,12,10,1,0,1,13.767,0.0777294,0.174419,8.30487,0.283637,True
aeeem,org::eclipse::jdt::internal::compiler::lookup::SyntheticArgumentBinding,3,4,1,2,0,0,2,43,10.0,1.0,33,0,0,2.0,1,5.0,1.0,0,0,0,0,0,0,aeeem,org::eclipse::jdt::internal::compiler::lookup::SyntheticArgumentBinding,12.0,22,5,4,367.0,137.0,125.0,0,56.0,6.22727,56.0,5.68182,5.0,0.545455,74.6257,4,3,0,0,0,5.52652,0.00194086,0.00743479,0.128104,0.00051969,True
aeeem,org::eclipse::jdt::core::CompletionRequestor,2,1,2,0,91,3,4,0,79.0,14.0,8,4,0,0.0,14,20.0,30.0,0,0,0,0,0,0,aeeem,org::eclipse::jdt::core::CompletionRequestor,193.0,19,5,4,219.857,243.0,50.0,0,60.0,12.7895,21.0,2.63158,60.0,10.1579,136.486,10,8,0,0,1,13.4356,0.0592824,0.152499,8.25572,0.234762,True
aeeem,org::eclipse::jdt::core::search::TypeDeclarationMatch,2,2,2,0,0,0,0,2,3.0,1.0,33,0,0,0.0,1,1.0,1.0,0,0,0,0,0,0,aeeem,org::eclipse::jdt::core::search::TypeDeclarationMatch,82.0,17,4,3,227.571,106.0,24.0,0,23.0,6.23529,6.0,1.41176,23.0,4.82353,9.22237,0,0,0,0,0,4.07501,0.00220824,0.0062193,0.097153,0.00103086,True
aeeem,org::eclipse::jdt::internal::codeassist::select::SelectionOnQualifiedAllocationExpression,6,6,1,5,3,0,0,394,59.0,3.0,102,0,0,0.0,3,24.0,15.0,0,0,0,0,0,0,aeeem,org::eclipse::jdt::internal::codeassist::select::SelectionOnQualifiedAllocationExpression,39.0,38,5,4,367.0,276.0,237.0,0,77.0,7.26316,77.0,6.23684,15.0,1.02632,99.7935,4,4,0,0,0,9.07976,0.0364784,0.138342,8.13654,0.206874,True
aeeem,org::eclipse::jdt::internal::compiler::ast::EqualExpression,15,6,1,14,91,0,0,415,799.0,14.0,117,0,2,0.0,12,289.0,179.0,0,0,0,0,0,0,aeeem,org::eclipse::jdt::internal::compiler::ast::EqualExpression,1191.0,91,9,9,367.0,4093.0,2902.0,0,543.0,44.978,552.0,31.8901,329.0,13.0879,145.419,21,21,3,3,0,19.5457,0.146333,0.0353735,0.481707,0.0264227,True
aeeem,org::eclipse::jdt::internal::core::jdom::CompilationUnit,2,2,1,1,15,0,3,1,30.0,6.0,12,0,0,0.0,6,13.0,9.0,0,0,0,0,0,0,aeeem,org::eclipse::jdt::internal::core::jdom::CompilationUnit,8.0,30,4,4,367.0,187.0,179.0,0,54.0,6.23333,54.0,5.96667,4.0,0.266667,38.0183,0,0,0,0,0,4.07501,0.00220824,0.0062193,0.097153,0.00103086,True
aeeem,org::eclipse::jdt::internal::core::search::matching::ConstructorLocator,11,2,1,11,66,0,1,68,222.0,12.0,33,0,0,0.0,4,71.0,87.0,1,0,0,0,0,1,aeeem,org::eclipse::jdt::internal::core::search::matching::ConstructorLocator,188.0,38,8,3,248.571,436.0,248.0,0,124.0,11.4737,50.0,6.52632,106.0,4.94737,71.0465,12,9,0,0,0,15.1101,0.0715118,0.0222834,0.357444,0.00316702,True
aeeem,org::eclipse::jdt::internal::compiler::parser::RecoveredUnit,7,2,0,7,55,0,9,4,158.0,11.0,33,0,0,9.0,11,34.0,34.0,0,0,0,0,0,0,aeeem,org::eclipse::jdt::internal::compiler::parser::RecoveredUnit,87.0,47,7,7,367.0,622.0,535.0,0,205.0,13.234,205.0,11.383,59.0,1.85106,83.5916,6,5,0,0,1,10.2014,0.0294259,0.168149,8.21769,0.278803,True
aeeem,org::eclipse::jdt::internal::core::dom::rewrite::LineInformation,3,1,3,0,6,0,0,0,10.0,4.0,8,0,0,0.0,4,5.0,1.0,0,0,0,0,0,0,aeeem,org::eclipse::jdt::internal::core::dom::rewrite::LineInformation,0.0,4,3,2,133.143,4.0,4.0,0,3.0,1.0,3.0,1.0,0.0,0.0,18.7857,0,0,0,0,0,2.36846,0.00164367,0.00424624,0.058891,0.000997772,True
aeeem,org::eclipse::jdt::internal::core::TypeParameterElementInfo,2,3,2,0,0,0,3,4,0.0,1.0,19,0,0,3.0,1,1.0,0.0,0,0,0,0,0,0,aeeem,org::eclipse::jdt::internal::core::TypeParameterElementInfo,0.0,4,2,3,198.143,6.0,6.0,0,4.0,1.5,4.0,1.5,0.0,0.0,45.2857,0,0,0,0,0,4.07501,0.00220824,0.0062193,0.097153,0.00103086,True
aeeem,org::eclipse::jdt::internal::eval::CodeSnippetMessageSend,16,5,1,15,6,0,2,426,311.0,4.0,94,0,0,2.0,4,118.0,83.0,2,0,0,0,0,1,aeeem,org::eclipse::jdt::internal::eval::CodeSnippetMessageSend,154.0,79,8,9,367.0,1117.0,963.0,0,282.0,14.1392,282.0,12.1899,52.0,1.94937,104.602,12,11,0,0,1,16.9073,0.0231798,0.0377267,0.434154,0.0600236,True
aeeem,org::eclipse::jdt::core::dom::EnumDeclaration,8,4,2,7,171,0,9,99,118.0,19.0,100,3,0,0.0,3,63.0,30.0,0,0,0,0,0,0,aeeem,org::eclipse::jdt::core::dom::EnumDeclaration,671.0,35,6,7,226.0,812.0,141.0,0,197.0,23.2,20.0,4.02857,197.0,19.1714,4.71024,8,6,0,0,0,6.84846,0.0039412,0.151789,8.10896,0.231177,True
aeeem,org::eclipse::jdt::core::search::LocalVariableDeclarationMatch,1,2,1,0,0,0,0,2,3.0,1.0,33,0,0,0.0,1,1.0,1.0,0,0,0,0,0,0,aeeem,org::eclipse::jdt::core::search::LocalVariableDeclarationMatch,82.0,17,4,3,227.571,106.0,24.0,0,23.0,6.23529,6.0,1.41176,23.0,4.82353,9.22237,0,0,0,0,0,4.07501,0.00220824,0.0062193,0.097153,0.00103086,True
aeeem,org::eclipse::jdt::internal::codeassist::complete::CompletionOnSingleTypeReference,3,6,2,1,55,0,8,385,63.0,11.0,95,1,0,3.0,10,24.0,19.0,0,0,0,0,0,0,aeeem,org::eclipse::jdt::internal::codeassist::complete::CompletionOnSingleTypeReference,107.0,39,7,5,367.0,247.0,140.0,0,63.0,6.33333,63.0,3.58974,33.0,2.74359,119.432,5,4,0,0,0,12.52,0.0104265,0.15457,8.23554,0.22626,True
aeeem,org::eclipse::jdt::core::dom::PostfixExpression,4,3,1,3,105,0,5,95,96.0,15.0,73,3,0,0.0,5,48.0,25.0,0,0,0,0,0,0,aeeem,org::eclipse::jdt::core::dom::PostfixExpression,191.0,37,7,14,333.143,513.0,322.0,0,235.0,13.8649,235.0,8.7027,83.0,5.16216,65.5792,8,7,0,0,0,7.95479,0.00397769,0.154542,8.1394,0.232145,True
aeeem,org::eclipse::jdt::internal::core::search::indexing::IndexRequest,4,1,2,3,15,7,3,5,24.0,6.0,13,0,0,0.0,5,13.0,7.0,0,0,0,0,0,0,aeeem,org::eclipse::jdt::internal::core::search::indexing::IndexRequest,-4.0,31,7,5,334.571,149.0,153.0,0,28.0,4.80645,28.0,4.93548,14.0,-0.129032,64.9636,0,0,0,0,0,6.91346,0.00445836,0.126527,8.06267,0.167892,True
aeeem,org::eclipse::jdt::internal::core::util::AnnotationDefaultAttribute,2,3,1,1,1,0,1,1,7.0,2.0,30,1,0,0.0,2,3.0,2.0,0,0,0,0,0,0,aeeem,org::eclipse::jdt::internal::core::util::AnnotationDefaultAttribute,102.0,6,3,3,222.571,108.0,6.0,0,51.0,18.0,4.0,1.0,51.0,17.0,11.3611,0,0,0,0,0,4.07501,0.00220824,0.0062193,0.097153,0.00103086,True
aeeem,org::eclipse::jdt::core::dom::TryStatement,7,3,2,5,120,0,7,95,108.0,16.0,73,4,0,0.0,6,59.0,27.0,0,0,0,0,0,0,aeeem,org::eclipse::jdt::core::dom::TryStatement,211.0,38,7,13,333.143,526.0,315.0,0,195.0,13.8421,195.0,8.28947,91.0,5.55263,71.5997,8,7,0,0,0,7.95479,0.00397769,0.154542,8.1394,0.232145,True
aeeem,org::eclipse::jdt::core::dom::VariableDeclaration,8,2,6,2,91,2,0,95,15.0,14.0,68,0,0,0.0,10,19.0,5.0,0,0,0,0,0,0,aeeem,org::eclipse::jdt::core::dom::VariableDeclaration,139.0,18,7,7,333.143,271.0,132.0,0,100.0,15.0556,100.0,7.33333,60.0,7.72222,52.3927,3,2,0,0,0,4.07501,0.00220824,0.0062193,0.097153,0.00103086,True
aeeem,org::eclipse::jdt::internal::codeassist::complete::CompletionOnMethodTypeParameter,3,4,1,2,3,0,0,410,22.0,3.0,66,0,0,0.0,3,9.0,4.0,0,0,0,0,0,0,aeeem,org::eclipse::jdt::internal::codeassist::complete::CompletionOnMethodTypeParameter,88.0,12,5,4,218.857,100.0,12.0,0,44.0,8.33333,4.0,1.0,44.0,7.33333,13.0314,1,0,0,0,0,7.8386,0.00317177,0.0117569,0.186314,0.00155339,True
aeeem,org::eclipse::jdt::internal::compiler::ast::MarkerAnnotation,2,5,2,0,3,1,0,388,16.0,3.0,78,0,0,0.0,3,6.0,5.0,0,0,0,0,0,0,aeeem,org::eclipse::jdt::internal::compiler::ast::MarkerAnnotation,87.0,15,5,7,222.714,122.0,35.0,1,42.0,8.13333,12.0,2.33333,42.0,5.8,28.4005,2,1,0,0,0,7.45849,0.00544107,0.142888,8.10783,0.218801,True
aeeem,org::eclipse::jdt::internal::compiler::ast::FloatLiteral,4,6,0,4,10,0,2,385,85.0,5.0,79,0,0,1.0,5,16.0,16.0,0,0,0,0,0,0,aeeem,org::eclipse::jdt::internal::compiler::ast::FloatLiteral,27.0,25,4,6,367.0,298.0,271.0,0,84.0,11.92,84.0,10.84,27.0,1.08,104.058,2,2,0,0,0,7.15525,0.00405507,0.0122526,0.175244,0.00382225,True
aeeem,org::eclipse::jdt::internal::compiler::ast::WhileStatement,12,3,1,11,15,0,7,380,232.0,6.0,38,2,0,5.0,6,85.0,40.0,0,0,0,0,0,0,aeeem,org::eclipse::jdt::internal::compiler::ast::WhileStatement,58.0,79,7,7,367.0,902.0,844.0,0,235.0,11.4177,235.0,10.6835,57.0,0.734177,68.5146,15,15,3,2,0,13.1474,0.0101474,0.0202653,0.314168,0.00408813,True
aeeem,org::eclipse::jdt::internal::formatter::DefaultCodeFormatterOptions,4,1,3,1,55,0,262,0,2140.0,11.0,8,0,2,259.0,9,281.0,480.0,2,1,0,0,0,1,aeeem,org::eclipse::jdt::internal::formatter::DefaultCodeFormatterOptions,2178.0,111,7,57,246.571,6733.0,4555.0,0,874.0,60.6577,882.0,41.036,446.0,19.6216,23.6463,63,45,3,0,1,24.8471,0.131827,0.0835501,0.697371,0.177968,True
aeeem,org::eclipse::jdt::internal::core::ClasspathValidation,6,1,3,3,1,0,1,0,51.0,2.0,8,1,0,0.0,2,18.0,11.0,1,0,1,1,0,1,aeeem,org::eclipse::jdt::internal::core::ClasspathValidation,0.0,1,1,0,105.0,0.0,0.0,0,0.0,0.0,0.0,0.0,0.0,0.0,0.0,0,0,0,0,0,0.0,0.0,0.0,0.0,0.0,True
aeeem,org::eclipse::jdt::internal::compiler::lookup::ProblemPackageBinding,0,3,0,0,1,0,1,159,6.0,2.0,30,1,0,0.0,1,2.0,2.0,0,0,0,0,0,0,aeeem,org::eclipse::jdt::internal::compiler::lookup::ProblemPackageBinding,2.0,17,4,4,367.0,79.0,77.0,0,32.0,4.64706,32.0,4.52941,5.0,0.117647,54.3436,0,0,0,0,0,4.07501,0.00220824,0.0062193,0.097153,0.00103086,True
aeeem,org::eclipse::jdt::internal::core::search::JavaSearchDocument,4,3,1,3,15,1,3,2,51.0,6.0,19,1,1,0.0,5,20.0,14.0,0,0,0,0,0,0,aeeem,org::eclipse::jdt::internal::core::search::JavaSearchDocument,35.0,20,7,2,236.0,147.0,112.0,0,40.0,7.35,29.0,5.6,14.0,1.75,15.5666,3,3,0,0,0,8.50582,0.00394471,0.0112045,0.196128,0.000808764,True
aeeem,org::eclipse::jdt::core::dom::Statement,26,2,22,4,10,22,1,95,48.0,5.0,68,1,0,0.0,2,17.0,10.0,0,0,0,0,0,0,aeeem,org::eclipse::jdt::core::dom::Statement,100.0,36,6,8,333.143,336.0,236.0,0,136.0,9.33333,136.0,6.55556,26.0,2.77778,50.3992,7,7,0,0,0,4.07501,0.00220824,0.0062193,0.097153,0.00103086,True
aeeem,org::eclipse::jdt::internal::compiler::ast::Statement,35,2,27,8,55,19,0,380,99.0,11.0,27,0,0,0.0,11,38.0,21.0,0,0,0,0,0,0,aeeem,org::eclipse::jdt::internal::compiler::ast::Statement,-44.0,59,7,8,367.0,611.0,655.0,0,103.0,10.3559,108.0,11.1017,42.0,-0.745763,82.8071,9,9,4,1,1,12.6182,0.00885143,0.017605,0.294949,0.00151076,True
aeeem,org::eclipse::jdt::core::dom::ImportDeclaration,9,2,5,5,153,0,8,95,121.0,18.0,68,5,0,0.0,8,61.0,31.0,0,0,0,0,0,0,aeeem,org::eclipse::jdt::core::dom::ImportDeclaration,408.0,46,8,12,333.143,785.0,377.0,0,183.0,17.0652,183.0,8.19565,121.0,8.86956,85.287,10,9,0,0,0,8.43242,0.00830014,0.153579,8.14429,0.231202,True
aeeem,org::eclipse::jdt::internal::codeassist::select::SelectionOnFieldReference,3,6,1,2,3,0,0,394,23.0,3.0,107,0,0,0.0,3,11.0,9.0,0,0,0,0,0,0,aeeem,org::eclipse::jdt::internal::codeassist::select::SelectionOnFieldReference,15.0,29,5,4,367.0,160.0,145.0,0,60.0,5.51724,60.0,5.0,8.0,0.517241,54.5152,1,1,0,0,0,4.07501,0.00220824,0.0062193,0.097153,0.00103086,True
aeeem,org::eclipse::jdt::internal::core::PackageDeclaration,4,4,2,3,21,1,1,52,30.0,7.0,127,0,0,1.0,4,15.0,11.0,0,0,0,0,0,0,aeeem,org::eclipse::jdt::internal::core::PackageDeclaration,18.0,39,8,3,367.0,169.0,151.0,0,49.0,4.33333,49.0,3.87179,8.0,0.461538,68.6407,4,4,0,0,1,8.73596,0.0045169,0.134499,8.1114,0.198199,True
aeeem,org::eclipse::jdt::core::dom::CompilationUnitResolver,29,2,2,28,120,0,5,28,282.0,16.0,25,1,3,4.0,7,106.0,60.0,0,0,0,0,0,0,aeeem,org::eclipse::jdt::core::dom::CompilationUnitResolver,736.0,155,12,33,333.143,3557.0,2821.0,0,272.0,22.9484,285.0,18.2,156.0,4.74839,123.398,54,44,3,1,1,29.1299,0.13892,0.209644,8.70001,0.347551,True
aeeem,org::eclipse::jdt::internal::core::TypeVector,5,1,2,3,55,0,5,0,78.0,11.0,8,0,0,4.0,11,24.0,23.0,0,0,0,0,0,0,aeeem,org::eclipse::jdt::internal::core::TypeVector,-11.0,25,4,4,367.0,259.0,270.0,0,106.0,10.36,109.0,10.8,7.0,-0.44,36.6702,0,0,0,0,0,4.07501,0.00220824,0.0062193,0.097153,0.00103086,True
aeeem,org::eclipse::jdt::internal::compiler::ast::FalseLiteral,2,6,0,2,21,0,1,384,38.0,7.0,79,0,0,0.0,7,14.0,11.0,0,0,0,0,0,0,aeeem,org::eclipse::jdt::internal::compiler::ast::FalseLiteral,-7.0,24,4,5,367.0,160.0,167.0,0,67.0,6.66667,67.0,6.95833,6.0,-0.291667,69.8107,2,2,1,1,0,7.2883,0.00336903,0.0120812,0.177191,0.00316137,True
aeeem,org::eclipse::jdt::internal::core::SourceRefElementInfo,4,2,3,1,10,3,2,2,15.0,5.0,14,0,0,0.0,2,6.0,5.0,0,0,0,0,0,0,aeeem,org::eclipse::jdt::internal::core::SourceRefElementInfo,-8.0,17,5,4,367.0,112.0,120.0,0,48.0,6.58824,48.0,7.05882,4.0,-0.470588,51.7564,0,0,0,0,0,4.07501,0.00220824,0.0062193,0.097153,0.00103086,True
aeeem,org::eclipse::jdt::internal::core::SourceFieldElementInfo,3,5,3,0,10,0,2,8,12.0,5.0,33,0,0,0.0,3,6.0,4.0,0,0,0,0,0,0,aeeem,org::eclipse::jdt::internal::core::SourceFieldElementInfo,-17.0,21,5,5,367.0,161.0,178.0,0,72.0,7.66667,72.0,8.47619,5.0,-0.809524,58.4667,3,2,0,0,1,8.12446,0.00451604,0.128171,8.09027,0.169516,True
aeeem,org::eclipse::jdt::internal::compiler::ast::ConditionalExpression,13,5,0,13,36,0,9,412,445.0,9.0,94,0,0,9.0,9,142.0,141.0,0,0,0,0,0,0,aeeem,org::eclipse::jdt::internal::compiler::ast::ConditionalExpression,372.0,118,9,13,367.0,2331.0,1959.0,0,412.0,19.7542,412.0,16.6017,128.0,3.15254,80.3105,24,23,4,4,0,20.8651,0.118675,0.0334912,0.502158,0.0118813,True
aeeem,org::eclipse::jdt::internal::core::JarEntryFile,7,3,0,7,15,0,1,2,38.0,6.0,17,1,0,0.0,6,22.0,8.0,0,0,0,0,0,0,aeeem,org::eclipse::jdt::internal::core::JarEntryFile,3.0,32,5,5,367.0,256.0,253.0,0,81.0,8.0,81.0,7.90625,22.0,0.09375,132.693,1,1,0,0,0,7.01353,0.0275659,0.013852,0.177418,0.00898451,True
aeeem,org::eclipse::jdt::internal::codeassist::complete::CompletionOnMemberAccess,4,6,1,3,3,0,1,394,38.0,3.0,107,0,0,1.0,3,16.0,14.0,0,0,0,0,0,0,aeeem,org::eclipse::jdt::internal::codeassist::complete::CompletionOnMemberAccess,33.0,32,5,5,367.0,183.0,150.0,0,57.0,5.71875,57.0,4.6875,19.0,1.03125,90.2795,3,2,1,0,0,9.27985,0.010059,0.138828,8.13864,0.20214,True
aeeem,org::eclipse::jdt::internal::core::util::ExceptionTableEntry,4,2,1,3,15,0,5,0,28.0,6.0,24,5,0,0.0,5,11.0,8.0,0,0,0,0,0,0,aeeem,org::eclipse::jdt::internal::core::util::ExceptionTableEntry,12.0,11,4,4,322.714,52.0,40.0,0,12.0,4.72727,9.0,3.63636,6.0,1.09091,29.8517,0,0,0,0,0,4.07501,0.00220824,0.0062193,0.097153,0.00103086,True
aeeem,org::eclipse::jdt::internal::compiler::ast::FieldReference,20,5,2,18,231,4,10,384,547.0,22.0,85,0,0,7.0,22,197.0,168.0,6,0,0,0,0,1,aeeem,org::eclipse::jdt::internal::compiler::ast::FieldReference,214.0,150,9,14,367.0,3997.0,3783.0,0,567.0,26.6467,567.0,25.22,114.0,1.42667,141.094,43,39,8,6,0,27.3399,0.354056,0.197558,8.64097,0.311388,True
aeeem,org::eclipse::jdt::internal::core::CommitWorkingCopyOperation,13,2,1,13,10,0,0,18,141.0,5.0,62,0,0,0.0,2,66.0,31.0,0,0,0,0,0,0,aeeem,org::eclipse::jdt::internal::core::CommitWorkingCopyOperation,103.0,73,7,5,367.0,777.0,674.0,0,178.0,10.6438,178.0,9.23288,41.0,1.41096,73.5067,14,14,2,1,0,9.60428,0.00430976,0.0146864,0.22883,0.00333713,True
aeeem,org::eclipse::jdt::internal::compiler::parser::RecoveredField,7,2,1,7,55,1,8,4,186.0,11.0,33,0,0,8.0,11,36.0,56.0,0,0,0,0,0,0,aeeem,org::eclipse::jdt::internal::compiler::parser::RecoveredField,86.0,47,7,6,367.0,515.0,429.0,0,168.0,10.9574,168.0,9.12766,60.0,1.82979,100.545,7,7,0,0,2,10.4389,0.0293428,0.134078,8.14818,0.186232,True
aeeem,org::eclipse::jdt::internal::core::UserLibraryManager,11,1,5,9,21,0,2,0,128.0,7.0,8,1,1,0.0,6,59.0,20.0,0,0,0,0,0,0,aeeem,org::eclipse::jdt::internal::core::UserLibraryManager,-119.0,22,4,6,217.0,506.0,625.0,0,120.0,23.0,208.0,28.4091,12.0,-5.40909,133.701,6,6,4,1,0,12.236,0.161406,0.0275831,0.317055,0.037134,True
aeeem,org::eclipse::jdt::internal::core::SourceTypeElementInfo,17,5,11,6,276,0,10,9,193.0,24.0,42,0,0,0.0,20,54.0,56.0,0,0,0,0,0,0,aeeem,org::eclipse::jdt::internal::core::SourceTypeElementInfo,44.0,48,7,6,367.0,1007.0,963.0,0,298.0,20.9792,298.0,20.0625,51.0,0.916667,87.8779,7,4,0,0,1,11.8043,0.014835,0.133889,8.17852,0.170366,True
aeeem,org::eclipse::jdt::internal::compiler::ast::JavadocAllocationExpression,13,5,1,12,10,1,5,392,142.0,5.0,93,0,0,5.0,4,65.0,49.0,0,0,0,0,0,0,aeeem,org::eclipse::jdt::internal::compiler::ast::JavadocAllocationExpression,87.0,46,9,7,239.143,293.0,206.0,0,35.0,6.36956,17.0,4.47826,35.0,1.8913,65.4832,27,24,2,0,1,21.221,0.0350639,0.153886,8.41586,0.199331,True
aeeem,org::eclipse::jdt::internal::compiler::classfmt::MethodInfo,13,2,6,8,435,2,12,3,392.0,30.0,30,2,5,0.0,18,133.0,112.0,0,0,0,0,0,0,aeeem,org::eclipse::jdt::internal::compiler::classfmt::MethodInfo,427.0,68,8,16,367.0,1930.0,1503.0,0,237.0,28.3824,237.0,22.1029,134.0,6.27941,129.777,13,12,1,1,1,18.395,0.0908168,0.0363041,0.463041,0.0318221,True
aeeem,org::eclipse::jdt::core::JavaCore,58,1,25,40,2080,0,182,0,1058.0,65.0,0,2,11,0.0,54,413.0,217.0,4,1,0,0,0,1,aeeem,org::eclipse::jdt::core::JavaCore,4306.0,709,15,69,367.0,38598.0,34292.0,0,2955.0,54.4401,2942.0,48.3667,336.0,6.07334,100.595,172,138,17,6,7,45.5046,1.45113,0.261427,9.15563,0.522379,True
aeeem,org::eclipse::jdt::internal::core::util::CodeAttribute,13,3,1,12,66,0,14,1,1081.0,12.0,40,14,0,0.0,11,352.0,258.0,1,0,0,0,0,1,aeeem,org::eclipse::jdt::internal::core::util::CodeAttribute,10.0,30,8,7,322.714,221.0,211.0,0,85.0,7.36667,67.0,7.03333,19.0,0.333333,90.1467,4,3,0,0,0,10.1694,0.00288715,0.0202864,0.256506,0.0191937,True
aeeem,org::eclipse::jdt::internal::core::eval::GlobalVariableWrapper,2,1,1,1,6,0,1,0,17.0,4.0,11,0,0,1.0,3,10.0,5.0,0,0,0,0,0,0,aeeem,org::eclipse::jdt::internal::core::eval::GlobalVariableWrapper,1.0,14,4,4,367.0,101.0,100.0,0,50.0,7.21429,50.0,7.14286,5.0,0.0714286,52.8416,0,0,0,0,0,4.07501,0.00220824,0.0062193,0.097153,0.00103086,True
aeeem,org::eclipse::jdt::internal::compiler::classfmt::ClassFileStruct,15,1,12,3,45,5,3,0,67.0,10.0,8,0,0,3.0,9,15.0,14.0,0,0,0,0,0,0,aeeem,org::eclipse::jdt::internal::compiler::classfmt::ClassFileStruct,-248.0,41,7,4,367.0,960.0,1208.0,0,285.0,23.4146,297.0,29.4634,7.0,-6.04878,64.3007,2,1,0,0,1,8.93874,0.0230851,0.0148352,0.216678,0.00634486,True
aeeem,org::eclipse::jdt::core::dom::TextElement,4,2,2,2,66,0,3,95,63.0,12.0,68,2,0,0.0,3,32.0,17.0,0,0,0,0,0,0,aeeem,org::eclipse::jdt::core::dom::TextElement,136.0,23,5,8,229.714,177.0,41.0,0,63.0,7.69565,7.0,1.78261,62.0,5.91304,15.9927,5,4,0,0,0,10.4485,0.00789354,0.168866,8.22473,0.279514,True
aeeem,org::eclipse::jdt::internal::codeassist::select::SelectionJavadocParser,6,3,1,5,36,0,3,135,123.0,9.0,67,0,0,3.0,2,26.0,34.0,0,0,0,0,0,0,aeeem,org::eclipse::jdt::internal::codeassist::select::SelectionJavadocParser,9.0,9,3,1,169.571,28.0,19.0,0,8.0,3.11111,6.0,2.11111,2.0,1.0,35.3418,4,4,0,0,0,10.1241,0.00498852,0.021925,0.259327,0.0292602,True
aeeem,org::eclipse::jdt::internal::core::BinaryField,14,7,3,13,91,1,0,69,81.0,14.0,229,0,0,0.0,11,59.0,23.0,2,0,0,0,0,1,aeeem,org::eclipse::jdt::internal::core::BinaryField,124.0,45,7,11,367.0,337.0,213.0,0,78.0,7.48889,78.0,4.73333,35.0,2.75556,122.181,9,6,2,1,1,15.7259,0.018149,0.137737,8.26406,0.169655,True
aeeem,org::eclipse::jdt::internal::core::util::CommentRecorderParser,9,2,4,5,78,1,4,402,193.0,13.0,8,0,1,3.0,7,34.0,53.0,1,0,0,0,0,1,aeeem,org::eclipse::jdt::internal::core::util::CommentRecorderParser,83.0,35,9,8,228.143,383.0,300.0,0,96.0,10.9429,68.0,8.57143,28.0,2.37143,27.0653,24,19,0,0,1,15.1859,0.0176031,0.0302703,0.381131,0.034904,True
aeeem,org::eclipse::jdt::core::dom::DocCommentParser,16,2,1,15,153,0,2,133,638.0,18.0,46,2,1,0.0,2,220.0,113.0,1,0,0,0,0,1,aeeem,org::eclipse::jdt::core::dom::DocCommentParser,493.0,48,7,6,229.0,900.0,407.0,0,257.0,18.75,47.0,8.47917,223.0,10.2708,47.8178,36,33,4,2,1,16.6898,0.0455188,0.0472177,0.440872,0.079908,True
aeeem,org::eclipse::jdt::internal::compiler::ast::MemberValuePair,18,2,8,10,6,2,4,380,189.0,4.0,27,0,0,4.0,4,78.0,60.0,0,0,0,0,0,0,aeeem,org::eclipse::jdt::internal::compiler::ast::MemberValuePair,365.0,41,8,17,222.714,485.0,120.0,1,75.0,11.8293,43.0,2.92683,75.0,8.90244,71.7756,16,15,4,1,0,19.8678,0.0534456,0.159214,8.40407,0.217391,True
aeeem,org::eclipse::jdt::internal::compiler::impl::Constant,47,1,34,13,528,9,1,151,1500.0,33.0,8,0,0,0.0,33,2062.0,898.0,0,0,0,0,0,0,aeeem,org::eclipse::jdt::internal::compiler::impl::Constant,-956.0,46,5,9,367.0,5807.0,6763.0,0,1581.0,126.239,2499.0,147.022,147.0,-20.7826,76.9932,7,6,1,1,1,10.2807,0.162745,0.0144449,0.240687,0.00132183,True
aeeem,org::eclipse::jdt::core::dom::MethodInvocation,6,3,2,5,171,0,10,95,137.0,19.0,73,6,0,0.0,9,72.0,38.0,0,0,0,0,0,0,aeeem,org::eclipse::jdt::core::dom::MethodInvocation,399.0,46,8,15,333.143,830.0,431.0,0,189.0,18.0435,189.0,9.36956,91.0,8.67391,99.3661,11,8,0,0,0,8.63149,0.0202521,0.157177,8.1599,0.238388,True
aeeem,org::eclipse::jdt::internal::core::util::StackMapTableAttribute,4,3,1,3,6,0,5,1,33.0,4.0,31,5,0,0.0,4,9.0,7.0,0,0,0,0,0,0,aeeem,org::eclipse::jdt::internal::core::util::StackMapTableAttribute,58.0,4,2,1,150.714,80.0,22.0,0,40.0,20.0,11.0,5.5,29.0,14.5,17.9286,1,0,0,0,0,2.64277,0.00814371,0.00397758,0.0629748,0.000381817,True
aeeem,org::eclipse::jdt::internal::core::PackageFragment,30,4,6,25,528,1,3,64,356.0,33.0,162,0,1,1.0,25,179.0,103.0,0,0,0,0,0,0,aeeem,org::eclipse::jdt::internal::core::PackageFragment,188.0,104,7,11,367.0,1487.0,1299.0,0,369.0,14.2981,369.0,12.4904,39.0,1.80769,86.1225,23,19,3,2,2,19.6881,0.0334197,0.158057,8.39314,0.224164,True
aeeem,org::eclipse::jdt::internal::codeassist::select::SelectionOnQualifiedTypeReference,7,6,2,5,6,0,0,386,38.0,4.0,95,0,0,0.0,3,22.0,10.0,0,0,0,0,0,0,aeeem,org::eclipse::jdt::internal::codeassist::select::SelectionOnQualifiedTypeReference,12.0,33,6,6,367.0,192.0,180.0,0,67.0,5.81818,67.0,5.45455,9.0,0.363636,72.7991,3,3,0,0,0,6.70304,0.00813088,0.152618,8.10942,0.231938,True
aeeem,org::eclipse::jdt::internal::core::search::JavaSearchTypeNameMatch,5,2,3,2,28,0,2,0,35.0,8.0,16,2,0,0.0,8,16.0,15.0,0,0,0,0,0,0,aeeem,org::eclipse::jdt::internal::core::search::JavaSearchTypeNameMatch,0.0,1,1,0,87.1429,0.0,0.0,0,0.0,0.0,0.0,0.0,0.0,0.0,0.0,1,1,0,0,0,0.0,0.0,0.0,0.0,0.0,True
aeeem,org::eclipse::jdt::internal::core::search::indexing::IndexManager,46,2,15,38,741,0,11,47,644.0,39.0,32,6,9,5.0,28,285.0,172.0,3,0,0,0,0,1,aeeem,org::eclipse::jdt::internal::core::search::indexing::IndexManager,551.0,198,9,13,367.0,3617.0,3066.0,0,488.0,18.2677,488.0,15.4848,100.0,2.78283,105.595,33,30,4,1,3,26.4736,0.144784,0.168102,8.55626,0.215659,True
aeeem,org::eclipse::jdt::internal::core::JarPackageFragment,12,5,1,11,78,0,0,67,127.0,13.0,194,0,2,0.0,7,77.0,27.0,0,0,0,0,0,0,aeeem,org::eclipse::jdt::internal::core::JarPackageFragment,53.0,51,6,7,367.0,633.0,580.0,0,170.0,12.4118,170.0,11.3725,48.0,1.03922,123.074,6,5,0,0,0,11.6504,0.0409616,0.157821,8.22786,0.243403,True
aeeem,org::eclipse::jdt::internal::codeassist::impl::AssistImportDeclaration,2,5,2,0,1,0,1,54,7.0,2.0,143,1,0,0.0,2,3.0,2.0,0,0,0,0,0,0,aeeem,org::eclipse::jdt::internal::codeassist::impl::AssistImportDeclaration,0.0,1,1,0,14.7143,0.0,0.0,0,0.0,0.0,0.0,0.0,0.0,0.0,0.0,1,1,0,0,1,0.0,0.0,0.0,0.0,0.0,True
aeeem,org::eclipse::jdt::internal::compiler::ast::IntLiteral,6,6,0,6,28,1,3,385,110.0,8.0,79,0,0,1.0,8,25.0,35.0,0,0,0,0,0,0,aeeem,org::eclipse::jdt::internal::compiler::ast::IntLiteral,-27.0,31,6,7,367.0,334.0,361.0,0,147.0,10.7742,164.0,11.6452,6.0,-0.870968,53.4363,4,4,0,0,0,9.8326,0.00406867,0.0159472,0.23795,0.00356631,True
aeeem,org::eclipse::jdt::internal::compiler::parser::Parser,0,1,0,0,0,5,129,282,0.0,0.0,8,9,0,43.0,0,0.0,0.0,4,0,0,0,0,1,aeeem,org::eclipse::jdt::internal::compiler::parser::Parser,5847.0,520,12,132,367.0,65571.0,59724.0,0,7452.0,126.098,7452.0,114.854,2768.0,11.2442,96.248,173,155,20,8,7,43.3291,1.10064,0.188191,1.32835,0.388753,True
aeeem,org::eclipse::jdt::internal::core::builder::State,20,1,4,16,378,0,17,0,560.0,28.0,8,3,6,9.0,6,246.0,142.0,1,0,0,0,0,1,aeeem,org::eclipse::jdt::internal::core::builder::State,302.0,74,10,9,329.0,1263.0,961.0,0,547.0,17.0676,547.0,12.9865,46.0,4.08108,59.7003,18,15,3,3,2,18.8534,0.0574377,0.15624,8.37449,0.224009,True
aeeem,org::eclipse::jdt::internal::eval::CodeSnippetEvaluator,9,2,0,9,21,0,3,19,144.0,7.0,15,0,2,2.0,0,49.0,20.0,0,0,0,0,0,0,aeeem,org::eclipse::jdt::internal::eval::CodeSnippetEvaluator,1.0,40,8,4,367.0,441.0,440.0,0,204.0,11.025,204.0,11.0,10.0,0.025,50.6838,8,8,0,0,0,8.15196,0.0055026,0.0121476,0.193382,0.00171732,True
aeeem,org::eclipse::jdt::core::dom::TypeDeclarationStatement,7,3,2,6,153,0,5,95,123.0,18.0,73,3,1,0.0,6,60.0,31.0,0,0,0,0,0,0,aeeem,org::eclipse::jdt::core::dom::TypeDeclarationStatement,385.0,52,9,12,333.143,741.0,356.0,0,156.0,14.25,156.0,6.84615,94.0,7.40385,96.2851,12,10,0,0,0,9.21914,0.0169777,0.155078,8.16436,0.23138,True
aeeem,org::eclipse::jdt::internal::compiler::batch::ClasspathJar,10,2,1,9,45,1,5,18,155.0,10.0,18,0,0,0.0,10,77.0,37.0,1,0,0,0,0,1,aeeem,org::eclipse::jdt::internal::compiler::batch::ClasspathJar,240.0,57,6,13,367.0,854.0,614.0,0,168.0,14.9825,100.0,10.7719,167.0,4.21053,138.317,9,7,0,0,0,15.9456,0.0854353,0.0529245,0.447559,0.12159,True
aeeem,org::eclipse::jdt::internal::core::search::matching::JavaSearchNameEnvironment,17,1,1,16,15,0,2,12,140.0,6.0,11,0,2,2.0,4,55.0,31.0,0,0,0,0,0,0,aeeem,org::eclipse::jdt::internal::core::search::matching::JavaSearchNameEnvironment,47.0,32,7,7,291.0,237.0,190.0,0,33.0,7.40625,41.0,5.9375,28.0,1.46875,81.135,10,8,2,1,2,10.3262,0.00804469,0.137865,8.15305,0.198979,True
aeeem,org::eclipse::jdt::internal::eval::InstallException,0,1,0,0,0,0,1,0,3.0,1.0,22,1,0,0.0,1,1.0,1.0,0,0,0,0,0,0,aeeem,org::eclipse::jdt::internal::eval::InstallException,8.0,18,4,4,367.0,93.0,85.0,0,33.0,5.16667,33.0,4.72222,9.0,0.444444,55.9708,0,0,0,0,0,4.07501,0.00220824,0.0062193,0.097153,0.00103086,True
aeeem,org::eclipse::jdt::internal::core::search::HierarchyScope,19,2,1,18,55,0,10,17,240.0,11.0,19,6,3,2.0,6,109.0,48.0,0,0,0,0,0,0,aeeem,org::eclipse::jdt::internal::core::search::HierarchyScope,193.0,56,7,7,367.0,1082.0,889.0,0,225.0,19.3214,225.0,15.875,109.0,3.44643,50.3331,6,5,1,0,2,11.8899,0.0126194,0.150196,8.21981,0.233114,True
aeeem,org::eclipse::jdt::core::search::TypeNameMatch,5,1,1,4,28,1,0,0,23.0,8.0,8,0,0,0.0,8,25.0,7.0,0,0,0,0,0,0,aeeem,org::eclipse::jdt::core::search::TypeNameMatch,-31.0,10,2,0,89.0,223.0,254.0,0,73.0,22.3,97.0,25.4,29.0,-3.1,2.20756,10,9,1,0,0,5.79221,0.0489282,0.0164667,0.162436,0.0201695,True
aeeem,org::eclipse::jdt::internal::core::SearchableEnvironmentRequestor,11,2,1,10,6,0,5,12,44.0,4.0,31,0,0,0.0,4,27.0,12.0,0,0,0,0,0,0,aeeem,org::eclipse::jdt::internal::core::SearchableEnvironmentRequestor,28.0,25,7,3,367.0,244.0,216.0,0,83.0,9.76,83.0,8.64,38.0,1.12,96.5269,7,6,0,0,0,8.27771,0.00769731,0.0102336,0.188364,0.000318241,True
aeeem,org::eclipse::jdt::internal::compiler::batch::CompilationUnit,6,2,2,4,15,1,5,1,50.0,6.0,12,0,0,5.0,6,18.0,12.0,0,0,0,0,0,0,aeeem,org::eclipse::jdt::internal::compiler::batch::CompilationUnit,-10.0,39,5,6,367.0,302.0,312.0,0,73.0,7.74359,73.0,8.0,13.0,-0.25641,61.6485,4,3,0,0,0,5.68889,0.00759409,0.00917087,0.137409,0.00200423,True
aeeem,org::eclipse::jdt::internal::core::dom::NaiveASTFlattener,7,2,1,7,55,0,3,0,48.0,11.0,13,2,5,0.0,4,31.0,15.0,0,0,0,0,0,0,aeeem,org::eclipse::jdt::internal::core::dom::NaiveASTFlattener,0.0,1,1,0,21.1429,0.0,0.0,0,0.0,0.0,0.0,0.0,0.0,0.0,0.0,1,0,0,0,0,0.0,0.0,0.0,0.0,0.0,True
aeeem,org::eclipse::jdt::internal::compiler::lookup::MethodVerifier15,13,2,1,13,351,0,0,4,747.0,27.0,44,0,0,0.0,2,249.0,291.0,8,1,1,1,0,1,aeeem,org::eclipse::jdt::internal::compiler::lookup::MethodVerifier15,1239.0,106,7,5,204.714,2472.0,1233.0,0,179.0,23.3208,137.0,11.6321,123.0,11.6887,78.6175,80,74,18,4,0,41.1012,0.502679,0.264004,9.0788,0.466338,True
aeeem,org::eclipse::jdt::internal::compiler::parser::RecoveryScannerData,2,1,2,0,1,0,13,0,42.0,2.0,8,0,0,13.0,2,2.0,10.0,0,0,0,0,0,0,aeeem,org::eclipse::jdt::internal::compiler::parser::RecoveryScannerData,8.0,2,1,0,126.0,11.0,3.0,0,11.0,5.5,3.0,1.5,8.0,4.0,0.142857,1,0,0,0,0,1.27976,0.00102598,0.00204863,0.0309505,0.000274118,True
aeeem,org::eclipse::jdt::internal::core::search::matching::InternalSearchPattern,10,1,3,7,10,1,3,0,64.0,5.0,8,0,0,3.0,0,39.0,18.0,1,0,0,0,0,1,aeeem,org::eclipse::jdt::internal::core::search::matching::InternalSearchPattern,37.0,17,7,2,217.0,99.0,62.0,0,22.0,5.82353,14.0,3.64706,14.0,2.17647,62.5815,4,4,0,0,0,9.52687,0.0176515,0.125977,8.11153,0.153065,True
aeeem,org::eclipse::jdt::internal::formatter::DefaultCodeFormatter,12,2,2,10,153,0,10,9,370.0,18.0,10,8,13,2.0,5,110.0,75.0,0,0,0,0,0,0,aeeem,org::eclipse::jdt::internal::formatter::DefaultCodeFormatter,444.0,88,10,29,261.571,1783.0,1339.0,0,180.0,20.2614,161.0,15.2159,160.0,5.04545,109.425,31,22,2,1,1,26.0554,0.237265,0.222215,8.66831,0.403815,True
aeeem,org::eclipse::jdt::core::dom::MemberValuePair,5,2,1,5,105,0,5,95,109.0,15.0,68,3,0,0.0,6,56.0,28.0,0,0,0,0,0,0,aeeem,org::eclipse::jdt::core::dom::MemberValuePair,551.0,32,6,6,226.0,643.0,92.0,0,183.0,20.0938,12.0,2.875,183.0,17.2187,5.70384,6,5,0,0,0,8.03932,0.00565482,0.153961,8.13872,0.231673,True
aeeem,org::eclipse::jdt::internal::codeassist::complete::CompletionOnImportReference,2,3,1,1,1,0,0,387,12.0,2.0,32,0,0,0.0,2,7.0,4.0,0,0,0,0,0,0,aeeem,org::eclipse::jdt::internal::codeassist::complete::CompletionOnImportReference,0.0,26,4,4,367.0,136.0,136.0,0,55.0,5.23077,55.0,5.23077,6.0,0.0,48.9181,0,0,0,0,0,4.07501,0.00220824,0.0062193,0.097153,0.00103086,True
aeeem,org::eclipse::jdt::internal::core::UserLibrary,20,1,2,18,28,0,10,0,141.0,8.0,8,10,0,0.0,8,78.0,33.0,0,0,0,0,0,0,aeeem,org::eclipse::jdt::internal::core::UserLibrary,82.0,25,5,6,217.0,153.0,71.0,0,36.0,6.12,13.0,2.84,23.0,3.28,64.2838,9,8,3,0,0,16.4146,0.0231139,0.143907,8.29439,0.189304,True
aeeem,org::eclipse::jdt::internal::compiler::ast::BinaryExpression,17,5,4,13,253,4,3,412,1782.0,23.0,94,0,0,3.0,22,498.0,418.0,0,0,0,0,0,0,aeeem,org::eclipse::jdt::internal::compiler::ast::BinaryExpression,255.0,81,9,8,367.0,7934.0,7679.0,0,1737.0,97.9506,1737.0,94.8025,339.0,3.14815,118.127,18,18,4,3,0,19.8456,0.409688,0.146852,8.3719,0.175875,True
aeeem,org::eclipse::jdt::internal::core::builder::ClasspathLocation,6,1,4,2,45,3,0,0,18.0,10.0,8,0,0,0.0,8,13.0,6.0,0,0,0,0,0,0,aeeem,org::eclipse::jdt::internal::core::builder::ClasspathLocation,34.0,26,9,5,329.0,130.0,96.0,0,37.0,5.0,37.0,3.69231,14.0,1.30769,71.4352,5,4,1,1,0,7.56137,0.00447013,0.0105395,0.176547,0.00115525,True
aeeem,org::eclipse::jdt::internal::core::ResolvedSourceType,4,7,3,2,15,1,1,69,26.0,6.0,298,1,0,0.0,5,12.0,7.0,0,0,0,0,0,0,aeeem,org::eclipse::jdt::internal::core::ResolvedSourceType,10.0,11,4,3,175.0,34.0,24.0,0,7.0,3.09091,5.0,2.18182,6.0,0.909091,34.1513,4,4,0,0,1,9.59103,0.007576,0.139308,8.14107,0.206304,True
aeeem,org::eclipse::jdt::internal::core::DiscardWorkingCopyOperation,8,2,1,8,6,0,0,18,41.0,4.0,62,0,0,0.0,2,29.0,8.0,0,0,0,0,0,0,aeeem,org::eclipse::jdt::internal::core::DiscardWorkingCopyOperation,-4.0,13,4,2,261.571,52.0,56.0,0,18.0,4.0,31.0,4.30769,12.0,-0.307692,48.4698,6,6,3,1,1,5.25685,0.00240096,0.00790131,0.125004,0.0010311,True
aeeem,org::eclipse::jdt::core::dom::ChildPropertyDescriptor,6,2,4,2,6,0,3,0,18.0,4.0,15,2,0,1.0,3,6.0,6.0,0,0,0,0,0,0,aeeem,org::eclipse::jdt::core::dom::ChildPropertyDescriptor,1.0,9,4,5,224.857,12.0,11.0,0,4.0,1.33333,4.0,1.22222,1.0,0.111111,76.9405,1,1,0,0,0,6.70304,0.00381663,0.152618,8.10942,0.231938,True
aeeem,org::eclipse::jdt::internal::codeassist::impl::AssistOptions,5,1,2,3,3,0,32,0,155.0,3.0,8,0,1,15.0,2,59.0,52.0,0,0,0,0,0,0,aeeem,org::eclipse::jdt::internal::codeassist::impl::AssistOptions,333.0,36,6,5,354.571,670.0,337.0,0,83.0,18.6111,71.0,9.36111,82.0,9.25,80.5139,8,5,1,1,0,14.1631,0.0206602,0.0232665,0.34242,0.00953767,True
aeeem,org::eclipse::jdt::internal::compiler::lookup::WildcardBinding,15,4,8,10,351,0,10,49,533.0,27.0,148,0,0,10.0,25,143.0,150.0,1,0,1,0,0,1,aeeem,org::eclipse::jdt::internal::compiler::lookup::WildcardBinding,1090.0,99,8,5,220.714,1946.0,856.0,0,315.0,19.6566,116.0,8.64646,315.0,11.0101,49.8048,28,27,3,1,0,27.658,0.176695,0.18113,8.61211,0.267068,True
aeeem,org::eclipse::jdt::internal::compiler::ast::ArrayAllocationExpression,8,4,1,7,15,0,3,384,142.0,6.0,69,0,0,3.0,6,44.0,38.0,0,0,0,0,0,0,aeeem,org::eclipse::jdt::internal::compiler::ast::ArrayAllocationExpression,3.0,55,7,8,367.0,671.0,668.0,0,184.0,12.2,184.0,12.1455,22.0,0.0545455,69.3709,5,4,0,0,0,9.13341,0.0241289,0.137633,8.13196,0.20024,True
aeeem,org::eclipse::jdt::internal::core::search::matching::SecondaryTypeDeclarationPattern,2,5,0,2,6,0,1,69,13.0,4.0,54,1,0,0.0,2,8.0,4.0,1,0,0,0,0,1,aeeem,org::eclipse::jdt::internal::core::search::matching::SecondaryTypeDeclarationPattern,0.0,2,1,0,133.571,0.0,0.0,0,0.0,0.0,0.0,0.0,0.0,0.0,0.0,1,1,0,0,0,0.0,0.0,0.0,0.0,0.0,True
aeeem,org::eclipse::jdt::core::dom::EnhancedForStatement,7,3,1,7,120,0,7,95,141.0,16.0,73,4,0,0.0,7,70.0,35.0,0,0,0,0,0,0,aeeem,org::eclipse::jdt::core::dom::EnhancedForStatement,681.0,35,6,8,239.571,957.0,276.0,0,285.0,27.3429,86.0,7.88571,285.0,19.4571,12.1797,5,4,0,0,0,6.84846,0.00470788,0.151789,8.10896,0.231177,True
aeeem,org::eclipse::jdt::internal::core::JavaElementRequestor,1,1,1,0,120,1,12,0,105.0,16.0,15,0,0,0.0,16,40.0,27.0,0,0,0,0,0,0,aeeem,org::eclipse::jdt::internal::core::JavaElementRequestor,-9.0,17,5,4,367.0,478.0,487.0,0,226.0,28.1176,226.0,28.6471,9.0,-0.529412,41.4441,0,0,0,0,0,5.1154,0.00327472,0.00769445,0.121597,0.00113041,True
aeeem,org::eclipse::jdt::internal::compiler::lookup::Scope,144,1,131,30,2850,3,13,249,2877.0,76.0,8,0,4,2.0,60,836.0,972.0,8,0,2,1,0,1,aeeem,org::eclipse::jdt::internal::compiler::lookup::Scope,3913.0,450,12,12,367.0,25117.0,21204.0,0,1261.0,55.8156,1261.0,47.12,429.0,8.69556,96.5124,214,200,38,15,3,48.7643,1.02462,0.29613,9.30758,0.562141,True
aeeem,org::eclipse::jdt::core::dom::BindingComparator,1,1,1,0,0,0,0,0,3.0,1.0,8,0,0,0.0,0,3.0,1.0,0,0,0,0,0,0,aeeem,org::eclipse::jdt::core::dom::BindingComparator,141.0,31,6,19,193.0,515.0,374.0,0,95.0,16.6129,92.0,12.0645,41.0,4.54839,33.0488,19,17,0,0,0,18.3087,0.0566829,0.14051,8.3227,0.165048,True
aeeem,org::eclipse::jdt::internal::formatter::AbortFormatting,2,1,1,1,0,0,2,0,4.0,1.0,23,1,0,1.0,1,2.0,1.0,0,0,0,0,0,0,aeeem,org::eclipse::jdt::internal::formatter::AbortFormatting,3.0,8,4,1,264.857,13.0,10.0,0,6.0,1.625,6.0,1.25,2.0,0.375,70.2308,0,0,0,0,0,1.70656,0.0017135,0.00197306,0.038262,3.30855e-05,True
aeeem,org::eclipse::jdt::internal::core::util::ResourceCompilationUnit,2,3,0,2,1,0,1,6,15.0,2.0,18,1,0,0.0,2,6.0,4.0,0,0,0,0,0,0,aeeem,org::eclipse::jdt::internal::core::util::ResourceCompilationUnit,2.0,9,3,1,131.857,17.0,15.0,0,10.0,1.88889,5.0,1.66667,5.0,0.222222,15.4958,3,2,1,0,0,5.2415,0.00259933,0.0092443,0.129752,0.00213974,True
aeeem,org::eclipse::jdt::internal::core::CompilationUnitProblemFinder,7,2,1,6,21,0,0,28,57.0,7.0,25,0,0,0.0,3,17.0,8.0,0,0,0,0,0,0,aeeem,org::eclipse::jdt::internal::core::CompilationUnitProblemFinder,71.0,74,9,7,325.0,423.0,352.0,0,44.0,5.71622,50.0,4.75676,17.0,0.959459,119.241,21,17,1,1,0,18.4584,0.0435567,0.148013,8.34492,0.192392,True
aeeem,org::eclipse::jdt::internal::compiler::ast::PostfixExpression,3,6,0,3,15,0,0,415,39.0,6.0,93,0,0,0.0,6,16.0,10.0,0,0,0,0,0,0,aeeem,org::eclipse::jdt::internal::compiler::ast::PostfixExpression,-2.0,36,4,4,367.0,374.0,376.0,0,76.0,10.3889,76.0,10.4444,13.0,-0.0555556,70.9236,0,0,0,0,0,3.9771,0.0072741,0.00585268,0.0940532,0.000756986,True
aeeem,org::eclipse::jdt::internal::compiler::problem::ProblemReporter,156,2,129,36,81003,1,5,4,6571.0,403.0,13,4,16,1.0,387,2603.0,1033.0,8,2,1,0,0,1,aeeem,org::eclipse::jdt::internal::compiler::problem::ProblemReporter,5658.0,479,12,70,367.0,22297.0,16639.0,2,2482.0,46.5491,2576.0,34.737,459.0,11.8121,129.576,194,161,15,5,1,43.7616,1.05979,0.250347,9.10871,0.454513,True
aeeem,org::eclipse::jdt::internal::codeassist::complete::CompletionOnKeyword1,1,6,1,0,21,0,2,385,23.0,7.0,98,1,0,1.0,6,12.0,7.0,0,0,0,0,0,0,aeeem,org::eclipse::jdt::internal::codeassist::complete::CompletionOnKeyword1,11.0,12,7,4,282.0,26.0,15.0,0,5.0,2.16667,4.0,1.25,5.0,0.916667,90.3571,2,0,0,0,0,6.93237,0.0037492,0.00985736,0.162632,0.00115402,True
aeeem,org::eclipse::jdt::internal::compiler::lookup::ClassScope,34,2,17,25,325,0,2,262,1091.0,26.0,80,0,13,2.0,6,362.0,310.0,1,1,0,0,0,1,aeeem,org::eclipse::jdt::internal::compiler::lookup::ClassScope,428.0,239,12,14,367.0,13423.0,12995.0,0,873.0,56.1632,896.0,54.3724,103.0,1.79079,54.9122,82,77,18,6,1,41.9795,0.252129,0.260381,9.09051,0.468793,True
aeeem,org::eclipse::jdt::internal::core::search::PathCollector,3,2,3,0,3,0,1,0,12.0,3.0,10,0,0,1.0,3,8.0,3.0,0,0,0,0,0,0,aeeem,org::eclipse::jdt::internal::core::search::PathCollector,-216.0,21,6,5,367.0,344.0,560.0,0,131.0,16.381,154.0,26.6667,9.0,-10.2857,52.1578,1,1,0,0,0,6.37753,0.00294892,0.00918829,0.150044,0.0011603,True
aeeem,org::eclipse::jdt::internal::compiler::ast::BranchStatement,2,3,0,2,3,3,4,380,39.0,3.0,38,0,0,4.0,3,13.0,9.0,0,0,0,0,0,0,aeeem,org::eclipse::jdt::internal::compiler::ast::BranchStatement,17.0,35,6,9,367.0,253.0,236.0,0,66.0,7.22857,66.0,6.74286,9.0,0.485714,99.738,10,10,1,1,0,11.17,0.0142683,0.0238635,0.287591,0.0219418,True
aeeem,org::eclipse::jdt::internal::codeassist::complete::CompletionJavadoc,9,3,1,8,21,0,1,388,222.0,7.0,33,0,3,1.0,4,47.0,74.0,0,0,0,0,0,0,aeeem,org::eclipse::jdt::internal::codeassist::complete::CompletionJavadoc,2.0,6,3,2,140.143,39.0,37.0,0,36.0,6.5,34.0,6.16667,2.0,0.333333,15.2344,1,1,0,0,0,5.0061,0.00565657,0.00791127,0.120669,0.00103807,True
aeeem,org::eclipse::jdt::internal::formatter::Scribe,27,1,5,23,3160,0,39,35,3184.0,80.0,8,19,39,20.0,32,752.0,764.0,9,1,0,0,1,1,aeeem,org::eclipse::jdt::internal::formatter::Scribe,3692.0,172,8,70,264.857,6871.0,3179.0,0,959.0,39.9477,425.0,18.4826,836.0,21.4651,166.729,102,88,16,3,4,36.1202,0.931112,0.266099,8.97466,0.528753,True
aeeem,org::eclipse::jdt::internal::core::MemberElementInfo,8,3,8,0,15,3,3,4,18.0,6.0,19,0,0,0.0,3,6.0,6.0,0,0,0,0,0,0,aeeem,org::eclipse::jdt::internal::core::MemberElementInfo,-23.0,22,6,4,367.0,282.0,305.0,0,92.0,12.8182,92.0,13.8636,4.0,-1.04545,48.0942,2,2,0,0,0,5.19438,0.00227408,0.00784493,0.123602,0.00115776,True
aeeem,org::eclipse::jdt::internal::codeassist::impl::AssistPackageDeclaration,3,5,2,1,3,0,1,53,10.0,3.0,134,1,0,0.0,3,5.0,3.0,0,0,0,0,0,0,aeeem,org::eclipse::jdt::internal::codeassist::impl::AssistPackageDeclaration,0.0,1,1,0,14.7143,0.0,0.0,0,0.0,0.0,0.0,0.0,0.0,0.0,0.0,1,1,0,0,1,0.0,0.0,0.0,0.0,0.0,True
aeeem,org::eclipse::jdt::core::search::SearchParticipant,7,1,4,4,45,1,0,0,30.0,10.0,8,0,0,0.0,9,20.0,8.0,0,0,0,0,0,0,aeeem,org::eclipse::jdt::core::search::SearchParticipant,274.0,39,9,4,236.0,544.0,270.0,0,138.0,13.9487,59.0,6.92308,89.0,7.02564,29.5176,11,9,3,0,1,13.6626,0.0117541,0.147282,8.24562,0.214025,True
aeeem,org::eclipse::jdt::internal::compiler::problem::AbortType,4,3,4,0,0,1,1,6,3.0,1.0,26,1,0,0.0,1,1.0,1.0,0,0,0,0,0,0,aeeem,org::eclipse::jdt::internal::compiler::problem::AbortType,13.0,18,5,3,367.0,64.0,51.0,0,25.0,3.55556,25.0,2.83333,6.0,0.722222,93.6473,3,3,0,0,0,4.08525,0.00155648,0.00599796,0.0965694,0.000752173,True
aeeem,org::eclipse::jdt::internal::compiler::parser::RecoveredAnnotation,16,2,7,9,78,0,10,4,184.0,13.0,33,4,0,3.0,13,36.0,39.0,0,0,0,0,0,0,aeeem,org::eclipse::jdt::internal::compiler::parser::RecoveredAnnotation,42.0,2,1,0,20.5714,58.0,16.0,0,58.0,29.0,16.0,8.0,42.0,21.0,14.7143,2,2,1,0,1,1.29357,0.0260942,0.0546777,0.153793,0.11188,True
aeeem,org::eclipse::jdt::internal::core::util::LocalVariableTableEntry,4,2,1,3,28,0,7,0,38.0,8.0,26,7,0,0.0,8,15.0,10.0,0,0,0,0,0,0,aeeem,org::eclipse::jdt::internal::core::util::LocalVariableTableEntry,-1.0,9,3,4,322.714,28.0,29.0,0,9.0,3.11111,10.0,3.22222,0.0,-0.111111,52.8061,0,0,0,0,0,4.07501,0.00220824,0.0062193,0.097153,0.00103086,True
aeeem,org::eclipse::jdt::internal::compiler::codegen::LongCache,2,1,1,1,36,0,4,0,94.0,9.0,8,0,1,4.0,8,24.0,36.0,0,0,0,0,0,0,aeeem,org::eclipse::jdt::internal::compiler::codegen::LongCache,8.0,31,6,3,367.0,637.0,629.0,0,155.0,20.5484,155.0,20.2903,9.0,0.258065,74.9388,1,1,0,0,0,5.7915,0.0203856,0.00816524,0.135701,0.000754248,True
aeeem,org::eclipse::jdt::internal::core::search::matching::MatchingNodeSet,20,1,13,7,36,0,8,0,149.0,9.0,8,2,0,6.0,6,54.0,37.0,0,0,0,0,0,0,aeeem,org::eclipse::jdt::internal::core::search::matching::MatchingNodeSet,-346.0,46,7,5,279.571,480.0,826.0,0,224.0,10.4348,320.0,17.9565,16.0,-7.52174,48.9,9,8,1,0,1,9.33444,0.00974873,0.0144432,0.223337,0.00263537,True
aeeem,org::eclipse::jdt::internal::core::search::indexing::SourceIndexerRequestor,8,1,1,7,465,0,5,39,235.0,31.0,30,0,5,5.0,26,82.0,67.0,0,0,0,0,0,0,aeeem,org::eclipse::jdt::internal::core::search::indexing::SourceIndexerRequestor,97.0,63,9,5,367.0,926.0,829.0,0,258.0,14.6984,302.0,13.1587,35.0,1.53968,97.8383,20,18,0,0,2,20.5292,0.0303054,0.196192,8.49681,0.364023,True
aeeem,org::eclipse::jdt::internal::compiler::ast::QualifiedNameReference,24,6,2,22,435,3,10,387,986.0,30.0,94,0,0,10.0,25,334.0,331.0,7,0,1,0,0,1,aeeem,org::eclipse::jdt::internal::compiler::ast::QualifiedNameReference,756.0,171,10,14,367.0,6363.0,5607.0,0,924.0,37.2105,935.0,32.7895,156.0,4.42105,124.878,48,44,7,5,0,34.4998,0.385448,0.235954,8.8816,0.428415,True
aeeem,org::eclipse::jdt::internal::compiler::classfmt::InnerClassInfo,3,2,1,2,21,0,10,3,72.0,7.0,21,7,0,3.0,6,32.0,17.0,0,0,0,0,0,0,aeeem,org::eclipse::jdt::internal::compiler::classfmt::InnerClassInfo,7.0,30,5,4,367.0,328.0,321.0,0,143.0,10.9333,143.0,10.7,15.0,0.233333,39.4787,3,1,0,0,1,3.97098,0.00199948,0.00571821,0.0934537,0.000643748,True
aeeem,org::eclipse::jdt::internal::codeassist::select::SelectionOnParameterizedQualifiedTypeReference,5,8,1,4,3,0,0,388,43.0,3.0,109,0,0,0.0,3,15.0,7.0,0,0,0,0,0,0,aeeem,org::eclipse::jdt::internal::codeassist::select::SelectionOnParameterizedQualifiedTypeReference,150.0,15,5,4,207.143,203.0,53.0,0,74.0,13.5333,19.0,3.53333,74.0,10.0,10.4215,3,2,0,0,0,9.21398,0.00511252,0.0134788,0.217711,0.00160521,True
aeeem,org::eclipse::jdt::internal::core::search::matching::LocalVariablePattern,12,5,1,11,3,0,1,67,43.0,3.0,47,0,0,1.0,2,25.0,11.0,0,0,0,0,0,0,aeeem,org::eclipse::jdt::internal::core::search::matching::LocalVariablePattern,-2.0,34,7,2,243.0,243.0,245.0,0,47.0,7.14706,51.0,7.20588,19.0,-0.0588235,26.6238,8,7,1,0,1,11.3437,0.0095041,0.150272,8.2043,0.242083,True
aeeem,org::eclipse::jdt::internal::compiler::codegen::CodeStream,86,1,68,25,46665,1,42,0,6017.0,306.0,8,0,4,34.0,290,1603.0,1542.0,3,0,0,0,0,1,aeeem,org::eclipse::jdt::internal::compiler::codegen::CodeStream,425.0,217,9,57,367.0,26252.0,25827.0,0,5690.0,120.977,5690.0,119.018,328.0,1.95853,93.3903,66,61,12,9,2,39.6428,0.578238,0.107953,1.06901,0.198825,True
aeeem,org::eclipse::jdt::core::dom::StringLiteral,6,3,1,5,105,0,3,95,166.0,15.0,73,2,0,0.0,5,76.0,41.0,1,1,0,0,0,1,aeeem,org::eclipse::jdt::core::dom::StringLiteral,193.0,51,8,13,333.143,765.0,572.0,0,349.0,15.0,349.0,11.2157,61.0,3.78431,44.4293,10,9,0,0,0,11.4275,0.00559112,0.15878,8.21821,0.232254,True
aeeem,org::eclipse::jdt::internal::core::MovePackageFragmentRootOperation,14,3,1,13,21,0,0,22,231.0,7.0,68,0,1,0.0,1,74.0,53.0,0,0,0,0,0,0,aeeem,org::eclipse::jdt::internal::core::MovePackageFragmentRootOperation,142.0,21,5,4,281.143,293.0,151.0,0,73.0,13.9524,38.0,7.19048,46.0,6.7619,34.8649,3,2,1,0,1,8.31142,0.00655604,0.139823,8.12101,0.211222,True
aeeem,org::eclipse::jdt::internal::compiler::codegen::StackMapFrameCodeStream,15,2,3,12,666,0,6,42,395.0,37.0,310,1,2,5.0,32,170.0,92.0,2,0,2,1,0,1,aeeem,org::eclipse::jdt::internal::compiler::codegen::StackMapFrameCodeStream,-1156.0,29,3,20,126.571,2876.0,4032.0,0,1767.0,99.1724,2292.0,139.034,428.0,-39.8621,59.8261,17,17,3,2,0,14.9141,0.629008,0.0431816,0.415469,0.0744932,True
aeeem,org::eclipse::jdt::internal::formatter::align::Alignment,6,1,2,5,55,0,36,0,270.0,11.0,8,0,0,17.0,11,32.0,61.0,0,0,0,0,0,0,aeeem,org::eclipse::jdt::internal::formatter::align::Alignment,14.0,35,6,16,264.857,209.0,195.0,0,27.0,5.97143,39.0,5.57143,14.0,0.4,46.8776,18,16,1,1,0,10.6845,0.00751601,0.016969,0.25586,0.00727343,True
aeeem,org::eclipse::jdt::internal::codeassist::complete::InvalidCursorLocation,1,1,1,0,0,0,6,0,3.0,1.0,23,1,0,1.0,1,1.0,1.0,0,0,0,0,0,0,aeeem,org::eclipse::jdt::internal::codeassist::complete::InvalidCursorLocation,3.0,30,4,4,367.0,168.0,165.0,0,30.0,5.6,30.0,5.5,9.0,0.1,47.159,0,0,0,0,0,4.07501,0.00220824,0.0062193,0.097153,0.00103086,True
aeeem,org::eclipse::jdt::internal::core::search::SubTypeSearchJob,4,2,1,3,6,0,1,11,24.0,4.0,22,0,0,1.0,4,10.0,9.0,0,0,0,0,0,0,aeeem,org::eclipse::jdt::internal::core::search::SubTypeSearchJob,-177.0,54,8,6,367.0,373.0,550.0,0,95.0,6.90741,95.0,10.1852,13.0,-3.27778,85.2539,2,2,0,0,0,10.199,0.0065435,0.142112,8.16479,0.207803,True
aeeem,org::eclipse::jdt::internal::core::ChangeClasspathOperation,12,2,3,9,10,3,1,18,63.0,5.0,62,0,0,0.0,2,23.0,11.0,0,0,0,0,0,0,aeeem,org::eclipse::jdt::internal::core::ChangeClasspathOperation,26.0,12,3,2,105.0,36.0,10.0,0,7.0,3.0,4.0,0.833333,7.0,2.16667,69.9286,7,5,4,3,1,8.1662,0.0228405,0.176531,8.1991,0.337802,True
aeeem,org::eclipse::jdt::internal::formatter::CascadingMethodInvocationFragmentBuilder,1,2,1,0,6,0,1,0,26.0,4.0,11,0,0,1.0,3,12.0,6.0,0,0,0,0,0,0,aeeem,org::eclipse::jdt::internal::formatter::CascadingMethodInvocationFragmentBuilder,6.0,9,4,3,244.714,32.0,26.0,0,11.0,3.55556,6.0,2.88889,6.0,0.666667,25.2679,4,4,1,0,1,2.71087,0.00196751,0.00337876,0.0617872,0.000120748,True
aeeem,org::eclipse::jdt::internal::core::util::ASTNodeFinder,13,1,3,10,10,0,1,0,129.0,5.0,8,1,0,0.0,5,36.0,43.0,0,0,0,0,0,0,aeeem,org::eclipse::jdt::internal::core::util::ASTNodeFinder,0.0,14,5,4,238.429,18.0,18.0,0,4.0,1.28571,4.0,1.28571,0.0,0.0,45.8175,3,3,0,0,0,5.19438,0.00227408,0.00784493,0.123602,0.00115776,True
aeeem,org::eclipse::jdt::internal::codeassist::complete::CompletionOnParameterizedQualifiedTypeReference,4,8,2,2,21,0,6,388,67.0,7.0,109,1,0,1.0,7,25.0,16.0,0,0,0,0,0,0,aeeem,org::eclipse::jdt::internal::codeassist::complete::CompletionOnParameterizedQualifiedTypeReference,266.0,15,5,4,218.857,297.0,31.0,0,131.0,19.8,12.0,2.06667,131.0,17.7333,13.0702,2,1,0,0,0,9.69849,0.00506387,0.0172318,0.239063,0.00844207,True
aeeem,org::eclipse::jdt::core::search::LocalVariableReferenceMatch,2,2,1,1,3,0,2,2,12.0,3.0,33,2,0,0.0,3,4.0,3.0,0,0,0,0,0,0,aeeem,org::eclipse::jdt::core::search::LocalVariableReferenceMatch,140.0,21,4,3,227.571,192.0,52.0,0,37.0,9.14286,11.0,2.47619,36.0,6.66667,10.9219,2,1,0,0,1,4.07501,0.00220824,0.0062193,0.097153,0.00103086,True
aeeem,org::eclipse::jdt::internal::compiler::parser::diagnose::RangeUtil,2,1,0,2,6,0,3,0,60.0,4.0,8,0,1,0.0,3,16.0,22.0,0,0,0,0,0,0,aeeem,org::eclipse::jdt::internal::compiler::parser::diagnose::RangeUtil,-21.0,14,6,5,236.143,19.0,40.0,0,4.0,1.35714,23.0,2.85714,1.0,-1.5,101.602,5,4,0,0,1,7.70056,0.00688878,0.0150869,0.194169,0.0105647,True
aeeem,org::eclipse::jdt::internal::core::builder::QualifiedNameSet,2,1,1,1,6,0,3,0,44.0,4.0,8,0,1,3.0,3,10.0,14.0,0,0,0,0,0,0,aeeem,org::eclipse::jdt::internal::core::builder::QualifiedNameSet,138.0,10,6,3,240.857,152.0,14.0,0,67.0,15.2,4.0,1.4,67.0,13.8,5.47462,1,1,0,0,0,4.07501,0.00220824,0.0062193,0.097153,0.00103086,True
aeeem,org::eclipse::jdt::internal::codeassist::CompletionUnitStructureRequestor,15,3,2,13,91,0,4,15,128.0,14.0,70,4,0,0.0,1,46.0,43.0,0,0,0,0,0,0,aeeem,org::eclipse::jdt::internal::codeassist::CompletionUnitStructureRequestor,9.0,2,1,0,14.7143,9.0,0.0,0,9.0,4.5,0.0,0.0,9.0,4.5,9.57143,2,2,0,0,1,1.29357,0.00317362,0.0546777,0.153793,0.11188,True
aeeem,org::eclipse::jdt::internal::core::util::InnerClassesAttribute,3,3,1,2,3,0,3,1,21.0,3.0,31,3,0,0.0,3,5.0,5.0,0,0,0,0,0,0,aeeem,org::eclipse::jdt::internal::core::util::InnerClassesAttribute,4.0,16,5,5,322.714,55.0,51.0,0,9.0,3.4375,9.0,3.1875,4.0,0.25,65.8883,1,1,0,0,0,4.07501,0.00220824,0.0062193,0.097153,0.00103086,True
aeeem,org::eclipse::jdt::internal::compiler::env::AccessRestriction,6,1,5,1,3,0,6,0,11.0,3.0,8,1,0,2.0,3,5.0,3.0,0,0,0,0,0,0,aeeem,org::eclipse::jdt::internal::compiler::env::AccessRestriction,-23.0,16,7,3,193.571,151.0,174.0,0,39.0,9.4375,99.0,10.875,39.0,-1.4375,30.017,4,4,1,0,0,10.9438,0.0307603,0.0205657,0.269141,0.0272313,True
aeeem,org::eclipse::jdt::internal::eval::CodeSnippetThisReference,6,6,1,5,55,0,3,398,75.0,11.0,99,0,0,3.0,11,29.0,20.0,0,0,0,0,0,0,aeeem,org::eclipse::jdt::internal::eval::CodeSnippetThisReference,20.0,44,7,6,367.0,326.0,306.0,0,98.0,7.40909,98.0,6.95455,11.0,0.454545,76.8418,2,2,0,0,0,7.79015,0.00484729,0.0136062,0.191221,0.00651685,True
aeeem,org::eclipse::jdt::internal::core::PackageFragmentInfo,5,3,3,2,6,1,1,3,25.0,4.0,17,0,0,0.0,1,7.0,5.0,0,0,0,0,0,0,aeeem,org::eclipse::jdt::internal::core::PackageFragmentInfo,-43.0,41,6,6,367.0,275.0,318.0,0,107.0,6.70732,107.0,7.7561,24.0,-1.04878,54.6197,2,0,0,0,1,6.65212,0.00379057,0.133409,8.06967,0.199073,True
aeeem,org::eclipse::jdt::internal::compiler::lookup::ImportConflictBinding,2,3,1,1,3,0,1,32,10.0,3.0,21,0,0,1.0,3,6.0,3.0,0,0,0,0,0,0,aeeem,org::eclipse::jdt::internal::compiler::lookup::ImportConflictBinding,0.0,3,3,0,162.571,1.0,1.0,0,1.0,0.333333,1.0,0.333333,0.0,0.0,0.0,1,1,0,0,0,1.26811,0.000240995,0.00155567,0.0288146,4.04408e-05,True
aeeem,org::eclipse::jdt::core::dom::PrefixExpression,4,3,1,3,105,0,5,95,97.0,15.0,73,3,0,0.0,5,48.0,25.0,0,0,0,0,0,0,aeeem,org::eclipse::jdt::core::dom::PrefixExpression,191.0,38,7,14,333.143,536.0,345.0,0,253.0,14.1053,253.0,9.07895,83.0,5.02632,63.662,8,7,0,0,0,7.95479,0.00397769,0.154542,8.1394,0.232145,True
aeeem,org::eclipse::jdt::internal::compiler::parser::diagnose::LexStream,6,1,1,5,136,0,12,114,212.0,17.0,8,10,1,0.0,16,69.0,45.0,0,0,0,0,0,0,aeeem,org::eclipse::jdt::internal::compiler::parser::diagnose::LexStream,107.0,15,5,4,262.0,138.0,31.0,0,90.0,9.2,5.0,2.06667,86.0,7.13333,46.558,6,5,0,0,1,8.41166,0.00790701,0.0182313,0.217854,0.0150345,True
aeeem,org::eclipse::jdt::internal::core::search::indexing::AbstractIndexer,10,1,2,8,153,2,1,39,137.0,18.0,8,0,1,1.0,15,78.0,40.0,0,0,0,0,0,0,aeeem,org::eclipse::jdt::internal::core::search::indexing::AbstractIndexer,-586.0,56,9,6,367.0,1654.0,2240.0,0,573.0,29.5357,731.0,40.0,14.0,-10.4643,68.7153,8,7,0,0,0,13.5885,0.0160198,0.0294107,0.34655,0.0424781,True
aeeem,org::eclipse::jdt::core::dom::Annotation,11,3,5,6,78,3,1,95,53.0,13.0,75,0,0,1.0,9,25.0,15.0,0,0,0,0,0,0,aeeem,org::eclipse::jdt::core::dom::Annotation,360.0,21,7,4,226.0,409.0,49.0,0,125.0,19.4762,9.0,2.33333,125.0,17.1429,9.16242,5,3,0,0,0,7.93371,0.00471058,0.0110481,0.185294,0.00103335,True
aeeem,org::eclipse::jdt::internal::core::ClasspathAttribute,5,1,3,2,15,0,2,2,21.0,6.0,10,2,0,0.0,6,9.0,8.0,0,0,0,0,0,0,aeeem,org::eclipse::jdt::internal::core::ClasspathAttribute,0.0,2,2,1,173.0,4.0,4.0,0,4.0,2.0,4.0,2.0,0.0,0.0,0.142857,0,0,0,0,0,1.70656,0.000979144,0.00197306,0.038262,3.30855e-05,True
aeeem,org::eclipse::jdt::internal::compiler::lookup::BinaryLocalVariableBinding,0,4,0,0,1,0,1,43,7.0,2.0,33,0,0,1.0,2,2.0,3.0,0,0,0,0,0,0,aeeem,org::eclipse::jdt::internal::compiler::lookup::BinaryLocalVariableBinding,0.0,1,1,1,60.5714,0.0,0.0,0,0.0,0.0,0.0,0.0,0.0,0.0,0.0,0,0,0,0,0,0.0,0.0,0.0,0.0,0.0,True
aeeem,org::eclipse::jdt::internal::codeassist::complete::CompletionNodeDetector,2,2,1,1,10,0,3,0,29.0,5.0,11,3,2,0.0,3,6.0,17.0,0,0,0,0,0,0,aeeem,org::eclipse::jdt::internal::codeassist::complete::CompletionNodeDetector,79.0,18,7,4,295.143,119.0,40.0,0,24.0,6.61111,10.0,2.22222,24.0,4.38889,92.9208,3,2,1,0,1,9.58612,0.0047187,0.0137435,0.225419,0.00151101,True
aeeem,org::eclipse::jdt::core::dom::IfStatement,6,3,1,5,120,0,7,95,128.0,16.0,73,4,0,0.0,7,64.0,32.0,0,0,0,0,0,0,aeeem,org::eclipse::jdt::core::dom::IfStatement,252.0,41,7,13,333.143,631.0,379.0,0,227.0,15.3902,227.0,9.2439,90.0,6.14634,70.4743,10,9,0,0,0,7.95479,0.00397769,0.154542,8.1394,0.232145,True
aeeem,org::eclipse::jdt::internal::core::search::matching::QualifiedTypeDeclarationPattern,7,5,1,6,10,0,3,69,100.0,5.0,54,0,0,3.0,3,31.0,25.0,1,0,0,0,0,1,aeeem,org::eclipse::jdt::internal::core::search::matching::QualifiedTypeDeclarationPattern,-49.0,48,8,6,329.143,490.0,539.0,0,54.0,10.2083,74.0,11.2292,52.0,-1.02083,136.203,10,9,0,0,0,15.52,0.0455234,0.159205,8.30577,0.232591,True
aeeem,org::eclipse::jdt::internal::compiler::ast::LocalDeclaration,26,4,8,18,21,3,1,396,209.0,7.0,57,0,0,1.0,7,79.0,62.0,0,0,0,0,0,0,aeeem,org::eclipse::jdt::internal::compiler::ast::LocalDeclaration,54.0,93,9,9,367.0,1212.0,1158.0,0,205.0,13.0323,205.0,12.4516,18.0,0.580645,109.407,29,27,3,3,0,27.1274,0.0919836,0.165027,8.56079,0.205136,True
aeeem,org::eclipse::jdt::internal::core::hierarchy::ChangeCollector,13,1,1,13,66,0,2,0,254.0,12.0,8,0,9,2.0,3,116.0,68.0,0,0,0,0,0,0,aeeem,org::eclipse::jdt::internal::core::hierarchy::ChangeCollector,-1.0,11,5,3,245.857,43.0,44.0,0,27.0,3.90909,30.0,4.0,1.0,-0.0909091,91.814,2,2,0,0,0,8.42439,0.00668425,0.0119598,0.197636,0.00129083,True
aeeem,org::eclipse::jdt::internal::codeassist::select::SelectionParser,34,3,1,33,1176,0,8,427,1189.0,49.0,96,0,2,3.0,16,262.0,166.0,1,0,0,0,0,1,aeeem,org::eclipse::jdt::internal::codeassist::select::SelectionParser,836.0,116,7,17,367.0,3119.0,2283.0,0,686.0,26.8879,686.0,19.681,190.0,7.2069,86.6224,25,24,1,1,1,19.7948,0.0318723,0.0400458,0.498183,0.0473759,True
aeeem,org::eclipse::jdt::core::dom::Comment,5,2,4,1,21,3,1,95,24.0,7.0,68,1,0,0.0,5,8.0,7.0,0,0,0,0,0,0,aeeem,org::eclipse::jdt::core::dom::Comment,4.0,9,3,4,229.714,20.0,16.0,0,4.0,2.22222,4.0,1.77778,2.0,0.444444,26.3143,0,0,0,0,0,4.07501,0.00220824,0.0062193,0.097153,0.00103086,True
aeeem,org::eclipse::jdt::internal::core::search::matching::DeclarationOfAccessedFieldsPattern,2,6,2,0,0,0,2,74,7.0,1.0,56,0,0,0.0,1,2.0,1.0,1,0,0,0,0,1,aeeem,org::eclipse::jdt::internal::core::search::matching::DeclarationOfAccessedFieldsPattern,-81.0,30,7,8,343.0,231.0,312.0,0,120.0,7.7,120.0,10.4,8.0,-2.7,53.3006,3,3,0,0,0,7.82832,0.00500094,0.129073,8.08655,0.175569,True
aeeem,org::eclipse::jdt::internal::codeassist::complete::CompletionOnJavadocFieldReference,4,7,1,3,36,0,2,406,76.0,9.0,115,0,0,2.0,8,31.0,22.0,0,0,0,0,0,0,aeeem,org::eclipse::jdt::internal::codeassist::complete::CompletionOnJavadocFieldReference,43.0,6,1,0,140.143,46.0,3.0,0,17.0,7.66667,3.0,0.5,14.0,7.16667,4.21429,4,4,0,0,0,3.58431,0.00188996,0.00533203,0.0851721,0.000481514,True
aeeem,org::eclipse::jdt::internal::core::JavaModelCache,8,1,1,7,45,0,15,0,166.0,10.0,8,0,0,1.0,5,69.0,43.0,1,0,0,0,0,1,aeeem,org::eclipse::jdt::internal::core::JavaModelCache,109.0,38,6,4,324.571,346.0,237.0,0,68.0,9.10526,54.0,6.23684,59.0,2.86842,163.814,7,4,1,1,0,12.7614,0.0369021,0.141869,8.21487,0.203251,True
aeeem,org::eclipse::jdt::internal::compiler::util::HashtableOfPackage,3,1,2,2,21,0,4,0,79.0,7.0,8,0,1,4.0,6,17.0,25.0,0,0,0,0,0,0,aeeem,org::eclipse::jdt::internal::compiler::util::HashtableOfPackage,4.0,31,7,4,367.0,242.0,238.0,0,95.0,7.80645,95.0,7.67742,9.0,0.129032,53.6429,1,1,0,0,0,3.9771,0.00256106,0.00585268,0.0940532,0.000756986,True
aeeem,org::eclipse::jdt::internal::core::ResolvedSourceMethod,3,7,3,1,10,1,1,70,23.0,5.0,255,1,0,0.0,4,9.0,6.0,0,0,0,0,0,0,aeeem,org::eclipse::jdt::internal::core::ResolvedSourceMethod,11.0,8,4,3,175.0,29.0,18.0,0,7.0,3.625,5.0,2.25,7.0,1.375,35.0394,2,2,0,0,1,9.52046,0.00642871,0.136956,8.13496,0.199171,True
aeeem,org::eclipse::jdt::internal::core::Member,33,4,11,23,190,2,0,52,312.0,20.0,141,0,0,0.0,14,150.0,94.0,0,0,0,0,0,0,aeeem,org::eclipse::jdt::internal::core::Member,278.0,60,7,4,367.0,864.0,586.0,0,247.0,14.4,247.0,9.76667,48.0,4.63333,100.701,19,16,3,2,1,11.6167,0.0175533,0.025544,0.298042,0.0361929,True
aeeem,org::eclipse::jdt::internal::core::SourceMapper,36,2,7,31,703,0,27,12,909.0,38.0,36,3,10,10.0,24,331.0,148.0,1,0,0,0,0,1,aeeem,org::eclipse::jdt::internal::core::SourceMapper,846.0,167,9,30,367.0,9461.0,8615.0,0,891.0,56.6527,891.0,51.5868,184.0,5.06587,49.3227,48,38,5,3,4,26.5196,0.231619,0.230157,8.69297,0.4392,True
aeeem,org::eclipse::jdt::core::util::OpcodeStringValues,0,1,0,0,0,0,1,204,0.0,0.0,8,0,0,0.0,0,0.0,0.0,1,0,0,0,0,1,aeeem,org::eclipse::jdt::core::util::OpcodeStringValues,2.0,15,4,6,322.714,240.0,238.0,0,204.0,16.0,204.0,15.8667,3.0,0.133333,12.6012,2,2,0,0,0,7.48389,0.00498349,0.156428,8.13527,0.243054,True
aeeem,org::eclipse::jdt::core::formatter::IndentManipulation,10,1,5,5,78,0,0,0,235.0,13.0,8,0,3,0.0,10,70.0,68.0,0,0,0,0,0,0,aeeem,org::eclipse::jdt::core::formatter::IndentManipulation,-7.0,7,3,4,123.857,11.0,18.0,0,4.0,1.57143,9.0,2.57143,1.0,-1.0,34.1169,3,3,0,0,0,6.49924,0.00527154,0.153875,8.11011,0.234122,True
aeeem,org::eclipse::jdt::core::dom::AbstractTypeDeclaration,18,3,11,7,120,3,2,97,61.0,16.0,84,0,0,2.0,9,35.0,17.0,0,0,0,0,0,0,aeeem,org::eclipse::jdt::core::dom::AbstractTypeDeclaration,491.0,22,4,4,226.0,555.0,64.0,0,179.0,25.2273,12.0,2.90909,179.0,22.3182,5.52844,6,4,0,0,0,4.13346,0.0018932,0.00689741,0.099748,0.00438788,True
aeeem,org::eclipse::jdt::core::dom::SwitchCase,4,3,1,3,78,0,4,95,75.0,13.0,73,3,0,0.0,4,39.0,19.0,0,0,0,0,0,0,aeeem,org::eclipse::jdt::core::dom::SwitchCase,145.0,40,7,15,333.143,380.0,235.0,0,151.0,9.5,151.0,5.875,59.0,3.625,69.6068,9,8,0,0,0,7.95479,0.00397769,0.154542,8.1394,0.232145,True
aeeem,org::eclipse::jdt::internal::compiler::SourceElementParser,26,3,4,22,1225,1,7,406,849.0,50.0,20,0,3,7.0,9,230.0,188.0,0,0,0,0,0,0,aeeem,org::eclipse::jdt::internal::compiler::SourceElementParser,555.0,124,5,14,367.0,4604.0,4049.0,0,1294.0,37.129,1294.0,32.6532,170.0,4.47581,54.1314,21,18,3,1,0,0.0,0.0,0.0,0.0,0.0,True
aeeem,org::eclipse::jdt::core::dom::TypeLiteral,3,3,1,3,66,0,3,95,72.0,12.0,73,2,0,0.0,3,37.0,19.0,0,0,0,0,0,0,aeeem,org::eclipse::jdt::core::dom::TypeLiteral,145.0,37,7,13,333.143,344.0,199.0,0,128.0,9.2973,128.0,5.37838,59.0,3.91892,73.1208,8,7,0,0,0,7.95479,0.00397769,0.154542,8.1394,0.232145,True
aeeem,org::eclipse::jdt::internal::compiler::ast::StringLiteralConcatenation,3,6,1,2,10,0,3,386,46.0,5.0,85,1,0,2.0,5,15.0,9.0,0,0,0,0,0,0,aeeem,org::eclipse::jdt::internal::compiler::ast::StringLiteralConcatenation,0.0,6,3,4,213.857,7.0,7.0,0,4.0,1.16667,4.0,1.16667,0.0,0.0,55.449,1,1,1,0,0,4.07501,0.00220824,0.0062193,0.097153,0.00103086,True
aeeem,org::eclipse::jdt::internal::core::search::PatternSearchJob,10,1,4,7,36,1,6,5,75.0,9.0,13,0,0,0.0,9,31.0,23.0,0,0,0,0,0,0,aeeem,org::eclipse::jdt::internal::core::search::PatternSearchJob,-119.0,72,9,5,367.0,1022.0,1141.0,0,167.0,14.1944,167.0,15.8472,19.0,-1.65278,86.0914,8,8,2,0,0,12.9551,0.0104724,0.152112,8.24435,0.240287,True
aeeem,org::eclipse::jdt::internal::compiler::ast::DoStatement,11,3,0,11,15,0,5,380,163.0,6.0,38,2,0,3.0,6,60.0,32.0,0,0,0,0,0,0,aeeem,org::eclipse::jdt::internal::compiler::ast::DoStatement,15.0,73,7,8,367.0,947.0,932.0,0,197.0,12.9726,197.0,12.7671,39.0,0.205479,103.703,17,17,4,3,0,14.2097,0.0607695,0.0262881,0.354282,0.0127428,True
aeeem,org::eclipse::jdt::internal::core::util::Util,125,1,82,48,5356,0,14,0,1892.0,104.0,8,13,19,1.0,83,632.0,520.0,4,0,0,0,0,1,aeeem,org::eclipse::jdt::internal::core::util::Util,4879.0,155,11,22,322.714,7314.0,2435.0,0,1614.0,47.1871,365.0,15.7097,1581.0,31.4774,124.661,68,58,8,1,5,42.8108,0.342725,0.262973,9.11053,0.476621,True
aeeem,org::eclipse::jdt::internal::codeassist::select::SelectionNodeFound,0,1,0,0,0,0,3,0,4.0,1.0,23,1,0,2.0,1,1.0,1.0,0,0,0,0,0,0,aeeem,org::eclipse::jdt::internal::codeassist::select::SelectionNodeFound,11.0,26,6,4,367.0,112.0,101.0,0,23.0,4.30769,23.0,3.88462,8.0,0.423077,111.855,2,2,0,0,0,4.07501,0.00220824,0.0062193,0.097153,0.00103086,True
aeeem,org::eclipse::jdt::internal::eval::CodeSnippetSkeleton,3,3,1,2,231,0,1,19,66.0,22.0,27,0,0,1.0,22,25.0,22.0,0,0,0,0,0,0,aeeem,org::eclipse::jdt::internal::eval::CodeSnippetSkeleton,34.0,53,8,7,367.0,551.0,517.0,0,146.0,10.3962,146.0,9.75472,14.0,0.641509,94.3088,8,7,1,0,0,13.175,0.0205169,0.14483,8.23097,0.205981,True
aeeem,org::eclipse::jdt::core::search::TypeNameRequestor,3,1,3,0,1,0,0,0,3.0,2.0,8,0,0,0.0,2,2.0,1.0,0,0,0,0,0,0,aeeem,org::eclipse::jdt::core::search::TypeNameRequestor,4.0,7,4,1,170.571,11.0,7.0,0,5.0,1.57143,2.0,1.0,4.0,0.571429,49.6623,3,1,0,0,0,5.99114,0.00254374,0.0157581,0.161093,0.0292553,True
aeeem,org::eclipse::jdt::internal::core::search::matching::PackageReferenceLocator,16,2,1,16,55,0,1,68,256.0,11.0,33,0,0,0.0,4,60.0,85.0,3,0,0,0,0,1,aeeem,org::eclipse::jdt::internal::core::search::matching::PackageReferenceLocator,260.0,65,8,8,248.571,578.0,318.0,0,75.0,8.89231,84.0,4.89231,27.0,4.0,49.5704,26,21,2,0,1,22.443,0.0339712,0.179938,8.50028,0.292586,True
aeeem,org::eclipse::jdt::internal::core::dom::rewrite::SourceModifier,2,1,1,1,3,0,4,0,18.0,3.0,8,4,0,0.0,3,8.0,4.0,0,0,0,0,0,0,aeeem,org::eclipse::jdt::internal::core::dom::rewrite::SourceModifier,-65.0,15,8,3,220.143,49.0,114.0,0,9.0,3.26667,44.0,7.6,2.0,-4.33333,37.4752,1,1,0,0,0,9.12702,0.00409197,0.012638,0.212972,0.00105833,True
aeeem,org::eclipse::jdt::internal::codeassist::complete::CompletionOnMessageSendName,4,5,1,3,3,0,0,397,44.0,3.0,94,0,0,0.0,3,21.0,12.0,0,0,0,0,0,0,aeeem,org::eclipse::jdt::internal::codeassist::complete::CompletionOnMessageSendName,-6.0,3,2,1,113.857,2.0,8.0,0,1.0,0.666667,7.0,2.66667,0.0,-2.0,109.786,2,2,0,0,0,2.07169,0.00335713,0.13249,7.97221,0.189692,True
aeeem,org::eclipse::jdt::internal::compiler::problem::ProblemHandler,2,1,1,1,10,1,4,0,38.0,5.0,8,0,0,3.0,5,9.0,5.0,0,0,0,0,0,0,aeeem,org::eclipse::jdt::internal::compiler::problem::ProblemHandler,-1.0,43,8,10,367.0,523.0,524.0,0,180.0,12.1628,180.0,12.186,26.0,-0.0232558,98.6651,13,11,0,0,1,14.2655,0.0245038,0.0325488,0.371416,0.0421164,True
aeeem,org::eclipse::jdt::internal::core::DeltaProcessingState,33,1,8,28,231,0,21,0,419.0,22.0,8,7,1,14.0,21,168.0,79.0,1,0,0,0,0,1,aeeem,org::eclipse::jdt::internal::core::DeltaProcessingState,596.0,63,7,4,258.0,1440.0,844.0,0,111.0,22.8571,115.0,13.3968,111.0,9.46032,71.1393,26,24,6,4,3,26.7583,0.105157,0.187161,8.61032,0.300133,True
aeeem,org::eclipse::jdt::internal::core::SetClasspathOperation,7,3,0,7,6,0,3,19,44.0,4.0,67,0,0,3.0,3,21.0,9.0,1,0,1,1,0,1,aeeem,org::eclipse::jdt::internal::core::SetClasspathOperation,223.0,181,8,15,367.0,3880.0,3657.0,0,684.0,21.4365,788.0,20.2044,215.0,1.23204,56.5994,32,29,4,1,2,21.493,0.125401,0.184315,8.4842,0.295281,True
aeeem,org::eclipse::jdt::internal::core::jdom::DOMCompilationUnit,10,3,1,9,105,0,1,50,89.0,15.0,118,0,0,0.0,9,39.0,27.0,0,0,0,0,0,0,aeeem,org::eclipse::jdt::internal::core::jdom::DOMCompilationUnit,-20.0,47,7,6,367.0,466.0,486.0,0,184.0,9.91489,184.0,10.3404,8.0,-0.425532,42.4421,5,4,0,0,0,8.33084,0.00295344,0.0113475,0.193456,0.00115217,True
aeeem,org::eclipse::jdt::internal::core::SetVariablesOperation,12,3,1,11,10,0,3,19,152.0,5.0,67,0,3,3.0,1,58.0,36.0,0,0,0,0,0,0,aeeem,org::eclipse::jdt::internal::core::SetVariablesOperation,-6.0,8,2,1,105.0,35.0,41.0,0,27.0,4.375,18.0,5.125,11.0,-0.75,46.9633,4,4,1,1,0,4.11229,0.00995551,0.0583981,0.223952,0.134214,True
aeeem,org::eclipse::jdt::core::dom::MarkerAnnotation,3,4,1,2,55,0,2,96,54.0,11.0,88,1,0,0.0,1,32.0,15.0,0,0,0,0,0,0,aeeem,org::eclipse::jdt::core::dom::MarkerAnnotation,328.0,23,5,4,226.0,374.0,46.0,0,98.0,16.2609,12.0,2.0,98.0,14.2609,3.81207,4,3,0,0,0,5.59671,0.00386532,0.149865,8.07898,0.23097,True
aeeem,org::eclipse::jdt::internal::core::search::matching::TypeDeclarationPattern,9,4,3,6,36,2,8,61,240.0,9.0,45,0,0,7.0,5,53.0,65.0,1,0,0,0,0,1,aeeem,org::eclipse::jdt::internal::core::search::matching::TypeDeclarationPattern,52.0,82,8,9,367.0,2965.0,2913.0,0,334.0,36.1585,334.0,35.5244,98.0,0.634146,80.6135,16,13,0,0,0,17.658,0.0432393,0.144149,8.32175,0.178031,True
aeeem,org::eclipse::jdt::internal::codeassist::select::SelectionOnSuperReference,3,7,1,2,3,0,0,384,16.0,3.0,99,0,0,0.0,3,10.0,5.0,0,0,0,0,0,0,aeeem,org::eclipse::jdt::internal::codeassist::select::SelectionOnSuperReference,2.0,28,5,4,367.0,170.0,168.0,0,58.0,6.07143,58.0,6.0,6.0,0.0714286,67.8765,1,1,0,0,0,4.07501,0.00220824,0.0062193,0.097153,0.00103086,True
aeeem,org::eclipse::jdt::internal::core::JavaModelManager,110,1,70,61,7381,0,97,0,2475.0,122.0,8,35,38,31.0,74,1026.0,489.0,9,0,2,1,0,1,aeeem,org::eclipse::jdt::internal::core::JavaModelManager,5232.0,459,10,40,367.0,16606.0,11374.0,0,1450.0,36.1787,1450.0,24.78,585.0,11.3987,124.65,141,126,25,8,8,46.3868,0.639434,0.295265,9.25656,0.580176,True
aeeem,org::eclipse::jdt::internal::core::BufferManager,15,1,7,8,36,0,4,0,70.0,9.0,8,1,0,0.0,7,40.0,15.0,0,0,0,0,0,0,aeeem,org::eclipse::jdt::internal::core::BufferManager,-140.0,45,5,7,367.0,662.0,802.0,0,164.0,14.7111,190.0,17.8222,20.0,-3.11111,55.3455,4,3,1,0,1,10.492,0.0122213,0.143062,8.17295,0.21092,True
aeeem,org::eclipse::jdt::internal::core::search::matching::ClasspathSourceDirectory,6,2,1,5,45,0,5,0,72.0,10.0,18,0,0,5.0,8,39.0,22.0,0,0,0,0,0,0,aeeem,org::eclipse::jdt::internal::core::search::matching::ClasspathSourceDirectory,-10.0,26,8,4,291.0,162.0,172.0,0,25.0,6.23077,59.0,6.61538,21.0,-0.384615,112.474,7,5,0,0,0,10.7589,0.0184794,0.0150757,0.251687,0.00139113,True
aeeem,org::eclipse::jdt::internal::core::search::indexing::AddJarFileToIndex,15,2,0,15,21,0,2,8,195.0,7.0,19,1,0,1.0,6,77.0,51.0,1,0,0,0,0,1,aeeem,org::eclipse::jdt::internal::core::search::indexing::AddJarFileToIndex,62.0,101,9,8,367.0,1134.0,1072.0,0,223.0,11.2277,223.0,10.6139,19.0,0.613861,63.2878,5,5,1,0,0,13.2788,0.00995813,0.137504,8.21649,0.179887,True
aeeem,org::eclipse::jdt::core::dom::SingleVariableDeclaration,14,3,8,7,435,0,16,95,257.0,30.0,82,9,0,0.0,14,117.0,65.0,0,0,0,0,0,0,aeeem,org::eclipse::jdt::core::dom::SingleVariableDeclaration,692.0,65,8,13,333.143,1524.0,832.0,0,259.0,23.4462,259.0,12.8,196.0,10.6462,89.4058,13,10,0,0,0,6.84846,0.00783234,0.151789,8.10896,0.231177,True
aeeem,org::eclipse::jdt::internal::compiler::ast::SuperReference,12,6,6,6,28,2,0,384,41.0,8.0,91,0,0,0.0,8,18.0,10.0,0,0,0,0,0,0,aeeem,org::eclipse::jdt::internal::compiler::ast::SuperReference,3.0,39,7,4,367.0,278.0,275.0,0,63.0,7.12821,63.0,7.05128,10.0,0.0769231,77.1454,2,2,0,0,0,6.71778,0.00396473,0.0101969,0.160128,0.00141267,True
aeeem,org::eclipse::jdt::internal::core::util::ToStringSorter,3,1,1,2,6,0,2,0,42.0,4.0,8,0,1,2.0,3,11.0,10.0,0,0,0,0,0,0,aeeem,org::eclipse::jdt::internal::core::util::ToStringSorter,2.0,21,5,4,367.0,215.0,213.0,0,75.0,10.2381,75.0,10.1429,11.0,0.0952381,47.4591,0,0,0,0,0,7.6074,0.00462697,0.0147746,0.191561,0.00932982,True
aeeem,org::eclipse::jdt::internal::compiler::ast::DoubleLiteral,4,6,0,4,10,0,1,385,85.0,5.0,79,0,0,1.0,5,16.0,16.0,0,0,0,0,0,0,aeeem,org::eclipse::jdt::internal::compiler::ast::DoubleLiteral,26.0,25,4,6,367.0,267.0,241.0,0,71.0,10.68,71.0,9.64,28.0,1.04,107.064,2,2,0,0,0,7.15525,0.00363483,0.0122526,0.175244,0.00382225,True
aeeem,org::eclipse::jdt::internal::compiler::util::HashtableOfIntValues,5,1,2,3,36,0,5,0,115.0,9.0,16,0,1,4.0,8,24.0,31.0,0,0,0,0,0,0,aeeem,org::eclipse::jdt::internal::compiler::util::HashtableOfIntValues,0.0,7,5,2,231.571,47.0,47.0,0,20.0,6.71429,15.0,6.71429,8.0,0.0,59.6231,0,0,0,0,0,3.9771,0.00328111,0.00585268,0.0940532,0.000756986,True
aeeem,org::eclipse::jdt::internal::compiler::classfmt::FieldInfoWithAnnotation,5,3,1,5,10,0,1,12,40.0,5.0,45,1,0,0.0,2,17.0,10.0,0,0,0,0,0,0,aeeem,org::eclipse::jdt::internal::compiler::classfmt::FieldInfoWithAnnotation,126.0,4,3,1,158.714,127.0,1.0,0,70.0,31.75,1.0,0.25,70.0,31.5,14.7795,0,0,0,0,0,3.76811,0.00838585,0.00749207,0.0949677,0.0070203,True
aeeem,org::eclipse::jdt::internal::compiler::ast::Clinit,20,3,2,19,55,0,2,408,231.0,11.0,58,2,1,0.0,10,79.0,46.0,2,0,0,0,0,1,aeeem,org::eclipse::jdt::internal::compiler::ast::Clinit,203.0,73,7,13,367.0,2740.0,2537.0,0,254.0,37.5342,254.0,34.7534,57.0,2.78082,37.3137,14,14,3,1,1,15.4387,0.0333216,0.160762,8.31077,0.23096,True
aeeem,org::eclipse::jdt::internal::codeassist::complete::CompletionOnKeyword2,2,3,1,1,10,0,2,387,18.0,5.0,35,2,0,0.0,5,9.0,5.0,0,0,0,0,0,0,aeeem,org::eclipse::jdt::internal::codeassist::complete::CompletionOnKeyword2,7.0,14,6,4,282.0,25.0,18.0,0,4.0,1.78571,4.0,1.28571,3.0,0.5,92.1657,2,0,0,0,0,8.05174,0.00323157,0.011483,0.18908,0.00128092,True
aeeem,org::eclipse::jdt::core::compiler::CompilationProgress,2,1,2,0,10,0,0,0,0.0,5.0,8,0,0,0.0,5,5.0,0.0,0,0,0,0,0,0,aeeem,org::eclipse::jdt::core::compiler::CompilationProgress,0.0,1,1,0,12.5714,0.0,0.0,0,0.0,0.0,0.0,0.0,0.0,0.0,0.0,1,0,0,0,1,0.0,0.0,0.0,0.0,0.0,True
aeeem,org::eclipse::jdt::internal::core::dom::rewrite::ImportRewriteAnalyzer,17,1,2,16,351,0,13,0,606.0,27.0,8,13,16,0.0,9,306.0,157.0,1,0,0,0,0,1,aeeem,org::eclipse::jdt::internal::core::dom::rewrite::ImportRewriteAnalyzer,-6.0,11,1,0,133.143,150.0,156.0,0,48.0,13.6364,40.0,14.1818,21.0,-0.545455,27.5962,7,4,0,0,0,7.07936,0.0314748,0.071511,0.314409,0.143996,True
aeeem,org::eclipse::jdt::internal::compiler::lookup::SyntheticMethodBinding,7,3,1,7,6,0,16,37,166.0,4.0,72,0,0,7.0,3,34.0,38.0,2,0,0,0,0,1,aeeem,org::eclipse::jdt::internal::compiler::lookup::SyntheticMethodBinding,144.0,26,5,6,190.714,243.0,99.0,0,56.0,9.34615,14.0,3.80769,55.0,5.53846,54.0406,10,10,4,1,0,20.293,0.0510307,0.0468058,0.524714,0.0759883,True
aeeem,org::eclipse::jdt::internal::core::dom::rewrite::NodeInfoStore,15,1,5,10,36,0,3,0,74.0,9.0,8,3,1,0.0,8,37.0,19.0,0,0,0,0,0,0,aeeem,org::eclipse::jdt::internal::core::dom::rewrite::NodeInfoStore,-290.0,14,8,4,220.143,115.0,405.0,0,48.0,8.21429,196.0,28.9286,4.0,-20.7143,12.3304,3,2,0,0,0,9.32465,0.00314705,0.01318,0.218545,0.00130463,True
aeeem,org::eclipse::jdt::core::dom::QualifiedName,8,4,4,4,105,0,5,97,110.0,15.0,79,3,0,0.0,5,58.0,28.0,0,0,0,0,0,0,aeeem,org::eclipse::jdt::core::dom::QualifiedName,213.0,50,7,16,333.143,520.0,307.0,0,174.0,10.4,174.0,6.14,75.0,4.26,72.406,14,12,0,0,0,6.36941,0.00308139,0.151185,8.098,0.231161,True
aeeem,org::eclipse::jdt::core::dom::SuperConstructorInvocation,5,3,1,5,120,0,8,95,101.0,16.0,73,5,0,0.0,6,54.0,29.0,0,0,0,0,0,0,aeeem,org::eclipse::jdt::core::dom::SuperConstructorInvocation,330.0,40,7,11,333.143,654.0,324.0,0,164.0,16.35,164.0,8.1,77.0,8.25,84.0767,8,7,0,0,0,6.84846,0.00428194,0.151789,8.10896,0.231177,True
aeeem,org::eclipse::jdt::core::ClasspathVariableInitializer,1,1,1,0,1,0,0,0,3.0,2.0,8,0,0,0.0,2,2.0,1.0,0,0,0,0,0,0,aeeem,org::eclipse::jdt::core::ClasspathVariableInitializer,26.0,14,4,4,328.571,55.0,29.0,0,13.0,3.92857,5.0,2.07143,9.0,1.85714,36.6545,0,0,0,0,0,4.07501,0.00220824,0.0062193,0.097153,0.00103086,True
aeeem,org::eclipse::jdt::internal::core::ClassFile,51,4,22,34,990,0,2,63,549.0,45.0,161,0,3,0.0,31,243.0,124.0,0,0,0,0,0,0,aeeem,org::eclipse::jdt::internal::core::ClassFile,412.0,165,8,15,367.0,2290.0,1878.0,0,594.0,13.8788,594.0,11.3818,70.0,2.49697,88.614,44,40,4,2,3,29.5302,0.0696223,0.209951,8.71354,0.358359,True
aeeem,org::eclipse::jdt::internal::compiler::util::HashtableOfLong,2,1,1,1,21,0,4,0,74.0,7.0,8,0,1,4.0,6,11.0,22.0,0,0,0,0,0,0,aeeem,org::eclipse::jdt::internal::compiler::util::HashtableOfLong,9.0,9,6,4,281.571,27.0,18.0,0,15.0,3.0,6.0,2.0,9.0,1.0,121.439,1,1,0,0,0,3.9771,0.00256106,0.00585268,0.0940532,0.000756986,True
aeeem,org::eclipse::jdt::internal::compiler::codegen::BranchLabel,25,2,20,6,66,1,6,3,199.0,12.0,10,2,0,2.0,9,45.0,52.0,1,0,0,0,0,1,aeeem,org::eclipse::jdt::internal::compiler::codegen::BranchLabel,70.0,17,2,11,124.0,196.0,126.0,0,93.0,11.5294,48.0,7.41176,60.0,4.11765,13.9424,9,8,1,1,0,12.482,0.046309,0.150163,8.23626,0.224729,True
aeeem,org::eclipse::jdt::internal::core::util::LocalVariableTypeTableEntry,4,2,1,3,28,0,7,0,38.0,8.0,26,7,0,0.0,8,15.0,10.0,0,0,0,0,0,0,aeeem,org::eclipse::jdt::internal::core::util::LocalVariableTypeTableEntry,220.0,6,3,3,223.571,226.0,6.0,0,110.0,37.6667,4.0,1.0,110.0,36.6667,10.0822,0,0,0,0,0,4.07501,0.00220824,0.0062193,0.097153,0.00103086,True
aeeem,org::eclipse::jdt::internal::compiler::lookup::AnnotationHolder,4,1,2,2,15,1,1,0,32.0,6.0,8,0,0,1.0,1,10.0,15.0,0,0,0,0,0,0,aeeem,org::eclipse::jdt::internal::compiler::lookup::AnnotationHolder,0.0,4,2,2,127.0,5.0,5.0,0,3.0,1.25,3.0,1.25,0.0,0.0,55.5714,0,0,0,0,0,2.95593,0.00136935,0.00813519,0.0818092,0.0107397,True
aeeem,org::eclipse::jdt::internal::compiler::ast::CompoundAssignment,11,5,1,10,36,2,2,413,150.0,9.0,84,0,0,2.0,9,49.0,48.0,0,0,0,0,0,0,aeeem,org::eclipse::jdt::internal::compiler::ast::CompoundAssignment,25.0,75,9,6,367.0,912.0,887.0,0,141.0,12.16,141.0,11.8267,20.0,0.333333,70.1057,6,6,0,0,0,13.7206,0.00583036,0.0192905,0.321334,0.00169132,True
aeeem,org::eclipse::jdt::core::search::TypeParameterReferenceMatch,2,2,1,1,0,0,0,2,4.0,1.0,33,0,0,0.0,1,2.0,1.0,0,0,0,0,0,0,aeeem,org::eclipse::jdt::core::search::TypeParameterReferenceMatch,0.0,3,3,1,177.143,5.0,5.0,0,4.0,1.66667,4.0,1.66667,0.0,0.0,3.45714,1,1,0,0,0,3.29051,0.00128984,0.00376279,0.0735933,5.82024e-05,True
aeeem,org::eclipse::jdt::internal::core::ClasspathAccessRule,4,2,3,1,6,0,0,7,27.0,4.0,17,0,1,0.0,3,7.0,11.0,0,0,0,0,0,0,aeeem,org::eclipse::jdt::internal::core::ClasspathAccessRule,1.0,7,3,2,169.143,27.0,26.0,0,10.0,3.85714,9.0,3.71429,1.0,0.142857,14.3651,2,2,1,0,0,6.4938,0.00427977,0.00897411,0.151433,0.000784485,True
aeeem,org::eclipse::jdt::internal::core::CompilationUnit,69,4,28,51,3081,2,4,68,830.0,79.0,200,1,0,1.0,67,442.0,216.0,1,0,1,0,0,1,aeeem,org::eclipse::jdt::internal::core::CompilationUnit,806.0,291,11,15,367.0,4847.0,4041.0,0,924.0,16.6564,924.0,13.8866,406.0,2.76976,96.6624,73,62,10,4,6,30.9896,0.13539,0.195781,8.71141,0.309577,True
aeeem,org::eclipse::jdt::internal::core::search::matching::SuperTypeNamesCollector,26,1,2,25,21,0,8,0,162.0,7.0,8,0,0,8.0,2,61.0,37.0,0,0,0,0,0,0,aeeem,org::eclipse::jdt::internal::core::search::matching::SuperTypeNamesCollector,4.0,72,9,9,346.571,1300.0,1296.0,0,434.0,18.0556,434.0,18.0,128.0,0.0555556,53.8768,14,13,1,0,2,9.38026,0.00474418,0.139236,8.13835,0.209959,True
aeeem,org::eclipse::jdt::internal::core::DocumentAdapter,2,1,1,1,3,0,1,0,12.0,3.0,0,1,0,0.0,3,8.0,3.0,0,0,0,0,0,0,aeeem,org::eclipse::jdt::internal::core::DocumentAdapter,0.0,2,2,1,177.714,4.0,4.0,0,4.0,2.0,4.0,2.0,0.0,0.0,4.85714,1,1,0,0,0,1.70656,0.000979144,0.00197306,0.038262,3.30855e-05,True
aeeem,org::eclipse::jdt::internal::compiler::lookup::MethodVerifier,18,1,7,13,630,1,5,0,736.0,36.0,8,1,0,4.0,3,267.0,292.0,3,1,1,0,0,1,aeeem,org::eclipse::jdt::internal::compiler::lookup::MethodVerifier,-50.0,131,10,7,367.0,3730.0,3780.0,0,879.0,28.4733,893.0,28.855,61.0,-0.381679,119.775,49,47,10,4,1,28.9486,0.214813,0.0946313,0.816568,0.221816,True
aeeem,org::eclipse::jdt::internal::core::jdom::DOMInitializer,8,4,1,7,120,0,2,50,89.0,16.0,174,0,0,0.0,7,45.0,22.0,0,0,0,0,0,0,aeeem,org::eclipse::jdt::internal::core::jdom::DOMInitializer,-31.0,39,7,5,367.0,539.0,570.0,0,229.0,13.8205,229.0,14.6154,5.0,-0.794872,40.7016,4,4,0,0,0,7.54777,0.00374582,0.0104576,0.175967,0.00113912,True
aeeem,org::eclipse::jdt::internal::codeassist::complete::CompletionOnJavadocTypeParamReference,2,7,1,1,10,0,2,396,17.0,5.0,102,0,0,2.0,5,8.0,6.0,0,0,0,0,0,0,aeeem,org::eclipse::jdt::internal::codeassist::complete::CompletionOnJavadocTypeParamReference,9.0,6,2,0,140.143,12.0,3.0,0,9.0,2.0,1.0,0.5,9.0,1.5,2.72619,3,3,0,0,0,3.58431,0.00072925,0.00533203,0.0851721,0.000481514,True
aeeem,org::eclipse::jdt::internal::codeassist::complete::CompletionOnQualifiedTypeReference,5,6,2,3,45,0,6,386,63.0,10.0,95,1,0,1.0,9,27.0,17.0,0,0,0,0,0,0,aeeem,org::eclipse::jdt::internal::codeassist::complete::CompletionOnQualifiedTypeReference,74.0,35,7,5,367.0,254.0,180.0,0,66.0,7.25714,66.0,5.14286,33.0,2.11429,112.943,3,3,0,0,0,12.2036,0.0122442,0.169321,8.26101,0.287587,True
aeeem,org::eclipse::jdt::internal::compiler::ast::SingleMemberAnnotation,6,5,3,3,10,0,2,388,34.0,5.0,78,1,0,1.0,5,14.0,9.0,0,0,0,0,0,0,aeeem,org::eclipse::jdt::internal::compiler::ast::SingleMemberAnnotation,139.0,20,6,8,222.714,203.0,64.0,1,69.0,10.15,15.0,3.2,69.0,6.95,25.4849,2,1,0,0,0,11.3038,0.00743631,0.14634,8.19167,0.214531,True
aeeem,org::eclipse::jdt::internal::core::util::BindingKeyResolver,15,2,1,14,630,0,17,2,435.0,36.0,41,0,5,17.0,31,113.0,119.0,0,0,0,0,0,0,aeeem,org::eclipse::jdt::internal::core::util::BindingKeyResolver,372.0,56,5,5,175.714,674.0,302.0,0,145.0,12.0357,46.0,5.39286,115.0,6.64286,43.3241,27,26,6,0,1,27.8349,0.126085,0.192313,8.64791,0.320171,True
aeeem,org::eclipse::jdt::internal::compiler::ast::CharLiteral,3,6,0,3,15,0,1,385,72.0,6.0,79,0,1,1.0,5,16.0,18.0,0,0,0,0,0,0,aeeem,org::eclipse::jdt::internal::compiler::ast::CharLiteral,-6.0,26,4,5,367.0,226.0,232.0,0,101.0,8.69231,101.0,8.92308,6.0,-0.230769,54.665,1,1,0,0,0,7.18983,0.00279656,0.0119696,0.174975,0.00318449,True
aeeem,org::eclipse::jdt::internal::codeassist::impl::AssistParser,12,2,3,9,3828,2,25,402,1384.0,88.0,8,0,0,3.0,24,340.0,283.0,0,0,0,0,0,0,aeeem,org::eclipse::jdt::internal::codeassist::impl::AssistParser,972.0,113,8,15,367.0,3649.0,2677.0,0,1009.0,32.292,1009.0,23.6903,271.0,8.60177,85.3402,34,28,2,2,2,21.8696,0.0492549,0.182267,8.49381,0.306668,True
aeeem,org::eclipse::jdt::internal::core::ImportDeclaration,6,4,2,4,66,1,2,52,57.0,12.0,131,0,0,0.0,8,30.0,18.0,0,0,0,0,0,0,aeeem,org::eclipse::jdt::internal::core::ImportDeclaration,44.0,48,7,4,367.0,261.0,217.0,0,67.0,5.4375,67.0,4.52083,10.0,0.916667,71.2041,7,7,0,0,0,9.78944,0.00554512,0.0130494,0.226223,0.00118421,True
aeeem,org::eclipse::jdt::internal::core::jdom::SiblingEnumeration,3,1,2,1,3,0,1,0,13.0,3.0,8,0,0,0.0,2,4.0,4.0,0,0,0,0,0,0,aeeem,org::eclipse::jdt::internal::core::jdom::SiblingEnumeration,6.0,17,6,4,367.0,111.0,105.0,0,54.0,6.52941,54.0,6.17647,6.0,0.352941,65.4633,1,1,0,0,0,5.1154,0.00238599,0.00769445,0.121597,0.00113041,True
aeeem,org::eclipse::jdt::internal::codeassist::complete::CompletionOnSingleNameReference,3,7,1,2,3,0,4,419,17.0,3.0,115,0,0,4.0,3,8.0,4.0,0,0,0,0,0,0,aeeem,org::eclipse::jdt::internal::codeassist::complete::CompletionOnSingleNameReference,28.0,30,6,5,367.0,140.0,112.0,0,47.0,4.66667,47.0,3.73333,7.0,0.933333,87.5214,3,2,0,0,1,9.52046,0.00540264,0.136956,8.13496,0.199171,True
aeeem,org::eclipse::jdt::internal::core::Initializer,12,5,3,9,55,1,0,68,67.0,11.0,199,0,0,0.0,7,41.0,19.0,0,0,0,0,0,0,aeeem,org::eclipse::jdt::internal::core::Initializer,26.0,48,8,4,367.0,344.0,318.0,0,95.0,7.16667,95.0,6.625,12.0,0.541667,52.7965,7,7,0,0,1,8.73596,0.00575968,0.134499,8.1114,0.198199,True
aeeem,org::eclipse::jdt::core::dom::rewrite::ASTRewrite,24,1,6,19,325,0,4,0,281.0,26.0,8,4,7,0.0,16,150.0,74.0,1,0,0,0,0,1,aeeem,org::eclipse::jdt::core::dom::rewrite::ASTRewrite,375.0,47,10,8,220.143,699.0,324.0,0,97.0,14.8723,49.0,6.89362,68.0,7.97872,54.4605,13,11,3,0,1,22.3224,0.0600046,0.184584,8.5032,0.27112,True
aeeem,org::eclipse::jdt::internal::core::search::indexing::RemoveFromIndex,3,2,1,2,3,0,1,8,25.0,3.0,19,0,0,1.0,3,8.0,8.0,0,0,0,0,0,0,aeeem,org::eclipse::jdt::internal::core::search::indexing::RemoveFromIndex,-26.0,47,6,4,367.0,287.0,313.0,0,72.0,6.10638,72.0,6.65957,6.0,-0.553191,49.0383,1,1,0,0,0,4.07501,0.00220824,0.0062193,0.097153,0.00103086,True
aeeem,org::eclipse::jdt::internal::compiler::ast::NameReference,4,5,4,0,36,2,3,384,34.0,9.0,85,0,0,3.0,9,9.0,11.0,0,0,0,0,0,0,aeeem,org::eclipse::jdt::internal::compiler::ast::NameReference,3.0,25,5,4,367.0,184.0,181.0,0,63.0,7.36,63.0,7.24,6.0,0.12,64.6483,3,3,3,3,0,6.93237,0.00251643,0.00985736,0.162632,0.00115402,True
aeeem,org::eclipse::jdt::core::dom::EnumConstantDeclaration,8,3,1,8,210,0,9,97,141.0,21.0,84,4,0,0.0,8,78.0,36.0,0,0,0,0,0,0,aeeem,org::eclipse::jdt::core::dom::EnumConstantDeclaration,787.0,39,7,10,239.571,984.0,197.0,0,257.0,25.2308,49.0,5.05128,257.0,20.1795,16.3291,9,7,0,0,0,8.43242,0.0124956,0.153579,8.14429,0.231202,True
aeeem,org::eclipse::jdt::internal::core::search::matching::FieldLocator,20,3,1,20,78,0,1,69,274.0,13.0,37,0,0,0.0,2,89.0,100.0,1,0,0,0,0,1,aeeem,org::eclipse::jdt::internal::core::search::matching::FieldLocator,64.0,68,9,6,248.571,503.0,439.0,0,47.0,7.39706,56.0,6.45588,40.0,0.941176,55.9912,24,21,1,0,2,22.2053,0.032553,0.172122,8.47539,0.258686,True
aeeem,org::eclipse::jdt::internal::core::SourceField,21,6,3,19,78,1,0,69,120.0,13.0,216,0,0,0.0,10,67.0,34.0,0,0,0,0,0,0,aeeem,org::eclipse::jdt::internal::core::SourceField,165.0,61,7,11,367.0,450.0,285.0,0,77.0,7.37705,77.0,4.67213,35.0,2.70492,110.808,13,12,2,2,0,11.9865,0.0129116,0.0170688,0.280853,0.0029218,True
aeeem,org::eclipse::jdt::core::dom::DefaultBindingResolver,35,2,4,34,741,0,7,0,1106.0,39.0,43,1,1,6.0,2,369.0,331.0,1,0,0,0,0,1,aeeem,org::eclipse::jdt::core::dom::DefaultBindingResolver,1854.0,189,12,86,333.143,6311.0,4457.0,0,991.0,33.3915,991.0,23.582,123.0,9.80952,100.199,110,101,11,5,10,31.5924,0.300283,0.222272,8.78286,0.364037,True
aeeem,org::eclipse::jdt::internal::compiler::parser::RecoveredLocalVariable,6,3,1,5,55,0,6,5,107.0,11.0,40,0,0,6.0,11,21.0,34.0,0,0,0,0,0,0,aeeem,org::eclipse::jdt::internal::compiler::parser::RecoveredLocalVariable,66.0,34,5,5,367.0,287.0,221.0,0,92.0,8.44118,92.0,6.5,54.0,1.94118,107.619,2,2,0,0,1,5.43024,0.0245148,0.1274,8.03229,0.185798,True
aeeem,org::eclipse::jdt::internal::codeassist::select::SelectionOnParameterizedSingleTypeReference,3,8,1,2,3,0,0,388,21.0,3.0,110,0,0,0.0,3,11.0,4.0,0,0,0,0,0,0,aeeem,org::eclipse::jdt::internal::codeassist::select::SelectionOnParameterizedSingleTypeReference,0.0,4,2,3,185.571,6.0,6.0,0,4.0,1.5,4.0,1.5,0.0,0.0,32.6905,0,0,0,0,0,4.07501,0.00220824,0.0062193,0.097153,0.00103086,True
aeeem,org::eclipse::jdt::internal::formatter::comment::JavaDocLine,3,3,1,2,3,0,1,58,15.0,3.0,37,0,0,0.0,0,9.0,5.0,0,0,0,0,0,0,aeeem,org::eclipse::jdt::internal::formatter::comment::JavaDocLine,0.0,3,1,3,168.857,2.0,2.0,0,1.0,0.666667,1.0,0.666667,0.0,0.0,56.0,1,1,0,0,0,2.36846,0.0012291,0.00424624,0.058891,0.000997772,True
aeeem,org::eclipse::jdt::internal::codeassist::complete::CompletionOnBrankStatementLabel,2,4,1,1,6,0,4,384,23.0,4.0,41,1,0,1.0,4,10.0,5.0,0,0,0,0,0,0,aeeem,org::eclipse::jdt::internal::codeassist::complete::CompletionOnBrankStatementLabel,10.0,4,3,2,136.143,11.0,1.0,0,10.0,2.75,1.0,0.25,10.0,2.5,20.7013,1,0,0,0,0,2.36846,0.00205824,0.00424624,0.058891,0.000997772,True
aeeem,org::eclipse::jdt::core::dom::QualifiedType,8,3,4,4,91,0,6,95,107.0,14.0,76,3,0,1.0,5,53.0,27.0,0,0,0,0,0,0,aeeem,org::eclipse::jdt::core::dom::QualifiedType,568.0,35,6,7,239.571,667.0,99.0,0,198.0,19.0571,12.0,2.82857,198.0,16.2286,12.8297,6,5,0,0,0,6.78585,0.00335055,0.151707,8.10751,0.231175,True
aeeem,org::eclipse::jdt::internal::core::ReconcileWorkingCopyOperation,15,2,2,15,28,0,9,18,190.0,8.0,62,0,2,9.0,3,73.0,46.0,0,0,0,0,0,0,aeeem,org::eclipse::jdt::internal::core::ReconcileWorkingCopyOperation,303.0,71,9,5,278.857,863.0,560.0,0,149.0,12.1549,84.0,7.88732,96.0,4.26761,137.885,31,26,5,2,2,25.6173,0.0846606,0.167331,8.5373,0.232523,True
aeeem,org::eclipse::jdt::internal::core::builder::CompilationParticipantResult,2,1,1,1,3,1,6,0,19.0,3.0,8,0,0,0.0,1,4.0,3.0,0,0,0,0,0,0,aeeem,org::eclipse::jdt::internal::core::builder::CompilationParticipantResult,-44.0,7,5,1,132.143,28.0,72.0,0,15.0,4.0,68.0,10.2857,15.0,-6.28571,7.37755,3,2,0,0,0,4.23423,0.00852955,0.00697318,0.103102,0.00109894,True
aeeem,org::eclipse::jdt::core::compiler::CompilationParticipant,4,1,4,0,28,0,2,0,24.0,8.0,8,0,0,2.0,8,8.0,8.0,1,0,0,0,0,1,aeeem,org::eclipse::jdt::core::compiler::CompilationParticipant,43.0,19,5,2,136.571,242.0,199.0,0,65.0,12.7368,108.0,10.4737,45.0,2.26316,12.768,5,3,0,0,0,12.3914,0.0316353,0.0316799,0.333686,0.0448123,True
aeeem,org::eclipse::jdt::internal::compiler::lookup::MethodBinding,66,2,56,19,1540,4,9,28,724.0,56.0,16,0,0,9.0,54,244.0,235.0,3,0,0,0,0,1,aeeem,org::eclipse::jdt::internal::compiler::lookup::MethodBinding,843.0,143,9,8,367.0,2802.0,1959.0,0,441.0,19.5944,443.0,13.6993,136.0,5.8951,144.063,34,31,6,3,0,32.6911,0.195339,0.201627,8.76815,0.324112,True
aeeem,org::eclipse::jdt::internal::core::hierarchy::HierarchyResolver,38,1,3,35,120,0,10,0,629.0,16.0,9,8,10,2.0,5,174.0,150.0,0,0,0,0,0,0,aeeem,org::eclipse::jdt::internal::core::hierarchy::HierarchyResolver,403.0,113,8,11,331.857,2134.0,1731.0,0,553.0,18.885,553.0,15.3186,93.0,3.56637,102.769,36,32,6,0,1,27.7744,0.171569,0.201598,8.66317,0.366126,True
aeeem,org::eclipse::jdt::internal::compiler::ast::ParameterizedSingleTypeReference,14,7,2,12,45,1,1,387,244.0,10.0,101,0,1,1.0,8,91.0,61.0,1,0,0,0,0,1,aeeem,org::eclipse::jdt::internal::compiler::ast::ParameterizedSingleTypeReference,527.0,72,9,7,223.571,921.0,394.0,0,208.0,12.7917,80.0,5.47222,208.0,7.31944,53.3802,29,28,4,0,1,26.4203,0.0560375,0.189695,8.60706,0.315804,True
aeeem,org::eclipse::jdt::internal::codeassist::complete::CompletionOnJavadocMessageSend,2,6,1,1,28,0,2,408,56.0,8.0,101,0,0,2.0,8,26.0,18.0,0,0,0,0,0,0,aeeem,org::eclipse::jdt::internal::codeassist::complete::CompletionOnJavadocMessageSend,23.0,4,1,0,140.143,25.0,2.0,0,16.0,6.25,2.0,0.5,14.0,5.75,1.84571,3,3,0,0,0,1.5732,0.000608173,0.00228336,0.0371667,0.000177449,True
aeeem,org::eclipse::jdt::internal::core::search::indexing::AddFolderToIndex,3,2,1,2,3,0,4,8,79.0,3.0,19,0,0,4.0,3,19.0,11.0,0,0,0,0,0,0,aeeem,org::eclipse::jdt::internal::core::search::indexing::AddFolderToIndex,46.0,33,7,3,282.0,160.0,114.0,0,35.0,4.84848,18.0,3.45455,17.0,1.39394,54.4366,5,3,0,0,0,3.9771,0.00164464,0.00585268,0.0940532,0.000756986,True
aeeem,org::eclipse::jdt::internal::core::BasicCompilationUnit,7,2,4,3,21,0,5,1,71.0,7.0,12,0,1,0.0,6,24.0,19.0,0,0,0,0,0,0,aeeem,org::eclipse::jdt::internal::core::BasicCompilationUnit,93.0,44,7,3,367.0,402.0,309.0,0,70.0,9.13636,70.0,7.02273,51.0,2.11364,82.4879,3,3,0,0,0,6.6689,0.00932822,0.00865949,0.153373,0.000446134,True
aeeem,org::eclipse::jdt::internal::compiler::lookup::BinaryTypeBinding,37,4,7,33,666,1,9,49,947.0,37.0,148,0,6,0.0,24,297.0,293.0,1,0,1,0,0,1,aeeem,org::eclipse::jdt::internal::compiler::lookup::BinaryTypeBinding,1007.0,178,11,13,367.0,3899.0,2892.0,0,491.0,21.9045,491.0,16.2472,220.0,5.6573,137.097,46,45,12,4,0,32.4393,0.175505,0.19951,8.7585,0.317989,True
aeeem,org::eclipse::jdt::internal::compiler::lookup::RawTypeBinding,9,5,1,9,78,0,0,57,129.0,13.0,202,0,0,0.0,12,78.0,33.0,0,0,0,0,0,0,aeeem,org::eclipse::jdt::internal::compiler::lookup::RawTypeBinding,375.0,67,7,4,222.143,756.0,381.0,0,160.0,11.2836,73.0,5.68657,160.0,5.59701,33.4348,24,24,3,1,0,20.4542,0.0405621,0.16674,8.43262,0.266276,True
aeeem,org::eclipse::jdt::internal::core::SortElementsOperation,16,2,1,15,55,0,4,18,281.0,11.0,62,0,3,3.0,4,78.0,37.0,0,0,0,0,0,0,aeeem,org::eclipse::jdt::internal::core::SortElementsOperation,336.0,50,7,17,281.857,784.0,448.0,0,172.0,15.68,100.0,8.96,141.0,6.72,107.182,14,13,2,1,1,16.5532,0.113798,0.0306448,0.410094,0.0238794,True
aeeem,org::eclipse::jdt::internal::compiler::lookup::CompilationUnitScope,44,2,21,28,406,0,13,262,687.0,29.0,80,5,5,8.0,10,280.0,226.0,4,0,0,0,0,1,aeeem,org::eclipse::jdt::internal::compiler::lookup::CompilationUnitScope,442.0,149,10,9,367.0,2389.0,1947.0,0,507.0,16.0336,507.0,13.0671,152.0,2.96644,96.0364,34,33,5,0,1,30.2239,0.0880495,0.223028,8.75651,0.400078,True
aeeem,org::eclipse::jdt::core::search::FieldDeclarationMatch,2,2,2,0,0,0,0,2,3.0,1.0,33,0,0,0.0,1,1.0,1.0,0,0,0,0,0,0,aeeem,org::eclipse::jdt::core::search::FieldDeclarationMatch,80.0,18,4,3,227.571,106.0,26.0,0,23.0,5.88889,6.0,1.44444,23.0,4.44444,9.22237,0,0,0,0,0,4.07501,0.00220824,0.0062193,0.097153,0.00103086,True
aeeem,org::eclipse::jdt::core::jdom::DOMException,2,1,2,0,0,0,1,0,3.0,1.0,23,1,0,0.0,1,1.0,1.0,0,0,0,0,0,0,aeeem,org::eclipse::jdt::core::jdom::DOMException,17.0,22,5,4,367.0,105.0,88.0,0,32.0,4.77273,32.0,4.0,11.0,0.772727,64.6762,1,1,0,0,0,4.07501,0.00220824,0.0062193,0.097153,0.00103086,True
aeeem,org::eclipse::jdt::internal::compiler::flow::UnconditionalFlowInfo,24,2,19,6,703,1,12,8,1440.0,38.0,46,0,0,9.0,37,84.0,342.0,0,0,0,0,0,0,aeeem,org::eclipse::jdt::internal::compiler::flow::UnconditionalFlowInfo,1163.0,71,7,5,367.0,4282.0,3119.0,0,1609.0,60.3099,728.0,43.9296,894.0,16.3803,173.635,15,15,2,1,0,14.1223,0.44007,0.0246912,0.347632,0.00849129,True
aeeem,org::eclipse::jdt::internal::core::util::ConstantValueAttribute,3,3,1,2,3,0,2,1,11.0,3.0,31,2,0,0.0,2,5.0,3.0,0,0,0,0,0,0,aeeem,org::eclipse::jdt::internal::core::util::ConstantValueAttribute,-16.0,15,5,4,322.714,35.0,51.0,0,9.0,2.33333,9.0,3.4,0.0,-1.06667,60.2939,0,0,0,0,0,4.07501,0.00220824,0.0062193,0.097153,0.00103086,True
aeeem,org::eclipse::jdt::internal::codeassist::complete::CompletionOnClassLiteralAccess,3,5,1,2,3,0,2,387,17.0,3.0,75,0,0,2.0,3,10.0,4.0,0,0,0,0,0,0,aeeem,org::eclipse::jdt::internal::codeassist::complete::CompletionOnClassLiteralAccess,9.0,28,4,4,367.0,168.0,159.0,0,59.0,6.0,59.0,5.67857,6.0,0.321429,52.7798,0,0,0,0,0,4.07501,0.00220824,0.0062193,0.097153,0.00103086,True
aeeem,org::eclipse::jdt::internal::compiler::batch::FileSystem,11,1,1,10,36,0,2,12,198.0,9.0,11,0,3,2.0,5,65.0,66.0,0,0,0,0,0,0,aeeem,org::eclipse::jdt::internal::compiler::batch::FileSystem,238.0,65,7,19,367.0,1096.0,858.0,0,168.0,16.8615,168.0,13.2,43.0,3.66154,134.997,18,14,2,0,1,19.9756,0.125969,0.0864815,0.604506,0.212676,True
aeeem,org::eclipse::jdt::internal::compiler::problem::ShouldNotImplement,2,1,2,0,0,0,1,0,3.0,1.0,23,1,0,0.0,1,1.0,1.0,0,0,0,0,0,0,aeeem,org::eclipse::jdt::internal::compiler::problem::ShouldNotImplement,5.0,19,4,4,367.0,81.0,76.0,0,25.0,4.26316,25.0,4.0,11.0,0.263158,60.7372,0,0,0,0,0,4.07501,0.00220824,0.0062193,0.097153,0.00103086,True
aeeem,org::eclipse::jdt::internal::codeassist::complete::CompletionScanner,11,2,3,8,28,0,7,219,796.0,8.0,55,0,0,6.0,8,104.0,260.0,0,0,0,0,0,0,aeeem,org::eclipse::jdt::internal::codeassist::complete::CompletionScanner,167.0,86,8,14,367.0,2498.0,2331.0,0,707.0,29.0465,707.0,27.1046,129.0,1.94186,104.837,24,19,4,1,1,19.3371,0.0884648,0.0336207,0.473575,0.0171919,True
aeeem,org::eclipse::jdt::internal::compiler::ast::NumberLiteral,1,5,1,0,3,5,1,384,11.0,3.0,76,0,0,1.0,3,3.0,3.0,0,0,0,0,0,0,aeeem,org::eclipse::jdt::internal::compiler::ast::NumberLiteral,-1.0,18,4,4,367.0,124.0,125.0,0,32.0,6.88889,32.0,6.94444,5.0,-0.0555556,69.5184,0,0,0,0,0,4.07501,0.00220824,0.0062193,0.097153,0.00103086,True
aeeem,org::eclipse::jdt::internal::eval::CodeSnippetScope,18,3,5,13,45,0,0,274,308.0,10.0,103,0,0,0.0,10,118.0,94.0,2,0,0,0,0,1,aeeem,org::eclipse::jdt::internal::eval::CodeSnippetScope,-338.0,64,10,8,367.0,1977.0,2315.0,0,763.0,30.8906,879.0,36.1719,20.0,-5.28125,56.1353,11,11,1,0,0,20.7216,0.0588535,0.16188,8.42777,0.224526,True
aeeem,org::eclipse::jdt::internal::codeassist::select::SelectionOnImportReference,2,3,1,1,1,0,0,387,12.0,2.0,32,0,0,0.0,2,7.0,4.0,0,0,0,0,0,0,aeeem,org::eclipse::jdt::internal::codeassist::select::SelectionOnImportReference,0.0,26,4,4,367.0,136.0,136.0,0,52.0,5.23077,52.0,5.23077,6.0,0.0,48.0872,0,0,0,0,0,4.07501,0.00220824,0.0062193,0.097153,0.00103086,True
aeeem,org::eclipse::jdt::internal::compiler::codegen::Label,0,1,0,0,1,2,3,0,3.0,2.0,8,0,0,2.0,2,2.0,1.0,0,0,0,0,0,0,aeeem,org::eclipse::jdt::internal::compiler::codegen::Label,-250.0,58,6,14,367.0,1017.0,1267.0,0,246.0,17.5345,281.0,21.8448,45.0,-4.31034,111.411,10,9,2,2,2,8.91433,0.0842206,0.0132603,0.211619,0.00144622,True
aeeem,org::eclipse::jdt::internal::compiler::ast::JavadocQualifiedTypeReference,9,6,2,7,15,1,3,386,48.0,6.0,95,0,1,3.0,3,27.0,14.0,0,0,0,0,0,0,aeeem,org::eclipse::jdt::internal::compiler::ast::JavadocQualifiedTypeReference,166.0,35,9,5,239.143,322.0,156.0,0,48.0,9.2,31.0,4.45714,47.0,4.74286,58.6792,23,21,3,1,1,17.6478,0.045999,0.165026,8.36931,0.272883,True
aeeem,org::eclipse::jdt::internal::core::search::matching::JavaSearchPattern,35,3,25,10,153,9,11,52,306.0,18.0,27,2,0,6.0,6,94.0,88.0,1,0,0,0,0,1,aeeem,org::eclipse::jdt::internal::core::search::matching::JavaSearchPattern,371.0,34,7,5,216.0,690.0,319.0,0,119.0,20.2941,84.0,9.38235,89.0,10.9118,90.7422,21,18,1,0,0,17.1181,0.17442,0.0453446,0.456267,0.0985587,True
aeeem,org::eclipse::jdt::core::dom::RecoveredVariableBinding,7,2,0,7,190,0,2,6,87.0,20.0,30,2,0,0.0,19,47.0,29.0,0,0,0,0,0,0,aeeem,org::eclipse::jdt::core::dom::RecoveredVariableBinding,29.0,3,1,3,65.7143,32.0,3.0,0,27.0,10.6667,2.0,1.0,26.0,9.66667,4.95536,4,2,0,0,0,2.38353,0.0070591,0.00773332,0.0695092,0.0121332,True
aeeem,org::eclipse::jdt::core::CompletionProposal,8,2,4,4,780,0,49,20,347.0,40.0,25,22,0,0.0,39,105.0,100.0,1,0,0,0,0,1,aeeem,org::eclipse::jdt::core::CompletionProposal,1847.0,51,10,8,219.857,2071.0,224.0,0,317.0,40.6078,30.0,4.39216,315.0,36.2157,80.7057,19,14,0,0,0,20.2197,0.259526,0.183799,8.46014,0.280317,True
