dataset_family_x,classname,cbo,dit,fanIn,fanOut,lcom,noc,numberOfAttributes,numberOfAttributesInherited,numberOfLinesOfCode,numberOfMethods,numberOfMethodsInherited,numberOfPrivateAttributes,numberOfPrivateMethods,numberOfPublicAttributes,numberOfPublicMethods,rfc,wmc,bugs,nonTrivialBugs,majorBugs,criticalBugs,highPriorityBugs,defects,dataset_family_y,file_module_id,code_churn,commit_count,num_developers,bugfix_commit_count,days_since_last_modified,lines_added,lines_deleted,numberOfRefactoringsUntil,maxLinesAddedUntil,avgLinesAddedUntil,maxLinesRemovedUntil,avgLinesRemovedUntil,maxCodeChurnUntil,avgCodeChurnUntil,weightedAgeWithRespectTo,numberOfBugsFoundUntil,numberOfNonTrivialBugsFoundUntil,numberOfMajorBugsFoundUntil,numberOfCriticalBugsFoundUntil,numberOfHighPriorityBugsFoundUntil,CvsEntropy,CvsWEntropy,CvsLinEntropy,CvsLogEntropy,CvsExpEntropy,repo_metrics_available
aeeem,org::eclipse::mylyn::internal::trac::core::util::TracUtil,16,1,11,5,15,0,0,0,42.0,6.0,9,0,1,0.0,5,18.0,8.0,0,0,0,0,0,0,aeeem,org::eclipse::mylyn::internal::trac::core::util::TracUtil,14.0,7,2,1,38.2857,22.0,8.0,0,10.0,3.14286,3.0,1.14286,10.0,2.0,10.5779,6,4,0,0,1,3.08906,0.00556971,0.156012,9.15957,0.247042,True
aeeem,org::eclipse::mylyn::internal::sandbox::bridge::bugs::ProgressQueryHitCollector,7,1,2,5,36,0,11,0,60.0,9.0,0,6,0,0.0,8,29.0,14.0,0,0,0,0,0,0,aeeem,org::eclipse::mylyn::internal::sandbox::bridge::bugs::ProgressQueryHitCollector,15.0,14,3,0,91.7143,60.0,45.0,0,33.0,4.28571,26.0,3.21429,7.0,1.07143,43.4024,12,6,0,0,10,8.02984,0.00770449,0.177117,9.31724,0.318043,True
aeeem,org::eclipse::mylyn::internal::jira::core::model::filter::DateRangeFilter,6,2,6,0,6,0,3,0,13.0,4.0,19,3,0,0.0,3,5.0,4.0,0,0,0,0,0,0,aeeem,org::eclipse::mylyn::internal::jira::core::model::filter::DateRangeFilter,-2.0,10,2,0,110.714,13.0,15.0,0,5.0,1.3,5.0,1.5,4.0,-0.2,56.3626,6,3,0,0,5,6.56833,0.00303072,0.155929,9.23919,0.221372,True
aeeem,org::eclipse::mylyn::internal::wikitext::textile::core::phrase::EscapeTextilePhraseModifier,2,2,1,1,6,0,0,0,12.0,4.0,22,0,0,0.0,1,6.0,3.0,0,0,0,0,0,0,aeeem,org::eclipse::mylyn::internal::wikitext::textile::core::phrase::EscapeTextilePhraseModifier,-2.0,3,2,0,32.7143,6.0,8.0,0,4.0,2.0,6.0,2.66667,0.0,-0.666667,5.42857,3,3,0,0,0,1.49003,0.00170474,0.0435179,0.121386,0.116244,True
aeeem,org::eclipse::mylyn::internal::java::ui::search::JavaImplementorsProvider,1,4,1,0,6,0,2,8,12.0,4.0,47,0,0,0.0,2,4.0,5.0,0,0,0,0,0,0,aeeem,org::eclipse::mylyn::internal::java::ui::search::JavaImplementorsProvider,0.0,4,2,0,92.4286,7.0,7.0,0,4.0,1.75,4.0,1.75,3.0,0.0,60.1428,3,0,0,0,2,3.17351,0.00112128,0.140881,9.13106,0.180758,True
aeeem,org::eclipse::mylyn::internal::jira::core::wsdl::beans::RemoteVersion,4,3,0,4,91,0,7,0,78.0,14.0,52,7,0,0.0,14,33.0,33.0,0,0,0,0,0,0,aeeem,org::eclipse::mylyn::internal::jira::core::wsdl::beans::RemoteVersion,-21.0,9,2,0,110.714,219.0,240.0,0,191.0,24.3333,212.0,26.6667,7.0,-2.33333,24.015,7,4,1,1,5,5.94514,0.0165403,0.153982,9.22122,0.218565,True
aeeem,org::eclipse::mylyn::tasklist::tests::Person,2,1,1,1,105,0,7,0,57.0,15.0,9,7,0,0.0,15,17.0,21.0,0,0,0,0,0,0,aeeem,org::eclipse::mylyn::tasklist::tests::Person,1.0,3,2,1,190.571,1.0,0.0,1,1.0,0.333333,0.0,0.0,1.0,0.333333,9.0,2,1,0,0,2,1.39346,0.0146329,0.00175047,0.0318345,5.37898e-05,True
aeeem,org::eclipse::mylyn::internal::bugzilla::ui::actions::ViewFavoriteAction,4,2,2,3,1,0,1,0,16.0,2.0,2,1,0,0.0,2,8.0,3.0,0,0,0,0,0,0,aeeem,org::eclipse::mylyn::internal::bugzilla::ui::actions::ViewFavoriteAction,0.0,3,1,0,164.0,0.0,0.0,1,0.0,0.0,0.0,0.0,0.0,0.0,0.0,1,0,0,0,0,0.0,0.0,0.0,0.0,0.0,True
aeeem,org::eclipse::mylyn::internal::tasks::ui::actions::SynchronizeSelectedAction,10,1,0,10,3,0,3,0,95.0,3.0,0,3,1,0.0,2,56.0,20.0,0,0,0,0,0,0,aeeem,org::eclipse::mylyn::internal::tasks::ui::actions::SynchronizeSelectedAction,36.0,39,3,0,139.429,281.0,245.0,0,98.0,7.20513,37.0,6.28205,61.0,0.923077,40.9451,29,14,2,1,20,17.9092,0.16453,0.237774,9.65395,0.442279,True
aeeem,org::eclipse::mylyn::internal::jira::core::model::Subtask,3,1,3,0,3,0,3,0,10.0,3.0,18,3,0,0.0,3,3.0,3.0,0,0,0,0,0,0,aeeem,org::eclipse::mylyn::internal::jira::core::model::Subtask,1.0,6,2,0,93.2857,10.0,9.0,0,5.0,1.66667,4.0,1.5,4.0,0.166667,41.2714,4,2,0,0,2,4.58293,0.00233645,0.145075,9.17116,0.186189,True
aeeem,org::eclipse::mylyn::internal::tasks::core::TaskComment,7,1,5,2,120,0,8,0,53.0,16.0,24,8,0,0.0,16,19.0,16.0,0,0,0,0,0,0,aeeem,org::eclipse::mylyn::internal::tasks::core::TaskComment,3.0,6,2,0,45.2857,14.0,11.0,0,4.0,2.33333,4.0,1.83333,3.0,0.5,8.0,3,2,0,0,3,3.39209,0.00213619,0.151673,9.15904,0.235454,True
aeeem,org::eclipse::mylyn::internal::tasks::core::TaskDataStorageManager,5,1,0,5,153,0,3,0,211.0,18.0,9,3,3,0.0,15,90.0,57.0,0,0,0,0,0,0,aeeem,org::eclipse::mylyn::internal::tasks::core::TaskDataStorageManager,3.0,8,2,0,46.5714,22.0,19.0,0,8.0,2.75,8.0,2.375,4.0,0.375,8.61688,7,3,0,0,5,6.31013,0.00457386,0.1853,9.29392,0.368531,True
aeeem,org::eclipse::mylyn::internal::hypertext::ui::editors::WebResourceContentProvider,3,1,2,1,28,0,0,0,56.0,8.0,9,0,0,0.0,8,23.0,15.0,0,0,0,0,0,0,aeeem,org::eclipse::mylyn::internal::hypertext::ui::editors::WebResourceContentProvider,0.0,3,1,0,151.0,0.0,0.0,0,0.0,0.0,0.0,0.0,0.0,0.0,0.0,1,0,0,0,1,0.0,0.0,0.0,0.0,0.0,True
aeeem,org::eclipse::mylyn::internal::team::ccvs::CvsActiveChangeSetProvider,1,2,0,1,1,0,0,0,6.0,2.0,11,0,0,0.0,2,5.0,2.0,0,0,0,0,0,0,aeeem,org::eclipse::mylyn::internal::team::ccvs::CvsActiveChangeSetProvider,-32.0,4,1,0,118.857,2.0,34.0,0,2.0,0.5,32.0,8.5,0.0,-8.0,26.2857,3,2,0,0,2,2.8654,0.0145069,0.00717923,0.077595,0.00643021,True
aeeem,org::eclipse::mylyn::internal::monitor::ui::ShellLifecycleListener,2,1,1,1,15,0,1,0,40.0,6.0,9,1,0,0.0,6,15.0,8.0,0,0,0,0,0,0,aeeem,org::eclipse::mylyn::internal::monitor::ui::ShellLifecycleListener,15.0,11,3,0,90.7143,78.0,63.0,2,14.0,7.09091,14.0,5.72727,12.0,1.36364,23.4853,7,4,0,0,4,7.50839,0.0189542,0.173315,9.29668,0.300301,True
aeeem,org::eclipse::mylyn::internal::bugzilla::core::MultiBugReportFactory,7,2,1,6,1,0,0,1,26.0,2.0,11,0,0,0.0,2,17.0,6.0,0,0,0,0,0,0,aeeem,org::eclipse::mylyn::internal::bugzilla::core::MultiBugReportFactory,3.0,21,3,0,103.0,112.0,109.0,0,58.0,5.33333,58.0,5.19048,58.0,0.142857,23.6952,14,8,0,0,9,12.5709,0.0231278,0.223471,9.51024,0.456248,True
aeeem,org::eclipse::mylyn::internal::sandbox::ui::commands::ContextCapturePauseHandler,4,1,1,3,21,0,1,0,38.0,7.0,0,1,1,0.0,6,32.0,10.0,0,0,0,0,0,0,aeeem,org::eclipse::mylyn::internal::sandbox::ui::commands::ContextCapturePauseHandler,3.0,3,1,0,43.0,5.0,2.0,0,4.0,1.66667,1.0,0.666667,3.0,1.0,16.4571,2,0,0,0,1,1.84703,0.00132824,0.136921,9.09329,0.175609,True
aeeem,org::eclipse::mylyn::internal::tasks::ui::editors::RepositoryTaskOutlinePage,8,1,2,6,6,0,4,0,81.0,4.0,0,3,0,0.0,4,16.0,8.0,0,0,0,0,0,0,aeeem,org::eclipse::mylyn::internal::tasks::ui::editors::RepositoryTaskOutlinePage,32.0,32,3,0,139.571,103.0,71.0,2,23.0,3.21875,9.0,2.21875,21.0,1.0,58.4175,26,8,0,0,18,22.6267,0.0339478,0.244168,9.77908,0.501247,True
aeeem,org::eclipse::mylyn::ide::ui::AbstractFocusMarkerViewAction,7,2,1,6,6,5,1,8,50.0,4.0,25,1,0,0.0,3,23.0,14.0,0,0,0,0,0,0,aeeem,org::eclipse::mylyn::ide::ui::AbstractFocusMarkerViewAction,1.0,10,2,0,43.0,155.0,154.0,0,102.0,15.5,104.0,15.4,102.0,0.1,3.29217,6,3,0,0,4,4.83045,0.0195924,0.172387,9.23327,0.316587,True
aeeem,org::eclipse::mylyn::wikitext::core::parser::markup::token::EntityReferenceReplacementToken,5,3,4,1,0,0,0,0,3.0,1.0,26,0,0,0.0,1,2.0,1.0,0,0,0,0,0,0,aeeem,org::eclipse::mylyn::wikitext::core::parser::markup::token::EntityReferenceReplacementToken,1.0,5,2,1,32.7143,7.0,6.0,0,4.0,1.4,4.0,1.2,1.0,0.2,9.55102,4,4,0,0,0,1.49003,0.00136379,0.0435179,0.121386,0.116244,True
aeeem,org::eclipse::mylyn::internal::tasks::ui::editors::TaskListChangeAdapter,1,1,1,0,1,1,0,0,2.0,2.0,10,0,0,0.0,2,2.0,1.0,0,0,0,0,0,0,aeeem,org::eclipse::mylyn::internal::tasks::ui::editors::TaskListChangeAdapter,0.0,6,3,0,47.4286,7.0,7.0,1,4.0,1.16667,3.0,1.16667,3.0,0.0,18.7755,4,1,0,0,3,4.17741,0.00129052,0.160399,9.19476,0.270741,True
aeeem,org::eclipse::mylyn::internal::wikitext::tasks::ui::WikiTextContextStructureBridge,13,2,1,12,120,0,2,1,214.0,16.0,23,1,4,0.0,11,91.0,53.0,0,0,0,0,0,0,aeeem,org::eclipse::mylyn::internal::wikitext::tasks::ui::WikiTextContextStructureBridge,-4.0,2,1,0,8.0,1.0,5.0,0,1.0,0.5,5.0,2.5,0.0,-2.0,7.0,2,0,0,0,0,0.0,0.0,0.0,0.0,0.0,True
aeeem,org::eclipse::mylyn::internal::wikitext::ui::util::css::CssParser,20,1,6,14,28,0,8,0,115.0,8.0,9,7,4,0.0,4,64.0,30.0,0,0,0,0,0,0,aeeem,org::eclipse::mylyn::internal::wikitext::ui::util::css::CssParser,10.0,3,1,1,7.42857,21.0,11.0,1,16.0,7.0,9.0,3.66667,7.0,3.33333,1.65986,2,1,0,0,0,0.0,0.0,0.0,0.0,0.0,True
aeeem,org::eclipse::mylyn::internal::tasks::ui::views::TaskRepositoryLabelProvider,11,1,6,5,28,0,0,0,57.0,8.0,9,0,0,0.0,8,23.0,15.0,0,0,0,0,0,0,aeeem,org::eclipse::mylyn::internal::tasks::ui::views::TaskRepositoryLabelProvider,38.0,26,3,0,139.571,147.0,109.0,0,45.0,5.65385,43.0,4.19231,21.0,1.46154,28.2323,18,7,1,0,11,14.7305,0.110027,0.194064,9.49891,0.33466,True
aeeem,org::eclipse::mylyn::internal::bugzilla::core::BugzillaFlagMapper,11,1,3,9,91,0,6,0,83.0,14.0,9,6,0,0.0,14,59.0,18.0,0,0,0,0,0,0,aeeem,org::eclipse::mylyn::internal::bugzilla::core::BugzillaFlagMapper,21.0,5,2,0,13.5714,35.0,14.0,0,15.0,7.0,9.0,2.8,14.0,4.2,4.30612,4,3,0,0,2,0.0,0.0,0.0,0.0,0.0,True
aeeem,org::eclipse::mylyn::internal::bugzilla::ui::editor::BugzillaPeoplePart,8,2,0,8,6,0,1,1,84.0,4.0,19,1,1,0.0,2,53.0,16.0,0,0,0,0,0,0,aeeem,org::eclipse::mylyn::internal::bugzilla::ui::editor::BugzillaPeoplePart,112.0,10,3,1,42.0,133.0,21.0,0,90.0,13.3,5.0,2.1,89.0,11.2,2.67025,8,4,0,0,5,5.39677,0.0125343,0.181826,9.26485,0.350936,True
aeeem,org::eclipse::mylyn::internal::tasks::bugs::TasksBugsPlugin,2,1,1,1,10,0,3,0,19.0,5.0,0,2,0,0.0,5,8.0,6.0,0,0,0,0,0,0,aeeem,org::eclipse::mylyn::internal::tasks::bugs::TasksBugsPlugin,44.0,13,2,0,47.5714,99.0,55.0,0,43.0,7.61538,42.0,4.23077,42.0,3.38462,8.95094,8,2,0,0,2,4.83045,0.0113954,0.172387,9.23327,0.316587,True
aeeem,org::eclipse::mylyn::internal::xplanner::ui::wizard::XPlannerTaskMapping,1,2,1,0,1,0,1,0,6.0,2.0,54,1,0,0.0,2,2.0,2.0,0,0,0,0,0,0,aeeem,org::eclipse::mylyn::internal::xplanner::ui::wizard::XPlannerTaskMapping,0.0,1,1,0,6.42857,0.0,0.0,0,0.0,0.0,0.0,0.0,0.0,0.0,0.0,1,1,1,0,1,0.0,0.0,0.0,0.0,0.0,True
aeeem,org::eclipse::mylyn::tasks::tests::connector::MockTask,4,4,3,1,15,0,1,2,23.0,6.0,170,1,0,0.0,6,8.0,7.0,0,0,0,0,0,0,aeeem,org::eclipse::mylyn::tasks::tests::connector::MockTask,3.0,4,2,0,49.8571,6.0,3.0,0,4.0,1.5,1.0,0.75,3.0,0.75,23.119,3,2,0,0,3,3.39209,0.00108068,0.151673,9.15904,0.235454,True
aeeem,org::eclipse::mylyn::internal::commons::ui::NotificationPopupColors,1,1,1,0,105,0,6,0,122.0,15.0,9,6,10,0.0,5,45.0,23.0,0,0,0,0,0,0,aeeem,org::eclipse::mylyn::internal::commons::ui::NotificationPopupColors,4.0,3,1,0,45.8571,7.0,3.0,0,5.0,2.33333,2.0,1.0,4.0,1.33333,26.102,3,0,0,0,2,1.84703,0.00113849,0.136921,9.09329,0.175609,True
aeeem,org::eclipse::mylyn::internal::jira::core::service::web::rss::JiraRssSessionCallback,6,2,1,5,15,4,3,0,91.0,6.0,14,3,3,0.0,2,36.0,16.0,1,1,0,0,0,1,aeeem,org::eclipse::mylyn::internal::jira::core::service::web::rss::JiraRssSessionCallback,6.0,7,2,0,54.0,28.0,22.0,0,8.0,4.0,8.0,3.14286,5.0,0.857143,24.7653,5,3,1,0,2,3.05536,0.00447531,0.145929,9.13982,0.210507,True
aeeem,org::eclipse::mylyn::zest::tests::swt::LayoutExample,2,1,0,2,0,0,0,0,48.0,1.0,9,0,0,0.0,1,12.0,5.0,0,0,0,0,0,0,aeeem,org::eclipse::mylyn::zest::tests::swt::LayoutExample,0.0,2,1,0,80.5714,2.0,2.0,0,2.0,1.0,2.0,1.0,0.0,0.0,0.0,2,2,0,0,0,0.903836,0.000545541,0.00316207,0.0269541,0.00573197,True
aeeem,org::xplanner::soap::XPlanner::XPlannerHttpSender,4,1,0,4,1,0,3,0,14.0,2.0,0,0,0,0.0,1,9.0,2.0,0,0,0,0,0,0,aeeem,org::xplanner::soap::XPlanner::XPlannerHttpSender,14.0,7,3,2,88.0,25.0,11.0,0,11.0,3.57143,4.0,1.57143,7.0,2.0,44.3086,5,2,0,0,2,5.14521,0.00295604,0.0303709,0.180548,0.101862,True
aeeem,org::eclipse::mylyn::internal::pde::ui::Messages,0,1,0,0,0,0,3,0,3.0,1.0,0,1,0,2.0,1,2.0,1.0,0,0,0,0,0,0,aeeem,org::eclipse::mylyn::internal::pde::ui::Messages,0.0,3,1,0,19.1429,31.0,31.0,0,31.0,10.3333,31.0,10.3333,31.0,0.0,5.14286,2,0,0,0,0,0.0,0.0,0.0,0.0,0.0,True
aeeem,org::eclipse::mylyn::internal::bugzilla::ui::search::BugzillaSeveritySearchSorter,2,1,0,2,1,0,0,0,36.0,2.0,0,0,0,0.0,2,10.0,5.0,0,0,0,0,0,0,aeeem,org::eclipse::mylyn::internal::bugzilla::ui::search::BugzillaSeveritySearchSorter,-2.0,7,2,0,148.571,15.0,17.0,0,6.0,2.14286,8.0,2.42857,3.0,-0.285714,82.3333,5,2,0,0,2,5.5048,0.00223878,0.157879,9.21892,0.243226,True
aeeem,org::eclipse::mylyn::internal::sandbox::ui::planner::TaskActivityLabelProvider,12,2,1,11,15,0,5,0,115.0,6.0,6,5,0,0.0,6,40.0,30.0,0,0,0,0,0,0,aeeem,org::eclipse::mylyn::internal::sandbox::ui::planner::TaskActivityLabelProvider,3.0,7,3,0,44.7143,11.0,8.0,1,4.0,1.57143,2.0,1.14286,3.0,0.428571,11.1299,5,2,0,0,2,4.17741,0.00153638,0.160399,9.19476,0.270741,True
aeeem,org::eclipse::mylyn::internal::tasks::core::sync::SynchronizeRepositoriesJob,12,2,1,11,21,0,6,0,109.0,7.0,3,6,2,0.0,5,52.0,16.0,0,0,0,0,0,0,aeeem,org::eclipse::mylyn::internal::tasks::core::sync::SynchronizeRepositoriesJob,50.0,23,3,0,48.7143,121.0,71.0,0,27.0,5.26087,15.0,3.08696,21.0,2.17391,15.2243,16,9,1,0,9,7.5628,0.0221588,0.200018,9.35224,0.423553,True
aeeem,org::eclipse::mylyn::internal::wikitext::ui::util::OutlineItemAdapterFactory,1,1,0,1,1,0,1,0,9.0,2.0,18,1,0,0.0,2,3.0,4.0,0,0,0,0,0,0,aeeem,org::eclipse::mylyn::internal::wikitext::ui::util::OutlineItemAdapterFactory,0.0,1,1,0,8.57143,0.0,0.0,0,0.0,0.0,0.0,0.0,0.0,0.0,0.0,2,0,0,0,0,0.0,0.0,0.0,0.0,0.0,True
aeeem,org::eclipse::mylyn::internal::wikitext::ui::util::css::editor::CssScanner,3,1,1,2,0,0,0,0,6.0,1.0,0,0,0,0.0,1,8.0,1.0,0,0,0,0,0,0,aeeem,org::eclipse::mylyn::internal::wikitext::ui::util::css::editor::CssScanner,0.0,1,1,0,6.42857,0.0,0.0,0,0.0,0.0,0.0,0.0,0.0,0.0,0.0,1,0,0,0,0,0.0,0.0,0.0,0.0,0.0,True
aeeem,org::eclipse::mylyn::internal::wikitext::textile::core::token::FootnoteReferenceReplacementToken,2,2,1,1,6,0,0,0,9.0,4.0,22,0,0,0.0,1,5.0,3.0,0,0,0,0,0,0,aeeem,org::eclipse::mylyn::internal::wikitext::textile::core::token::FootnoteReferenceReplacementToken,16.0,6,2,0,32.7143,35.0,19.0,0,19.0,5.83333,11.0,3.16667,8.0,2.66667,18.6735,5,5,0,0,0,2.38141,0.00195183,0.132656,9.07779,0.205382,True
aeeem,org::eclipse::mylyn::internal::xplanner::ui::XPlannerClientFacade,29,1,9,22,105,0,2,0,146.0,15.0,13,2,2,0.0,13,84.0,28.0,1,1,0,0,0,1,aeeem,org::eclipse::mylyn::internal::xplanner::ui::XPlannerClientFacade,0.0,1,1,0,6.42857,0.0,0.0,0,0.0,0.0,0.0,0.0,0.0,0.0,0.0,1,1,1,0,1,0.0,0.0,0.0,0.0,0.0,True
aeeem,org::eclipse::mylyn::internal::tasks::ui::dialogs::UiLegendControl,11,1,1,10,136,0,5,0,483.0,17.0,0,5,14,0.0,3,98.0,32.0,0,0,0,0,0,0,aeeem,org::eclipse::mylyn::internal::tasks::ui::dialogs::UiLegendControl,1.0,4,2,0,39.5714,68.0,67.0,0,63.0,17.0,65.0,16.75,3.0,0.25,24.3761,3,1,0,0,2,1.84703,0.000948744,0.136921,9.09329,0.175609,True
aeeem,org::eclipse::mylyn::internal::tasks::bugs::TaskContributorManager,8,1,1,7,28,0,6,0,89.0,8.0,9,6,2,0.0,6,34.0,13.0,0,0,0,0,0,0,aeeem,org::eclipse::mylyn::internal::tasks::bugs::TaskContributorManager,34.0,15,2,0,47.5714,74.0,40.0,0,33.0,4.93333,9.0,2.66667,24.0,2.26667,13.7529,9,2,0,0,4,5.63443,0.00624626,0.175647,9.25922,0.331448,True
aeeem,org::eclipse::mylyn::wikitext::confluence::core::Main,2,2,0,2,3,0,0,0,12.0,3.0,12,0,0,0.0,2,7.0,2.0,0,0,0,0,0,0,aeeem,org::eclipse::mylyn::wikitext::confluence::core::Main,-1.0,3,1,0,32.7143,3.0,4.0,0,2.0,1.0,4.0,1.33333,1.0,-0.333333,1.71429,2,2,0,0,0,1.49003,0.00119332,0.0435179,0.121386,0.116244,True
aeeem,org::eclipse::mylyn::internal::tasks::core::sync::Messages,0,1,0,0,0,0,22,0,3.0,1.0,0,1,0,21.0,1,2.0,1.0,0,0,0,0,0,0,aeeem,org::eclipse::mylyn::internal::tasks::core::sync::Messages,-2.0,2,1,1,14.7143,0.0,2.0,0,0.0,0.0,2.0,1.0,0.0,-1.0,0.0,2,1,0,0,0,0.0,0.0,0.0,0.0,0.0,True
aeeem,org::eclipse::mylyn::internal::trac::core::TracWikiHandler,9,2,0,9,21,0,1,0,69.0,7.0,14,1,1,0.0,6,46.0,9.0,0,0,0,0,0,0,aeeem,org::eclipse::mylyn::internal::trac::core::TracWikiHandler,58.0,13,2,0,84.7143,88.0,30.0,0,40.0,6.76923,11.0,2.30769,40.0,4.46154,19.0731,10,6,1,0,7,9.71828,0.0252785,0.194405,9.39178,0.385205,True
aeeem,org::eclipse::mylyn::internal::bugzilla::core::SaxConfigurationContentHandler,7,1,0,7,15,0,83,0,373.0,6.0,51,83,1,0.0,5,185.0,139.0,1,0,0,0,1,1,aeeem,org::eclipse::mylyn::internal::bugzilla::core::SaxConfigurationContentHandler,185.0,15,3,0,148.571,495.0,310.0,0,112.0,33.0,156.0,20.6667,61.0,12.3333,75.0346,11,4,0,0,8,9.70413,0.167798,0.174755,9.34611,0.289796,True
aeeem,org::eclipse::mylyn::internal::team::ccvs::CvsCommitWorkflowProvider,1,2,0,1,1,0,1,0,26.0,2.0,11,1,0,0.0,2,11.0,6.0,0,0,0,0,0,0,aeeem,org::eclipse::mylyn::internal::team::ccvs::CvsCommitWorkflowProvider,0.0,4,1,0,118.857,4.0,4.0,0,3.0,1.0,3.0,1.0,0.0,0.0,19.7143,3,2,0,0,2,2.8654,0.00129687,0.00717923,0.077595,0.00643021,True
aeeem,org::eclipse::mylyn::examples::monitor::study::SubmitFeedbackPage,15,1,8,7,105,0,16,0,313.0,15.0,0,16,2,0.0,13,56.0,33.0,0,0,0,0,0,0,aeeem,org::eclipse::mylyn::examples::monitor::study::SubmitFeedbackPage,8.0,12,2,0,109.857,45.0,37.0,4,20.0,3.75,12.0,3.08333,8.0,0.666667,44.1079,8,2,0,0,8,10.1692,0.00874827,0.177941,9.36622,0.299239,True
aeeem,org::eclipse::mylyn::internal::sandbox::bridge::bugs::BugzillaMylynSearchJob,6,1,1,5,1,0,1,0,57.0,2.0,0,1,0,0.0,1,22.0,2.0,0,0,0,0,0,0,aeeem,org::eclipse::mylyn::internal::sandbox::bridge::bugs::BugzillaMylynSearchJob,3.0,5,2,0,88.0,6.0,3.0,0,4.0,1.2,1.0,0.6,3.0,0.6,54.5952,5,2,0,0,5,4.66839,0.00127343,0.163296,9.21193,0.278205,True
aeeem,org::eclipse::mylyn::context::core::InterestComparator,3,1,1,2,1,0,0,0,15.0,2.0,9,0,0,0.0,2,4.0,5.0,0,0,0,0,0,0,aeeem,org::eclipse::mylyn::context::core::InterestComparator,2.0,8,2,0,139.714,23.0,21.0,0,7.0,2.875,9.0,2.625,3.0,0.25,66.1242,7,3,0,0,5,5.99636,0.00281802,0.153529,9.22107,0.215916,True
aeeem,org::eclipse::mylyn::internal::context::ui::ContextEditorManager,23,2,2,22,91,0,9,0,303.0,14.0,17,9,5,0.0,9,150.0,60.0,1,1,0,0,0,1,aeeem,org::eclipse::mylyn::internal::context::ui::ContextEditorManager,59.0,14,2,0,47.4286,215.0,156.0,0,108.0,15.3571,60.0,11.1429,94.0,4.21429,6.12691,14,6,0,0,7,4.88878,0.0128363,0.166327,9.22338,0.29442,True
aeeem,org::eclipse::mylyn::internal::tasks::ui::TaskHyperlink,5,2,3,2,3,0,1,1,27.0,3.0,6,1,0,0.0,3,16.0,5.0,0,0,0,0,0,0,aeeem,org::eclipse::mylyn::internal::tasks::ui::TaskHyperlink,4.0,4,2,0,39.8571,10.0,6.0,0,5.0,2.5,4.0,1.5,4.0,1.0,19.7857,3,0,0,0,2,1.84703,0.00113849,0.136921,9.09329,0.175609,True
aeeem,org::eclipse::mylyn::internal::wikitext::confluence::core::phrase::SimplePhraseModifier,1,3,1,0,0,0,0,1,3.0,1.0,28,0,0,0.0,1,1.0,1.0,0,0,0,0,0,0,aeeem,org::eclipse::mylyn::internal::wikitext::confluence::core::phrase::SimplePhraseModifier,0.0,3,2,0,32.7143,5.0,5.0,0,3.0,1.66667,3.0,1.66667,0.0,0.0,6.05714,2,2,0,0,0,1.49003,0.00102285,0.0435179,0.121386,0.116244,True
aeeem,org::eclipse::mylyn::internal::sandbox::ui::planner::TaskActivityContentProvider,3,1,1,2,36,0,1,0,46.0,9.0,11,1,0,0.0,9,22.0,10.0,0,0,0,0,0,0,aeeem,org::eclipse::mylyn::internal::sandbox::ui::planner::TaskActivityContentProvider,4.0,5,2,0,46.0,17.0,13.0,0,9.0,3.4,8.0,2.6,3.0,0.8,7.95798,4,1,0,0,2,4.17741,0.002106,0.160399,9.19476,0.270741,True
aeeem,org::eclipse::mylyn::internal::monitor::ui::CheckActivityJob,6,1,3,3,21,1,6,0,72.0,7.0,0,4,0,0.0,5,18.0,18.0,0,0,0,0,0,0,aeeem,org::eclipse::mylyn::internal::monitor::ui::CheckActivityJob,5.0,5,1,0,22.7143,139.0,134.0,3,131.0,27.8,131.0,26.8,131.0,1.0,0.219938,2,1,0,0,0,0.0,0.0,0.0,0.0,0.0,True
aeeem,org::eclipse::mylyn::tasks::ui::TaskHyperlinkPresenter,6,1,0,6,28,0,4,0,89.0,8.0,0,4,1,0.0,7,44.0,32.0,1,1,0,0,0,1,aeeem,org::eclipse::mylyn::tasks::ui::TaskHyperlinkPresenter,-5.0,2,1,0,18.0,0.0,5.0,0,0.0,0.0,5.0,2.5,0.0,-2.5,0.0,1,1,0,0,0,0.0,0.0,0.0,0.0,0.0,True
aeeem,org::eclipse::mylyn::internal::trac::core::TracClientFactory,8,1,4,4,1,0,0,0,27.0,2.0,9,0,0,0.0,2,12.0,4.0,0,0,0,0,0,0,aeeem,org::eclipse::mylyn::internal::trac::core::TracClientFactory,1.0,13,2,0,133.0,40.0,39.0,0,10.0,3.07692,15.0,3.0,5.0,0.0769231,59.9536,10,5,0,0,6,11.1128,0.0224729,0.185844,9.401,0.324364,True
aeeem,org::eclipse::mylyn::internal::tasks::ui::ChangeActivityHandleOperation,8,2,0,8,3,0,2,1,33.0,3.0,13,2,1,0.0,1,27.0,8.0,0,0,0,0,0,0,aeeem,org::eclipse::mylyn::internal::tasks::ui::ChangeActivityHandleOperation,3.0,4,3,0,27.8571,6.0,3.0,0,4.0,1.5,1.0,0.75,3.0,0.75,6.19048,3,1,0,0,2,1.84703,0.000948744,0.136921,9.09329,0.175609,True
aeeem,org::eclipse::mylyn::internal::tasks::core::AbstractTask,120,3,110,10,2485,4,28,0,294.0,71.0,101,26,2,0.0,67,124.0,92.0,0,0,0,0,0,0,aeeem,org::eclipse::mylyn::internal::tasks::core::AbstractTask,-92.0,34,3,0,45.1429,208.0,300.0,1,83.0,6.11765,106.0,8.82353,71.0,-2.70588,6.77816,24,16,3,2,17,6.92707,0.029559,0.223516,9.38388,0.458465,True
aeeem,org::eclipse::mylyn::internal::xplanner::ui::wizard::NewXPlannerTaskPage,11,1,3,8,15,0,5,0,138.0,6.0,0,5,1,0.0,5,33.0,10.0,2,2,0,0,0,1,aeeem,org::eclipse::mylyn::internal::xplanner::ui::wizard::NewXPlannerTaskPage,0.0,1,1,0,6.42857,0.0,0.0,0,0.0,0.0,0.0,0.0,0.0,0.0,0.0,1,1,1,0,1,0.0,0.0,0.0,0.0,0.0,True
aeeem,org::eclipse::mylyn::internal::wikitext::ui::viewer::TextHover,1,1,1,0,6,0,1,0,58.0,4.0,0,1,0,0.0,3,13.0,11.0,0,0,0,0,0,0,aeeem,org::eclipse::mylyn::internal::wikitext::ui::viewer::TextHover,0.0,3,2,1,32.7143,14.0,14.0,0,13.0,4.66667,13.0,4.66667,0.0,0.0,2.17347,2,2,0,0,0,2.38141,0.00457934,0.132656,9.07779,0.205382,True
aeeem,org::eclipse::mylyn::internal::tasks::ui::TaskListSynchronizationScheduler,5,1,3,2,15,0,3,0,46.0,6.0,9,3,2,0.0,4,18.0,7.0,0,0,0,0,0,0,aeeem,org::eclipse::mylyn::internal::tasks::ui::TaskListSynchronizationScheduler,-44.0,22,3,0,133.571,142.0,186.0,0,50.0,6.45455,115.0,8.45454,13.0,-2.0,66.2012,15,7,3,0,9,12.4918,0.0273881,0.184414,9.43024,0.308445,True
aeeem,org::eclipse::mylyn::internal::wikitext::ui::viewer::ImageManager,13,1,3,12,105,0,11,0,313.0,15.0,9,11,5,0.0,8,119.0,69.0,1,0,0,0,0,1,aeeem,org::eclipse::mylyn::internal::wikitext::ui::viewer::ImageManager,130.0,5,1,1,24.7143,149.0,19.0,0,127.0,29.8,11.0,3.8,127.0,26.0,9.25312,4,2,1,0,0,0.891381,0.0019846,0.0891381,8.95641,0.0891381,True
aeeem,org::eclipse::mylyn::internal::bugzilla::ui::editor::BugSubmissionHandler,4,1,0,4,6,0,2,0,122.0,4.0,9,2,2,0.0,2,31.0,8.0,0,0,0,0,0,0,aeeem,org::eclipse::mylyn::internal::bugzilla::ui::editor::BugSubmissionHandler,15.0,14,2,0,133.571,111.0,96.0,0,37.0,7.92857,24.0,6.85714,13.0,1.07143,7.74517,12,3,0,0,7,5.24564,0.0529899,0.0100173,0.132501,0.00313635,True
aeeem,org::eclipse::mylyn::internal::trac::ui::WebHyperlink,3,1,2,1,15,0,2,0,19.0,6.0,9,2,0,0.0,6,8.0,6.0,0,0,0,0,0,0,aeeem,org::eclipse::mylyn::internal::trac::ui::WebHyperlink,6.0,6,3,0,105.571,19.0,13.0,0,9.0,3.16667,9.0,2.16667,4.0,1.0,74.3684,5,1,0,0,1,3.4091,0.00286757,0.153414,9.16273,0.242476,True
aeeem,org::eclipse::mylyn::internal::tasks::ui::notifications::TaskListNotificationReminder,5,3,1,4,3,0,0,2,19.0,3.0,42,0,0,0.0,3,7.0,7.0,0,0,0,0,0,0,aeeem,org::eclipse::mylyn::internal::tasks::ui::notifications::TaskListNotificationReminder,-8.0,9,2,0,66.8571,17.0,25.0,0,4.0,1.88889,16.0,2.77778,3.0,-0.888889,26.3193,6,1,0,0,5,6.83865,0.00827081,0.172657,9.28183,0.308056,True
aeeem,org::eclipse::mylyn::wikitext::core::util::Messages,2,1,1,1,1,0,2,0,9.0,2.0,9,2,1,0.0,1,3.0,2.0,0,0,0,0,0,0,aeeem,org::eclipse::mylyn::wikitext::core::util::Messages,0.0,2,1,0,19.8571,1.0,1.0,0,1.0,0.5,1.0,0.5,0.0,0.0,2.0,1,1,0,0,0,0.0,0.0,0.0,0.0,0.0,True
aeeem,org::eclipse::mylyn::tasks::ui::editors::TaskEditor,34,1,13,23,703,0,10,0,464.0,38.0,0,9,7,0.0,23,206.0,89.0,8,5,0,0,1,1,aeeem,org::eclipse::mylyn::tasks::ui::editors::TaskEditor,366.0,148,3,3,118.714,1921.0,1555.0,5,340.0,12.9797,335.0,10.5068,130.0,2.47297,53.4594,92,39,5,3,42,28.8338,0.30528,0.323945,10.0819,0.727558,True
aeeem,org::eclipse::mylyn::internal::tasks::core::TaskExternalizationException,0,1,0,0,0,0,1,0,3.0,1.0,25,1,0,0.0,1,1.0,1.0,0,0,0,0,0,0,aeeem,org::eclipse::mylyn::internal::tasks::core::TaskExternalizationException,2.0,4,2,0,90.4286,8.0,6.0,0,6.0,2.0,4.0,1.5,5.0,0.5,58.125,2,0,0,0,2,3.17351,0.00150078,0.140881,9.13106,0.180758,True
aeeem,org::eclipse::mylyn::monitor::core::AbstractMonitorLog,8,1,4,4,10,1,3,0,56.0,5.0,9,0,0,0.0,5,26.0,11.0,0,0,0,0,0,0,aeeem,org::eclipse::mylyn::monitor::core::AbstractMonitorLog,10.0,16,3,0,109.857,45.0,35.0,2,8.0,2.8125,5.0,2.1875,4.0,0.625,48.0794,14,4,1,0,10,10.279,0.00769413,0.1838,9.38268,0.328184,True
aeeem,org::eclipse::mylyn::internal::provisional::commons::ui::CommonThemes,1,1,0,1,0,0,11,0,11.0,1.0,9,0,0,0.0,1,2.0,10.0,0,0,0,0,0,0,aeeem,org::eclipse::mylyn::internal::provisional::commons::ui::CommonThemes,3.0,3,2,0,45.8571,14.0,11.0,0,10.0,4.66667,10.0,3.66667,3.0,1.0,27.6531,3,0,0,0,2,1.84703,0.000948744,0.136921,9.09329,0.175609,True
aeeem,org::eclipse::mylyn::internal::tasks::ui::actions::AbstractTaskAction,2,1,0,2,3,0,1,0,24.0,3.0,0,0,0,0.0,1,8.0,6.0,0,0,0,0,0,0,aeeem,org::eclipse::mylyn::internal::tasks::ui::actions::AbstractTaskAction,4.0,13,3,0,91.8571,47.0,43.0,0,13.0,3.61538,11.0,3.30769,3.0,0.307692,36.7234,10,3,0,0,6,8.35812,0.00566305,0.175279,9.31973,0.299961,True
aeeem,org::eclipse::mylyn::internal::trac::wiki::TracWikiPageHistoryPageSource,1,1,0,1,1,0,0,0,9.0,2.0,0,0,0,0.0,2,3.0,3.0,0,0,0,0,0,0,aeeem,org::eclipse::mylyn::internal::trac::wiki::TracWikiPageHistoryPageSource,3.0,3,2,0,81.8571,5.0,2.0,0,4.0,1.66667,1.0,0.666667,3.0,1.0,58.8,2,1,0,0,1,1.84703,0.000948744,0.136921,9.09329,0.175609,True
aeeem,org::eclipse::mylyn::wikitext::core::parser::outline::OutlineParser,13,1,8,6,45,2,2,0,49.0,10.0,9,2,0,0.0,8,30.0,14.0,0,0,0,0,0,0,aeeem,org::eclipse::mylyn::wikitext::core::parser::outline::OutlineParser,53.0,14,2,1,32.7143,104.0,51.0,0,38.0,7.42857,21.0,3.64286,17.0,3.78571,11.4258,11,9,0,0,0,3.33706,0.0175027,0.180438,9.21468,0.291852,True
aeeem,org::eclipse::mylyn::internal::wikitext::twiki::core::block::ListBlock,11,3,1,10,36,0,5,4,137.0,9.0,43,3,5,0.0,4,70.0,33.0,0,0,0,0,0,0,aeeem,org::eclipse::mylyn::internal::wikitext::twiki::core::block::ListBlock,0.0,2,1,0,23.8571,6.0,6.0,0,6.0,3.0,6.0,3.0,0.0,0.0,4.0,2,1,0,0,0,0.0,0.0,0.0,0.0,0.0,True
aeeem,org::eclipse::mylyn::internal::context::ui::HighlighterImageDescriptor,3,1,2,1,36,0,2,0,157.0,9.0,0,1,0,0.0,6,25.0,48.0,0,0,0,0,0,0,aeeem,org::eclipse::mylyn::internal::context::ui::HighlighterImageDescriptor,0.0,6,2,0,139.714,22.0,22.0,0,8.0,3.66667,8.0,3.66667,4.0,0.0,83.948,5,3,0,0,4,5.25012,0.00382948,0.151457,9.20025,0.213663,True
aeeem,org::eclipse::mylyn::internal::tasks::ui::actions::TaskSelectionDialog,19,1,7,15,190,0,22,0,257.0,20.0,0,22,1,0.0,9,77.0,33.0,0,0,0,0,0,0,aeeem,org::eclipse::mylyn::internal::tasks::ui::actions::TaskSelectionDialog,470.0,52,3,0,136.571,1225.0,755.0,0,388.0,23.5577,373.0,14.5192,250.0,9.03846,76.8238,38,13,3,2,14,23.5832,0.31964,0.265078,9.83852,0.518533,True
aeeem,org::eclipse::mylyn::internal::jira::core::wsdl::beans::RemoteSecurityLevel,2,3,0,2,28,0,4,0,49.0,8.0,52,4,0,0.0,8,17.0,18.0,0,0,0,0,0,0,aeeem,org::eclipse::mylyn::internal::jira::core::wsdl::beans::RemoteSecurityLevel,0.0,1,1,0,19.0,0.0,0.0,0,0.0,0.0,0.0,0.0,0.0,0.0,0.0,1,1,0,0,0,0.0,0.0,0.0,0.0,0.0,True
aeeem,org::eclipse::mylyn::internal::tasks::ui::actions::NewQueryAction,11,1,1,10,10,0,3,0,58.0,5.0,0,3,0,0.0,5,30.0,14.0,0,0,0,0,0,0,aeeem,org::eclipse::mylyn::internal::tasks::ui::actions::NewQueryAction,75.0,20,3,0,139.571,124.0,49.0,2,47.0,6.2,11.0,2.45,45.0,3.75,69.841,17,3,0,0,11,14.0081,0.019934,0.203299,9.5042,0.389553,True
aeeem,org::eclipse::mylyn::internal::jira::core::JiraTaskDataHandler,65,2,5,62,780,0,12,0,1090.0,40.0,17,12,24,0.0,16,851.0,222.0,0,0,0,0,0,0,aeeem,org::eclipse::mylyn::internal::jira::core::JiraTaskDataHandler,-74.0,6,3,0,114.571,59.0,133.0,0,26.0,9.83333,86.0,22.1667,10.0,-12.3333,2.39709,5,2,0,0,2,2.50133,0.0524406,0.00563173,0.0659294,0.00326696,True
aeeem,org::eclipse::mylyn::internal::trac::ui::TracImages,2,1,0,2,1,0,4,0,19.0,2.0,9,1,2,0.0,0,11.0,4.0,0,0,0,0,0,0,aeeem,org::eclipse::mylyn::internal::trac::ui::TracImages,3.0,9,2,0,95.5714,19.0,16.0,0,5.0,2.11111,5.0,1.77778,4.0,0.333333,59.2406,6,1,0,0,4,6.70477,0.00233006,0.163721,9.25903,0.2626,True
aeeem,org::eclipse::mylyn::internal::tasks::core::LocalTask,22,4,22,0,21,0,1,2,21.0,7.0,170,0,0,0.0,7,7.0,7.0,0,0,0,0,0,0,aeeem,org::eclipse::mylyn::internal::tasks::core::LocalTask,8.0,13,3,0,91.8571,29.0,21.0,0,6.0,2.23077,4.0,1.61538,5.0,0.615385,16.9212,7,2,0,0,5,6.94961,0.0038618,0.164606,9.26602,0.261867,True
aeeem,org::eclipse::mylyn::internal::tasks::ui::wizards::TaskDataImportWizard,12,1,3,10,21,0,1,0,70.0,7.0,0,1,2,0.0,5,37.0,12.0,0,0,0,0,0,0,aeeem,org::eclipse::mylyn::internal::tasks::ui::wizards::TaskDataImportWizard,-234.0,45,3,0,139.571,460.0,694.0,2,92.0,10.2222,278.0,15.4222,41.0,-5.2,67.8391,37,16,0,0,26,23.9028,0.278352,0.235377,9.78508,0.456388,True
aeeem,org::eclipse::mylyn::tasks::core::sync::SubmitJob,10,2,4,6,28,2,1,0,47.0,8.0,2,1,0,0.0,4,23.0,9.0,0,0,0,0,0,0,aeeem,org::eclipse::mylyn::tasks::core::sync::SubmitJob,40.0,12,2,0,46.1429,65.0,25.0,0,25.0,5.41667,13.0,2.08333,25.0,3.33333,5.15824,8,4,0,0,5,5.52481,0.00982606,0.176574,9.25819,0.333244,True
aeeem,org::eclipse::mylyn::internal::tasks::ui::OpenRepositoryTaskJob,11,1,2,9,3,0,5,0,60.0,3.0,0,5,0,0.0,3,23.0,3.0,0,0,0,0,0,0,aeeem,org::eclipse::mylyn::internal::tasks::ui::OpenRepositoryTaskJob,-18.0,32,3,0,120.143,250.0,268.0,0,77.0,7.8125,73.0,8.375,69.0,-0.5625,65.3257,24,10,1,1,15,11.3751,0.0280433,0.215463,9.4685,0.456202,True
aeeem,org::eclipse::mylyn::wikitext::ui::annotation::TitleAnnotation,2,1,2,0,3,0,2,0,10.0,3.0,0,1,0,0.0,3,4.0,3.0,0,0,0,0,0,0,aeeem,org::eclipse::mylyn::wikitext::ui::annotation::TitleAnnotation,1.0,5,2,1,32.7143,7.0,6.0,0,4.0,1.4,4.0,1.2,1.0,0.2,9.55102,4,4,0,0,0,1.49003,0.00136379,0.0435179,0.121386,0.116244,True
aeeem,org::eclipse::mylyn::internal::context::ui::BrowseFilteredListener,3,1,2,1,55,0,1,0,124.0,11.0,9,1,3,0.0,8,43.0,25.0,0,0,0,0,0,0,aeeem,org::eclipse::mylyn::internal::context::ui::BrowseFilteredListener,51.0,21,2,0,139.714,222.0,171.0,0,55.0,10.5714,33.0,8.14286,28.0,2.42857,55.9492,14,7,0,0,8,13.2689,0.136877,0.180241,9.43979,0.274567,True
aeeem,org::eclipse::mylyn::internal::bugzilla::core::history::Messages,0,1,0,0,0,0,3,0,3.0,1.0,0,1,0,2.0,1,2.0,1.0,0,0,0,0,0,0,aeeem,org::eclipse::mylyn::internal::bugzilla::core::history::Messages,0.0,1,1,0,13.1429,0.0,0.0,0,0.0,0.0,0.0,0.0,0.0,0.0,0.0,1,0,0,0,1,0.0,0.0,0.0,0.0,0.0,True
aeeem,org::eclipse::mylyn::internal::wikitext::twiki::core::token::ImpliedEmailLinkReplacementToken,2,2,1,1,6,0,0,0,9.0,4.0,22,0,0,0.0,1,5.0,3.0,0,0,0,0,0,0,aeeem,org::eclipse::mylyn::internal::wikitext::twiki::core::token::ImpliedEmailLinkReplacementToken,10.0,4,1,1,23.8571,13.0,3.0,0,10.0,3.25,2.0,0.75,10.0,2.5,13.5494,2,1,0,0,0,0.0,0.0,0.0,0.0,0.0,True
aeeem,org::eclipse::mylyn::internal::bugzilla::ui::editor::BugzillaCcAttributeEditor,4,2,0,4,1,0,2,0,54.0,2.0,32,2,0,0.0,2,21.0,4.0,0,0,0,0,0,0,aeeem,org::eclipse::mylyn::internal::bugzilla::ui::editor::BugzillaCcAttributeEditor,4.0,4,2,0,41.2857,8.0,4.0,0,4.0,2.0,2.0,1.0,3.0,1.0,7.96429,4,2,0,0,3,3.37801,0.00157772,0.154967,9.16485,0.247924,True
aeeem,org::eclipse::mylyn::internal::sandbox::ui::hyperlinks::AbstractResourceHyperlinkExtension,4,1,0,4,21,2,1,0,50.0,7.0,10,0,2,0.0,1,32.0,11.0,0,0,0,0,0,0,aeeem,org::eclipse::mylyn::internal::sandbox::ui::hyperlinks::AbstractResourceHyperlinkExtension,3.0,3,2,0,33.8571,5.0,2.0,0,4.0,1.66667,1.0,0.666667,3.0,1.0,7.31429,2,1,0,0,1,1.84703,0.00132824,0.136921,9.09329,0.175609,True
aeeem,org::eclipse::mylyn::internal::context::core::InteractionContextRelation,5,2,4,2,28,0,5,0,29.0,8.0,15,5,0,0.0,8,12.0,8.0,0,0,0,0,0,0,aeeem,org::eclipse::mylyn::internal::context::core::InteractionContextRelation,0.0,9,2,0,94.2857,20.0,20.0,0,5.0,2.22222,5.0,2.22222,3.0,0.0,34.0357,7,2,0,0,3,6.61084,0.00447228,0.156796,9.24227,0.225424,True
aeeem,org::eclipse::mylyn::internal::tasks::ui::commands::NewSubTaskHandler,2,1,0,2,0,0,0,0,17.0,1.0,0,0,0,0.0,1,9.0,4.0,0,0,0,0,0,0,aeeem,org::eclipse::mylyn::internal::tasks::ui::commands::NewSubTaskHandler,2.0,4,2,0,49.0,5.0,3.0,0,4.0,1.25,1.0,0.75,3.0,0.5,25.9429,3,1,0,0,2,3.32672,0.00101015,0.149833,9.15394,0.227553,True
aeeem,org::eclipse::mylyn::internal::wikitext::mediawiki::core::token::HyperlinkInternalReplacementToken,1,2,1,0,6,0,0,0,9.0,4.0,22,0,0,0.0,1,5.0,3.0,0,0,0,0,0,0,aeeem,org::eclipse::mylyn::internal::wikitext::mediawiki::core::token::HyperlinkInternalReplacementToken,0.0,3,2,0,32.7143,8.0,8.0,0,4.0,2.66667,4.0,2.66667,0.0,0.0,7.28571,3,3,0,0,0,1.49003,0.00136379,0.0435179,0.121386,0.116244,True
aeeem,org::eclipse::mylyn::internal::jira::core::model::Comment,3,1,3,0,66,0,6,0,35.0,12.0,18,6,0,0.0,12,12.0,12.0,0,0,0,0,0,0,aeeem,org::eclipse::mylyn::internal::jira::core::model::Comment,18.0,11,2,0,110.714,55.0,37.0,0,28.0,5.0,22.0,3.36364,11.0,1.63636,71.3351,8,3,0,0,5,7.25135,0.00754842,0.160878,9.2655,0.240562,True
aeeem,org::eclipse::mylyn::internal::sandbox::ui::actions::LinkActiveSearchWithEditorAction,2,1,1,1,21,0,4,0,38.0,7.0,0,3,0,0.0,7,14.0,8.0,0,0,0,0,0,0,aeeem,org::eclipse::mylyn::internal::sandbox::ui::actions::LinkActiveSearchWithEditorAction,4.0,8,2,0,48.8571,13.0,9.0,0,4.0,1.625,4.0,1.125,3.0,0.5,11.4725,5,1,0,0,4,4.7898,0.00170794,0.16288,9.21441,0.279805,True
aeeem,org::eclipse::mylyn::internal::tasks::ui::dialogs::TaskListSortDialog,3,2,1,2,1,0,0,0,12.0,2.0,7,0,0,0.0,1,7.0,2.0,0,0,0,0,0,0,aeeem,org::eclipse::mylyn::internal::tasks::ui::dialogs::TaskListSortDialog,-224.0,7,3,1,44.7143,53.0,277.0,0,29.0,7.57143,251.0,39.5714,14.0,-32.0,27.5337,7,4,1,0,4,3.4091,0.00199842,0.153414,9.16273,0.242476,True
aeeem,org::eclipse::mylyn::examples::monitor::study::MylynUserStudyExamplePlugin,4,1,0,4,10,0,3,0,27.0,5.0,0,2,0,0.0,5,14.0,5.0,0,0,0,0,0,0,aeeem,org::eclipse::mylyn::examples::monitor::study::MylynUserStudyExamplePlugin,10.0,7,2,0,88.0,43.0,33.0,0,27.0,6.14286,24.0,4.71429,4.0,1.42857,35.0266,7,2,0,0,6,6.04101,0.0132887,0.165069,9.24835,0.279195,True
aeeem,org::eclipse::mylyn::internal::xplanner::ui::wizard::XPlannerRepositorySettingsPage,5,4,1,4,10,0,3,25,26.0,5.0,78,3,0,0.0,2,10.0,7.0,1,1,0,0,0,1,aeeem,org::eclipse::mylyn::internal::xplanner::ui::wizard::XPlannerRepositorySettingsPage,0.0,1,1,0,6.42857,0.0,0.0,0,0.0,0.0,0.0,0.0,0.0,0.0,0.0,1,1,1,0,1,0.0,0.0,0.0,0.0,0.0,True
aeeem,org::eclipse::mylyn::zest::core::viewers::internal::GraphItemStyler,9,1,1,8,10,0,0,0,201.0,5.0,9,0,3,0.0,2,79.0,41.0,0,0,0,0,0,0,aeeem,org::eclipse::mylyn::zest::core::viewers::internal::GraphItemStyler,12.0,9,1,0,103.714,96.0,84.0,1,48.0,10.6667,48.0,9.33333,5.0,1.33333,3.6994,4,3,0,0,0,5.80097,0.0165801,0.0162001,0.161968,0.0185564,True
aeeem,org::eclipse::mylyn::internal::bugzilla::ui::editor::BugzillaKeywordAttributeEditor,2,2,0,2,3,0,1,0,64.0,3.0,32,1,0,0.0,2,12.0,8.0,0,0,0,0,0,0,aeeem,org::eclipse::mylyn::internal::bugzilla::ui::editor::BugzillaKeywordAttributeEditor,20.0,5,2,0,42.0,23.0,3.0,0,11.0,4.6,1.0,0.6,10.0,4.0,4.0559,3,1,0,0,3,3.4091,0.0023733,0.153414,9.16273,0.242476,True
aeeem,org::eclipse::mylyn::wikitext::core::parser::markup::Processor,52,1,50,2,36,2,4,0,45.0,9.0,18,0,0,0.0,8,15.0,13.0,0,0,0,0,0,0,aeeem,org::eclipse::mylyn::wikitext::core::parser::markup::Processor,17.0,5,2,1,32.7143,24.0,7.0,0,14.0,4.8,5.0,1.4,13.0,3.4,18.119,4,3,0,0,1,1.49003,0.00221617,0.0435179,0.121386,0.116244,True
aeeem,org::eclipse::mylyn::internal::tasks::ui::commands::TaskListToolTipHandler,2,2,0,2,0,0,0,0,13.0,1.0,1,0,0,0.0,0,9.0,3.0,0,0,0,0,0,0,aeeem,org::eclipse::mylyn::internal::tasks::ui::commands::TaskListToolTipHandler,3.0,4,2,0,44.0,6.0,3.0,0,4.0,1.5,1.0,0.75,3.0,0.75,24.119,3,0,0,0,1,1.84703,0.000948744,0.136921,9.09329,0.175609,True
aeeem,org::eclipse::mylyn::internal::wikitext::ui::util::HyperlinkDetectorDelegate,1,1,1,0,15,0,6,0,45.0,6.0,9,6,0,0.0,6,12.0,14.0,0,0,0,0,0,0,aeeem,org::eclipse::mylyn::internal::wikitext::ui::util::HyperlinkDetectorDelegate,0.0,1,1,0,3.85714,0.0,0.0,1,0.0,0.0,0.0,0.0,0.0,0.0,0.0,1,1,0,0,0,0.0,0.0,0.0,0.0,0.0,True
aeeem,org::eclipse::mylyn::tasks::core::data::AbstractTaskAttachmentSource,7,1,7,0,15,4,0,0,0.0,6.0,9,0,0,0.0,6,6.0,0.0,0,0,0,0,0,0,aeeem,org::eclipse::mylyn::tasks::core::data::AbstractTaskAttachmentSource,5.0,4,2,0,45.8571,7.0,2.0,0,4.0,1.75,1.0,0.5,3.0,1.25,18.2857,3,1,0,0,3,3.26838,0.00140249,0.155894,9.16383,0.24972,True
aeeem,org::eclipse::mylyn::internal::bugzilla::ui::wizard::WizardAttributesPage,0,2,0,0,0,0,1,17,5.0,1.0,12,1,0,0.0,1,2.0,1.0,0,0,0,0,0,0,aeeem,org::eclipse::mylyn::internal::bugzilla::ui::wizard::WizardAttributesPage,8.0,4,2,0,164.0,10.0,2.0,1,10.0,2.5,2.0,0.5,8.0,2.0,6.85714,2,0,0,0,1,1.28671,0.0507681,0.00193493,0.0306552,0.000184192,True
aeeem,org::eclipse::mylyn::internal::wikitext::core::parser::builder::Messages,2,1,1,1,1,0,2,0,9.0,2.0,9,2,1,0.0,1,3.0,2.0,0,0,0,0,0,0,aeeem,org::eclipse::mylyn::internal::wikitext::core::parser::builder::Messages,0.0,2,1,0,19.8571,1.0,1.0,0,1.0,0.5,1.0,0.5,0.0,0.0,2.0,1,1,0,0,0,0.0,0.0,0.0,0.0,0.0,True
aeeem,org::eclipse::mylyn::context::ui::AbstractAutoFocusViewAction,4,2,0,4,6,3,2,8,37.0,4.0,25,2,1,0.0,3,13.0,6.0,0,0,0,0,0,0,aeeem,org::eclipse::mylyn::context::ui::AbstractAutoFocusViewAction,-2.0,23,3,0,91.0,92.0,94.0,0,20.0,4.0,48.0,4.08696,7.0,-0.0869565,30.3292,20,9,2,0,12,14.8014,0.0165028,0.219826,9.55998,0.459759,True
aeeem,org::eclipse::mylyn::internal::wikitext::tasks::ui::editor::TWikiMarkupTaskEditorExtension,1,3,0,1,0,0,0,1,3.0,1.0,21,0,0,0.0,1,3.0,1.0,0,0,0,0,0,0,aeeem,org::eclipse::mylyn::internal::wikitext::tasks::ui::editor::TWikiMarkupTaskEditorExtension,0.0,2,1,0,14.7143,2.0,2.0,0,2.0,1.0,2.0,1.0,0.0,0.0,7.57143,2,1,0,0,0,0.0,0.0,0.0,0.0,0.0,True
aeeem,org::eclipse::mylyn::internal::bugzilla::ui::BugzillaHyperLink,0,1,0,0,10,0,4,0,37.0,5.0,9,4,0,0.0,5,7.0,6.0,0,0,0,0,0,0,aeeem,org::eclipse::mylyn::internal::bugzilla::ui::BugzillaHyperLink,-1.0,12,2,0,154.143,13.0,14.0,0,2.0,1.08333,2.0,1.16667,0.0,-0.0833333,30.5824,9,4,0,0,4,8.10274,0.0101074,0.0164856,0.207883,0.00707136,True
aeeem,org::eclipse::mylyn::context::ui::AbstractFocusViewAction,26,1,17,9,351,6,17,0,270.0,27.0,0,9,2,0.0,13,147.0,71.0,1,0,0,0,1,1,aeeem,org::eclipse::mylyn::context::ui::AbstractFocusViewAction,163.0,40,2,0,91.0,397.0,234.0,0,63.0,9.925,28.0,5.85,63.0,4.075,38.4887,29,15,4,0,22,14.923,0.0705046,0.256853,9.63668,0.557703,True
aeeem,org::eclipse::mylyn::internal::java::ui::InterestUpdateDeltaListener,6,1,2,4,15,0,1,0,75.0,6.0,9,1,3,0.0,3,34.0,16.0,0,0,0,0,0,0,aeeem,org::eclipse::mylyn::internal::java::ui::InterestUpdateDeltaListener,14.0,14,2,0,92.4286,54.0,40.0,1,18.0,3.85714,7.0,2.85714,13.0,1.0,25.8492,13,3,0,0,8,11.1073,0.0094119,0.196701,9.42768,0.384907,True
aeeem,org::eclipse::mylyn::internal::tasks::ui::AddExistingTaskJob,7,1,3,4,1,0,3,0,68.0,2.0,0,3,0,0.0,2,10.0,4.0,1,1,0,0,0,1,aeeem,org::eclipse::mylyn::internal::tasks::ui::AddExistingTaskJob,15.0,51,3,1,120.571,187.0,172.0,3,59.0,3.66667,41.0,3.37255,18.0,0.294118,53.1199,35,12,2,1,21,20.5668,0.0771603,0.240608,9.72524,0.484382,True
aeeem,org::eclipse::mylyn::internal::bugzilla::core::BugzillaVersion,8,1,5,3,21,0,10,0,76.0,7.0,18,5,2,0.0,5,24.0,27.0,1,1,0,0,0,1,aeeem,org::eclipse::mylyn::internal::bugzilla::core::BugzillaVersion,22.0,4,2,0,6.71429,27.0,5.0,0,16.0,6.75,2.0,1.25,14.0,5.5,2.56614,2,2,0,0,0,0.0,0.0,0.0,0.0,0.0,True
aeeem,org::eclipse::mylyn::internal::trac::ui::editor::TracTaskEditorPage,7,3,1,6,6,0,1,16,39.0,4.0,48,1,0,0.0,1,22.0,6.0,1,0,0,0,0,1,aeeem,org::eclipse::mylyn::internal::trac::ui::editor::TracTaskEditorPage,3.0,4,2,0,39.5714,7.0,4.0,0,4.0,1.75,2.0,1.0,3.0,0.75,14.449,3,2,0,0,3,1.84703,0.00132824,0.136921,9.09329,0.175609,True
aeeem,org::eclipse::mylyn::internal::jira::core::wsdl::beans::RemoteProjectRole,4,1,2,2,66,0,6,0,70.0,12.0,18,6,0,0.0,12,28.0,32.0,0,0,0,0,0,0,aeeem,org::eclipse::mylyn::internal::jira::core::wsdl::beans::RemoteProjectRole,-17.0,9,2,0,110.714,189.0,206.0,0,162.0,21.0,179.0,22.8889,7.0,-1.88889,24.5745,7,4,1,1,5,5.94514,0.0143393,0.153982,9.22122,0.218565,True
aeeem,org::eclipse::mylyn::context::tests::support::ResourceHelper,6,1,2,4,10,0,2,0,89.0,5.0,9,2,2,0.0,3,27.0,12.0,0,0,0,0,0,0,aeeem,org::eclipse::mylyn::context::tests::support::ResourceHelper,5.0,9,2,0,131.714,23.0,18.0,2,11.0,2.55556,6.0,2.0,5.0,0.555556,58.3975,7,2,0,0,6,7.65102,0.00309046,0.0340622,0.241727,0.094682,True
aeeem,org::eclipse::mylyn::internal::tasks::ui::editors::EditorBusyIndicator,4,1,2,3,6,0,5,0,49.0,4.0,9,4,1,0.0,3,17.0,14.0,0,0,0,0,0,0,aeeem,org::eclipse::mylyn::internal::tasks::ui::editors::EditorBusyIndicator,-40.0,9,2,0,90.4286,86.0,126.0,0,67.0,9.55556,119.0,14.0,7.0,-4.44444,25.6213,6,1,0,0,4,6.098,0.0719537,0.16052,9.23881,0.251343,True
aeeem,org::eclipse::mylyn::internal::team::ui::actions::ApplyPatchAction,3,1,0,3,6,0,1,0,29.0,4.0,0,1,0,0.0,3,12.0,6.0,0,0,0,0,0,0,aeeem,org::eclipse::mylyn::internal::team::ui::actions::ApplyPatchAction,-23.0,29,3,0,122.857,318.0,341.0,0,47.0,10.9655,47.0,11.7586,18.0,-0.793103,18.9618,17,4,0,0,9,13.8911,0.125593,0.200104,9.49155,0.369967,True
aeeem,org::eclipse::mylyn::tasks::ui::editors::BrowserFormPage,9,1,4,5,10,1,2,0,55.0,5.0,0,1,0,0.0,3,24.0,8.0,0,0,0,0,0,0,aeeem,org::eclipse::mylyn::tasks::ui::editors::BrowserFormPage,31.0,8,2,0,50.5714,43.0,12.0,0,24.0,5.375,5.0,1.5,19.0,3.875,18.6213,7,1,0,0,3,6.08461,0.0126402,0.19596,9.30866,0.385984,True
aeeem,org::eclipse::mylyn::internal::sandbox::ui::views::ActiveSearchQuickView,10,1,2,9,406,0,21,0,556.0,29.0,9,21,22,0.0,7,121.0,68.0,0,0,0,0,0,0,aeeem,org::eclipse::mylyn::internal::sandbox::ui::views::ActiveSearchQuickView,2.0,6,2,0,48.8571,8.0,6.0,0,5.0,1.33333,2.0,1.0,3.0,0.333333,19.125,4,2,0,0,2,3.30169,0.00147135,0.149185,9.15207,0.224546,True
aeeem,org::eclipse::mylyn::zest::core::viewers::AbstractZoomableViewer,3,1,1,2,1,1,0,0,8.0,2.0,0,0,0,0.0,1,8.0,2.0,0,0,0,0,0,0,aeeem,org::eclipse::mylyn::zest::core::viewers::AbstractZoomableViewer,0.0,1,1,0,103.714,0.0,0.0,1,0.0,0.0,0.0,0.0,0.0,0.0,0.0,0,0,0,0,0,0.0,0.0,0.0,0.0,0.0,True
aeeem,org::eclipse::mylyn::internal::wikitext::core::parser::builder::SplittingMarkupToEclipseToc,3,2,1,2,1,0,0,0,9.0,2.0,21,0,0,0.0,1,4.0,3.0,0,0,0,0,0,0,aeeem,org::eclipse::mylyn::internal::wikitext::core::parser::builder::SplittingMarkupToEclipseToc,4.0,4,2,1,32.7143,6.0,2.0,0,4.0,1.5,1.0,0.5,4.0,1.0,19.0476,2,2,0,0,0,1.49003,0.000340949,0.0435179,0.121386,0.116244,True
aeeem,org::eclipse::mylyn::internal::tasks::ui::deprecated::AbstractRepositoryQueryWizard,7,1,0,7,3,0,4,0,30.0,3.0,0,1,0,0.0,3,14.0,8.0,0,0,0,0,0,0,aeeem,org::eclipse::mylyn::internal::tasks::ui::deprecated::AbstractRepositoryQueryWizard,-1.0,6,2,0,44.5714,8.0,9.0,0,4.0,1.33333,5.0,1.5,3.0,-0.166667,10.0357,5,3,0,0,5,4.81344,0.0027058,0.170646,9.22957,0.309565,True
aeeem,org::eclipse::mylyn::internal::tasks::bugs::wizards::ReportErrorWizard,5,1,1,5,3,0,5,0,20.0,3.0,0,5,0,0.0,3,12.0,4.0,0,0,0,0,0,0,aeeem,org::eclipse::mylyn::internal::tasks::bugs::wizards::ReportErrorWizard,11.0,11,2,0,42.8571,31.0,20.0,0,17.0,2.81818,10.0,1.81818,7.0,1.0,8.88479,7,1,0,0,2,4.15475,0.00397534,0.162734,9.19857,0.279504,True
aeeem,org::eclipse::mylyn::internal::web::ui::WebResource,7,1,5,2,36,3,1,0,22.0,9.0,19,0,0,0.0,8,13.0,7.0,0,0,0,0,0,0,aeeem,org::eclipse::mylyn::internal::web::ui::WebResource,-1.0,5,2,0,92.4286,22.0,23.0,0,16.0,4.4,17.0,4.6,3.0,-0.2,17.539,3,1,0,0,2,3.17351,0.00226003,0.140881,9.13106,0.180758,True
aeeem,org::eclipse::mylyn::internal::tasks::ui::workingsets::WorkingSetLabelComparator,1,1,0,1,1,0,0,0,3.0,2.0,9,0,0,0.0,2,5.0,1.0,0,0,0,0,0,0,aeeem,org::eclipse::mylyn::internal::tasks::ui::workingsets::WorkingSetLabelComparator,2.0,3,2,0,55.5714,5.0,3.0,0,4.0,1.66667,2.0,1.0,2.0,0.666667,29.0286,2,1,0,0,1,1.84703,0.00151799,0.136921,9.09329,0.175609,True
aeeem,org::eclipse::mylyn::tasks::core::sync::SubmitJobEvent,2,1,2,0,1,0,1,0,6.0,2.0,9,1,0,0.0,2,2.0,2.0,0,0,0,0,0,0,aeeem,org::eclipse::mylyn::tasks::core::sync::SubmitJobEvent,12.0,5,2,0,46.1429,14.0,2.0,0,8.0,2.8,1.0,0.4,8.0,2.4,12.4184,3,2,0,0,3,4.74807,0.00282514,0.168807,9.22447,0.301664,True
aeeem,org::eclipse::mylyn::internal::tasks::ui::util::AttachmentUtil,49,1,18,31,45,0,5,0,194.0,10.0,9,3,0,0.0,10,119.0,24.0,1,0,0,0,0,1,aeeem,org::eclipse::mylyn::internal::tasks::ui::util::AttachmentUtil,-166.0,10,2,0,39.5714,78.0,244.0,0,39.0,7.8,71.0,24.4,18.0,-16.6,9.99817,7,3,1,1,4,3.08906,0.0507018,0.156012,9.15957,0.247042,True
aeeem,org::eclipse::mylyn::wikitext::core::parser::markup::phrase::HtmlStartTagPhraseModifier,1,2,1,0,6,0,1,0,12.0,4.0,22,1,0,0.0,1,5.0,4.0,0,0,0,0,0,0,aeeem,org::eclipse::mylyn::wikitext::core::parser::markup::phrase::HtmlStartTagPhraseModifier,21.0,7,2,1,32.7143,26.0,5.0,0,11.0,3.71429,2.0,0.714286,10.0,3.0,13.5549,5,5,0,0,0,3.33706,0.00295888,0.180438,9.21468,0.291852,True
aeeem,org::eclipse::mylyn::internal::jira::core::model::LinkType,0,1,0,0,45,0,6,0,30.0,10.0,18,6,0,0.0,10,10.0,10.0,0,0,0,0,0,0,aeeem,org::eclipse::mylyn::internal::jira::core::model::LinkType,1.0,6,1,0,110.714,9.0,8.0,0,5.0,1.5,4.0,1.33333,4.0,0.166667,62.9365,4,2,0,0,3,3.91697,0.00233123,0.143116,9.15227,0.183733,True
aeeem,org::eclipse::mylyn::internal::tasks::ui::editors::RepositoryCompletionProcessor,15,1,3,13,45,0,5,0,107.0,10.0,9,5,1,0.0,9,41.0,11.0,0,0,0,0,0,0,aeeem,org::eclipse::mylyn::internal::tasks::ui::editors::RepositoryCompletionProcessor,169.0,21,3,1,53.7143,309.0,140.0,0,217.0,14.7143,74.0,6.66667,143.0,8.04762,3.23347,13,3,0,0,6,7.42177,0.0469736,0.187057,9.3242,0.372948,True
aeeem,org::eclipse::mylyn::internal::tasks::ui::workingsets::TaskWorkingSetUpdater,16,1,4,12,91,0,2,0,159.0,14.0,10,1,3,1.0,11,80.0,45.0,1,0,0,0,0,1,aeeem,org::eclipse::mylyn::internal::tasks::ui::workingsets::TaskWorkingSetUpdater,209.0,37,3,0,91.2857,395.0,186.0,1,94.0,10.6757,47.0,5.02703,92.0,5.64865,16.9031,22,11,1,1,12,11.6079,0.0871588,0.197287,9.44018,0.380749,True
aeeem,org::eclipse::mylyn::internal::wikitext::ui::editor::help::Messages,2,1,1,1,1,0,2,0,9.0,2.0,9,2,1,0.0,1,3.0,2.0,1,0,0,0,0,1,aeeem,org::eclipse::mylyn::internal::wikitext::ui::editor::help::Messages,0.0,2,1,0,19.8571,1.0,1.0,0,1.0,0.5,1.0,0.5,0.0,0.0,2.0,1,1,0,0,0,0.0,0.0,0.0,0.0,0.0,True
aeeem,org::eclipse::mylyn::internal::web::ui::WebResourceUiBridge,5,2,0,5,21,0,0,0,29.0,7.0,16,0,0,0.0,7,12.0,10.0,0,0,0,0,0,0,aeeem,org::eclipse::mylyn::internal::web::ui::WebResourceUiBridge,-6.0,18,2,0,145.857,55.0,61.0,0,12.0,3.05556,9.0,3.38889,8.0,-0.333333,46.3273,12,5,1,1,7,10.9786,0.0183597,0.16572,9.35234,0.233522,True
aeeem,org::eclipse::mylyn::internal::web::tasks::WebRepositoryConnector,36,2,6,30,435,0,23,0,457.0,30.0,36,3,9,0.0,21,255.0,93.0,0,0,0,0,0,0,aeeem,org::eclipse::mylyn::internal::web::tasks::WebRepositoryConnector,155.0,61,4,3,92.4286,628.0,473.0,0,122.0,10.2951,152.0,7.7541,31.0,2.54098,33.4472,44,23,1,1,22,14.6318,0.142129,0.243954,9.60095,0.530327,True
aeeem,org::eclipse::mylyn::internal::tasks::core::AutomaticRepositoryTaskContainer,5,4,3,2,36,2,2,0,24.0,9.0,51,1,0,0.0,8,14.0,7.0,0,0,0,0,0,0,aeeem,org::eclipse::mylyn::internal::tasks::core::AutomaticRepositoryTaskContainer,3.0,4,2,0,37.0,7.0,4.0,0,4.0,1.75,2.0,1.0,3.0,0.75,16.3265,3,0,0,0,1,1.84703,0.000948744,0.136921,9.09329,0.175609,True
aeeem,org::eclipse::mylyn::tasks::ui::wizards::RepositoryQueryWizard,15,1,5,10,6,1,1,0,41.0,4.0,0,1,0,0.0,4,23.0,8.0,0,0,0,0,0,0,aeeem,org::eclipse::mylyn::tasks::ui::wizards::RepositoryQueryWizard,11.0,8,3,0,44.5714,27.0,16.0,0,13.0,3.375,5.0,2.0,9.0,1.375,9.59788,7,5,0,0,5,4.17741,0.00219291,0.160399,9.19476,0.270741,True
aeeem,org::eclipse::mylyn::internal::wikitext::textile::core::block::QuoteBlock,9,3,1,8,6,0,8,4,66.0,4.0,43,7,0,0.0,4,28.0,16.0,0,0,0,0,0,0,aeeem,org::eclipse::mylyn::internal::wikitext::textile::core::block::QuoteBlock,6.0,3,2,0,32.7143,18.0,12.0,0,16.0,6.0,10.0,4.0,6.0,2.0,2.95238,3,3,0,0,0,1.49003,0.00443233,0.0435179,0.121386,0.116244,True
aeeem,org::eclipse::mylyn::internal::tasks::core::RepositoryPerson,2,1,2,1,28,0,3,0,29.0,8.0,15,3,0,0.0,8,14.0,9.0,0,0,0,0,0,0,aeeem,org::eclipse::mylyn::internal::tasks::core::RepositoryPerson,3.0,4,2,0,45.2857,6.0,3.0,0,4.0,1.5,1.0,0.75,3.0,0.75,23.619,3,1,0,0,2,1.84703,0.000948744,0.136921,9.09329,0.175609,True
aeeem,org::eclipse::mylyn::internal::team::ui::properties::TeamPropertiesLinkProvider,5,1,4,1,6,0,1,0,41.0,4.0,9,1,0,0.0,4,19.0,10.0,0,0,0,0,0,0,aeeem,org::eclipse::mylyn::internal::team::ui::properties::TeamPropertiesLinkProvider,7.0,8,3,0,71.7143,18.0,11.0,0,5.0,2.25,3.0,1.375,4.0,0.875,33.2063,7,1,0,0,5,7.65396,0.00390491,0.184821,9.32519,0.359102,True
aeeem,org::eclipse::mylyn::internal::tasks::core::UnmatchedTaskContainer,3,5,3,0,3,0,2,1,9.0,3.0,60,0,0,0.0,2,3.0,3.0,0,0,0,0,0,0,aeeem,org::eclipse::mylyn::internal::tasks::core::UnmatchedTaskContainer,-42.0,10,2,0,60.0,21.0,63.0,0,8.0,2.1,36.0,6.3,3.0,-4.2,27.1292,7,1,0,0,3,5.9245,0.0214054,0.179094,9.27239,0.337168,True
aeeem,org::eclipse::mylyn::internal::ide::ui::IdeUiBridgePlugin,2,1,2,0,10,0,3,0,15.0,5.0,0,1,0,0.0,5,8.0,5.0,0,0,0,0,0,0,aeeem,org::eclipse::mylyn::internal::ide::ui::IdeUiBridgePlugin,-26.0,15,2,0,92.4286,76.0,102.0,0,24.0,5.06667,49.0,6.8,23.0,-1.73333,37.782,10,4,1,0,6,9.64396,0.0289457,0.183654,9.36684,0.327882,True
aeeem,org::eclipse::mylyn::internal::wikitext::ui::editor::syntax::MarkupDamagerRepairer,1,1,1,0,1,0,0,0,6.0,2.0,0,0,0,0.0,2,2.0,2.0,0,0,0,0,0,0,aeeem,org::eclipse::mylyn::internal::wikitext::ui::editor::syntax::MarkupDamagerRepairer,0.0,2,1,0,32.7143,3.0,3.0,0,3.0,1.5,3.0,1.5,0.0,0.0,1.71429,2,2,0,0,0,1.49003,0.00102285,0.0435179,0.121386,0.116244,True
aeeem,org::eclipse::mylyn::internal::context::core::InteractionContextExternalizer,19,1,2,17,10,0,16,0,86.0,5.0,9,0,0,0.0,4,44.0,14.0,0,0,0,0,0,0,aeeem,org::eclipse::mylyn::internal::context::core::InteractionContextExternalizer,69.0,27,3,1,94.2857,241.0,172.0,1,45.0,8.92593,26.0,6.37037,43.0,2.55556,46.0213,22,10,3,0,14,14.7303,0.0435583,0.218665,9.55562,0.454431,True
aeeem,org::eclipse::mylyn::internal::tasks::core::TaskAttachment,8,1,6,2,325,1,13,0,83.0,26.0,33,13,0,0.0,26,29.0,26.0,0,0,0,0,0,0,aeeem,org::eclipse::mylyn::internal::tasks::core::TaskAttachment,3.0,6,2,0,45.2857,16.0,13.0,0,6.0,2.66667,6.0,2.16667,3.0,0.5,7.0,3,2,0,0,3,3.39209,0.00240007,0.151673,9.15904,0.235454,True
aeeem,org::eclipse::mylyn::internal::jira::core::wsdl::beans::RemoteIssue,10,2,2,8,1035,0,23,0,288.0,46.0,35,23,0,0.0,46,159.0,166.0,0,0,0,0,0,0,aeeem,org::eclipse::mylyn::internal::jira::core::wsdl::beans::RemoteIssue,-102.0,8,2,0,110.714,774.0,876.0,0,734.0,96.75,836.0,109.5,7.0,-12.75,21.4956,7,4,1,1,5,5.94514,0.0574516,0.153982,9.22122,0.218565,True
aeeem,org::eclipse::mylyn::internal::tasks::ui::actions::GroupSubTasksAction,2,1,1,1,1,0,2,0,26.0,2.0,0,1,0,0.0,2,7.0,2.0,0,0,0,0,0,0,aeeem,org::eclipse::mylyn::internal::tasks::ui::actions::GroupSubTasksAction,3.0,8,2,0,78.8571,36.0,33.0,0,12.0,4.5,10.0,4.125,2.0,0.375,32.2937,7,3,1,1,5,7.47213,0.0115866,0.177402,9.3062,0.326336,True
aeeem,org::eclipse::mylyn::internal::context::ui::commands::CopyContextHandler,7,2,0,7,0,0,1,1,41.0,1.0,2,1,0,0.0,0,18.0,6.0,0,0,0,0,0,0,aeeem,org::eclipse::mylyn::internal::context::ui::commands::CopyContextHandler,-8.0,7,2,0,43.8571,26.0,34.0,0,13.0,3.71429,18.0,4.85714,3.0,-1.14286,11.1319,6,2,0,0,4,4.17741,0.00386675,0.160399,9.19476,0.270741,True
aeeem,org::eclipse::mylyn::tasks::core::data::TaskData,112,1,110,3,55,0,7,0,41.0,11.0,9,7,0,0.0,11,15.0,11.0,0,0,0,0,0,0,aeeem,org::eclipse::mylyn::tasks::core::data::TaskData,18.0,13,2,0,47.1429,51.0,33.0,0,18.0,3.92308,16.0,2.53846,15.0,1.38462,14.2465,6,4,0,0,5,6.31013,0.00476112,0.1853,9.29392,0.368531,True
aeeem,org::eclipse::mylyn::internal::tasks::bugs::PluginRepositoryMappingManager,8,1,3,5,28,0,13,0,92.0,8.0,9,13,3,0.0,5,47.0,17.0,0,0,0,0,0,0,aeeem,org::eclipse::mylyn::internal::tasks::bugs::PluginRepositoryMappingManager,35.0,9,2,0,47.5714,96.0,61.0,0,51.0,10.6667,22.0,6.77778,29.0,3.88889,16.8557,7,0,0,0,2,4.88878,0.0074936,0.166327,9.22338,0.29442,True
aeeem,org::eclipse::mylyn::wikitext::core::parser::markup::token::PatternLineBreakReplacementToken,2,2,1,1,6,0,1,0,12.0,4.0,22,1,0,0.0,1,5.0,4.0,0,0,0,0,0,0,aeeem,org::eclipse::mylyn::wikitext::core::parser::markup::token::PatternLineBreakReplacementToken,3.0,6,2,1,32.7143,7.0,4.0,0,2.0,1.16667,2.0,0.666667,2.0,0.5,13.7959,3,3,0,0,0,1.49003,0.00102285,0.0435179,0.121386,0.116244,True
aeeem,org::eclipse::mylyn::internal::wikitext::mediawiki::core::block::ParagraphBlock,7,3,1,6,15,0,4,4,88.0,6.0,43,4,0,0.0,6,32.0,25.0,0,0,0,0,0,0,aeeem,org::eclipse::mylyn::internal::wikitext::mediawiki::core::block::ParagraphBlock,15.0,5,2,0,32.7143,27.0,12.0,0,21.0,5.4,6.0,2.4,17.0,3.0,22.5503,4,3,0,0,1,1.49003,0.00170474,0.0435179,0.121386,0.116244,True
aeeem,org::eclipse::mylyn::internal::tasks::ui::editors::LongTextAttributeEditor,4,2,1,3,6,0,0,0,40.0,4.0,32,0,0,0.0,4,23.0,4.0,0,0,0,0,0,0,aeeem,org::eclipse::mylyn::internal::tasks::ui::editors::LongTextAttributeEditor,14.0,13,2,0,61.2857,30.0,16.0,0,6.0,2.30769,3.0,1.23077,4.0,1.07692,22.5286,8,3,0,0,5,7.50652,0.00478171,0.195488,9.34192,0.401096,True
aeeem,org::eclipse::mylyn::internal::wikitext::mediawiki::core::MediaWikiIdGenerationStrategy,4,2,2,2,3,0,1,0,31.0,3.0,10,1,1,0.0,2,11.0,3.0,0,0,0,0,0,0,aeeem,org::eclipse::mylyn::internal::wikitext::mediawiki::core::MediaWikiIdGenerationStrategy,0.0,2,1,1,9.85714,1.0,1.0,0,1.0,0.5,1.0,0.5,0.0,0.0,1.14286,1,1,0,0,0,0.0,0.0,0.0,0.0,0.0,True
aeeem,org::eclipse::mylyn::wikitext::textile::core::TextileLanguage,44,3,17,28,66,0,2,6,120.0,12.0,57,2,0,0.0,6,61.0,18.0,1,0,0,0,0,1,aeeem,org::eclipse::mylyn::wikitext::textile::core::TextileLanguage,22.0,12,2,1,32.7143,248.0,226.0,0,73.0,20.6667,122.0,18.8333,73.0,1.83333,18.3957,8,6,0,0,1,3.33706,0.0198786,0.180438,9.21468,0.291852,True
aeeem,org::eclipse::mylyn::internal::java::ui::editor::FocusedJavaProposalProcessor,11,1,3,8,15,0,12,0,77.0,6.0,9,10,2,0.0,4,37.0,21.0,0,0,0,0,0,0,aeeem,org::eclipse::mylyn::internal::java::ui::editor::FocusedJavaProposalProcessor,19.0,16,2,0,92.5714,54.0,35.0,2,20.0,3.375,5.0,2.1875,16.0,1.1875,58.1799,13,3,0,0,8,11.6827,0.00638503,0.193314,9.43398,0.361381,True
aeeem,org::eclipse::mylyn::xplanner::wsdl::soap::domain::DomainData,20,1,19,1,45,7,5,0,60.0,10.0,18,5,0,0.0,10,19.0,21.0,0,0,0,0,0,0,aeeem,org::eclipse::mylyn::xplanner::wsdl::soap::domain::DomainData,-6.0,6,2,0,93.7143,139.0,145.0,0,135.0,23.1667,141.0,24.1667,0.0,-1.0,38.7009,4,1,0,0,3,6.45512,0.022349,0.0300186,0.209384,0.084371,True
aeeem,org::eclipse::mylyn::internal::bugzilla::core::GzipGetMethod,1,1,1,0,3,0,1,0,16.0,3.0,0,1,0,0.0,3,6.0,4.0,0,0,0,0,0,0,aeeem,org::eclipse::mylyn::internal::bugzilla::core::GzipGetMethod,-39.0,13,3,0,49.8571,57.0,96.0,0,16.0,4.38462,35.0,7.38462,7.0,-3.0,8.09774,11,4,0,0,7,6.32077,0.0109688,0.180927,9.28597,0.35212,True
aeeem,org::eclipse::mylyn::internal::tasks::ui::editors::TaskUrlHyperlink,1,1,1,0,1,0,0,0,6.0,2.0,0,0,0,0.0,2,3.0,2.0,0,0,0,0,0,0,aeeem,org::eclipse::mylyn::internal::tasks::ui::editors::TaskUrlHyperlink,3.0,6,2,0,90.4286,8.0,5.0,0,4.0,1.33333,2.0,0.833333,3.0,0.5,47.4643,5,2,0,0,3,5.00502,0.00167139,0.151836,9.19557,0.218463,True
aeeem,org::eclipse::mylyn::internal::tasks::ui::OfflineCachingStorage,5,1,2,5,153,0,8,0,166.0,18.0,16,8,6,0.0,12,81.0,40.0,0,0,0,0,0,0,aeeem,org::eclipse::mylyn::internal::tasks::ui::OfflineCachingStorage,0.0,14,3,0,91.1429,36.0,36.0,1,9.0,2.57143,9.0,2.57143,5.0,0.0,28.7698,13,4,0,0,11,11.5723,0.0101934,0.203127,9.45138,0.405776,True
aeeem,org::eclipse::mylyn::tasks::core::data::TaskDataModelListener,2,1,2,0,1,1,0,0,0.0,2.0,9,0,0,0.0,2,2.0,0.0,0,0,0,0,0,0,aeeem,org::eclipse::mylyn::tasks::core::data::TaskDataModelListener,7.0,6,2,0,46.5714,10.0,3.0,0,4.0,1.66667,1.0,0.5,3.0,1.16667,14.1714,3,2,0,0,3,4.74807,0.00181359,0.168807,9.22447,0.301664,True
aeeem,org::eclipse::mylyn::wikitext::core::util::IgnoreDtdEntityResolver,3,1,1,2,1,0,1,0,9.0,2.0,18,0,0,0.0,2,6.0,6.0,0,0,0,0,0,0,aeeem,org::eclipse::mylyn::wikitext::core::util::IgnoreDtdEntityResolver,0.0,5,2,1,32.7143,6.0,6.0,0,2.0,1.2,3.0,1.2,1.0,0.0,12.7143,4,4,0,0,0,1.49003,0.000852372,0.0435179,0.121386,0.116244,True
aeeem,org::eclipse::mylyn::internal::tasks::ui::DialogErrorReporter,1,2,0,1,1,0,1,4,26.0,2.0,11,1,0,0.0,2,8.0,3.0,0,0,0,0,0,0,aeeem,org::eclipse::mylyn::internal::tasks::ui::DialogErrorReporter,7.0,5,2,0,40.7143,14.0,7.0,0,11.0,2.8,5.0,1.4,11.0,1.4,15.3673,4,1,0,0,2,3.26838,0.00254098,0.155894,9.16383,0.24972,True
aeeem,org::eclipse::mylyn::tasks::ui::wizards::NewTaskWizard,7,1,2,5,21,3,2,0,61.0,7.0,0,2,0,0.0,6,26.0,9.0,0,0,0,0,0,0,aeeem,org::eclipse::mylyn::tasks::ui::wizards::NewTaskWizard,36.0,42,3,0,108.143,418.0,382.0,1,113.0,9.95238,108.0,9.09524,108.0,0.857143,38.9269,25,8,1,0,16,20.1023,0.0807963,0.262743,9.76123,0.573153,True
aeeem,org::eclipse::mylyn::internal::wikitext::twiki::core::token::LinkReplacementToken,2,2,1,1,6,0,2,0,9.0,4.0,22,2,0,0.0,1,5.0,3.0,0,0,0,0,0,0,aeeem,org::eclipse::mylyn::internal::wikitext::twiki::core::token::LinkReplacementToken,0.0,3,1,0,23.8571,7.0,7.0,0,6.0,2.33333,6.0,2.33333,0.0,0.0,4.73469,3,2,0,0,0,0.0,0.0,0.0,0.0,0.0,True
aeeem,org::eclipse::mylyn::internal::bugzilla::ui::search::SavedQueryFile,7,1,1,6,55,0,5,0,149.0,11.0,9,5,2,0.0,9,51.0,21.0,0,0,0,0,0,0,aeeem,org::eclipse::mylyn::internal::bugzilla::ui::search::SavedQueryFile,0.0,3,1,0,164.0,0.0,0.0,1,0.0,0.0,0.0,0.0,0.0,0.0,0.0,1,0,0,0,0,0.0,0.0,0.0,0.0,0.0,True
aeeem,org::eclipse::mylyn::internal::tasks::ui::editors::RepositoryTaskEditorDropListener,4,1,1,4,28,0,6,0,102.0,8.0,9,6,1,0.0,7,30.0,24.0,0,0,0,0,0,0,aeeem,org::eclipse::mylyn::internal::tasks::ui::editors::RepositoryTaskEditorDropListener,1.0,9,2,0,45.8571,18.0,17.0,0,4.0,2.0,6.0,1.88889,3.0,0.111111,6.29365,5,2,0,0,4,4.81344,0.00453685,0.170646,9.22957,0.309565,True
aeeem,org::eclipse::mylyn::internal::wikitext::ui::editor::validation::AnnotationMarkupValidator,6,2,0,6,6,0,0,4,56.0,4.0,20,0,0,0.0,2,31.0,13.0,1,0,0,0,0,1,aeeem,org::eclipse::mylyn::internal::wikitext::ui::editor::validation::AnnotationMarkupValidator,1.0,3,2,0,32.7143,14.0,13.0,0,13.0,4.66667,12.0,4.33333,1.0,0.333333,2.5102,3,3,0,0,0,1.49003,0.00426186,0.0435179,0.121386,0.116244,True
aeeem,org::eclipse::mylyn::context::core::ContextCore,110,1,110,1,15,0,1,0,18.0,6.0,9,0,0,0.0,6,16.0,6.0,0,0,0,0,0,0,aeeem,org::eclipse::mylyn::context::core::ContextCore,27.0,9,2,1,48.8571,36.0,9.0,0,15.0,4.0,5.0,1.0,15.0,3.0,5.69841,7,3,0,0,4,6.32077,0.00285952,0.180927,9.28597,0.35212,True
aeeem,org::eclipse::mylyn::internal::tasks::ui::search::SearchHitCollector,22,2,9,13,36,0,5,1,74.0,9.0,11,5,0,0.0,9,36.0,11.0,0,0,0,0,0,0,aeeem,org::eclipse::mylyn::internal::tasks::ui::search::SearchHitCollector,9.0,20,3,0,131.143,181.0,172.0,0,111.0,9.05,63.0,8.6,48.0,0.45,87.8406,14,7,0,0,9,6.35853,0.0185186,0.169357,9.26124,0.295693,True
aeeem,org::eclipse::mylyn::internal::wikitext::tracwiki::core::token::LineBreakToken,2,2,1,1,6,0,0,0,9.0,4.0,22,0,0,0.0,1,5.0,3.0,0,0,0,0,0,0,aeeem,org::eclipse::mylyn::internal::wikitext::tracwiki::core::token::LineBreakToken,0.0,3,2,0,32.7143,3.0,3.0,0,2.0,1.0,2.0,1.0,0.0,0.0,5.42857,3,3,0,0,0,1.49003,0.000681897,0.0435179,0.121386,0.116244,True
aeeem,org::eclipse::mylyn::internal::tasks::ui::views::TaskKeyComparator,5,1,1,4,10,0,3,0,68.0,5.0,9,2,2,0.0,3,21.0,25.0,1,0,1,0,1,1,aeeem,org::eclipse::mylyn::internal::tasks::ui::views::TaskKeyComparator,65.0,13,3,1,139.571,100.0,35.0,0,69.0,7.69231,19.0,2.69231,50.0,5.0,71.5786,11,5,1,0,7,10.799,0.0350025,0.166473,9.35283,0.234179,True
aeeem,org::eclipse::mylyn::internal::tasks::ui::util::DownloadAttachmentJob,7,1,1,6,1,0,2,0,27.0,2.0,0,2,0,0.0,1,12.0,2.0,0,0,0,0,0,0,aeeem,org::eclipse::mylyn::internal::tasks::ui::util::DownloadAttachmentJob,4.0,3,2,0,39.5714,10.0,6.0,0,6.0,3.33333,5.0,2.0,3.0,1.33333,20.2,3,1,0,0,2,1.84703,0.000948744,0.136921,9.09329,0.175609,True
aeeem,org::eclipse::mylyn::zest::layouts::algorithms::CompositeLayoutAlgorithm,5,2,2,3,28,0,1,8,43.0,8.0,63,0,0,1.0,2,14.0,10.0,0,0,0,0,0,0,aeeem,org::eclipse::mylyn::zest::layouts::algorithms::CompositeLayoutAlgorithm,-4.0,3,1,0,121.714,11.0,15.0,0,6.0,3.66667,10.0,5.0,0.0,-1.33333,24.7403,2,2,0,0,0,2.73274,0.0031303,0.00752789,0.0760607,0.0080821,True
aeeem,org::eclipse::mylyn::internal::tasks::ui::preferences::Messages,0,1,0,0,0,0,31,0,3.0,1.0,0,1,0,30.0,1,2.0,1.0,0,0,0,0,0,0,aeeem,org::eclipse::mylyn::internal::tasks::ui::preferences::Messages,0.0,1,1,0,14.5714,0.0,0.0,0,0.0,0.0,0.0,0.0,0.0,0.0,0.0,1,0,0,0,0,0.0,0.0,0.0,0.0,0.0,True
aeeem,org::eclipse::mylyn::internal::provisional::commons::ui::ScalingHyperlink,2,1,1,1,15,1,2,0,47.0,6.0,0,1,0,0.0,4,14.0,12.0,0,0,0,0,0,0,aeeem,org::eclipse::mylyn::internal::provisional::commons::ui::ScalingHyperlink,3.0,3,2,0,39.8571,5.0,2.0,0,4.0,1.66667,1.0,0.666667,3.0,1.0,15.6286,3,0,0,0,2,1.84703,0.000948744,0.136921,9.09329,0.175609,True
aeeem,org::eclipse::mylyn::internal::jira::core::model::Resolution,10,1,9,1,66,0,10,0,45.0,12.0,18,5,0,0.0,12,14.0,14.0,0,0,0,0,0,0,aeeem,org::eclipse::mylyn::internal::jira::core::model::Resolution,-34.0,12,2,0,110.714,26.0,60.0,0,7.0,2.16667,25.0,5.0,7.0,-2.83333,60.7967,8,5,1,1,5,9.23648,0.0126484,0.185332,9.35788,0.327864,True
aeeem,org::eclipse::mylyn::bugzilla::deprecated::BugzillaRepositoryQuery,4,4,3,1,6,0,1,3,14.0,4.0,75,1,0,0.0,4,5.0,4.0,0,0,0,0,0,0,aeeem,org::eclipse::mylyn::bugzilla::deprecated::BugzillaRepositoryQuery,3.0,3,3,0,39.5714,4.0,1.0,0,4.0,1.33333,1.0,0.333333,3.0,1.0,13.0,3,1,0,0,3,1.84703,0.000948744,0.136921,9.09329,0.175609,True
aeeem,org::eclipse::mylyn::wikitext::core::parser::markup::token::PatternEntityReferenceReplacementToken,3,2,2,1,6,1,2,0,13.0,4.0,22,2,0,0.0,1,5.0,4.0,0,0,0,0,0,0,aeeem,org::eclipse::mylyn::wikitext::core::parser::markup::token::PatternEntityReferenceReplacementToken,4.0,6,2,1,32.7143,10.0,6.0,0,4.0,1.66667,3.0,1.0,2.0,0.666667,10.1714,3,3,0,0,0,1.49003,0.00187522,0.0435179,0.121386,0.116244,True
aeeem,org::eclipse::mylyn::internal::tasks::ui::wizards::TaskDataImportWizardPage,7,1,2,5,66,0,9,0,157.0,12.0,0,9,4,0.0,6,53.0,22.0,0,0,0,0,0,0,aeeem,org::eclipse::mylyn::internal::tasks::ui::wizards::TaskDataImportWizardPage,-133.0,37,3,0,139.571,402.0,535.0,2,138.0,10.8649,120.0,14.4595,98.0,-3.59459,32.5199,29,11,0,0,18,20.5714,0.239411,0.218733,9.67704,0.401462,True
aeeem,org::eclipse::mylyn::internal::jira::core::service::JiraClientData,1,1,1,0,0,0,17,0,0.0,1.0,18,1,0,16.0,1,1.0,0.0,0,0,0,0,0,0,aeeem,org::eclipse::mylyn::internal::jira::core::service::JiraClientData,4.0,9,2,0,96.8571,84.0,80.0,0,65.0,9.33333,65.0,8.88889,65.0,0.444444,7.40136,6,3,0,0,4,7.9553,0.0243196,0.163993,9.28668,0.24895,True
aeeem,org::eclipse::mylyn::wikitext::ui::annotation::ClassAnnotation,2,1,2,0,1,0,1,0,6.0,2.0,0,0,0,0.0,2,3.0,2.0,0,0,0,0,0,0,aeeem,org::eclipse::mylyn::wikitext::ui::annotation::ClassAnnotation,0.0,5,2,1,32.7143,4.0,4.0,0,1.0,0.8,2.0,0.8,1.0,0.0,15.4286,4,4,0,0,0,1.49003,0.000511423,0.0435179,0.121386,0.116244,True
aeeem,org::eclipse::mylyn::internal::tasks::bugs::actions::NewTaskFromMarkerHandler,6,1,1,5,1,0,0,0,44.0,2.0,0,0,1,0.0,1,13.0,3.0,0,0,0,0,0,0,aeeem,org::eclipse::mylyn::internal::tasks::bugs::actions::NewTaskFromMarkerHandler,0.0,6,2,0,40.7143,20.0,20.0,0,7.0,3.33333,12.0,3.33333,3.0,0.0,12.9,3,0,0,0,2,3.37801,0.00321518,0.154967,9.16485,0.247924,True
aeeem,org::eclipse::mylyn::internal::jira::core::model::filter::ComponentFilter,6,1,6,0,6,0,2,0,13.0,4.0,18,2,0,0.0,3,5.0,4.0,0,0,0,0,0,0,aeeem,org::eclipse::mylyn::internal::jira::core::model::filter::ComponentFilter,-1.0,6,1,0,110.714,13.0,14.0,0,5.0,2.16667,6.0,2.33333,4.0,-0.166667,49.7143,4,2,0,0,3,4.58293,0.00257308,0.145075,9.17116,0.186189,True
aeeem,org::eclipse::mylyn::internal::context::ui::ContextUiImages,8,1,5,3,6,0,14,0,37.0,4.0,9,4,2,0.0,2,19.0,8.0,2,2,0,0,0,1,aeeem,org::eclipse::mylyn::internal::context::ui::ContextUiImages,-29.0,18,2,1,139.143,62.0,91.0,0,15.0,3.44444,47.0,5.05556,4.0,-1.61111,80.7166,14,7,1,1,7,12.6094,0.0112128,0.189996,9.44519,0.333833,True
aeeem,org::eclipse::mylyn::internal::tasks::core::DefaultTaskMapping,1,2,1,0,10,0,1,0,12.0,5.0,54,0,0,1.0,5,9.0,4.0,0,0,0,0,0,0,aeeem,org::eclipse::mylyn::internal::tasks::core::DefaultTaskMapping,6.0,3,2,0,37.1429,8.0,2.0,0,7.0,2.66667,1.0,0.666667,6.0,2.0,12.7679,2,1,0,0,1,1.84703,0.00151799,0.136921,9.09329,0.175609,True
aeeem,org::eclipse::mylyn::internal::tasks::ui::commands::OpenSelectedTaskHandler,1,2,0,1,0,0,0,0,5.0,1.0,1,0,0,0.0,0,2.0,2.0,0,0,0,0,0,0,aeeem,org::eclipse::mylyn::internal::tasks::ui::commands::OpenSelectedTaskHandler,4.0,7,2,0,46.0,15.0,11.0,0,5.0,2.14286,4.0,1.57143,3.0,0.571429,9.09524,5,1,0,0,3,4.88878,0.00158715,0.166327,9.22338,0.29442,True
aeeem,org::eclipse::mylyn::internal::tasks::ui::ComboSelectionDialog,1,1,0,1,10,0,6,0,53.0,5.0,0,6,1,0.0,3,11.0,5.0,0,0,0,0,0,0,aeeem,org::eclipse::mylyn::internal::tasks::ui::ComboSelectionDialog,-5.0,6,2,0,139.571,9.0,14.0,0,4.0,1.5,5.0,2.33333,2.0,-0.833333,58.3016,5,3,0,0,4,6.13764,0.00561672,0.0199544,0.176682,0.0400293,True
aeeem,org::eclipse::mylyn::internal::tasks::ui::actions::CompareAttachmentsAction,4,1,0,4,10,0,2,0,65.0,5.0,0,2,1,0.0,3,19.0,9.0,0,0,0,0,0,0,aeeem,org::eclipse::mylyn::internal::tasks::ui::actions::CompareAttachmentsAction,-3.0,14,2,0,57.0,91.0,94.0,0,52.0,6.5,58.0,6.71429,3.0,-0.214286,17.2465,12,5,0,0,7,8.68883,0.0510409,0.206797,9.39234,0.447388,True
aeeem,org::eclipse::mylyn::zest::core::viewers::internal::AbstractStructuredGraphViewer,15,2,4,11,861,1,6,0,407.0,42.0,2,6,0,0.0,18,271.0,106.0,0,0,0,0,0,0,aeeem,org::eclipse::mylyn::zest::core::viewers::internal::AbstractStructuredGraphViewer,-9.0,9,1,1,103.714,105.0,114.0,1,34.0,11.6667,48.0,12.6667,8.0,-1.0,3.12381,3,3,0,0,0,7.58101,0.0243322,0.021545,0.212726,0.0256615,True
aeeem,org::eclipse::mylyn::internal::tasks::core::OfflineDataStore,1,1,0,1,15,0,6,0,19.0,6.0,18,6,0,0.0,6,7.0,6.0,0,0,0,0,0,0,aeeem,org::eclipse::mylyn::internal::tasks::core::OfflineDataStore,10.0,14,3,0,118.714,38.0,28.0,0,10.0,2.71429,5.0,2.0,9.0,0.714286,34.5714,11,3,0,0,7,12.9827,0.00800968,0.201291,9.47512,0.380023,True
aeeem,org::eclipse::mylyn::wikitext::core::parser::builder::MultiplexingDocumentBuilder,1,2,0,1,171,0,1,1,92.0,19.0,27,1,0,0.0,19,40.0,19.0,0,0,0,0,0,0,aeeem,org::eclipse::mylyn::wikitext::core::parser::builder::MultiplexingDocumentBuilder,1.0,6,2,1,32.7143,26.0,25.0,0,22.0,4.33333,22.0,4.16667,1.0,0.166667,4.21429,3,3,0,0,0,1.49003,0.00784182,0.0435179,0.121386,0.116244,True
aeeem,org::eclipse::mylyn::internal::wikitext::tasks::ui::actions::ToggleActiveFoldingEditorActionDelegate,1,1,0,1,6,0,0,0,15.0,4.0,9,0,1,0.0,3,10.0,4.0,0,0,0,0,0,0,aeeem,org::eclipse::mylyn::internal::wikitext::tasks::ui::actions::ToggleActiveFoldingEditorActionDelegate,0.0,2,1,0,8.0,2.0,2.0,0,2.0,1.0,2.0,1.0,0.0,0.0,0.285714,2,1,0,0,0,0.0,0.0,0.0,0.0,0.0,True
aeeem,org::eclipse::mylyn::internal::web::tasks::WebContentProposalProvider,6,1,2,4,6,0,2,0,78.0,4.0,9,2,1,0.0,3,22.0,5.0,0,0,0,0,0,0,aeeem,org::eclipse::mylyn::internal::web::tasks::WebContentProposalProvider,4.0,5,3,0,87.2857,7.0,3.0,0,4.0,1.4,1.0,0.6,3.0,0.8,50.4082,4,1,0,0,2,4.49277,0.00189945,0.151021,9.1833,0.2202,True
aeeem,org::eclipse::mylyn::internal::wikitext::tasks::ui::WikiTextTasksUiPlugin,13,1,4,9,28,0,6,0,51.0,8.0,0,3,0,0.0,7,29.0,15.0,0,0,0,0,0,0,aeeem,org::eclipse::mylyn::internal::wikitext::tasks::ui::WikiTextTasksUiPlugin,5.0,3,1,0,8.0,6.0,1.0,0,5.0,2.0,1.0,0.333333,5.0,1.66667,3.47619,3,0,0,0,1,0.0,0.0,0.0,0.0,0.0,True
aeeem,org::eclipse::mylyn::internal::tasks::ui::ScheduleDatePicker,9,1,5,4,66,0,9,0,112.0,12.0,0,9,3,0.0,9,31.0,14.0,0,0,0,0,0,0,aeeem,org::eclipse::mylyn::internal::tasks::ui::ScheduleDatePicker,18.0,15,3,0,59.0,112.0,94.0,1,37.0,7.46667,43.0,6.26667,24.0,1.2,12.5268,11,4,0,0,8,8.4307,0.0164552,0.192588,9.35891,0.390682,True
aeeem,org::eclipse::mylyn::internal::tasks::core::UncategorizedTaskContainer,3,4,2,1,10,0,2,0,15.0,5.0,51,0,0,0.0,5,6.0,5.0,0,0,0,0,0,0,aeeem,org::eclipse::mylyn::internal::tasks::core::UncategorizedTaskContainer,-3.0,9,3,0,60.0,10.0,13.0,0,4.0,1.11111,5.0,1.44444,3.0,-0.333333,28.1857,7,1,0,0,4,4.68247,0.00188535,0.160002,9.20611,0.265735,True
aeeem,org::eclipse::mylyn::internal::tasks::ui::editors::PreviewAttributeEditor,4,2,0,4,15,0,4,0,187.0,6.0,32,4,4,0.0,2,21.0,14.0,1,1,0,0,0,1,aeeem,org::eclipse::mylyn::internal::tasks::ui::editors::PreviewAttributeEditor,16.0,14,2,0,57.2857,53.0,37.0,0,13.0,3.78571,9.0,2.64286,7.0,1.14286,22.3315,12,4,1,0,8,5.54403,0.0052947,0.173159,9.25225,0.32054,True
aeeem,org::eclipse::mylyn::wikitext::core::validation::DocumentLocalReferenceValidationRule,8,2,1,7,3,5,0,0,29.0,3.0,11,0,0,0.0,2,16.0,6.0,0,0,0,0,0,0,aeeem,org::eclipse::mylyn::wikitext::core::validation::DocumentLocalReferenceValidationRule,0.0,1,1,0,16.4286,0.0,0.0,0,0.0,0.0,0.0,0.0,0.0,0.0,0.0,1,0,0,0,0,0.0,0.0,0.0,0.0,0.0,True
aeeem,org::eclipse::mylyn::internal::bugzilla::ui::actions::AddFavoriteAction,4,2,0,4,3,0,2,0,60.0,3.0,2,2,1,0.0,2,21.0,6.0,0,0,0,0,0,0,aeeem,org::eclipse::mylyn::internal::bugzilla::ui::actions::AddFavoriteAction,0.0,2,1,0,164.0,0.0,0.0,1,0.0,0.0,0.0,0.0,0.0,0.0,0.0,1,0,0,0,1,0.0,0.0,0.0,0.0,0.0,True
aeeem,org::eclipse::mylyn::internal::sandbox::dev::MylynDevPlugin,2,1,0,2,6,0,3,0,18.0,4.0,0,2,0,0.0,4,8.0,4.0,0,0,0,0,0,0,aeeem,org::eclipse::mylyn::internal::sandbox::dev::MylynDevPlugin,15.0,5,2,0,70.7143,18.0,3.0,0,13.0,3.6,1.0,0.6,13.0,3.0,39.746,4,1,0,0,3,4.66839,0.0029364,0.163296,9.21193,0.278205,True
aeeem,org::eclipse::mylyn::internal::sandbox::ui::views::ContextHierarchyView,16,1,1,15,78,0,5,0,144.0,13.0,0,3,9,1.0,4,83.0,20.0,0,0,0,0,0,0,aeeem,org::eclipse::mylyn::internal::sandbox::ui::views::ContextHierarchyView,-4.0,10,2,0,48.8571,20.0,24.0,0,7.0,2.0,13.0,2.4,3.0,-0.4,9.16429,7,3,0,0,4,5.57512,0.00286956,0.171606,9.25013,0.315092,True
aeeem,org::eclipse::mylyn::internal::hypertext::ui::editors::WebElementsEditorFactory,2,1,0,2,15,0,0,0,20.0,6.0,9,0,0,0.0,6,9.0,7.0,0,0,0,0,0,0,aeeem,org::eclipse::mylyn::internal::hypertext::ui::editors::WebElementsEditorFactory,9.0,8,1,0,164.0,18.0,9.0,1,11.0,2.25,6.0,1.125,5.0,1.125,1.20635,4,3,0,0,4,2.46881,0.0486364,0.00356384,0.0582503,0.000268743,True
aeeem,org::eclipse::mylyn::internal::bugzilla::core::BugzillaAttributeMapper,14,2,1,13,66,0,9,0,223.0,12.0,41,8,1,0.0,11,196.0,75.0,1,1,0,0,0,1,aeeem,org::eclipse::mylyn::internal::bugzilla::core::BugzillaAttributeMapper,158.0,18,2,0,42.0,228.0,70.0,0,54.0,12.6667,34.0,3.88889,37.0,8.77778,5.4693,13,11,0,0,9,5.39677,0.0188257,0.181826,9.26485,0.350936,True
aeeem,org::eclipse::mylyn::internal::tasks::ui::util::TaskDataSnapshotOperation,3,2,2,1,1,0,0,0,9.0,2.0,13,0,0,0.0,1,7.0,2.0,0,0,0,0,0,0,aeeem,org::eclipse::mylyn::internal::tasks::ui::util::TaskDataSnapshotOperation,0.0,1,1,0,5.14286,0.0,0.0,0,0.0,0.0,0.0,0.0,0.0,0.0,0.0,1,0,0,0,0,0.0,0.0,0.0,0.0,0.0,True
aeeem,org::eclipse::mylyn::internal::sandbox::ui::views::RelatedElementsPopupDialog,35,1,16,20,990,0,15,0,480.0,45.0,0,14,16,0.0,24,191.0,87.0,0,0,0,0,0,0,aeeem,org::eclipse::mylyn::internal::sandbox::ui::views::RelatedElementsPopupDialog,10.0,12,2,0,48.8571,31.0,21.0,0,13.0,2.58333,5.0,1.75,8.0,0.833333,8.05991,8,3,0,0,5,6.25082,0.00399653,0.181259,9.28483,0.352175,True
aeeem,org::eclipse::mylyn::internal::tasks::ui::actions::AddRepositoryAction,11,1,4,7,15,0,4,0,56.0,6.0,0,3,0,0.0,6,30.0,12.0,1,0,0,0,0,1,aeeem,org::eclipse::mylyn::internal::tasks::ui::actions::AddRepositoryAction,47.0,24,3,0,139.571,119.0,72.0,2,60.0,4.95833,28.0,3.0,59.0,1.95833,74.2521,22,9,0,0,13,14.6647,0.0332896,0.188716,9.48484,0.310896,True
aeeem,org::eclipse::mylyn::internal::xplanner::ui::XPlannerRepositoryConnector,33,2,3,32,351,0,3,0,400.0,27.0,36,2,6,0.0,21,175.0,66.0,1,1,0,0,0,1,aeeem,org::eclipse::mylyn::internal::xplanner::ui::XPlannerRepositoryConnector,0.0,1,1,0,6.42857,0.0,0.0,0,0.0,0.0,0.0,0.0,0.0,0.0,0.0,1,1,1,0,1,0.0,0.0,0.0,0.0,0.0,True
aeeem,org::eclipse::mylyn::internal::context::ui::wizards::ContextRetrieveWizard,7,1,2,5,3,0,3,0,17.0,3.0,0,3,0,0.0,3,13.0,3.0,0,0,0,0,0,0,aeeem,org::eclipse::mylyn::internal::context::ui::wizards::ContextRetrieveWizard,3.0,14,3,0,50.2857,25.0,22.0,0,4.0,1.78571,5.0,1.57143,3.0,0.214286,11.4857,13,7,0,0,9,7.5628,0.00406846,0.200018,9.35224,0.423553,True
aeeem,org::eclipse::mylyn::zest::core::widgets::internal::GraphLabel,4,2,0,4,10,0,7,8,19.0,5.0,77,7,0,0.0,2,26.0,3.0,0,0,0,0,0,0,aeeem,org::eclipse::mylyn::zest::core::widgets::internal::GraphLabel,62.0,8,1,0,103.714,82.0,20.0,1,63.0,10.25,5.0,2.5,59.0,7.75,18.8728,5,5,0,0,0,5.07046,0.0294963,0.0150318,0.144061,0.0194011,True
aeeem,org::eclipse::mylyn::internal::pde::ui::PdeUiBridge,9,2,0,9,45,0,1,0,188.0,10.0,16,1,1,0.0,9,59.0,34.0,0,0,0,0,0,0,aeeem,org::eclipse::mylyn::internal::pde::ui::PdeUiBridge,-20.0,22,2,1,92.4286,123.0,143.0,1,16.0,5.59091,16.0,6.5,3.0,-0.909091,46.1324,14,3,0,0,9,11.1484,0.0315833,0.195528,9.42661,0.377947,True
aeeem,org::eclipse::mylyn::internal::tasks::ui::util::TaskDataExportOperation,12,1,4,8,6,1,5,0,59.0,4.0,9,5,0,0.0,2,37.0,9.0,0,0,0,0,0,0,aeeem,org::eclipse::mylyn::internal::tasks::ui::util::TaskDataExportOperation,-152.0,17,3,0,46.0,370.0,522.0,0,161.0,21.7647,230.0,30.7059,31.0,-8.94118,23.6676,12,5,0,0,8,4.88878,0.0169982,0.166327,9.22338,0.29442,True
aeeem,org::eclipse::mylyn::internal::sandbox::ui::actions::ToggleRelationshipProviderAction,3,1,1,3,15,0,6,0,36.0,6.0,0,5,1,0.0,5,25.0,8.0,0,0,0,0,0,0,aeeem,org::eclipse::mylyn::internal::sandbox::ui::actions::ToggleRelationshipProviderAction,2.0,8,2,0,48.8571,11.0,9.0,0,5.0,1.375,4.0,1.125,1.0,0.25,15.3117,6,1,0,0,4,5.55245,0.00210668,0.173942,9.25394,0.323855,True
aeeem,org::eclipse::mylyn::internal::jira::core::JiraFieldData,0,1,0,0,0,0,0,0,0.0,0.0,9,0,0,0.0,0,0.0,0.0,0,0,0,0,0,0,aeeem,org::eclipse::mylyn::internal::jira::core::JiraFieldData,0.0,1,1,0,18.8571,0.0,0.0,0,0.0,0.0,0.0,0.0,0.0,0.0,0.0,1,0,0,0,1,0.0,0.0,0.0,0.0,0.0,True
aeeem,org::eclipse::mylyn::internal::wikitext::textile::core::validation::TextileReferenceValidationRule,2,3,1,1,1,0,0,0,3.0,2.0,14,0,0,0.0,1,3.0,1.0,0,0,0,0,0,0,aeeem,org::eclipse::mylyn::internal::wikitext::textile::core::validation::TextileReferenceValidationRule,0.0,1,1,0,16.4286,0.0,0.0,0,0.0,0.0,0.0,0.0,0.0,0.0,0.0,1,0,0,0,0,0.0,0.0,0.0,0.0,0.0,True
aeeem,org::eclipse::mylyn::internal::tasks::ui::editors::TaskEditorCommentPart,13,2,0,13,66,0,13,1,225.0,12.0,19,12,6,0.0,5,98.0,28.0,1,1,0,0,0,1,aeeem,org::eclipse::mylyn::internal::tasks::ui::editors::TaskEditorCommentPart,335.0,52,2,0,61.2857,1666.0,1331.0,0,455.0,32.0385,359.0,25.5962,191.0,6.44231,31.5154,30,14,0,0,16,12.4279,0.154618,0.258047,9.58268,0.589208,True
aeeem,org::eclipse::mylyn::internal::context::ui::wizards::Messages,0,1,0,0,0,0,14,0,3.0,1.0,0,1,0,13.0,1,2.0,1.0,0,0,0,0,0,0,aeeem,org::eclipse::mylyn::internal::context::ui::wizards::Messages,0.0,3,1,0,14.8571,2.0,2.0,0,1.0,0.666667,1.0,0.666667,0.0,0.0,0.142857,2,0,0,0,0,0.0,0.0,0.0,0.0,0.0,True
aeeem,org::eclipse::mylyn::internal::java::ui::editor::AbstractEditorHyperlinkDetector,0,1,0,0,3,0,1,0,6.0,3.0,9,1,0,0.0,3,3.0,2.0,0,0,0,0,0,0,aeeem,org::eclipse::mylyn::internal::java::ui::editor::AbstractEditorHyperlinkDetector,1.0,5,1,0,162.571,8.0,7.0,0,5.0,1.6,4.0,1.4,4.0,0.2,111.875,4,3,0,0,3,3.95974,0.00144153,0.143127,9.15318,0.183381,True
aeeem,org::eclipse::mylyn::internal::wikitext::tracwiki::core::block::QuoteBlock,10,3,1,9,15,0,4,4,72.0,6.0,43,3,2,0.0,4,42.0,21.0,0,0,0,0,0,0,aeeem,org::eclipse::mylyn::internal::wikitext::tracwiki::core::block::QuoteBlock,0.0,3,2,0,32.7143,8.0,8.0,0,7.0,2.66667,7.0,2.66667,0.0,0.0,3.10714,3,3,0,0,0,1.49003,0.00238664,0.0435179,0.121386,0.116244,True
aeeem,org::eclipse::mylyn::internal::sandbox::ui::actions::OpenActiveSearchQuickView,3,1,0,3,6,0,1,0,26.0,4.0,9,1,0,0.0,4,12.0,6.0,0,0,0,0,0,0,aeeem,org::eclipse::mylyn::internal::sandbox::ui::actions::OpenActiveSearchQuickView,4.0,4,2,0,48.8571,6.0,2.0,0,4.0,1.5,1.0,0.5,3.0,1.0,21.7143,3,0,0,0,2,3.24474,0.00101878,0.148128,9.14866,0.21996,True
aeeem,org::eclipse::mylyn::internal::wikitext::ui::editor::preferences::Messages,3,1,2,1,1,0,2,0,9.0,2.0,9,2,1,0.0,1,3.0,2.0,1,0,0,0,0,1,aeeem,org::eclipse::mylyn::internal::wikitext::ui::editor::preferences::Messages,0.0,2,1,0,19.8571,1.0,1.0,0,1.0,0.5,1.0,0.5,0.0,0.0,2.0,1,1,0,0,0,0.0,0.0,0.0,0.0,0.0,True
aeeem,org::eclipse::mylyn::internal::web::tasks::WebConnectorUi,7,2,0,7,15,0,0,0,25.0,6.0,31,0,0,0.0,6,15.0,7.0,0,0,0,0,0,0,aeeem,org::eclipse::mylyn::internal::web::tasks::WebConnectorUi,3.0,16,2,1,90.4286,38.0,35.0,0,6.0,2.375,8.0,2.1875,4.0,0.1875,41.0752,12,7,0,0,8,8.10609,0.00441243,0.185283,9.33474,0.35363,True
aeeem,org::eclipse::mylyn::internal::jira::core::JiraClientFactory,27,1,17,10,91,0,4,0,81.0,14.0,14,4,1,0.0,13,48.0,23.0,0,0,0,0,0,0,aeeem,org::eclipse::mylyn::internal::jira::core::JiraClientFactory,-2.0,11,3,0,48.7143,43.0,45.0,1,14.0,3.90909,20.0,4.09091,4.0,-0.181818,10.8339,11,6,0,0,8,6.8241,0.0102299,0.19558,9.32581,0.402984,True
aeeem,org::eclipse::mylyn::internal::jira::core::service::web::JiraWebSessionCallback,6,1,3,3,10,13,4,0,36.0,5.0,9,4,0,0.0,4,15.0,11.0,0,0,0,0,0,0,aeeem,org::eclipse::mylyn::internal::jira::core::service::web::JiraWebSessionCallback,80.0,19,2,1,110.714,121.0,41.0,0,56.0,6.36842,5.0,2.15789,53.0,4.21053,59.5679,14,9,2,0,4,9.38441,0.0175303,0.188961,9.369,0.330635,True
aeeem,org::eclipse::mylyn::internal::context::ui::actions::FocusTaskListAction,10,2,2,8,66,0,4,8,117.0,12.0,26,4,1,0.0,7,47.0,22.0,1,0,1,0,1,1,aeeem,org::eclipse::mylyn::internal::context::ui::actions::FocusTaskListAction,45.0,30,4,1,119.0,172.0,127.0,0,40.0,5.73333,32.0,4.23333,13.0,1.5,56.2533,23,7,2,1,13,19.9302,0.0739626,0.266939,9.76692,0.554679,True
aeeem,org::eclipse::mylyn::wikitext::core::util::anttask::MarkupToDocbookTask,13,2,1,12,105,0,6,0,160.0,15.0,12,5,2,0.0,13,94.0,27.0,0,0,0,0,0,0,aeeem,org::eclipse::mylyn::wikitext::core::util::anttask::MarkupToDocbookTask,30.0,10,2,1,32.7143,79.0,49.0,0,30.0,7.9,28.0,4.9,12.0,3.0,8.9783,7,6,0,0,0,2.38141,0.0106429,0.132656,9.07779,0.205382,True
aeeem,org::eclipse::mylyn::internal::tasks::ui::properties::Messages,0,1,0,0,0,0,2,0,3.0,1.0,0,1,0,1.0,1,2.0,1.0,0,0,0,0,0,0,aeeem,org::eclipse::mylyn::internal::tasks::ui::properties::Messages,0.0,1,1,0,14.7143,0.0,0.0,0,0.0,0.0,0.0,0.0,0.0,0.0,0.0,1,0,0,0,0,0.0,0.0,0.0,0.0,0.0,True
aeeem,org::eclipse::mylyn::tasks::ui::SynchronizeChangedTasksJob,4,1,0,4,6,0,3,0,43.0,4.0,0,3,0,0.0,4,17.0,8.0,0,0,0,0,0,0,aeeem,org::eclipse::mylyn::tasks::ui::SynchronizeChangedTasksJob,0.0,4,2,1,91.7143,3.0,3.0,2,2.0,0.75,2.0,0.75,0.0,0.0,0.285714,4,1,0,0,4,2.11271,0.000266213,0.00620664,0.059885,0.00777259,True
aeeem,org::eclipse::mylyn::internal::wikitext::tracwiki::core::token::BangEscapeToken,1,2,1,0,6,0,0,0,9.0,4.0,22,0,0,0.0,1,5.0,3.0,0,0,0,0,0,0,aeeem,org::eclipse::mylyn::internal::wikitext::tracwiki::core::token::BangEscapeToken,0.0,3,2,0,32.7143,4.0,4.0,0,3.0,1.33333,3.0,1.33333,0.0,0.0,4.5,3,3,0,0,0,1.49003,0.00102285,0.0435179,0.121386,0.116244,True
aeeem,org::eclipse::mylyn::internal::tasks::ui::ScheduleTaskMenuContributor,8,1,1,7,28,0,2,0,213.0,8.0,10,2,4,0.0,2,71.0,21.0,0,0,0,0,0,0,aeeem,org::eclipse::mylyn::internal::tasks::ui::ScheduleTaskMenuContributor,5.0,64,3,2,125.0,641.0,636.0,1,113.0,10.0156,226.0,9.9375,48.0,0.078125,68.7078,35,21,1,1,21,20.5079,0.137177,0.262349,9.77005,0.557515,True
aeeem,org::eclipse::mylyn::internal::jira::core::model::filter::RelativeDateRangeFilter,4,2,2,2,36,0,5,0,43.0,9.0,19,5,0,0.0,8,23.0,11.0,0,0,0,0,0,0,aeeem,org::eclipse::mylyn::internal::jira::core::model::filter::RelativeDateRangeFilter,-11.0,9,2,0,110.714,13.0,24.0,0,5.0,1.44444,15.0,2.66667,4.0,-1.22222,53.1868,6,3,0,0,4,6.07208,0.00349947,0.157863,9.23201,0.237335,True
aeeem,org::eclipse::mylyn::internal::bugzilla::core::BugzillaClientManager,15,1,10,6,28,0,1,0,41.0,8.0,13,1,1,0.0,6,25.0,11.0,1,0,0,0,0,1,aeeem,org::eclipse::mylyn::internal::bugzilla::core::BugzillaClientManager,19.0,27,3,0,123.857,94.0,75.0,1,10.0,3.48148,10.0,2.77778,7.0,0.703704,66.9574,22,15,0,0,13,17.3813,0.0279405,0.22321,9.61825,0.439185,True
aeeem,org::eclipse::mylyn::internal::tasks::core::TaskRepositoriesExternalizer,14,1,2,12,6,0,4,0,78.0,4.0,9,1,0,0.0,4,45.0,10.0,0,0,0,0,0,0,aeeem,org::eclipse::mylyn::internal::tasks::core::TaskRepositoriesExternalizer,61.0,20,3,0,139.143,128.0,67.0,2,39.0,6.4,10.0,3.35,34.0,3.05,51.2042,17,7,1,1,12,16.2476,0.0560735,0.195936,9.53611,0.331866,True
aeeem,org::eclipse::mylyn::internal::tasks::ui::TasksReminderDialog,6,1,0,6,21,0,8,0,114.0,7.0,0,8,2,0.0,1,40.0,16.0,0,0,0,0,0,0,aeeem,org::eclipse::mylyn::internal::tasks::ui::TasksReminderDialog,-2.0,15,3,0,139.571,60.0,62.0,1,15.0,4.0,15.0,4.13333,4.0,-0.133333,77.1762,12,4,0,0,7,10.273,0.0100457,0.173316,9.35538,0.276405,True
aeeem,org::eclipse::mylyn::internal::monitor::ui::WorkbenchUserActivityMonitor,1,2,1,1,3,0,2,0,17.0,3.0,15,2,0,0.0,3,8.0,5.0,0,0,0,0,0,0,aeeem,org::eclipse::mylyn::internal::monitor::ui::WorkbenchUserActivityMonitor,-1.0,5,2,0,90.7143,6.0,7.0,0,4.0,1.2,4.0,1.4,3.0,-0.2,56.5,3,0,0,0,2,4.57121,0.00119132,0.152088,9.18643,0.225109,True
aeeem,org::eclipse::mylyn::internal::wikitext::ui::util::css::SparseCharSequence,10,1,2,8,21,0,3,0,91.0,7.0,22,3,1,0.0,6,46.0,27.0,0,0,0,0,0,0,aeeem,org::eclipse::mylyn::internal::wikitext::ui::util::css::SparseCharSequence,0.0,1,1,0,5.42857,0.0,0.0,0,0.0,0.0,0.0,0.0,0.0,0.0,0.0,1,1,0,0,0,0.0,0.0,0.0,0.0,0.0,True
aeeem,org::eclipse::mylyn::internal::wikitext::tracwiki::core::phrase::EscapePhraseModifier,2,2,1,1,6,0,0,0,12.0,4.0,22,0,0,0.0,1,5.0,3.0,0,0,0,0,0,0,aeeem,org::eclipse::mylyn::internal::wikitext::tracwiki::core::phrase::EscapePhraseModifier,-6.0,3,2,0,32.7143,9.0,15.0,0,5.0,3.0,11.0,5.0,0.0,-2.0,6.66667,3,3,0,0,0,1.49003,0.00272759,0.0435179,0.121386,0.116244,True
aeeem,org::eclipse::mylyn::internal::tasks::ui::editors::TaskEditorActionPart,23,2,2,23,55,0,11,1,214.0,11.0,19,11,5,0.0,5,104.0,36.0,3,3,0,0,0,1,aeeem,org::eclipse::mylyn::internal::tasks::ui::editors::TaskEditorActionPart,71.0,46,3,0,61.2857,534.0,463.0,0,121.0,11.6087,178.0,10.0652,91.0,1.54348,17.9572,28,15,1,1,15,11.9059,0.111531,0.254318,9.5629,0.574982,True
aeeem,org::eclipse::mylyn::zest::layouts::constraints::BasicEdgeConstraints,0,1,0,0,0,0,2,0,4.0,1.0,10,0,0,2.0,1,1.0,1.0,0,0,0,0,0,0,aeeem,org::eclipse::mylyn::zest::layouts::constraints::BasicEdgeConstraints,0.0,2,1,0,135.857,2.0,2.0,1,2.0,1.0,2.0,1.0,0.0,0.0,43.7143,1,1,0,0,0,1.45219,0.000271435,0.00420507,0.0409958,0.00508017,True
aeeem,org::eclipse::mylyn::internal::jira::core::wsdl::soap::RemoteValidationException,1,2,0,1,21,0,3,0,40.0,7.0,25,3,0,0.0,7,12.0,12.0,0,0,0,0,0,0,aeeem,org::eclipse::mylyn::internal::jira::core::wsdl::soap::RemoteValidationException,-1.0,9,2,0,110.714,106.0,107.0,0,76.0,11.7778,77.0,11.8889,7.0,-0.111111,27.686,7,4,1,1,5,5.94514,0.00808474,0.153982,9.22122,0.218565,True
aeeem,org::eclipse::mylyn::internal::sandbox::ui::IncomingTaskListContentProvider,9,3,1,8,10,0,1,1,51.0,5.0,19,0,1,1.0,4,38.0,15.0,0,0,0,0,0,0,aeeem,org::eclipse::mylyn::internal::sandbox::ui::IncomingTaskListContentProvider,30.0,14,3,0,79.0,80.0,50.0,0,21.0,5.71429,7.0,3.57143,19.0,2.14286,28.0554,9,4,1,0,6,9.13821,0.0161349,0.225123,9.43975,0.460328,True
aeeem,org::eclipse::mylyn::internal::tasks::ui::actions::CloneTaskAction,11,1,0,11,6,0,2,0,57.0,4.0,0,1,0,0.0,4,25.0,11.0,0,0,0,0,0,0,aeeem,org::eclipse::mylyn::internal::tasks::ui::actions::CloneTaskAction,3.0,20,3,0,77.7143,152.0,149.0,0,42.0,7.6,65.0,7.45,22.0,0.15,25.6767,17,6,0,0,9,13.2333,0.0951952,0.223693,9.53216,0.487901,True
aeeem,org::eclipse::mylyn::tasks::ui::TaskHyperlink,16,1,13,3,21,0,3,0,27.0,7.0,9,3,0,0.0,7,11.0,8.0,0,0,0,0,0,0,aeeem,org::eclipse::mylyn::tasks::ui::TaskHyperlink,20.0,16,3,0,105.143,101.0,81.0,0,60.0,6.3125,60.0,5.0625,60.0,1.25,14.9265,11,5,0,0,5,9.08117,0.0251407,0.177982,9.33956,0.300054,True
aeeem,org::eclipse::mylyn::internal::resources::ui::ResourcesUiPreferenceInitializer,7,1,3,4,21,0,4,0,34.0,7.0,0,1,0,1.0,7,23.0,9.0,0,0,0,0,0,0,aeeem,org::eclipse::mylyn::internal::resources::ui::ResourcesUiPreferenceInitializer,8.0,11,2,1,92.4286,39.0,31.0,0,20.0,3.54545,6.0,2.81818,17.0,0.727273,32.6154,10,5,0,0,5,8.59652,0.0168597,0.172122,9.32,0.285122,True
aeeem,org::eclipse::mylyn::internal::compatibility::Messages,0,1,0,0,0,0,4,0,3.0,1.0,0,1,0,3.0,1,2.0,1.0,0,0,0,0,0,0,aeeem,org::eclipse::mylyn::internal::compatibility::Messages,0.0,1,1,0,19.1429,0.0,0.0,0,0.0,0.0,0.0,0.0,0.0,0.0,0.0,1,0,0,0,0,0.0,0.0,0.0,0.0,0.0,True
aeeem,org::eclipse::mylyn::internal::xplanner::ui::XPlannerTaskDataHandler,22,2,2,21,28,0,1,0,152.0,8.0,17,1,1,0.0,7,100.0,30.0,1,1,0,0,0,1,aeeem,org::eclipse::mylyn::internal::xplanner::ui::XPlannerTaskDataHandler,0.0,1,1,0,6.42857,0.0,0.0,0,0.0,0.0,0.0,0.0,0.0,0.0,0.0,1,1,1,0,1,0.0,0.0,0.0,0.0,0.0,True
aeeem,org::eclipse::mylyn::internal::tasks::core::DateRange,26,1,23,3,91,2,3,0,87.0,14.0,9,2,0,0.0,14,49.0,33.0,0,0,0,0,0,0,aeeem,org::eclipse::mylyn::internal::tasks::core::DateRange,54.0,15,3,1,45.4286,300.0,246.0,1,192.0,20.0,108.0,16.4,183.0,3.6,5.54333,12,9,1,1,7,6.41309,0.0379042,0.213237,9.35199,0.424012,True
aeeem,org::eclipse::mylyn::internal::web::ui::WebUiUtil,6,1,3,3,6,0,0,0,65.0,4.0,9,0,0,0.0,4,27.0,17.0,0,0,0,0,0,0,aeeem,org::eclipse::mylyn::internal::web::ui::WebUiUtil,58.0,17,2,1,145.857,144.0,86.0,0,34.0,8.47059,30.0,5.05882,34.0,3.41176,42.3879,9,5,0,0,6,10.5612,0.0522185,0.164296,9.34163,0.226464,True
aeeem,org::eclipse::mylyn::internal::jira::core::service::web::JiraWebClient,28,1,10,19,325,0,1,0,602.0,26.0,9,1,11,0.0,14,135.0,101.0,0,0,0,0,0,0,aeeem,org::eclipse::mylyn::internal::jira::core::service::web::JiraWebClient,32.0,20,2,1,54.0,431.0,399.0,0,102.0,21.55,104.0,19.95,21.0,1.6,17.9466,18,13,2,0,6,8.52672,0.107189,0.241051,9.45586,0.521608,True
aeeem,org::eclipse::mylyn::internal::bugzilla::core::BugzillaQueryHit,2,2,0,2,6,0,1,6,20.0,4.0,45,1,0,0.0,3,7.0,9.0,0,0,0,0,0,0,aeeem,org::eclipse::mylyn::internal::bugzilla::core::BugzillaQueryHit,-46.0,11,2,1,132.714,15.0,61.0,0,5.0,1.36364,42.0,5.54545,3.0,-4.18182,18.7143,8,5,0,0,7,8.96649,0.0230222,0.0211046,0.238949,0.0150244,True
aeeem,org::eclipse::mylyn::internal::context::core::SaxContextContentHandler,9,1,1,8,6,0,8,0,77.0,4.0,51,6,0,0.0,4,24.0,13.0,1,1,0,0,0,1,aeeem,org::eclipse::mylyn::internal::context::core::SaxContextContentHandler,67.0,30,2,0,109.857,246.0,179.0,3,96.0,8.2,96.0,5.96667,96.0,2.23333,38.3304,20,9,1,0,11,19.4282,0.0651686,0.231108,9.68475,0.467452,True
aeeem,org::eclipse::mylyn::internal::tasks::ui::commands::RemoteTaskSelectionDialog,17,1,5,12,55,0,10,0,226.0,11.0,0,10,3,0.0,6,58.0,18.0,0,0,0,0,0,0,aeeem,org::eclipse::mylyn::internal::tasks::ui::commands::RemoteTaskSelectionDialog,-38.0,52,3,0,120.571,251.0,289.0,2,68.0,4.82692,67.0,5.55769,64.0,-0.730769,30.9158,34,13,2,1,21,22.151,0.0917094,0.228937,9.73828,0.433009,True
aeeem,org::eclipse::mylyn::internal::tasks::ui::notifications::TaskListNotificationQueryIncoming,4,3,0,4,3,0,0,2,19.0,3.0,42,0,0,0.0,3,7.0,7.0,0,0,0,0,0,0,aeeem,org::eclipse::mylyn::internal::tasks::ui::notifications::TaskListNotificationQueryIncoming,-54.0,10,2,0,66.8571,14.0,68.0,0,4.0,1.4,49.0,6.8,3.0,-5.4,29.0204,6,1,0,0,5,6.83865,0.0245382,0.172657,9.28183,0.308056,True
aeeem,org::eclipse::mylyn::wikitext::tests::ClassTraversal,4,1,1,3,1,0,1,0,21.0,2.0,9,1,1,0.0,1,14.0,3.0,0,0,0,0,0,0,aeeem,org::eclipse::mylyn::wikitext::tests::ClassTraversal,15.0,7,1,1,16.7143,19.0,4.0,0,11.0,2.71429,1.0,0.571429,10.0,2.14286,10.1729,4,4,0,0,0,0.0,0.0,0.0,0.0,0.0,True
aeeem,org::eclipse::mylyn::internal::trac::ui::TracSearchHandler,6,2,1,5,3,0,0,0,21.0,3.0,11,0,0,0.0,3,14.0,2.0,0,0,0,0,0,0,aeeem,org::eclipse::mylyn::internal::trac::ui::TracSearchHandler,3.0,6,2,0,39.5714,8.0,5.0,0,4.0,1.33333,1.0,0.833333,3.0,0.5,15.0536,3,1,0,0,2,3.37801,0.00150795,0.154967,9.16485,0.247924,True
aeeem,org::eclipse::mylyn::tasks::core::TaskRepository,231,1,220,12,1770,0,34,0,336.0,60.0,19,21,8,0.0,52,190.0,106.0,1,1,0,0,0,1,aeeem,org::eclipse::mylyn::tasks::core::TaskRepository,608.0,80,3,0,139.714,1609.0,1001.0,2,322.0,20.1125,332.0,12.5125,129.0,7.6,63.973,66,36,2,0,36,31.2165,0.416566,0.285032,10.0512,0.599876,True
aeeem,org::eclipse::mylyn::internal::jira::core::JiraField,0,2,0,0,0,0,0,0,3.0,1.0,18,0,0,0.0,1,1.0,1.0,0,0,0,0,0,0,aeeem,org::eclipse::mylyn::internal::jira::core::JiraField,0.0,1,1,0,18.8571,0.0,0.0,0,0.0,0.0,0.0,0.0,0.0,0.0,0.0,1,0,0,0,1,0.0,0.0,0.0,0.0,0.0,True
aeeem,org::eclipse::mylyn::bugzilla::deprecated::BugzillaCompareStructureCreator,3,1,1,2,15,0,0,0,30.0,6.0,9,0,0,0.0,6,9.0,9.0,0,0,0,0,0,0,aeeem,org::eclipse::mylyn::bugzilla::deprecated::BugzillaCompareStructureCreator,5.0,3,3,0,39.5714,8.0,3.0,0,8.0,2.66667,3.0,1.0,5.0,1.66667,13.0,3,1,0,0,3,1.84703,0.00208724,0.136921,9.09329,0.175609,True
aeeem,org::eclipse::mylyn::internal::jira::core::wsdl::soap::RemoteException,3,1,3,0,21,3,3,0,40.0,7.0,9,3,0,0.0,7,10.0,12.0,0,0,0,0,0,0,aeeem,org::eclipse::mylyn::internal::jira::core::wsdl::soap::RemoteException,-3.0,9,2,0,110.714,103.0,106.0,0,74.0,11.4444,77.0,11.7778,7.0,-0.333333,27.9168,7,4,1,1,5,5.94514,0.00795424,0.153982,9.22122,0.218565,True
aeeem,org::eclipse::mylyn::internal::bugzilla::core::SaxMultiBugReportContentHandler,21,1,1,20,66,0,17,0,523.0,12.0,51,17,6,0.0,6,248.0,130.0,1,0,0,0,1,1,aeeem,org::eclipse::mylyn::internal::bugzilla::core::SaxMultiBugReportContentHandler,336.0,46,4,0,103.0,1114.0,778.0,0,300.0,24.2174,300.0,16.913,300.0,7.30435,44.58,35,20,2,2,23,15.5602,0.191853,0.224788,9.58483,0.471113,True
aeeem,org::eclipse::mylyn::internal::tasks::ui::wizards::NewQueryWizard,2,2,1,1,0,0,0,0,3.0,1.0,5,0,0,0.0,1,2.0,1.0,0,0,0,0,0,0,aeeem,org::eclipse::mylyn::internal::tasks::ui::wizards::NewQueryWizard,1.0,21,3,1,139.571,41.0,40.0,2,5.0,1.95238,5.0,1.90476,4.0,0.047619,40.9512,13,4,1,0,8,11.3459,0.0201819,0.166622,9.36205,0.235278,True
aeeem,org::eclipse::mylyn::internal::wikitext::ui::util::WikiTextUiResources,2,1,2,0,0,0,3,0,12.0,1.0,9,1,0,0.0,1,4.0,2.0,0,0,0,0,0,0,aeeem,org::eclipse::mylyn::internal::wikitext::ui::util::WikiTextUiResources,0.0,2,2,0,26.5714,3.0,3.0,0,3.0,1.5,3.0,1.5,0.0,0.0,6.71429,2,2,1,1,0,0.0,0.0,0.0,0.0,0.0,True
aeeem,org::eclipse::mylyn::internal::jira::core::model::IssueLink,2,1,2,0,21,0,7,0,26.0,7.0,18,7,0,0.0,7,7.0,7.0,0,0,0,0,0,0,aeeem,org::eclipse::mylyn::internal::jira::core::model::IssueLink,31.0,7,2,0,110.714,45.0,14.0,0,31.0,6.42857,6.0,2.0,30.0,4.42857,26.8794,5,2,0,0,3,4.58293,0.00438091,0.145075,9.17116,0.186189,True
aeeem,org::eclipse::mylyn::internal::jira::core::model::IssueType,11,1,10,1,91,0,10,0,51.0,14.0,18,6,0,0.0,14,16.0,16.0,0,0,0,0,0,0,aeeem,org::eclipse::mylyn::internal::jira::core::model::IssueType,-23.0,14,2,0,110.714,41.0,64.0,0,11.0,2.92857,25.0,4.57143,11.0,-1.64286,54.7213,10,6,1,1,7,10.6655,0.0131727,0.19145,9.40365,0.347682,True
aeeem,org::eclipse::mylyn::internal::tasks::bugs::AttributeTaskMapper,10,1,5,5,10,0,1,0,25.0,5.0,9,1,0,0.0,5,16.0,8.0,1,0,0,0,0,1,aeeem,org::eclipse::mylyn::internal::tasks::bugs::AttributeTaskMapper,104.0,19,2,0,47.5714,177.0,73.0,0,99.0,9.31579,24.0,3.84211,99.0,5.47368,6.69169,13,5,0,0,5,4.92306,0.0131606,0.169719,9.2306,0.307768,True
aeeem,org::eclipse::mylyn::internal::tasks::ui::util::SelectionProviderAdapter,3,1,3,0,15,0,1,0,24.0,6.0,0,1,0,0.0,5,13.0,5.0,0,0,0,0,0,0,aeeem,org::eclipse::mylyn::internal::tasks::ui::util::SelectionProviderAdapter,22.0,4,2,0,57.8571,30.0,8.0,0,24.0,7.5,6.0,2.0,18.0,5.5,47.6429,3,0,0,0,1,1.84703,0.00113849,0.136921,9.09329,0.175609,True
aeeem,org::eclipse::mylyn::internal::tasks::ui::editors::ContentOutlineTools,2,1,2,0,1,0,1,0,24.0,2.0,9,0,0,0.0,2,12.0,8.0,0,0,0,0,0,0,aeeem,org::eclipse::mylyn::internal::tasks::ui::editors::ContentOutlineTools,1.0,10,3,0,139.571,20.0,19.0,0,5.0,2.0,4.0,1.9,4.0,0.1,64.8286,7,2,0,0,5,8.15599,0.00484522,0.168807,9.29824,0.262425,True
aeeem,org::eclipse::mylyn::internal::jira::core::service::soap::JiraSoapServiceLocator,1,3,1,0,15,0,2,0,43.0,6.0,12,2,0,0.0,6,9.0,7.0,0,0,0,0,0,0,aeeem,org::eclipse::mylyn::internal::jira::core::service::soap::JiraSoapServiceLocator,6.0,5,2,0,54.0,12.0,6.0,0,7.0,2.4,3.0,1.2,4.0,1.2,29.0833,4,2,0,0,4,3.32672,0.00239981,0.149833,9.15394,0.227553,True
aeeem,org::eclipse::mylyn::internal::bugzilla::ui::search::BugzillaSearchOperation,0,1,0,0,15,0,8,0,41.0,6.0,9,8,0,0.0,6,11.0,7.0,0,0,0,0,0,0,aeeem,org::eclipse::mylyn::internal::bugzilla::ui::search::BugzillaSearchOperation,1.0,7,2,0,148.571,14.0,13.0,0,6.0,2.0,6.0,1.85714,1.0,0.142857,14.1429,4,3,0,0,3,3.46707,0.00924667,0.00612207,0.0858819,0.00134487,True
aeeem,org::eclipse::mylyn::internal::wikitext::ui::editor::dnd::DndConfigurationStrategy,3,1,1,2,3,0,4,0,24.0,3.0,9,4,0,0.0,3,9.0,4.0,0,0,0,0,0,0,aeeem,org::eclipse::mylyn::internal::wikitext::ui::editor::dnd::DndConfigurationStrategy,0.0,2,1,1,7.71429,1.0,1.0,0,1.0,0.5,1.0,0.5,0.0,0.0,0.142857,1,1,0,0,0,0.0,0.0,0.0,0.0,0.0,True
aeeem,org::eclipse::mylyn::internal::xplanner::ui::editor::XPlannerUserStoryEditor,22,1,1,21,210,0,9,0,301.0,21.0,0,9,8,0.0,11,122.0,30.0,1,1,0,0,0,1,aeeem,org::eclipse::mylyn::internal::xplanner::ui::editor::XPlannerUserStoryEditor,0.0,1,1,0,6.42857,0.0,0.0,0,0.0,0.0,0.0,0.0,0.0,0.0,0.0,1,1,1,0,1,0.0,0.0,0.0,0.0,0.0,True
aeeem,org::eclipse::mylyn::internal::sandbox::ui::JavaContextLabelProvider,7,1,1,6,21,0,2,0,96.0,7.0,0,2,3,0.0,4,44.0,35.0,0,0,0,0,0,0,aeeem,org::eclipse::mylyn::internal::sandbox::ui::JavaContextLabelProvider,2.0,5,2,0,48.8571,9.0,7.0,0,5.0,1.8,4.0,1.4,1.0,0.4,18.3175,4,1,0,0,3,4.8068,0.00207769,0.164621,9.2181,0.286827,True
aeeem,org::eclipse::mylyn::internal::tasks::ui::actions::TaskDeactivateAction,5,1,4,1,1,0,1,0,8.0,2.0,0,0,0,0.0,2,6.0,2.0,0,0,0,0,0,0,aeeem,org::eclipse::mylyn::internal::tasks::ui::actions::TaskDeactivateAction,2.0,25,2,1,139.571,46.0,44.0,2,8.0,1.84,8.0,1.76,3.0,0.08,69.1118,21,8,1,0,15,14.5878,0.00839359,0.197137,9.5031,0.353685,True
aeeem,org::eclipse::mylyn::internal::tasks::ui::actions::AbstractTaskRepositoryAction,7,1,2,5,15,4,1,0,41.0,6.0,0,1,0,0.0,1,19.0,15.0,0,0,0,0,0,0,aeeem,org::eclipse::mylyn::internal::tasks::ui::actions::AbstractTaskRepositoryAction,41.0,16,2,0,107.857,113.0,72.0,0,43.0,7.0625,43.0,4.5,43.0,2.5625,36.9545,10,4,0,0,8,11.6813,0.0364443,0.189049,9.42324,0.340086,True
aeeem,org::eclipse::mylyn::internal::tasks::ui::views::TaskRepositoriesTableLabelProvider,3,1,0,3,3,0,0,0,42.0,3.0,0,0,0,0.0,3,12.0,13.0,0,0,0,0,0,0,aeeem,org::eclipse::mylyn::internal::tasks::ui::views::TaskRepositoriesTableLabelProvider,0.0,2,2,0,131.571,0.0,0.0,0,0.0,0.0,0.0,0.0,0.0,0.0,0.0,2,2,1,0,2,0.0,0.0,0.0,0.0,0.0,True
aeeem,org::eclipse::mylyn::internal::tasks::ui::TaskArchiveFilter,1,2,0,1,0,0,0,0,14.0,1.0,11,0,0,0.0,1,3.0,5.0,0,0,0,0,0,0,aeeem,org::eclipse::mylyn::internal::tasks::ui::TaskArchiveFilter,11.0,18,3,0,139.571,48.0,37.0,0,11.0,2.66667,8.0,2.05556,8.0,0.611111,78.2351,11,5,1,0,8,11.8554,0.0186168,0.185228,9.41728,0.312312,True
aeeem,org::eclipse::mylyn::internal::tasks::ui::views::TaskListToolTipHandler,15,1,0,15,120,0,2,0,456.0,16.0,9,2,15,0.0,1,142.0,84.0,0,0,0,0,0,0,aeeem,org::eclipse::mylyn::internal::tasks::ui::views::TaskListToolTipHandler,279.0,62,2,4,139.571,1290.0,1011.0,0,255.0,20.8065,319.0,16.3065,100.0,4.5,42.357,40,15,2,1,14,15.72,0.217807,0.0381023,0.421471,0.03304,True
aeeem,org::eclipse::mylyn::internal::tasks::ui::actions::CommentActionGroup,2,1,1,1,15,0,2,0,32.0,6.0,0,2,2,0.0,4,16.0,9.0,0,0,0,0,0,0,aeeem,org::eclipse::mylyn::internal::tasks::ui::actions::CommentActionGroup,0.0,1,1,0,6.85714,0.0,0.0,0,0.0,0.0,0.0,0.0,0.0,0.0,0.0,1,0,0,0,0,0.0,0.0,0.0,0.0,0.0,True
aeeem,org::eclipse::mylyn::internal::tasks::core::data::TaskDataState,10,1,5,6,253,0,10,0,130.0,23.0,20,10,2,0.0,19,81.0,32.0,0,0,0,0,0,0,aeeem,org::eclipse::mylyn::internal::tasks::core::data::TaskDataState,59.0,15,2,0,47.1429,151.0,92.0,0,36.0,10.0667,44.0,6.13333,19.0,3.93333,2.7474,7,4,0,0,6,6.31013,0.0163344,0.1853,9.29392,0.368531,True
aeeem,org::eclipse::mylyn::internal::tasks::ui::actions::TaskListSortAction,2,1,1,2,1,0,2,0,11.0,2.0,0,2,0,0.0,2,7.0,3.0,0,0,0,0,0,0,aeeem,org::eclipse::mylyn::internal::tasks::ui::actions::TaskListSortAction,12.0,5,3,0,44.7143,16.0,4.0,0,7.0,3.2,1.0,0.8,6.0,2.4,28.0089,4,1,0,0,3,1.84703,0.00151799,0.136921,9.09329,0.175609,True
aeeem,org::eclipse::mylyn::internal::tasks::ui::actions::SynchronizeAllAction,1,1,0,1,3,0,0,0,9.0,3.0,9,0,0,0.0,3,4.0,3.0,0,0,0,0,0,0,aeeem,org::eclipse::mylyn::internal::tasks::ui::actions::SynchronizeAllAction,0.0,11,3,0,139.429,16.0,16.0,0,4.0,1.45455,4.0,1.45455,3.0,0.0,84.4286,7,3,1,0,6,8.1666,0.00415321,0.163445,9.28911,0.245869,True
aeeem,org::eclipse::mylyn::wikitext::core::parser::LinkAttributes,6,2,6,0,10,0,2,0,12.0,5.0,20,2,0,0.0,5,5.0,4.0,0,0,0,0,0,0,aeeem,org::eclipse::mylyn::wikitext::core::parser::LinkAttributes,30.0,5,2,1,32.7143,33.0,3.0,0,28.0,6.6,2.0,0.6,28.0,6.0,3.03896,3,3,0,0,0,1.49003,0.00562565,0.0435179,0.121386,0.116244,True
aeeem,org::eclipse::mylyn::internal::jira::core::model::ServerInfo,10,1,9,1,153,0,9,0,52.0,18.0,18,9,0,0.0,18,20.0,17.0,0,0,0,0,0,0,aeeem,org::eclipse::mylyn::internal::jira::core::model::ServerInfo,29.0,12,2,0,110.714,49.0,20.0,0,12.0,4.08333,5.0,1.66667,10.0,2.41667,42.8134,8,3,1,0,6,6.56833,0.00556807,0.155929,9.23919,0.221372,True
aeeem,org::eclipse::mylyn::internal::monitor::usage::editors::UsageSummaryReportEditorPart,15,2,0,15,36,0,7,4,189.0,9.0,12,6,6,0.0,1,62.0,17.0,0,0,0,0,0,0,aeeem,org::eclipse::mylyn::internal::monitor::usage::editors::UsageSummaryReportEditorPart,31.0,26,3,0,103.571,445.0,414.0,1,278.0,17.1154,283.0,15.9231,278.0,1.19231,4.49567,14,5,1,0,10,14.581,0.107371,0.203881,9.51789,0.37968,True
aeeem,org::eclipse::mylyn::internal::sandbox::dev::IntrospectObjectAction,14,1,0,14,3,0,1,0,64.0,3.0,9,1,0,0.0,3,32.0,13.0,0,0,0,0,0,0,aeeem,org::eclipse::mylyn::internal::sandbox::dev::IntrospectObjectAction,7.0,22,2,0,92.0,48.0,41.0,0,7.0,2.18182,7.0,1.86364,4.0,0.318182,30.2321,14,4,0,0,9,9.31304,0.00766528,0.183568,9.35863,0.333642,True
aeeem,org::eclipse::mylyn::internal::wikitext::ui::viewer::AnnotationHyperlinkDetector,7,1,2,5,6,1,0,0,50.0,4.0,9,0,0,0.0,2,25.0,14.0,0,0,0,0,0,0,aeeem,org::eclipse::mylyn::internal::wikitext::ui::viewer::AnnotationHyperlinkDetector,7.0,4,2,0,32.7143,26.0,19.0,0,20.0,6.5,17.0,4.75,4.0,1.75,2.22527,4,4,0,0,0,1.49003,0.0073304,0.0435179,0.121386,0.116244,True
aeeem,org::eclipse::mylyn::internal::tasks::ui::wizards::NewLocalCategoryWizard,1,1,0,1,3,0,0,0,10.0,3.0,0,0,0,0.0,3,6.0,3.0,0,0,0,0,0,0,aeeem,org::eclipse::mylyn::internal::tasks::ui::wizards::NewLocalCategoryWizard,2.0,7,2,0,133.0,11.0,9.0,0,4.0,1.57143,2.0,1.28571,3.0,0.285714,69.8571,4,2,0,0,2,5.22331,0.00336366,0.145653,9.18542,0.184572,True
aeeem,org::eclipse::mylyn::internal::wikitext::ui::editor::commands::ShowQuickOutlineCommand,1,1,0,1,0,0,1,0,14.0,1.0,0,0,0,0.0,1,7.0,4.0,1,0,0,0,0,1,aeeem,org::eclipse::mylyn::internal::wikitext::ui::editor::commands::ShowQuickOutlineCommand,0.0,1,1,0,4.0,0.0,0.0,0,0.0,0.0,0.0,0.0,0.0,0.0,0.0,1,0,0,0,0,0.0,0.0,0.0,0.0,0.0,True
aeeem,org::eclipse::mylyn::internal::jira::core::model::filter::NobodyFilter,2,2,2,0,1,0,1,0,3.0,2.0,19,1,0,0.0,1,3.0,1.0,0,0,0,0,0,0,aeeem,org::eclipse::mylyn::internal::jira::core::model::filter::NobodyFilter,2.0,7,1,0,110.714,10.0,8.0,0,5.0,1.42857,4.0,1.14286,4.0,0.285714,58.7,4,2,0,0,3,4.58293,0.00233384,0.145075,9.17116,0.186189,True
aeeem,org::eclipse::mylyn::internal::java::ui::editor::ActiveFoldingListener,12,2,3,10,36,0,5,0,124.0,9.0,17,5,1,0.0,8,67.0,28.0,2,2,0,0,0,1,aeeem,org::eclipse::mylyn::internal::java::ui::editor::ActiveFoldingListener,-195.0,47,2,0,164.0,442.0,637.0,3,185.0,9.40425,269.0,13.5532,7.0,-4.14894,35.6639,31,16,0,0,22,24.988,0.75359,0.217043,9.76435,0.365845,True
aeeem,org::eclipse::mylyn::internal::tasks::ui::util::TaskComparator,13,1,6,7,136,0,6,0,153.0,17.0,9,5,4,0.0,13,67.0,49.0,0,0,0,0,0,0,aeeem,org::eclipse::mylyn::internal::tasks::ui::util::TaskComparator,67.0,5,1,2,9.57143,71.0,4.0,0,35.0,14.2,3.0,0.8,32.0,13.4,4.84507,4,4,2,0,2,0.0,0.0,0.0,0.0,0.0,True
aeeem,org::eclipse::mylyn::internal::tests::report::Build,2,1,2,0,1,0,1,0,6.0,2.0,9,1,0,0.0,2,2.0,2.0,0,0,0,0,0,0,aeeem,org::eclipse::mylyn::internal::tests::report::Build,14.0,3,2,0,65.2857,15.0,1.0,0,10.0,5.0,1.0,0.333333,10.0,4.66667,24.4286,3,0,0,0,1,3.24474,0.00183889,0.148128,9.14866,0.21996,True
aeeem,org::eclipse::mylyn::zest::layouts::constraints::LabelLayoutConstraint,0,1,0,0,0,0,2,0,4.0,1.0,10,0,0,2.0,1,1.0,1.0,0,0,0,0,0,0,aeeem,org::eclipse::mylyn::zest::layouts::constraints::LabelLayoutConstraint,0.0,2,1,0,135.857,2.0,2.0,1,2.0,1.0,2.0,1.0,0.0,0.0,43.7143,1,1,0,0,0,1.45219,0.000271435,0.00420507,0.0409958,0.00508017,True
aeeem,org::eclipse::mylyn::internal::bugzilla::ui::editor::BugzillaTaskEditorPageFactory,6,2,1,5,15,1,0,4,25.0,6.0,17,0,0,0.0,6,15.0,9.0,0,0,0,0,0,0,aeeem,org::eclipse::mylyn::internal::bugzilla::ui::editor::BugzillaTaskEditorPageFactory,4.0,6,3,0,42.0,12.0,8.0,0,4.0,2.0,3.0,1.33333,3.0,0.666667,8.10714,6,1,0,0,5,4.15475,0.00152706,0.162734,9.19857,0.279504,True
aeeem,org::eclipse::mylyn::internal::context::ui::actions::ContextActiveActionFilter,2,1,0,2,0,0,0,0,3.0,1.0,9,0,0,0.0,1,3.0,1.0,0,0,0,0,0,0,aeeem,org::eclipse::mylyn::internal::context::ui::actions::ContextActiveActionFilter,0.0,7,1,0,102.714,35.0,35.0,2,26.0,5.0,26.0,5.0,26.0,0.0,12.8286,3,1,0,0,2,6.79021,0.00849371,0.157961,9.24751,0.230782,True
aeeem,org::eclipse::mylyn::internal::context::ui::actions::AbstractInterestManipulationAction,6,1,0,6,28,4,5,0,74.0,8.0,9,1,0,0.0,4,33.0,15.0,0,0,0,0,0,0,aeeem,org::eclipse::mylyn::internal::context::ui::actions::AbstractInterestManipulationAction,18.0,26,2,1,139.714,138.0,120.0,0,16.0,5.30769,17.0,4.61538,8.0,0.692308,58.205,20,10,1,0,10,18.0235,0.0365683,0.207819,9.60027,0.367451,True
aeeem,org::eclipse::mylyn::internal::jira::core::TaskSchema,0,1,0,0,0,0,1,0,0.0,0.0,9,0,0,0.0,0,0.0,0.0,0,0,0,0,0,0,aeeem,org::eclipse::mylyn::internal::jira::core::TaskSchema,0.0,1,1,0,18.8571,0.0,0.0,0,0.0,0.0,0.0,0.0,0.0,0.0,0.0,1,0,0,0,1,0.0,0.0,0.0,0.0,0.0,True
aeeem,org::eclipse::mylyn::internal::wikitext::ui::util::css::DescendantSelector,4,2,2,2,3,0,1,0,17.0,3.0,10,1,0,0.0,3,6.0,5.0,0,0,0,0,0,0,aeeem,org::eclipse::mylyn::internal::wikitext::ui::util::css::DescendantSelector,0.0,2,1,1,7.42857,1.0,1.0,1,1.0,0.5,1.0,0.5,0.0,0.0,0.571429,1,0,0,0,0,0.0,0.0,0.0,0.0,0.0,True
aeeem,org::eclipse::mylyn::internal::wikitext::textile::core::block::PreformattedBlock,8,3,1,7,6,0,6,4,42.0,4.0,43,5,0,0.0,4,20.0,13.0,0,0,0,0,0,0,aeeem,org::eclipse::mylyn::internal::wikitext::textile::core::block::PreformattedBlock,0.0,3,2,0,32.7143,11.0,11.0,0,9.0,3.66667,9.0,3.66667,0.0,0.0,3.74026,3,3,0,0,0,1.49003,0.00306854,0.0435179,0.121386,0.116244,True
aeeem,org::eclipse::mylyn::internal::java::ui::search::Messages,0,1,0,0,0,0,3,0,3.0,1.0,0,1,0,2.0,1,2.0,1.0,0,0,0,0,0,0,aeeem,org::eclipse::mylyn::internal::java::ui::search::Messages,0.0,1,1,0,14.8571,0.0,0.0,0,0.0,0.0,0.0,0.0,0.0,0.0,0.0,1,0,0,0,0,0.0,0.0,0.0,0.0,0.0,True
aeeem,org::eclipse::mylyn::internal::bugzilla::ui::BugzillaResultMatchAdapter,1,1,0,1,3,0,2,0,23.0,3.0,9,2,0,0.0,3,8.0,7.0,0,0,0,0,0,0,aeeem,org::eclipse::mylyn::internal::bugzilla::ui::BugzillaResultMatchAdapter,8.0,15,2,0,164.0,42.0,34.0,1,6.0,2.8,6.0,2.26667,3.0,0.533333,25.9694,10,4,0,0,6,8.24642,0.0238411,0.0149857,0.205613,0.00409883,True
aeeem,org::eclipse::mylyn::internal::context::ui::preferences::ContextUiPreferencePage,2,1,0,2,36,0,5,0,111.0,9.0,0,5,1,0.0,7,24.0,10.0,0,0,0,0,0,0,aeeem,org::eclipse::mylyn::internal::context::ui::preferences::ContextUiPreferencePage,-488.0,22,2,0,137.286,157.0,645.0,0,57.0,7.13636,511.0,29.3182,29.0,-22.1818,70.0409,17,5,0,0,7,13.8712,0.399081,0.198917,9.49066,0.367883,True
aeeem,org::eclipse::mylyn::internal::monitor::core::collection::DataOverviewCollector,10,1,1,9,45,0,9,0,152.0,10.0,14,9,0,0.0,10,91.0,21.0,0,0,0,0,0,0,aeeem,org::eclipse::mylyn::internal::monitor::core::collection::DataOverviewCollector,27.0,8,2,0,109.857,73.0,46.0,1,37.0,9.125,34.0,5.75,17.0,3.375,68.6634,7,3,1,0,5,6.7028,0.00518803,0.155439,9.24064,0.217847,True
aeeem,org::eclipse::mylyn::internal::web::ui::WebUiBridgePlugin,12,1,6,7,45,0,5,0,51.0,10.0,0,4,2,0.0,8,26.0,13.0,0,0,0,0,0,0,aeeem,org::eclipse::mylyn::internal::web::ui::WebUiBridgePlugin,25.0,18,2,0,92.4286,70.0,45.0,1,21.0,3.88889,9.0,2.5,12.0,1.38889,35.1571,15,3,0,0,11,12.9863,0.0175221,0.205969,9.48988,0.412084,True
aeeem,org::eclipse::mylyn::internal::wikitext::textile::core::validation::Messages,2,1,1,1,1,0,2,0,9.0,2.0,9,2,1,0.0,1,3.0,2.0,0,0,0,0,0,0,aeeem,org::eclipse::mylyn::internal::wikitext::textile::core::validation::Messages,0.0,2,1,0,19.8571,1.0,1.0,0,1.0,0.5,1.0,0.5,0.0,0.0,2.0,1,1,0,0,0,0.0,0.0,0.0,0.0,0.0,True
aeeem,org::eclipse::mylyn::internal::jira::ui::editor::JiraTaskEditorPageFactory,6,2,0,6,15,0,0,4,26.0,6.0,17,0,0,0.0,6,16.0,9.0,0,0,0,0,0,0,aeeem,org::eclipse::mylyn::internal::jira::ui::editor::JiraTaskEditorPageFactory,18.0,16,2,1,50.4286,43.0,25.0,0,16.0,2.6875,4.0,1.5625,14.0,1.125,8.35548,14,6,0,0,7,6.84276,0.00326277,0.184655,9.30574,0.366346,True
aeeem,org::eclipse::mylyn::internal::sandbox::dev::InterestDecrementAction,0,2,0,0,1,0,0,4,6.0,2.0,17,0,0,0.0,1,2.0,2.0,0,0,0,0,0,0,aeeem,org::eclipse::mylyn::internal::sandbox::dev::InterestDecrementAction,3.0,4,2,0,70.8571,7.0,4.0,0,4.0,1.75,2.0,1.0,3.0,0.75,38.8367,3,1,1,0,2,3.13741,0.0012387,0.14525,9.14037,0.20589,True
aeeem,upload::UsageAnalysis,11,1,0,11,45,0,13,0,307.0,10.0,9,0,3,8.0,7,129.0,34.0,0,0,0,0,0,0,aeeem,upload::UsageAnalysis,111.0,9,1,0,103.714,141.0,30.0,0,111.0,15.6667,16.0,3.33333,95.0,12.3333,11.773,6,3,1,0,3,5.41242,0.0239147,0.147109,9.19356,0.187565,True
aeeem,org::eclipse::mylyn::internal::tasks::core::TaskActivityUtil,28,1,26,4,435,0,2,0,194.0,30.0,9,2,1,0.0,27,106.0,39.0,0,0,0,0,0,0,aeeem,org::eclipse::mylyn::internal::tasks::core::TaskActivityUtil,110.0,15,3,1,81.0,149.0,39.0,1,53.0,9.93333,10.0,2.6,52.0,7.33333,33.0892,15,8,1,1,9,10.7478,0.0231392,0.220577,9.46936,0.45342,True
aeeem,org::eclipse::mylyn::internal::context::ui::actions::TaskContextAction,3,1,0,3,1,2,1,0,21.0,2.0,0,0,0,0.0,1,9.0,5.0,0,0,0,0,0,0,aeeem,org::eclipse::mylyn::internal::context::ui::actions::TaskContextAction,0.0,10,2,0,118.714,26.0,26.0,0,5.0,2.6,5.0,2.6,3.0,0.0,49.1593,9,3,0,0,5,6.9025,0.00335277,0.169087,9.27429,0.287578,True
aeeem,org::eclipse::mylyn::internal::resources::ui::ResourceChangeMonitor,10,1,3,8,21,0,2,0,70.0,7.0,9,2,0,0.0,7,28.0,20.0,0,0,0,0,0,0,aeeem,org::eclipse::mylyn::internal::resources::ui::ResourceChangeMonitor,152.0,24,2,1,92.4286,294.0,142.0,1,92.0,12.25,61.0,5.91667,47.0,6.33333,61.1934,19,7,2,0,13,13.1894,0.0391202,0.208349,9.49936,0.418835,True
aeeem,org::eclipse::mylyn::wikitext::core::parser::markup::Block,44,2,42,2,21,37,1,4,15.0,7.0,36,1,0,0.0,6,11.0,5.0,0,0,0,0,0,0,aeeem,org::eclipse::mylyn::wikitext::core::parser::markup::Block,-1.0,4,2,0,32.7143,33.0,34.0,0,31.0,8.25,28.0,8.5,3.0,-0.25,3.27273,3,2,0,0,1,1.49003,0.010058,0.0435179,0.121386,0.116244,True
aeeem,org::eclipse::mylyn::internal::sandbox::ui::hyperlinks::DefaultResourceHyperlink,2,1,1,1,15,0,2,0,40.0,6.0,9,2,1,0.0,5,12.0,7.0,0,0,0,0,0,0,aeeem,org::eclipse::mylyn::internal::sandbox::ui::hyperlinks::DefaultResourceHyperlink,3.0,3,2,0,31.8571,5.0,2.0,0,4.0,1.66667,1.0,0.666667,3.0,1.0,5.31429,2,0,0,0,1,1.84703,0.00132824,0.136921,9.09329,0.175609,True
aeeem,org::eclipse::mylyn::internal::xplanner::core::Messages,0,1,0,0,0,0,6,0,2.0,1.0,0,1,1,5.0,0,1.0,1.0,0,0,0,0,0,0,aeeem,org::eclipse::mylyn::internal::xplanner::core::Messages,0.0,1,1,0,6.42857,0.0,0.0,0,0.0,0.0,0.0,0.0,0.0,0.0,0.0,1,1,1,0,1,0.0,0.0,0.0,0.0,0.0,True
aeeem,org::eclipse::mylyn::internal::jira::core::service::FilterDefinitionConverter,40,1,5,35,105,0,29,0,461.0,15.0,9,29,11,0.0,4,259.0,108.0,1,1,0,0,1,1,aeeem,org::eclipse::mylyn::internal::jira::core::service::FilterDefinitionConverter,0.0,1,1,0,2.71429,0.0,0.0,0,0.0,0.0,0.0,0.0,0.0,0.0,0.0,1,0,0,0,1,0.0,0.0,0.0,0.0,0.0,True
aeeem,org::eclipse::mylyn::internal::team::ui::ContextActiveChangeSetManager,20,3,1,19,91,0,7,1,199.0,14.0,21,7,3,0.0,9,97.0,42.0,1,1,0,0,0,1,aeeem,org::eclipse::mylyn::internal::team::ui::ContextActiveChangeSetManager,57.0,35,2,0,92.4286,240.0,183.0,2,55.0,6.85714,37.0,5.22857,18.0,1.62857,48.1458,24,9,1,1,15,14.7562,0.0444828,0.262584,9.64364,0.584215,True
aeeem,org::eclipse::mylyn::internal::trac::core::model::TracSeverity,3,2,3,0,0,0,1,0,3.0,1.0,23,1,0,0.0,1,1.0,1.0,0,0,0,0,0,0,aeeem,org::eclipse::mylyn::internal::trac::core::model::TracSeverity,3.0,7,2,0,133.0,9.0,6.0,0,4.0,1.28571,1.0,0.857143,3.0,0.428571,87.1746,4,2,0,0,3,3.25645,0.00169356,0.141114,9.13338,0.18104,True
aeeem,org::eclipse::mylyn::internal::trac::ui::TracHyperlinkDetector,4,2,0,4,1,0,0,0,9.0,2.0,4,0,0,0.0,1,6.0,4.0,0,0,0,0,0,0,aeeem,org::eclipse::mylyn::internal::trac::ui::TracHyperlinkDetector,-80.0,12,3,0,105.714,69.0,149.0,0,27.0,5.75,68.0,12.4167,11.0,-6.66667,39.3271,8,4,2,0,4,6.94451,0.0364822,0.168755,9.27316,0.281694,True
aeeem,org::eclipse::mylyn::internal::context::ui::views::ContextNodeOpenListener,10,1,4,6,21,0,1,0,39.0,7.0,9,1,1,0.0,6,21.0,10.0,0,0,0,0,0,0,aeeem,org::eclipse::mylyn::internal::context::ui::views::ContextNodeOpenListener,67.0,14,2,0,139.714,110.0,43.0,0,38.0,7.85714,6.0,3.07143,34.0,4.78571,44.0506,8,3,0,0,5,10.9647,0.0205094,0.171634,9.3669,0.262429,True
aeeem,org::eclipse::mylyn::internal::xplanner::core::service::XPlannerService,3,2,3,0,3,2,0,0,10.0,3.0,55,0,0,0.0,3,3.0,3.0,0,0,0,0,0,0,aeeem,org::eclipse::mylyn::internal::xplanner::core::service::XPlannerService,0.0,1,1,0,6.42857,0.0,0.0,0,0.0,0.0,0.0,0.0,0.0,0.0,0.0,1,1,1,0,1,0.0,0.0,0.0,0.0,0.0,True
aeeem,org::eclipse::mylyn::internal::tasks::ui::actions::AbstractChangeCompletionAction,3,1,0,3,1,0,0,0,32.0,2.0,0,0,0,0.0,0,7.0,6.0,0,0,0,0,0,0,aeeem,org::eclipse::mylyn::internal::tasks::ui::actions::AbstractChangeCompletionAction,6.0,8,2,0,90.2857,28.0,22.0,0,8.0,3.5,7.0,2.75,3.0,0.75,50.6633,8,3,0,0,3,6.12708,0.00254787,0.166306,9.25052,0.278697,True
aeeem,org::eclipse::mylyn::internal::team::ccvs::Messages,0,1,0,0,0,0,4,0,3.0,1.0,0,1,0,3.0,1,2.0,1.0,0,0,0,0,0,0,aeeem,org::eclipse::mylyn::internal::team::ccvs::Messages,0.0,1,1,0,19.1429,0.0,0.0,0,0.0,0.0,0.0,0.0,0.0,0.0,0.0,1,0,0,0,0,0.0,0.0,0.0,0.0,0.0,True
aeeem,org::eclipse::mylyn::internal::tasks::ui::editors::TaskEditorNewCommentPart,4,3,0,4,1,1,0,1,9.0,2.0,31,0,0,0.0,2,11.0,2.0,0,0,0,0,0,0,aeeem,org::eclipse::mylyn::internal::tasks::ui::editors::TaskEditorNewCommentPart,-295.0,15,2,1,61.2857,62.0,357.0,0,17.0,4.13333,313.0,23.8,17.0,-19.6667,23.4977,9,3,0,0,7,6.61308,0.0488392,0.189926,9.30932,0.372397,True
aeeem,org::eclipse::mylyn::internal::bugzilla::core::BugzillaRepositoryConnector,47,2,17,32,406,0,11,0,417.0,29.0,36,8,3,0.0,26,230.0,85.0,0,0,0,0,0,0,aeeem,org::eclipse::mylyn::internal::bugzilla::core::BugzillaRepositoryConnector,288.0,169,3,11,131.571,2469.0,2181.0,4,474.0,14.6095,267.0,12.9053,421.0,1.70414,43.9193,108,61,9,4,60,32.9492,0.778731,0.303627,10.1284,0.608959,True
aeeem,org::eclipse::mylyn::internal::tasks::ui::editors::RepositoryTextViewer,0,1,0,0,21,0,2,0,31.0,7.0,0,2,0,0.0,6,14.0,11.0,1,1,0,0,0,1,aeeem,org::eclipse::mylyn::internal::tasks::ui::editors::RepositoryTextViewer,-36.0,13,3,0,139.571,69.0,105.0,0,21.0,5.30769,88.0,8.07692,20.0,-2.76923,50.3147,12,3,0,0,8,12.2241,0.0983572,0.177856,9.4069,0.285441,True
aeeem,org::eclipse::mylyn::internal::context::ui::actions::InterestIncrementAction,0,2,0,0,0,0,0,4,3.0,1.0,17,0,0,0.0,0,1.0,1.0,0,0,0,0,0,0,aeeem,org::eclipse::mylyn::internal::context::ui::actions::InterestIncrementAction,0.0,6,1,1,139.714,8.0,8.0,0,4.0,1.33333,4.0,1.33333,3.0,0.0,82.625,5,3,0,0,4,4.96177,0.00196845,0.146935,9.18381,0.191352,True
aeeem,org::eclipse::mylyn::tasks::ui::editors::LayoutHint,1,1,1,0,1,0,3,0,17.0,2.0,9,0,0,2.0,2,2.0,8.0,0,0,0,0,0,0,aeeem,org::eclipse::mylyn::tasks::ui::editors::LayoutHint,53.0,4,2,0,45.8571,55.0,2.0,0,31.0,13.75,1.0,0.5,30.0,13.25,26.3065,4,2,0,0,1,1.84703,0.000948744,0.136921,9.09329,0.175609,True
aeeem,org::eclipse::mylyn::internal::wikitext::ui::Messages,3,1,2,1,1,0,2,0,9.0,2.0,9,2,1,0.0,1,3.0,2.0,1,0,0,0,0,1,aeeem,org::eclipse::mylyn::internal::wikitext::ui::Messages,0.0,2,1,0,19.8571,1.0,1.0,0,1.0,0.5,1.0,0.5,0.0,0.0,2.0,1,1,0,0,0,0.0,0.0,0.0,0.0,0.0,True
aeeem,org::eclipse::mylyn::internal::bugs::java::AbstractHyperlinkDetector,1,1,1,0,3,1,1,0,6.0,3.0,9,1,0,0.0,3,3.0,2.0,0,0,0,0,0,0,aeeem,org::eclipse::mylyn::internal::bugs::java::AbstractHyperlinkDetector,0.0,3,1,0,162.571,0.0,0.0,0,0.0,0.0,0.0,0.0,0.0,0.0,0.0,1,1,0,0,1,0.0,0.0,0.0,0.0,0.0,True
aeeem,org::xplanner::soap::XPlanner::XPlannerSoapBindingStub,1,2,0,1,946,0,5,0,1831.0,44.0,46,4,5,1.0,38,398.0,136.0,0,0,0,0,0,0,aeeem,org::xplanner::soap::XPlanner::XPlannerSoapBindingStub,103.0,6,2,0,93.7143,2073.0,1970.0,0,2058.0,345.5,1956.0,328.333,102.0,17.1667,39.0684,4,1,0,0,3,6.45512,0.296452,0.0300186,0.209384,0.084371,True
aeeem,org::eclipse::mylyn::internal::context::ui::commands::AttachContextHandler,1,2,0,1,0,0,0,1,13.0,1.0,2,0,0,0.0,0,8.0,4.0,1,1,0,0,0,1,aeeem,org::eclipse::mylyn::internal::context::ui::commands::AttachContextHandler,-14.0,6,2,0,43.8571,6.0,20.0,0,4.0,1.0,15.0,3.33333,3.0,-2.33333,11.9286,6,2,0,0,4,5.41944,0.00752979,0.17949,9.26104,0.342173,True
aeeem,org::eclipse::mylyn::internal::trac::core::util::TracXmlRpcClientRequest,2,1,2,0,1,0,1,0,7.0,2.0,0,1,0,0.0,2,2.0,2.0,0,0,0,0,0,0,aeeem,org::eclipse::mylyn::internal::trac::core::util::TracXmlRpcClientRequest,3.0,4,2,0,62.8571,6.0,3.0,0,4.0,1.5,1.0,0.75,3.0,0.75,39.2381,2,0,0,0,2,1.84703,0.00132824,0.136921,9.09329,0.175609,True
aeeem,org::eclipse::mylyn::internal::wikitext::confluence::core::phrase::SimpleWrappedPhraseModifier,5,2,2,4,21,1,5,0,44.0,7.0,22,4,1,0.0,1,18.0,9.0,0,0,0,0,0,0,aeeem,org::eclipse::mylyn::internal::wikitext::confluence::core::phrase::SimpleWrappedPhraseModifier,16.0,7,2,0,32.7143,38.0,22.0,0,19.0,5.42857,11.0,3.14286,15.0,2.28571,8.0188,4,4,0,0,0,1.49003,0.00511423,0.0435179,0.121386,0.116244,True
aeeem,org::eclipse::mylyn::internal::monitor::usage::UsageStatisticsSummary,6,1,6,0,10,0,2,0,12.0,5.0,9,2,0,0.0,5,6.0,4.0,0,0,0,0,0,0,aeeem,org::eclipse::mylyn::internal::monitor::usage::UsageStatisticsSummary,0.0,5,2,0,90.7143,7.0,7.0,0,4.0,1.4,4.0,1.4,3.0,0.0,53.6122,3,0,0,0,3,4.46389,0.00126626,0.14921,9.17814,0.211039,True
aeeem,org::eclipse::mylyn::zest::layouts::progress::ProgressEvent,2,1,2,0,3,0,2,0,10.0,3.0,9,0,0,2.0,3,3.0,3.0,0,0,0,0,0,0,aeeem,org::eclipse::mylyn::zest::layouts::progress::ProgressEvent,0.0,2,2,0,184.857,1.0,1.0,0,1.0,0.5,1.0,0.5,0.0,0.0,92.7143,0,0,0,0,0,1.45219,0.000135718,0.00420507,0.0409958,0.00508017,True
aeeem,org::eclipse::mylyn::internal::tasks::core::sync::SubmitTaskJob,15,3,1,14,10,0,8,0,61.0,5.0,10,8,1,0.0,3,33.0,8.0,1,0,0,0,0,1,aeeem,org::eclipse::mylyn::internal::tasks::core::sync::SubmitTaskJob,11.0,17,3,0,46.1429,57.0,46.0,0,11.0,3.35294,9.0,2.70588,8.0,0.647059,9.48872,15,7,0,0,10,5.63443,0.00326315,0.175647,9.25922,0.331448,True
aeeem,org::eclipse::mylyn::wikitext::core::parser::builder::HtmlDocumentBuilder,34,3,9,25,1770,2,16,4,611.0,60.0,36,16,11,0.0,42,369.0,175.0,1,0,0,0,0,1,aeeem,org::eclipse::mylyn::wikitext::core::parser::builder::HtmlDocumentBuilder,362.0,15,2,2,32.7143,775.0,413.0,0,214.0,51.6667,170.0,27.5333,128.0,24.1333,15.503,11,8,1,0,0,3.33706,0.0712064,0.180438,9.21468,0.291852,True
aeeem,org::eclipse::mylyn::internal::wikitext::twiki::core::block::HeadingBlock,10,3,1,9,3,0,2,4,32.0,3.0,43,2,0,0.0,3,20.0,7.0,0,0,0,0,0,0,aeeem,org::eclipse::mylyn::internal::wikitext::twiki::core::block::HeadingBlock,0.0,2,1,0,23.8571,2.0,2.0,0,2.0,1.0,2.0,1.0,0.0,0.0,4.0,2,1,0,0,0,0.0,0.0,0.0,0.0,0.0,True
aeeem,org::eclipse::mylyn::internal::tasks::ui::notifications::Messages,0,1,0,0,0,0,8,0,3.0,1.0,0,1,0,7.0,1,2.0,1.0,0,0,0,0,0,0,aeeem,org::eclipse::mylyn::internal::tasks::ui::notifications::Messages,0.0,1,1,0,14.5714,0.0,0.0,0,0.0,0.0,0.0,0.0,0.0,0.0,0.0,1,0,0,0,0,0.0,0.0,0.0,0.0,0.0,True
aeeem,org::eclipse::mylyn::internal::jira::core::service::web::rss::JiraRssReader,8,1,1,7,1,0,2,0,16.0,2.0,9,2,0,0.0,2,12.0,2.0,0,0,0,0,0,0,aeeem,org::eclipse::mylyn::internal::jira::core::service::web::rss::JiraRssReader,-5.0,5,2,0,54.0,9.0,14.0,0,5.0,1.8,11.0,2.8,4.0,-1.0,30.0476,4,1,0,0,3,1.84703,0.00151799,0.136921,9.09329,0.175609,True
aeeem,org::eclipse::mylyn::internal::examples::jira::JiraClientExample,10,1,0,10,0,0,1,0,32.0,1.0,9,1,0,0.0,1,25.0,2.0,0,0,0,0,0,0,aeeem,org::eclipse::mylyn::internal::examples::jira::JiraClientExample,-4.0,2,1,0,23.8571,0.0,4.0,0,0.0,0.0,4.0,2.0,0.0,-2.0,0.0,1,1,0,0,0,0.891381,0.000294015,0.0891381,8.95641,0.0891381,True
aeeem,org::eclipse::mylyn::internal::tasks::ui::actions::DisconnectRepositoryAction,7,1,1,6,3,0,3,0,28.0,3.0,0,2,0,0.0,3,15.0,6.0,1,1,0,0,0,1,aeeem,org::eclipse::mylyn::internal::tasks::ui::actions::DisconnectRepositoryAction,0.0,2,1,0,14.2857,1.0,1.0,0,1.0,0.5,1.0,0.5,0.0,0.0,5.28571,2,0,0,0,1,0.0,0.0,0.0,0.0,0.0,True
aeeem,org::eclipse::mylyn::internal::tasks::ui::actions::SearchForRepositoryTask,0,1,0,0,6,0,0,0,9.0,4.0,0,0,0,0.0,4,7.0,4.0,0,0,0,0,0,0,aeeem,org::eclipse::mylyn::internal::tasks::ui::actions::SearchForRepositoryTask,3.0,4,2,0,81.1429,6.0,3.0,0,4.0,1.5,1.0,0.75,3.0,0.75,52.8571,3,0,0,0,3,3.13741,0.00109372,0.14525,9.14037,0.20589,True
aeeem,org::eclipse::mylyn::internal::tasks::ui::notifications::TaskListNotifier,13,1,2,11,15,0,3,0,62.0,6.0,12,3,0,0.0,6,35.0,15.0,0,0,0,0,0,0,aeeem,org::eclipse::mylyn::internal::tasks::ui::notifications::TaskListNotifier,9.0,8,3,0,41.1429,25.0,16.0,0,5.0,3.125,5.0,2.0,4.0,1.125,7.86857,7,3,0,0,4,4.62003,0.00680759,0.174059,9.23113,0.319356,True
aeeem,org::eclipse::mylyn::internal::sandbox::dev::InterestDebuggingDecorator,7,1,0,7,15,0,0,0,44.0,6.0,9,0,0,0.0,6,19.0,12.0,0,0,0,0,0,0,aeeem,org::eclipse::mylyn::internal::sandbox::dev::InterestDebuggingDecorator,5.0,15,2,0,92.0,28.0,23.0,1,6.0,1.86667,4.0,1.53333,4.0,0.333333,36.3878,10,2,0,0,8,10.453,0.0046842,0.196307,9.41182,0.387547,True
aeeem,org::eclipse::mylyn::monitor::ui::AbstractPartTracker,7,1,6,1,21,1,0,0,6.0,7.0,9,0,0,0.0,7,11.0,2.0,0,0,0,0,0,0,aeeem,org::eclipse::mylyn::monitor::ui::AbstractPartTracker,1.0,6,2,0,90.7143,9.0,8.0,0,4.0,1.5,5.0,1.33333,3.0,0.166667,42.4921,4,1,0,0,2,4.57121,0.00132935,0.152088,9.18643,0.225109,True
aeeem,org::eclipse::mylyn::internal::jira::core::wsdl::beans::RemoteComponent,1,3,0,1,15,0,3,0,38.0,6.0,52,3,0,0.0,6,10.0,11.0,0,0,0,0,0,0,aeeem,org::eclipse::mylyn::internal::jira::core::wsdl::beans::RemoteComponent,-6.0,9,2,0,110.714,98.0,104.0,0,70.0,10.8889,76.0,11.5556,7.0,-0.666667,28.2668,7,4,1,1,5,5.94514,0.00767184,0.153982,9.22122,0.218565,True
aeeem,org::eclipse::mylyn::internal::wikitext::core::Messages,2,1,1,1,1,0,2,0,9.0,2.0,9,2,1,0.0,1,3.0,2.0,0,0,0,0,0,0,aeeem,org::eclipse::mylyn::internal::wikitext::core::Messages,0.0,2,1,1,9.57143,1.0,1.0,0,1.0,0.5,1.0,0.5,0.0,0.0,0.857143,1,1,0,0,0,0.0,0.0,0.0,0.0,0.0,True
aeeem,org::eclipse::mylyn::internal::tasks::ui::workingsets::TaskWorkingSetElementAdapter,2,1,0,2,3,0,0,0,22.0,3.0,9,0,1,0.0,2,9.0,6.0,0,0,0,0,0,0,aeeem,org::eclipse::mylyn::internal::tasks::ui::workingsets::TaskWorkingSetElementAdapter,6.0,11,2,0,91.2857,20.0,14.0,0,5.0,1.81818,3.0,1.27273,4.0,0.545455,35.9286,7,4,1,1,5,6.64072,0.00271245,0.166868,9.26387,0.277398,True
aeeem,org::eclipse::mylyn::internal::trac::core::model::TracComment,2,1,2,0,91,0,6,0,41.0,14.0,9,6,0,0.0,14,14.0,14.0,0,0,0,0,0,0,aeeem,org::eclipse::mylyn::internal::trac::core::model::TracComment,3.0,7,2,0,133.0,9.0,6.0,0,4.0,1.28571,1.0,0.857143,3.0,0.428571,95.5397,4,1,0,0,3,4.58293,0.00176257,0.145075,9.17116,0.186189,True
aeeem,org::eclipse::mylyn::wikitext::ui::viewer::MarkupViewerConfiguration,1,3,1,0,0,1,0,1,3.0,1.0,15,0,0,0.0,1,1.0,1.0,0,0,0,0,0,0,aeeem,org::eclipse::mylyn::wikitext::ui::viewer::MarkupViewerConfiguration,1.0,5,2,1,32.7143,5.0,4.0,0,2.0,1.0,2.0,0.8,1.0,0.2,14.5429,3,3,0,0,0,1.49003,0.000681897,0.0435179,0.121386,0.116244,True
aeeem,org::eclipse::mylyn::internal::monitor::ui::PerspectiveChangeMonitor,5,1,2,3,21,0,5,0,42.0,7.0,0,0,1,0.0,6,32.0,8.0,0,0,0,0,0,0,aeeem,org::eclipse::mylyn::internal::monitor::ui::PerspectiveChangeMonitor,5.0,8,2,0,90.7143,28.0,23.0,0,8.0,3.5,8.0,2.875,5.0,0.625,54.8469,6,0,0,0,3,5.86159,0.00323063,0.160418,9.23351,0.255391,True
aeeem,org::eclipse::mylyn::internal::jira::core::service::JiraAuthenticationException,1,2,1,0,0,0,1,0,3.0,1.0,26,1,0,0.0,1,1.0,2.0,0,0,0,0,0,0,aeeem,org::eclipse::mylyn::internal::jira::core::service::JiraAuthenticationException,1.0,10,3,0,97.8571,38.0,37.0,0,26.0,3.8,26.0,3.7,26.0,0.1,15.3421,6,4,0,0,2,5.24655,0.00635839,0.146724,9.18913,0.187428,True
aeeem,org::eclipse::mylyn::wikitext::core::util::anttask::MarkupTask,17,1,6,11,66,3,5,0,76.0,12.0,0,5,0,0.0,10,37.0,22.0,0,0,0,0,0,0,aeeem,org::eclipse::mylyn::wikitext::core::util::anttask::MarkupTask,112.0,6,2,1,32.7143,128.0,16.0,0,89.0,21.3333,8.0,2.66667,89.0,18.6667,7.55692,5,4,0,0,0,2.38141,0.0134109,0.132656,9.07779,0.205382,True
aeeem,org::eclipse::mylyn::zest::layouts::algorithms::internal::CycleChecker,4,1,0,4,1,0,0,0,55.0,2.0,9,0,1,0.0,1,26.0,12.0,0,0,0,0,0,0,aeeem,org::eclipse::mylyn::zest::layouts::algorithms::internal::CycleChecker,0.0,2,2,0,184.857,5.0,5.0,0,5.0,2.5,5.0,2.5,0.0,0.0,92.7143,0,0,0,0,0,1.45219,0.000678588,0.00420507,0.0409958,0.00508017,True
aeeem,org::eclipse::mylyn::internal::tasks::ui::editors::TaskEditorPlanningPart,17,2,0,17,55,0,8,1,225.0,11.0,19,8,7,0.0,4,99.0,29.0,2,1,0,0,0,1,aeeem,org::eclipse::mylyn::internal::tasks::ui::editors::TaskEditorPlanningPart,225.0,20,3,1,61.0,423.0,198.0,1,265.0,21.15,104.0,9.9,161.0,11.25,20.283,17,8,2,1,12,9.60419,0.0489086,0.212765,9.42582,0.468997,True
aeeem,org::eclipse::mylyn::internal::provisional::commons::ui::WorkbenchActionSupport,2,1,2,1,120,0,8,0,132.0,16.0,9,8,0,0.0,16,36.0,18.0,0,0,0,0,0,0,aeeem,org::eclipse::mylyn::internal::provisional::commons::ui::WorkbenchActionSupport,0.0,1,1,0,9.0,0.0,0.0,0,0.0,0.0,0.0,0.0,0.0,0.0,0.0,1,1,0,0,1,0.0,0.0,0.0,0.0,0.0,True
aeeem,org::eclipse::mylyn::internal::bugzilla::core::RepositoryReportFactory,4,2,0,4,1,0,1,1,23.0,2.0,11,1,0,0.0,2,15.0,6.0,0,0,0,0,0,0,aeeem,org::eclipse::mylyn::internal::bugzilla::core::RepositoryReportFactory,-111.0,32,2,0,148.571,261.0,372.0,0,94.0,8.15625,151.0,11.625,30.0,-3.46875,10.1839,23,11,3,0,11,15.661,0.211044,0.0341302,0.408218,0.0218979,True
aeeem,org::eclipse::mylyn::internal::wikitext::mediawiki::core::token::EntityReferenceReplacementToken,2,2,1,1,6,0,1,0,9.0,4.0,22,1,0,0.0,1,5.0,3.0,0,0,0,0,0,0,aeeem,org::eclipse::mylyn::internal::wikitext::mediawiki::core::token::EntityReferenceReplacementToken,0.0,3,2,0,32.7143,4.0,4.0,0,2.0,1.33333,2.0,1.33333,0.0,0.0,7.28571,3,3,0,0,0,1.49003,0.000681897,0.0435179,0.121386,0.116244,True
aeeem,org::eclipse::mylyn::internal::commons::net::PollingOutputStream,3,1,0,3,15,0,4,1,100.0,6.0,35,4,1,0.0,5,23.0,22.0,0,0,0,0,0,0,aeeem,org::eclipse::mylyn::internal::commons::net::PollingOutputStream,1.0,2,1,0,45.8571,1.0,0.0,0,1.0,0.5,0.0,0.0,1.0,0.5,19.2857,2,0,0,0,2,1.84703,0.000189749,0.136921,9.09329,0.175609,True
aeeem,org::eclipse::mylyn::internal::java::ui::JavaUiBridge,11,2,0,11,28,0,1,0,98.0,8.0,16,1,0,0.0,8,46.0,22.0,0,0,0,0,0,0,aeeem,org::eclipse::mylyn::internal::java::ui::JavaUiBridge,-49.0,47,2,0,164.0,220.0,269.0,3,22.0,4.68085,42.0,5.7234,13.0,-1.04255,51.0389,27,11,3,2,17,26.7278,0.168227,0.217732,9.80389,0.352266,True
aeeem,org::eclipse::mylyn::internal::wikitext::confluence::core::phrase::ImagePhraseModifier,2,2,1,1,6,0,1,0,10.0,4.0,22,0,0,0.0,1,5.0,3.0,0,0,0,0,0,0,aeeem,org::eclipse::mylyn::internal::wikitext::confluence::core::phrase::ImagePhraseModifier,0.0,4,2,0,32.7143,5.0,5.0,0,3.0,1.25,3.0,1.25,0.0,0.0,6.11429,3,3,0,0,0,1.49003,0.00102285,0.0435179,0.121386,0.116244,True
aeeem,org::eclipse::mylyn::internal::wikitext::ui::editor::help::CheatSheetContent,4,2,1,3,1,0,1,0,8.0,2.0,13,1,0,0.0,2,5.0,2.0,0,0,0,0,0,0,aeeem,org::eclipse::mylyn::internal::wikitext::ui::editor::help::CheatSheetContent,0.0,5,2,1,32.7143,10.0,10.0,0,7.0,2.0,6.0,2.0,1.0,0.0,3.94286,3,3,0,0,0,2.38141,0.00263062,0.132656,9.07779,0.205382,True
aeeem,org::eclipse::mylyn::tasks::ui::wizards::AbstractRepositorySettingsPage,30,3,11,19,2485,6,56,1,1144.0,71.0,15,32,8,0.0,52,330.0,147.0,0,0,0,0,0,0,aeeem,org::eclipse::mylyn::tasks::ui::wizards::AbstractRepositorySettingsPage,834.0,77,3,1,118.714,2200.0,1366.0,2,348.0,28.5714,352.0,17.7403,172.0,10.8312,54.4022,57,28,4,3,27,27.1607,0.271539,0.289274,9.97446,0.633968,True
aeeem,org::eclipse::mylyn::internal::wikitext::mediawiki::core::token::LineBreakToken,2,2,1,1,6,0,0,0,9.0,4.0,22,0,0,0.0,1,5.0,3.0,0,0,0,0,0,0,aeeem,org::eclipse::mylyn::internal::wikitext::mediawiki::core::token::LineBreakToken,0.0,3,2,0,32.7143,3.0,3.0,0,2.0,1.0,2.0,1.0,0.0,0.0,5.42857,3,3,0,0,0,1.49003,0.000681897,0.0435179,0.121386,0.116244,True
aeeem,org::eclipse::mylyn::internal::wikitext::ui::viewer::annotation::ImageAnnotation,4,1,4,0,21,0,4,0,23.0,7.0,0,3,0,0.0,7,8.0,7.0,0,0,0,0,0,0,aeeem,org::eclipse::mylyn::internal::wikitext::ui::viewer::annotation::ImageAnnotation,11.0,3,1,0,24.7143,13.0,2.0,0,11.0,4.33333,2.0,0.666667,11.0,3.66667,9.69231,3,1,0,0,0,0.0,0.0,0.0,0.0,0.0,True
aeeem,org::eclipse::mylyn::internal::pde::ui::junit::TaskContextPdeJUnitTabGroup,1,1,0,1,0,0,0,0,9.0,1.0,0,0,0,0.0,1,4.0,1.0,0,0,0,0,0,0,aeeem,org::eclipse::mylyn::internal::pde::ui::junit::TaskContextPdeJUnitTabGroup,-2.0,9,2,1,91.5714,16.0,18.0,0,4.0,1.77778,10.0,2.0,3.0,-0.222222,46.375,5,2,0,0,2,4.71857,0.0026191,0.155633,9.19681,0.240602,True
aeeem,org::eclipse::mylyn::internal::wikitext::mediawiki::core::token::HyperlinkReplacementToken,1,2,0,1,3,0,0,0,9.0,3.0,22,0,0,0.0,0,4.0,3.0,0,0,0,0,0,0,aeeem,org::eclipse::mylyn::internal::wikitext::mediawiki::core::token::HyperlinkReplacementToken,0.0,3,2,0,32.7143,5.0,5.0,0,3.0,1.66667,3.0,1.66667,0.0,0.0,6.17143,3,3,0,0,0,1.49003,0.00102285,0.0435179,0.121386,0.116244,True
aeeem,org::eclipse::mylyn::internal::wikitext::tasks::ui::util::bugzilla::BugzillaGeneratedCommentBlock,9,3,1,8,6,0,1,4,20.0,4.0,43,1,0,0.0,3,17.0,8.0,0,0,0,0,0,0,aeeem,org::eclipse::mylyn::internal::wikitext::tasks::ui::util::bugzilla::BugzillaGeneratedCommentBlock,0.0,1,1,0,6.0,0.0,0.0,0,0.0,0.0,0.0,0.0,0.0,0.0,0.0,1,0,0,0,1,0.0,0.0,0.0,0.0,0.0,True
aeeem,org::eclipse::mylyn::internal::java::tasks::JavaStackTraceHyperlinkDetector,3,2,0,3,3,0,1,0,20.0,3.0,4,1,2,0.0,0,16.0,8.0,0,0,0,0,0,0,aeeem,org::eclipse::mylyn::internal::java::tasks::JavaStackTraceHyperlinkDetector,20.0,4,1,0,47.5714,56.0,36.0,0,53.0,14.0,33.0,9.0,20.0,5.0,25.352,3,0,0,0,1,0.0,0.0,0.0,0.0,0.0,True
aeeem,org::eclipse::mylyn::zest::layouts::algorithms::RadialLayoutAlgorithm,8,3,3,5,36,0,6,8,74.0,9.0,72,5,1,1.0,3,38.0,20.0,0,0,0,0,0,0,aeeem,org::eclipse::mylyn::zest::layouts::algorithms::RadialLayoutAlgorithm,11.0,4,2,1,184.857,20.0,9.0,1,10.0,5.0,6.0,2.25,9.0,2.75,43.2714,1,1,0,0,0,4.37354,0.112439,0.00817115,0.108897,0.00532871,True
aeeem,org::eclipse::mylyn::internal::tasks::ui::actions::OpenTaskSearchAction,1,1,1,0,6,0,0,0,11.0,4.0,0,0,0,0.0,4,5.0,4.0,0,0,0,0,0,0,aeeem,org::eclipse::mylyn::internal::tasks::ui::actions::OpenTaskSearchAction,14.0,5,2,0,90.0,23.0,9.0,0,17.0,4.6,4.0,1.8,14.0,2.8,47.0124,4,1,0,0,2,4.61042,0.00292348,0.153782,9.19081,0.233053,True
aeeem,org::eclipse::mylyn::zest::core::widgets::GraphConnection,26,2,12,17,703,0,21,4,308.0,38.0,10,21,3,0.0,34,167.0,74.0,0,0,0,0,0,0,aeeem,org::eclipse::mylyn::zest::core::widgets::GraphConnection,130.0,18,1,0,103.714,415.0,285.0,1,145.0,23.0556,137.0,15.8333,54.0,7.22222,6.83511,11,10,0,0,0,7.41111,0.0690268,0.0213581,0.20874,0.0264807,True
aeeem,org::eclipse::mylyn::internal::trac::core::client::TracXmlRpcClient,43,2,5,39,1275,0,20,21,707.0,51.0,68,14,22,0.0,29,344.0,117.0,3,2,1,1,1,1,aeeem,org::eclipse::mylyn::internal::trac::core::client::TracXmlRpcClient,103.0,14,2,0,39.5714,280.0,177.0,0,101.0,20.0,101.0,12.6429,76.0,7.35714,19.2005,9,5,0,0,3,3.83471,0.0160405,0.165333,9.1954,0.284069,True
aeeem,org::eclipse::mylyn::wikitext::core::parser::Attributes,31,1,31,0,55,8,5,0,36.0,11.0,9,5,0,0.0,11,11.0,11.0,0,0,0,0,0,0,aeeem,org::eclipse::mylyn::wikitext::core::parser::Attributes,12.0,5,2,1,32.7143,21.0,9.0,0,14.0,4.2,4.0,1.8,10.0,2.4,4.85034,4,3,0,0,0,3.33706,0.00477628,0.180438,9.21468,0.291852,True
aeeem,org::eclipse::mylyn::wikitext::ui::annotation::AnchorHrefAnnotation,3,1,3,0,1,0,1,0,6.0,2.0,0,0,0,0.0,2,3.0,2.0,0,0,0,0,0,0,aeeem,org::eclipse::mylyn::wikitext::ui::annotation::AnchorHrefAnnotation,1.0,5,2,1,32.7143,5.0,4.0,0,2.0,1.0,2.0,0.8,1.0,0.2,12.6857,4,4,0,0,0,1.49003,0.000681897,0.0435179,0.121386,0.116244,True
aeeem,org::eclipse::mylyn::internal::wikitext::twiki::core::block::LiteralBlock,6,3,1,6,6,0,4,4,33.0,4.0,43,4,0,0.0,4,20.0,8.0,0,0,0,0,0,0,aeeem,org::eclipse::mylyn::internal::wikitext::twiki::core::block::LiteralBlock,0.0,3,1,0,23.8571,4.0,4.0,0,3.0,1.33333,3.0,1.33333,0.0,0.0,5.28571,3,2,0,0,0,0.0,0.0,0.0,0.0,0.0,True
aeeem,org::eclipse::mylyn::internal::wikitext::ui::editor::reconciler::MultiReconcilingStrategy,3,1,1,2,28,0,1,0,39.0,8.0,9,1,0,0.0,8,17.0,11.0,0,0,0,0,0,0,aeeem,org::eclipse::mylyn::internal::wikitext::ui::editor::reconciler::MultiReconcilingStrategy,0.0,3,1,0,32.7143,10.0,10.0,0,9.0,3.33333,9.0,3.33333,0.0,0.0,1.71429,2,2,0,0,0,1.49003,0.00340949,0.0435179,0.121386,0.116244,True
aeeem,org::eclipse::mylyn::internal::jira::core::WorkLogConverter,3,2,2,1,6,0,14,0,14.0,4.0,14,1,1,0.0,2,9.0,4.0,1,1,0,0,0,1,aeeem,org::eclipse::mylyn::internal::jira::core::WorkLogConverter,10.0,3,1,0,15.7143,32.0,22.0,0,18.0,10.6667,14.0,7.33333,10.0,3.33333,8.1875,3,1,0,0,2,0.0,0.0,0.0,0.0,0.0,True
aeeem,org::eclipse::mylyn::internal::team::ui::actions::Messages,0,1,0,0,0,0,12,0,3.0,1.0,0,1,0,11.0,1,2.0,1.0,0,0,0,0,0,0,aeeem,org::eclipse::mylyn::internal::team::ui::actions::Messages,0.0,1,1,0,14.8571,0.0,0.0,0,0.0,0.0,0.0,0.0,0.0,0.0,0.0,1,0,0,0,0,0.0,0.0,0.0,0.0,0.0,True
aeeem,org::eclipse::mylyn::internal::tasks::ui::editors::RepositoryTaskOutlineNode,7,1,4,3,435,0,14,0,148.0,30.0,9,9,0,0.0,29,65.0,41.0,0,0,0,0,0,0,aeeem,org::eclipse::mylyn::internal::tasks::ui::editors::RepositoryTaskOutlineNode,11.0,17,3,0,139.571,106.0,95.0,0,23.0,6.23529,26.0,5.58824,9.0,0.647059,58.8612,14,7,0,0,9,14.3573,0.0453377,0.217682,9.54031,0.453683,True
aeeem,org::eclipse::mylyn::internal::jira::core::wsdl::beans::RemoteEntity,2,1,2,0,15,2,3,0,37.0,6.0,18,3,0,0.0,6,8.0,11.0,0,0,0,0,0,0,aeeem,org::eclipse::mylyn::internal::jira::core::wsdl::beans::RemoteEntity,-3.0,9,2,0,110.714,92.0,95.0,0,65.0,10.2222,68.0,10.5556,7.0,-0.333333,28.795,7,4,1,1,5,5.94514,0.00716176,0.153982,9.22122,0.218565,True
aeeem,org::eclipse::mylyn::context::tests::support::DomContextReader,18,1,1,17,10,0,0,0,104.0,5.0,10,0,1,0.0,4,42.0,14.0,0,0,0,0,0,0,aeeem,org::eclipse::mylyn::context::tests::support::DomContextReader,72.0,27,3,0,131.714,166.0,94.0,4,33.0,6.14815,13.0,3.48148,30.0,2.66667,71.8365,20,8,2,0,12,17.4173,0.0406919,0.213667,9.60145,0.405264,True
aeeem,org::eclipse::mylyn::internal::tasks::core::WeekDateRange,19,2,15,5,105,0,5,1,117.0,15.0,23,5,3,0.0,11,68.0,29.0,0,0,0,0,0,0,aeeem,org::eclipse::mylyn::internal::tasks::core::WeekDateRange,133.0,9,3,1,44.7143,163.0,30.0,1,72.0,18.1111,9.0,3.33333,63.0,14.7778,21.4373,7,3,1,1,3,1.84703,0.0121213,0.136921,9.09329,0.175609,True
aeeem,org::eclipse::mylyn::context::tests::support::FileTool,15,1,4,11,36,0,2,0,129.0,9.0,9,2,1,0.0,8,51.0,21.0,0,0,0,0,0,0,aeeem,org::eclipse::mylyn::context::tests::support::FileTool,0.0,4,2,0,131.714,13.0,13.0,0,8.0,3.25,9.0,3.25,1.0,0.0,52.3736,4,2,0,0,2,3.40309,0.00115554,0.0145359,0.10696,0.0380541,True
aeeem,org::eclipse::mylyn::internal::commons::net::InfiniteSubProgressMonitor,2,1,0,2,6,0,5,2,33.0,4.0,57,0,0,5.0,4,8.0,9.0,0,0,0,0,0,0,aeeem,org::eclipse::mylyn::internal::commons::net::InfiniteSubProgressMonitor,0.0,2,1,0,45.8571,0.0,0.0,0,0.0,0.0,0.0,0.0,0.0,0.0,0.0,1,0,0,0,1,0.0,0.0,0.0,0.0,0.0,True
aeeem,org::eclipse::mylyn::internal::jira::core::wsdl::beans::RemoteComment,2,1,0,2,231,0,11,0,125.0,22.0,18,11,0,0.0,22,58.0,67.0,0,0,0,0,0,0,aeeem,org::eclipse::mylyn::internal::jira::core::wsdl::beans::RemoteComment,31.0,9,2,0,110.714,347.0,316.0,0,255.0,38.5556,287.0,35.1111,61.0,3.44444,25.0799,7,4,1,1,5,5.94514,0.0258193,0.153982,9.22122,0.218565,True
aeeem,org::eclipse::mylyn::internal::wikitext::tasks::ui::util::bugzilla::BugzillaQuoteBlock,9,3,1,8,6,0,2,4,31.0,4.0,43,2,0,0.0,3,19.0,10.0,0,0,0,0,0,0,aeeem,org::eclipse::mylyn::internal::wikitext::tasks::ui::util::bugzilla::BugzillaQuoteBlock,0.0,2,1,0,6.0,1.0,1.0,0,1.0,0.5,1.0,0.5,0.0,0.0,1.42857,1,0,0,0,1,0.0,0.0,0.0,0.0,0.0,True
aeeem,org::eclipse::mylyn::internal::tasks::ui::CategorizedPresentation,1,2,0,1,1,0,1,0,6.0,2.0,19,0,0,0.0,1,3.0,2.0,0,0,0,0,0,0,aeeem,org::eclipse::mylyn::internal::tasks::ui::CategorizedPresentation,3.0,5,2,0,81.0,7.0,4.0,0,4.0,1.4,1.0,0.8,3.0,0.6,54.6531,4,1,0,0,3,3.13741,0.00109372,0.14525,9.14037,0.20589,True
aeeem,org::eclipse::mylyn::internal::jira::core::wsdl::beans::AbstractNamedRemoteEntity,14,2,12,2,28,8,4,0,49.0,8.0,35,4,0,0.0,8,17.0,18.0,0,0,0,0,0,0,aeeem,org::eclipse::mylyn::internal::jira::core::wsdl::beans::AbstractNamedRemoteEntity,-8.0,9,2,0,110.714,127.0,135.0,0,99.0,14.1111,107.0,15.0,7.0,-0.888889,26.5096,7,4,1,1,5,5.94514,0.00974229,0.153982,9.22122,0.218565,True
aeeem,org::eclipse::mylyn::internal::context::ui::AbstractContextLabelProvider,0,1,0,0,28,5,0,0,15.0,8.0,9,0,0,0.0,4,8.0,4.0,0,0,0,0,0,0,aeeem,org::eclipse::mylyn::internal::context::ui::AbstractContextLabelProvider,-1.0,6,1,1,139.714,22.0,23.0,0,14.0,3.66667,14.0,3.83333,3.0,-0.166667,58.1688,5,3,0,0,4,6.25104,0.00411826,0.159952,9.23975,0.24548,True
aeeem,org::eclipse::mylyn::internal::jira::core::wsdl::beans::RemoteConfiguration,1,1,0,1,325,0,13,0,125.0,26.0,18,13,0,0.0,26,49.0,49.0,0,0,0,0,0,0,aeeem,org::eclipse::mylyn::internal::jira::core::wsdl::beans::RemoteConfiguration,64.0,9,2,0,110.714,389.0,325.0,0,271.0,43.2222,295.0,36.1111,86.0,7.11111,25.4238,7,4,1,1,5,5.94514,0.0284786,0.153982,9.22122,0.218565,True
aeeem,org::eclipse::mylyn::internal::trac::core::client::Messages,0,1,0,0,0,0,2,0,3.0,1.0,0,1,0,1.0,1,2.0,1.0,0,0,0,0,0,0,aeeem,org::eclipse::mylyn::internal::trac::core::client::Messages,2.0,2,1,1,14.8571,2.0,0.0,0,2.0,1.0,0.0,0.0,2.0,1.0,5.42857,2,1,0,0,0,0.0,0.0,0.0,0.0,0.0,True
aeeem,org::eclipse::mylyn::wikitext::core::parser::markup::token::LineBreakReplacementTokenProcessor,3,3,1,2,1,0,0,7,3.0,2.0,39,0,0,0.0,2,4.0,1.0,0,0,0,0,0,0,aeeem,org::eclipse::mylyn::wikitext::core::parser::markup::token::LineBreakReplacementTokenProcessor,4.0,5,2,1,32.7143,7.0,3.0,0,3.0,1.4,2.0,0.6,3.0,0.8,16.7143,3,3,0,0,0,1.49003,0.000681897,0.0435179,0.121386,0.116244,True
aeeem,org::eclipse::mylyn::wikitext::twiki::core::TWikiLanguage,28,3,9,21,153,0,5,6,103.0,18.0,57,5,1,0.0,10,56.0,23.0,0,0,0,0,0,0,aeeem,org::eclipse::mylyn::wikitext::twiki::core::TWikiLanguage,-9.0,5,1,1,14.7143,97.0,106.0,0,89.0,19.4,88.0,21.2,1.0,-1.8,8.64948,3,2,0,0,1,0.0,0.0,0.0,0.0,0.0,True
aeeem,org::eclipse::mylyn::internal::trac::core::model::TracWikiPageInfo,14,1,14,0,66,0,5,0,35.0,12.0,9,5,0,0.0,12,12.0,12.0,0,0,0,0,0,0,aeeem,org::eclipse::mylyn::internal::trac::core::model::TracWikiPageInfo,4.0,6,2,0,85.4286,10.0,6.0,0,4.0,1.66667,2.0,1.0,3.0,0.666667,53.4429,4,0,0,0,2,3.13741,0.00169069,0.14525,9.14037,0.20589,True
aeeem,org::eclipse::mylyn::internal::tasks::ui::deprecated::AbstractTaskEditorFactory,0,1,0,0,15,1,0,0,6.0,6.0,9,0,0,0.0,6,6.0,2.0,0,0,0,0,0,0,aeeem,org::eclipse::mylyn::internal::tasks::ui::deprecated::AbstractTaskEditorFactory,-2.0,4,2,0,41.5714,6.0,8.0,0,4.0,1.5,7.0,2.0,3.0,-0.5,10.9048,3,0,0,0,2,3.26838,0.0029906,0.155894,9.16383,0.24972,True
aeeem,org::eclipse::mylyn::internal::resources::ui::ResourceUiBridge,9,2,0,9,36,0,0,0,77.0,9.0,16,0,2,0.0,7,42.0,24.0,0,0,0,0,0,0,aeeem,org::eclipse::mylyn::internal::resources::ui::ResourceUiBridge,4.0,24,2,0,139.143,88.0,84.0,2,14.0,3.66667,10.0,3.5,9.0,0.166667,55.1591,18,7,1,1,11,16.0551,0.0336067,0.206823,9.5546,0.384182,True
aeeem,org::eclipse::mylyn::zest::core::messages::ZestErrorMessages,1,1,0,1,0,0,5,0,8.0,1.0,9,2,0,0.0,1,2.0,1.0,0,0,0,0,0,0,aeeem,org::eclipse::mylyn::zest::core::messages::ZestErrorMessages,0.0,2,1,1,137.714,3.0,3.0,0,3.0,1.5,3.0,1.5,0.0,0.0,45.5714,1,1,0,0,0,1.45219,0.000407152,0.00420507,0.0409958,0.00508017,True
aeeem,org::eclipse::mylyn::context::ui::AbstractContextUiBridge,11,1,11,0,21,9,0,0,0.0,7.0,9,0,0,0.0,7,7.0,0.0,0,0,0,0,0,0,aeeem,org::eclipse::mylyn::context::ui::AbstractContextUiBridge,0.0,9,1,0,120.429,23.0,23.0,0,6.0,2.55556,8.0,2.55556,3.0,0.0,39.6646,7,3,0,0,4,5.28932,0.00253156,0.146735,9.19003,0.187077,True
aeeem,org::eclipse::mylyn::internal::tasks::ui::search::SearchResultSortAction,1,1,1,1,3,0,2,0,11.0,3.0,0,2,0,0.0,3,4.0,3.0,0,0,0,0,0,0,aeeem,org::eclipse::mylyn::internal::tasks::ui::search::SearchResultSortAction,0.0,7,3,0,135.429,11.0,11.0,0,4.0,1.57143,4.0,1.57143,3.0,0.0,82.0649,5,3,0,0,4,5.25012,0.00161075,0.151457,9.20025,0.213663,True
aeeem,org::eclipse::mylyn::internal::tasks::ui::actions::ToggleWorkingSetAction,2,1,1,1,3,0,1,0,50.0,3.0,0,1,0,0.0,3,27.0,12.0,0,0,0,0,0,0,aeeem,org::eclipse::mylyn::internal::tasks::ui::actions::ToggleWorkingSetAction,0.0,8,2,0,90.0,11.0,11.0,0,4.0,1.375,4.0,1.375,3.0,0.0,40.5065,4,1,0,0,2,5.49768,0.00224183,0.152482,9.20808,0.215891,True
aeeem,org::eclipse::mylyn::zest::core::viewers::GraphViewer,11,3,5,6,231,0,4,0,131.0,22.0,44,2,0,1.0,17,63.0,34.0,0,0,0,0,0,0,aeeem,org::eclipse::mylyn::zest::core::viewers::GraphViewer,9.0,5,1,1,103.714,38.0,29.0,1,19.0,7.6,19.0,5.8,7.0,1.8,7.16541,4,4,0,0,0,4.47481,0.00562978,0.0127834,0.125748,0.0154189,True
aeeem,org::eclipse::mylyn::internal::tasks::core::TaskRepositoryManager,74,1,62,12,300,0,11,0,274.0,25.0,17,6,2,0.0,21,147.0,51.0,0,0,0,0,0,0,aeeem,org::eclipse::mylyn::internal::tasks::core::TaskRepositoryManager,14.0,23,3,1,48.4286,175.0,161.0,1,50.0,7.6087,36.0,7.0,38.0,0.608696,18.6253,20,9,0,0,14,6.99647,0.0120799,0.19058,9.32067,0.389203,True
aeeem,org::eclipse::mylyn::internal::wikitext::ui::util::css::editor::CssWhitespaceDetector,2,1,2,0,1,0,0,0,3.0,2.0,9,0,0,0.0,2,2.0,4.0,0,0,0,0,0,0,aeeem,org::eclipse::mylyn::internal::wikitext::ui::util::css::editor::CssWhitespaceDetector,0.0,1,1,0,6.42857,0.0,0.0,0,0.0,0.0,0.0,0.0,0.0,0.0,0.0,1,0,0,0,0,0.0,0.0,0.0,0.0,0.0,True
aeeem,org::eclipse::mylyn::internal::sandbox::ui::highlighters::TaskHighlighterMenuContributor,4,1,0,4,0,0,1,0,33.0,1.0,10,1,0,0.0,1,17.0,4.0,0,0,0,0,0,0,aeeem,org::eclipse::mylyn::internal::sandbox::ui::highlighters::TaskHighlighterMenuContributor,3.0,4,2,0,43.5714,8.0,5.0,0,4.0,2.0,3.0,1.25,3.0,0.75,13.5179,3,0,0,0,1,3.4091,0.0013986,0.153414,9.16273,0.242476,True
aeeem,org::eclipse::mylyn::internal::ide::ui::MarkerViewerInterestSorter,4,1,1,3,1,0,1,0,23.0,2.0,0,0,0,0.0,2,13.0,8.0,0,0,0,0,0,0,aeeem,org::eclipse::mylyn::internal::ide::ui::MarkerViewerInterestSorter,3.0,12,2,0,129.571,37.0,34.0,0,6.0,3.08333,6.0,2.83333,3.0,0.25,73.3591,8,3,0,0,4,10.3948,0.00774876,0.185814,9.38587,0.333856,True
aeeem,org::eclipse::mylyn::internal::context::ui::ContentOutlineManager,1,1,0,1,10,0,0,0,25.0,5.0,9,0,0,0.0,5,7.0,7.0,0,0,0,0,0,0,aeeem,org::eclipse::mylyn::internal::context::ui::ContentOutlineManager,1.0,7,1,0,139.714,12.0,11.0,0,5.0,1.71429,4.0,1.57143,4.0,0.142857,66.7381,4,3,0,0,3,6.82726,0.00405504,0.148587,9.22552,0.185195,True
aeeem,org::eclipse::mylyn::internal::bugzilla::ui::tasklist::BugzillaTaskHandler,0,1,0,0,1,0,0,0,40.0,2.0,9,0,0,0.0,2,5.0,21.0,0,0,0,0,0,0,aeeem,org::eclipse::mylyn::internal::bugzilla::ui::tasklist::BugzillaTaskHandler,-30.0,6,1,0,164.0,184.0,214.0,1,91.0,30.6667,102.0,35.6667,0.0,-5.0,0.139752,2,1,0,0,2,1.05195,0.417843,0.00149277,0.0247207,0.000101239,True
aeeem,org::eclipse::mylyn::internal::monitor::usage::FileDisplayDialog,0,1,0,0,3,0,1,0,8.0,3.0,0,1,1,0.0,2,5.0,2.0,0,0,0,0,0,0,aeeem,org::eclipse::mylyn::internal::monitor::usage::FileDisplayDialog,45.0,14,2,0,109.857,86.0,41.0,2,27.0,6.14286,9.0,2.92857,25.0,3.21429,16.9053,10,4,0,0,8,11.9319,0.0111749,0.191765,9.4329,0.345102,True
aeeem,org::eclipse::mylyn::internal::provisional::tasks::core::RepositoryClientManager,6,1,0,6,91,0,4,0,102.0,14.0,13,4,1,0.0,11,54.0,22.0,0,0,0,0,0,0,aeeem,org::eclipse::mylyn::internal::provisional::tasks::core::RepositoryClientManager,5.0,4,1,0,17.0,12.0,7.0,0,7.0,3.0,3.0,1.75,4.0,1.25,3.77381,2,0,0,0,0,0.0,0.0,0.0,0.0,0.0,True
aeeem,org::eclipse::mylyn::internal::provisional::commons::ui::AbstractFilteredTree,8,1,3,5,105,1,7,0,144.0,15.0,0,6,1,0.0,5,41.0,16.0,3,2,1,0,1,1,aeeem,org::eclipse::mylyn::internal::provisional::commons::ui::AbstractFilteredTree,8.0,6,2,0,45.8571,20.0,12.0,0,7.0,3.33333,6.0,2.0,4.0,1.33333,17.6214,6,0,0,0,2,4.17741,0.00138643,0.160399,9.19476,0.270741,True
aeeem,org::eclipse::mylyn::zest::core::widgets::internal::ExpandGraphLabel,7,1,1,6,10,0,8,1,58.0,5.0,65,6,0,0.0,4,31.0,8.0,0,0,0,0,0,0,aeeem,org::eclipse::mylyn::zest::core::widgets::internal::ExpandGraphLabel,59.0,4,1,1,88.7143,71.0,12.0,0,31.0,17.75,6.0,3.0,27.0,14.75,0.573441,4,4,0,0,0,1.28371,0.0123925,0.00394903,0.0368689,0.00549983,True
aeeem,org::eclipse::mylyn::internal::tasks::ui::views::AbstractTaskListPresentation,4,1,4,0,45,4,5,0,32.0,10.0,9,5,0,0.0,9,13.0,10.0,0,0,0,0,0,0,aeeem,org::eclipse::mylyn::internal::tasks::ui::views::AbstractTaskListPresentation,13.0,5,2,0,81.0,25.0,12.0,0,11.0,5.0,9.0,2.4,10.0,2.6,21.8457,4,1,0,0,3,3.99908,0.00393678,0.148305,9.16616,0.21157,True
aeeem,org::eclipse::mylyn::internal::provisional::commons::core::CommonMessages,0,1,0,0,0,0,8,0,3.0,1.0,0,1,0,7.0,1,2.0,1.0,0,0,0,0,0,0,aeeem,org::eclipse::mylyn::internal::provisional::commons::core::CommonMessages,0.0,2,1,0,14.5714,1.0,1.0,0,1.0,0.5,1.0,0.5,0.0,0.0,0.0,1,0,0,0,0,0.0,0.0,0.0,0.0,0.0,True
aeeem,org::eclipse::mylyn::internal::jira::core::AttributeValueConverter,4,1,0,4,10,0,2,0,16.0,5.0,9,2,0,0.0,5,12.0,5.0,0,0,0,0,0,0,aeeem,org::eclipse::mylyn::internal::jira::core::AttributeValueConverter,12.0,2,1,0,18.8571,12.0,0.0,0,12.0,6.0,0.0,0.0,12.0,6.0,5.14286,2,1,0,0,1,0.0,0.0,0.0,0.0,0.0,True
aeeem,org::eclipse::mylyn::internal::provisional::commons::ui::CommonsUiUtil,5,1,1,4,6,0,0,0,98.0,4.0,9,0,0,0.0,4,34.0,10.0,0,0,0,0,0,0,aeeem,org::eclipse::mylyn::internal::provisional::commons::ui::CommonsUiUtil,36.0,3,1,0,9.42857,38.0,2.0,0,34.0,12.6667,2.0,0.666667,34.0,12.0,3.41353,3,1,0,0,2,0.0,0.0,0.0,0.0,0.0,True
aeeem,org::eclipse::mylyn::internal::trac::ui::TracConnectorUi,14,2,0,14,66,0,0,0,63.0,12.0,31,0,0,0.0,12,44.0,18.0,0,0,0,0,0,0,aeeem,org::eclipse::mylyn::internal::trac::ui::TracConnectorUi,4.0,24,2,0,90.4286,96.0,92.0,0,23.0,4.0,32.0,3.83333,14.0,0.166667,43.3021,18,11,1,0,12,11.4778,0.017674,0.203153,9.44939,0.410376,True
aeeem,org::eclipse::mylyn::internal::monitor::usage::MonitorFileRolloverJob,20,1,3,17,66,0,9,0,207.0,12.0,0,8,2,0.0,10,93.0,37.0,0,0,0,0,0,0,aeeem,org::eclipse::mylyn::internal::monitor::usage::MonitorFileRolloverJob,135.0,28,3,0,102.714,509.0,374.0,1,223.0,18.1786,223.0,13.3571,223.0,4.82143,6.38002,17,6,0,0,10,16.632,0.0982649,0.216116,9.59087,0.42018,True
aeeem,org::eclipse::mylyn::internal::bugzilla::ui::search::BugzillaSearchQuery,2,1,0,2,1,0,2,0,43.0,2.0,0,2,0,0.0,2,13.0,2.0,0,0,0,0,0,0,aeeem,org::eclipse::mylyn::internal::bugzilla::ui::search::BugzillaSearchQuery,-63.0,6,2,0,148.571,30.0,93.0,0,17.0,5.0,70.0,15.5,0.0,-10.5,14.5524,5,3,0,0,4,2.7212,0.0515236,0.00490118,0.0677413,0.00117119,True
aeeem,org::eclipse::mylyn::tasks::tests::connector::MockRepositoryConnectorUi,5,2,2,3,21,0,1,0,26.0,7.0,31,1,0,0.0,7,17.0,7.0,0,0,0,0,0,0,aeeem,org::eclipse::mylyn::tasks::tests::connector::MockRepositoryConnectorUi,25.0,9,2,0,77.7143,42.0,17.0,0,22.0,4.66667,6.0,1.88889,21.0,2.77778,44.4762,8,5,2,0,7,5.8908,0.00493095,0.16901,9.25264,0.300633,True
aeeem,org::eclipse::mylyn::internal::wikitext::ui::editor::outline::QuickOutlinePopupDialog,4,1,3,1,210,0,3,0,132.0,21.0,0,3,1,0.0,18,48.0,31.0,3,2,0,0,0,1,aeeem,org::eclipse::mylyn::internal::wikitext::ui::editor::outline::QuickOutlinePopupDialog,1.0,2,1,1,4.0,2.0,1.0,0,2.0,1.0,1.0,0.5,1.0,0.5,0.142857,1,0,0,0,0,0.0,0.0,0.0,0.0,0.0,True
aeeem,org::eclipse::mylyn::internal::trac::ui::editor::TracRenderingEngine,11,2,2,9,1,0,0,0,39.0,2.0,10,0,0,0.0,2,18.0,3.0,0,0,0,0,0,0,aeeem,org::eclipse::mylyn::internal::trac::ui::editor::TracRenderingEngine,0.0,10,3,0,88.0,28.0,28.0,0,14.0,2.8,14.0,2.8,4.0,0.0,64.1684,7,4,1,0,5,7.42138,0.00454531,0.182659,9.31496,0.349075,True
aeeem,org::eclipse::mylyn::internal::commons::net::PollingProtocolSocketFactory,3,1,1,3,1,0,2,0,15.0,2.0,9,2,0,0.0,2,9.0,3.0,0,0,0,0,0,0,aeeem,org::eclipse::mylyn::internal::commons::net::PollingProtocolSocketFactory,0.0,2,1,0,45.8571,0.0,0.0,0,0.0,0.0,0.0,0.0,0.0,0.0,0.0,1,0,0,0,1,0.0,0.0,0.0,0.0,0.0,True
aeeem,org::eclipse::mylyn::internal::wikitext::confluence::core::block::TableBlock,8,3,1,7,6,0,4,4,65.0,4.0,43,2,0,0.0,4,32.0,16.0,0,0,0,0,0,0,aeeem,org::eclipse::mylyn::internal::wikitext::confluence::core::block::TableBlock,-1.0,4,2,0,32.7143,14.0,15.0,0,8.0,3.5,10.0,3.75,1.0,-0.25,4.95918,4,4,1,0,0,1.49003,0.00357996,0.0435179,0.121386,0.116244,True
aeeem,org::eclipse::mylyn::internal::tasks::ui::editors::TaskRelationHyperlinkDetector,6,2,2,4,10,0,1,0,64.0,5.0,4,1,3,0.0,1,27.0,15.0,0,0,0,0,0,0,aeeem,org::eclipse::mylyn::internal::tasks::ui::editors::TaskRelationHyperlinkDetector,31.0,6,2,0,41.2857,56.0,25.0,0,36.0,9.33333,8.0,4.16667,28.0,5.16667,18.6148,6,2,2,0,3,1.84703,0.00359488,0.136921,9.09329,0.175609,True
aeeem,org::eclipse::mylyn::internal::tasks::ui::editors::BooleanAttributeEditor,3,2,1,2,15,0,2,0,35.0,6.0,32,2,0,0.0,6,21.0,7.0,0,0,0,0,0,0,aeeem,org::eclipse::mylyn::internal::tasks::ui::editors::BooleanAttributeEditor,22.0,10,3,1,47.1429,33.0,11.0,0,18.0,3.3,3.0,1.1,15.0,2.2,34.0303,8,1,0,0,4,4.88878,0.00160354,0.166327,9.22338,0.29442,True
aeeem,org::eclipse::mylyn::internal::web::ui::WebResourceContentProvider,4,1,1,3,45,0,3,0,54.0,10.0,0,3,0,0.0,10,24.0,15.0,0,0,0,0,0,0,aeeem,org::eclipse::mylyn::internal::web::ui::WebResourceContentProvider,1.0,5,2,0,92.4286,10.0,9.0,0,4.0,2.0,4.0,1.8,3.0,0.2,35.8429,3,1,0,0,2,3.17351,0.00136283,0.140881,9.13106,0.180758,True
aeeem,org::xplanner::soap::XPlanner::XPlannerProxy,1,2,0,1,861,0,2,0,255.0,42.0,55,2,1,0.0,41,123.0,83.0,0,0,0,0,0,0,aeeem,org::xplanner::soap::XPlanner::XPlannerProxy,54.0,3,2,0,93.7143,353.0,299.0,0,351.0,117.667,297.0,99.6667,54.0,18.0,39.0955,2,0,0,0,1,2.57409,0.0475708,0.0122783,0.083944,0.0357814,True
aeeem,org::eclipse::mylyn::internal::team::ui::actions::AddToTaskContextAction,6,1,1,5,6,0,1,0,55.0,4.0,0,1,1,0.0,3,27.0,15.0,0,0,0,0,0,0,aeeem,org::eclipse::mylyn::internal::team::ui::actions::AddToTaskContextAction,1.0,18,2,0,102.714,166.0,165.0,0,121.0,9.22222,121.0,9.16667,121.0,0.0555556,9.62134,10,3,0,0,6,8.95846,0.0363467,0.174661,9.33124,0.293434,True
aeeem,org::eclipse::mylyn::internal::jira::core::model::filter::StatusFilter,5,1,5,0,3,0,2,0,12.0,3.0,18,2,0,0.0,2,4.0,3.0,0,0,0,0,0,0,aeeem,org::eclipse::mylyn::internal::jira::core::model::filter::StatusFilter,1.0,7,2,0,110.714,14.0,13.0,0,5.0,2.0,4.0,1.85714,4.0,0.142857,59.1429,5,3,0,0,4,5.79125,0.00359075,0.154083,9.21768,0.221087,True
aeeem,org::eclipse::mylyn::internal::context::ui::actions::InterestDecrementAction,0,2,0,0,0,0,0,4,3.0,1.0,17,0,0,0.0,0,1.0,1.0,2,2,0,0,0,1,aeeem,org::eclipse::mylyn::internal::context::ui::actions::InterestDecrementAction,2.0,11,2,3,139.714,42.0,40.0,0,20.0,3.81818,26.0,3.63636,19.0,0.181818,58.1361,8,4,1,0,5,6.32664,0.00457549,0.152848,9.22729,0.206331,True
aeeem,org::eclipse::mylyn::internal::tasks::ui::editors::AbstractReplyToCommentAction,6,1,1,5,6,1,2,0,22.0,4.0,0,2,0,0.0,3,19.0,4.0,0,0,0,0,0,0,aeeem,org::eclipse::mylyn::internal::tasks::ui::editors::AbstractReplyToCommentAction,14.0,13,3,0,47.1429,36.0,22.0,0,15.0,2.76923,7.0,1.69231,8.0,1.07692,7.90873,12,5,0,0,7,4.88878,0.00323623,0.166327,9.22338,0.29442,True
aeeem,org::eclipse::mylyn::internal::jira::core::model::Group,0,1,0,0,10,0,3,0,12.0,5.0,18,3,0,0.0,5,5.0,4.0,0,0,0,0,0,0,aeeem,org::eclipse::mylyn::internal::jira::core::model::Group,0.0,6,1,0,110.714,8.0,8.0,0,4.0,1.33333,4.0,1.33333,3.0,0.0,60.2857,4,2,0,0,3,3.91697,0.00214148,0.143116,9.15227,0.183733,True
aeeem,org::eclipse::mylyn::internal::web::tasks::NamedPattern,7,1,2,5,21,0,2,0,30.0,7.0,9,2,1,0.0,6,26.0,9.0,0,0,0,0,0,0,aeeem,org::eclipse::mylyn::internal::web::tasks::NamedPattern,3.0,4,3,0,87.4286,13.0,10.0,0,8.0,3.25,8.0,2.5,3.0,0.75,43.7253,3,0,0,0,2,3.13741,0.00248808,0.14525,9.14037,0.20589,True
aeeem,org::eclipse::mylyn::internal::sandbox::ui::actions::OpenRelatedElementsPopupDialogAction,1,1,0,1,10,0,1,0,19.0,5.0,9,1,0,0.0,5,8.0,5.0,0,0,0,0,0,0,aeeem,org::eclipse::mylyn::internal::sandbox::ui::actions::OpenRelatedElementsPopupDialogAction,3.0,4,2,0,55.0,6.0,3.0,0,4.0,1.5,1.0,0.75,3.0,0.75,27.6429,3,0,0,0,2,3.24474,0.00108882,0.148128,9.14866,0.21996,True
aeeem,org::eclipse::mylyn::internal::tasks::ui::util::CopyAttachmentToClipboardJob,7,1,1,6,3,0,1,0,29.0,3.0,0,1,1,0.0,1,14.0,3.0,0,0,0,0,0,0,aeeem,org::eclipse::mylyn::internal::tasks::ui::util::CopyAttachmentToClipboardJob,4.0,3,2,0,39.5714,9.0,5.0,0,5.0,3.0,4.0,1.66667,3.0,1.33333,19.6667,3,1,0,0,2,1.84703,0.000948744,0.136921,9.09329,0.175609,True
aeeem,org::eclipse::mylyn::internal::tasks::ui::commands::NewLocalTaskHandler,2,1,0,2,0,0,0,0,21.0,1.0,0,0,0,0.0,1,11.0,4.0,0,0,0,0,0,0,aeeem,org::eclipse::mylyn::internal::tasks::ui::commands::NewLocalTaskHandler,2.0,5,2,0,49.0,8.0,6.0,0,4.0,1.6,3.0,1.2,3.0,0.4,29.125,4,1,0,0,2,3.32672,0.00101015,0.149833,9.15394,0.227553,True
aeeem,org::eclipse::mylyn::internal::wikitext::twiki::core::phrase::SimpleWrappedPhraseModifier,3,2,1,3,15,1,5,0,22.0,6.0,22,4,0,0.0,1,10.0,6.0,0,0,0,0,0,0,aeeem,org::eclipse::mylyn::internal::wikitext::twiki::core::phrase::SimpleWrappedPhraseModifier,-1.0,3,1,0,23.8571,3.0,4.0,0,2.0,1.0,2.0,1.33333,0.0,-0.333333,3.95238,3,2,0,0,0,0.0,0.0,0.0,0.0,0.0,True
aeeem,org::eclipse::mylyn::tasks::ui::editors::AbstractTaskEditorPart,28,1,22,7,171,15,6,0,88.0,19.0,0,5,0,0.0,12,41.0,24.0,1,1,0,0,0,1,aeeem,org::eclipse::mylyn::tasks::ui::editors::AbstractTaskEditorPart,35.0,8,2,0,45.8571,66.0,31.0,1,33.0,8.25,23.0,3.875,10.0,4.375,4.63636,6,2,0,0,4,5.63443,0.00703425,0.175647,9.25922,0.331448,True
aeeem,org::eclipse::mylyn::internal::jira::core::service::Messages,0,1,0,0,0,0,3,0,3.0,1.0,9,1,0,2.0,1,2.0,1.0,0,0,0,0,0,0,aeeem,org::eclipse::mylyn::internal::jira::core::service::Messages,0.0,1,1,0,14.8571,0.0,0.0,0,0.0,0.0,0.0,0.0,0.0,0.0,0.0,1,0,0,0,0,0.0,0.0,0.0,0.0,0.0,True
aeeem,org::eclipse::mylyn::internal::tasks::ui::actions::TaskEditorScheduleAction,5,1,1,4,6,0,3,0,20.0,4.0,0,3,0,0.0,4,11.0,6.0,0,0,0,0,0,0,aeeem,org::eclipse::mylyn::internal::tasks::ui::actions::TaskEditorScheduleAction,0.0,2,2,0,2.71429,6.0,6.0,0,6.0,3.0,6.0,3.0,0.0,0.0,0.142857,1,0,0,0,0,0.0,0.0,0.0,0.0,0.0,True
aeeem,org::eclipse::mylyn::internal::team::ccvs::CvsContextChangeSet,12,1,1,11,171,0,4,0,154.0,19.0,14,3,2,0.0,17,78.0,41.0,0,0,0,0,0,0,aeeem,org::eclipse::mylyn::internal::team::ccvs::CvsContextChangeSet,1.0,4,2,0,40.8571,10.0,9.0,0,6.0,2.5,6.0,2.25,1.0,0.25,14.6714,3,2,1,1,2,2.91138,0.00147531,0.0624913,0.191921,0.190355,True
aeeem,org::eclipse::mylyn::internal::wikitext::core::parser::builder::DitaTopicDocumentBuilder,16,3,2,14,780,0,9,4,452.0,40.0,36,9,11,0.0,28,203.0,123.0,1,0,0,0,0,1,aeeem,org::eclipse::mylyn::internal::wikitext::core::parser::builder::DitaTopicDocumentBuilder,46.0,4,1,1,19.4286,87.0,41.0,0,48.0,21.75,33.0,10.25,43.0,11.5,0.418719,1,1,0,0,0,0.0,0.0,0.0,0.0,0.0,True
aeeem,org::eclipse::mylyn::internal::context::ui::ColorMap,1,1,1,0,6,0,21,0,56.0,4.0,9,1,0,0.0,4,5.0,12.0,0,0,0,0,0,0,aeeem,org::eclipse::mylyn::internal::context::ui::ColorMap,-3.0,10,1,0,139.714,40.0,43.0,0,20.0,4.0,20.0,4.3,1.0,-0.3,31.9429,7,4,0,0,6,8.86173,0.0224525,0.158571,9.29333,0.213303,True
aeeem,org::eclipse::mylyn::internal::monitor::usage::wizards::GetNewUserIdPage,15,1,9,6,136,0,19,0,419.0,17.0,0,19,8,0.0,9,75.0,42.0,0,0,0,0,0,0,aeeem,org::eclipse::mylyn::internal::monitor::usage::wizards::GetNewUserIdPage,-26.0,9,2,0,109.857,60.0,86.0,1,19.0,6.66667,38.0,9.55556,8.0,-2.88889,36.5738,5,3,0,0,4,5.87331,0.0108091,0.153404,9.21823,0.21647,True
aeeem,org::eclipse::mylyn::internal::trac::core::client::TracRemoteException,0,2,0,0,0,1,1,0,3.0,1.0,26,1,0,0.0,1,1.0,1.0,0,0,0,0,0,0,aeeem,org::eclipse::mylyn::internal::trac::core::client::TracRemoteException,3.0,4,2,0,39.5714,6.0,3.0,0,4.0,1.5,1.0,0.75,3.0,0.75,15.9524,2,1,0,0,2,1.84703,0.00132824,0.136921,9.09329,0.175609,True
aeeem,org::eclipse::mylyn::internal::tasks::ui::commands::OpenTaskAttachmentInDefaultEditorHandler,3,1,0,3,1,0,0,0,36.0,2.0,0,0,1,0.0,1,16.0,7.0,0,0,0,0,0,0,aeeem,org::eclipse::mylyn::internal::tasks::ui::commands::OpenTaskAttachmentInDefaultEditorHandler,5.0,6,3,0,45.5714,17.0,12.0,0,8.0,2.83333,5.0,2.0,3.0,0.833333,19.1429,6,3,0,0,4,4.10346,0.00167289,0.157601,9.18766,0.259133,True
aeeem,org::eclipse::mylyn::internal::xplanner::ui::editor::XPlannerTimeTrackingEditorPart,6,2,1,5,153,0,10,1,179.0,18.0,21,10,8,0.0,9,69.0,27.0,1,1,0,0,0,1,aeeem,org::eclipse::mylyn::internal::xplanner::ui::editor::XPlannerTimeTrackingEditorPart,0.0,1,1,0,6.42857,0.0,0.0,0,0.0,0.0,0.0,0.0,0.0,0.0,0.0,1,1,1,0,1,0.0,0.0,0.0,0.0,0.0,True
aeeem,org::eclipse::mylyn::internal::sandbox::ui::actions::FindReferencesInContextAction,1,1,0,1,6,0,0,0,38.0,4.0,0,0,0,0.0,4,16.0,12.0,0,0,0,0,0,0,aeeem,org::eclipse::mylyn::internal::sandbox::ui::actions::FindReferencesInContextAction,3.0,3,2,0,44.0,5.0,2.0,0,4.0,1.66667,1.0,0.666667,3.0,1.0,20.9429,2,1,0,0,2,1.84703,0.000948744,0.136921,9.09329,0.175609,True
aeeem,org::eclipse::mylyn::wikitext::core::util::anttask::Messages,5,1,4,1,1,0,2,0,9.0,2.0,9,2,1,0.0,1,3.0,2.0,0,0,0,0,0,0,aeeem,org::eclipse::mylyn::wikitext::core::util::anttask::Messages,0.0,2,1,0,19.8571,1.0,1.0,0,1.0,0.5,1.0,0.5,0.0,0.0,2.0,1,1,0,0,0,0.0,0.0,0.0,0.0,0.0,True
aeeem,org::eclipse::mylyn::internal::resources::ui::ResourceContextLabelProvider,2,2,0,2,6,0,0,0,18.0,4.0,17,0,0,0.0,0,8.0,6.0,0,0,0,0,0,0,aeeem,org::eclipse::mylyn::internal::resources::ui::ResourceContextLabelProvider,0.0,15,2,1,139.143,43.0,43.0,0,8.0,2.86667,8.0,2.86667,3.0,0.0,55.6445,11,5,1,1,7,11.1611,0.00976291,0.183027,9.39617,0.319429,True
aeeem,org::eclipse::mylyn::wikitext::core::parser::markup::PatternBasedElement,3,1,2,1,6,49,0,0,7.0,4.0,18,0,0,0.0,1,6.0,1.0,0,0,0,0,0,0,aeeem,org::eclipse::mylyn::wikitext::core::parser::markup::PatternBasedElement,7.0,4,2,0,32.7143,20.0,13.0,0,10.0,5.0,9.0,3.25,7.0,1.75,15.4643,4,3,0,0,1,1.49003,0.00306854,0.0435179,0.121386,0.116244,True
aeeem,org::eclipse::mylyn::internal::wikitext::ui::editor::actions::ToggleFoldingRulerAction,2,1,0,2,6,0,3,0,20.0,4.0,0,3,1,0.0,2,12.0,5.0,1,0,0,0,0,1,aeeem,org::eclipse::mylyn::internal::wikitext::ui::editor::actions::ToggleFoldingRulerAction,0.0,2,1,1,9.0,1.0,1.0,0,1.0,0.5,1.0,0.5,0.0,0.0,0.285714,1,0,0,0,0,0.0,0.0,0.0,0.0,0.0,True
aeeem,org::eclipse::mylyn::internal::bugzilla::ui::editor::BugzillaPlanningEditorPart,9,2,0,9,3,0,2,1,120.0,3.0,19,2,1,0.0,2,66.0,13.0,0,0,0,0,0,0,aeeem,org::eclipse::mylyn::internal::bugzilla::ui::editor::BugzillaPlanningEditorPart,12.0,9,3,1,40.8571,34.0,22.0,0,10.0,3.77778,10.0,2.44444,5.0,1.33333,5.52521,8,4,0,0,7,4.0537,0.00737457,0.16462,9.19955,0.285007,True
aeeem,org::eclipse::mylyn::internal::context::ui::actions::Messages,0,1,0,0,0,0,24,0,3.0,1.0,0,1,0,23.0,1,2.0,1.0,0,0,0,0,0,0,aeeem,org::eclipse::mylyn::internal::context::ui::actions::Messages,-2.0,2,1,0,14.8571,0.0,2.0,0,0.0,0.0,2.0,1.0,0.0,-1.0,0.0,2,0,0,0,0,0.0,0.0,0.0,0.0,0.0,True
aeeem,org::eclipse::mylyn::internal::tasks::ui::actions::RestoreTaskListAction,4,1,1,3,10,0,0,0,27.0,5.0,0,0,0,0.0,5,15.0,7.0,0,0,0,0,0,0,aeeem,org::eclipse::mylyn::internal::tasks::ui::actions::RestoreTaskListAction,23.0,15,2,0,121.0,48.0,25.0,2,14.0,3.2,5.0,1.66667,13.0,1.53333,54.6726,14,3,0,0,10,11.6751,0.00785274,0.195339,9.43591,0.368547,True
aeeem,org::eclipse::mylyn::internal::tasks::ui::editors::TaskEditorNotesPart,8,2,0,8,10,0,3,1,83.0,5.0,19,3,1,0.0,4,39.0,18.0,2,1,0,0,0,1,aeeem,org::eclipse::mylyn::internal::tasks::ui::editors::TaskEditorNotesPart,0.0,1,1,0,9.0,0.0,0.0,0,0.0,0.0,0.0,0.0,0.0,0.0,0.0,1,1,0,0,1,0.0,0.0,0.0,0.0,0.0,True
aeeem,org::eclipse::mylyn::internal::jira::core::InvalidJiraQueryException,1,1,1,0,0,0,1,0,3.0,1.0,26,1,0,0.0,1,1.0,1.0,0,0,0,0,0,0,aeeem,org::eclipse::mylyn::internal::jira::core::InvalidJiraQueryException,3.0,2,2,0,48.7143,4.0,1.0,0,4.0,2.0,1.0,0.5,3.0,1.5,22.1429,2,1,0,0,1,1.84703,0.000948744,0.136921,9.09329,0.175609,True
aeeem,org::eclipse::mylyn::internal::java::ui::search::JavaActiveSearchResultUpdater,2,1,1,1,66,0,2,0,114.0,12.0,9,2,6,0.0,6,56.0,31.0,0,0,0,0,0,0,aeeem,org::eclipse::mylyn::internal::java::ui::search::JavaActiveSearchResultUpdater,3.0,5,2,0,92.4286,39.0,36.0,0,34.0,7.8,29.0,7.2,5.0,0.6,39.9451,4,1,0,0,4,5.83251,0.00649931,0.154922,9.22122,0.224828,True
aeeem,org::eclipse::mylyn::internal::wikitext::core::parser::builder::DefaultSplittingStrategy,2,2,1,1,36,0,8,0,51.0,9.0,12,8,0,0.0,8,15.0,18.0,0,0,0,0,0,0,aeeem,org::eclipse::mylyn::internal::wikitext::core::parser::builder::DefaultSplittingStrategy,31.0,4,2,0,32.7143,42.0,11.0,0,36.0,10.5,4.0,2.75,32.0,7.75,9.61225,3,3,0,0,0,1.49003,0.00119332,0.0435179,0.121386,0.116244,True
aeeem,org::eclipse::mylyn::internal::context::core::AggregateInteractionEvent,6,2,6,0,3,0,2,1,12.0,3.0,28,2,0,0.0,3,3.0,3.0,0,0,0,0,0,0,aeeem,org::eclipse::mylyn::internal::context::core::AggregateInteractionEvent,0.0,3,1,0,23.0,65.0,65.0,0,65.0,21.6667,65.0,21.6667,65.0,0.0,0.0,1,1,1,0,0,0.0,0.0,0.0,0.0,0.0,True
aeeem,org::eclipse::mylyn::internal::team::ui::LinkedTaskInfo,5,2,5,0,21,0,6,0,24.0,7.0,13,6,0,0.0,7,7.0,7.0,0,0,0,0,0,0,aeeem,org::eclipse::mylyn::internal::team::ui::LinkedTaskInfo,4.0,11,2,0,92.4286,29.0,25.0,0,8.0,2.63636,5.0,2.27273,4.0,0.363636,34.3892,9,3,0,0,6,8.19288,0.00332596,0.177416,9.32137,0.317859,True
aeeem,org::eclipse::mylyn::internal::bugzilla::core::BugzillaTaskDataHandler,26,2,7,21,153,0,2,0,350.0,18.0,17,2,2,0.0,14,169.0,44.0,2,1,0,0,2,1,aeeem,org::eclipse::mylyn::internal::bugzilla::core::BugzillaTaskDataHandler,-118.0,91,3,4,120.0,1406.0,1524.0,3,170.0,15.4505,285.0,16.7473,165.0,-1.2967,66.2305,66,40,5,3,39,25.2804,0.426385,0.307193,9.96602,0.67999,True
aeeem,org::eclipse::mylyn::internal::wikitext::textile::core::block::ParagraphBlock,9,3,1,8,15,0,5,4,74.0,6.0,43,4,0,0.0,6,26.0,19.0,0,0,0,0,0,0,aeeem,org::eclipse::mylyn::internal::wikitext::textile::core::block::ParagraphBlock,0.0,3,2,0,32.7143,11.0,11.0,0,9.0,3.66667,9.0,3.66667,0.0,0.0,3.74026,3,3,0,0,0,1.49003,0.00306854,0.0435179,0.121386,0.116244,True
aeeem,org::eclipse::mylyn::internal::tasks::ui::commands::Messages,0,1,0,0,0,0,13,0,3.0,1.0,0,1,0,12.0,1,2.0,1.0,0,0,0,0,0,0,aeeem,org::eclipse::mylyn::internal::tasks::ui::commands::Messages,0.0,1,1,0,14.5714,0.0,0.0,0,0.0,0.0,0.0,0.0,0.0,0.0,0.0,1,0,0,0,0,0.0,0.0,0.0,0.0,0.0,True
aeeem,org::eclipse::mylyn::wikitext::core::parser::markup::phrase::LimitedHtmlEndTagPhraseModifier,2,2,1,1,6,0,1,0,23.0,4.0,22,1,0,0.0,1,10.0,5.0,0,0,0,0,0,0,aeeem,org::eclipse::mylyn::wikitext::core::parser::markup::phrase::LimitedHtmlEndTagPhraseModifier,8.0,7,2,1,32.7143,17.0,9.0,0,7.0,2.42857,4.0,1.28571,7.0,1.14286,15.3193,4,4,0,0,0,1.49003,0.00136379,0.0435179,0.121386,0.116244,True
aeeem,org::eclipse::mylyn::internal::tasks::core::externalization::DelegatingTaskExternalizer,32,1,1,31,276,0,54,0,569.0,24.0,9,6,10,0.0,14,368.0,94.0,1,1,0,0,0,1,aeeem,org::eclipse::mylyn::internal::tasks::core::externalization::DelegatingTaskExternalizer,246.0,40,3,0,46.0,707.0,461.0,1,228.0,17.675,134.0,11.525,94.0,6.15,7.47141,27,16,4,3,20,5.63443,0.0659914,0.175647,9.25922,0.331448,True
aeeem,org::eclipse::mylyn::wikitext::core::parser::QuoteAttributes,3,2,3,0,3,0,1,0,6.0,3.0,20,1,0,0.0,3,3.0,2.0,0,0,0,0,0,0,aeeem,org::eclipse::mylyn::wikitext::core::parser::QuoteAttributes,1.0,4,2,1,32.7143,3.0,2.0,0,1.0,0.75,1.0,0.5,1.0,0.25,16.2857,3,3,0,0,0,1.49003,0.000340949,0.0435179,0.121386,0.116244,True
aeeem,org::eclipse::mylyn::tasklist::tests::Job,2,1,2,0,66,0,6,0,46.0,12.0,9,5,0,1.0,12,12.0,17.0,0,0,0,0,0,0,aeeem,org::eclipse::mylyn::tasklist::tests::Job,0.0,2,2,1,190.571,0.0,0.0,1,0.0,0.0,0.0,0.0,0.0,0.0,0.0,1,1,0,0,1,0.0,0.0,0.0,0.0,0.0,True
aeeem,org::eclipse::mylyn::internal::bugzilla::ui::actions::DeleteFavoriteAction,2,2,2,1,1,0,2,0,27.0,2.0,2,2,0,0.0,2,8.0,4.0,0,0,0,0,0,0,aeeem,org::eclipse::mylyn::internal::bugzilla::ui::actions::DeleteFavoriteAction,0.0,3,1,0,164.0,0.0,0.0,1,0.0,0.0,0.0,0.0,0.0,0.0,0.0,1,0,0,0,0,0.0,0.0,0.0,0.0,0.0,True
aeeem,org::eclipse::mylyn::internal::wikitext::ui::viewer::FontState,12,1,10,2,300,0,11,0,118.0,25.0,9,0,2,4.0,23,46.0,39.0,0,0,0,0,0,0,aeeem,org::eclipse::mylyn::internal::wikitext::ui::viewer::FontState,28.0,3,2,1,32.7143,40.0,12.0,0,40.0,13.3333,10.0,4.0,30.0,9.33333,1.71429,2,2,0,0,0,2.38141,0.00867072,0.132656,9.07779,0.205382,True
aeeem,org::eclipse::mylyn::internal::jira::core::wsdl::beans::RemoteFieldValue,5,1,0,5,45,0,5,0,65.0,10.0,18,5,0,0.0,10,27.0,28.0,0,0,0,0,0,0,aeeem,org::eclipse::mylyn::internal::jira::core::wsdl::beans::RemoteFieldValue,-14.0,9,2,0,110.714,164.0,178.0,0,137.0,18.2222,151.0,19.7778,7.0,-1.55556,25.1847,7,4,1,1,5,5.94514,0.0125104,0.153982,9.22122,0.218565,True
aeeem,org::eclipse::mylyn::tasks::tests::connector::MockRepositoryConnector,6,2,5,1,253,0,7,0,73.0,23.0,36,5,0,0.0,23,25.0,23.0,2,2,0,0,0,1,aeeem,org::eclipse::mylyn::tasks::tests::connector::MockRepositoryConnector,45.0,63,3,4,139.143,380.0,335.0,2,32.0,6.03175,89.0,5.31746,30.0,0.714286,57.3398,52,24,3,1,35,24.9674,0.108748,0.224294,9.78371,0.386154,True
aeeem,org::eclipse::mylyn::bugzilla::deprecated::BugzillaTaskListFactory,5,2,0,5,21,0,6,3,43.0,7.0,16,6,0,0.0,7,24.0,12.0,0,0,0,0,0,0,aeeem,org::eclipse::mylyn::bugzilla::deprecated::BugzillaTaskListFactory,3.0,3,3,0,39.5714,4.0,1.0,0,4.0,1.33333,1.0,0.333333,3.0,1.0,13.0,3,1,0,0,3,1.84703,0.000948744,0.136921,9.09329,0.175609,True
aeeem,org::eclipse::mylyn::internal::trac::ui::search::RepositorySearchQuery,2,1,0,2,6,0,3,0,44.0,4.0,0,3,0,0.0,4,11.0,4.0,0,0,0,0,0,0,aeeem,org::eclipse::mylyn::internal::trac::ui::search::RepositorySearchQuery,-6.0,5,2,0,135.429,7.0,13.0,0,5.0,1.4,11.0,2.6,0.0,-1.2,2.65306,4,2,0,0,4,2.02245,0.0121422,0.0036753,0.0504594,0.000912802,True
aeeem,org::eclipse::mylyn::wikitext::core::util::FormattingXMLStreamWriter,9,2,5,4,253,0,6,0,101.0,23.0,29,6,1,0.0,21,60.0,31.0,0,0,0,0,0,0,aeeem,org::eclipse::mylyn::wikitext::core::util::FormattingXMLStreamWriter,4.0,7,2,1,32.7143,29.0,25.0,0,19.0,4.14286,16.0,3.57143,3.0,0.571429,5.46305,4,4,0,0,0,1.49003,0.00698945,0.0435179,0.121386,0.116244,True
aeeem,org::eclipse::mylyn::internal::jira::ui::JiraIssueContentOutlinePage,1,1,1,0,1,0,5,0,81.0,2.0,0,5,0,0.0,2,5.0,4.0,0,0,0,0,0,0,aeeem,org::eclipse::mylyn::internal::jira::ui::JiraIssueContentOutlinePage,0.0,2,1,0,147.857,0.0,0.0,0,0.0,0.0,0.0,0.0,0.0,0.0,0.0,2,0,0,0,0,0.0,0.0,0.0,0.0,0.0,True
aeeem,org::eclipse::mylyn::internal::wikitext::tracwiki::core::phrase::SimpleWrappedPhraseModifier,4,2,2,3,15,1,5,0,23.0,6.0,22,4,0,0.0,1,10.0,6.0,0,0,0,0,0,0,aeeem,org::eclipse::mylyn::internal::wikitext::tracwiki::core::phrase::SimpleWrappedPhraseModifier,4.0,7,2,0,32.7143,27.0,23.0,0,17.0,3.85714,13.0,3.28571,4.0,0.571429,5.7672,5,5,0,0,0,1.49003,0.00647802,0.0435179,0.121386,0.116244,True
aeeem,org::eclipse::mylyn::zest::core::viewers::internal::ZoomManager,13,1,2,11,561,0,13,0,206.0,34.0,9,8,2,0.0,27,135.0,52.0,0,0,0,0,0,0,aeeem,org::eclipse::mylyn::zest::core::viewers::internal::ZoomManager,0.0,2,1,0,103.714,1.0,1.0,1,1.0,0.5,1.0,0.5,0.0,0.0,11.5714,0,0,0,0,0,1.45219,0.000135718,0.00420507,0.0409958,0.00508017,True
aeeem,org::eclipse::mylyn::internal::sandbox::bridge::bugs::BugzillaMylynSearchOperation,20,2,3,19,171,0,8,0,295.0,19.0,4,8,7,0.0,12,93.0,34.0,0,0,0,0,0,0,aeeem,org::eclipse::mylyn::internal::sandbox::bridge::bugs::BugzillaMylynSearchOperation,21.0,26,3,0,88.0,197.0,176.0,0,44.0,7.57692,44.0,6.76923,8.0,0.807692,42.2306,19,10,1,0,15,10.5619,0.0220944,0.204594,9.43276,0.429995,True
aeeem,org::eclipse::mylyn::internal::trac::wiki::editor::TracWikiPageEditor,6,1,1,5,21,0,5,0,64.0,7.0,0,4,0,0.0,4,20.0,8.0,0,0,0,0,0,0,aeeem,org::eclipse::mylyn::internal::trac::wiki::editor::TracWikiPageEditor,-29.0,18,2,0,81.8571,53.0,82.0,0,13.0,2.94444,51.0,4.55556,5.0,-1.61111,32.2776,12,4,0,0,7,10.6456,0.0176076,0.205013,9.43518,0.431428,True
aeeem,org::eclipse::mylyn::internal::jira::core::model::filter::VersionFilter,5,1,5,0,21,0,4,0,40.0,7.0,18,4,0,0.0,6,12.0,13.0,0,0,0,0,0,0,aeeem,org::eclipse::mylyn::internal::jira::core::model::filter::VersionFilter,6.0,9,2,0,110.714,17.0,11.0,0,5.0,1.88889,4.0,1.22222,4.0,0.666667,40.4622,5,3,0,0,3,6.61894,0.00372504,0.150592,9.22758,0.191815,True
aeeem,org::eclipse::mylyn::internal::trac::core::model::TracAttachment,3,1,3,0,66,0,5,0,36.0,12.0,9,4,0,1.0,12,12.0,12.0,0,0,0,0,0,0,aeeem,org::eclipse::mylyn::internal::trac::core::model::TracAttachment,3.0,6,2,0,133.0,8.0,5.0,0,4.0,1.33333,1.0,0.833333,3.0,0.5,92.7143,3,1,0,0,3,4.58293,0.00176257,0.145075,9.17116,0.186189,True
aeeem,org::eclipse::mylyn::internal::wikitext::ui::WikiTextUiPlugin,31,1,18,14,45,0,9,0,213.0,10.0,0,9,0,0.0,10,128.0,45.0,1,0,0,0,0,1,aeeem,org::eclipse::mylyn::internal::wikitext::ui::WikiTextUiPlugin,29.0,8,1,2,24.7143,87.0,58.0,0,45.0,10.875,38.0,7.25,20.0,3.625,8.52052,6,5,2,0,0,0.891381,0.00132307,0.0891381,8.95641,0.0891381,True
aeeem,org::eclipse::mylyn::wikitext::core::parser::markup::DefaultIdGenerationStrategy,2,2,0,2,0,0,0,0,7.0,1.0,10,0,0,0.0,1,5.0,3.0,0,0,0,0,0,0,aeeem,org::eclipse::mylyn::wikitext::core::parser::markup::DefaultIdGenerationStrategy,1.0,3,1,1,9.85714,2.0,1.0,0,1.0,0.666667,1.0,0.333333,1.0,0.333333,0.714286,2,2,0,0,0,0.0,0.0,0.0,0.0,0.0,True
aeeem,org::eclipse::mylyn::internal::bugzilla::core::XmlCleaner,9,1,2,7,0,0,0,0,34.0,1.0,9,0,0,0.0,1,25.0,6.0,0,0,0,0,0,0,aeeem,org::eclipse::mylyn::internal::bugzilla::core::XmlCleaner,10.0,16,2,0,148.571,59.0,49.0,1,13.0,3.6875,8.0,3.0625,7.0,0.625,77.1695,13,6,1,1,7,13.0751,0.0148417,0.171413,9.409,0.242343,True
aeeem,org::eclipse::mylyn::internal::provisional::tasks::ui::wizards::Messages,0,1,0,0,0,0,8,0,3.0,1.0,0,1,0,7.0,1,2.0,1.0,0,0,0,0,0,0,aeeem,org::eclipse::mylyn::internal::provisional::tasks::ui::wizards::Messages,0.0,1,1,0,14.1429,0.0,0.0,0,0.0,0.0,0.0,0.0,0.0,0.0,0.0,1,0,0,0,0,0.0,0.0,0.0,0.0,0.0,True
aeeem,org::eclipse::mylyn::internal::tasks::ui::TaskWorkingSetFilter,6,2,2,4,15,0,1,0,79.0,6.0,11,1,1,0.0,5,22.0,24.0,0,0,0,0,0,0,aeeem,org::eclipse::mylyn::internal::tasks::ui::TaskWorkingSetFilter,61.0,34,3,1,95.7143,192.0,131.0,0,26.0,5.64706,16.0,3.85294,25.0,1.79412,33.2753,19,13,2,0,13,17.7124,0.0682796,0.25427,9.69434,0.559082,True
aeeem,org::eclipse::mylyn::internal::monitor::reports::MonitorReportsPlugin,2,1,2,0,15,0,5,0,19.0,6.0,0,1,0,0.0,6,10.0,6.0,0,0,0,0,0,0,aeeem,org::eclipse::mylyn::internal::monitor::reports::MonitorReportsPlugin,1.0,6,2,0,92.5714,11.0,10.0,0,4.0,1.83333,4.0,1.66667,3.0,0.166667,38.6753,4,2,0,0,3,4.67939,0.0020441,0.149492,9.18368,0.209711,True
aeeem,org::eclipse::mylyn::internal::sandbox::dev::properties::AbstractTaskCategoryPropertySource,4,2,1,3,3,0,0,8,16.0,3.0,22,0,0,0.0,3,10.0,4.0,0,0,0,0,0,0,aeeem,org::eclipse::mylyn::internal::sandbox::dev::properties::AbstractTaskCategoryPropertySource,-11.0,5,2,0,70.7143,30.0,41.0,0,23.0,6.0,38.0,8.2,4.0,-2.2,12.6762,4,1,0,0,2,4.78404,0.020555,0.157865,9.20375,0.251703,True
aeeem,org::eclipse::mylyn::context::ui::ContextUi,15,1,12,3,10,0,1,0,27.0,5.0,9,0,0,1.0,5,20.0,10.0,0,0,0,0,0,0,aeeem,org::eclipse::mylyn::context::ui::ContextUi,57.0,9,2,0,48.8571,62.0,5.0,0,18.0,6.88889,3.0,0.555556,18.0,6.33333,10.2903,7,2,0,0,5,6.32077,0.00427754,0.180927,9.28597,0.35212,True
aeeem,org::eclipse::mylyn::internal::trac::ui::editor::Messages,0,1,0,0,0,0,4,0,3.0,1.0,0,1,0,3.0,1,2.0,1.0,0,0,0,0,0,0,aeeem,org::eclipse::mylyn::internal::trac::ui::editor::Messages,0.0,1,1,0,14.8571,0.0,0.0,0,0.0,0.0,0.0,0.0,0.0,0.0,0.0,1,0,0,0,0,0.0,0.0,0.0,0.0,0.0,True
aeeem,org::eclipse::mylyn::tasks::ui::wizards::AbstractTaskRepositoryPage,13,2,4,9,153,2,10,0,224.0,18.0,2,9,7,1.0,7,91.0,33.0,1,0,0,0,0,1,aeeem,org::eclipse::mylyn::tasks::ui::wizards::AbstractTaskRepositoryPage,19.0,9,2,1,19.0,84.0,65.0,0,60.0,9.33333,53.0,7.22222,7.0,2.11111,13.2959,6,1,0,0,2,0.0,0.0,0.0,0.0,0.0,True
aeeem,org::eclipse::mylyn::internal::context::ui::preferences::Messages,0,1,0,0,0,0,12,0,3.0,1.0,0,1,0,11.0,1,2.0,1.0,0,0,0,0,0,0,aeeem,org::eclipse::mylyn::internal::context::ui::preferences::Messages,0.0,1,1,0,14.8571,0.0,0.0,0,0.0,0.0,0.0,0.0,0.0,0.0,0.0,1,0,0,0,0,0.0,0.0,0.0,0.0,0.0,True
aeeem,org::eclipse::mylyn::internal::resources::ui::ResourceStructureBridge,10,2,3,7,66,0,1,1,147.0,12.0,23,0,0,0.0,12,49.0,32.0,0,0,0,0,0,0,aeeem,org::eclipse::mylyn::internal::resources::ui::ResourceStructureBridge,10.0,21,2,1,92.4286,73.0,63.0,1,17.0,3.47619,12.0,3.0,9.0,0.47619,29.9863,17,6,0,0,13,13.2977,0.01924,0.212748,9.51062,0.440575,True
aeeem,org::eclipse::mylyn::internal::xplanner::core::service::ServiceManager,4,1,1,3,1,0,1,0,31.0,2.0,9,1,0,0.0,2,12.0,5.0,1,0,0,0,0,1,aeeem,org::eclipse::mylyn::internal::xplanner::core::service::ServiceManager,0.0,1,1,0,6.42857,0.0,0.0,0,0.0,0.0,0.0,0.0,0.0,0.0,0.0,1,1,1,0,1,0.0,0.0,0.0,0.0,0.0,True
aeeem,org::eclipse::mylyn::internal::tasks::ui::workingsets::TaskWorkingSetAdapterFactory,0,1,0,0,1,0,2,0,29.0,2.0,18,2,0,0.0,2,4.0,2.0,0,0,0,0,0,0,aeeem,org::eclipse::mylyn::internal::tasks::ui::workingsets::TaskWorkingSetAdapterFactory,3.0,10,2,0,91.1429,25.0,22.0,0,10.0,2.5,10.0,2.2,3.0,0.3,31.4,8,4,1,1,5,7.41746,0.00297726,0.174636,9.29759,0.308978,True
aeeem,org::eclipse::mylyn::internal::trac::core::TracAttachmentHandler,12,2,0,12,10,0,1,0,70.0,5.0,13,1,0,0.0,5,45.0,14.0,0,0,0,0,0,0,aeeem,org::eclipse::mylyn::internal::trac::core::TracAttachmentHandler,17.0,35,3,0,131.571,214.0,197.0,0,33.0,6.11429,62.0,5.62857,8.0,0.485714,51.3071,27,18,1,0,19,20.1248,0.0554759,0.237782,9.70643,0.48884,True
aeeem,org::eclipse::mylyn::wikitext::core::util::LocatorImpl,5,1,4,1,21,0,6,0,26.0,7.0,15,6,0,0.0,7,13.0,7.0,0,0,0,0,0,0,aeeem,org::eclipse::mylyn::wikitext::core::util::LocatorImpl,6.0,5,2,1,32.7143,15.0,9.0,0,7.0,3.0,6.0,1.8,5.0,1.2,4.62857,3,3,0,0,0,1.49003,0.00357996,0.0435179,0.121386,0.116244,True
aeeem,org::eclipse::mylyn::internal::tasks::ui::AbstractTaskListFilter,4,1,1,3,6,5,0,0,40.0,4.0,9,0,2,0.0,2,13.0,16.0,0,0,0,0,0,0,aeeem,org::eclipse::mylyn::internal::tasks::ui::AbstractTaskListFilter,61.0,25,3,0,139.571,117.0,56.0,0,37.0,4.68,13.0,2.24,37.0,2.44,79.5519,20,10,2,0,15,13.4472,0.0289993,0.204441,9.4941,0.393339,True
aeeem,org::eclipse::mylyn::tasks::ui::AbstractTaskRepositoryLinkProvider,1,1,1,0,21,3,4,0,24.0,7.0,9,4,0,0.0,7,9.0,6.0,0,0,0,0,0,0,aeeem,org::eclipse::mylyn::tasks::ui::AbstractTaskRepositoryLinkProvider,12.0,13,2,0,107.857,97.0,85.0,0,62.0,7.46154,62.0,6.53846,62.0,0.923077,17.6981,9,2,1,0,5,11.9205,0.0304496,0.189482,9.42848,0.337008,True
aeeem,org::eclipse::mylyn::internal::wikitext::tracwiki::core::phrase::MonospacePhraseModifier,2,2,1,1,6,0,0,0,9.0,4.0,22,0,0,0.0,1,5.0,3.0,0,0,0,0,0,0,aeeem,org::eclipse::mylyn::internal::wikitext::tracwiki::core::phrase::MonospacePhraseModifier,0.0,1,1,0,5.14286,0.0,0.0,0,0.0,0.0,0.0,0.0,0.0,0.0,0.0,1,1,0,0,0,0.0,0.0,0.0,0.0,0.0,True
aeeem,org::eclipse::mylyn::internal::wikitext::twiki::core::validation::Messages,2,1,1,1,1,0,2,0,9.0,2.0,9,2,1,0.0,1,3.0,2.0,0,0,0,0,0,0,aeeem,org::eclipse::mylyn::internal::wikitext::twiki::core::validation::Messages,0.0,2,1,0,19.8571,1.0,1.0,0,1.0,0.5,1.0,0.5,0.0,0.0,2.0,1,1,0,0,0,0.0,0.0,0.0,0.0,0.0,True
aeeem,org::eclipse::mylyn::internal::bugzilla::ui::editor::Messages,0,1,0,0,0,0,13,0,3.0,1.0,0,1,0,12.0,1,2.0,1.0,0,0,0,0,0,0,aeeem,org::eclipse::mylyn::internal::bugzilla::ui::editor::Messages,0.0,3,2,1,13.0,2.0,2.0,0,2.0,0.666667,2.0,0.666667,2.0,0.0,3.42857,3,2,0,0,2,0.0,0.0,0.0,0.0,0.0,True
aeeem,org::eclipse::mylyn::internal::bugzilla::ui::actions::AbstractFavoritesAction,0,1,0,0,1,4,0,0,13.0,2.0,0,0,0,0.0,0,6.0,2.0,0,0,0,0,0,0,aeeem,org::eclipse::mylyn::internal::bugzilla::ui::actions::AbstractFavoritesAction,0.0,3,1,0,164.0,0.0,0.0,1,0.0,0.0,0.0,0.0,0.0,0.0,0.0,1,0,0,0,0,0.0,0.0,0.0,0.0,0.0,True
aeeem,org::eclipse::mylyn::internal::pde::ui::FocusedApiToolsJavadocCompletionProposalComputer,1,1,0,1,0,0,1,0,10.0,1.0,0,1,0,0.0,1,5.0,3.0,0,0,0,0,0,0,aeeem,org::eclipse::mylyn::internal::pde::ui::FocusedApiToolsJavadocCompletionProposalComputer,0.0,1,1,0,1.71429,0.0,0.0,0,0.0,0.0,0.0,0.0,0.0,0.0,0.0,1,1,0,0,1,0.0,0.0,0.0,0.0,0.0,True
aeeem,org::eclipse::mylyn::internal::jira::core::service::JiraClient,50,1,39,15,1225,1,14,0,197.0,50.0,9,8,0,0.0,50,133.0,61.0,0,0,0,0,0,0,aeeem,org::eclipse::mylyn::internal::jira::core::service::JiraClient,201.0,41,3,0,96.8571,1127.0,926.0,1,353.0,27.4878,339.0,22.5854,339.0,4.90244,28.1205,31,19,4,1,18,17.2558,0.241356,0.231051,9.63664,0.476035,True
aeeem,org::eclipse::mylyn::internal::jira::core::model::filter::ContentFilter,8,1,8,0,21,0,6,0,27.0,7.0,18,6,0,0.0,6,8.0,7.0,0,0,0,0,0,0,aeeem,org::eclipse::mylyn::internal::jira::core::model::filter::ContentFilter,-1.0,7,2,0,110.714,16.0,17.0,0,6.0,2.28571,8.0,2.42857,4.0,-0.142857,48.6875,5,3,0,0,4,5.98972,0.00341764,0.153591,9.2213,0.215984,True
aeeem,org::eclipse::mylyn::internal::tasks::ui::actions::DeleteAction,17,1,2,16,10,1,1,0,132.0,5.0,0,0,0,0.0,4,44.0,13.0,0,0,0,0,0,0,aeeem,org::eclipse::mylyn::internal::tasks::ui::actions::DeleteAction,95.0,39,3,1,139.571,306.0,211.0,0,61.0,7.84615,38.0,5.41026,25.0,2.4359,83.7932,30,10,1,0,14,15.1266,0.0630712,0.246158,9.61627,0.506144,True
aeeem,org::eclipse::mylyn::internal::jira::core::wsdl::soap::RemotePermissionException,1,2,0,1,21,0,3,0,40.0,7.0,25,3,0,0.0,7,12.0,12.0,0,0,0,0,0,0,aeeem,org::eclipse::mylyn::internal::jira::core::wsdl::soap::RemotePermissionException,-1.0,9,2,0,110.714,106.0,107.0,0,76.0,11.7778,77.0,11.8889,7.0,-0.111111,27.686,7,4,1,1,5,5.94514,0.00808474,0.153982,9.22122,0.218565,True
aeeem,org::eclipse::mylyn::tasks::ui::TasksUiImages,6,1,3,3,6,0,63,0,47.0,4.0,9,6,1,0.0,3,15.0,13.0,0,0,0,0,0,0,aeeem,org::eclipse::mylyn::tasks::ui::TasksUiImages,9.0,11,2,2,43.7143,86.0,77.0,0,59.0,7.81818,59.0,7.0,8.0,0.818182,27.505,10,3,0,0,6,5.59876,0.00240499,0.179372,9.2653,0.344852,True
aeeem,org::eclipse::mylyn::wikitext::core::parser::outline::OutlineItem,33,1,28,6,435,1,14,0,209.0,30.0,9,14,2,0.0,27,84.0,54.0,1,0,0,0,0,1,aeeem,org::eclipse::mylyn::wikitext::core::parser::outline::OutlineItem,190.0,16,2,3,32.7143,213.0,23.0,0,68.0,13.3125,9.0,1.4375,67.0,11.875,21.4547,10,7,0,0,0,1.49003,0.00511423,0.0435179,0.121386,0.116244,True
aeeem,org::eclipse::mylyn::internal::tasks::bugs::actions::NewTaskFromErrorAction,2,1,0,2,15,0,2,0,78.0,6.0,9,1,3,0.0,3,29.0,15.0,0,0,0,0,0,0,aeeem,org::eclipse::mylyn::internal::tasks::bugs::actions::NewTaskFromErrorAction,47.0,19,2,0,47.5714,136.0,89.0,0,28.0,7.15789,14.0,4.68421,22.0,2.47368,14.2994,10,3,0,0,3,6.35082,0.021313,0.204441,9.33355,0.406425,True
aeeem,org::eclipse::mylyn::internal::wikitext::ui::editor::syntax::FastMarkupPartitioner,13,1,6,8,21,0,4,0,61.0,7.0,0,1,1,1.0,5,36.0,10.0,2,0,1,0,0,1,aeeem,org::eclipse::mylyn::internal::wikitext::ui::editor::syntax::FastMarkupPartitioner,70.0,10,2,0,32.7143,189.0,119.0,0,72.0,18.9,75.0,11.9,37.0,7.0,15.8262,6,5,0,0,0,2.38141,0.0275323,0.132656,9.07779,0.205382,True
aeeem,org::eclipse::mylyn::commons::net::WebRequest,2,1,2,0,1,3,0,0,0.0,2.0,9,0,0,0.0,2,2.0,0.0,0,0,0,0,0,0,aeeem,org::eclipse::mylyn::commons::net::WebRequest,11.0,2,1,0,45.8571,11.0,0.0,0,11.0,5.5,0.0,0.0,11.0,5.5,19.2857,2,0,0,0,2,1.84703,0.00208724,0.136921,9.09329,0.175609,True
aeeem,org::eclipse::mylyn::internal::jira::ui::editor::TimeSpanAttributeEditor,7,2,1,6,10,0,2,0,33.0,5.0,32,2,0,0.0,4,25.0,5.0,0,0,0,0,0,0,aeeem,org::eclipse::mylyn::internal::jira::ui::editor::TimeSpanAttributeEditor,4.0,4,2,0,38.0,7.0,3.0,0,5.0,1.75,1.0,0.75,4.0,1.0,17.3469,3,1,0,0,2,1.84703,0.00113849,0.136921,9.09329,0.175609,True
aeeem,org::eclipse::mylyn::internal::wikitext::ui::editor::validation::Messages,4,1,3,1,1,0,2,0,9.0,2.0,9,2,1,0.0,1,3.0,2.0,1,0,0,0,0,1,aeeem,org::eclipse::mylyn::internal::wikitext::ui::editor::validation::Messages,0.0,2,1,0,19.8571,1.0,1.0,0,1.0,0.5,1.0,0.5,0.0,0.0,2.0,1,1,0,0,0,0.0,0.0,0.0,0.0,0.0,True
aeeem,org::eclipse::mylyn::zest::layouts::algorithms::DirectedGraphLayoutAlgorithm,9,2,0,9,28,0,0,8,54.0,8.0,63,0,0,0.0,2,27.0,11.0,0,0,0,0,0,0,aeeem,org::eclipse::mylyn::zest::layouts::algorithms::DirectedGraphLayoutAlgorithm,9.0,3,1,0,82.5714,29.0,20.0,0,29.0,9.66667,19.0,6.66667,10.0,3.0,1.57143,3,2,0,0,0,0.903836,0.00668288,0.00316207,0.0269541,0.00573197,True
aeeem,org::eclipse::mylyn::wikitext::core::parser::builder::DocBookDocumentBuilder,21,3,5,16,496,2,8,4,412.0,32.0,36,8,9,0.0,22,169.0,98.0,1,0,0,0,0,1,aeeem,org::eclipse::mylyn::wikitext::core::parser::builder::DocBookDocumentBuilder,9.0,7,2,1,32.7143,130.0,121.0,0,74.0,18.5714,74.0,17.2857,6.0,1.28571,9.01648,5,5,0,0,0,1.49003,0.0156836,0.0435179,0.121386,0.116244,True
aeeem,org::eclipse::mylyn::wikitext::core::validation::Messages,3,1,2,1,1,0,2,0,9.0,2.0,9,2,1,0.0,1,3.0,2.0,0,0,0,0,0,0,aeeem,org::eclipse::mylyn::wikitext::core::validation::Messages,0.0,2,1,0,19.8571,1.0,1.0,0,1.0,0.5,1.0,0.5,0.0,0.0,2.0,1,1,0,0,0,0.0,0.0,0.0,0.0,0.0,True
aeeem,org::eclipse::mylyn::internal::commons::ui::WorkbenchUtil,1,1,1,0,1,0,0,0,18.0,2.0,9,0,0,0.0,2,8.0,7.0,0,0,0,0,0,0,aeeem,org::eclipse::mylyn::internal::commons::ui::WorkbenchUtil,3.0,2,1,0,37.0,4.0,1.0,0,4.0,2.0,1.0,0.5,3.0,1.5,10.4286,2,1,1,0,1,1.84703,0.000948744,0.136921,9.09329,0.175609,True
aeeem,org::eclipse::mylyn::internal::tasks::ui::TasksUiFactory,5,1,1,4,6,0,0,0,9.0,4.0,12,0,0,0.0,4,9.0,3.0,0,0,0,0,0,0,aeeem,org::eclipse::mylyn::internal::tasks::ui::TasksUiFactory,2.0,2,1,0,17.7143,5.0,3.0,0,5.0,2.5,3.0,1.5,2.0,1.0,11.7143,2,1,0,0,1,0.0,0.0,0.0,0.0,0.0,True
aeeem,org::eclipse::mylyn::bugzilla::deprecated::DummySearchHitProvider,0,1,0,0,0,0,0,0,8.0,1.0,0,0,0,0.0,1,2.0,1.0,0,0,0,0,0,0,aeeem,org::eclipse::mylyn::bugzilla::deprecated::DummySearchHitProvider,2.0,3,3,0,39.5714,4.0,2.0,0,4.0,1.33333,2.0,0.666667,2.0,0.666667,13.0,3,1,0,0,3,1.84703,0.00113849,0.136921,9.09329,0.175609,True
aeeem,org::eclipse::mylyn::internal::context::core::LegacyActivityAdaptor,5,1,2,3,1,0,2,0,37.0,2.0,9,2,0,0.0,2,22.0,19.0,0,0,0,0,0,0,aeeem,org::eclipse::mylyn::internal::context::core::LegacyActivityAdaptor,5.0,10,3,0,82.7143,29.0,24.0,1,6.0,2.9,6.0,2.4,3.0,0.5,36.3744,10,4,0,0,7,10.1236,0.00648294,0.201284,9.41541,0.417202,True
aeeem,org::eclipse::mylyn::internal::sandbox::dev::views::RepositorySpyView,10,1,5,7,91,0,5,0,134.0,14.0,0,5,10,0.0,4,51.0,16.0,1,1,0,0,0,1,aeeem,org::eclipse::mylyn::internal::sandbox::dev::views::RepositorySpyView,16.0,10,3,0,70.7143,50.0,34.0,0,26.0,5.0,19.0,3.4,10.0,1.6,25.3086,8,2,0,0,5,5.36881,0.0063251,0.165282,9.23287,0.286407,True
aeeem,org::eclipse::mylyn::wikitext::ui::commands::Messages,5,1,4,1,1,0,2,0,9.0,2.0,9,2,1,0.0,1,3.0,2.0,1,0,0,0,0,1,aeeem,org::eclipse::mylyn::wikitext::ui::commands::Messages,0.0,2,1,0,19.8571,1.0,1.0,0,1.0,0.5,1.0,0.5,0.0,0.0,2.0,1,1,0,0,0,0.0,0.0,0.0,0.0,0.0,True
aeeem,org::eclipse::mylyn::internal::sandbox::ui::highlighters::EditHighlightersAction,1,1,1,0,6,0,2,0,15.0,4.0,0,1,0,0.0,4,6.0,4.0,0,0,0,0,0,0,aeeem,org::eclipse::mylyn::internal::sandbox::ui::highlighters::EditHighlightersAction,3.0,3,2,0,43.5714,5.0,2.0,0,4.0,1.66667,1.0,0.666667,3.0,1.0,20.5143,2,0,0,0,1,1.84703,0.000948744,0.136921,9.09329,0.175609,True
aeeem,org::eclipse::mylyn::internal::tasks::ui::views::TaskListCellModifier,12,1,0,12,10,0,2,0,90.0,5.0,9,2,0,0.0,4,38.0,29.0,0,0,0,0,0,0,aeeem,org::eclipse::mylyn::internal::tasks::ui::views::TaskListCellModifier,17.0,37,3,0,98.7143,318.0,301.0,1,130.0,8.59459,130.0,8.13513,130.0,0.459459,14.9367,26,8,1,1,16,17.8867,0.057119,0.222427,9.63416,0.441272,True
aeeem,org::eclipse::mylyn::zest::layouts::exampleStructures::SimpleRelationship,6,1,6,0,351,0,14,0,99.0,27.0,16,11,0,0.0,27,31.0,30.0,0,0,0,0,0,0,aeeem,org::eclipse::mylyn::zest::layouts::exampleStructures::SimpleRelationship,51.0,5,2,0,184.857,60.0,9.0,2,28.0,12.0,8.0,1.8,28.0,10.2,51.9714,2,2,0,0,0,5.68119,0.0314574,0.0114423,0.144946,0.00644792,True
aeeem,org::eclipse::mylyn::internal::jira::ui::JiraUiPlugin,5,1,1,4,15,0,2,0,24.0,6.0,0,1,0,0.0,5,20.0,6.0,0,0,0,0,0,0,aeeem,org::eclipse::mylyn::internal::jira::ui::JiraUiPlugin,-7.0,17,4,0,110.714,57.0,64.0,0,25.0,3.35294,31.0,3.76471,4.0,-0.411765,54.9774,13,6,0,0,4,10.777,0.0117562,0.175562,9.37426,0.27877,True
aeeem,org::eclipse::mylyn::internal::tasks::ui::commands::OpenTaskListElementPropertiesHandler,1,2,0,1,0,0,0,0,5.0,1.0,1,0,0,0.0,0,2.0,3.0,0,0,0,0,0,0,aeeem,org::eclipse::mylyn::internal::tasks::ui::commands::OpenTaskListElementPropertiesHandler,3.0,7,2,0,46.0,14.0,11.0,0,4.0,2.0,3.0,1.57143,3.0,0.428571,9.19388,6,1,0,0,3,4.88878,0.00162623,0.166327,9.22338,0.29442,True
aeeem,org::eclipse::mylyn::team::ui::AbstractTaskReference,2,1,2,0,6,1,0,0,0.0,4.0,9,0,0,0.0,4,4.0,0.0,0,0,0,0,0,0,aeeem,org::eclipse::mylyn::team::ui::AbstractTaskReference,4.0,3,1,0,47.5714,6.0,2.0,0,5.0,2.0,1.0,0.666667,4.0,1.33333,21.0238,2,1,0,0,1,1.84703,0.00151799,0.136921,9.09329,0.175609,True
aeeem,org::eclipse::mylyn::internal::bugzilla::ui::BugzillaUiPlugin,16,1,5,11,45,0,20,0,127.0,10.0,0,2,1,0.0,9,60.0,30.0,0,0,0,0,0,0,aeeem,org::eclipse::mylyn::internal::bugzilla::ui::BugzillaUiPlugin,368.0,65,3,1,164.0,1224.0,856.0,3,325.0,18.8308,143.0,13.1692,322.0,5.66154,32.4581,44,29,3,0,28,33.003,0.705362,0.260047,10.0299,0.492865,True
aeeem,org::eclipse::mylyn::internal::bugzilla::ui::wizard::AbstractBugzillaWizardPage,4,1,0,4,66,1,17,0,555.0,12.0,0,0,0,0.0,10,182.0,81.0,0,0,0,0,0,0,aeeem,org::eclipse::mylyn::internal::bugzilla::ui::wizard::AbstractBugzillaWizardPage,30.0,24,2,0,157.143,271.0,241.0,0,52.0,11.2917,42.0,10.0417,10.0,1.25,7.70901,10,4,0,0,6,4.24764,0.279639,0.00676426,0.102592,0.000892315,True
aeeem,org::eclipse::mylyn::internal::web::tasks::WebRepositorySettingsPage,11,4,1,10,91,0,15,25,265.0,14.0,78,15,5,0.0,5,86.0,24.0,0,0,0,0,0,0,aeeem,org::eclipse::mylyn::internal::web::tasks::WebRepositorySettingsPage,5.0,15,4,0,92.4286,108.0,103.0,0,33.0,7.2,47.0,6.86667,14.0,0.333333,28.914,12,7,1,0,4,10.9344,0.0301311,0.226262,9.4805,0.480643,True
aeeem,org::eclipse::mylyn::internal::wikitext::twiki::core::phrase::AutoLinkSwitchPhraseModifier,2,2,1,1,6,0,0,0,9.0,4.0,22,0,0,0.0,1,5.0,3.0,0,0,0,0,0,0,aeeem,org::eclipse::mylyn::internal::wikitext::twiki::core::phrase::AutoLinkSwitchPhraseModifier,10.0,5,1,1,23.8571,13.0,3.0,0,10.0,2.6,1.0,0.6,10.0,2.0,13.9451,3,2,0,0,0,0.0,0.0,0.0,0.0,0.0,True
aeeem,org::eclipse::mylyn::monitor::internal::CardinalStatistic,2,2,1,1,21,0,1,0,27.0,7.0,15,1,0,0.0,7,10.0,9.0,0,0,0,0,0,0,aeeem,org::eclipse::mylyn::monitor::internal::CardinalStatistic,0.0,2,1,1,181.714,0.0,0.0,0,0.0,0.0,0.0,0.0,0.0,0.0,0.0,1,1,0,0,1,0.0,0.0,0.0,0.0,0.0,True
aeeem,org::eclipse::mylyn::internal::pde::ui::PdeStructureBridge,8,2,0,8,66,0,1,1,258.0,12.0,23,0,0,0.0,12,105.0,56.0,0,0,0,0,0,0,aeeem,org::eclipse::mylyn::internal::pde::ui::PdeStructureBridge,33.0,24,3,2,92.4286,155.0,122.0,1,24.0,6.45833,20.0,5.08333,12.0,1.375,42.7438,17,4,0,0,11,12.5682,0.0350088,0.204677,9.47814,0.410302,True
aeeem,org::eclipse::mylyn::internal::tasks::ui::wizards::Messages,0,1,0,0,0,0,120,0,3.0,1.0,0,1,0,119.0,1,2.0,1.0,1,0,0,0,0,1,aeeem,org::eclipse::mylyn::internal::tasks::ui::wizards::Messages,-58.0,10,2,1,14.7143,20.0,78.0,0,6.0,2.0,50.0,7.8,6.0,-5.8,5.67143,7,4,0,0,2,0.0,0.0,0.0,0.0,0.0,True
aeeem,org::eclipse::mylyn::internal::tasks::ui::actions::NewLocalTaskAction,1,1,0,1,6,0,1,0,54.0,4.0,0,0,0,0.0,4,24.0,14.0,0,0,0,0,0,0,aeeem,org::eclipse::mylyn::internal::tasks::ui::actions::NewLocalTaskAction,27.0,21,2,0,139.571,99.0,72.0,0,15.0,4.71429,12.0,3.42857,14.0,1.28571,22.4026,16,6,0,0,8,11.0787,0.0668596,0.0251935,0.292213,0.0175276,True
aeeem,org::eclipse::mylyn::internal::wikitext::ui::editor::Messages,3,1,1,2,6,0,2,0,19.0,4.0,9,2,1,0.0,3,7.0,6.0,1,0,0,0,0,1,aeeem,org::eclipse::mylyn::internal::wikitext::ui::editor::Messages,-1.0,3,2,0,32.7143,6.0,7.0,0,5.0,2.0,6.0,2.33333,0.0,-0.333333,3.90476,2,2,0,0,0,1.49003,0.00187522,0.0435179,0.121386,0.116244,True
aeeem,org::eclipse::mylyn::internal::trac::ui::editor::TracCcAttributeEditor,5,2,1,4,1,0,2,0,49.0,2.0,32,2,0,0.0,2,17.0,4.0,0,0,0,0,0,0,aeeem,org::eclipse::mylyn::internal::trac::ui::editor::TracCcAttributeEditor,3.0,4,2,0,39.5714,6.0,3.0,0,4.0,1.5,1.0,0.75,3.0,0.75,15.9524,2,1,0,0,2,1.84703,0.00132824,0.136921,9.09329,0.175609,True
aeeem,org::eclipse::mylyn::internal::tasks::ui::TaskLabelDecorator,11,1,0,11,15,0,0,0,67.0,6.0,9,0,1,0.0,5,37.0,22.0,1,1,0,0,0,1,aeeem,org::eclipse::mylyn::internal::tasks::ui::TaskLabelDecorator,-32.0,33,3,0,98.0,212.0,244.0,1,96.0,6.42424,96.0,7.39394,96.0,-0.969697,16.6435,23,6,0,0,13,13.2734,0.0459578,0.207015,9.49627,0.409567,True
aeeem,org::eclipse::mylyn::tasks::core::data::AbstractTaskAttachmentHandler,7,1,7,0,6,4,0,0,0.0,4.0,9,0,0,0.0,4,4.0,0.0,0,0,0,0,0,0,aeeem,org::eclipse::mylyn::tasks::core::data::AbstractTaskAttachmentHandler,3.0,6,2,0,45.8571,18.0,15.0,0,5.0,3.0,5.0,2.5,3.0,0.5,7.85714,4,2,0,0,4,4.81344,0.00362936,0.170646,9.22957,0.309565,True
aeeem,org::eclipse::mylyn::internal::bugzilla::core::SaxBugzillaQueryContentHandler,6,1,1,5,15,0,6,0,55.0,6.0,51,6,0,0.0,5,20.0,13.0,0,0,0,0,0,0,aeeem,org::eclipse::mylyn::internal::bugzilla::core::SaxBugzillaQueryContentHandler,-42.0,37,3,0,132.714,255.0,297.0,3,59.0,6.89189,62.0,8.02703,12.0,-1.13514,58.0717,27,12,3,1,16,19.3588,0.0425946,0.220093,9.65519,0.415365,True
aeeem,org::eclipse::mylyn::internal::jira::core::wsdl::beans::RemotePermission,3,1,1,2,45,0,5,0,59.0,10.0,18,5,0,0.0,10,22.0,25.0,0,0,0,0,0,0,aeeem,org::eclipse::mylyn::internal::jira::core::wsdl::beans::RemotePermission,-12.0,9,2,0,110.714,158.0,170.0,0,131.0,17.5556,143.0,18.8889,7.0,-1.33333,25.3599,7,4,1,1,5,5.94514,0.0120273,0.153982,9.22122,0.218565,True
aeeem,org::eclipse::mylyn::wikitext::core::parser::markup::token::EntityWrappingReplacementToken,5,2,2,3,6,0,3,0,18.0,4.0,22,3,0,0.0,2,9.0,6.0,0,0,0,0,0,0,aeeem,org::eclipse::mylyn::wikitext::core::parser::markup::token::EntityWrappingReplacementToken,6.0,8,2,1,32.7143,19.0,13.0,0,8.0,2.375,5.0,1.625,3.0,0.75,8.64662,5,5,0,0,0,3.33706,0.00361851,0.180438,9.21468,0.291852,True
aeeem,org::eclipse::mylyn::internal::commons::net::PollingInputStream,6,1,1,5,21,0,4,1,105.0,7.0,26,4,1,0.0,5,28.0,27.0,0,0,0,0,0,0,aeeem,org::eclipse::mylyn::internal::commons::net::PollingInputStream,0.0,2,1,0,45.8571,0.0,0.0,0,0.0,0.0,0.0,0.0,0.0,0.0,0.0,1,0,0,0,1,0.0,0.0,0.0,0.0,0.0,True
aeeem,org::eclipse::mylyn::internal::web::tasks::WebImages,3,1,0,3,6,0,4,0,34.0,4.0,9,3,2,0.0,2,19.0,7.0,0,0,0,0,0,0,aeeem,org::eclipse::mylyn::internal::web::tasks::WebImages,1.0,3,2,1,42.4286,6.0,5.0,0,5.0,2.0,4.0,1.66667,1.0,0.333333,18.7857,2,0,0,0,1,1.84703,0.00170774,0.136921,9.09329,0.175609,True
aeeem,org::eclipse::mylyn::internal::tasks::ui::views::TaskListView,97,1,53,58,2211,0,82,0,1115.0,67.0,0,68,23,2.0,43,470.0,199.0,4,2,1,0,1,1,aeeem,org::eclipse::mylyn::internal::tasks::ui::views::TaskListView,496.0,318,3,5,139.571,4748.0,4252.0,4,271.0,14.9308,339.0,13.3711,174.0,1.55975,50.3415,197,92,11,5,85,36.1661,1.03242,0.32915,10.25,0.691945,True
aeeem,org::eclipse::mylyn::internal::wikitext::core::validation::StandaloneMarkupValidator,10,1,2,8,36,0,4,0,91.0,9.0,9,4,3,0.0,5,53.0,26.0,0,0,0,0,0,0,aeeem,org::eclipse::mylyn::internal::wikitext::core::validation::StandaloneMarkupValidator,70.0,6,1,1,23.5714,101.0,31.0,0,85.0,16.8333,13.0,5.16667,77.0,11.6667,0.861386,4,2,0,0,0,0.891381,0.00683586,0.0891381,8.95641,0.0891381,True
aeeem,org::eclipse::mylyn::internal::tasks::core::RepositoryExternalizationParticipant,4,2,1,3,78,0,4,1,47.0,13.0,28,4,1,0.0,12,23.0,13.0,0,0,0,0,0,0,aeeem,org::eclipse::mylyn::internal::tasks::core::RepositoryExternalizationParticipant,-26.0,12,3,0,44.1429,58.0,84.0,0,44.0,4.83333,55.0,7.0,3.0,-2.16667,3.70197,8,4,0,0,6,4.92306,0.00896472,0.169719,9.2306,0.307768,True
aeeem,org::eclipse::mylyn::internal::monitor::reports::collectors::FocusedUiUsageDetector,4,1,1,3,1,0,0,0,16.0,2.0,9,0,0,0.0,2,10.0,6.0,0,0,0,0,0,0,aeeem,org::eclipse::mylyn::internal::monitor::reports::collectors::FocusedUiUsageDetector,1.0,5,2,0,92.5714,9.0,8.0,0,5.0,1.8,4.0,1.6,4.0,0.2,47.254,2,1,0,0,2,3.7967,0.00178067,0.142828,9.14904,0.183565,True
aeeem,org::eclipse::mylyn::internal::wikitext::ui::editor::preferences::EditorPreferencePage,4,1,0,4,6,0,0,0,73.0,4.0,0,0,0,0.0,4,32.0,7.0,2,1,0,0,0,1,aeeem,org::eclipse::mylyn::internal::wikitext::ui::editor::preferences::EditorPreferencePage,44.0,10,2,1,32.7143,87.0,43.0,1,27.0,8.7,24.0,4.3,27.0,4.4,20.5567,9,5,1,0,0,2.38141,0.00679551,0.132656,9.07779,0.205382,True
aeeem,org::eclipse::mylyn::internal::wikitext::ui::validation::Messages,2,1,1,1,1,0,2,0,9.0,2.0,9,2,1,0.0,1,3.0,2.0,1,0,0,0,0,1,aeeem,org::eclipse::mylyn::internal::wikitext::ui::validation::Messages,0.0,1,1,0,14.0,0.0,0.0,0,0.0,0.0,0.0,0.0,0.0,0.0,0.0,1,0,0,0,0,0.0,0.0,0.0,0.0,0.0,True
aeeem,org::eclipse::mylyn::internal::tasks::ui::deprecated::RepositoryTaskEditorInput,7,2,1,6,21,2,3,2,64.0,7.0,25,0,0,0.0,7,22.0,21.0,0,0,0,0,0,0,aeeem,org::eclipse::mylyn::internal::tasks::ui::deprecated::RepositoryTaskEditorInput,-2.0,8,2,0,45.2857,11.0,13.0,0,5.0,1.375,7.0,1.625,4.0,-0.25,9.23377,4,2,0,0,4,4.81344,0.00361317,0.170646,9.22957,0.309565,True
aeeem,org::eclipse::mylyn::internal::bugzilla::ui::actions::ViewOfflineReportAction,1,2,0,1,1,0,1,0,40.0,2.0,2,1,0,0.0,2,16.0,7.0,0,0,0,0,0,0,aeeem,org::eclipse::mylyn::internal::bugzilla::ui::actions::ViewOfflineReportAction,0.0,4,1,0,164.0,3.0,3.0,1,2.0,0.75,2.0,0.75,0.0,0.0,0.0952381,2,1,0,0,2,1.05195,0.00629914,0.00149277,0.0247207,0.000101239,True
aeeem,org::eclipse::mylyn::internal::wikitext::twiki::core::token::IconReplacementToken,2,2,1,1,6,0,0,0,9.0,4.0,22,0,0,0.0,1,5.0,3.0,0,0,0,0,0,0,aeeem,org::eclipse::mylyn::internal::wikitext::twiki::core::token::IconReplacementToken,0.0,3,1,0,23.8571,2.0,2.0,0,1.0,0.666667,1.0,0.666667,0.0,0.0,6.57143,3,2,0,0,0,0.0,0.0,0.0,0.0,0.0,True
aeeem,org::eclipse::mylyn::internal::tasks::core::sync::SubmitTaskAttachmentJob,10,3,2,8,6,0,8,0,46.0,4.0,10,8,0,0.0,4,21.0,5.0,1,0,0,0,0,1,aeeem,org::eclipse::mylyn::internal::tasks::core::sync::SubmitTaskAttachmentJob,6.0,9,3,0,45.5714,24.0,18.0,0,5.0,2.66667,5.0,2.0,3.0,0.666667,17.8274,8,3,0,0,4,4.92306,0.00212955,0.169719,9.2306,0.307768,True
aeeem,org::eclipse::mylyn::internal::jira::core::model::filter::UserFilter,1,1,1,0,0,4,0,0,0.0,1.0,18,0,0,0.0,0,1.0,0.0,0,0,0,0,0,0,aeeem,org::eclipse::mylyn::internal::jira::core::model::filter::UserFilter,4.0,8,2,0,110.714,13.0,9.0,0,5.0,1.625,4.0,1.125,4.0,0.5,55.5495,5,2,0,0,4,5.90237,0.00267967,0.153971,9.22031,0.218916,True
aeeem,org::eclipse::mylyn::internal::wikitext::tracwiki::core::token::ChangesetLinkReplacementToken,2,2,1,1,6,0,0,0,9.0,4.0,22,0,0,0.0,1,5.0,3.0,0,0,0,0,0,0,aeeem,org::eclipse::mylyn::internal::wikitext::tracwiki::core::token::ChangesetLinkReplacementToken,0.0,1,1,0,7.14286,0.0,0.0,0,0.0,0.0,0.0,0.0,0.0,0.0,0.0,1,0,0,0,0,0.0,0.0,0.0,0.0,0.0,True
aeeem,org::eclipse::mylyn::internal::tasks::ui::editors::CategoryEditorInput,6,1,2,4,55,0,1,0,35.0,11.0,9,1,0,0.0,11,18.0,11.0,0,0,0,0,0,0,aeeem,org::eclipse::mylyn::internal::tasks::ui::editors::CategoryEditorInput,11.0,21,3,0,139.571,51.0,40.0,0,10.0,2.42857,8.0,1.90476,10.0,0.52381,57.521,17,6,0,0,10,13.7711,0.010406,0.188749,9.46442,0.322724,True
aeeem,org::eclipse::mylyn::internal::bugzilla::ui::BugzillaImages,3,1,0,3,6,0,16,0,35.0,4.0,9,2,3,0.0,1,19.0,8.0,0,0,0,0,0,0,aeeem,org::eclipse::mylyn::internal::bugzilla::ui::BugzillaImages,-23.0,20,3,0,164.0,67.0,90.0,1,18.0,3.35,41.0,4.5,4.0,-1.15,83.8273,12,3,0,0,7,12.0486,0.0883947,0.174118,9.39369,0.265458,True
aeeem,org::eclipse::mylyn::zest::tests::swt::GraphSnippet7,1,1,0,1,0,0,0,0,36.0,1.0,9,0,0,0.0,1,8.0,4.0,0,0,0,0,0,0,aeeem,org::eclipse::mylyn::zest::tests::swt::GraphSnippet7,0.0,1,1,0,80.8571,0.0,0.0,0,0.0,0.0,0.0,0.0,0.0,0.0,0.0,1,0,0,0,0,0.0,0.0,0.0,0.0,0.0,True
aeeem,org::eclipse::mylyn::internal::commons::net::Messages,0,1,0,0,0,0,6,0,0.0,0.0,0,1,0,5.0,0,0.0,0.0,0,0,0,0,0,0,aeeem,org::eclipse::mylyn::internal::commons::net::Messages,-3.0,4,2,1,45.8571,2.0,5.0,0,1.0,0.5,4.0,1.25,1.0,-0.75,23.5714,4,2,0,0,3,1.84703,0.000189749,0.136921,9.09329,0.175609,True
aeeem,org::eclipse::mylyn::internal::bugzilla::core::history::TaskRevision,8,1,6,6,91,4,10,0,63.0,14.0,18,1,2,0.0,11,31.0,19.0,0,0,0,0,0,0,aeeem,org::eclipse::mylyn::internal::bugzilla::core::history::TaskRevision,5.0,10,2,0,109.0,147.0,142.0,0,118.0,14.7,118.0,14.2,118.0,0.5,11.5462,7,4,0,0,3,6.77619,0.0274327,0.149926,9.2288,0.188341,True
aeeem,org::eclipse::mylyn::internal::tasks::ui::ScheduledPresentation,1,2,0,1,1,0,1,0,6.0,2.0,19,0,0,0.0,2,3.0,2.0,0,0,0,0,0,0,aeeem,org::eclipse::mylyn::internal::tasks::ui::ScheduledPresentation,2.0,5,2,0,81.0,7.0,5.0,0,4.0,1.4,2.0,1.0,3.0,0.4,54.6531,4,1,0,0,3,3.13741,0.00116621,0.14525,9.14037,0.20589,True
aeeem,org::eclipse::mylyn::internal::wikitext::ui::util::css::IdSelector,3,2,2,1,3,0,1,0,9.0,3.0,10,1,0,0.0,3,4.0,3.0,0,0,0,0,0,0,aeeem,org::eclipse::mylyn::internal::wikitext::ui::util::css::IdSelector,0.0,1,1,0,7.42857,0.0,0.0,1,0.0,0.0,0.0,0.0,0.0,0.0,0.0,1,0,0,0,0,0.0,0.0,0.0,0.0,0.0,True
aeeem,org::eclipse::mylyn::internal::sandbox::bridge::bugs::BugzillaMylynSearch,8,1,3,6,21,0,9,0,87.0,7.0,12,5,0,0.0,7,25.0,9.0,0,0,0,0,0,0,aeeem,org::eclipse::mylyn::internal::sandbox::bridge::bugs::BugzillaMylynSearch,1.0,4,2,0,88.0,8.0,7.0,0,5.0,2.0,4.0,1.75,1.0,0.25,50.9821,4,1,0,0,4,3.13741,0.00214268,0.14525,9.14037,0.20589,True
aeeem,org::eclipse::mylyn::internal::provisional::tasks::bugs::AbstractTaskContributor,1,1,1,0,3,1,0,0,5.0,3.0,9,0,0,0.0,3,3.0,2.0,0,0,0,0,0,0,aeeem,org::eclipse::mylyn::internal::provisional::tasks::bugs::AbstractTaskContributor,6.0,7,2,0,40.7143,41.0,35.0,0,31.0,5.85714,31.0,5.0,31.0,0.857143,4.34843,4,1,0,0,2,3.37801,0.00746845,0.154967,9.16485,0.247924,True
aeeem,org::eclipse::mylyn::internal::wikitext::confluence::core::token::AnchorReplacementToken,2,2,1,1,6,0,0,0,9.0,4.0,22,0,0,0.0,1,5.0,3.0,0,0,0,0,0,0,aeeem,org::eclipse::mylyn::internal::wikitext::confluence::core::token::AnchorReplacementToken,0.0,3,2,0,32.7143,3.0,3.0,0,2.0,1.0,2.0,1.0,0.0,0.0,5.42857,3,3,0,0,0,1.49003,0.000681897,0.0435179,0.121386,0.116244,True
aeeem,org::eclipse::mylyn::internal::trac::core::util::TracHttpClientTransportFactory,3,1,2,1,15,0,5,0,19.0,6.0,9,4,0,0.0,6,7.0,6.0,0,0,0,0,0,0,aeeem,org::eclipse::mylyn::internal::trac::core::util::TracHttpClientTransportFactory,54.0,26,3,0,133.0,379.0,325.0,1,190.0,14.5769,87.0,12.5,103.0,2.07692,61.533,22,13,0,0,11,18.8264,0.192404,0.202113,9.60696,0.332022,True
aeeem,org::eclipse::mylyn::zest::layouts::constraints::BasicEntityConstraint,1,1,1,0,1,0,6,0,11.0,2.0,10,0,0,6.0,2,3.0,2.0,0,0,0,0,0,0,aeeem,org::eclipse::mylyn::zest::layouts::constraints::BasicEntityConstraint,0.0,2,1,0,135.857,2.0,2.0,1,2.0,1.0,2.0,1.0,0.0,0.0,43.7143,1,1,0,0,0,1.45219,0.000271435,0.00420507,0.0409958,0.00508017,True
aeeem,org::eclipse::mylyn::internal::wikitext::tasks::ui::preferences::MarkupViewerPreferencePage,12,1,2,10,36,0,6,0,134.0,9.0,0,6,3,0.0,4,68.0,10.0,1,0,0,0,0,1,aeeem,org::eclipse::mylyn::internal::wikitext::tasks::ui::preferences::MarkupViewerPreferencePage,118.0,5,1,0,6.42857,132.0,14.0,0,81.0,26.4,10.0,2.8,71.0,23.6,0.467532,4,0,0,0,0,0.0,0.0,0.0,0.0,0.0,True
aeeem,org::eclipse::mylyn::internal::wikitext::ui::validation::ValidationProjectBuilder,19,1,2,17,28,0,4,0,117.0,8.0,0,3,5,0.0,1,59.0,28.0,1,0,0,0,0,1,aeeem,org::eclipse::mylyn::internal::wikitext::ui::validation::ValidationProjectBuilder,29.0,4,1,1,14.0,34.0,5.0,0,30.0,8.5,3.0,1.25,29.0,7.25,0.546218,3,2,0,0,0,0.0,0.0,0.0,0.0,0.0,True
aeeem,org::eclipse::mylyn::internal::xplanner::ui::wizard::AbstractXPlannerQueryWizardPage,5,3,4,1,21,3,2,0,23.0,7.0,14,2,0,0.0,6,12.0,7.0,0,0,0,0,0,0,aeeem,org::eclipse::mylyn::internal::xplanner::ui::wizard::AbstractXPlannerQueryWizardPage,0.0,1,1,0,6.42857,0.0,0.0,0,0.0,0.0,0.0,0.0,0.0,0.0,0.0,1,1,1,0,1,0.0,0.0,0.0,0.0,0.0,True
aeeem,org::eclipse::mylyn::internal::jira::core::service::JiraInsufficientPermissionException,0,2,0,0,0,0,1,0,3.0,1.0,26,1,0,0.0,1,1.0,2.0,0,0,0,0,0,0,aeeem,org::eclipse::mylyn::internal::jira::core::service::JiraInsufficientPermissionException,1.0,10,3,0,97.8571,39.0,38.0,0,26.0,3.9,26.0,3.8,26.0,0.1,15.1465,6,4,0,0,2,5.9125,0.00639551,0.148683,9.20801,0.189885,True
aeeem,org::eclipse::mylyn::monitor::tests::MockSelectionMonitor,0,2,0,0,0,0,0,1,3.0,1.0,17,0,0,0.0,0,2.0,1.0,0,0,0,0,0,0,aeeem,org::eclipse::mylyn::monitor::tests::MockSelectionMonitor,54.0,9,3,0,145.143,64.0,10.0,1,27.0,7.11111,4.0,1.11111,27.0,6.0,12.7299,6,4,0,0,4,8.09183,0.0305321,0.150886,9.25697,0.186073,True
aeeem,org::eclipse::mylyn::zest::tests::swt::HelloWorld,1,1,0,1,0,0,0,0,20.0,1.0,9,0,0,0.0,1,8.0,3.0,0,0,0,0,0,0,aeeem,org::eclipse::mylyn::zest::tests::swt::HelloWorld,0.0,1,1,0,80.8571,0.0,0.0,0,0.0,0.0,0.0,0.0,0.0,0.0,0.0,1,1,0,0,0,0.0,0.0,0.0,0.0,0.0,True
aeeem,org::eclipse::mylyn::internal::wikitext::confluence::core::block::CodeBlock,4,5,1,3,15,0,2,5,36.0,6.0,53,2,0,0.0,1,17.0,9.0,0,0,0,0,0,0,aeeem,org::eclipse::mylyn::internal::wikitext::confluence::core::block::CodeBlock,-26.0,5,2,0,32.7143,47.0,73.0,0,26.0,9.4,59.0,14.6,11.0,-5.2,10.4681,4,3,0,0,0,1.49003,0.016536,0.0435179,0.121386,0.116244,True
aeeem,org::eclipse::mylyn::wikitext::ui::annotation::IdAnnotation,3,1,3,0,1,0,1,0,6.0,2.0,0,0,0,0.0,2,3.0,2.0,0,0,0,0,0,0,aeeem,org::eclipse::mylyn::wikitext::ui::annotation::IdAnnotation,1.0,5,2,1,32.7143,4.0,3.0,0,1.0,0.8,1.0,0.6,1.0,0.2,15.4286,4,4,0,0,0,1.49003,0.000340949,0.0435179,0.121386,0.116244,True
aeeem,org::eclipse::mylyn::internal::tasks::core::Messages,0,1,0,0,0,0,19,0,3.0,1.0,0,1,0,18.0,1,2.0,1.0,0,0,0,0,0,0,aeeem,org::eclipse::mylyn::internal::tasks::core::Messages,2.0,2,1,0,14.7143,11.0,9.0,0,11.0,5.5,9.0,4.5,2.0,1.0,0.142857,1,0,0,0,0,0.0,0.0,0.0,0.0,0.0,True
aeeem,org::eclipse::mylyn::internal::context::ui::commands::RetrieveContextAttachmentHandler,2,2,0,2,0,0,0,0,3.0,1.0,2,0,0,0.0,0,4.0,1.0,0,0,0,0,0,0,aeeem,org::eclipse::mylyn::internal::context::ui::commands::RetrieveContextAttachmentHandler,3.0,5,2,0,43.8571,9.0,6.0,0,4.0,1.8,3.0,1.2,3.0,0.6,9.33333,5,3,0,0,4,4.15475,0.00165565,0.162734,9.19857,0.279504,True
aeeem,org::eclipse::mylyn::internal::bugzilla::core::BugzillaCustomField,5,1,4,1,45,0,8,0,39.0,10.0,18,7,1,0.0,9,14.0,10.0,0,0,0,0,0,0,aeeem,org::eclipse::mylyn::internal::bugzilla::core::BugzillaCustomField,44.0,6,3,0,49.0,52.0,8.0,0,43.0,8.66667,2.0,1.33333,41.0,7.33333,28.5055,5,1,0,0,3,3.39209,0.00159212,0.151673,9.15904,0.235454,True
aeeem,org::eclipse::mylyn::internal::team::ui::ContextChangeSet,14,1,3,11,171,3,4,0,154.0,19.0,14,3,2,0.0,17,78.0,41.0,1,0,0,0,0,1,aeeem,org::eclipse::mylyn::internal::team::ui::ContextChangeSet,57.0,26,3,2,92.4286,153.0,96.0,0,30.0,5.88462,19.0,3.69231,25.0,2.19231,33.1597,22,11,2,2,16,15.2075,0.0590428,0.257362,9.64371,0.557202,True
aeeem,org::eclipse::mylyn::internal::resources::ui::ResourcesUiBridgePlugin,29,1,13,16,91,0,9,0,108.0,14.0,0,6,1,0.0,11,60.0,26.0,0,0,0,0,0,0,aeeem,org::eclipse::mylyn::internal::resources::ui::ResourcesUiBridgePlugin,-8.0,10,2,0,48.5714,18.0,26.0,0,5.0,1.8,11.0,2.6,4.0,-0.8,16.2143,7,2,0,0,4,6.32077,0.00306333,0.180927,9.28597,0.35212,True
aeeem,org::eclipse::mylyn::internal::sandbox::dev::actions::ShowPropertiesAction,1,1,0,1,6,0,2,0,18.0,4.0,9,2,0,0.0,4,8.0,4.0,1,1,0,0,0,1,aeeem,org::eclipse::mylyn::internal::sandbox::dev::actions::ShowPropertiesAction,3.0,3,2,0,29.8571,5.0,2.0,0,4.0,1.66667,1.0,0.666667,3.0,1.0,6.8,2,0,0,0,1,1.84703,0.000948744,0.136921,9.09329,0.175609,True
aeeem,org::eclipse::mylyn::internal::sandbox::bridge::bugs::BugzillaStructureBridge,5,2,0,5,78,0,2,1,66.0,13.0,23,0,0,1.0,13,31.0,22.0,0,0,0,0,0,0,aeeem,org::eclipse::mylyn::internal::sandbox::bridge::bugs::BugzillaStructureBridge,-125.0,26,3,0,140.857,75.0,200.0,0,16.0,2.88462,99.0,7.69231,10.0,-4.80769,37.6933,19,7,0,0,15,17.9521,0.0539495,0.206029,9.59106,0.360905,True
aeeem,org::eclipse::mylyn::internal::jira::core::service::JiraException,6,1,6,0,0,5,1,0,3.0,1.0,25,1,0,0.0,1,1.0,1.0,0,0,0,0,0,0,aeeem,org::eclipse::mylyn::internal::jira::core::service::JiraException,13.0,6,2,0,105.0,16.0,3.0,0,5.0,2.66667,1.0,0.5,5.0,2.16667,26.3571,4,3,0,0,2,5.9125,0.00219005,0.148683,9.20801,0.189885,True
aeeem,org::eclipse::mylyn::internal::jira::core::service::JiraRemoteMessageException,4,3,3,1,6,0,2,0,34.0,4.0,27,2,1,0.0,3,9.0,9.0,0,0,0,0,0,0,aeeem,org::eclipse::mylyn::internal::jira::core::service::JiraRemoteMessageException,34.0,12,2,0,97.8571,114.0,80.0,0,67.0,9.5,67.0,6.66667,67.0,2.83333,6.27694,6,3,0,0,3,7.90933,0.025014,0.158921,9.27465,0.222096,True
aeeem,org::eclipse::mylyn::internal::java::ui::search::JavaReferencesProvider,2,4,2,0,6,0,2,8,23.0,4.0,47,0,0,0.0,2,5.0,7.0,0,0,0,0,0,0,aeeem,org::eclipse::mylyn::internal::java::ui::search::JavaReferencesProvider,1.0,5,2,0,92.4286,10.0,9.0,0,4.0,2.0,4.0,1.8,3.0,0.2,57.4571,4,0,0,0,3,4.46389,0.00133875,0.14921,9.17814,0.211039,True
aeeem,org::eclipse::mylyn::internal::monitor::usage::wizards::UsageUploadWizardPage,7,1,3,4,6,0,4,0,75.0,4.0,0,4,0,0.0,4,27.0,9.0,0,0,0,0,0,0,aeeem,org::eclipse::mylyn::internal::monitor::usage::wizards::UsageUploadWizardPage,-4.0,16,2,0,109.857,250.0,254.0,1,60.0,15.625,49.0,15.875,17.0,-0.25,11.328,9,5,0,0,5,10.0645,0.052881,0.16431,9.33307,0.226468,True
aeeem,org::eclipse::mylyn::internal::wikitext::ui::editor::operations::Messages,2,1,1,1,1,0,2,0,9.0,2.0,9,2,1,0.0,1,3.0,2.0,1,0,0,0,0,1,aeeem,org::eclipse::mylyn::internal::wikitext::ui::editor::operations::Messages,0.0,1,1,0,7.71429,0.0,0.0,0,0.0,0.0,0.0,0.0,0.0,0.0,0.0,1,1,0,0,0,0.0,0.0,0.0,0.0,0.0,True
aeeem,org::eclipse::mylyn::internal::xplanner::core::service::exceptions::InsufficientPermissionException,0,1,0,0,0,0,1,0,3.0,1.0,26,1,0,0.0,1,1.0,1.0,0,0,0,0,0,0,aeeem,org::eclipse::mylyn::internal::xplanner::core::service::exceptions::InsufficientPermissionException,0.0,1,1,0,6.42857,0.0,0.0,0,0.0,0.0,0.0,0.0,0.0,0.0,0.0,1,1,1,0,1,0.0,0.0,0.0,0.0,0.0,True
aeeem,org::eclipse::mylyn::internal::tasks::core::AbstractTaskCategory,0,3,0,0,0,3,0,0,3.0,1.0,50,0,0,0.0,1,1.0,1.0,0,0,0,0,0,0,aeeem,org::eclipse::mylyn::internal::tasks::core::AbstractTaskCategory,-10.0,5,2,0,45.1429,5.0,15.0,0,4.0,1.0,11.0,3.0,3.0,-2.0,22.0857,4,2,0,0,3,4.17741,0.00168633,0.160399,9.19476,0.270741,True
aeeem,org::eclipse::mylyn::internal::tasks::ui::commands::MarkTaskHandler,0,2,0,0,0,0,0,1,0.0,0.0,2,0,0,0.0,0,0.0,0.0,0,0,0,0,0,0,aeeem,org::eclipse::mylyn::internal::tasks::ui::commands::MarkTaskHandler,16.0,12,3,0,44.0,39.0,23.0,0,16.0,3.25,4.0,1.91667,13.0,1.33333,7.8315,9,3,0,0,5,4.13774,0.00259791,0.160993,9.19488,0.272482,True
aeeem,org::eclipse::mylyn::wikitext::ui::viewer::MarkupViewer,7,2,2,5,21,0,1,0,50.0,7.0,14,1,0,0.0,7,29.0,12.0,1,0,0,0,0,1,aeeem,org::eclipse::mylyn::wikitext::ui::viewer::MarkupViewer,3.0,8,2,1,32.7143,16.0,13.0,0,7.0,2.0,8.0,1.625,3.0,0.375,12.3214,6,6,1,0,0,2.38141,0.00270412,0.132656,9.07779,0.205382,True
aeeem,org::eclipse::mylyn::internal::tasks::ui::editors::TaskEditorExtensionSettingsContribution,4,2,0,4,21,0,5,0,67.0,7.0,26,5,0,0.0,7,27.0,14.0,1,1,0,0,0,1,aeeem,org::eclipse::mylyn::internal::tasks::ui::editors::TaskEditorExtensionSettingsContribution,12.0,5,2,0,18.8571,22.0,10.0,0,11.0,4.4,5.0,2.0,9.0,2.4,9.82468,4,1,0,0,1,0.0,0.0,0.0,0.0,0.0,True
aeeem,org::eclipse::mylyn::internal::xplanner::core::service::CachedXPlannerClient,12,4,1,11,1891,0,12,6,303.0,62.0,82,11,0,0.0,62,144.0,86.0,0,0,0,0,0,0,aeeem,org::eclipse::mylyn::internal::xplanner::core::service::CachedXPlannerClient,0.0,1,1,0,6.42857,0.0,0.0,0,0.0,0.0,0.0,0.0,0.0,0.0,0.0,1,1,1,0,1,0.0,0.0,0.0,0.0,0.0,True
aeeem,org::eclipse::mylyn::internal::tasks::bugs::actions::ReportBugAction,1,1,0,1,6,0,1,0,13.0,4.0,9,1,0,0.0,4,6.0,4.0,1,1,0,0,0,1,aeeem,org::eclipse::mylyn::internal::tasks::bugs::actions::ReportBugAction,0.0,9,2,0,47.5714,22.0,22.0,0,4.0,2.44444,8.0,2.44444,3.0,0.0,15.2987,7,2,0,0,2,4.83045,0.00657713,0.172387,9.23327,0.316587,True
aeeem,org::eclipse::mylyn::tasks::core::data::TaskDataModelEvent,2,1,2,0,6,0,3,0,14.0,4.0,9,3,0,0.0,4,4.0,4.0,0,0,0,0,0,0,aeeem,org::eclipse::mylyn::tasks::core::data::TaskDataModelEvent,9.0,6,2,0,46.1429,12.0,3.0,0,4.0,2.0,1.0,0.5,4.0,1.5,10.8929,4,3,0,0,4,4.74807,0.00177095,0.168807,9.22447,0.301664,True
aeeem,org::eclipse::mylyn::internal::bugzilla::core::BugzillaClientFactory,8,1,3,5,0,0,1,0,12.0,1.0,9,0,0,0.0,1,8.0,3.0,0,0,0,0,0,0,aeeem,org::eclipse::mylyn::internal::bugzilla::core::BugzillaClientFactory,-12.0,18,3,0,123.857,65.0,77.0,0,16.0,3.61111,33.0,4.27778,9.0,-0.666667,48.2066,15,9,0,0,8,16.0226,0.0307058,0.232435,9.60603,0.422572,True
aeeem,org::eclipse::mylyn::internal::tasks::ui::actions::ExportAction,6,1,0,6,3,0,1,0,37.0,3.0,9,1,0,0.0,3,21.0,8.0,0,0,0,0,0,0,aeeem,org::eclipse::mylyn::internal::tasks::ui::actions::ExportAction,0.0,1,1,0,6.71429,0.0,0.0,0,0.0,0.0,0.0,0.0,0.0,0.0,0.0,1,0,0,0,0,0.0,0.0,0.0,0.0,0.0,True
aeeem,org::eclipse::mylyn::zest::core::viewers::ZoomContributionViewItem,3,1,0,3,36,0,8,0,104.0,9.0,1,5,5,0.0,4,39.0,22.0,0,0,0,0,0,0,aeeem,org::eclipse::mylyn::zest::core::viewers::ZoomContributionViewItem,-2.0,5,1,1,131.571,120.0,122.0,1,80.0,24.0,114.0,24.4,24.0,-0.4,22.2167,3,3,0,0,0,5.49089,0.0463263,0.0131271,0.146863,0.0101525,True
aeeem,org::eclipse::mylyn::internal::wikitext::ui::WikiTextNature,10,1,1,9,15,0,2,0,89.0,6.0,9,1,0,0.0,6,41.0,14.0,1,0,0,0,0,1,aeeem,org::eclipse::mylyn::internal::wikitext::ui::WikiTextNature,0.0,1,1,0,14.0,0.0,0.0,0,0.0,0.0,0.0,0.0,0.0,0.0,0.0,1,0,0,0,0,0.0,0.0,0.0,0.0,0.0,True
aeeem,org::eclipse::mylyn::internal::jira::core::model::filter::SpecificUserFilter,4,2,4,0,3,0,2,0,9.0,3.0,19,2,0,0.0,2,4.0,3.0,0,0,0,0,0,0,aeeem,org::eclipse::mylyn::internal::jira::core::model::filter::SpecificUserFilter,2.0,7,1,0,110.714,10.0,8.0,0,5.0,1.42857,4.0,1.14286,4.0,0.285714,58.7,4,2,0,0,3,4.58293,0.00233384,0.145075,9.17116,0.186189,True
aeeem,org::eclipse::mylyn::zest::layouts::constraints::EntityPriorityConstraint,0,1,0,0,0,0,1,0,3.0,1.0,10,0,0,1.0,1,1.0,1.0,0,0,0,0,0,0,aeeem,org::eclipse::mylyn::zest::layouts::constraints::EntityPriorityConstraint,0.0,2,1,0,135.714,2.0,2.0,0,2.0,1.0,2.0,1.0,0.0,0.0,43.5714,1,1,0,0,0,1.45219,0.000271435,0.00420507,0.0409958,0.00508017,True
aeeem,org::eclipse::mylyn::internal::pde::ui::junit::Messages,0,1,0,0,0,0,3,0,3.0,1.0,0,1,0,2.0,1,2.0,1.0,0,0,0,0,0,0,aeeem,org::eclipse::mylyn::internal::pde::ui::junit::Messages,0.0,3,1,0,19.1429,31.0,31.0,0,31.0,10.3333,31.0,10.3333,31.0,0.0,5.14286,2,0,0,0,0,0.0,0.0,0.0,0.0,0.0,True
aeeem,org::eclipse::mylyn::internal::jira::core::JiraIssueCollector,2,1,1,1,21,0,4,1,22.0,7.0,14,4,0,0.0,6,9.0,7.0,0,0,0,0,0,0,aeeem,org::eclipse::mylyn::internal::jira::core::JiraIssueCollector,4.0,3,2,0,48.7143,5.0,1.0,0,4.0,1.66667,1.0,0.333333,3.0,1.33333,23.6857,3,1,0,0,2,1.84703,0.000948744,0.136921,9.09329,0.175609,True
aeeem,org::eclipse::mylyn::wikitext::ui::commands::ConvertMarkupToHtml,11,2,1,10,0,1,0,1,71.0,1.0,4,0,0,0.0,0,34.0,2.0,1,0,0,0,0,1,aeeem,org::eclipse::mylyn::wikitext::ui::commands::ConvertMarkupToHtml,4.0,6,2,1,32.7143,26.0,22.0,0,12.0,4.33333,11.0,3.66667,2.0,0.666667,9.14286,5,5,0,0,0,1.49003,0.00392091,0.0435179,0.121386,0.116244,True
aeeem,org::eclipse::mylyn::internal::sandbox::ui::planner::CompletedTaskCollector,4,1,2,2,6,0,3,0,21.0,4.0,11,3,0,0.0,4,14.0,9.0,0,0,0,0,0,0,aeeem,org::eclipse::mylyn::internal::sandbox::ui::planner::CompletedTaskCollector,3.0,5,2,0,46.0,15.0,12.0,0,5.0,3.0,5.0,2.4,3.0,0.6,9.3619,4,1,0,0,2,3.40067,0.00166807,0.152631,9.16104,0.239161,True
aeeem,org::eclipse::mylyn::internal::tasks::ui::ActivityExternalizationParticipant,8,2,2,6,55,0,3,1,55.0,11.0,26,3,0,0.0,11,24.0,17.0,0,0,0,0,0,0,aeeem,org::eclipse::mylyn::internal::tasks::ui::ActivityExternalizationParticipant,46.0,17,3,0,45.1429,105.0,59.0,0,55.0,6.17647,20.0,3.47059,47.0,2.70588,4.76599,10,4,0,0,7,5.59876,0.0137541,0.179372,9.2653,0.344852,True
aeeem,org::eclipse::mylyn::internal::xplanner::core::service::soap::SoapXPlannerServiceFactory,1,1,0,1,0,0,0,0,4.0,1.0,10,0,0,0.0,1,2.0,1.0,0,0,0,0,0,0,aeeem,org::eclipse::mylyn::internal::xplanner::core::service::soap::SoapXPlannerServiceFactory,0.0,1,1,0,6.42857,0.0,0.0,0,0.0,0.0,0.0,0.0,0.0,0.0,0.0,1,1,1,0,1,0.0,0.0,0.0,0.0,0.0,True
aeeem,org::eclipse::mylyn::context::ui::InterestSorter,3,1,0,3,1,0,1,0,18.0,2.0,0,0,1,0.0,1,8.0,5.0,0,0,0,0,0,0,aeeem,org::eclipse::mylyn::context::ui::InterestSorter,3.0,13,2,0,139.714,37.0,34.0,0,7.0,2.84615,7.0,2.61538,3.0,0.230769,56.0386,9,4,0,0,6,10.3181,0.00722859,0.170254,9.35004,0.262004,True
aeeem,org::eclipse::mylyn::internal::sandbox::bridge::bugs::BugzillaReferencesProvider,11,3,0,11,136,0,4,6,110.0,17.0,38,1,1,0.0,11,45.0,22.0,0,0,0,0,0,0,aeeem,org::eclipse::mylyn::internal::sandbox::bridge::bugs::BugzillaReferencesProvider,42.0,26,2,0,140.857,96.0,54.0,0,15.0,3.69231,11.0,2.07692,15.0,1.61538,59.3571,19,9,0,0,12,16.6286,0.019177,0.210941,9.57412,0.401488,True
aeeem,org::eclipse::mylyn::internal::sandbox::ui::planner::TaskActivityWizardPage,11,1,1,10,45,0,13,0,263.0,10.0,0,12,5,0.0,5,66.0,21.0,0,0,0,0,0,0,aeeem,org::eclipse::mylyn::internal::sandbox::ui::planner::TaskActivityWizardPage,-1.0,12,2,0,46.0,32.0,33.0,0,9.0,2.66667,6.0,2.75,3.0,-0.0833333,7.83929,9,3,0,0,5,4.88878,0.00545774,0.166327,9.22338,0.29442,True
aeeem,org::eclipse::mylyn::internal::wikitext::textile::core::phrase::SimpleTextilePhraseModifier,6,2,2,5,36,0,5,0,46.0,9.0,22,3,1,0.0,1,22.0,11.0,1,0,0,0,0,1,aeeem,org::eclipse::mylyn::internal::wikitext::textile::core::phrase::SimpleTextilePhraseModifier,27.0,7,2,0,32.7143,53.0,26.0,0,33.0,7.57143,15.0,3.71429,28.0,3.85714,9.10243,4,4,0,0,0,1.49003,0.00579613,0.0435179,0.121386,0.116244,True
aeeem,org::eclipse::mylyn::internal::java::tasks::Messages,0,1,0,0,0,0,7,0,3.0,1.0,0,1,0,6.0,1,2.0,1.0,0,0,0,0,0,0,aeeem,org::eclipse::mylyn::internal::java::tasks::Messages,0.0,1,1,0,19.1429,0.0,0.0,0,0.0,0.0,0.0,0.0,0.0,0.0,0.0,1,0,0,0,0,0.0,0.0,0.0,0.0,0.0,True
aeeem,org::eclipse::mylyn::internal::wikitext::ui::util::css::editor::CommentRule,1,1,1,0,15,0,2,0,51.0,6.0,9,2,3,0.0,3,16.0,16.0,0,0,0,0,0,0,aeeem,org::eclipse::mylyn::internal::wikitext::ui::util::css::editor::CommentRule,0.0,1,1,0,6.42857,0.0,0.0,0,0.0,0.0,0.0,0.0,0.0,0.0,0.0,1,0,0,0,0,0.0,0.0,0.0,0.0,0.0,True
aeeem,org::eclipse::mylyn::wikitext::core::util::anttask::MarkupToEclipseHelpTask,8,3,1,7,21,0,2,9,77.0,7.0,42,2,1,0.0,5,52.0,16.0,0,0,0,0,0,0,aeeem,org::eclipse::mylyn::wikitext::core::util::anttask::MarkupToEclipseHelpTask,1.0,10,2,2,32.7143,50.0,49.0,0,24.0,5.0,25.0,4.9,4.0,0.1,9.12571,6,5,0,0,0,1.49003,0.00852372,0.0435179,0.121386,0.116244,True
aeeem,org::eclipse::mylyn::internal::tasks::ui::editors::TaskAttachmentDropListener,4,1,1,3,21,0,1,0,61.0,7.0,9,1,0,0.0,7,17.0,19.0,0,0,0,0,0,0,aeeem,org::eclipse::mylyn::internal::tasks::ui::editors::TaskAttachmentDropListener,12.0,4,2,0,41.0,15.0,3.0,0,12.0,3.75,2.0,0.75,12.0,3.0,17.2,3,1,0,0,1,1.84703,0.00227699,0.136921,9.09329,0.175609,True
aeeem,org::eclipse::mylyn::internal::tasks::ui::actions::LinkWithEditorAction,1,1,1,0,1,0,1,0,8.0,2.0,0,1,0,0.0,2,4.0,2.0,0,0,0,0,0,0,aeeem,org::eclipse::mylyn::internal::tasks::ui::actions::LinkWithEditorAction,3.0,8,2,0,93.0,16.0,13.0,0,4.0,2.0,4.0,1.625,3.0,0.375,47.9107,7,1,0,0,4,7.353,0.00216795,0.166317,9.27888,0.268415,True
aeeem,org::eclipse::mylyn::internal::provisional::commons::ui::CommonColors,1,1,1,0,0,0,5,0,6.0,1.0,9,0,0,0.0,1,2.0,1.0,0,0,0,0,0,0,aeeem,org::eclipse::mylyn::internal::provisional::commons::ui::CommonColors,3.0,2,1,0,45.8571,4.0,1.0,0,4.0,2.0,1.0,0.5,3.0,1.5,19.2857,2,0,0,0,2,1.84703,0.000948744,0.136921,9.09329,0.175609,True
aeeem,org::eclipse::mylyn::internal::wikitext::tracwiki::core::token::TicketAttachmentLinkReplacementToken,1,2,1,0,6,0,0,0,9.0,4.0,22,0,0,0.0,1,5.0,3.0,0,0,0,0,0,0,aeeem,org::eclipse::mylyn::internal::wikitext::tracwiki::core::token::TicketAttachmentLinkReplacementToken,0.0,1,1,0,7.14286,0.0,0.0,0,0.0,0.0,0.0,0.0,0.0,0.0,0.0,1,0,0,0,0,0.0,0.0,0.0,0.0,0.0,True
aeeem,org::eclipse::mylyn::internal::context::core::DegreeOfInterest,7,1,4,4,78,0,11,0,101.0,13.0,17,10,1,0.0,12,54.0,25.0,2,2,0,0,0,1,aeeem,org::eclipse::mylyn::internal::context::core::DegreeOfInterest,27.0,24,2,0,139.714,116.0,89.0,2,26.0,4.83333,11.0,3.70833,15.0,1.125,92.0924,18,11,1,0,9,14.2579,0.0323773,0.199174,9.50146,0.361925,True
aeeem,org::eclipse::mylyn::internal::bugzilla::core::history::AttachmentEvent,6,2,1,6,21,0,4,9,120.0,7.0,30,4,0,0.0,7,75.0,40.0,0,0,0,0,0,0,aeeem,org::eclipse::mylyn::internal::bugzilla::core::history::AttachmentEvent,-23.0,10,3,0,109.0,233.0,256.0,0,183.0,23.3,183.0,25.6,183.0,-2.3,14.3899,6,2,0,0,3,8.32124,0.0744236,0.164678,9.29455,0.248186,True
aeeem,org::eclipse::mylyn::internal::web::tasks::ParameterEditorDialog,3,1,1,2,28,0,6,0,90.0,8.0,0,6,2,0.0,4,29.0,15.0,0,0,0,0,0,0,aeeem,org::eclipse::mylyn::internal::web::tasks::ParameterEditorDialog,5.0,6,2,0,92.4286,17.0,12.0,0,10.0,2.83333,8.0,2.0,3.0,0.833333,23.2185,5,2,0,0,4,5.08708,0.00232918,0.151158,9.19612,0.213846,True
aeeem,org::eclipse::mylyn::internal::wikitext::ui::util::css::editor::PropertyNameRule,2,1,1,1,21,0,2,0,54.0,7.0,9,2,4,0.0,3,18.0,29.0,0,0,0,0,0,0,aeeem,org::eclipse::mylyn::internal::wikitext::ui::util::css::editor::PropertyNameRule,0.0,1,1,0,6.42857,0.0,0.0,0,0.0,0.0,0.0,0.0,0.0,0.0,0.0,1,0,0,0,0,0.0,0.0,0.0,0.0,0.0,True
aeeem,org::eclipse::mylyn::internal::wikitext::ui::editor::MarkupSourceViewerConfiguration,17,2,5,12,190,1,12,1,172.0,20.0,5,12,1,0.0,16,71.0,36.0,0,0,0,0,0,0,aeeem,org::eclipse::mylyn::internal::wikitext::ui::editor::MarkupSourceViewerConfiguration,150.0,9,2,1,32.7143,172.0,22.0,0,91.0,19.1111,16.0,2.44444,91.0,16.6667,24.9012,6,2,0,0,1,1.49003,0.0059666,0.0435179,0.121386,0.116244,True
aeeem,org::eclipse::mylyn::internal::tasks::ui::actions::GoIntoAction,1,1,1,0,6,0,1,0,15.0,4.0,0,0,0,0.0,4,6.0,4.0,0,0,0,0,0,0,aeeem,org::eclipse::mylyn::internal::tasks::ui::actions::GoIntoAction,-5.0,12,2,1,139.571,23.0,28.0,0,4.0,1.91667,6.0,2.33333,3.0,-0.416667,78.4845,9,3,0,0,5,8.34194,0.00327903,0.162697,9.29066,0.239648,True
aeeem,org::eclipse::mylyn::internal::jira::core::model::filter::CustomFieldFilter,0,1,0,0,0,0,1,0,0.0,0.0,18,1,0,0.0,0,0.0,0.0,0,0,0,0,0,0,aeeem,org::eclipse::mylyn::internal::jira::core::model::filter::CustomFieldFilter,1.0,6,1,0,110.714,9.0,8.0,0,5.0,1.5,4.0,1.33333,4.0,0.166667,62.9365,4,2,0,0,3,3.91697,0.00233123,0.143116,9.15227,0.183733,True
aeeem,org::eclipse::mylyn::zest::layouts::InvalidLayoutConfiguration,1,1,1,0,0,0,1,0,0.0,1.0,25,0,0,0.0,1,1.0,0.0,0,0,0,0,0,0,aeeem,org::eclipse::mylyn::zest::layouts::InvalidLayoutConfiguration,0.0,3,3,0,184.857,2.0,2.0,0,1.0,0.666667,1.0,0.666667,0.0,0.0,51.0,0,0,0,0,0,2.56087,0.0159743,0.0056572,0.0665684,0.00513944,True
aeeem,org::eclipse::mylyn::internal::wikitext::confluence::core::block::ParagraphBlock,9,3,1,8,6,0,2,4,57.0,4.0,43,2,0,0.0,4,27.0,13.0,1,0,0,0,0,1,aeeem,org::eclipse::mylyn::internal::wikitext::confluence::core::block::ParagraphBlock,-1.0,5,2,1,32.7143,7.0,8.0,0,4.0,1.4,5.0,1.6,0.0,-0.2,9.4898,4,4,0,0,0,1.49003,0.00153427,0.0435179,0.121386,0.116244,True
aeeem,org::eclipse::mylyn::internal::examples::bugzilla::Main,11,1,0,11,0,0,2,0,42.0,1.0,9,2,0,0.0,1,22.0,2.0,0,0,0,0,0,0,aeeem,org::eclipse::mylyn::internal::examples::bugzilla::Main,9.0,4,1,0,32.2857,26.0,17.0,0,13.0,6.5,10.0,4.25,7.0,2.25,2.52747,3,2,0,0,1,2.38141,0.00684554,0.132656,9.07779,0.205382,True
aeeem,org::eclipse::mylyn::internal::tasks::core::TaskActivityManager,56,1,37,19,1540,0,15,0,560.0,56.0,22,15,5,0.0,51,302.0,111.0,0,0,0,0,0,0,aeeem,org::eclipse::mylyn::internal::tasks::core::TaskActivityManager,402.0,74,3,0,81.0,1544.0,1142.0,2,340.0,20.8649,413.0,15.4324,232.0,5.43243,27.2665,46,24,1,1,29,15.0666,0.209219,0.262688,9.65327,0.588484,True
aeeem,org::eclipse::mylyn::internal::jira::core::model::filter::DateFilter,1,1,1,0,0,2,0,0,0.0,1.0,18,0,0,0.0,0,1.0,0.0,0,0,0,0,0,0,aeeem,org::eclipse::mylyn::internal::jira::core::model::filter::DateFilter,2.0,7,1,0,110.714,10.0,8.0,0,5.0,1.42857,4.0,1.14286,4.0,0.285714,59.9571,4,2,0,0,3,4.61199,0.00239905,0.145641,9.17324,0.188634,True
aeeem,org::eclipse::mylyn::internal::tasks::ui::actions::RemoveFromCategoryAction,4,1,1,4,1,0,2,0,18.0,2.0,0,1,0,0.0,2,8.0,4.0,0,0,0,0,0,0,aeeem,org::eclipse::mylyn::internal::tasks::ui::actions::RemoveFromCategoryAction,-25.0,36,3,0,139.571,122.0,147.0,2,24.0,3.38889,46.0,4.08333,20.0,-0.694444,70.4672,24,7,0,0,17,16.9568,0.0360206,0.20892,9.58247,0.386876,True
aeeem,org::eclipse::mylyn::internal::bugzilla::ui::tasklist::Messages,0,1,0,0,0,0,29,0,3.0,1.0,0,1,0,28.0,1,2.0,1.0,0,0,0,0,0,0,aeeem,org::eclipse::mylyn::internal::bugzilla::ui::tasklist::Messages,-16.0,3,2,1,13.0,1.0,17.0,0,1.0,0.333333,16.0,5.66667,0.0,-5.33333,0.0,2,1,0,0,1,0.0,0.0,0.0,0.0,0.0,True
aeeem,org::eclipse::mylyn::internal::sandbox::ui::planner::ActivityReportAction,2,1,1,1,1,0,2,0,21.0,2.0,0,1,0,0.0,2,8.0,4.0,0,0,0,0,0,0,aeeem,org::eclipse::mylyn::internal::sandbox::ui::planner::ActivityReportAction,3.0,4,2,0,46.0,6.0,3.0,0,4.0,1.5,1.0,0.75,3.0,0.75,19.5,3,1,0,0,2,3.39209,0.00108068,0.151673,9.15904,0.235454,True
aeeem,org::eclipse::mylyn::tasks::ui::wizards::NewWebTaskWizard,4,1,2,2,15,0,3,0,36.0,6.0,0,1,1,0.0,5,16.0,7.0,0,0,0,0,0,0,aeeem,org::eclipse::mylyn::tasks::ui::wizards::NewWebTaskWizard,32.0,21,3,0,118.714,89.0,57.0,0,36.0,4.2381,12.0,2.71429,34.0,1.52381,66.7416,15,5,0,0,8,12.9897,0.0106675,0.200956,9.47497,0.382509,True
aeeem,org::eclipse::mylyn::internal::wikitext::confluence::core::token::HyperlinkReplacementToken,2,2,1,1,6,0,0,0,9.0,4.0,22,0,0,0.0,1,5.0,3.0,1,0,0,0,0,1,aeeem,org::eclipse::mylyn::internal::wikitext::confluence::core::token::HyperlinkReplacementToken,11.0,5,2,0,32.7143,24.0,13.0,0,9.0,4.8,6.0,2.6,9.0,2.2,2.80357,4,4,0,0,0,1.49003,0.00562565,0.0435179,0.121386,0.116244,True
aeeem,org::eclipse::mylyn::internal::trac::core::model::TracTicketType,3,2,3,0,0,0,1,0,3.0,1.0,23,1,0,0.0,1,1.0,1.0,0,0,0,0,0,0,aeeem,org::eclipse::mylyn::internal::trac::core::model::TracTicketType,3.0,6,2,0,133.0,8.0,5.0,0,4.0,1.33333,1.0,0.833333,3.0,0.5,92.7143,3,1,0,0,3,4.58293,0.00176257,0.145075,9.17116,0.186189,True
aeeem,org::eclipse::mylyn::internal::java::PackageExplorerManager,1,1,0,1,55,0,0,0,105.0,11.0,9,0,0,0.0,11,29.0,29.0,0,0,0,0,0,0,aeeem,org::eclipse::mylyn::internal::java::PackageExplorerManager,-69.0,15,1,1,164.0,79.0,148.0,1,44.0,5.26667,105.0,9.86667,5.0,-4.6,17.2767,8,3,0,0,6,6.59724,0.17594,0.0115652,0.163019,0.00275068,True
aeeem,org::eclipse::mylyn::internal::web::ui::WebImages,3,1,0,3,6,0,8,0,37.0,4.0,9,2,2,0.0,2,19.0,8.0,0,0,0,0,0,0,aeeem,org::eclipse::mylyn::internal::web::ui::WebImages,0.0,12,2,0,145.857,21.0,21.0,0,5.0,1.75,5.0,1.75,3.0,0.0,73.8844,6,2,0,0,5,6.7028,0.00273048,0.155439,9.24064,0.217847,True
aeeem,org::eclipse::mylyn::internal::tasks::core::data::FileTaskAttachmentSource,11,2,7,4,55,0,6,0,47.0,11.0,15,5,0,0.0,11,23.0,14.0,0,0,0,0,0,0,aeeem,org::eclipse::mylyn::internal::tasks::core::data::FileTaskAttachmentSource,36.0,5,2,0,45.5714,53.0,17.0,0,35.0,10.6,13.0,3.4,33.0,7.2,13.0889,4,0,0,0,2,3.37801,0.00427335,0.154967,9.16485,0.247924,True
aeeem,org::eclipse::mylyn::internal::tasks::ui::search::SearchResultSorterId,3,1,1,2,3,0,0,0,31.0,3.0,0,0,0,0.0,3,10.0,4.0,0,0,0,0,0,0,aeeem,org::eclipse::mylyn::internal::tasks::ui::search::SearchResultSorterId,-2.0,10,3,0,135.429,37.0,39.0,0,9.0,3.7,9.0,3.9,3.0,-0.2,53.749,8,4,0,0,7,6.86009,0.00828854,0.161036,9.25497,0.245276,True
aeeem,org::eclipse::mylyn::internal::monitor::core::collection::InteractionEventUtil,6,1,2,4,0,0,0,0,20.0,1.0,9,0,0,0.0,1,10.0,5.0,0,0,0,0,0,0,aeeem,org::eclipse::mylyn::internal::monitor::core::collection::InteractionEventUtil,0.0,7,2,0,109.857,11.0,11.0,1,4.0,1.57143,4.0,1.57143,3.0,0.0,62.1169,5,2,0,0,3,5.41242,0.00156775,0.147109,9.19356,0.187565,True
aeeem,org::eclipse::mylyn::internal::tasks::ui::wizards::SelectRepositoryPage,16,1,4,12,45,2,4,0,123.0,10.0,0,3,0,0.0,8,44.0,18.0,0,0,0,0,0,0,aeeem,org::eclipse::mylyn::internal::tasks::ui::wizards::SelectRepositoryPage,76.0,40,3,1,139.571,317.0,241.0,0,46.0,7.925,67.0,6.025,26.0,1.9,32.9964,32,12,2,0,14,23.6596,0.12837,0.209196,9.72422,0.324498,True
aeeem,org::eclipse::mylyn::internal::tasks::ui::RefactorRepositoryUrlOperation,22,2,3,19,10,0,2,1,106.0,5.0,13,2,2,0.0,2,71.0,17.0,0,0,0,0,0,0,aeeem,org::eclipse::mylyn::internal::tasks::ui::RefactorRepositoryUrlOperation,0.0,16,3,0,45.4286,60.0,60.0,1,25.0,3.75,31.0,3.75,4.0,0.0,12.1667,14,10,1,0,11,5.59876,0.0143679,0.179372,9.2653,0.344852,True
aeeem,org::eclipse::mylyn::team::ui::AbstractContextChangeSetManager,10,2,5,5,6,1,3,0,19.0,4.0,17,2,0,0.0,2,18.0,5.0,1,1,0,0,0,1,aeeem,org::eclipse::mylyn::team::ui::AbstractContextChangeSetManager,-45.0,35,3,0,92.4286,127.0,172.0,1,14.0,3.62857,31.0,4.91429,6.0,-1.28571,29.2632,26,11,1,0,15,12.3984,0.0211905,0.213766,9.49113,0.449592,True
aeeem,org::eclipse::mylyn::internal::tasks::ui::commands::AbstractTaskHandler,0,1,0,0,3,10,1,0,12.0,3.0,0,0,1,0.0,1,5.0,7.0,1,1,0,0,0,1,aeeem,org::eclipse::mylyn::internal::tasks::ui::commands::AbstractTaskHandler,22.0,5,2,0,44.0,28.0,6.0,0,23.0,5.6,3.0,1.2,20.0,4.4,10.0765,4,0,0,0,2,4.63412,0.0120425,0.170764,9.22532,0.306886,True
aeeem,org::eclipse::mylyn::zest::layouts::algorithms::SpringLayoutAlgorithm,8,3,1,7,741,0,34,12,427.0,39.0,70,22,7,1.0,20,116.0,90.0,0,0,0,0,0,0,aeeem,org::eclipse::mylyn::zest::layouts::algorithms::SpringLayoutAlgorithm,36.0,11,3,4,184.857,93.0,57.0,1,22.0,8.45454,34.0,5.18182,19.0,3.27273,13.447,3,3,1,0,0,6.80219,0.664612,0.0113542,0.164922,0.00546046,True
aeeem,org::eclipse::mylyn::zest::layouts::dataStructures::InternalNode,15,2,13,2,666,0,14,2,146.0,37.0,18,2,0,12.0,37,51.0,38.0,0,0,0,0,0,0,aeeem,org::eclipse::mylyn::zest::layouts::dataStructures::InternalNode,60.0,5,3,0,184.857,71.0,11.0,1,57.0,14.2,5.0,2.2,56.0,12.0,62.2575,2,2,0,0,0,5.36391,0.0478831,0.0109697,0.137225,0.00678416,True
aeeem,org::eclipse::mylyn::internal::monitor::usage::editors::UsageCountContentProvider,5,1,2,3,6,0,1,0,17.0,4.0,9,1,0,0.0,4,8.0,5.0,0,0,0,0,0,0,aeeem,org::eclipse::mylyn::internal::monitor::usage::editors::UsageCountContentProvider,-7.0,8,2,0,109.857,12.0,19.0,1,4.0,1.5,8.0,2.375,3.0,-0.875,53.6905,5,2,0,0,4,7.27101,0.00281219,0.164612,9.2736,0.260822,True
aeeem,org::eclipse::mylyn::internal::java::ui::search::JavaReadAccessProvider,1,4,1,0,6,0,2,8,12.0,4.0,47,0,0,0.0,2,4.0,4.0,0,0,0,0,0,0,aeeem,org::eclipse::mylyn::internal::java::ui::search::JavaReadAccessProvider,0.0,4,2,0,92.4286,7.0,7.0,0,4.0,1.75,4.0,1.75,3.0,0.0,60.1428,3,0,0,0,2,3.17351,0.00112128,0.140881,9.13106,0.180758,True
aeeem,org::eclipse::mylyn::wikitext::core::parser::TableAttributes,4,2,4,0,136,0,8,0,48.0,17.0,20,8,0,0.0,17,17.0,16.0,0,0,0,0,0,0,aeeem,org::eclipse::mylyn::wikitext::core::parser::TableAttributes,24.0,5,2,1,32.7143,29.0,5.0,0,24.0,5.8,3.0,1.0,21.0,4.8,6.22167,4,3,0,0,0,1.49003,0.00460281,0.0435179,0.121386,0.116244,True
aeeem,org::eclipse::mylyn::internal::context::ui::commands::Messages,0,1,0,0,0,0,10,0,3.0,1.0,0,1,0,9.0,1,2.0,1.0,0,0,0,0,0,0,aeeem,org::eclipse::mylyn::internal::context::ui::commands::Messages,0.0,1,1,0,14.8571,0.0,0.0,0,0.0,0.0,0.0,0.0,0.0,0.0,0.0,1,0,0,0,0,0.0,0.0,0.0,0.0,0.0,True
aeeem,org::eclipse::mylyn::internal::monitor::usage::editors::UsageCountLabelProvider,4,1,2,2,3,0,0,0,30.0,3.0,0,0,0,0.0,2,11.0,7.0,0,0,0,0,0,0,aeeem,org::eclipse::mylyn::internal::monitor::usage::editors::UsageCountLabelProvider,2.0,5,2,0,109.857,11.0,9.0,1,7.0,2.2,4.0,1.8,5.0,0.4,67.1169,3,2,0,0,3,3.95974,0.00200324,0.143127,9.15318,0.183381,True
aeeem,org::eclipse::mylyn::internal::context::ui::actions::ContextAttachAction,7,1,1,6,6,0,2,0,40.0,4.0,0,2,0,0.0,4,22.0,11.0,0,0,0,0,0,0,aeeem,org::eclipse::mylyn::internal::context::ui::actions::ContextAttachAction,37.0,38,3,0,139.714,174.0,137.0,0,46.0,4.57895,19.0,3.60526,27.0,0.973684,44.7709,32,11,0,0,20,16.4607,0.0643196,0.203685,9.55429,0.372867,True
aeeem,org::eclipse::mylyn::internal::tasks::ui::wizards::NewTaskPage,4,2,1,3,1,0,1,1,8.0,2.0,10,1,0,0.0,1,5.0,2.0,0,0,0,0,0,0,aeeem,org::eclipse::mylyn::internal::tasks::ui::wizards::NewTaskPage,4.0,13,3,0,91.8571,44.0,40.0,0,23.0,3.38462,18.0,3.07692,21.0,0.307692,27.9805,10,5,1,0,6,8.68864,0.0158632,0.178866,9.33585,0.318391,True
aeeem,org::eclipse::mylyn::internal::sandbox::ui::planner::TaskPlannerLabelProvider,9,2,1,8,10,0,4,0,92.0,5.0,6,4,0,0.0,5,35.0,24.0,0,0,0,0,0,0,aeeem,org::eclipse::mylyn::internal::sandbox::ui::planner::TaskPlannerLabelProvider,7.0,8,2,0,46.0,34.0,27.0,0,10.0,4.25,10.0,3.375,4.0,0.875,7.84454,7,2,0,0,4,4.88878,0.00308252,0.166327,9.22338,0.29442,True
aeeem,org::eclipse::mylyn::internal::tasks::ui::notifications::TaskAttributeDiff,6,1,1,5,55,0,5,0,79.0,11.0,9,5,0,0.0,11,43.0,24.0,0,0,0,0,0,0,aeeem,org::eclipse::mylyn::internal::tasks::ui::notifications::TaskAttributeDiff,3.0,3,2,0,41.1429,5.0,2.0,0,4.0,1.66667,1.0,0.666667,3.0,1.0,18.0857,2,0,0,0,1,1.84703,0.000948744,0.136921,9.09329,0.175609,True
aeeem,org::eclipse::mylyn::internal::monitor::usage::ReportGenerator,17,1,12,6,55,0,10,0,84.0,11.0,9,9,2,0.0,9,40.0,17.0,0,0,0,0,0,0,aeeem,org::eclipse::mylyn::internal::monitor::usage::ReportGenerator,3.0,6,2,0,48.5714,11.0,8.0,0,4.0,1.83333,4.0,1.33333,3.0,0.5,15.1429,5,1,0,0,4,4.83266,0.00181069,0.167231,9.22363,0.296861,True
aeeem,org::eclipse::mylyn::internal::trac::ui::wizard::Messages,0,1,0,0,0,0,43,0,3.0,1.0,0,1,0,42.0,1,2.0,1.0,0,0,0,0,0,0,aeeem,org::eclipse::mylyn::internal::trac::ui::wizard::Messages,0.0,1,1,0,14.8571,0.0,0.0,0,0.0,0.0,0.0,0.0,0.0,0.0,0.0,1,0,0,0,0,0.0,0.0,0.0,0.0,0.0,True
aeeem,org::eclipse::mylyn::internal::monitor::core::collection::InteractionEventComparator,3,1,1,2,1,0,0,0,9.0,2.0,9,0,0,0.0,2,5.0,3.0,0,0,0,0,0,0,aeeem,org::eclipse::mylyn::internal::monitor::core::collection::InteractionEventComparator,-1.0,5,2,0,109.857,8.0,9.0,1,4.0,1.6,4.0,1.8,2.0,-0.2,61.0536,3,2,0,0,3,3.95974,0.00143399,0.143127,9.15318,0.183381,True
aeeem,org::eclipse::mylyn::zest::core::widgets::internal::AligningBendpointLocator,5,1,0,5,36,0,11,0,92.0,9.0,20,3,1,0.0,7,45.0,21.0,0,0,0,0,0,0,aeeem,org::eclipse::mylyn::zest::core::widgets::internal::AligningBendpointLocator,0.0,2,1,0,103.571,1.0,1.0,0,1.0,0.5,1.0,0.5,0.0,0.0,11.4286,0,0,0,0,0,1.45219,0.000135718,0.00420507,0.0409958,0.00508017,True
aeeem,org::eclipse::mylyn::internal::trac::wiki::actions::OpenWikiPageAction,8,1,0,8,10,0,2,0,49.0,5.0,0,2,2,0.0,3,24.0,11.0,1,1,0,0,0,1,aeeem,org::eclipse::mylyn::internal::trac::wiki::actions::OpenWikiPageAction,4.0,11,2,0,81.8571,23.0,19.0,0,7.0,2.09091,6.0,1.72727,3.0,0.363636,37.9814,8,3,0,0,6,8.3403,0.00360676,0.1901,9.35194,0.379775,True
aeeem,org::eclipse::mylyn::zest::layouts::algorithms::internal::DynamicScreen,3,1,0,3,21,0,7,0,55.0,7.0,9,3,1,4.0,6,25.0,9.0,0,0,0,0,0,0,aeeem,org::eclipse::mylyn::zest::layouts::algorithms::internal::DynamicScreen,0.0,2,2,0,184.857,4.0,4.0,0,4.0,2.0,4.0,2.0,0.0,0.0,92.7143,0,0,0,0,0,1.45219,0.00054287,0.00420507,0.0409958,0.00508017,True
aeeem,org::eclipse::mylyn::internal::tasks::ui::actions::DeleteTaskEditorAction,3,2,2,1,1,0,1,1,8.0,2.0,5,1,0,0.0,2,5.0,2.0,0,0,0,0,0,0,aeeem,org::eclipse::mylyn::internal::tasks::ui::actions::DeleteTaskEditorAction,12.0,4,2,0,31.0,19.0,7.0,0,14.0,4.75,5.0,1.75,9.0,3.0,2.09023,2,0,0,0,1,3.33706,0.00418776,0.180438,9.21468,0.291852,True
aeeem,org::eclipse::mylyn::internal::trac::wiki::editor::TracWikiPageEditorInput,8,1,5,3,91,0,4,0,64.0,14.0,9,4,0,0.0,14,22.0,20.0,0,0,0,0,0,0,aeeem,org::eclipse::mylyn::internal::trac::wiki::editor::TracWikiPageEditorInput,3.0,3,2,0,81.8571,5.0,2.0,0,4.0,1.66667,1.0,0.666667,3.0,1.0,58.8,2,1,0,0,1,1.84703,0.000948744,0.136921,9.09329,0.175609,True
aeeem,org::eclipse::mylyn::internal::tasks::ui::search::Messages,0,1,0,0,0,0,25,0,3.0,1.0,0,1,0,24.0,1,2.0,1.0,0,0,0,0,0,0,aeeem,org::eclipse::mylyn::internal::tasks::ui::search::Messages,0.0,4,1,0,14.7143,4.0,4.0,0,2.0,1.0,4.0,1.0,2.0,0.0,3.5,3,2,0,0,0,0.0,0.0,0.0,0.0,0.0,True
aeeem,org::eclipse::mylyn::internal::monitor::core::collection::DelegatingUsageCollector,3,1,2,1,45,1,3,0,39.0,10.0,14,2,0,0.0,10,22.0,9.0,0,0,0,0,0,0,aeeem,org::eclipse::mylyn::internal::monitor::core::collection::DelegatingUsageCollector,9.0,7,2,0,109.857,19.0,10.0,1,9.0,2.71429,4.0,1.42857,9.0,1.28571,41.6165,5,2,0,0,3,5.41242,0.00270004,0.147109,9.19356,0.187565,True
aeeem,org::eclipse::mylyn::wikitext::core::parser::markup::token::EntityReplacementTokenProcessor,3,3,1,2,1,0,1,7,6.0,2.0,39,1,0,0.0,2,4.0,2.0,0,0,0,0,0,0,aeeem,org::eclipse::mylyn::wikitext::core::parser::markup::token::EntityReplacementTokenProcessor,8.0,5,2,1,32.7143,11.0,3.0,0,7.0,2.2,2.0,0.6,7.0,1.6,18.6883,3,3,0,0,0,1.49003,0.000681897,0.0435179,0.121386,0.116244,True
aeeem,org::eclipse::mylyn::internal::bugzilla::core::GzipPostMethod,1,1,1,0,3,0,1,0,16.0,3.0,0,1,0,0.0,3,6.0,4.0,0,0,0,0,0,0,aeeem,org::eclipse::mylyn::internal::bugzilla::core::GzipPostMethod,-40.0,13,3,0,49.8571,64.0,104.0,0,20.0,4.92308,40.0,8.0,10.0,-3.07692,7.72991,11,4,0,0,7,6.32077,0.0119705,0.180927,9.28597,0.35212,True
aeeem,org::eclipse::mylyn::internal::sandbox::ui::GroupedTaskListContentProvider,9,3,1,8,6,0,2,1,39.0,4.0,19,1,1,0.0,3,20.0,11.0,0,0,0,0,0,0,aeeem,org::eclipse::mylyn::internal::sandbox::ui::GroupedTaskListContentProvider,-6.0,11,3,1,81.2857,33.0,39.0,0,7.0,3.0,16.0,3.54545,5.0,-0.545455,28.5844,9,2,0,0,6,7.76934,0.00741852,0.183098,9.32416,0.351105,True
aeeem,org::eclipse::mylyn::internal::java::ui::editor::AutoFoldPreferenceBlock,1,1,0,1,15,0,0,0,79.0,6.0,9,0,0,0.0,6,11.0,6.0,0,0,0,0,0,0,aeeem,org::eclipse::mylyn::internal::java::ui::editor::AutoFoldPreferenceBlock,7.0,17,2,0,164.0,30.0,23.0,3,7.0,1.76471,4.0,1.35294,6.0,0.411765,101.095,12,3,0,0,9,11.7316,0.00654503,0.183902,9.41205,0.317745,True
aeeem,org::eclipse::mylyn::internal::wikitext::tracwiki::core::validation::TracWikiReferenceValidationRule,1,3,0,1,0,0,0,0,3.0,1.0,14,0,0,0.0,0,2.0,1.0,0,0,0,0,0,0,aeeem,org::eclipse::mylyn::internal::wikitext::tracwiki::core::validation::TracWikiReferenceValidationRule,0.0,1,1,0,16.4286,0.0,0.0,0,0.0,0.0,0.0,0.0,0.0,0.0,0.0,1,0,0,0,0,0.0,0.0,0.0,0.0,0.0,True
aeeem,org::eclipse::mylyn::internal::xplanner::ui::wizard::ProjectsViewerContentProvider,7,1,2,5,66,0,4,0,106.0,12.0,9,4,4,0.0,8,36.0,22.0,0,0,0,0,0,0,aeeem,org::eclipse::mylyn::internal::xplanner::ui::wizard::ProjectsViewerContentProvider,0.0,1,1,0,6.42857,0.0,0.0,0,0.0,0.0,0.0,0.0,0.0,0.0,0.0,1,1,1,0,1,0.0,0.0,0.0,0.0,0.0,True
aeeem,org::eclipse::mylyn::internal::ide::ui::actions::FocusProjectExplorerAction,1,4,0,1,1,0,0,8,13.0,2.0,36,0,0,0.0,1,6.0,3.0,0,0,0,0,0,0,aeeem,org::eclipse::mylyn::internal::ide::ui::actions::FocusProjectExplorerAction,-150.0,11,2,1,119.0,20.0,170.0,0,4.0,1.81818,155.0,15.4545,3.0,-13.6364,61.2857,6,3,0,0,4,10.5192,0.0834742,0.190682,9.3994,0.355188,True
aeeem,org::eclipse::mylyn::wikitext::core::parser::markup::ContentState,21,1,20,1,210,1,10,0,75.0,21.0,15,10,0,0.0,16,26.0,24.0,0,0,0,0,0,0,aeeem,org::eclipse::mylyn::wikitext::core::parser::markup::ContentState,24.0,8,2,1,32.7143,42.0,18.0,0,21.0,5.25,11.0,2.25,10.0,3.0,8.72449,6,6,0,0,0,1.49003,0.00647802,0.0435179,0.121386,0.116244,True
aeeem,org::eclipse::mylyn::internal::bugzilla::ui::wizard::Messages,0,1,0,0,0,0,13,0,3.0,1.0,0,1,0,12.0,1,2.0,1.0,0,0,0,0,0,0,aeeem,org::eclipse::mylyn::internal::bugzilla::ui::wizard::Messages,0.0,1,1,0,13.0,0.0,0.0,0,0.0,0.0,0.0,0.0,0.0,0.0,0.0,1,0,0,0,1,0.0,0.0,0.0,0.0,0.0,True
aeeem,org::eclipse::mylyn::internal::tasks::ui::actions::ToggleTaskActivationAction,7,1,3,4,28,0,2,0,41.0,8.0,4,1,1,0.0,7,28.0,10.0,0,0,0,0,0,0,aeeem,org::eclipse::mylyn::internal::tasks::ui::actions::ToggleTaskActivationAction,-5.0,16,3,0,77.7143,75.0,80.0,2,14.0,4.6875,22.0,5.0,8.0,-0.3125,34.6286,14,6,0,0,10,7.61115,0.00833965,0.189256,9.33304,0.382401,True
aeeem,org::eclipse::mylyn::internal::jira::ui::JiraTaskEditor,6,1,0,6,55,0,9,0,326.0,11.0,0,9,0,0.0,11,68.0,16.0,0,0,0,0,0,0,aeeem,org::eclipse::mylyn::internal::jira::ui::JiraTaskEditor,-56.0,15,1,0,147.857,87.0,143.0,0,14.0,5.8,38.0,9.53333,8.0,-3.73333,2.91297,7,4,1,0,2,5.38371,0.0606137,0.00935293,0.132776,0.00202781,True
aeeem,org::eclipse::mylyn::internal::wikitext::core::util::XML11Char,1,1,1,0,55,0,10,0,33.0,11.0,9,1,0,0.0,11,12.0,38.0,0,0,0,0,0,0,aeeem,org::eclipse::mylyn::internal::wikitext::core::util::XML11Char,-14.0,2,1,0,32.7143,235.0,249.0,0,235.0,117.5,249.0,124.5,0.0,-7.0,1.71429,2,2,0,0,0,1.49003,0.0825096,0.0435179,0.121386,0.116244,True
aeeem,org::eclipse::mylyn::bugzilla::deprecated::BugzillaTaskEditorFactory,9,2,0,9,10,0,1,0,37.0,5.0,15,1,0,0.0,5,17.0,10.0,0,0,0,0,0,0,aeeem,org::eclipse::mylyn::bugzilla::deprecated::BugzillaTaskEditorFactory,3.0,3,3,0,39.5714,4.0,1.0,0,4.0,1.33333,1.0,0.333333,3.0,1.0,13.0,3,1,0,0,3,1.84703,0.000948744,0.136921,9.09329,0.175609,True
aeeem,org::eclipse::mylyn::internal::tasks::ui::commands::SubmitTaskHandler,1,1,0,1,0,0,0,0,13.0,1.0,0,0,0,0.0,1,5.0,4.0,0,0,0,0,0,0,aeeem,org::eclipse::mylyn::internal::tasks::ui::commands::SubmitTaskHandler,3.0,3,2,0,31.1429,5.0,2.0,0,4.0,1.66667,1.0,0.666667,3.0,1.0,8.08571,2,0,0,0,1,1.84703,0.000948744,0.136921,9.09329,0.175609,True
aeeem,org::eclipse::mylyn::internal::jira::core::service::web::JiraWebSession,15,1,4,12,66,0,10,0,164.0,12.0,9,9,5,0.0,2,77.0,31.0,1,0,0,0,0,1,aeeem,org::eclipse::mylyn::internal::jira::core::service::web::JiraWebSession,194.0,42,3,1,110.714,609.0,415.0,0,64.0,14.5,52.0,9.88095,44.0,4.61905,36.266,30,17,5,0,14,20.2837,0.113054,0.24881,9.73836,0.507113,True
aeeem,org::eclipse::mylyn::zest::tests::swt::GraphSnippet6,1,1,0,1,0,0,0,0,33.0,1.0,9,0,0,0.0,1,11.0,4.0,0,0,0,0,0,0,aeeem,org::eclipse::mylyn::zest::tests::swt::GraphSnippet6,0.0,1,1,0,80.8571,0.0,0.0,0,0.0,0.0,0.0,0.0,0.0,0.0,0.0,1,1,0,0,0,0.0,0.0,0.0,0.0,0.0,True
aeeem,org::eclipse::mylyn::internal::trac::core::model::TracTicketStatus,3,2,3,0,0,0,1,0,3.0,1.0,23,1,0,0.0,1,1.0,1.0,0,0,0,0,0,0,aeeem,org::eclipse::mylyn::internal::trac::core::model::TracTicketStatus,3.0,6,2,0,133.0,8.0,5.0,0,4.0,1.33333,1.0,0.833333,3.0,0.5,92.7143,3,1,0,0,3,4.58293,0.00176257,0.145075,9.17116,0.186189,True
aeeem,org::eclipse::mylyn::internal::sandbox::ui::planner::PlannedTasksContentProvider,3,1,1,2,36,0,1,0,32.0,9.0,11,0,0,1.0,9,20.0,10.0,0,0,0,0,0,0,aeeem,org::eclipse::mylyn::internal::sandbox::ui::planner::PlannedTasksContentProvider,5.0,5,2,0,46.0,16.0,11.0,0,7.0,3.2,6.0,2.2,4.0,1.0,9.5625,4,1,0,0,2,4.17741,0.00203187,0.160399,9.19476,0.270741,True
aeeem,org::eclipse::mylyn::internal::commons::ui::TaskListImageDescriptor,0,1,0,0,10,0,5,0,32.0,5.0,0,4,1,0.0,2,11.0,9.0,0,0,0,0,0,0,aeeem,org::eclipse::mylyn::internal::commons::ui::TaskListImageDescriptor,3.0,2,1,0,45.8571,4.0,1.0,0,4.0,2.0,1.0,0.5,3.0,1.5,19.2857,2,0,0,0,2,1.84703,0.000948744,0.136921,9.09329,0.175609,True
aeeem,org::eclipse::mylyn::internal::tasks::ui::actions::SynchronizeAutomaticallyAction,2,1,1,1,1,0,1,0,11.0,2.0,0,0,0,0.0,2,6.0,2.0,0,0,0,0,0,0,aeeem,org::eclipse::mylyn::internal::tasks::ui::actions::SynchronizeAutomaticallyAction,2.0,12,2,0,99.0,62.0,60.0,0,36.0,5.16667,36.0,5.0,36.0,0.166667,17.9908,7,3,0,0,3,8.85527,0.00883567,0.174642,9.32913,0.294081,True
aeeem,org::eclipse::mylyn::internal::trac::core::client::AbstractWikiHandler,5,1,5,0,10,1,0,0,0.0,5.0,9,0,0,0.0,5,5.0,0.0,0,0,0,0,0,0,aeeem,org::eclipse::mylyn::internal::trac::core::client::AbstractWikiHandler,3.0,4,2,0,39.5714,6.0,3.0,0,4.0,1.5,1.0,0.75,3.0,0.75,15.9524,2,1,0,0,2,1.84703,0.00132824,0.136921,9.09329,0.175609,True
aeeem,org::eclipse::mylyn::internal::tasks::ui::commands::CollapseAllHandler,2,1,1,1,1,0,2,0,8.0,2.0,0,1,0,0.0,2,4.0,2.0,0,0,0,0,0,0,aeeem,org::eclipse::mylyn::internal::tasks::ui::commands::CollapseAllHandler,3.0,3,2,0,32.0,5.0,2.0,0,4.0,1.66667,1.0,0.666667,3.0,1.0,8.94286,2,0,0,0,1,1.84703,0.000948744,0.136921,9.09329,0.175609,True
aeeem,org::eclipse::mylyn::internal::wikitext::ui::editor::dnd::OutlineDropTargetListener,7,1,1,6,78,0,3,0,114.0,13.0,9,3,4,0.0,9,37.0,27.0,1,0,0,0,0,1,aeeem,org::eclipse::mylyn::internal::wikitext::ui::editor::dnd::OutlineDropTargetListener,0.0,1,1,0,7.71429,0.0,0.0,0,0.0,0.0,0.0,0.0,0.0,0.0,0.0,1,1,0,0,0,0.0,0.0,0.0,0.0,0.0,True
aeeem,org::eclipse::mylyn::internal::tasks::ui::notifications::TaskDataDiff,11,1,2,9,21,0,7,0,105.0,7.0,9,7,3,0.0,4,55.0,25.0,0,0,0,0,0,0,aeeem,org::eclipse::mylyn::internal::tasks::ui::notifications::TaskDataDiff,11.0,11,3,0,41.1429,38.0,27.0,0,9.0,3.45455,7.0,2.45455,9.0,1.0,8.47368,7,4,1,0,4,3.37801,0.0054018,0.154967,9.16485,0.247924,True
aeeem,org::eclipse::mylyn::internal::jira::core::model::Component,12,1,12,0,15,0,3,0,17.0,6.0,18,3,0,0.0,6,6.0,6.0,0,0,0,0,0,0,aeeem,org::eclipse::mylyn::internal::jira::core::model::Component,-15.0,11,2,0,110.714,18.0,33.0,0,8.0,1.63636,12.0,3.0,8.0,-1.36364,61.0556,6,4,0,0,5,7.51529,0.00676867,0.16197,9.27219,0.242317,True
aeeem,org::eclipse::mylyn::internal::wikitext::tracwiki::core::token::TicketLinkReplacementToken,2,2,1,1,6,0,0,0,9.0,4.0,22,0,0,0.0,1,5.0,3.0,0,0,0,0,0,0,aeeem,org::eclipse::mylyn::internal::wikitext::tracwiki::core::token::TicketLinkReplacementToken,0.0,1,1,0,7.14286,0.0,0.0,0,0.0,0.0,0.0,0.0,0.0,0.0,0.0,1,0,0,0,0,0.0,0.0,0.0,0.0,0.0,True
aeeem,org::eclipse::mylyn::internal::wikitext::ui::viewer::annotation::BulletAnnotation,3,1,2,1,1,0,2,0,7.0,2.0,0,1,0,0.0,2,3.0,2.0,0,0,0,0,0,0,aeeem,org::eclipse::mylyn::internal::wikitext::ui::viewer::annotation::BulletAnnotation,11.0,5,2,1,32.7143,16.0,5.0,0,10.0,3.2,3.0,1.0,10.0,2.2,17.8304,3,3,0,0,0,1.49003,0.00119332,0.0435179,0.121386,0.116244,True
aeeem,org::eclipse::mylyn::internal::xplanner::core::DebugManager,2,1,0,2,15,0,0,0,18.0,6.0,9,0,0,0.0,6,14.0,6.0,0,0,0,0,0,0,aeeem,org::eclipse::mylyn::internal::xplanner::core::DebugManager,0.0,1,1,0,6.42857,0.0,0.0,0,0.0,0.0,0.0,0.0,0.0,0.0,0.0,1,1,1,0,1,0.0,0.0,0.0,0.0,0.0,True
aeeem,org::eclipse::mylyn::internal::tasks::ui::views::TaskListDropAdapter,20,1,2,18,15,0,2,0,173.0,6.0,0,2,2,0.0,4,75.0,40.0,0,0,0,0,0,0,aeeem,org::eclipse::mylyn::internal::tasks::ui::views::TaskListDropAdapter,55.0,100,3,3,139.571,1116.0,1061.0,3,151.0,11.16,205.0,10.61,45.0,0.55,79.9668,69,28,3,0,41,28.6495,0.17691,0.255844,9.93732,0.501228,True
aeeem,org::eclipse::mylyn::internal::team::ui::actions::OpenCorrespondingTaskAction,18,1,3,16,21,0,4,0,164.0,7.0,0,4,2,0.0,5,59.0,53.0,0,0,0,0,0,0,aeeem,org::eclipse::mylyn::internal::team::ui::actions::OpenCorrespondingTaskAction,243.0,66,4,0,139.286,781.0,538.0,0,120.0,11.8333,132.0,8.15151,57.0,3.68182,31.4911,41,18,1,1,18,24.5718,0.390923,0.227973,9.78409,0.410607,True
aeeem,org::eclipse::mylyn::internal::commons::net::ProgressMonitorInputStream,1,1,0,1,21,0,6,1,53.0,7.0,26,6,1,0.0,5,17.0,10.0,0,0,0,0,0,0,aeeem,org::eclipse::mylyn::internal::commons::net::ProgressMonitorInputStream,1.0,2,1,0,45.8571,1.0,0.0,0,1.0,0.5,0.0,0.0,1.0,0.5,19.2857,2,0,0,0,2,1.84703,0.000189749,0.136921,9.09329,0.175609,True
aeeem,org::eclipse::mylyn::internal::context::ui::FocusedViewerManager,18,2,7,13,210,0,7,0,152.0,21.0,17,7,2,0.0,18,74.0,37.0,2,1,1,1,0,1,aeeem,org::eclipse::mylyn::internal::context::ui::FocusedViewerManager,26.0,41,2,0,119.0,341.0,315.0,3,83.0,8.31707,43.0,7.68293,40.0,0.634146,64.7273,30,15,2,0,20,21.4408,0.0751485,0.229197,9.72454,0.440478,True
aeeem,org::eclipse::mylyn::tasks::ui::wizards::AbstractRepositoryQueryPage,32,2,20,12,78,11,3,0,87.0,13.0,2,3,1,0.0,12,51.0,22.0,0,0,0,0,0,0,aeeem,org::eclipse::mylyn::tasks::ui::wizards::AbstractRepositoryQueryPage,-23.0,20,3,0,45.8571,148.0,171.0,0,38.0,7.4,81.0,8.55,13.0,-1.15,3.92471,16,8,0,0,11,5.28363,0.0211563,0.10931,0.359227,0.307753,True
aeeem,org::eclipse::mylyn::internal::sandbox::bridge::bugs::BugzillaUiBridge,7,2,0,7,45,0,1,0,80.0,10.0,16,0,0,0.0,9,34.0,17.0,0,0,0,0,0,0,aeeem,org::eclipse::mylyn::internal::sandbox::bridge::bugs::BugzillaUiBridge,6.0,31,3,1,140.857,98.0,92.0,0,10.0,3.16129,10.0,2.96774,7.0,0.193548,48.3324,22,9,0,0,14,15.6556,0.0284733,0.192454,9.51321,0.321547,True
aeeem,org::eclipse::mylyn::internal::commons::net::TimeoutOutputStream,7,1,1,6,36,0,10,1,192.0,9.0,35,10,5,0.0,4,42.0,37.0,0,0,0,0,0,0,aeeem,org::eclipse::mylyn::internal::commons::net::TimeoutOutputStream,0.0,1,1,0,45.8571,0.0,0.0,0,0.0,0.0,0.0,0.0,0.0,0.0,0.0,1,0,0,0,1,0.0,0.0,0.0,0.0,0.0,True
aeeem,org::eclipse::mylyn::internal::java::ui::editor::FocusedJavaTypeProposalComputer,2,1,0,2,1,0,0,0,11.0,2.0,0,0,0,0.0,2,9.0,3.0,0,0,0,0,0,0,aeeem,org::eclipse::mylyn::internal::java::ui::editor::FocusedJavaTypeProposalComputer,6.0,6,2,0,92.5714,17.0,11.0,0,8.0,2.83333,4.0,1.83333,6.0,1.0,43.3361,5,3,0,0,3,4.70448,0.00240658,0.158927,9.20262,0.253072,True
aeeem,org::eclipse::mylyn::internal::commons::net::CloneableHostConfiguration,1,1,0,1,6,0,0,0,19.0,4.0,0,0,1,0.0,3,11.0,8.0,0,0,0,0,0,0,aeeem,org::eclipse::mylyn::internal::commons::net::CloneableHostConfiguration,4.0,2,1,0,45.8571,5.0,1.0,0,5.0,2.5,1.0,0.5,4.0,2.0,19.2857,2,0,0,0,2,1.84703,0.00113849,0.136921,9.09329,0.175609,True
aeeem,org::eclipse::mylyn::java::tests::xml::XmlResultUpdaterSearchListener,7,2,1,6,10,0,4,0,66.0,5.0,15,4,0,0.0,4,29.0,9.0,0,0,0,0,0,0,aeeem,org::eclipse::mylyn::java::tests::xml::XmlResultUpdaterSearchListener,3.0,19,2,1,139.0,59.0,56.0,1,10.0,3.10526,10.0,2.94737,5.0,0.157895,62.7433,16,7,1,1,9,16.269,0.0125088,0.195859,9.53479,0.330129,True
aeeem,org::eclipse::mylyn::tasks::core::sync::SubmitJobListener,3,1,3,0,6,1,0,0,0.0,4.0,9,0,0,0.0,4,4.0,0.0,0,0,0,0,0,0,aeeem,org::eclipse::mylyn::tasks::core::sync::SubmitJobListener,15.0,7,2,0,46.1429,19.0,4.0,0,9.0,2.71429,2.0,0.571429,9.0,2.14286,9.59398,4,2,0,0,3,4.74807,0.00342047,0.168807,9.22447,0.301664,True
aeeem,org::eclipse::mylyn::internal::tasklist::ui::views::ImageTableCellEditor,4,1,3,1,66,0,4,0,116.0,12.0,0,3,1,1.0,4,35.0,22.0,0,0,0,0,0,0,aeeem,org::eclipse::mylyn::internal::tasklist::ui::views::ImageTableCellEditor,0.0,3,1,0,160.143,0.0,0.0,0,0.0,0.0,0.0,0.0,0.0,0.0,0.0,2,0,0,0,1,0.0,0.0,0.0,0.0,0.0,True
aeeem,org::eclipse::mylyn::internal::jira::core::wsdl::beans::RemoteUser,2,2,0,2,66,0,6,0,70.0,12.0,33,6,0,0.0,12,29.0,32.0,0,0,0,0,0,0,aeeem,org::eclipse::mylyn::internal::jira::core::wsdl::beans::RemoteUser,-17.0,9,2,0,110.714,190.0,207.0,0,162.0,21.1111,179.0,23.0,7.0,-1.88889,24.5406,7,4,1,1,5,5.94514,0.0144008,0.153982,9.22122,0.218565,True
aeeem,org::xplanner::soap::IterationData,9,2,5,4,630,0,18,0,186.0,36.0,37,18,0,0.0,36,84.0,76.0,0,0,0,0,0,0,aeeem,org::xplanner::soap::IterationData,-52.0,6,2,0,93.7143,530.0,582.0,0,526.0,88.3333,578.0,97.0,0.0,-8.66667,39.1323,4,1,0,0,3,6.45512,0.0823707,0.0300186,0.209384,0.084371,True
aeeem,org::eclipse::mylyn::internal::bugzilla::ui::editor::KeywordsDialog,6,1,1,5,6,0,3,0,98.0,4.0,0,3,0,0.0,3,26.0,7.0,0,0,0,0,0,0,aeeem,org::eclipse::mylyn::internal::bugzilla::ui::editor::KeywordsDialog,4.0,7,3,1,87.8571,22.0,18.0,0,11.0,3.14286,7.0,2.57143,11.0,0.571429,62.026,4,0,0,0,2,4.42588,0.00361953,0.154945,9.18898,0.240305,True
aeeem,org::eclipse::mylyn::internal::bugs::OpenBugzillaReportJob,3,1,0,3,1,0,2,0,15.0,2.0,9,2,0,0.0,2,10.0,2.0,0,0,0,0,0,0,aeeem,org::eclipse::mylyn::internal::bugs::OpenBugzillaReportJob,0.0,4,1,0,154.143,0.0,0.0,0,0.0,0.0,0.0,0.0,0.0,0.0,0.0,2,1,0,0,0,0.0,0.0,0.0,0.0,0.0,True
aeeem,org::eclipse::mylyn::tasks::ui::editors::AbstractAttributeEditor,40,1,32,8,253,15,7,0,84.0,23.0,9,7,0,0.0,18,53.0,28.0,0,0,0,0,0,0,aeeem,org::eclipse::mylyn::tasks::ui::editors::AbstractAttributeEditor,84.0,12,4,1,45.8571,106.0,22.0,0,66.0,8.83333,9.0,1.83333,66.0,7.0,25.0674,11,3,0,0,4,5.64478,0.00335766,0.206252,9.31996,0.395747,True
aeeem,org::eclipse::mylyn::internal::team::ui::preferences::FocusedTeamPreferencePage,3,1,0,3,36,0,3,0,81.0,9.0,0,2,3,0.0,5,32.0,10.0,0,0,0,0,0,0,aeeem,org::eclipse::mylyn::internal::team::ui::preferences::FocusedTeamPreferencePage,-17.0,13,3,0,92.5714,43.0,60.0,0,12.0,3.30769,14.0,4.61538,3.0,-1.30769,25.5714,11,5,1,0,5,7.23028,0.00669141,0.158944,9.26065,0.229422,True
aeeem,org::eclipse::mylyn::internal::wikitext::ui::editor::HeadingProjectionAnnotation,2,1,2,0,1,0,1,0,6.0,2.0,0,1,0,0.0,2,2.0,2.0,0,0,0,0,0,0,aeeem,org::eclipse::mylyn::internal::wikitext::ui::editor::HeadingProjectionAnnotation,0.0,1,1,1,8.71429,0.0,0.0,0,0.0,0.0,0.0,0.0,0.0,0.0,0.0,1,0,0,0,0,0.0,0.0,0.0,0.0,0.0,True
aeeem,org::eclipse::mylyn::internal::bugzilla::ui::BugzillaSearchHandler,4,2,1,3,3,0,0,0,14.0,3.0,11,0,0,0.0,3,7.0,2.0,0,0,0,0,0,0,aeeem,org::eclipse::mylyn::internal::bugzilla::ui::BugzillaSearchHandler,3.0,3,2,0,39.1429,5.0,2.0,0,4.0,1.66667,1.0,0.666667,3.0,1.0,15.2857,3,1,0,0,3,1.84703,0.000948744,0.136921,9.09329,0.175609,True
aeeem,org::eclipse::mylyn::internal::provisional::commons::ui::DatePicker,13,1,9,4,78,0,11,0,149.0,13.0,0,9,3,0.0,9,30.0,20.0,0,0,0,0,0,0,aeeem,org::eclipse::mylyn::internal::provisional::commons::ui::DatePicker,11.0,8,2,0,45.8571,30.0,19.0,0,12.0,3.75,5.0,2.375,7.0,1.375,13.1857,8,4,1,0,4,6.16509,0.00904271,0.188811,9.29688,0.379201,True
aeeem,org::eclipse::mylyn::internal::monitor::usage::editors::UsageEditorPart,14,1,3,11,66,2,4,0,190.0,12.0,0,0,0,0.0,7,65.0,14.0,0,0,0,0,0,0,aeeem,org::eclipse::mylyn::internal::monitor::usage::editors::UsageEditorPart,21.0,22,3,0,109.857,148.0,127.0,2,55.0,6.72727,29.0,5.77273,26.0,0.954545,20.9402,14,5,1,0,10,15.3663,0.0361607,0.208058,9.54493,0.392027,True
aeeem,org::eclipse::mylyn::internal::provisional::commons::ui::DatePickerPanel,4,1,1,3,55,0,6,0,115.0,11.0,0,6,3,0.0,8,39.0,13.0,0,0,0,0,0,0,aeeem,org::eclipse::mylyn::internal::provisional::commons::ui::DatePickerPanel,4.0,2,1,0,45.8571,5.0,1.0,0,5.0,2.5,1.0,0.5,4.0,2.0,19.2857,2,0,0,0,2,1.84703,0.00113849,0.136921,9.09329,0.175609,True
aeeem,org::eclipse::mylyn::tasks::ui::editors::AbstractTaskEditorPage,79,2,36,50,1711,4,40,0,829.0,59.0,2,24,13,0.0,40,381.0,127.0,12,8,1,0,1,1,aeeem,org::eclipse::mylyn::tasks::ui::editors::AbstractTaskEditorPage,517.0,101,3,2,45.8571,1408.0,891.0,1,173.0,13.9406,174.0,8.82178,67.0,5.11881,9.81636,72,44,3,1,40,8.88046,0.10124,0.248536,9.47878,0.553577,True
aeeem,org::eclipse::mylyn::tasks::ui::editors::AbstractRenderingEngine,3,1,3,0,0,1,0,0,0.0,1.0,9,0,0,0.0,1,1.0,0.0,0,0,0,0,0,0,aeeem,org::eclipse::mylyn::tasks::ui::editors::AbstractRenderingEngine,5.0,5,3,0,88.0,9.0,4.0,0,4.0,1.8,2.0,0.8,3.0,1.0,53.1587,5,1,0,0,3,4.6171,0.00198662,0.158163,9.20101,0.257835,True
aeeem,org::eclipse::mylyn::team::ui::AbstractCommitTemplateVariable,2,1,2,0,10,19,2,0,16.0,5.0,9,0,0,0.0,5,6.0,6.0,0,0,0,0,0,0,aeeem,org::eclipse::mylyn::team::ui::AbstractCommitTemplateVariable,6.0,9,2,0,92.4286,21.0,15.0,0,7.0,2.33333,5.0,1.66667,3.0,0.666667,43.898,8,2,0,0,6,6.92615,0.00355703,0.176853,9.28946,0.317337,True
aeeem,org::eclipse::mylyn::internal::tasks::ui::actions::NewTaskFromSelectionAction,7,1,2,5,6,0,2,0,99.0,4.0,0,1,0,0.0,4,25.0,5.0,0,0,0,0,0,0,aeeem,org::eclipse::mylyn::internal::tasks::ui::actions::NewTaskFromSelectionAction,34.0,16,2,0,68.8571,123.0,89.0,0,40.0,7.6875,45.0,5.5625,21.0,2.125,37.1208,12,4,0,0,7,9.62849,0.0176258,0.199926,9.40165,0.416054,True
aeeem,org::eclipse::mylyn::internal::wikitext::ui::viewer::Messages,3,1,2,1,1,0,2,0,9.0,2.0,9,2,1,0.0,1,3.0,2.0,1,0,0,0,0,1,aeeem,org::eclipse::mylyn::internal::wikitext::ui::viewer::Messages,0.0,2,1,0,19.8571,1.0,1.0,0,1.0,0.5,1.0,0.5,0.0,0.0,2.0,1,1,0,0,0,0.0,0.0,0.0,0.0,0.0,True
aeeem,org::eclipse::mylyn::internal::tasks::ui::search::SearchResultSorterPriority,2,1,1,1,3,0,0,0,21.0,3.0,0,0,0,0.0,3,9.0,2.0,0,0,0,0,0,0,aeeem,org::eclipse::mylyn::internal::tasks::ui::search::SearchResultSorterPriority,-41.0,12,3,0,135.429,34.0,75.0,1,7.0,2.83333,23.0,6.25,3.0,-3.41667,57.9916,8,4,0,0,7,7.52371,0.00755915,0.162685,9.27294,0.246515,True
aeeem,org::eclipse::mylyn::tasks::ui::editors::AbstractTaskEditorPageFactory,2,1,2,0,28,7,5,0,12.0,8.0,9,1,0,0.0,8,8.0,4.0,0,0,0,0,0,0,aeeem,org::eclipse::mylyn::tasks::ui::editors::AbstractTaskEditorPageFactory,3.0,5,2,0,50.4286,9.0,6.0,0,4.0,1.8,2.0,1.2,3.0,0.6,18.5079,4,1,0,0,3,4.85769,0.0015538,0.16788,9.2255,0.299868,True
aeeem,org::eclipse::mylyn::internal::tasks::ui::PlanningPerspectiveFactory,0,1,0,0,6,0,0,0,38.0,4.0,9,0,0,0.0,4,11.0,4.0,0,0,0,0,0,0,aeeem,org::eclipse::mylyn::internal::tasks::ui::PlanningPerspectiveFactory,8.0,16,3,0,139.571,106.0,98.0,0,33.0,6.625,35.0,6.125,14.0,0.5,45.3895,12,4,0,0,7,8.34964,0.0123556,0.165686,9.29796,0.251818,True
aeeem,org::eclipse::mylyn::internal::trac::core::TracCorePlugin,15,1,11,5,28,0,5,0,55.0,8.0,0,2,0,0.0,6,26.0,16.0,0,0,0,0,0,0,aeeem,org::eclipse::mylyn::internal::trac::core::TracCorePlugin,47.0,26,3,0,133.0,175.0,128.0,0,39.0,6.73077,25.0,4.92308,39.0,1.80769,44.9469,17,9,0,0,9,16.7724,0.0663439,0.215192,9.58814,0.412574,True
aeeem,org::eclipse::mylyn::internal::wikitext::mediawiki::core::block::HeadingBlock,9,3,1,8,3,0,3,4,31.0,3.0,43,3,0,0.0,3,17.0,5.0,0,0,0,0,0,0,aeeem,org::eclipse::mylyn::internal::wikitext::mediawiki::core::block::HeadingBlock,0.0,5,2,1,32.7143,10.0,10.0,0,6.0,2.0,6.0,2.0,0.0,0.0,8.28571,4,4,0,0,0,1.49003,0.00204569,0.0435179,0.121386,0.116244,True
aeeem,org::eclipse::mylyn::internal::wikitext::tracwiki::core::token::MilestoneLinkReplacementToken,2,2,1,1,6,0,0,0,9.0,4.0,22,0,0,0.0,1,5.0,3.0,0,0,0,0,0,0,aeeem,org::eclipse::mylyn::internal::wikitext::tracwiki::core::token::MilestoneLinkReplacementToken,0.0,1,1,0,7.14286,0.0,0.0,0,0.0,0.0,0.0,0.0,0.0,0.0,0.0,1,0,0,0,0,0.0,0.0,0.0,0.0,0.0,True
aeeem,org::eclipse::mylyn::internal::wikitext::ui::editor::MarkupProjectionViewer,2,1,1,1,10,0,2,0,26.0,5.0,0,1,0,0.0,5,11.0,10.0,0,0,0,0,0,0,aeeem,org::eclipse::mylyn::internal::wikitext::ui::editor::MarkupProjectionViewer,0.0,1,1,0,4.0,0.0,0.0,0,0.0,0.0,0.0,0.0,0.0,0.0,0.0,1,0,0,0,0,0.0,0.0,0.0,0.0,0.0,True
aeeem,org::eclipse::mylyn::internal::bugzilla::ui::editor::FlagAttributeEditor,5,2,0,5,28,0,3,0,129.0,8.0,32,3,1,0.0,7,86.0,18.0,0,0,0,0,0,0,aeeem,org::eclipse::mylyn::internal::bugzilla::ui::editor::FlagAttributeEditor,9.0,4,1,0,13.5714,26.0,17.0,0,14.0,6.5,14.0,4.25,5.0,2.25,2.21978,3,1,0,0,3,0.0,0.0,0.0,0.0,0.0,True
aeeem,org::eclipse::mylyn::internal::tasks::ui::dialogs::TaskCompareDialog,7,1,4,3,21,1,7,0,169.0,7.0,0,7,0,0.0,1,43.0,13.0,0,0,0,0,0,0,aeeem,org::eclipse::mylyn::internal::tasks::ui::dialogs::TaskCompareDialog,-33.0,2,1,1,9.57143,13.0,46.0,0,13.0,6.5,46.0,23.0,0.0,-16.5,6.85714,2,2,1,0,1,0.0,0.0,0.0,0.0,0.0,True
aeeem,org::eclipse::mylyn::internal::xplanner::core::service::exceptions::ServiceUnavailableException,2,1,2,0,0,0,1,0,3.0,1.0,26,1,0,0.0,1,1.0,1.0,0,0,0,0,0,0,aeeem,org::eclipse::mylyn::internal::xplanner::core::service::exceptions::ServiceUnavailableException,0.0,1,1,0,6.42857,0.0,0.0,0,0.0,0.0,0.0,0.0,0.0,0.0,0.0,1,1,1,0,1,0.0,0.0,0.0,0.0,0.0,True
aeeem,org::eclipse::mylyn::wikitext::core::util::anttask::MarkupToDitaTask,15,2,1,14,210,0,9,0,227.0,21.0,12,8,2,0.0,19,129.0,46.0,0,0,0,0,0,0,aeeem,org::eclipse::mylyn::wikitext::core::util::anttask::MarkupToDitaTask,68.0,7,1,2,19.4286,106.0,38.0,0,100.0,15.1429,33.0,5.42857,67.0,9.71429,0.896226,3,3,0,0,0,0.0,0.0,0.0,0.0,0.0,True
aeeem,org::eclipse::mylyn::internal::ide::ui::actions::FocusProblemsListAction,0,3,0,0,0,0,0,8,3.0,1.0,29,0,0,0.0,1,1.0,1.0,0,0,0,0,0,0,aeeem,org::eclipse::mylyn::internal::ide::ui::actions::FocusProblemsListAction,-72.0,18,2,0,94.2857,68.0,140.0,1,35.0,3.77778,65.0,7.77778,35.0,-4.0,30.916,12,6,1,0,9,11.771,0.0405741,0.197753,9.44456,0.377521,True
aeeem,org::eclipse::mylyn::internal::jira::core::service::JiraRemoteException,0,2,0,0,0,1,1,0,3.0,1.0,26,1,0,0.0,1,1.0,1.0,0,0,0,0,0,0,aeeem,org::eclipse::mylyn::internal::jira::core::service::JiraRemoteException,1.0,7,2,0,97.8571,44.0,43.0,0,37.0,6.28571,37.0,6.14286,37.0,0.142857,8.2013,4,3,0,0,2,5.9125,0.00735465,0.148683,9.20801,0.189885,True
aeeem,org::eclipse::mylyn::internal::java::tasks::NewTaskFromJunitResultViewAction,2,1,0,2,3,0,3,0,43.0,3.0,9,2,0,0.0,3,12.0,5.0,0,0,0,0,0,0,aeeem,org::eclipse::mylyn::internal::java::tasks::NewTaskFromJunitResultViewAction,6.0,4,1,0,47.5714,17.0,11.0,0,9.0,4.25,6.0,2.75,5.0,1.5,16.1513,4,1,0,0,2,3.00608,0.0029654,0.0331308,0.13617,0.132215,True
aeeem,org::eclipse::mylyn::internal::wikitext::mediawiki::core::phrase::SimplePhraseModifier,1,3,1,0,0,0,0,1,3.0,1.0,28,0,0,0.0,1,1.0,1.0,0,0,0,0,0,0,aeeem,org::eclipse::mylyn::internal::wikitext::mediawiki::core::phrase::SimplePhraseModifier,0.0,2,1,0,32.7143,8.0,8.0,0,8.0,4.0,8.0,4.0,0.0,0.0,1.71429,2,2,0,0,0,1.49003,0.00272759,0.0435179,0.121386,0.116244,True
aeeem,org::eclipse::mylyn::internal::ide::ant::AntContextLabelProvider,3,2,0,3,6,0,1,0,13.0,4.0,17,0,0,0.0,0,8.0,4.0,0,0,0,0,0,0,aeeem,org::eclipse::mylyn::internal::ide::ant::AntContextLabelProvider,1.0,9,2,1,92.4286,20.0,19.0,0,5.0,2.22222,4.0,2.11111,3.0,0.111111,33.7214,7,2,0,0,4,6.11627,0.00255747,0.166841,9.25218,0.284954,True
aeeem,org::eclipse::mylyn::internal::sandbox::ui::planner::TaskActivitySorter,6,1,1,5,28,1,8,0,54.0,8.0,0,1,0,0.0,2,26.0,17.0,0,0,0,0,0,0,aeeem,org::eclipse::mylyn::internal::sandbox::ui::planner::TaskActivitySorter,11.0,5,2,0,46.0,29.0,18.0,0,11.0,5.8,9.0,3.6,6.0,2.2,12.931,5,2,0,0,3,4.17741,0.00236768,0.160399,9.19476,0.270741,True
aeeem,org::eclipse::mylyn::internal::wikitext::tasks::ui::editor::MediaWikiMarkupTaskEditorExtension,1,3,0,1,0,0,0,1,3.0,1.0,21,0,0,0.0,1,3.0,1.0,0,0,0,0,0,0,aeeem,org::eclipse::mylyn::internal::wikitext::tasks::ui::editor::MediaWikiMarkupTaskEditorExtension,0.0,2,1,0,14.7143,2.0,2.0,0,2.0,1.0,2.0,1.0,0.0,0.0,7.57143,2,1,0,0,0,0.0,0.0,0.0,0.0,0.0,True
aeeem,org::eclipse::mylyn::internal::java::ui::editor::MylarJavaElementDescriptor,1,1,0,1,10,0,3,0,34.0,5.0,0,3,1,0.0,2,13.0,8.0,0,0,0,0,0,0,aeeem,org::eclipse::mylyn::internal::java::ui::editor::MylarJavaElementDescriptor,0.0,4,1,0,164.0,0.0,0.0,1,0.0,0.0,0.0,0.0,0.0,0.0,0.0,1,1,0,0,1,0.0,0.0,0.0,0.0,0.0,True
aeeem,org::eclipse::mylyn::internal::sandbox::ui::EclipseTaskRepositoryLinkProvider,4,2,1,3,1,0,0,0,12.0,2.0,16,0,1,0.0,1,7.0,3.0,0,0,0,0,0,0,aeeem,org::eclipse::mylyn::internal::sandbox::ui::EclipseTaskRepositoryLinkProvider,13.0,3,1,0,19.8571,15.0,2.0,0,10.0,5.0,2.0,0.666667,8.0,4.33333,10.4286,1,0,0,0,0,0.0,0.0,0.0,0.0,0.0,True
aeeem,org::eclipse::mylyn::tasks::core::TaskActivityAdapter,2,1,2,0,3,0,0,0,4.0,3.0,11,0,0,0.0,3,3.0,2.0,0,0,0,0,0,0,aeeem,org::eclipse::mylyn::tasks::core::TaskActivityAdapter,-9.0,7,3,0,48.5714,28.0,37.0,1,12.0,4.0,14.0,5.28571,8.0,-1.28571,6.7602,6,4,0,0,5,5.57512,0.0035131,0.171606,9.25013,0.315092,True
aeeem,org::eclipse::mylyn::internal::trac::ui::wizard::TracFilterQueryPage,9,3,0,9,78,0,7,0,164.0,13.0,14,7,7,0.0,6,64.0,23.0,0,0,0,0,0,0,aeeem,org::eclipse::mylyn::internal::trac::ui::wizard::TracFilterQueryPage,5.0,7,2,0,39.5714,33.0,28.0,0,22.0,4.71429,22.0,4.0,3.0,0.714286,20.8268,5,2,0,0,2,4.0537,0.0022179,0.16462,9.19955,0.285007,True
aeeem,org::eclipse::mylyn::commons::core::StatusHandler,229,1,223,7,10,0,1,0,39.0,5.0,9,1,3,0.0,2,28.0,11.0,0,0,0,0,0,0,aeeem,org::eclipse::mylyn::commons::core::StatusHandler,-101.0,7,2,0,46.0,61.0,162.0,0,32.0,8.71429,132.0,23.1429,26.0,-14.4286,5.14754,7,1,0,0,4,6.31013,0.0168402,0.1853,9.29392,0.368531,True
aeeem,org::eclipse::mylyn::internal::bugzilla::ui::editor::BugzillaVotesEditor,3,2,0,3,21,0,5,0,57.0,7.0,32,5,0,0.0,6,23.0,7.0,0,0,0,0,0,0,aeeem,org::eclipse::mylyn::internal::bugzilla::ui::editor::BugzillaVotesEditor,20.0,4,2,0,39.5714,24.0,4.0,0,17.0,6.0,3.0,1.0,17.0,5.0,5.4881,3,1,0,0,3,3.37801,0.00247627,0.154967,9.16485,0.247924,True
aeeem,org::eclipse::mylyn::internal::trac::wiki::TracWikiPlugin,1,1,1,0,6,0,2,0,13.0,4.0,0,1,0,0.0,4,6.0,4.0,0,0,0,0,0,0,aeeem,org::eclipse::mylyn::internal::trac::wiki::TracWikiPlugin,4.0,4,2,0,81.8571,7.0,3.0,0,5.0,1.75,1.0,0.75,4.0,1.0,55.9184,3,2,0,0,2,3.37801,0.0013182,0.154967,9.16485,0.247924,True
aeeem,org::eclipse::mylyn::internal::jira::ui::wizards::JiraRepositorySettingsPage,13,4,1,12,45,0,16,25,292.0,10.0,78,16,1,0.0,4,93.0,23.0,0,0,0,0,0,0,aeeem,org::eclipse::mylyn::internal::jira::ui::wizards::JiraRepositorySettingsPage,495.0,60,3,0,161.571,847.0,352.0,1,125.0,14.1167,39.0,5.86667,125.0,8.25,88.6102,44,26,6,4,22,30.0505,0.329234,0.305031,10.0573,0.640271,True
aeeem,org::eclipse::mylyn::tasks::core::AbstractQueryHit,3,1,1,2,325,1,9,0,109.0,26.0,19,3,0,0.0,24,41.0,32.0,0,0,0,0,0,0,aeeem,org::eclipse::mylyn::tasks::core::AbstractQueryHit,108.0,23,2,1,139.714,191.0,83.0,0,66.0,8.30435,30.0,3.6087,36.0,4.69565,17.9963,17,6,1,0,11,12.2615,0.103275,0.0284335,0.325269,0.0201929,True
aeeem,org::eclipse::mylyn::internal::java::ui::actions::FocusBrowsingPerspectiveAction,5,2,0,5,10,0,4,8,71.0,5.0,25,4,1,0.0,4,33.0,13.0,0,0,0,0,0,0,aeeem,org::eclipse::mylyn::internal::java::ui::actions::FocusBrowsingPerspectiveAction,5.0,17,2,0,119.0,178.0,173.0,2,124.0,10.4706,124.0,10.1765,124.0,0.294118,19.4053,12,3,0,0,9,11.6905,0.117052,0.184391,9.41291,0.318632,True
aeeem,org::eclipse::mylyn::internal::wikitext::twiki::core::block::DefinitionListBlock,5,3,1,4,6,0,3,4,40.0,4.0,43,3,0,0.0,3,20.0,8.0,0,0,0,0,0,0,aeeem,org::eclipse::mylyn::internal::wikitext::twiki::core::block::DefinitionListBlock,0.0,3,1,0,23.8571,3.0,3.0,0,2.0,1.0,2.0,1.0,0.0,0.0,1.33333,3,2,0,0,0,0.891381,0.000294015,0.0891381,8.95641,0.0891381,True
aeeem,org::eclipse::mylyn::internal::jira::core::wsdl::beans::RemoteProjectRoleActors,2,2,0,2,28,0,4,0,49.0,8.0,39,4,0,0.0,8,17.0,18.0,0,0,0,0,0,0,aeeem,org::eclipse::mylyn::internal::jira::core::wsdl::beans::RemoteProjectRoleActors,-9.0,9,2,0,110.714,140.0,149.0,0,105.0,15.5556,114.0,16.5556,7.0,-1.0,25.8367,7,4,1,1,5,5.94514,0.0106213,0.153982,9.22122,0.218565,True
aeeem,org::eclipse::mylyn::internal::monitor::reports::ui::actions::EclipseUsageSummaryAction,4,1,1,3,6,0,1,0,68.0,4.0,9,0,0,1.0,4,21.0,9.0,0,0,0,0,0,0,aeeem,org::eclipse::mylyn::internal::monitor::reports::ui::actions::EclipseUsageSummaryAction,24.0,22,2,0,153.143,138.0,114.0,3,31.0,6.27273,23.0,5.18182,8.0,1.09091,58.3996,13,4,0,0,9,15.8896,0.042207,0.194095,9.52404,0.326026,True
aeeem,org::eclipse::mylyn::zest::core::viewers::internal::GraphModelFactory,7,2,1,6,10,0,1,0,96.0,5.0,45,0,1,1.0,3,53.0,27.0,0,0,0,0,0,0,aeeem,org::eclipse::mylyn::zest::core::viewers::internal::GraphModelFactory,3.0,4,1,0,103.714,29.0,26.0,1,17.0,7.25,14.0,6.5,3.0,0.75,3.29557,0,0,0,0,0,2.91015,0.00691094,0.00780593,0.0803861,0.00789221,True
aeeem,org::eclipse::mylyn::internal::commons::ui::CompositeElementImageDescriptor,1,1,1,0,6,0,6,0,29.0,4.0,0,3,1,0.0,1,11.0,8.0,0,0,0,0,0,0,aeeem,org::eclipse::mylyn::internal::commons::ui::CompositeElementImageDescriptor,3.0,2,1,0,45.8571,4.0,1.0,0,4.0,2.0,1.0,0.5,3.0,1.5,19.2857,2,0,0,0,2,1.84703,0.000948744,0.136921,9.09329,0.175609,True
aeeem,org::eclipse::mylyn::internal::commons::net::TimeoutInputStream,5,1,0,5,91,0,11,1,205.0,14.0,26,11,8,0.0,6,49.0,43.0,0,0,0,0,0,0,aeeem,org::eclipse::mylyn::internal::commons::net::TimeoutInputStream,0.0,2,1,0,45.8571,0.0,0.0,0,0.0,0.0,0.0,0.0,0.0,0.0,0.0,1,0,0,0,1,0.0,0.0,0.0,0.0,0.0,True
aeeem,org::eclipse::mylyn::wikitext::core::WikiText,9,1,8,1,21,0,1,0,20.0,7.0,9,0,1,0.0,6,19.0,7.0,0,0,0,0,0,0,aeeem,org::eclipse::mylyn::wikitext::core::WikiText,8.0,4,1,1,9.57143,9.0,1.0,0,5.0,2.25,1.0,0.25,5.0,2.0,0.492063,2,1,0,0,0,0.0,0.0,0.0,0.0,0.0,True
aeeem,org::eclipse::mylyn::internal::tasks::ui::wizards::NewTaskWizard,0,2,0,0,0,0,0,0,3.0,1.0,5,0,0,0.0,1,1.0,1.0,1,1,0,0,0,1,aeeem,org::eclipse::mylyn::internal::tasks::ui::wizards::NewTaskWizard,10.0,14,3,0,91.8571,46.0,36.0,0,13.0,3.28571,15.0,2.57143,11.0,0.714286,37.4193,12,6,2,1,7,10.053,0.014347,0.189993,9.39003,0.36028,True
aeeem,org::eclipse::mylyn::wikitext::core::validation::ValidationProblem,17,1,15,2,78,0,6,0,77.0,13.0,9,5,0,0.0,13,28.0,24.0,0,0,0,0,0,0,aeeem,org::eclipse::mylyn::wikitext::core::validation::ValidationProblem,38.0,7,2,1,32.7143,55.0,17.0,0,30.0,7.85714,12.0,2.42857,29.0,5.42857,8.82078,6,4,0,0,0,2.38141,0.00688143,0.132656,9.07779,0.205382,True
aeeem,org::eclipse::mylyn::internal::jira::core::wsdl::beans::RemotePermissionScheme,6,2,1,5,28,0,4,0,55.0,8.0,41,4,0,0.0,8,22.0,21.0,0,0,0,0,0,0,aeeem,org::eclipse::mylyn::internal::jira::core::wsdl::beans::RemotePermissionScheme,-12.0,9,2,0,110.714,144.0,156.0,0,112.0,16.0,124.0,17.3333,7.0,-1.33333,25.7411,7,4,1,1,5,5.94514,0.0110234,0.153982,9.22122,0.218565,True
aeeem,org::eclipse::mylyn::internal::tasks::ui::actions::ShowTasksUiLegendAction,2,1,0,2,6,0,1,0,21.0,4.0,9,1,0,0.0,4,10.0,5.0,1,1,0,0,0,1,aeeem,org::eclipse::mylyn::internal::tasks::ui::actions::ShowTasksUiLegendAction,3.0,3,2,0,39.5714,5.0,2.0,0,4.0,1.66667,1.0,0.666667,3.0,1.0,16.5143,2,1,0,0,2,1.84703,0.000948744,0.136921,9.09329,0.175609,True
aeeem,org::eclipse::mylyn::internal::bugzilla::ui::wizard::AbstractBugzillaReportWizard,0,1,0,0,15,0,5,0,18.0,6.0,0,1,0,0.0,4,10.0,4.0,0,0,0,0,0,0,aeeem,org::eclipse::mylyn::internal::bugzilla::ui::wizard::AbstractBugzillaReportWizard,-17.0,11,2,0,147.857,182.0,199.0,0,161.0,16.5455,183.0,18.0909,5.0,-1.54545,3.8752,5,2,1,0,3,2.59751,0.197103,0.00422943,0.0630785,0.000620193,True
aeeem,org::eclipse::mylyn::internal::tasks::ui::TaskActivityMonitor,15,1,5,11,21,0,5,0,71.0,7.0,9,5,0,0.0,6,59.0,21.0,0,0,0,0,0,0,aeeem,org::eclipse::mylyn::internal::tasks::ui::TaskActivityMonitor,41.0,21,3,0,50.0,180.0,139.0,1,38.0,8.57143,31.0,6.61905,33.0,1.95238,8.53333,17,9,0,0,8,8.4865,0.0202482,0.234097,9.44205,0.505447,True
aeeem,org::eclipse::mylyn::internal::monitor::usage::wizards::NewUsageSummaryEditorWizard,5,1,1,4,6,0,2,0,34.0,4.0,0,2,0,0.0,4,18.0,8.0,0,0,0,0,0,0,aeeem,org::eclipse::mylyn::internal::monitor::usage::wizards::NewUsageSummaryEditorWizard,-40.0,11,2,0,109.857,53.0,93.0,1,17.0,4.81818,39.0,8.45454,3.0,-3.63636,18.2237,7,3,0,0,5,8.02848,0.0180391,0.158793,9.27665,0.220842,True
aeeem,org::eclipse::mylyn::internal::bugzilla::ui::action::Messages,0,1,0,0,0,0,7,0,3.0,1.0,0,1,0,6.0,1,2.0,1.0,0,0,0,0,0,0,aeeem,org::eclipse::mylyn::internal::bugzilla::ui::action::Messages,8.0,2,1,0,13.0,20.0,12.0,0,20.0,10.0,12.0,6.0,8.0,4.0,0.428571,2,1,0,0,2,0.0,0.0,0.0,0.0,0.0,True
aeeem,org::eclipse::mylyn::wikitext::core::parser::builder::AbstractXmlDocumentBuilder,12,2,8,4,36,4,4,1,51.0,9.0,27,1,0,0.0,6,21.0,20.0,0,0,0,0,0,0,aeeem,org::eclipse::mylyn::wikitext::core::parser::builder::AbstractXmlDocumentBuilder,3.0,3,2,0,32.7143,22.0,19.0,0,19.0,7.33333,16.0,6.33333,3.0,1.0,3.23377,3,3,0,0,0,1.49003,0.0059666,0.0435179,0.121386,0.116244,True
aeeem,org::eclipse::mylyn::internal::tasks::ui::actions::OpenRepositoryTaskAction,9,1,2,7,21,0,1,0,64.0,7.0,0,1,2,0.0,5,33.0,12.0,0,0,0,0,0,0,aeeem,org::eclipse::mylyn::internal::tasks::ui::actions::OpenRepositoryTaskAction,0.0,1,1,0,14.2857,0.0,0.0,0,0.0,0.0,0.0,0.0,0.0,0.0,0.0,1,0,0,0,0,0.0,0.0,0.0,0.0,0.0,True
aeeem,org::eclipse::mylyn::internal::sandbox::dev::properties::MylynPropertiesSourceAdapterFactory,5,1,1,4,3,0,0,0,18.0,3.0,18,0,0,0.0,3,7.0,10.0,0,0,0,0,0,0,aeeem,org::eclipse::mylyn::internal::sandbox::dev::properties::MylynPropertiesSourceAdapterFactory,13.0,6,2,0,70.7143,34.0,21.0,0,13.0,5.66667,10.0,3.5,8.0,2.16667,24.1176,4,1,0,0,2,4.78404,0.0109832,0.157865,9.20375,0.251703,True
aeeem,org::eclipse::mylyn::internal::monitor::reports::preferences::UiUsageReportsPreferencePage,3,1,0,3,21,0,2,0,71.0,7.0,0,2,2,0.0,4,27.0,9.0,0,0,0,0,0,0,aeeem,org::eclipse::mylyn::internal::monitor::reports::preferences::UiUsageReportsPreferencePage,2.0,6,2,0,92.5714,10.0,8.0,0,5.0,1.66667,4.0,1.33333,4.0,0.333333,53.6429,4,1,0,0,3,5.86159,0.00166858,0.160418,9.23351,0.255391,True
aeeem,org::eclipse::mylyn::internal::tasks::ui::views::TaskTableLabelProvider,1,1,1,0,21,0,1,0,47.0,7.0,0,1,0,0.0,7,12.0,15.0,0,0,0,0,0,0,aeeem,org::eclipse::mylyn::internal::tasks::ui::views::TaskTableLabelProvider,-10.0,16,3,0,94.8571,55.0,65.0,1,10.0,3.4375,10.0,4.0625,1.0,-0.625,28.5247,12,5,0,0,8,9.06586,0.00916517,0.185286,9.35729,0.346956,True
aeeem,org::eclipse::mylyn::wikitext::core::parser::markup::token::LiteralReplacementTokenProcessor,3,3,1,2,1,0,1,7,6.0,2.0,39,1,0,0.0,2,4.0,2.0,0,0,0,0,0,0,aeeem,org::eclipse::mylyn::wikitext::core::parser::markup::token::LiteralReplacementTokenProcessor,3.0,5,2,1,32.7143,7.0,4.0,0,3.0,1.4,2.0,0.8,2.0,0.6,16.7143,3,3,0,0,0,1.49003,0.000681897,0.0435179,0.121386,0.116244,True
aeeem,org::eclipse::mylyn::internal::xplanner::core::XPlannerClientManager,16,1,2,14,105,0,3,0,173.0,15.0,9,3,3,0.0,10,103.0,30.0,0,0,0,0,0,0,aeeem,org::eclipse::mylyn::internal::xplanner::core::XPlannerClientManager,0.0,1,1,0,6.42857,0.0,0.0,0,0.0,0.0,0.0,0.0,0.0,0.0,0.0,1,1,1,0,1,0.0,0.0,0.0,0.0,0.0,True
aeeem,org::eclipse::mylyn::internal::wikitext::confluence::validation::ConfluenceReferenceValidationRule,1,3,0,1,0,0,0,0,3.0,1.0,14,0,0,0.0,0,2.0,1.0,0,0,0,0,0,0,aeeem,org::eclipse::mylyn::internal::wikitext::confluence::validation::ConfluenceReferenceValidationRule,0.0,1,1,0,16.4286,0.0,0.0,0,0.0,0.0,0.0,0.0,0.0,0.0,0.0,1,0,0,0,0,0.0,0.0,0.0,0.0,0.0,True
aeeem,org::eclipse::mylyn::zest::layouts::exampleStructures::SimpleFilter,0,1,0,0,0,0,0,0,3.0,1.0,10,0,0,0.0,1,1.0,1.0,0,0,0,0,0,0,aeeem,org::eclipse::mylyn::zest::layouts::exampleStructures::SimpleFilter,0.0,2,2,0,184.857,2.0,2.0,0,2.0,1.0,2.0,1.0,0.0,0.0,92.7143,0,0,0,0,0,1.45219,0.000271435,0.00420507,0.0409958,0.00508017,True
aeeem,org::eclipse::mylyn::internal::trac::core::model::TracTicketResolution,3,2,3,0,0,0,1,0,3.0,1.0,23,1,0,0.0,1,1.0,1.0,0,0,0,0,0,0,aeeem,org::eclipse::mylyn::internal::trac::core::model::TracTicketResolution,3.0,6,2,0,133.0,8.0,5.0,0,4.0,1.33333,1.0,0.833333,3.0,0.5,92.7143,3,1,0,0,3,4.58293,0.00176257,0.145075,9.17116,0.186189,True
aeeem,org::eclipse::mylyn::commons::net::WebLocation,7,2,5,2,6,0,2,0,15.0,4.0,15,2,0,0.0,4,8.0,5.0,0,0,0,0,0,0,aeeem,org::eclipse::mylyn::commons::net::WebLocation,3.0,2,1,0,45.8571,4.0,1.0,0,4.0,2.0,1.0,0.5,3.0,1.5,19.2857,2,0,0,0,2,1.84703,0.000948744,0.136921,9.09329,0.175609,True
aeeem,org::eclipse::mylyn::internal::xplanner::ui::XPlannerImages,4,1,1,3,10,0,13,0,34.0,5.0,9,3,4,0.0,1,18.0,8.0,1,1,0,0,0,1,aeeem,org::eclipse::mylyn::internal::xplanner::ui::XPlannerImages,0.0,1,1,0,6.42857,0.0,0.0,0,0.0,0.0,0.0,0.0,0.0,0.0,0.0,1,1,1,0,1,0.0,0.0,0.0,0.0,0.0,True
aeeem,org::eclipse::mylyn::internal::jira::ui::editor::DateTimeAttributeEditor,7,2,1,6,10,0,2,0,42.0,5.0,32,2,0,0.0,4,27.0,6.0,0,0,0,0,0,0,aeeem,org::eclipse::mylyn::internal::jira::ui::editor::DateTimeAttributeEditor,4.0,4,2,0,35.1429,7.0,3.0,0,5.0,1.75,1.0,0.75,4.0,1.0,14.4898,3,1,0,0,2,1.84703,0.00113849,0.136921,9.09329,0.175609,True
aeeem,org::eclipse::mylyn::internal::tasks::ui::wizards::NewAttachmentWizardDialog,3,1,2,1,1,0,1,0,20.0,2.0,0,1,0,0.0,1,8.0,4.0,0,0,0,0,0,0,aeeem,org::eclipse::mylyn::internal::tasks::ui::wizards::NewAttachmentWizardDialog,10.0,17,3,0,139.571,29.0,19.0,0,6.0,1.70588,4.0,1.11765,4.0,0.588235,78.4433,13,5,1,1,8,14.1427,0.00840272,0.206276,9.51268,0.394154,True
aeeem,org::eclipse::mylyn::zest::core::viewers::internal::SharedMessages,0,1,0,0,0,0,3,0,0.0,0.0,9,0,0,3.0,0,0.0,0.0,0,0,0,0,0,0,aeeem,org::eclipse::mylyn::zest::core::viewers::internal::SharedMessages,0.0,2,1,0,103.714,1.0,1.0,1,1.0,0.5,1.0,0.5,0.0,0.0,11.5714,0,0,0,0,0,1.45219,0.000135718,0.00420507,0.0409958,0.00508017,True
aeeem,org::eclipse::mylyn::wikitext::core::parser::markup::IdGenerationStrategy,1,1,1,0,0,2,0,0,0.0,1.0,9,0,0,0.0,1,1.0,0.0,0,0,0,0,0,0,aeeem,org::eclipse::mylyn::wikitext::core::parser::markup::IdGenerationStrategy,0.0,2,1,1,9.85714,1.0,1.0,0,1.0,0.5,1.0,0.5,0.0,0.0,1.14286,1,1,0,0,0,0.0,0.0,0.0,0.0,0.0,True
aeeem,org::eclipse::mylyn::internal::tasks::ui::views::TaskListContentProvider,18,2,7,11,78,3,0,1,140.0,13.0,10,0,4,0.0,7,66.0,35.0,1,0,1,0,1,1,aeeem,org::eclipse::mylyn::internal::tasks::ui::views::TaskListContentProvider,32.0,77,3,0,139.571,866.0,834.0,0,82.0,11.2468,92.0,10.8312,74.0,0.415584,51.7072,47,21,3,1,26,27.6351,0.261072,0.25079,9.90384,0.485868,True
aeeem,org::eclipse::mylyn::internal::tasks::ui::actions::Messages,0,1,0,0,0,0,116,0,3.0,1.0,0,1,0,115.0,1,2.0,1.0,1,1,0,0,0,1,aeeem,org::eclipse::mylyn::internal::tasks::ui::actions::Messages,-50.0,10,2,1,14.2857,31.0,81.0,0,12.0,3.1,40.0,8.1,8.0,-5.0,7.68203,7,2,0,0,1,0.0,0.0,0.0,0.0,0.0,True
aeeem,org::eclipse::mylyn::internal::provisional::commons::ui::CommonImages,53,1,46,7,36,0,81,0,121.0,9.0,9,9,3,0.0,6,54.0,26.0,2,2,0,0,1,1,aeeem,org::eclipse::mylyn::internal::provisional::commons::ui::CommonImages,24.0,11,2,0,45.8571,117.0,93.0,0,89.0,10.6364,89.0,8.45454,6.0,2.18182,25.2625,9,2,0,0,4,8.12841,0.00371035,0.223468,9.41053,0.492004,True
aeeem,org::eclipse::mylyn::internal::tasks::ui::util::TasksUiMenus,0,1,0,0,1,0,5,0,95.0,2.0,9,5,1,0.0,1,8.0,7.0,0,0,0,0,0,0,aeeem,org::eclipse::mylyn::internal::tasks::ui::util::TasksUiMenus,118.0,6,2,0,41.0,327.0,209.0,0,183.0,54.5,182.0,34.8333,183.0,19.6667,2.34076,6,3,0,0,2,3.37801,0.0445281,0.154967,9.16485,0.247924,True
aeeem,org::eclipse::mylyn::zest::layouts::algorithms::AbstractLayoutAlgorithm,25,1,7,18,1176,6,23,0,569.0,49.0,27,15,13,0.0,19,293.0,116.0,0,0,0,0,0,0,aeeem,org::eclipse::mylyn::zest::layouts::algorithms::AbstractLayoutAlgorithm,145.0,22,3,6,184.857,830.0,685.0,3,456.0,37.7273,523.0,31.1364,80.0,6.59091,65.3759,7,7,1,0,0,14.8451,1.09624,0.0275049,0.370444,0.012589,True
aeeem,org::eclipse::mylyn::tasks::ui::TasksUiUtil,53,1,29,26,105,0,1,0,253.0,15.0,9,0,4,0.0,11,132.0,57.0,0,0,0,0,0,0,aeeem,org::eclipse::mylyn::tasks::ui::TasksUiUtil,169.0,148,3,4,118.714,2169.0,2000.0,4,424.0,14.6554,391.0,13.5135,128.0,1.14189,49.7209,88,41,4,2,47,29.4262,0.392299,0.304275,10.0552,0.679492,True
aeeem,org::eclipse::mylyn::internal::sandbox::ui::views::TaskActivityView,13,1,0,13,210,0,19,0,316.0,21.0,0,16,12,0.0,9,94.0,37.0,0,0,0,0,0,0,aeeem,org::eclipse::mylyn::internal::sandbox::ui::views::TaskActivityView,-24.0,22,3,0,48.8571,115.0,139.0,2,40.0,5.22727,55.0,6.31818,3.0,-1.09091,4.62112,15,7,0,0,8,5.57512,0.0114506,0.171606,9.25013,0.315092,True
aeeem,org::eclipse::mylyn::internal::tasks::ui::util::TaskListSaveManager,8,1,1,8,105,0,6,0,164.0,15.0,9,5,2,0.0,13,85.0,32.0,0,0,0,0,0,0,aeeem,org::eclipse::mylyn::internal::tasks::ui::util::TaskListSaveManager,138.0,40,3,0,139.571,438.0,300.0,3,120.0,10.95,43.0,7.5,104.0,3.45,42.8969,27,12,3,0,18,15.5471,0.137502,0.0604689,0.470136,0.152208,True
aeeem,org::eclipse::mylyn::internal::context::ui::actions::ToggleDecorateInterestLevelAction,1,1,0,1,3,0,2,0,18.0,3.0,0,0,1,0.0,2,11.0,4.0,0,0,0,0,0,0,aeeem,org::eclipse::mylyn::internal::context::ui::actions::ToggleDecorateInterestLevelAction,-3.0,14,2,0,139.714,32.0,35.0,0,6.0,2.28571,6.0,2.5,3.0,-0.214286,63.1562,10,5,1,1,7,11.6328,0.00806725,0.184725,9.41034,0.322628,True
aeeem,org::eclipse::mylyn::tasks::ui::TaskListDataMigration,6,1,0,6,21,0,1,0,184.0,7.0,9,1,0,0.0,7,97.0,32.0,0,0,0,0,0,0,aeeem,org::eclipse::mylyn::tasks::ui::TaskListDataMigration,2.0,6,2,0,130.571,7.0,5.0,0,3.0,1.16667,2.0,0.833333,1.0,0.333333,7.79592,4,3,0,0,1,3.95726,0.00583946,0.00794027,0.10122,0.00304734,True
aeeem,org::eclipse::mylyn::internal::tasks::core::AbstractTaskContainer,80,2,75,5,153,6,3,0,87.0,18.0,33,3,1,0.0,17,47.0,26.0,0,0,0,0,0,0,aeeem,org::eclipse::mylyn::internal::tasks::core::AbstractTaskContainer,-7.0,12,3,0,45.1429,28.0,35.0,1,12.0,2.33333,13.0,2.91667,4.0,-0.583333,8.45408,7,3,0,0,3,4.17741,0.00301179,0.160399,9.19476,0.270741,True
aeeem,org::eclipse::mylyn::internal::tasks::ui::commands::ViewSourceHandler,1,1,0,1,21,0,3,0,46.0,7.0,0,2,1,0.0,6,19.0,14.0,0,0,0,0,0,0,aeeem,org::eclipse::mylyn::internal::tasks::ui::commands::ViewSourceHandler,-1.0,3,1,0,21.5714,1.0,2.0,0,1.0,0.333333,1.0,0.666667,0.0,-0.333333,7.0,3,1,0,0,1,0.0,0.0,0.0,0.0,0.0,True
aeeem,org::eclipse::mylyn::context::core::AbstractContextListener,1,1,1,0,28,17,0,0,16.0,8.0,9,0,0,0.0,8,8.0,8.0,0,0,0,0,0,0,aeeem,org::eclipse::mylyn::context::core::AbstractContextListener,9.0,5,1,0,44.0,32.0,23.0,0,23.0,6.4,14.0,4.6,9.0,1.8,4.66071,4,1,0,0,2,4.92306,0.00420458,0.169719,9.2306,0.307768,True
aeeem,org::eclipse::mylyn::internal::sandbox::ui::planner::RemoveTaskAction,2,1,1,1,1,0,2,0,15.0,2.0,0,1,0,0.0,2,6.0,3.0,0,0,0,0,0,0,aeeem,org::eclipse::mylyn::internal::sandbox::ui::planner::RemoveTaskAction,3.0,5,2,0,46.0,9.0,6.0,0,4.0,1.8,3.0,1.2,3.0,0.6,13.0476,4,1,0,0,3,4.10346,0.00134153,0.157601,9.18766,0.259133,True
aeeem,org::eclipse::mylyn::zest::layouts::dataStructures::DisplayIndependentDimension,0,1,0,0,1,0,2,0,7.0,2.0,9,0,0,2.0,2,2.0,2.0,0,0,0,0,0,0,aeeem,org::eclipse::mylyn::zest::layouts::dataStructures::DisplayIndependentDimension,0.0,2,2,0,184.857,1.0,1.0,0,1.0,0.5,1.0,0.5,0.0,0.0,92.7143,0,0,0,0,0,1.45219,0.000135718,0.00420507,0.0409958,0.00508017,True
aeeem,org::eclipse::mylyn::internal::wikitext::ui::editor::operations::AbstractDocumentCommand,4,1,3,1,10,1,1,0,24.0,5.0,9,0,0,0.0,3,14.0,5.0,0,0,0,0,0,0,aeeem,org::eclipse::mylyn::internal::wikitext::ui::editor::operations::AbstractDocumentCommand,0.0,1,1,0,7.71429,0.0,0.0,0,0.0,0.0,0.0,0.0,0.0,0.0,0.0,1,1,0,0,0,0.0,0.0,0.0,0.0,0.0,True
aeeem,org::eclipse::mylyn::internal::provisional::commons::ui::DelayedRefreshJob,6,1,2,4,21,3,6,0,47.0,7.0,0,3,0,0.0,6,25.0,11.0,0,0,0,0,0,0,aeeem,org::eclipse::mylyn::internal::provisional::commons::ui::DelayedRefreshJob,-17.0,11,3,0,44.0,68.0,85.0,0,40.0,6.18182,41.0,7.72727,18.0,-1.54545,2.21639,7,5,0,0,4,4.92306,0.0104723,0.169719,9.2306,0.307768,True
aeeem,org::eclipse::mylyn::internal::jira::core::wsdl::soap::RemoteAuthenticationException,1,2,0,1,21,0,3,0,40.0,7.0,25,3,0,0.0,7,12.0,12.0,0,0,0,0,0,0,aeeem,org::eclipse::mylyn::internal::jira::core::wsdl::soap::RemoteAuthenticationException,-1.0,9,2,0,110.714,106.0,107.0,0,76.0,11.7778,77.0,11.8889,7.0,-0.111111,27.686,7,4,1,1,5,5.94514,0.00808474,0.153982,9.22122,0.218565,True
aeeem,org::eclipse::mylyn::zest::tests::swt::GraphSnippet5,2,1,0,2,0,0,2,0,85.0,1.0,9,0,0,0.0,1,11.0,3.0,0,0,0,0,0,0,aeeem,org::eclipse::mylyn::zest::tests::swt::GraphSnippet5,0.0,1,1,0,80.8571,0.0,0.0,0,0.0,0.0,0.0,0.0,0.0,0.0,0.0,1,1,0,0,0,0.0,0.0,0.0,0.0,0.0,True
aeeem,org::eclipse::mylyn::internal::wikitext::tasks::ui::editor::ConfluenceMarkupTaskEditorExtension,1,3,0,1,0,0,0,1,3.0,1.0,21,0,0,0.0,1,3.0,1.0,0,0,0,0,0,0,aeeem,org::eclipse::mylyn::internal::wikitext::tasks::ui::editor::ConfluenceMarkupTaskEditorExtension,0.0,2,1,0,14.7143,2.0,2.0,0,2.0,1.0,2.0,1.0,0.0,0.0,7.57143,2,1,0,0,0,0.0,0.0,0.0,0.0,0.0,True
aeeem,org::eclipse::mylyn::zest::core::widgets::GraphContainer,6,3,2,5,6,0,14,13,12.0,4.0,75,13,0,1.0,4,25.0,3.0,0,0,0,0,0,0,aeeem,org::eclipse::mylyn::zest::core::widgets::GraphContainer,510.0,20,1,2,88.7143,757.0,247.0,0,170.0,37.85,67.0,12.35,140.0,25.5,2.4163,16,14,0,0,0,3.39585,0.171286,0.0112155,0.0995369,0.0182937,True
aeeem,org::eclipse::mylyn::internal::wikitext::ui::properties::ProjectPropertyPage,8,1,0,8,10,0,2,0,77.0,5.0,0,2,0,0.0,3,42.0,9.0,2,1,0,0,0,1,aeeem,org::eclipse::mylyn::internal::wikitext::ui::properties::ProjectPropertyPage,1.0,4,1,1,14.0,6.0,5.0,0,3.0,1.5,2.0,1.25,1.0,0.25,5.78571,3,1,0,0,0,0.0,0.0,0.0,0.0,0.0,True
aeeem,org::eclipse::mylyn::internal::monitor::monitors::SelectionMonitor,4,1,0,4,6,0,8,0,106.0,4.0,0,4,1,0.0,2,34.0,29.0,0,0,0,0,0,0,aeeem,org::eclipse::mylyn::internal::monitor::monitors::SelectionMonitor,34.0,8,2,0,164.0,54.0,20.0,1,17.0,6.75,6.0,2.5,12.0,4.25,5.42593,5,3,0,0,2,3.62109,0.111595,0.00539746,0.086085,0.000495467,True
aeeem,org::eclipse::mylyn::internal::java::ui::JavaStackTraceHyperlinkAdapter,2,1,0,2,6,0,0,0,105.0,4.0,0,0,3,0.0,1,32.0,18.0,0,0,0,0,0,0,aeeem,org::eclipse::mylyn::internal::java::ui::JavaStackTraceHyperlinkAdapter,288.0,5,2,0,145.143,288.0,0.0,0,144.0,57.6,0.0,0.0,144.0,57.6,0.0714286,3,2,0,0,1,1.3675,0.149431,0.00226032,0.0333307,0.000356632,True
aeeem,org::eclipse::mylyn::internal::sandbox::ui::views::ActiveViewDropAdapter,7,1,2,5,3,0,1,0,22.0,3.0,0,0,0,0.0,3,13.0,5.0,0,0,0,0,0,0,aeeem,org::eclipse::mylyn::internal::sandbox::ui::views::ActiveViewDropAdapter,3.0,3,2,0,42.7143,5.0,2.0,0,4.0,1.66667,1.0,0.666667,3.0,1.0,19.6571,2,1,0,0,2,1.84703,0.000948744,0.136921,9.09329,0.175609,True
aeeem,org::eclipse::mylyn::wikitext::core::parser::markup::MarkupLanguageConfiguration,11,1,6,5,153,0,7,0,77.0,18.0,18,7,0,0.0,17,39.0,18.0,0,0,0,0,0,0,aeeem,org::eclipse::mylyn::wikitext::core::parser::markup::MarkupLanguageConfiguration,21.0,2,1,0,6.0,25.0,4.0,0,25.0,12.5,4.0,2.0,21.0,10.5,0.0,2,1,0,0,1,0.0,0.0,0.0,0.0,0.0,True
aeeem,org::eclipse::mylyn::internal::context::ui::wizards::ContextAttachWizard,7,1,2,5,3,0,3,0,16.0,3.0,0,3,0,0.0,3,13.0,3.0,0,0,0,0,0,0,aeeem,org::eclipse::mylyn::internal::context::ui::wizards::ContextAttachWizard,3.0,11,2,0,50.2857,20.0,17.0,0,5.0,1.81818,5.0,1.54545,3.0,0.272727,12.5286,10,5,0,0,6,7.5628,0.00345249,0.200018,9.35224,0.423553,True
aeeem,org::eclipse::mylyn::internal::commons::ui::CompositeContainerImageDescriptor,1,1,1,0,6,0,3,0,28.0,4.0,0,2,1,0.0,1,11.0,8.0,0,0,0,0,0,0,aeeem,org::eclipse::mylyn::internal::commons::ui::CompositeContainerImageDescriptor,3.0,2,1,0,45.8571,4.0,1.0,0,4.0,2.0,1.0,0.5,3.0,1.5,19.2857,2,0,0,0,2,1.84703,0.000948744,0.136921,9.09329,0.175609,True
aeeem,org::eclipse::mylyn::internal::java::ui::JavaDeclarationsFilter,1,1,1,0,1,0,0,0,3.0,2.0,0,0,0,0.0,2,2.0,2.0,0,0,0,0,0,0,aeeem,org::eclipse::mylyn::internal::java::ui::JavaDeclarationsFilter,0.0,5,1,0,151.714,6.0,6.0,0,4.0,1.2,4.0,1.2,3.0,0.0,103.571,3,1,0,0,3,3.95974,0.00118276,0.143127,9.15318,0.183381,True
aeeem,org::eclipse::mylyn::internal::tasks::ui::util::TasksUiExtensionReader,17,1,2,16,55,0,41,0,293.0,11.0,9,2,9,0.0,2,146.0,41.0,1,0,0,0,0,1,aeeem,org::eclipse::mylyn::internal::tasks::ui::util::TasksUiExtensionReader,165.0,71,3,1,139.0,738.0,573.0,3,69.0,10.3944,63.0,8.07042,41.0,2.32394,58.7962,46,17,3,0,24,27.4251,0.253433,0.24676,9.88745,0.473803,True
aeeem,org::eclipse::mylyn::internal::xplanner::ui::wizard::NewXPlannerQueryWizard,11,1,2,9,10,0,3,0,55.0,5.0,0,3,0,0.0,5,27.0,11.0,0,0,0,0,0,0,aeeem,org::eclipse::mylyn::internal::xplanner::ui::wizard::NewXPlannerQueryWizard,0.0,1,1,0,6.42857,0.0,0.0,0,0.0,0.0,0.0,0.0,0.0,0.0,0.0,1,1,1,0,1,0.0,0.0,0.0,0.0,0.0,True
aeeem,org::eclipse::mylyn::internal::bugzilla::core::RepositoryConfiguration,30,1,19,12,861,0,17,0,462.0,42.0,18,17,2,0.0,40,292.0,120.0,2,1,0,0,1,1,aeeem,org::eclipse::mylyn::internal::bugzilla::core::RepositoryConfiguration,336.0,42,4,2,148.571,732.0,396.0,0,188.0,17.4286,78.0,9.42857,188.0,8.0,107.083,30,18,1,1,18,13.2779,0.0635439,0.20432,9.48433,0.399051,True
aeeem,org::eclipse::mylyn::internal::sandbox::ui::editors::ExtensibleBugzillaTaskEditorPageFactory,4,3,0,4,3,0,0,4,10.0,3.0,23,0,0,0.0,3,7.0,4.0,0,0,0,0,0,0,aeeem,org::eclipse::mylyn::internal::sandbox::ui::editors::ExtensibleBugzillaTaskEditorPageFactory,5.0,4,2,0,39.7143,7.0,2.0,0,5.0,1.75,1.0,0.5,4.0,1.25,13.8776,3,1,0,0,2,1.84703,0.00151799,0.136921,9.09329,0.175609,True
aeeem,org::eclipse::mylyn::internal::tasks::ui::util::TasksUiInternal,152,1,114,42,903,0,1,0,672.0,43.0,9,0,4,0.0,39,299.0,140.0,1,0,0,0,0,1,aeeem,org::eclipse::mylyn::internal::tasks::ui::util::TasksUiInternal,792.0,77,3,0,45.8571,1316.0,524.0,2,166.0,17.0909,110.0,6.80519,165.0,10.2857,8.13482,55,28,4,2,29,8.36649,0.0611537,0.238257,9.44688,0.519124,True
aeeem,org::eclipse::mylyn::internal::tasks::ui::actions::OpenTasksUiPreferencesAction,1,1,1,0,1,0,1,0,11.0,2.0,0,0,0,0.0,2,4.0,2.0,0,0,0,0,0,0,aeeem,org::eclipse::mylyn::internal::tasks::ui::actions::OpenTasksUiPreferencesAction,6.0,11,2,0,99.0,57.0,51.0,0,34.0,5.18182,34.0,4.63636,34.0,0.545455,14.9248,6,2,0,0,2,5.9125,0.00882382,0.148683,9.20801,0.189885,True
aeeem,org::eclipse::mylyn::internal::help::ui::anttask::MediaWikiImageFetcher,9,1,0,9,28,0,3,0,96.0,8.0,0,3,1,0.0,7,51.0,21.0,0,0,0,0,0,0,aeeem,org::eclipse::mylyn::internal::help::ui::anttask::MediaWikiImageFetcher,5.0,6,2,0,30.8571,25.0,20.0,0,15.0,4.16667,15.0,3.33333,3.0,0.833333,8.24571,4,2,0,0,1,3.33706,0.00276913,0.180438,9.21468,0.291852,True
aeeem,org::eclipse::mylyn::zest::layouts::exampleUses::SimpleSWTExample,12,1,4,8,78,0,38,0,448.0,13.0,9,26,9,5.0,4,73.0,31.0,0,0,0,0,0,0,aeeem,org::eclipse::mylyn::zest::layouts::exampleUses::SimpleSWTExample,46.0,13,3,1,184.857,658.0,612.0,2,433.0,50.6154,447.0,47.0769,55.0,3.53846,85.3363,5,5,1,0,0,9.88815,0.637473,0.020588,0.252979,0.0174658,True
aeeem,org::eclipse::mylyn::internal::tasks::ui::workingsets::Messages,0,1,0,0,0,0,11,0,3.0,1.0,0,1,0,10.0,1,2.0,1.0,0,0,0,0,0,0,aeeem,org::eclipse::mylyn::internal::tasks::ui::workingsets::Messages,-2.0,2,1,1,14.7143,1.0,3.0,0,1.0,0.5,3.0,1.5,0.0,-1.0,1.71429,2,1,0,0,0,0.0,0.0,0.0,0.0,0.0,True
aeeem,org::eclipse::mylyn::wikitext::core::parser::markup::token::PatternLiteralReplacementToken,3,2,2,1,6,0,2,0,13.0,4.0,22,2,0,0.0,1,5.0,4.0,0,0,0,0,0,0,aeeem,org::eclipse::mylyn::wikitext::core::parser::markup::token::PatternLiteralReplacementToken,4.0,6,2,1,32.7143,10.0,6.0,0,4.0,1.66667,3.0,1.0,2.0,0.666667,10.1714,3,3,0,0,0,1.49003,0.00187522,0.0435179,0.121386,0.116244,True
aeeem,org::eclipse::mylyn::internal::wikitext::ui::editor::validation::ValidationProblemAnnotation,3,1,1,2,3,0,3,0,16.0,3.0,0,1,1,0.0,2,10.0,5.0,0,0,0,0,0,0,aeeem,org::eclipse::mylyn::internal::wikitext::ui::editor::validation::ValidationProblemAnnotation,1.0,3,2,0,32.7143,9.0,8.0,0,6.0,3.0,5.0,2.66667,1.0,0.333333,5.42857,3,3,0,0,0,1.49003,0.00187522,0.0435179,0.121386,0.116244,True
aeeem,org::eclipse::mylyn::internal::tasks::ui::Messages,0,1,0,0,0,0,62,0,3.0,1.0,0,1,0,61.0,1,2.0,1.0,2,2,0,0,0,1,aeeem,org::eclipse::mylyn::internal::tasks::ui::Messages,6.0,3,2,0,14.7143,6.0,0.0,0,4.0,2.0,0.0,0.0,4.0,2.0,9.09524,3,1,0,0,1,0.0,0.0,0.0,0.0,0.0,True
aeeem,org::eclipse::mylyn::internal::tasks::ui::editors::TaskAttachmentEditorInput,3,1,1,2,21,0,1,0,22.0,7.0,19,1,0,0.0,7,10.0,7.0,0,0,0,0,0,0,aeeem,org::eclipse::mylyn::internal::tasks::ui::editors::TaskAttachmentEditorInput,-102.0,7,2,0,45.5714,22.0,124.0,0,7.0,3.14286,98.0,17.7143,4.0,-14.5714,5.80519,5,3,0,0,3,4.92306,0.0130102,0.169719,9.2306,0.307768,True
aeeem,org::eclipse::mylyn::internal::commons::core::ErrorReporterManager,6,1,2,5,15,0,5,0,72.0,6.0,9,5,2,0.0,4,32.0,14.0,1,0,0,0,0,1,aeeem,org::eclipse::mylyn::internal::commons::core::ErrorReporterManager,7.0,8,2,0,46.0,18.0,11.0,0,6.0,2.25,6.0,1.375,3.0,0.875,15.5238,8,2,0,0,4,6.31013,0.00240178,0.1853,9.29392,0.368531,True
aeeem,org::eclipse::mylyn::internal::context::ui::wizards::ContextRetrieveWizardPage,7,1,1,6,6,0,4,0,116.0,4.0,0,4,0,0.0,3,25.0,13.0,0,0,0,0,0,0,aeeem,org::eclipse::mylyn::internal::context::ui::wizards::ContextRetrieveWizardPage,-22.0,17,3,0,50.2857,63.0,85.0,0,16.0,3.70588,41.0,5.0,4.0,-1.29412,14.9773,15,8,1,1,9,8.07677,0.00799526,0.210298,9.38414,0.458005,True
aeeem,org::eclipse::mylyn::internal::ide::ui::MarkerViewLabelProvider,7,1,1,6,45,0,1,0,54.0,10.0,9,1,0,0.0,10,28.0,15.0,0,0,0,0,0,0,aeeem,org::eclipse::mylyn::internal::ide::ui::MarkerViewLabelProvider,5.0,22,2,0,154.714,95.0,90.0,0,12.0,4.31818,14.0,4.09091,5.0,0.227273,82.2646,14,7,0,0,8,15.5371,0.0273073,0.213662,9.55857,0.425576,True
aeeem,org::eclipse::mylyn::internal::jira::core::model::filter::Order,3,1,2,1,6,0,3,0,13.0,4.0,18,3,0,0.0,4,5.0,5.0,0,0,0,0,0,0,aeeem,org::eclipse::mylyn::internal::jira::core::model::filter::Order,3.0,7,1,0,110.714,11.0,8.0,0,5.0,1.57143,4.0,1.14286,4.0,0.428571,55.2338,4,2,0,0,3,4.58293,0.00233645,0.145075,9.17116,0.186189,True
aeeem,org::eclipse::mylyn::internal::context::core::InteractionContextManager,64,1,35,31,1830,0,40,0,989.0,61.0,27,18,7,0.0,50,530.0,173.0,2,2,0,0,0,1,aeeem,org::eclipse::mylyn::internal::context::core::InteractionContextManager,343.0,69,3,3,94.2857,2144.0,1801.0,3,872.0,31.0725,904.0,26.1015,141.0,4.97101,43.4995,52,30,6,2,32,20.1106,0.342944,0.2637,9.76897,0.600336,True
aeeem,org::eclipse::mylyn::internal::jira::core::wsdl::soap::JiraSoapServiceServiceLocator,3,2,1,2,45,1,3,0,53.0,10.0,2,3,0,0.0,10,26.0,13.0,0,0,0,0,0,0,aeeem,org::eclipse::mylyn::internal::jira::core::wsdl::soap::JiraSoapServiceServiceLocator,3.0,8,2,0,110.714,161.0,158.0,0,133.0,20.125,130.0,19.75,7.0,0.375,22.5235,6,4,1,1,4,4.65476,0.0117069,0.145653,9.17414,0.188283,True
aeeem,org::eclipse::mylyn::internal::wikitext::tracwiki::core::block::HeadingBlock,9,3,1,8,3,0,3,4,35.0,3.0,43,3,0,0.0,3,18.0,5.0,0,0,0,0,0,0,aeeem,org::eclipse::mylyn::internal::wikitext::tracwiki::core::block::HeadingBlock,3.0,6,2,0,32.7143,11.0,8.0,0,5.0,1.83333,5.0,1.33333,3.0,0.5,10.8831,4,3,0,0,0,1.49003,0.00170474,0.0435179,0.121386,0.116244,True
aeeem,org::eclipse::mylyn::internal::sandbox::ui::hyperlinks::ResourceHyperlinkExtensionReader,3,1,1,3,1,0,4,0,32.0,2.0,9,1,1,0.0,1,14.0,4.0,1,0,0,0,0,1,aeeem,org::eclipse::mylyn::internal::sandbox::ui::hyperlinks::ResourceHyperlinkExtensionReader,3.0,3,2,0,34.1429,5.0,2.0,0,4.0,1.66667,1.0,0.666667,3.0,1.0,7.6,2,0,0,0,1,1.84703,0.00132824,0.136921,9.09329,0.175609,True
aeeem,org::eclipse::mylyn::internal::java::ui::editor::Messages,0,1,0,0,0,0,2,0,3.0,1.0,0,1,0,1.0,1,2.0,1.0,0,0,0,0,0,0,aeeem,org::eclipse::mylyn::internal::java::ui::editor::Messages,0.0,1,1,0,14.8571,0.0,0.0,0,0.0,0.0,0.0,0.0,0.0,0.0,0.0,1,0,0,0,0,0.0,0.0,0.0,0.0,0.0,True
aeeem,org::eclipse::mylyn::zest::core::widgets::GraphItem,7,1,7,0,45,2,4,0,14.0,10.0,0,0,0,0.0,8,13.0,4.0,0,0,0,0,0,0,aeeem,org::eclipse::mylyn::zest::core::widgets::GraphItem,71.0,8,1,0,103.714,77.0,6.0,1,35.0,9.625,2.0,0.75,34.0,8.875,7.46568,4,4,0,0,0,6.37824,0.00942858,0.0182399,0.179274,0.0221259,True
aeeem,org::eclipse::mylyn::internal::sandbox::ui::views::TaskActivityViewContentProvider,8,1,1,7,21,0,1,0,46.0,7.0,9,0,0,0.0,7,24.0,10.0,0,0,0,0,0,0,aeeem,org::eclipse::mylyn::internal::sandbox::ui::views::TaskActivityViewContentProvider,13.0,7,3,1,48.8571,36.0,23.0,1,28.0,5.14286,18.0,3.28571,10.0,1.85714,7.05952,6,3,0,0,3,4.7898,0.00438728,0.16288,9.21441,0.279805,True
aeeem,org::eclipse::mylyn::internal::tasks::ui::search::RepositorySearchResult,3,1,2,1,36,0,1,0,27.0,9.0,0,1,0,0.0,7,15.0,10.0,0,0,0,0,0,0,aeeem,org::eclipse::mylyn::internal::tasks::ui::search::RepositorySearchResult,-28.0,8,3,0,135.429,22.0,50.0,0,9.0,2.75,41.0,6.25,3.0,-3.5,84.1948,7,3,0,0,3,4.53451,0.0068414,0.152065,9.1842,0.228151,True
aeeem,org::eclipse::mylyn::internal::xplanner::ui::XPlannerRepositoryUi,16,2,0,16,55,0,3,0,101.0,11.0,31,3,1,0.0,10,44.0,23.0,2,2,0,0,0,1,aeeem,org::eclipse::mylyn::internal::xplanner::ui::XPlannerRepositoryUi,0.0,1,1,0,6.42857,0.0,0.0,0,0.0,0.0,0.0,0.0,0.0,0.0,0.0,1,1,1,0,1,0.0,0.0,0.0,0.0,0.0,True
aeeem,org::eclipse::mylyn::wikitext::confluence::core::ConfluenceLanguage,28,3,6,24,21,0,1,6,74.0,7.0,57,1,0,0.0,2,35.0,7.0,1,0,0,0,0,1,aeeem,org::eclipse::mylyn::wikitext::confluence::core::ConfluenceLanguage,8.0,10,2,1,32.7143,260.0,252.0,0,124.0,26.0,121.0,25.2,87.0,0.8,19.4242,6,5,0,0,1,1.49003,0.0103989,0.0435179,0.121386,0.116244,True
aeeem,org::eclipse::mylyn::internal::jira::core::service::JiraServiceUnavailableException,1,2,1,0,0,0,1,0,3.0,1.0,26,1,0,0.0,1,1.0,1.0,0,0,0,0,0,0,aeeem,org::eclipse::mylyn::internal::jira::core::service::JiraServiceUnavailableException,1.0,10,3,0,97.8571,42.0,41.0,0,30.0,4.2,30.0,4.1,30.0,0.1,14.017,6,4,0,0,2,5.24655,0.00700396,0.146724,9.18913,0.187428,True
aeeem,org::xplanner::soap::UserStoryData,14,2,10,4,561,0,17,0,171.0,34.0,37,17,0,0.0,34,76.0,66.0,0,0,0,0,0,0,aeeem,org::xplanner::soap::UserStoryData,-48.0,6,2,0,93.7143,494.0,542.0,0,490.0,82.3333,538.0,90.3333,0.0,-8.0,39.1212,4,1,0,0,3,6.45512,0.0768615,0.0300186,0.209384,0.084371,True
aeeem,org::eclipse::mylyn::internal::wikitext::ui::util::css::editor::PropertyValueRule,2,1,1,1,21,0,2,0,54.0,7.0,9,2,4,0.0,3,18.0,28.0,0,0,0,0,0,0,aeeem,org::eclipse::mylyn::internal::wikitext::ui::util::css::editor::PropertyValueRule,0.0,1,1,0,6.42857,0.0,0.0,0,0.0,0.0,0.0,0.0,0.0,0.0,0.0,1,0,0,0,0,0.0,0.0,0.0,0.0,0.0,True
aeeem,org::eclipse::mylyn::internal::jira::core::html::SubstitutionTextReader,4,2,1,3,45,1,8,0,78.0,10.0,35,6,0,0.0,4,28.0,24.0,0,0,0,0,0,0,aeeem,org::eclipse::mylyn::internal::jira::core::html::SubstitutionTextReader,0.0,2,1,0,118.714,0.0,0.0,0,0.0,0.0,0.0,0.0,0.0,0.0,0.0,2,0,0,0,1,0.0,0.0,0.0,0.0,0.0,True
aeeem,org::eclipse::mylyn::internal::wikitext::ui::editor::preferences::PreferenceInitializer,2,1,0,2,0,0,0,0,5.0,1.0,0,0,0,0.0,1,5.0,1.0,0,0,0,0,0,0,aeeem,org::eclipse::mylyn::internal::wikitext::ui::editor::preferences::PreferenceInitializer,0.0,3,2,0,32.7143,3.0,3.0,0,2.0,1.0,2.0,1.0,0.0,0.0,3.80952,3,3,1,0,0,2.38141,0.000828905,0.132656,9.07779,0.205382,True
aeeem,org::eclipse::mylyn::internal::jira::core::wsdl::beans::RemotePermissionMapping,5,1,0,5,45,0,5,0,65.0,10.0,18,5,0,0.0,10,27.0,28.0,0,0,0,0,0,0,aeeem,org::eclipse::mylyn::internal::jira::core::wsdl::beans::RemotePermissionMapping,-12.0,9,2,0,110.714,174.0,186.0,0,139.0,19.3333,151.0,20.6667,7.0,-1.33333,24.8079,7,4,1,1,5,5.94514,0.0130713,0.153982,9.22122,0.218565,True
aeeem,org::eclipse::mylyn::internal::java::ui::junit::TaskContextJUnitMainTab,4,1,2,2,36,0,2,0,52.0,9.0,0,2,0,0.0,9,21.0,13.0,0,0,0,0,0,0,aeeem,org::eclipse::mylyn::internal::java::ui::junit::TaskContextJUnitMainTab,15.0,12,2,1,92.5714,36.0,21.0,0,13.0,3.0,5.0,1.75,12.0,1.25,21.7976,9,3,1,1,6,5.25012,0.00306011,0.151457,9.20025,0.213663,True
aeeem,org::eclipse::mylyn::java::tests::search::WorkspaceSetupHelper,13,1,5,8,55,0,7,0,89.0,11.0,9,7,0,0.0,11,39.0,26.0,0,0,0,0,0,0,aeeem,org::eclipse::mylyn::java::tests::search::WorkspaceSetupHelper,21.0,21,2,1,172.0,125.0,104.0,2,67.0,5.95238,56.0,4.95238,11.0,1.0,38.2594,11,5,1,1,5,16.8316,0.460828,0.18286,9.51312,0.273893,True
aeeem,org::eclipse::mylyn::wikitext::core::validation::ValidationRule,4,1,2,2,1,5,0,0,26.0,2.0,9,0,0,0.0,2,10.0,6.0,0,0,0,0,0,0,aeeem,org::eclipse::mylyn::wikitext::core::validation::ValidationRule,48.0,3,2,0,32.7143,54.0,6.0,0,47.0,18.0,5.0,2.0,46.0,16.0,14.3968,3,2,0,0,0,1.49003,0.00204569,0.0435179,0.121386,0.116244,True
aeeem,org::eclipse::mylyn::internal::bugzilla::core::internal::FavoritesFile,10,1,0,10,36,0,7,0,104.0,9.0,9,2,2,1.0,7,48.0,19.0,0,0,0,0,0,0,aeeem,org::eclipse::mylyn::internal::bugzilla::core::internal::FavoritesFile,0.0,2,1,0,164.0,0.0,0.0,1,0.0,0.0,0.0,0.0,0.0,0.0,0.0,1,0,0,0,0,0.0,0.0,0.0,0.0,0.0,True
aeeem,org::eclipse::mylyn::internal::trac::core::TracRepositoryConnector,44,2,18,29,946,0,11,0,452.0,44.0,36,9,1,0.0,41,219.0,124.0,1,1,0,0,0,1,aeeem,org::eclipse::mylyn::internal::trac::core::TracRepositoryConnector,439.0,103,3,6,131.571,1411.0,972.0,3,405.0,13.699,194.0,9.43689,211.0,4.26214,62.942,75,43,4,2,47,31.8183,0.328118,0.282149,10.0612,0.591013,True
aeeem,org::eclipse::mylyn::internal::tasks::ui::editors::TraverseOnTabKeyListener,0,1,0,0,0,0,0,0,6.0,1.0,9,0,0,0.0,1,1.0,2.0,0,0,0,0,0,0,aeeem,org::eclipse::mylyn::internal::tasks::ui::editors::TraverseOnTabKeyListener,3.0,3,2,0,31.0,5.0,2.0,0,4.0,1.66667,1.0,0.666667,3.0,1.0,7.94286,2,1,0,0,1,1.84703,0.000948744,0.136921,9.09329,0.175609,True
aeeem,org::eclipse::mylyn::internal::context::ui::ContextWorkingSetManager,11,1,2,9,45,0,4,0,65.0,10.0,9,4,1,0.0,9,32.0,15.0,0,0,0,0,0,0,aeeem,org::eclipse::mylyn::internal::context::ui::ContextWorkingSetManager,8.0,10,2,0,77.0,83.0,75.0,0,46.0,8.3,55.0,7.5,6.0,0.8,29.2806,9,4,1,0,7,8.94961,0.0133884,0.189859,9.36564,0.373576,True
aeeem,org::eclipse::mylyn::internal::jira::core::model::filter::TextFilter,1,1,1,0,1,0,1,0,6.0,2.0,9,1,0,0.0,2,2.0,2.0,0,0,0,0,0,0,aeeem,org::eclipse::mylyn::internal::jira::core::model::filter::TextFilter,4.0,3,2,0,44.5714,6.0,2.0,0,5.0,2.0,1.0,0.666667,4.0,1.33333,18.0238,2,1,0,0,2,1.84703,0.00151799,0.136921,9.09329,0.175609,True
aeeem,org::eclipse::mylyn::internal::tasks::ui::actions::CopyTaskDetailsAction,13,1,6,7,6,0,2,0,45.0,4.0,0,1,0,0.0,4,28.0,10.0,0,0,0,0,0,0,aeeem,org::eclipse::mylyn::internal::tasks::ui::actions::CopyTaskDetailsAction,11.0,50,3,0,122.857,268.0,257.0,0,24.0,5.36,29.0,5.14,14.0,0.22,54.5975,34,10,0,0,13,19.6657,0.0502441,0.220172,9.66451,0.414693,True
aeeem,org::eclipse::mylyn::internal::sandbox::ui::hyperlinks::JavaResourceHyperlinkExtension,1,2,0,1,3,0,1,1,9.0,3.0,15,1,0,0.0,0,4.0,3.0,0,0,0,0,0,0,aeeem,org::eclipse::mylyn::internal::sandbox::ui::hyperlinks::JavaResourceHyperlinkExtension,-3.0,4,2,0,33.8571,6.0,9.0,0,4.0,1.5,7.0,2.25,3.0,-0.75,6.78571,3,2,0,0,1,3.33706,0.00269204,0.180438,9.21468,0.291852,True
aeeem,org::eclipse::mylyn::internal::web::ui::AbstractWebContextProvider,0,1,0,0,0,0,0,0,0.0,0.0,9,0,0,0.0,0,0.0,0.0,0,0,0,0,0,0,aeeem,org::eclipse::mylyn::internal::web::ui::AbstractWebContextProvider,0.0,4,2,0,92.4286,6.0,6.0,0,4.0,1.5,4.0,1.5,3.0,0.0,58.2143,2,0,0,0,2,3.17351,0.00112128,0.140881,9.13106,0.180758,True
aeeem,org::eclipse::mylyn::zest::tests::swt::NestedGraphSnippet2,3,1,0,3,0,0,0,0,60.0,1.0,9,0,0,0.0,1,14.0,3.0,0,0,0,0,0,0,aeeem,org::eclipse::mylyn::zest::tests::swt::NestedGraphSnippet2,0.0,1,1,0,80.8571,0.0,0.0,0,0.0,0.0,0.0,0.0,0.0,0.0,0.0,1,1,0,0,0,0.0,0.0,0.0,0.0,0.0,True
aeeem,org::eclipse::mylyn::internal::context::ui::commands::AbstractTaskAttachmentCommandHandler,0,1,0,0,1,1,0,0,4.0,2.0,0,0,0,0.0,1,2.0,2.0,0,0,0,0,0,0,aeeem,org::eclipse::mylyn::internal::context::ui::commands::AbstractTaskAttachmentCommandHandler,3.0,2,2,0,41.8571,4.0,1.0,0,4.0,2.0,1.0,0.5,3.0,1.5,15.2857,2,1,0,0,2,1.84703,0.000948744,0.136921,9.09329,0.175609,True
aeeem,org::eclipse::mylyn::jira::tests::util::MockJiraClient,10,2,3,7,990,0,1,6,164.0,45.0,59,1,0,0.0,45,67.0,45.0,0,0,0,0,0,0,aeeem,org::eclipse::mylyn::jira::tests::util::MockJiraClient,10.0,5,2,1,38.1429,17.0,7.0,0,8.0,3.4,2.0,1.4,6.0,2.0,17.1681,5,3,0,0,4,3.0367,0.0030015,0.156853,9.15989,0.247145,True
aeeem,org::eclipse::mylyn::internal::jira::core::model::WebServerInfo,3,1,3,0,21,0,3,0,20.0,7.0,9,3,0,0.0,7,7.0,7.0,0,0,0,0,0,0,aeeem,org::eclipse::mylyn::internal::jira::core::model::WebServerInfo,13.0,5,2,0,78.2857,23.0,10.0,0,10.0,4.6,8.0,2.0,10.0,2.6,20.3043,4,1,1,0,4,3.83243,0.00278678,0.147775,9.16133,0.210792,True
aeeem,org::eclipse::mylyn::internal::tasks::ui::wizards::TaskDataExportWizard,7,1,1,6,10,0,2,0,45.0,5.0,0,2,1,0.0,4,25.0,7.0,0,0,0,0,0,0,aeeem,org::eclipse::mylyn::internal::tasks::ui::wizards::TaskDataExportWizard,-263.0,33,3,0,139.571,191.0,454.0,2,73.0,5.78788,181.0,13.7576,5.0,-7.9697,100.941,27,11,0,0,18,16.5311,0.0388422,0.220206,9.59619,0.446058,True
aeeem,org::eclipse::mylyn::internal::tasks::ui::editors::TaskEditorAttributePart,13,2,0,13,15,0,8,1,201.0,6.0,19,8,3,0.0,2,53.0,24.0,1,1,0,0,0,1,aeeem,org::eclipse::mylyn::internal::tasks::ui::editors::TaskEditorAttributePart,27.0,33,3,0,61.2857,362.0,335.0,0,132.0,10.9697,162.0,10.1515,26.0,0.818182,11.1038,21,10,1,0,14,9.66489,0.147691,0.206382,9.41501,0.443576,True
aeeem,org::eclipse::mylyn::internal::trac::core::model::TracTicket,13,1,12,1,325,0,11,0,114.0,26.0,9,10,0,0.0,25,51.0,39.0,0,0,0,0,0,0,aeeem,org::eclipse::mylyn::internal::trac::core::model::TracTicket,0.0,16,2,0,133.0,31.0,31.0,0,6.0,1.9375,6.0,1.9375,3.0,0.0,68.5899,11,4,0,0,8,12.3306,0.00644516,0.186144,9.42886,0.313057,True
aeeem,org::eclipse::mylyn::internal::sandbox::dev::properties::TaskRepositoryPropertiesSource,3,1,1,2,21,0,1,0,30.0,7.0,9,1,0,0.0,7,18.0,8.0,0,0,0,0,0,0,aeeem,org::eclipse::mylyn::internal::sandbox::dev::properties::TaskRepositoryPropertiesSource,-5.0,5,2,0,70.7143,16.0,21.0,0,9.0,3.2,18.0,4.2,4.0,-1.0,20.4375,4,0,0,0,2,4.52937,0.00981927,0.151442,9.18508,0.222139,True
aeeem,org::eclipse::mylyn::internal::wikitext::ui::editor::syntax::MarkupTokenScanner,15,1,1,14,66,0,6,0,252.0,12.0,9,6,7,0.0,5,158.0,61.0,1,0,0,0,0,1,aeeem,org::eclipse::mylyn::internal::wikitext::ui::editor::syntax::MarkupTokenScanner,70.0,10,2,0,32.7143,140.0,70.0,1,65.0,14.0,50.0,7.0,43.0,7.0,8.90816,8,5,1,0,0,3.33706,0.0216189,0.180438,9.21468,0.291852,True
aeeem,org::eclipse::mylyn::internal::tasks::ui::actions::ClearOutgoingAction,13,1,4,10,10,0,3,0,49.0,5.0,0,2,0,0.0,5,26.0,13.0,0,0,0,0,0,0,aeeem,org::eclipse::mylyn::internal::tasks::ui::actions::ClearOutgoingAction,18.0,30,3,0,96.8571,201.0,183.0,0,78.0,6.7,78.0,6.1,78.0,0.6,27.8173,23,8,0,0,15,13.4176,0.0386783,0.24738,9.5812,0.525764,True
aeeem,org::eclipse::mylyn::internal::jira::core::model::SecurityLevel,7,1,7,0,10,0,4,0,14.0,5.0,18,3,0,0.0,5,5.0,5.0,0,0,0,0,0,0,aeeem,org::eclipse::mylyn::internal::jira::core::model::SecurityLevel,19.0,6,2,0,65.5714,21.0,2.0,0,7.0,3.5,1.0,0.333333,7.0,3.16667,37.4286,5,4,2,2,3,4.56874,0.00265105,0.168925,9.22022,0.298986,True
aeeem,org::eclipse::mylyn::internal::tasks::core::data::TaskDataStateWriter,8,1,1,7,10,0,3,0,83.0,5.0,9,3,3,0.0,2,62.0,9.0,0,0,0,0,0,0,aeeem,org::eclipse::mylyn::internal::tasks::core::data::TaskDataStateWriter,96.0,8,2,0,47.1429,137.0,41.0,0,91.0,17.125,35.0,5.125,91.0,12.0,9.40563,4,2,0,0,3,4.88878,0.00717829,0.166327,9.22338,0.29442,True
aeeem,org::eclipse::mylyn::monitor::ui::AbstractCommandMonitor,2,1,1,1,21,1,0,0,33.0,7.0,9,0,0,0.0,6,14.0,7.0,0,0,0,0,0,0,aeeem,org::eclipse::mylyn::monitor::ui::AbstractCommandMonitor,8.0,15,2,0,110.429,37.0,29.0,3,6.0,2.46667,4.0,1.93333,3.0,0.533333,43.6332,12,3,0,0,9,10.2323,0.00655555,0.181273,9.37499,0.317104,True
aeeem,org::eclipse::mylyn::internal::wikitext::ui::editor::help::HelpContent,15,1,3,12,10,1,4,0,85.0,5.0,9,4,1,0.0,4,47.0,13.0,1,0,0,0,0,1,aeeem,org::eclipse::mylyn::internal::wikitext::ui::editor::help::HelpContent,60.0,6,2,1,32.7143,87.0,27.0,0,56.0,14.5,11.0,4.5,49.0,10.0,10.6601,5,5,0,0,0,1.49003,0.0052847,0.0435179,0.121386,0.116244,True
aeeem,org::eclipse::mylyn::internal::tasks::ui::wizards::SelectRepositoryConnectorPage,5,1,1,4,6,0,2,0,41.0,4.0,0,2,0,0.0,4,12.0,4.0,4,0,0,0,0,1,aeeem,org::eclipse::mylyn::internal::tasks::ui::wizards::SelectRepositoryConnectorPage,1.0,4,2,0,44.5714,10.0,9.0,0,4.0,2.5,8.0,2.25,3.0,0.25,25.2,4,1,0,0,2,1.84703,0.000948744,0.136921,9.09329,0.175609,True
aeeem,org::eclipse::mylyn::internal::tasks::ui::views::AbstractTaskListContentProvider,0,1,0,0,0,1,1,0,3.0,1.0,9,0,0,0.0,1,1.0,1.0,0,0,0,0,0,0,aeeem,org::eclipse::mylyn::internal::tasks::ui::views::AbstractTaskListContentProvider,4.0,4,2,0,83.5714,10.0,6.0,0,5.0,2.5,4.0,1.5,4.0,1.0,35.2429,3,1,0,0,2,2.75087,0.00260907,0.140083,9.12025,0.181341,True
aeeem,org::eclipse::mylyn::internal::provisional::commons::ui::CommonFonts,3,1,0,3,3,0,5,0,47.0,3.0,9,0,2,5.0,1,21.0,10.0,0,0,0,0,0,0,aeeem,org::eclipse::mylyn::internal::provisional::commons::ui::CommonFonts,40.0,7,2,0,45.8571,47.0,7.0,0,17.0,6.71429,3.0,1.0,17.0,5.71429,21.9787,7,1,1,1,3,2.03595,0.0118146,0.0675007,0.200359,0.155273,True
aeeem,org::eclipse::mylyn::internal::team::ui::properties::ProjectTeamPage,3,1,0,3,28,0,8,0,149.0,8.0,0,8,5,0.0,2,38.0,13.0,0,0,0,0,0,0,aeeem,org::eclipse::mylyn::internal::team::ui::properties::ProjectTeamPage,8.0,9,3,0,71.7143,53.0,45.0,0,32.0,5.88889,20.0,5.0,17.0,0.888889,55.9218,7,3,0,0,3,4.50603,0.00374649,0.150962,9.18344,0.219679,True
aeeem,org::eclipse::mylyn::internal::tasks::bugs::TaskErrorReporter,11,1,3,9,28,0,2,0,50.0,8.0,9,2,0,0.0,8,32.0,10.0,0,0,0,0,0,0,aeeem,org::eclipse::mylyn::internal::tasks::bugs::TaskErrorReporter,-139.0,17,2,0,47.5714,200.0,339.0,0,128.0,11.7647,124.0,19.9412,9.0,-8.17647,6.42714,12,4,0,0,5,5.63443,0.0279924,0.175647,9.25922,0.331448,True
aeeem,org::eclipse::mylyn::internal::monitor::usage::wizards::UsageFileSelectionWizardPage,8,1,1,7,15,0,4,0,111.0,6.0,0,3,2,0.0,3,47.0,13.0,0,0,0,0,0,0,aeeem,org::eclipse::mylyn::internal::monitor::usage::wizards::UsageFileSelectionWizardPage,-16.0,18,2,0,98.5714,226.0,242.0,1,181.0,12.5556,181.0,13.4444,181.0,-0.888889,7.3957,12,5,0,0,8,11.7194,0.0401743,0.196583,9.43991,0.373378,True
aeeem,org::eclipse::mylyn::internal::trac::core::client::InvalidTicketException,2,2,2,0,0,0,1,0,2.0,1.0,26,1,0,0.0,1,1.0,1.0,0,0,0,0,0,0,aeeem,org::eclipse::mylyn::internal::trac::core::client::InvalidTicketException,3.0,4,2,0,39.5714,6.0,3.0,0,4.0,1.5,1.0,0.75,3.0,0.75,15.9524,2,1,0,0,2,1.84703,0.00132824,0.136921,9.09329,0.175609,True
aeeem,org::eclipse::mylyn::internal::tasks::core::sync::SynchronizeTasksJob,19,2,1,18,91,0,11,0,167.0,14.0,3,11,9,0.0,5,103.0,28.0,0,0,0,0,0,0,aeeem,org::eclipse::mylyn::internal::tasks::core::sync::SynchronizeTasksJob,114.0,45,3,0,49.1429,517.0,403.0,0,112.0,11.4889,101.0,8.95556,92.0,2.53333,7.18127,29,14,1,0,21,7.8108,0.0377681,0.224445,9.40735,0.468363,True
aeeem,org::eclipse::mylyn::internal::tasks::ui::editors::HighlightingHyperlinkTextPresentationManager,1,2,1,0,1,0,0,0,3.0,2.0,18,0,0,0.0,1,3.0,1.0,0,0,0,0,0,0,aeeem,org::eclipse::mylyn::internal::tasks::ui::editors::HighlightingHyperlinkTextPresentationManager,0.0,1,1,0,22.5714,0.0,0.0,0,0.0,0.0,0.0,0.0,0.0,0.0,0.0,1,0,0,0,1,0.0,0.0,0.0,0.0,0.0,True
aeeem,org::eclipse::mylyn::internal::jira::core::model::filter::ResolutionFilter,5,1,5,0,6,0,2,0,14.0,4.0,18,2,0,0.0,3,5.0,4.0,0,0,0,0,0,0,aeeem,org::eclipse::mylyn::internal::jira::core::model::filter::ResolutionFilter,0.0,6,1,0,110.714,13.0,13.0,0,5.0,2.16667,5.0,2.16667,4.0,0.0,49.7143,4,2,0,0,3,4.58293,0.00253858,0.145075,9.17116,0.186189,True
aeeem,org::eclipse::mylyn::internal::tasks::ui::OfflineFileStorage,15,1,0,15,300,0,51,0,510.0,25.0,16,51,9,0.0,16,211.0,106.0,0,0,0,0,0,0,aeeem,org::eclipse::mylyn::internal::tasks::ui::OfflineFileStorage,16.0,21,3,0,91.1429,99.0,83.0,1,32.0,4.71429,28.0,3.95238,6.0,0.761905,17.2872,18,6,0,0,12,11.6412,0.012746,0.215209,9.4779,0.467812,True
aeeem,org::eclipse::mylyn::internal::wikitext::mediawiki::core::validation::CommentValidationRule,6,2,1,5,1,0,1,0,16.0,2.0,11,1,0,0.0,2,11.0,5.0,0,0,0,0,0,0,aeeem,org::eclipse::mylyn::internal::wikitext::mediawiki::core::validation::CommentValidationRule,0.0,2,1,0,23.0,2.0,2.0,0,2.0,1.0,2.0,1.0,0.0,0.0,3.14286,1,1,0,0,0,0.0,0.0,0.0,0.0,0.0,True
aeeem,org::eclipse::mylyn::internal::wikitext::ui::editor::MarkupEditorActionBarContributor,0,1,0,0,0,0,0,0,0.0,0.0,0,0,0,0.0,0,0.0,0.0,0,0,0,0,0,0,aeeem,org::eclipse::mylyn::internal::wikitext::ui::editor::MarkupEditorActionBarContributor,-1.0,2,1,0,32.7143,3.0,4.0,0,3.0,1.5,4.0,2.0,0.0,-0.5,1.71429,2,2,0,0,0,1.49003,0.00119332,0.0435179,0.121386,0.116244,True
aeeem,org::eclipse::mylyn::internal::java::ui::TypeHistoryManager,5,2,2,3,36,0,0,0,55.0,9.0,17,0,2,0.0,7,30.0,15.0,0,0,0,0,0,0,aeeem,org::eclipse::mylyn::internal::java::ui::TypeHistoryManager,64.0,16,2,0,92.4286,133.0,69.0,1,84.0,8.3125,28.0,4.3125,69.0,4.0,13.6864,13,4,1,0,10,11.0715,0.0140295,0.190023,9.4138,0.351336,True
aeeem,org::eclipse::mylyn::tasks::ui::editors::AttributeEditorToolkit,23,1,15,8,105,0,5,0,110.0,15.0,9,4,6,1.0,4,64.0,31.0,0,0,0,0,0,0,aeeem,org::eclipse::mylyn::tasks::ui::editors::AttributeEditorToolkit,-93.0,17,2,0,45.8571,178.0,271.0,0,46.0,10.4706,129.0,15.9412,19.0,-5.47059,10.8772,16,7,0,0,9,8.88046,0.0277778,0.248536,9.47878,0.553577,True
aeeem,org::eclipse::mylyn::wikitext::core::parser::TableCellAttributes,4,2,4,0,55,0,5,0,30.0,11.0,20,5,0,0.0,11,11.0,10.0,0,0,0,0,0,0,aeeem,org::eclipse::mylyn::wikitext::core::parser::TableCellAttributes,17.0,5,2,1,32.7143,21.0,4.0,0,15.0,4.2,2.0,0.8,13.0,3.4,9.31973,4,3,0,0,0,1.49003,0.00289806,0.0435179,0.121386,0.116244,True
aeeem,org::eclipse::mylyn::wikitext::core::validation::MarkupValidator,8,1,3,5,3,0,1,0,28.0,3.0,9,1,0,0.0,3,18.0,8.0,0,0,0,0,0,0,aeeem,org::eclipse::mylyn::wikitext::core::validation::MarkupValidator,-38.0,10,2,2,32.7143,25.0,63.0,0,11.0,2.5,31.0,6.3,3.0,-3.8,8.17143,6,4,0,0,0,2.38141,0.00681103,0.132656,9.07779,0.205382,True
aeeem,org::eclipse::mylyn::internal::context::ui::UiUtil,4,1,4,0,1,0,0,0,19.0,2.0,9,0,0,0.0,2,7.0,4.0,2,2,0,0,0,1,aeeem,org::eclipse::mylyn::internal::context::ui::UiUtil,-70.0,21,2,0,139.714,96.0,166.0,1,22.0,4.57143,43.0,7.90476,19.0,-3.33333,61.2232,16,9,0,0,10,14.9292,0.0410982,0.19068,9.49785,0.315148,True
aeeem,org::eclipse::mylyn::java::tests::search::ActiveSearchNotifier,12,2,4,8,28,0,2,3,40.0,8.0,8,2,2,0.0,6,33.0,8.0,0,0,0,0,0,0,aeeem,org::eclipse::mylyn::java::tests::search::ActiveSearchNotifier,2.0,28,2,2,172.0,107.0,105.0,3,26.0,3.82143,23.0,3.75,4.0,0.0714286,56.4045,15,9,1,1,8,20.7673,0.167137,0.205668,9.64803,0.346877,True
aeeem,org::eclipse::mylyn::internal::java::ui::editor::FocusedJavaNoTypeProposalComputer,2,1,0,2,3,0,0,0,14.0,3.0,0,0,0,0.0,2,11.0,4.0,0,0,0,0,0,0,aeeem,org::eclipse::mylyn::internal::java::ui::editor::FocusedJavaNoTypeProposalComputer,6.0,5,1,0,92.5714,16.0,10.0,0,8.0,3.2,5.0,2.0,6.0,1.2,42.8393,4,2,0,0,2,4.70448,0.00222687,0.158927,9.20262,0.253072,True
aeeem,org::eclipse::mylyn::internal::wikitext::ui::editor::operations::MoveSectionsCommand,9,2,1,8,3,0,3,1,112.0,3.0,14,3,1,0.0,1,40.0,27.0,1,0,0,0,0,1,aeeem,org::eclipse::mylyn::internal::wikitext::ui::editor::operations::MoveSectionsCommand,0.0,1,1,0,7.71429,0.0,0.0,0,0.0,0.0,0.0,0.0,0.0,0.0,0.0,1,1,0,0,0,0.0,0.0,0.0,0.0,0.0,True
aeeem,org::eclipse::mylyn::internal::monitor::usage::InteractionEventObfuscator,10,1,1,9,3,0,3,0,45.0,3.0,9,1,0,0.0,3,31.0,10.0,0,0,0,0,0,0,aeeem,org::eclipse::mylyn::internal::monitor::usage::InteractionEventObfuscator,3.0,11,2,0,90.7143,18.0,15.0,0,4.0,1.63636,4.0,1.36364,3.0,0.272727,40.619,8,1,0,0,7,9.66678,0.00344228,0.19406,9.38971,0.384923,True
aeeem,org::eclipse::mylyn::internal::sandbox::bridge::bugs::Util,14,1,1,14,10,0,1,0,125.0,5.0,9,1,0,0.0,5,49.0,10.0,0,0,0,0,0,0,aeeem,org::eclipse::mylyn::internal::sandbox::bridge::bugs::Util,18.0,18,3,0,140.857,73.0,55.0,0,20.0,4.05556,9.0,3.05556,17.0,1.0,80.2935,13,7,0,0,10,14.3434,0.0145993,0.199993,9.5017,0.373338,True
aeeem,org::eclipse::mylyn::internal::wikitext::textile::core::Textile,12,1,6,6,3,0,9,0,75.0,3.0,9,5,1,0.0,2,28.0,19.0,0,0,0,0,0,0,aeeem,org::eclipse::mylyn::internal::wikitext::textile::core::Textile,7.0,3,2,0,32.7143,54.0,47.0,0,37.0,18.0,30.0,15.6667,7.0,2.33333,5.22222,3,3,0,0,0,1.49003,0.0114218,0.0435179,0.121386,0.116244,True
aeeem,org::eclipse::mylyn::zest::layouts::algorithms::GridLayoutAlgorithm,4,2,0,4,78,2,12,8,147.0,13.0,63,1,0,10.0,3,37.0,42.0,0,0,0,0,0,0,aeeem,org::eclipse::mylyn::zest::layouts::algorithms::GridLayoutAlgorithm,19.0,6,3,1,184.857,26.0,7.0,1,8.0,4.33333,4.0,1.16667,7.0,3.16667,27.0879,1,1,0,0,0,6.25643,0.186232,0.0106634,0.152432,0.0054381,True
aeeem,org::eclipse::mylyn::internal::trac::core::TracTaskMapper,4,2,2,3,3,0,1,0,17.0,3.0,75,1,0,0.0,3,9.0,5.0,0,0,0,0,0,0,aeeem,org::eclipse::mylyn::internal::trac::core::TracTaskMapper,95.0,7,2,0,38.2857,191.0,96.0,0,91.0,27.2857,93.0,13.7143,50.0,13.5714,1.82872,4,3,0,0,1,3.83471,0.0673294,0.165333,9.1954,0.284069,True
aeeem,org::eclipse::mylyn::zest::core::widgets::Graph,43,1,23,24,1128,0,26,1,551.0,48.0,19,12,5,11.0,25,284.0,115.0,0,0,0,0,0,0,aeeem,org::eclipse::mylyn::zest::core::widgets::Graph,352.0,35,1,2,103.714,935.0,583.0,1,336.0,26.7143,207.0,16.6571,313.0,10.0571,13.9261,29,26,0,0,0,8.7128,0.173404,0.0251175,0.24547,0.0309471,True
aeeem,org::eclipse::mylyn::internal::wikitext::confluence::core::block::HeadingBlock,11,3,1,10,6,0,4,4,40.0,4.0,43,3,0,0.0,4,24.0,11.0,0,0,0,0,0,0,aeeem,org::eclipse::mylyn::internal::wikitext::confluence::core::block::HeadingBlock,1.0,4,2,0,32.7143,8.0,7.0,0,5.0,2.0,4.0,1.75,1.0,0.25,5.85714,3,3,0,0,0,1.49003,0.00153427,0.0435179,0.121386,0.116244,True
aeeem,org::eclipse::mylyn::internal::bugzilla::core::history::TaskHistory,4,1,2,2,55,0,6,0,69.0,11.0,18,6,1,0.0,10,27.0,15.0,0,0,0,0,0,0,aeeem,org::eclipse::mylyn::internal::bugzilla::core::history::TaskHistory,3.0,11,3,0,109.0,135.0,132.0,0,118.0,12.2727,118.0,12.0,118.0,0.272727,9.08466,7,3,0,0,3,7.66451,0.0278785,0.163151,9.27709,0.247201,True
aeeem,org::eclipse::mylyn::internal::java::tasks::JavaStackTraceFileHyperlink,6,1,3,3,55,0,3,0,161.0,11.0,10,3,2,0.0,6,43.0,26.0,0,0,0,0,0,0,aeeem,org::eclipse::mylyn::internal::java::tasks::JavaStackTraceFileHyperlink,12.0,3,1,0,47.5714,23.0,11.0,0,13.0,7.66667,9.0,3.66667,8.0,4.0,27.0621,3,0,0,0,1,0.0,0.0,0.0,0.0,0.0,True
aeeem,org::eclipse::mylyn::internal::pde::ui::junit::TaskContextPdeJUnitLaunchConfiguration,2,1,0,2,0,0,0,0,14.0,1.0,0,0,0,0.0,0,8.0,1.0,0,0,0,0,0,0,aeeem,org::eclipse::mylyn::internal::pde::ui::junit::TaskContextPdeJUnitLaunchConfiguration,15.0,15,2,1,91.5714,39.0,24.0,0,7.0,2.6,5.0,1.6,5.0,1.0,44.0696,10,2,0,0,4,6.00895,0.00414486,0.163962,9.24389,0.270884,True
aeeem,org::eclipse::mylyn::internal::context::ui::wizards::ContextAttachWizardPage,3,1,1,2,3,0,3,0,39.0,3.0,0,3,0,0.0,2,9.0,3.0,0,0,0,0,0,0,aeeem,org::eclipse::mylyn::internal::context::ui::wizards::ContextAttachWizardPage,-14.0,11,2,0,50.2857,26.0,40.0,0,7.0,2.36364,17.0,3.63636,3.0,-1.27273,23.4286,10,5,0,0,6,6.03182,0.00883316,0.181972,9.28068,0.351238,True
aeeem,org::eclipse::mylyn::internal::monitor::reports::ui::actions::FocusedUiUserAnalysisAction,4,1,0,4,3,0,0,0,38.0,3.0,9,0,0,0.0,3,10.0,4.0,0,0,0,0,0,0,aeeem,org::eclipse::mylyn::internal::monitor::reports::ui::actions::FocusedUiUserAnalysisAction,6.0,12,2,0,92.5714,24.0,18.0,1,4.0,2.0,4.0,1.5,3.0,0.5,32.8988,9,2,0,0,7,8.92203,0.00426496,0.17826,9.34026,0.315232,True
aeeem,org::eclipse::mylyn::tasks::core::data::TaskRelation,10,1,7,3,36,0,3,0,47.0,9.0,9,3,1,0.0,8,19.0,14.0,0,0,0,0,0,0,aeeem,org::eclipse::mylyn::tasks::core::data::TaskRelation,56.0,6,2,0,44.7143,59.0,3.0,0,24.0,9.83333,1.0,0.5,24.0,9.33333,7.60291,4,2,0,0,3,4.72107,0.00857859,0.172173,9.23015,0.313853,True
aeeem,org::eclipse::mylyn::internal::tasks::ui::views::UpdateRepositoryConfigurationAction,13,2,4,9,3,0,1,0,50.0,3.0,6,1,0,0.0,3,22.0,3.0,0,0,0,0,0,0,aeeem,org::eclipse::mylyn::internal::tasks::ui::views::UpdateRepositoryConfigurationAction,14.0,7,2,0,47.1429,25.0,11.0,0,7.0,3.57143,5.0,1.57143,5.0,2.0,18.8,6,1,0,0,5,4.10346,0.00153489,0.157601,9.18766,0.259133,True
aeeem,org::eclipse::mylyn::internal::trac::core::client::TracWebClient,36,2,1,35,231,0,2,21,553.0,22.0,55,2,8,0.0,14,347.0,126.0,0,0,0,0,0,0,aeeem,org::eclipse::mylyn::internal::trac::core::client::TracWebClient,1.0,11,2,1,39.5714,99.0,98.0,0,68.0,9.0,68.0,8.90909,4.0,0.0909091,20.9192,8,5,1,1,3,3.83471,0.0111633,0.165333,9.1954,0.284069,True
aeeem,org::eclipse::mylyn::internal::tasks::ui::actions::OpenWithBrowserAction,5,1,2,3,3,0,1,0,28.0,3.0,0,0,1,0.0,2,14.0,9.0,0,0,0,0,0,0,aeeem,org::eclipse::mylyn::internal::tasks::ui::actions::OpenWithBrowserAction,-2.0,28,3,0,139.571,60.0,62.0,0,7.0,2.14286,7.0,2.21429,3.0,-0.0714286,60.7881,21,7,0,0,11,16.988,0.0157264,0.201654,9.56177,0.353594,True
aeeem,org::eclipse::mylyn::internal::tasks::ui::editors::DateAttributeEditor,8,2,2,6,28,0,2,0,105.0,8.0,32,2,1,0.0,6,42.0,12.0,2,1,0,0,0,1,aeeem,org::eclipse::mylyn::internal::tasks::ui::editors::DateAttributeEditor,63.0,28,3,1,62.8571,188.0,125.0,0,58.0,6.71429,47.0,4.46429,13.0,2.25,23.386,22,11,0,0,10,11.7859,0.0252901,0.258477,9.56773,0.588659,True
aeeem,org::eclipse::mylyn::internal::jira::core::model::Messages,0,1,0,0,0,0,2,0,2.0,1.0,0,1,1,1.0,0,1.0,1.0,0,0,0,0,0,0,aeeem,org::eclipse::mylyn::internal::jira::core::model::Messages,0.0,1,1,0,7.0,0.0,0.0,0,0.0,0.0,0.0,0.0,0.0,0.0,0.0,1,1,0,0,0,0.0,0.0,0.0,0.0,0.0,True
aeeem,org::eclipse::mylyn::internal::wikitext::core::parser::builder::SplittingStrategy,1,1,1,0,3,2,0,0,0.0,3.0,9,0,0,0.0,3,3.0,0.0,0,0,0,0,0,0,aeeem,org::eclipse::mylyn::internal::wikitext::core::parser::builder::SplittingStrategy,0.0,3,2,0,32.7143,7.0,7.0,0,5.0,2.33333,6.0,2.33333,1.0,0.0,4.08163,2,2,0,0,0,1.49003,0.00187522,0.0435179,0.121386,0.116244,True
aeeem,org::eclipse::mylyn::zest::tests::swt::GraphSnippet4,3,1,0,3,1,0,0,0,53.0,2.0,9,0,0,0.0,2,14.0,4.0,0,0,0,0,0,0,aeeem,org::eclipse::mylyn::zest::tests::swt::GraphSnippet4,0.0,2,1,0,80.8571,1.0,1.0,0,1.0,0.5,1.0,0.5,0.0,0.0,0.0,2,2,0,0,0,0.903836,0.000272771,0.00316207,0.0269541,0.00573197,True
aeeem,org::eclipse::mylyn::internal::bugzilla::ui::tasklist::BugzillaConnectorUi,17,2,0,17,136,0,3,0,131.0,17.0,31,3,2,0.0,15,73.0,38.0,0,0,0,0,0,0,aeeem,org::eclipse::mylyn::internal::bugzilla::ui::tasklist::BugzillaConnectorUi,116.0,42,3,0,133.571,442.0,326.0,1,165.0,10.5238,65.0,7.7619,111.0,2.7619,73.1603,23,11,1,0,12,9.5246,0.0385125,0.194387,9.38645,0.385804,True
aeeem,org::eclipse::mylyn::internal::jira::core::wsdl::beans::RemoteCustomFieldValue,6,1,1,5,66,0,6,0,76.0,12.0,18,6,0,0.0,12,33.0,35.0,0,0,0,0,0,0,aeeem,org::eclipse::mylyn::internal::jira::core::wsdl::beans::RemoteCustomFieldValue,-19.0,9,2,0,110.714,195.0,214.0,0,168.0,21.6667,187.0,23.7778,7.0,-2.11111,24.4513,7,4,1,1,5,5.94514,0.0148224,0.153982,9.22122,0.218565,True
aeeem,org::eclipse::mylyn::internal::jira::core::service::web::rss::JiraRssClient,3,1,1,3,15,0,2,0,98.0,6.0,9,2,1,0.0,5,17.0,14.0,0,0,0,0,0,0,aeeem,org::eclipse::mylyn::internal::jira::core::service::web::rss::JiraRssClient,9.0,9,2,1,54.0,95.0,86.0,0,56.0,10.5556,50.0,9.55556,6.0,1.0,17.9504,8,4,2,0,4,3.82368,0.0163393,0.152913,9.17185,0.238772,True
aeeem,org::eclipse::mylyn::internal::tasks::core::TaskRepositoryLocation,6,2,2,4,3,1,1,0,25.0,3.0,15,0,0,0.0,3,14.0,7.0,0,0,0,0,0,0,aeeem,org::eclipse::mylyn::internal::tasks::core::TaskRepositoryLocation,-24.0,17,3,2,72.5714,75.0,99.0,0,24.0,4.41176,54.0,5.82353,23.0,-1.41176,33.9124,16,7,1,0,7,10.259,0.0154551,0.202873,9.42115,0.417105,True
aeeem,org::xplanner::soap::TaskData,13,2,8,5,496,0,16,0,168.0,32.0,37,16,0,0.0,32,77.0,71.0,0,0,0,0,0,0,aeeem,org::xplanner::soap::TaskData,-47.0,6,2,0,93.7143,471.0,518.0,0,467.0,78.5,514.0,86.3333,0.0,-7.83333,39.1131,4,1,0,0,3,6.45512,0.0734544,0.0300186,0.209384,0.084371,True
aeeem,org::eclipse::mylyn::internal::monitor::core::collection::ViewUsageCollector,7,1,3,4,55,1,3,0,103.0,11.0,14,0,1,0.0,10,54.0,21.0,0,0,0,0,0,0,aeeem,org::eclipse::mylyn::internal::monitor::core::collection::ViewUsageCollector,15.0,7,2,0,109.857,38.0,23.0,1,15.0,5.42857,10.0,3.28571,12.0,2.14286,47.921,6,2,0,0,4,6.7028,0.00484955,0.155439,9.24064,0.217847,True
aeeem,org::eclipse::mylyn::internal::commons::net::TrustAllTrustManager,1,1,1,0,6,0,0,0,9.0,4.0,27,0,0,0.0,4,4.0,3.0,0,0,0,0,0,0,aeeem,org::eclipse::mylyn::internal::commons::net::TrustAllTrustManager,3.0,2,1,0,45.8571,5.0,2.0,0,5.0,2.5,2.0,1.0,3.0,1.5,19.2857,2,0,0,0,2,1.84703,0.00132824,0.136921,9.09329,0.175609,True
aeeem,org::eclipse::mylyn::internal::java::ui::search::XmlActiveSearchUpdater,4,1,1,3,21,0,1,0,61.0,7.0,9,1,1,0.0,6,17.0,13.0,0,0,0,0,0,0,aeeem,org::eclipse::mylyn::internal::java::ui::search::XmlActiveSearchUpdater,2.0,8,2,0,92.4286,23.0,21.0,1,8.0,2.875,8.0,2.625,4.0,0.25,36.5155,7,0,0,0,6,6.72981,0.00336211,0.164369,9.2609,0.265607,True
aeeem,org::eclipse::mylyn::internal::java::ui::junit::TaskContextJUnitTabGroup,1,1,0,1,1,0,0,0,9.0,2.0,0,0,0,0.0,2,6.0,2.0,0,0,0,0,0,0,aeeem,org::eclipse::mylyn::internal::java::ui::junit::TaskContextJUnitTabGroup,-4.0,5,1,0,92.5714,9.0,13.0,0,5.0,1.8,6.0,2.6,3.0,-0.8,37.7778,3,2,0,0,2,3.17351,0.00184585,0.140881,9.13106,0.180758,True
aeeem,org::eclipse::mylyn::internal::tasks::core::data::TaskDataManager,43,1,21,23,351,0,11,0,415.0,27.0,14,11,9,0.0,17,167.0,66.0,0,0,0,0,0,0,aeeem,org::eclipse::mylyn::internal::tasks::core::data::TaskDataManager,185.0,50,3,3,46.5714,796.0,611.0,0,133.0,15.92,206.0,12.22,74.0,3.7,3.49444,35,21,2,0,24,8.88046,0.0647233,0.248536,9.47878,0.553577,True
aeeem,org::eclipse::mylyn::internal::jira::ui::wizards::JiraProjectPage,21,1,3,18,36,0,2,0,263.0,9.0,0,2,5,0.0,4,71.0,29.0,2,2,0,0,1,1,aeeem,org::eclipse::mylyn::internal::jira::ui::wizards::JiraProjectPage,152.0,38,3,0,108.286,490.0,338.0,1,157.0,12.8947,104.0,8.89474,157.0,4.0,44.7297,32,17,0,0,14,15.4586,0.101112,0.211328,9.55533,0.41208,True
aeeem,org::eclipse::mylyn::internal::java::ui::actions::ToggleActiveFoldingAction,2,1,0,2,36,0,2,0,41.0,9.0,0,2,1,0.0,8,18.0,11.0,0,0,0,0,0,0,aeeem,org::eclipse::mylyn::internal::java::ui::actions::ToggleActiveFoldingAction,10.0,26,2,0,163.857,110.0,100.0,2,54.0,4.23077,43.0,3.84615,11.0,0.384615,37.9013,17,7,1,1,12,16.1747,0.128868,0.19654,9.53121,0.347806,True
aeeem,org::eclipse::mylyn::internal::sandbox::ui::highlighters::HighlighterList,10,1,5,5,78,0,2,0,116.0,13.0,9,1,2,0.0,11,48.0,21.0,0,0,0,0,0,0,aeeem,org::eclipse::mylyn::internal::sandbox::ui::highlighters::HighlighterList,5.0,3,2,0,43.5714,7.0,2.0,0,6.0,2.33333,1.0,0.666667,5.0,1.66667,19.5102,2,0,0,0,1,1.84703,0.00132824,0.136921,9.09329,0.175609,True
aeeem,org::eclipse::mylyn::internal::provisional::commons::ui::CommonTextSupport,11,1,10,2,153,0,5,0,193.0,18.0,9,4,8,1.0,10,111.0,53.0,0,0,0,0,0,0,aeeem,org::eclipse::mylyn::internal::provisional::commons::ui::CommonTextSupport,0.0,1,1,0,9.0,0.0,0.0,0,0.0,0.0,0.0,0.0,0.0,0.0,0.0,1,1,0,0,1,0.0,0.0,0.0,0.0,0.0,True
aeeem,org::eclipse::mylyn::internal::jira::core::model::NamedFilter,5,1,5,0,66,0,6,0,33.0,12.0,18,6,0,0.0,12,12.0,11.0,0,0,0,0,0,0,aeeem,org::eclipse::mylyn::internal::jira::core::model::NamedFilter,2.0,8,2,0,110.714,11.0,9.0,0,5.0,1.375,4.0,1.125,4.0,0.25,59.3766,5,3,0,0,4,6.12798,0.00246578,0.159827,9.2369,0.246034,True
aeeem,org::eclipse::mylyn::internal::wikitext::ui::util::css::editor::CssPartitionScanner,1,1,1,0,0,0,2,0,8.0,1.0,0,0,0,0.0,1,5.0,1.0,0,0,0,0,0,0,aeeem,org::eclipse::mylyn::internal::wikitext::ui::util::css::editor::CssPartitionScanner,0.0,1,1,0,6.42857,0.0,0.0,0,0.0,0.0,0.0,0.0,0.0,0.0,0.0,1,0,0,0,0,0.0,0.0,0.0,0.0,0.0,True
aeeem,org::eclipse::mylyn::internal::wikitext::mediawiki::core::token::TemplateReplacementToken,2,2,1,1,6,0,1,0,9.0,4.0,22,1,0,0.0,1,5.0,3.0,0,0,0,0,0,0,aeeem,org::eclipse::mylyn::internal::wikitext::mediawiki::core::token::TemplateReplacementToken,1.0,3,2,0,32.7143,21.0,20.0,0,11.0,7.0,11.0,6.66667,1.0,0.333333,7.55102,3,3,0,0,0,1.49003,0.00323901,0.0435179,0.121386,0.116244,True
aeeem,org::eclipse::mylyn::internal::tasks::bugs::wizards::Messages,0,1,0,0,0,0,11,0,3.0,1.0,0,1,0,10.0,1,2.0,1.0,1,0,0,0,0,1,aeeem,org::eclipse::mylyn::internal::tasks::bugs::wizards::Messages,0.0,3,1,0,14.7143,47.0,47.0,0,47.0,15.6667,47.0,15.6667,47.0,0.0,0.714286,2,0,0,0,0,0.0,0.0,0.0,0.0,0.0,True
aeeem,org::eclipse::mylyn::internal::context::core::InteractionContextElement,10,2,4,7,105,0,5,0,65.0,15.0,17,5,0,0.0,14,32.0,20.0,0,0,0,0,0,0,aeeem,org::eclipse::mylyn::internal::context::core::InteractionContextElement,16.0,12,2,0,94.2857,41.0,25.0,0,9.0,3.41667,6.0,2.08333,8.0,1.33333,49.6446,9,4,1,0,3,6.61084,0.00556977,0.156796,9.24227,0.225424,True
aeeem,org::eclipse::mylyn::internal::tasks::ui::search::CreateQueryFromSearchAction,8,1,1,8,1,0,1,0,32.0,2.0,0,1,0,0.0,2,19.0,7.0,0,0,0,0,0,0,aeeem,org::eclipse::mylyn::internal::tasks::ui::search::CreateQueryFromSearchAction,10.0,20,2,0,90.1429,47.0,37.0,0,6.0,2.35,5.0,1.85,4.0,0.5,47.3647,13,7,1,0,8,8.64868,0.00863574,0.194262,9.36553,0.386668,True
aeeem,org::eclipse::mylyn::internal::context::ui::TaskContextWorkingSetPage,3,1,0,3,15,0,3,0,81.0,6.0,0,2,0,0.0,6,22.0,9.0,0,0,0,0,0,0,aeeem,org::eclipse::mylyn::internal::context::ui::TaskContextWorkingSetPage,1.0,12,2,0,92.5714,31.0,30.0,0,11.0,2.58333,11.0,2.5,3.0,0.0833333,44.7235,10,4,0,0,7,9.8172,0.00328805,0.189651,9.3836,0.3613,True
aeeem,org::eclipse::mylyn::tasks::ui::AbstractRepositoryConnectorUi,29,1,28,2,231,7,2,0,57.0,22.0,9,2,0,0.0,22,26.0,19.0,0,0,0,0,0,0,aeeem,org::eclipse::mylyn::tasks::ui::AbstractRepositoryConnectorUi,291.0,86,3,1,133.571,697.0,406.0,4,68.0,8.10465,55.0,4.72093,66.0,3.38372,52.1041,59,27,3,2,29,28.3288,0.118643,0.283655,9.98275,0.596522,True
aeeem,org::eclipse::mylyn::internal::jira::core::html::HTML2TextReader,9,3,2,7,78,0,7,2,221.0,13.0,45,7,5,0.0,2,91.0,70.0,0,0,0,0,0,0,aeeem,org::eclipse::mylyn::internal::jira::core::html::HTML2TextReader,1.0,3,2,0,118.714,2.0,1.0,0,2.0,0.666667,1.0,0.333333,1.0,0.333333,7.14286,3,1,1,0,1,1.27192,0.00100938,0.0028595,0.0335131,0.00164597,True
aeeem,org::eclipse::mylyn::tasks::core::TaskRepositoryLocationFactory,8,1,7,1,1,1,0,0,3.0,2.0,9,0,0,0.0,2,3.0,1.0,0,0,0,0,0,0,aeeem,org::eclipse::mylyn::tasks::core::TaskRepositoryLocationFactory,6.0,4,3,0,72.5714,9.0,3.0,0,4.0,2.25,1.0,0.75,3.0,1.5,39.381,3,1,0,0,2,3.32672,0.00125579,0.149833,9.15394,0.227553,True
aeeem,org::eclipse::mylyn::examples::monitor::study::QuestionnaireWizardPage,6,2,0,6,66,0,25,0,193.0,12.0,2,25,2,0.0,10,39.0,23.0,0,0,0,0,0,0,aeeem,org::eclipse::mylyn::examples::monitor::study::QuestionnaireWizardPage,1.0,15,2,0,109.857,32.0,31.0,4,6.0,2.13333,4.0,2.06667,5.0,0.0666667,34.0,9,3,0,0,8,8.87878,0.00735933,0.169612,9.31915,0.268958,True
aeeem,org::eclipse::mylyn::internal::monitor::usage::editors::UsageStatsEditorInput,7,1,5,2,45,0,3,0,39.0,10.0,9,3,0,0.0,10,13.0,12.0,0,0,0,0,0,0,aeeem,org::eclipse::mylyn::internal::monitor::usage::editors::UsageStatsEditorInput,-25.0,12,2,0,109.857,17.0,42.0,1,4.0,1.41667,25.0,3.5,2.0,-2.08333,45.5042,7,2,0,0,4,10.0294,0.00639218,0.171891,9.34947,0.267771,True
aeeem,org::eclipse::mylyn::internal::trac::core::client::TracProxyAuthenticationException,1,2,1,0,0,0,1,0,2.0,1.0,26,1,0,0.0,1,1.0,1.0,0,0,0,0,0,0,aeeem,org::eclipse::mylyn::internal::trac::core::client::TracProxyAuthenticationException,3.0,4,2,0,39.5714,6.0,3.0,0,4.0,1.5,1.0,0.75,3.0,0.75,15.9524,2,1,0,0,2,1.84703,0.00132824,0.136921,9.09329,0.175609,True
aeeem,org::eclipse::mylyn::internal::monitor::core::collection::CommandUsageCollector,5,1,1,4,21,0,2,0,23.0,7.0,14,2,0,0.0,7,15.0,7.0,0,0,0,0,0,0,aeeem,org::eclipse::mylyn::internal::monitor::core::collection::CommandUsageCollector,6.0,8,2,0,109.857,19.0,13.0,1,7.0,2.375,5.0,1.625,5.0,0.75,53.3383,6,2,0,0,4,6.7028,0.00300924,0.155439,9.24064,0.217847,True
aeeem,upload::MylarUsageUploadServlet,7,1,0,7,1,0,5,0,64.0,2.0,45,4,1,0.0,0,28.0,4.0,0,0,0,0,0,0,aeeem,upload::MylarUsageUploadServlet,11.0,4,1,0,103.714,13.0,2.0,0,7.0,3.25,1.0,0.5,7.0,2.75,39.5385,3,1,0,0,2,4.54213,0.0021912,0.146593,9.17414,0.194546,True
aeeem,org::eclipse::mylyn::internal::wikitext::ui::editor::reconciler::MarkupMonoReconciler,2,1,2,0,1,0,0,0,6.0,2.0,0,0,0,0.0,2,3.0,2.0,0,0,0,0,0,0,aeeem,org::eclipse::mylyn::internal::wikitext::ui::editor::reconciler::MarkupMonoReconciler,-1.0,2,1,0,32.7143,3.0,4.0,0,3.0,1.5,4.0,2.0,0.0,-0.5,1.71429,2,2,0,0,0,1.49003,0.00119332,0.0435179,0.121386,0.116244,True
aeeem,org::eclipse::mylyn::internal::tasks::core::TaskCategory,17,4,16,1,6,0,1,0,20.0,4.0,51,1,0,0.0,4,5.0,6.0,0,0,0,0,0,0,aeeem,org::eclipse::mylyn::internal::tasks::core::TaskCategory,25.0,14,3,0,90.4286,57.0,32.0,0,17.0,4.07143,5.0,2.28571,17.0,1.78571,41.5739,11,6,0,0,8,9.8218,0.0113829,0.192644,9.38967,0.373022,True
aeeem,org::eclipse::mylyn::internal::tasks::ui::TaskListNotificationManager,10,1,4,7,45,0,8,0,70.0,10.0,9,8,1,0.0,9,39.0,16.0,0,0,0,0,0,0,aeeem,org::eclipse::mylyn::internal::tasks::ui::TaskListNotificationManager,-9.0,36,3,0,139.571,282.0,291.0,0,60.0,7.83333,75.0,8.08333,34.0,-0.25,70.1413,21,9,0,0,12,18.2473,0.187909,0.225382,9.64369,0.446188,True
aeeem,org::eclipse::mylyn::internal::wikitext::twiki::core::token::WikiWordReplacementToken,2,2,1,1,6,0,1,0,9.0,4.0,22,1,0,0.0,1,5.0,3.0,0,0,0,0,0,0,aeeem,org::eclipse::mylyn::internal::wikitext::twiki::core::token::WikiWordReplacementToken,0.0,3,1,0,23.8571,5.0,5.0,0,4.0,1.66667,4.0,1.66667,0.0,0.0,5.02857,3,2,0,0,0,0.0,0.0,0.0,0.0,0.0,True
aeeem,org::eclipse::mylyn::wikitext::ui::commands::AbstractMarkupResourceHandler,4,1,0,4,6,2,1,0,59.0,4.0,0,0,0,0.0,3,18.0,11.0,2,0,0,0,0,1,aeeem,org::eclipse::mylyn::wikitext::ui::commands::AbstractMarkupResourceHandler,19.0,8,2,2,32.7143,64.0,45.0,0,35.0,8.0,27.0,5.625,9.0,2.375,6.95089,6,6,1,0,0,2.38141,0.0109383,0.132656,9.07779,0.205382,True
aeeem,org::eclipse::mylyn::internal::bugzilla::ui::tasklist::BugzillaCustomQueryDialog,0,1,0,0,15,0,7,0,64.0,6.0,0,7,0,0.0,4,12.0,9.0,0,0,0,0,0,0,aeeem,org::eclipse::mylyn::internal::bugzilla::ui::tasklist::BugzillaCustomQueryDialog,9.0,7,3,0,164.0,23.0,14.0,1,6.0,3.28571,4.0,2.0,5.0,1.28571,99.5466,5,2,0,0,4,6.55674,0.00759501,0.159372,9.24365,0.243327,True
aeeem,org::eclipse::mylyn::internal::jira::ui::wizards::JiraFilterDefinitionPage,32,3,2,30,253,0,55,0,1346.0,23.0,14,30,12,25.0,8,475.0,159.0,1,0,0,0,1,1,aeeem,org::eclipse::mylyn::internal::jira::ui::wizards::JiraFilterDefinitionPage,60.0,8,2,0,44.5714,215.0,155.0,0,133.0,26.875,81.0,19.375,52.0,7.5,33.7694,6,2,0,0,3,1.84703,0.00208724,0.136921,9.09329,0.175609,True
aeeem,org::eclipse::mylyn::internal::resources::ui::ResourceInterestUpdater,14,1,5,9,10,0,2,0,53.0,5.0,9,1,2,0.0,3,27.0,11.0,0,0,0,0,0,0,aeeem,org::eclipse::mylyn::internal::resources::ui::ResourceInterestUpdater,10.0,16,2,0,92.4286,52.0,42.0,1,7.0,3.25,6.0,2.625,4.0,0.625,45.7005,12,2,0,0,7,9.16262,0.00692977,0.187977,9.36475,0.357266,True
aeeem,org::eclipse::mylyn::internal::xplanner::ui::XPlannerRepositoryUtils,42,1,8,37,946,0,4,0,681.0,44.0,9,3,2,0.0,40,309.0,106.0,2,2,0,0,0,1,aeeem,org::eclipse::mylyn::internal::xplanner::ui::XPlannerRepositoryUtils,20.0,2,1,1,6.42857,36.0,16.0,0,36.0,18.0,16.0,8.0,20.0,10.0,2.71429,2,2,1,0,1,0.0,0.0,0.0,0.0,0.0,True
aeeem,org::eclipse::mylyn::internal::tasks::bugs::wizards::ReportBugOrEnhancementWizard,7,1,0,7,15,0,2,0,54.0,6.0,0,2,1,0.0,5,28.0,14.0,1,0,0,0,0,1,aeeem,org::eclipse::mylyn::internal::tasks::bugs::wizards::ReportBugOrEnhancementWizard,36.0,9,2,0,42.8571,68.0,32.0,0,27.0,7.55556,12.0,3.55556,15.0,4.0,6.2584,7,1,0,0,2,3.37801,0.00890612,0.154967,9.16485,0.247924,True
aeeem,org::eclipse::mylyn::zest::layouts::algorithms::HorizontalShift,5,2,2,3,36,0,2,8,87.0,9.0,63,2,1,0.0,2,39.0,13.0,0,0,0,0,0,0,aeeem,org::eclipse::mylyn::zest::layouts::algorithms::HorizontalShift,21.0,5,1,1,121.714,32.0,11.0,0,24.0,6.4,5.0,2.2,19.0,4.2,13.7723,4,3,0,0,0,4.01835,0.016031,0.0115572,0.113005,0.0148007,True
aeeem,org::eclipse::mylyn::internal::monitor::ui::KeybindingCommandMonitor,3,2,1,2,1,0,1,0,4.0,2.0,16,0,0,0.0,1,5.0,1.0,0,0,0,0,0,0,aeeem,org::eclipse::mylyn::internal::monitor::ui::KeybindingCommandMonitor,-1.0,6,2,0,90.7143,7.0,8.0,0,4.0,1.16667,4.0,1.33333,3.0,-0.166667,58.6531,4,0,0,0,2,4.57121,0.00119132,0.152088,9.18643,0.225109,True
aeeem,org::eclipse::mylyn::monitor::ui::AbstractUserActivityMonitor,2,1,2,0,15,1,1,0,16.0,6.0,9,1,0,0.0,6,6.0,4.0,0,0,0,0,0,0,aeeem,org::eclipse::mylyn::monitor::ui::AbstractUserActivityMonitor,30.0,17,3,2,101.857,109.0,79.0,1,37.0,6.41176,37.0,4.64706,37.0,1.76471,32.5374,12,8,0,0,5,11.5798,0.0229793,0.188838,9.41912,0.335945,True
aeeem,org::eclipse::mylyn::commons::core::CoreUtil,0,1,0,0,0,0,1,0,0.0,0.0,9,0,0,0.0,0,0.0,0.0,0,0,0,0,0,0,aeeem,org::eclipse::mylyn::commons::core::CoreUtil,14.0,6,2,0,46.0,21.0,7.0,0,9.0,3.5,4.0,1.16667,8.0,2.33333,19.068,6,2,0,0,3,3.26838,0.00375372,0.155894,9.16383,0.24972,True
aeeem,org::eclipse::mylyn::internal::tasks::ui::views::TaskDetailLabelProvider,8,1,1,7,3,0,0,0,24.0,3.0,0,0,0,0.0,3,18.0,5.0,0,0,0,0,0,0,aeeem,org::eclipse::mylyn::internal::tasks::ui::views::TaskDetailLabelProvider,6.0,10,3,0,72.5714,24.0,18.0,0,6.0,2.4,5.0,1.8,3.0,0.6,30.6488,8,4,0,0,5,4.07843,0.002774,0.156952,9.18579,0.256126,True
aeeem,org::eclipse::mylyn::internal::trac::core::client::TracPermissionDeniedException,0,2,0,0,0,0,1,0,3.0,1.0,26,1,0,0.0,1,1.0,1.0,0,0,0,0,0,0,aeeem,org::eclipse::mylyn::internal::trac::core::client::TracPermissionDeniedException,3.0,4,2,0,39.5714,6.0,3.0,0,4.0,1.5,1.0,0.75,3.0,0.75,15.9524,2,1,0,0,2,1.84703,0.00132824,0.136921,9.09329,0.175609,True
aeeem,org::eclipse::mylyn::internal::context::ui::editors::ScalableInterestFilter,5,2,2,3,1,0,1,0,10.0,2.0,7,1,0,0.0,1,7.0,3.0,0,0,0,0,0,0,aeeem,org::eclipse::mylyn::internal::context::ui::editors::ScalableInterestFilter,10.0,8,1,0,108.571,30.0,20.0,0,15.0,3.75,5.0,2.5,14.0,1.25,19.2333,6,3,0,0,2,7.42519,0.010797,0.153737,9.25225,0.199544,True
aeeem,org::eclipse::mylyn::zest::core::viewers::internal::GraphModelEntityFactory,7,2,1,6,10,0,1,0,102.0,5.0,45,0,1,1.0,3,68.0,26.0,0,0,0,0,0,0,aeeem,org::eclipse::mylyn::zest::core::viewers::internal::GraphModelEntityFactory,0.0,5,1,0,103.714,29.0,29.0,1,12.0,5.8,12.0,5.8,0.0,0.0,4.53695,0,0,0,0,0,3.60736,0.00589485,0.00959365,0.0994158,0.00945193,True
aeeem,org::eclipse::mylyn::internal::xplanner::ui::wizard::EditXPlannerQueryWizard,14,2,1,13,10,0,2,0,60.0,5.0,4,2,1,0.0,4,32.0,12.0,0,0,0,0,0,0,aeeem,org::eclipse::mylyn::internal::xplanner::ui::wizard::EditXPlannerQueryWizard,0.0,1,1,0,6.42857,0.0,0.0,0,0.0,0.0,0.0,0.0,0.0,0.0,0.0,1,1,1,0,1,0.0,0.0,0.0,0.0,0.0,True
aeeem,org::eclipse::mylyn::internal::xplanner::core::service::soap::SoapXPlannerService,7,3,1,6,780,0,4,0,139.0,40.0,58,3,0,1.0,40,98.0,40.0,0,0,0,0,0,0,aeeem,org::eclipse::mylyn::internal::xplanner::core::service::soap::SoapXPlannerService,0.0,1,1,0,6.42857,0.0,0.0,0,0.0,0.0,0.0,0.0,0.0,0.0,0.0,1,1,1,0,1,0.0,0.0,0.0,0.0,0.0,True
aeeem,org::eclipse::mylyn::wikitext::core::parser::HeadingAttributes,2,2,2,0,3,0,1,0,6.0,3.0,20,1,0,0.0,3,3.0,2.0,0,0,0,0,0,0,aeeem,org::eclipse::mylyn::wikitext::core::parser::HeadingAttributes,1.0,3,2,1,26.5714,2.0,1.0,0,1.0,0.666667,1.0,0.333333,1.0,0.333333,17.4286,2,1,0,0,0,0.0,0.0,0.0,0.0,0.0,True
aeeem,org::eclipse::mylyn::internal::wikitext::ui::viewer::annotation::BulletDrawingStrategy,2,1,1,1,1,0,0,0,62.0,2.0,9,0,0,0.0,2,10.0,9.0,0,0,0,0,0,0,aeeem,org::eclipse::mylyn::internal::wikitext::ui::viewer::annotation::BulletDrawingStrategy,20.0,6,2,1,32.7143,34.0,14.0,0,11.0,5.66667,12.0,2.33333,10.0,3.33333,16.4076,3,2,0,0,0,1.49003,0.00443233,0.0435179,0.121386,0.116244,True
aeeem,org::eclipse::mylyn::internal::tasks::ui::TaskCompletionFilter,2,2,0,2,0,0,0,0,20.0,1.0,11,0,0,0.0,1,4.0,5.0,0,0,0,0,0,0,aeeem,org::eclipse::mylyn::internal::tasks::ui::TaskCompletionFilter,5.0,22,3,0,139.571,74.0,69.0,0,18.0,3.36364,18.0,3.13636,17.0,0.227273,74.7008,15,7,0,0,12,14.5746,0.0229729,0.212668,9.53237,0.381533,True
aeeem,org::eclipse::mylyn::internal::tasks::ui::editors::TaskUrlHyperlinkDetector,7,1,2,5,3,0,0,0,132.0,3.0,0,0,1,0.0,2,22.0,31.0,0,0,0,0,0,0,aeeem,org::eclipse::mylyn::internal::tasks::ui::editors::TaskUrlHyperlinkDetector,56.0,9,2,0,90.4286,79.0,23.0,0,36.0,8.77778,10.0,2.55556,31.0,6.22222,55.4792,8,3,2,0,5,5.95209,0.0069611,0.167245,9.2488,0.283705,True
aeeem,org::eclipse::mylyn::internal::jira::ui::Messages,0,1,0,0,0,0,10,0,3.0,1.0,0,1,0,9.0,1,2.0,1.0,0,0,0,0,0,0,aeeem,org::eclipse::mylyn::internal::jira::ui::Messages,0.0,1,1,0,14.8571,0.0,0.0,0,0.0,0.0,0.0,0.0,0.0,0.0,0.0,1,0,0,0,0,0.0,0.0,0.0,0.0,0.0,True
aeeem,org::eclipse::mylyn::internal::hypertext::ui::editors::WebElementsEditor,9,1,5,4,190,0,10,0,246.0,20.0,0,10,9,0.0,11,59.0,25.0,0,0,0,0,0,0,aeeem,org::eclipse::mylyn::internal::hypertext::ui::editors::WebElementsEditor,-123.0,6,1,0,164.0,12.0,135.0,1,5.0,2.0,124.0,22.5,0.0,-20.5,7.95238,3,2,0,0,3,3.10205,0.110154,0.00467321,0.0739314,0.000457303,True
aeeem,org::eclipse::mylyn::internal::java::ui::JavaUiUtil,7,1,4,3,6,0,6,0,57.0,4.0,9,1,0,0.0,4,28.0,10.0,1,1,0,0,0,1,aeeem,org::eclipse::mylyn::internal::java::ui::JavaUiUtil,45.0,30,2,0,164.0,303.0,258.0,3,90.0,10.1,107.0,8.6,42.0,1.5,101.405,18,8,1,0,12,21.6244,0.233167,0.217162,9.69332,0.392566,True
aeeem,org::eclipse::mylyn::internal::jira::core::model::Priority,9,1,8,1,91,0,11,0,51.0,14.0,18,6,0,0.0,14,16.0,16.0,0,0,0,0,0,0,aeeem,org::eclipse::mylyn::internal::jira::core::model::Priority,-36.0,12,2,0,110.714,26.0,62.0,0,7.0,2.16667,26.0,5.16667,7.0,-3.0,58.7198,8,5,1,1,6,9.97052,0.0128782,0.188924,9.38269,0.342781,True
aeeem,org::eclipse::mylyn::internal::wikitext::core::parser::builder::SplittingOutlineParser,6,2,1,5,10,0,1,0,29.0,5.0,19,1,0,0.0,4,21.0,9.0,0,0,0,0,0,0,aeeem,org::eclipse::mylyn::internal::wikitext::core::parser::builder::SplittingOutlineParser,0.0,6,2,1,32.7143,11.0,11.0,0,7.0,1.83333,8.0,1.83333,1.0,0.0,7.36364,3,3,0,0,0,1.49003,0.00255712,0.0435179,0.121386,0.116244,True
aeeem,org::eclipse::mylyn::internal::sandbox::ui::views::ContextContentProvider,12,1,0,12,55,0,4,0,126.0,11.0,9,4,4,0.0,7,67.0,29.0,0,0,0,0,0,0,aeeem,org::eclipse::mylyn::internal::sandbox::ui::views::ContextContentProvider,-2.0,2,2,0,21.5714,0.0,2.0,0,0.0,0.0,2.0,1.0,0.0,-1.0,0.0,2,2,1,0,1,0.0,0.0,0.0,0.0,0.0,True
aeeem,org::eclipse::mylyn::monitor::usage::AbstractStudyBackgroundPage,1,1,1,0,0,0,0,0,0.0,1.0,9,0,0,0.0,1,1.0,0.0,0,0,0,0,0,0,aeeem,org::eclipse::mylyn::monitor::usage::AbstractStudyBackgroundPage,1.0,5,2,0,90.7143,8.0,7.0,0,5.0,1.6,4.0,1.4,4.0,0.2,50.4643,3,1,0,0,2,3.17351,0.00138005,0.140881,9.13106,0.180758,True
aeeem,org::eclipse::mylyn::internal::trac::core::model::TracTicketAttribute,2,1,2,0,10,5,3,0,16.0,5.0,18,3,0,0.0,5,5.0,5.0,0,0,0,0,0,0,aeeem,org::eclipse::mylyn::internal::trac::core::model::TracTicketAttribute,3.0,7,2,0,133.0,10.0,7.0,0,4.0,1.42857,2.0,1.0,3.0,0.428571,89.8857,4,1,0,0,4,5.87331,0.00205253,0.153404,9.21823,0.21647,True
aeeem,org::eclipse::mylyn::wikitext::core::parser::DocumentBuilder,88,1,86,2,153,8,1,0,12.0,18.0,9,0,0,0.0,18,23.0,4.0,1,0,0,0,0,1,aeeem,org::eclipse::mylyn::wikitext::core::parser::DocumentBuilder,-31.0,3,2,0,32.7143,103.0,134.0,0,103.0,34.3333,100.0,44.6667,3.0,-10.3333,1.71429,3,2,0,0,0,1.49003,0.0346063,0.0435179,0.121386,0.116244,True
aeeem,org::eclipse::mylyn::internal::sandbox::ui::hyperlinks::ResourceHyperlinkExtensions,7,1,3,5,15,0,2,0,39.0,6.0,9,2,1,0.0,5,25.0,10.0,0,0,0,0,0,0,aeeem,org::eclipse::mylyn::internal::sandbox::ui::hyperlinks::ResourceHyperlinkExtensions,0.0,4,2,0,34.1429,7.0,7.0,0,4.0,1.75,5.0,1.75,3.0,0.0,6.08163,3,0,0,0,1,3.09898,0.00392057,0.165649,9.17832,0.264732,True
aeeem,org::eclipse::mylyn::internal::wikitext::confluence::core::block::ListBlock,11,3,1,10,28,0,5,4,110.0,8.0,43,4,4,0.0,4,63.0,29.0,0,0,0,0,0,0,aeeem,org::eclipse::mylyn::internal::wikitext::confluence::core::block::ListBlock,1.0,3,2,0,32.7143,20.0,19.0,0,13.0,6.66667,12.0,6.33333,1.0,0.333333,5.61429,3,3,0,0,0,1.49003,0.00426186,0.0435179,0.121386,0.116244,True
aeeem,org::eclipse::mylyn::internal::java::ui::BreakpointsInterestFilter,2,3,1,1,3,0,0,0,15.0,3.0,9,0,0,0.0,2,7.0,4.0,0,0,0,0,0,0,aeeem,org::eclipse::mylyn::internal::java::ui::BreakpointsInterestFilter,1.0,4,1,0,43.0,13.0,12.0,0,6.0,3.25,10.0,3.0,3.0,0.25,6.73626,2,0,0,0,2,4.08479,0.00441223,0.163067,9.19743,0.279559,True
aeeem,org::eclipse::mylyn::internal::bugzilla::ui::editor::BugzillaTaskEditorPage,12,3,2,11,36,1,4,16,166.0,9.0,48,2,3,0.0,2,74.0,22.0,1,0,0,0,1,1,aeeem,org::eclipse::mylyn::internal::bugzilla::ui::editor::BugzillaTaskEditorPage,329.0,27,4,2,42.0,423.0,94.0,0,168.0,15.6667,22.0,3.48148,166.0,12.1852,23.9618,19,11,2,2,15,5.64478,0.0171958,0.206252,9.31996,0.395747,True
aeeem,org::eclipse::mylyn::internal::bugzilla::core::history::ResolutionEvent,2,2,1,2,6,0,2,9,14.0,4.0,30,2,0,0.0,4,11.0,5.0,0,0,0,0,0,0,aeeem,org::eclipse::mylyn::internal::bugzilla::core::history::ResolutionEvent,1.0,11,3,0,109.0,58.0,57.0,0,41.0,5.27273,41.0,5.18182,41.0,0.0909091,17.5443,7,3,0,0,3,7.66451,0.0114296,0.163151,9.27709,0.247201,True
aeeem,org::eclipse::mylyn::internal::bugzilla::core::AbstractReportFactory,14,1,4,10,1,4,3,0,85.0,2.0,9,2,0,0.0,1,20.0,3.0,1,1,0,0,0,1,aeeem,org::eclipse::mylyn::internal::bugzilla::core::AbstractReportFactory,1.0,49,3,1,146.857,523.0,522.0,2,142.0,10.6735,95.0,10.6531,47.0,0.0204082,32.4947,40,20,2,1,24,19.681,0.278898,0.186151,9.58032,0.254718,True
aeeem,org::eclipse::mylyn::internal::tasks::core::sync::SynchronizationSession,6,1,6,0,210,0,10,0,68.0,21.0,22,10,0,0.0,21,24.0,23.0,0,0,0,0,0,0,aeeem,org::eclipse::mylyn::internal::tasks::core::sync::SynchronizationSession,24.0,5,2,0,41.7143,69.0,45.0,0,53.0,13.8,43.0,9.0,11.0,4.8,2.10973,4,1,0,0,3,3.37801,0.0105632,0.154967,9.16485,0.247924,True
aeeem,org::eclipse::mylyn::internal::wikitext::tasks::ui::WikiTextContextUiBridge,13,2,0,13,28,0,0,0,90.0,8.0,16,0,0,0.0,8,50.0,22.0,0,0,0,0,0,0,aeeem,org::eclipse::mylyn::internal::wikitext::tasks::ui::WikiTextContextUiBridge,0.0,1,1,0,8.0,0.0,0.0,0,0.0,0.0,0.0,0.0,0.0,0.0,0.0,1,0,0,0,0,0.0,0.0,0.0,0.0,0.0,True
aeeem,org::eclipse::mylyn::internal::tasks::ui::TaskHistoryHandler,9,1,0,9,1,0,0,0,47.0,2.0,0,0,0,0.0,2,30.0,6.0,0,0,0,0,0,0,aeeem,org::eclipse::mylyn::internal::tasks::ui::TaskHistoryHandler,59.0,20,3,0,90.0,91.0,32.0,0,41.0,4.55,5.0,1.6,36.0,2.95,37.0958,13,6,0,0,9,8.3704,0.0134225,0.178575,9.3281,0.321434,True
aeeem,org::eclipse::mylyn::internal::bugzilla::ui::action::UpdateAttachmentJob,16,1,1,15,3,0,4,0,96.0,3.0,0,4,0,0.0,2,37.0,4.0,0,0,0,0,0,0,aeeem,org::eclipse::mylyn::internal::bugzilla::ui::action::UpdateAttachmentJob,16.0,5,2,0,13.5714,70.0,54.0,0,36.0,14.0,23.0,10.8,13.0,3.2,6.27755,4,2,0,0,3,0.0,0.0,0.0,0.0,0.0,True
aeeem,org::eclipse::mylyn::internal::monitor::ui::ActivityContextManager,12,1,1,11,120,0,8,0,136.0,16.0,12,6,5,0.0,10,60.0,29.0,0,0,0,0,0,0,aeeem,org::eclipse::mylyn::internal::monitor::ui::ActivityContextManager,-11.0,24,3,0,90.7143,336.0,347.0,3,49.0,14.0,90.0,14.4583,33.0,-0.458333,45.8644,16,9,0,0,8,12.7925,0.0499186,0.244287,9.56194,0.516067,True
aeeem,org::eclipse::mylyn::internal::sandbox::ui::views::ActiveSearchView,26,1,5,23,231,0,7,0,212.0,22.0,0,6,10,0.0,11,117.0,36.0,0,0,0,0,0,0,aeeem,org::eclipse::mylyn::internal::sandbox::ui::views::ActiveSearchView,0.0,11,2,0,48.8571,55.0,55.0,0,33.0,5.0,32.0,5.0,3.0,0.0,6.88312,8,4,0,0,5,5.57512,0.0062586,0.171606,9.25013,0.315092,True
aeeem,org::eclipse::mylyn::internal::bugzilla::ui::search::GetQueryDialog,4,1,2,4,45,0,6,0,91.0,10.0,0,5,2,1.0,3,29.0,12.0,0,0,0,0,0,0,aeeem,org::eclipse::mylyn::internal::bugzilla::ui::search::GetQueryDialog,0.0,3,1,0,164.0,0.0,0.0,1,0.0,0.0,0.0,0.0,0.0,0.0,0.0,1,0,0,0,0,0.0,0.0,0.0,0.0,0.0,True
aeeem,org::eclipse::mylyn::internal::wikitext::ui::util::css::CompositeSelector,3,2,2,1,6,0,2,0,27.0,4.0,10,2,0,0.0,4,6.0,7.0,0,0,0,0,0,0,aeeem,org::eclipse::mylyn::internal::wikitext::ui::util::css::CompositeSelector,0.0,2,1,1,7.42857,1.0,1.0,1,1.0,0.5,1.0,0.5,0.0,0.0,0.571429,1,0,0,0,0,0.0,0.0,0.0,0.0,0.0,True
aeeem,org::eclipse::mylyn::internal::wikitext::ui::util::ImageCache,5,1,3,2,15,0,4,0,56.0,6.0,9,4,0,0.0,6,24.0,16.0,0,0,0,0,0,0,aeeem,org::eclipse::mylyn::internal::wikitext::ui::util::ImageCache,0.0,2,1,0,24.7143,1.0,1.0,0,1.0,0.5,1.0,0.5,0.0,0.0,4.85714,2,1,0,0,0,0.0,0.0,0.0,0.0,0.0,True
aeeem,org::eclipse::mylyn::internal::trac::ui::wizard::TracRepositorySettingsPage,10,4,3,7,45,0,4,25,96.0,10.0,78,4,0,0.0,5,48.0,19.0,1,0,1,0,1,1,aeeem,org::eclipse::mylyn::internal::trac::ui::wizard::TracRepositorySettingsPage,93.0,41,3,0,140.857,532.0,439.0,0,90.0,12.9756,91.0,10.7073,49.0,2.26829,34.3161,28,15,1,0,17,22.2761,0.229488,0.220118,9.71468,0.390028,True
aeeem,org::eclipse::mylyn::internal::monitor::core::collection::InteractionEventSummary,5,1,4,1,105,0,6,0,55.0,15.0,9,6,0,0.0,15,23.0,17.0,0,0,0,0,0,0,aeeem,org::eclipse::mylyn::internal::monitor::core::collection::InteractionEventSummary,0.0,7,2,0,109.857,13.0,13.0,1,5.0,1.85714,4.0,1.85714,4.0,0.0,72.0769,5,3,0,0,3,3.95974,0.00147603,0.143127,9.15318,0.183381,True
aeeem,org::eclipse::mylyn::internal::tasks::ui::editors::SingleSelectionAttributeEditor,5,2,2,3,28,0,4,0,97.0,8.0,32,4,1,0.0,6,54.0,20.0,1,0,0,0,0,1,aeeem,org::eclipse::mylyn::internal::tasks::ui::editors::SingleSelectionAttributeEditor,51.0,19,4,0,61.2857,120.0,69.0,0,47.0,6.31579,25.0,3.63158,23.0,2.68421,35.3595,14,5,0,0,7,8.99655,0.0117338,0.239006,9.46331,0.517339,True
aeeem,org::eclipse::mylyn::internal::wikitext::mediawiki::core::block::ListBlock,11,3,1,10,36,0,6,4,190.0,9.0,43,4,5,0.0,4,82.0,50.0,0,0,0,0,0,0,aeeem,org::eclipse::mylyn::internal::wikitext::mediawiki::core::block::ListBlock,6.0,3,2,0,32.7143,33.0,27.0,0,28.0,11.0,22.0,9.0,6.0,2.0,3.4026,3,3,0,0,0,1.49003,0.00852372,0.0435179,0.121386,0.116244,True
aeeem,org::eclipse::mylyn::internal::team::ui::FocusedTeamExtensionPointReader,5,1,1,4,1,0,4,0,39.0,2.0,9,4,0,0.0,2,23.0,3.0,1,0,0,0,0,1,aeeem,org::eclipse::mylyn::internal::team::ui::FocusedTeamExtensionPointReader,-1.0,12,2,0,92.4286,48.0,49.0,1,12.0,4.0,14.0,4.08333,5.0,-0.0833333,38.1756,10,2,0,0,8,9.76667,0.008669,0.191027,9.38507,0.366875,True
aeeem,org::eclipse::mylyn::internal::commons::net::PollingSslProtocolSocketFactory,4,1,1,4,1,0,2,0,15.0,2.0,9,2,0,0.0,2,11.0,3.0,0,0,0,0,0,0,aeeem,org::eclipse::mylyn::internal::commons::net::PollingSslProtocolSocketFactory,3.0,3,2,0,45.8571,5.0,2.0,0,4.0,1.66667,1.0,0.666667,3.0,1.0,21.6286,3,0,0,0,2,1.84703,0.000948744,0.136921,9.09329,0.175609,True
aeeem,org::eclipse::mylyn::internal::bugzilla::ui::wizard::NewBugzillaTaskWizard,10,2,1,9,3,0,1,0,84.0,3.0,7,1,0,0.0,2,36.0,3.0,1,0,0,0,1,1,aeeem,org::eclipse::mylyn::internal::bugzilla::ui::wizard::NewBugzillaTaskWizard,-19.0,39,3,0,129.857,319.0,338.0,0,106.0,8.17949,101.0,8.66667,22.0,-0.487179,84.9664,26,10,0,0,12,18.4529,0.0617338,0.21225,9.61644,0.386049,True
aeeem,org::eclipse::mylyn::internal::bugzilla::core::history::BugzillaTaskHistoryParser,12,1,1,11,10,0,2,0,162.0,5.0,9,2,3,0.0,2,82.0,44.0,0,0,0,0,0,0,aeeem,org::eclipse::mylyn::internal::bugzilla::core::history::BugzillaTaskHistoryParser,12.0,14,3,0,109.0,289.0,277.0,0,223.0,20.6429,223.0,19.7857,223.0,0.857143,16.8957,10,3,0,0,5,11.1987,0.061474,0.183279,9.40008,0.313613,True
aeeem,org::eclipse::mylyn::internal::jira::core::wsdl::beans::RemoteWorklog,4,1,1,3,378,0,14,0,156.0,28.0,18,14,0,0.0,28,76.0,84.0,0,0,0,0,0,0,aeeem,org::eclipse::mylyn::internal::jira::core::wsdl::beans::RemoteWorklog,-7.0,4,2,0,77.7143,14.0,21.0,0,6.0,3.5,17.0,5.25,4.0,-1.75,40.8265,4,2,1,1,3,3.13741,0.0017909,0.14525,9.14037,0.20589,True
aeeem,org::eclipse::mylyn::internal::tasks::ui::PersonProposalLabelProvider,4,1,3,1,3,0,0,0,12.0,3.0,0,0,0,0.0,3,6.0,4.0,0,0,0,0,0,0,aeeem,org::eclipse::mylyn::internal::tasks::ui::PersonProposalLabelProvider,4.0,9,2,0,96.5714,44.0,40.0,0,33.0,4.88889,33.0,4.44444,33.0,0.444444,9.33117,4,2,0,0,2,6.03561,0.0121625,0.149057,9.21154,0.190373,True
aeeem,org::eclipse::mylyn::internal::tasks::ui::TaskSearchPage,20,1,0,20,105,0,14,0,405.0,15.0,0,13,9,0.0,6,151.0,72.0,1,0,0,0,0,1,aeeem,org::eclipse::mylyn::internal::tasks::ui::TaskSearchPage,379.0,69,3,2,133.571,776.0,397.0,2,141.0,11.2464,84.0,5.75362,115.0,5.49275,51.8678,50,22,1,0,20,24.0455,0.221929,0.275981,9.87622,0.565123,True
aeeem,org::eclipse::mylyn::internal::trac::wiki::TracWikiPageHistoryPage,7,1,1,6,45,0,1,0,104.0,10.0,0,1,0,0.0,10,31.0,14.0,0,0,0,0,0,0,aeeem,org::eclipse::mylyn::internal::trac::wiki::TracWikiPageHistoryPage,7.0,5,2,0,81.8571,12.0,5.0,0,6.0,2.4,2.0,1.0,4.0,1.4,41.7381,4,2,0,0,3,4.66839,0.00170837,0.163296,9.21193,0.278205,True
aeeem,org::eclipse::mylyn::internal::monitor::usage::preferences::UsageDataPreferencePage,6,1,2,4,36,0,8,0,173.0,9.0,0,8,3,0.0,5,58.0,13.0,0,0,0,0,0,0,aeeem,org::eclipse::mylyn::internal::monitor::usage::preferences::UsageDataPreferencePage,0.0,15,2,0,103.571,303.0,303.0,0,248.0,20.2,248.0,20.2,248.0,0.0,3.96558,7,2,0,0,3,7.45522,0.0389009,0.152607,9.25002,0.193255,True
aeeem,org::eclipse::mylyn::examples::monitor::study::FeedbackWizard,6,1,0,6,10,0,2,0,111.0,5.0,0,2,1,0.0,4,32.0,13.0,0,0,0,0,0,0,aeeem,org::eclipse::mylyn::examples::monitor::study::FeedbackWizard,3.0,18,2,0,109.857,54.0,51.0,4,10.0,3.0,10.0,2.83333,4.0,0.166667,36.1534,13,5,0,0,10,13.7574,0.0104455,0.207078,9.50656,0.406136,True
aeeem,org::eclipse::mylyn::internal::jira::core::model::JiraStatus,9,1,8,1,66,0,5,0,45.0,12.0,18,5,0,0.0,12,14.0,14.0,0,0,0,0,0,0,aeeem,org::eclipse::mylyn::internal::jira::core::model::JiraStatus,13.0,5,2,0,49.8571,15.0,2.0,0,7.0,3.0,1.0,0.4,7.0,2.6,12.0952,4,3,1,1,3,4.56874,0.00303055,0.168925,9.22022,0.298986,True
aeeem,org::eclipse::mylyn::internal::wikitext::ui::util::css::Stylesheet,6,1,3,3,6,0,1,0,15.0,4.0,9,1,0,0.0,3,10.0,4.0,0,0,0,0,0,0,aeeem,org::eclipse::mylyn::internal::wikitext::ui::util::css::Stylesheet,5.0,2,1,1,7.42857,7.0,2.0,1,7.0,3.5,2.0,1.0,5.0,2.5,0.571429,1,0,0,0,0,0.0,0.0,0.0,0.0,0.0,True
aeeem,org::eclipse::mylyn::internal::wikitext::confluence::core::block::TextBoxBlock,12,4,1,11,10,0,7,4,72.0,5.0,45,7,0,0.0,4,34.0,17.0,0,0,0,0,0,0,aeeem,org::eclipse::mylyn::internal::wikitext::confluence::core::block::TextBoxBlock,3.0,4,2,0,32.7143,43.0,40.0,0,20.0,10.75,18.0,10.0,2.0,0.75,2.75083,3,3,0,0,0,1.49003,0.0127856,0.0435179,0.121386,0.116244,True
aeeem,org::eclipse::mylyn::internal::bugzilla::ui::search::BugzillaSearchPage,27,3,5,23,595,0,75,0,1448.0,35.0,14,50,15,1.0,16,415.0,165.0,2,1,0,0,0,1,aeeem,org::eclipse::mylyn::internal::bugzilla::ui::search::BugzillaSearchPage,740.0,130,3,1,164.0,3750.0,3010.0,3,444.0,28.8462,377.0,23.1538,332.0,5.69231,63.7676,87,54,5,2,46,38.7367,1.90771,0.273191,10.1836,0.512123,True
aeeem,org::eclipse::mylyn::internal::context::ui::actions::OpenPrefsAction,0,1,0,0,6,0,0,0,12.0,4.0,9,0,0,0.0,4,4.0,4.0,0,0,0,0,0,0,aeeem,org::eclipse::mylyn::internal::context::ui::actions::OpenPrefsAction,0.0,4,1,0,139.714,6.0,6.0,0,4.0,1.5,4.0,1.5,3.0,0.0,91.5714,3,2,0,0,3,3.95974,0.00118276,0.143127,9.15318,0.183381,True
aeeem,org::eclipse::mylyn::internal::tasks::ui::actions::SynchronizeEditorAction,8,1,2,6,3,0,1,0,54.0,3.0,0,0,1,0.0,2,17.0,8.0,1,1,0,0,0,1,aeeem,org::eclipse::mylyn::internal::tasks::ui::actions::SynchronizeEditorAction,-3.0,31,3,0,103.143,200.0,203.0,0,95.0,6.45161,95.0,6.54839,95.0,-0.0967742,23.7707,23,11,2,1,15,13.2646,0.0395013,0.209047,9.50082,0.421337,True
aeeem,org::eclipse::mylyn::internal::java::ui::junit::TaskContextJUnitLaunchConfiguration,2,1,0,2,0,0,0,0,14.0,1.0,0,0,0,0.0,0,8.0,1.0,0,0,0,0,0,0,aeeem,org::eclipse::mylyn::internal::java::ui::junit::TaskContextJUnitLaunchConfiguration,5.0,9,2,0,92.5714,23.0,18.0,0,7.0,2.55556,6.0,2.0,5.0,0.555556,33.8385,6,2,0,0,4,4.46389,0.00254676,0.14921,9.17814,0.211039,True
aeeem,org::eclipse::mylyn::zest::layouts::exampleUses::SimpleSwingExample,22,1,0,22,105,0,45,0,328.0,15.0,9,32,10,7.0,3,109.0,31.0,0,0,0,0,0,0,aeeem,org::eclipse::mylyn::zest::layouts::exampleUses::SimpleSwingExample,156.0,14,2,2,184.857,1033.0,877.0,2,476.0,73.7857,466.0,62.6429,85.0,11.1429,58.9138,6,6,1,0,0,11.186,1.1509,0.0224457,0.284212,0.0150746,True
aeeem,org::eclipse::mylyn::internal::sandbox::ui::planner::InProgressTaskCollector,4,1,1,3,10,0,3,0,39.0,5.0,11,3,0,0.0,4,18.0,8.0,0,0,0,0,0,0,aeeem,org::eclipse::mylyn::internal::sandbox::ui::planner::InProgressTaskCollector,5.0,5,2,0,46.0,17.0,12.0,0,6.0,3.4,6.0,2.4,4.0,1.0,9.45378,4,1,0,0,2,4.17741,0.0019838,0.160399,9.19476,0.270741,True
aeeem,org::eclipse::mylyn::internal::tasks::ui::commands::TaskRepositoryParameterValues,3,1,0,3,0,0,0,0,8.0,1.0,9,0,0,0.0,1,7.0,1.0,0,0,0,0,0,0,aeeem,org::eclipse::mylyn::internal::tasks::ui::commands::TaskRepositoryParameterValues,2.0,9,2,0,120.571,14.0,12.0,0,4.0,1.55556,3.0,1.33333,3.0,0.222222,64.8775,6,2,0,0,4,6.86517,0.00258314,0.169033,9.27338,0.287693,True
aeeem,org::eclipse::mylyn::internal::java::ui::search::JUnitReferencesProvider,2,4,1,1,6,0,2,8,27.0,4.0,47,0,0,0.0,2,7.0,8.0,0,0,0,0,0,0,aeeem,org::eclipse::mylyn::internal::java::ui::search::JUnitReferencesProvider,1.0,6,2,0,92.4286,12.0,11.0,0,4.0,2.0,4.0,1.83333,3.0,0.166667,48.3095,4,0,0,0,3,4.46389,0.00147678,0.14921,9.17814,0.211039,True
aeeem,org::eclipse::mylyn::context::ui::InterestFilter,21,1,11,10,28,2,1,0,83.0,8.0,0,1,1,0.0,5,31.0,25.0,0,0,0,0,0,0,aeeem,org::eclipse::mylyn::context::ui::InterestFilter,-27.0,37,2,0,139.714,157.0,184.0,3,34.0,4.24324,44.0,4.97297,9.0,-0.72973,47.5505,28,11,0,0,13,23.4001,0.0932042,0.235162,9.77762,0.453967,True
aeeem,org::eclipse::mylyn::internal::tasks::ui::editors::CommentGroupStrategy,9,1,2,7,6,0,2,0,78.0,4.0,9,0,1,0.0,3,47.0,20.0,0,0,0,0,0,0,aeeem,org::eclipse::mylyn::internal::tasks::ui::editors::CommentGroupStrategy,30.0,4,1,0,21.5714,108.0,78.0,0,75.0,27.0,54.0,19.5,21.0,7.5,2.56746,4,1,0,0,0,0.0,0.0,0.0,0.0,0.0,True
aeeem,org::eclipse::mylyn::wikitext::core::parser::builder::Messages,3,1,2,1,1,0,2,0,9.0,2.0,9,2,1,0.0,1,3.0,2.0,0,0,0,0,0,0,aeeem,org::eclipse::mylyn::wikitext::core::parser::builder::Messages,0.0,2,1,0,19.8571,1.0,1.0,0,1.0,0.5,1.0,0.5,0.0,0.0,2.0,1,1,0,0,0,0.0,0.0,0.0,0.0,0.0,True
aeeem,org::eclipse::mylyn::internal::sandbox::ui::SandboxUiPlugin,12,1,7,5,66,0,9,0,114.0,12.0,0,5,1,0.0,11,44.0,19.0,0,0,0,0,0,0,aeeem,org::eclipse::mylyn::internal::sandbox::ui::SandboxUiPlugin,129.0,17,2,0,92.0,194.0,65.0,0,75.0,11.4118,17.0,3.82353,73.0,7.58824,40.6377,13,2,0,0,7,11.0557,0.0310359,0.191568,9.4164,0.359764,True
aeeem,org::eclipse::mylyn::internal::sandbox::ui::planner::ReminderCellEditor,4,1,0,4,6,0,4,0,50.0,4.0,0,4,0,0.0,2,18.0,10.0,0,0,0,0,0,0,aeeem,org::eclipse::mylyn::internal::sandbox::ui::planner::ReminderCellEditor,5.0,5,2,0,46.0,12.0,7.0,0,7.0,2.4,2.0,1.4,5.0,1.0,14.8214,4,1,0,0,3,3.33514,0.00196555,0.150616,9.15563,0.230868,True
aeeem,org::eclipse::mylyn::internal::java::ui::search::AbstractJavaRelationProvider,16,3,1,15,66,5,4,6,226.0,12.0,38,2,3,0.0,4,96.0,57.0,0,0,0,0,0,0,aeeem,org::eclipse::mylyn::internal::java::ui::search::AbstractJavaRelationProvider,11.0,21,2,0,92.4286,101.0,90.0,1,32.0,4.80952,19.0,4.28571,13.0,0.52381,35.5559,17,5,0,0,11,11.8529,0.0134046,0.206022,9.46352,0.421934,True
aeeem,org::eclipse::mylyn::internal::jira::core::wsdl::soap::JirasoapserviceV2SoapBindingStub,3,2,0,3,5886,0,5,0,7509.0,109.0,106,4,10,1.0,98,1266.0,727.0,0,0,0,0,0,0,aeeem,org::eclipse::mylyn::internal::jira::core::wsdl::soap::JirasoapserviceV2SoapBindingStub,2501.0,8,2,0,110.714,11575.0,9074.0,0,5980.0,1446.87,5451.0,1134.25,1618.0,312.625,30.3292,7,4,1,1,5,5.94514,0.857933,0.153982,9.22122,0.218565,True
aeeem,org::eclipse::mylyn::monitor::core::InteractionEvent,49,1,44,5,171,1,10,0,140.0,19.0,9,9,0,0.0,19,54.0,59.0,0,0,0,0,0,0,aeeem,org::eclipse::mylyn::monitor::core::InteractionEvent,125.0,16,3,0,110.429,253.0,128.0,1,110.0,15.8125,55.0,8.0,98.0,7.8125,50.926,15,7,0,0,7,11.215,0.0768293,0.180021,9.39468,0.29616,True
aeeem,org::eclipse::mylyn::internal::tasks::ui::dialogs::UiLegendDialog,3,1,2,2,10,0,3,0,44.0,5.0,0,3,0,0.0,3,22.0,11.0,0,0,0,0,0,0,aeeem,org::eclipse::mylyn::internal::tasks::ui::dialogs::UiLegendDialog,3.0,4,2,0,39.5714,7.0,4.0,0,4.0,1.75,2.0,1.0,3.0,0.75,18.9388,3,1,0,0,2,1.84703,0.000948744,0.136921,9.09329,0.175609,True
aeeem,org::eclipse::mylyn::internal::tasks::ui::TaskTrimWidget,11,1,0,11,36,0,12,0,220.0,9.0,0,10,4,2.0,4,64.0,23.0,1,1,0,0,0,1,aeeem,org::eclipse::mylyn::internal::tasks::ui::TaskTrimWidget,213.0,44,3,0,93.1429,480.0,267.0,1,208.0,10.9091,31.0,6.06818,180.0,4.84091,10.4277,27,11,1,0,17,13.2514,0.040041,0.208662,9.50018,0.417653,True
aeeem,org::eclipse::mylyn::internal::provisional::commons::ui::AdaptiveRefreshPolicy,6,1,3,3,28,0,5,0,38.0,8.0,9,3,0,0.0,8,18.0,11.0,0,0,0,0,0,0,aeeem,org::eclipse::mylyn::internal::provisional::commons::ui::AdaptiveRefreshPolicy,6.0,5,2,0,45.8571,34.0,28.0,0,28.0,6.8,25.0,5.6,3.0,1.2,22.4958,5,0,0,0,2,3.39209,0.00108068,0.151673,9.15904,0.235454,True
aeeem,org::eclipse::mylyn::internal::tasks::ui::wizards::NewRepositoryWizard,9,1,1,8,28,0,6,0,58.0,8.0,0,6,1,0.0,7,36.0,18.0,1,1,0,0,0,1,aeeem,org::eclipse::mylyn::internal::tasks::ui::wizards::NewRepositoryWizard,69.0,21,3,0,139.429,121.0,52.0,0,73.0,5.7619,16.0,2.47619,57.0,3.28571,85.5714,18,10,0,0,9,15.6746,0.0256262,0.219913,9.57045,0.441216,True
aeeem,org::eclipse::mylyn::internal::tasks::ui::views::TaskListInterestSorter,10,1,1,9,36,0,1,0,135.0,9.0,0,1,7,0.0,2,35.0,55.0,0,0,0,0,0,0,aeeem,org::eclipse::mylyn::internal::tasks::ui::views::TaskListInterestSorter,-57.0,7,3,0,43.0,37.0,94.0,0,24.0,5.28571,72.0,13.4286,7.0,-8.14286,6.57143,5,2,0,0,4,4.15475,0.00732959,0.162734,9.19857,0.279504,True
aeeem,org::xplanner::soap::ProjectData,6,2,4,2,45,0,5,0,63.0,10.0,37,5,0,0.0,10,23.0,25.0,0,0,0,0,0,0,aeeem,org::xplanner::soap::ProjectData,-12.0,6,2,0,93.7143,142.0,154.0,0,138.0,23.6667,150.0,25.6667,0.0,-2.0,38.7133,4,1,0,0,3,6.45512,0.0232189,0.0300186,0.209384,0.084371,True
aeeem,org::eclipse::mylyn::tasks::ui::TaskRepositoryLocationUiFactory,4,2,3,1,1,0,0,0,3.0,2.0,11,0,0,0.0,2,3.0,1.0,0,0,0,0,0,0,aeeem,org::eclipse::mylyn::tasks::ui::TaskRepositoryLocationUiFactory,6.0,5,3,0,72.5714,9.0,3.0,0,4.0,1.8,1.0,0.6,3.0,1.2,39.5238,4,2,0,0,3,4.10346,0.00126493,0.157601,9.18766,0.259133,True
aeeem,org::eclipse::mylyn::zest::layouts::LayoutIterationEvent,0,1,0,0,3,0,3,0,9.0,3.0,9,3,0,0.0,3,3.0,3.0,0,0,0,0,0,0,aeeem,org::eclipse::mylyn::zest::layouts::LayoutIterationEvent,0.0,2,2,0,184.857,1.0,1.0,0,1.0,0.5,1.0,0.5,0.0,0.0,92.7143,0,0,0,0,0,1.45219,0.000135718,0.00420507,0.0409958,0.00508017,True
aeeem,org::eclipse::mylyn::wikitext::mediawiki::core::MediaWikiLanguage,30,3,3,27,28,0,3,6,96.0,8.0,57,3,1,0.0,3,58.0,20.0,0,0,0,0,0,0,aeeem,org::eclipse::mylyn::wikitext::mediawiki::core::MediaWikiLanguage,11.0,12,2,2,32.7143,265.0,254.0,0,90.0,22.0833,137.0,21.1667,54.0,0.916667,16.393,7,5,0,0,2,2.38141,0.0129326,0.132656,9.07779,0.205382,True
aeeem,org::eclipse::mylyn::jira::tests::util::MockJiraClientFactory,1,1,1,0,1,0,1,0,6.0,2.0,10,1,0,0.0,2,2.0,2.0,0,0,0,0,0,0,aeeem,org::eclipse::mylyn::jira::tests::util::MockJiraClientFactory,3.0,3,2,0,38.1429,5.0,2.0,0,4.0,1.66667,1.0,0.666667,3.0,1.0,11.6,2,1,0,0,2,1.84703,0.00132824,0.136921,9.09329,0.175609,True
aeeem,org::eclipse::mylyn::internal::wikitext::ui::util::css::Block,3,1,3,0,3,0,2,0,10.0,3.0,9,2,0,0.0,2,3.0,3.0,0,0,0,0,0,0,aeeem,org::eclipse::mylyn::internal::wikitext::ui::util::css::Block,0.0,1,1,0,7.42857,0.0,0.0,1,0.0,0.0,0.0,0.0,0.0,0.0,0.0,1,0,0,0,0,0.0,0.0,0.0,0.0,0.0,True
aeeem,org::eclipse::mylyn::internal::provisional::commons::soap::AxisHttpFault,2,1,1,1,10,0,3,0,26.0,5.0,0,3,1,0.0,4,11.0,6.0,0,0,0,0,0,0,aeeem,org::eclipse::mylyn::internal::provisional::commons::soap::AxisHttpFault,0.0,1,1,0,13.5714,0.0,0.0,0,0.0,0.0,0.0,0.0,0.0,0.0,0.0,1,1,0,0,1,0.0,0.0,0.0,0.0,0.0,True
aeeem,org::eclipse::mylyn::zest::tests::swt::GraphSnippet3,1,1,0,1,0,0,0,0,38.0,1.0,9,0,0,0.0,1,10.0,3.0,0,0,0,0,0,0,aeeem,org::eclipse::mylyn::zest::tests::swt::GraphSnippet3,0.0,1,1,0,80.8571,0.0,0.0,0,0.0,0.0,0.0,0.0,0.0,0.0,0.0,1,1,0,0,0,0.0,0.0,0.0,0.0,0.0,True
aeeem,org::eclipse::mylyn::internal::tasks::ui::actions::CopyCommentDetailsAction,2,1,1,1,3,0,1,0,25.0,3.0,0,1,0,0.0,3,8.0,5.0,0,0,0,0,0,0,aeeem,org::eclipse::mylyn::internal::tasks::ui::actions::CopyCommentDetailsAction,0.0,2,1,0,6.85714,3.0,3.0,0,3.0,1.5,3.0,1.5,0.0,0.0,0.142857,1,0,0,0,0,0.0,0.0,0.0,0.0,0.0,True
aeeem,org::eclipse::mylyn::internal::trac::core::client::TracClientData,2,1,2,0,0,0,11,0,0.0,1.0,18,1,0,10.0,1,1.0,0.0,0,0,0,0,0,0,aeeem,org::eclipse::mylyn::internal::trac::core::client::TracClientData,3.0,4,2,0,39.5714,6.0,3.0,0,4.0,1.5,1.0,0.75,3.0,0.75,15.9524,2,1,0,0,2,1.84703,0.00132824,0.136921,9.09329,0.175609,True
aeeem,org::eclipse::mylyn::internal::context::ui::editors::ContextPageFactory,2,2,0,2,10,0,0,4,15.0,5.0,17,0,0,0.0,5,7.0,5.0,0,0,0,0,0,0,aeeem,org::eclipse::mylyn::internal::context::ui::editors::ContextPageFactory,2.0,9,2,0,46.1429,16.0,14.0,0,4.0,1.77778,4.0,1.55556,3.0,0.222222,14.7054,8,2,0,0,5,5.63443,0.00198072,0.175647,9.25922,0.331448,True
aeeem,org::eclipse::mylyn::internal::jira::ui::editor::WorkLogPart,10,2,1,9,15,0,7,1,124.0,6.0,19,7,3,0.0,3,43.0,10.0,2,2,0,0,0,1,aeeem,org::eclipse::mylyn::internal::jira::ui::editor::WorkLogPart,0.0,2,1,0,15.7143,5.0,5.0,0,5.0,2.5,5.0,2.5,0.0,0.0,2.14286,2,1,0,0,2,0.0,0.0,0.0,0.0,0.0,True
aeeem,org::eclipse::mylyn::internal::bugzilla::core::BugzillaException,0,1,0,0,1,0,2,0,10.0,2.0,25,2,0,0.0,2,5.0,3.0,0,0,0,0,0,0,aeeem,org::eclipse::mylyn::internal::bugzilla::core::BugzillaException,0.0,2,2,0,164.0,0.0,0.0,1,0.0,0.0,0.0,0.0,0.0,0.0,0.0,1,0,0,0,1,0.0,0.0,0.0,0.0,0.0,True
aeeem,org::eclipse::mylyn::internal::tasks::core::TaskTask,14,4,14,0,6,0,1,2,14.0,4.0,170,1,0,0.0,4,4.0,4.0,0,0,0,0,0,0,aeeem,org::eclipse::mylyn::internal::tasks::core::TaskTask,9.0,5,2,0,45.0,12.0,3.0,0,6.0,2.4,1.0,0.6,6.0,1.8,12.9524,4,2,1,1,3,3.4091,0.0013986,0.153414,9.16273,0.242476,True
aeeem,org::eclipse::mylyn::internal::pde::ui::XmlJavaRelationProvider,16,3,2,14,78,0,5,6,230.0,13.0,38,0,2,0.0,6,74.0,35.0,0,0,0,0,0,0,aeeem,org::eclipse::mylyn::internal::pde::ui::XmlJavaRelationProvider,19.0,28,2,1,92.4286,203.0,184.0,1,43.0,7.25,43.0,6.57143,13.0,0.678571,44.696,19,6,0,0,12,11.2297,0.0270237,0.204074,9.44554,0.419127,True
aeeem,org::eclipse::mylyn::internal::context::ui::ActiveViewSelectionDragAdapter,2,1,2,0,15,0,1,0,24.0,6.0,0,1,0,0.0,5,11.0,6.0,0,0,0,0,0,0,aeeem,org::eclipse::mylyn::internal::context::ui::ActiveViewSelectionDragAdapter,2.0,7,2,0,139.143,13.0,11.0,0,4.0,1.85714,5.0,1.57143,3.0,0.285714,58.1099,5,3,1,1,4,7.98467,0.00652745,0.156875,9.26997,0.215638,True
aeeem,org::eclipse::mylyn::internal::java::ui::actions::ShowFilteredChildrenAction,1,1,0,1,6,0,3,0,22.0,4.0,0,3,0,0.0,4,9.0,8.0,0,0,0,0,0,0,aeeem,org::eclipse::mylyn::internal::java::ui::actions::ShowFilteredChildrenAction,3.0,4,1,0,71.8571,13.0,10.0,0,7.0,3.25,9.0,2.5,3.0,0.75,18.4725,4,1,0,0,1,4.76607,0.00904685,0.158954,9.20515,0.255427,True
aeeem,org::eclipse::mylyn::internal::context::ui::ContextUiPlugin,45,1,33,16,378,0,17,0,226.0,28.0,0,16,8,0.0,20,125.0,46.0,0,0,0,0,0,0,aeeem,org::eclipse::mylyn::internal::context::ui::ContextUiPlugin,-134.0,36,3,1,48.8571,181.0,315.0,1,32.0,5.02778,62.0,8.75,13.0,-3.72222,11.4396,28,13,1,0,18,8.4865,0.0216728,0.234097,9.44205,0.505447,True
aeeem,org::eclipse::mylyn::internal::wikitext::ui::editor::assist::AnchorCompletionProcessor,9,1,2,7,55,0,2,0,90.0,11.0,9,2,1,0.0,9,34.0,20.0,0,0,0,0,0,0,aeeem,org::eclipse::mylyn::internal::wikitext::ui::editor::assist::AnchorCompletionProcessor,-8.0,3,1,1,9.85714,2.0,10.0,0,1.0,0.666667,9.0,3.33333,0.0,-2.66667,0.714286,2,1,0,0,0,0.0,0.0,0.0,0.0,0.0,True
aeeem,org::eclipse::mylyn::internal::jira::core::wsdl::beans::RemoteStatus,1,4,0,1,15,0,3,0,38.0,6.0,71,3,0,0.0,6,10.0,11.0,0,0,0,0,0,0,aeeem,org::eclipse::mylyn::internal::jira::core::wsdl::beans::RemoteStatus,-10.0,9,2,0,110.714,98.0,108.0,0,70.0,10.8889,80.0,12.0,7.0,-1.11111,28.2668,7,4,1,1,5,5.94514,0.00780987,0.153982,9.22122,0.218565,True
aeeem,org::eclipse::mylyn::internal::ide::ui::actions::FocusResourceNavigatorAction,2,3,0,2,15,0,0,8,61.0,6.0,28,0,0,0.0,2,23.0,15.0,0,0,0,0,0,0,aeeem,org::eclipse::mylyn::internal::ide::ui::actions::FocusResourceNavigatorAction,119.0,16,2,1,114.429,198.0,79.0,0,51.0,12.375,45.0,4.9375,51.0,7.4375,89.9242,9,4,0,0,7,7.78312,0.0162475,0.17331,9.30245,0.293948,True
aeeem,org::eclipse::mylyn::internal::tasks::ui::views::WorkweekProgressBar,3,1,3,0,55,0,6,0,105.0,11.0,0,6,5,0.0,6,34.0,17.0,0,0,0,0,0,0,aeeem,org::eclipse::mylyn::internal::tasks::ui::views::WorkweekProgressBar,-1.0,13,2,2,110.571,40.0,41.0,0,12.0,3.07692,10.0,3.15385,5.0,-0.0769231,46.3143,8,4,1,1,5,8.74495,0.00639466,0.172509,9.32359,0.284664,True
aeeem,org::eclipse::mylyn::wikitext::core::parser::util::MatcherAdaper,1,1,0,1,6,0,1,0,12.0,4.0,12,1,0,0.0,4,7.0,4.0,0,0,0,0,0,0,aeeem,org::eclipse::mylyn::wikitext::core::parser::util::MatcherAdaper,1.0,6,2,1,32.7143,6.0,5.0,0,2.0,1.0,2.0,0.833333,1.0,0.166667,12.4048,3,3,0,0,0,1.49003,0.00102285,0.0435179,0.121386,0.116244,True
aeeem,org::eclipse::mylyn::tasks::core::data::TaskAttributeMetaData,42,1,41,2,120,0,1,0,75.0,16.0,9,1,0,0.0,15,40.0,20.0,0,0,0,0,0,0,aeeem,org::eclipse::mylyn::tasks::core::data::TaskAttributeMetaData,25.0,10,2,0,42.4286,50.0,25.0,0,26.0,5.0,12.0,2.5,26.0,2.5,2.71143,5,2,0,0,3,4.83045,0.00438265,0.172387,9.23327,0.316587,True
aeeem,org::eclipse::mylyn::internal::context::core::AbstractRelationProvider,20,2,13,9,210,3,10,0,67.0,21.0,17,4,0,0.0,16,45.0,18.0,0,0,0,0,0,0,aeeem,org::eclipse::mylyn::internal::context::core::AbstractRelationProvider,-26.0,6,2,0,44.0,17.0,43.0,0,7.0,2.83333,32.0,7.16667,3.0,-4.33333,14.4874,6,3,0,0,4,4.92306,0.0033564,0.169719,9.2306,0.307768,True
aeeem,org::eclipse::mylyn::internal::wikitext::core::parser::builder::NoSplittingStrategy,1,2,1,0,6,0,0,0,8.0,4.0,12,0,0,0.0,4,4.0,3.0,0,0,0,0,0,0,aeeem,org::eclipse::mylyn::internal::wikitext::core::parser::builder::NoSplittingStrategy,0.0,2,2,0,32.7143,1.0,1.0,0,1.0,0.5,1.0,0.5,0.0,0.0,10.0,1,1,0,0,0,0.0,0.0,0.0,0.0,0.0,True
aeeem,org::eclipse::mylyn::wikitext::core::parser::markup::AbstractMarkupLanguage,11,2,8,3,120,5,4,2,60.0,16.0,41,0,0,0.0,2,34.0,16.0,0,0,0,0,0,0,aeeem,org::eclipse::mylyn::wikitext::core::parser::markup::AbstractMarkupLanguage,-30.0,2,1,0,6.0,21.0,51.0,0,21.0,10.5,51.0,25.5,0.0,-15.0,0.0,1,0,0,0,1,0.0,0.0,0.0,0.0,0.0,True
aeeem,org::eclipse::mylyn::internal::wikitext::ui::util::css::editor::CssBlockScanner,5,1,1,4,0,0,0,0,8.0,1.0,0,0,0,0.0,1,16.0,1.0,0,0,0,0,0,0,aeeem,org::eclipse::mylyn::internal::wikitext::ui::util::css::editor::CssBlockScanner,0.0,1,1,0,6.42857,0.0,0.0,0,0.0,0.0,0.0,0.0,0.0,0.0,0.0,1,0,0,0,0,0.0,0.0,0.0,0.0,0.0,True
aeeem,org::eclipse::mylyn::internal::sandbox::ui::editors::ExtensibleBugzillaTaskEditorPage,7,4,1,6,36,0,3,18,172.0,9.0,54,3,3,0.0,5,52.0,23.0,0,0,0,0,0,0,aeeem,org::eclipse::mylyn::internal::sandbox::ui::editors::ExtensibleBugzillaTaskEditorPage,201.0,10,2,0,39.7143,258.0,57.0,0,199.0,25.8,25.0,5.7,199.0,20.1,6.94352,8,4,0,0,5,5.27238,0.0891825,0.209691,9.31711,0.400416,True
aeeem,org::eclipse::mylyn::internal::java::ui::actions::FocusDebugViewAction,2,2,0,2,1,0,0,8,12.0,2.0,25,0,0,0.0,2,7.0,3.0,0,0,0,0,0,0,aeeem,org::eclipse::mylyn::internal::java::ui::actions::FocusDebugViewAction,0.0,8,1,0,119.0,56.0,56.0,0,43.0,7.0,43.0,7.0,43.0,0.0,11.3163,4,2,0,0,3,5.37295,0.0399086,0.146101,9.18978,0.184732,True
aeeem,org::eclipse::mylyn::internal::jira::core::wsdl::beans::AbstractRemoteEntity,9,1,8,1,28,3,4,0,47.0,8.0,18,4,0,0.0,8,15.0,18.0,0,0,0,0,0,0,aeeem,org::eclipse::mylyn::internal::jira::core::wsdl::beans::AbstractRemoteEntity,-8.0,9,2,0,110.714,123.0,131.0,0,96.0,13.6667,104.0,14.5556,7.0,-0.888889,26.7224,7,4,1,1,5,5.94514,0.00947377,0.153982,9.22122,0.218565,True
aeeem,org::eclipse::mylyn::internal::bugzilla::ui::actions::AbstractOfflineReportsAction,1,1,0,1,1,1,0,0,13.0,2.0,0,0,0,0.0,0,7.0,2.0,0,0,0,0,0,0,aeeem,org::eclipse::mylyn::internal::bugzilla::ui::actions::AbstractOfflineReportsAction,0.0,3,1,0,164.0,0.0,0.0,1,0.0,0.0,0.0,0.0,0.0,0.0,0.0,1,0,0,0,0,0.0,0.0,0.0,0.0,0.0,True
aeeem,org::eclipse::mylyn::internal::monitor::usage::wizards::UsageSummaryEditorWizardPage,2,1,1,1,10,0,4,0,48.0,5.0,0,4,1,0.0,4,14.0,5.0,0,0,0,0,0,0,aeeem,org::eclipse::mylyn::internal::monitor::usage::wizards::UsageSummaryEditorWizardPage,11.0,15,2,0,109.857,47.0,36.0,1,9.0,3.13333,8.0,2.4,5.0,0.733333,21.9909,9,4,0,0,5,10.8599,0.00745167,0.180517,9.38469,0.297294,True
aeeem,org::eclipse::mylyn::tasks::ui::editors::TaskEditorInput,29,1,24,6,153,0,4,0,88.0,18.0,9,4,1,0.0,17,36.0,29.0,0,0,0,0,0,0,aeeem,org::eclipse::mylyn::tasks::ui::editors::TaskEditorInput,39.0,32,3,0,118.714,258.0,219.0,1,99.0,8.0625,98.0,6.84375,49.0,1.21875,61.3272,20,7,0,0,13,15.7237,0.0585188,0.21529,9.56692,0.424758,True
aeeem,org::eclipse::mylyn::internal::commons::soap::SoapRequest,5,1,3,2,28,0,5,0,37.0,8.0,9,5,0,0.0,8,14.0,10.0,0,0,0,0,0,0,aeeem,org::eclipse::mylyn::internal::commons::soap::SoapRequest,0.0,1,1,0,13.5714,0.0,0.0,0,0.0,0.0,0.0,0.0,0.0,0.0,0.0,1,1,0,0,1,0.0,0.0,0.0,0.0,0.0,True
aeeem,org::eclipse::mylyn::internal::jira::core::model::filter::PriorityFilter,3,1,3,0,3,0,2,0,12.0,3.0,18,2,0,0.0,2,4.0,3.0,0,0,0,0,0,0,aeeem,org::eclipse::mylyn::internal::jira::core::model::filter::PriorityFilter,1.0,6,1,0,110.714,10.0,9.0,0,5.0,1.66667,4.0,1.5,4.0,0.166667,58.4571,4,2,0,0,3,4.58293,0.00246695,0.145075,9.17116,0.186189,True
aeeem,org::eclipse::mylyn::commons::net::WebUtil,42,1,19,25,496,0,14,0,389.0,32.0,9,14,10,0.0,21,196.0,88.0,0,0,0,0,0,0,aeeem,org::eclipse::mylyn::commons::net::WebUtil,0.0,2,1,0,45.8571,0.0,0.0,0,0.0,0.0,0.0,0.0,0.0,0.0,0.0,1,0,0,0,1,0.0,0.0,0.0,0.0,0.0,True
aeeem,org::xplanner::soap::PersonData,6,2,4,2,120,0,8,0,96.0,16.0,37,8,0,0.0,16,41.0,46.0,0,0,0,0,0,0,aeeem,org::xplanner::soap::PersonData,-26.0,6,2,0,93.7143,236.0,262.0,0,232.0,39.3333,258.0,43.6667,0.0,-4.33333,38.9413,4,1,0,0,3,6.45512,0.0378619,0.0300186,0.209384,0.084371,True
aeeem,org::eclipse::mylyn::internal::wikitext::core::WikiTextPlugin,16,1,5,11,105,0,8,0,260.0,15.0,0,8,3,0.0,12,140.0,51.0,0,0,0,0,0,0,aeeem,org::eclipse::mylyn::internal::wikitext::core::WikiTextPlugin,0.0,2,1,1,9.57143,1.0,1.0,0,1.0,0.5,1.0,0.5,0.0,0.0,0.857143,1,1,0,0,0,0.0,0.0,0.0,0.0,0.0,True
aeeem,org::eclipse::mylyn::internal::wikitext::core::parser::builder::SplittingHtmlDocumentBuilder,15,2,1,14,561,0,8,1,309.0,34.0,27,8,4,0.0,30,159.0,66.0,0,0,0,0,0,0,aeeem,org::eclipse::mylyn::internal::wikitext::core::parser::builder::SplittingHtmlDocumentBuilder,25.0,8,2,0,32.7143,117.0,92.0,0,45.0,14.625,48.0,11.5,20.0,3.125,7.11722,5,3,0,0,0,1.49003,0.0196046,0.0435179,0.121386,0.116244,True
aeeem,org::eclipse::mylyn::internal::sandbox::ui::actions::ShowQualifiedNamesAction,2,1,1,2,3,0,3,0,17.0,3.0,0,1,0,0.0,3,11.0,3.0,0,0,0,0,0,0,aeeem,org::eclipse::mylyn::internal::sandbox::ui::actions::ShowQualifiedNamesAction,4.0,5,2,0,48.8571,7.0,3.0,0,4.0,1.4,1.0,0.6,3.0,0.8,18.6122,3,0,0,0,2,3.24474,0.00115886,0.148128,9.14866,0.21996,True
aeeem,org::eclipse::mylyn::monitor::ui::AbstractEditorTracker,0,2,0,0,28,4,0,0,20.0,8.0,16,0,0,0.0,5,11.0,8.0,0,0,0,0,0,0,aeeem,org::eclipse::mylyn::monitor::ui::AbstractEditorTracker,0.0,5,2,0,90.7143,9.0,9.0,0,4.0,1.8,5.0,1.8,3.0,0.0,37.873,3,1,0,0,2,3.17351,0.00132833,0.140881,9.13106,0.180758,True
aeeem,org::eclipse::mylyn::internal::wikitext::textile::core::block::CodeBlock,8,3,1,7,6,0,6,4,44.0,4.0,43,5,0,0.0,4,20.0,13.0,0,0,0,0,0,0,aeeem,org::eclipse::mylyn::internal::wikitext::textile::core::block::CodeBlock,2.0,3,2,0,32.7143,12.0,10.0,0,10.0,4.0,8.0,3.33333,2.0,0.666667,3.57143,3,3,0,0,0,1.49003,0.00306854,0.0435179,0.121386,0.116244,True
aeeem,org::eclipse::mylyn::internal::team::ui::ContextChangeSetDecorator,2,1,0,2,10,0,0,0,21.0,5.0,9,0,0,0.0,5,8.0,7.0,0,0,0,0,0,0,aeeem,org::eclipse::mylyn::internal::team::ui::ContextChangeSetDecorator,-4.0,15,2,1,139.143,24.0,28.0,0,4.0,1.6,4.0,1.86667,3.0,-0.266667,70.7798,10,4,2,2,7,9.69489,0.00788441,0.17909,9.35353,0.308979,True
aeeem,org::eclipse::mylyn::internal::xplanner::ui::wizard::XPlannerQueryWizardUtils,7,1,3,4,3,0,1,0,32.0,3.0,9,1,1,0.0,2,14.0,5.0,1,1,0,0,0,1,aeeem,org::eclipse::mylyn::internal::xplanner::ui::wizard::XPlannerQueryWizardUtils,0.0,1,1,0,6.42857,0.0,0.0,0,0.0,0.0,0.0,0.0,0.0,0.0,0.0,1,1,1,0,1,0.0,0.0,0.0,0.0,0.0,True
aeeem,org::eclipse::mylyn::zest::layouts::exampleStructures::SimpleGraph,2,1,0,2,28,0,2,0,46.0,8.0,14,0,0,2.0,8,26.0,12.0,0,0,0,0,0,0,aeeem,org::eclipse::mylyn::zest::layouts::exampleStructures::SimpleGraph,0.0,3,3,0,184.857,5.0,5.0,0,4.0,1.66667,4.0,1.66667,0.0,0.0,76.0286,0,0,0,0,0,2.56087,0.0163814,0.0056572,0.0665684,0.00513944,True
aeeem,org::eclipse::mylyn::internal::jira::core::JiraCorePlugin,14,1,8,6,15,0,5,0,50.0,6.0,0,2,0,0.0,6,24.0,11.0,0,0,0,0,0,0,aeeem,org::eclipse::mylyn::internal::jira::core::JiraCorePlugin,-7.0,27,4,0,110.714,175.0,182.0,0,41.0,6.48148,53.0,6.74074,16.0,-0.259259,28.2759,20,12,0,0,11,17.2963,0.0445103,0.225322,9.62421,0.455087,True
aeeem,org::eclipse::mylyn::tasks::tests::connector::MockRepositoryQuery,2,4,1,1,1,0,1,3,7.0,2.0,75,0,0,1.0,2,3.0,2.0,0,0,0,0,0,0,aeeem,org::eclipse::mylyn::tasks::tests::connector::MockRepositoryQuery,8.0,12,3,0,139.143,30.0,22.0,0,8.0,2.5,5.0,1.83333,8.0,0.666667,59.2429,9,6,1,1,7,9.76545,0.00747416,0.17828,9.35639,0.306718,True
aeeem,org::eclipse::mylyn::internal::monitor::usage::MonitorPreferenceConstants,0,1,0,0,0,0,10,0,0.0,0.0,9,0,0,0.0,0,0.0,0.0,0,0,0,0,0,0,aeeem,org::eclipse::mylyn::internal::monitor::usage::MonitorPreferenceConstants,0.0,6,2,0,95.0,18.0,18.0,0,11.0,3.0,11.0,3.0,3.0,0.0,22.1349,3,1,0,0,2,4.58293,0.0026634,0.145075,9.17116,0.186189,True
aeeem,org::eclipse::mylyn::internal::bugzilla::core::RepositoryConfigurationFactory,1,2,0,1,1,0,0,1,9.0,2.0,11,0,0,0.0,2,5.0,2.0,0,0,0,0,0,0,aeeem,org::eclipse::mylyn::internal::bugzilla::core::RepositoryConfigurationFactory,-84.0,18,2,0,148.571,69.0,153.0,0,16.0,3.83333,31.0,8.5,6.0,-4.66667,17.2961,15,9,2,0,11,11.8437,0.0387935,0.157718,9.35063,0.187759,True
aeeem,org::eclipse::mylyn::wikitext::core::parser::MarkupParser,29,1,28,2,28,0,2,0,47.0,8.0,9,2,1,0.0,7,21.0,12.0,0,0,0,0,0,0,aeeem,org::eclipse::mylyn::wikitext::core::parser::MarkupParser,3.0,6,2,1,32.7143,19.0,16.0,0,12.0,3.16667,10.0,2.66667,2.0,0.5,8.6015,5,5,0,0,0,1.49003,0.00375044,0.0435179,0.121386,0.116244,True
aeeem,org::eclipse::mylyn::internal::java::ui::search::JavaWriteAccessProvider,1,4,1,0,6,0,2,8,12.0,4.0,47,0,0,0.0,2,4.0,4.0,0,0,0,0,0,0,aeeem,org::eclipse::mylyn::internal::java::ui::search::JavaWriteAccessProvider,0.0,4,2,0,92.4286,7.0,7.0,0,4.0,1.75,4.0,1.75,3.0,0.0,60.1428,3,0,0,0,2,3.17351,0.00112128,0.140881,9.13106,0.180758,True
aeeem,org::eclipse::mylyn::internal::bugzilla::ui::tasklist::BugzillaRepositorySettingsPage,10,4,1,9,36,0,14,25,198.0,9.0,78,11,2,0.0,3,73.0,28.0,0,0,0,0,0,0,aeeem,org::eclipse::mylyn::internal::bugzilla::ui::tasklist::BugzillaRepositorySettingsPage,396.0,102,3,0,161.857,1624.0,1228.0,3,201.0,15.9216,161.0,12.0392,125.0,3.88235,53.5477,67,40,5,4,42,35.5302,0.848744,0.256114,10.0764,0.451404,True
aeeem,org::eclipse::mylyn::bugzilla::deprecated::BugzillaAttributeFactory,3,1,0,3,10,0,7,0,103.0,5.0,0,6,0,0.0,5,89.0,38.0,0,0,0,0,0,0,aeeem,org::eclipse::mylyn::bugzilla::deprecated::BugzillaAttributeFactory,3.0,3,3,0,39.5714,4.0,1.0,0,4.0,1.33333,1.0,0.333333,3.0,1.0,13.0,3,1,0,0,3,1.84703,0.000948744,0.136921,9.09329,0.175609,True
aeeem,org::eclipse::mylyn::zest::layouts::exampleStructures::SimpleNode,10,2,7,3,561,0,20,2,162.0,34.0,18,15,0,0.0,34,54.0,45.0,0,0,0,0,0,0,aeeem,org::eclipse::mylyn::zest::layouts::exampleStructures::SimpleNode,37.0,7,3,0,184.857,60.0,23.0,1,31.0,8.57143,15.0,3.28571,16.0,5.28571,51.0619,2,2,0,0,0,5.42237,0.0725384,0.0106341,0.137188,0.00615056,True
aeeem,org::eclipse::mylyn::tasks::core::data::TaskAttachmentModel,6,1,5,1,66,0,7,0,41.0,12.0,9,7,0,0.0,12,14.0,13.0,0,0,0,0,0,0,aeeem,org::eclipse::mylyn::tasks::core::data::TaskAttachmentModel,37.0,5,2,0,45.7143,48.0,11.0,1,39.0,9.6,5.0,2.2,34.0,7.4,2.52381,4,1,0,0,3,4.10346,0.00367514,0.157601,9.18766,0.259133,True
aeeem,org::eclipse::mylyn::internal::tasks::core::Person,3,3,3,0,3,0,2,0,11.0,3.0,50,2,0,0.0,3,3.0,3.0,0,0,0,0,0,0,aeeem,org::eclipse::mylyn::internal::tasks::core::Person,15.0,6,3,0,79.0,23.0,8.0,0,16.0,3.83333,2.0,1.33333,14.0,2.5,14.2981,4,1,0,0,4,5.37749,0.00271517,0.162527,9.22708,0.270637,True
aeeem,org::eclipse::mylyn::internal::pde::ui::PdeUiBridgePlugin,4,1,1,3,15,0,3,0,24.0,6.0,0,2,2,0.0,4,14.0,7.0,0,0,0,0,0,0,aeeem,org::eclipse::mylyn::internal::pde::ui::PdeUiBridgePlugin,40.0,19,2,0,92.4286,126.0,86.0,0,34.0,6.63158,34.0,4.52632,18.0,2.10526,44.3742,11,0,0,0,7,11.6064,0.0232238,0.19721,9.44053,0.381849,True
aeeem,org::eclipse::mylyn::internal::context::core::DegreeOfSeparation,3,1,3,0,3,0,2,0,10.0,3.0,11,2,0,0.0,3,3.0,3.0,0,0,0,0,0,0,aeeem,org::eclipse::mylyn::internal::context::core::DegreeOfSeparation,-2.0,6,2,0,139.714,9.0,11.0,0,4.0,1.5,4.0,1.83333,2.0,-0.333333,85.2381,5,2,0,0,4,6.78109,0.00181381,0.169503,9.27181,0.285978,True
aeeem,org::eclipse::mylyn::internal::tasks::ui::actions::ShowTaskRepositoriesViewAction,1,1,0,1,3,0,0,0,8.0,3.0,9,0,0,0.0,3,4.0,3.0,0,0,0,0,0,0,aeeem,org::eclipse::mylyn::internal::tasks::ui::actions::ShowTaskRepositoriesViewAction,3.0,7,2,0,103.571,41.0,38.0,0,33.0,5.85714,33.0,5.42857,33.0,0.428571,11.5401,3,1,0,0,2,6.00254,0.00601353,0.148624,9.20964,0.189072,True
aeeem,org::eclipse::mylyn::internal::jira::ui::wizards::NewJiraTaskWizard,4,2,1,3,6,0,1,0,18.0,4.0,7,1,0,0.0,3,9.0,4.0,0,0,0,0,0,0,aeeem,org::eclipse::mylyn::internal::jira::ui::wizards::NewJiraTaskWizard,6.0,45,4,1,143.429,206.0,200.0,0,54.0,4.57778,42.0,4.44444,39.0,0.133333,63.2892,31,17,0,0,17,17.7431,0.0479373,0.209607,9.59783,0.382336,True
aeeem,org::eclipse::mylyn::internal::jira::core::model::filter::FilterDefinition,22,1,10,12,561,0,17,0,191.0,34.0,18,17,0,0.0,34,51.0,49.0,0,0,0,0,0,0,aeeem,org::eclipse::mylyn::internal::jira::core::model::filter::FilterDefinition,-34.0,9,2,1,110.714,17.0,51.0,0,6.0,1.88889,41.0,5.66667,4.0,-3.77778,64.3193,6,4,0,0,4,6.12798,0.00571458,0.159827,9.2369,0.246034,True
aeeem,org::eclipse::mylyn::internal::web::ui::WebPage,1,2,1,0,15,0,2,1,23.0,6.0,28,2,0,0.0,5,7.0,7.0,0,0,0,0,0,0,aeeem,org::eclipse::mylyn::internal::web::ui::WebPage,-2.0,6,2,0,92.4286,10.0,12.0,0,4.0,1.66667,5.0,2.0,3.0,-0.333333,39.4143,4,1,0,0,3,4.46389,0.00154232,0.14921,9.17814,0.211039,True
aeeem,org::eclipse::mylyn::internal::tasks::bugs::PluginRepositoryMapping,2,1,1,1,15,0,2,0,15.0,6.0,9,2,0,0.0,6,11.0,5.0,0,0,0,0,0,0,aeeem,org::eclipse::mylyn::internal::tasks::bugs::PluginRepositoryMapping,6.0,5,2,0,47.5714,18.0,12.0,0,8.0,3.6,5.0,2.4,3.0,1.2,23.1429,3,0,0,0,1,1.84703,0.00493347,0.136921,9.09329,0.175609,True
aeeem,org::eclipse::mylyn::internal::web::tasks::WebTaskEditorPageFactory,5,2,0,5,10,0,1,4,18.0,5.0,17,1,0,0.0,5,10.0,6.0,0,0,0,0,0,0,aeeem,org::eclipse::mylyn::internal::web::tasks::WebTaskEditorPageFactory,3.0,5,2,0,40.1429,8.0,5.0,0,4.0,1.6,2.0,1.0,3.0,0.6,10.8036,4,1,0,0,3,3.37801,0.00148787,0.154967,9.16485,0.247924,True
aeeem,org::eclipse::mylyn::ide::ui::AbstractMarkerInterestFilter,6,2,2,4,1,2,0,0,13.0,2.0,7,0,0,0.0,0,9.0,3.0,0,0,0,0,0,0,aeeem,org::eclipse::mylyn::ide::ui::AbstractMarkerInterestFilter,6.0,5,2,0,43.0,46.0,40.0,0,38.0,9.2,38.0,8.0,38.0,1.2,4.6646,2,0,0,0,2,3.36942,0.00508533,0.154009,9.16285,0.244217,True
aeeem,org::eclipse::mylyn::internal::wikitext::tasks::ui::editor::TextileMarkupTaskEditorExtension,1,3,0,1,0,0,0,1,3.0,1.0,21,0,0,0.0,1,3.0,1.0,0,0,0,0,0,0,aeeem,org::eclipse::mylyn::internal::wikitext::tasks::ui::editor::TextileMarkupTaskEditorExtension,0.0,2,1,0,14.7143,2.0,2.0,0,2.0,1.0,2.0,1.0,0.0,0.0,7.57143,2,1,0,0,0,0.0,0.0,0.0,0.0,0.0,True
aeeem,org::eclipse::mylyn::internal::jira::ui::editor::Messages,0,1,0,0,0,0,7,0,2.0,1.0,0,1,1,6.0,0,1.0,1.0,0,0,0,0,0,0,aeeem,org::eclipse::mylyn::internal::jira::ui::editor::Messages,0.0,1,1,0,13.5714,0.0,0.0,0,0.0,0.0,0.0,0.0,0.0,0.0,0.0,1,1,0,0,1,0.0,0.0,0.0,0.0,0.0,True
aeeem,org::eclipse::mylyn::internal::tasks::core::RepositoryTemplateManager,7,1,6,1,10,0,1,0,25.0,5.0,9,1,0,0.0,5,15.0,7.0,0,0,0,0,0,0,aeeem,org::eclipse::mylyn::internal::tasks::core::RepositoryTemplateManager,3.0,3,2,0,49.0,5.0,2.0,0,4.0,1.66667,1.0,0.666667,3.0,1.0,25.9429,2,1,0,0,1,1.84703,0.000948744,0.136921,9.09329,0.175609,True
aeeem,org::eclipse::mylyn::internal::monitor::core::collection::Messages,0,1,0,0,0,0,22,0,3.0,1.0,0,1,0,21.0,1,2.0,1.0,0,0,0,0,0,0,aeeem,org::eclipse::mylyn::internal::monitor::core::collection::Messages,0.0,1,1,0,19.1429,0.0,0.0,0,0.0,0.0,0.0,0.0,0.0,0.0,0.0,1,0,0,0,0,0.0,0.0,0.0,0.0,0.0,True
aeeem,org::eclipse::mylyn::internal::team::ui::AbstractCommitWorkflowProvider,0,1,0,0,1,1,0,0,5.0,2.0,9,0,0,0.0,2,2.0,2.0,0,0,0,0,0,0,aeeem,org::eclipse::mylyn::internal::team::ui::AbstractCommitWorkflowProvider,2.0,6,2,0,92.4286,23.0,21.0,0,10.0,3.83333,14.0,3.5,3.0,0.333333,32.7391,5,2,0,0,3,5.35876,0.00329558,0.159322,9.21849,0.250432,True
aeeem,org::eclipse::mylyn::internal::sandbox::ui::SharedDataDirectoryManager,1,1,0,1,6,0,2,0,22.0,4.0,9,2,0,0.0,4,7.0,7.0,0,0,0,0,0,0,aeeem,org::eclipse::mylyn::internal::sandbox::ui::SharedDataDirectoryManager,-6.0,11,2,0,92.0,26.0,32.0,1,9.0,2.36364,15.0,2.90909,3.0,-0.545455,24.0934,9,2,0,0,7,8.85888,0.00467862,0.174928,9.33149,0.297368,True
aeeem,org::eclipse::mylyn::internal::tasks::ui::deprecated::AbstractRepositoryTaskEditorInput,5,1,4,1,120,1,6,0,54.0,16.0,9,4,0,0.0,11,22.0,15.0,0,0,0,0,0,0,aeeem,org::eclipse::mylyn::internal::tasks::ui::deprecated::AbstractRepositoryTaskEditorInput,-4.0,5,2,0,45.2857,7.0,11.0,0,4.0,1.4,9.0,2.2,3.0,-0.8,12.7551,4,2,0,0,4,4.81344,0.00357628,0.170646,9.22957,0.309565,True
aeeem,org::eclipse::mylyn::internal::tasks::core::DayDateRange,9,2,7,3,15,0,0,1,59.0,6.0,23,0,0,0.0,5,25.0,18.0,0,0,0,0,0,0,aeeem,org::eclipse::mylyn::internal::tasks::core::DayDateRange,6.0,7,2,0,23.5714,108.0,102.0,0,84.0,15.4286,84.0,14.5714,84.0,0.857143,1.58333,3,1,1,1,2,0.891381,0.0123486,0.0891381,8.95641,0.0891381,True
aeeem,org::eclipse::mylyn::internal::sandbox::ui::SandboxUiPreferencePage,9,1,0,9,105,0,15,0,265.0,15.0,0,14,6,0.0,8,70.0,21.0,1,1,0,0,0,1,aeeem,org::eclipse::mylyn::internal::sandbox::ui::SandboxUiPreferencePage,79.0,19,2,1,92.0,213.0,134.0,0,67.0,11.2105,25.0,7.05263,42.0,4.15789,20.1932,16,2,0,0,6,8.9439,0.0178025,0.181834,9.34787,0.333022,True
aeeem,org::eclipse::mylyn::internal::tasks::ui::properties::ProjectTaskRepositoryPage,5,1,1,4,15,0,4,0,116.0,6.0,0,4,2,0.0,2,32.0,11.0,0,0,0,0,0,0,aeeem,org::eclipse::mylyn::internal::tasks::ui::properties::ProjectTaskRepositoryPage,-3.0,14,2,0,90.4286,41.0,44.0,0,11.0,2.92857,22.0,3.14286,6.0,-0.214286,38.5261,13,5,0,0,8,8.75899,0.00514939,0.177961,9.33613,0.315416,True
aeeem,org::eclipse::mylyn::internal::tasks::bugs::Messages,0,1,0,0,0,0,14,0,3.0,1.0,0,1,0,13.0,1,2.0,1.0,0,0,0,0,0,0,aeeem,org::eclipse::mylyn::internal::tasks::bugs::Messages,0.0,3,1,0,14.7143,41.0,41.0,0,41.0,13.6667,41.0,13.6667,41.0,0.0,0.714286,2,0,0,0,0,0.0,0.0,0.0,0.0,0.0,True
aeeem,org::eclipse::mylyn::tasklist::tests::People,3,1,0,3,3,0,1,0,44.0,3.0,9,1,0,0.0,3,12.0,7.0,0,0,0,0,0,0,aeeem,org::eclipse::mylyn::tasklist::tests::People,0.0,2,2,1,190.571,0.0,0.0,1,0.0,0.0,0.0,0.0,0.0,0.0,0.0,1,1,0,0,1,0.0,0.0,0.0,0.0,0.0,True
aeeem,org::eclipse::mylyn::internal::hypertext::ui::editors::WebElementsEditorInput,1,1,1,0,21,0,1,0,21.0,7.0,9,1,0,0.0,7,7.0,7.0,0,0,0,0,0,0,aeeem,org::eclipse::mylyn::internal::hypertext::ui::editors::WebElementsEditorInput,0.0,6,1,0,164.0,4.0,4.0,1,2.0,0.666667,2.0,0.666667,0.0,0.0,1.07143,2,1,0,0,2,2.46881,0.0134714,0.00356384,0.0582503,0.000268743,True
aeeem,org::eclipse::mylyn::commons::net::HtmlStreamTokenizer,15,1,7,8,28,0,10,0,294.0,8.0,9,10,3,0.0,5,116.0,96.0,0,0,0,0,0,0,aeeem,org::eclipse::mylyn::commons::net::HtmlStreamTokenizer,0.0,2,1,0,45.8571,0.0,0.0,0,0.0,0.0,0.0,0.0,0.0,0.0,0.0,1,0,0,0,1,0.0,0.0,0.0,0.0,0.0,True
aeeem,org::eclipse::mylyn::zest::tests::swt::PaintSnippet,1,1,0,1,0,0,0,0,66.0,1.0,9,0,0,0.0,1,8.0,3.0,0,0,0,0,0,0,aeeem,org::eclipse::mylyn::zest::tests::swt::PaintSnippet,0.0,1,1,0,80.8571,0.0,0.0,0,0.0,0.0,0.0,0.0,0.0,0.0,0.0,1,1,0,0,0,0.0,0.0,0.0,0.0,0.0,True
aeeem,org::eclipse::mylyn::internal::trac::core::util::Messages,0,1,0,0,0,0,2,0,3.0,1.0,9,1,0,1.0,1,2.0,1.0,0,0,0,0,0,0,aeeem,org::eclipse::mylyn::internal::trac::core::util::Messages,-1.0,2,1,1,14.8571,10.0,11.0,0,10.0,5.0,11.0,5.5,0.0,-0.5,5.42857,2,1,0,0,0,0.0,0.0,0.0,0.0,0.0,True
aeeem,org::eclipse::mylyn::internal::trac::core::model::TracSearchFilter,9,1,8,1,45,0,4,0,55.0,10.0,9,4,0,0.0,9,14.0,21.0,0,0,0,0,0,0,aeeem,org::eclipse::mylyn::internal::trac::core::model::TracSearchFilter,0.0,10,2,0,133.0,27.0,27.0,0,10.0,2.7,10.0,2.7,3.0,0.0,91.746,7,3,0,0,5,7.34305,0.00369872,0.156435,9.25609,0.217744,True
aeeem,org::eclipse::mylyn::internal::wikitext::ui::editor::assist::MultiplexingContentAssistProcessor,1,1,1,0,36,0,3,0,69.0,9.0,9,3,1,0.0,8,19.0,15.0,0,0,0,0,0,0,aeeem,org::eclipse::mylyn::internal::wikitext::ui::editor::assist::MultiplexingContentAssistProcessor,-6.0,4,2,1,32.7143,17.0,23.0,0,15.0,4.25,19.0,5.75,0.0,-1.5,1.71429,2,2,0,0,0,2.38141,0.00662503,0.132656,9.07779,0.205382,True
aeeem,org::eclipse::mylyn::internal::tasks::ui::wizards::MultiRepositoryAwareWizard,1,1,0,1,10,2,1,0,19.0,5.0,0,1,0,0.0,5,9.0,5.0,0,0,0,0,0,0,aeeem,org::eclipse::mylyn::internal::tasks::ui::wizards::MultiRepositoryAwareWizard,-1.0,15,3,0,139.571,26.0,27.0,0,5.0,1.73333,4.0,1.8,4.0,-0.0666667,53.3022,9,2,0,0,6,12.8752,0.0102677,0.179406,9.4245,0.281127,True
aeeem,org::eclipse::mylyn::internal::tasks::ui::views::TableDecoratingLabelProvider,4,1,0,4,3,0,0,0,37.0,3.0,0,0,0,0.0,3,13.0,13.0,0,0,0,0,0,0,aeeem,org::eclipse::mylyn::internal::tasks::ui::views::TableDecoratingLabelProvider,0.0,21,3,0,139.571,66.0,66.0,0,8.0,3.14286,7.0,3.14286,3.0,0.0,70.6104,16,6,1,0,9,10.4346,0.00887575,0.18385,9.38185,0.326537,True
aeeem,org::eclipse::mylyn::wikitext::textile::core::Main,2,2,0,2,3,0,0,0,12.0,3.0,12,0,0,0.0,2,7.0,2.0,0,0,0,0,0,0,aeeem,org::eclipse::mylyn::wikitext::textile::core::Main,-2.0,3,1,0,32.7143,3.0,5.0,0,2.0,1.0,4.0,1.66667,0.0,-0.666667,1.71429,2,2,0,0,0,1.49003,0.00136379,0.0435179,0.121386,0.116244,True
aeeem,org::eclipse::mylyn::internal::trac::core::client::TracException,0,1,0,0,0,6,1,0,3.0,1.0,25,1,0,0.0,1,1.0,1.0,0,0,0,0,0,0,aeeem,org::eclipse::mylyn::internal::trac::core::client::TracException,3.0,4,2,0,39.5714,6.0,3.0,0,4.0,1.5,1.0,0.75,3.0,0.75,15.9524,2,1,0,0,2,1.84703,0.00132824,0.136921,9.09329,0.175609,True
aeeem,org::eclipse::mylyn::internal::context::ui::editors::Messages,0,1,0,0,0,0,15,0,3.0,1.0,0,1,0,14.0,1,2.0,1.0,0,0,0,0,0,0,aeeem,org::eclipse::mylyn::internal::context::ui::editors::Messages,18.0,5,2,1,14.8571,19.0,1.0,0,10.0,3.8,1.0,0.2,9.0,3.6,5.41353,4,2,0,0,1,0.0,0.0,0.0,0.0,0.0,True
aeeem,org::eclipse::mylyn::internal::wikitext::confluence::core::block::QuoteBlock,8,3,1,7,6,0,3,4,39.0,4.0,43,2,0,0.0,4,20.0,10.0,0,0,0,0,0,0,aeeem,org::eclipse::mylyn::internal::wikitext::confluence::core::block::QuoteBlock,0.0,3,2,0,32.7143,6.0,6.0,0,5.0,2.0,5.0,2.0,0.0,0.0,3.57143,3,3,0,0,0,1.49003,0.00170474,0.0435179,0.121386,0.116244,True
aeeem,org::eclipse::mylyn::internal::tasks::ui::actions::GoUpAction,1,1,1,1,1,0,1,0,11.0,2.0,0,0,0,0.0,2,6.0,3.0,0,0,0,0,0,0,aeeem,org::eclipse::mylyn::internal::tasks::ui::actions::GoUpAction,4.0,9,2,0,139.571,24.0,20.0,0,8.0,2.66667,4.0,2.22222,7.0,0.444444,86.3155,7,1,0,0,4,6.87219,0.00367822,0.159667,9.25279,0.238374,True
aeeem,org::eclipse::mylyn::internal::jira::core::model::filter::IssueTypeFilter,4,1,4,0,10,0,4,0,23.0,5.0,18,4,0,0.0,4,7.0,6.0,0,0,0,0,0,0,aeeem,org::eclipse::mylyn::internal::jira::core::model::filter::IssueTypeFilter,1.0,6,1,0,110.714,10.0,9.0,0,5.0,1.66667,4.0,1.5,4.0,0.166667,58.4571,4,2,0,0,3,4.58293,0.00246695,0.145075,9.17116,0.186189,True
aeeem,org::eclipse::mylyn::internal::trac::core::model::TracPriority,4,2,4,0,0,0,1,0,3.0,1.0,23,1,0,0.0,1,1.0,1.0,0,0,0,0,0,0,aeeem,org::eclipse::mylyn::internal::trac::core::model::TracPriority,3.0,7,2,0,133.0,9.0,6.0,0,4.0,1.28571,1.0,0.857143,3.0,0.428571,87.1746,4,2,0,0,3,3.25645,0.00169356,0.141114,9.13338,0.18104,True
aeeem,org::eclipse::mylyn::internal::tasks::ui::actions::OpenTaskAction,3,1,0,3,1,0,1,0,25.0,2.0,0,1,0,0.0,2,13.0,6.0,0,0,0,0,0,0,aeeem,org::eclipse::mylyn::internal::tasks::ui::actions::OpenTaskAction,-28.0,22,3,0,136.571,41.0,69.0,0,5.0,1.86364,19.0,3.13636,3.0,-1.27273,58.8537,18,5,0,0,9,15.882,0.0188977,0.196045,9.528,0.332469,True
aeeem,org::eclipse::mylyn::internal::provisional::commons::ui::ScreenshotCreationPage,4,1,2,2,253,0,25,0,671.0,23.0,1,25,15,0.0,8,104.0,64.0,3,3,0,0,0,1,aeeem,org::eclipse::mylyn::internal::provisional::commons::ui::ScreenshotCreationPage,11.0,8,2,0,45.8571,38.0,27.0,1,19.0,4.75,18.0,3.375,5.0,1.375,21.9812,6,0,0,0,3,4.88878,0.00282597,0.166327,9.22338,0.29442,True
aeeem,org::eclipse::mylyn::internal::provisional::commons::ui::SubstringPatternFilter,3,1,2,1,1,0,0,0,7.0,2.0,0,0,0,0.0,2,5.0,3.0,0,0,0,0,0,0,aeeem,org::eclipse::mylyn::internal::provisional::commons::ui::SubstringPatternFilter,4.0,3,2,0,43.5714,7.0,3.0,0,5.0,2.33333,2.0,1.0,4.0,1.33333,20.3469,3,0,0,0,1,1.84703,0.00113849,0.136921,9.09329,0.175609,True
aeeem,org::eclipse::mylyn::internal::context::core::SaxContextWriter,16,1,0,16,6,0,1,0,59.0,4.0,11,1,0,0.0,4,36.0,5.0,1,1,0,0,0,1,aeeem,org::eclipse::mylyn::internal::context::core::SaxContextWriter,30.0,25,2,0,109.857,370.0,340.0,3,202.0,14.8,202.0,13.6,202.0,1.2,26.6598,18,7,1,0,11,16.189,0.0996957,0.219487,9.58758,0.444705,True
aeeem,org::eclipse::mylyn::internal::bugzilla::ui::search::SaveQueryDialog,0,1,0,0,15,0,4,0,38.0,6.0,0,3,0,1.0,2,13.0,8.0,0,0,0,0,0,0,aeeem,org::eclipse::mylyn::internal::bugzilla::ui::search::SaveQueryDialog,0.0,3,1,0,164.0,0.0,0.0,1,0.0,0.0,0.0,0.0,0.0,0.0,0.0,1,0,0,0,0,0.0,0.0,0.0,0.0,0.0,True
aeeem,org::eclipse::mylyn::internal::context::ui::views::QuickOutlinePatternAndInterestFilter,3,1,2,1,6,0,2,0,42.0,4.0,0,2,1,0.0,3,10.0,10.0,0,0,0,0,0,0,aeeem,org::eclipse::mylyn::internal::context::ui::views::QuickOutlinePatternAndInterestFilter,1.0,8,2,0,103.571,95.0,94.0,0,84.0,11.875,84.0,11.75,84.0,0.125,6.21504,5,2,0,0,3,7.29292,0.0138083,0.156954,9.25671,0.219353,True
aeeem,org::eclipse::mylyn::internal::wikitext::tracwiki::core::token::RevisionLogReplacementToken,2,2,1,1,6,0,0,0,9.0,4.0,22,0,0,0.0,1,5.0,3.0,0,0,0,0,0,0,aeeem,org::eclipse::mylyn::internal::wikitext::tracwiki::core::token::RevisionLogReplacementToken,0.0,1,1,0,7.14286,0.0,0.0,0,0.0,0.0,0.0,0.0,0.0,0.0,0.0,1,0,0,0,0,0.0,0.0,0.0,0.0,0.0,True
aeeem,org::eclipse::mylyn::internal::ide::ant::AntUiBridgePlugin,4,1,1,3,10,0,3,0,20.0,5.0,0,2,1,0.0,4,12.0,6.0,0,0,0,0,0,0,aeeem,org::eclipse::mylyn::internal::ide::ant::AntUiBridgePlugin,24.0,10,2,0,92.4286,53.0,29.0,0,27.0,5.3,13.0,2.9,14.0,2.4,38.9946,8,0,0,0,6,9.24645,0.0158142,0.178298,9.34832,0.311521,True
aeeem,org::eclipse::mylyn::internal::tasks::ui::TaskListModifyOperation,7,1,3,4,6,2,1,0,33.0,4.0,9,0,0,1.0,2,9.0,4.0,0,0,0,0,0,0,aeeem,org::eclipse::mylyn::internal::tasks::ui::TaskListModifyOperation,10.0,5,3,0,45.8571,15.0,5.0,1,9.0,3.0,2.0,1.0,7.0,2.0,7.92381,4,1,0,0,1,4.10346,0.00178967,0.157601,9.18766,0.259133,True
aeeem,org::eclipse::mylyn::internal::tasks::ui::deprecated::AbstractNewRepositoryTaskEditor,12,2,1,11,276,1,11,13,346.0,24.0,95,6,0,0.0,8,84.0,34.0,0,0,0,0,0,0,aeeem,org::eclipse::mylyn::internal::tasks::ui::deprecated::AbstractNewRepositoryTaskEditor,0.0,11,3,0,45.2857,26.0,26.0,1,5.0,2.36364,7.0,2.36364,4.0,0.0,4.64286,8,4,0,0,5,5.59876,0.00538118,0.179372,9.2653,0.344852,True
aeeem,org::eclipse::mylyn::internal::wikitext::confluence::core::block::TableOfContentsBlock,13,4,1,13,36,0,5,4,69.0,9.0,45,4,1,0.0,7,39.0,15.0,0,0,0,0,0,0,aeeem,org::eclipse::mylyn::internal::wikitext::confluence::core::block::TableOfContentsBlock,0.0,4,2,0,32.7143,18.0,18.0,0,11.0,4.5,12.0,4.5,1.0,0.0,5.6746,4,4,0,0,0,3.33706,0.00411066,0.180438,9.21468,0.291852,True
aeeem,org::eclipse::mylyn::internal::jira::core::service::JiraRedirectException,2,2,2,0,1,0,2,0,7.0,2.0,26,2,0,0.0,2,2.0,2.0,0,0,0,0,0,0,aeeem,org::eclipse::mylyn::internal::jira::core::service::JiraRedirectException,0.0,1,1,0,13.7143,0.0,0.0,0,0.0,0.0,0.0,0.0,0.0,0.0,0.0,1,1,0,0,0,0.0,0.0,0.0,0.0,0.0,True
aeeem,org::eclipse::mylyn::internal::java::ui::ActiveFoldingEditorTracker,3,3,2,1,21,0,1,0,31.0,7.0,24,0,0,0.0,6,15.0,10.0,0,0,0,0,0,0,aeeem,org::eclipse::mylyn::internal::java::ui::ActiveFoldingEditorTracker,3.0,6,2,0,92.4286,12.0,9.0,0,5.0,2.0,4.0,1.5,4.0,0.5,40.6429,5,1,0,0,4,4.46389,0.001884,0.14921,9.17814,0.211039,True
aeeem,org::eclipse::mylyn::internal::tasks::ui::editors::TaskEditorRichTextPart,18,2,5,15,78,2,7,1,191.0,13.0,19,7,1,0.0,8,88.0,34.0,4,4,0,0,0,1,aeeem,org::eclipse::mylyn::internal::tasks::ui::editors::TaskEditorRichTextPart,182.0,26,2,0,57.2857,421.0,239.0,0,81.0,16.1923,81.0,9.19231,81.0,7.0,23.6295,16,8,1,0,10,6.71473,0.139041,0.195365,9.32269,0.40025,True
aeeem,org::eclipse::mylyn::internal::web::ui::WebNavigatorLabelProvider,1,1,0,1,36,0,1,0,32.0,9.0,0,1,0,0.0,9,10.0,10.0,0,0,0,0,0,0,aeeem,org::eclipse::mylyn::internal::web::ui::WebNavigatorLabelProvider,-13.0,7,2,0,93.7143,12.0,25.0,0,4.0,1.71429,13.0,3.57143,0.0,-1.85714,31.131,5,2,0,0,3,3.95974,0.00382803,0.143127,9.15318,0.183381,True
aeeem,org::eclipse::mylyn::internal::tasks::bugs::DefaultTaskContributor,8,2,1,7,10,0,0,0,86.0,5.0,12,0,1,0.0,4,49.0,17.0,1,0,0,0,1,1,aeeem,org::eclipse::mylyn::internal::tasks::bugs::DefaultTaskContributor,114.0,11,2,0,47.5714,209.0,95.0,0,74.0,19.0,21.0,8.63636,55.0,10.3636,12.9016,7,1,0,0,2,4.15475,0.0184911,0.162734,9.19857,0.279504,True
aeeem,org::eclipse::mylyn::internal::ide::ui::actions::FocusTaskMarkersViewAction,0,3,0,0,0,0,0,8,3.0,1.0,29,0,0,0.0,1,1.0,1.0,0,0,0,0,0,0,aeeem,org::eclipse::mylyn::internal::ide::ui::actions::FocusTaskMarkersViewAction,-43.0,16,2,0,94.2857,88.0,131.0,1,32.0,5.5,52.0,8.1875,5.0,-2.6875,31.0812,12,6,1,0,9,11.1478,0.0499573,0.195805,9.42658,0.374714,True
aeeem,org::eclipse::mylyn::internal::jira::core::wsdl::beans::RemoteAttachment,4,2,0,4,120,0,8,0,93.0,16.0,35,8,0,0.0,16,43.0,46.0,0,0,0,0,0,0,aeeem,org::eclipse::mylyn::internal::jira::core::wsdl::beans::RemoteAttachment,-7.0,4,2,0,77.7143,14.0,21.0,0,6.0,3.5,17.0,5.25,4.0,-1.75,40.8265,4,2,1,1,3,3.13741,0.0017909,0.14525,9.14037,0.20589,True
aeeem,org::eclipse::mylyn::internal::commons::net::CommonsNetPlugin,10,1,5,5,28,0,6,0,43.0,8.0,0,5,0,0.0,8,21.0,14.0,0,0,0,0,0,0,aeeem,org::eclipse::mylyn::internal::commons::net::CommonsNetPlugin,0.0,2,1,0,45.8571,0.0,0.0,0,0.0,0.0,0.0,0.0,0.0,0.0,0.0,1,0,0,0,1,0.0,0.0,0.0,0.0,0.0,True
aeeem,org::eclipse::mylyn::internal::jira::core::model::filter::ProjectFilter,6,1,6,0,3,0,2,0,9.0,3.0,18,2,0,0.0,2,4.0,3.0,0,0,0,0,0,0,aeeem,org::eclipse::mylyn::internal::jira::core::model::filter::ProjectFilter,10.0,8,2,0,110.714,32.0,22.0,0,10.0,4.0,7.0,2.75,8.0,1.25,81.2679,5,3,0,0,3,4.58293,0.00253858,0.145075,9.17116,0.186189,True
aeeem,org::eclipse::mylyn::internal::tasks::ui::editors::TaskSpellingReconcileStrategy,1,1,0,1,21,0,5,0,25.0,7.0,9,4,0,0.0,7,14.0,7.0,0,0,0,0,0,0,aeeem,org::eclipse::mylyn::internal::tasks::ui::editors::TaskSpellingReconcileStrategy,8.0,16,3,0,133.571,37.0,29.0,0,9.0,2.3125,11.0,1.8125,4.0,0.5,64.4131,12,4,0,0,9,12.9528,0.00663032,0.197598,9.4646,0.361725,True
aeeem,org::eclipse::mylyn::internal::tasks::ui::actions::NextTaskDropDownAction,0,1,0,0,3,0,1,0,29.0,3.0,0,0,0,0.0,2,4.0,3.0,0,0,0,0,0,0,aeeem,org::eclipse::mylyn::internal::tasks::ui::actions::NextTaskDropDownAction,0.0,2,2,0,139.571,0.0,0.0,0,0.0,0.0,0.0,0.0,0.0,0.0,0.0,2,0,0,0,2,0.0,0.0,0.0,0.0,0.0,True
aeeem,org::eclipse::mylyn::internal::team::ui::FocusedTeamUiPlugin,15,1,12,4,66,0,10,0,69.0,12.0,0,6,1,0.0,11,29.0,16.0,2,2,0,0,0,1,aeeem,org::eclipse::mylyn::internal::team::ui::FocusedTeamUiPlugin,15.0,16,2,0,92.4286,57.0,42.0,1,15.0,3.5625,7.0,2.625,11.0,0.9375,45.3183,15,3,1,1,14,9.76667,0.00842081,0.191027,9.38507,0.366875,True
aeeem,org::eclipse::mylyn::internal::monitor::ui::MenuCommandMonitor,5,1,1,4,1,0,4,0,64.0,2.0,9,0,0,0.0,2,20.0,13.0,0,0,0,0,0,0,aeeem,org::eclipse::mylyn::internal::monitor::ui::MenuCommandMonitor,-5.0,12,2,0,90.7143,29.0,34.0,0,8.0,2.41667,11.0,2.83333,6.0,-0.416667,45.3251,10,2,0,0,7,8.75899,0.00563705,0.177961,9.33613,0.315416,True
aeeem,org::eclipse::mylyn::internal::tasks::core::data::TaskDataStore,12,1,3,9,36,0,2,0,77.0,9.0,9,2,2,0.0,7,52.0,12.0,0,0,0,0,0,0,aeeem,org::eclipse::mylyn::internal::tasks::core::data::TaskDataStore,46.0,13,2,0,46.5714,77.0,31.0,0,21.0,5.92308,11.0,2.38462,19.0,3.53846,5.3859,10,4,0,0,5,7.12446,0.00700977,0.219165,9.3806,0.447691,True
aeeem,org::eclipse::mylyn::internal::sandbox::ui::planner::OpenTaskEditorAction,2,1,2,0,1,0,2,0,13.0,2.0,0,1,0,0.0,2,5.0,3.0,0,0,0,0,0,0,aeeem,org::eclipse::mylyn::internal::sandbox::ui::planner::OpenTaskEditorAction,0.0,5,2,0,46.0,10.0,10.0,0,5.0,2.0,5.0,2.0,3.0,0.0,14.0143,4,2,0,0,3,4.17741,0.00176288,0.160399,9.19476,0.270741,True
aeeem,org::eclipse::mylyn::internal::tasks::ui::actions::OpenTaskListElementAction,5,1,4,1,3,0,2,0,26.0,3.0,0,1,0,0.0,3,11.0,8.0,0,0,0,0,0,0,aeeem,org::eclipse::mylyn::internal::tasks::ui::actions::OpenTaskListElementAction,26.0,23,3,0,139.571,87.0,61.0,0,11.0,3.78261,5.0,2.65217,8.0,1.13043,69.3202,18,7,0,0,9,12.5589,0.011285,0.190259,9.44211,0.337733,True
aeeem,org::eclipse::mylyn::internal::tasks::ui::MoveToCategoryMenuContributor,10,1,1,9,6,0,0,0,69.0,4.0,10,0,1,0.0,3,30.0,8.0,0,0,0,0,0,0,aeeem,org::eclipse::mylyn::internal::tasks::ui::MoveToCategoryMenuContributor,57.0,38,3,0,139.571,196.0,139.0,0,36.0,5.15789,17.0,3.65789,28.0,1.5,48.4912,29,11,0,0,14,18.5444,0.0754371,0.217645,9.63176,0.413021,True
aeeem,org::eclipse::mylyn::internal::tasks::ui::editors::AbstractHyperlinkTextPresentationManager,5,1,2,3,45,2,4,0,79.0,10.0,9,4,1,0.0,6,36.0,23.0,0,0,0,0,0,0,aeeem,org::eclipse::mylyn::internal::tasks::ui::editors::AbstractHyperlinkTextPresentationManager,2.0,3,1,0,22.5714,5.0,3.0,0,4.0,1.66667,2.0,1.0,2.0,0.666667,0.742857,2,1,0,0,1,0.0,0.0,0.0,0.0,0.0,True
aeeem,org::eclipse::mylyn::resources::ui::FocusCommonNavigatorAction,8,3,0,8,36,1,7,8,165.0,9.0,28,7,1,0.0,1,64.0,34.0,0,0,0,0,0,0,aeeem,org::eclipse::mylyn::resources::ui::FocusCommonNavigatorAction,106.0,8,2,0,43.5714,121.0,15.0,0,71.0,15.125,6.0,1.875,68.0,13.25,39.0697,5,2,2,0,4,1.84703,0.000948744,0.136921,9.09329,0.175609,True
aeeem,org::eclipse::mylyn::internal::wikitext::core::parser::builder::SplitOutlineItem,7,2,5,2,15,0,3,0,55.0,6.0,37,3,0,0.0,6,24.0,11.0,0,0,0,0,0,0,aeeem,org::eclipse::mylyn::internal::wikitext::core::parser::builder::SplitOutlineItem,1.0,5,2,1,32.7143,15.0,14.0,0,13.0,3.0,11.0,2.8,2.0,0.2,3.94286,3,3,0,0,0,1.49003,0.00409138,0.0435179,0.121386,0.116244,True
aeeem,org::eclipse::mylyn::internal::monitor::usage::wizards::UsageSubmissionWizard,27,1,5,22,190,0,23,0,527.0,20.0,0,17,6,0.0,14,182.0,41.0,0,0,0,0,0,0,aeeem,org::eclipse::mylyn::internal::monitor::usage::wizards::UsageSubmissionWizard,116.0,23,3,0,109.857,376.0,260.0,2,92.0,16.3478,67.0,11.3043,83.0,5.04348,20.6527,16,8,0,0,13,13.8586,0.0525557,0.202119,9.49844,0.378357,True
aeeem,org::eclipse::mylyn::internal::tasks::ui::search::SearchResultsLabelProvider,3,2,1,2,1,0,2,0,31.0,2.0,6,2,0,0.0,2,8.0,7.0,1,1,0,0,0,1,aeeem,org::eclipse::mylyn::internal::tasks::ui::search::SearchResultsLabelProvider,31.0,7,2,0,60.8571,42.0,11.0,0,25.0,6.0,3.0,1.57143,22.0,4.42857,22.5714,6,0,0,0,2,5.39384,0.0031485,0.16593,9.23473,0.289415,True
aeeem,org::eclipse::mylyn::internal::tasks::ui::deprecated::NewTaskEditorInput,2,3,0,2,6,0,0,5,20.0,4.0,32,0,0,0.0,4,11.0,5.0,0,0,0,0,0,0,aeeem,org::eclipse::mylyn::internal::tasks::ui::deprecated::NewTaskEditorInput,-2.0,4,2,0,45.2857,5.0,7.0,0,4.0,1.25,6.0,1.75,3.0,-0.5,16.2571,3,1,0,0,3,3.26838,0.00253685,0.155894,9.16383,0.24972,True
aeeem,org::eclipse::mylyn::internal::wikitext::mediawiki::core::token::ImageReplacementToken,2,2,1,1,6,0,0,0,9.0,4.0,22,0,0,0.0,1,5.0,3.0,1,0,0,0,0,1,aeeem,org::eclipse::mylyn::internal::wikitext::mediawiki::core::token::ImageReplacementToken,0.0,3,2,0,32.7143,14.0,14.0,0,10.0,4.66667,10.0,4.66667,0.0,0.0,9.67347,3,3,0,0,0,1.49003,0.00136379,0.0435179,0.121386,0.116244,True
aeeem,org::eclipse::mylyn::internal::bugzilla::ui::search::BugzillaSearchHit,0,1,0,0,231,0,10,0,75.0,22.0,9,10,0,0.0,22,22.0,22.0,0,0,0,0,0,0,aeeem,org::eclipse::mylyn::internal::bugzilla::ui::search::BugzillaSearchHit,0.0,3,2,0,148.571,0.0,0.0,0,0.0,0.0,0.0,0.0,0.0,0.0,0.0,2,1,0,0,1,0.0,0.0,0.0,0.0,0.0,True
aeeem,org::eclipse::mylyn::bugzilla::deprecated::NewBugzillaTaskEditor,10,3,1,9,36,0,1,18,180.0,9.0,119,0,1,0.0,3,72.0,21.0,0,0,0,0,0,0,aeeem,org::eclipse::mylyn::bugzilla::deprecated::NewBugzillaTaskEditor,4.0,3,3,0,39.5714,5.0,1.0,0,5.0,1.66667,1.0,0.333333,4.0,1.33333,13.0,3,1,0,0,3,1.84703,0.00113849,0.136921,9.09329,0.175609,True
aeeem,org::eclipse::mylyn::zest::tests::swt::GraphSnippet2,1,1,0,1,0,0,0,0,32.0,1.0,9,0,0,0.0,1,9.0,3.0,0,0,0,0,0,0,aeeem,org::eclipse::mylyn::zest::tests::swt::GraphSnippet2,0.0,1,1,0,80.8571,0.0,0.0,0,0.0,0.0,0.0,0.0,0.0,0.0,0.0,1,1,0,0,0,0.0,0.0,0.0,0.0,0.0,True
aeeem,org::eclipse::mylyn::internal::jira::core::JiraRepositoryConnector,44,2,6,40,496,0,11,0,374.0,32.0,36,7,2,0.0,29,227.0,81.0,0,0,0,0,0,0,aeeem,org::eclipse::mylyn::internal::jira::core::JiraRepositoryConnector,81.0,20,3,0,120.857,261.0,180.0,0,149.0,13.05,63.0,9.0,89.0,4.05,7.02682,17,7,1,1,7,4.64726,0.111674,0.0101012,0.121355,0.00522001,True
aeeem,org::eclipse::mylyn::internal::sandbox::misc::PassiveTimer,1,1,0,1,1,0,2,0,8.0,2.0,9,2,0,0.0,2,4.0,2.0,0,0,0,0,0,0,aeeem,org::eclipse::mylyn::internal::sandbox::misc::PassiveTimer,0.0,2,1,0,164.0,0.0,0.0,2,0.0,0.0,0.0,0.0,0.0,0.0,0.0,1,1,1,1,0,0.0,0.0,0.0,0.0,0.0,True
aeeem,org::eclipse::mylyn::internal::wikitext::ui::editor::syntax::Block,7,1,4,3,21,0,3,0,58.0,7.0,0,3,0,0.0,7,29.0,11.0,0,0,0,0,0,0,aeeem,org::eclipse::mylyn::internal::wikitext::ui::editor::syntax::Block,0.0,5,2,1,32.7143,24.0,24.0,0,12.0,4.8,12.0,4.8,2.0,0.0,7.60119,4,4,0,0,0,2.38141,0.0037035,0.132656,9.07779,0.205382,True
aeeem,org::eclipse::mylyn::tasks::core::data::TaskAttachmentPartSource,5,1,2,3,6,0,2,0,18.0,4.0,9,2,0,0.0,4,9.0,4.0,0,0,0,0,0,0,aeeem,org::eclipse::mylyn::tasks::core::data::TaskAttachmentPartSource,0.0,2,1,0,19.4286,2.0,2.0,0,2.0,1.0,2.0,1.0,0.0,0.0,5.14286,2,0,0,0,0,0.0,0.0,0.0,0.0,0.0,True
aeeem,org::eclipse::mylyn::zest::core::viewers::internal::GraphModelEntityRelationshipFactory,3,2,1,2,21,0,0,0,45.0,7.0,45,0,3,0.0,3,29.0,13.0,0,0,0,0,0,0,aeeem,org::eclipse::mylyn::zest::core::viewers::internal::GraphModelEntityRelationshipFactory,1.0,3,1,0,103.714,17.0,16.0,1,9.0,5.66667,8.0,5.33333,1.0,0.333333,5.52101,0,0,0,0,0,2.91015,0.00362493,0.00780593,0.0803861,0.00789221,True
aeeem,org::eclipse::mylyn::internal::wikitext::core::util::Messages,2,1,1,1,1,0,2,0,9.0,2.0,9,2,1,0.0,1,3.0,2.0,0,0,0,0,0,0,aeeem,org::eclipse::mylyn::internal::wikitext::core::util::Messages,0.0,2,1,0,19.8571,1.0,1.0,0,1.0,0.5,1.0,0.5,0.0,0.0,2.0,1,1,0,0,0,0.0,0.0,0.0,0.0,0.0,True
aeeem,org::eclipse::mylyn::internal::bugzilla::core::history::StatusEvent,1,2,1,1,3,0,2,9,11.0,3.0,30,2,0,0.0,3,8.0,3.0,0,0,0,0,0,0,aeeem,org::eclipse::mylyn::internal::bugzilla::core::history::StatusEvent,3.0,11,3,0,109.0,52.0,49.0,0,36.0,4.72727,36.0,4.45455,36.0,0.272727,17.3269,7,3,0,0,3,7.66451,0.00994613,0.163151,9.27709,0.247201,True
aeeem,org::eclipse::mylyn::tasks::core::data::TaskOperation,12,1,7,6,78,0,6,0,82.0,13.0,9,6,0,0.0,13,39.0,20.0,0,0,0,0,0,0,aeeem,org::eclipse::mylyn::tasks::core::data::TaskOperation,93.0,13,2,0,47.1429,146.0,53.0,0,67.0,11.2308,20.0,4.07692,47.0,7.15385,5.21037,5,4,0,0,4,6.31013,0.0187982,0.1853,9.29392,0.368531,True
aeeem,org::eclipse::mylyn::internal::sandbox::ui::highlighters::Highlighter,14,1,8,6,210,0,11,0,186.0,21.0,9,11,3,0.0,18,69.0,41.0,0,0,0,0,0,0,aeeem,org::eclipse::mylyn::internal::sandbox::ui::highlighters::Highlighter,3.0,3,2,0,43.5714,5.0,2.0,0,4.0,1.66667,1.0,0.666667,3.0,1.0,20.5143,2,0,0,0,1,1.84703,0.000948744,0.136921,9.09329,0.175609,True
aeeem,org::eclipse::mylyn::internal::bugzilla::core::Messages,0,1,0,0,0,0,115,0,3.0,1.0,0,1,0,114.0,1,2.0,1.0,0,0,0,0,0,0,aeeem,org::eclipse::mylyn::internal::bugzilla::core::Messages,4.0,5,2,1,13.1429,18.0,14.0,0,18.0,3.6,8.0,2.8,18.0,0.8,0.142857,3,1,0,0,2,0.0,0.0,0.0,0.0,0.0,True
aeeem,org::eclipse::mylyn::internal::xplanner::core::XPlannerCorePlugin,10,1,4,6,36,0,5,0,75.0,9.0,0,3,0,0.0,9,31.0,15.0,1,1,0,0,0,1,aeeem,org::eclipse::mylyn::internal::xplanner::core::XPlannerCorePlugin,0.0,1,1,0,6.42857,0.0,0.0,0,0.0,0.0,0.0,0.0,0.0,0.0,0.0,1,1,1,0,1,0.0,0.0,0.0,0.0,0.0,True
aeeem,org::eclipse::mylyn::internal::ide::ant::AntUiBridge,9,2,0,9,28,0,0,0,115.0,8.0,16,0,1,0.0,7,43.0,18.0,0,0,0,0,0,0,aeeem,org::eclipse::mylyn::internal::ide::ant::AntUiBridge,-3.0,12,2,1,92.4286,54.0,57.0,1,12.0,4.5,14.0,4.75,2.0,-0.25,38.1481,11,3,0,0,9,10.3881,0.0197925,0.187451,9.39275,0.345668,True
aeeem,org::eclipse::mylyn::internal::wikitext::ui::util::css::editor::CssPartitioner,2,1,1,1,0,0,0,0,4.0,1.0,0,0,0,0.0,1,2.0,1.0,0,0,0,0,0,0,aeeem,org::eclipse::mylyn::internal::wikitext::ui::util::css::editor::CssPartitioner,0.0,1,1,0,6.42857,0.0,0.0,0,0.0,0.0,0.0,0.0,0.0,0.0,0.0,1,0,0,0,0,0.0,0.0,0.0,0.0,0.0,True
aeeem,org::eclipse::mylyn::internal::sandbox::ui::editors::ExtensibleTaskEditorNewCommentPart,5,4,1,4,1,0,0,1,6.0,2.0,33,0,0,0.0,2,9.0,4.0,0,0,0,0,0,0,aeeem,org::eclipse::mylyn::internal::sandbox::ui::editors::ExtensibleTaskEditorNewCommentPart,-19.0,9,2,0,37.5714,38.0,57.0,0,18.0,4.22222,41.0,6.33333,17.0,-2.11111,5.47368,5,2,0,0,3,4.341,0.0155162,0.184741,9.2446,0.336165,True
aeeem,org::eclipse::mylyn::internal::bugzilla::ui::BugzillaTaskHyperlinkDetector,5,1,0,5,3,0,3,0,48.0,3.0,0,3,1,0.0,0,26.0,10.0,0,0,0,0,0,0,aeeem,org::eclipse::mylyn::internal::bugzilla::ui::BugzillaTaskHyperlinkDetector,1.0,21,2,0,154.143,173.0,172.0,1,69.0,8.2381,90.0,8.19048,69.0,0.047619,50.9711,11,3,0,0,4,10.7968,0.0458364,0.0222629,0.277237,0.0127294,True
aeeem,org::eclipse::mylyn::internal::wikitext::core::validation::ValidationRules,3,1,1,2,10,0,2,0,24.0,5.0,9,2,0,0.0,5,15.0,7.0,0,0,0,0,0,0,aeeem,org::eclipse::mylyn::internal::wikitext::core::validation::ValidationRules,4.0,5,2,1,32.7143,11.0,7.0,0,5.0,2.2,4.0,1.4,5.0,0.8,13.026,2,2,0,0,0,1.49003,0.00187522,0.0435179,0.121386,0.116244,True
aeeem,org::eclipse::mylyn::internal::bugzilla::ui::search::BugzillaStateSearchSorter,2,1,0,2,1,0,0,0,53.0,2.0,0,0,0,0.0,2,12.0,8.0,0,0,0,0,0,0,aeeem,org::eclipse::mylyn::internal::bugzilla::ui::search::BugzillaStateSearchSorter,-2.0,7,2,0,148.571,15.0,17.0,0,6.0,2.14286,8.0,2.42857,3.0,-0.285714,82.3333,5,2,0,0,2,5.5048,0.00223878,0.157879,9.21892,0.243226,True
aeeem,org::eclipse::mylyn::internal::java::ui::editor::FocusedJavaAllProposalComputer,2,1,0,2,15,0,4,0,97.0,6.0,0,0,1,0.0,2,28.0,17.0,0,0,0,0,0,0,aeeem,org::eclipse::mylyn::internal::java::ui::editor::FocusedJavaAllProposalComputer,0.0,1,1,0,1.71429,0.0,0.0,0,0.0,0.0,0.0,0.0,0.0,0.0,0.0,1,1,0,0,1,0.0,0.0,0.0,0.0,0.0,True
aeeem,org::eclipse::mylyn::wikitext::core::parser::builder::NoOpDocumentBuilder,1,2,1,0,136,0,0,1,64.0,17.0,27,0,0,0.0,17,17.0,16.0,0,0,0,0,0,0,aeeem,org::eclipse::mylyn::wikitext::core::parser::builder::NoOpDocumentBuilder,0.0,1,1,0,5.85714,0.0,0.0,0,0.0,0.0,0.0,0.0,0.0,0.0,0.0,1,1,0,0,0,0.0,0.0,0.0,0.0,0.0,True
aeeem,org::eclipse::mylyn::internal::wikitext::tasks::ui::editor::TracWikiMarkupTaskEditorExtension,6,3,0,6,10,0,1,1,36.0,5.0,22,1,0,0.0,2,20.0,9.0,0,0,0,0,0,0,aeeem,org::eclipse::mylyn::internal::wikitext::tasks::ui::editor::TracWikiMarkupTaskEditorExtension,85.0,3,1,0,14.7143,90.0,5.0,0,84.0,30.0,4.0,1.66667,83.0,28.3333,10.9048,3,1,0,0,1,0.0,0.0,0.0,0.0,0.0,True
aeeem,org::eclipse::mylyn::internal::tasks::ui::commands::GoToUnreadTaskHandler,6,2,4,2,10,2,3,0,34.0,5.0,1,1,1,0.0,4,14.0,6.0,0,0,0,0,0,0,aeeem,org::eclipse::mylyn::internal::tasks::ui::commands::GoToUnreadTaskHandler,2.0,8,2,0,44.0,16.0,14.0,0,4.0,2.0,3.0,1.75,3.0,0.25,14.5357,7,1,0,0,3,4.92306,0.00110114,0.169719,9.2306,0.307768,True
aeeem,org::eclipse::mylyn::internal::jira::core::service::web::rss::JiraRssHandler,26,1,4,22,78,0,104,0,512.0,13.0,51,103,4,1.0,9,285.0,156.0,1,0,0,0,0,1,aeeem,org::eclipse::mylyn::internal::jira::core::service::web::rss::JiraRssHandler,11.0,11,2,0,54.0,57.0,46.0,0,16.0,5.18182,16.0,4.18182,6.0,1.0,24.6892,10,5,0,0,5,4.89334,0.014103,0.177005,9.24327,0.323985,True
aeeem,org::eclipse::mylyn::internal::wikitext::ui::viewer::CssStyleManager,14,1,6,8,91,0,15,0,195.0,14.0,9,6,6,0.0,8,77.0,48.0,0,0,0,0,0,0,aeeem,org::eclipse::mylyn::internal::wikitext::ui::viewer::CssStyleManager,183.0,17,2,3,32.7143,860.0,677.0,2,302.0,50.5882,192.0,39.8235,192.0,10.7647,14.251,12,8,0,0,0,3.33706,0.0668939,0.180438,9.21468,0.291852,True
aeeem,org::eclipse::mylyn::wikitext::core::parser::util::MarkupToDocbook,6,1,3,3,15,0,2,0,35.0,6.0,9,2,0,0.0,6,15.0,5.0,0,0,0,0,0,0,aeeem,org::eclipse::mylyn::wikitext::core::parser::util::MarkupToDocbook,2.0,7,2,1,32.7143,9.0,7.0,0,3.0,1.28571,4.0,1.0,2.0,0.285714,15.3333,5,5,0,0,0,1.49003,0.00119332,0.0435179,0.121386,0.116244,True
aeeem,org::eclipse::mylyn::internal::tasks::core::RepositoryTaskHandleUtil,9,1,8,1,6,0,2,0,30.0,4.0,9,1,0,0.0,4,12.0,8.0,0,0,0,0,0,0,aeeem,org::eclipse::mylyn::internal::tasks::core::RepositoryTaskHandleUtil,2.0,12,2,0,109.429,28.0,26.0,0,10.0,2.33333,4.0,2.16667,6.0,0.166667,39.1327,7,3,0,0,4,7.5716,0.00338707,0.166134,9.28042,0.259167,True
aeeem,org::eclipse::mylyn::internal::tasks::ui::util::TaskActivityTimer,2,1,0,2,136,0,4,0,71.0,17.0,9,4,2,0.0,15,38.0,19.0,0,0,0,0,0,0,aeeem,org::eclipse::mylyn::internal::tasks::ui::util::TaskActivityTimer,0.0,3,2,0,139.571,2.0,2.0,0,2.0,0.666667,2.0,0.666667,0.0,0.0,2.85714,2,2,0,0,2,1.40719,0.00265617,0.00249094,0.0348806,0.00054791,True
aeeem,org::eclipse::mylyn::internal::tasks::bugs::actions::Messages,0,1,0,0,0,0,11,0,3.0,1.0,0,1,0,10.0,1,2.0,1.0,0,0,0,0,0,0,aeeem,org::eclipse::mylyn::internal::tasks::bugs::actions::Messages,0.0,3,1,0,14.7143,47.0,47.0,0,47.0,15.6667,47.0,15.6667,47.0,0.0,0.714286,2,0,0,0,0,0.0,0.0,0.0,0.0,0.0,True
aeeem,org::eclipse::mylyn::internal::tasks::ui::commands::AddTaskRepositoryHandler,2,1,0,2,0,0,0,0,18.0,1.0,0,0,0,0.0,1,8.0,4.0,0,0,0,0,0,0,aeeem,org::eclipse::mylyn::internal::tasks::ui::commands::AddTaskRepositoryHandler,11.0,16,3,0,120.571,82.0,71.0,0,47.0,5.125,44.0,4.4375,40.0,0.6875,51.0174,13,5,0,0,5,9.83332,0.0301314,0.175854,9.35375,0.290808,True
aeeem,org::eclipse::mylyn::tasks::core::AbstractRepositoryConnector,74,1,70,4,351,7,1,0,72.0,27.0,9,1,0,0.0,27,41.0,19.0,0,0,0,0,0,0,aeeem,org::eclipse::mylyn::tasks::core::AbstractRepositoryConnector,119.0,116,3,5,133.571,1274.0,1155.0,5,89.0,10.9828,340.0,9.9569,70.0,1.02586,55.4298,78,42,2,1,54,32.4143,0.234098,0.292654,10.0941,0.607838,True
aeeem,org::eclipse::mylyn::internal::wikitext::twiki::core::block::ParagraphBlock,6,3,1,5,6,0,1,4,41.0,4.0,43,1,0,0.0,4,18.0,10.0,0,0,0,0,0,0,aeeem,org::eclipse::mylyn::internal::wikitext::twiki::core::block::ParagraphBlock,0.0,2,1,0,23.8571,1.0,1.0,0,1.0,0.5,1.0,0.5,0.0,0.0,9.14286,2,1,0,0,0,0.0,0.0,0.0,0.0,0.0,True
aeeem,org::eclipse::mylyn::internal::trac::ui::editor::TracPeoplePart,8,2,1,7,6,0,1,1,65.0,4.0,19,1,2,0.0,2,44.0,15.0,0,0,0,0,0,0,aeeem,org::eclipse::mylyn::internal::trac::ui::editor::TracPeoplePart,3.0,5,2,0,39.5714,10.0,7.0,0,4.0,2.0,4.0,1.4,3.0,0.6,19.4571,3,1,0,0,2,1.84703,0.00132824,0.136921,9.09329,0.175609,True
aeeem,org::eclipse::mylyn::internal::monitor::core::collection::PercentUsageComparator,3,1,2,1,1,0,0,0,11.0,2.0,9,0,0,0.0,2,6.0,3.0,0,0,0,0,0,0,aeeem,org::eclipse::mylyn::internal::monitor::core::collection::PercentUsageComparator,1.0,5,2,0,109.857,9.0,8.0,1,5.0,1.8,5.0,1.6,4.0,0.2,63.8095,3,2,0,0,3,3.95974,0.00144153,0.143127,9.15318,0.183381,True
aeeem,org::eclipse::mylyn::internal::wikitext::ui::editor::syntax::MarkupDocumentProvider,5,1,3,3,45,0,1,0,53.0,10.0,0,1,3,0.0,5,25.0,13.0,0,0,0,0,0,0,aeeem,org::eclipse::mylyn::internal::wikitext::ui::editor::syntax::MarkupDocumentProvider,64.0,8,2,1,32.7143,120.0,56.0,0,70.0,15.0,34.0,7.0,36.0,8.0,7.68214,6,6,0,0,0,3.33706,0.0144705,0.180438,9.21468,0.291852,True
aeeem,org::eclipse::mylyn::wikitext::core::util::ServiceLocator,19,1,4,15,6,1,3,0,99.0,4.0,9,2,0,0.0,3,54.0,17.0,0,0,0,0,0,0,aeeem,org::eclipse::mylyn::wikitext::core::util::ServiceLocator,35.0,8,2,1,32.7143,62.0,27.0,0,23.0,7.75,11.0,3.375,15.0,4.375,11.8018,6,5,0,0,0,1.49003,0.00579613,0.0435179,0.121386,0.116244,True
aeeem,org::eclipse::mylyn::internal::monitor::ui::BrowserMonitor,6,2,1,5,120,0,3,1,71.0,16.0,17,2,1,0.0,14,37.0,25.0,1,1,0,0,0,1,aeeem,org::eclipse::mylyn::internal::monitor::ui::BrowserMonitor,4.0,11,2,0,90.7143,25.0,21.0,0,7.0,2.27273,5.0,1.90909,3.0,0.363636,43.76,9,1,0,0,6,8.1358,0.00362121,0.176014,9.31815,0.312608,True
aeeem,org::eclipse::mylyn::zest::core::widgets::internal::AspectRatioFreeformLayer,10,1,0,10,55,0,2,1,166.0,11.0,226,2,0,0.0,9,64.0,32.0,0,0,0,0,0,0,aeeem,org::eclipse::mylyn::zest::core::widgets::internal::AspectRatioFreeformLayer,9.0,3,1,2,83.7143,10.0,1.0,0,6.0,3.33333,1.0,0.333333,5.0,3.0,1.68571,2,2,0,0,0,1.78572,0.00230746,0.00605753,0.0527649,0.0103694,True
aeeem,org::eclipse::mylyn::internal::java::ui::actions::FocusPackageExplorerAction,5,3,1,4,15,0,0,8,106.0,6.0,28,0,0,0.0,2,36.0,23.0,0,0,0,0,0,0,aeeem,org::eclipse::mylyn::internal::java::ui::actions::FocusPackageExplorerAction,20.0,17,2,0,119.0,194.0,174.0,0,97.0,11.4118,97.0,10.2353,97.0,1.17647,24.3859,12,7,1,0,8,11.1675,0.13684,0.175586,9.38386,0.274449,True
aeeem,org::eclipse::mylyn::bugzilla::deprecated::BugzillaTaskEditorInput,3,3,1,2,21,0,2,5,25.0,7.0,32,2,0,0.0,6,9.0,7.0,0,0,0,0,0,0,aeeem,org::eclipse::mylyn::bugzilla::deprecated::BugzillaTaskEditorInput,-2.0,4,3,0,39.5714,17.0,19.0,0,11.0,4.25,15.0,4.75,2.0,-0.5,4.58824,4,1,0,0,4,3.37801,0.0042337,0.154967,9.16485,0.247924,True
aeeem,org::eclipse::mylyn::internal::jira::core::model::User,2,1,2,0,28,0,4,0,21.0,8.0,18,4,0,0.0,8,8.0,7.0,0,0,0,0,0,0,aeeem,org::eclipse::mylyn::internal::jira::core::model::User,-5.0,8,2,0,110.714,12.0,17.0,0,4.0,1.5,6.0,2.125,2.0,-0.625,50.8809,6,3,0,0,3,5.99575,0.00423629,0.148645,9.2096,0.189007,True
aeeem,org::eclipse::mylyn::internal::wikitext::twiki::core::phrase::SimplePhraseModifier,0,3,0,0,0,0,0,1,3.0,1.0,28,0,0,0.0,1,1.0,1.0,0,0,0,0,0,0,aeeem,org::eclipse::mylyn::internal::wikitext::twiki::core::phrase::SimplePhraseModifier,0.0,1,1,0,23.8571,0.0,0.0,0,0.0,0.0,0.0,0.0,0.0,0.0,0.0,1,0,0,0,0,0.0,0.0,0.0,0.0,0.0,True
aeeem,org::eclipse::mylyn::internal::tasks::ui::TasksUiPlugin,259,1,217,47,2080,0,43,0,685.0,65.0,0,41,6,1.0,59,260.0,112.0,1,1,0,0,0,1,aeeem,org::eclipse::mylyn::internal::tasks::ui::TasksUiPlugin,-19.0,117,3,4,48.5714,1036.0,1055.0,3,104.0,8.8547,255.0,9.01709,64.0,-0.162393,11.1958,72,42,5,3,41,8.82882,0.084845,0.235366,9.45239,0.519578,True
aeeem,org::eclipse::mylyn::internal::commons::ui::CompositeSyncImageDescriptor,1,1,1,0,6,0,5,0,23.0,4.0,0,3,1,1.0,1,10.0,6.0,0,0,0,0,0,0,aeeem,org::eclipse::mylyn::internal::commons::ui::CompositeSyncImageDescriptor,3.0,2,1,0,45.8571,4.0,1.0,0,4.0,2.0,1.0,0.5,3.0,1.5,19.2857,2,0,0,0,2,1.84703,0.000948744,0.136921,9.09329,0.175609,True
aeeem,org::eclipse::mylyn::internal::wikitext::ui::editor::commands::Messages,2,1,1,1,1,0,2,0,9.0,2.0,9,2,1,0.0,1,3.0,2.0,1,0,0,0,0,1,aeeem,org::eclipse::mylyn::internal::wikitext::ui::editor::commands::Messages,0.0,2,1,0,19.8571,1.0,1.0,0,1.0,0.5,1.0,0.5,0.0,0.0,2.0,1,1,0,0,0,0.0,0.0,0.0,0.0,0.0,True
aeeem,org::eclipse::mylyn::internal::xplanner::core::service::XPlannerClient,6,3,6,0,105,1,6,0,0.0,15.0,58,0,0,0.0,15,15.0,0.0,0,0,0,0,0,0,aeeem,org::eclipse::mylyn::internal::xplanner::core::service::XPlannerClient,0.0,1,1,0,6.42857,0.0,0.0,0,0.0,0.0,0.0,0.0,0.0,0.0,0.0,1,1,1,0,1,0.0,0.0,0.0,0.0,0.0,True
aeeem,org::eclipse::mylyn::internal::tasks::ui::wizards::NewWebTaskPage,1,1,1,0,1,0,0,0,15.0,2.0,0,0,0,0.0,2,5.0,2.0,0,0,0,0,0,0,aeeem,org::eclipse::mylyn::internal::tasks::ui::wizards::NewWebTaskPage,5.0,12,2,0,137.714,23.0,18.0,0,5.0,1.91667,5.0,1.5,4.0,0.416667,95.7143,10,4,0,0,4,8.37225,0.00329188,0.172118,9.31216,0.288851,True
aeeem,org::eclipse::mylyn::internal::tasks::bugs::wizards::ErrorLogStatus,2,1,1,1,21,0,3,7,23.0,7.0,34,3,0,0.0,7,8.0,7.0,0,0,0,0,0,0,aeeem,org::eclipse::mylyn::internal::tasks::bugs::wizards::ErrorLogStatus,6.0,7,2,0,40.8571,66.0,60.0,0,56.0,9.42857,56.0,8.57143,56.0,0.857143,2.84416,4,1,0,0,2,3.37801,0.0119612,0.154967,9.16485,0.247924,True
aeeem,org::eclipse::mylyn::internal::ide::ui::MarkerInterestFilter,7,3,0,7,3,0,1,0,46.0,3.0,9,1,0,0.0,2,24.0,13.0,0,0,0,0,0,0,aeeem,org::eclipse::mylyn::internal::ide::ui::MarkerInterestFilter,-16.0,30,2,1,154.714,164.0,180.0,0,37.0,5.46667,31.0,6.0,18.0,-0.533333,108.163,20,10,0,0,10,16.4524,0.0854442,0.216896,9.5838,0.439211,True
aeeem,org::eclipse::mylyn::internal::tasks::ui::actions::PresentationDropDownSelectionAction,5,1,1,5,10,0,3,0,79.0,5.0,0,2,1,0.0,4,42.0,14.0,0,0,0,0,0,0,aeeem,org::eclipse::mylyn::internal::tasks::ui::actions::PresentationDropDownSelectionAction,38.0,19,3,1,104.0,201.0,163.0,0,106.0,10.5789,106.0,8.57895,106.0,2.0,22.462,14,2,0,0,6,12.9773,0.0468373,0.184512,9.44239,0.298532,True
aeeem,org::eclipse::mylyn::internal::wikitext::mediawiki::core::token::HyperlinkExternalReplacementToken,1,2,1,0,6,0,0,0,9.0,4.0,22,0,0,0.0,1,5.0,3.0,0,0,0,0,0,0,aeeem,org::eclipse::mylyn::internal::wikitext::mediawiki::core::token::HyperlinkExternalReplacementToken,0.0,3,2,0,32.7143,2.0,2.0,0,1.0,0.666667,1.0,0.666667,0.0,0.0,7.28571,3,3,0,0,0,1.49003,0.000340949,0.0435179,0.121386,0.116244,True
aeeem,org::eclipse::mylyn::internal::ide::ui::XmlNodeHelper,8,1,5,3,21,0,2,0,45.0,7.0,9,2,0,0.0,7,19.0,10.0,0,0,0,0,0,0,aeeem,org::eclipse::mylyn::internal::ide::ui::XmlNodeHelper,2.0,9,2,2,43.7143,263.0,261.0,0,237.0,29.2222,237.0,29.0,237.0,0.222222,4.70994,6,3,0,0,3,4.92306,0.0407051,0.169719,9.2306,0.307768,True
aeeem,org::eclipse::mylyn::internal::jira::ui::JiraImages,3,1,0,3,6,0,9,0,34.0,4.0,9,3,2,0.0,2,19.0,7.0,0,0,0,0,0,0,aeeem,org::eclipse::mylyn::internal::jira::ui::JiraImages,8.0,14,2,0,161.0,44.0,36.0,0,10.0,3.14286,10.0,2.57143,8.0,0.571429,89.9318,10,4,0,0,6,11.5189,0.0346757,0.177522,9.39297,0.285789,True
aeeem,org::eclipse::mylyn::internal::bugzilla::ui::action::BugzillaUpdateAttachmentAction,4,1,0,4,6,2,2,0,67.0,4.0,0,2,0,0.0,4,17.0,8.0,0,0,0,0,0,0,aeeem,org::eclipse::mylyn::internal::bugzilla::ui::action::BugzillaUpdateAttachmentAction,41.0,5,2,0,13.5714,57.0,16.0,0,40.0,11.4,13.0,3.2,27.0,8.2,3.89474,4,2,0,0,3,0.0,0.0,0.0,0.0,0.0,True
aeeem,org::eclipse::mylyn::internal::wikitext::tracwiki::core::phrase::DeletedPhraseModifier,2,4,1,1,1,0,0,1,6.0,2.0,29,0,0,0.0,1,3.0,2.0,0,0,0,0,0,0,aeeem,org::eclipse::mylyn::internal::wikitext::tracwiki::core::phrase::DeletedPhraseModifier,0.0,2,1,0,6.14286,1.0,1.0,0,1.0,0.5,1.0,0.5,0.0,0.0,1.57143,1,1,0,0,0,0.0,0.0,0.0,0.0,0.0,True
aeeem,org::eclipse::mylyn::internal::sandbox::ui::editors::EditorStyleContributionItem,3,1,0,3,3,0,0,0,12.0,3.0,0,0,1,0.0,1,11.0,3.0,0,0,0,0,0,0,aeeem,org::eclipse::mylyn::internal::sandbox::ui::editors::EditorStyleContributionItem,-7.0,6,2,0,37.5714,52.0,59.0,0,43.0,8.66667,56.0,9.83333,43.0,-1.16667,8.31868,5,3,0,0,3,3.33706,0.00865864,0.180438,9.21468,0.291852,True
aeeem,org::eclipse::mylyn::wikitext::ui::viewer::AbstractTextSourceViewerConfiguration,6,1,1,5,15,2,3,0,66.0,6.0,0,2,1,0.0,4,32.0,18.0,0,0,0,0,0,0,aeeem,org::eclipse::mylyn::wikitext::ui::viewer::AbstractTextSourceViewerConfiguration,0.0,1,1,0,3.57143,0.0,0.0,0,0.0,0.0,0.0,0.0,0.0,0.0,0.0,1,0,0,0,1,0.0,0.0,0.0,0.0,0.0,True
aeeem,org::eclipse::mylyn::internal::wikitext::ui::editor::actions::Messages,4,1,3,1,3,0,2,0,12.0,3.0,9,2,1,0.0,2,4.0,3.0,1,0,0,0,0,1,aeeem,org::eclipse::mylyn::internal::wikitext::ui::editor::actions::Messages,4.0,4,1,1,19.8571,6.0,2.0,0,4.0,1.5,1.0,0.5,4.0,1.0,9.42857,2,1,0,0,0,0.0,0.0,0.0,0.0,0.0,True
aeeem,org::eclipse::mylyn::internal::web::ui::WebSiteNavigatorActionProvider,0,1,0,0,6,0,1,0,30.0,4.0,0,1,0,0.0,4,13.0,8.0,0,0,0,0,0,0,aeeem,org::eclipse::mylyn::internal::web::ui::WebSiteNavigatorActionProvider,-36.0,10,2,0,145.857,14.0,50.0,0,4.0,1.4,39.0,5.0,3.0,-3.6,75.2347,8,4,0,0,6,8.13229,0.0222461,0.156862,9.27268,0.215344,True
aeeem,org::eclipse::mylyn::internal::team::ui::LinkedTaskInfoAdapterFactory,6,1,0,6,15,0,1,0,89.0,6.0,18,1,4,0.0,2,28.0,24.0,0,0,0,0,0,0,aeeem,org::eclipse::mylyn::internal::team::ui::LinkedTaskInfoAdapterFactory,-62.0,11,2,0,92.4286,27.0,89.0,0,11.0,2.45455,64.0,8.09091,3.0,-5.63636,42.2275,9,5,1,1,6,7.65674,0.0073884,0.179366,9.31213,0.328313,True
aeeem,org::eclipse::mylyn::internal::monitor::ui::ActivityChangeMonitor,4,1,1,3,1,0,1,0,9.0,2.0,9,1,0,0.0,2,8.0,2.0,0,0,0,0,0,0,aeeem,org::eclipse::mylyn::internal::monitor::ui::ActivityChangeMonitor,-1.0,6,2,0,90.7143,8.0,9.0,0,4.0,1.33333,4.0,1.5,3.0,-0.166667,60.2679,4,0,0,0,2,4.57121,0.00119132,0.152088,9.18643,0.225109,True
aeeem,org::eclipse::mylyn::internal::jira::core::model::JiraAction,3,1,3,0,3,0,3,0,10.0,3.0,18,3,0,0.0,3,3.0,3.0,0,0,0,0,0,0,aeeem,org::eclipse::mylyn::internal::jira::core::model::JiraAction,3.0,2,2,0,46.7143,4.0,1.0,0,4.0,2.0,1.0,0.5,3.0,1.5,20.1429,2,1,0,0,2,1.84703,0.000948744,0.136921,9.09329,0.175609,True
aeeem,org::eclipse::mylyn::internal::tasks::ui::editors::TaskEditorInputFactory,7,1,1,7,1,0,2,0,24.0,2.0,9,0,0,0.0,2,20.0,5.0,0,0,0,0,0,0,aeeem,org::eclipse::mylyn::internal::tasks::ui::editors::TaskEditorInputFactory,13.0,25,3,0,126.714,65.0,52.0,1,12.0,2.6,10.0,2.08,11.0,0.52,61.3231,17,7,0,0,10,13.7908,0.0138423,0.201682,9.49271,0.380985,True
aeeem,org::eclipse::mylyn::internal::sandbox::bridge::bugs::BugzillaContextLabelProvider,2,2,0,2,6,0,0,0,12.0,4.0,17,0,0,0.0,0,6.0,4.0,0,0,0,0,0,0,aeeem,org::eclipse::mylyn::internal::sandbox::bridge::bugs::BugzillaContextLabelProvider,-1.0,22,2,0,140.857,55.0,56.0,0,8.0,2.5,8.0,2.54545,2.0,-0.0454545,50.1247,16,6,1,1,10,14.6179,0.015277,0.191806,9.49002,0.327964,True
aeeem,org::eclipse::mylyn::internal::team::ccvs::CvsChangeSetResourceMappingAdapterFactory,1,1,0,1,1,0,1,0,11.0,2.0,18,1,0,0.0,2,4.0,4.0,0,0,0,0,0,0,aeeem,org::eclipse::mylyn::internal::team::ccvs::CvsChangeSetResourceMappingAdapterFactory,-1.0,2,1,0,47.5714,1.0,2.0,0,1.0,0.5,2.0,1.0,0.0,-0.5,6.71429,2,1,1,1,2,1.53097,0.000269563,0.0180465,0.0715602,0.0723148,True
aeeem,org::eclipse::mylyn::internal::wikitext::mediawiki::core::phrase::EscapePhraseModifier,1,2,1,0,6,0,0,0,10.0,4.0,22,0,0,0.0,1,5.0,3.0,0,0,0,0,0,0,aeeem,org::eclipse::mylyn::internal::wikitext::mediawiki::core::phrase::EscapePhraseModifier,-4.0,3,2,0,32.7143,6.0,10.0,0,4.0,2.0,8.0,3.33333,0.0,-1.33333,5.42857,3,3,0,0,0,1.49003,0.00204569,0.0435179,0.121386,0.116244,True
aeeem,org::eclipse::mylyn::internal::team::ui::preferences::Messages,0,1,0,0,0,0,4,0,3.0,1.0,0,1,0,3.0,1,2.0,1.0,0,0,0,0,0,0,aeeem,org::eclipse::mylyn::internal::team::ui::preferences::Messages,0.0,1,1,0,14.8571,0.0,0.0,0,0.0,0.0,0.0,0.0,0.0,0.0,0.0,1,0,0,0,0,0.0,0.0,0.0,0.0,0.0,True
aeeem,org::eclipse::mylyn::internal::context::ui::actions::FocusOutlineAction,10,2,3,7,15,0,1,8,60.0,6.0,25,0,1,0.0,5,32.0,15.0,0,0,0,0,0,0,aeeem,org::eclipse::mylyn::internal::context::ui::actions::FocusOutlineAction,3.0,11,2,0,119.0,23.0,20.0,0,6.0,2.09091,5.0,1.81818,3.0,0.272727,59.2547,8,2,0,0,5,6.64782,0.00282741,0.162664,9.25562,0.258014,True
aeeem,org::eclipse::mylyn::internal::context::ui::actions::ContextClearAction,6,2,1,5,3,0,2,1,22.0,3.0,2,1,0,0.0,3,10.0,4.0,0,0,0,0,0,0,aeeem,org::eclipse::mylyn::internal::context::ui::actions::ContextClearAction,13.0,32,3,1,139.714,97.0,84.0,0,14.0,3.03125,14.0,2.625,10.0,0.40625,64.2945,24,9,1,0,13,13.9968,0.0228623,0.192772,9.47942,0.339622,True
aeeem,org::eclipse::mylyn::zest::core::viewers::internal::AbstractStylingModelFactory,9,1,3,6,276,3,4,0,219.0,24.0,22,4,1,0.0,17,112.0,51.0,0,0,0,0,0,0,aeeem,org::eclipse::mylyn::zest::core::viewers::internal::AbstractStylingModelFactory,26.0,8,1,1,103.714,118.0,92.0,1,39.0,14.75,36.0,11.5,16.0,3.25,3.81114,3,3,0,0,0,5.96388,0.0200398,0.0167379,0.166755,0.0193676,True
aeeem,org::eclipse::mylyn::tasks::core::sync::TaskJob,4,1,4,0,1,2,0,0,3.0,2.0,0,0,0,0.0,2,2.0,1.0,0,0,0,0,0,0,aeeem,org::eclipse::mylyn::tasks::core::sync::TaskJob,10.0,6,3,0,45.8571,14.0,4.0,0,7.0,2.33333,1.0,0.666667,7.0,1.66667,12.0816,5,3,0,0,3,4.82202,0.00268072,0.171605,9.23158,0.313272,True
aeeem,org::eclipse::mylyn::internal::tasklist::BugzillaReportElement,0,1,0,0,10,0,59,0,18.0,5.0,9,4,0,0.0,4,5.0,5.0,0,0,0,0,0,0,aeeem,org::eclipse::mylyn::internal::tasklist::BugzillaReportElement,0.0,3,2,0,145.571,0.0,0.0,0,0.0,0.0,0.0,0.0,0.0,0.0,0.0,1,0,0,0,0,0.0,0.0,0.0,0.0,0.0,True
aeeem,org::eclipse::mylyn::internal::trac::core::model::TracWikiPage,11,1,9,2,28,0,3,0,32.0,8.0,9,3,0,0.0,8,12.0,12.0,0,0,0,0,0,0,aeeem,org::eclipse::mylyn::internal::trac::core::model::TracWikiPage,17.0,5,2,0,85.4286,22.0,5.0,0,16.0,4.4,2.0,1.0,14.0,3.4,18.7273,3,1,0,0,2,2.85355,0.00628465,0.140337,9.12304,0.181457,True
aeeem,org::eclipse::mylyn::internal::sandbox::bridge::bugs::BugzillaEditingMonitor,0,2,0,0,1,0,0,1,16.0,2.0,17,0,0,0.0,1,4.0,6.0,0,0,0,0,0,0,aeeem,org::eclipse::mylyn::internal::sandbox::bridge::bugs::BugzillaEditingMonitor,2.0,16,3,0,140.857,32.0,30.0,1,5.0,2.0,5.0,1.875,3.0,0.125,49.8259,13,5,0,0,12,12.3049,0.0119921,0.177319,9.40703,0.278137,True
aeeem,org::eclipse::mylyn::internal::wikitext::tracwiki::core::block::PreformattedBlock,6,3,1,5,6,0,4,4,30.0,4.0,43,4,0,0.0,4,18.0,9.0,0,0,0,0,0,0,aeeem,org::eclipse::mylyn::internal::wikitext::tracwiki::core::block::PreformattedBlock,4.0,5,2,0,32.7143,16.0,12.0,0,7.0,3.2,6.0,2.4,3.0,0.8,13.5357,4,4,0,0,0,1.49003,0.00221617,0.0435179,0.121386,0.116244,True
aeeem,org::eclipse::mylyn::internal::tasks::ui::actions::RenameAction,2,1,1,2,3,0,2,0,25.0,3.0,0,1,0,0.0,2,11.0,6.0,0,0,0,0,0,0,aeeem,org::eclipse::mylyn::internal::tasks::ui::actions::RenameAction,26.0,17,3,0,139.571,71.0,45.0,0,14.0,4.17647,5.0,2.64706,10.0,1.52941,62.5573,11,4,0,0,7,11.2946,0.0107635,0.189433,9.4156,0.342429,True
aeeem,org::eclipse::mylyn::internal::bugzilla::core::BugzillaStatus,3,1,0,3,6,0,2,7,54.0,4.0,31,2,0,0.0,4,25.0,17.0,0,0,0,0,0,0,aeeem,org::eclipse::mylyn::internal::bugzilla::core::BugzillaStatus,1.0,17,3,0,97.1429,186.0,185.0,0,110.0,10.9412,110.0,10.8824,110.0,0.0588235,13.8733,8,3,0,0,4,7.58067,0.042056,0.163809,9.27729,0.250217,True
aeeem,org::eclipse::mylyn::internal::tasks::ui::actions::NewTaskAction,15,1,3,12,36,0,5,0,110.0,9.0,0,4,2,0.0,7,59.0,14.0,0,0,0,0,0,0,aeeem,org::eclipse::mylyn::internal::tasks::ui::actions::NewTaskAction,164.0,24,3,0,91.8571,385.0,221.0,1,136.0,16.0417,130.0,9.20833,135.0,6.83333,54.7195,15,5,1,1,5,7.05552,0.120831,0.0289227,0.22014,0.0700897,True
aeeem,org::eclipse::mylyn::zest::tests::uml::CompartmentFigure,3,1,0,3,0,0,0,1,8.0,1.0,56,0,0,0.0,1,8.0,1.0,0,0,0,0,0,0,aeeem,org::eclipse::mylyn::zest::tests::uml::CompartmentFigure,0.0,1,1,0,80.8571,0.0,0.0,0,0.0,0.0,0.0,0.0,0.0,0.0,0.0,1,1,0,0,0,0.0,0.0,0.0,0.0,0.0,True
aeeem,org::eclipse::mylyn::internal::monitor::usage::WebBrowserDialog,0,1,0,0,1,0,2,0,6.0,2.0,0,2,0,0.0,2,2.0,1.0,0,0,0,0,0,0,aeeem,org::eclipse::mylyn::internal::monitor::usage::WebBrowserDialog,1.0,6,2,0,109.857,11.0,10.0,1,4.0,1.83333,5.0,1.66667,3.0,0.166667,59.7532,4,2,0,0,4,5.25012,0.00161423,0.151457,9.20025,0.213663,True
aeeem,org::eclipse::mylyn::internal::tasks::ui::commands::AbstractTaskListViewHandler,0,1,0,0,0,6,0,0,2.0,1.0,0,0,0,0.0,0,1.0,1.0,0,0,0,0,0,0,aeeem,org::eclipse::mylyn::internal::tasks::ui::commands::AbstractTaskListViewHandler,3.0,8,2,0,46.0,17.0,14.0,0,4.0,2.125,4.0,1.75,3.0,0.375,8.42857,8,1,0,0,5,4.88878,0.00198448,0.166327,9.22338,0.29442,True
aeeem,org::eclipse::mylyn::wikitext::ui::commands::ConvertMarkupToDocbook,9,2,0,9,0,0,0,1,62.0,1.0,4,0,0,0.0,0,31.0,2.0,1,0,0,0,0,1,aeeem,org::eclipse::mylyn::wikitext::ui::commands::ConvertMarkupToDocbook,4.0,5,2,1,32.7143,25.0,21.0,0,12.0,5.0,11.0,4.2,2.0,0.8,8.36571,4,4,0,0,0,1.49003,0.00392091,0.0435179,0.121386,0.116244,True
aeeem,org::eclipse::mylyn::internal::tasks::ui::actions::ShowInTaskListAction,2,1,0,2,1,0,0,0,13.0,2.0,0,0,0,0.0,2,8.0,4.0,0,0,0,0,0,0,aeeem,org::eclipse::mylyn::internal::tasks::ui::actions::ShowInTaskListAction,5.0,8,3,0,91.8571,14.0,9.0,0,4.0,1.75,2.0,1.125,3.0,0.625,51.8163,7,3,0,0,3,5.46656,0.00197982,0.164305,9.23163,0.276004,True
aeeem,org::eclipse::mylyn::monitor::ui::AbstractUserInteractionMonitor,25,1,18,7,28,11,1,0,78.0,8.0,9,0,0,0.0,4,52.0,25.0,0,0,0,0,0,0,aeeem,org::eclipse::mylyn::monitor::ui::AbstractUserInteractionMonitor,50.0,24,2,0,110.429,185.0,135.0,3,56.0,7.70833,29.0,5.625,27.0,2.08333,50.7398,18,5,0,0,9,13.6291,0.0278881,0.192129,9.47343,0.334491,True
aeeem,org::eclipse::mylyn::zest::layouts::dataStructures::DisplayIndependentPoint,1,1,1,0,15,1,2,0,32.0,6.0,9,0,0,2.0,6,9.0,12.0,0,0,0,0,0,0,aeeem,org::eclipse::mylyn::zest::layouts::dataStructures::DisplayIndependentPoint,42.0,3,2,0,184.857,43.0,1.0,1,42.0,14.3333,1.0,0.333333,42.0,14.0,46.1096,1,1,0,0,0,2.9065,0.0163603,0.00669103,0.076735,0.00554338,True
aeeem,org::eclipse::mylyn::internal::pde::ui::PdeEditingMonitor,5,2,2,3,10,0,0,1,142.0,5.0,17,0,1,0.0,3,54.0,29.0,0,0,0,0,0,0,aeeem,org::eclipse::mylyn::internal::pde::ui::PdeEditingMonitor,27.0,21,2,1,92.4286,164.0,137.0,1,38.0,7.80952,38.0,6.52381,15.0,1.28571,40.6185,12,2,0,0,8,10.4928,0.0237769,0.191999,9.40392,0.366329,True
aeeem,org::eclipse::mylyn::internal::bugzilla::core::NewBugzillaTaskData,0,1,0,0,171,0,7,0,57.0,19.0,9,1,0,0.0,19,21.0,19.0,0,0,0,0,0,0,aeeem,org::eclipse::mylyn::internal::bugzilla::core::NewBugzillaTaskData,0.0,2,2,0,118.714,0.0,0.0,0,0.0,0.0,0.0,0.0,0.0,0.0,0.0,2,0,0,0,0,0.0,0.0,0.0,0.0,0.0,True
aeeem,org::eclipse::mylyn::internal::web::tasks::Util,3,1,2,1,1,0,0,0,6.0,2.0,9,0,0,0.0,2,3.0,4.0,0,0,0,0,0,0,aeeem,org::eclipse::mylyn::internal::web::tasks::Util,3.0,5,1,0,92.4286,7.0,4.0,0,4.0,1.4,1.0,0.8,3.0,0.6,48.0204,4,2,0,0,3,3.13618,0.00163208,0.140827,9.13015,0.180873,True
aeeem,org::eclipse::mylyn::internal::context::ui::DoiOrderSorter,3,1,3,0,1,0,1,0,3.0,2.0,0,0,0,0.0,2,3.0,1.0,0,0,0,0,0,0,aeeem,org::eclipse::mylyn::internal::context::ui::DoiOrderSorter,0.0,4,1,0,139.143,8.0,8.0,0,4.0,2.0,5.0,2.0,3.0,0.0,80.2143,3,2,1,1,2,3.95974,0.00131326,0.143127,9.15318,0.183381,True
aeeem,org::eclipse::mylyn::tasks::ui::TasksUi,147,1,145,2,21,0,0,0,21.0,7.0,9,0,0,0.0,7,15.0,7.0,0,0,0,0,0,0,aeeem,org::eclipse::mylyn::tasks::ui::TasksUi,-179.0,34,3,0,49.1429,266.0,445.0,0,108.0,7.82353,197.0,13.0882,27.0,-5.26471,5.40333,20,13,1,0,13,6.99647,0.0271363,0.19058,9.32067,0.389203,True
aeeem,org::eclipse::mylyn::internal::jira::core::JiraTaskMapper,8,2,2,7,15,0,0,0,33.0,6.0,75,0,0,0.0,6,28.0,11.0,0,0,0,0,0,0,aeeem,org::eclipse::mylyn::internal::jira::core::JiraTaskMapper,6.0,2,2,0,38.0,7.0,1.0,0,7.0,3.5,1.0,0.5,6.0,3.0,11.4286,2,1,0,0,1,1.84703,0.00151799,0.136921,9.09329,0.175609,True
aeeem,org::eclipse::mylyn::internal::java::ui::editor::FocusedJavaSourceViewerConfiguration,0,1,0,0,0,0,0,0,3.0,1.0,0,0,0,0.0,1,1.0,1.0,0,0,0,0,0,0,aeeem,org::eclipse::mylyn::internal::java::ui::editor::FocusedJavaSourceViewerConfiguration,-63.0,5,1,0,92.5714,7.0,70.0,0,4.0,1.4,62.0,14.0,3.0,-12.6,45.7143,3,2,0,0,3,5.34175,0.0106321,0.15758,9.21479,0.24341,True
aeeem,org::eclipse::mylyn::internal::wikitext::textile::core::block::TableOfContentsBlock,12,3,1,12,28,0,5,4,75.0,8.0,43,4,1,0.0,7,42.0,17.0,0,0,0,0,0,0,aeeem,org::eclipse::mylyn::internal::wikitext::textile::core::block::TableOfContentsBlock,-1.0,4,2,0,32.7143,20.0,21.0,0,12.0,5.0,14.0,5.25,1.0,-0.25,5.83571,4,4,0,0,0,3.33706,0.00462208,0.180438,9.21468,0.291852,True
aeeem,org::eclipse::mylyn::internal::wikitext::mediawiki::core::validation::Messages,2,1,1,1,1,0,2,0,9.0,2.0,9,2,1,0.0,1,3.0,2.0,0,0,0,0,0,0,aeeem,org::eclipse::mylyn::internal::wikitext::mediawiki::core::validation::Messages,0.0,2,1,0,19.8571,1.0,1.0,0,1.0,0.5,1.0,0.5,0.0,0.0,2.0,1,1,0,0,0,0.0,0.0,0.0,0.0,0.0,True
aeeem,org::eclipse::mylyn::internal::tasks::bugs::IRepositoryConstants,0,1,0,0,0,0,11,0,0.0,0.0,9,0,0,0.0,0,0.0,0.0,1,0,0,0,0,1,aeeem,org::eclipse::mylyn::internal::tasks::bugs::IRepositoryConstants,29.0,11,2,0,47.5714,70.0,41.0,0,15.0,6.36364,11.0,3.72727,10.0,2.63636,17.4367,8,1,0,0,2,4.15475,0.00541413,0.162734,9.19857,0.279504,True
aeeem,org::eclipse::mylyn::internal::jira::core::model::filter::EstimateVsActualFilter,2,1,2,0,6,0,3,0,13.0,4.0,18,3,0,0.0,3,5.0,4.0,0,0,0,0,0,0,aeeem,org::eclipse::mylyn::internal::jira::core::model::filter::EstimateVsActualFilter,1.0,6,1,0,110.714,9.0,8.0,0,5.0,1.5,4.0,1.33333,4.0,0.166667,62.9365,4,2,0,0,3,3.91697,0.00233123,0.143116,9.15227,0.183733,True
aeeem,org::eclipse::mylyn::internal::xplanner::ui::wizard::XPlannerQuerySelectionWizardPage,5,4,0,5,28,0,3,0,49.0,8.0,21,3,0,0.0,7,21.0,11.0,0,0,0,0,0,0,aeeem,org::eclipse::mylyn::internal::xplanner::ui::wizard::XPlannerQuerySelectionWizardPage,0.0,1,1,0,6.42857,0.0,0.0,0,0.0,0.0,0.0,0.0,0.0,0.0,0.0,1,1,1,0,1,0.0,0.0,0.0,0.0,0.0,True
aeeem,org::eclipse::mylyn::internal::commons::net::SslProtocolSocketFactory,13,1,3,10,10,0,6,0,41.0,5.0,9,5,1,1.0,4,27.0,8.0,0,0,0,0,0,0,aeeem,org::eclipse::mylyn::internal::commons::net::SslProtocolSocketFactory,0.0,2,1,0,45.8571,0.0,0.0,0,0.0,0.0,0.0,0.0,0.0,0.0,0.0,1,0,0,0,1,0.0,0.0,0.0,0.0,0.0,True
aeeem,org::eclipse::mylyn::internal::sandbox::ui::highlighters::TaskHighlighter,4,1,0,4,21,0,0,0,34.0,7.0,10,0,0,0.0,7,18.0,10.0,0,0,0,0,0,0,aeeem,org::eclipse::mylyn::internal::sandbox::ui::highlighters::TaskHighlighter,3.0,3,2,0,43.5714,5.0,2.0,0,4.0,1.66667,1.0,0.666667,3.0,1.0,20.5143,2,0,0,0,1,1.84703,0.000948744,0.136921,9.09329,0.175609,True
aeeem,org::eclipse::mylyn::internal::resources::ui::ResourceInteractionMonitor,5,2,2,3,1,0,1,1,34.0,2.0,17,1,0,0.0,1,15.0,10.0,0,0,0,0,0,0,aeeem,org::eclipse::mylyn::internal::resources::ui::ResourceInteractionMonitor,13.0,16,2,1,92.4286,41.0,28.0,1,12.0,2.5625,5.0,1.75,7.0,0.8125,43.5436,13,4,0,0,10,12.3488,0.0130116,0.20572,9.47392,0.413225,True
aeeem,org::eclipse::mylyn::internal::context::ui::commands::RetrieveContextHandler,1,2,0,1,0,0,0,1,13.0,1.0,2,0,0,0.0,0,8.0,4.0,1,1,0,0,0,1,aeeem,org::eclipse::mylyn::internal::context::ui::commands::RetrieveContextHandler,2.0,3,2,0,43.8571,4.0,2.0,0,4.0,1.33333,1.0,0.666667,3.0,0.666667,17.2857,3,0,0,0,3,1.84703,0.000948744,0.136921,9.09329,0.175609,True
aeeem,org::eclipse::mylyn::internal::jira::ui::JiraConnectorUi,22,2,1,21,120,0,1,0,120.0,16.0,31,1,0,0.0,16,80.0,37.0,0,0,0,0,0,0,aeeem,org::eclipse::mylyn::internal::jira::ui::JiraConnectorUi,55.0,47,3,2,90.4286,282.0,227.0,0,56.0,6.0,47.0,4.82979,15.0,1.17021,44.4235,38,20,1,0,17,16.1003,0.0401176,0.224997,9.60004,0.471403,True
aeeem,org::eclipse::mylyn::wikitext::ui::viewer::HtmlViewer,14,1,6,9,105,1,7,0,164.0,15.0,0,7,1,0.0,12,60.0,26.0,0,0,0,0,0,0,aeeem,org::eclipse::mylyn::wikitext::ui::viewer::HtmlViewer,110.0,13,2,1,32.7143,136.0,26.0,0,60.0,10.4615,18.0,2.0,59.0,8.46154,11.5977,10,5,2,1,0,3.33706,0.01239,0.180438,9.21468,0.291852,True
aeeem,org::eclipse::mylyn::internal::web::ui::actions::OpenWebResourceAction,1,1,0,1,1,0,0,0,10.0,2.0,0,0,0,0.0,2,4.0,3.0,0,0,0,0,0,0,aeeem,org::eclipse::mylyn::internal::web::ui::actions::OpenWebResourceAction,0.0,5,2,0,92.4286,8.0,8.0,0,4.0,1.6,4.0,1.6,3.0,0.0,44.2321,3,1,0,0,2,3.17351,0.00125931,0.140881,9.13106,0.180758,True
aeeem,org::eclipse::mylyn::internal::tasks::ui::editors::TaskEditorOutlinePage,3,1,1,2,3,0,3,0,57.0,3.0,0,3,0,0.0,3,8.0,6.0,0,0,0,0,0,0,aeeem,org::eclipse::mylyn::internal::tasks::ui::editors::TaskEditorOutlinePage,4.0,3,2,0,41.2857,6.0,2.0,0,5.0,2.0,1.0,0.666667,4.0,1.33333,17.6429,2,1,0,0,2,1.84703,0.00113849,0.136921,9.09329,0.175609,True
aeeem,org::eclipse::mylyn::internal::trac::ui::TracTaskListMigrator,4,2,0,4,10,0,4,3,23.0,5.0,14,4,0,0.0,5,16.0,6.0,0,0,0,0,0,0,aeeem,org::eclipse::mylyn::internal::trac::ui::TracTaskListMigrator,5.0,7,2,0,39.5714,13.0,8.0,0,4.0,1.85714,2.0,1.14286,3.0,0.714286,11.6923,5,3,0,0,3,3.26838,0.00314322,0.155894,9.16383,0.24972,True
aeeem,org::eclipse::mylyn::internal::wikitext::ui::editor::validation::ResourceMarkerMarkupValidator,9,2,1,8,6,0,0,4,98.0,4.0,20,0,1,0.0,1,58.0,14.0,1,0,0,0,0,1,aeeem,org::eclipse::mylyn::internal::wikitext::ui::editor::validation::ResourceMarkerMarkupValidator,50.0,5,2,1,32.7143,82.0,32.0,0,64.0,16.4,15.0,6.4,51.0,10.0,20.5819,4,4,0,0,0,1.49003,0.00494376,0.0435179,0.121386,0.116244,True
aeeem,org::eclipse::mylyn::internal::tasks::ui::editors::TaskEditorExtensionReader,3,1,1,3,3,0,6,0,40.0,3.0,9,3,2,0.0,1,21.0,5.0,1,0,0,0,0,1,aeeem,org::eclipse::mylyn::internal::tasks::ui::editors::TaskEditorExtensionReader,0.0,2,1,0,21.5714,10.0,10.0,0,10.0,5.0,10.0,5.0,0.0,0.0,7.0,2,1,0,0,1,0.0,0.0,0.0,0.0,0.0,True
aeeem,org::eclipse::mylyn::internal::wikitext::tasks::ui::WikiTextContextUiStartup,1,1,0,1,0,0,0,0,3.0,1.0,10,0,0,0.0,1,3.0,1.0,0,0,0,0,0,0,aeeem,org::eclipse::mylyn::internal::wikitext::tasks::ui::WikiTextContextUiStartup,0.0,1,1,0,8.0,0.0,0.0,0,0.0,0.0,0.0,0.0,0.0,0.0,0.0,1,0,0,0,0,0.0,0.0,0.0,0.0,0.0,True
aeeem,org::eclipse::mylyn::internal::bugzilla::core::BugzillaLanguageSettings,7,1,5,2,21,0,12,0,47.0,7.0,9,2,0,0.0,7,17.0,15.0,0,0,0,0,0,0,aeeem,org::eclipse::mylyn::internal::bugzilla::core::BugzillaLanguageSettings,-19.0,11,3,2,74.7143,118.0,137.0,0,39.0,10.7273,106.0,12.4545,32.0,-1.72727,18.1114,9,4,1,1,5,6.88112,0.0633499,0.16671,9.26995,0.273429,True
aeeem,org::eclipse::mylyn::internal::bugzilla::core::history::AssignmentEvent,2,2,2,1,3,0,2,9,12.0,3.0,30,2,0,0.0,3,8.0,3.0,0,0,0,0,0,0,aeeem,org::eclipse::mylyn::internal::bugzilla::core::history::AssignmentEvent,1.0,10,3,0,109.0,53.0,52.0,0,37.0,5.3,37.0,5.2,37.0,0.1,17.7062,6,2,0,0,3,8.32124,0.016205,0.164678,9.29455,0.248186,True
aeeem,org::eclipse::mylyn::internal::tests::report::JUnitReportParser,11,1,1,10,15,0,8,0,56.0,6.0,9,8,4,0.0,2,42.0,17.0,0,0,0,0,0,0,aeeem,org::eclipse::mylyn::internal::tests::report::JUnitReportParser,4.0,3,2,0,65.0,12.0,8.0,0,7.0,4.0,8.0,2.66667,7.0,1.33333,38.4286,3,1,0,0,1,1.84703,0.00379498,0.136921,9.09329,0.175609,True
aeeem,org::eclipse::mylyn::internal::java::ui::junit::Messages,0,1,0,0,0,0,4,0,3.0,1.0,0,1,0,3.0,1,2.0,1.0,0,0,0,0,0,0,aeeem,org::eclipse::mylyn::internal::java::ui::junit::Messages,0.0,1,1,0,14.8571,0.0,0.0,0,0.0,0.0,0.0,0.0,0.0,0.0,0.0,1,0,0,0,0,0.0,0.0,0.0,0.0,0.0,True
aeeem,org::eclipse::mylyn::internal::jira::core::model::Project,24,1,20,4,465,0,12,0,136.0,31.0,18,12,0,0.0,31,52.0,38.0,0,0,0,0,0,0,aeeem,org::eclipse::mylyn::internal::jira::core::model::Project,-27.0,15,3,0,110.714,67.0,94.0,0,13.0,4.46667,33.0,6.26667,11.0,-1.8,62.1493,11,7,0,0,6,9.38901,0.0163786,0.171834,9.3353,0.274041,True
aeeem,org::eclipse::mylyn::internal::tasks::ui::TaskListBackupManager,14,1,0,14,28,0,11,0,194.0,8.0,9,11,0,0.0,8,90.0,32.0,0,0,0,0,0,0,aeeem,org::eclipse::mylyn::internal::tasks::ui::TaskListBackupManager,69.0,42,3,0,139.571,589.0,520.0,0,175.0,14.0238,174.0,12.381,104.0,1.64286,92.1737,25,14,0,0,14,18.1636,0.0687495,0.218921,9.62313,0.419939,True
aeeem,org::eclipse::mylyn::internal::trac::core::client::InvalidWikiPageException,0,3,0,0,0,0,1,0,3.0,1.0,27,1,0,0.0,1,1.0,1.0,0,0,0,0,0,0,aeeem,org::eclipse::mylyn::internal::trac::core::client::InvalidWikiPageException,3.0,4,2,0,39.5714,6.0,3.0,0,4.0,1.5,1.0,0.75,3.0,0.75,15.9524,2,1,0,0,2,1.84703,0.00132824,0.136921,9.09329,0.175609,True
aeeem,org::eclipse::mylyn::internal::tests::report::TaskReporter,34,1,3,31,300,0,13,0,359.0,25.0,10,13,19,0.0,6,249.0,59.0,0,0,0,0,0,0,aeeem,org::eclipse::mylyn::internal::tests::report::TaskReporter,293.0,16,2,1,65.0,491.0,198.0,0,149.0,30.6875,70.0,12.375,113.0,18.3125,37.6814,10,6,0,0,6,10.3831,0.0779936,0.205498,9.43015,0.432678,True
aeeem,org::eclipse::mylyn::internal::context::core::CompositeDegreeOfInterest,6,1,1,5,66,0,2,0,84.0,12.0,17,1,0,0.0,12,32.0,17.0,0,0,0,0,0,0,aeeem,org::eclipse::mylyn::internal::context::core::CompositeDegreeOfInterest,2.0,15,2,0,139.714,101.0,99.0,2,34.0,6.73333,38.0,6.6,6.0,0.133333,51.133,12,7,0,0,6,13.51,0.0307731,0.181922,9.4472,0.281645,True
aeeem,org::eclipse::mylyn::commons::net::AuthenticationCredentials,40,1,38,2,10,0,2,0,51.0,5.0,9,2,0,0.0,5,12.0,18.0,0,0,0,0,0,0,aeeem,org::eclipse::mylyn::commons::net::AuthenticationCredentials,5.0,3,2,0,45.8571,6.0,1.0,0,5.0,2.0,1.0,0.333333,4.0,1.66667,17.2381,3,1,0,0,3,3.26838,0.00136537,0.155894,9.16383,0.24972,True
aeeem,org::eclipse::mylyn::internal::jira::ui::JiraSearchHandler,9,2,2,7,3,0,1,0,32.0,3.0,11,1,0,0.0,3,22.0,7.0,0,0,0,0,0,0,aeeem,org::eclipse::mylyn::internal::jira::ui::JiraSearchHandler,31.0,5,2,0,43.8571,39.0,8.0,0,28.0,7.8,5.0,1.6,27.0,6.2,25.4176,4,2,0,0,2,1.84703,0.00151799,0.136921,9.09329,0.175609,True
aeeem,org::eclipse::mylyn::internal::tasks::ui::dialogs::TaskRepositoryCredentialsDialog,9,1,1,8,153,0,11,0,205.0,18.0,0,10,4,0.0,12,55.0,27.0,0,0,0,0,0,0,aeeem,org::eclipse::mylyn::internal::tasks::ui::dialogs::TaskRepositoryCredentialsDialog,11.0,10,2,0,57.8571,38.0,27.0,0,13.0,3.8,13.0,2.7,5.0,1.1,25.1654,6,0,0,0,3,7.58607,0.00695018,0.179821,9.3141,0.33904,True
aeeem,org::eclipse::mylyn::internal::trac::core::client::AbstractTracClient,9,1,4,5,210,2,6,16,106.0,21.0,35,1,1,0.0,16,59.0,37.0,1,1,0,0,1,1,aeeem,org::eclipse::mylyn::internal::trac::core::client::AbstractTracClient,12.0,7,2,0,39.5714,43.0,31.0,0,20.0,6.14286,14.0,4.42857,20.0,1.71429,13.5748,6,3,0,0,4,3.08906,0.00981118,0.156012,9.15957,0.247042,True
aeeem,org::eclipse::mylyn::internal::tasks::ui::search::SearchScoreComputerAdapterFactory,1,1,0,1,1,0,1,0,9.0,2.0,18,1,0,0.0,2,3.0,3.0,0,0,0,0,0,0,aeeem,org::eclipse::mylyn::internal::tasks::ui::search::SearchScoreComputerAdapterFactory,1.0,7,1,0,90.4286,14.0,13.0,0,4.0,2.0,5.0,1.85714,3.0,0.142857,39.5816,5,2,0,0,3,5.50389,0.00206153,0.164359,9.23254,0.275889,True
aeeem,org::eclipse::mylyn::internal::wikitext::ui::editor::preferences::Preferences,16,1,7,10,136,0,32,0,141.0,17.0,18,9,3,0.0,14,70.0,34.0,0,0,0,0,0,0,aeeem,org::eclipse::mylyn::internal::wikitext::ui::editor::preferences::Preferences,167.0,12,2,3,32.7143,249.0,82.0,0,127.0,20.75,46.0,6.83333,124.0,13.9167,19.3069,7,6,1,0,0,2.38141,0.0113983,0.132656,9.07779,0.205382,True
aeeem,org::eclipse::mylyn::internal::sandbox::ui::planner::TaskReportGenerator,9,1,2,7,15,0,6,0,70.0,6.0,9,6,0,0.0,6,25.0,13.0,0,0,0,0,0,0,aeeem,org::eclipse::mylyn::internal::sandbox::ui::planner::TaskReportGenerator,11.0,8,2,0,46.0,33.0,22.0,0,12.0,4.125,10.0,2.75,4.0,1.375,5.83117,5,1,0,0,3,4.88878,0.00314399,0.166327,9.22338,0.29442,True
aeeem,org::eclipse::mylyn::internal::tasks::ui::wizards::TaskAttachmentWizard,16,1,1,16,66,0,6,0,132.0,12.0,0,6,3,0.0,9,63.0,22.0,1,0,0,0,0,1,aeeem,org::eclipse::mylyn::internal::tasks::ui::wizards::TaskAttachmentWizard,113.0,24,3,1,47.1429,440.0,327.0,1,161.0,18.3333,134.0,13.625,31.0,4.70833,4.5698,20,12,0,0,12,8.36649,0.0558916,0.238257,9.44688,0.519124,True
aeeem,org::eclipse::mylyn::internal::wikitext::ui::viewer::HtmlTextPresentationParser,16,1,6,11,465,0,20,0,166.0,31.0,9,20,3,0.0,28,67.0,49.0,2,0,0,0,0,1,aeeem,org::eclipse::mylyn::internal::wikitext::ui::viewer::HtmlTextPresentationParser,232.0,17,2,1,32.7143,563.0,331.0,1,140.0,33.1176,128.0,19.4706,77.0,13.6471,12.3263,12,5,0,0,0,3.33706,0.0584561,0.180438,9.21468,0.291852,True
aeeem,org::eclipse::mylyn::internal::context::ui::commands::FocusViewHandler,1,1,0,1,0,0,2,0,23.0,1.0,0,2,0,0.0,1,4.0,4.0,0,0,0,0,0,0,aeeem,org::eclipse::mylyn::internal::context::ui::commands::FocusViewHandler,2.0,11,2,0,94.2857,16.0,14.0,0,5.0,1.45455,4.0,1.27273,4.0,0.181818,37.2946,8,3,0,0,5,6.73823,0.00210592,0.165152,9.26259,0.268922,True
aeeem,org::eclipse::mylyn::zest::layouts::algorithms::HorizontalLayoutAlgorithm,0,3,0,0,3,0,0,19,22.0,3.0,76,0,0,0.0,1,3.0,11.0,0,0,0,0,0,0,aeeem,org::eclipse::mylyn::zest::layouts::algorithms::HorizontalLayoutAlgorithm,17.0,5,2,1,184.857,25.0,8.0,1,9.0,5.0,5.0,1.6,8.0,3.4,53.2171,2,2,0,0,0,5.65725,0.0967889,0.0121202,0.145766,0.0108285,True
aeeem,org::eclipse::mylyn::internal::tasks::core::externalization::ExternalizationManager,24,1,15,9,36,0,7,0,79.0,9.0,9,7,1,0.0,8,34.0,11.0,0,0,0,0,0,0,aeeem,org::eclipse::mylyn::internal::tasks::core::externalization::ExternalizationManager,43.0,21,3,1,46.0,257.0,214.0,1,95.0,12.2381,125.0,10.1905,19.0,2.04762,5.01612,17,10,1,1,13,6.87646,0.0344762,0.194739,9.32549,0.402881,True
aeeem,org::eclipse::mylyn::internal::ide::ui::ProblemsListInterestSorter,0,1,0,0,1,0,10,0,26.0,2.0,0,9,0,0.0,2,8.0,9.0,0,0,0,0,0,0,aeeem,org::eclipse::mylyn::internal::ide::ui::ProblemsListInterestSorter,0.0,4,1,0,144.0,9.0,9.0,0,5.0,2.25,5.0,2.25,0.0,0.0,4.36508,3,3,1,1,2,1.45431,0.00695341,0.00248596,0.0357392,0.000463207,True
aeeem,org::eclipse::mylyn::zest::tests::swt::GraphSnippet1,1,1,0,1,0,0,0,0,25.0,1.0,9,0,0,0.0,1,8.0,3.0,0,0,0,0,0,0,aeeem,org::eclipse::mylyn::zest::tests::swt::GraphSnippet1,0.0,1,1,0,80.8571,0.0,0.0,0,0.0,0.0,0.0,0.0,0.0,0.0,0.0,1,1,0,0,0,0.0,0.0,0.0,0.0,0.0,True
aeeem,org::eclipse::mylyn::internal::tasks::core::sync::SynchronizeQueriesJob,26,2,2,24,28,1,8,0,189.0,8.0,3,7,5,0.0,3,112.0,27.0,0,0,0,0,0,0,aeeem,org::eclipse::mylyn::internal::tasks::core::sync::SynchronizeQueriesJob,45.0,48,3,2,49.1429,566.0,521.0,0,148.0,11.7917,150.0,10.8542,27.0,0.9375,5.33569,32,18,1,0,20,8.07677,0.0633775,0.210298,9.38414,0.458005,True
aeeem,org::eclipse::mylyn::internal::ide::ant::AntEditingMonitor,4,2,1,3,3,0,0,1,80.0,3.0,17,0,1,0.0,1,19.0,15.0,0,0,0,0,0,0,aeeem,org::eclipse::mylyn::internal::ide::ant::AntEditingMonitor,3.0,11,2,1,92.4286,28.0,25.0,1,10.0,2.54545,7.0,2.27273,5.0,0.272727,37.1173,10,2,0,0,8,9.01244,0.00542428,0.180748,9.34723,0.32614,True
aeeem,org::eclipse::mylyn::internal::ide::ui::actions::FocusAllMarkersViewAction,0,3,0,0,0,0,0,8,3.0,1.0,29,0,0,0.0,1,1.0,1.0,0,0,0,0,0,0,aeeem,org::eclipse::mylyn::internal::ide::ui::actions::FocusAllMarkersViewAction,5.0,3,1,0,57.2857,6.0,1.0,0,4.0,2.0,1.0,0.333333,3.0,1.66667,25.2381,3,1,0,0,3,3.4091,0.0010987,0.153414,9.16273,0.242476,True
aeeem,org::eclipse::mylyn::internal::context::ui::actions::OpenQuickContextPopupDialogAction,1,1,0,1,6,0,1,0,16.0,4.0,9,1,0,0.0,4,7.0,4.0,0,0,0,0,0,0,aeeem,org::eclipse::mylyn::internal::context::ui::actions::OpenQuickContextPopupDialogAction,-4.0,5,1,1,92.0,9.0,13.0,0,4.0,1.8,4.0,2.6,3.0,-0.8,33.9524,4,2,1,1,2,4.5803,0.00232285,0.149397,9.18121,0.210553,True
aeeem,org::eclipse::mylyn::internal::bugzilla::core::internal::NewBugParser,9,1,6,3,28,0,2,0,263.0,8.0,9,2,6,0.0,2,112.0,85.0,0,0,0,0,0,0,aeeem,org::eclipse::mylyn::internal::bugzilla::core::internal::NewBugParser,2.0,5,1,0,164.0,6.0,4.0,1,5.0,1.2,2.0,0.8,4.0,0.4,5.09524,4,4,1,1,3,2.60575,0.0320641,0.00388521,0.0619532,0.000354928,True
aeeem,org::eclipse::mylyn::internal::bugzilla::ui::action::BugzillaNotObsoleteAttachmentAction,0,2,0,0,0,0,0,0,4.0,1.0,4,0,0,0.0,1,1.0,1.0,0,0,0,0,0,0,aeeem,org::eclipse::mylyn::internal::bugzilla::ui::action::BugzillaNotObsoleteAttachmentAction,0.0,1,1,0,8.71429,0.0,0.0,0,0.0,0.0,0.0,0.0,0.0,0.0,0.0,1,1,0,0,1,0.0,0.0,0.0,0.0,0.0,True
aeeem,org::eclipse::mylyn::internal::tasks::ui::editors::TaskEditorActionContributor,20,1,2,19,136,0,7,0,170.0,17.0,0,7,2,0.0,15,94.0,25.0,0,0,0,0,0,0,aeeem,org::eclipse::mylyn::internal::tasks::ui::editors::TaskEditorActionContributor,203.0,81,3,0,139.571,1052.0,849.0,1,174.0,12.9877,283.0,10.4815,153.0,2.50617,60.0582,59,24,3,3,28,32.6127,0.299901,0.328684,10.1712,0.718129,True
aeeem,org::eclipse::mylyn::internal::web::ui::WebContextManager,19,1,4,17,66,0,7,0,143.0,12.0,9,7,2,0.0,10,71.0,31.0,0,0,0,0,0,0,aeeem,org::eclipse::mylyn::internal::web::ui::WebContextManager,-10.0,16,2,0,92.4286,56.0,66.0,1,12.0,3.5,18.0,4.125,3.0,-0.625,46.7628,15,4,0,0,10,11.8411,0.00952046,0.200293,9.45212,0.39505,True
aeeem,org::eclipse::mylyn::internal::wikitext::ui::editor::MarkupEditorOutline,2,1,1,2,91,0,3,0,190.0,14.0,0,3,4,0.0,7,49.0,22.0,0,0,0,0,0,0,aeeem,org::eclipse::mylyn::internal::wikitext::ui::editor::MarkupEditorOutline,110.0,9,2,2,32.7143,155.0,45.0,0,54.0,17.2222,22.0,5.0,53.0,12.2222,21.6737,8,5,0,0,0,1.49003,0.00715992,0.0435179,0.121386,0.116244,True
aeeem,org::eclipse::mylyn::monitor::internal::UsageSession,8,1,0,8,91,0,18,0,140.0,14.0,9,2,0,0.0,14,59.0,19.0,0,0,0,0,0,0,aeeem,org::eclipse::mylyn::monitor::internal::UsageSession,0.0,2,1,1,181.714,0.0,0.0,0,0.0,0.0,0.0,0.0,0.0,0.0,0.0,1,1,0,0,1,0.0,0.0,0.0,0.0,0.0,True
aeeem,org::eclipse::mylyn::internal::monitor::usage::InteractionEventSummarySorter,1,1,0,1,15,0,5,0,33.0,6.0,0,1,1,0.0,3,14.0,11.0,0,0,0,0,0,0,aeeem,org::eclipse::mylyn::internal::monitor::usage::InteractionEventSummarySorter,-8.0,7,2,0,109.857,23.0,31.0,1,14.0,3.28571,22.0,4.42857,3.0,-1.14286,35.646,5,3,0,0,4,5.25012,0.00263149,0.151457,9.20025,0.213663,True
aeeem,org::eclipse::mylyn::wikitext::core::parser::util::MarkupToEclipseToc,10,1,4,6,91,1,4,0,99.0,14.0,9,4,2,0.0,10,52.0,20.0,0,0,0,0,0,0,aeeem,org::eclipse::mylyn::wikitext::core::parser::util::MarkupToEclipseToc,13.0,6,2,1,32.7143,43.0,30.0,0,18.0,7.16667,19.0,5.0,13.0,2.16667,11.9468,5,5,0,0,0,1.49003,0.00630755,0.0435179,0.121386,0.116244,True
aeeem,org::eclipse::mylyn::internal::jira::core::wsdl::beans::RemoteRoleActor,6,1,0,6,120,0,8,0,98.0,16.0,18,8,0,0.0,16,46.0,49.0,0,0,0,0,0,0,aeeem,org::eclipse::mylyn::internal::jira::core::wsdl::beans::RemoteRoleActor,-63.0,9,2,0,110.714,299.0,362.0,0,263.0,33.2222,295.0,40.2222,7.0,-7.0,23.0784,7,4,1,1,5,5.94514,0.0245574,0.153982,9.22122,0.218565,True
aeeem,org::eclipse::mylyn::internal::team::ui::templates::CommitTemplateManager,16,1,6,11,66,0,5,0,161.0,12.0,9,5,5,0.0,7,66.0,24.0,0,0,0,0,0,0,aeeem,org::eclipse::mylyn::internal::team::ui::templates::CommitTemplateManager,6.0,15,2,0,92.4286,83.0,77.0,1,17.0,5.53333,17.0,5.13333,2.0,0.4,38.1343,13,3,0,0,10,10.5434,0.0119646,0.198795,9.41879,0.398455,True
aeeem,org::eclipse::mylyn::zest::tests::jface::GraphJFaceSnippet5,3,1,0,3,3,0,2,0,37.0,3.0,9,1,2,1.0,1,21.0,5.0,0,0,0,0,0,0,aeeem,org::eclipse::mylyn::zest::tests::jface::GraphJFaceSnippet5,11.0,2,1,0,80.8571,11.0,0.0,0,11.0,5.5,0.0,0.0,11.0,5.5,1.71429,2,2,0,0,0,0.695021,0.000746016,0.00252539,0.0209635,0.00490164,True
aeeem,org::xplanner::soap::TimeEntryData,5,2,1,4,231,0,11,0,121.0,22.0,37,11,0,0.0,22,54.0,51.0,0,0,0,0,0,0,aeeem,org::xplanner::soap::TimeEntryData,-31.0,6,2,0,93.7143,323.0,354.0,0,319.0,53.8333,350.0,59.0,0.0,-5.16667,39.0341,4,1,0,0,3,6.45512,0.0508376,0.0300186,0.209384,0.084371,True
aeeem,org::eclipse::mylyn::internal::jira::core::wsdl::beans::RemoteRoleActors,6,1,1,5,66,1,6,0,82.0,12.0,18,6,0,0.0,12,38.0,38.0,0,0,0,0,0,0,aeeem,org::eclipse::mylyn::internal::jira::core::wsdl::beans::RemoteRoleActors,-17.0,9,2,0,110.714,217.0,234.0,0,178.0,24.1111,195.0,26.0,7.0,-1.88889,23.9236,7,4,1,1,5,5.94514,0.0161813,0.153982,9.22122,0.218565,True
aeeem,org::eclipse::mylyn::internal::wikitext::ui::util::css::CssRule,1,1,1,0,0,0,6,0,8.0,1.0,9,0,0,6.0,1,1.0,1.0,0,0,0,0,0,0,aeeem,org::eclipse::mylyn::internal::wikitext::ui::util::css::CssRule,0.0,1,1,0,7.42857,0.0,0.0,1,0.0,0.0,0.0,0.0,0.0,0.0,0.0,1,0,0,0,0,0.0,0.0,0.0,0.0,0.0,True
aeeem,org::eclipse::mylyn::commons::tests::manual::SampleNotificationPopup,1,2,1,0,6,0,0,1,32.0,4.0,17,0,0,0.0,1,8.0,5.0,0,0,0,0,0,0,aeeem,org::eclipse::mylyn::commons::tests::manual::SampleNotificationPopup,5.0,2,1,0,43.0,10.0,5.0,0,10.0,5.0,5.0,2.5,5.0,2.5,16.4286,2,0,0,0,2,1.84703,0.00284623,0.136921,9.09329,0.175609,True
aeeem,org::eclipse::mylyn::internal::tasks::bugs::wizards::BundleGroupContainer,1,1,1,0,6,0,2,0,13.0,4.0,9,2,0,0.0,4,6.0,4.0,1,1,0,0,1,1,aeeem,org::eclipse::mylyn::internal::tasks::bugs::wizards::BundleGroupContainer,8.0,7,2,0,40.8571,55.0,47.0,0,43.0,7.85714,43.0,6.71429,43.0,1.14286,3.90649,4,1,0,0,2,3.37801,0.0100045,0.154967,9.16485,0.247924,True
aeeem,org::eclipse::mylyn::internal::wikitext::textile::core::block::TableBlock,13,3,1,12,6,0,5,4,103.0,4.0,43,2,0,0.0,4,48.0,25.0,0,0,0,0,0,0,aeeem,org::eclipse::mylyn::internal::wikitext::textile::core::block::TableBlock,1.0,4,2,0,32.7143,32.0,31.0,0,15.0,8.0,14.0,7.75,1.0,0.25,9.30804,4,3,0,0,0,1.49003,0.00494376,0.0435179,0.121386,0.116244,True
aeeem,org::eclipse::mylyn::internal::tasks::ui::editors::TaskEditorExtensions,10,1,4,7,36,0,4,0,63.0,9.0,9,3,1,0.0,8,37.0,19.0,0,0,0,0,0,0,aeeem,org::eclipse::mylyn::internal::tasks::ui::editors::TaskEditorExtensions,17.0,4,1,0,21.5714,24.0,7.0,0,20.0,6.0,3.0,1.75,18.0,4.25,3.13095,4,2,0,0,2,0.0,0.0,0.0,0.0,0.0,True
aeeem,org::eclipse::mylyn::internal::monitor::core::collection::SummaryCollector,4,1,1,3,15,0,7,0,48.0,6.0,14,0,0,0.0,6,24.0,11.0,0,0,0,0,0,0,aeeem,org::eclipse::mylyn::internal::monitor::core::collection::SummaryCollector,14.0,8,2,0,109.857,36.0,22.0,1,12.0,4.5,11.0,2.75,12.0,1.75,52.4722,6,2,0,0,4,6.7028,0.00368927,0.155439,9.24064,0.217847,True
aeeem,org::eclipse::mylyn::wikitext::ui::annotation::AnchorNameAnnotation,3,1,3,0,1,0,1,0,6.0,2.0,0,0,0,0.0,2,3.0,2.0,0,0,0,0,0,0,aeeem,org::eclipse::mylyn::wikitext::ui::annotation::AnchorNameAnnotation,2.0,5,2,1,32.7143,6.0,4.0,0,3.0,1.2,2.0,0.8,1.0,0.4,10.8571,4,4,0,0,0,1.49003,0.000852372,0.0435179,0.121386,0.116244,True
aeeem,org::eclipse::mylyn::internal::tasks::core::externalization::AbstractExternalizationParticipant,5,1,1,4,55,3,1,0,57.0,11.0,13,0,0,0.0,9,38.0,13.0,0,0,0,0,0,0,aeeem,org::eclipse::mylyn::internal::tasks::core::externalization::AbstractExternalizationParticipant,49.0,12,3,0,44.1429,132.0,83.0,0,51.0,11.0,44.0,6.91667,47.0,4.08333,4.13745,8,5,1,1,6,4.92306,0.00952723,0.169719,9.2306,0.307768,True
aeeem,org::eclipse::mylyn::internal::trac::core::model::TracSearch,22,1,15,7,45,0,3,0,100.0,10.0,9,3,0,0.0,10,62.0,24.0,0,0,0,0,0,0,aeeem,org::eclipse::mylyn::internal::trac::core::model::TracSearch,33.0,17,2,0,133.0,90.0,57.0,2,32.0,5.29412,18.0,3.35294,32.0,1.94118,60.3651,14,5,0,0,12,12.8912,0.0242516,0.198606,9.46898,0.372949,True
aeeem,org::eclipse::mylyn::internal::tasks::ui::TaskRepositoryUtil,7,1,2,6,3,0,0,0,33.0,3.0,9,0,1,0.0,2,17.0,9.0,0,0,0,0,0,0,aeeem,org::eclipse::mylyn::internal::tasks::ui::TaskRepositoryUtil,4.0,8,3,0,77.0,15.0,11.0,0,5.0,1.875,5.0,1.375,3.0,0.5,41.2667,6,3,0,0,4,4.7898,0.0020865,0.16288,9.21441,0.279805,True
aeeem,org::eclipse::mylyn::internal::tasks::ui::dialogs::Messages,0,1,0,0,0,0,52,0,3.0,1.0,0,1,0,51.0,1,2.0,1.0,0,0,0,0,0,0,aeeem,org::eclipse::mylyn::internal::tasks::ui::dialogs::Messages,6.0,3,1,1,14.5714,13.0,7.0,0,12.0,4.33333,6.0,2.33333,6.0,2.0,5.52747,3,2,1,0,1,0.0,0.0,0.0,0.0,0.0,True
aeeem,org::eclipse::mylyn::internal::tasks::core::AttributeMap,3,1,2,1,6,0,1,0,17.0,4.0,9,1,0,0.0,4,10.0,5.0,0,0,0,0,0,0,aeeem,org::eclipse::mylyn::internal::tasks::core::AttributeMap,3.0,3,2,0,30.1429,5.0,2.0,0,4.0,1.66667,1.0,0.666667,3.0,1.0,7.08571,2,1,0,0,2,1.84703,0.000948744,0.136921,9.09329,0.175609,True
aeeem,org::eclipse::mylyn::monitor::internal::TemporalStatistic,3,2,1,2,15,0,1,0,25.0,6.0,15,1,0,0.0,6,10.0,8.0,0,0,0,0,0,0,aeeem,org::eclipse::mylyn::monitor::internal::TemporalStatistic,0.0,2,1,1,181.714,0.0,0.0,0,0.0,0.0,0.0,0.0,0.0,0.0,0.0,1,1,0,0,1,0.0,0.0,0.0,0.0,0.0,True
aeeem,org::eclipse::mylyn::internal::xplanner::ui::wizard::ProjectsViewerLabelProvider,6,1,2,4,3,0,0,0,30.0,3.0,0,0,0,0.0,3,9.0,9.0,0,0,0,0,0,0,aeeem,org::eclipse::mylyn::internal::xplanner::ui::wizard::ProjectsViewerLabelProvider,0.0,1,1,0,6.42857,0.0,0.0,0,0.0,0.0,0.0,0.0,0.0,0.0,0.0,1,1,1,0,1,0.0,0.0,0.0,0.0,0.0,True
aeeem,org::eclipse::mylyn::internal::sandbox::ui::planner::TaskPlanContentProvider,1,1,0,1,15,0,1,0,18.0,6.0,9,1,0,0.0,6,10.0,7.0,0,0,0,0,0,0,aeeem,org::eclipse::mylyn::internal::sandbox::ui::planner::TaskPlanContentProvider,4.0,4,2,0,46.0,8.0,4.0,0,4.0,2.0,2.0,1.0,3.0,1.0,14.6607,3,1,0,0,2,3.39209,0.00127859,0.151673,9.15904,0.235454,True
aeeem,org::eclipse::mylyn::internal::tasks::ui::editors::AttachmentTableLabelProvider,11,1,1,10,91,0,5,0,122.0,14.0,0,5,0,0.0,14,51.0,33.0,0,0,0,0,0,0,aeeem,org::eclipse::mylyn::internal::tasks::ui::editors::AttachmentTableLabelProvider,77.0,23,3,1,90.4286,188.0,111.0,0,50.0,8.17391,45.0,4.82609,32.0,3.34783,39.2249,19,7,0,0,13,15.2548,0.0493436,0.229192,9.58881,0.498529,True
aeeem,org::eclipse::mylyn::internal::sandbox::ui::IncomingPresentation,1,2,0,1,3,0,1,0,9.0,3.0,19,1,0,0.0,2,4.0,3.0,0,0,0,0,0,0,aeeem,org::eclipse::mylyn::internal::sandbox::ui::IncomingPresentation,4.0,3,3,0,79.0,6.0,2.0,0,5.0,2.0,1.0,0.666667,4.0,1.33333,55.3571,2,0,0,0,2,1.84703,0.00113849,0.136921,9.09329,0.175609,True
aeeem,org::eclipse::mylyn::internal::context::core::ContextCorePlugin,60,1,54,10,120,0,11,0,115.0,16.0,0,10,3,0.0,13,58.0,27.0,1,0,0,0,0,1,aeeem,org::eclipse::mylyn::internal::context::core::ContextCorePlugin,46.0,14,2,1,48.8571,194.0,148.0,0,80.0,13.8571,56.0,10.5714,77.0,3.28571,14.8962,12,6,0,0,8,7.03716,0.029071,0.20972,9.3603,0.427097,True
aeeem,org::eclipse::mylyn::internal::team::ccvs::CvsChangeSetAdapterFactory,0,1,0,0,1,0,0,0,10.0,2.0,18,0,0,0.0,2,3.0,4.0,0,0,0,0,0,0,aeeem,org::eclipse::mylyn::internal::team::ccvs::CvsChangeSetAdapterFactory,2.0,2,2,0,47.4286,2.0,0.0,0,2.0,1.0,0.0,0.0,2.0,1.0,0.285714,2,1,0,0,2,1.47969,0.00012282,0.0129128,0.0606472,0.0519443,True
aeeem,org::eclipse::mylyn::internal::tasks::ui::search::StackTraceDuplicateDetector,13,2,1,12,6,0,0,0,70.0,4.0,15,0,1,0.0,3,34.0,15.0,0,0,0,0,0,0,aeeem,org::eclipse::mylyn::internal::tasks::ui::search::StackTraceDuplicateDetector,3.0,7,2,0,43.8571,14.0,11.0,0,5.0,2.0,5.0,1.57143,3.0,0.428571,18.4082,6,2,0,0,3,4.15475,0.00141643,0.162734,9.19857,0.279504,True
aeeem,org::eclipse::mylyn::internal::monitor::usage::UiUsageMonitorPlugin,44,1,24,21,703,0,41,0,385.0,38.0,0,25,3,2.0,34,168.0,69.0,1,0,0,0,0,1,aeeem,org::eclipse::mylyn::internal::monitor::usage::UiUsageMonitorPlugin,-61.0,37,2,2,92.5714,303.0,364.0,1,78.0,8.18919,64.0,9.83784,24.0,-1.64865,30.05,25,8,1,0,19,15.0832,0.106289,0.227541,9.58115,0.49174,True
aeeem,org::eclipse::mylyn::internal::tasks::ui::workingsets::TaskWorkingSetPage,15,1,5,10,45,0,7,0,251.0,10.0,0,7,3,0.0,5,67.0,38.0,2,1,1,0,0,1,aeeem,org::eclipse::mylyn::internal::tasks::ui::workingsets::TaskWorkingSetPage,245.0,44,3,1,91.2857,690.0,445.0,0,267.0,15.6818,148.0,10.1136,119.0,5.56818,19.9089,29,14,2,1,19,15.0673,0.150819,0.227926,9.58228,0.493523,True
aeeem,org::eclipse::mylyn::tasks::tests::connector::MockAttachmentHandler,2,2,1,1,15,0,1,0,14.0,6.0,13,1,0,0.0,6,7.0,5.0,0,0,0,0,0,0,aeeem,org::eclipse::mylyn::tasks::tests::connector::MockAttachmentHandler,-17.0,10,3,0,92.0,40.0,57.0,0,12.0,4.0,39.0,5.7,7.0,-1.7,38.4464,9,5,0,0,8,6.12798,0.0132378,0.159827,9.2369,0.246034,True
aeeem,org::eclipse::mylyn::zest::layouts::dataStructures::InternalRelationship,6,1,4,2,105,0,6,0,58.0,15.0,16,5,0,1.0,15,21.0,17.0,0,0,0,0,0,0,aeeem,org::eclipse::mylyn::zest::layouts::dataStructures::InternalRelationship,73.0,8,3,1,184.857,86.0,13.0,1,43.0,10.75,6.0,1.625,42.0,9.125,60.8671,3,3,0,0,0,8.01196,0.0806361,0.0165529,0.205621,0.0101427,True
aeeem,org::eclipse::mylyn::internal::tasks::ui::editors::RichTextAttributeEditor,19,2,7,12,496,0,16,0,347.0,32.0,32,16,12,0.0,20,155.0,61.0,1,1,0,0,0,1,aeeem,org::eclipse::mylyn::internal::tasks::ui::editors::RichTextAttributeEditor,364.0,35,3,0,61.2857,582.0,218.0,0,313.0,16.6286,81.0,6.22857,232.0,10.4,35.5523,27,15,1,0,17,9.16586,0.0237302,0.231912,9.45418,0.493136,True
aeeem,org::eclipse::mylyn::internal::tasks::ui::wizards::LocalRepositorySettingsPage,2,3,1,1,15,0,0,1,26.0,6.0,13,0,0,0.0,3,9.0,8.0,0,0,0,0,0,0,aeeem,org::eclipse::mylyn::internal::tasks::ui::wizards::LocalRepositorySettingsPage,0.0,2,1,0,18.8571,1.0,1.0,0,1.0,0.5,1.0,0.5,0.0,0.0,4.71429,2,1,0,0,0,0.0,0.0,0.0,0.0,0.0,True
aeeem,org::eclipse::mylyn::internal::sandbox::dev::properties::RepositoryQueryPropertySource,6,2,1,5,3,0,6,8,37.0,3.0,22,6,0,0.0,3,22.0,11.0,0,0,0,0,0,0,aeeem,org::eclipse::mylyn::internal::sandbox::dev::properties::RepositoryQueryPropertySource,-7.0,9,2,0,70.7143,63.0,70.0,0,33.0,7.0,54.0,7.77778,8.0,-0.777778,16.7075,7,3,0,0,3,7.48906,0.0330597,0.181527,9.31462,0.345567,True
aeeem,org::eclipse::mylyn::internal::wikitext::ui::util::css::editor::CssConfiguration,4,1,1,3,10,0,1,0,34.0,5.0,0,1,2,0.0,3,18.0,5.0,0,0,0,0,0,0,aeeem,org::eclipse::mylyn::internal::wikitext::ui::util::css::editor::CssConfiguration,0.0,1,1,0,6.42857,0.0,0.0,0,0.0,0.0,0.0,0.0,0.0,0.0,0.0,1,0,0,0,0,0.0,0.0,0.0,0.0,0.0,True
aeeem,org::eclipse::mylyn::internal::sandbox::ui::views::TaskActivityViewSorter,4,1,1,3,45,0,13,0,78.0,10.0,0,12,0,0.0,10,22.0,25.0,0,0,0,0,0,0,aeeem,org::eclipse::mylyn::internal::sandbox::ui::views::TaskActivityViewSorter,5.0,7,3,0,48.8571,30.0,25.0,1,17.0,4.28571,15.0,3.57143,3.0,0.714286,7.87143,5,2,0,0,2,4.17741,0.00387524,0.160399,9.19476,0.270741,True
aeeem,org::eclipse::mylyn::internal::monitor::reports::collectors::FocusedUiViewUsageCollector,6,2,1,5,21,0,8,3,197.0,7.0,24,2,0,6.0,7,75.0,26.0,0,0,0,0,0,0,aeeem,org::eclipse::mylyn::internal::monitor::reports::collectors::FocusedUiViewUsageCollector,1.0,7,2,0,92.5714,16.0,15.0,0,5.0,2.28571,5.0,2.14286,3.0,0.142857,32.9464,4,1,0,0,4,5.08708,0.00296753,0.151158,9.19612,0.213846,True
aeeem,org::eclipse::mylyn::zest::core::widgets::ZestStyles,4,1,4,0,1,0,11,0,38.0,2.0,9,0,0,0.0,2,2.0,3.0,0,0,0,0,0,0,aeeem,org::eclipse::mylyn::zest::core::widgets::ZestStyles,-168.0,6,1,0,103.0,36.0,204.0,0,16.0,6.0,197.0,34.0,7.0,-28.0,18.996,3,3,0,0,0,3.63973,0.0327763,0.0113162,0.104819,0.016312,True
aeeem,org::eclipse::mylyn::internal::wikitext::ui::editor::commands::ShowCheatSheetCommand,11,1,0,11,1,0,0,0,51.0,2.0,0,0,1,0.0,1,29.0,10.0,1,0,0,0,0,1,aeeem,org::eclipse::mylyn::internal::wikitext::ui::editor::commands::ShowCheatSheetCommand,8.0,6,2,1,32.7143,31.0,23.0,0,22.0,5.16667,15.0,3.83333,7.0,1.33333,5.81567,5,5,1,0,0,2.38141,0.00645456,0.132656,9.07779,0.205382,True
aeeem,org::eclipse::mylyn::zest::core::widgets::GraphNode,23,2,15,11,1830,2,29,4,505.0,61.0,10,20,1,1.0,43,223.0,108.0,0,0,0,0,0,0,aeeem,org::eclipse::mylyn::zest::core::widgets::GraphNode,159.0,32,1,2,103.714,586.0,427.0,1,176.0,18.3125,203.0,13.3438,68.0,4.96875,11.9069,25,23,0,0,0,9.03923,0.131836,0.0263265,0.255373,0.0333715,True
aeeem,org::eclipse::mylyn::internal::wikitext::ui::viewer::annotation::HorizontalRuleAnnotation,1,1,1,0,1,0,1,0,6.0,2.0,0,0,0,0.0,2,3.0,2.0,0,0,0,0,0,0,aeeem,org::eclipse::mylyn::internal::wikitext::ui::viewer::annotation::HorizontalRuleAnnotation,0.0,2,2,0,26.5714,2.0,2.0,0,2.0,1.0,2.0,1.0,0.0,0.0,6.71429,2,1,0,0,0,0.0,0.0,0.0,0.0,0.0,True
aeeem,org::eclipse::mylyn::internal::resources::ui::preferences::Messages,0,1,0,0,0,0,8,0,3.0,1.0,0,1,0,7.0,1,2.0,1.0,0,0,0,0,0,0,aeeem,org::eclipse::mylyn::internal::resources::ui::preferences::Messages,0.0,1,1,0,19.1429,0.0,0.0,0,0.0,0.0,0.0,0.0,0.0,0.0,0.0,1,0,0,0,0,0.0,0.0,0.0,0.0,0.0,True
aeeem,org::eclipse::mylyn::internal::tasks::ui::actions::TaskEditorCopyAction,0,1,0,0,1,0,0,0,7.0,2.0,0,0,0,0.0,2,3.0,2.0,0,0,0,0,0,0,aeeem,org::eclipse::mylyn::internal::tasks::ui::actions::TaskEditorCopyAction,0.0,6,2,0,139.571,11.0,11.0,0,7.0,1.83333,4.0,1.83333,3.0,0.0,103.948,4,1,0,0,3,3.95974,0.00232126,0.143127,9.15318,0.183381,True
aeeem,org::eclipse::mylyn::zest::tests::swt::ZoomSnippet,6,1,0,6,3,0,2,0,108.0,3.0,9,2,0,0.0,3,42.0,16.0,0,0,0,0,0,0,aeeem,org::eclipse::mylyn::zest::tests::swt::ZoomSnippet,-1.0,2,1,0,80.8571,0.0,1.0,0,0.0,0.0,1.0,0.5,0.0,-0.5,0.0,2,2,0,0,0,0.903836,0.000136385,0.00316207,0.0269541,0.00573197,True
aeeem,org::eclipse::mylyn::wikitext::core::parser::markup::phrase::HtmlEndTagPhraseModifier,1,2,1,0,6,0,1,0,12.0,4.0,22,1,0,0.0,1,5.0,4.0,0,0,0,0,0,0,aeeem,org::eclipse::mylyn::wikitext::core::parser::markup::phrase::HtmlEndTagPhraseModifier,21.0,7,2,1,32.7143,26.0,5.0,0,11.0,3.71429,2.0,0.714286,10.0,3.0,13.5549,5,5,0,0,0,3.33706,0.00295888,0.180438,9.21468,0.291852,True
aeeem,org::eclipse::mylyn::internal::wikitext::tasks::ui::util::PlatformUrlHyperlink,1,1,1,0,1,0,0,0,6.0,2.0,0,0,0,0.0,2,3.0,2.0,0,0,0,0,0,0,aeeem,org::eclipse::mylyn::internal::wikitext::tasks::ui::util::PlatformUrlHyperlink,0.0,1,1,0,14.7143,0.0,0.0,0,0.0,0.0,0.0,0.0,0.0,0.0,0.0,1,1,0,0,0,0.0,0.0,0.0,0.0,0.0,True
aeeem,org::eclipse::mylyn::commons::tests::manual::NoticicationPopupMain,2,1,0,2,0,0,0,0,24.0,1.0,9,0,0,0.0,1,8.0,3.0,0,0,0,0,0,0,aeeem,org::eclipse::mylyn::commons::tests::manual::NoticicationPopupMain,5.0,2,1,0,43.0,10.0,5.0,0,10.0,5.0,5.0,2.5,5.0,2.5,16.4286,2,0,0,0,2,1.84703,0.00284623,0.136921,9.09329,0.175609,True
aeeem,org::eclipse::mylyn::internal::tasks::ui::views::CustomTaskListDecorationDrawer,9,1,1,9,21,0,10,0,217.0,7.0,9,10,4,0.0,2,49.0,63.0,0,0,0,0,0,0,aeeem,org::eclipse::mylyn::internal::tasks::ui::views::CustomTaskListDecorationDrawer,155.0,73,3,0,96.5714,727.0,572.0,0,156.0,9.9589,156.0,7.83562,156.0,2.12329,20.5895,36,11,2,2,19,20.4305,0.172504,0.240259,9.72916,0.501442,True
aeeem,org::eclipse::mylyn::internal::tasks::ui::search::RepositorySearchResultView,26,1,5,26,120,0,20,0,258.0,16.0,10,14,2,0.0,7,98.0,26.0,1,1,0,0,0,1,aeeem,org::eclipse::mylyn::internal::tasks::ui::search::RepositorySearchResultView,108.0,63,3,1,135.429,568.0,460.0,1,72.0,9.01587,88.0,7.30159,61.0,1.71429,71.7452,46,24,2,2,24,23.0976,0.150831,0.238089,9.77607,0.47411,True
aeeem,org::eclipse::mylyn::internal::tasks::ui::views::TaskRepositoriesSorter,8,1,6,2,1,0,0,0,31.0,2.0,0,0,0,0.0,2,15.0,14.0,0,0,0,0,0,0,aeeem,org::eclipse::mylyn::internal::tasks::ui::views::TaskRepositoriesSorter,13.0,12,2,1,112.857,37.0,24.0,0,8.0,3.08333,8.0,2.0,8.0,1.08333,35.1583,9,5,0,0,4,8.86608,0.00402222,0.163891,9.30588,0.237773,True
aeeem,org::eclipse::mylyn::internal::tasks::ui::editors::TaskEditorDescriptionPart,14,3,0,14,36,0,0,1,126.0,9.0,31,0,2,0.0,4,71.0,16.0,0,0,0,0,0,0,aeeem,org::eclipse::mylyn::internal::tasks::ui::editors::TaskEditorDescriptionPart,-289.0,31,3,0,61.2857,191.0,480.0,0,49.0,6.16129,337.0,15.4839,12.0,-9.32258,15.2094,21,10,0,0,10,10.8205,0.115346,0.220866,9.47029,0.490457,True
aeeem,org::eclipse::mylyn::internal::tasks::ui::properties::ProjectPropertiesLinkProvider,3,2,0,3,3,0,3,0,45.0,3.0,16,3,0,0.0,3,19.0,11.0,0,0,0,0,0,0,aeeem,org::eclipse::mylyn::internal::tasks::ui::properties::ProjectPropertiesLinkProvider,11.0,17,2,0,90.4286,37.0,26.0,0,7.0,2.17647,6.0,1.52941,5.0,0.647059,47.0077,13,4,0,0,8,10.3211,0.0044204,0.194455,9.40557,0.382283,True
aeeem,org::eclipse::mylyn::internal::tasks::ui::actions::ActivateTaskHistoryDropDownAction,4,1,1,3,15,0,4,0,29.0,6.0,0,3,0,0.0,6,14.0,7.0,0,0,0,0,0,0,aeeem,org::eclipse::mylyn::internal::tasks::ui::actions::ActivateTaskHistoryDropDownAction,-100.0,19,3,1,91.1429,79.0,179.0,0,33.0,4.15789,139.0,9.42105,6.0,-5.26316,37.4069,16,7,1,1,10,9.80513,0.0185164,0.184778,9.37372,0.337332,True
aeeem,org::eclipse::mylyn::team::ui::AbstractActiveChangeSetProvider,3,1,2,1,1,1,0,0,6.0,2.0,9,0,0,0.0,2,4.0,2.0,0,0,0,0,0,0,aeeem,org::eclipse::mylyn::team::ui::AbstractActiveChangeSetProvider,18.0,10,2,0,92.4286,43.0,25.0,0,12.0,4.3,10.0,2.5,12.0,1.8,40.4419,9,3,1,1,7,7.45802,0.00570237,0.182792,9.31408,0.3419,True
aeeem,org::eclipse::mylyn::internal::sandbox::ui::ActiveSearchViewTracker,3,1,0,3,105,0,0,0,51.0,15.0,9,0,0,0.0,15,27.0,17.0,0,0,0,0,0,0,aeeem,org::eclipse::mylyn::internal::sandbox::ui::ActiveSearchViewTracker,3.0,5,2,0,71.8571,8.0,5.0,0,4.0,1.6,2.0,1.0,3.0,0.6,39.125,3,0,0,0,2,3.24474,0.00136898,0.148128,9.14866,0.21996,True
aeeem,org::eclipse::mylyn::internal::bugzilla::core::SaxBugReportContentHandler,5,1,1,4,28,0,9,0,228.0,8.0,51,9,1,0.0,7,65.0,48.0,0,0,0,0,0,0,aeeem,org::eclipse::mylyn::internal::bugzilla::core::SaxBugReportContentHandler,97.0,37,2,0,148.571,373.0,276.0,1,47.0,10.0811,41.0,7.45946,47.0,2.62162,12.7051,29,17,3,2,17,14.4362,0.138568,0.0305077,0.37333,0.0177442,True
aeeem,org::eclipse::mylyn::internal::jira::core::model::JiraIssue,38,1,26,12,3160,0,38,0,345.0,80.0,18,38,0,0.0,80,137.0,115.0,0,0,0,0,0,0,aeeem,org::eclipse::mylyn::internal::jira::core::model::JiraIssue,32.0,6,2,0,49.8571,62.0,30.0,0,27.0,10.3333,21.0,5.0,20.0,5.33333,30.1774,5,1,0,0,3,1.84703,0.00170774,0.136921,9.09329,0.175609,True
aeeem,org::eclipse::mylyn::internal::commons::core::ZipFileUtil,15,1,3,12,10,0,0,0,137.0,5.0,9,0,1,0.0,4,74.0,24.0,1,0,1,0,1,1,aeeem,org::eclipse::mylyn::internal::commons::core::ZipFileUtil,24.0,6,3,0,46.0,88.0,64.0,0,44.0,14.6667,28.0,10.6667,16.0,4.0,31.6981,6,1,0,0,3,3.32672,0.00483895,0.149833,9.15394,0.227553,True
aeeem,org::eclipse::mylyn::internal::tasks::ui::actions::ToggleAllWorkingSetsAction,2,1,1,1,3,0,1,0,23.0,3.0,0,1,0,0.0,3,19.0,7.0,0,0,0,0,0,0,aeeem,org::eclipse::mylyn::internal::tasks::ui::actions::ToggleAllWorkingSetsAction,1.0,8,2,0,90.0,13.0,12.0,0,4.0,1.625,4.0,1.5,3.0,0.125,46.956,6,2,0,0,2,5.42764,0.00315916,0.152616,9.20698,0.217238,True
aeeem,org::eclipse::mylyn::internal::wikitext::ui::util::css::AnySelector,1,2,1,0,1,0,0,0,3.0,2.0,10,0,0,0.0,2,2.0,1.0,0,0,0,0,0,0,aeeem,org::eclipse::mylyn::internal::wikitext::ui::util::css::AnySelector,0.0,1,1,0,7.42857,0.0,0.0,1,0.0,0.0,0.0,0.0,0.0,0.0,0.0,1,0,0,0,0,0.0,0.0,0.0,0.0,0.0,True
aeeem,org::eclipse::mylyn::zest::core::widgets::internal::PolylineArcConnection,6,1,1,5,21,0,3,3,186.0,7.0,125,3,0,0.0,4,41.0,32.0,0,0,0,0,0,0,aeeem,org::eclipse::mylyn::zest::core::widgets::internal::PolylineArcConnection,30.0,3,1,0,103.714,125.0,95.0,1,124.0,41.6667,94.0,31.6667,30.0,10.0,0.801143,0,0,0,0,0,2.88496,0.0293532,0.00783169,0.079964,0.0081288,True
aeeem,org::eclipse::mylyn::internal::xplanner::ui::XPlannerMylynUIPlugin,13,1,9,4,36,0,14,0,54.0,9.0,0,1,1,0.0,8,28.0,15.0,2,2,0,0,0,1,aeeem,org::eclipse::mylyn::internal::xplanner::ui::XPlannerMylynUIPlugin,0.0,1,1,0,6.42857,0.0,0.0,0,0.0,0.0,0.0,0.0,0.0,0.0,0.0,1,1,1,0,1,0.0,0.0,0.0,0.0,0.0,True
aeeem,org::eclipse::mylyn::internal::provisional::commons::ui::AbstractNotificationPopup,9,1,3,6,231,2,20,0,404.0,22.0,0,19,5,0.0,9,86.0,54.0,1,1,0,0,0,1,aeeem,org::eclipse::mylyn::internal::provisional::commons::ui::AbstractNotificationPopup,2.0,8,2,0,45.8571,38.0,36.0,0,10.0,4.75,9.0,4.5,5.0,0.25,26.3346,7,2,0,0,3,4.56874,0.00324619,0.168925,9.22022,0.298986,True
aeeem,org::eclipse::mylyn::internal::wikitext::confluence::core::block::ExtendedPreformattedBlock,3,5,1,2,10,0,0,5,21.0,5.0,53,0,0,0.0,1,11.0,7.0,0,0,0,0,0,0,aeeem,org::eclipse::mylyn::internal::wikitext::confluence::core::block::ExtendedPreformattedBlock,-31.0,4,2,0,32.7143,32.0,63.0,0,24.0,8.0,54.0,15.75,0.0,-7.75,2.41071,3,3,0,0,0,1.49003,0.0155132,0.0435179,0.121386,0.116244,True
aeeem,org::eclipse::mylyn::commons::net::UnsupportedRequestException,0,1,0,0,0,0,1,0,3.0,1.0,25,1,0,0.0,1,1.0,1.0,0,0,0,0,0,0,aeeem,org::eclipse::mylyn::commons::net::UnsupportedRequestException,0.0,2,1,0,45.8571,0.0,0.0,0,0.0,0.0,0.0,0.0,0.0,0.0,0.0,1,0,0,0,1,0.0,0.0,0.0,0.0,0.0,True
aeeem,org::eclipse::mylyn::internal::bugzilla::core::history::AttachmentFlag,2,1,1,1,6,0,3,0,14.0,4.0,18,3,0,0.0,4,6.0,5.0,0,0,0,0,0,0,aeeem,org::eclipse::mylyn::internal::bugzilla::core::history::AttachmentFlag,3.0,10,3,0,109.0,64.0,61.0,0,45.0,6.4,45.0,6.1,45.0,0.3,17.2679,6,2,0,0,3,8.32124,0.0193344,0.164678,9.29455,0.248186,True
aeeem,org::eclipse::mylyn::internal::compatibility::JavaRuntimeVersionChecker,1,1,0,1,0,0,3,0,31.0,1.0,9,3,0,0.0,1,3.0,4.0,0,0,0,0,0,0,aeeem,org::eclipse::mylyn::internal::compatibility::JavaRuntimeVersionChecker,-9.0,11,2,0,91.0,34.0,43.0,0,13.0,3.09091,15.0,3.90909,3.0,-0.818182,55.916,5,2,0,0,2,3.17351,0.00253592,0.140881,9.13106,0.180758,True
aeeem,org::eclipse::mylyn::bugzilla::deprecated::BugzillaTaskEditor,23,2,8,15,136,0,10,13,672.0,17.0,95,1,3,0.0,1,197.0,53.0,0,0,0,0,0,0,aeeem,org::eclipse::mylyn::bugzilla::deprecated::BugzillaTaskEditor,1.0,4,3,0,39.5714,11.0,10.0,0,6.0,2.75,9.0,2.5,5.0,0.25,7.09091,4,1,0,0,4,3.37801,0.0025862,0.154967,9.16485,0.247924,True
aeeem,org::eclipse::mylyn::internal::team::ui::templates::TemplateHandlerContentProposalProvider,3,1,2,1,1,0,0,0,4.0,2.0,9,0,0,0.0,2,4.0,1.0,0,0,0,0,0,0,aeeem,org::eclipse::mylyn::internal::team::ui::templates::TemplateHandlerContentProposalProvider,2.0,6,2,0,92.4286,18.0,16.0,0,6.0,3.0,6.0,2.66667,1.0,0.333333,59.0317,5,1,0,0,3,4.46389,0.0026257,0.14921,9.17814,0.211039,True
aeeem,org::xplanner::soap::XPlanner::XPlannerServiceLocator,3,2,1,2,171,0,7,0,97.0,19.0,2,7,0,0.0,19,40.0,26.0,0,0,0,0,0,0,aeeem,org::xplanner::soap::XPlanner::XPlannerServiceLocator,82.0,5,2,0,93.7143,281.0,199.0,0,205.0,56.2,197.0,39.8,74.0,16.4,30.2867,2,0,0,0,1,4.94923,0.0415516,0.0214071,0.15677,0.0554179,True
aeeem,org::eclipse::mylyn::internal::tasks::ui::wizards::NewLocalTaskWizard,3,1,0,3,10,0,1,0,25.0,5.0,0,1,0,0.0,5,14.0,8.0,0,0,0,0,0,0,aeeem,org::eclipse::mylyn::internal::tasks::ui::wizards::NewLocalTaskWizard,34.0,17,3,0,139.571,106.0,72.0,0,57.0,6.23529,33.0,4.23529,51.0,2.0,64.7668,14,6,0,0,11,12.5641,0.0223334,0.206236,9.47964,0.41297,True
aeeem,org::eclipse::mylyn::internal::bugs::java::BugzillaHyperLinkDetector,2,2,0,2,10,0,1,0,95.0,5.0,12,1,3,0.0,2,17.0,26.0,0,0,0,0,0,0,aeeem,org::eclipse::mylyn::internal::bugs::java::BugzillaHyperLinkDetector,16.0,10,1,0,164.0,155.0,139.0,1,69.0,15.5,58.0,13.9,11.0,1.6,13.8286,4,3,1,0,2,5.57658,0.330227,0.00865456,0.133843,0.00101709,True
aeeem,org::eclipse::mylyn::internal::jira::core::wsdl::beans::RemoteFilter,2,3,0,2,91,0,7,0,82.0,14.0,52,7,0,0.0,14,35.0,39.0,0,0,0,0,0,0,aeeem,org::eclipse::mylyn::internal::jira::core::wsdl::beans::RemoteFilter,-25.0,9,2,0,110.714,223.0,248.0,0,195.0,24.7778,220.0,27.5556,7.0,-2.77778,23.9532,7,4,1,1,5,5.94514,0.0169544,0.153982,9.22122,0.218565,True
aeeem,org::eclipse::mylyn::internal::context::core::LocalContextStore,27,1,16,11,136,0,5,0,159.0,17.0,12,5,3,0.0,14,79.0,29.0,1,1,0,0,0,1,aeeem,org::eclipse::mylyn::internal::context::core::LocalContextStore,-45.0,13,3,1,42.7143,95.0,140.0,0,56.0,7.30769,36.0,10.7692,24.0,-3.46154,6.16241,9,5,2,0,4,4.83045,0.015726,0.172387,9.23327,0.316587,True
aeeem,org::eclipse::mylyn::tasks::ui::TaskElementLabelProvider,39,1,16,23,36,3,4,0,238.0,9.0,0,4,3,0.0,6,106.0,83.0,1,1,0,0,0,1,aeeem,org::eclipse::mylyn::tasks::ui::TaskElementLabelProvider,25.0,16,3,2,43.5714,81.0,56.0,0,34.0,5.0625,36.0,3.5,10.0,1.5625,10.9101,12,3,0,0,5,5.39677,0.00978836,0.181826,9.26485,0.350936,True
aeeem,org::eclipse::mylyn::internal::jira::core::service::JiraClientCache,37,1,24,14,325,0,2,0,211.0,26.0,9,2,6,0.0,20,112.0,33.0,1,0,1,0,1,1,aeeem,org::eclipse::mylyn::internal::jira::core::service::JiraClientCache,83.0,12,2,0,54.0,139.0,56.0,0,56.0,11.5833,20.0,4.66667,36.0,6.91667,35.4923,12,7,3,0,8,4.53504,0.00799858,0.158841,9.20046,0.262451,True
aeeem,org::eclipse::mylyn::internal::tasks::ui::views::TaskRepositoriesView,18,1,6,12,120,0,8,0,147.0,16.0,0,7,8,0.0,8,62.0,23.0,1,1,0,0,0,1,aeeem,org::eclipse::mylyn::internal::tasks::ui::views::TaskRepositoriesView,143.0,40,3,0,139.571,305.0,162.0,1,31.0,7.625,21.0,4.05,31.0,3.575,53.3499,33,17,1,0,15,24.0633,0.100011,0.251569,9.81976,0.492604,True
aeeem,org::eclipse::mylyn::internal::tasks::ui::editors::TaskAttachmentStorage,11,1,2,9,15,0,9,0,32.0,6.0,19,9,0,0.0,6,21.0,7.0,0,0,0,0,0,0,aeeem,org::eclipse::mylyn::internal::tasks::ui::editors::TaskAttachmentStorage,4.0,4,2,0,41.0,19.0,15.0,0,13.0,4.75,13.0,3.75,4.0,1.0,22.6466,3,1,0,0,1,1.84703,0.00151799,0.136921,9.09329,0.175609,True
aeeem,org::eclipse::mylyn::internal::wikitext::tracwiki::core::block::ListBlock,11,3,1,10,15,0,5,4,115.0,6.0,43,4,2,0.0,4,57.0,32.0,0,0,0,0,0,0,aeeem,org::eclipse::mylyn::internal::wikitext::tracwiki::core::block::ListBlock,-3.0,7,2,0,32.7143,24.0,27.0,0,15.0,3.42857,14.0,3.85714,1.0,-0.428571,7.35119,5,5,0,0,0,1.49003,0.0052847,0.0435179,0.121386,0.116244,True
aeeem,org::eclipse::mylyn::internal::jira::core::JiraTaskAttachmentHandler,14,2,2,12,15,0,0,0,61.0,6.0,13,0,1,0.0,5,44.0,10.0,0,0,0,0,0,0,aeeem,org::eclipse::mylyn::internal::jira::core::JiraTaskAttachmentHandler,3.0,9,2,0,45.8571,66.0,63.0,0,21.0,7.33333,34.0,7.0,14.0,0.333333,6.91342,8,2,1,0,4,6.31013,0.00612958,0.1853,9.29392,0.368531,True
aeeem,org::eclipse::mylyn::internal::monitor::ui::Messages,0,1,0,0,0,0,2,0,3.0,1.0,0,1,0,1.0,1,2.0,1.0,0,0,0,0,0,0,aeeem,org::eclipse::mylyn::internal::monitor::ui::Messages,0.0,1,1,0,19.1429,0.0,0.0,0,0.0,0.0,0.0,0.0,0.0,0.0,0.0,1,0,0,0,0,0.0,0.0,0.0,0.0,0.0,True
aeeem,org::eclipse::mylyn::internal::context::ui::TaskUiBridge,0,2,0,0,21,0,0,0,21.0,7.0,16,0,0,0.0,7,8.0,7.0,0,0,0,0,0,0,aeeem,org::eclipse::mylyn::internal::context::ui::TaskUiBridge,-2.0,11,1,0,139.714,27.0,29.0,0,10.0,2.45455,5.0,2.63636,8.0,-0.181818,41.0265,8,3,0,0,5,8.10333,0.00815609,0.151444,9.25909,0.186869,True
aeeem,org::eclipse::mylyn::internal::ide::ui::IdeUiUtil,0,1,0,0,1,0,2,0,22.0,2.0,9,0,0,0.0,2,5.0,7.0,0,0,0,0,0,0,aeeem,org::eclipse::mylyn::internal::ide::ui::IdeUiUtil,-4.0,13,2,0,147.714,65.0,69.0,0,17.0,5.0,25.0,5.30769,15.0,-0.307692,54.5385,9,4,2,1,3,10.2198,0.0367762,0.175283,9.35596,0.28698,True
aeeem,org::eclipse::mylyn::internal::tasks::ui::views::TaskListToolTip,38,1,4,35,351,0,9,0,488.0,27.0,0,9,13,0.0,8,218.0,103.0,2,0,0,0,0,1,aeeem,org::eclipse::mylyn::internal::tasks::ui::views::TaskListToolTip,175.0,60,3,2,75.0,624.0,449.0,1,58.0,10.4,38.0,7.48333,57.0,2.91667,27.8542,37,13,0,0,17,16.5524,0.109902,0.269427,9.70136,0.606398,True
aeeem,org::eclipse::mylyn::internal::tasks::ui::TaskJobFactory,10,1,2,8,21,0,4,0,100.0,7.0,15,4,0,0.0,7,31.0,7.0,0,0,0,0,0,0,aeeem,org::eclipse::mylyn::internal::tasks::ui::TaskJobFactory,42.0,21,3,1,45.8571,95.0,53.0,0,23.0,4.52381,7.0,2.52381,20.0,2.0,5.72932,17,9,1,0,9,6.87646,0.00966115,0.194739,9.32549,0.402881,True
aeeem,org::eclipse::mylyn::internal::tasks::ui::commands::OpenRepositoryTaskHandler,1,1,0,1,0,0,0,0,4.0,1.0,0,0,0,0.0,1,3.0,1.0,0,0,0,0,0,0,aeeem,org::eclipse::mylyn::internal::tasks::ui::commands::OpenRepositoryTaskHandler,3.0,4,2,0,32.1429,7.0,4.0,0,4.0,1.75,2.0,1.0,3.0,0.75,11.5918,3,0,0,0,1,1.84703,0.000948744,0.136921,9.09329,0.175609,True
aeeem,org::eclipse::mylyn::wikitext::core::util::XmlStreamWriter,6,1,6,0,190,2,0,0,0.0,20.0,9,0,0,0.0,20,20.0,0.0,0,0,0,0,0,0,aeeem,org::eclipse::mylyn::wikitext::core::util::XmlStreamWriter,1.0,3,2,0,32.7143,14.0,13.0,0,8.0,4.66667,12.0,4.33333,5.0,0.333333,8.69388,3,3,0,0,0,1.49003,0.00340949,0.0435179,0.121386,0.116244,True
aeeem,org::eclipse::mylyn::tasks::core::TaskActivationAdapter,0,1,0,0,6,2,0,0,8.0,4.0,13,0,0,0.0,4,4.0,4.0,0,0,0,0,0,0,aeeem,org::eclipse::mylyn::tasks::core::TaskActivationAdapter,3.0,5,3,0,47.4286,10.0,7.0,1,5.0,2.0,5.0,1.4,3.0,0.6,14.8286,4,2,0,0,4,3.4091,0.00169851,0.153414,9.16273,0.242476,True
aeeem,org::eclipse::mylyn::internal::provisional::commons::soap::AbstractSoapClient,3,1,0,3,10,1,0,0,57.0,5.0,9,0,0,0.0,0,17.0,6.0,0,0,0,0,0,0,aeeem,org::eclipse::mylyn::internal::provisional::commons::soap::AbstractSoapClient,0.0,1,1,0,13.5714,0.0,0.0,0,0.0,0.0,0.0,0.0,0.0,0.0,0.0,1,1,0,0,1,0.0,0.0,0.0,0.0,0.0,True
aeeem,org::eclipse::mylyn::internal::team::ui::actions::TaskResourceMappingActionProvider,2,1,0,2,0,0,2,0,8.0,1.0,0,2,0,0.0,1,4.0,1.0,0,0,0,0,0,0,aeeem,org::eclipse::mylyn::internal::team::ui::actions::TaskResourceMappingActionProvider,-3.0,11,2,0,139.286,31.0,34.0,0,9.0,2.81818,9.0,3.09091,3.0,-0.272727,46.7327,8,5,1,1,5,9.45898,0.0167044,0.160651,9.31023,0.218824,True
aeeem,org::eclipse::mylyn::internal::tasks::ui::util::ClipboardCopier,2,1,2,0,6,1,2,0,17.0,4.0,9,1,0,1.0,3,8.0,5.0,0,0,0,0,0,0,aeeem,org::eclipse::mylyn::internal::tasks::ui::util::ClipboardCopier,0.0,1,1,0,6.85714,0.0,0.0,0,0.0,0.0,0.0,0.0,0.0,0.0,0.0,1,0,0,0,0,0.0,0.0,0.0,0.0,0.0,True
aeeem,org::eclipse::mylyn::internal::tasks::ui::PersonProposalProvider,12,1,2,10,21,0,6,0,123.0,7.0,9,6,5,0.0,2,54.0,22.0,2,2,0,0,0,1,aeeem,org::eclipse::mylyn::internal::tasks::ui::PersonProposalProvider,73.0,36,3,0,96.5714,400.0,327.0,1,127.0,11.1111,127.0,9.08333,127.0,2.02778,19.5921,27,9,0,0,15,12.458,0.062492,0.198696,9.46104,0.379001,True
aeeem,org::eclipse::mylyn::internal::provisional::commons::ui::DateSelectionDialog,3,1,1,2,15,0,5,0,47.0,6.0,0,5,0,0.0,3,16.0,10.0,0,0,0,0,0,0,aeeem,org::eclipse::mylyn::internal::provisional::commons::ui::DateSelectionDialog,1.0,5,2,0,45.8571,15.0,14.0,0,7.0,3.0,6.0,2.8,3.0,0.2,14.2762,4,0,0,0,2,3.39209,0.00213619,0.151673,9.15904,0.235454,True
aeeem,org::eclipse::mylyn::internal::wikitext::tracwiki::core::block::TableBlock,8,3,1,7,6,0,4,4,62.0,4.0,43,2,0,0.0,4,32.0,13.0,0,0,0,0,0,0,aeeem,org::eclipse::mylyn::internal::wikitext::tracwiki::core::block::TableBlock,0.0,3,2,0,32.7143,7.0,7.0,0,5.0,2.33333,5.0,2.33333,0.0,0.0,4.89796,3,3,0,0,0,1.49003,0.00170474,0.0435179,0.121386,0.116244,True
aeeem,org::eclipse::mylyn::bugzilla::deprecated::BugzillaStackTraceDuplicateDetector,5,1,0,5,0,0,1,0,27.0,1.0,0,1,0,0.0,1,11.0,4.0,0,0,0,0,0,0,aeeem,org::eclipse::mylyn::bugzilla::deprecated::BugzillaStackTraceDuplicateDetector,4.0,3,3,0,39.5714,5.0,1.0,0,5.0,1.66667,1.0,0.333333,4.0,1.33333,13.0,3,1,0,0,3,1.84703,0.00113849,0.136921,9.09329,0.175609,True
aeeem,org::eclipse::mylyn::internal::tasks::ui::actions::ExpandAllAction,1,1,1,1,1,0,2,0,12.0,2.0,0,1,0,0.0,2,6.0,3.0,0,0,0,0,0,0,aeeem,org::eclipse::mylyn::internal::tasks::ui::actions::ExpandAllAction,-1.0,11,2,0,139.571,24.0,25.0,0,4.0,2.18182,7.0,2.27273,3.0,-0.0909091,78.9226,9,2,0,0,6,9.63232,0.00364409,0.171027,9.33773,0.269929,True
aeeem,org::eclipse::mylyn::internal::examples::jira::JiraIssueCollector,1,1,1,0,21,0,2,1,22.0,7.0,14,2,0,0.0,7,10.0,7.0,0,0,0,0,0,0,aeeem,org::eclipse::mylyn::internal::examples::jira::JiraIssueCollector,0.0,1,1,0,23.8571,0.0,0.0,0,0.0,0.0,0.0,0.0,0.0,0.0,0.0,1,1,0,0,0,0.0,0.0,0.0,0.0,0.0,True
aeeem,org::eclipse::mylyn::internal::monitor::reports::collectors::AbstractMylynUsageCollector,3,2,1,2,1,1,4,1,14.0,2.0,24,0,0,0.0,2,11.0,4.0,0,0,0,0,0,0,aeeem,org::eclipse::mylyn::internal::monitor::reports::collectors::AbstractMylynUsageCollector,3.0,3,2,0,88.0,5.0,2.0,0,4.0,1.66667,1.0,0.666667,3.0,1.0,64.9429,2,1,0,0,2,1.84703,0.000948744,0.136921,9.09329,0.175609,True
aeeem,org::eclipse::mylyn::internal::tasks::ui::actions::QueryCloneAction,10,1,0,10,6,0,1,0,55.0,4.0,0,0,0,0.0,3,36.0,9.0,0,0,0,0,0,0,aeeem,org::eclipse::mylyn::internal::tasks::ui::actions::QueryCloneAction,8.0,16,3,0,85.4286,64.0,56.0,0,23.0,4.0,17.0,3.5,6.0,0.5,56.9888,15,4,1,1,11,9.11704,0.00594547,0.197868,9.38566,0.411354,True
aeeem,org::eclipse::mylyn::internal::tasks::ui::actions::DeactivateAllTasksAction,2,1,0,2,1,0,0,0,6.0,2.0,0,0,0,0.0,2,4.0,2.0,0,0,0,0,0,0,aeeem,org::eclipse::mylyn::internal::tasks::ui::actions::DeactivateAllTasksAction,3.0,9,3,0,136.571,14.0,11.0,0,4.0,1.55556,2.0,1.22222,3.0,0.333333,84.4286,6,4,0,0,4,7.52569,0.00288102,0.171034,9.29227,0.290385,True
aeeem,org::eclipse::mylyn::internal::wikitext::ui::editor::actions::SetMarkupLanguageAction,2,1,1,2,1,0,3,0,13.0,2.0,0,3,0,0.0,2,5.0,3.0,0,0,0,0,0,0,aeeem,org::eclipse::mylyn::internal::wikitext::ui::editor::actions::SetMarkupLanguageAction,2.0,4,2,1,32.7143,10.0,8.0,0,7.0,2.5,5.0,2.0,2.0,0.5,8.22857,3,3,0,0,0,1.49003,0.00204569,0.0435179,0.121386,0.116244,True
aeeem,org::eclipse::mylyn::internal::jira::ui::JiraTaskListMigrator,4,2,0,4,10,0,7,3,21.0,5.0,14,7,0,0.0,5,13.0,5.0,0,0,0,0,0,0,aeeem,org::eclipse::mylyn::internal::jira::ui::JiraTaskListMigrator,7.0,7,2,0,43.7143,18.0,11.0,0,7.0,2.57143,7.0,1.57143,3.0,1.0,17.6984,5,2,0,0,4,4.13774,0.00119433,0.160993,9.19488,0.272482,True
aeeem,org::eclipse::mylyn::internal::context::ui::commands::ClearContextHandler,5,2,0,5,0,0,0,1,12.0,1.0,2,0,0,0.0,0,7.0,2.0,0,0,0,0,0,0,aeeem,org::eclipse::mylyn::internal::context::ui::commands::ClearContextHandler,3.0,4,3,0,43.8571,7.0,4.0,0,4.0,1.75,2.0,1.0,3.0,0.75,18.1837,4,1,0,0,3,3.39209,0.00108068,0.151673,9.15904,0.235454,True
aeeem,org::eclipse::mylyn::internal::jira::core::wsdl::beans::RemoteResolution,1,4,0,1,15,0,3,0,38.0,6.0,71,3,0,0.0,6,10.0,11.0,0,0,0,0,0,0,aeeem,org::eclipse::mylyn::internal::jira::core::wsdl::beans::RemoteResolution,-8.0,9,2,0,110.714,100.0,108.0,0,72.0,11.1111,80.0,12.0,7.0,-0.888889,28.1129,7,4,1,1,5,5.94514,0.00787889,0.153982,9.22122,0.218565,True
aeeem,org::eclipse::mylyn::jira::tests::util::MockIssueCollector,1,1,1,0,15,0,3,1,15.0,6.0,14,0,0,3.0,6,7.0,5.0,0,0,0,0,0,0,aeeem,org::eclipse::mylyn::jira::tests::util::MockIssueCollector,1.0,3,2,0,38.1429,6.0,5.0,0,5.0,2.0,4.0,1.66667,1.0,0.333333,14.5,2,1,0,0,2,1.84703,0.00170774,0.136921,9.09329,0.175609,True
aeeem,org::eclipse::mylyn::internal::monitor::ui::MonitorUiPlugin,32,1,24,9,325,0,18,0,209.0,26.0,0,10,4,0.0,22,92.0,36.0,1,0,0,0,0,1,aeeem,org::eclipse::mylyn::internal::monitor::ui::MonitorUiPlugin,0.0,15,3,0,48.5714,79.0,79.0,2,13.0,5.26667,26.0,5.26667,12.0,0.0,13.1917,11,5,0,0,7,7.5628,0.0186099,0.200018,9.35224,0.423553,True
aeeem,org::eclipse::mylyn::internal::monitor::core::collection::InteractionByTypeSummary,4,1,2,2,15,0,1,0,55.0,6.0,9,0,0,1.0,6,33.0,10.0,0,0,0,0,0,0,aeeem,org::eclipse::mylyn::internal::monitor::core::collection::InteractionByTypeSummary,3.0,7,2,0,109.857,19.0,16.0,1,8.0,2.71429,5.0,2.28571,3.0,0.428571,67.2331,5,2,0,0,4,5.25012,0.00212513,0.151457,9.20025,0.213663,True
aeeem,org::eclipse::mylyn::internal::bugzilla::core::BugzillaCorePlugin,31,1,19,14,153,0,11,0,257.0,18.0,0,9,0,0.0,16,107.0,62.0,3,2,0,0,0,1,aeeem,org::eclipse::mylyn::internal::bugzilla::core::BugzillaCorePlugin,156.0,41,3,0,136.714,575.0,419.0,1,120.0,14.0244,111.0,10.2195,110.0,3.80488,56.3866,31,13,1,0,19,22.1164,0.27699,0.241059,9.7593,0.481677,True
aeeem,org::eclipse::mylyn::internal::xplanner::ui::wizard::NewXPlannerTaskWizard,3,2,1,2,10,0,1,0,27.0,5.0,7,1,0,0.0,4,11.0,6.0,1,1,0,0,0,1,aeeem,org::eclipse::mylyn::internal::xplanner::ui::wizard::NewXPlannerTaskWizard,0.0,1,1,0,6.42857,0.0,0.0,0,0.0,0.0,0.0,0.0,0.0,0.0,0.0,1,1,1,0,1,0.0,0.0,0.0,0.0,0.0,True
aeeem,org::eclipse::mylyn::wikitext::tasks::ui::editor::MarkupSourceViewer,4,1,1,3,15,0,3,0,36.0,6.0,0,2,1,0.0,5,18.0,12.0,0,0,0,0,0,0,aeeem,org::eclipse::mylyn::wikitext::tasks::ui::editor::MarkupSourceViewer,0.0,1,1,0,4.0,0.0,0.0,0,0.0,0.0,0.0,0.0,0.0,0.0,0.0,1,0,0,0,0,0.0,0.0,0.0,0.0,0.0,True
aeeem,org::eclipse::mylyn::internal::sandbox::bridge::bugs::BugzillaSearchManager,6,1,6,0,28,0,2,0,50.0,8.0,9,1,0,1.0,8,28.0,11.0,0,0,0,0,0,0,aeeem,org::eclipse::mylyn::internal::sandbox::bridge::bugs::BugzillaSearchManager,-2.0,8,2,0,140.857,15.0,17.0,0,4.0,1.875,6.0,2.125,3.0,-0.25,77.1905,5,2,0,0,4,5.87331,0.0023046,0.153404,9.21823,0.21647,True
aeeem,org::eclipse::mylyn::internal::xplanner::ui::wizard::ErrorQueryPage,2,4,1,1,28,0,1,0,28.0,8.0,21,1,0,0.0,8,12.0,8.0,0,0,0,0,0,0,aeeem,org::eclipse::mylyn::internal::xplanner::ui::wizard::ErrorQueryPage,0.0,1,1,0,6.42857,0.0,0.0,0,0.0,0.0,0.0,0.0,0.0,0.0,0.0,1,1,1,0,1,0.0,0.0,0.0,0.0,0.0,True
aeeem,org::eclipse::mylyn::internal::tasks::ui::actions::AbstractTaskEditorAction,3,1,0,3,6,0,1,0,24.0,4.0,0,0,0,0.0,2,10.0,9.0,0,0,0,0,0,0,aeeem,org::eclipse::mylyn::internal::tasks::ui::actions::AbstractTaskEditorAction,3.0,6,3,0,75.0,12.0,9.0,0,4.0,2.0,3.0,1.5,3.0,0.5,38.8929,4,3,0,0,3,4.10346,0.00146741,0.157601,9.18766,0.259133,True
aeeem,org::eclipse::mylyn::internal::bugzilla::ui::wizard::BugzillaProductPage,20,1,2,18,36,0,7,0,291.0,9.0,0,6,4,0.0,4,73.0,26.0,0,0,0,0,0,0,aeeem,org::eclipse::mylyn::internal::bugzilla::ui::wizard::BugzillaProductPage,464.0,107,3,3,164.0,1756.0,1292.0,3,302.0,16.4112,145.0,12.0748,249.0,4.33645,47.1871,75,38,4,2,47,37.7569,0.702491,0.278002,10.1683,0.532394,True
aeeem,org::eclipse::mylyn::internal::context::ui::views::QuickContextPopupDialog,12,1,6,6,630,0,7,0,326.0,36.0,0,6,11,0.0,20,108.0,61.0,0,0,0,0,0,0,aeeem,org::eclipse::mylyn::internal::context::ui::views::QuickContextPopupDialog,-113.0,21,2,1,103.571,597.0,710.0,0,446.0,28.4286,446.0,33.8095,446.0,-5.38095,5.83943,12,4,1,1,4,10.6992,0.100148,0.178146,9.3783,0.294582,True
aeeem,org::eclipse::mylyn::internal::sandbox::dev::properties::AbstractTaskPropertiesSource,6,2,1,5,3,0,9,8,49.0,3.0,22,9,0,0.0,3,30.0,17.0,0,0,0,0,0,0,aeeem,org::eclipse::mylyn::internal::sandbox::dev::properties::AbstractTaskPropertiesSource,-12.0,10,3,0,70.7143,69.0,81.0,1,49.0,6.9,66.0,8.1,4.0,-1.2,12.1718,8,3,0,0,3,5.56937,0.0395909,0.166591,9.23948,0.286989,True
aeeem,org::eclipse::mylyn::internal::wikitext::tasks::ui::WikiTextUserInteractionMonitor,1,2,1,0,1,0,0,1,18.0,2.0,17,0,0,0.0,0,7.0,6.0,0,0,0,0,0,0,aeeem,org::eclipse::mylyn::internal::wikitext::tasks::ui::WikiTextUserInteractionMonitor,0.0,1,1,0,8.0,0.0,0.0,0,0.0,0.0,0.0,0.0,0.0,0.0,0.0,1,0,0,0,0,0.0,0.0,0.0,0.0,0.0,True
aeeem,org::eclipse::mylyn::internal::tasks::ui::editors::TaskHyperlinkTextPresentationManager,5,2,1,4,3,0,1,0,18.0,3.0,18,1,0,0.0,2,9.0,5.0,0,0,0,0,0,0,aeeem,org::eclipse::mylyn::internal::tasks::ui::editors::TaskHyperlinkTextPresentationManager,-119.0,5,1,0,24.1429,23.0,142.0,0,18.0,4.6,136.0,28.4,1.0,-23.8,1.2795,3,1,1,0,3,0.891381,0.000808543,0.0891381,8.95641,0.0891381,True
aeeem,org::eclipse::mylyn::zest::tests::jface::GraphJFaceSnippet4,4,1,0,4,0,0,1,0,41.0,1.0,9,0,0,1.0,1,13.0,5.0,0,0,0,0,0,0,aeeem,org::eclipse::mylyn::zest::tests::jface::GraphJFaceSnippet4,0.0,1,1,0,80.8571,0.0,0.0,0,0.0,0.0,0.0,0.0,0.0,0.0,0.0,1,1,0,0,0,0.0,0.0,0.0,0.0,0.0,True
aeeem,org::eclipse::mylyn::internal::tasks::ui::editors::TextAttributeEditor,3,2,1,2,10,1,1,0,34.0,5.0,32,1,0,0.0,4,23.0,5.0,0,0,0,0,0,0,aeeem,org::eclipse::mylyn::internal::tasks::ui::editors::TextAttributeEditor,15.0,16,3,1,61.2857,40.0,25.0,0,9.0,2.5,7.0,1.5625,4.0,0.9375,20.9464,11,4,0,0,5,7.04123,0.00612762,0.184164,9.30937,0.361243,True
aeeem,org::eclipse::mylyn::internal::sandbox::ui::actions::ContextCapturePauseAction,4,1,1,3,28,0,2,0,35.0,8.0,0,1,0,0.0,8,25.0,10.0,0,0,0,0,0,0,aeeem,org::eclipse::mylyn::internal::sandbox::ui::actions::ContextCapturePauseAction,-11.0,8,2,0,92.0,46.0,57.0,0,30.0,5.75,40.0,7.125,3.0,-1.375,42.882,6,3,0,0,3,6.73946,0.00691384,0.168788,9.27016,0.287761,True
aeeem,org::eclipse::mylyn::internal::sandbox::ui::views::ActiveViewDelegatingDragAdapter,2,1,2,0,15,0,3,0,65.0,6.0,9,3,1,0.0,4,23.0,15.0,0,0,0,0,0,0,aeeem,org::eclipse::mylyn::internal::sandbox::ui::views::ActiveViewDelegatingDragAdapter,0.0,1,1,0,21.5714,0.0,0.0,0,0.0,0.0,0.0,0.0,0.0,0.0,0.0,1,1,0,0,0,0.0,0.0,0.0,0.0,0.0,True
aeeem,org::eclipse::mylyn::internal::wikitext::textile::core::TextileContentState,8,2,5,3,28,0,3,0,31.0,8.0,36,3,1,0.0,6,18.0,10.0,0,0,0,0,0,0,aeeem,org::eclipse::mylyn::internal::wikitext::textile::core::TextileContentState,36.0,6,2,0,32.7143,44.0,8.0,0,35.0,7.33333,5.0,1.33333,35.0,6.0,22.5682,4,4,0,0,0,1.49003,0.00221617,0.0435179,0.121386,0.116244,True
aeeem,org::eclipse::mylyn::internal::provisional::commons::soap::CommonsHttpSender,14,1,1,13,78,1,3,0,565.0,13.0,0,0,5,1.0,3,172.0,124.0,0,0,0,0,0,0,aeeem,org::eclipse::mylyn::internal::provisional::commons::soap::CommonsHttpSender,0.0,1,1,0,13.5714,0.0,0.0,0,0.0,0.0,0.0,0.0,0.0,0.0,0.0,1,1,0,0,1,0.0,0.0,0.0,0.0,0.0,True
aeeem,org::eclipse::mylyn::internal::tasks::core::AbstractSearchHandler,2,1,2,0,1,3,0,0,0.0,2.0,9,0,0,0.0,2,2.0,0.0,0,0,0,0,0,0,aeeem,org::eclipse::mylyn::internal::tasks::core::AbstractSearchHandler,7.0,4,2,0,43.8571,9.0,2.0,0,4.0,2.25,1.0,0.5,4.0,1.75,13.0159,3,1,0,0,1,3.37801,0.00130816,0.154967,9.16485,0.247924,True
aeeem,org::eclipse::mylyn::internal::tasks::ui::TaskRepositoryComparator,2,1,1,1,1,0,0,0,12.0,2.0,9,0,0,0.0,2,10.0,7.0,0,0,0,0,0,0,aeeem,org::eclipse::mylyn::internal::tasks::ui::TaskRepositoryComparator,11.0,3,2,1,31.0,12.0,1.0,0,11.0,4.0,1.0,0.333333,11.0,3.66667,5.89286,2,0,0,0,1,1.84703,0.00208724,0.136921,9.09329,0.175609,True
aeeem,org::eclipse::mylyn::internal::tasks::core::CommentQuoter,5,1,2,3,1,0,2,0,51.0,2.0,9,1,0,0.0,2,22.0,10.0,0,0,0,0,0,0,aeeem,org::eclipse::mylyn::internal::tasks::core::CommentQuoter,3.0,9,3,0,119.143,22.0,19.0,0,5.0,2.44444,6.0,2.11111,5.0,0.333333,61.0455,7,2,0,0,3,5.99636,0.00244459,0.153529,9.22107,0.215916,True
aeeem,org::eclipse::mylyn::zest::layouts::dataStructures::BendPoint,2,2,2,0,15,0,1,2,19.0,6.0,18,1,0,0.0,6,6.0,6.0,0,0,0,0,0,0,aeeem,org::eclipse::mylyn::zest::layouts::dataStructures::BendPoint,-2.0,4,1,1,144.571,16.0,18.0,1,11.0,4.0,16.0,4.5,11.0,-0.5,37.3929,2,2,0,0,0,4.18705,0.0092967,0.0100138,0.1118,0.00854531,True
aeeem,org::eclipse::mylyn::internal::trac::core::model::TracRepositoryAttribute,5,1,4,1,6,3,2,0,14.0,4.0,18,2,0,0.0,4,5.0,5.0,0,0,0,0,0,0,aeeem,org::eclipse::mylyn::internal::trac::core::model::TracRepositoryAttribute,3.0,5,2,0,39.5714,7.0,4.0,0,4.0,1.4,1.0,0.8,3.0,0.6,17.2041,3,1,0,0,2,1.84703,0.00132824,0.136921,9.09329,0.175609,True
aeeem,org::eclipse::mylyn::internal::tasks::ui::TaskRepositoryAdapterFactory,0,1,0,0,1,0,1,0,28.0,2.0,18,1,0,0.0,2,3.0,7.0,0,0,0,0,0,0,aeeem,org::eclipse::mylyn::internal::tasks::ui::TaskRepositoryAdapterFactory,3.0,12,3,0,90.1429,24.0,21.0,0,4.0,2.0,5.0,1.75,3.0,0.25,45.5595,9,0,0,0,4,8.85146,0.00501065,0.181897,9.34635,0.333876,True
aeeem,org::eclipse::mylyn::internal::wikitext::mediawiki::core::validation::MediaWikiReferenceValidationRule,1,3,0,1,0,0,0,0,3.0,1.0,14,0,0,0.0,0,2.0,1.0,0,0,0,0,0,0,aeeem,org::eclipse::mylyn::internal::wikitext::mediawiki::core::validation::MediaWikiReferenceValidationRule,0.0,1,1,0,16.4286,0.0,0.0,0,0.0,0.0,0.0,0.0,0.0,0.0,0.0,1,0,0,0,0,0.0,0.0,0.0,0.0,0.0,True
aeeem,org::eclipse::mylyn::sandbox::tests::util::PdeProject,3,1,1,2,21,0,1,0,71.0,7.0,9,1,0,0.0,7,30.0,10.0,0,0,0,0,0,0,aeeem,org::eclipse::mylyn::sandbox::tests::util::PdeProject,0.0,1,1,0,19.8571,0.0,0.0,0,0.0,0.0,0.0,0.0,0.0,0.0,0.0,1,0,0,0,0,0.0,0.0,0.0,0.0,0.0,True
aeeem,org::eclipse::mylyn::internal::bugzilla::ui::tasklist::BugzillaTaskListManager,0,1,0,0,0,0,0,0,0.0,0.0,9,0,0,0.0,0,0.0,0.0,0,0,0,0,0,0,aeeem,org::eclipse::mylyn::internal::bugzilla::ui::tasklist::BugzillaTaskListManager,0.0,3,1,0,164.0,1.0,1.0,1,1.0,0.333333,1.0,0.333333,0.0,0.0,0.0,2,1,0,0,2,1.05195,0.00209971,0.00149277,0.0247207,0.000101239,True
aeeem,org::eclipse::mylyn::internal::tasks::core::TaskRepositoryAdapter,1,1,1,0,10,2,0,0,12.0,5.0,13,0,0,0.0,5,5.0,4.0,0,0,0,0,0,0,aeeem,org::eclipse::mylyn::internal::tasks::core::TaskRepositoryAdapter,3.0,3,2,0,41.5714,5.0,2.0,0,4.0,1.66667,1.0,0.666667,3.0,1.0,18.5143,2,0,0,0,1,1.84703,0.000948744,0.136921,9.09329,0.175609,True
aeeem,org::eclipse::mylyn::internal::java::ui::actions::FilterMembersAction,2,1,0,2,10,0,1,0,41.0,5.0,0,0,1,0.0,4,14.0,9.0,0,0,0,0,0,0,aeeem,org::eclipse::mylyn::internal::java::ui::actions::FilterMembersAction,4.0,20,2,0,164.0,39.0,35.0,1,7.0,1.95,5.0,1.75,6.0,0.2,67.4102,10,4,0,0,7,12.1149,0.0284979,0.172013,9.38983,0.260127,True
aeeem,org::eclipse::mylyn::internal::context::ui::TaskStructureBridge,3,2,0,3,55,0,1,1,41.0,11.0,23,0,0,0.0,11,18.0,13.0,0,0,0,0,0,0,aeeem,org::eclipse::mylyn::internal::context::ui::TaskStructureBridge,-17.0,23,3,0,139.714,65.0,82.0,0,16.0,2.82609,13.0,3.56522,10.0,-0.73913,58.4791,16,5,0,0,8,13.3451,0.0199527,0.190635,9.45907,0.331787,True
aeeem,org::eclipse::mylyn::zest::tests::swt::NestedGraphSnippet,6,1,0,6,3,0,2,0,82.0,3.0,9,2,0,0.0,3,42.0,16.0,0,0,0,0,0,0,aeeem,org::eclipse::mylyn::zest::tests::swt::NestedGraphSnippet,-1.0,2,1,0,80.8571,0.0,1.0,0,0.0,0.0,1.0,0.5,0.0,-0.5,0.0,2,2,0,0,0,0.903836,0.000136385,0.00316207,0.0269541,0.00573197,True
aeeem,org::eclipse::mylyn::internal::wikitext::ui::editor::outline::Messages,2,1,1,1,1,0,2,0,9.0,2.0,9,2,1,0.0,1,3.0,2.0,1,0,0,0,0,1,aeeem,org::eclipse::mylyn::internal::wikitext::ui::editor::outline::Messages,0.0,1,1,0,4.0,0.0,0.0,0,0.0,0.0,0.0,0.0,0.0,0.0,0.0,1,0,0,0,0,0.0,0.0,0.0,0.0,0.0,True
aeeem,org::eclipse::mylyn::internal::wikitext::tracwiki::core::token::WikiWordReplacementToken,2,2,1,1,6,0,1,0,9.0,4.0,22,1,0,0.0,1,5.0,3.0,1,0,0,0,0,1,aeeem,org::eclipse::mylyn::internal::wikitext::tracwiki::core::token::WikiWordReplacementToken,0.0,5,1,0,24.1429,7.0,7.0,0,4.0,1.4,4.0,1.4,0.0,0.0,10.8163,3,3,0,0,0,0.0,0.0,0.0,0.0,0.0,True
aeeem,org::eclipse::mylyn::internal::bugzilla::core::BugzillaTaskAttachmentHandler,10,2,0,10,15,0,1,0,48.0,6.0,13,1,1,0.0,5,29.0,6.0,0,0,0,0,0,0,aeeem,org::eclipse::mylyn::internal::bugzilla::core::BugzillaTaskAttachmentHandler,-26.0,11,3,0,42.0,65.0,91.0,0,19.0,5.90909,37.0,8.27273,13.0,-2.36364,4.45934,7,2,0,0,6,4.15475,0.00448839,0.162734,9.19857,0.279504,True
aeeem,org::eclipse::mylyn::internal::tasks::ui::views::TaskListInterestFilter,13,2,2,11,45,0,0,0,142.0,10.0,11,0,4,0.0,5,57.0,50.0,0,0,0,0,0,0,aeeem,org::eclipse::mylyn::internal::tasks::ui::views::TaskListInterestFilter,32.0,11,3,0,43.0,74.0,42.0,0,24.0,6.72727,12.0,3.81818,12.0,2.90909,15.583,7,2,0,0,4,5.4131,0.0121604,0.207211,9.31602,0.393172,True
aeeem,org::eclipse::mylyn::internal::tasks::ui::dialogs::AbstractWorkingSetDialogCOPY,2,1,1,1,171,1,17,0,212.0,19.0,0,17,0,0.0,3,83.0,34.0,0,0,0,0,0,0,aeeem,org::eclipse::mylyn::internal::tasks::ui::dialogs::AbstractWorkingSetDialogCOPY,-19.0,2,2,0,77.5714,68.0,87.0,0,68.0,34.0,87.0,43.5,0.0,-9.5,23.1429,1,0,0,0,1,1.29038,0.011236,0.00832931,0.0470751,0.0302815,True
aeeem,org::eclipse::mylyn::internal::jira::core::html::SingleCharReader,3,1,2,1,3,1,0,0,25.0,3.0,32,0,0,0.0,3,8.0,7.0,0,0,0,0,0,0,aeeem,org::eclipse::mylyn::internal::jira::core::html::SingleCharReader,0.0,2,1,0,118.714,0.0,0.0,0,0.0,0.0,0.0,0.0,0.0,0.0,0.0,2,0,0,0,1,0.0,0.0,0.0,0.0,0.0,True
aeeem,org::eclipse::mylyn::monitor::reports::tests::FileTool,13,1,2,11,36,0,2,0,127.0,9.0,9,2,1,0.0,8,51.0,21.0,0,0,0,0,0,0,aeeem,org::eclipse::mylyn::monitor::reports::tests::FileTool,11.0,11,3,0,171.0,111.0,100.0,0,86.0,10.0909,76.0,9.09091,10.0,1.0,24.7671,6,2,0,0,3,7.71893,0.204698,0.15502,9.2585,0.213932,True
aeeem,org::eclipse::mylyn::internal::bugzilla::ui::tasklist::StackTrace,3,1,1,2,28,0,4,0,134.0,8.0,9,4,3,0.0,5,29.0,25.0,0,0,0,0,0,0,aeeem,org::eclipse::mylyn::internal::bugzilla::ui::tasklist::StackTrace,-2.0,10,3,0,164.0,87.0,89.0,1,23.0,8.7,22.0,8.9,3.0,-0.2,124.591,6,1,0,0,5,6.86328,0.0144037,0.161078,9.25516,0.245374,True
aeeem,org::eclipse::mylyn::internal::sandbox::ui::hyperlinks::ResourceHyperlinkDetector,2,1,0,2,0,0,0,0,9.0,1.0,0,0,1,0.0,0,5.0,2.0,0,0,0,0,0,0,aeeem,org::eclipse::mylyn::internal::sandbox::ui::hyperlinks::ResourceHyperlinkDetector,3.0,3,2,0,31.8571,5.0,2.0,0,4.0,1.66667,1.0,0.666667,3.0,1.0,5.31429,2,0,0,0,1,1.84703,0.00132824,0.136921,9.09329,0.175609,True
aeeem,org::eclipse::mylyn::internal::pde::ui::PdeContextLabelProvider,3,2,0,3,6,0,1,0,13.0,4.0,17,0,0,0.0,0,8.0,4.0,0,0,0,0,0,0,aeeem,org::eclipse::mylyn::internal::pde::ui::PdeContextLabelProvider,4.0,15,2,1,92.4286,34.0,30.0,0,5.0,2.26667,5.0,2.0,3.0,0.266667,45.4454,9,2,0,0,4,6.9016,0.00453105,0.175566,9.2879,0.320241,True
aeeem,org::eclipse::mylyn::zest::core::widgets::internal::CachedLabel,3,1,0,3,78,1,4,4,127.0,13.0,66,0,2,4.0,8,83.0,33.0,0,0,0,0,0,0,aeeem,org::eclipse::mylyn::zest::core::widgets::internal::CachedLabel,26.0,4,1,0,103.714,29.0,3.0,1,20.0,7.25,2.0,0.75,18.0,6.5,15.5517,2,2,0,0,0,2.73589,0.00461495,0.0081541,0.0778647,0.01058,True
aeeem,org::eclipse::mylyn::internal::commons::ui::CommonsUiPlugin,2,1,2,0,3,0,2,0,11.0,3.0,0,1,0,0.0,3,5.0,3.0,0,0,0,0,0,0,aeeem,org::eclipse::mylyn::internal::commons::ui::CommonsUiPlugin,3.0,3,2,0,43.0,5.0,2.0,0,4.0,1.66667,1.0,0.666667,3.0,1.0,18.7714,3,0,0,0,1,1.84703,0.000948744,0.136921,9.09329,0.175609,True
aeeem,org::eclipse::mylyn::internal::trac::ui::editor::TracTaskEditorPageFactory,8,2,0,8,15,0,0,4,33.0,6.0,17,0,0,0.0,6,23.0,11.0,0,0,0,0,0,0,aeeem,org::eclipse::mylyn::internal::trac::ui::editor::TracTaskEditorPageFactory,3.0,6,2,0,39.5714,9.0,6.0,0,4.0,1.5,2.0,1.0,3.0,0.5,16.3492,4,2,0,0,2,3.26838,0.00178199,0.155894,9.16383,0.24972,True
aeeem,org::eclipse::mylyn::wikitext::core::parser::markup::token::ImpliedHyperlinkReplacementToken,6,2,5,1,6,0,0,0,11.0,4.0,22,0,0,0.0,1,5.0,3.0,0,0,0,0,0,0,aeeem,org::eclipse::mylyn::wikitext::core::parser::markup::token::ImpliedHyperlinkReplacementToken,6.0,9,2,1,32.7143,16.0,10.0,0,5.0,1.77778,3.0,1.11111,4.0,0.666667,21.2054,5,4,0,0,0,1.49003,0.00102285,0.0435179,0.121386,0.116244,True
aeeem,org::eclipse::mylyn::internal::context::ui::InterestDecoratorLightweight,9,1,0,9,15,0,0,0,55.0,6.0,9,0,0,0.0,6,26.0,20.0,0,0,0,0,0,0,aeeem,org::eclipse::mylyn::internal::context::ui::InterestDecoratorLightweight,14.0,25,2,0,139.714,81.0,67.0,2,20.0,3.24,16.0,2.68,5.0,0.56,63.5961,19,8,0,0,15,18.2964,0.0223304,0.215246,9.62294,0.408346,True
aeeem,org::eclipse::mylyn::wikitext::core::parser::markup::block::GlossaryBlock,7,3,1,6,6,1,2,4,37.0,4.0,43,1,0,0.0,4,20.0,8.0,0,0,0,0,0,0,aeeem,org::eclipse::mylyn::wikitext::core::parser::markup::block::GlossaryBlock,22.0,5,2,1,32.7143,31.0,9.0,0,22.0,6.2,7.0,1.8,22.0,4.4,17.2903,3,3,0,0,0,1.49003,0.00238664,0.0435179,0.121386,0.116244,True
aeeem,org::eclipse::mylyn::internal::tasks::ui::commands::MaximizePartHandler,1,1,0,1,0,0,0,0,20.0,1.0,0,0,0,0.0,1,7.0,5.0,0,0,0,0,0,0,aeeem,org::eclipse::mylyn::internal::tasks::ui::commands::MaximizePartHandler,2.0,5,2,0,34.0,6.0,4.0,0,5.0,1.2,2.0,0.8,3.0,0.4,7.45238,2,0,0,0,2,2.92733,0.00224266,0.156639,9.15676,0.244411,True
aeeem,org::eclipse::mylyn::internal::context::core::CompositeInteractionContext,9,1,5,4,136,0,4,0,106.0,17.0,21,1,0,1.0,17,68.0,23.0,0,0,0,0,0,0,aeeem,org::eclipse::mylyn::internal::context::core::CompositeInteractionContext,32.0,11,2,0,94.2857,65.0,33.0,1,15.0,5.90909,10.0,3.0,11.0,2.90909,26.7099,10,4,0,0,3,8.68041,0.0148548,0.170802,9.31877,0.276511,True
aeeem,org::eclipse::mylyn::internal::tasks::ui::editors::MultiSelectionAttributeEditor,3,2,1,2,15,0,2,0,64.0,6.0,32,2,1,0.0,5,42.0,11.0,0,0,0,0,0,0,aeeem,org::eclipse::mylyn::internal::tasks::ui::editors::MultiSelectionAttributeEditor,5.0,13,2,0,61.2857,23.0,18.0,0,4.0,1.76923,3.0,1.38462,3.0,0.384615,20.5776,10,3,0,0,7,6.89909,0.00365162,0.180627,9.29908,0.345312,True
aeeem,org::eclipse::mylyn::internal::tasks::ui::editors::Messages,0,1,0,0,0,0,128,0,3.0,1.0,0,1,0,127.0,1,2.0,1.0,1,1,0,0,0,1,aeeem,org::eclipse::mylyn::internal::tasks::ui::editors::Messages,-22.0,7,2,1,14.5714,16.0,38.0,0,8.0,2.28571,16.0,5.42857,8.0,-3.14286,1.80357,5,2,0,0,0,0.0,0.0,0.0,0.0,0.0,True
aeeem,org::eclipse::mylyn::internal::wikitext::ui::editor::MarkupEditor,47,1,15,35,903,0,29,0,822.0,43.0,1,25,15,0.0,20,354.0,133.0,4,0,0,0,0,1,aeeem,org::eclipse::mylyn::internal::wikitext::ui::editor::MarkupEditor,535.0,28,2,3,32.7143,717.0,182.0,0,303.0,25.6071,59.0,6.5,288.0,19.1071,21.2704,21,12,1,0,0,2.38141,0.0268145,0.132656,9.07779,0.205382,True
aeeem,org::eclipse::mylyn::wikitext::core::parser::markup::phrase::HtmlCommentPhraseModifier,1,2,1,0,6,0,0,0,9.0,4.0,22,0,0,0.0,1,5.0,3.0,0,0,0,0,0,0,aeeem,org::eclipse::mylyn::wikitext::core::parser::markup::phrase::HtmlCommentPhraseModifier,1.0,6,2,1,32.7143,6.0,5.0,0,2.0,1.0,2.0,0.833333,1.0,0.166667,14.2619,4,4,0,0,0,1.49003,0.000681897,0.0435179,0.121386,0.116244,True
aeeem,org::eclipse::mylyn::internal::bugzilla::core::BugzillaReportSubmitForm,10,1,1,9,153,0,25,0,345.0,18.0,9,19,8,1.0,10,119.0,100.0,0,0,0,0,0,0,aeeem,org::eclipse::mylyn::internal::bugzilla::core::BugzillaReportSubmitForm,98.0,63,2,0,162.429,1157.0,1059.0,0,294.0,18.3651,191.0,16.8095,103.0,1.55556,22.5494,41,24,10,5,29,15.0013,0.767101,0.0258572,0.36911,0.00573196,True
aeeem,org::eclipse::mylyn::internal::jira::core::wsdl::beans::RemoteField,1,3,0,1,15,0,3,0,38.0,6.0,52,3,0,0.0,6,10.0,11.0,0,0,0,0,0,0,aeeem,org::eclipse::mylyn::internal::jira::core::wsdl::beans::RemoteField,-6.0,9,2,0,110.714,97.0,103.0,0,69.0,10.7778,75.0,11.4444,7.0,-0.666667,28.3461,7,4,1,1,5,5.94514,0.00760282,0.153982,9.22122,0.218565,True
aeeem,org::eclipse::mylyn::internal::jira::core::model::JiraWorkLog,3,1,3,0,210,0,11,0,62.0,21.0,18,11,0,0.0,21,21.0,21.0,1,1,0,0,0,1,aeeem,org::eclipse::mylyn::internal::jira::core::model::JiraWorkLog,3.0,2,1,0,15.7143,3.0,0.0,0,3.0,1.5,0.0,0.0,3.0,1.5,13.0,2,0,0,0,2,0.0,0.0,0.0,0.0,0.0,True
aeeem,org::eclipse::mylyn::internal::jira::core::Messages,0,1,0,0,0,0,51,0,3.0,1.0,0,1,0,50.0,1,2.0,1.0,2,1,0,0,0,1,aeeem,org::eclipse::mylyn::internal::jira::core::Messages,16.0,3,1,0,14.8571,18.0,2.0,0,18.0,6.0,2.0,0.666667,18.0,5.33333,1.14286,3,2,0,0,1,0.0,0.0,0.0,0.0,0.0,True
aeeem,org::eclipse::mylyn::internal::wikitext::tracwiki::core::token::SourceLinkReplacementToken,1,2,1,0,6,0,0,0,9.0,4.0,22,0,0,0.0,1,5.0,3.0,0,0,0,0,0,0,aeeem,org::eclipse::mylyn::internal::wikitext::tracwiki::core::token::SourceLinkReplacementToken,0.0,1,1,0,7.14286,0.0,0.0,0,0.0,0.0,0.0,0.0,0.0,0.0,0.0,1,0,0,0,0,0.0,0.0,0.0,0.0,0.0,True
aeeem,org::eclipse::mylyn::internal::trac::ui::wizard::TracQueryPage,24,3,3,21,231,0,20,0,322.0,22.0,14,17,6,0.0,11,136.0,39.0,1,1,0,0,0,1,aeeem,org::eclipse::mylyn::internal::trac::ui::wizard::TracQueryPage,1.0,7,2,0,39.5714,52.0,51.0,0,37.0,7.42857,43.0,7.28571,4.0,0.142857,21.5687,5,2,0,0,2,3.30805,0.00238983,0.155299,9.16371,0.247979,True
aeeem,org::eclipse::mylyn::internal::tasks::ui::editors::RepositoryTextViewerConfiguration,11,1,4,7,91,0,6,0,107.0,14.0,0,6,2,0.0,11,43.0,28.0,0,0,0,0,0,0,aeeem,org::eclipse::mylyn::internal::tasks::ui::editors::RepositoryTextViewerConfiguration,-21.0,25,3,0,53.7143,163.0,184.0,0,45.0,6.52,88.0,7.36,35.0,-0.84,21.9334,17,7,1,0,8,6.84283,0.00859321,0.182271,9.30101,0.354137,True
aeeem,org::eclipse::mylyn::internal::jira::core::model::IssueField,8,1,7,1,6,1,3,0,13.0,4.0,18,3,0,0.0,4,6.0,4.0,0,0,0,0,0,0,aeeem,org::eclipse::mylyn::internal::jira::core::model::IssueField,0.0,2,1,0,23.2857,1.0,1.0,0,1.0,0.5,1.0,0.5,0.0,0.0,8.42857,2,0,0,0,1,0.0,0.0,0.0,0.0,0.0,True
aeeem,org::eclipse::mylyn::tasks::core::data::TaskDataModel,43,1,34,9,120,0,5,0,96.0,16.0,9,5,0,0.0,16,56.0,21.0,1,1,0,0,0,1,aeeem,org::eclipse::mylyn::tasks::core::data::TaskDataModel,52.0,20,2,0,46.5714,117.0,65.0,0,29.0,5.85,14.0,3.25,20.0,2.6,3.80952,13,6,0,0,11,7.56208,0.0120368,0.214029,9.37895,0.457654,True
aeeem,org::eclipse::mylyn::internal::tasks::ui::views::PriorityDropDownAction,1,1,1,0,6,0,7,0,22.0,4.0,0,7,0,0.0,4,9.0,5.0,0,0,0,0,0,0,aeeem,org::eclipse::mylyn::internal::tasks::ui::views::PriorityDropDownAction,-12.0,20,3,0,120.714,92.0,104.0,0,17.0,4.6,19.0,5.2,3.0,-0.6,46.7904,13,6,0,0,7,11.1126,0.0136446,0.174689,9.37746,0.270626,True
aeeem,org::eclipse::mylyn::internal::wikitext::textile::core::block::ListBlock,10,3,1,9,28,0,5,4,106.0,8.0,43,4,4,0.0,4,60.0,24.0,0,0,0,0,0,0,aeeem,org::eclipse::mylyn::internal::wikitext::textile::core::block::ListBlock,2.0,5,2,0,32.7143,22.0,20.0,0,18.0,4.4,16.0,4.0,2.0,0.4,5.07143,4,4,0,0,0,1.49003,0.00579613,0.0435179,0.121386,0.116244,True
aeeem,org::eclipse::mylyn::internal::tasks::ui::TaskRepositoryLocationUi,6,3,1,5,3,0,1,1,41.0,3.0,18,1,1,0.0,2,18.0,10.0,0,0,0,0,0,0,aeeem,org::eclipse::mylyn::internal::tasks::ui::TaskRepositoryLocationUi,38.0,19,3,0,72.5714,141.0,103.0,0,43.0,7.42105,26.0,5.42105,17.0,2.0,16.6768,13,6,0,0,6,13.1929,0.0511685,0.254105,9.59267,0.564809,True
aeeem,org::eclipse::mylyn::internal::wikitext::textile::core::phrase::ImageTextilePhraseModifier,3,2,1,2,6,0,3,0,12.0,4.0,22,0,0,0.0,1,6.0,3.0,0,0,0,0,0,0,aeeem,org::eclipse::mylyn::internal::wikitext::textile::core::phrase::ImageTextilePhraseModifier,-2.0,5,2,0,32.7143,22.0,24.0,0,14.0,4.4,16.0,4.8,0.0,-0.4,7.08441,4,4,1,0,0,1.49003,0.00511423,0.0435179,0.121386,0.116244,True
aeeem,org::eclipse::mylyn::internal::wikitext::mediawiki::core::phrase::SimpleWrappedPhraseModifier,3,2,1,3,15,1,5,0,22.0,6.0,22,4,0,0.0,1,10.0,6.0,0,0,0,0,0,0,aeeem,org::eclipse::mylyn::internal::wikitext::mediawiki::core::phrase::SimpleWrappedPhraseModifier,2.0,5,2,0,32.7143,22.0,20.0,0,16.0,4.4,13.0,4.0,3.0,0.4,2.72078,4,4,0,0,0,1.49003,0.00630755,0.0435179,0.121386,0.116244,True
aeeem,org::eclipse::mylyn::internal::tasks::ui::editors::EditorUtil,29,1,18,12,325,0,7,0,273.0,26.0,9,0,4,0.0,17,135.0,77.0,3,1,1,0,1,1,aeeem,org::eclipse::mylyn::internal::tasks::ui::editors::EditorUtil,362.0,25,2,0,61.2857,485.0,123.0,0,143.0,19.4,83.0,4.92,143.0,14.48,27.2592,20,10,0,0,10,8.69116,0.0294668,0.243953,9.4652,0.531914,True
aeeem,org::eclipse::mylyn::internal::wikitext::twiki::core::validation::ListWhitespaceValidationRule,6,2,1,5,3,0,1,0,33.0,3.0,11,1,1,0.0,2,22.0,13.0,0,0,0,0,0,0,aeeem,org::eclipse::mylyn::internal::wikitext::twiki::core::validation::ListWhitespaceValidationRule,2.0,3,1,0,23.5714,17.0,15.0,0,14.0,5.66667,12.0,5.0,2.0,0.666667,1.12605,2,1,0,0,0,0.0,0.0,0.0,0.0,0.0,True
aeeem,org::eclipse::mylyn::xplanner::wsdl::db::QueryException,0,1,0,0,21,0,3,0,43.0,7.0,9,3,0,0.0,7,10.0,12.0,0,0,0,0,0,0,aeeem,org::eclipse::mylyn::xplanner::wsdl::db::QueryException,3.0,5,2,0,93.7143,83.0,80.0,0,79.0,16.6,76.0,16.0,3.0,0.6,38.1807,3,0,0,0,2,5.0865,0.0133173,0.0243064,0.166306,0.0705823,True
aeeem,org::eclipse::mylyn::internal::trac::core::client::TracLoginException,0,2,0,0,0,0,1,0,3.0,1.0,26,1,0,0.0,1,1.0,1.0,0,0,0,0,0,0,aeeem,org::eclipse::mylyn::internal::trac::core::client::TracLoginException,3.0,4,2,0,39.5714,6.0,3.0,0,4.0,1.5,1.0,0.75,3.0,0.75,15.9524,2,1,0,0,2,1.84703,0.00132824,0.136921,9.09329,0.175609,True
aeeem,org::eclipse::mylyn::internal::sandbox::bridge::bugs::MylynBugsManager,5,1,3,2,15,0,4,0,38.0,6.0,9,3,0,1.0,6,11.0,7.0,0,0,0,0,0,0,aeeem,org::eclipse::mylyn::internal::sandbox::bridge::bugs::MylynBugsManager,4.0,4,2,0,88.0,7.0,3.0,0,5.0,1.75,2.0,0.75,4.0,1.0,55.0612,4,1,0,0,3,3.24474,0.00141865,0.148128,9.14866,0.21996,True
aeeem,org::eclipse::mylyn::internal::tasks::ui::notifications::TaskDiffUtil,8,1,3,5,28,0,2,0,130.0,8.0,9,2,1,0.0,7,48.0,31.0,1,1,0,0,0,1,aeeem,org::eclipse::mylyn::internal::tasks::ui::notifications::TaskDiffUtil,2.0,5,2,1,41.1429,25.0,23.0,0,18.0,5.0,18.0,4.6,3.0,0.4,23.9657,5,1,0,0,2,0.95565,0.000581225,0.0477825,0.136886,0.0864707,True
aeeem,org::eclipse::mylyn::internal::wikitext::ui::viewer::annotation::ImageDrawingStrategy,2,1,1,1,1,0,1,0,45.0,2.0,9,1,0,0.0,2,8.0,8.0,0,0,0,0,0,0,aeeem,org::eclipse::mylyn::internal::wikitext::ui::viewer::annotation::ImageDrawingStrategy,16.0,2,1,0,24.7143,17.0,1.0,0,17.0,8.5,1.0,0.5,16.0,8.0,0.142857,2,1,1,0,0,0.891381,0.00132307,0.0891381,8.95641,0.0891381,True
aeeem,org::eclipse::mylyn::internal::trac::core::model::TracMilestone,3,2,3,0,21,0,4,0,21.0,7.0,31,4,0,0.0,7,7.0,7.0,0,0,0,0,0,0,aeeem,org::eclipse::mylyn::internal::trac::core::model::TracMilestone,3.0,8,2,0,133.0,10.0,7.0,0,4.0,1.25,1.0,0.875,3.0,0.375,87.8,5,3,0,0,4,4.78742,0.00187327,0.159161,9.20494,0.253355,True
aeeem,org::eclipse::mylyn::internal::team::ui::actions::CommitContextAction,1,1,0,1,3,0,0,0,28.0,3.0,9,0,0,0.0,3,10.0,6.0,0,0,0,0,0,0,aeeem,org::eclipse::mylyn::internal::team::ui::actions::CommitContextAction,-9.0,10,2,0,139.286,39.0,48.0,0,21.0,3.9,31.0,4.8,3.0,-0.9,36.2344,5,3,1,1,2,7.87707,0.0298297,0.151689,9.25543,0.188742,True
aeeem,org::eclipse::mylyn::internal::tasks::ui::util::TreeWalker,5,1,2,3,45,0,4,0,130.0,10.0,9,4,4,0.0,6,45.0,33.0,0,0,0,0,0,0,aeeem,org::eclipse::mylyn::internal::tasks::ui::util::TreeWalker,13.0,4,2,0,56.2857,17.0,4.0,0,13.0,4.25,3.0,1.0,10.0,3.25,50.1933,4,3,1,0,3,0.891381,0.000367519,0.0891381,8.95641,0.0891381,True
aeeem,org::eclipse::mylyn::internal::trac::ui::TracUiPlugin,6,1,1,5,6,0,2,0,19.0,4.0,0,1,0,0.0,4,18.0,4.0,0,0,0,0,0,0,aeeem,org::eclipse::mylyn::internal::trac::ui::TracUiPlugin,-49.0,22,2,0,133.0,46.0,95.0,2,6.0,2.09091,42.0,4.31818,4.0,-2.22727,54.5248,16,9,0,0,11,17.0173,0.0432654,0.20279,9.56557,0.353508,True
aeeem,org::eclipse::mylyn::internal::tasks::core::TaskList,101,1,81,20,990,0,12,0,519.0,45.0,30,12,8,0.0,37,321.0,105.0,0,0,0,0,0,0,aeeem,org::eclipse::mylyn::internal::tasks::core::TaskList,-674.0,48,3,0,48.0,860.0,1534.0,1,405.0,17.9167,1119.0,31.9583,35.0,-14.0417,2.47824,27,13,2,1,17,8.8911,0.132116,0.244163,9.47083,0.537165,True
aeeem,org::eclipse::mylyn::internal::tasks::bugs::wizards::ReportErrorPage,5,1,1,4,10,0,3,0,74.0,5.0,0,2,0,0.0,5,16.0,6.0,2,1,0,0,0,1,aeeem,org::eclipse::mylyn::internal::tasks::bugs::wizards::ReportErrorPage,85.0,10,2,0,42.8571,148.0,63.0,0,79.0,14.8,16.0,6.3,69.0,8.5,7.17761,8,2,0,0,2,4.15475,0.00970506,0.162734,9.19857,0.279504,True
aeeem,org::eclipse::mylyn::internal::jira::ui::editor::WorkLogTableLabelProvider,4,1,1,3,3,0,1,0,22.0,3.0,0,1,0,0.0,3,11.0,7.0,1,1,0,0,0,1,aeeem,org::eclipse::mylyn::internal::jira::ui::editor::WorkLogTableLabelProvider,0.0,3,1,0,15.7143,2.0,2.0,0,1.0,0.666667,1.0,0.666667,0.0,0.0,7.57143,3,1,0,0,3,0.0,0.0,0.0,0.0,0.0,True
aeeem,org::eclipse::mylyn::tasks::ui::editors::AbstractTaskEditorExtension,1,1,1,0,3,1,1,0,0.0,3.0,9,0,0,0.0,3,3.0,0.0,0,0,0,0,0,0,aeeem,org::eclipse::mylyn::tasks::ui::editors::AbstractTaskEditorExtension,0.0,2,1,0,21.5714,1.0,1.0,0,1.0,0.5,1.0,0.5,0.0,0.0,7.0,2,1,0,0,1,0.0,0.0,0.0,0.0,0.0,True
aeeem,org::eclipse::mylyn::internal::wikitext::ui::util::css::editor::Colors,0,1,0,0,0,0,11,0,0.0,0.0,9,0,0,0.0,0,0.0,0.0,0,0,0,0,0,0,aeeem,org::eclipse::mylyn::internal::wikitext::ui::util::css::editor::Colors,0.0,1,1,0,6.42857,0.0,0.0,0,0.0,0.0,0.0,0.0,0.0,0.0,0.0,1,0,0,0,0,0.0,0.0,0.0,0.0,0.0,True
aeeem,org::eclipse::mylyn::internal::wikitext::ui::editor::syntax::Messages,3,1,2,1,1,0,2,0,9.0,2.0,9,2,1,0.0,1,3.0,2.0,1,0,0,0,0,1,aeeem,org::eclipse::mylyn::internal::wikitext::ui::editor::syntax::Messages,0.0,2,1,0,19.8571,1.0,1.0,0,1.0,0.5,1.0,0.5,0.0,0.0,2.0,1,1,0,0,0,0.0,0.0,0.0,0.0,0.0,True
aeeem,org::eclipse::mylyn::internal::xplanner::ui::XPlannerTaskListMigrator,17,2,3,14,153,0,13,3,132.0,18.0,14,10,0,0.0,18,84.0,45.0,1,1,0,0,0,1,aeeem,org::eclipse::mylyn::internal::xplanner::ui::XPlannerTaskListMigrator,0.0,1,1,0,6.42857,0.0,0.0,0,0.0,0.0,0.0,0.0,0.0,0.0,0.0,1,1,1,0,1,0.0,0.0,0.0,0.0,0.0,True
aeeem,org::eclipse::mylyn::internal::tasks::ui::deprecated::TaskFactory,9,1,1,8,6,0,7,0,95.0,4.0,9,7,2,0.0,2,40.0,22.0,0,0,0,0,0,0,aeeem,org::eclipse::mylyn::internal::tasks::ui::deprecated::TaskFactory,3.0,9,2,0,45.2857,23.0,20.0,0,9.0,2.55556,8.0,2.22222,4.0,0.333333,4.26087,4,2,0,0,4,4.81344,0.00522551,0.170646,9.22957,0.309565,True
aeeem,org::eclipse::mylyn::internal::trac::ui::Messages,0,1,0,0,0,0,6,0,3.0,1.0,0,1,0,5.0,1,2.0,1.0,0,0,0,0,0,0,aeeem,org::eclipse::mylyn::internal::trac::ui::Messages,0.0,1,1,0,14.8571,0.0,0.0,0,0.0,0.0,0.0,0.0,0.0,0.0,0.0,1,0,0,0,0,0.0,0.0,0.0,0.0,0.0,True
aeeem,org::eclipse::mylyn::internal::trac::core::TracAttributeMapper,6,2,2,4,10,0,3,0,27.0,5.0,41,0,0,0.0,5,17.0,13.0,0,0,0,0,0,0,aeeem,org::eclipse::mylyn::internal::trac::core::TracAttributeMapper,-18.0,7,2,0,39.5714,19.0,37.0,0,7.0,2.71429,28.0,5.28571,4.0,-2.57143,9.61654,5,3,0,0,2,3.26838,0.01063,0.155894,9.16383,0.24972,True
aeeem,org::eclipse::mylyn::wikitext::ui::viewer::Messages,2,1,1,1,1,0,2,0,9.0,2.0,9,2,1,0.0,1,3.0,2.0,1,0,0,0,0,1,aeeem,org::eclipse::mylyn::wikitext::ui::viewer::Messages,0.0,2,1,0,19.8571,1.0,1.0,0,1.0,0.5,1.0,0.5,0.0,0.0,2.0,1,1,0,0,0,0.0,0.0,0.0,0.0,0.0,True
aeeem,org::eclipse::mylyn::internal::wikitext::twiki::core::validation::TWikiReferenceValidationRule,1,3,0,1,0,0,0,0,3.0,1.0,14,0,0,0.0,0,2.0,1.0,0,0,0,0,0,0,aeeem,org::eclipse::mylyn::internal::wikitext::twiki::core::validation::TWikiReferenceValidationRule,0.0,2,1,0,16.4286,1.0,1.0,0,1.0,0.5,1.0,0.5,0.0,0.0,1.71429,2,1,0,0,0,0.0,0.0,0.0,0.0,0.0,True
aeeem,org::eclipse::mylyn::internal::web::ui::BrowserTracker,3,2,1,2,21,0,1,1,31.0,7.0,17,1,0,0.0,6,10.0,9.0,0,0,0,0,0,0,aeeem,org::eclipse::mylyn::internal::web::ui::BrowserTracker,-15.0,6,2,0,92.4286,9.0,24.0,0,4.0,1.5,15.0,4.0,3.0,-2.5,39.5714,4,2,0,0,3,3.7967,0.00321708,0.142828,9.14904,0.183565,True
aeeem,org::eclipse::mylyn::internal::context::core::InteractionContext,38,1,31,10,300,0,10,0,218.0,25.0,21,5,3,1.0,21,124.0,64.0,0,0,0,0,0,0,aeeem,org::eclipse::mylyn::internal::context::core::InteractionContext,45.0,24,3,0,94.2857,138.0,93.0,1,25.0,5.75,29.0,3.875,11.0,1.875,36.6667,15,7,1,0,4,12.804,0.0426806,0.197448,9.46786,0.369987,True
aeeem,org::eclipse::mylyn::internal::tasks::core::SaxRepositoriesWriter,10,1,1,9,1,0,1,0,21.0,2.0,9,1,0,0.0,2,14.0,3.0,0,0,0,0,0,0,aeeem,org::eclipse::mylyn::internal::tasks::core::SaxRepositoriesWriter,13.0,15,2,0,139.143,57.0,44.0,2,12.0,3.8,12.0,2.93333,5.0,0.866667,81.5263,13,4,1,1,9,11.108,0.00613469,0.192487,9.41768,0.363299,True
aeeem,org::eclipse::mylyn::internal::java::ui::actions::Messages,0,1,0,0,0,0,2,0,3.0,1.0,0,1,0,1.0,1,2.0,1.0,0,0,0,0,0,0,aeeem,org::eclipse::mylyn::internal::java::ui::actions::Messages,0.0,1,1,0,14.8571,0.0,0.0,0,0.0,0.0,0.0,0.0,0.0,0.0,0.0,1,0,0,0,0,0.0,0.0,0.0,0.0,0.0,True
aeeem,org::eclipse::mylyn::internal::tasks::ui::TaskEditorBloatMonitor,6,3,1,5,6,0,1,0,47.0,4.0,24,1,0,0.0,3,22.0,13.0,1,0,0,0,1,1,aeeem,org::eclipse::mylyn::internal::tasks::ui::TaskEditorBloatMonitor,9.0,7,2,0,64.8571,17.0,8.0,0,11.0,2.42857,5.0,1.14286,11.0,1.28571,31.7899,5,1,0,0,4,7.20108,0.00370003,0.173874,9.29306,0.31226,True
aeeem,org::eclipse::mylyn::tasks::core::AbstractTaskListMigrator,1,1,1,0,10,5,3,0,0.0,5.0,9,0,0,0.0,5,5.0,0.0,0,0,0,0,0,0,aeeem,org::eclipse::mylyn::tasks::core::AbstractTaskListMigrator,9.0,6,2,0,43.7143,14.0,5.0,0,4.0,2.33333,3.0,0.833333,4.0,1.5,14.102,4,1,0,0,3,3.4091,0.0013986,0.153414,9.16273,0.242476,True
aeeem,org::eclipse::mylyn::internal::bugzilla::ui::tasklist::BugzillaCustomQueryWizardPage,4,3,1,3,15,0,7,0,57.0,6.0,14,7,0,0.0,6,20.0,9.0,0,0,0,0,0,0,aeeem,org::eclipse::mylyn::internal::bugzilla::ui::tasklist::BugzillaCustomQueryWizardPage,1.0,37,3,0,152.714,154.0,153.0,0,45.0,4.16216,52.0,4.13513,9.0,0.027027,73.936,31,16,0,0,18,20.3292,0.0626741,0.201024,9.62892,0.320941,True
aeeem,org::eclipse::mylyn::internal::wikitext::confluence::core::block::ExtendedQuoteBlock,7,5,1,7,15,0,3,5,79.0,6.0,53,3,0,0.0,1,36.0,23.0,0,0,0,0,0,0,aeeem,org::eclipse::mylyn::internal::wikitext::confluence::core::block::ExtendedQuoteBlock,16.0,6,2,1,32.7143,91.0,75.0,0,40.0,15.1667,62.0,12.5,39.0,2.66667,11.3124,4,4,0,0,0,1.49003,0.0206274,0.0435179,0.121386,0.116244,True
aeeem,org::eclipse::mylyn::context::core::AbstractContextStructureBridge,52,1,52,0,91,12,1,0,9.0,14.0,9,0,0,0.0,14,14.0,3.0,0,0,0,0,0,0,aeeem,org::eclipse::mylyn::context::core::AbstractContextStructureBridge,-26.0,14,2,0,120.429,50.0,76.0,0,13.0,3.57143,24.0,5.42857,7.0,-1.85714,36.46,12,4,0,0,8,10.0513,0.0111325,0.167436,9.34078,0.242297,True
aeeem,org::eclipse::mylyn::internal::bugzilla::ui::tasklist::BugzillaTaskAttachmentPage,10,2,1,9,6,0,4,0,126.0,4.0,6,4,1,0.0,3,53.0,8.0,0,0,0,0,0,0,aeeem,org::eclipse::mylyn::internal::bugzilla::ui::tasklist::BugzillaTaskAttachmentPage,0.0,3,1,0,13.5714,19.0,19.0,0,15.0,6.33333,15.0,6.33333,0.0,0.0,0.451128,2,0,0,0,2,0.0,0.0,0.0,0.0,0.0,True
aeeem,org::eclipse::mylyn::wikitext::tracwiki::core::Main,2,2,0,2,3,0,0,0,12.0,3.0,12,0,0,0.0,2,7.0,2.0,0,0,0,0,0,0,aeeem,org::eclipse::mylyn::wikitext::tracwiki::core::Main,0.0,1,1,0,4.85714,0.0,0.0,0,0.0,0.0,0.0,0.0,0.0,0.0,0.0,1,1,1,0,0,0.0,0.0,0.0,0.0,0.0,True
aeeem,org::eclipse::mylyn::zest::layouts::algorithms::VerticalLayoutAlgorithm,0,3,0,0,3,0,0,19,17.0,3.0,76,0,0,0.0,1,3.0,11.0,0,0,0,0,0,0,aeeem,org::eclipse::mylyn::zest::layouts::algorithms::VerticalLayoutAlgorithm,15.0,4,2,1,184.857,18.0,3.0,1,12.0,4.5,2.0,0.75,11.0,3.75,30.9048,1,1,0,0,0,4.37354,0.0842505,0.00817115,0.108897,0.00532871,True
aeeem,org::eclipse::mylyn::context::tests::support::DomContextWriter,17,1,1,16,28,0,5,0,108.0,8.0,11,5,3,0.0,5,71.0,12.0,0,0,0,0,0,0,aeeem,org::eclipse::mylyn::context::tests::support::DomContextWriter,30.0,19,2,0,131.714,84.0,54.0,3,22.0,4.42105,11.0,2.84211,12.0,1.57895,79.3333,13,3,1,0,8,12.7082,0.0131735,0.195111,9.45757,0.358755,True
aeeem,org::eclipse::mylyn::internal::tasks::ui::search::SearchResultContentProvider,1,1,1,0,10,1,2,0,11.0,5.0,9,0,0,0.0,4,6.0,4.0,0,0,0,0,0,0,aeeem,org::eclipse::mylyn::internal::tasks::ui::search::SearchResultContentProvider,-1.0,9,3,0,135.429,12.0,13.0,0,4.0,1.33333,4.0,1.44444,3.0,-0.111111,74.0595,7,3,0,0,3,8.24459,0.0031186,0.165206,9.29513,0.252925,True
aeeem,org::eclipse::mylyn::monitor::usage::AbstractStudyQuestionnairePage,1,1,1,0,1,1,0,0,3.0,2.0,0,0,0,0.0,2,2.0,1.0,0,0,0,0,0,0,aeeem,org::eclipse::mylyn::monitor::usage::AbstractStudyQuestionnairePage,0.0,5,2,0,90.7143,7.0,7.0,0,4.0,1.4,4.0,1.4,3.0,0.0,48.5102,3,1,0,0,2,3.17351,0.0011903,0.140881,9.13106,0.180758,True
aeeem,org::eclipse::mylyn::internal::wikitext::mediawiki::core::block::TableBlock,11,3,1,10,28,0,10,4,199.0,8.0,43,10,4,0.0,4,124.0,57.0,1,0,0,0,0,1,aeeem,org::eclipse::mylyn::internal::wikitext::mediawiki::core::block::TableBlock,6.0,3,2,0,32.7143,58.0,52.0,0,37.0,19.3333,37.0,17.3333,6.0,2.0,8.82266,3,3,0,0,0,1.49003,0.00613708,0.0435179,0.121386,0.116244,True
aeeem,org::eclipse::mylyn::internal::tasks::ui::editors::TaskEditorPeoplePart,5,2,0,5,3,0,1,1,31.0,3.0,19,1,1,0.0,2,21.0,4.0,1,1,0,0,0,1,aeeem,org::eclipse::mylyn::internal::tasks::ui::editors::TaskEditorPeoplePart,-242.0,16,3,1,61.2857,103.0,345.0,0,27.0,6.4375,280.0,21.5625,11.0,-15.125,10.172,10,4,0,0,6,9.05387,0.0469565,0.195868,9.38007,0.400983,True
aeeem,org::eclipse::mylyn::internal::wikitext::textile::core::block::TextileGlossaryBlock,6,4,1,5,3,0,2,5,29.0,3.0,47,1,0,0.0,3,13.0,8.0,0,0,0,0,0,0,aeeem,org::eclipse::mylyn::internal::wikitext::textile::core::block::TextileGlossaryBlock,0.0,3,2,0,32.7143,9.0,9.0,0,5.0,3.0,5.0,3.0,0.0,0.0,6.66667,3,3,0,0,0,1.49003,0.00170474,0.0435179,0.121386,0.116244,True
aeeem,org::eclipse::mylyn::zest::core::widgets::internal::XYScaledGraphics,6,1,1,5,1081,0,18,1,206.0,47.0,10,15,2,2.0,42,145.0,59.0,0,0,0,0,0,0,aeeem,org::eclipse::mylyn::zest::core::widgets::internal::XYScaledGraphics,1.0,4,1,1,103.714,5.0,4.0,1,3.0,1.25,2.0,1.0,1.0,0.25,20.4857,1,1,0,0,0,2.35602,0.00109041,0.00736714,0.0679499,0.0108121,True
aeeem,org::eclipse::mylyn::internal::bugzilla::ui::tasklist::BugzillaCategorySearchOperation,2,1,0,2,45,0,8,0,67.0,10.0,0,8,1,0.0,9,20.0,14.0,0,0,0,0,0,0,aeeem,org::eclipse::mylyn::internal::bugzilla::ui::tasklist::BugzillaCategorySearchOperation,6.0,14,2,0,164.0,49.0,43.0,1,14.0,3.5,9.0,3.07143,5.0,0.428571,21.6531,6,4,1,0,5,8.50289,0.0824958,0.0137518,0.206051,0.00213622,True
aeeem,org::eclipse::mylyn::internal::wikitext::textile::core::token::HyperlinkReplacementToken,2,2,1,1,6,0,0,0,9.0,4.0,22,0,0,0.0,1,5.0,3.0,0,0,0,0,0,0,aeeem,org::eclipse::mylyn::internal::wikitext::textile::core::token::HyperlinkReplacementToken,0.0,4,2,0,32.7143,9.0,9.0,0,6.0,2.25,6.0,2.25,0.0,0.0,5.39683,3,3,0,0,0,1.49003,0.00204569,0.0435179,0.121386,0.116244,True
aeeem,org::eclipse::mylyn::internal::tasklist::RelativePathUtil,2,1,0,2,0,0,0,0,27.0,1.0,9,0,0,0.0,1,15.0,6.0,0,0,0,0,0,0,aeeem,org::eclipse::mylyn::internal::tasklist::RelativePathUtil,0.0,3,1,0,164.429,5.0,5.0,0,5.0,1.66667,5.0,1.66667,0.0,0.0,0.428571,2,1,0,0,2,1.05195,0.0104986,0.00149277,0.0247207,0.000101239,True
aeeem,org::eclipse::mylyn::tasks::core::RepositoryStatus,14,1,11,3,91,0,13,7,74.0,14.0,31,1,0,0.0,12,33.0,20.0,0,0,0,0,0,0,aeeem,org::eclipse::mylyn::tasks::core::RepositoryStatus,97.0,18,3,4,97.1429,249.0,152.0,0,107.0,13.8333,101.0,8.44444,101.0,5.38889,10.852,10,5,1,1,6,8.10051,0.0429893,0.166646,9.29601,0.262198,True
aeeem,org::eclipse::mylyn::internal::tasks::ui::actions::FilterCompletedTasksAction,2,1,1,2,1,0,2,0,19.0,2.0,0,1,0,0.0,2,12.0,3.0,0,0,0,0,0,0,aeeem,org::eclipse::mylyn::internal::tasks::ui::actions::FilterCompletedTasksAction,0.0,15,2,0,139.571,36.0,36.0,0,6.0,2.4,6.0,2.4,3.0,0.0,74.1508,11,4,1,1,6,8.95891,0.00462725,0.171921,9.32594,0.27861,True
aeeem,org::eclipse::mylyn::internal::java::ui::JavaDebugStructureBridge,6,2,0,6,55,0,3,1,75.0,11.0,23,2,0,0.0,11,27.0,22.0,0,0,0,0,0,0,aeeem,org::eclipse::mylyn::internal::java::ui::JavaDebugStructureBridge,1.0,8,2,0,92.4286,20.0,19.0,0,8.0,2.5,7.0,2.375,3.0,0.125,30.2071,7,1,0,0,4,5.86159,0.00227803,0.160418,9.23351,0.255391,True
aeeem,org::eclipse::mylyn::internal::xplanner::core::service::exceptions::AuthenticationException,1,1,1,0,0,0,1,0,3.0,1.0,26,1,0,0.0,1,1.0,1.0,0,0,0,0,0,0,aeeem,org::eclipse::mylyn::internal::xplanner::core::service::exceptions::AuthenticationException,0.0,1,1,0,6.42857,0.0,0.0,0,0.0,0.0,0.0,0.0,0.0,0.0,0.0,1,1,1,0,1,0.0,0.0,0.0,0.0,0.0,True
aeeem,org::eclipse::mylyn::internal::jira::core::wsdl::beans::RemoteServerInfo,2,1,0,2,120,0,8,0,92.0,16.0,18,8,0,0.0,16,40.0,46.0,0,0,0,0,0,0,aeeem,org::eclipse::mylyn::internal::jira::core::wsdl::beans::RemoteServerInfo,-26.0,9,2,0,110.714,252.0,278.0,0,225.0,28.0,251.0,30.8889,7.0,-2.88889,23.5737,7,4,1,1,5,5.94514,0.0189978,0.153982,9.22122,0.218565,True
aeeem,org::eclipse::mylyn::internal::resources::ui::EditorInteractionMonitor,12,3,1,11,21,0,1,0,114.0,7.0,24,0,3,0.0,3,63.0,30.0,0,0,0,0,0,0,aeeem,org::eclipse::mylyn::internal::resources::ui::EditorInteractionMonitor,63.0,33,2,0,139.143,229.0,166.0,1,37.0,6.93939,23.0,5.0303,25.0,1.90909,68.2614,26,13,3,1,12,19.228,0.0842681,0.217408,9.64748,0.409074,True
aeeem,org::eclipse::mylyn::tasks::core::data::TaskAttribute,107,1,101,9,561,0,80,0,202.0,34.0,9,7,2,0.0,26,99.0,60.0,0,0,0,0,0,0,aeeem,org::eclipse::mylyn::tasks::core::data::TaskAttribute,131.0,33,3,0,47.1429,388.0,257.0,1,112.0,11.7576,94.0,7.78788,20.0,3.9697,9.16973,14,9,0,0,9,6.31013,0.0233381,0.1853,9.29392,0.368531,True
aeeem,org::eclipse::mylyn::zest::layouts::algorithms::ContinuousLayoutAlgorithm,1,2,0,1,28,1,4,8,53.0,8.0,63,0,1,4.0,4,22.0,12.0,0,0,0,0,0,0,aeeem,org::eclipse::mylyn::zest::layouts::algorithms::ContinuousLayoutAlgorithm,32.0,9,3,1,184.857,75.0,43.0,0,33.0,8.33333,36.0,4.77778,26.0,3.55556,43.3809,3,3,1,0,0,6.89385,0.516933,0.0128629,0.171563,0.00827496,True
aeeem,org::eclipse::mylyn::internal::monitor::core::collection::InteractionEventClassifier,5,1,1,4,28,0,0,0,50.0,8.0,9,0,0,0.0,8,36.0,22.0,0,0,0,0,0,0,aeeem,org::eclipse::mylyn::internal::monitor::core::collection::InteractionEventClassifier,-2.0,8,2,0,109.857,18.0,20.0,1,7.0,2.25,7.0,2.5,4.0,-0.25,72.7619,5,3,0,0,3,4.58293,0.00215183,0.145075,9.17116,0.186189,True
aeeem,org::eclipse::mylyn::internal::context::core::InteractionContextScaling,14,1,14,0,78,0,13,0,43.0,13.0,14,13,0,0.0,13,17.0,14.0,0,0,0,0,0,0,aeeem,org::eclipse::mylyn::internal::context::core::InteractionContextScaling,3.0,8,2,0,73.8571,42.0,39.0,1,21.0,5.25,16.0,4.875,5.0,0.375,13.2551,7,2,0,0,3,8.83356,0.0267758,0.184993,9.35271,0.348397,True
aeeem,org::eclipse::mylyn::zest::tests::jface::GraphJFaceSnippet3,5,1,0,5,0,0,1,0,46.0,1.0,9,0,0,0.0,1,22.0,5.0,0,0,0,0,0,0,aeeem,org::eclipse::mylyn::zest::tests::jface::GraphJFaceSnippet3,-2.0,2,1,0,80.8571,2.0,4.0,0,2.0,1.0,4.0,2.0,0.0,-1.0,0.0,2,2,0,0,0,0.903836,0.000818312,0.00316207,0.0269541,0.00573197,True
aeeem,org::eclipse::mylyn::bugzilla::deprecated::BugzillaCompareNode,5,1,1,4,120,0,4,0,89.0,16.0,9,4,1,0.0,15,47.0,20.0,0,0,0,0,0,0,aeeem,org::eclipse::mylyn::bugzilla::deprecated::BugzillaCompareNode,4.0,3,3,0,39.5714,19.0,15.0,0,19.0,6.33333,15.0,5.0,4.0,1.33333,13.0,3,1,0,0,3,1.84703,0.00645146,0.136921,9.09329,0.175609,True
aeeem,org::eclipse::mylyn::internal::tasks::ui::actions::DeleteTaskRepositoryAction,14,2,1,13,3,0,1,0,101.0,3.0,6,1,0,0.0,3,41.0,3.0,0,0,0,0,0,0,aeeem,org::eclipse::mylyn::internal::tasks::ui::actions::DeleteTaskRepositoryAction,50.0,29,3,0,139.571,188.0,138.0,2,91.0,6.48276,61.0,4.75862,30.0,1.72414,104.862,22,11,0,0,15,17.6665,0.0336475,0.225347,9.62751,0.408253,True
aeeem,org::eclipse::mylyn::internal::tasks::ui::editors::AttachmentSizeFormatter,4,1,2,2,3,0,2,0,34.0,3.0,9,1,0,0.0,3,13.0,10.0,0,0,0,0,0,0,aeeem,org::eclipse::mylyn::internal::tasks::ui::editors::AttachmentSizeFormatter,19.0,7,3,0,57.7143,58.0,39.0,0,26.0,8.28571,10.0,5.57143,17.0,2.71429,12.5542,5,2,0,0,3,5.8901,0.0122669,0.166309,9.24729,0.287223,True
aeeem,org::eclipse::mylyn::internal::jira::ui::wizards::JiraNamedFilterPage,8,3,1,7,55,0,7,0,192.0,11.0,14,7,2,0.0,8,51.0,29.0,0,0,0,0,0,0,aeeem,org::eclipse::mylyn::internal::jira::ui::wizards::JiraNamedFilterPage,-1.0,7,2,0,44.5714,43.0,44.0,0,16.0,6.14286,23.0,6.28571,5.0,-0.142857,14.7841,5,2,0,0,2,4.17741,0.00390045,0.160399,9.19476,0.270741,True
aeeem,org::eclipse::mylyn::internal::tasks::ui::util::WebBrowserDialog,0,1,0,0,1,0,1,0,6.0,2.0,0,1,0,0.0,2,3.0,1.0,0,0,0,0,0,0,aeeem,org::eclipse::mylyn::internal::tasks::ui::util::WebBrowserDialog,0.0,5,3,0,135.571,8.0,8.0,0,4.0,1.6,5.0,1.6,3.0,0.0,87.0893,3,2,0,0,3,3.95974,0.00125178,0.143127,9.15318,0.183381,True
aeeem,org::eclipse::mylyn::internal::jira::core::IJiraConstants,0,1,0,0,0,0,23,0,0.0,0.0,9,0,0,0.0,0,0.0,0.0,0,0,0,0,0,0,aeeem,org::eclipse::mylyn::internal::jira::core::IJiraConstants,27.0,5,2,0,43.7143,50.0,23.0,0,24.0,10.0,22.0,4.6,23.0,5.4,23.0971,5,3,1,0,2,1.84703,0.00474372,0.136921,9.09329,0.175609,True
aeeem,org::eclipse::mylyn::internal::tests::report::TaskReporterStatistics,2,1,1,1,1,0,6,0,14.0,2.0,9,0,0,6.0,2,8.0,2.0,0,0,0,0,0,0,aeeem,org::eclipse::mylyn::internal::tests::report::TaskReporterStatistics,22.0,6,2,1,65.0,24.0,2.0,0,10.0,4.0,1.0,0.333333,10.0,3.66667,16.4405,4,1,0,0,1,3.22269,0.00786947,0.143624,9.13881,0.195136,True
aeeem,org::eclipse::mylyn::internal::wikitext::ui::util::PreferenceStoreFacade,3,1,1,2,253,1,3,0,107.0,23.0,9,2,0,0.0,22,59.0,35.0,0,0,0,0,0,0,aeeem,org::eclipse::mylyn::internal::wikitext::ui::util::PreferenceStoreFacade,0.0,2,1,0,20.8571,1.0,1.0,0,1.0,0.5,1.0,0.5,0.0,0.0,6.14286,2,2,0,0,0,0.0,0.0,0.0,0.0,0.0,True
aeeem,org::eclipse::mylyn::internal::bugzilla::ui::FavoritesView,12,1,7,9,210,0,15,0,272.0,21.0,0,9,7,6.0,13,91.0,39.0,0,0,0,0,0,0,aeeem,org::eclipse::mylyn::internal::bugzilla::ui::FavoritesView,-3.0,4,1,0,164.0,0.0,3.0,1,0.0,0.0,3.0,0.75,0.0,-0.75,0.0,1,0,0,0,0,1.18889,0.00506241,0.00181414,0.0284236,0.000187425,True
aeeem,org::eclipse::mylyn::internal::wikitext::tasks::ui::preferences::Messages,2,1,1,1,1,0,2,0,9.0,2.0,9,2,1,0.0,1,3.0,2.0,1,0,0,0,0,1,aeeem,org::eclipse::mylyn::internal::wikitext::tasks::ui::preferences::Messages,0.0,1,1,0,6.42857,0.0,0.0,0,0.0,0.0,0.0,0.0,0.0,0.0,0.0,1,0,0,0,0,0.0,0.0,0.0,0.0,0.0,True
aeeem,org::eclipse::mylyn::wikitext::core::parser::markup::token::AcronymReplacementToken,2,2,1,1,6,0,0,0,9.0,4.0,22,0,0,0.0,1,5.0,3.0,0,0,0,0,0,0,aeeem,org::eclipse::mylyn::wikitext::core::parser::markup::token::AcronymReplacementToken,2.0,7,2,1,32.7143,8.0,6.0,0,2.0,1.14286,2.0,0.857143,1.0,0.285714,13.6786,5,5,0,0,0,1.49003,0.00102285,0.0435179,0.121386,0.116244,True
aeeem,org::eclipse::mylyn::internal::trac::core::model::TracComponent,3,2,3,0,10,0,3,0,15.0,5.0,22,3,0,0.0,5,5.0,5.0,0,0,0,0,0,0,aeeem,org::eclipse::mylyn::internal::trac::core::model::TracComponent,3.0,8,2,0,133.0,10.0,7.0,0,4.0,1.25,1.0,0.875,3.0,0.375,87.8,5,3,0,0,4,4.78742,0.00187327,0.159161,9.20494,0.253355,True
aeeem,org::eclipse::mylyn::internal::tasks::ui::actions::CollapseAllAction,1,1,1,1,1,0,2,0,13.0,2.0,0,1,0,0.0,2,6.0,3.0,0,0,0,0,0,0,aeeem,org::eclipse::mylyn::internal::tasks::ui::actions::CollapseAllAction,0.0,12,2,0,139.571,25.0,25.0,0,4.0,2.08333,6.0,2.08333,3.0,0.0,80.9886,9,2,0,0,6,9.63232,0.00364409,0.171027,9.33773,0.269929,True
aeeem,org::eclipse::mylyn::internal::jira::core::wsdl::beans::RemoteScheme,4,1,2,2,91,1,7,0,81.0,14.0,18,7,0,0.0,14,34.0,39.0,0,0,0,0,0,0,aeeem,org::eclipse::mylyn::internal::jira::core::wsdl::beans::RemoteScheme,-23.0,9,2,0,110.714,219.0,242.0,0,192.0,24.3333,215.0,26.8889,7.0,-2.55556,24.0261,7,4,1,1,5,5.94514,0.0166168,0.153982,9.22122,0.218565,True
aeeem,org::eclipse::mylyn::resources::ui::ResourcesUi,4,1,2,2,0,0,0,0,3.0,1.0,9,0,0,0.0,1,3.0,1.0,0,0,0,0,0,0,aeeem,org::eclipse::mylyn::resources::ui::ResourcesUi,4.0,4,2,0,48.5714,6.0,2.0,0,4.0,1.5,1.0,0.5,3.0,1.0,21.4286,3,0,0,0,2,3.24474,0.00101878,0.148128,9.14866,0.21996,True
aeeem,org::eclipse::mylyn::internal::tasks::ui::util::Messages,0,1,0,0,0,0,29,0,3.0,1.0,0,1,0,28.0,1,2.0,1.0,0,0,0,0,0,0,aeeem,org::eclipse::mylyn::internal::tasks::ui::util::Messages,2.0,7,2,1,14.5714,22.0,20.0,0,12.0,3.14286,8.0,2.85714,12.0,0.285714,3.93506,6,3,0,0,2,0.0,0.0,0.0,0.0,0.0,True
aeeem,org::eclipse::mylyn::internal::trac::core::TracClientManager,21,1,12,9,66,0,4,0,107.0,12.0,13,4,1,0.0,11,54.0,22.0,0,0,0,0,0,0,aeeem,org::eclipse::mylyn::internal::trac::core::TracClientManager,103.0,6,3,0,140.714,113.0,10.0,0,84.0,18.8333,5.0,1.66667,81.0,17.1667,4.82807,5,1,0,0,5,2.84955,0.0785529,0.00499975,0.0704755,0.00106293,True
aeeem,org::eclipse::mylyn::internal::tasks::core::TaskContainerDelta,4,1,4,0,15,0,4,0,20.0,6.0,9,4,0,0.0,6,6.0,6.0,0,0,0,0,0,0,aeeem,org::eclipse::mylyn::internal::tasks::core::TaskContainerDelta,11.0,7,3,0,43.7143,38.0,27.0,0,13.0,5.42857,13.0,3.85714,5.0,1.57143,4.21053,6,3,0,0,4,4.15475,0.00483495,0.162734,9.19857,0.279504,True
aeeem,org::eclipse::mylyn::internal::bugzilla::core::internal::Favorite,8,1,8,0,28,0,7,0,29.0,8.0,18,7,0,0.0,8,9.0,8.0,0,0,0,0,0,0,aeeem,org::eclipse::mylyn::internal::bugzilla::core::internal::Favorite,0.0,4,1,0,164.0,3.0,3.0,1,2.0,0.75,2.0,0.75,0.0,0.0,10.5714,3,2,0,0,2,2.37319,0.00490446,0.00361443,0.056702,0.000385013,True
aeeem,org::eclipse::mylyn::internal::context::ui::InterestDecorator,6,1,0,6,45,0,0,0,49.0,10.0,9,0,1,0.0,9,20.0,16.0,0,0,0,0,0,0,aeeem,org::eclipse::mylyn::internal::context::ui::InterestDecorator,-2.0,17,2,0,139.714,78.0,80.0,0,20.0,4.58824,31.0,4.70588,19.0,-0.117647,58.0787,13,6,0,0,10,15.4902,0.0239086,0.205567,9.54001,0.388806,True
aeeem,org::eclipse::mylyn::tasks::core::data::TaskAttachmentMapper,18,1,13,6,325,0,11,0,169.0,26.0,9,11,0,0.0,26,82.0,64.0,0,0,0,0,0,0,aeeem,org::eclipse::mylyn::tasks::core::data::TaskAttachmentMapper,48.0,11,3,0,45.2857,126.0,78.0,0,32.0,11.4545,23.0,7.09091,27.0,4.36364,8.36168,6,5,0,0,5,4.17741,0.0139814,0.160399,9.19476,0.270741,True
aeeem,org::eclipse::mylyn::zest::tests::uml::UMLClassFigure,1,1,1,0,3,0,2,1,17.0,3.0,56,2,0,0.0,3,12.0,3.0,0,0,0,0,0,0,aeeem,org::eclipse::mylyn::zest::tests::uml::UMLClassFigure,0.0,1,1,0,80.8571,0.0,0.0,0,0.0,0.0,0.0,0.0,0.0,0.0,0.0,1,1,0,0,0,0.0,0.0,0.0,0.0,0.0,True
aeeem,upload::PercentUsageComparator,2,1,1,1,1,0,0,0,11.0,2.0,9,0,0,0.0,1,6.0,3.0,0,0,0,0,0,0,aeeem,upload::PercentUsageComparator,0.0,5,1,0,103.714,8.0,8.0,0,5.0,1.6,4.0,1.6,4.0,0.0,53.0179,4,2,0,0,2,3.95974,0.00147603,0.143127,9.15318,0.183381,True
aeeem,org::eclipse::mylyn::internal::wikitext::ui::editor::assist::MarkupTemplateCompletionProcessor,9,1,1,8,28,0,6,0,103.0,8.0,0,5,2,0.0,3,47.0,25.0,1,0,0,0,0,1,aeeem,org::eclipse::mylyn::internal::wikitext::ui::editor::assist::MarkupTemplateCompletionProcessor,-8.0,9,2,2,32.7143,28.0,36.0,0,18.0,3.11111,24.0,4.0,1.0,-0.888889,6.20408,6,5,1,0,0,2.38141,0.00830631,0.132656,9.07779,0.205382,True
aeeem,org::eclipse::mylyn::internal::bugzilla::core::search::BugzillaQueryPageParser,8,1,0,8,153,0,18,0,335.0,18.0,9,18,5,0.0,13,135.0,90.0,0,0,0,0,0,0,aeeem,org::eclipse::mylyn::internal::bugzilla::core::search::BugzillaQueryPageParser,11.0,9,1,0,164.0,28.0,17.0,1,16.0,3.11111,9.0,1.88889,7.0,1.22222,5.32143,5,3,2,1,4,4.154,0.195076,0.00616598,0.0986521,0.000558543,True
aeeem,org::eclipse::mylyn::internal::java::ui::LandmarkMarkerManager,7,2,1,6,21,0,2,0,107.0,7.0,17,2,1,0.0,6,41.0,12.0,0,0,0,0,0,0,aeeem,org::eclipse::mylyn::internal::java::ui::LandmarkMarkerManager,-14.0,36,2,0,164.0,171.0,185.0,3,21.0,4.75,15.0,5.13889,10.0,-0.388889,71.3667,23,8,1,0,15,20.7074,0.108681,0.209652,9.65957,0.361916,True
aeeem,org::eclipse::mylyn::internal::jira::core::service::soap::JiraSoapClient,40,2,28,14,496,0,11,0,365.0,32.0,14,11,0,0.0,26,126.0,62.0,0,0,0,0,0,0,aeeem,org::eclipse::mylyn::internal::jira::core::service::soap::JiraSoapClient,114.0,27,2,0,54.0,373.0,259.0,0,137.0,13.8148,97.0,9.59259,40.0,4.22222,31.0582,21,13,3,0,13,4.53504,0.0238536,0.158841,9.20046,0.262451,True
aeeem,org::eclipse::mylyn::internal::jira::core::wsdl::beans::RemoteProject,5,3,1,4,231,0,11,0,126.0,22.0,52,11,0,0.0,22,61.0,67.0,0,0,0,0,0,0,aeeem,org::eclipse::mylyn::internal::jira::core::wsdl::beans::RemoteProject,-40.0,9,2,0,110.714,364.0,404.0,0,324.0,40.4444,364.0,44.8889,7.0,-4.44444,22.5632,7,4,1,1,5,5.94514,0.0271127,0.153982,9.22122,0.218565,True
aeeem,org::eclipse::mylyn::internal::jira::ui::editor::JiraTaskEditorPage,7,3,1,6,3,0,0,16,35.0,3.0,48,0,0,0.0,1,15.0,7.0,1,0,0,0,0,1,aeeem,org::eclipse::mylyn::internal::jira::ui::editor::JiraTaskEditorPage,-22.0,15,2,1,43.7143,66.0,88.0,0,18.0,4.4,45.0,5.86667,18.0,-1.46667,16.1861,15,9,1,0,9,5.91074,0.0131412,0.192106,9.29674,0.385389,True
aeeem,org::eclipse::mylyn::internal::tasks::ui::views::TaskListSorter,8,1,3,5,15,0,3,0,77.0,6.0,0,2,1,0.0,5,13.0,27.0,0,0,0,0,0,0,aeeem,org::eclipse::mylyn::internal::tasks::ui::views::TaskListSorter,0.0,1,1,0,8.28571,0.0,0.0,0,0.0,0.0,0.0,0.0,0.0,0.0,0.0,1,1,0,0,1,0.0,0.0,0.0,0.0,0.0,True
aeeem,org::eclipse::mylyn::internal::jira::core::model::JiraVersion,12,1,9,3,21,0,12,0,59.0,7.0,9,4,3,0.0,4,27.0,23.0,0,0,0,0,0,0,aeeem,org::eclipse::mylyn::internal::jira::core::model::JiraVersion,42.0,13,4,1,88.4286,82.0,40.0,0,43.0,6.30769,19.0,3.07692,24.0,3.23077,30.3467,11,5,1,1,4,8.51756,0.0228835,0.184172,9.34266,0.343755,True
aeeem,org::eclipse::mylyn::internal::team::ui::templates::Messages,0,1,0,0,0,0,4,0,3.0,1.0,0,1,0,3.0,1,2.0,1.0,0,0,0,0,0,0,aeeem,org::eclipse::mylyn::internal::team::ui::templates::Messages,0.0,1,1,0,14.8571,0.0,0.0,0,0.0,0.0,0.0,0.0,0.0,0.0,0.0,1,0,0,0,0,0.0,0.0,0.0,0.0,0.0,True
aeeem,org::eclipse::mylyn::internal::tasks::ui::actions::NewSubTaskAction,18,1,4,14,15,0,2,0,100.0,6.0,0,1,1,0.0,5,44.0,13.0,1,1,0,0,0,1,aeeem,org::eclipse::mylyn::internal::tasks::ui::actions::NewSubTaskAction,43.0,29,2,0,68.8571,246.0,203.0,0,90.0,8.48276,70.0,7.0,77.0,1.48276,26.2422,17,5,0,0,13,9.00847,0.0258438,0.190545,9.36842,0.376785,True
aeeem,org::eclipse::mylyn::internal::context::ui::actions::ContextCopyAction,8,2,1,7,3,0,1,1,50.0,3.0,2,1,0,0.0,3,21.0,8.0,0,0,0,0,0,0,aeeem,org::eclipse::mylyn::internal::context::ui::actions::ContextCopyAction,-2.0,30,3,0,118.714,107.0,109.0,0,11.0,3.56667,21.0,3.63333,10.0,-0.0666667,51.7423,25,9,1,1,12,12.8535,0.0240204,0.193985,9.4582,0.350581,True
aeeem,org::eclipse::mylyn::internal::tasks::ui::editors::TaskHyperlinkDetector,8,2,3,5,3,1,0,0,30.0,3.0,4,0,0,0.0,1,12.0,5.0,0,0,0,0,0,0,aeeem,org::eclipse::mylyn::internal::tasks::ui::editors::TaskHyperlinkDetector,-50.0,16,2,0,90.4286,181.0,231.0,0,51.0,11.3125,132.0,14.4375,24.0,-3.125,57.4546,12,6,2,0,6,9.43389,0.0244196,0.193595,9.38337,0.385359,True
aeeem,org::eclipse::mylyn::internal::resources::ui::ResourcesUiExtensionPointReader,2,1,1,1,3,0,5,0,27.0,3.0,9,2,2,0.0,1,11.0,6.0,0,0,0,0,0,0,aeeem,org::eclipse::mylyn::internal::resources::ui::ResourcesUiExtensionPointReader,-4.0,8,2,0,92.4286,14.0,18.0,0,6.0,1.75,6.0,2.25,4.0,-0.5,59.2551,6,1,0,0,4,7.39257,0.00244423,0.178464,9.30507,0.327705,True
aeeem,org::eclipse::mylyn::zest::core::widgets::internal::RoundedChopboxAnchor,4,1,1,3,3,0,2,0,27.0,3.0,31,2,1,0.0,2,16.0,7.0,0,0,0,0,0,0,aeeem,org::eclipse::mylyn::zest::core::widgets::internal::RoundedChopboxAnchor,0.0,2,1,0,103.714,1.0,1.0,1,1.0,0.5,1.0,0.5,0.0,0.0,11.5714,0,0,0,0,0,1.45219,0.000135718,0.00420507,0.0409958,0.00508017,True
aeeem,org::eclipse::mylyn::wikitext::core::parser::builder::EventLoggingDocumentBuilder,1,2,0,1,120,0,2,1,51.0,16.0,27,2,0,0.0,16,32.0,16.0,0,0,0,0,0,0,aeeem,org::eclipse::mylyn::wikitext::core::parser::builder::EventLoggingDocumentBuilder,0.0,6,2,1,32.7143,34.0,34.0,0,16.0,5.66667,16.0,5.66667,1.0,0.0,8.2437,4,4,0,0,0,1.49003,0.00562565,0.0435179,0.121386,0.116244,True
aeeem,org::eclipse::mylyn::wikitext::core::parser::markup::phrase::LiteralPhraseModifierProcessor,3,3,0,3,1,0,2,7,11.0,2.0,39,2,0,0.0,2,8.0,3.0,0,0,0,0,0,0,aeeem,org::eclipse::mylyn::wikitext::core::parser::markup::phrase::LiteralPhraseModifierProcessor,24.0,5,2,1,32.7143,29.0,5.0,0,25.0,5.8,2.0,1.0,23.0,4.8,20.8325,3,3,0,0,0,1.49003,0.000681897,0.0435179,0.121386,0.116244,True
aeeem,org::eclipse::mylyn::internal::wikitext::confluence::core::block::AbstractConfluenceDelimitedBlock,8,4,2,6,28,3,4,4,60.0,8.0,45,3,0,0.0,4,31.0,15.0,0,0,0,0,0,0,aeeem,org::eclipse::mylyn::internal::wikitext::confluence::core::block::AbstractConfluenceDelimitedBlock,3.0,4,2,0,31.0,20.0,17.0,0,16.0,5.0,13.0,4.25,3.0,0.75,2.2,3,3,0,0,0,1.49003,0.00494376,0.0435179,0.121386,0.116244,True
aeeem,org::eclipse::mylyn::internal::wikitext::ui::editor::assist::Templates,4,1,2,2,36,0,4,0,35.0,9.0,9,4,0,0.0,9,21.0,12.0,0,0,0,0,0,0,aeeem,org::eclipse::mylyn::internal::wikitext::ui::editor::assist::Templates,6.0,3,1,0,32.7143,12.0,6.0,0,10.0,4.0,4.0,2.0,6.0,2.0,1.71429,2,2,0,0,0,1.49003,0.00306854,0.0435179,0.121386,0.116244,True
aeeem,org::eclipse::mylyn::internal::tasks::ui::editors::TaskPlanningEditor,30,2,2,28,378,0,22,0,728.0,28.0,2,22,10,0.0,15,233.0,79.0,3,2,0,0,1,1,aeeem,org::eclipse::mylyn::internal::tasks::ui::editors::TaskPlanningEditor,100.0,174,3,2,139.571,1957.0,1857.0,5,173.0,11.2471,160.0,10.6724,58.0,0.574713,47.2803,109,50,3,2,56,34.8871,0.657299,0.294732,10.1525,0.582896,True
aeeem,org::eclipse::mylyn::internal::tasks::ui::LocalRepositoryConnectorUi,2,2,0,2,15,0,0,0,18.0,6.0,31,0,0,0.0,6,9.0,6.0,0,0,0,0,0,0,aeeem,org::eclipse::mylyn::internal::tasks::ui::LocalRepositoryConnectorUi,4.0,4,2,0,42.1429,7.0,3.0,0,4.0,1.75,1.0,0.75,3.0,1.0,20.2857,3,1,0,0,2,1.84703,0.000948744,0.136921,9.09329,0.175609,True
aeeem,org::eclipse::mylyn::internal::tasks::ui::views::TaskListFilteredTree,24,2,1,23,136,0,14,1,431.0,17.0,14,13,3,0.0,7,109.0,34.0,3,2,1,1,0,1,aeeem,org::eclipse::mylyn::internal::tasks::ui::views::TaskListFilteredTree,505.0,113,3,3,139.571,1303.0,798.0,1,127.0,11.531,82.0,7.06195,109.0,4.46903,51.7615,70,28,3,1,33,29.7095,0.29526,0.266142,9.98163,0.5377,True
aeeem,org::eclipse::mylyn::zest::core::messages::ZestUIMessages,1,1,0,1,0,0,7,0,8.0,1.0,9,2,0,0.0,1,2.0,1.0,0,0,0,0,0,0,aeeem,org::eclipse::mylyn::zest::core::messages::ZestUIMessages,0.0,1,1,0,103.714,0.0,0.0,1,0.0,0.0,0.0,0.0,0.0,0.0,0.0,0,0,0,0,0,0.0,0.0,0.0,0.0,0.0,True
aeeem,org::eclipse::mylyn::internal::tasks::core::SaxRepositoriesContentHandler,5,1,1,4,3,0,2,0,23.0,3.0,51,1,0,0.0,3,15.0,9.0,0,0,0,0,0,0,aeeem,org::eclipse::mylyn::internal::tasks::core::SaxRepositoriesContentHandler,-3.0,14,2,0,139.143,24.0,27.0,1,5.0,1.71429,5.0,1.92857,4.0,-0.214286,80.5893,12,5,1,1,7,9.60215,0.00369208,0.183875,9.36507,0.334346,True
aeeem,org::eclipse::mylyn::internal::monitor::ui::ActionExecutionMonitor,2,1,1,1,1,0,0,0,4.0,2.0,10,0,0,0.0,2,5.0,1.0,0,0,0,0,0,0,aeeem,org::eclipse::mylyn::internal::monitor::ui::ActionExecutionMonitor,-1.0,6,2,0,90.7143,7.0,8.0,0,4.0,1.16667,4.0,1.33333,3.0,-0.166667,58.6531,4,0,0,0,2,4.57121,0.00119132,0.152088,9.18643,0.225109,True
aeeem,org::eclipse::mylyn::internal::bugzilla::core::BugzillaFlag,6,1,4,2,45,0,9,0,62.0,10.0,18,9,0,0.0,10,23.0,20.0,0,0,0,0,0,0,aeeem,org::eclipse::mylyn::internal::bugzilla::core::BugzillaFlag,44.0,6,2,0,44.1429,57.0,13.0,0,44.0,9.5,6.0,2.16667,39.0,7.33333,28.5664,4,1,0,0,4,3.37801,0.00150795,0.154967,9.16485,0.247924,True
aeeem,org::eclipse::mylyn::trac::tests::support::XmlRpcServer,7,1,4,6,105,0,6,0,61.0,15.0,9,6,1,0.0,14,30.0,16.0,0,0,0,0,0,0,aeeem,org::eclipse::mylyn::trac::tests::support::XmlRpcServer,16.0,23,2,0,142.714,96.0,80.0,1,24.0,4.17391,18.0,3.47826,16.0,0.695652,31.8676,19,8,0,0,16,19.8327,0.0404681,0.210373,9.64115,0.36789,True
aeeem,org::eclipse::mylyn::internal::resources::ui::Messages,0,1,0,0,0,0,2,0,3.0,1.0,0,1,0,1.0,1,2.0,1.0,0,0,0,0,0,0,aeeem,org::eclipse::mylyn::internal::resources::ui::Messages,0.0,1,1,0,19.1429,0.0,0.0,0,0.0,0.0,0.0,0.0,0.0,0.0,0.0,1,0,0,0,0,0.0,0.0,0.0,0.0,0.0,True
aeeem,org::eclipse::mylyn::examples::monitor::study::SelectionMonitor,11,2,0,11,10,0,8,1,98.0,5.0,17,4,1,0.0,3,37.0,27.0,0,0,0,0,0,0,aeeem,org::eclipse::mylyn::examples::monitor::study::SelectionMonitor,-2.0,15,2,0,109.857,35.0,37.0,3,7.0,2.33333,7.0,2.46667,2.0,-0.133333,35.4898,12,5,0,0,6,11.3548,0.00796206,0.176533,9.38878,0.277273,True
aeeem,org::eclipse::mylyn::internal::tasks::ui::workingsets::TaskWorkingSetElementFactory,5,1,0,5,0,0,2,0,37.0,1.0,9,0,0,0.0,1,12.0,7.0,0,0,0,0,0,0,aeeem,org::eclipse::mylyn::internal::tasks::ui::workingsets::TaskWorkingSetElementFactory,24.0,19,2,0,91.1429,49.0,25.0,0,13.0,2.57895,4.0,1.31579,11.0,1.26316,41.8863,14,5,2,2,8,12.4014,0.00776673,0.23595,9.53675,0.482767,True
aeeem,org::eclipse::mylyn::internal::jira::core::model::Version,12,1,11,1,120,0,7,0,57.0,16.0,18,7,0,0.0,16,18.0,18.0,0,0,0,0,0,0,aeeem,org::eclipse::mylyn::internal::jira::core::model::Version,-25.0,12,2,0,110.714,27.0,52.0,0,8.0,2.25,20.0,4.33333,8.0,-2.08333,52.3545,7,4,0,0,6,8.80568,0.0101894,0.170299,9.31926,0.272598,True
aeeem,org::eclipse::mylyn::internal::context::ui::editors::ContextEditorFormPage,20,1,5,15,136,0,12,0,377.0,17.0,0,11,10,0.0,4,87.0,31.0,3,2,1,0,0,1,aeeem,org::eclipse::mylyn::internal::context::ui::editors::ContextEditorFormPage,591.0,79,3,1,108.714,1225.0,634.0,1,179.0,15.5063,71.0,8.02532,179.0,7.48101,29.2007,51,20,2,0,22,20.7736,0.22492,0.230199,9.71353,0.451245,True
aeeem,org::eclipse::mylyn::zest::core::viewers::internal::ZestException,2,1,2,0,1,0,4,0,22.0,2.0,26,1,0,0.0,1,3.0,6.0,0,0,0,0,0,0,aeeem,org::eclipse::mylyn::zest::core::viewers::internal::ZestException,0.0,2,1,0,103.0,2.0,2.0,0,2.0,1.0,2.0,1.0,0.0,0.0,10.8571,0,0,0,0,0,1.45219,0.000271435,0.00420507,0.0409958,0.00508017,True
aeeem,org::eclipse::mylyn::internal::tasks::ui::actions::ActivateTaskDialogAction,7,1,3,4,3,0,1,0,22.0,3.0,0,1,0,0.0,3,12.0,5.0,0,0,0,0,0,0,aeeem,org::eclipse::mylyn::internal::tasks::ui::actions::ActivateTaskDialogAction,-15.0,18,3,0,125.571,33.0,48.0,0,5.0,1.83333,11.0,2.66667,4.0,-0.833333,68.9437,15,6,2,1,10,9.92416,0.0105224,0.180643,9.36673,0.312482,True
aeeem,org::eclipse::mylyn::internal::sandbox::ui::InterestInducingProblemListener,10,1,2,8,10,0,2,0,42.0,5.0,9,1,0,0.0,5,27.0,10.0,0,0,0,0,0,0,aeeem,org::eclipse::mylyn::internal::sandbox::ui::InterestInducingProblemListener,4.0,6,2,0,48.8571,8.0,4.0,0,4.0,1.33333,1.0,0.666667,3.0,0.666667,16.8036,5,0,0,0,3,4.01306,0.00116189,0.155113,9.18069,0.248225,True
aeeem,org::eclipse::mylyn::internal::tasks::ui::TaskHistoryDropDown,11,1,1,10,6,0,4,0,63.0,4.0,0,4,0,0.0,3,39.0,12.0,0,0,0,0,0,0,aeeem,org::eclipse::mylyn::internal::tasks::ui::TaskHistoryDropDown,15.0,24,3,0,90.0,170.0,155.0,0,96.0,7.08333,82.0,6.45833,16.0,0.625,39.2714,20,9,0,0,12,11.9457,0.0270167,0.211987,9.47744,0.444621,True
aeeem,org::eclipse::mylyn::internal::wikitext::ui::editor::syntax::Span,3,1,1,2,3,0,1,0,10.0,3.0,0,1,0,0.0,3,7.0,3.0,0,0,0,0,0,0,aeeem,org::eclipse::mylyn::internal::wikitext::ui::editor::syntax::Span,2.0,4,2,0,32.7143,9.0,7.0,0,7.0,2.25,5.0,1.75,2.0,0.5,2.95238,3,3,0,0,0,1.49003,0.00238664,0.0435179,0.121386,0.116244,True
aeeem,org::eclipse::mylyn::internal::tasks::ui::PersonContentProposal,4,1,2,2,28,0,4,0,33.0,8.0,9,4,0,0.0,8,12.0,11.0,0,0,0,0,0,0,aeeem,org::eclipse::mylyn::internal::tasks::ui::PersonContentProposal,30.0,13,3,0,96.5714,96.0,66.0,0,52.0,7.38462,52.0,5.07692,52.0,2.30769,19.0937,10,4,0,0,5,9.56941,0.0249536,0.178242,9.35383,0.306985,True
aeeem,org::eclipse::mylyn::internal::team::ccvs::CommitContextWizard,1,1,1,0,1,0,0,0,10.0,2.0,0,0,0,0.0,2,3.0,2.0,0,0,0,0,0,0,aeeem,org::eclipse::mylyn::internal::team::ccvs::CommitContextWizard,-3.0,4,1,0,92.4286,5.0,8.0,0,2.0,1.25,4.0,2.0,0.0,-0.75,19.6286,4,1,0,0,4,3.65777,0.000559376,0.0209588,0.125633,0.0676174,True
aeeem,org::eclipse::mylyn::internal::jira::core::model::CustomField,6,2,6,0,21,0,5,0,23.0,7.0,22,5,0,0.0,7,8.0,7.0,0,0,0,0,0,0,aeeem,org::eclipse::mylyn::internal::jira::core::model::CustomField,15.0,11,3,0,94.7143,41.0,26.0,0,10.0,3.72727,17.0,2.36364,10.0,1.36364,30.331,9,4,0,0,7,8.73103,0.00834414,0.17379,9.32615,0.292506,True
aeeem,org::eclipse::mylyn::internal::tasks::core::TaskActivationHistory,9,1,6,3,36,0,2,0,65.0,9.0,9,2,0,0.0,9,42.0,22.0,0,0,0,0,0,0,aeeem,org::eclipse::mylyn::internal::tasks::core::TaskActivationHistory,-24.0,7,3,1,45.4286,57.0,81.0,0,36.0,8.14286,38.0,11.5714,11.0,-3.42857,24.5013,5,3,0,0,3,4.17741,0.00582984,0.160399,9.19476,0.270741,True
aeeem,org::eclipse::mylyn::internal::context::ui::actions::RemoveFromContextAction,5,1,0,5,6,0,3,0,60.0,4.0,0,2,2,0.0,2,27.0,14.0,0,0,0,0,0,0,aeeem,org::eclipse::mylyn::internal::context::ui::actions::RemoveFromContextAction,64.0,8,2,1,108.571,89.0,25.0,0,66.0,11.125,9.0,3.125,62.0,8.0,3.56982,6,2,0,0,1,5.65021,0.0190768,0.0151043,0.155909,0.0152225,True
aeeem,org::eclipse::mylyn::internal::tasks::ui::util::AbstractRetrieveTitleFromUrlJob,5,1,2,3,10,0,2,0,27.0,5.0,0,2,0,0.0,4,11.0,5.0,0,0,0,0,0,0,aeeem,org::eclipse::mylyn::internal::tasks::ui::util::AbstractRetrieveTitleFromUrlJob,0.0,1,1,0,9.42857,0.0,0.0,0,0.0,0.0,0.0,0.0,0.0,0.0,0.0,1,1,0,0,1,0.0,0.0,0.0,0.0,0.0,True
aeeem,org::eclipse::mylyn::internal::bugzilla::core::KeywordParser,4,1,0,4,6,0,1,0,95.0,4.0,9,1,1,0.0,3,42.0,39.0,0,0,0,0,0,0,aeeem,org::eclipse::mylyn::internal::bugzilla::core::KeywordParser,-144.0,13,2,0,148.571,22.0,166.0,1,7.0,1.69231,155.0,12.7692,7.0,-11.0769,26.1169,9,3,2,1,4,7.46584,0.0626063,0.0155791,0.192343,0.00912868,True
aeeem,org::eclipse::mylyn::tasks::core::data::AbstractTaskDataHandler,14,1,13,1,28,4,0,0,14.0,8.0,9,0,0,0.0,8,9.0,5.0,0,0,0,0,0,0,aeeem,org::eclipse::mylyn::tasks::core::data::AbstractTaskDataHandler,-64.0,12,2,0,45.2857,31.0,95.0,0,8.0,2.58333,67.0,7.91667,4.0,-5.33333,6.2765,7,4,0,0,7,5.59876,0.00946806,0.179372,9.2653,0.344852,True
aeeem,org::eclipse::mylyn::internal::sandbox::ui::planner::TaskPlanSorter,3,2,0,3,3,0,7,7,35.0,3.0,8,1,1,0.0,2,13.0,12.0,0,0,0,0,0,0,aeeem,org::eclipse::mylyn::internal::sandbox::ui::planner::TaskPlanSorter,3.0,5,3,0,46.0,13.0,10.0,1,4.0,2.6,4.0,2.0,3.0,0.6,9.48352,4,2,0,0,2,3.39209,0.00200425,0.151673,9.15904,0.235454,True
aeeem,org::eclipse::mylyn::internal::tasks::ui::views::TaskInputDialog,4,1,0,4,66,0,7,0,197.0,12.0,0,7,0,0.0,5,38.0,20.0,0,0,0,0,0,0,aeeem,org::eclipse::mylyn::internal::tasks::ui::views::TaskInputDialog,-1.0,24,2,0,139.571,70.0,71.0,2,17.0,2.91667,21.0,2.95833,4.0,-0.0416667,83.2204,19,7,0,0,11,13.9097,0.0104235,0.189979,9.47031,0.325321,True
aeeem,org::eclipse::mylyn::internal::tasks::ui::commands::OpenTaskRepositoryPropertiesHandler,1,1,0,1,0,0,0,0,10.0,1.0,0,0,0,0.0,1,4.0,3.0,0,0,0,0,0,0,aeeem,org::eclipse::mylyn::internal::tasks::ui::commands::OpenTaskRepositoryPropertiesHandler,3.0,3,2,0,32.1429,5.0,2.0,0,4.0,1.66667,1.0,0.666667,3.0,1.0,9.08571,2,0,0,0,1,1.84703,0.000948744,0.136921,9.09329,0.175609,True
aeeem,org::eclipse::mylyn::tasks::ui::wizards::TaskAttachmentPage,12,1,3,9,55,1,11,0,214.0,11.0,0,11,5,0.0,6,70.0,24.0,0,0,0,0,0,0,aeeem,org::eclipse::mylyn::tasks::ui::wizards::TaskAttachmentPage,-18.0,20,3,0,45.5714,116.0,134.0,0,23.0,5.8,35.0,6.7,8.0,-0.9,13.3621,14,8,1,1,7,6.67906,0.0275718,0.19909,9.32877,0.413654,True
aeeem,org::eclipse::mylyn::wikitext::core::parser::TableRowAttributes,3,2,3,0,21,0,3,0,18.0,7.0,20,3,0,0.0,7,7.0,6.0,0,0,0,0,0,0,aeeem,org::eclipse::mylyn::wikitext::core::parser::TableRowAttributes,10.0,5,2,1,32.7143,14.0,4.0,0,9.0,2.8,2.0,0.8,7.0,2.0,11.051,4,3,0,0,0,1.49003,0.00187522,0.0435179,0.121386,0.116244,True
aeeem,org::eclipse::mylyn::internal::tasks::core::TransferList,6,1,2,4,36,0,3,0,43.0,9.0,17,3,0,0.0,9,22.0,12.0,0,0,0,0,0,0,aeeem,org::eclipse::mylyn::internal::tasks::core::TransferList,0.0,2,1,0,6.71429,1.0,1.0,0,1.0,0.5,1.0,0.5,0.0,0.0,0.142857,2,2,1,1,1,0.0,0.0,0.0,0.0,0.0,True
aeeem,org::eclipse::mylyn::internal::tasks::core::data::TaskDataStateReader,15,1,6,10,21,0,3,0,55.0,7.0,51,3,2,0.0,5,26.0,15.0,0,0,0,0,0,0,aeeem,org::eclipse::mylyn::internal::tasks::core::data::TaskDataStateReader,226.0,26,2,0,47.1429,668.0,442.0,0,419.0,25.6923,263.0,17.0,156.0,8.69231,1.59752,12,8,0,0,7,6.87646,0.0707787,0.194739,9.32549,0.402881,True
aeeem,org::eclipse::mylyn::internal::tasks::ui::editors::TaskEditorOutlineNode,15,1,2,13,91,0,8,0,101.0,14.0,9,5,2,0.0,12,62.0,25.0,0,0,0,0,0,0,aeeem,org::eclipse::mylyn::internal::tasks::ui::editors::TaskEditorOutlineNode,10.0,6,2,0,41.2857,39.0,29.0,0,23.0,6.5,17.0,4.83333,6.0,1.66667,7.78022,6,3,1,0,5,3.37801,0.00479807,0.154967,9.16485,0.247924,True
aeeem,org::eclipse::mylyn::internal::bugzilla::ui::action::BugzillaObsoleteAttachmentAction,0,2,0,0,0,0,0,0,3.0,1.0,4,0,0,0.0,1,1.0,1.0,0,0,0,0,0,0,aeeem,org::eclipse::mylyn::internal::bugzilla::ui::action::BugzillaObsoleteAttachmentAction,0.0,1,1,0,8.71429,0.0,0.0,0,0.0,0.0,0.0,0.0,0.0,0.0,0.0,1,1,0,0,1,0.0,0.0,0.0,0.0,0.0,True
aeeem,org::eclipse::mylyn::internal::commons::core::XmlStringConverter,12,1,9,3,21,0,0,0,102.0,7.0,9,0,3,0.0,4,44.0,41.0,0,0,0,0,0,0,aeeem,org::eclipse::mylyn::internal::commons::core::XmlStringConverter,33.0,8,3,0,46.0,49.0,16.0,0,29.0,6.125,9.0,2.0,29.0,4.125,7.44606,8,3,1,1,4,4.88878,0.00378392,0.166327,9.22338,0.29442,True
aeeem,org::eclipse::mylyn::internal::jira::core::model::filter::CurrentUserFilter,2,2,2,0,1,0,1,0,3.0,2.0,19,1,0,0.0,1,3.0,1.0,0,0,0,0,0,0,aeeem,org::eclipse::mylyn::internal::jira::core::model::filter::CurrentUserFilter,2.0,7,1,0,110.714,10.0,8.0,0,5.0,1.42857,4.0,1.14286,4.0,0.285714,58.7,4,2,0,0,3,4.58293,0.00233384,0.145075,9.17116,0.186189,True
aeeem,org::eclipse::mylyn::internal::bugzilla::ui::ViewBugzillaAction,2,1,2,0,1,0,1,0,14.0,2.0,0,1,0,0.0,2,7.0,3.0,0,0,0,0,0,0,aeeem,org::eclipse::mylyn::internal::bugzilla::ui::ViewBugzillaAction,1.0,4,1,0,164.0,1.0,0.0,1,1.0,0.25,0.0,0.0,1.0,0.25,15.4286,1,0,0,0,0,1.23001,0.000575353,0.00196911,0.0297478,0.000263561,True
aeeem,org::eclipse::mylyn::internal::tasks::ui::views::TaskScheduleContentProvider,15,3,2,14,36,0,4,1,119.0,9.0,21,4,1,0.0,8,67.0,17.0,0,0,0,0,0,0,aeeem,org::eclipse::mylyn::internal::tasks::ui::views::TaskScheduleContentProvider,179.0,43,3,0,104.0,653.0,474.0,1,136.0,15.186,82.0,11.0233,65.0,4.16279,34.8856,27,13,1,0,19,18.0738,0.129811,0.248302,9.68671,0.524738,True
aeeem,org::eclipse::mylyn::internal::java::ui::JavaUiBridgePlugin,23,1,11,13,36,0,11,0,117.0,9.0,0,9,3,0.0,6,49.0,16.0,0,0,0,0,0,0,aeeem,org::eclipse::mylyn::internal::java::ui::JavaUiBridgePlugin,-70.0,34,3,0,92.4286,306.0,376.0,2,56.0,9.0,99.0,11.0588,26.0,-2.05882,26.746,24,7,3,1,18,13.7319,0.0970035,0.21529,9.52571,0.449112,True
aeeem,org::eclipse::mylyn::internal::tasks::ui::editors::RepositoryTaskOutlineComparer,4,1,1,3,3,0,0,0,22.0,3.0,9,0,0,0.0,3,12.0,7.0,0,0,0,0,0,0,aeeem,org::eclipse::mylyn::internal::tasks::ui::editors::RepositoryTaskOutlineComparer,-4.0,8,2,0,139.571,10.0,14.0,0,4.0,1.25,4.0,1.75,3.0,-0.5,84.6429,6,3,0,0,5,6.16641,0.00251526,0.170827,9.25944,0.292779,True
aeeem,org::eclipse::mylyn::zest::core::viewers::EntityConnectionData,2,1,1,1,3,0,2,0,22.0,3.0,9,0,0,2.0,3,5.0,5.0,0,0,0,0,0,0,aeeem,org::eclipse::mylyn::zest::core::viewers::EntityConnectionData,15.0,5,1,0,121.571,22.0,7.0,0,14.0,4.4,5.0,1.4,9.0,3.0,27.6104,5,3,0,0,0,3.70756,0.0102534,0.0103053,0.103263,0.012244,True
aeeem,org::eclipse::mylyn::internal::tasks::core::deprecated::AbstractTaskListFactory,0,1,0,0,21,1,3,0,15.0,7.0,9,0,0,0.0,7,8.0,5.0,0,0,0,0,0,0,aeeem,org::eclipse::mylyn::internal::tasks::core::deprecated::AbstractTaskListFactory,-3.0,7,2,0,45.0,55.0,58.0,0,22.0,7.85714,21.0,8.28571,3.0,-0.428571,4.04935,5,3,0,0,5,5.59876,0.00698172,0.179372,9.2653,0.344852,True
aeeem,org::eclipse::mylyn::internal::wikitext::twiki::core::block::VerbatimBlock,6,3,1,5,6,0,4,4,31.0,4.0,43,4,0,0.0,4,18.0,9.0,0,0,0,0,0,0,aeeem,org::eclipse::mylyn::internal::wikitext::twiki::core::block::VerbatimBlock,0.0,2,1,0,23.8571,3.0,3.0,0,3.0,1.5,3.0,1.5,0.0,0.0,4.0,2,1,0,0,0,0.0,0.0,0.0,0.0,0.0,True
aeeem,upload::GetUserIDServlet,13,1,0,13,3,0,8,0,64.0,3.0,45,8,2,0.0,0,42.0,7.0,0,0,0,0,0,0,aeeem,upload::GetUserIDServlet,12.0,4,1,0,103.714,13.0,1.0,0,7.0,3.25,1.0,0.25,7.0,3.0,38.0989,3,1,0,0,1,3.17351,0.00141455,0.140881,9.13106,0.180758,True
aeeem,org::eclipse::mylyn::internal::sandbox::ui::DelegatingContextLabelProvider,6,1,4,2,36,0,1,0,59.0,9.0,9,1,0,0.0,9,27.0,12.0,0,0,0,0,0,0,aeeem,org::eclipse::mylyn::internal::sandbox::ui::DelegatingContextLabelProvider,1.0,6,2,1,48.8571,10.0,9.0,0,5.0,1.66667,4.0,1.5,1.0,0.166667,15.2571,4,1,0,0,3,4.7898,0.00226398,0.16288,9.21441,0.279805,True
aeeem,org::eclipse::mylyn::internal::tasks::core::UnsubmittedTaskContainer,2,5,2,0,3,0,2,1,9.0,3.0,60,2,0,0.0,2,3.0,3.0,0,0,0,0,0,0,aeeem,org::eclipse::mylyn::internal::tasks::core::UnsubmittedTaskContainer,-16.0,5,3,0,39.8571,17.0,33.0,0,9.0,3.4,28.0,6.6,3.0,-3.2,10.8908,4,0,0,0,2,3.08906,0.0166422,0.156012,9.15957,0.247042,True
aeeem,org::eclipse::mylyn::internal::xplanner::ui::editor::Messages,0,1,0,0,0,0,30,0,2.0,1.0,0,1,1,29.0,0,1.0,1.0,0,0,0,0,0,0,aeeem,org::eclipse::mylyn::internal::xplanner::ui::editor::Messages,0.0,1,1,0,6.42857,0.0,0.0,0,0.0,0.0,0.0,0.0,0.0,0.0,0.0,1,1,1,0,1,0.0,0.0,0.0,0.0,0.0,True
aeeem,org::eclipse::mylyn::internal::tasks::core::externalization::TaskListExternalizationParticipant,13,2,2,11,105,0,7,1,104.0,15.0,33,7,1,0.0,13,39.0,19.0,0,0,0,0,0,0,aeeem,org::eclipse::mylyn::internal::tasks::core::externalization::TaskListExternalizationParticipant,60.0,23,3,0,46.0,243.0,183.0,0,66.0,10.5652,70.0,7.95652,57.0,2.6087,3.09053,13,8,0,0,9,5.63443,0.0188144,0.175647,9.25922,0.331448,True
aeeem,org::eclipse::mylyn::internal::sandbox::ui::planner::TaskActivityWizard,5,1,1,4,6,0,2,0,27.0,4.0,0,2,1,0.0,3,18.0,5.0,0,0,0,0,0,0,aeeem,org::eclipse::mylyn::internal::sandbox::ui::planner::TaskActivityWizard,3.0,6,2,0,46.0,13.0,10.0,0,5.0,2.16667,5.0,1.66667,4.0,0.5,18.8571,6,2,1,0,3,4.10346,0.00153128,0.157601,9.18766,0.259133,True
aeeem,org::eclipse::mylyn::internal::web::ui::WebResourceStructureBridge,7,2,3,5,78,0,2,1,76.0,13.0,23,1,0,0.0,13,29.0,26.0,0,0,0,0,0,0,aeeem,org::eclipse::mylyn::internal::web::ui::WebResourceStructureBridge,0.0,8,2,0,92.4286,18.0,18.0,0,8.0,2.25,8.0,2.25,3.0,0.0,20.8254,6,3,1,1,4,4.61832,0.00229147,0.147608,9.17816,0.199399,True
aeeem,org::eclipse::mylyn::internal::wikitext::tracwiki::core::token::HyperlinkReplacementToken,2,2,1,1,6,0,0,0,9.0,4.0,22,0,0,0.0,1,5.0,3.0,0,0,0,0,0,0,aeeem,org::eclipse::mylyn::internal::wikitext::tracwiki::core::token::HyperlinkReplacementToken,4.0,4,2,0,32.7143,13.0,9.0,0,10.0,3.25,6.0,2.25,4.0,1.0,7.84615,4,4,0,0,0,2.38141,0.00185796,0.132656,9.07779,0.205382,True
aeeem,org::eclipse::mylyn::wikitext::core::util::anttask::MarkupToHtmlTask,23,2,3,20,465,1,13,0,263.0,31.0,12,4,1,0.0,26,164.0,61.0,0,0,0,0,0,0,aeeem,org::eclipse::mylyn::wikitext::core::util::anttask::MarkupToHtmlTask,100.0,15,2,2,32.7143,219.0,119.0,0,52.0,14.6,49.0,7.93333,39.0,6.66667,15.3816,10,7,1,0,0,2.38141,0.0180468,0.132656,9.07779,0.205382,True
aeeem,org::eclipse::mylyn::tasks::ui::AbstractTaskHyperlinkDetector,7,1,4,3,10,5,0,0,44.0,5.0,0,0,1,0.0,1,20.0,13.0,0,0,0,0,0,0,aeeem,org::eclipse::mylyn::tasks::ui::AbstractTaskHyperlinkDetector,-6.0,3,1,0,22.2857,3.0,9.0,0,3.0,1.0,6.0,3.0,0.0,-2.0,0.285714,3,2,1,0,2,0.0,0.0,0.0,0.0,0.0,True
aeeem,org::eclipse::mylyn::tasks::ui::LegendElement,6,1,5,1,10,0,2,0,15.0,5.0,9,2,1,0.0,4,7.0,5.0,0,0,0,0,0,0,aeeem,org::eclipse::mylyn::tasks::ui::LegendElement,16.0,4,2,0,43.7143,18.0,2.0,0,13.0,4.5,1.0,0.5,13.0,4.0,9.24603,3,2,0,0,2,3.26838,0.00389809,0.155894,9.16383,0.24972,True
aeeem,org::eclipse::mylyn::internal::wikitext::ui::editor::preferences::CssStyleFieldEditor,7,1,1,6,1,0,1,0,58.0,2.0,0,1,0,0.0,1,40.0,14.0,1,0,0,0,0,1,aeeem,org::eclipse::mylyn::internal::wikitext::ui::editor::preferences::CssStyleFieldEditor,1.0,5,1,1,16.5714,9.0,8.0,2,4.0,1.8,3.0,1.6,1.0,0.2,7.49206,3,1,0,0,0,0.0,0.0,0.0,0.0,0.0,True
aeeem,org::eclipse::mylyn::internal::tasks::ui::wizards::AttachmentPreviewPage,6,1,1,5,66,0,8,0,199.0,12.0,0,7,8,0.0,4,54.0,18.0,3,3,0,0,0,1,aeeem,org::eclipse::mylyn::internal::tasks::ui::wizards::AttachmentPreviewPage,0.0,4,1,0,14.7143,6.0,6.0,0,3.0,1.5,6.0,1.5,3.0,0.0,2.95238,3,0,0,0,1,0.0,0.0,0.0,0.0,0.0,True
aeeem,org::eclipse::mylyn::internal::wikitext::tasks::ui::util::ShowInTargetBridge,2,1,1,1,1,0,1,0,19.0,2.0,9,1,0,0.0,2,9.0,5.0,0,0,0,0,0,0,aeeem,org::eclipse::mylyn::internal::wikitext::tasks::ui::util::ShowInTargetBridge,0.0,1,1,0,4.0,0.0,0.0,0,0.0,0.0,0.0,0.0,0.0,0.0,0.0,1,0,0,0,0,0.0,0.0,0.0,0.0,0.0,True
aeeem,org::eclipse::mylyn::internal::wikitext::ui::editor::assist::Messages,1,1,0,1,1,0,2,0,9.0,2.0,9,2,1,0.0,1,3.0,2.0,1,0,0,0,0,1,aeeem,org::eclipse::mylyn::internal::wikitext::ui::editor::assist::Messages,0.0,2,1,0,19.8571,1.0,1.0,0,1.0,0.5,1.0,0.5,0.0,0.0,2.0,1,1,0,0,0,0.0,0.0,0.0,0.0,0.0,True
aeeem,org::eclipse::mylyn::internal::wikitext::tracwiki::core::phrase::SimplePhraseModifier,1,3,1,0,0,1,0,1,3.0,1.0,28,0,0,0.0,1,1.0,1.0,0,0,0,0,0,0,aeeem,org::eclipse::mylyn::internal::wikitext::tracwiki::core::phrase::SimplePhraseModifier,0.0,2,1,0,32.7143,8.0,8.0,0,8.0,4.0,8.0,4.0,0.0,0.0,1.71429,2,2,0,0,0,1.49003,0.00272759,0.0435179,0.121386,0.116244,True
aeeem,org::eclipse::mylyn::internal::sandbox::ui::GroupedPresentation,1,2,0,1,6,0,1,0,16.0,4.0,19,1,0,0.0,3,6.0,4.0,0,0,0,0,0,0,aeeem,org::eclipse::mylyn::internal::sandbox::ui::GroupedPresentation,4.0,4,3,0,81.0,9.0,5.0,0,5.0,2.25,3.0,1.25,4.0,1.0,45.1587,3,0,0,0,2,3.13741,0.00195293,0.14525,9.14037,0.20589,True
aeeem,org::eclipse::mylyn::internal::commons::ui::ColorCanvas,0,1,0,0,1,0,1,0,18.0,2.0,0,1,0,0.0,2,6.0,2.0,0,0,0,0,0,0,aeeem,org::eclipse::mylyn::internal::commons::ui::ColorCanvas,4.0,3,1,0,45.8571,6.0,2.0,0,5.0,2.0,1.0,0.666667,4.0,1.33333,19.3095,2,0,0,0,2,1.84703,0.00151799,0.136921,9.09329,0.175609,True
aeeem,org::eclipse::mylyn::zest::layouts::algorithms::TreeLayoutAlgorithm,7,2,2,5,351,2,16,8,388.0,27.0,63,16,18,0.0,3,174.0,80.0,0,0,0,0,0,0,aeeem,org::eclipse::mylyn::zest::layouts::algorithms::TreeLayoutAlgorithm,21.0,6,2,1,184.857,45.0,24.0,1,26.0,7.5,13.0,4.0,13.0,3.5,78.5206,3,2,0,0,0,6.48875,0.115915,0.0130399,0.164218,0.0112359,True
aeeem,org::eclipse::mylyn::tasks::ui::editors::AttributeEditorFactory,21,1,7,14,6,2,4,0,80.0,4.0,9,4,0,0.0,4,42.0,5.0,0,0,0,0,0,0,aeeem,org::eclipse::mylyn::tasks::ui::editors::AttributeEditorFactory,77.0,12,3,0,45.8571,101.0,24.0,0,26.0,8.41667,13.0,2.0,25.0,6.41667,16.5106,12,6,1,0,8,5.23505,0.00701538,0.182453,9.26204,0.348306,True
aeeem,org::eclipse::mylyn::internal::wikitext::ui::util::css::Selector,3,1,3,0,0,6,0,0,0.0,1.0,9,0,0,0.0,1,1.0,0.0,0,0,0,0,0,0,aeeem,org::eclipse::mylyn::internal::wikitext::ui::util::css::Selector,0.0,1,1,0,7.42857,0.0,0.0,1,0.0,0.0,0.0,0.0,0.0,0.0,0.0,1,0,0,0,0,0.0,0.0,0.0,0.0,0.0,True
aeeem,org::eclipse::mylyn::internal::tasks::ui::search::SearchResultSorter,3,1,1,2,3,0,1,0,28.0,3.0,0,1,0,0.0,3,9.0,2.0,0,0,0,0,0,0,aeeem,org::eclipse::mylyn::internal::tasks::ui::search::SearchResultSorter,0.0,1,1,0,8.28571,0.0,0.0,0,0.0,0.0,0.0,0.0,0.0,0.0,0.0,1,1,0,0,1,0.0,0.0,0.0,0.0,0.0,True
aeeem,org::eclipse::mylyn::internal::xplanner::ui::wizard::XPlannerCustomQueryPage,20,4,3,17,561,0,15,0,568.0,34.0,22,15,16,0.0,13,226.0,86.0,0,0,0,0,0,0,aeeem,org::eclipse::mylyn::internal::xplanner::ui::wizard::XPlannerCustomQueryPage,-1.0,2,2,0,6.42857,0.0,1.0,0,0.0,0.0,1.0,0.5,0.0,-0.5,0.0,2,2,2,0,2,0.0,0.0,0.0,0.0,0.0,True
aeeem,org::eclipse::mylyn::zest::tests::jface::GraphJFaceSnippet2,2,1,0,2,0,0,1,0,19.0,1.0,9,0,0,1.0,1,12.0,3.0,0,0,0,0,0,0,aeeem,org::eclipse::mylyn::zest::tests::jface::GraphJFaceSnippet2,0.0,1,1,0,80.8571,0.0,0.0,0,0.0,0.0,0.0,0.0,0.0,0.0,0.0,1,1,0,0,0,0.0,0.0,0.0,0.0,0.0,True
aeeem,org::eclipse::mylyn::internal::monitor::ui::WindowChangeMonitor,4,1,1,3,15,0,4,0,23.0,6.0,9,0,0,0.0,5,20.0,6.0,0,0,0,0,0,0,aeeem,org::eclipse::mylyn::internal::monitor::ui::WindowChangeMonitor,-2.0,8,2,0,90.7143,21.0,23.0,0,8.0,2.625,10.0,2.875,6.0,-0.25,42.2857,6,2,0,0,3,5.1944,0.00292701,0.154036,9.20441,0.227916,True
aeeem,org::eclipse::mylyn::internal::monitor::ui::PreferenceChangeMonitor,4,1,2,2,3,0,0,0,12.0,3.0,9,0,1,0.0,2,10.0,4.0,0,0,0,0,0,0,aeeem,org::eclipse::mylyn::internal::monitor::ui::PreferenceChangeMonitor,-4.0,7,2,0,90.7143,8.0,12.0,0,4.0,1.14286,4.0,1.71429,3.0,-0.571429,53.4821,4,1,0,0,3,6.11627,0.00166125,0.166841,9.25218,0.284954,True
aeeem,org::eclipse::mylyn::internal::tasks::ui::actions::TaskWorkingSetAction,4,1,1,3,15,0,2,0,77.0,6.0,0,1,2,0.0,4,32.0,14.0,0,0,0,0,0,0,aeeem,org::eclipse::mylyn::internal::tasks::ui::actions::TaskWorkingSetAction,-85.0,21,2,0,91.5714,281.0,366.0,0,44.0,13.381,166.0,17.4286,38.0,-4.04762,4.98576,9,3,0,0,5,6.26636,0.029211,0.0337609,0.211651,0.105608,True
aeeem,org::eclipse::mylyn::internal::tasks::ui::editors::BrowserPreviewViewer,3,1,1,2,15,0,4,0,120.0,6.0,9,4,2,0.0,4,15.0,10.0,2,2,0,0,0,1,aeeem,org::eclipse::mylyn::internal::tasks::ui::editors::BrowserPreviewViewer,0.0,2,1,0,21.5714,7.0,7.0,0,7.0,3.5,7.0,3.5,0.0,0.0,7.0,2,1,1,0,1,0.0,0.0,0.0,0.0,0.0,True
aeeem,org::eclipse::mylyn::internal::tasks::ui::TasksUiMessages,0,1,0,0,0,0,1,0,0.0,0.0,9,0,0,0.0,0,0.0,0.0,0,0,0,0,0,0,aeeem,org::eclipse::mylyn::internal::tasks::ui::TasksUiMessages,3.0,5,2,0,74.7143,7.0,4.0,0,4.0,1.4,1.0,0.8,3.0,0.6,48.3673,4,1,0,0,2,3.13741,0.00109372,0.14525,9.14037,0.20589,True
aeeem,org::eclipse::mylyn::internal::tasks::ui::search::OpenSearchResultAction,3,1,1,3,1,0,1,0,19.0,2.0,0,1,0,0.0,2,12.0,4.0,0,0,0,0,0,0,aeeem,org::eclipse::mylyn::internal::tasks::ui::search::OpenSearchResultAction,-14.0,18,3,0,135.429,33.0,47.0,0,5.0,1.83333,11.0,2.61111,4.0,-0.777778,53.013,15,7,0,0,10,13.5232,0.0127807,0.187304,9.45671,0.315816,True
aeeem,org::xplanner::soap::NoteData,3,2,0,3,153,0,9,0,101.0,18.0,37,9,0,0.0,18,42.0,41.0,0,0,0,0,0,0,aeeem,org::xplanner::soap::NoteData,-25.0,6,2,0,93.7143,261.0,286.0,0,257.0,43.5,282.0,47.6667,0.0,-4.16667,38.9743,4,1,0,0,3,6.45512,0.0414139,0.0300186,0.209384,0.084371,True
aeeem,org::eclipse::mylyn::internal::trac::core::Messages,0,1,0,0,0,0,31,0,3.0,1.0,0,1,0,30.0,1,2.0,1.0,1,1,0,0,0,1,aeeem,org::eclipse::mylyn::internal::trac::core::Messages,0.0,1,1,0,14.8571,0.0,0.0,0,0.0,0.0,0.0,0.0,0.0,0.0,0.0,1,0,0,0,0,0.0,0.0,0.0,0.0,0.0,True
aeeem,org::eclipse::mylyn::internal::jira::core::service::JiraTimeFormat,12,1,5,7,6,0,3,0,63.0,4.0,29,3,1,0.0,3,52.0,21.0,0,0,0,0,0,0,aeeem,org::eclipse::mylyn::internal::jira::core::service::JiraTimeFormat,0.0,1,1,0,2.71429,0.0,0.0,0,0.0,0.0,0.0,0.0,0.0,0.0,0.0,1,0,0,0,1,0.0,0.0,0.0,0.0,0.0,True
aeeem,org::eclipse::mylyn::internal::wikitext::ui::util::OutlineItemWorkbenchAdapter,4,1,2,2,15,0,2,0,35.0,6.0,9,2,0,0.0,6,15.0,10.0,0,0,0,0,0,0,aeeem,org::eclipse::mylyn::internal::wikitext::ui::util::OutlineItemWorkbenchAdapter,4.0,2,1,0,8.57143,5.0,1.0,0,5.0,2.5,1.0,0.5,4.0,2.0,0.0,2,0,0,0,0,0.0,0.0,0.0,0.0,0.0,True
aeeem,org::eclipse::mylyn::wikitext::core::parser::markup::MarkupLanguage,72,1,61,12,276,1,8,0,191.0,24.0,18,6,1,0.0,19,102.0,45.0,0,0,0,0,0,0,aeeem,org::eclipse::mylyn::wikitext::core::parser::markup::MarkupLanguage,105.0,12,2,1,32.7143,269.0,164.0,0,119.0,22.4167,80.0,13.6667,73.0,8.75,14.3335,9,7,0,0,1,1.49003,0.0339244,0.0435179,0.121386,0.116244,True
aeeem,org::eclipse::mylyn::internal::tasks::core::externalization::Messages,0,1,0,0,0,0,5,0,3.0,1.0,0,1,0,4.0,1,2.0,1.0,0,0,0,0,0,0,aeeem,org::eclipse::mylyn::internal::tasks::core::externalization::Messages,0.0,1,1,0,14.7143,0.0,0.0,0,0.0,0.0,0.0,0.0,0.0,0.0,0.0,1,0,0,0,0,0.0,0.0,0.0,0.0,0.0,True
aeeem,org::eclipse::mylyn::internal::wikitext::ui::util::css::editor::SelectorRule,2,1,1,1,21,0,2,0,54.0,7.0,9,2,4,0.0,3,18.0,25.0,0,0,0,0,0,0,aeeem,org::eclipse::mylyn::internal::wikitext::ui::util::css::editor::SelectorRule,0.0,1,1,0,6.42857,0.0,0.0,0,0.0,0.0,0.0,0.0,0.0,0.0,0.0,1,0,0,0,0,0.0,0.0,0.0,0.0,0.0,True
aeeem,org::eclipse::mylyn::internal::tasks::ui::editors::TaskEditorSummaryPart,13,2,0,13,28,0,3,1,128.0,8.0,19,3,3,0.0,4,74.0,23.0,2,1,1,0,0,1,aeeem,org::eclipse::mylyn::internal::tasks::ui::editors::TaskEditorSummaryPart,-125.0,23,2,0,61.2857,307.0,432.0,0,74.0,13.3478,176.0,18.7826,58.0,-5.43478,11.966,13,5,0,0,7,11.2302,0.148083,0.244665,9.5282,0.537899,True
aeeem,org::eclipse::mylyn::wikitext::core::parser::builder::RecordingDocumentBuilder,7,2,2,5,190,0,1,1,57.0,20.0,27,1,1,0.0,19,42.0,19.0,0,0,0,0,0,0,aeeem,org::eclipse::mylyn::wikitext::core::parser::builder::RecordingDocumentBuilder,8.0,3,1,0,32.7143,21.0,13.0,0,20.0,7.0,12.0,4.33333,8.0,2.66667,1.71429,2,2,0,0,0,1.49003,0.00579613,0.0435179,0.121386,0.116244,True
aeeem,org::eclipse::mylyn::tasks::ui::editors::TaskEditorPartDescriptor,9,1,7,2,21,5,2,0,31.0,7.0,9,2,0,0.0,7,11.0,8.0,0,0,0,0,0,0,aeeem,org::eclipse::mylyn::tasks::ui::editors::TaskEditorPartDescriptor,-25.0,5,2,0,42.8571,29.0,54.0,0,21.0,5.8,40.0,10.8,3.0,-5.0,3.7931,4,3,0,0,3,4.15475,0.00532636,0.162734,9.19857,0.279504,True
aeeem,org::eclipse::mylyn::internal::jira::ui::JiraIssueEditorInput,2,1,1,1,45,0,1,0,36.0,10.0,9,1,0,0.0,10,17.0,12.0,0,0,0,0,0,0,aeeem,org::eclipse::mylyn::internal::jira::ui::JiraIssueEditorInput,1.0,3,1,0,147.857,1.0,0.0,0,1.0,0.333333,0.0,0.0,1.0,0.333333,23.8571,3,1,0,0,1,1.33188,0.000338597,0.00263754,0.0339581,0.000944407,True
aeeem,org::eclipse::mylyn::internal::wikitext::ui::util::css::CssClassSelector,3,2,2,1,3,0,1,0,9.0,3.0,10,1,0,0.0,3,4.0,3.0,0,0,0,0,0,0,aeeem,org::eclipse::mylyn::internal::wikitext::ui::util::css::CssClassSelector,0.0,2,1,1,7.42857,1.0,1.0,1,1.0,0.5,1.0,0.5,0.0,0.0,0.571429,1,0,0,0,0,0.0,0.0,0.0,0.0,0.0,True
aeeem,org::eclipse::mylyn::wikitext::core::util::DefaultXmlStreamWriter,5,2,0,5,561,0,7,0,217.0,34.0,29,7,5,0.0,25,108.0,72.0,0,0,0,0,0,0,aeeem,org::eclipse::mylyn::wikitext::core::util::DefaultXmlStreamWriter,-19.0,8,2,2,32.7143,58.0,77.0,0,27.0,7.25,30.0,9.625,1.0,-2.375,7.62315,4,4,0,0,0,1.49003,0.0107399,0.0435179,0.121386,0.116244,True
aeeem,org::eclipse::mylyn::internal::tasks::ui::editors::CategoryEditor,2,1,1,1,36,0,5,0,68.0,9.0,0,4,2,0.0,7,21.0,9.0,0,0,0,0,0,0,aeeem,org::eclipse::mylyn::internal::tasks::ui::editors::CategoryEditor,13.0,12,2,0,139.571,42.0,29.0,0,20.0,3.5,6.0,2.41667,14.0,1.08333,41.1565,7,4,0,0,3,8.67997,0.0163518,0.156266,9.28396,0.202348,True
aeeem,org::eclipse::mylyn::internal::tasks::core::RepositoryModel,20,1,8,12,45,0,3,0,76.0,10.0,12,3,2,0.0,8,50.0,14.0,0,0,0,0,0,0,aeeem,org::eclipse::mylyn::internal::tasks::core::RepositoryModel,7.0,6,2,0,41.0,14.0,7.0,0,6.0,2.33333,2.0,1.16667,4.0,1.16667,6.40816,3,2,1,0,3,3.37801,0.0022067,0.154967,9.16485,0.247924,True
aeeem,org::eclipse::mylyn::internal::monitor::usage::editors::UserStudyEditorPart,11,2,0,11,15,0,3,4,133.0,6.0,12,3,3,0.0,1,44.0,8.0,0,0,0,0,0,0,aeeem,org::eclipse::mylyn::internal::monitor::usage::editors::UserStudyEditorPart,5.0,18,3,0,103.571,235.0,230.0,1,192.0,13.0556,192.0,12.7778,192.0,0.277778,6.65653,11,2,0,0,8,13.9579,0.0615146,0.201933,9.49991,0.376873,True
aeeem,org::eclipse::mylyn::internal::sandbox::dev::properties::AbstractTaskContainerPropertySource,8,1,3,5,78,3,9,0,115.0,13.0,9,1,0,0.0,11,55.0,29.0,0,0,0,0,0,0,aeeem,org::eclipse::mylyn::internal::sandbox::dev::properties::AbstractTaskContainerPropertySource,44.0,8,2,0,67.5714,83.0,39.0,0,31.0,10.375,15.0,4.875,30.0,5.5,32.4475,6,2,0,0,3,4.92306,0.0105823,0.169719,9.2306,0.307768,True
aeeem,org::eclipse::mylyn::internal::sandbox::ui::hyperlinks::DefaultResourceHyperlinkExtension,2,2,0,2,3,0,2,1,13.0,3.0,15,2,0,0.0,1,6.0,4.0,0,0,0,0,0,0,aeeem,org::eclipse::mylyn::internal::sandbox::ui::hyperlinks::DefaultResourceHyperlinkExtension,3.0,3,2,0,31.8571,5.0,2.0,0,4.0,1.66667,1.0,0.666667,3.0,1.0,5.31429,2,0,0,0,1,1.84703,0.00132824,0.136921,9.09329,0.175609,True
aeeem,org::eclipse::mylyn::internal::tasks::bugs::wizards::FeatureGroup,3,1,1,2,36,0,6,0,42.0,9.0,9,6,0,0.0,9,20.0,10.0,1,1,0,0,1,1,aeeem,org::eclipse::mylyn::internal::tasks::bugs::wizards::FeatureGroup,6.0,7,2,0,40.8571,98.0,92.0,0,88.0,14.0,88.0,13.1429,88.0,0.857143,1.9621,4,1,0,0,2,3.37801,0.0177118,0.154967,9.16485,0.247924,True
aeeem,org::eclipse::mylyn::wikitext::tracwiki::core::TracWikiLanguage,37,3,11,26,153,0,2,6,134.0,18.0,57,2,0,0.0,14,53.0,27.0,0,0,0,0,0,0,aeeem,org::eclipse::mylyn::wikitext::tracwiki::core::TracWikiLanguage,194.0,14,2,1,32.7143,402.0,208.0,0,154.0,28.7143,98.0,14.8571,153.0,13.8571,22.6283,10,7,0,0,1,2.38141,0.00898336,0.132656,9.07779,0.205382,True
aeeem,org::eclipse::mylyn::tasks::core::data::TaskMapper,28,1,18,10,1378,3,2,0,299.0,53.0,31,2,9,0.0,44,249.0,91.0,2,2,0,0,0,1,aeeem,org::eclipse::mylyn::tasks::core::data::TaskMapper,191.0,24,2,1,44.7143,435.0,244.0,0,181.0,18.125,144.0,10.1667,75.0,7.95833,4.35074,18,14,1,1,8,7.40077,0.0844523,0.235623,9.41813,0.501632,True
aeeem,org::eclipse::mylyn::internal::provisional::tasks::ui::wizards::AbstractRepositoryQueryPage2,12,3,2,10,136,0,5,0,184.0,17.0,14,5,4,0.0,8,75.0,30.0,0,0,0,0,0,0,aeeem,org::eclipse::mylyn::internal::provisional::tasks::ui::wizards::AbstractRepositoryQueryPage2,20.0,5,1,0,17.0,32.0,12.0,0,14.0,6.4,7.0,2.4,10.0,4.0,4.22768,5,0,0,0,0,0.0,0.0,0.0,0.0,0.0,True
aeeem,org::eclipse::mylyn::internal::wikitext::ui::properties::Messages,2,1,1,1,1,0,2,0,9.0,2.0,9,2,1,0.0,1,3.0,2.0,1,0,0,0,0,1,aeeem,org::eclipse::mylyn::internal::wikitext::ui::properties::Messages,0.0,1,1,0,14.0,0.0,0.0,0,0.0,0.0,0.0,0.0,0.0,0.0,0.0,1,0,0,0,0,0.0,0.0,0.0,0.0,0.0,True
aeeem,org::eclipse::mylyn::zest::layouts::dataStructures::DisplayIndependentRectangle,1,1,1,0,3,0,4,0,15.0,3.0,9,0,0,4.0,3,3.0,6.0,0,0,0,0,0,0,aeeem,org::eclipse::mylyn::zest::layouts::dataStructures::DisplayIndependentRectangle,8.0,3,2,0,184.857,9.0,1.0,0,8.0,3.0,1.0,0.333333,8.0,2.66667,102.619,1,1,0,0,0,2.35602,0.0012268,0.00736714,0.0679499,0.0108121,True
aeeem,org::eclipse::mylyn::bugzilla::deprecated::AttachmentPartSource,0,1,0,0,6,0,1,0,12.0,4.0,9,1,0,0.0,4,7.0,4.0,0,0,0,0,0,0,aeeem,org::eclipse::mylyn::bugzilla::deprecated::AttachmentPartSource,3.0,3,3,0,39.5714,4.0,1.0,0,4.0,1.33333,1.0,0.333333,3.0,1.0,13.0,3,1,0,0,3,1.84703,0.000948744,0.136921,9.09329,0.175609,True
aeeem,org::eclipse::mylyn::wikitext::core::parser::ImageAttributes,8,2,8,0,55,0,5,0,30.0,11.0,20,5,0,0.0,11,11.0,10.0,0,0,0,0,0,0,aeeem,org::eclipse::mylyn::wikitext::core::parser::ImageAttributes,13.0,4,2,1,32.7143,15.0,2.0,0,13.0,3.75,1.0,0.5,12.0,3.25,4.62857,3,3,0,0,0,1.49003,0.00238664,0.0435179,0.121386,0.116244,True
aeeem,org::eclipse::mylyn::internal::tests::report::Main,13,1,0,13,10,0,0,0,92.0,5.0,9,0,4,0.0,1,55.0,18.0,0,0,0,0,0,0,aeeem,org::eclipse::mylyn::internal::tests::report::Main,35.0,11,2,0,65.2857,76.0,41.0,0,34.0,6.90909,19.0,3.72727,15.0,3.18182,38.4041,7,2,0,0,3,6.81006,0.0107245,0.180789,9.29674,0.341864,True
aeeem,org::eclipse::mylyn::internal::tasks::ui::util::PlatformUtil,5,1,3,2,15,0,1,0,38.0,6.0,9,1,0,0.0,6,20.0,16.0,3,1,0,0,0,1,aeeem,org::eclipse::mylyn::internal::tasks::ui::util::PlatformUtil,70.0,4,1,0,21.8571,71.0,1.0,0,42.0,17.75,1.0,0.25,42.0,17.5,13.5674,4,3,0,0,0,0.0,0.0,0.0,0.0,0.0,True
aeeem,org::eclipse::mylyn::internal::jira::core::JiraAttributeMapper,18,2,1,18,28,0,1,0,110.0,8.0,42,1,0,0.0,8,106.0,29.0,1,1,0,0,1,1,aeeem,org::eclipse::mylyn::internal::jira::core::JiraAttributeMapper,106.0,23,2,0,47.1429,211.0,105.0,0,76.0,9.17391,33.0,4.56522,69.0,4.6087,6.88964,15,10,0,0,7,7.39043,0.0319776,0.205018,9.35739,0.437333,True
aeeem,org::eclipse::mylyn::internal::monitor::usage::UsageMonitorImages,3,1,0,3,6,0,9,0,34.0,4.0,9,4,3,0.0,1,19.0,7.0,0,0,0,0,0,0,aeeem,org::eclipse::mylyn::internal::monitor::usage::UsageMonitorImages,10.0,9,2,1,109.857,25.0,15.0,1,14.0,2.77778,5.0,1.66667,9.0,1.11111,34.84,6,4,1,1,5,5.25012,0.00270869,0.151457,9.20025,0.213663,True
aeeem,org::eclipse::mylyn::internal::team::ccvs::CvsLinkedTaskInfoAdapterFactory,6,1,0,6,10,0,1,0,62.0,5.0,18,1,3,0.0,2,22.0,17.0,0,0,0,0,0,0,aeeem,org::eclipse::mylyn::internal::team::ccvs::CvsLinkedTaskInfoAdapterFactory,-1.0,8,2,0,91.5714,13.0,14.0,0,4.0,1.625,5.0,1.75,0.0,-0.125,24.4396,7,5,0,0,4,4.11569,0.00145791,0.0241,0.14315,0.0805724,True
aeeem,org::eclipse::mylyn::wikitext::ui::viewer::HtmlViewerConfiguration,10,2,3,7,66,1,3,1,68.0,12.0,5,3,2,0.0,8,34.0,18.0,0,0,0,0,0,0,aeeem,org::eclipse::mylyn::wikitext::ui::viewer::HtmlViewerConfiguration,-42.0,15,2,1,32.7143,154.0,196.0,1,47.0,10.2667,77.0,13.0667,31.0,-2.8,14.8831,12,10,2,1,1,3.33706,0.0192708,0.180438,9.21468,0.291852,True
aeeem,org::eclipse::mylyn::internal::wikitext::ui::editor::dnd::Messages,3,1,2,1,1,0,2,0,9.0,2.0,9,2,1,0.0,1,3.0,2.0,1,0,0,0,0,1,aeeem,org::eclipse::mylyn::internal::wikitext::ui::editor::dnd::Messages,0.0,1,1,0,7.71429,0.0,0.0,0,0.0,0.0,0.0,0.0,0.0,0.0,0.0,1,1,0,0,0,0.0,0.0,0.0,0.0,0.0,True
aeeem,org::eclipse::mylyn::tasks::core::TaskMapping,9,1,9,0,253,13,0,0,87.0,23.0,31,0,0,0.0,23,23.0,22.0,0,0,0,0,0,0,aeeem,org::eclipse::mylyn::tasks::core::TaskMapping,107.0,8,2,0,42.0,113.0,6.0,0,68.0,14.125,2.0,0.75,68.0,13.375,3.0177,7,3,0,0,4,4.83045,0.0165433,0.172387,9.23327,0.316587,True
aeeem,org::eclipse::mylyn::internal::bugzilla::core::BugzillaClient,60,1,18,42,666,0,39,0,1550.0,37.0,9,34,12,0.0,20,902.0,353.0,2,0,0,0,1,1,aeeem,org::eclipse::mylyn::internal::bugzilla::core::BugzillaClient,736.0,184,4,10,123.857,4454.0,3718.0,3,316.0,24.2065,450.0,20.2065,298.0,4.0,58.9271,131,84,13,5,64,30.9467,1.00768,0.322671,10.1232,0.698325,True
aeeem,org::eclipse::mylyn::internal::provisional::commons::ui::AbstractNotification,6,1,6,0,28,1,0,0,3.0,8.0,19,0,0,0.0,8,8.0,1.0,0,0,0,0,0,0,aeeem,org::eclipse::mylyn::internal::provisional::commons::ui::AbstractNotification,7.0,3,2,0,45.8571,8.0,1.0,0,4.0,2.66667,1.0,0.333333,4.0,2.33333,14.2857,3,1,0,0,2,3.08906,0.00264533,0.156012,9.15957,0.247042,True
aeeem,org::eclipse::mylyn::internal::sandbox::bridge::bugs::BugzillaReportInfo,11,1,3,8,78,0,6,0,58.0,13.0,9,6,0,0.0,13,32.0,15.0,0,0,0,0,0,0,aeeem,org::eclipse::mylyn::internal::sandbox::bridge::bugs::BugzillaReportInfo,-3.0,29,3,0,140.857,105.0,108.0,0,17.0,3.62069,17.0,3.72414,4.0,-0.103448,54.0,23,12,1,0,19,18.8025,0.0425864,0.213747,9.6251,0.398329,True
aeeem,org::eclipse::mylyn::internal::tasks::ui::TaskPriorityFilter,4,2,2,3,3,0,2,0,19.0,3.0,11,2,0,0.0,3,9.0,7.0,0,0,0,0,0,0,aeeem,org::eclipse::mylyn::internal::tasks::ui::TaskPriorityFilter,-6.0,24,3,0,139.571,58.0,64.0,0,8.0,2.41667,9.0,2.66667,5.0,-0.25,65.2217,14,5,0,0,10,12.7323,0.0117378,0.185962,9.43754,0.308169,True
aeeem,org::eclipse::mylyn::internal::resources::ui::preferences::FocusedResourcesPreferencePage,5,1,3,2,36,0,5,0,124.0,9.0,0,4,5,0.0,2,38.0,14.0,0,0,0,0,0,0,aeeem,org::eclipse::mylyn::internal::resources::ui::preferences::FocusedResourcesPreferencePage,18.0,12,3,0,92.5714,55.0,37.0,0,11.0,4.58333,8.0,3.08333,8.0,1.5,32.6571,8,3,0,0,4,8.0655,0.0196723,0.16906,9.30105,0.274361,True
aeeem,org::eclipse::mylyn::internal::tasks::core::data::ElementHandler,20,1,16,4,105,15,5,0,73.0,15.0,51,4,0,0.0,8,35.0,24.0,0,0,0,0,0,0,aeeem,org::eclipse::mylyn::internal::tasks::core::data::ElementHandler,3.0,5,2,0,47.1429,8.0,5.0,0,4.0,1.6,2.0,1.0,3.0,0.6,23.1964,3,1,0,0,2,3.32672,0.00107156,0.149833,9.15394,0.227553,True
aeeem,org::eclipse::mylyn::commons::core::AbstractErrorReporter,1,1,1,0,1,2,4,0,0.0,2.0,9,0,0,4.0,2,2.0,0.0,0,0,0,0,0,0,aeeem,org::eclipse::mylyn::commons::core::AbstractErrorReporter,23.0,3,2,0,46.0,24.0,1.0,0,20.0,8.0,1.0,0.333333,20.0,7.66667,9.19048,3,1,0,0,3,3.26838,0.0054862,0.155894,9.16383,0.24972,True
aeeem,org::eclipse::mylyn::internal::web::tasks::ParametersEditor,6,1,3,3,10,0,1,0,115.0,5.0,0,1,0,0.0,5,30.0,7.0,0,0,0,0,0,0,aeeem,org::eclipse::mylyn::internal::web::tasks::ParametersEditor,2.0,9,4,0,92.4286,33.0,31.0,0,20.0,3.66667,21.0,3.44444,3.0,0.222222,13.0519,7,4,2,0,4,5.08708,0.00386856,0.151158,9.19612,0.213846,True
aeeem,org::eclipse::mylyn::internal::tasks::core::RepositoryQuery,32,3,28,4,120,2,7,0,71.0,16.0,59,4,0,0.0,16,34.0,24.0,0,0,0,0,0,0,aeeem,org::eclipse::mylyn::internal::tasks::core::RepositoryQuery,23.0,10,2,0,44.7143,50.0,27.0,0,25.0,5.0,10.0,2.7,25.0,2.3,5.83143,9,4,0,0,7,5.66744,0.00579695,0.203916,9.31615,0.386984,True
aeeem,org::eclipse::mylyn::wikitext::core::parser::markup::PatternBasedElementProcessor,35,2,35,0,36,40,3,4,39.0,9.0,30,0,0,0.0,9,15.0,15.0,0,0,0,0,0,0,aeeem,org::eclipse::mylyn::wikitext::core::parser::markup::PatternBasedElementProcessor,10.0,2,1,0,32.7143,28.0,18.0,0,28.0,14.0,18.0,9.0,10.0,5.0,1.71429,2,2,0,0,0,1.49003,0.00784182,0.0435179,0.121386,0.116244,True
aeeem,org::eclipse::mylyn::internal::tasks::ui::actions::ImportAction,15,1,0,15,10,0,0,0,87.0,5.0,9,0,2,0.0,3,63.0,15.0,0,0,0,0,0,0,aeeem,org::eclipse::mylyn::internal::tasks::ui::actions::ImportAction,0.0,1,1,0,6.71429,0.0,0.0,0,0.0,0.0,0.0,0.0,0.0,0.0,0.0,1,0,0,0,0,0.0,0.0,0.0,0.0,0.0,True
aeeem,org::eclipse::mylyn::internal::commons::ui::Messages,0,1,0,0,0,0,24,0,3.0,1.0,0,1,0,23.0,1,2.0,1.0,0,0,0,0,0,0,aeeem,org::eclipse::mylyn::internal::commons::ui::Messages,-2.0,2,1,0,14.8571,0.0,2.0,0,0.0,0.0,2.0,1.0,0.0,-1.0,0.0,2,1,0,0,1,0.0,0.0,0.0,0.0,0.0,True
aeeem,org::eclipse::mylyn::internal::bugzilla::core::UnrecognizedReponseException,0,1,0,0,0,0,1,0,3.0,1.0,26,1,0,0.0,1,1.0,1.0,0,0,0,0,0,0,aeeem,org::eclipse::mylyn::internal::bugzilla::core::UnrecognizedReponseException,1.0,7,2,0,141.0,12.0,11.0,0,6.0,1.71429,4.0,1.57143,3.0,0.142857,67.7738,6,3,0,0,4,4.62782,0.00262526,0.143367,9.1668,0.181221,True
aeeem,org::eclipse::mylyn::commons::net::AbstractWebLocation,13,1,13,0,15,2,1,0,12.0,6.0,9,1,0,0.0,6,7.0,4.0,0,0,0,0,0,0,aeeem,org::eclipse::mylyn::commons::net::AbstractWebLocation,0.0,2,1,0,45.8571,0.0,0.0,0,0.0,0.0,0.0,0.0,0.0,0.0,0.0,1,0,0,0,1,0.0,0.0,0.0,0.0,0.0,True
aeeem,org::eclipse::mylyn::internal::ide::ant::Messages,0,1,0,0,0,0,2,0,3.0,1.0,0,1,0,1.0,1,2.0,1.0,0,0,0,0,0,0,aeeem,org::eclipse::mylyn::internal::ide::ant::Messages,0.0,1,1,0,19.1429,0.0,0.0,0,0.0,0.0,0.0,0.0,0.0,0.0,0.0,1,0,0,0,0,0.0,0.0,0.0,0.0,0.0,True
aeeem,org::eclipse::mylyn::internal::tasks::ui::notifications::TaskListNotificationPopup,6,2,1,5,10,0,3,1,105.0,5.0,17,3,0,0.0,3,27.0,7.0,1,1,0,0,0,1,aeeem,org::eclipse::mylyn::internal::tasks::ui::notifications::TaskListNotificationPopup,-113.0,21,2,0,66.8571,99.0,212.0,0,19.0,4.71429,143.0,10.0952,17.0,-5.38095,17.5527,14,5,0,0,6,11.0576,0.0973002,0.218234,9.47044,0.480178,True
aeeem,org::eclipse::mylyn::internal::sandbox::ui::planner::TaskActivityEditorPart,19,1,3,16,210,0,19,0,484.0,21.0,0,19,14,0.0,7,166.0,39.0,0,0,0,0,0,0,aeeem,org::eclipse::mylyn::internal::sandbox::ui::planner::TaskActivityEditorPart,6.0,7,3,0,46.0,29.0,23.0,1,12.0,4.14286,11.0,3.28571,2.0,0.857143,15.2167,7,2,0,0,4,4.10346,0.0026334,0.157601,9.18766,0.259133,True
aeeem,org::eclipse::mylyn::internal::hypertext::ui::editors::RelatedLinks,1,1,0,1,10,0,1,0,15.0,5.0,9,1,0,0.0,5,9.0,5.0,0,0,0,0,0,0,aeeem,org::eclipse::mylyn::internal::hypertext::ui::editors::RelatedLinks,0.0,3,1,0,164.0,0.0,0.0,1,0.0,0.0,0.0,0.0,0.0,0.0,0.0,1,0,0,0,1,0.0,0.0,0.0,0.0,0.0,True
aeeem,org::eclipse::mylyn::internal::tasks::bugs::wizards::SelectProductPage,10,1,1,9,28,0,5,0,196.0,8.0,0,5,2,0.0,6,44.0,21.0,1,1,0,0,1,1,aeeem,org::eclipse::mylyn::internal::tasks::bugs::wizards::SelectProductPage,-24.0,8,2,0,47.5714,152.0,176.0,0,63.0,19.0,80.0,22.0,3.0,-3.0,10.6833,7,1,0,0,2,3.37801,0.0275958,0.154967,9.16485,0.247924,True
aeeem,org::eclipse::mylyn::tasks::core::RepositoryResponse,6,1,6,0,3,0,2,0,9.0,3.0,9,2,0,0.0,3,3.0,3.0,0,0,0,0,0,0,aeeem,org::eclipse::mylyn::tasks::core::RepositoryResponse,6.0,6,2,0,46.4286,9.0,3.0,0,4.0,1.5,1.0,0.5,3.0,1.0,14.746,4,2,0,0,3,4.74807,0.00158672,0.168807,9.22447,0.301664,True
aeeem,org::eclipse::mylyn::internal::monitor::usage::InteractionEventLogger,33,2,14,20,91,0,9,3,248.0,14.0,17,9,6,0.0,8,164.0,38.0,0,0,0,0,0,0,aeeem,org::eclipse::mylyn::internal::monitor::usage::InteractionEventLogger,2.0,36,3,0,139.714,363.0,361.0,5,118.0,10.0833,96.0,10.0278,22.0,0.0555556,39.9988,22,9,1,0,13,18.8024,0.163063,0.217302,9.63577,0.410771,True
aeeem,org::eclipse::mylyn::internal::jira::core::JiraClientManager,9,1,2,7,55,0,5,0,119.0,11.0,9,3,1,0.0,8,70.0,20.0,0,0,0,0,0,0,aeeem,org::eclipse::mylyn::internal::jira::core::JiraClientManager,-21.0,23,2,0,96.8571,361.0,382.0,2,228.0,15.6957,228.0,16.6087,228.0,-0.913043,12.4915,17,8,1,0,12,14.2973,0.115192,0.21646,9.5382,0.429326,True
aeeem,org::eclipse::mylyn::internal::aspectj::AspectJBridgePlugin,0,1,0,0,6,0,1,0,13.0,4.0,0,1,0,0.0,4,6.0,4.0,0,0,0,0,0,0,aeeem,org::eclipse::mylyn::internal::aspectj::AspectJBridgePlugin,-26.0,4,1,0,92.5714,7.0,33.0,0,5.0,1.75,27.0,8.25,0.0,-6.5,47.8571,3,1,0,0,2,3.17351,0.00634802,0.140881,9.13106,0.180758,True
aeeem,org::eclipse::mylyn::wikitext::core::parser::ListAttributes,2,2,2,0,3,0,1,0,6.0,3.0,20,1,0,0.0,3,3.0,2.0,0,0,0,0,0,0,aeeem,org::eclipse::mylyn::wikitext::core::parser::ListAttributes,0.0,4,2,1,32.7143,4.0,4.0,0,2.0,1.0,3.0,1.0,1.0,0.0,12.6429,3,3,0,0,0,1.49003,0.000852372,0.0435179,0.121386,0.116244,True
aeeem,org::eclipse::mylyn::internal::tasks::ui::actions::TaskActivateAction,8,1,8,0,6,0,1,0,14.0,4.0,0,0,0,0.0,4,6.0,4.0,0,0,0,0,0,0,aeeem,org::eclipse::mylyn::internal::tasks::ui::actions::TaskActivateAction,-3.0,20,2,0,139.571,33.0,36.0,0,6.0,1.65,6.0,1.8,3.0,-0.15,69.0866,16,6,0,0,11,14.3114,0.00875926,0.185837,9.46929,0.299659,True
aeeem,org::eclipse::mylyn::internal::ide::ui::actions::FocusBookmarkMarkersViewAction,0,3,0,0,0,0,0,8,3.0,1.0,29,0,0,0.0,1,1.0,1.0,0,0,0,0,0,0,aeeem,org::eclipse::mylyn::internal::ide::ui::actions::FocusBookmarkMarkersViewAction,-11.0,11,2,0,71.7143,77.0,88.0,0,29.0,7.0,29.0,8.0,4.0,-1.0,12.4583,8,3,1,0,6,9.03512,0.0480726,0.189598,9.36669,0.366941,True
aeeem,org::eclipse::mylyn::internal::sandbox::ui::planner::TaskActivityEditorInput,17,1,4,13,253,0,8,0,121.0,23.0,9,8,0,0.0,23,52.0,25.0,0,0,0,0,0,0,aeeem,org::eclipse::mylyn::internal::sandbox::ui::planner::TaskActivityEditorInput,6.0,7,3,0,46.0,37.0,31.0,1,17.0,5.28571,16.0,4.42857,4.0,0.857143,5.20077,6,2,0,0,3,4.88878,0.00388157,0.166327,9.22338,0.29442,True
aeeem,org::eclipse::mylyn::internal::tasks::core::data::TaskDataExternalizer,16,1,2,14,6,0,1,0,50.0,4.0,9,1,1,0.0,3,27.0,5.0,0,0,0,0,0,0,aeeem,org::eclipse::mylyn::internal::tasks::core::data::TaskDataExternalizer,17.0,9,2,1,46.5714,46.0,29.0,0,26.0,5.11111,12.0,3.22222,14.0,1.88889,10.8261,9,3,0,0,6,5.63443,0.00532415,0.175647,9.25922,0.331448,True
aeeem,org::eclipse::mylyn::internal::bugzilla::core::RepositoryQueryResultsFactory,3,2,1,2,1,0,0,1,9.0,2.0,11,0,0,0.0,2,5.0,2.0,0,0,0,0,0,0,aeeem,org::eclipse::mylyn::internal::bugzilla::core::RepositoryQueryResultsFactory,-2.0,19,3,0,132.714,81.0,83.0,0,20.0,4.26316,25.0,4.36842,12.0,-0.105263,45.4286,16,9,1,1,13,11.9502,0.0225829,0.180815,9.40629,0.298367,True
aeeem,org::eclipse::mylyn::internal::sandbox::bridge::bugs::BugzillaSearchEngine,10,1,1,9,3,0,5,0,115.0,3.0,9,2,0,0.0,3,28.0,8.0,0,0,0,0,0,0,aeeem,org::eclipse::mylyn::internal::sandbox::bridge::bugs::BugzillaSearchEngine,-13.0,37,3,0,130.714,302.0,315.0,0,73.0,8.16216,75.0,8.51351,5.0,-0.351351,41.6277,29,13,1,0,19,21.3791,0.0982249,0.234751,9.72888,0.468298,True
aeeem,org::eclipse::mylyn::internal::jira::core::service::JiraConfiguration,9,1,9,0,171,0,13,0,62.0,19.0,9,8,0,0.0,19,31.0,19.0,0,0,0,0,0,0,aeeem,org::eclipse::mylyn::internal::jira::core::service::JiraConfiguration,2.0,2,1,0,2.71429,2.0,0.0,0,2.0,1.0,0.0,0.0,2.0,1.0,0.714286,1,0,0,0,1,0.0,0.0,0.0,0.0,0.0,True
aeeem,org::eclipse::mylyn::monitor::ui::MonitorUi,13,1,12,1,66,0,0,0,36.0,12.0,9,0,0,0.0,12,36.0,12.0,0,0,0,0,0,0,aeeem,org::eclipse::mylyn::monitor::ui::MonitorUi,62.0,7,3,0,48.5714,64.0,2.0,0,27.0,9.14286,1.0,0.285714,27.0,8.85714,4.52902,5,1,0,0,2,4.7898,0.00365668,0.16288,9.21441,0.279805,True
aeeem,org::eclipse::mylyn::internal::xplanner::ui::editor::XPlannerTaskEditor,11,3,1,10,36,0,4,16,122.0,9.0,49,4,0,0.0,7,36.0,11.0,2,2,0,0,0,1,aeeem,org::eclipse::mylyn::internal::xplanner::ui::editor::XPlannerTaskEditor,0.0,1,1,0,6.42857,0.0,0.0,0,0.0,0.0,0.0,0.0,0.0,0.0,0.0,1,1,1,0,1,0.0,0.0,0.0,0.0,0.0,True
aeeem,org::eclipse::mylyn::internal::sandbox::ui::highlighters::ColorCoordinatesChange,2,1,1,1,1,0,0,0,100.0,2.0,9,0,0,0.0,2,8.0,15.0,0,0,0,0,0,0,aeeem,org::eclipse::mylyn::internal::sandbox::ui::highlighters::ColorCoordinatesChange,8.0,3,2,0,43.5714,10.0,2.0,0,9.0,3.33333,1.0,0.666667,8.0,2.66667,18.7571,2,0,0,0,1,1.84703,0.00189749,0.136921,9.09329,0.175609,True
aeeem,org::eclipse::mylyn::internal::web::ui::WebRoot,3,2,1,2,45,0,4,1,34.0,10.0,28,3,0,0.0,9,21.0,10.0,0,0,0,0,0,0,aeeem,org::eclipse::mylyn::internal::web::ui::WebRoot,0.0,6,2,0,92.4286,13.0,13.0,0,4.0,2.16667,5.0,2.16667,3.0,0.0,33.6044,4,1,0,0,3,4.46389,0.00175632,0.14921,9.17814,0.211039,True
aeeem,org::eclipse::mylyn::commons::core::DateUtil,8,1,7,1,6,0,0,0,109.0,4.0,9,0,0,0.0,4,7.0,26.0,0,0,0,0,0,0,aeeem,org::eclipse::mylyn::commons::core::DateUtil,-34.0,7,2,0,46.0,55.0,89.0,0,34.0,7.85714,56.0,12.7143,7.0,-4.85714,18.9922,7,1,0,0,4,6.31013,0.00657466,0.1853,9.29392,0.368531,True
aeeem,org::eclipse::mylyn::wikitext::core::parser::markup::phrase::LimitedHtmlStartTagPhraseModifier,2,2,1,1,6,0,1,0,23.0,4.0,22,1,0,0.0,1,10.0,5.0,0,0,0,0,0,0,aeeem,org::eclipse::mylyn::wikitext::core::parser::markup::phrase::LimitedHtmlStartTagPhraseModifier,8.0,7,2,1,32.7143,17.0,9.0,0,7.0,2.42857,4.0,1.28571,7.0,1.14286,15.3193,4,4,0,0,0,1.49003,0.00136379,0.0435179,0.121386,0.116244,True
aeeem,org::eclipse::mylyn::zest::tests::uml::UMLExample,5,1,0,5,3,0,1,0,78.0,3.0,9,0,0,1.0,3,46.0,5.0,0,0,0,0,0,0,aeeem,org::eclipse::mylyn::zest::tests::uml::UMLExample,17.0,3,1,0,80.8571,52.0,35.0,0,28.0,17.3333,31.0,11.6667,20.0,5.66667,0.659341,3,3,0,0,0,0.903836,0.0118655,0.00316207,0.0269541,0.00573197,True
aeeem,org::eclipse::mylyn::internal::wikitext::ui::viewer::annotation::HorizontalRuleDrawingStrategy,2,1,1,1,1,0,1,0,44.0,2.0,9,1,0,0.0,2,7.0,5.0,0,0,0,0,0,0,aeeem,org::eclipse::mylyn::internal::wikitext::ui::viewer::annotation::HorizontalRuleDrawingStrategy,10.0,4,2,1,26.5714,13.0,3.0,0,10.0,3.25,2.0,0.75,10.0,2.5,15.2527,2,1,1,1,0,1.84703,0.000758995,0.136921,9.09329,0.175609,True
aeeem,org::eclipse::mylyn::tasks::core::RepositoryTemplate,4,1,4,0,6,0,11,0,21.0,4.0,9,0,0,11.0,4,6.0,4.0,0,0,0,0,0,0,aeeem,org::eclipse::mylyn::tasks::core::RepositoryTemplate,34.0,14,2,0,139.571,70.0,36.0,0,16.0,5.0,10.0,2.57143,13.0,2.42857,32.9816,8,4,0,0,3,9.46,0.0274739,0.158052,9.3041,0.205669,True
aeeem,org::eclipse::mylyn::internal::commons::net::AuthenticatedProxy,3,1,3,0,3,0,2,1,11.0,3.0,12,2,0,0.0,3,3.0,3.0,0,0,0,0,0,0,aeeem,org::eclipse::mylyn::internal::commons::net::AuthenticatedProxy,3.0,3,2,0,40.5714,6.0,3.0,0,4.0,2.0,2.0,1.0,3.0,1.0,17.9048,3,0,0,0,1,1.84703,0.000948744,0.136921,9.09329,0.175609,True
aeeem,org::eclipse::mylyn::internal::tasks::ui::wizards::TaskDataExportWizardPage,5,1,4,1,36,0,5,0,95.0,9.0,0,5,1,0.0,6,31.0,14.0,0,0,0,0,0,0,aeeem,org::eclipse::mylyn::internal::tasks::ui::wizards::TaskDataExportWizardPage,-118.0,22,3,0,139.571,118.0,236.0,2,27.0,5.36364,114.0,10.7273,9.0,-5.36364,96.6598,20,7,0,0,14,14.2931,0.0253028,0.200514,9.50262,0.370421,True
aeeem,org::eclipse::mylyn::internal::wikitext::ui::util::css::NameSelector,4,2,2,2,3,0,1,0,9.0,3.0,10,1,0,0.0,3,5.0,3.0,0,0,0,0,0,0,aeeem,org::eclipse::mylyn::internal::wikitext::ui::util::css::NameSelector,0.0,2,1,1,7.42857,1.0,1.0,1,1.0,0.5,1.0,0.5,0.0,0.0,0.571429,1,0,0,0,0,0.0,0.0,0.0,0.0,0.0,True
aeeem,org::eclipse::mylyn::wikitext::tasks::ui::editor::MarkupTaskEditorExtension,18,2,3,17,55,5,3,1,134.0,11.0,12,3,2,0.0,5,67.0,18.0,1,1,0,0,1,1,aeeem,org::eclipse::mylyn::wikitext::tasks::ui::editor::MarkupTaskEditorExtension,35.0,11,1,0,14.7143,79.0,44.0,0,20.0,7.18182,20.0,4.0,20.0,3.18182,9.95117,11,5,1,0,4,0.0,0.0,0.0,0.0,0.0,True
aeeem,org::eclipse::mylyn::internal::wikitext::confluence::core::block::ParameterizedBlock,4,3,3,1,1,3,0,4,16.0,2.0,43,0,0,0.0,1,7.0,4.0,0,0,0,0,0,0,aeeem,org::eclipse::mylyn::internal::wikitext::confluence::core::block::ParameterizedBlock,23.0,4,2,0,32.7143,30.0,7.0,0,24.0,7.5,4.0,1.75,23.0,5.75,24.0571,4,3,0,0,0,1.49003,0.00136379,0.0435179,0.121386,0.116244,True
aeeem,org::eclipse::mylyn::internal::monitor::reports::collectors::FocusedUiUsageAnalysisCollector,19,3,2,17,325,0,26,5,398.0,26.0,26,25,4,0.0,22,180.0,75.0,0,0,0,0,0,0,aeeem,org::eclipse::mylyn::internal::monitor::reports::collectors::FocusedUiUsageAnalysisCollector,-42.0,16,2,0,92.5714,149.0,191.0,1,74.0,9.3125,125.0,11.9375,8.0,-2.625,18.8322,11,2,0,0,8,11.1073,0.0392684,0.196701,9.42768,0.384907,True
aeeem,org::eclipse::mylyn::internal::jira::core::util::JiraUtil,39,1,20,19,496,0,18,0,233.0,32.0,9,17,1,0.0,31,160.0,62.0,0,0,0,0,0,0,aeeem,org::eclipse::mylyn::internal::jira::core::util::JiraUtil,229.0,18,2,0,48.7143,391.0,162.0,0,101.0,21.7222,67.0,9.0,62.0,12.7222,12.1381,16,9,1,0,6,8.09514,0.0954617,0.23981,9.44305,0.51829,True
aeeem,org::eclipse::mylyn::commons::net::Policy,14,1,9,5,21,0,1,0,54.0,7.0,9,0,0,1.0,7,24.0,19.0,0,0,0,0,0,0,aeeem,org::eclipse::mylyn::commons::net::Policy,1.0,3,2,0,45.8571,3.0,2.0,0,2.0,1.0,1.0,0.666667,1.0,0.333333,12.8571,3,0,0,0,3,3.32672,0.000692066,0.149833,9.15394,0.227553,True
aeeem,org::eclipse::mylyn::internal::tasks::core::ScheduledTaskContainer,19,3,12,7,78,1,3,0,93.0,13.0,50,3,0,0.0,13,54.0,33.0,0,0,0,0,0,0,aeeem,org::eclipse::mylyn::internal::tasks::core::ScheduledTaskContainer,15.0,38,3,0,91.8571,426.0,411.0,1,131.0,11.2105,173.0,10.8158,12.0,0.394737,35.6794,28,15,3,2,17,16.8766,0.0872368,0.229522,9.62722,0.487354,True
aeeem,org::eclipse::mylyn::internal::wikitext::ui::editor::reconciler::MarkupValidationReconcilingStrategy,1,1,1,0,45,0,6,0,33.0,10.0,9,6,1,0.0,9,15.0,11.0,0,0,0,0,0,0,aeeem,org::eclipse::mylyn::internal::wikitext::ui::editor::reconciler::MarkupValidationReconcilingStrategy,4.0,3,2,0,32.7143,12.0,8.0,0,11.0,4.0,7.0,2.66667,4.0,1.33333,2.2381,3,3,1,0,0,2.38141,0.00321555,0.132656,9.07779,0.205382,True
aeeem,org::eclipse::mylyn::internal::tasks::bugs::wizards::SelectFeaturePage,6,1,2,4,6,0,4,0,106.0,4.0,0,4,0,0.0,4,16.0,6.0,1,1,0,0,1,1,aeeem,org::eclipse::mylyn::internal::tasks::bugs::wizards::SelectFeaturePage,16.0,8,2,0,47.5714,40.0,24.0,0,11.0,5.0,8.0,3.0,3.0,2.0,16.3,7,1,0,0,2,3.37801,0.00531195,0.154967,9.16485,0.247924,True
aeeem,org::eclipse::mylyn::internal::tasks::ui::wizards::AttachmentSourcePage,13,1,1,12,325,0,20,0,461.0,26.0,0,13,10,0.0,11,134.0,86.0,0,0,0,0,0,0,aeeem,org::eclipse::mylyn::internal::tasks::ui::wizards::AttachmentSourcePage,0.0,1,1,0,14.7143,0.0,0.0,0,0.0,0.0,0.0,0.0,0.0,0.0,0.0,1,0,0,0,0,0.0,0.0,0.0,0.0,0.0,True
aeeem,org::eclipse::mylyn::internal::team::ui::Messages,0,1,0,0,0,0,3,0,3.0,1.0,0,1,0,2.0,1,2.0,1.0,0,0,0,0,0,0,aeeem,org::eclipse::mylyn::internal::team::ui::Messages,0.0,1,1,0,14.8571,0.0,0.0,0,0.0,0.0,0.0,0.0,0.0,0.0,0.0,1,0,0,0,0,0.0,0.0,0.0,0.0,0.0,True
aeeem,org::eclipse::mylyn::internal::wikitext::textile::core::validation::BlockWhitespaceRule,7,2,1,6,1,0,1,0,29.0,2.0,11,1,0,0.0,2,14.0,9.0,0,0,0,0,0,0,aeeem,org::eclipse::mylyn::internal::wikitext::textile::core::validation::BlockWhitespaceRule,3.0,3,2,0,32.7143,16.0,13.0,0,10.0,5.33333,7.0,4.33333,3.0,1.0,5.89286,3,3,0,0,0,1.49003,0.00289806,0.0435179,0.121386,0.116244,True
aeeem,org::eclipse::mylyn::internal::trac::ui::TracHyperlinkUtil,10,1,3,7,10,0,16,0,208.0,5.0,9,0,3,16.0,2,128.0,48.0,0,0,0,0,0,0,aeeem,org::eclipse::mylyn::internal::trac::ui::TracHyperlinkUtil,66.0,28,2,0,104.857,536.0,470.0,1,284.0,19.1429,284.0,16.7857,284.0,2.35714,22.9342,20,9,2,0,13,16.1305,0.123265,0.256748,9.66116,0.544686,True
aeeem,org::eclipse::mylyn::internal::tasks::ui::search::SearchResultTreeContentProvider,8,2,2,6,45,0,4,2,80.0,10.0,14,4,0,0.0,10,39.0,23.0,0,0,0,0,0,0,aeeem,org::eclipse::mylyn::internal::tasks::ui::search::SearchResultTreeContentProvider,47.0,17,3,0,68.5714,174.0,127.0,1,59.0,10.2353,47.0,7.47059,56.0,2.76471,16.0698,13,3,1,0,5,9.68552,0.0539793,0.191828,9.38662,0.375007,True
aeeem,org::eclipse::mylyn::internal::tasks::ui::deprecated::AbstractRepositoryTaskEditor,49,1,13,40,7021,2,93,0,3026.0,119.0,0,80,24,0.0,41,727.0,354.0,0,0,0,0,0,0,aeeem,org::eclipse::mylyn::internal::tasks::ui::deprecated::AbstractRepositoryTaskEditor,13.0,33,3,1,45.2857,179.0,166.0,0,33.0,5.42424,31.0,5.0303,9.0,0.393939,2.36792,17,8,0,0,12,4.82202,0.0136769,0.171605,9.23158,0.313272,True
aeeem,org::eclipse::mylyn::internal::trac::core::model::TracTicketField,3,1,2,1,253,0,12,0,81.0,23.0,18,11,0,0.0,23,29.0,28.0,0,0,0,0,0,0,aeeem,org::eclipse::mylyn::internal::trac::core::model::TracTicketField,3.0,10,2,0,104.571,172.0,169.0,0,152.0,17.2,152.0,16.9,152.0,0.3,7.95266,5,3,0,0,2,6.00254,0.0228107,0.148624,9.20964,0.189072,True
aeeem,org::eclipse::mylyn::tasks::ui::wizards::TaskRepositoryWizardDialog,4,1,2,2,21,0,3,0,88.0,7.0,0,3,2,0.0,3,32.0,23.0,0,0,0,0,0,0,aeeem,org::eclipse::mylyn::tasks::ui::wizards::TaskRepositoryWizardDialog,58.0,4,1,0,6.71429,80.0,22.0,0,52.0,20.0,21.0,5.5,52.0,14.5,2.17679,2,0,0,0,1,0.0,0.0,0.0,0.0,0.0,True
aeeem,org::eclipse::mylyn::internal::wikitext::tasks::ui::util::Util,7,1,3,4,1,0,1,0,15.0,2.0,9,1,1,0.0,1,13.0,3.0,0,0,0,0,0,0,aeeem,org::eclipse::mylyn::internal::wikitext::tasks::ui::util::Util,0.0,1,1,0,6.0,0.0,0.0,0,0.0,0.0,0.0,0.0,0.0,0.0,0.0,1,0,0,0,1,0.0,0.0,0.0,0.0,0.0,True
aeeem,org::eclipse::mylyn::internal::tasks::ui::util::TaskContainerComparator,6,1,2,4,1,0,0,0,9.0,2.0,9,0,0,0.0,2,10.0,3.0,0,0,0,0,0,0,aeeem,org::eclipse::mylyn::internal::tasks::ui::util::TaskContainerComparator,0.0,1,1,0,2.71429,0.0,0.0,0,0.0,0.0,0.0,0.0,0.0,0.0,0.0,1,0,0,0,0,0.0,0.0,0.0,0.0,0.0,True
aeeem,org::eclipse::mylyn::internal::tasks::core::TaskGroup,4,3,4,0,6,0,2,0,14.0,4.0,50,2,0,0.0,4,4.0,4.0,0,0,0,0,0,0,aeeem,org::eclipse::mylyn::internal::tasks::core::TaskGroup,-3.0,8,3,0,81.1429,19.0,22.0,0,5.0,2.375,10.0,2.75,3.0,-0.375,28.0602,7,3,0,0,6,7.29077,0.00777857,0.171847,9.29024,0.297983,True
aeeem,org::eclipse::mylyn::internal::wikitext::textile::core::block::HeadingBlock,11,3,1,10,6,0,5,4,45.0,4.0,43,4,0,0.0,4,28.0,12.0,0,0,0,0,0,0,aeeem,org::eclipse::mylyn::internal::wikitext::textile::core::block::HeadingBlock,1.0,3,2,0,32.7143,11.0,10.0,0,8.0,3.66667,7.0,3.33333,1.0,0.333333,4.75325,3,3,0,0,0,1.49003,0.00255712,0.0435179,0.121386,0.116244,True
aeeem,org::eclipse::mylyn::commons::net::HtmlTag,10,1,7,3,78,0,7,0,151.0,13.0,9,7,0,0.0,13,92.0,49.0,0,0,0,0,0,0,aeeem,org::eclipse::mylyn::commons::net::HtmlTag,0.0,2,1,0,45.8571,0.0,0.0,0,0.0,0.0,0.0,0.0,0.0,0.0,0.0,1,0,0,0,1,0.0,0.0,0.0,0.0,0.0,True
aeeem,org::eclipse::mylyn::zest::tests::jface::GraphJFaceSnippet1,2,1,0,2,0,0,1,0,35.0,1.0,9,0,0,1.0,1,13.0,3.0,0,0,0,0,0,0,aeeem,org::eclipse::mylyn::zest::tests::jface::GraphJFaceSnippet1,0.0,1,1,0,80.8571,0.0,0.0,0,0.0,0.0,0.0,0.0,0.0,0.0,0.0,1,1,0,0,0,0.0,0.0,0.0,0.0,0.0,True
aeeem,org::eclipse::mylyn::internal::bugzilla::ui::wizard::AbstractWizardListPage,3,1,0,3,45,0,3,0,99.0,10.0,0,0,0,0.0,5,34.0,13.0,0,0,0,0,0,0,aeeem,org::eclipse::mylyn::internal::bugzilla::ui::wizard::AbstractWizardListPage,-8.0,6,2,0,164.0,16.0,24.0,1,8.0,2.66667,12.0,4.0,0.0,-1.33333,16.3571,2,0,0,0,1,1.92,0.0199808,0.00310025,0.0465318,0.000434593,True
aeeem,org::eclipse::mylyn::internal::team::ui::properties::Messages,0,1,0,0,0,0,4,0,3.0,1.0,0,1,0,3.0,1,2.0,1.0,0,0,0,0,0,0,aeeem,org::eclipse::mylyn::internal::team::ui::properties::Messages,0.0,1,1,0,14.8571,0.0,0.0,0,0.0,0.0,0.0,0.0,0.0,0.0,0.0,1,0,0,0,0,0.0,0.0,0.0,0.0,0.0,True
aeeem,org::eclipse::mylyn::internal::tasks::core::externalization::TaskListExternalizer,28,1,5,23,28,0,10,0,213.0,8.0,9,8,4,0.0,4,125.0,33.0,0,0,0,0,0,0,aeeem,org::eclipse::mylyn::internal::tasks::core::externalization::TaskListExternalizer,-169.0,25,3,1,46.0,289.0,458.0,0,73.0,11.56,145.0,18.32,6.0,-6.76,7.07958,19,11,2,2,13,6.31013,0.0529738,0.1853,9.29392,0.368531,True
aeeem,org::eclipse::mylyn::internal::tasks::ui::RepositoryAwareStatusHandler,2,1,0,2,3,0,3,0,38.0,3.0,9,2,0,0.0,3,9.0,7.0,0,0,0,0,0,0,aeeem,org::eclipse::mylyn::internal::tasks::ui::RepositoryAwareStatusHandler,35.0,25,3,0,139.143,202.0,167.0,2,45.0,8.08,41.0,6.68,41.0,1.4,61.2001,20,7,2,1,9,16.4549,0.0479079,0.217093,9.58438,0.422893,True
aeeem,org::eclipse::mylyn::zest::layouts::algorithms::HorizontalTreeLayoutAlgorithm,2,3,0,2,6,0,0,8,24.0,4.0,72,0,0,0.0,1,12.0,13.0,0,0,0,0,0,0,aeeem,org::eclipse::mylyn::zest::layouts::algorithms::HorizontalTreeLayoutAlgorithm,9.0,4,2,1,184.857,16.0,7.0,1,10.0,4.0,4.0,1.75,9.0,2.25,42.4821,1,1,0,0,0,4.37354,0.081147,0.00817115,0.108897,0.00532871,True
aeeem,org::eclipse::mylyn::internal::tasks::ui::TasksAdapterFactory,2,1,0,2,1,0,1,0,20.0,2.0,18,1,0,0.0,2,6.0,8.0,0,0,0,0,0,0,aeeem,org::eclipse::mylyn::internal::tasks::ui::TasksAdapterFactory,3.0,3,2,0,43.8571,5.0,2.0,0,4.0,1.66667,1.0,0.666667,3.0,1.0,20.8,2,0,0,0,2,1.84703,0.000948744,0.136921,9.09329,0.175609,True
aeeem,org::eclipse::mylyn::internal::wikitext::tracwiki::core::token::ReportLinkReplacementToken,2,2,1,1,6,0,0,0,9.0,4.0,22,0,0,0.0,1,5.0,3.0,0,0,0,0,0,0,aeeem,org::eclipse::mylyn::internal::wikitext::tracwiki::core::token::ReportLinkReplacementToken,0.0,1,1,0,7.14286,0.0,0.0,0,0.0,0.0,0.0,0.0,0.0,0.0,0.0,1,0,0,0,0,0.0,0.0,0.0,0.0,0.0,True
aeeem,org::eclipse::mylyn::internal::bugzilla::core::search::BugzillaLabelProvider,3,1,0,3,0,0,4,0,40.0,1.0,0,4,0,0.0,1,5.0,3.0,0,0,0,0,0,0,aeeem,org::eclipse::mylyn::internal::bugzilla::core::search::BugzillaLabelProvider,0.0,2,1,0,164.0,0.0,0.0,1,0.0,0.0,0.0,0.0,0.0,0.0,0.0,1,0,0,0,0,0.0,0.0,0.0,0.0,0.0,True
aeeem,org::eclipse::mylyn::internal::java::ui::JavaEditingMonitor,3,2,1,2,3,0,4,1,109.0,3.0,17,0,0,0.0,2,29.0,40.0,0,0,0,0,0,0,aeeem,org::eclipse::mylyn::internal::java::ui::JavaEditingMonitor,19.0,19,2,0,137.286,63.0,44.0,3,19.0,3.31579,11.0,2.31579,8.0,1.0,67.0612,16,5,0,0,12,11.7183,0.0193751,0.189959,9.42693,0.34471,True
aeeem,org::eclipse::mylyn::internal::xplanner::ui::editor::XPlannerTaskEditorExtraControls,15,2,4,11,91,0,8,1,241.0,14.0,19,8,9,0.0,2,71.0,24.0,1,1,0,0,0,1,aeeem,org::eclipse::mylyn::internal::xplanner::ui::editor::XPlannerTaskEditorExtraControls,0.0,1,1,0,6.42857,0.0,0.0,0,0.0,0.0,0.0,0.0,0.0,0.0,0.0,1,1,1,0,1,0.0,0.0,0.0,0.0,0.0,True
aeeem,org::eclipse::mylyn::wikitext::ui::viewer::HtmlTextPresenter,5,1,1,4,3,1,1,0,29.0,3.0,9,1,0,0.0,2,19.0,5.0,0,0,0,0,0,0,aeeem,org::eclipse::mylyn::wikitext::ui::viewer::HtmlTextPresenter,1.0,6,2,1,32.7143,19.0,18.0,0,13.0,3.16667,13.0,3.0,1.0,0.166667,5.80451,5,4,0,0,0,1.49003,0.00477328,0.0435179,0.121386,0.116244,True
aeeem,org::eclipse::mylyn::internal::team::ui::templates::CommitTemplateVariables,15,1,9,6,1,0,0,0,31.0,2.0,9,0,1,0.0,1,13.0,6.0,0,0,0,0,0,0,aeeem,org::eclipse::mylyn::internal::team::ui::templates::CommitTemplateVariables,31.0,23,3,0,92.4286,247.0,216.0,2,107.0,10.7391,75.0,9.3913,32.0,1.34783,36.2944,19,9,0,0,10,9.68542,0.0252157,0.215862,9.43089,0.449016,True
aeeem,org::eclipse::mylyn::internal::trac::core::TracTaskDataHandler,30,2,3,28,120,0,6,0,399.0,16.0,17,4,2,0.0,14,304.0,77.0,2,1,1,0,1,1,aeeem,org::eclipse::mylyn::internal::trac::core::TracTaskDataHandler,352.0,68,3,0,113.143,889.0,537.0,2,276.0,13.0735,203.0,7.89706,73.0,5.17647,56.712,52,36,3,1,21,25.5639,0.138546,0.312754,9.98607,0.703824,True
aeeem,org::eclipse::mylyn::internal::commons::ui::SwtUtil,9,1,5,5,21,0,3,0,72.0,7.0,9,0,0,0.0,7,30.0,10.0,0,0,0,0,0,0,aeeem,org::eclipse::mylyn::internal::commons::ui::SwtUtil,6.0,6,2,0,45.8571,34.0,28.0,0,12.0,5.66667,21.0,4.66667,12.0,1.0,15.6681,6,1,0,0,3,4.17741,0.00271166,0.160399,9.19476,0.270741,True
aeeem,org::eclipse::mylyn::internal::wikitext::ui::util::css::editor::CommentDamagerRepairer,1,1,1,0,10,0,2,0,54.0,5.0,9,2,1,0.0,4,20.0,10.0,0,0,0,0,0,0,aeeem,org::eclipse::mylyn::internal::wikitext::ui::util::css::editor::CommentDamagerRepairer,0.0,1,1,0,6.42857,0.0,0.0,0,0.0,0.0,0.0,0.0,0.0,0.0,0.0,1,0,0,0,0,0.0,0.0,0.0,0.0,0.0,True
aeeem,org::eclipse::mylyn::internal::tasks::ui::actions::RefreshRepositoryTasksAction,6,2,0,6,10,0,1,0,21.0,5.0,6,1,1,0.0,4,15.0,6.0,0,0,0,0,0,0,aeeem,org::eclipse::mylyn::internal::tasks::ui::actions::RefreshRepositoryTasksAction,4.0,16,2,0,65.8571,24.0,20.0,0,5.0,1.5,3.0,1.25,2.0,0.25,27.1905,12,5,1,0,6,4.7898,0.00319226,0.16288,9.21441,0.279805,True
aeeem,org::eclipse::mylyn::internal::context::ui::views::Messages,0,1,0,0,0,0,2,0,3.0,1.0,0,1,0,1.0,1,2.0,1.0,0,0,0,0,0,0,aeeem,org::eclipse::mylyn::internal::context::ui::views::Messages,0.0,1,1,0,14.8571,0.0,0.0,0,0.0,0.0,0.0,0.0,0.0,0.0,0.0,1,0,0,0,0,0.0,0.0,0.0,0.0,0.0,True
aeeem,org::eclipse::mylyn::zest::core::widgets::internal::LoopAnchor,4,1,1,3,1,0,0,0,16.0,2.0,31,0,0,0.0,2,7.0,3.0,0,0,0,0,0,0,aeeem,org::eclipse::mylyn::zest::core::widgets::internal::LoopAnchor,0.0,2,1,0,103.0,1.0,1.0,0,1.0,0.5,1.0,0.5,0.0,0.0,10.8571,0,0,0,0,0,1.45219,0.000135718,0.00420507,0.0409958,0.00508017,True
aeeem,org::eclipse::mylyn::internal::wikitext::core::util::EclipseServiceLocator,6,2,0,6,1,0,0,1,31.0,2.0,13,0,0,0.0,2,18.0,6.0,0,0,0,0,0,0,aeeem,org::eclipse::mylyn::internal::wikitext::core::util::EclipseServiceLocator,3.0,5,2,1,32.7143,13.0,10.0,0,6.0,2.6,5.0,2.0,3.0,0.6,9.36264,4,4,0,0,0,1.49003,0.00153427,0.0435179,0.121386,0.116244,True
aeeem,org::eclipse::mylyn::internal::sandbox::ui::hyperlinks::JavaResourceHyperlink,3,1,3,0,36,0,2,0,121.0,9.0,9,2,1,0.0,5,23.0,18.0,0,0,0,0,0,0,aeeem,org::eclipse::mylyn::internal::sandbox::ui::hyperlinks::JavaResourceHyperlink,73.0,7,2,0,33.8571,140.0,67.0,0,125.0,20.0,33.0,9.57143,117.0,10.4286,4.6398,4,2,0,0,1,3.33706,0.0329515,0.180438,9.21468,0.291852,True
aeeem,org::eclipse::mylyn::java::ui::editor::AutoFoldingStructureProvider,7,1,1,7,120,0,11,0,452.0,16.0,9,10,8,0.0,6,159.0,84.0,0,0,0,0,0,0,aeeem,org::eclipse::mylyn::java::ui::editor::AutoFoldingStructureProvider,0.0,18,1,3,195.571,44.0,44.0,1,5.0,2.44444,5.0,2.44444,1.0,0.0,18.3279,6,5,1,0,6,3.61466,0.374881,0.00486683,0.0838993,0.000246187,True
aeeem,org::eclipse::mylyn::internal::tasks::ui::wizards::EditRepositoryWizard,16,1,4,12,21,0,2,0,61.0,7.0,0,2,0,0.0,7,38.0,16.0,0,0,0,0,0,0,aeeem,org::eclipse::mylyn::internal::tasks::ui::wizards::EditRepositoryWizard,24.0,40,3,0,139.571,125.0,101.0,2,19.0,3.125,19.0,2.525,18.0,0.6,66.4411,31,16,1,1,20,24.3342,0.0376732,0.261973,9.84848,0.49712,True
aeeem,org::eclipse::mylyn::internal::hypertext::ui::editors::WebResourceLabelProvider,1,1,1,0,10,0,0,0,27.0,5.0,0,0,0,0.0,5,7.0,8.0,0,0,0,0,0,0,aeeem,org::eclipse::mylyn::internal::hypertext::ui::editors::WebResourceLabelProvider,1.0,4,1,0,151.0,2.0,1.0,0,2.0,0.5,1.0,0.25,1.0,0.25,4.14286,1,0,0,0,1,1.34306,0.00177262,0.00218446,0.0326069,0.000317506,True
aeeem,org::eclipse::mylyn::internal::context::ui::actions::ContextRetrieveAction,5,1,2,3,6,0,2,0,31.0,4.0,0,2,0,0.0,4,17.0,9.0,0,0,0,0,0,0,aeeem,org::eclipse::mylyn::internal::context::ui::actions::ContextRetrieveAction,60.0,41,3,0,139.714,273.0,213.0,0,40.0,6.65854,48.0,5.19512,35.0,1.46341,45.6473,33,15,0,0,23,19.2612,0.0839307,0.217928,9.64504,0.414005,True
aeeem,org::eclipse::mylyn::internal::tasks::core::data::TextTaskAttachmentSource,4,2,2,2,21,1,1,0,21.0,7.0,15,1,0,0.0,7,10.0,7.0,0,0,0,0,0,0,aeeem,org::eclipse::mylyn::internal::tasks::core::data::TextTaskAttachmentSource,3.0,4,2,0,45.5714,8.0,5.0,0,4.0,2.0,3.0,1.25,3.0,0.75,25.6429,3,0,0,0,1,1.84703,0.000948744,0.136921,9.09329,0.175609,True
aeeem,org::eclipse::mylyn::internal::wikitext::textile::core::block::FootnoteBlock,10,3,1,9,6,0,5,4,50.0,4.0,43,4,0,0.0,4,27.0,10.0,0,0,0,0,0,0,aeeem,org::eclipse::mylyn::internal::wikitext::textile::core::block::FootnoteBlock,1.0,5,2,0,32.7143,13.0,12.0,0,6.0,2.6,7.0,2.4,2.0,0.2,11.044,4,4,0,0,0,1.49003,0.00221617,0.0435179,0.121386,0.116244,True
aeeem,org::eclipse::mylyn::internal::tasks::core::data::TaskDataManagerEvent,3,1,2,1,45,0,7,0,34.0,10.0,19,7,0,0.0,10,11.0,10.0,0,0,0,0,0,0,aeeem,org::eclipse::mylyn::internal::tasks::core::data::TaskDataManagerEvent,29.0,5,2,0,41.1429,37.0,8.0,0,24.0,7.4,6.0,1.6,18.0,5.8,2.78378,4,1,0,0,3,3.37801,0.00436321,0.154967,9.16485,0.247924,True
aeeem,org::eclipse::mylyn::internal::jira::core::wsdl::beans::RemoteIssueType,2,4,0,2,28,0,4,0,46.0,8.0,71,4,0,0.0,8,15.0,15.0,0,0,0,0,0,0,aeeem,org::eclipse::mylyn::internal::jira::core::wsdl::beans::RemoteIssueType,19.0,9,2,0,110.714,129.0,110.0,0,71.0,14.3333,80.0,12.2222,26.0,2.11111,29.3079,7,4,1,1,5,5.94514,0.0100146,0.153982,9.22122,0.218565,True
aeeem,org::eclipse::mylyn::internal::context::ui::Messages,0,1,0,0,0,0,13,0,3.0,1.0,0,1,0,12.0,1,2.0,1.0,0,0,0,0,0,0,aeeem,org::eclipse::mylyn::internal::context::ui::Messages,0.0,1,1,0,14.8571,0.0,0.0,0,0.0,0.0,0.0,0.0,0.0,0.0,0.0,1,0,0,0,0,0.0,0.0,0.0,0.0,0.0,True
aeeem,org::eclipse::mylyn::internal::tasks::ui::editors::TaskEditorAttachmentPart,10,2,0,10,21,0,7,1,157.0,7.0,19,7,4,0.0,3,59.0,11.0,2,2,0,0,0,1,aeeem,org::eclipse::mylyn::internal::tasks::ui::editors::TaskEditorAttachmentPart,-197.0,35,2,0,61.2857,551.0,748.0,1,207.0,15.7429,303.0,21.3714,96.0,-5.62857,16.6917,27,9,0,0,15,11.5042,0.0899507,0.223968,9.49287,0.507314,True
aeeem,org::eclipse::mylyn::monitor::reports::ui::views::UsageCountView,1,1,1,0,55,0,9,0,329.0,11.0,0,9,8,0.0,3,37.0,11.0,0,0,0,0,0,0,aeeem,org::eclipse::mylyn::monitor::reports::ui::views::UsageCountView,2.0,8,1,5,181.714,11.0,9.0,0,4.0,1.375,2.0,1.125,2.0,0.25,3.16883,5,1,0,0,5,1.75389,0.0531269,0.00227045,0.0403449,8.61307e-05,True
aeeem,org::eclipse::mylyn::internal::jira::core::wsdl::beans::RemoteGroup,6,2,0,6,45,0,5,0,65.0,10.0,33,5,0,0.0,10,29.0,28.0,0,0,0,0,0,0,aeeem,org::eclipse::mylyn::internal::jira::core::wsdl::beans::RemoteGroup,-14.0,9,2,0,110.714,169.0,183.0,0,137.0,18.7778,151.0,20.3333,7.0,-1.55556,24.9763,7,4,1,1,5,5.94514,0.0128178,0.153982,9.22122,0.218565,True
aeeem,org::eclipse::mylyn::wikitext::core::parser::IdGenerator,12,1,9,3,15,0,4,0,45.0,6.0,9,4,0,0.0,6,15.0,13.0,0,0,0,0,0,0,aeeem,org::eclipse::mylyn::wikitext::core::parser::IdGenerator,49.0,10,2,1,32.7143,69.0,20.0,0,25.0,6.9,7.0,2.0,25.0,4.9,15.7764,8,7,0,0,0,1.49003,0.00289806,0.0435179,0.121386,0.116244,True
aeeem,org::eclipse::mylyn::internal::trac::core::client::TracNoSuchMethodException,1,2,1,0,0,0,1,0,3.0,1.0,26,1,0,0.0,1,1.0,1.0,0,0,0,0,0,0,aeeem,org::eclipse::mylyn::internal::trac::core::client::TracNoSuchMethodException,3.0,4,2,0,39.5714,6.0,3.0,0,4.0,1.5,1.0,0.75,3.0,0.75,15.9524,2,1,0,0,2,1.84703,0.00132824,0.136921,9.09329,0.175609,True
aeeem,org::eclipse::mylyn::internal::java::ui::actions::FocusBreakpointsViewAction,3,3,0,3,1,0,0,8,13.0,2.0,29,0,0,0.0,2,8.0,3.0,0,0,0,0,0,0,aeeem,org::eclipse::mylyn::internal::java::ui::actions::FocusBreakpointsViewAction,4.0,3,1,0,43.0,7.0,3.0,0,6.0,2.33333,3.0,1.0,3.0,1.33333,14.5918,2,0,0,0,2,3.30805,0.0019257,0.155299,9.16371,0.247979,True
aeeem,org::eclipse::mylyn::internal::jira::core::model::Attachment,6,1,6,0,66,0,6,0,40.0,12.0,18,6,0,0.0,12,12.0,12.0,0,0,0,0,0,0,aeeem,org::eclipse::mylyn::internal::jira::core::model::Attachment,4.0,8,2,0,97.2857,99.0,95.0,0,83.0,12.375,83.0,11.875,83.0,0.5,4.43867,4,2,0,0,3,6.03561,0.0287521,0.149057,9.21154,0.190373,True
aeeem,org::eclipse::mylyn::internal::xplanner::ui::editor::XPlannerTaskEditorPageFactory,8,2,0,8,10,0,0,4,40.0,5.0,17,0,0,0.0,5,23.0,12.0,0,0,0,0,0,0,aeeem,org::eclipse::mylyn::internal::xplanner::ui::editor::XPlannerTaskEditorPageFactory,0.0,1,1,0,6.42857,0.0,0.0,0,0.0,0.0,0.0,0.0,0.0,0.0,0.0,1,1,1,0,1,0.0,0.0,0.0,0.0,0.0,True
aeeem,org::eclipse::mylyn::internal::wikitext::ui::editor::actions::ContextHelpAction,1,1,1,0,1,0,2,0,11.0,2.0,0,2,0,0.0,2,5.0,3.0,2,1,0,0,0,1,aeeem,org::eclipse::mylyn::internal::wikitext::ui::editor::actions::ContextHelpAction,1.0,4,2,0,32.7143,11.0,10.0,0,6.0,2.75,5.0,2.5,1.0,0.25,6.33766,4,4,1,0,0,2.38141,0.00202223,0.132656,9.07779,0.205382,True
aeeem,org::eclipse::mylyn::internal::wikitext::ui::viewer::Util,4,1,2,2,0,0,0,0,22.0,1.0,9,0,0,0.0,0,10.0,6.0,0,0,0,0,0,0,aeeem,org::eclipse::mylyn::internal::wikitext::ui::viewer::Util,0.0,4,1,1,24.5714,4.0,4.0,0,2.0,1.0,2.0,1.0,0.0,0.0,15.3929,2,1,0,0,0,0.0,0.0,0.0,0.0,0.0,True
aeeem,org::eclipse::mylyn::internal::xplanner::ui::wizard::Messages,0,1,0,0,0,0,37,0,2.0,1.0,0,1,1,36.0,0,1.0,1.0,1,1,0,0,0,1,aeeem,org::eclipse::mylyn::internal::xplanner::ui::wizard::Messages,0.0,1,1,0,6.42857,0.0,0.0,0,0.0,0.0,0.0,0.0,0.0,0.0,0.0,1,1,1,0,1,0.0,0.0,0.0,0.0,0.0,True
aeeem,org::eclipse::mylyn::internal::commons::ui::ColorSelectionWindow,0,1,0,0,10,0,2,0,71.0,5.0,0,2,1,0.0,2,13.0,5.0,0,0,0,0,0,0,aeeem,org::eclipse::mylyn::internal::commons::ui::ColorSelectionWindow,4.0,4,2,0,45.8571,7.0,3.0,0,5.0,1.75,1.0,0.75,4.0,1.0,20.9796,3,0,0,0,2,1.84703,0.00151799,0.136921,9.09329,0.175609,True
aeeem,org::eclipse::mylyn::internal::wikitext::ui::util::InformationPresenterUtil,2,1,1,1,0,0,2,0,75.0,1.0,9,2,0,0.0,1,8.0,1.0,1,0,0,0,0,1,aeeem,org::eclipse::mylyn::internal::wikitext::ui::util::InformationPresenterUtil,36.0,4,2,0,32.7143,68.0,32.0,0,65.0,17.0,30.0,8.0,35.0,9.0,2.05042,4,3,0,0,0,1.49003,0.0163655,0.0435179,0.121386,0.116244,True
aeeem,org::eclipse::mylyn::internal::provisional::commons::soap::SoapHttpSender,3,2,0,3,1,0,3,3,17.0,2.0,8,1,0,0.0,0,11.0,5.0,0,0,0,0,0,0,aeeem,org::eclipse::mylyn::internal::provisional::commons::soap::SoapHttpSender,0.0,1,1,0,13.5714,0.0,0.0,0,0.0,0.0,0.0,0.0,0.0,0.0,0.0,1,1,0,0,1,0.0,0.0,0.0,0.0,0.0,True
aeeem,org::eclipse::mylyn::bugzilla::deprecated::BugzillaCompareInput,1,1,0,1,36,0,5,0,36.0,9.0,0,5,0,0.0,8,17.0,11.0,0,0,0,0,0,0,aeeem,org::eclipse::mylyn::bugzilla::deprecated::BugzillaCompareInput,3.0,3,3,0,39.5714,8.0,5.0,0,8.0,2.66667,5.0,1.66667,3.0,1.0,13.0,3,1,0,0,3,1.84703,0.00246673,0.136921,9.09329,0.175609,True
aeeem,org::eclipse::mylyn::internal::wikitext::tracwiki::core::block::ParagraphBlock,6,3,1,5,6,0,1,4,42.0,4.0,43,1,0,0.0,4,18.0,10.0,0,0,0,0,0,0,aeeem,org::eclipse::mylyn::internal::wikitext::tracwiki::core::block::ParagraphBlock,-1.0,5,2,0,32.7143,8.0,9.0,0,3.0,1.6,4.0,1.8,0.0,-0.2,15.7857,4,3,0,0,1,1.49003,0.00119332,0.0435179,0.121386,0.116244,True
aeeem,org::eclipse::mylyn::internal::sandbox::ui::editors::TaskEditorDropTarget,7,1,1,6,15,0,2,0,79.0,6.0,0,1,3,0.0,3,41.0,17.0,0,0,0,0,0,0,aeeem,org::eclipse::mylyn::internal::sandbox::ui::editors::TaskEditorDropTarget,-4.0,4,2,0,30.4286,7.0,11.0,0,4.0,1.75,9.0,2.75,3.0,-1.0,2.97959,3,1,0,0,1,3.33706,0.00320346,0.180438,9.21468,0.291852,True
aeeem,org::eclipse::mylyn::wikitext::core::util::LocationTrackingReader,4,1,2,2,21,0,7,0,105.0,7.0,32,7,0,0.0,7,15.0,23.0,0,0,0,0,0,0,aeeem,org::eclipse::mylyn::wikitext::core::util::LocationTrackingReader,5.0,6,2,1,32.7143,33.0,28.0,0,28.0,5.5,25.0,4.66667,3.0,0.833333,4.27706,3,3,0,0,0,1.49003,0.00937609,0.0435179,0.121386,0.116244,True
aeeem,org::eclipse::mylyn::wikitext::core::parser::builder::DitaBookMapDocumentBuilder,8,3,1,7,703,0,15,4,197.0,38.0,46,15,3,0.0,34,104.0,50.0,0,0,0,0,0,0,aeeem,org::eclipse::mylyn::wikitext::core::parser::builder::DitaBookMapDocumentBuilder,17.0,5,1,1,19.4286,27.0,10.0,0,18.0,5.4,7.0,2.0,16.0,3.4,1.15873,2,2,0,0,0,0.0,0.0,0.0,0.0,0.0,True
aeeem,org::eclipse::mylyn::internal::xplanner::ui::Messages,0,1,0,0,0,0,27,0,2.0,1.0,0,1,1,26.0,0,1.0,1.0,1,1,0,0,0,1,aeeem,org::eclipse::mylyn::internal::xplanner::ui::Messages,0.0,1,1,0,6.42857,0.0,0.0,0,0.0,0.0,0.0,0.0,0.0,0.0,0.0,1,1,1,0,1,0.0,0.0,0.0,0.0,0.0,True
aeeem,org::eclipse::mylyn::internal::jira::core::service::soap::Messages,0,1,0,0,0,0,9,0,3.0,1.0,0,1,0,8.0,1,2.0,1.0,0,0,0,0,0,0,aeeem,org::eclipse::mylyn::internal::jira::core::service::soap::Messages,0.0,1,1,0,14.8571,0.0,0.0,0,0.0,0.0,0.0,0.0,0.0,0.0,0.0,1,0,0,0,0,0.0,0.0,0.0,0.0,0.0,True
aeeem,org::eclipse::mylyn::internal::ide::ant::AntStructureBridge,7,2,0,7,55,0,2,1,226.0,11.0,23,1,0,0.0,11,80.0,45.0,0,0,0,0,0,0,aeeem,org::eclipse::mylyn::internal::ide::ant::AntStructureBridge,18.0,15,2,1,92.4286,96.0,78.0,1,24.0,6.4,16.0,5.2,12.0,1.2,35.5476,13,3,0,0,10,11.1436,0.0221686,0.192754,9.42108,0.365453,True
aeeem,org::eclipse::mylyn::tasks::core::sync::SynchronizationJob,3,1,3,0,3,3,1,0,9.0,3.0,0,1,0,0.0,3,3.0,3.0,0,0,0,0,0,0,aeeem,org::eclipse::mylyn::tasks::core::sync::SynchronizationJob,13.0,5,2,0,48.2857,22.0,9.0,0,10.0,4.4,7.0,1.8,10.0,2.6,12.1104,4,1,0,0,3,4.83045,0.00426714,0.172387,9.23327,0.316587,True
aeeem,org::eclipse::mylyn::internal::wikitext::ui::editor::actions::CollapseAllFoldingRulerAction,1,1,0,1,0,0,0,0,6.0,1.0,0,0,0,0.0,0,4.0,1.0,1,0,0,0,0,1,aeeem,org::eclipse::mylyn::internal::wikitext::ui::editor::actions::CollapseAllFoldingRulerAction,0.0,2,1,1,9.0,1.0,1.0,0,1.0,0.5,1.0,0.5,0.0,0.0,0.285714,1,0,0,0,0,0.0,0.0,0.0,0.0,0.0,True
aeeem,org::eclipse::mylyn::zest::core::widgets::internal::ZestRootLayer,2,1,1,1,105,0,5,1,122.0,15.0,113,4,6,0.0,9,68.0,26.0,0,0,0,0,0,0,aeeem,org::eclipse::mylyn::zest::core::widgets::internal::ZestRootLayer,44.0,4,1,1,85.7143,53.0,9.0,0,25.0,13.25,4.0,2.25,24.0,11.0,3.63612,6,6,0,0,0,1.78572,0.00590414,0.00605753,0.0527649,0.0103694,True
aeeem,org::eclipse::mylyn::internal::web::tasks::TasksWebPlugin,0,1,0,0,6,0,2,0,13.0,4.0,0,1,0,0.0,4,6.0,4.0,0,0,0,0,0,0,aeeem,org::eclipse::mylyn::internal::web::tasks::TasksWebPlugin,-7.0,8,2,0,92.4286,18.0,25.0,0,7.0,2.25,20.0,3.125,7.0,-0.875,30.8492,6,3,0,0,5,7.69006,0.00427641,0.180452,9.31589,0.33397,True
aeeem,org::eclipse::mylyn::internal::jira::core::wsdl::beans::AbstractRemoteConstant,6,3,4,2,45,4,5,0,60.0,10.0,52,5,0,0.0,10,23.0,25.0,0,0,0,0,0,0,aeeem,org::eclipse::mylyn::internal::jira::core::wsdl::beans::AbstractRemoteConstant,-14.0,9,2,0,110.714,160.0,174.0,0,132.0,17.7778,146.0,19.3333,7.0,-1.55556,25.2848,7,4,1,1,5,5.94514,0.0122268,0.153982,9.22122,0.218565,True
aeeem,org::eclipse::mylyn::internal::web::ui::WebSite,3,2,2,1,21,0,2,1,21.0,7.0,28,2,0,0.0,7,12.0,7.0,0,0,0,0,0,0,aeeem,org::eclipse::mylyn::internal::web::ui::WebSite,0.0,6,2,0,92.4286,12.0,12.0,0,5.0,2.0,5.0,2.0,3.0,0.0,33.2262,4,1,0,0,3,4.46389,0.00161134,0.14921,9.17814,0.211039,True
aeeem,org::eclipse::mylyn::internal::wikitext::twiki::core::block::TableOfContentsBlock,10,3,1,10,6,0,3,4,40.0,4.0,43,2,1,0.0,3,28.0,8.0,0,0,0,0,0,0,aeeem,org::eclipse::mylyn::internal::wikitext::twiki::core::block::TableOfContentsBlock,0.0,3,1,0,23.8571,2.0,2.0,0,1.0,0.666667,1.0,0.666667,0.0,0.0,6.57143,3,2,0,0,0,0.0,0.0,0.0,0.0,0.0,True
aeeem,org::eclipse::mylyn::internal::tasks::ui::editors::TaskEditorUrlHyperlinkDetector,5,1,0,5,1,0,1,0,56.0,2.0,9,1,1,0.0,1,21.0,11.0,0,0,0,0,0,0,aeeem,org::eclipse::mylyn::internal::tasks::ui::editors::TaskEditorUrlHyperlinkDetector,35.0,11,2,0,139.571,161.0,126.0,0,113.0,14.6364,113.0,11.4545,113.0,3.18182,35.9672,8,3,0,0,4,8.93341,0.0507809,0.0205184,0.236153,0.0150952,True
aeeem,org::eclipse::mylyn::internal::tasks::ui::views::Messages,0,1,0,0,0,0,39,0,3.0,1.0,0,1,0,38.0,1,2.0,1.0,1,1,0,0,0,1,aeeem,org::eclipse::mylyn::internal::tasks::ui::views::Messages,-20.0,4,1,0,14.2857,6.0,26.0,0,5.0,1.5,14.0,6.5,0.0,-5.0,6.21429,3,1,0,0,1,0.0,0.0,0.0,0.0,0.0,True
aeeem,org::eclipse::mylyn::internal::context::core::CompositeContextElement,12,2,3,9,78,0,3,0,99.0,13.0,17,3,0,0.0,13,47.0,22.0,0,0,0,0,0,0,aeeem,org::eclipse::mylyn::internal::context::core::CompositeContextElement,24.0,23,2,0,139.714,106.0,82.0,4,19.0,4.6087,19.0,3.56522,6.0,1.04348,68.7062,18,7,0,0,11,20.0263,0.0243389,0.232607,9.70076,0.469356,True
aeeem,org::eclipse::mylyn::internal::web::tasks::WebQueryWizardPage,17,3,1,16,66,0,10,0,324.0,12.0,14,10,3,0.0,6,83.0,21.0,1,1,0,0,0,1,aeeem,org::eclipse::mylyn::internal::web::tasks::WebQueryWizardPage,102.0,31,4,1,92.4286,385.0,283.0,0,115.0,12.4194,71.0,9.12903,49.0,3.29032,29.0887,25,14,0,0,13,14.1081,0.104889,0.237279,9.57627,0.511593,True
aeeem,org::eclipse::mylyn::internal::web::tasks::WebTaskListMigrator,11,2,0,11,10,0,6,3,48.0,5.0,14,6,0,0.0,5,30.0,10.0,0,0,0,0,0,0,aeeem,org::eclipse::mylyn::internal::web::tasks::WebTaskListMigrator,3.0,3,2,0,40.1429,5.0,2.0,0,4.0,1.66667,1.0,0.666667,3.0,1.0,17.0857,2,1,0,0,2,1.84703,0.000948744,0.136921,9.09329,0.175609,True
aeeem,org::eclipse::mylyn::internal::bugzilla::ui::tasklist::BugzillaQueryTypeWizardPage,3,1,1,2,3,0,9,0,35.0,3.0,0,9,0,0.0,3,12.0,4.0,0,0,0,0,0,0,aeeem,org::eclipse::mylyn::internal::bugzilla::ui::tasklist::BugzillaQueryTypeWizardPage,4.0,20,3,0,152.714,47.0,43.0,0,6.0,2.35,5.0,2.15,3.0,0.2,60.3708,14,5,0,0,9,11.6425,0.0160803,0.170706,9.37683,0.251909,True
aeeem,org::eclipse::mylyn::internal::jira::ui::wizards::Messages,0,1,0,0,0,0,86,0,3.0,1.0,0,1,0,85.0,1,2.0,1.0,0,0,0,0,0,0,aeeem,org::eclipse::mylyn::internal::jira::ui::wizards::Messages,4.0,2,1,0,14.8571,4.0,0.0,0,4.0,2.0,0.0,0.0,4.0,2.0,7.0,2,1,0,0,0,0.0,0.0,0.0,0.0,0.0,True
aeeem,org::eclipse::mylyn::internal::tasks::bugs::wizards::FeatureStatus,1,1,1,0,1,0,1,7,7.0,2.0,31,1,0,0.0,2,2.0,2.0,0,0,0,0,0,0,aeeem,org::eclipse::mylyn::internal::tasks::bugs::wizards::FeatureStatus,6.0,9,2,0,47.5714,26.0,20.0,0,7.0,2.88889,7.0,2.22222,3.0,0.666667,15.7033,7,1,0,0,2,3.37801,0.00441341,0.154967,9.16485,0.247924,True
aeeem,org::eclipse::mylyn::internal::tasks::ui::actions::EditRepositoryPropertiesAction,1,2,1,0,6,0,1,0,19.0,4.0,6,1,0,0.0,4,8.0,5.0,0,0,0,0,0,0,aeeem,org::eclipse::mylyn::internal::tasks::ui::actions::EditRepositoryPropertiesAction,-3.0,18,3,0,139.571,122.0,125.0,0,50.0,6.77778,32.0,6.94444,36.0,-0.166667,55.959,15,5,0,0,7,12.7464,0.0764817,0.197587,9.45845,0.327487,True
aeeem,org::eclipse::mylyn::tasks::core::AbstractDuplicateDetector,2,1,2,0,15,1,2,0,15.0,6.0,9,2,0,0.0,6,6.0,5.0,0,0,0,0,0,0,aeeem,org::eclipse::mylyn::tasks::core::AbstractDuplicateDetector,-38.0,10,3,0,47.0,27.0,65.0,0,9.0,2.7,47.0,6.5,3.0,-3.8,6.33333,8,5,0,0,5,4.88878,0.00604616,0.166327,9.22338,0.29442,True
aeeem,org::eclipse::mylyn::internal::jira::core::wsdl::beans::RemotePriority,2,4,0,2,28,0,4,0,49.0,8.0,71,4,0,0.0,8,17.0,18.0,0,0,0,0,0,0,aeeem,org::eclipse::mylyn::internal::jira::core::wsdl::beans::RemotePriority,-14.0,9,2,0,110.714,130.0,144.0,0,102.0,14.4444,116.0,16.0,7.0,-1.55556,26.3725,7,4,1,1,5,5.94514,0.0101564,0.153982,9.22122,0.218565,True
aeeem,org::eclipse::mylyn::internal::provisional::tasks::core::TasksUtil,4,1,1,3,1,0,0,0,46.0,2.0,9,0,0,0.0,2,24.0,21.0,0,0,0,0,0,0,aeeem,org::eclipse::mylyn::internal::provisional::tasks::core::TasksUtil,3.0,4,1,0,14.5714,8.0,5.0,0,5.0,2.0,5.0,1.25,2.0,0.75,0.178571,2,0,0,0,0,0.0,0.0,0.0,0.0,0.0,True
aeeem,org::eclipse::mylyn::internal::wikitext::mediawiki::core::block::PreformattedBlock,5,3,1,4,6,0,1,4,24.0,4.0,43,1,0,0.0,4,16.0,12.0,0,0,0,0,0,0,aeeem,org::eclipse::mylyn::internal::wikitext::mediawiki::core::block::PreformattedBlock,-1.0,3,2,0,32.7143,4.0,5.0,0,3.0,1.33333,4.0,1.66667,0.0,-0.333333,4.5,3,3,0,0,0,1.49003,0.00119332,0.0435179,0.121386,0.116244,True
aeeem,org::eclipse::mylyn::internal::jira::core::model::filter::SingleIssueCollector,1,1,1,0,21,0,1,1,16.0,7.0,14,1,0,0.0,7,7.0,6.0,0,0,0,0,0,0,aeeem,org::eclipse::mylyn::internal::jira::core::model::filter::SingleIssueCollector,-2.0,10,3,0,110.714,30.0,32.0,0,9.0,3.0,10.0,3.2,9.0,-0.2,29.5762,7,3,0,0,5,9.18576,0.010569,0.162798,9.31033,0.228861,True
aeeem,org::eclipse::mylyn::internal::jira::core::AbstractComplexAttributeConverter,12,1,0,12,21,1,1,0,99.0,7.0,9,1,2,0.0,4,78.0,20.0,1,1,0,0,0,1,aeeem,org::eclipse::mylyn::internal::jira::core::AbstractComplexAttributeConverter,14.0,2,1,0,18.8571,17.0,3.0,0,17.0,8.5,3.0,1.5,14.0,7.0,3.14286,1,0,0,0,1,0.0,0.0,0.0,0.0,0.0,True
aeeem,org::eclipse::mylyn::monitor::internal::UsageStatistic,4,1,3,1,15,2,1,0,17.0,6.0,9,1,0,0.0,6,8.0,5.0,0,0,0,0,0,0,aeeem,org::eclipse::mylyn::monitor::internal::UsageStatistic,0.0,2,1,1,181.714,0.0,0.0,0,0.0,0.0,0.0,0.0,0.0,0.0,0.0,1,1,0,0,1,0.0,0.0,0.0,0.0,0.0,True
aeeem,org::eclipse::mylyn::internal::tasks::ui::util::TaskDragSourceListener,7,1,2,5,6,0,2,0,60.0,4.0,0,2,0,0.0,4,27.0,15.0,0,0,0,0,0,0,aeeem,org::eclipse::mylyn::internal::tasks::ui::util::TaskDragSourceListener,-37.0,19,3,0,57.8571,147.0,184.0,0,47.0,7.73684,82.0,9.68421,16.0,-1.94737,33.0709,16,6,0,0,10,8.13314,0.00687845,0.192985,9.35282,0.396627,True
aeeem,org::eclipse::mylyn::internal::tasks::ui::actions::NewCategoryAction,11,1,4,7,10,0,1,0,45.0,5.0,0,0,0,0.0,5,25.0,10.0,0,0,0,0,0,0,aeeem,org::eclipse::mylyn::internal::tasks::ui::actions::NewCategoryAction,42.0,24,3,0,139.571,111.0,69.0,0,25.0,4.625,10.0,2.875,24.0,1.75,63.8134,18,8,0,0,10,13.4695,0.038977,0.205043,9.49479,0.39991,True
aeeem,org::eclipse::mylyn::internal::monitor::usage::StudyParameters,7,1,7,0,190,0,10,0,78.0,20.0,9,10,0,0.0,20,20.0,29.0,0,0,0,0,0,0,aeeem,org::eclipse::mylyn::internal::monitor::usage::StudyParameters,-25.0,11,2,0,139.714,54.0,79.0,3,18.0,4.90909,40.0,7.18182,9.0,-2.27273,64.6376,6,3,0,0,6,6.5604,0.0182014,0.154469,9.23498,0.215535,True
aeeem,org::eclipse::mylyn::tasks::ui::wizards::AbstractTaskRepositoryPageContribution,9,1,6,3,136,1,6,0,42.0,17.0,9,6,0,0.0,12,21.0,12.0,0,0,0,0,0,0,aeeem,org::eclipse::mylyn::tasks::ui::wizards::AbstractTaskRepositoryPageContribution,10.0,3,2,0,19.0,13.0,3.0,0,12.0,4.33333,2.0,1.0,10.0,3.33333,10.0,2,0,0,0,1,0.0,0.0,0.0,0.0,0.0,True
aeeem,org::eclipse::mylyn::internal::tasks::ui::commands::OpenTaskAttachmentInBrowserHandler,1,1,0,1,0,0,0,0,12.0,1.0,0,0,0,0.0,1,5.0,3.0,0,0,0,0,0,0,aeeem,org::eclipse::mylyn::internal::tasks::ui::commands::OpenTaskAttachmentInBrowserHandler,4.0,7,2,0,45.7143,12.0,8.0,1,4.0,1.71429,3.0,1.14286,3.0,0.571429,9.61905,6,2,0,0,5,4.10346,0.00146892,0.157601,9.18766,0.259133,True
aeeem,org::eclipse::mylyn::internal::wikitext::ui::editor::actions::ExpandAllFoldingRulerAction,1,1,0,1,0,0,0,0,6.0,1.0,0,0,0,0.0,0,4.0,1.0,1,0,0,0,0,1,aeeem,org::eclipse::mylyn::internal::wikitext::ui::editor::actions::ExpandAllFoldingRulerAction,0.0,2,1,1,9.0,1.0,1.0,0,1.0,0.5,1.0,0.5,0.0,0.0,0.285714,1,0,0,0,0,0.0,0.0,0.0,0.0,0.0,True
aeeem,org::eclipse::mylyn::tasks::core::data::TaskAttributeMapper,69,1,57,16,496,5,1,0,194.0,32.0,9,1,0,0.0,32,129.0,48.0,0,0,0,0,0,0,aeeem,org::eclipse::mylyn::tasks::core::data::TaskAttributeMapper,53.0,20,2,0,46.5714,236.0,183.0,1,98.0,11.8,90.0,9.15,26.0,2.65,2.9655,11,7,0,0,7,7.39043,0.0214092,0.205018,9.35739,0.437333,True
aeeem,org::eclipse::mylyn::internal::jira::core::wsdl::beans::RemoteNamedObject,1,3,0,1,15,0,3,0,38.0,6.0,52,3,0,0.0,6,10.0,11.0,0,0,0,0,0,0,aeeem,org::eclipse::mylyn::internal::jira::core::wsdl::beans::RemoteNamedObject,-5.0,9,2,0,110.714,99.0,104.0,0,71.0,11.0,76.0,11.5556,7.0,-0.555556,28.189,7,4,1,1,5,5.94514,0.00770635,0.153982,9.22122,0.218565,True
aeeem,org::eclipse::mylyn::internal::monitor::usage::collectors::PerspectiveUsageCollector,9,1,1,8,15,0,4,0,95.0,6.0,14,4,1,0.0,5,52.0,13.0,0,0,0,0,0,0,aeeem,org::eclipse::mylyn::internal::monitor::usage::collectors::PerspectiveUsageCollector,19.0,9,2,0,109.857,67.0,48.0,1,42.0,7.44444,29.0,5.33333,13.0,2.11111,32.5885,7,3,1,0,6,6.7028,0.0145894,0.155439,9.24064,0.217847,True
aeeem,org::eclipse::mylyn::wikitext::ui::viewer::MarkupTextPresenter,2,2,0,2,3,0,1,0,19.0,3.0,12,1,0,0.0,3,9.0,6.0,0,0,0,0,0,0,aeeem,org::eclipse::mylyn::wikitext::ui::viewer::MarkupTextPresenter,1.0,5,2,1,32.7143,8.0,7.0,0,5.0,1.6,5.0,1.4,1.0,0.2,10.5357,4,4,0,0,0,1.49003,0.00170474,0.0435179,0.121386,0.116244,True
aeeem,org::eclipse::mylyn::wikitext::ui::commands::ConvertMarkupToEclipseHelp,12,3,0,12,0,0,0,1,76.0,1.0,5,0,0,0.0,0,37.0,2.0,1,0,0,0,0,1,aeeem,org::eclipse::mylyn::wikitext::ui::commands::ConvertMarkupToEclipseHelp,4.0,5,2,1,32.7143,31.0,27.0,0,15.0,6.2,14.0,5.4,2.0,0.8,8.15668,4,4,0,0,0,1.49003,0.00494376,0.0435179,0.121386,0.116244,True
aeeem,org::eclipse::mylyn::internal::java::ui::JavaStructureBridge,19,2,5,14,136,0,1,1,286.0,17.0,23,0,3,0.0,14,101.0,73.0,0,0,0,0,0,0,aeeem,org::eclipse::mylyn::internal::java::ui::JavaStructureBridge,27.0,25,2,1,92.4286,163.0,136.0,1,32.0,6.52,25.0,5.44,17.0,1.08,34.1919,18,5,1,1,12,14.2343,0.0325057,0.21783,9.54241,0.453972,True
aeeem,org::eclipse::mylyn::bugzilla::deprecated::BugzillaTask,4,4,2,2,36,0,2,2,29.0,9.0,170,2,0,0.0,9,12.0,9.0,0,0,0,0,0,0,aeeem,org::eclipse::mylyn::bugzilla::deprecated::BugzillaTask,1.0,3,3,0,39.5714,5.0,4.0,0,5.0,1.66667,4.0,1.33333,1.0,0.333333,13.0,3,1,0,0,3,1.84703,0.00170774,0.136921,9.09329,0.175609,True
aeeem,org::eclipse::mylyn::internal::wikitext::tasks::ui::ActiveFoldingListener,9,2,2,7,28,0,6,0,74.0,8.0,17,6,1,0.0,7,41.0,19.0,1,1,0,0,0,1,aeeem,org::eclipse::mylyn::internal::wikitext::tasks::ui::ActiveFoldingListener,-1.0,2,1,0,8.0,20.0,21.0,0,20.0,10.0,21.0,10.5,0.0,-0.5,0.285714,2,1,0,0,0,0.0,0.0,0.0,0.0,0.0,True
aeeem,org::eclipse::mylyn::internal::xplanner::ui::XPlannerAttributeMapper,17,2,9,8,66,0,25,0,107.0,12.0,41,5,0,0.0,11,39.0,33.0,1,1,0,0,0,1,aeeem,org::eclipse::mylyn::internal::xplanner::ui::XPlannerAttributeMapper,0.0,1,1,0,6.42857,0.0,0.0,0,0.0,0.0,0.0,0.0,0.0,0.0,0.0,1,1,1,0,1,0.0,0.0,0.0,0.0,0.0,True
aeeem,org::eclipse::mylyn::internal::wikitext::twiki::core::block::HorizontalRuleBlock,5,3,1,4,3,0,2,4,14.0,3.0,43,2,0,0.0,3,7.0,3.0,0,0,0,0,0,0,aeeem,org::eclipse::mylyn::internal::wikitext::twiki::core::block::HorizontalRuleBlock,0.0,2,1,0,23.8571,2.0,2.0,0,2.0,1.0,2.0,1.0,0.0,0.0,4.0,2,1,0,0,0,0.0,0.0,0.0,0.0,0.0,True
aeeem,org::eclipse::mylyn::internal::bugzilla::ui::tasklist::BugzillaTaskListMigrator,4,2,0,4,10,0,3,3,30.0,5.0,14,3,0,0.0,5,23.0,9.0,0,0,0,0,0,0,aeeem,org::eclipse::mylyn::internal::bugzilla::ui::tasklist::BugzillaTaskListMigrator,1.0,8,3,0,42.0,26.0,25.0,0,7.0,3.25,12.0,3.125,4.0,0.125,5.98901,5,2,0,0,4,4.15475,0.00383876,0.162734,9.19857,0.279504,True
aeeem,org::eclipse::mylyn::internal::wikitext::ui::editor::FoldingStructure,4,1,1,4,28,0,2,0,144.0,8.0,15,0,0,2.0,8,50.0,34.0,0,0,0,0,0,0,aeeem,org::eclipse::mylyn::internal::wikitext::ui::editor::FoldingStructure,55.0,4,1,1,8.71429,65.0,10.0,0,30.0,16.25,9.0,2.5,30.0,13.75,2.38462,3,2,1,0,0,0.0,0.0,0.0,0.0,0.0,True
aeeem,org::eclipse::mylyn::internal::tasks::ui::editors::PersonAttributeEditor,6,3,1,5,3,0,0,0,15.0,3.0,37,0,0,0.0,3,15.0,5.0,0,0,0,0,0,0,aeeem,org::eclipse::mylyn::internal::tasks::ui::editors::PersonAttributeEditor,15.0,6,2,0,47.1429,22.0,7.0,0,14.0,3.66667,2.0,1.16667,12.0,2.5,22.1429,5,1,0,0,4,3.32672,0.0013172,0.149833,9.15394,0.227553,True
aeeem,org::eclipse::mylyn::internal::jira::core::service::soap::JiraSoapConverter,4,1,1,3,0,0,0,0,10.0,1.0,9,0,0,0.0,0,6.0,2.0,0,0,0,0,0,0,aeeem,org::eclipse::mylyn::internal::jira::core::service::soap::JiraSoapConverter,79.0,11,2,0,54.0,107.0,28.0,0,32.0,9.72727,11.0,2.54545,32.0,7.18182,36.6849,9,6,0,0,6,4.53504,0.00416094,0.158841,9.20046,0.262451,True
aeeem,org::eclipse::mylyn::internal::tasks::ui::util::ImportExportUtil,6,1,3,3,1,0,0,0,22.0,2.0,9,0,0,0.0,2,13.0,6.0,1,0,0,0,0,1,aeeem,org::eclipse::mylyn::internal::tasks::ui::util::ImportExportUtil,0.0,1,1,0,6.71429,0.0,0.0,0,0.0,0.0,0.0,0.0,0.0,0.0,0.0,1,0,0,0,0,0.0,0.0,0.0,0.0,0.0,True
aeeem,org::eclipse::mylyn::internal::tasks::ui::editors::PlanningPageFactory,2,2,0,2,10,0,0,4,15.0,5.0,17,0,0,0.0,5,7.0,5.0,0,0,0,0,0,0,aeeem,org::eclipse::mylyn::internal::tasks::ui::editors::PlanningPageFactory,3.0,8,2,0,50.4286,12.0,9.0,0,4.0,1.5,2.0,1.125,3.0,0.375,17.631,6,1,0,0,4,4.85769,0.00179944,0.16788,9.2255,0.299868,True
aeeem,org::eclipse::mylyn::internal::bugzilla::ui::search::Messages,0,1,0,0,0,0,44,0,3.0,1.0,0,1,0,43.0,1,2.0,1.0,0,0,0,0,0,0,aeeem,org::eclipse::mylyn::internal::bugzilla::ui::search::Messages,14.0,4,2,2,13.0,20.0,6.0,0,18.0,5.0,2.0,1.5,16.0,3.5,2.31429,2,1,0,0,1,0.0,0.0,0.0,0.0,0.0,True
aeeem,org::eclipse::mylyn::internal::trac::core::model::TracVersion,4,2,4,0,10,0,3,0,15.0,5.0,22,3,0,0.0,5,5.0,5.0,0,0,0,0,0,0,aeeem,org::eclipse::mylyn::internal::trac::core::model::TracVersion,3.0,7,2,0,133.0,9.0,6.0,0,4.0,1.28571,1.0,0.857143,3.0,0.428571,92.7936,4,2,0,0,4,6.1139,0.00194228,0.163121,9.24272,0.258504,True
aeeem,org::eclipse::mylyn::internal::tasks::bugs::KeyValueMapping,2,2,1,1,210,0,1,0,79.0,21.0,54,1,0,0.0,21,25.0,21.0,0,0,0,0,0,0,aeeem,org::eclipse::mylyn::internal::tasks::bugs::KeyValueMapping,0.0,0,0,0,0.0,0.0,0.0,0,0.0,0.0,0.0,0.0,0.0,0.0,0.0,0,0,0,0,0,0.0,0.0,0.0,0.0,0.0,True
aeeem,org::eclipse::mylyn::tasks::ui::editors::TaskFormPage,1,1,1,0,1,2,0,0,5.0,2.0,0,0,0,0.0,1,2.0,2.0,0,0,0,0,0,0,aeeem,org::eclipse::mylyn::tasks::ui::editors::TaskFormPage,-664.0,32,3,1,118.714,272.0,936.0,0,72.0,8.5,723.0,29.25,27.0,-20.75,52.6838,20,3,0,0,8,15.6422,0.0941718,0.0739611,0.507632,0.212822,True
aeeem,org::eclipse::mylyn::internal::tasks::ui::editors::RepositoryTaskEditorCopyAction,0,1,0,0,3,0,2,0,12.0,3.0,0,2,0,0.0,3,6.0,3.0,0,0,0,0,0,0,aeeem,org::eclipse::mylyn::internal::tasks::ui::editors::RepositoryTaskEditorCopyAction,0.0,2,2,0,139.571,0.0,0.0,0,0.0,0.0,0.0,0.0,0.0,0.0,0.0,2,1,0,0,2,0.0,0.0,0.0,0.0,0.0,True
aeeem,org::eclipse::mylyn::internal::context::ui::ContextPerspectiveManager,4,1,1,4,153,0,3,0,125.0,18.0,13,3,4,0.0,14,55.0,32.0,0,0,0,0,0,0,aeeem,org::eclipse::mylyn::internal::context::ui::ContextPerspectiveManager,122.0,27,3,0,119.429,282.0,160.0,1,80.0,10.4444,35.0,5.92593,78.0,4.51852,47.8065,19,7,0,0,10,13.1661,0.0740562,0.198514,9.47561,0.370632,True
aeeem,org::eclipse::mylyn::internal::tasks::ui::editors::FillWidthLayout,4,1,3,1,36,0,8,0,115.0,9.0,0,8,1,0.0,6,28.0,25.0,0,0,0,0,0,0,aeeem,org::eclipse::mylyn::internal::tasks::ui::editors::FillWidthLayout,32.0,6,1,0,23.8571,65.0,33.0,0,22.0,10.8333,14.0,5.5,14.0,5.33333,4.93846,2,2,0,0,1,0.0,0.0,0.0,0.0,0.0,True
aeeem,org::eclipse::mylyn::internal::tasks::ui::preferences::TasksUiPreferencePage,14,1,5,9,153,0,17,0,575.0,18.0,0,16,10,0.0,7,104.0,35.0,1,1,0,0,0,1,aeeem,org::eclipse::mylyn::internal::tasks::ui::preferences::TasksUiPreferencePage,169.0,34,3,2,92.5714,779.0,610.0,1,189.0,22.9118,98.0,17.9412,91.0,4.97059,38.8557,27,10,1,0,11,12.6528,0.123109,0.23184,9.53441,0.486868,True
aeeem,org::eclipse::mylyn::internal::bugzilla::ui::BugzillaUiExtensionReader,6,1,1,5,1,0,12,0,38.0,2.0,9,1,1,0.0,1,18.0,7.0,0,0,0,0,0,0,aeeem,org::eclipse::mylyn::internal::bugzilla::ui::BugzillaUiExtensionReader,-1.0,13,3,0,67.5714,39.0,40.0,0,15.0,3.0,15.0,3.07692,3.0,-0.0769231,36.6264,10,2,0,0,7,7.04133,0.00441852,0.180812,9.30286,0.345786,True
aeeem,org::eclipse::mylyn::internal::jira::ui::wizards::Placeholder,2,1,2,0,1,0,1,0,6.0,2.0,9,1,0,0.0,2,2.0,2.0,0,0,0,0,0,0,aeeem,org::eclipse::mylyn::internal::jira::ui::wizards::Placeholder,0.0,2,1,0,138.143,0.0,0.0,1,0.0,0.0,0.0,0.0,0.0,0.0,0.0,2,2,0,0,1,0.0,0.0,0.0,0.0,0.0,True
aeeem,org::eclipse::mylyn::internal::tasks::core::LocalRepositoryConnector,0,2,0,0,91,0,5,0,48.0,14.0,36,0,0,0.0,14,14.0,14.0,0,0,0,0,0,0,aeeem,org::eclipse::mylyn::internal::tasks::core::LocalRepositoryConnector,-14.0,29,3,2,91.8571,112.0,126.0,0,15.0,3.86207,27.0,4.34483,10.0,-0.482759,36.4247,23,8,0,0,17,9.21233,0.0122016,0.191901,9.37407,0.376077,True
aeeem,org::eclipse::mylyn::internal::wikitext::ui::editor::dnd::OutlineDragSourceListener,1,1,1,0,10,0,1,0,14.0,5.0,9,1,0,0.0,5,8.0,5.0,0,0,0,0,0,0,aeeem,org::eclipse::mylyn::internal::wikitext::ui::editor::dnd::OutlineDragSourceListener,0.0,1,1,0,7.71429,0.0,0.0,0,0.0,0.0,0.0,0.0,0.0,0.0,0.0,1,1,0,0,0,0.0,0.0,0.0,0.0,0.0,True
aeeem,org::eclipse::mylyn::internal::context::core::SaxContextReader,12,1,2,10,3,0,1,0,50.0,3.0,10,1,0,0.0,3,24.0,7.0,1,1,0,0,0,1,aeeem,org::eclipse::mylyn::internal::context::core::SaxContextReader,38.0,26,3,0,109.857,214.0,176.0,3,56.0,8.23077,56.0,6.76923,56.0,1.46154,41.0794,20,7,1,0,12,16.8,0.0568554,0.220625,9.60346,0.442727,True
aeeem,org::eclipse::mylyn::internal::jira::core::model::filter::UserInGroupFilter,2,2,2,0,3,0,2,0,11.0,3.0,19,2,0,0.0,2,4.0,3.0,0,0,0,0,0,0,aeeem,org::eclipse::mylyn::internal::jira::core::model::filter::UserInGroupFilter,2.0,7,1,0,110.714,10.0,8.0,0,5.0,1.42857,4.0,1.14286,4.0,0.285714,58.7,4,2,0,0,3,4.58293,0.00233384,0.145075,9.17116,0.186189,True
aeeem,org::eclipse::mylyn::internal::wikitext::tasks::ui::ActiveFoldingEditorTracker,3,3,1,2,10,0,1,0,35.0,5.0,24,1,0,0.0,2,18.0,9.0,0,0,0,0,0,0,aeeem,org::eclipse::mylyn::internal::wikitext::tasks::ui::ActiveFoldingEditorTracker,0.0,1,1,0,8.0,0.0,0.0,0,0.0,0.0,0.0,0.0,0.0,0.0,0.0,1,0,0,0,0,0.0,0.0,0.0,0.0,0.0,True
aeeem,org::eclipse::mylyn::tasks::core::data::TaskDataCollector,14,1,14,0,1,8,1,0,0.0,2.0,9,0,0,0.0,2,2.0,0.0,0,0,0,0,0,0,aeeem,org::eclipse::mylyn::tasks::core::data::TaskDataCollector,-6.0,5,2,0,46.5714,8.0,14.0,0,4.0,1.6,12.0,2.8,3.0,-1.2,15.0357,4,2,0,0,3,4.10346,0.00180331,0.157601,9.18766,0.259133,True
aeeem,org::eclipse::mylyn::internal::wikitext::ui::editor::validation::DocumentRegionValidator,9,1,3,6,55,2,4,0,63.0,11.0,9,0,0,0.0,7,32.0,18.0,1,0,0,0,0,1,aeeem,org::eclipse::mylyn::internal::wikitext::ui::editor::validation::DocumentRegionValidator,10.0,5,2,1,32.7143,38.0,28.0,0,33.0,7.6,23.0,5.6,10.0,2.0,4.01504,4,4,0,0,0,1.49003,0.00954656,0.0435179,0.121386,0.116244,True
aeeem,org::eclipse::mylyn::internal::tasks::ui::notifications::TaskListNotification,11,2,3,8,105,2,5,0,106.0,15.0,27,3,0,0.0,14,36.0,37.0,0,0,0,0,0,0,aeeem,org::eclipse::mylyn::internal::tasks::ui::notifications::TaskListNotification,55.0,17,2,0,66.8571,123.0,68.0,0,38.0,7.23529,19.0,4.0,23.0,3.23529,13.0348,13,3,0,0,7,11.7568,0.0429986,0.221603,9.49362,0.490318,True
aeeem,org::eclipse::mylyn::tasks::core::data::TaskCommentMapper,13,1,8,6,105,0,6,0,91.0,15.0,9,6,0,0.0,15,52.0,27.0,0,0,0,0,0,0,aeeem,org::eclipse::mylyn::tasks::core::data::TaskCommentMapper,16.0,15,3,0,45.2857,72.0,56.0,0,18.0,4.8,9.0,3.73333,11.0,1.06667,3.9504,6,5,0,0,6,5.59876,0.00938847,0.179372,9.2653,0.344852,True
